Date,Open,High,Low,Close
2016-01-01,0.7286,0.7304,0.7286,0.7303
2016-01-04,0.7287,0.7305,0.7156,0.7191
2016-01-05,0.7191,0.7215,0.7132,0.7161
2016-01-06,0.7161,0.7172,0.7049,0.7072
2016-01-07,0.7072,0.7086,0.6981,0.7012
2016-01-08,0.7012,0.7077,0.6951,0.6953
2016-01-11,0.6968,0.7036,0.6928,0.6995
2016-01-12,0.6995,0.7021,0.694,0.6986
2016-01-13,0.6986,0.7049,0.695,0.6955
2016-01-14,0.6956,0.6997,0.691,0.6985
2016-01-15,0.6985,0.7002,0.6827,0.6864
2016-01-18,0.6851,0.6928,0.6831,0.6866
2016-01-19,0.6866,0.6957,0.6839,0.6909
2016-01-20,0.6909,0.6926,0.6828,0.6908
2016-01-21,0.6908,0.7018,0.6876,0.6999
2016-01-22,0.6999,0.7046,0.6986,0.7002
2016-01-25,0.6994,0.7032,0.695,0.6955
2016-01-26,0.6955,0.7021,0.6919,0.7005
2016-01-27,0.7005,0.7082,0.6992,0.7027
2016-01-28,0.7027,0.7129,0.7008,0.7084
2016-01-29,0.7084,0.7141,0.7059,0.7084
2016-02-01,0.7083,0.7121,0.7043,0.7114
2016-02-02,0.7114,0.7129,0.7034,0.7039
2016-02-03,0.7039,0.7189,0.7003,0.7169
2016-02-04,0.7169,0.7243,0.7154,0.7201
2016-02-05,0.72,0.7219,0.7064,0.7067
2016-02-08,0.7072,0.7129,0.7051,0.7087
2016-02-09,0.7087,0.7096,0.6974,0.707
2016-02-10,0.707,0.7125,0.7038,0.7095
2016-02-11,0.7095,0.7153,0.6984,0.7109
2016-02-12,0.7109,0.7129,0.7064,0.7112
2016-02-15,0.7109,0.7172,0.7099,0.7139
2016-02-16,0.7139,0.7182,0.7082,0.7111
2016-02-17,0.7111,0.7187,0.7084,0.7185
2016-02-18,0.7185,0.7185,0.7133,0.7157
2016-02-19,0.7157,0.7162,0.7069,0.7148
2016-02-22,0.7152,0.7247,0.7136,0.7227
2016-02-23,0.7227,0.7259,0.72,0.7202
2016-02-24,0.7202,0.7213,0.7146,0.7196
2016-02-25,0.7196,0.7244,0.7157,0.7236
2016-02-26,0.7236,0.7257,0.7118,0.7126
2016-02-29,0.7132,0.7168,0.7109,0.7141
2016-03-01,0.7141,0.7192,0.7109,0.7175
2016-03-02,0.7175,0.7301,0.7165,0.7295
2016-03-03,0.7295,0.7374,0.7282,0.7352
2016-03-04,0.7352,0.7443,0.734,0.7439
2016-03-07,0.7422,0.7485,0.7393,0.7469
2016-03-08,0.7469,0.7473,0.741,0.7439
2016-03-09,0.7439,0.7528,0.7412,0.7486
2016-03-10,0.7486,0.7512,0.7427,0.7454
2016-03-11,0.7454,0.7584,0.7447,0.7565
2016-03-14,0.7559,0.7594,0.7492,0.7515
2016-03-15,0.7515,0.7528,0.7445,0.7457
2016-03-16,0.7458,0.7561,0.7415,0.7553
2016-03-17,0.7553,0.7657,0.7534,0.7649
2016-03-18,0.7649,0.768,0.7595,0.7608
2016-03-21,0.7612,0.7627,0.7569,0.7578
2016-03-22,0.7578,0.7643,0.7551,0.7622
2016-03-23,0.7622,0.7649,0.752,0.7532
2016-03-24,0.7532,0.7538,0.7477,0.7528
2016-03-25,0.7528,0.7535,0.75,0.7507
2016-03-28,0.7509,0.7558,0.7493,0.7545
2016-03-29,0.7545,0.7645,0.751,0.7627
2016-03-30,0.7628,0.7709,0.7615,0.7671
2016-03-31,0.7671,0.7723,0.7635,0.7657
2016-04-01,0.7657,0.7701,0.7599,0.7677
2016-04-04,0.7676,0.7679,0.7599,0.7605
2016-04-05,0.7605,0.7632,0.751,0.7543
2016-04-06,0.7544,0.7619,0.7533,0.7599
2016-04-07,0.7599,0.7637,0.7492,0.7505
2016-04-08,0.7505,0.7579,0.75,0.7556
2016-04-11,0.7551,0.763,0.7528,0.7595
2016-04-12,0.7595,0.769,0.7584,0.7684
2016-04-13,0.7684,0.7716,0.7634,0.7653
2016-04-14,0.7653,0.7737,0.7619,0.7695
2016-04-15,0.7695,0.7734,0.7681,0.7725
2016-04-18,0.7644,0.7759,0.7593,0.775
2016-04-19,0.775,0.7826,0.7746,0.7813
2016-04-20,0.7813,0.7829,0.7767,0.7794
2016-04-21,0.7794,0.7835,0.7733,0.7738
2016-04-22,0.7738,0.7774,0.7694,0.7708
2016-04-25,0.7708,0.7729,0.7691,0.7715
2016-04-26,0.7715,0.7765,0.7697,0.7749
2016-04-27,0.7749,0.7765,0.7549,0.7591
2016-04-28,0.7591,0.7658,0.7576,0.7625
2016-04-29,0.7625,0.7669,0.7587,0.7603
2016-05-02,0.7606,0.7672,0.7593,0.7667
2016-05-03,0.7667,0.7719,0.7484,0.7485
2016-05-04,0.7484,0.7517,0.7447,0.7457
2016-05-05,0.7457,0.7514,0.7453,0.7465
2016-05-06,0.7465,0.7478,0.7338,0.7366
2016-05-09,0.7362,0.7385,0.7308,0.7316
2016-05-10,0.7316,0.7374,0.73,0.7363
2016-05-11,0.7363,0.7402,0.7336,0.7375
2016-05-12,0.7375,0.738,0.731,0.7325
2016-05-13,0.7325,0.7326,0.7254,0.7271
2016-05-16,0.7255,0.7309,0.7237,0.7289
2016-05-17,0.7289,0.7366,0.7282,0.7325
2016-05-18,0.7325,0.7332,0.7222,0.7229
2016-05-19,0.7229,0.7242,0.7176,0.7228
2016-05-20,0.7228,0.725,0.7212,0.7222
2016-05-23,0.7226,0.726,0.7195,0.7224
2016-05-24,0.7224,0.7228,0.7145,0.7183
2016-05-25,0.7183,0.7219,0.7174,0.7198
2016-05-26,0.7198,0.7244,0.7162,0.7226
2016-05-27,0.7226,0.7235,0.7172,0.7182
2016-05-30,0.7184,0.7188,0.7149,0.7183
2016-05-31,0.7183,0.7267,0.7181,0.7234
2016-06-01,0.7234,0.7299,0.7227,0.7257
2016-06-02,0.7257,0.727,0.7202,0.7229
2016-06-03,0.7229,0.7369,0.7219,0.7367
2016-06-06,0.7352,0.7391,0.7315,0.7366
2016-06-07,0.7366,0.7464,0.736,0.7459
2016-06-08,0.7459,0.7482,0.7431,0.7471
2016-06-09,0.7471,0.7505,0.7421,0.7431
2016-06-10,0.7431,0.7438,0.737,0.7373
2016-06-13,0.7393,0.7411,0.7359,0.7387
2016-06-14,0.7387,0.7405,0.7331,0.7358
2016-06-15,0.7358,0.7446,0.7334,0.7407
2016-06-16,0.7407,0.744,0.7286,0.7363
2016-06-17,0.7363,0.7411,0.7361,0.7387
2016-06-20,0.7394,0.7481,0.7386,0.7457
2016-06-21,0.7457,0.7513,0.7447,0.745
2016-06-22,0.745,0.7527,0.7442,0.7501
2016-06-23,0.7501,0.7616,0.7496,0.7613
2016-06-24,0.7613,0.7648,0.7306,0.7466
2016-06-27,0.7456,0.7459,0.7325,0.733
2016-06-28,0.733,0.7415,0.733,0.7386
2016-06-29,0.7386,0.7456,0.7381,0.7451
2016-06-30,0.7451,0.7473,0.7372,0.7451
2016-07-01,0.7451,0.7503,0.7437,0.7498
2016-07-04,0.7447,0.7545,0.7441,0.7538
2016-07-05,0.7538,0.7545,0.7454,0.7463
2016-07-06,0.7463,0.7529,0.7408,0.752
2016-07-07,0.752,0.7539,0.7467,0.7479
2016-07-08,0.7479,0.7574,0.7471,0.7569
2016-07-11,0.7562,0.7576,0.7522,0.7532
2016-07-12,0.7532,0.7658,0.7531,0.7623
2016-07-13,0.7623,0.7638,0.7578,0.7608
2016-07-14,0.7608,0.7653,0.7591,0.7632
2016-07-15,0.7632,0.7676,0.7561,0.7578
2016-07-18,0.758,0.7607,0.7563,0.7591
2016-07-19,0.7591,0.7592,0.7476,0.7504
2016-07-20,0.7504,0.7517,0.7462,0.7478
2016-07-21,0.7478,0.7514,0.7454,0.7495
2016-07-22,0.7495,0.7508,0.7443,0.7462
2016-07-25,0.7468,0.7492,0.7455,0.747
2016-07-26,0.747,0.754,0.7463,0.7502
2016-07-27,0.7502,0.7566,0.7421,0.7491
2016-07-28,0.7491,0.7549,0.7487,0.7503
2016-07-29,0.7503,0.761,0.7493,0.7596
2016-08-01,0.7591,0.7615,0.7529,0.7536
2016-08-02,0.7536,0.7638,0.7491,0.7609
2016-08-03,0.7608,0.7616,0.7568,0.7588
2016-08-04,0.7588,0.7641,0.7584,0.7628
2016-08-05,0.7628,0.7664,0.7598,0.7619
2016-08-08,0.7617,0.7672,0.7598,0.7651
2016-08-09,0.7651,0.7687,0.7622,0.7673
2016-08-10,0.7673,0.7756,0.7662,0.7703
2016-08-11,0.7703,0.775,0.7692,0.7699
2016-08-12,0.7699,0.7725,0.7646,0.7652
2016-08-15,0.766,0.7692,0.7637,0.7674
2016-08-16,0.7674,0.7749,0.7654,0.7695
2016-08-17,0.7695,0.7708,0.761,0.7655
2016-08-18,0.7655,0.7723,0.7649,0.7686
2016-08-19,0.7686,0.7691,0.7599,0.7627
2016-08-22,0.7607,0.764,0.7584,0.7626
2016-08-23,0.7626,0.7655,0.7614,0.7615
2016-08-24,0.7615,0.7634,0.7589,0.7613
2016-08-25,0.7613,0.7639,0.7602,0.7618
2016-08-26,0.7617,0.7692,0.7551,0.7564
2016-08-29,0.7564,0.7582,0.7525,0.7569
2016-08-30,0.7569,0.758,0.7501,0.7509
2016-08-31,0.7509,0.7533,0.749,0.7517
2016-09-01,0.7518,0.7559,0.7505,0.7551
2016-09-02,0.7551,0.7616,0.7536,0.7573
2016-09-05,0.7571,0.7606,0.7563,0.7582
2016-09-06,0.7583,0.7688,0.7581,0.7687
2016-09-07,0.7687,0.7698,0.7651,0.7673
2016-09-08,0.7673,0.7732,0.7637,0.7643
2016-09-09,0.7643,0.7657,0.7538,0.7541
2016-09-12,0.7543,0.7567,0.7494,0.7566
2016-09-13,0.7566,0.7568,0.7442,0.7464
2016-09-14,0.7464,0.7496,0.7451,0.7469
2016-09-15,0.7469,0.7523,0.7446,0.7515
2016-09-16,0.7515,0.7527,0.7475,0.7491
2016-09-19,0.7491,0.7573,0.7474,0.7534
2016-09-20,0.7534,0.7565,0.7531,0.7556
2016-09-21,0.7556,0.763,0.7535,0.7624
2016-09-22,0.7624,0.7675,0.7608,0.7643
2016-09-23,0.7643,0.7653,0.7609,0.7623
2016-09-26,0.7623,0.7649,0.7603,0.7636
2016-09-27,0.7636,0.7696,0.7612,0.7667
2016-09-28,0.7667,0.7693,0.7645,0.7692
2016-09-29,0.7692,0.771,0.7623,0.7636
2016-09-30,0.7636,0.7672,0.759,0.7664
2016-10-03,0.7658,0.7681,0.7641,0.7675
2016-10-04,0.7675,0.7691,0.7608,0.762
2016-10-05,0.762,0.7645,0.7593,0.7622
2016-10-06,0.7622,0.7624,0.7562,0.7585
2016-10-07,0.7585,0.7624,0.7553,0.7582
2016-10-10,0.7575,0.7628,0.7573,0.7607
2016-10-11,0.7607,0.7616,0.7534,0.7539
2016-10-12,0.7539,0.7593,0.7535,0.7562
2016-10-13,0.7562,0.7582,0.7507,0.7569
2016-10-14,0.7569,0.7648,0.7556,0.7618
2016-10-17,0.7623,0.7633,0.7581,0.7629
2016-10-18,0.7629,0.769,0.7625,0.7666
2016-10-19,0.7666,0.7729,0.7659,0.7722
2016-10-20,0.7722,0.7734,0.7621,0.7627
2016-10-21,0.7627,0.7651,0.7588,0.7608
2016-10-24,0.7605,0.7641,0.7591,0.7611
2016-10-25,0.7611,0.7655,0.7589,0.7646
2016-10-26,0.7646,0.7709,0.7631,0.7651
2016-10-27,0.7651,0.7652,0.7582,0.7589
2016-10-28,0.7589,0.7608,0.7558,0.7599
2016-10-31,0.7596,0.7619,0.7582,0.7609
2016-11-01,0.7609,0.7689,0.7598,0.7652
2016-11-02,0.7652,0.7678,0.7613,0.7661
2016-11-03,0.7661,0.7688,0.7637,0.7682
2016-11-04,0.7682,0.7697,0.7652,0.7673
2016-11-07,0.7674,0.7729,0.7659,0.7728
2016-11-08,0.7728,0.7778,0.7689,0.7762
2016-11-09,0.7762,0.7772,0.758,0.7635
2016-11-10,0.7635,0.7742,0.7568,0.7613
2016-11-11,0.7613,0.763,0.7525,0.7546
2016-11-14,0.7533,0.7566,0.752,0.7554
2016-11-15,0.7554,0.7581,0.7512,0.7559
2016-11-16,0.7559,0.7571,0.746,0.748
2016-11-17,0.748,0.7501,0.7397,0.7406
2016-11-18,0.7406,0.7418,0.733,0.7338
2016-11-21,0.7343,0.7382,0.7311,0.7369
2016-11-22,0.7369,0.7414,0.7364,0.7402
2016-11-23,0.7402,0.7445,0.7373,0.7385
2016-11-24,0.7385,0.7418,0.7365,0.7408
2016-11-25,0.7408,0.7468,0.7401,0.7443
2016-11-28,0.7443,0.7494,0.7433,0.7482
2016-11-29,0.7482,0.7497,0.7433,0.7484
2016-11-30,0.7484,0.7497,0.7374,0.7385
2016-12-01,0.7385,0.7422,0.7371,0.7415
2016-12-02,0.7415,0.7469,0.7401,0.7457
2016-12-05,0.7453,0.7498,0.7413,0.7472
2016-12-06,0.7472,0.7483,0.7431,0.7461
2016-12-07,0.7462,0.7483,0.7417,0.7482
2016-12-08,0.7482,0.7508,0.7429,0.7463
2016-12-09,0.7463,0.7496,0.7435,0.7449
2016-12-12,0.745,0.7504,0.7431,0.7497
2016-12-13,0.7497,0.7523,0.7476,0.75
2016-12-14,0.7499,0.7525,0.7395,0.7406
2016-12-15,0.7406,0.7431,0.7338,0.7358
2016-12-16,0.7358,0.737,0.7266,0.7304
2016-12-19,0.7292,0.7313,0.7242,0.7245
2016-12-20,0.7246,0.7263,0.7223,0.7259
2016-12-21,0.7259,0.728,0.7235,0.7238
2016-12-22,0.7238,0.7258,0.7198,0.7217
2016-12-23,0.7217,0.7228,0.716,0.7176
2016-12-26,0.7173,0.7232,0.7164,0.7192
2016-12-27,0.7192,0.7197,0.7173,0.7185
2016-12-28,0.7185,0.722,0.7164,0.7177
2016-12-29,0.7177,0.7223,0.717,0.7219
2016-12-30,0.7219,0.7246,0.7199,0.7208
2017-01-02,0.722,0.7221,0.7166,0.7184
2017-01-03,0.7184,0.7241,0.7183,0.7219
2017-01-04,0.7219,0.7287,0.7215,0.7283
2017-01-05,0.7283,0.7357,0.7273,0.7338
2017-01-06,0.7338,0.7355,0.7289,0.7301
2017-01-09,0.7293,0.7374,0.7289,0.7354
2017-01-10,0.7354,0.7385,0.7331,0.7368
2017-01-11,0.7368,0.7472,0.7352,0.7441
2017-01-12,0.7441,0.7519,0.743,0.7484
2017-01-13,0.7484,0.7509,0.7449,0.7502
2017-01-16,0.7491,0.751,0.7458,0.7477
2017-01-17,0.7477,0.7569,0.7465,0.7567
2017-01-18,0.7567,0.7567,0.7503,0.7505
2017-01-19,0.7505,0.7574,0.7494,0.7561
2017-01-20,0.7561,0.7588,0.7517,0.7555
2017-01-23,0.756,0.7589,0.7548,0.7584
2017-01-24,0.7584,0.7609,0.7554,0.7582
2017-01-25,0.7582,0.7599,0.7515,0.7572
2017-01-26,0.7572,0.7585,0.7522,0.7535
2017-01-27,0.7535,0.7573,0.7512,0.7551
2017-01-30,0.755,0.7567,0.7528,0.7555
2017-01-31,0.7555,0.7606,0.7542,0.7585
2017-02-01,0.7585,0.7597,0.7552,0.7586
2017-02-02,0.7586,0.7696,0.7578,0.7658
2017-02-03,0.7658,0.7695,0.7622,0.768
2017-02-06,0.7681,0.7684,0.763,0.766
2017-02-07,0.766,0.7681,0.7606,0.7628
2017-02-08,0.7628,0.7666,0.7612,0.7645
2017-02-09,0.7645,0.7664,0.7611,0.7625
2017-02-10,0.7625,0.7689,0.7619,0.7674
2017-02-13,0.768,0.7686,0.7631,0.764
2017-02-14,0.764,0.7696,0.7618,0.7663
2017-02-15,0.7663,0.7719,0.7637,0.771
2017-02-16,0.771,0.7732,0.7685,0.7694
2017-02-17,0.7694,0.7713,0.7656,0.7664
2017-02-20,0.767,0.769,0.7659,0.7688
2017-02-21,0.7688,0.7691,0.765,0.7675
2017-02-22,0.7675,0.7715,0.7667,0.7703
2017-02-23,0.7703,0.7741,0.7665,0.7715
2017-02-24,0.7715,0.772,0.7665,0.7676
2017-02-27,0.7673,0.7708,0.7663,0.7673
2017-02-28,0.7673,0.7695,0.7647,0.7657
2017-03-01,0.7657,0.77,0.7637,0.7677
2017-03-02,0.7676,0.7682,0.7558,0.7572
2017-03-03,0.7572,0.7598,0.7543,0.7596
2017-03-06,0.758,0.7609,0.7571,0.7579
2017-03-07,0.7579,0.7633,0.7577,0.7588
2017-03-08,0.7588,0.7609,0.7526,0.7528
2017-03-09,0.7528,0.7534,0.7491,0.7506
2017-03-10,0.7506,0.7557,0.7498,0.7542
2017-03-13,0.7541,0.7592,0.7531,0.7571
2017-03-14,0.7571,0.7579,0.754,0.7559
2017-03-15,0.7559,0.7719,0.7555,0.7709
2017-03-16,0.7709,0.7717,0.7664,0.7678
2017-03-17,0.7678,0.7718,0.7664,0.7704
2017-03-20,0.7703,0.7748,0.7686,0.7731
2017-03-21,0.7731,0.775,0.7683,0.7691
2017-03-22,0.7691,0.7691,0.7639,0.7678
2017-03-23,0.7678,0.7679,0.7623,0.7627
2017-03-24,0.7627,0.7641,0.7604,0.7623
2017-03-27,0.7627,0.7648,0.7606,0.7618
2017-03-28,0.7618,0.7655,0.7588,0.7633
2017-03-29,0.7633,0.7675,0.7631,0.767
2017-03-30,0.767,0.768,0.764,0.7641
2017-03-31,0.7641,0.7663,0.7623,0.7629
2017-04-03,0.764,0.7646,0.7591,0.7605
2017-04-04,0.7605,0.7615,0.7545,0.7565
2017-04-05,0.7565,0.7587,0.756,0.757
2017-04-06,0.757,0.7577,0.7533,0.7545
2017-04-07,0.7545,0.7546,0.7494,0.75
2017-04-10,0.7502,0.7509,0.7476,0.7501
2017-04-11,0.7501,0.7515,0.7474,0.7499
2017-04-12,0.7499,0.7528,0.7473,0.7522
2017-04-13,0.7522,0.7596,0.7522,0.7568
2017-04-14,0.7568,0.7583,0.7557,0.7579
2017-04-17,0.7568,0.7611,0.7565,0.7589
2017-04-18,0.7588,0.7596,0.7534,0.756
2017-04-19,0.756,0.7563,0.7492,0.7497
2017-04-20,0.7497,0.7547,0.7493,0.7527
2017-04-21,0.7527,0.7546,0.7516,0.7541
2017-04-24,0.7562,0.7592,0.7539,0.7571
2017-04-25,0.7571,0.7572,0.7521,0.7535
2017-04-26,0.7535,0.7554,0.7455,0.7474
2017-04-27,0.7474,0.7492,0.744,0.7465
2017-04-28,0.7465,0.7491,0.7448,0.7488
2017-05-01,0.7473,0.754,0.7462,0.7526
2017-05-02,0.7526,0.7556,0.7511,0.7536
2017-05-03,0.7536,0.7546,0.742,0.7423
2017-05-04,0.7423,0.743,0.7383,0.7409
2017-05-05,0.7409,0.7427,0.7368,0.7424
2017-05-08,0.7412,0.7425,0.7378,0.7387
2017-05-09,0.7387,0.7399,0.7329,0.7345
2017-05-10,0.7345,0.7394,0.7339,0.7367
2017-05-11,0.7367,0.7383,0.7336,0.7379
2017-05-12,0.7379,0.7421,0.7369,0.7387
2017-05-15,0.7389,0.7446,0.7385,0.7413
2017-05-16,0.7413,0.7438,0.7395,0.7426
2017-05-17,0.7426,0.7444,0.7389,0.7432
2017-05-18,0.7432,0.7467,0.7408,0.7419
2017-05-19,0.7419,0.747,0.7407,0.7459
2017-05-22,0.7455,0.7489,0.7435,0.7477
2017-05-23,0.7477,0.7517,0.7466,0.7478
2017-05-24,0.7478,0.7508,0.7443,0.7503
2017-05-25,0.7503,0.7516,0.7451,0.7454
2017-05-26,0.7454,0.7461,0.7422,0.7448
2017-05-29,0.7449,0.745,0.7427,0.744
2017-05-30,0.744,0.7469,0.7416,0.7465
2017-05-31,0.7465,0.7476,0.7425,0.743
2017-06-01,0.743,0.7455,0.7373,0.7374
2017-06-02,0.7374,0.7447,0.7373,0.7443
2017-06-05,0.743,0.7498,0.7408,0.7487
2017-06-06,0.7487,0.7522,0.7457,0.7506
2017-06-07,0.7506,0.7566,0.75,0.7549
2017-06-08,0.7549,0.7554,0.7525,0.7547
2017-06-09,0.7547,0.7548,0.752,0.7527
2017-06-12,0.753,0.7547,0.7522,0.7541
2017-06-13,0.7541,0.7565,0.7524,0.7537
2017-06-14,0.7537,0.7636,0.7533,0.7585
2017-06-15,0.7585,0.7632,0.7568,0.7579
2017-06-16,0.7579,0.763,0.7576,0.7621
2017-06-19,0.7618,0.7629,0.7585,0.76
2017-06-20,0.76,0.7624,0.7571,0.758
2017-06-21,0.758,0.7586,0.7543,0.7553
2017-06-22,0.7554,0.7576,0.7535,0.7542
2017-06-23,0.7542,0.7583,0.7538,0.7568
2017-06-26,0.7567,0.7599,0.7559,0.7585
2017-06-27,0.7585,0.7624,0.7577,0.7583
2017-06-28,0.7583,0.7645,0.7577,0.764
2017-06-29,0.764,0.7686,0.7635,0.7683
2017-06-30,0.7683,0.7712,0.7667,0.7689
2017-07-03,0.7681,0.7695,0.7645,0.7661
2017-07-04,0.7661,0.7683,0.7591,0.7606
2017-07-05,0.7606,0.7632,0.7571,0.7603
2017-07-06,0.7603,0.7615,0.7577,0.7586
2017-07-07,0.7586,0.7623,0.7572,0.7601
2017-07-10,0.7602,0.7615,0.7587,0.7606
2017-07-11,0.7606,0.7643,0.7603,0.7638
2017-07-12,0.7638,0.7685,0.7635,0.7678
2017-07-13,0.7678,0.774,0.7675,0.7731
2017-07-14,0.7731,0.7834,0.7727,0.7832
2017-07-17,0.7826,0.7838,0.7792,0.7801
2017-07-18,0.7801,0.7943,0.7786,0.7916
2017-07-19,0.7916,0.7959,0.7909,0.7952
2017-07-20,0.7952,0.7989,0.7898,0.7958
2017-07-21,0.7958,0.7959,0.7875,0.7916
2017-07-24,0.7916,0.7968,0.7901,0.7924
2017-07-25,0.7924,0.797,0.7903,0.7937
2017-07-26,0.7937,0.8014,0.7878,0.8005
2017-07-27,0.8005,0.8066,0.7957,0.7967
2017-07-28,0.7967,0.8007,0.7937,0.7987
2017-07-31,0.7985,0.8004,0.7956,0.8003
2017-08-01,0.8003,0.8043,0.7961,0.7969
2017-08-02,0.7969,0.7993,0.7942,0.7968
2017-08-03,0.7968,0.7969,0.7915,0.795
2017-08-04,0.795,0.798,0.7891,0.7922
2017-08-07,0.7911,0.7949,0.7899,0.7912
2017-08-08,0.7912,0.7943,0.7887,0.7914
2017-08-09,0.7914,0.7915,0.7855,0.7888
2017-08-10,0.7888,0.7911,0.7867,0.7875
2017-08-11,0.7875,0.791,0.7839,0.7894
2017-08-14,0.7897,0.7919,0.7845,0.7852
2017-08-15,0.7852,0.7877,0.7808,0.7821
2017-08-16,0.7821,0.7934,0.7817,0.7925
2017-08-17,0.7925,0.7963,0.7881,0.7885
2017-08-18,0.7885,0.7944,0.787,0.7929
2017-08-21,0.793,0.7951,0.7911,0.7939
2017-08-22,0.7939,0.7951,0.7898,0.7911
2017-08-23,0.7912,0.7918,0.7882,0.7904
2017-08-24,0.7904,0.7916,0.7867,0.7905
2017-08-25,0.7905,0.7954,0.7885,0.7932
2017-08-28,0.7932,0.7973,0.7914,0.7963
2017-08-29,0.7963,0.7983,0.7906,0.7951
2017-08-30,0.7951,0.7996,0.789,0.7905
2017-08-31,0.7905,0.795,0.7871,0.7947
2017-09-01,0.7947,0.7994,0.7922,0.7975
2017-09-04,0.7948,0.7973,0.7935,0.7944
2017-09-05,0.7944,0.8028,0.7942,0.7996
2017-09-06,0.7996,0.8021,0.7964,0.8
2017-09-07,0.8,0.8049,0.7975,0.8047
2017-09-08,0.8047,0.8125,0.8043,0.806
2017-09-11,0.8064,0.8073,0.8019,0.8029
2017-09-12,0.8029,0.8049,0.7998,0.8019
2017-09-13,0.8019,0.8044,0.7971,0.7986
2017-09-14,0.7986,0.8016,0.7956,0.8005
2017-09-15,0.8005,0.8035,0.7987,0.8002
2017-09-18,0.8001,0.8035,0.794,0.7958
2017-09-19,0.7958,0.802,0.7957,0.801
2017-09-20,0.801,0.8102,0.7986,0.8031
2017-09-21,0.8031,0.8036,0.7917,0.7929
2017-09-22,0.7929,0.7986,0.7908,0.7962
2017-09-25,0.7956,0.7974,0.7926,0.7937
2017-09-26,0.7937,0.7949,0.7859,0.7886
2017-09-27,0.7886,0.7889,0.7836,0.7849
2017-09-28,0.7849,0.786,0.78,0.7856
2017-09-29,0.7856,0.7858,0.7817,0.7834
2017-10-02,0.7841,0.7848,0.7796,0.7827
2017-10-03,0.7827,0.7839,0.7786,0.7836
2017-10-04,0.7836,0.7875,0.783,0.7865
2017-10-05,0.7865,0.7865,0.7787,0.7795
2017-10-06,0.7795,0.7798,0.7733,0.7767
2017-10-09,0.7771,0.7782,0.7748,0.7753
2017-10-10,0.7753,0.7797,0.775,0.7778
2017-10-11,0.7778,0.7809,0.7771,0.7788
2017-10-12,0.7788,0.7836,0.7787,0.782
2017-10-13,0.782,0.7897,0.7818,0.7887
2017-10-16,0.7876,0.789,0.7843,0.7851
2017-10-17,0.7851,0.7861,0.7818,0.7846
2017-10-18,0.7846,0.7858,0.7819,0.7846
2017-10-19,0.7846,0.7884,0.7841,0.7878
2017-10-20,0.7878,0.7882,0.7808,0.7817
2017-10-23,0.7814,0.7835,0.7796,0.7807
2017-10-24,0.7807,0.7825,0.7771,0.7776
2017-10-25,0.7776,0.7784,0.769,0.7704
2017-10-26,0.7704,0.7719,0.7656,0.766
2017-10-27,0.766,0.7678,0.7625,0.7677
2017-10-30,0.7671,0.7691,0.7656,0.7688
2017-10-31,0.7688,0.7699,0.764,0.7656
2017-11-01,0.7656,0.7696,0.7648,0.7676
2017-11-02,0.7676,0.773,0.7673,0.7713
2017-11-03,0.7713,0.7716,0.7639,0.765
2017-11-06,0.7653,0.7692,0.7639,0.7691
2017-11-07,0.7691,0.7701,0.7627,0.7645
2017-11-08,0.7645,0.7685,0.7639,0.7678
2017-11-09,0.7678,0.7694,0.765,0.768
2017-11-10,0.768,0.7695,0.7654,0.7661
2017-11-13,0.7657,0.7672,0.7617,0.7623
2017-11-14,0.7623,0.765,0.761,0.7631
2017-11-15,0.7631,0.7633,0.7573,0.7589
2017-11-16,0.7589,0.7609,0.7571,0.7588
2017-11-17,0.7588,0.7608,0.7536,0.7564
2017-11-20,0.7563,0.7574,0.7544,0.755
2017-11-21,0.755,0.759,0.7532,0.7578
2017-11-22,0.7578,0.7624,0.7555,0.7617
2017-11-23,0.7617,0.7639,0.7604,0.7625
2017-11-24,0.7625,0.7632,0.7607,0.7617
2017-11-27,0.7618,0.7645,0.7593,0.7602
2017-11-28,0.7602,0.762,0.7588,0.7595
2017-11-29,0.7595,0.7608,0.7552,0.757
2017-11-30,0.757,0.7595,0.7557,0.7566
2017-12-01,0.7566,0.7639,0.7552,0.7613
2017-12-04,0.7612,0.7618,0.758,0.7598
2017-12-05,0.7598,0.7654,0.7597,0.7607
2017-12-06,0.7607,0.7634,0.7559,0.7564
2017-12-07,0.7564,0.757,0.7505,0.7511
2017-12-08,0.7511,0.7534,0.7502,0.7509
2017-12-11,0.7511,0.7545,0.7504,0.7526
2017-12-12,0.7526,0.758,0.7519,0.7558
2017-12-13,0.7558,0.764,0.7553,0.7637
2017-12-14,0.7637,0.768,0.7628,0.7666
2017-12-15,0.7666,0.7695,0.7638,0.7646
2017-12-18,0.7646,0.7678,0.7641,0.7664
2017-12-19,0.7664,0.7684,0.7646,0.7663
2017-12-20,0.7663,0.768,0.7651,0.7667
2017-12-21,0.7667,0.7707,0.7654,0.7702
2017-12-22,0.7702,0.7721,0.77,0.7709
2017-12-25,0.7711,0.7732,0.7704,0.7717
2017-12-26,0.7717,0.773,0.7713,0.7728
2017-12-27,0.7728,0.7779,0.7724,0.7768
2017-12-28,0.7768,0.781,0.7765,0.7794
2017-12-29,0.7794,0.7825,0.7789,0.7809
2018-01-01,0.7808,0.7812,0.7801,0.7805
2018-01-02,0.7805,0.7845,0.7795,0.783
2018-01-03,0.783,0.7845,0.7805,0.7836
2018-01-04,0.7836,0.7866,0.7815,0.7864
2018-01-05,0.7864,0.7875,0.7835,0.7864
2018-01-08,0.7859,0.7873,0.7827,0.7842
2018-01-09,0.7842,0.7865,0.7808,0.7824
2018-01-10,0.7824,0.7867,0.7808,0.7843
2018-01-11,0.7843,0.7895,0.7838,0.7892
2018-01-12,0.7892,0.7925,0.7848,0.7917
2018-01-15,0.7893,0.7979,0.7886,0.7965
2018-01-16,0.7965,0.7975,0.7937,0.7961
2018-01-17,0.7961,0.8023,0.7941,0.797
2018-01-18,0.797,0.8007,0.7942,0.8001
2018-01-19,0.8001,0.8039,0.7984,0.7995
2018-01-22,0.7994,0.8027,0.7979,0.8017
2018-01-23,0.8017,0.803,0.7957,0.8
2018-01-24,0.8,0.8083,0.7994,0.8062
2018-01-25,0.8062,0.8119,0.8012,0.8026
2018-01-26,0.8026,0.8136,0.8005,0.811
2018-01-29,0.8119,0.8121,0.8074,0.8094
2018-01-30,0.8094,0.8114,0.8043,0.8083
2018-01-31,0.8083,0.8117,0.8035,0.8055
2018-02-01,0.8055,0.8067,0.7988,0.8039
2018-02-02,0.804,0.8044,0.7919,0.7931
2018-02-05,0.7928,0.7954,0.7875,0.7878
2018-02-06,0.7878,0.791,0.7836,0.7906
2018-02-07,0.7906,0.7909,0.7817,0.7823
2018-02-08,0.7823,0.7843,0.7776,0.7781
2018-02-09,0.7781,0.783,0.7759,0.7813
2018-02-12,0.7809,0.7864,0.7799,0.7862
2018-02-13,0.7862,0.7877,0.7828,0.7859
2018-02-14,0.7859,0.7934,0.7773,0.7926
2018-02-15,0.7926,0.7967,0.7892,0.7945
2018-02-16,0.7945,0.7988,0.7893,0.7905
2018-02-19,0.7912,0.7935,0.7898,0.7913
2018-02-20,0.7913,0.7934,0.7874,0.7883
2018-02-21,0.7883,0.7901,0.7803,0.7804
2018-02-22,0.7804,0.786,0.7791,0.7846
2018-02-23,0.7846,0.7847,0.7804,0.7843
2018-02-26,0.7841,0.7893,0.7826,0.7855
2018-02-27,0.7855,0.7869,0.7784,0.7789
2018-02-28,0.7789,0.7819,0.7761,0.7762
2018-03-01,0.7762,0.777,0.7713,0.7756
2018-03-02,0.7756,0.7774,0.7738,0.776
2018-03-05,0.7761,0.7777,0.7726,0.7765
2018-03-06,0.7765,0.7842,0.7757,0.7829
2018-03-07,0.7829,0.783,0.7772,0.7825
2018-03-08,0.7825,0.7839,0.7773,0.7789
2018-03-09,0.7789,0.7854,0.7777,0.7844
2018-03-12,0.7853,0.788,0.7846,0.7873
2018-03-13,0.7873,0.7898,0.7846,0.786
2018-03-14,0.786,0.7917,0.7852,0.7877
2018-03-15,0.7877,0.7885,0.7795,0.7798
2018-03-16,0.7798,0.7804,0.771,0.7713
2018-03-19,0.772,0.7727,0.7687,0.7718
2018-03-20,0.7718,0.7721,0.7679,0.7683
2018-03-21,0.7683,0.778,0.7672,0.7765
2018-03-22,0.7765,0.7785,0.7687,0.7693
2018-03-23,0.7693,0.7744,0.7687,0.7699
2018-03-26,0.771,0.775,0.7696,0.7748
2018-03-27,0.7748,0.7758,0.7675,0.7679
2018-03-28,0.7679,0.7702,0.7654,0.7662
2018-03-29,0.7662,0.769,0.7643,0.7678
2018-03-30,0.7678,0.7707,0.7673,0.7679
2018-04-02,0.769,0.7695,0.765,0.7663
2018-04-03,0.7663,0.7707,0.7652,0.7685
2018-04-04,0.7685,0.7722,0.7663,0.7716
2018-04-05,0.7716,0.7727,0.7674,0.7684
2018-04-06,0.7684,0.77,0.7658,0.7684
2018-04-09,0.7675,0.7711,0.7652,0.7697
2018-04-10,0.7697,0.7768,0.7694,0.7761
2018-04-11,0.7761,0.7773,0.774,0.7755
2018-04-12,0.7755,0.7772,0.7738,0.7754
2018-04-13,0.7754,0.781,0.7753,0.7764
2018-04-16,0.7768,0.7783,0.7752,0.7781
2018-04-17,0.7781,0.7791,0.776,0.7766
2018-04-18,0.7766,0.7798,0.7744,0.7784
2018-04-19,0.7784,0.7813,0.7719,0.773
2018-04-20,0.773,0.7732,0.7655,0.7672
2018-04-23,0.7669,0.7683,0.76,0.7605
2018-04-24,0.7605,0.7621,0.758,0.7604
2018-04-25,0.7604,0.7606,0.7552,0.7565
2018-04-26,0.7565,0.7589,0.7547,0.7554
2018-04-27,0.7554,0.7584,0.7532,0.7581
2018-04-30,0.7577,0.7582,0.7525,0.753
2018-05-01,0.753,0.7547,0.7473,0.749
2018-05-02,0.749,0.7537,0.7476,0.7493
2018-05-03,0.7493,0.7543,0.7486,0.7532
2018-05-04,0.7532,0.7561,0.7492,0.7539
2018-05-07,0.753,0.7544,0.7493,0.7517
2018-05-08,0.7517,0.7528,0.7434,0.7455
2018-05-09,0.7455,0.7473,0.7412,0.7463
2018-05-10,0.7463,0.754,0.7452,0.7532
2018-05-11,0.7532,0.7567,0.7523,0.7543
2018-05-14,0.7555,0.7565,0.7525,0.7526
2018-05-15,0.7526,0.7538,0.7448,0.7472
2018-05-16,0.7472,0.7523,0.7447,0.7516
2018-05-17,0.7516,0.7548,0.7498,0.7511
2018-05-18,0.7511,0.7528,0.7489,0.7511
2018-05-21,0.7524,0.7587,0.7503,0.7582
2018-05-22,0.7582,0.7605,0.7566,0.7576
2018-05-23,0.7576,0.7583,0.7523,0.756
2018-05-24,0.756,0.7583,0.7542,0.7576
2018-05-25,0.7576,0.759,0.7543,0.7548
2018-05-28,0.7549,0.7581,0.754,0.7546
2018-05-29,0.7546,0.7553,0.7498,0.7505
2018-05-30,0.7505,0.7584,0.7476,0.7575
2018-05-31,0.7574,0.7593,0.7553,0.7568
2018-06-01,0.7568,0.7573,0.7515,0.7569
2018-06-04,0.7563,0.7666,0.7556,0.7648
2018-06-05,0.7648,0.7656,0.7595,0.7616
2018-06-06,0.7616,0.7677,0.7613,0.7667
2018-06-07,0.7667,0.7673,0.7613,0.7624
2018-06-08,0.7624,0.7627,0.7561,0.7601
2018-06-11,0.7598,0.7622,0.7573,0.7609
2018-06-12,0.7609,0.7624,0.7566,0.7573
2018-06-13,0.7573,0.7609,0.753,0.7578
2018-06-14,0.7578,0.7583,0.7475,0.7478
2018-06-15,0.7478,0.748,0.744,0.7442
2018-06-18,0.7457,0.7461,0.7414,0.7423
2018-06-19,0.7423,0.7427,0.7347,0.7381
2018-06-20,0.7381,0.7409,0.7367,0.7368
2018-06-21,0.7368,0.7394,0.7346,0.7379
2018-06-22,0.7379,0.7444,0.7374,0.744
2018-06-25,0.743,0.7444,0.7396,0.7414
2018-06-26,0.7414,0.7423,0.738,0.7394
2018-06-27,0.7394,0.7407,0.7324,0.734
2018-06-28,0.734,0.7362,0.733,0.7352
2018-06-29,0.7352,0.741,0.7336,0.7405
2018-07-02,0.7398,0.7416,0.7311,0.734
2018-07-03,0.734,0.7404,0.7315,0.7386
2018-07-04,0.7386,0.7425,0.7375,0.7386
2018-07-05,0.7386,0.7408,0.7362,0.7387
2018-07-06,0.7387,0.7444,0.7376,0.743
2018-07-09,0.743,0.7484,0.7427,0.7467
2018-07-10,0.7467,0.7484,0.743,0.7459
2018-07-11,0.7459,0.746,0.7364,0.7366
2018-07-12,0.7366,0.742,0.7361,0.7408
2018-07-13,0.7408,0.7425,0.7368,0.7424
2018-07-16,0.7403,0.7442,0.7402,0.7419
2018-07-17,0.7419,0.7438,0.7376,0.7389
2018-07-18,0.7389,0.7408,0.7343,0.7398
2018-07-19,0.7398,0.7441,0.7323,0.7361
2018-07-20,0.7361,0.7431,0.7318,0.7415
2018-07-23,0.7411,0.7438,0.7372,0.7381
2018-07-24,0.7381,0.7434,0.736,0.7423
2018-07-25,0.7424,0.7464,0.7392,0.7455
2018-07-26,0.7455,0.7463,0.7372,0.7377
2018-07-27,0.7377,0.7415,0.737,0.74
2018-07-30,0.7388,0.7413,0.7386,0.7407
2018-07-31,0.7407,0.7441,0.7404,0.7424
2018-08-01,0.7424,0.7429,0.739,0.7404
2018-08-02,0.7404,0.7411,0.7355,0.736
2018-08-03,0.736,0.7412,0.7348,0.7404
2018-08-06,0.7406,0.7408,0.7374,0.7387
2018-08-07,0.7387,0.744,0.7382,0.7421
2018-08-08,0.7421,0.744,0.7383,0.7431
2018-08-09,0.7431,0.7453,0.7373,0.7373
2018-08-10,0.7373,0.738,0.7281,0.7302
2018-08-13,0.729,0.73,0.7251,0.727
2018-08-14,0.727,0.7283,0.7224,0.7243
2018-08-15,0.7243,0.7248,0.7203,0.7239
2018-08-16,0.7239,0.7287,0.7219,0.7261
2018-08-17,0.7261,0.7319,0.7253,0.7313
2018-08-20,0.7311,0.7344,0.7296,0.734
2018-08-21,0.734,0.7382,0.7333,0.7368
2018-08-22,0.7368,0.737,0.7334,0.7348
2018-08-23,0.7348,0.7357,0.7241,0.7248
2018-08-24,0.7248,0.7345,0.7238,0.7329
2018-08-27,0.7319,0.7357,0.7307,0.7351
2018-08-28,0.7351,0.7362,0.7321,0.7338
2018-08-29,0.7338,0.7349,0.7275,0.7311
2018-08-30,0.7311,0.7315,0.725,0.7263
2018-08-31,0.7263,0.7268,0.7176,0.7189
2018-09-03,0.7193,0.7224,0.7166,0.7214
2018-09-04,0.7214,0.7235,0.7157,0.7178
2018-09-05,0.7178,0.7218,0.7145,0.7193
2018-09-06,0.7193,0.7211,0.7166,0.72
2018-09-07,0.72,0.7203,0.7099,0.7107
2018-09-10,0.7112,0.7132,0.7097,0.7115
2018-09-11,0.7115,0.7129,0.7085,0.7119
2018-09-12,0.7119,0.7182,0.7094,0.7169
2018-09-13,0.7169,0.7229,0.7168,0.7195
2018-09-14,0.7195,0.7216,0.7151,0.7153
2018-09-17,0.7151,0.7196,0.7142,0.7182
2018-09-18,0.7182,0.7224,0.7144,0.7219
2018-09-19,0.7219,0.7275,0.7209,0.7263
2018-09-20,0.7263,0.7293,0.7254,0.7292
2018-09-21,0.7292,0.7304,0.7263,0.729
2018-09-24,0.7273,0.7282,0.7248,0.7252
2018-09-25,0.7252,0.7263,0.7236,0.725
2018-09-26,0.725,0.7315,0.7241,0.7258
2018-09-27,0.7258,0.7268,0.7205,0.7208
2018-09-28,0.7208,0.7241,0.7202,0.7224
2018-10-01,0.7214,0.7232,0.7207,0.7224
2018-10-02,0.7224,0.7238,0.7162,0.7188
2018-10-03,0.7188,0.7197,0.7102,0.7103
2018-10-04,0.7103,0.7112,0.7066,0.7076
2018-10-05,0.7076,0.7087,0.7043,0.7052
2018-10-08,0.7062,0.7081,0.7041,0.7078
2018-10-09,0.7078,0.7106,0.7054,0.7103
2018-10-10,0.7103,0.7131,0.7044,0.7055
2018-10-11,0.7055,0.7129,0.7046,0.7124
2018-10-12,0.7124,0.714,0.7102,0.7114
2018-10-15,0.7117,0.7149,0.7099,0.713
2018-10-16,0.713,0.7151,0.7112,0.7141
2018-10-17,0.7141,0.716,0.7106,0.7109
2018-10-18,0.7109,0.7151,0.7097,0.7099
2018-10-19,0.7099,0.715,0.7089,0.7119
2018-10-22,0.7111,0.7127,0.7076,0.7081
2018-10-23,0.7081,0.7091,0.7056,0.7086
2018-10-24,0.7086,0.7106,0.7059,0.706
2018-10-25,0.706,0.7099,0.7057,0.708
2018-10-26,0.708,0.7104,0.7021,0.709
2018-10-29,0.7085,0.711,0.7051,0.7055
2018-10-30,0.7055,0.7122,0.7054,0.7105
2018-10-31,0.7105,0.7107,0.7068,0.7073
2018-11-01,0.7073,0.7212,0.7072,0.7206
2018-11-02,0.7206,0.7259,0.7182,0.7193
2018-11-05,0.7223,0.7224,0.7182,0.7211
2018-11-06,0.7211,0.7247,0.7205,0.7247
2018-11-07,0.7247,0.73,0.7213,0.7276
2018-11-08,0.7276,0.7302,0.7247,0.7256
2018-11-09,0.7256,0.7271,0.7219,0.7226
2018-11-12,0.7241,0.7246,0.7173,0.7173
2018-11-13,0.7173,0.7224,0.7164,0.7218
2018-11-14,0.7218,0.7254,0.7188,0.7232
2018-11-15,0.7232,0.7298,0.7229,0.7277
2018-11-16,0.7277,0.7338,0.725,0.7332
2018-11-19,0.7325,0.733,0.7278,0.7294
2018-11-20,0.7294,0.7301,0.7212,0.7214
2018-11-21,0.7214,0.7277,0.7203,0.7263
2018-11-22,0.7263,0.7268,0.7234,0.7254
2018-11-23,0.7254,0.7258,0.7219,0.7233
2018-11-26,0.723,0.7276,0.7213,0.7221
2018-11-27,0.7221,0.7269,0.7199,0.7225
2018-11-28,0.7225,0.7328,0.7221,0.7306
2018-11-29,0.7306,0.7344,0.7295,0.7319
2018-11-30,0.7319,0.7326,0.7285,0.7306
2018-12-03,0.7371,0.7393,0.7347,0.7358
2018-12-04,0.7358,0.7394,0.7326,0.7338
2018-12-05,0.7338,0.7356,0.726,0.7268
2018-12-06,0.7268,0.7274,0.7192,0.7236
2018-12-07,0.7236,0.7242,0.7198,0.7208
2018-12-10,0.7192,0.7227,0.7172,0.719
2018-12-11,0.719,0.7225,0.7185,0.7206
2018-12-12,0.7206,0.7238,0.7197,0.722
2018-12-13,0.722,0.7247,0.7212,0.7227
2018-12-14,0.7227,0.7229,0.7151,0.7172
2018-12-17,0.7177,0.7187,0.7169,0.7179
2018-12-18,0.7179,0.7204,0.7165,0.7181
2018-12-19,0.7181,0.7201,0.7088,0.7109
2018-12-20,0.7108,0.7149,0.7086,0.7108
2018-12-21,0.7108,0.7123,0.7032,0.704
2018-12-24,0.7042,0.7069,0.7034,0.7049
2018-12-25,0.7048,0.7063,0.7026,0.7036
2018-12-26,0.7036,0.7072,0.7033,0.7066
2018-12-27,0.7066,0.7078,0.7017,0.7033
2018-12-28,0.7033,0.7069,0.7028,0.7047
2018-12-31,0.705,0.7071,0.7033,0.7049
2019-01-01,0.7049,0.7058,0.7045,0.7053
2019-01-02,0.7053,0.7054,0.6982,0.6985
2019-01-03,0.6985,0.7019,0.6985,0.7006
2019-01-04,0.7006,0.7124,0.6994,0.7113
2019-01-07,0.7115,0.715,0.711,0.7148
2019-01-08,0.7148,0.715,0.7117,0.714
2019-01-09,0.714,0.7194,0.7135,0.717
2019-01-10,0.717,0.7198,0.7146,0.7185
2019-01-11,0.7185,0.7235,0.7182,0.7215
2019-01-14,0.7211,0.7224,0.7176,0.7197
2019-01-15,0.7197,0.7226,0.718,0.7201
2019-01-16,0.7201,0.7212,0.7162,0.7168
2019-01-17,0.7168,0.7222,0.7147,0.7193
2019-01-18,0.7193,0.7214,0.7162,0.7168
2019-01-21,0.7181,0.7188,0.714,0.7159
2019-01-22,0.7159,0.716,0.7116,0.7124
2019-01-23,0.7124,0.7144,0.7118,0.7142
2019-01-24,0.7142,0.7167,0.7081,0.7094
2019-01-25,0.7095,0.7185,0.7076,0.7179
2019-01-28,0.7182,0.7204,0.7161,0.7166
2019-01-29,0.7166,0.7176,0.7138,0.7155
2019-01-30,0.7155,0.7273,0.715,0.7248
2019-01-31,0.7248,0.7295,0.7243,0.7273
2019-02-01,0.7273,0.7284,0.7237,0.725
2019-02-04,0.7244,0.7254,0.7211,0.7226
2019-02-05,0.7226,0.7265,0.7194,0.7234
2019-02-06,0.7235,0.7246,0.7104,0.7105
2019-02-07,0.7105,0.7117,0.7089,0.7101
2019-02-08,0.7101,0.7105,0.7061,0.7088
2019-02-11,0.7096,0.7108,0.7057,0.7062
2019-02-12,0.7062,0.7103,0.7054,0.7095
2019-02-13,0.7095,0.7136,0.7086,0.709
2019-02-14,0.709,0.7132,0.7072,0.7106
2019-02-15,0.7107,0.7149,0.7079,0.7141
2019-02-18,0.714,0.7161,0.7125,0.713
2019-02-19,0.713,0.7174,0.7104,0.7165
2019-02-20,0.7165,0.7183,0.7141,0.7165
2019-02-21,0.7165,0.7207,0.707,0.7092
2019-02-22,0.7092,0.715,0.7083,0.7129
2019-02-25,0.713,0.7184,0.7125,0.7167
2019-02-26,0.7167,0.7195,0.7142,0.7186
2019-02-27,0.7185,0.7199,0.7127,0.7138
2019-02-28,0.7138,0.7166,0.709,0.7094
2019-03-01,0.7094,0.7122,0.707,0.7079
2019-03-04,0.7085,0.7118,0.7075,0.7092
2019-03-05,0.7092,0.7097,0.7059,0.7084
2019-03-06,0.7084,0.7092,0.7021,0.7032
2019-03-07,0.7032,0.7052,0.7005,0.7016
2019-03-08,0.7016,0.7052,0.7003,0.7045
2019-03-11,0.7044,0.7077,0.7027,0.707
2019-03-12,0.707,0.7092,0.7058,0.7082
2019-03-13,0.7082,0.7098,0.7049,0.7094
2019-03-14,0.7094,0.7098,0.7041,0.7064
2019-03-15,0.7064,0.7097,0.7062,0.7085
2019-03-18,0.7085,0.712,0.7078,0.7104
2019-03-19,0.7104,0.7111,0.7085,0.7088
2019-03-20,0.7088,0.715,0.7057,0.7116
2019-03-21,0.7116,0.7168,0.709,0.7112
2019-03-22,0.7112,0.7119,0.7076,0.7083
2019-03-25,0.7083,0.7117,0.7066,0.7112
2019-03-26,0.7112,0.7148,0.7108,0.7135
2019-03-27,0.7135,0.7142,0.7069,0.7084
2019-03-28,0.7084,0.7106,0.7064,0.7074
2019-03-29,0.7075,0.7105,0.7073,0.7096
2019-04-01,0.7115,0.7132,0.7104,0.7112
2019-04-02,0.7112,0.7129,0.7053,0.7071
2019-04-03,0.7071,0.713,0.7055,0.7113
2019-04-04,0.7113,0.7127,0.7098,0.7112
2019-04-05,0.7112,0.7132,0.7092,0.7105
2019-04-08,0.7101,0.7131,0.7088,0.7127
2019-04-09,0.7127,0.7152,0.7119,0.7124
2019-04-10,0.7124,0.7175,0.711,0.7171
2019-04-11,0.7171,0.7172,0.7117,0.7124
2019-04-12,0.7124,0.7192,0.7116,0.7173
2019-04-15,0.7186,0.7186,0.7164,0.7173
2019-04-16,0.7173,0.7179,0.714,0.7175
2019-04-17,0.7175,0.7206,0.7153,0.7179
2019-04-18,0.7179,0.7199,0.7137,0.7151
2019-04-19,0.7151,0.7159,0.7145,0.7152
2019-04-22,0.7149,0.716,0.7128,0.7134
2019-04-23,0.7134,0.714,0.7081,0.7102
2019-04-24,0.7102,0.7103,0.7004,0.7015
2019-04-25,0.7015,0.7023,0.6988,0.7015
2019-04-26,0.7015,0.7061,0.7007,0.7042
2019-04-29,0.7043,0.7061,0.7035,0.7056
2019-04-30,0.7056,0.7069,0.7031,0.7048
2019-05-01,0.7048,0.7061,0.7007,0.7015
2019-05-02,0.7015,0.7029,0.6995,0.7
2019-05-03,0.7,0.7025,0.6985,0.7018
2019-05-06,0.6983,0.7003,0.6963,0.6991
2019-05-07,0.6991,0.7048,0.6981,0.7012
2019-05-08,0.7012,0.7027,0.6986,0.6988
2019-05-09,0.6988,0.6998,0.6965,0.6989
2019-05-10,0.6989,0.7019,0.6979,0.7002
2019-05-13,0.6999,0.7006,0.6941,0.6944
2019-05-14,0.6944,0.696,0.6935,0.6944
2019-05-15,0.6944,0.6948,0.6915,0.6928
2019-05-16,0.6928,0.6933,0.6887,0.6892
2019-05-17,0.6892,0.6897,0.6865,0.6868
2019-05-20,0.6924,0.6938,0.689,0.6908
2019-05-21,0.6908,0.6929,0.6866,0.6883
2019-05-22,0.6883,0.6897,0.6871,0.6882
2019-05-23,0.6882,0.6901,0.6865,0.6901
2019-05-24,0.6901,0.6935,0.6881,0.6927
2019-05-27,0.6921,0.6939,0.6913,0.6918
2019-05-28,0.6918,0.6936,0.6916,0.6924
2019-05-29,0.6924,0.6932,0.6904,0.6917
2019-05-30,0.6918,0.6937,0.6899,0.6912
2019-05-31,0.6912,0.6944,0.6901,0.6938
2019-06-03,0.6927,0.6983,0.6927,0.6977
2019-06-04,0.6977,0.7004,0.6957,0.6991
2019-06-05,0.6991,0.7008,0.6963,0.697
2019-06-06,0.697,0.6994,0.6964,0.6977
2019-06-07,0.6977,0.7022,0.6964,0.7001
2019-06-10,0.7007,0.7023,0.6957,0.6961
2019-06-11,0.6961,0.6967,0.6947,0.6962
2019-06-12,0.6962,0.6964,0.6925,0.6928
2019-06-13,0.6928,0.6937,0.6902,0.6915
2019-06-14,0.6915,0.6918,0.6861,0.6872
2019-06-17,0.6869,0.6885,0.6849,0.6853
2019-06-18,0.6853,0.6882,0.6832,0.6877
2019-06-19,0.6877,0.6909,0.6855,0.6881
2019-06-20,0.6881,0.6936,0.6879,0.6923
2019-06-21,0.6923,0.6938,0.6903,0.6926
2019-06-24,0.6926,0.6969,0.6926,0.6963
2019-06-25,0.6963,0.6978,0.6942,0.6961
2019-06-26,0.6961,0.6995,0.6952,0.6985
2019-06-27,0.6985,0.7009,0.6984,0.7009
2019-06-28,0.7009,0.7023,0.6998,0.702
2019-07-01,0.703,0.7036,0.6956,0.6966
2019-07-02,0.6966,0.7,0.6959,0.6994
2019-07-03,0.6994,0.7039,0.6985,0.7029
2019-07-04,0.7029,0.7048,0.7016,0.7022
2019-07-05,0.7022,0.7029,0.6958,0.698
2019-07-08,0.6974,0.6994,0.6967,0.6972
2019-07-09,0.6972,0.6975,0.6921,0.6928
2019-07-10,0.6928,0.6969,0.6911,0.6959
2019-07-11,0.6959,0.6988,0.6954,0.6974
2019-07-12,0.6974,0.7025,0.6971,0.702
2019-07-15,0.7009,0.704,0.7006,0.7039
2019-07-16,0.7039,0.7044,0.701,0.7012
2019-07-17,0.7012,0.7025,0.6996,0.701
2019-07-18,0.701,0.7077,0.7006,0.7075
2019-07-19,0.7076,0.7082,0.7038,0.7042
2019-07-22,0.7045,0.7057,0.7031,0.7036
2019-07-23,0.7036,0.7036,0.6996,0.7005
2019-07-24,0.7005,0.7009,0.6973,0.6977
2019-07-25,0.6977,0.6984,0.6943,0.6951
2019-07-26,0.6951,0.6955,0.6903,0.6911
2019-07-29,0.6918,0.692,0.6895,0.6902
2019-07-30,0.6902,0.6908,0.6869,0.6872
2019-07-31,0.6872,0.6899,0.6832,0.6845
2019-08-01,0.6845,0.6868,0.6795,0.68
2019-08-02,0.68,0.6819,0.6763,0.6801
2019-08-05,0.6798,0.6805,0.6748,0.6756
2019-08-06,0.6756,0.6801,0.675,0.6761
2019-08-07,0.6761,0.6783,0.6677,0.6757
2019-08-08,0.6757,0.6822,0.6746,0.6802
2019-08-09,0.6802,0.6818,0.6779,0.6786
2019-08-12,0.6789,0.6796,0.6745,0.6752
2019-08-13,0.6753,0.6818,0.6747,0.6799
2019-08-14,0.6799,0.6809,0.6736,0.6748
2019-08-15,0.6748,0.679,0.6746,0.6775
2019-08-16,0.6775,0.6795,0.6771,0.6779
2019-08-19,0.6782,0.6797,0.6762,0.6764
2019-08-20,0.6764,0.6795,0.6755,0.6778
2019-08-21,0.6778,0.6799,0.6773,0.6781
2019-08-22,0.6781,0.6787,0.6751,0.6757
2019-08-23,0.6757,0.6778,0.6736,0.6756
2019-08-26,0.673,0.6788,0.669,0.6775
2019-08-27,0.6775,0.678,0.6747,0.6752
2019-08-28,0.6752,0.6762,0.6733,0.6734
2019-08-29,0.6734,0.6753,0.6717,0.6728
2019-08-30,0.6728,0.674,0.6706,0.6733
2019-09-02,0.6722,0.6735,0.671,0.6716
2019-09-03,0.6716,0.6764,0.6688,0.676
2019-09-04,0.676,0.6801,0.6755,0.6797
2019-09-05,0.6797,0.683,0.6794,0.6815
2019-09-06,0.6815,0.6862,0.6807,0.6846
2019-09-09,0.6839,0.6876,0.6837,0.6862
2019-09-10,0.6862,0.687,0.6849,0.6861
2019-09-11,0.6861,0.6885,0.6849,0.6862
2019-09-12,0.6862,0.6895,0.686,0.6866
2019-09-13,0.6866,0.6891,0.6859,0.6879
2019-09-16,0.688,0.6884,0.6854,0.6865
2019-09-17,0.6865,0.687,0.6831,0.6866
2019-09-18,0.6866,0.6869,0.6812,0.6828
2019-09-19,0.6828,0.6831,0.678,0.6792
2019-09-20,0.6793,0.6809,0.676,0.6766
2019-09-23,0.6775,0.6782,0.6765,0.6773
2019-09-24,0.6773,0.6806,0.6765,0.6801
2019-09-25,0.6801,0.6804,0.6739,0.6751
2019-09-26,0.6751,0.6781,0.6746,0.6749
2019-09-27,0.6749,0.6779,0.6744,0.6764
2019-09-30,0.6761,0.677,0.6741,0.675
2019-10-01,0.675,0.6776,0.6672,0.6704
2019-10-02,0.6704,0.6719,0.6671,0.6707
2019-10-03,0.6707,0.6753,0.6702,0.6742
2019-10-04,0.6742,0.6774,0.6739,0.6771
2019-10-07,0.6763,0.6766,0.673,0.6733
2019-10-08,0.6733,0.6757,0.6723,0.6728
2019-10-09,0.6728,0.675,0.6723,0.6725
2019-10-10,0.6725,0.6775,0.671,0.6761
2019-10-11,0.6761,0.6811,0.6753,0.6794
2019-10-14,0.6783,0.6803,0.6751,0.6775
2019-10-15,0.6775,0.6789,0.6743,0.6753
2019-10-16,0.6753,0.6766,0.6724,0.6759
2019-10-17,0.6759,0.6833,0.6752,0.6824
2019-10-18,0.6824,0.6858,0.6821,0.6856
2019-10-21,0.6849,0.688,0.684,0.6868
2019-10-22,0.6868,0.6883,0.6851,0.6855
2019-10-23,0.6855,0.6862,0.6834,0.6853
2019-10-24,0.6853,0.6858,0.6811,0.6819
2019-10-25,0.6819,0.6836,0.6809,0.6823
2019-10-28,0.6823,0.6845,0.6811,0.6838
2019-10-29,0.6838,0.6872,0.6836,0.6865
2019-10-30,0.6865,0.6904,0.6849,0.6903
2019-10-31,0.6903,0.693,0.6883,0.6894
2019-11-01,0.6894,0.6921,0.6884,0.6904
2019-11-04,0.6908,0.6925,0.6877,0.6884
2019-11-05,0.6884,0.6928,0.6877,0.6893
2019-11-06,0.6893,0.6908,0.6869,0.6884
2019-11-07,0.6884,0.6913,0.6862,0.6898
2019-11-08,0.6898,0.6906,0.6848,0.6863
2019-11-11,0.6867,0.687,0.6847,0.6851
2019-11-12,0.6851,0.6857,0.6832,0.6841
2019-11-13,0.6841,0.6857,0.6821,0.6838
2019-11-14,0.6838,0.6841,0.677,0.6786
2019-11-15,0.6786,0.6822,0.6781,0.6817
2019-11-18,0.6809,0.6822,0.6799,0.6811
2019-11-19,0.6811,0.6835,0.6785,0.6828
2019-11-20,0.6828,0.6831,0.679,0.6803
2019-11-21,0.6803,0.6814,0.6783,0.6787
2019-11-22,0.6787,0.6803,0.6781,0.6786
2019-11-25,0.6794,0.6803,0.6768,0.6779
2019-11-26,0.6779,0.6795,0.6769,0.6788
2019-11-27,0.6788,0.6791,0.6772,0.6776
2019-11-28,0.6776,0.6778,0.6759,0.677
2019-11-29,0.677,0.678,0.6754,0.6763
2019-12-02,0.6764,0.6826,0.6756,0.6819
2019-12-03,0.6819,0.6862,0.6815,0.6847
2019-12-04,0.6847,0.6855,0.6813,0.6849
2019-12-05,0.6849,0.6855,0.6821,0.6834
2019-12-06,0.6834,0.6857,0.6824,0.6841
2019-12-09,0.6833,0.684,0.682,0.6823
2019-12-10,0.6823,0.6837,0.68,0.6809
2019-12-11,0.6809,0.6889,0.6805,0.6876
2019-12-12,0.6876,0.6913,0.6868,0.6909
2019-12-13,0.6909,0.6939,0.6864,0.6876
2019-12-16,0.6892,0.6898,0.6869,0.6885
2019-12-17,0.6885,0.6885,0.6838,0.6851
2019-12-18,0.6852,0.6864,0.6839,0.6853
2019-12-19,0.6853,0.6888,0.6849,0.6886
2019-12-20,0.6886,0.6907,0.6883,0.69
2019-12-23,0.6896,0.6929,0.6892,0.6922
2019-12-24,0.6922,0.693,0.6913,0.6922
2019-12-25,0.6922,0.6933,0.6904,0.692
2019-12-26,0.692,0.695,0.6918,0.6945
2019-12-27,0.6945,0.6987,0.6941,0.698
2019-12-30,0.6979,0.7005,0.6964,0.6994
2019-12-31,0.6994,0.7032,0.6994,0.7021
2020-01-01,0.7021,0.7024,0.7006,0.7017
2020-01-02,0.7017,0.702,0.6979,0.6993
2020-01-03,0.6993,0.6995,0.693,0.695
2020-01-06,0.6954,0.6968,0.6925,0.694
2020-01-07,0.694,0.6943,0.6859,0.687
2020-01-08,0.687,0.6885,0.6849,0.6866
2020-01-09,0.6866,0.6881,0.685,0.6858
2020-01-10,0.6858,0.6911,0.6851,0.6901
2020-01-13,0.6894,0.692,0.6882,0.6904
2020-01-14,0.6904,0.691,0.6885,0.6902
2020-01-15,0.6902,0.6917,0.6877,0.6902
2020-01-16,0.6902,0.6934,0.6888,0.6898
2020-01-17,0.6898,0.6911,0.6871,0.6879
2020-01-20,0.6877,0.6889,0.6855,0.6873
2020-01-21,0.6873,0.6881,0.6843,0.6845
2020-01-22,0.6845,0.6856,0.6827,0.6844
2020-01-23,0.6844,0.6879,0.683,0.6847
2020-01-24,0.6847,0.6857,0.6818,0.6832
2020-01-27,0.6817,0.6827,0.6752,0.6761
2020-01-28,0.6761,0.6765,0.6737,0.6762
2020-01-29,0.6762,0.6777,0.6735,0.6754
2020-01-30,0.6754,0.6755,0.67,0.6722
2020-01-31,0.6722,0.673,0.6683,0.6692
2020-02-03,0.6688,0.6707,0.6682,0.6692
2020-02-04,0.6692,0.6742,0.6679,0.6739
2020-02-05,0.6739,0.6774,0.6724,0.6746
2020-02-06,0.6746,0.6765,0.6727,0.673
2020-02-07,0.673,0.6736,0.6662,0.6673
2020-02-10,0.668,0.6707,0.666,0.6687
2020-02-11,0.6687,0.6737,0.6681,0.6714
2020-02-12,0.6714,0.675,0.6712,0.6737
2020-02-13,0.6737,0.6745,0.6707,0.6719
2020-02-14,0.6719,0.6732,0.6709,0.6714
2020-02-17,0.6712,0.6733,0.6712,0.6714
2020-02-18,0.6714,0.6716,0.6674,0.6686
2020-02-19,0.6686,0.6708,0.6665,0.6675
2020-02-20,0.6674,0.6695,0.661,0.6615
2020-02-21,0.6615,0.6639,0.6586,0.6627
2020-02-24,0.6626,0.663,0.6585,0.6605
2020-02-25,0.6604,0.6623,0.6586,0.6604
2020-02-26,0.6604,0.6607,0.6543,0.6544
2020-02-27,0.6544,0.6592,0.6544,0.6569
2020-02-28,0.6569,0.6585,0.6434,0.6515
2020-03-02,0.6487,0.6568,0.646,0.6537
2020-03-03,0.6535,0.6645,0.651,0.6584
2020-03-04,0.6584,0.6628,0.6577,0.6627
2020-03-05,0.6627,0.6637,0.6584,0.6614
2020-03-06,0.6614,0.6658,0.6585,0.6636
2020-03-09,0.663,0.6685,0.6313,0.6587
2020-03-10,0.6587,0.6613,0.6463,0.6505
2020-03-11,0.6505,0.6539,0.648,0.6484
2020-03-12,0.6484,0.6492,0.6213,0.6236
2020-03-13,0.6236,0.6326,0.6124,0.6203
2020-03-16,0.6151,0.6307,0.6079,0.6117
2020-03-17,0.6117,0.6149,0.5959,0.6
2020-03-18,0.5999,0.6028,0.5702,0.5773
2020-03-19,0.5773,0.5964,0.551,0.5743
2020-03-20,0.5743,0.5985,0.5665,0.5785
2020-03-23,0.579,0.5846,0.57,0.5838
2020-03-24,0.5838,0.5975,0.5812,0.5958
2020-03-25,0.5958,0.6074,0.5931,0.5959
2020-03-26,0.5959,0.6088,0.5871,0.6063
2020-03-27,0.6063,0.62,0.6023,0.6168
2020-03-30,0.6162,0.6193,0.6112,0.6174
2020-03-31,0.6174,0.6214,0.6078,0.6131
2020-04-01,0.6131,0.6185,0.6039,0.6071
2020-04-02,0.6071,0.6119,0.6007,0.6061
2020-04-03,0.6061,0.6076,0.598,0.5997
2020-04-06,0.6009,0.6106,0.599,0.6088
2020-04-07,0.6088,0.6208,0.6076,0.617
2020-04-08,0.617,0.6245,0.6116,0.623
2020-04-09,0.623,0.6363,0.6195,0.634
2020-04-10,0.634,0.6368,0.6313,0.6349
2020-04-13,0.6351,0.6409,0.6327,0.6382
2020-04-14,0.6382,0.6445,0.6375,0.6442
2020-04-15,0.6442,0.6444,0.6284,0.6319
2020-04-16,0.6319,0.6334,0.6264,0.6327
2020-04-17,0.6327,0.6384,0.6315,0.6366
2020-04-20,0.6366,0.6397,0.6333,0.6336
2020-04-21,0.6336,0.6347,0.6254,0.628
2020-04-22,0.628,0.6351,0.6277,0.6323
2020-04-23,0.6323,0.6406,0.6283,0.637
2020-04-24,0.637,0.6398,0.6337,0.6371
2020-04-27,0.6382,0.6472,0.638,0.6465
2020-04-28,0.6465,0.6514,0.6434,0.6491
2020-04-29,0.6491,0.6558,0.6487,0.6557
2020-04-30,0.6557,0.657,0.649,0.6512
2020-05-01,0.6512,0.6512,0.641,0.6418
2020-05-04,0.6421,0.6435,0.6373,0.6428
2020-05-05,0.6428,0.6476,0.6417,0.6431
2020-05-06,0.6431,0.6453,0.6394,0.64
2020-05-07,0.6399,0.6506,0.6379,0.6495
2020-05-08,0.6495,0.6548,0.6493,0.6532
2020-05-11,0.6527,0.6561,0.6457,0.6489
2020-05-12,0.6489,0.6536,0.6432,0.6471
2020-05-13,0.6471,0.6524,0.6438,0.6455
2020-05-14,0.6455,0.6468,0.6404,0.6462
2020-05-15,0.6462,0.6474,0.6402,0.6413
2020-05-18,0.6426,0.6527,0.6412,0.6524
2020-05-19,0.6524,0.6585,0.651,0.6537
2020-05-20,0.6537,0.6616,0.6525,0.6597
2020-05-21,0.6597,0.66,0.6549,0.6565
2020-05-22,0.6565,0.6572,0.6506,0.6537
2020-05-25,0.6532,0.655,0.652,0.6545
2020-05-26,0.6545,0.6675,0.6538,0.6653
2020-05-27,0.6653,0.668,0.6568,0.6622
2020-05-28,0.6622,0.6668,0.6588,0.6637
2020-05-29,0.6637,0.6683,0.6612,0.6667
2020-06-01,0.666,0.6803,0.6646,0.6798
2020-06-02,0.6798,0.6898,0.6775,0.6897
2020-06-03,0.6897,0.6983,0.6857,0.6921
2020-06-04,0.692,0.6988,0.6883,0.6942
2020-06-05,0.6943,0.7013,0.6931,0.6969
2020-06-08,0.6979,0.7029,0.6962,0.7021
2020-06-09,0.7021,0.7041,0.6899,0.6961
2020-06-10,0.6961,0.7063,0.6933,0.6998
2020-06-11,0.6998,0.7005,0.684,0.6855
2020-06-12,0.6855,0.6912,0.68,0.6866
2020-06-15,0.6835,0.6925,0.6777,0.6919
2020-06-16,0.6919,0.6977,0.6834,0.6889
2020-06-17,0.6889,0.6923,0.6852,0.6884
2020-06-18,0.6884,0.6903,0.6836,0.6852
2020-06-19,0.6852,0.6912,0.683,0.6835
2020-06-22,0.6814,0.6923,0.6805,0.6908
2020-06-23,0.6908,0.6975,0.6858,0.693
2020-06-24,0.693,0.6962,0.6863,0.6869
2020-06-25,0.6869,0.6893,0.6848,0.6887
2020-06-26,0.6887,0.6895,0.6841,0.6865
2020-06-29,0.6862,0.6891,0.6842,0.6866
2020-06-30,0.6866,0.6912,0.6833,0.6903
2020-07-01,0.6903,0.6944,0.6877,0.6915
2020-07-02,0.6915,0.6952,0.6902,0.6924
2020-07-03,0.6924,0.6948,0.6914,0.6939
2020-07-06,0.6931,0.6988,0.6925,0.6973
2020-07-07,0.6973,0.6998,0.6922,0.6947
2020-07-08,0.6947,0.6986,0.6927,0.6982
2020-07-09,0.6982,0.7001,0.695,0.6964
2020-07-10,0.6964,0.6969,0.6924,0.695
2020-07-13,0.6951,0.6993,0.6939,0.694
2020-07-14,0.694,0.6978,0.6921,0.6975
2020-07-15,0.6975,0.7038,0.6971,0.7008
2020-07-16,0.7008,0.7016,0.6963,0.6971
2020-07-17,0.6971,0.7005,0.6968,0.6996
2020-07-20,0.6986,0.7018,0.6973,0.7016
2020-07-21,0.7016,0.7147,0.701,0.7128
2020-07-22,0.7128,0.7182,0.7112,0.714
2020-07-23,0.714,0.7162,0.7091,0.7098
2020-07-24,0.7098,0.7125,0.7064,0.7105
2020-07-27,0.7093,0.715,0.7087,0.7149
2020-07-28,0.7149,0.7177,0.7113,0.7158
2020-07-29,0.7158,0.7197,0.7149,0.7188
2020-07-30,0.7188,0.7198,0.7121,0.7195
2020-07-31,0.7194,0.7227,0.7134,0.7143
2020-08-03,0.7146,0.715,0.7076,0.7124
2020-08-04,0.7124,0.7167,0.7106,0.716
2020-08-05,0.716,0.7241,0.7152,0.7192
2020-08-06,0.7192,0.7239,0.7174,0.7236
2020-08-07,0.7235,0.7243,0.7145,0.7157
2020-08-10,0.7165,0.7184,0.714,0.715
2020-08-11,0.715,0.719,0.7135,0.7143
2020-08-12,0.7143,0.7176,0.7109,0.7162
2020-08-13,0.7162,0.7188,0.7136,0.7149
2020-08-14,0.7149,0.7175,0.7132,0.7171
2020-08-17,0.7164,0.7227,0.7162,0.7214
2020-08-18,0.7214,0.7265,0.7209,0.7243
2020-08-19,0.7243,0.7276,0.7179,0.7182
2020-08-20,0.7182,0.7203,0.7136,0.7192
2020-08-21,0.7192,0.7216,0.714,0.7161
2020-08-24,0.7161,0.7204,0.7153,0.7163
2020-08-25,0.7163,0.7198,0.7151,0.7195
2020-08-26,0.7195,0.724,0.7188,0.7233
2020-08-27,0.7233,0.729,0.7217,0.7259
2020-08-28,0.726,0.7367,0.7255,0.7365
2020-08-31,0.7352,0.7403,0.734,0.7376
2020-09-01,0.7376,0.7414,0.7359,0.7372
2020-09-02,0.7372,0.7382,0.7301,0.7338
2020-09-03,0.7338,0.734,0.7265,0.7273
2020-09-04,0.7273,0.7299,0.7222,0.7282
2020-09-07,0.7283,0.7298,0.727,0.7277
2020-09-08,0.7277,0.7309,0.7211,0.7214
2020-09-09,0.7214,0.7288,0.7192,0.7283
2020-09-10,0.7283,0.7325,0.7248,0.7258
2020-09-11,0.7258,0.7306,0.7253,0.7284
2020-09-14,0.7279,0.7304,0.7265,0.7288
2020-09-15,0.7288,0.7343,0.7267,0.7302
2020-09-16,0.7302,0.7345,0.7279,0.7306
2020-09-17,0.7306,0.7315,0.7254,0.7313
2020-09-18,0.7313,0.7334,0.7283,0.7289
2020-09-21,0.7304,0.7324,0.7199,0.7224
2020-09-22,0.7224,0.7235,0.7155,0.7171
2020-09-23,0.7171,0.7177,0.7069,0.7072
2020-09-24,0.7072,0.7082,0.7016,0.7047
2020-09-25,0.7047,0.7087,0.7006,0.7031
2020-09-28,0.7029,0.7074,0.7029,0.7071
2020-09-29,0.7071,0.7138,0.707,0.713
2020-09-30,0.713,0.7175,0.71,0.7162
2020-10-01,0.7162,0.7209,0.7155,0.7185
2020-10-02,0.7185,0.719,0.7131,0.7161
2020-10-05,0.7162,0.7193,0.7159,0.7181
2020-10-06,0.7181,0.7209,0.71,0.7102
2020-10-07,0.7102,0.7152,0.7096,0.7139
2020-10-08,0.7139,0.717,0.7123,0.7165
2020-10-09,0.7165,0.7243,0.7161,0.724
2020-10-12,0.7217,0.7235,0.7204,0.7209
2020-10-13,0.7209,0.7218,0.715,0.7161
2020-10-14,0.7161,0.7191,0.7153,0.7162
2020-10-15,0.7162,0.717,0.7056,0.7094
2020-10-16,0.7094,0.7098,0.7071,0.7081
2020-10-19,0.7087,0.7115,0.7059,0.7074
2020-10-20,0.7074,0.7075,0.7021,0.7048
2020-10-21,0.7048,0.7137,0.7047,0.7117
2020-10-22,0.7117,0.7125,0.7085,0.7118
2020-10-23,0.7118,0.7158,0.7101,0.7139
2020-10-26,0.713,0.7146,0.7103,0.7123
2020-10-27,0.7123,0.7147,0.7116,0.7129
2020-10-28,0.7129,0.7157,0.7038,0.7045
2020-10-29,0.7045,0.7076,0.7002,0.7029
2020-10-30,0.7029,0.7072,0.7012,0.7028
2020-11-02,0.7032,0.7058,0.6991,0.7055
2020-11-03,0.7055,0.7175,0.7028,0.7164
2020-11-04,0.7164,0.7222,0.7049,0.7182
2020-11-05,0.7182,0.7289,0.7145,0.7283
2020-11-06,0.7283,0.7287,0.7239,0.7258
2020-11-09,0.727,0.734,0.7267,0.7284
2020-11-10,0.7283,0.7294,0.7253,0.7284
2020-11-11,0.7284,0.7318,0.726,0.7281
2020-11-12,0.7281,0.7294,0.7224,0.7232
2020-11-13,0.7232,0.7273,0.7222,0.727
2020-11-16,0.7267,0.7327,0.7259,0.732
2020-11-17,0.732,0.734,0.7289,0.7301
2020-11-18,0.7301,0.7331,0.7272,0.7305
2020-11-19,0.7305,0.7306,0.7255,0.7288
2020-11-20,0.7287,0.7324,0.7266,0.7302
2020-11-23,0.7302,0.7338,0.7265,0.7286
2020-11-24,0.7286,0.7368,0.7284,0.7361
2020-11-25,0.7361,0.7373,0.7325,0.7365
2020-11-26,0.7365,0.7375,0.7354,0.7362
2020-11-27,0.7362,0.7399,0.7353,0.7387
2020-11-30,0.738,0.7407,0.7339,0.7344
2020-12-01,0.7344,0.7373,0.7342,0.7371
2020-12-02,0.7371,0.742,0.7351,0.7416
2020-12-03,0.7416,0.745,0.7398,0.7439
2020-12-04,0.7439,0.7444,0.741,0.7425
2020-12-07,0.743,0.7453,0.7373,0.7421
2020-12-08,0.7421,0.7435,0.7399,0.7411
2020-12-09,0.7411,0.7485,0.7405,0.7447
2020-12-10,0.7447,0.754,0.7427,0.7535
2020-12-11,0.7535,0.7572,0.752,0.7533
2020-12-14,0.7542,0.7578,0.7525,0.7535
2020-12-15,0.7535,0.7572,0.7507,0.7559
2020-12-16,0.7559,0.7579,0.7539,0.7577
2020-12-17,0.7577,0.764,0.7567,0.7622
2020-12-18,0.7622,0.7629,0.7583,0.7622
2020-12-21,0.759,0.7607,0.7462,0.7587
2020-12-22,0.7587,0.7591,0.7517,0.7523
2020-12-23,0.7523,0.7591,0.7518,0.7575
2020-12-24,0.7575,0.7607,0.757,0.7597
2020-12-25,0.7597,0.7608,0.7577,0.7605
2020-12-28,0.7604,0.7623,0.7557,0.7579
2020-12-29,0.7579,0.7625,0.7578,0.7606
2020-12-30,0.7606,0.7686,0.7603,0.7686
2020-12-31,0.7686,0.7742,0.7679,0.7694
2021-01-01,0.7694,0.7694,0.7693,0.7694
2021-01-04,0.7711,0.7741,0.7643,0.7665
2021-01-05,0.7665,0.7778,0.7661,0.7759
2021-01-06,0.776,0.782,0.7733,0.7802
2021-01-07,0.7802,0.7817,0.7726,0.7769
2021-01-08,0.7769,0.7799,0.7728,0.7757
2021-01-11,0.7756,0.7768,0.7666,0.7697
2021-01-12,0.7697,0.7778,0.7687,0.7772
2021-01-13,0.7772,0.7781,0.7722,0.7733
2021-01-14,0.7733,0.7805,0.7729,0.7778
2021-01-15,0.7778,0.7789,0.7682,0.7703
2021-01-18,0.7705,0.7713,0.7659,0.7681
2021-01-19,0.7681,0.7725,0.7673,0.7695
2021-01-20,0.7695,0.7761,0.7692,0.7747
2021-01-21,0.7747,0.7782,0.7742,0.7764
2021-01-22,0.7764,0.777,0.7702,0.7715
2021-01-25,0.7725,0.7747,0.7683,0.7713
2021-01-26,0.7713,0.7754,0.7669,0.7747
2021-01-27,0.7745,0.7764,0.7644,0.7663
2021-01-28,0.7663,0.7698,0.7592,0.7683
2021-01-29,0.7683,0.7704,0.7631,0.7644
2021-02-01,0.764,0.7663,0.7606,0.7621
2021-02-02,0.7621,0.7662,0.7564,0.7607
2021-02-03,0.7607,0.7626,0.7602,0.7618
2021-02-04,0.7618,0.7648,0.7588,0.76
2021-02-05,0.76,0.7679,0.7583,0.7678
2021-02-08,0.7666,0.7715,0.7651,0.7702
2021-02-09,0.7702,0.774,0.77,0.7739
2021-02-10,0.7739,0.7756,0.7717,0.7722
2021-02-11,0.7722,0.7772,0.7713,0.7752
2021-02-12,0.7752,0.7765,0.7718,0.7761
2021-02-15,0.7758,0.7789,0.7757,0.7781
2021-02-16,0.7781,0.7805,0.7745,0.7758
2021-02-17,0.7757,0.7772,0.7724,0.7751
2021-02-18,0.7751,0.779,0.7731,0.7768
2021-02-19,0.7768,0.7877,0.7758,0.7869
2021-02-22,0.7864,0.7929,0.7856,0.7916
2021-02-23,0.7916,0.7935,0.788,0.7911
2021-02-24,0.7911,0.7973,0.7895,0.7968
2021-02-25,0.7968,0.8007,0.7859,0.7873
2021-02-26,0.7872,0.7883,0.7693,0.7706
2021-03-01,0.7705,0.7787,0.7702,0.7772
2021-03-02,0.7772,0.7838,0.7736,0.782
2021-03-03,0.782,0.7838,0.7771,0.7775
2021-03-04,0.7775,0.7815,0.7709,0.7726
2021-03-05,0.7727,0.773,0.7622,0.7686
2021-03-08,0.7682,0.7722,0.7636,0.765
2021-03-09,0.765,0.7726,0.7621,0.7714
2021-03-10,0.7714,0.7746,0.7669,0.7736
2021-03-11,0.7736,0.7794,0.7723,0.779
2021-03-12,0.779,0.78,0.7725,0.7764
2021-03-15,0.775,0.7776,0.7706,0.7755
2021-03-16,0.7755,0.7759,0.7711,0.7746
2021-03-17,0.7746,0.781,0.7699,0.7798
2021-03-18,0.7798,0.7849,0.7749,0.7759
2021-03-19,0.7759,0.7774,0.7718,0.7742
2021-03-22,0.7709,0.7757,0.7691,0.7746
2021-03-23,0.7746,0.775,0.7617,0.7624
2021-03-24,0.7623,0.7636,0.758,0.7582
2021-03-25,0.7582,0.7614,0.7563,0.758
2021-03-26,0.758,0.7644,0.7576,0.7637
2021-03-29,0.7637,0.7656,0.7615,0.7633
2021-03-30,0.7633,0.7664,0.7585,0.7597
2021-03-31,0.7597,0.7637,0.7588,0.7598
2021-04-01,0.7598,0.762,0.7532,0.7617
2021-04-02,0.7617,0.7637,0.7596,0.761
2021-04-05,0.7598,0.7661,0.7597,0.7651
2021-04-06,0.765,0.7668,0.7606,0.7664
2021-04-07,0.7664,0.7677,0.7601,0.7614
2021-04-08,0.7615,0.766,0.7603,0.7653
2021-04-09,0.7653,0.7661,0.7588,0.7623
2021-04-12,0.7623,0.7636,0.7595,0.7623
2021-04-13,0.7623,0.7649,0.7586,0.7641
2021-04-14,0.7641,0.7738,0.7635,0.7728
2021-04-15,0.7728,0.7761,0.7706,0.7752
2021-04-16,0.7752,0.7759,0.7724,0.7734
2021-04-19,0.7736,0.7785,0.7706,0.7759
2021-04-20,0.7759,0.7816,0.7709,0.7726
2021-04-21,0.7726,0.7762,0.77,0.7754
2021-04-22,0.7754,0.7765,0.7691,0.7707
2021-04-23,0.7708,0.776,0.7698,0.7739
2021-04-26,0.7749,0.7815,0.7737,0.78
2021-04-27,0.78,0.7805,0.7762,0.7765
2021-04-28,0.7765,0.7801,0.7726,0.7791
2021-04-29,0.7791,0.7818,0.775,0.7766
2021-04-30,0.7767,0.7784,0.7696,0.7716
2021-05-03,0.7719,0.7767,0.7706,0.7763
2021-05-04,0.7763,0.7764,0.7675,0.7707
2021-05-05,0.7707,0.7755,0.7704,0.7747
2021-05-06,0.7747,0.7788,0.7701,0.7782
2021-05-07,0.7782,0.7862,0.7761,0.7844
2021-05-10,0.7848,0.7891,0.7827,0.783
2021-05-11,0.783,0.7856,0.782,0.7842
2021-05-12,0.7842,0.7846,0.7719,0.7725
2021-05-13,0.7725,0.7746,0.7688,0.773
2021-05-14,0.773,0.7787,0.7714,0.7771
2021-05-17,0.7783,0.7786,0.7731,0.7764
2021-05-18,0.7764,0.7813,0.7759,0.7792
2021-05-19,0.7792,0.7802,0.7711,0.7728
2021-05-20,0.7728,0.7781,0.7717,0.7776
2021-05-21,0.7776,0.7783,0.7719,0.7732
2021-05-24,0.7731,0.7758,0.7706,0.7752
2021-05-25,0.7752,0.7776,0.7733,0.7751
2021-05-26,0.7752,0.7796,0.7731,0.7743
2021-05-27,0.7743,0.7758,0.7723,0.7747
2021-05-28,0.7747,0.7748,0.7677,0.7712
2021-05-31,0.771,0.7741,0.7701,0.7734
2021-06-01,0.7734,0.7769,0.7731,0.7754
2021-06-02,0.7754,0.7773,0.7716,0.7754
2021-06-03,0.7754,0.7754,0.7646,0.7658
2021-06-04,0.7658,0.7745,0.7651,0.7739
2021-06-07,0.7736,0.7766,0.7727,0.7754
2021-06-08,0.7754,0.7764,0.7732,0.7742
2021-06-09,0.7742,0.7762,0.7724,0.7731
2021-06-10,0.7731,0.7764,0.7718,0.7754
2021-06-11,0.7754,0.7776,0.7688,0.7708
2021-06-14,0.7702,0.7726,0.7694,0.7712
2021-06-15,0.7712,0.7717,0.7674,0.7687
2021-06-16,0.7687,0.7716,0.7607,0.761
2021-06-17,0.761,0.7645,0.754,0.7552
2021-06-18,0.7552,0.7561,0.7478,0.7479
2021-06-21,0.7509,0.7546,0.7476,0.7535
2021-06-22,0.7535,0.7564,0.7494,0.7554
2021-06-23,0.7554,0.7599,0.7538,0.7575
2021-06-24,0.7576,0.7592,0.7566,0.7583
2021-06-25,0.7583,0.7617,0.758,0.759
2021-06-28,0.76,0.7602,0.7555,0.7567
2021-06-29,0.7567,0.7571,0.7508,0.7512
2021-06-30,0.7512,0.7527,0.7492,0.7498
2021-07-01,0.7498,0.7508,0.746,0.747
2021-07-02,0.747,0.7533,0.7445,0.7526
2021-07-05,0.7523,0.7537,0.7509,0.753
2021-07-06,0.7529,0.7599,0.7481,0.7497
2021-07-07,0.7497,0.7534,0.7463,0.7487
2021-07-08,0.7487,0.7495,0.7417,0.7429
2021-07-09,0.7429,0.7494,0.741,0.7488
2021-07-12,0.7475,0.7496,0.7449,0.7476
2021-07-13,0.7476,0.7503,0.7427,0.7447
2021-07-14,0.7447,0.7486,0.7431,0.7481
2021-07-15,0.7481,0.7487,0.7411,0.7423
2021-07-16,0.7423,0.7443,0.7392,0.7401
2021-07-19,0.7402,0.7429,0.7322,0.7344
2021-07-20,0.7344,0.7357,0.73,0.733
2021-07-21,0.733,0.7363,0.729,0.7359
2021-07-22,0.7359,0.7397,0.7342,0.7379
2021-07-23,0.7379,0.7399,0.7357,0.7366
2021-07-26,0.737,0.7391,0.7331,0.7385
2021-07-27,0.7385,0.7389,0.7337,0.7362
2021-07-28,0.7362,0.7381,0.7317,0.7376
2021-07-29,0.7376,0.7413,0.7359,0.7396
2021-07-30,0.7396,0.7405,0.7331,0.7344
2021-08-02,0.7344,0.7382,0.7329,0.7361
2021-08-03,0.7362,0.7408,0.7358,0.7396
2021-08-04,0.7396,0.7427,0.737,0.7379
2021-08-05,0.7379,0.7416,0.7376,0.7405
2021-08-06,0.7405,0.7406,0.7347,0.7356
2021-08-09,0.7361,0.7364,0.7328,0.7333
2021-08-10,0.7333,0.7356,0.7316,0.735
2021-08-11,0.735,0.7389,0.7323,0.7374
2021-08-12,0.7374,0.7377,0.7332,0.7335
2021-08-13,0.7335,0.7381,0.7333,0.737
2021-08-16,0.7368,0.7373,0.7319,0.7338
2021-08-17,0.7338,0.7341,0.7243,0.7253
2021-08-18,0.7253,0.727,0.7229,0.7232
2021-08-19,0.7232,0.725,0.7142,0.7147
2021-08-20,0.7147,0.7156,0.7106,0.7132
2021-08-23,0.7126,0.7218,0.7115,0.7209
2021-08-24,0.7209,0.7271,0.7201,0.7258
2021-08-25,0.7258,0.728,0.7237,0.7276
2021-08-26,0.7276,0.728,0.7234,0.7237
2021-08-27,0.7237,0.7317,0.7222,0.7312
2021-08-30,0.731,0.7318,0.7285,0.7296
2021-08-31,0.7296,0.7341,0.7288,0.7316
2021-09-01,0.7316,0.7384,0.7308,0.7366
2021-09-02,0.7366,0.7409,0.7356,0.74
2021-09-03,0.74,0.7478,0.7395,0.746
2021-09-06,0.7452,0.7462,0.7427,0.7439
2021-09-07,0.7439,0.7468,0.7375,0.7386
2021-09-08,0.7386,0.7404,0.7345,0.7365
2021-09-09,0.7365,0.7394,0.7347,0.7368
2021-09-10,0.7368,0.741,0.7349,0.7356
2021-09-13,0.7361,0.7376,0.7336,0.7369
2021-09-14,0.7369,0.7373,0.7314,0.732
2021-09-15,0.732,0.7339,0.7301,0.7333
2021-09-16,0.7333,0.7347,0.7274,0.7292
2021-09-17,0.7292,0.7322,0.7262,0.7265
2021-09-20,0.7272,0.7276,0.722,0.7252
2021-09-21,0.7252,0.7283,0.7222,0.7231
2021-09-22,0.7231,0.7297,0.7224,0.7247
2021-09-23,0.7247,0.7316,0.7223,0.7295
2021-09-24,0.7295,0.7316,0.7236,0.7262
2021-09-27,0.7247,0.7294,0.7245,0.7286
2021-09-28,0.7286,0.7311,0.7226,0.7236
2021-09-29,0.7236,0.7264,0.717,0.7176
2021-09-30,0.7176,0.7257,0.7173,0.7227
2021-10-01,0.7227,0.7276,0.7192,0.7258
2021-10-04,0.7258,0.7304,0.7251,0.7281
2021-10-05,0.7281,0.7301,0.7249,0.7292
2021-10-06,0.7292,0.7294,0.7226,0.7272
2021-10-07,0.7272,0.7324,0.727,0.7312
2021-10-08,0.7312,0.7338,0.7288,0.7309
2021-10-11,0.7309,0.7373,0.7292,0.7351
2021-10-12,0.7351,0.7385,0.7332,0.735
2021-10-13,0.735,0.7382,0.7324,0.7379
2021-10-14,0.7379,0.7427,0.7372,0.7416
2021-10-15,0.7416,0.744,0.7404,0.7421
2021-10-18,0.7418,0.7438,0.7379,0.7411
2021-10-19,0.7412,0.7486,0.7408,0.7474
2021-10-20,0.7474,0.7523,0.7465,0.7516
2021-10-21,0.7516,0.7546,0.7459,0.7467
2021-10-22,0.7467,0.7512,0.7454,0.7466
2021-10-25,0.7466,0.7505,0.7464,0.7491
2021-10-26,0.7491,0.7525,0.7485,0.7501
2021-10-27,0.7501,0.7536,0.7488,0.7517
2021-10-28,0.7517,0.7556,0.748,0.7544
2021-10-29,0.7544,0.7555,0.75,0.7518
2021-11-01,0.7511,0.7536,0.7486,0.7526
2021-11-02,0.7526,0.7532,0.742,0.7429
2021-11-03,0.7429,0.7459,0.7412,0.7448
2021-11-04,0.7448,0.7471,0.7383,0.7401
2021-11-05,0.7401,0.7412,0.736,0.74
2021-11-08,0.7399,0.7431,0.7384,0.7423
2021-11-09,0.7423,0.7432,0.7361,0.7378
2021-11-10,0.7378,0.7393,0.7324,0.7327
2021-11-11,0.7327,0.7341,0.7287,0.7294
2021-11-12,0.7294,0.7335,0.7277,0.7332
2021-11-15,0.7331,0.7371,0.7322,0.7347
2021-11-16,0.7347,0.7368,0.7292,0.7303
2021-11-17,0.7303,0.7305,0.7259,0.7267
2021-11-18,0.7267,0.7293,0.725,0.7277
2021-11-19,0.7277,0.7291,0.7227,0.7235
2021-11-22,0.7246,0.7273,0.7221,0.7225
2021-11-23,0.7225,0.7236,0.7207,0.7228
2021-11-24,0.7228,0.7228,0.7184,0.7196
2021-11-25,0.7196,0.7209,0.718,0.719
2021-11-26,0.719,0.7198,0.7113,0.7123
2021-11-29,0.7115,0.716,0.7114,0.7143
2021-11-30,0.7143,0.7171,0.7063,0.7127
2021-12-01,0.7127,0.7173,0.7095,0.7105
2021-12-02,0.7105,0.712,0.7085,0.7094
2021-12-03,0.7094,0.7099,0.6993,0.7001
2021-12-06,0.6998,0.7054,0.6995,0.705
2021-12-07,0.705,0.7123,0.704,0.7119
2021-12-08,0.7119,0.7184,0.7115,0.7172
2021-12-09,0.7172,0.7187,0.7136,0.7149
2021-12-10,0.715,0.7182,0.7132,0.7172
2021-12-13,0.7158,0.7176,0.7111,0.7131
2021-12-14,0.7131,0.7136,0.709,0.7104
2021-12-15,0.7104,0.7178,0.7093,0.7169
2021-12-16,0.7169,0.7224,0.7146,0.7184
2021-12-17,0.7184,0.7185,0.7123,0.7125
2021-12-20,0.7146,0.7149,0.7082,0.7112
2021-12-21,0.7112,0.7156,0.7099,0.7155
2021-12-22,0.7155,0.722,0.7121,0.7214
2021-12-23,0.7214,0.7252,0.7196,0.7244
2021-12-24,0.7245,0.7246,0.7218,0.7221
2021-12-27,0.7222,0.7245,0.7206,0.7239
2021-12-28,0.7239,0.7264,0.7219,0.7229
2021-12-29,0.7229,0.7272,0.7213,0.725
2021-12-30,0.725,0.7276,0.7244,0.7256
2021-12-31,0.7256,0.7278,0.7244,0.7263
2022-01-03,0.7261,0.7277,0.7184,0.719
2022-01-04,0.719,0.7249,0.7185,0.7236
2022-01-05,0.7236,0.7272,0.7216,0.7221
2022-01-06,0.7221,0.7223,0.7146,0.7162
2022-01-07,0.7162,0.7188,0.713,0.7181
2022-01-10,0.7169,0.7202,0.7149,0.717
2022-01-11,0.717,0.7213,0.7155,0.721
2022-01-12,0.721,0.7293,0.72,0.7284
2022-01-13,0.7284,0.7314,0.7274,0.7283
2022-01-14,0.7283,0.7294,0.7198,0.7208
2022-01-17,0.7215,0.7229,0.7196,0.7217
2022-01-18,0.7218,0.7228,0.717,0.7185
2022-01-19,0.7185,0.7238,0.7177,0.7211
2022-01-20,0.7211,0.7277,0.7208,0.7226
2022-01-21,0.7226,0.7231,0.7172,0.7185
2022-01-24,0.7176,0.7188,0.7091,0.7145
2022-01-25,0.7145,0.7175,0.7122,0.7151
2022-01-26,0.7151,0.7181,0.7096,0.7115
2022-01-27,0.7115,0.7121,0.7024,0.7033
2022-01-28,0.7033,0.7046,0.6968,0.6988
2022-01-31,0.6999,0.7077,0.6985,0.7067
2022-02-01,0.7067,0.7131,0.7034,0.7129
2022-02-02,0.7129,0.7159,0.7118,0.7137
2022-02-03,0.7137,0.7168,0.711,0.7141
2022-02-04,0.7141,0.7152,0.7052,0.7072
2022-02-07,0.7077,0.713,0.7065,0.7126
2022-02-08,0.7126,0.7147,0.7107,0.7146
2022-02-09,0.7146,0.7195,0.7142,0.7179
2022-02-10,0.7179,0.7249,0.7148,0.7167
2022-02-11,0.7167,0.7185,0.7109,0.7137
2022-02-14,0.7149,0.7158,0.7086,0.7127
2022-02-15,0.7127,0.7157,0.7102,0.7152
2022-02-16,0.7152,0.7205,0.7144,0.7195
2022-02-17,0.7195,0.7217,0.715,0.7187
2022-02-18,0.7187,0.7228,0.7165,0.7177
2022-02-21,0.7168,0.7223,0.7164,0.719
2022-02-22,0.719,0.7234,0.7172,0.7219
2022-02-23,0.7219,0.7284,0.7218,0.7234
2022-02-24,0.7234,0.7235,0.7095,0.7163
2022-02-25,0.7163,0.7237,0.7141,0.7226
2022-02-28,0.7183,0.7266,0.7155,0.7263
2022-03-01,0.7263,0.729,0.7239,0.7252
2022-03-02,0.7252,0.7307,0.7244,0.7297
2022-03-03,0.7297,0.7348,0.7276,0.7329
2022-03-04,0.7329,0.7381,0.7301,0.737
2022-03-07,0.7355,0.7441,0.7312,0.7317
2022-03-08,0.7317,0.7348,0.7245,0.7269
2022-03-09,0.7269,0.7337,0.7264,0.7322
2022-03-10,0.7322,0.7368,0.7288,0.7358
2022-03-11,0.7358,0.7367,0.7282,0.7293
2022-03-14,0.7294,0.7301,0.7187,0.7188
2022-03-15,0.7188,0.7227,0.7165,0.7196
2022-03-16,0.7196,0.7297,0.7181,0.729
2022-03-17,0.729,0.7393,0.7283,0.7376
2022-03-18,0.7376,0.7418,0.7361,0.7415
2022-03-21,0.7399,0.7425,0.7374,0.74
2022-03-22,0.74,0.7472,0.7376,0.747
2022-03-23,0.747,0.7507,0.745,0.7499
2022-03-24,0.7499,0.7528,0.7466,0.7513
2022-03-25,0.7513,0.7537,0.7495,0.7515
2022-03-28,0.7514,0.754,0.7467,0.7489
2022-03-29,0.7489,0.7519,0.7457,0.7509
2022-03-30,0.7509,0.7537,0.7502,0.7509
2022-03-31,0.7509,0.7524,0.7471,0.7482
2022-04-01,0.7482,0.7525,0.7473,0.7496
2022-04-04,0.7503,0.7556,0.7483,0.7543
2022-04-05,0.7543,0.7661,0.7536,0.7579
2022-04-06,0.7579,0.7593,0.7486,0.7512
2022-04-07,0.7513,0.7519,0.7467,0.748
2022-04-08,0.748,0.7493,0.7427,0.7458
2022-04-11,0.7458,0.7466,0.7414,0.7417
2022-04-12,0.7417,0.7493,0.74,0.7456
2022-04-13,0.7456,0.7475,0.7392,0.7451
2022-04-14,0.7451,0.7469,0.7397,0.7419
2022-04-15,0.7419,0.7422,0.7392,0.7395
2022-04-18,0.7403,0.7416,0.7343,0.7349
2022-04-19,0.7349,0.74,0.7345,0.7374
2022-04-20,0.7373,0.7458,0.7372,0.745
2022-04-21,0.745,0.7458,0.7365,0.7374
2022-04-22,0.7375,0.7379,0.7235,0.7244
2022-04-25,0.7257,0.7261,0.7135,0.7178
2022-04-26,0.7178,0.7229,0.7119,0.7123
2022-04-27,0.7123,0.7191,0.7101,0.7126
2022-04-28,0.7126,0.7162,0.7055,0.7097
2022-04-29,0.7097,0.718,0.7059,0.7061
2022-05-02,0.7079,0.7082,0.703,0.705
2022-05-03,0.705,0.7148,0.7047,0.7096
2022-05-04,0.7096,0.7266,0.7089,0.726
2022-05-05,0.726,0.7266,0.7077,0.7112
2022-05-06,0.7112,0.7135,0.7059,0.7076
2022-05-09,0.7078,0.7089,0.6945,0.6952
2022-05-10,0.6952,0.6986,0.6911,0.6938
2022-05-11,0.6938,0.7054,0.6928,0.6938
2022-05-12,0.6938,0.6953,0.6829,0.6856
2022-05-13,0.6856,0.6941,0.6854,0.694
2022-05-16,0.6915,0.6982,0.6873,0.6971
2022-05-17,0.6971,0.7041,0.6968,0.7029
2022-05-18,0.7028,0.7047,0.695,0.6955
2022-05-19,0.6956,0.7073,0.6953,0.7049
2022-05-20,0.7049,0.7074,0.7002,0.704
2022-05-23,0.7049,0.7127,0.7045,0.7109
2022-05-24,0.7109,0.7113,0.7057,0.7106
2022-05-25,0.7106,0.7119,0.7036,0.7091
2022-05-26,0.7091,0.711,0.7057,0.7098
2022-05-27,0.7098,0.7167,0.7089,0.7162
2022-05-30,0.7165,0.72,0.7143,0.7196
2022-05-31,0.7196,0.7204,0.715,0.7177
2022-06-01,0.7177,0.723,0.7156,0.7175
2022-06-02,0.7175,0.727,0.7141,0.7265
2022-06-03,0.7265,0.7283,0.7202,0.7207
2022-06-06,0.7219,0.7232,0.7187,0.7193
2022-06-07,0.7193,0.7246,0.7157,0.7232
2022-06-08,0.7232,0.7236,0.7176,0.7194
2022-06-09,0.7194,0.7202,0.7094,0.7098
2022-06-10,0.7098,0.7138,0.7038,0.7058
2022-06-13,0.7053,0.7063,0.6912,0.6923
2022-06-14,0.6924,0.697,0.6851,0.6871
2022-06-15,0.6871,0.7024,0.6864,0.7003
2022-06-16,0.7003,0.7069,0.6944,0.7047
2022-06-17,0.7047,0.7052,0.6898,0.6932
2022-06-20,0.6927,0.6996,0.6913,0.6951
2022-06-21,0.6951,0.6994,0.6935,0.6971
2022-06-22,0.697,0.6973,0.6881,0.6927
2022-06-23,0.6927,0.6928,0.6869,0.6897
2022-06-24,0.6897,0.6958,0.6889,0.6945
2022-06-27,0.6954,0.6959,0.6907,0.6926
2022-06-28,0.6926,0.6964,0.6904,0.6908
2022-06-29,0.6909,0.692,0.6862,0.688
2022-06-30,0.688,0.6919,0.6854,0.6903
2022-07-01,0.6903,0.6905,0.6764,0.6814
2022-07-04,0.6812,0.6889,0.6794,0.6865
2022-07-05,0.6866,0.6895,0.6762,0.6802
2022-07-06,0.6802,0.6826,0.6762,0.6779
2022-07-07,0.6778,0.6849,0.6765,0.6838
2022-07-08,0.6838,0.6874,0.6792,0.6857
2022-07-11,0.6858,0.686,0.6715,0.6734
2022-07-12,0.6734,0.6779,0.6711,0.6758
2022-07-13,0.6758,0.6804,0.6726,0.676
2022-07-14,0.676,0.6787,0.6682,0.675
2022-07-15,0.675,0.6806,0.6719,0.6793
2022-07-18,0.6788,0.6854,0.6786,0.6812
2022-07-19,0.6812,0.6912,0.6803,0.6897
2022-07-20,0.6898,0.693,0.6873,0.6888
2022-07-21,0.6888,0.6936,0.6859,0.6934
2022-07-22,0.6934,0.6977,0.6894,0.6929
2022-07-25,0.6927,0.6965,0.6879,0.6955
2022-07-26,0.6955,0.6983,0.6922,0.6939
2022-07-27,0.6939,0.7012,0.6913,0.6992
2022-07-28,0.6992,0.7014,0.6955,0.6989
2022-07-29,0.6989,0.7032,0.6911,0.6985
2022-08-01,0.6983,0.7047,0.6965,0.7023
2022-08-02,0.7023,0.7032,0.6913,0.692
2022-08-03,0.692,0.6956,0.6886,0.6948
2022-08-04,0.6948,0.699,0.6935,0.6971
2022-08-05,0.6971,0.6975,0.687,0.6911
2022-08-08,0.6901,0.7009,0.6896,0.6988
2022-08-09,0.6988,0.6994,0.6953,0.6966
2022-08-10,0.6966,0.7109,0.6947,0.7089
2022-08-11,0.709,0.7137,0.7063,0.7106
2022-08-12,0.7106,0.7128,0.7085,0.7121
2022-08-15,0.7115,0.7125,0.7011,0.7023
2022-08-16,0.7023,0.704,0.6991,0.7022
2022-08-17,0.7022,0.7026,0.6911,0.6934
2022-08-18,0.6934,0.697,0.6899,0.6917
2022-08-19,0.6917,0.6922,0.6859,0.6875
2022-08-22,0.6868,0.6929,0.6862,0.6877
2022-08-23,0.6877,0.6963,0.6856,0.6931
2022-08-24,0.6931,0.6934,0.6879,0.6909
2022-08-25,0.6909,0.6991,0.6902,0.6981
2022-08-26,0.6981,0.7009,0.6888,0.6897
2022-08-29,0.6899,0.6926,0.6841,0.6903
2022-08-30,0.6903,0.6956,0.6846,0.6854
2022-08-31,0.6854,0.6904,0.6835,0.6842
2022-09-01,0.6841,0.685,0.6771,0.6788
2022-09-02,0.6788,0.6855,0.678,0.6812
2022-09-05,0.6818,0.682,0.6773,0.6797
2022-09-06,0.6796,0.6833,0.6728,0.6735
2022-09-07,0.6735,0.677,0.6699,0.6769
2022-09-08,0.6769,0.6774,0.6713,0.6751
2022-09-09,0.6751,0.6877,0.6747,0.6841
2022-09-12,0.6845,0.69,0.6805,0.6888
2022-09-13,0.6888,0.6916,0.6727,0.673
2022-09-14,0.673,0.676,0.6705,0.6748
2022-09-15,0.6748,0.677,0.6696,0.6702
2022-09-16,0.6702,0.6724,0.667,0.6716
2022-09-19,0.6707,0.6734,0.6672,0.6727
2022-09-20,0.6727,0.6747,0.6677,0.6689
2022-09-21,0.6689,0.6705,0.6622,0.663
2022-09-22,0.663,0.6671,0.6574,0.6645
2022-09-23,0.6645,0.6656,0.6511,0.6528
2022-09-26,0.6548,0.655,0.6438,0.6456
2022-09-27,0.6456,0.6513,0.6414,0.6435
2022-09-28,0.6435,0.6531,0.6363,0.6522
2022-09-29,0.6522,0.6526,0.6436,0.65
2022-09-30,0.65,0.6524,0.6392,0.64
2022-10-03,0.641,0.6522,0.6402,0.6516
2022-10-04,0.6516,0.6547,0.6451,0.6501
2022-10-05,0.6501,0.6526,0.6417,0.6488
2022-10-06,0.6488,0.6541,0.639,0.6406
2022-10-07,0.6405,0.6432,0.6355,0.6375
2022-10-10,0.6397,0.6397,0.6275,0.6303
2022-10-11,0.6303,0.6346,0.6248,0.6272
2022-10-12,0.6272,0.6299,0.6236,0.6278
2022-10-13,0.6278,0.6317,0.617,0.6298
2022-10-14,0.6298,0.6347,0.6194,0.6199
2022-10-17,0.62,0.6312,0.6189,0.6291
2022-10-18,0.6291,0.634,0.6266,0.6309
2022-10-19,0.6309,0.6325,0.6251,0.627
2022-10-20,0.6271,0.6356,0.6229,0.6281
2022-10-21,0.6281,0.6393,0.621,0.6379
2022-10-24,0.6359,0.6411,0.6272,0.6312
2022-10-25,0.6312,0.6412,0.6303,0.6394
2022-10-26,0.6394,0.6511,0.6373,0.6497
2022-10-27,0.6497,0.6522,0.6426,0.6452
2022-10-28,0.6452,0.648,0.6389,0.6411
2022-10-31,0.6406,0.6428,0.6368,0.6399
2022-11-01,0.6399,0.6464,0.6377,0.6395
2022-11-02,0.6395,0.6492,0.6348,0.6351
2022-11-03,0.6352,0.6372,0.6272,0.6289
2022-11-04,0.6289,0.6483,0.6285,0.647
2022-11-07,0.6421,0.649,0.6402,0.6479
2022-11-08,0.6479,0.6551,0.6445,0.6507
2022-11-09,0.6507,0.6522,0.6415,0.6431
2022-11-10,0.6431,0.6632,0.6387,0.6619
2022-11-11,0.6619,0.6717,0.6578,0.6703
2022-11-14,0.6685,0.6724,0.6663,0.6702
2022-11-15,0.6702,0.6797,0.6686,0.6756
2022-11-16,0.6756,0.6793,0.672,0.6741
2022-11-17,0.6741,0.6751,0.6634,0.6685
2022-11-18,0.6685,0.673,0.6661,0.6673
2022-11-21,0.6659,0.6683,0.6585,0.6605
2022-11-22,0.6605,0.6652,0.66,0.6649
2022-11-23,0.6649,0.6739,0.6634,0.6733
2022-11-24,0.6733,0.6778,0.6726,0.6764
2022-11-25,0.6764,0.6781,0.6721,0.6751
2022-11-28,0.6732,0.6749,0.6642,0.665
2022-11-29,0.665,0.6749,0.6641,0.6688
2022-11-30,0.6688,0.6801,0.667,0.6788
2022-12-01,0.6788,0.6845,0.6782,0.6811
2022-12-02,0.6811,0.6836,0.6743,0.679
2022-12-05,0.6803,0.6851,0.6687,0.6698
2022-12-06,0.6698,0.6744,0.6681,0.6688
2022-12-07,0.6688,0.6742,0.6669,0.6725
2022-12-08,0.6725,0.6781,0.6699,0.6769
2022-12-09,0.6769,0.6814,0.6744,0.6795
2022-12-12,0.678,0.6805,0.6729,0.6745
2022-12-13,0.6745,0.6893,0.674,0.6855
2022-12-14,0.6855,0.6882,0.6811,0.6864
2022-12-15,0.6864,0.687,0.6677,0.6703
2022-12-16,0.6703,0.6736,0.6676,0.6685
2022-12-19,0.6688,0.6732,0.6683,0.67
2022-12-20,0.67,0.6744,0.6629,0.6678
2022-12-21,0.6678,0.6728,0.6657,0.6707
2022-12-22,0.6707,0.6767,0.665,0.667
2022-12-23,0.667,0.6725,0.6661,0.6721
2022-12-26,0.6708,0.673,0.6684,0.6727
2022-12-27,0.6727,0.6776,0.6723,0.6732
2022-12-28,0.6732,0.6801,0.6719,0.6737
2022-12-29,0.6737,0.6787,0.6711,0.6778
2022-12-30,0.6778,0.6821,0.6754,0.6813
2023-01-02,0.6802,0.6825,0.6793,0.6802
2023-01-03,0.6802,0.6835,0.6688,0.6727
2023-01-04,0.6727,0.6886,0.6717,0.6839
2023-01-05,0.6839,0.6853,0.6735,0.6752
2023-01-06,0.6752,0.6887,0.6722,0.6877
2023-01-09,0.6872,0.695,0.6871,0.6912
2023-01-10,0.6912,0.6928,0.686,0.6889
2023-01-11,0.6889,0.6926,0.6873,0.6904
2023-01-12,0.6904,0.6985,0.688,0.6969
2023-01-13,0.6969,0.6994,0.6916,0.6968
2023-01-16,0.6962,0.7019,0.6941,0.6955
2023-01-17,0.6955,0.6997,0.693,0.6988
2023-01-18,0.6988,0.7063,0.6936,0.6943
2023-01-19,0.6943,0.6948,0.6872,0.691
2023-01-20,0.691,0.6974,0.6906,0.6963
2023-01-23,0.6956,0.704,0.6956,0.7029
2023-01-24,0.7029,0.7058,0.6994,0.7046
2023-01-25,0.7046,0.7123,0.7033,0.7104
2023-01-26,0.7104,0.7142,0.7079,0.7115
2023-01-27,0.7115,0.713,0.7082,0.71
2023-01-30,0.7104,0.712,0.7051,0.706
2023-01-31,0.706,0.7066,0.6984,0.7055
2023-02-01,0.7055,0.7145,0.7036,0.7137
2023-02-02,0.7136,0.7158,0.7069,0.7077
2023-02-03,0.7077,0.7082,0.6919,0.6923
2023-02-06,0.6963,0.6963,0.6856,0.6883
2023-02-07,0.6883,0.6988,0.6882,0.6959
2023-02-08,0.6959,0.6996,0.6919,0.6925
2023-02-09,0.6926,0.7011,0.6921,0.6936
2023-02-10,0.6936,0.696,0.6909,0.6917
2023-02-13,0.6934,0.6974,0.689,0.6966
2023-02-14,0.6966,0.7029,0.6922,0.6986
2023-02-15,0.6986,0.6989,0.6865,0.6903
2023-02-16,0.6903,0.6936,0.684,0.6879
2023-02-17,0.6879,0.6884,0.6812,0.6879
2023-02-20,0.6868,0.6921,0.6857,0.6908
2023-02-21,0.6908,0.692,0.6848,0.6853
2023-02-22,0.6853,0.6865,0.6795,0.6804
2023-02-23,0.6804,0.6842,0.6782,0.6808
2023-02-24,0.6808,0.6824,0.6719,0.6726
2023-02-27,0.6746,0.6746,0.6698,0.6739
2023-02-28,0.6739,0.6758,0.6704,0.6729
2023-03-01,0.6729,0.6784,0.6695,0.6761
2023-03-02,0.6761,0.6766,0.6707,0.673
2023-03-03,0.673,0.6775,0.6725,0.677
2023-03-06,0.6766,0.677,0.6716,0.673
2023-03-07,0.673,0.6748,0.6581,0.6584
2023-03-08,0.6584,0.6629,0.6568,0.6589
2023-03-09,0.6589,0.6636,0.6576,0.659
2023-03-10,0.659,0.664,0.6565,0.658
2023-03-13,0.6586,0.6717,0.6584,0.6668
2023-03-14,0.6667,0.6696,0.6632,0.6682
2023-03-15,0.6682,0.6711,0.659,0.6619
2023-03-16,0.6619,0.6668,0.6611,0.6656
2023-03-17,0.6656,0.6725,0.6648,0.6697
2023-03-20,0.6697,0.6742,0.6666,0.6718
2023-03-21,0.6718,0.6726,0.665,0.6669
2023-03-22,0.6669,0.6759,0.666,0.6685
2023-03-23,0.6685,0.6755,0.667,0.6684
2023-03-24,0.6684,0.6694,0.6625,0.6645
2023-03-27,0.6652,0.6666,0.6634,0.6651
2023-03-28,0.6651,0.671,0.6646,0.6709
2023-03-29,0.6709,0.6713,0.6662,0.6684
2023-03-30,0.6684,0.6718,0.6662,0.6712
2023-03-31,0.6712,0.6738,0.667,0.6685
2023-04-03,0.6676,0.679,0.6651,0.6786
2023-04-04,0.6786,0.6793,0.6721,0.6751
2023-04-05,0.6751,0.678,0.6677,0.672
2023-04-06,0.672,0.6725,0.6653,0.6672
2023-04-07,0.6672,0.6691,0.6641,0.6672
2023-04-10,0.6682,0.6682,0.662,0.6641
2023-04-11,0.6641,0.668,0.6631,0.6654
2023-04-12,0.6654,0.6723,0.6649,0.6691
2023-04-13,0.6691,0.6797,0.6685,0.6782
2023-04-14,0.6782,0.6806,0.6695,0.6707
2023-04-17,0.6718,0.6721,0.6681,0.6701
2023-04-18,0.6701,0.6747,0.6692,0.6725
2023-04-19,0.6725,0.6741,0.669,0.6713
2023-04-20,0.6713,0.6772,0.6697,0.6743
2023-04-21,0.6743,0.6747,0.6678,0.6692
2023-04-24,0.6708,0.671,0.6666,0.6696
2023-04-25,0.6696,0.6706,0.6614,0.6626
2023-04-26,0.6626,0.6639,0.6591,0.6603
2023-04-27,0.6603,0.6635,0.6595,0.6631
2023-04-28,0.6631,0.6642,0.6574,0.6615
2023-05-01,0.6608,0.6668,0.6607,0.663
2023-05-02,0.663,0.6717,0.6621,0.6663
2023-05-03,0.6663,0.6703,0.6649,0.6671
2023-05-04,0.6671,0.6706,0.664,0.6693
2023-05-05,0.6693,0.6757,0.6693,0.6749
2023-05-08,0.6748,0.6803,0.6724,0.6782
2023-05-09,0.6783,0.6787,0.6747,0.6762
2023-05-10,0.6762,0.6818,0.6744,0.6779
2023-05-11,0.6779,0.6796,0.6689,0.6702
2023-05-12,0.6702,0.6706,0.6636,0.6646
2023-05-15,0.6659,0.6709,0.6641,0.67
2023-05-16,0.67,0.671,0.6651,0.6656
2023-05-17,0.6656,0.6673,0.6629,0.666
2023-05-18,0.666,0.6668,0.6605,0.6622
2023-05-19,0.6622,0.6675,0.6617,0.6651
2023-05-22,0.6646,0.6668,0.6628,0.6653
2023-05-23,0.6653,0.6662,0.6607,0.661
2023-05-24,0.661,0.662,0.653,0.6544
2023-05-25,0.6544,0.6547,0.6499,0.6505
2023-05-26,0.6505,0.6544,0.6491,0.6517
2023-05-29,0.6544,0.6554,0.6518,0.6539
2023-05-30,0.6539,0.6559,0.6503,0.6517
2023-05-31,0.6517,0.6538,0.6458,0.6503
2023-06-01,0.6503,0.6582,0.6485,0.6571
2023-06-02,0.6571,0.6638,0.6567,0.661
2023-06-05,0.662,0.6637,0.6579,0.6617
2023-06-06,0.6617,0.6685,0.661,0.6671
2023-06-07,0.6671,0.6717,0.6642,0.6652
2023-06-08,0.6652,0.6718,0.6652,0.6716
2023-06-09,0.6716,0.6751,0.6693,0.6742
2023-06-12,0.6739,0.6773,0.6727,0.6751
2023-06-13,0.6751,0.6807,0.6738,0.6767
2023-06-14,0.6767,0.6836,0.6756,0.6796
2023-06-15,0.6796,0.6893,0.6768,0.6885
2023-06-16,0.6885,0.69,0.6855,0.6875
2023-06-19,0.6871,0.6887,0.6834,0.6851
2023-06-20,0.6851,0.6857,0.6753,0.6785
2023-06-21,0.6785,0.6805,0.6741,0.6797
2023-06-22,0.6797,0.6806,0.6745,0.6756
2023-06-23,0.6756,0.6768,0.6663,0.668
2023-06-26,0.6675,0.6694,0.6668,0.6675
2023-06-27,0.6675,0.6721,0.667,0.6686
2023-06-28,0.6686,0.6689,0.6597,0.66
2023-06-29,0.66,0.6641,0.6596,0.6616
2023-06-30,0.6616,0.6672,0.6603,0.6664
2023-07-03,0.6652,0.6692,0.6637,0.6673
2023-07-04,0.6672,0.6705,0.6642,0.6692
2023-07-05,0.6692,0.6698,0.6653,0.6655
2023-07-06,0.6655,0.6688,0.6599,0.6626
2023-07-07,0.6626,0.6701,0.6619,0.669
2023-07-10,0.6686,0.6696,0.6624,0.6675
2023-07-11,0.6675,0.6695,0.6651,0.6686
2023-07-12,0.6687,0.6796,0.6682,0.6787
2023-07-13,0.6787,0.6895,0.6784,0.6889
2023-07-14,0.6889,0.6895,0.6831,0.6838
2023-07-17,0.684,0.6852,0.6788,0.6816
2023-07-18,0.6816,0.6837,0.6789,0.6811
2023-07-19,0.6811,0.682,0.675,0.6772
2023-07-20,0.6772,0.6847,0.6765,0.6779
2023-07-21,0.6779,0.6788,0.6723,0.6729
2023-07-24,0.6732,0.6756,0.6715,0.6739
2023-07-25,0.6739,0.6795,0.6725,0.6792
2023-07-26,0.6792,0.6793,0.6731,0.6758
2023-07-27,0.6758,0.6821,0.6698,0.6709
2023-07-28,0.6709,0.6714,0.6623,0.665
2023-07-31,0.6666,0.6739,0.6649,0.6717
2023-08-01,0.6717,0.6723,0.6602,0.6613
2023-08-02,0.6613,0.663,0.6527,0.6538
2023-08-03,0.6538,0.6569,0.6514,0.6551
2023-08-04,0.6551,0.661,0.6544,0.657
2023-08-07,0.6565,0.6593,0.6555,0.6573
2023-08-08,0.6574,0.6576,0.6497,0.6544
2023-08-09,0.6544,0.6571,0.652,0.6528
2023-08-10,0.6528,0.6616,0.6515,0.6515
2023-08-11,0.6515,0.6534,0.6486,0.6496
2023-08-14,0.6505,0.6507,0.6454,0.6487
2023-08-15,0.6487,0.6522,0.6452,0.6455
2023-08-16,0.6455,0.648,0.6416,0.6424
2023-08-17,0.6424,0.645,0.6365,0.6404
2023-08-18,0.6404,0.6429,0.6379,0.6406
2023-08-21,0.6397,0.6421,0.6387,0.6414
2023-08-22,0.6414,0.6458,0.6404,0.6423
2023-08-23,0.6423,0.6482,0.6411,0.648
2023-08-24,0.648,0.6488,0.6413,0.6417
2023-08-25,0.6417,0.6441,0.6381,0.6404
2023-08-28,0.6415,0.644,0.6402,0.6429
2023-08-29,0.6429,0.6487,0.6401,0.6481
2023-08-30,0.6481,0.6522,0.645,0.6475
2023-08-31,0.6475,0.6508,0.6461,0.6484
2023-09-01,0.6484,0.6522,0.6438,0.6456
2023-09-04,0.6454,0.6481,0.6445,0.6461
2023-09-05,0.6461,0.6465,0.6358,0.6379
2023-09-06,0.6379,0.6405,0.6357,0.6382
2023-09-07,0.6382,0.6395,0.6362,0.6376
2023-09-08,0.6376,0.6415,0.6367,0.6376
2023-09-11,0.6392,0.6449,0.6378,0.6431
2023-09-12,0.6431,0.644,0.6408,0.6426
2023-09-13,0.6426,0.6434,0.6381,0.6422
2023-09-14,0.6422,0.646,0.6417,0.644
2023-09-15,0.644,0.6474,0.6425,0.6432
2023-09-18,0.6438,0.6449,0.6417,0.6437
2023-09-19,0.6437,0.6474,0.6428,0.6454
2023-09-20,0.6454,0.6511,0.644,0.6448
2023-09-21,0.6448,0.6454,0.6386,0.6416
2023-09-22,0.6416,0.6465,0.6404,0.6441
2023-09-25,0.6451,0.6451,0.6404,0.6424
2023-09-26,0.6424,0.6431,0.6388,0.6397
2023-09-27,0.6397,0.6409,0.6331,0.6353
2023-09-28,0.6353,0.6432,0.6345,0.6427
2023-09-29,0.6427,0.6501,0.6417,0.6435
2023-10-02,0.6433,0.6445,0.6362,0.6363
2023-10-03,0.6363,0.6369,0.6286,0.6302
2023-10-04,0.6302,0.6343,0.6287,0.6325
2023-10-05,0.6325,0.6378,0.632,0.637
2023-10-06,0.637,0.64,0.6313,0.6386
2023-10-09,0.6371,0.6415,0.6343,0.6411
2023-10-10,0.6411,0.6433,0.639,0.6432
2023-10-11,0.6432,0.6445,0.6388,0.6414
2023-10-12,0.6414,0.6431,0.6307,0.6314
2023-10-13,0.6314,0.6334,0.6286,0.6296
2023-10-16,0.6289,0.6345,0.6289,0.6342
2023-10-17,0.6342,0.638,0.6333,0.6365
2023-10-18,0.6365,0.6393,0.6328,0.6336
2023-10-19,0.6336,0.6357,0.6296,0.6329
2023-10-20,0.6329,0.6332,0.6297,0.6314
2023-10-23,0.6323,0.6349,0.6289,0.6336
2023-10-24,0.6336,0.6379,0.6332,0.6355
2023-10-25,0.6355,0.64,0.6305,0.6309
2023-10-26,0.6309,0.6331,0.627,0.6322
2023-10-27,0.6322,0.6368,0.632,0.6335
2023-10-30,0.6346,0.6384,0.6333,0.6374
2023-10-31,0.6374,0.6377,0.6315,0.6337
2023-11-01,0.6337,0.6399,0.6318,0.6393
2023-11-02,0.6393,0.6456,0.6389,0.6434
2023-11-03,0.6434,0.6518,0.642,0.6513
2023-11-06,0.6509,0.6523,0.6485,0.6489
2023-11-07,0.6489,0.6501,0.6404,0.6436
2023-11-08,0.6436,0.6449,0.6397,0.6402
2023-11-09,0.6402,0.6428,0.6364,0.6367
2023-11-10,0.6367,0.6372,0.6339,0.6361
2023-11-13,0.6358,0.6391,0.635,0.6377
2023-11-14,0.6377,0.6512,0.636,0.6507
2023-11-15,0.6507,0.6542,0.6483,0.6509
2023-11-16,0.6509,0.652,0.6461,0.647
2023-11-17,0.647,0.6516,0.6453,0.6515
2023-11-20,0.6511,0.6565,0.6494,0.6557
2023-11-21,0.6557,0.6589,0.6544,0.6556
2023-11-22,0.6556,0.657,0.6521,0.6543
2023-11-23,0.6543,0.6575,0.654,0.6558
2023-11-24,0.6558,0.6591,0.655,0.6585
2023-11-27,0.6581,0.6614,0.6567,0.6607
2023-11-28,0.6607,0.6666,0.6597,0.6649
2023-11-29,0.6649,0.6676,0.6606,0.6617
2023-11-30,0.6617,0.665,0.6571,0.6605
2023-12-01,0.6605,0.6676,0.66,0.6675
2023-12-04,0.6651,0.6691,0.6605,0.662
2023-12-05,0.662,0.6623,0.6544,0.6552
2023-12-06,0.6552,0.6597,0.6548,0.6549
2023-12-07,0.6549,0.662,0.6526,0.6602
2023-12-08,0.6602,0.662,0.6558,0.6579
2023-12-11,0.658,0.6583,0.655,0.6568
2023-12-12,0.6568,0.6612,0.654,0.6559
2023-12-13,0.656,0.6673,0.6542,0.6662
2023-12-14,0.6662,0.6729,0.6655,0.6699
2023-12-15,0.6699,0.6728,0.6663,0.6699
2023-12-18,0.6706,0.6735,0.669,0.6707
2023-12-19,0.6706,0.6775,0.6701,0.6763
2023-12-20,0.6763,0.6779,0.6724,0.673
2023-12-21,0.673,0.6804,0.6726,0.6802
2023-12-22,0.6802,0.6825,0.6773,0.6799
2023-12-25,0.6798,0.6811,0.6775,0.6796
2023-12-26,0.6807,0.6827,0.6793,0.6825
2023-12-27,0.6825,0.6852,0.6818,0.6847
2023-12-28,0.6847,0.6871,0.6824,0.683
2023-12-29,0.683,0.6847,0.6781,0.6812
2024-01-01,0.6817,0.6824,0.6807,0.6813
2024-01-02,0.6813,0.6839,0.6757,0.6761
2024-01-03,0.6761,0.6771,0.6702,0.6732
2024-01-04,0.6732,0.676,0.6697,0.6707
2024-01-05,0.6707,0.6748,0.6641,0.6713
2024-01-08,0.6725,0.6735,0.6678,0.672
2024-01-09,0.672,0.6735,0.6677,0.6687
2024-01-10,0.6687,0.6713,0.668,0.67
2024-01-11,0.67,0.6726,0.6647,0.6688
2024-01-12,0.6688,0.6729,0.6678,0.6686
2024-01-15,0.6691,0.6705,0.665,0.666
2024-01-16,0.666,0.6663,0.6576,0.6584
2024-01-17,0.6584,0.6595,0.6525,0.6552
2024-01-18,0.6552,0.6575,0.6526,0.6573
2024-01-19,0.6573,0.6602,0.6565,0.6597
2024-01-22,0.6594,0.6614,0.6566,0.657
2024-01-23,0.657,0.6612,0.6552,0.658
2024-01-24,0.658,0.6621,0.6566,0.6577
2024-01-25,0.6577,0.661,0.6566,0.6585
2024-01-26,0.6585,0.661,0.6573,0.6575
2024-01-29,0.6585,0.6616,0.657,0.6611
2024-01-30,0.6611,0.6625,0.6575,0.6602
2024-01-31,0.6602,0.6622,0.6551,0.6568
2024-02-01,0.6568,0.6579,0.6508,0.6572
2024-02-02,0.6572,0.661,0.6502,0.6512
2024-02-05,0.6516,0.6524,0.6469,0.6483
2024-02-06,0.6483,0.6525,0.6478,0.6523
2024-02-07,0.6523,0.654,0.6516,0.652
2024-02-08,0.652,0.6532,0.6481,0.6492
2024-02-09,0.6492,0.6534,0.6487,0.6524
2024-02-12,0.6523,0.6543,0.6511,0.6531
2024-02-13,0.6531,0.6535,0.6443,0.6453
2024-02-14,0.6453,0.6496,0.6446,0.6491
2024-02-15,0.6491,0.6529,0.6478,0.6525
2024-02-16,0.6525,0.6545,0.6496,0.6531
2024-02-19,0.6533,0.6552,0.6525,0.654
2024-02-20,0.654,0.6579,0.6521,0.6549
2024-02-21,0.6549,0.6573,0.6533,0.6551
2024-02-22,0.6551,0.6595,0.654,0.6557
2024-02-23,0.6557,0.6581,0.655,0.6562
2024-02-26,0.6562,0.6574,0.6531,0.654
2024-02-27,0.654,0.6558,0.6525,0.6544
2024-02-28,0.6544,0.655,0.6489,0.6496
2024-02-29,0.6496,0.6531,0.6487,0.6497
2024-03-01,0.6497,0.6534,0.649,0.6527
2024-03-04,0.6526,0.6535,0.6508,0.651
2024-03-05,0.651,0.6521,0.6478,0.6503
2024-03-06,0.6503,0.6581,0.6493,0.6564
2024-03-07,0.6564,0.6625,0.6561,0.662
2024-03-08,0.662,0.6668,0.6613,0.6624
2024-03-11,0.6628,0.6636,0.6597,0.6614
2024-03-12,0.6614,0.6639,0.6584,0.6606
2024-03-13,0.6606,0.6635,0.66,0.6621
2024-03-14,0.6621,0.6632,0.657,0.6581
2024-03-15,0.6581,0.6584,0.6552,0.656
2024-03-18,0.6567,0.6574,0.6551,0.656
2024-03-19,0.6559,0.6564,0.6504,0.6532
2024-03-20,0.6532,0.6587,0.6512,0.6586
2024-03-21,0.6586,0.6635,0.6561,0.657
2024-03-22,0.657,0.6577,0.651,0.6515
2024-03-25,0.6523,0.6547,0.651,0.654
2024-03-26,0.654,0.6559,0.653,0.6533
2024-03-27,0.6533,0.6539,0.6511,0.6535
2024-03-28,0.6535,0.6541,0.6485,0.6516
2024-03-29,0.6516,0.6533,0.6505,0.6521
2024-04-01,0.6522,0.6539,0.6481,0.6489
2024-04-02,0.649,0.6524,0.6483,0.6518
2024-04-03,0.6518,0.657,0.6503,0.6565
2024-04-04,0.6565,0.6619,0.6561,0.6588
2024-04-05,0.6588,0.6592,0.6549,0.6579
2024-04-08,0.6568,0.661,0.656,0.6604
2024-04-09,0.6604,0.6644,0.6599,0.6629
2024-04-10,0.6629,0.6631,0.6499,0.6512
2024-04-11,0.6512,0.6553,0.6502,0.6538
2024-04-12,0.6538,0.6543,0.6456,0.6467
2024-04-15,0.6475,0.6493,0.6438,0.6442
2024-04-16,0.6442,0.6447,0.6389,0.6402
2024-04-17,0.6402,0.6446,0.64,0.6435
2024-04-18,0.6435,0.6457,0.6417,0.6421
2024-04-19,0.6421,0.6433,0.6363,0.6418
2024-04-22,0.6414,0.6455,0.6407,0.645
2024-04-23,0.645,0.649,0.6441,0.6487
2024-04-24,0.6487,0.653,0.6481,0.6498
2024-04-25,0.6498,0.6538,0.6485,0.6518
2024-04-26,0.6518,0.6554,0.6517,0.6533
2024-04-29,0.652,0.6587,0.652,0.6567
2024-04-30,0.6567,0.6568,0.6472,0.6473
2024-05-01,0.6473,0.654,0.6465,0.6523
2024-05-02,0.6523,0.6573,0.6516,0.6565
2024-05-03,0.6565,0.6647,0.6562,0.661
2024-05-06,0.6597,0.6638,0.6597,0.6625
2024-05-07,0.6625,0.6644,0.6587,0.6598
2024-05-08,0.6598,0.66,0.6558,0.658
2024-05-09,0.6579,0.6621,0.6565,0.662
2024-05-10,0.662,0.6623,0.6596,0.6604
2024-05-13,0.6613,0.6629,0.6586,0.6608
2024-05-14,0.6608,0.6628,0.658,0.6627
2024-05-15,0.6627,0.6695,0.6622,0.6694
2024-05-16,0.6694,0.6714,0.6654,0.6679
2024-05-17,0.6679,0.6701,0.6649,0.6693
2024-05-20,0.6686,0.6709,0.6662,0.6667
2024-05-21,0.6667,0.6679,0.6646,0.6666
2024-05-22,0.6666,0.6685,0.6608,0.662
2024-05-23,0.662,0.6653,0.6598,0.6606
2024-05-24,0.6606,0.6637,0.6592,0.6628
2024-05-27,0.6639,0.666,0.6618,0.6654
2024-05-28,0.6654,0.668,0.6643,0.665
2024-05-29,0.665,0.6666,0.661,0.661
2024-05-30,0.661,0.6648,0.6591,0.6633
2024-05-31,0.6633,0.6673,0.6627,0.6653
2024-06-03,0.6645,0.6695,0.6633,0.6689
2024-06-04,0.6689,0.6699,0.6631,0.6649
2024-06-05,0.6649,0.6665,0.6626,0.6648
2024-06-06,0.6648,0.6683,0.6634,0.6666
2024-06-07,0.6666,0.6681,0.6579,0.6582
2024-06-10,0.6603,0.6611,0.6576,0.661
2024-06-11,0.661,0.6614,0.6589,0.6606
2024-06-12,0.6607,0.6704,0.6597,0.6664
2024-06-13,0.6664,0.6675,0.6626,0.6636
2024-06-14,0.6636,0.6642,0.6592,0.6615
2024-06-17,0.6615,0.6625,0.6585,0.6613
2024-06-18,0.6613,0.6658,0.6601,0.6656
2024-06-19,0.6656,0.6677,0.6654,0.6673
2024-06-20,0.6673,0.6679,0.6648,0.6656
2024-06-21,0.6656,0.667,0.6632,0.6641
2024-06-24,0.6647,0.6668,0.6626,0.6657
2024-06-25,0.6657,0.6673,0.6635,0.6647
2024-06-26,0.6647,0.6689,0.6636,0.6648
2024-06-27,0.6648,0.6673,0.664,0.6647
2024-06-28,0.6647,0.6684,0.662,0.667
2024-07-01,0.6676,0.6687,0.6644,0.666
2024-07-02,0.666,0.6671,0.6634,0.6667
2024-07-03,0.6667,0.6734,0.6665,0.6705
2024-07-04,0.6705,0.6732,0.6703,0.6726
2024-07-05,0.6727,0.6753,0.6713,0.6749
2024-07-08,0.6718,0.6761,0.6712,0.6737
2024-07-09,0.6737,0.6748,0.6724,0.6741
2024-07-10,0.6741,0.6752,0.6732,0.6747
2024-07-11,0.6747,0.6799,0.6744,0.6759
2024-07-12,0.6759,0.6794,0.6754,0.6784
2024-07-15,0.6774,0.6789,0.6753,0.676
2024-07-16,0.676,0.6764,0.6715,0.6734
2024-07-17,0.6734,0.6755,0.6721,0.6729
2024-07-18,0.6729,0.6744,0.6698,0.6706
2024-07-19,0.6706,0.6709,0.668,0.6685
2024-07-22,0.6693,0.6702,0.6631,0.6643
2024-07-23,0.6643,0.6646,0.6611,0.6615
2024-07-24,0.6615,0.6617,0.6578,0.6581
2024-07-25,0.6581,0.6583,0.6515,0.6538
2024-07-26,0.6538,0.6568,0.6535,0.6548
2024-07-29,0.6579,0.6579,0.6524,0.6549
2024-07-30,0.6549,0.6562,0.6529,0.6538
2024-07-31,0.6538,0.6556,0.648,0.6542
2024-08-01,0.6542,0.656,0.6489,0.6501
2024-08-02,0.6501,0.6547,0.6487,0.6511
2024-08-05,0.6531,0.6534,0.635,0.6498
2024-08-06,0.6498,0.6542,0.6472,0.652
2024-08-07,0.652,0.6575,0.651,0.6519
2024-08-08,0.6519,0.6594,0.6508,0.6593
2024-08-09,0.6593,0.6605,0.6567,0.6578
2024-08-12,0.6588,0.6605,0.6565,0.6586
2024-08-13,0.6586,0.6638,0.6579,0.6634
2024-08-14,0.6634,0.6643,0.6596,0.6598
2024-08-15,0.6598,0.6635,0.6571,0.6612
2024-08-16,0.6612,0.6671,0.6608,0.6669
2024-08-19,0.6668,0.6734,0.6654,0.6731
2024-08-20,0.6731,0.6749,0.6713,0.6745
2024-08-21,0.6745,0.6761,0.6731,0.6744
2024-08-22,0.6744,0.6753,0.6697,0.6705
2024-08-23,0.6705,0.6799,0.6702,0.6795
2024-08-26,0.6784,0.6797,0.6767,0.6772
2024-08-27,0.6772,0.6796,0.6762,0.6793
2024-08-28,0.6793,0.6813,0.6764,0.6785
2024-08-29,0.6785,0.6824,0.6781,0.6798
2024-08-30,0.6798,0.6816,0.6752,0.6765
2024-09-02,0.6773,0.6795,0.6757,0.6791
2024-09-03,0.6791,0.6792,0.6708,0.6711
2024-09-04,0.6711,0.6749,0.6686,0.6725
2024-09-05,0.6725,0.6742,0.6714,0.6741
2024-09-06,0.6741,0.6767,0.666,0.6671
2024-09-09,0.6669,0.6689,0.6648,0.6661
2024-09-10,0.6661,0.6677,0.6641,0.6652
2024-09-11,0.6652,0.6676,0.6622,0.6674
2024-09-12,0.6674,0.6725,0.6657,0.6722
2024-09-13,0.6722,0.6733,0.6692,0.6704
2024-09-16,0.6708,0.6754,0.6697,0.6752
2024-09-17,0.6751,0.6769,0.6741,0.6756
2024-09-18,0.6756,0.682,0.6743,0.6764
2024-09-19,0.6764,0.6839,0.6738,0.6814
2024-09-20,0.6814,0.6829,0.6783,0.6807
2024-09-23,0.6805,0.6854,0.6792,0.6838
2024-09-24,0.6838,0.6893,0.6814,0.6892
2024-09-25,0.6892,0.6908,0.6818,0.6823
2024-09-26,0.6823,0.6905,0.6819,0.6896
2024-09-27,0.6896,0.6937,0.6868,0.6903
2024-09-30,0.6912,0.6942,0.6898,0.6913
2024-10-01,0.6913,0.6935,0.6856,0.6883
2024-10-02,0.6883,0.6916,0.6875,0.6885
2024-10-03,0.6885,0.6889,0.683,0.684
2024-10-04,0.684,0.6852,0.6786,0.6795
2024-10-07,0.6802,0.681,0.6743,0.6757
2024-10-08,0.6757,0.6769,0.6715,0.6744
2024-10-09,0.6744,0.6762,0.6708,0.6718
2024-10-10,0.6718,0.6742,0.6702,0.6739
2024-10-11,0.6738,0.6759,0.6725,0.675
2024-10-14,0.6746,0.6753,0.6702,0.6726
2024-10-15,0.6726,0.6733,0.6698,0.6703
2024-10-16,0.6703,0.6708,0.6658,0.6667
2024-10-17,0.6667,0.671,0.6659,0.6696
2024-10-18,0.6696,0.6719,0.6693,0.6706
2024-10-21,0.6709,0.6723,0.6653,0.6659
2024-10-22,0.6659,0.6695,0.6651,0.6682
2024-10-23,0.6682,0.6691,0.6614,0.6634
2024-10-24,0.6634,0.6661,0.6621,0.664
2024-10-25,0.664,0.6647,0.6601,0.6608
2024-10-28,0.6622,0.6627,0.658,0.6583
2024-10-29,0.6583,0.6586,0.6545,0.6561
2024-10-30,0.6561,0.6596,0.6537,0.6572
2024-10-31,0.6572,0.6584,0.654,0.6582
2024-11-01,0.6582,0.6591,0.6554,0.6559
2024-11-04,0.6571,0.6619,0.6567,0.6585
2024-11-05,0.6585,0.6642,0.6579,0.6638
2024-11-06,0.6638,0.6645,0.6513,0.6569
2024-11-07,0.6569,0.6688,0.6564,0.6679
2024-11-08,0.6679,0.6681,0.6558,0.6583
2024-11-11,0.6586,0.6603,0.6563,0.6575
2024-11-12,0.6575,0.6582,0.6514,0.6533
2024-11-13,0.6533,0.6546,0.648,0.6485
2024-11-14,0.6485,0.6498,0.6441,0.6454
2024-11-15,0.6454,0.6481,0.6443,0.6462
2024-11-18,0.6461,0.6511,0.6448,0.6508
2024-11-19,0.6508,0.6534,0.6482,0.6532
2024-11-20,0.6532,0.6545,0.6485,0.6506
2024-11-21,0.6506,0.6532,0.6497,0.6511
2024-11-22,0.6511,0.6521,0.6472,0.6501
2024-11-25,0.6507,0.655,0.6487,0.6504
2024-11-26,0.6504,0.6507,0.6434,0.6475
2024-11-27,0.6475,0.6501,0.6464,0.6497
2024-11-28,0.6497,0.6509,0.6477,0.6499
2024-11-29,0.6499,0.6528,0.6489,0.6512
2024-12-02,0.6522,0.6525,0.6443,0.6475
2024-12-03,0.6475,0.6505,0.6455,0.6486
2024-12-04,0.6486,0.6488,0.6399,0.643
2024-12-05,0.643,0.6455,0.6422,0.6453
2024-12-06,0.6453,0.6456,0.6373,0.6391
2024-12-09,0.6387,0.6471,0.638,0.644
2024-12-10,0.644,0.6443,0.6365,0.6377
2024-12-11,0.6377,0.6389,0.6337,0.6369
2024-12-12,0.6369,0.6429,0.6361,0.6369
2024-12-13,0.6369,0.6384,0.6352,0.6362
2024-12-16,0.6361,0.6383,0.6346,0.6371
2024-12-17,0.6371,0.6378,0.6332,0.6337
2024-12-18,0.6337,0.6341,0.6214,0.6218
2024-12-19,0.6218,0.6265,0.6199,0.6239
2024-12-20,0.6239,0.6274,0.6215,0.6251
2024-12-23,0.626,0.6269,0.6219,0.6249
2024-12-24,0.6249,0.6252,0.6225,0.6237
2024-12-25,0.6237,0.6259,0.6231,0.6239
2024-12-26,0.624,0.6254,0.6216,0.6221
2024-12-27,0.6221,0.6228,0.6201,0.6217
2024-12-30,0.6219,0.6247,0.6202,0.6221
2024-12-31,0.6221,0.6232,0.6179,0.6188
2025-01-01,0.6188,0.6206,0.6187,0.6187
2025-01-02,0.6187,0.6223,0.6183,0.6203
2025-01-03,0.6203,0.6225,0.6198,0.6216
2025-01-06,0.6218,0.6302,0.6208,0.6246
2025-01-07,0.6246,0.6288,0.6228,0.623
2025-01-08,0.623,0.6242,0.6188,0.6216
2025-01-09,0.6215,0.6217,0.6172,0.6196
2025-01-10,0.6196,0.6206,0.614,0.6147
2025-01-13,0.6148,0.6178,0.6131,0.6177
2025-01-14,0.6177,0.6207,0.6166,0.6195
2025-01-15,0.6195,0.6247,0.6181,0.6227
2025-01-16,0.6227,0.6246,0.6192,0.6213
2025-01-17,0.6213,0.6227,0.6165,0.6193
2025-01-20,0.6207,0.6287,0.619,0.6275
2025-01-21,0.6275,0.6289,0.6209,0.6274
2025-01-22,0.6274,0.6296,0.6253,0.6274
2025-01-23,0.6274,0.63,0.6255,0.6285
2025-01-24,0.6285,0.6331,0.6279,0.6314
2025-01-27,0.632,0.6322,0.6275,0.6293
2025-01-28,0.6293,0.6294,0.6237,0.6253
2025-01-29,0.6253,0.6256,0.621,0.6231
2025-01-30,0.6231,0.6244,0.6199,0.6209
2025-01-31,0.6209,0.6263,0.6203,0.6218
2025-02-03,0.6219,0.6237,0.6088,0.6227
2025-02-04,0.6227,0.6262,0.6171,0.6254
2025-02-05,0.6254,0.6297,0.624,0.6285
2025-02-06,0.6285,0.6288,0.6255,0.6283
2025-02-07,0.6283,0.63,0.6253,0.6274
2025-02-10,0.6272,0.6287,0.6231,0.6277
2025-02-11,0.6278,0.6302,0.6261,0.6295
2025-02-12,0.6295,0.6309,0.6235,0.628
2025-02-13,0.628,0.6323,0.6255,0.6317
2025-02-14,0.6317,0.6368,0.631,0.6352
2025-02-17,0.6355,0.6374,0.6345,0.6356
2025-02-18,0.6356,0.6368,0.6335,0.6353
2025-02-19,0.6353,0.637,0.6337,0.6344
2025-02-20,0.6344,0.6404,0.6328,0.64
2025-02-21,0.64,0.6409,0.6352,0.6357
2025-02-24,0.6364,0.6392,0.6344,0.635
2025-02-25,0.635,0.6356,0.6322,0.6344
2025-02-26,0.6344,0.6354,0.6296,0.6305
2025-02-27,0.6305,0.6315,0.6232,0.6236
2025-02-28,0.6236,0.6238,0.6193,0.6209
2025-03-03,0.62,0.6254,0.6199,0.6225
2025-03-04,0.6225,0.6273,0.6187,0.6272
2025-03-05,0.6272,0.6342,0.6234,0.6335
2025-03-06,0.6335,0.6364,0.6323,0.6333
2025-03-07,0.6333,0.6338,0.6282,0.6305
2025-03-10,0.6303,0.6331,0.6265,0.6278
2025-03-11,0.6278,0.6311,0.6259,0.6298
2025-03-12,0.6298,0.6323,0.6277,0.6321
2025-03-13,0.6321,0.6334,0.6269,0.6285
2025-03-14,0.6285,0.6331,0.6278,0.6324
2025-03-17,0.6327,0.6391,0.6318,0.6384
2025-03-18,0.6384,0.6391,0.6344,0.6361
2025-03-19,0.6361,0.6367,0.6321,0.6357
2025-03-20,0.6357,0.6364,0.6271,0.6303
2025-03-21,0.6303,0.6306,0.6258,0.6273
2025-03-24,0.6274,0.6305,0.6265,0.6286
2025-03-25,0.6286,0.6325,0.6279,0.6303
2025-03-26,0.6303,0.6331,0.6278,0.6299
2025-03-27,0.6299,0.6318,0.6279,0.6305
2025-03-28,0.6304,0.6312,0.6281,0.6287
2025-03-31,0.629,0.63,0.6219,0.6247
2025-04-01,0.6247,0.6283,0.6232,0.6278
2025-04-02,0.6278,0.6341,0.6258,0.6299
2025-04-03,0.6299,0.6389,0.6226,0.6329
2025-04-04,0.6329,0.6332,0.5987,0.604
2025-04-07,0.6073,0.6127,0.5933,0.5984
2025-04-08,0.5984,0.6085,0.5947,0.596
2025-04-09,0.5961,0.6176,0.5915,0.6153
2025-04-10,0.6153,0.6249,0.6116,0.6224
2025-04-11,0.6224,0.63,0.6181,0.6289
2025-04-14,0.6301,0.6343,0.6275,0.6328
2025-04-15,0.6328,0.6383,0.6316,0.6345
2025-04-16,0.6345,0.6392,0.6323,0.6371
2025-04-17,0.6371,0.6394,0.6333,0.639
2025-04-18,0.639,0.6394,0.6367,0.6377
2025-04-21,0.6371,0.6438,0.637,0.6415
2025-04-22,0.6416,0.6439,0.6361,0.6367
2025-04-23,0.6367,0.6435,0.6349,0.636
2025-04-24,0.6361,0.6413,0.6344,0.6408
2025-04-25,0.6408,0.6421,0.6375,0.6395
2025-04-28,0.6398,0.6435,0.6368,0.6431
2025-04-29,0.6431,0.645,0.6376,0.6384
2025-04-30,0.6384,0.6418,0.6356,0.6402
2025-05-01,0.6402,0.6427,0.6366,0.6383
2025-05-02,0.6383,0.647,0.6375,0.6434
2025-05-05,0.645,0.6494,0.6434,0.6469
2025-05-06,0.6468,0.6501,0.6438,0.6495
2025-05-07,0.6495,0.6515,0.6421,0.6424
2025-05-08,0.6424,0.6464,0.6395,0.64
2025-05-09,0.64,0.6432,0.6371,0.6414
2025-05-12,0.6412,0.6461,0.6357,0.6372
2025-05-13,0.6372,0.6479,0.6361,0.6471
2025-05-14,0.6471,0.6501,0.6423,0.6428
2025-05-15,0.6428,0.6458,0.6391,0.6406
2025-05-16,0.6406,0.6436,0.6388,0.6406
2025-05-19,0.6411,0.6465,0.6398,0.6457
2025-05-20,0.6457,0.6459,0.6392,0.6424
2025-05-21,0.6424,0.6469,0.6417,0.6436
2025-05-22,0.6436,0.6459,0.6407,0.6411
2025-05-23,0.6411,0.6499,0.6408,0.6488
2025-05-26,0.6462,0.6537,0.6462,0.6486
2025-05-27,0.6486,0.6495,0.6435,0.6443
2025-05-28,0.6443,0.6454,0.641,0.6426
2025-05-29,0.6426,0.646,0.6407,0.6442
2025-05-30,0.6442,0.6453,0.6408,0.6431
2025-06-02,0.6436,0.65,0.643,0.6495
2025-06-03,0.6495,0.65,0.6447,0.6462
2025-06-04,0.6462,0.6505,0.6451,0.6492
2025-06-05,0.6492,0.6538,0.6486,0.6506
2025-06-06,0.6506,0.6517,0.6479,0.649
2025-06-09,0.6497,0.6534,0.6491,0.6516
2025-06-10,0.6516,0.6533,0.649,0.6522
2025-06-11,0.6522,0.6546,0.6496,0.6501
2025-06-12,0.6501,0.6534,0.6477,0.6533
2025-06-13,0.6533,0.6534,0.6457,0.6487
2025-06-16,0.649,0.6552,0.6467,0.6524
2025-06-17,0.6524,0.6544,0.6466,0.6475
2025-06-18,0.6475,0.6538,0.6469,0.6509
2025-06-19,0.6509,0.6511,0.6446,0.6482
2025-06-20,0.6482,0.6496,0.6448,0.6452
2025-06-23,0.644,0.6463,0.6373,0.646
2025-06-24,0.646,0.6519,0.6454,0.6489
2025-06-25,0.6489,0.6515,0.6485,0.6513
2025-06-26,0.6513,0.6564,0.6506,0.6546
2025-06-27,0.6546,0.6561,0.6508,0.6529
2025-06-30,0.6529,0.6583,0.6523,0.6581
2025-07-01,0.6581,0.659,0.6554,0.6583
2025-07-02,0.6583,0.6589,0.6543,0.6584
2025-07-03,0.6584,0.6588,0.6537,0.6571
2025-07-04,0.6571,0.6579,0.6546,0.6556
2025-07-07,0.6561,0.6565,0.6486,0.6491
2025-07-08,0.6491,0.6558,0.6491,0.653
2025-07-09,0.6531,0.6548,0.651,0.6535
2025-07-10,0.6535,0.6591,0.653,0.6588
2025-07-11,0.6588,0.6595,0.6556,0.6578
2025-07-14,0.6575,0.6588,0.6543,0.6545
2025-07-15,0.6545,0.6576,0.6508,0.6514
2025-07-16,0.6514,0.6554,0.6495,0.6528
2025-07-17,0.6528,0.6533,0.6455,0.6488
2025-07-18,0.6488,0.6541,0.6484,0.6509
2025-07-21,0.6514,0.6538,0.6498,0.6525
2025-07-22,0.6525,0.6558,0.6504,0.6556
2025-07-23,0.6556,0.6603,0.6548,0.6602
2025-07-24,0.6602,0.6625,0.6586,0.659
2025-07-25,0.659,0.6599,0.6551,0.6566
2025-07-28,0.656,0.6586,0.6513,0.6521
2025-07-29,0.6521,0.653,0.6496,0.651
2025-07-30,0.651,0.6529,0.6426,0.6434
2025-07-31,0.6434,0.6476,0.6424,0.6425
2025-08-01,0.6425,0.6493,0.6419,0.6474
2025-08-04,0.6448,0.649,0.6447,0.6467
2025-08-05,0.6467,0.648,0.645,0.6473
2025-08-06,0.6473,0.6509,0.6465,0.6503
2025-08-07,0.6503,0.6541,0.649,0.6524
2025-08-08,0.6524,0.6535,0.6511,0.6522
2025-08-11,0.6514,0.6529,0.6501,0.6513
2025-08-12,0.6513,0.654,0.6482,0.653
2025-08-13,0.653,0.6563,0.6517,0.6546
2025-08-14,0.6546,0.6569,0.6483,0.6495
2025-08-15,0.6495,0.6523,0.6488,0.6507
2025-08-18,0.6511,0.6524,0.6482,0.6491
2025-08-19,0.6491,0.6497,0.645,0.6454
2025-08-20,0.6454,0.6462,0.6424,0.6434
2025-08-21,0.6434,0.6437,0.6415,0.642
2025-08-22,0.642,0.6501,0.6415,0.649
2025-08-25,0.6487,0.6505,0.6472,0.6482
2025-08-26,0.6482,0.6501,0.647,0.6495
2025-08-27,0.6495,0.6513,0.6463,0.6506
2025-08-28,0.6506,0.6538,0.6503,0.6532
2025-08-29,0.6532,0.6549,0.6523,0.654
2025-09-01,0.6527,0.656,0.6527,0.6552
2025-09-02,0.6552,0.6559,0.6484,0.652
2025-09-03,0.652,0.6554,0.6502,0.6543
2025-09-04,0.6543,0.655,0.6502,0.6518
2025-09-05,0.6518,0.6589,0.651,0.6557
2025-09-08,0.6563,0.6599,0.6544,0.6592
2025-09-09,0.6592,0.662,0.6582,0.6585
2025-09-10,0.6585,0.6636,0.658,0.6613
2025-09-11,0.6613,0.6665,0.6591,0.6659
2025-09-12,0.6659,0.6669,0.6631,0.6648
2025-09-15,0.6645,0.6675,0.6635,0.6669
2025-09-16,0.6669,0.6688,0.666,0.6685
2025-09-17,0.6685,0.6707,0.6641,0.6653
2025-09-18,0.6653,0.666,0.6607,0.6612
2025-09-19,0.6612,0.662,0.6586,0.6593
2025-09-22,0.6597,0.6604,0.6575,0.6599
2025-09-23,0.6599,0.6615,0.6581,0.6599
2025-09-24,0.6599,0.6628,0.6575,0.6583
2025-09-25,0.6583,0.6604,0.6526,0.654
2025-09-26,0.654,0.6552,0.6521,0.6542
2025-09-29,0.6549,0.6581,0.6544,0.6577
2025-09-30,0.6577,0.6629,0.6571,0.6613
2025-10-01,0.6613,0.6629,0.6589,0.6613
2025-10-02,0.6613,0.6624,0.6577,0.6596
2025-10-03,0.6596,0.6614,0.6589,0.6604
2025-10-06,0.6605,0.662,0.6582,0.6617
2025-10-07,0.6617,0.6624,0.6579,0.6581
2025-10-08,0.6581,0.6589,0.6557,0.6586
2025-10-09,0.6586,0.6612,0.654,0.6556
2025-10-10,0.6556,0.6573,0.6473,0.6474
2025-10-13,0.6493,0.6533,0.6491,0.6515
2025-10-14,0.6515,0.6521,0.644,0.6486
2025-10-15,0.6486,0.6523,0.6483,0.6513
2025-10-16,0.6513,0.6516,0.6471,0.6485
2025-10-17,0.6485,0.6502,0.6444,0.6499
2025-10-20,0.6483,0.6521,0.6475,0.6513
2025-10-21,0.6513,0.6525,0.6473,0.6488
2025-10-22,0.6488,0.6512,0.6479,0.6488
2025-10-23,0.6488,0.6518,0.6479,0.6512
2025-10-24,0.6512,0.6529,0.6493,0.6513
2025-10-27,0.6512,0.656,0.6511,0.6556
2025-10-28,0.6556,0.6591,0.6544,0.6585
2025-10-29,0.6585,0.6618,0.6557,0.6574
2025-10-30,0.6574,0.6597,0.6533,0.6555
2025-10-31,0.6555,0.656,0.6533,0.6545
2025-11-03,0.6547,0.6562,0.6518,0.6537
2025-11-04,0.6537,0.6541,0.6481,0.649
2025-11-05,0.6489,0.6513,0.6459,0.6505
2025-11-06,0.6505,0.6519,0.6463,0.648
2025-11-07,0.6479,0.6499,0.6468,0.6493
2025-11-10,0.6483,0.654,0.6483,0.6536
2025-11-11,0.6536,0.6538,0.6515,0.6527
2025-11-12,0.6527,0.655,0.6516,0.6541
2025-11-13,0.6541,0.658,0.6524,0.6529
2025-11-14,0.6529,0.6551,0.6504,0.6538
2025-11-17,0.6536,0.6538,0.6482,0.6494
2025-11-18,0.6494,0.6518,0.6465,0.6507
2025-11-19,0.6507,0.6512,0.6451,0.6478
2025-11-20,0.6478,0.6503,0.6436,0.644
2025-11-21,0.644,0.6461,0.6421,0.6455
2025-11-24,0.6458,0.647,0.6442,0.6464
2025-11-25,0.6464,0.6476,0.6436,0.6469
2025-11-26,0.6469,0.6521,0.6466,0.6518
2025-11-27,0.6518,0.654,0.6517,0.6534
2025-11-28,0.6534,0.6559,0.6521,0.655
2025-12-01,0.6549,0.6567,0.6531,0.6544
2025-12-02,0.6544,0.6571,0.6538,0.6563
2025-12-03,0.6563,0.6602,0.6553,0.6601
2025-12-04,0.6601,0.6624,0.6598,0.661
2025-12-05,0.661,0.6649,0.6605,0.664
2025-12-08,0.6632,0.6649,0.6614,0.6624
2025-12-09,0.6624,0.6654,0.6609,0.6642
2025-12-10,0.6642,0.6686,0.6629,0.6676
2025-12-11,0.6676,0.6679,0.6627,0.6664
2025-12-12,0.6664,0.6677,0.6633,0.6652
2025-12-15,0.6654,0.6657,0.6632,0.6641
2025-12-16,0.6641,0.6661,0.6618,0.6632
2025-12-17,0.6632,0.6635,0.6599,0.6605
2025-12-18,0.6605,0.6631,0.6593,0.6613
2025-12-19,0.6613,0.6625,0.66,0.6612
2025-12-22,0.6617,0.666,0.6606,0.6657
2025-12-23,0.6657,0.6703,0.6655,0.6702
2025-12-24,0.6702,0.6718,0.6698,0.6709
2025-12-25,0.6709,0.672,0.6694,0.6704
2025-12-26,0.6704,0.6725,0.6697,0.6716
2025-12-29,0.6711,0.6728,0.6683,0.6694
2025-12-30,0.6694,0.6718,0.6688,0.6695
2025-12-31,0.6695,0.6701,0.666,0.6673
2026-01-01,0.6674,0.6686,0.6664,0.667
2026-01-02,0.667,0.6707,0.6668,0.6693
2026-01-05,0.6691,0.6719,0.6663,0.6714
2026-01-06,0.6714,0.6742,0.6703,0.6738
2026-01-07,0.6738,0.6767,0.6717,0.6721
2026-01-08,0.6721,0.6725,0.6682,0.6699
2026-01-09,0.6699,0.6704,0.6664,0.6687
2026-01-12,0.6678,0.6722,0.6676,0.6711
2026-01-13,0.6711,0.6727,0.6673,0.6682
2026-01-14,0.6682,0.6702,0.6673,0.6682
2026-01-15,0.6682,0.671,0.6667,0.6699
2026-01-16,0.6699,0.6709,0.6671,0.6683
2026-01-19,0.6682,0.6717,0.6668,0.6714
2026-01-20,0.6714,0.6747,0.6707,0.6737
2026-01-21,0.6737,0.6778,0.6728,0.6762
2026-01-22,0.6762,0.6844,0.6754,0.684
2026-01-23,0.684,0.6899,0.6834,0.6894
2026-01-26,0.6896,0.6941,0.6892,0.6917
2026-01-27,0.6917,0.7016,0.6902,0.7011
2026-01-28,0.7011,0.7043,0.6977,0.7041
2026-01-29,0.7041,0.7094,0.6969,0.7049
2026-01-30,0.7049,0.7055,0.694,0.6964
2026-02-02,0.6961,0.6975,0.6909,0.6948
2026-02-03,0.6948,0.705,0.6945,0.7021
2026-02-04,0.7021,0.7043,0.6972,0.6998
2026-02-05,0.6998,0.7007,0.6926,0.6927
2026-02-06,0.6927,0.7025,0.6897,0.7013
2026-02-09,0.7008,0.7099,0.7007,0.7093
2026-02-10,0.7093,0.7095,0.7064,0.7075
2026-02-11,0.7075,0.7143,0.7067,0.7127
2026-02-12,0.7127,0.7147,0.7076,0.709
2026-02-13,0.709,0.7097,0.7044,0.7073
2026-02-16,0.7072,0.7097,0.7057,0.7072
2026-02-17,0.7072,0.709,0.7028,0.7086
2026-02-18,0.7086,0.7087,0.7035,0.7042
2026-02-19,0.7042,0.708,0.7024,0.7056
2026-02-20,0.7056,0.7095,0.7015,0.7081
2026-02-23,0.7085,0.7112,0.7049,0.7056
2026-02-24,0.7056,0.7074,0.7027,0.7058
2026-02-25,0.7058,0.7126,0.7057,0.7123
2026-02-26,0.7123,0.7137,0.7067,0.7105
2026-02-27,0.7105,0.7132,0.7087,0.7118
2026-03-02,0.7085,0.7117,0.7033,0.7093
2026-03-03,0.7093,0.7123,0.6944,0.7036
2026-03-04,0.7036,0.7083,0.6985,0.7075
2026-03-05,0.7075,0.7089,0.6974,0.7008
2026-03-06,0.7008,0.7048,0.6977,0.703
2026-03-09,0.6991,0.7079,0.6956,0.7076
2026-03-10,0.7076,0.7168,0.7053,0.712
2026-03-11,0.712,0.7187,0.7113,0.7152
2026-03-12,0.7152,0.7161,0.7072,0.7077
2026-03-13,0.7077,0.7092,0.698,0.6981
2026-03-16,0.6997,0.7082,0.6982,0.7072
2026-03-17,0.7072,0.7118,0.7049,0.7105
2026-03-18,0.7105,0.7123,0.7018,0.7024
2026-03-19,0.7024,0.7109,0.7,0.7087
2026-03-20,0.7087,0.7097,0.7005,0.7023
2026-03-23,0.7018,0.7062,0.6911,0.7011
2026-03-24,0.7011,0.7024,0.6938,0.6996
2026-03-25,0.6996,0.7004,0.6943,0.6947
2026-03-26,0.6947,0.6957,0.6876,0.6886
2026-03-27,0.6886,0.6912,0.6864,0.6874
2026-03-30,0.6884,0.689,0.6833,0.6853
2026-03-31,0.6853,0.6904,0.6834,0.69
2026-04-01,0.69,0.6962,0.6895,0.6928
2026-04-02,0.6928,0.6941,0.686,0.691
2026-04-03,0.691,0.6916,0.6885,0.6895
2026-04-06,0.69,0.6938,0.6876,0.6918
2026-04-07,0.6918,0.6978,0.6899,0.6974
2026-04-08,0.6974,0.7085,0.6968,0.7044
2026-04-09,0.7044,0.7095,0.7022,0.7082
2026-04-10,0.7082,0.7094,0.7054,0.7064
2026-04-13,0.7033,0.7101,0.6986,0.7095
2026-04-14,0.7095,0.7148,0.7077,0.7126
2026-04-15,0.7126,0.7178,0.7116,0.717
2026-04-16,0.717,0.7197,0.7152,0.7161
2026-04-17,0.7161,0.7222,0.7154,0.7174
2026-04-20,0.7172,0.718,0.7117,0.7178
2026-04-21,0.7178,0.7186,0.713,0.7152
2026-04-22,0.7152,0.7176,0.7146,0.716
2026-04-23,0.716,0.7167,0.7111,0.7128
2026-04-24,0.7128,0.7155,0.7115,0.7152
2026-04-27,0.7141,0.72,0.7126,0.7186
2026-04-28,0.7186,0.7195,0.7151,0.7181
2026-04-29,0.7181,0.719,0.7102,0.7116
2026-04-30,0.7116,0.7203,0.711,0.7201
2026-05-01,0.7201,0.7228,0.7184,0.7202
2026-05-04,0.7202,0.7227,0.7154,0.7167
2026-05-05,0.7167,0.7198,0.7136,0.7183
2026-05-06,0.7183,0.7278,0.7179,0.7237
2026-05-07,0.7237,0.7264,0.7205,0.7209
2026-05-08,0.7209,0.7249,0.72,0.7246
2026-05-11,0.7226,0.726,0.7211,0.7249
2026-05-12,0.7249,0.7252,0.7209,0.724
2026-05-13,0.724,0.7272,0.7231,0.7258
2026-05-14,0.7258,0.7264,0.7216,0.7221
2026-05-15,0.7221,0.7223,0.714,0.715
