Date,Open,High,Low,Close
2016-01-01,1.0021,1.0083,1.0,1.0014
2016-01-04,1.0013,1.0063,0.9924,1.0021
2016-01-05,1.0021,1.0125,1.0008,1.0087
2016-01-06,1.0087,1.0121,1.0057,1.0075
2016-01-07,1.0075,1.0081,0.9923,0.9933
2016-01-08,0.9933,1.0052,0.9932,0.9948
2016-01-11,0.9954,1.0023,0.9881,1.0015
2016-01-12,1.0015,1.0047,0.9966,1.0022
2016-01-13,1.0022,1.0107,1.0022,1.0061
2016-01-14,1.0061,1.0092,1.001,1.0051
2016-01-15,1.0051,1.0061,0.9959,1.0012
2016-01-18,1.0016,1.0073,1.0005,1.0053
2016-01-19,1.0053,1.0082,1.0002,1.0035
2016-01-20,1.0034,1.0058,0.9991,1.0043
2016-01-21,1.0043,1.0147,1.0013,1.0075
2016-01-22,1.0075,1.0166,1.0069,1.0161
2016-01-25,1.0159,1.0184,1.0125,1.0128
2016-01-26,1.0128,1.0199,1.0118,1.0168
2016-01-27,1.0168,1.0189,1.013,1.0151
2016-01-28,1.0151,1.0178,1.0111,1.0138
2016-01-29,1.0138,1.0257,1.0133,1.0231
2016-02-01,1.0225,1.025,1.0156,1.0198
2016-02-02,1.0198,1.0224,1.017,1.0186
2016-02-03,1.0187,1.0196,0.9988,1.0043
2016-02-04,1.0042,1.0074,0.9922,0.9933
2016-02-05,0.9933,0.9985,0.9884,0.991
2016-02-08,0.9913,0.9973,0.9841,0.987
2016-02-09,0.987,0.9875,0.9695,0.9728
2016-02-10,0.9728,0.982,0.971,0.9737
2016-02-11,0.9737,0.9762,0.9661,0.9725
2016-02-12,0.9725,0.9791,0.9715,0.9771
2016-02-15,0.9764,0.9889,0.9754,0.9871
2016-02-16,0.9871,0.9896,0.9847,0.9887
2016-02-17,0.9887,0.9942,0.9853,0.9925
2016-02-18,0.9925,0.9969,0.9905,0.993
2016-02-19,0.993,0.9968,0.9888,0.9904
2016-02-22,0.9901,1.0004,0.9876,0.9997
2016-02-23,0.9997,1.0002,0.9896,0.9913
2016-02-24,0.9913,0.9953,0.9853,0.9888
2016-02-25,0.9888,0.9952,0.9878,0.9904
2016-02-26,0.9904,0.9989,0.9871,0.9968
2016-02-29,0.9965,1.0038,0.9949,0.9984
2016-03-01,0.9984,1.0009,0.996,0.9974
2016-03-02,0.9974,1.0009,0.9955,0.9968
2016-03-03,0.9967,0.9983,0.9892,0.9922
2016-03-04,0.9922,0.9989,0.9879,0.9927
2016-03-07,0.9935,1.0012,0.9929,0.9955
2016-03-08,0.9955,0.9971,0.9902,0.9957
2016-03-09,0.9957,1.0039,0.994,0.9973
2016-03-10,0.9973,1.0093,0.981,0.985
2016-03-11,0.985,0.9891,0.9803,0.9824
2016-03-14,0.9822,0.9882,0.9796,0.9872
2016-03-15,0.9872,0.9896,0.9849,0.9872
2016-03-16,0.9872,0.9914,0.975,0.9769
2016-03-17,0.9768,0.9787,0.9651,0.9676
2016-03-18,0.9676,0.9717,0.9655,0.9695
2016-03-21,0.9704,0.9731,0.9675,0.9699
2016-03-22,0.9699,0.9736,0.9689,0.9727
2016-03-23,0.9728,0.9766,0.9726,0.9752
2016-03-24,0.9752,0.9774,0.9737,0.9757
2016-03-25,0.9757,0.9788,0.9752,0.9776
2016-03-28,0.9761,0.9787,0.9723,0.9738
2016-03-29,0.9738,0.9763,0.9658,0.9668
2016-03-30,0.9668,0.9672,0.9593,0.965
2016-03-31,0.965,0.9663,0.9572,0.9618
2016-04-01,0.9618,0.9626,0.9556,0.958
2016-04-04,0.9586,0.9615,0.9572,0.9589
2016-04-05,0.9589,0.9605,0.9547,0.9561
2016-04-06,0.9561,0.9622,0.9531,0.9558
2016-04-07,0.9557,0.9581,0.9522,0.9558
2016-04-08,0.9558,0.9582,0.9525,0.9536
2016-04-11,0.9533,0.9571,0.9503,0.9542
2016-04-12,0.9542,0.9594,0.9499,0.9552
2016-04-13,0.9552,0.9672,0.9549,0.9668
2016-04-14,0.9669,0.9688,0.9638,0.9669
2016-04-15,0.9669,0.9688,0.9648,0.9679
2016-04-18,0.9666,0.9679,0.9628,0.9643
2016-04-19,0.9643,0.965,0.9585,0.9619
2016-04-20,0.9619,0.9733,0.9603,0.9722
2016-04-21,0.9722,0.9753,0.9648,0.9752
2016-04-22,0.9752,0.9797,0.9733,0.9786
2016-04-25,0.9778,0.9794,0.9736,0.975
2016-04-26,0.975,0.9767,0.9702,0.9735
2016-04-27,0.9735,0.9753,0.9681,0.9711
2016-04-28,0.9711,0.9734,0.9657,0.9667
2016-04-29,0.9667,0.9672,0.9568,0.9599
2016-05-02,0.9583,0.9605,0.9535,0.9544
2016-05-03,0.9544,0.9554,0.9444,0.9545
2016-05-04,0.9545,0.959,0.9533,0.9576
2016-05-05,0.9576,0.9697,0.9569,0.9677
2016-05-06,0.9677,0.973,0.9652,0.9725
2016-05-09,0.9711,0.9736,0.9684,0.9712
2016-05-10,0.9712,0.9763,0.9699,0.976
2016-05-11,0.976,0.9762,0.9699,0.971
2016-05-12,0.971,0.9726,0.9664,0.9705
2016-05-13,0.9705,0.9775,0.9701,0.9755
2016-05-16,0.9749,0.9784,0.9744,0.9776
2016-05-17,0.9776,0.9809,0.9751,0.9805
2016-05-18,0.9805,0.9881,0.9799,0.9877
2016-05-19,0.9877,0.9923,0.9863,0.9907
2016-05-20,0.9907,0.9927,0.9896,0.9903
2016-05-23,0.9912,0.9924,0.9883,0.9895
2016-05-24,0.9895,0.9938,0.9891,0.9934
2016-05-25,0.9934,0.9936,0.9897,0.9913
2016-05-26,0.9913,0.9928,0.9872,0.9893
2016-05-27,0.9893,0.9949,0.9885,0.9947
2016-05-30,0.994,0.9956,0.992,0.9922
2016-05-31,0.9922,0.9951,0.9887,0.9939
2016-06-01,0.9939,0.9951,0.9862,0.9881
2016-06-02,0.9881,0.9911,0.9859,0.9904
2016-06-03,0.9904,0.992,0.9754,0.9759
2016-06-06,0.9769,0.978,0.9682,0.9706
2016-06-07,0.9706,0.9719,0.9645,0.9653
2016-06-08,0.9653,0.9659,0.9581,0.9593
2016-06-09,0.9592,0.9656,0.9578,0.9646
2016-06-10,0.9646,0.9658,0.9617,0.9649
2016-06-13,0.9647,0.9679,0.963,0.9644
2016-06-14,0.9644,0.9669,0.9621,0.9633
2016-06-15,0.9633,0.9664,0.9591,0.9614
2016-06-16,0.9614,0.9687,0.9572,0.965
2016-06-17,0.965,0.9659,0.9589,0.96
2016-06-20,0.9613,0.9643,0.9576,0.9621
2016-06-21,0.9621,0.9624,0.9573,0.9622
2016-06-22,0.9622,0.9629,0.9551,0.9585
2016-06-23,0.9585,0.9602,0.9522,0.958
2016-06-24,0.9581,0.9804,0.9561,0.972
2016-06-27,0.9743,0.9819,0.9707,0.9785
2016-06-28,0.9785,0.9837,0.9763,0.9819
2016-06-29,0.9819,0.9823,0.978,0.9797
2016-06-30,0.9797,0.9821,0.9728,0.976
2016-07-01,0.976,0.9781,0.9711,0.9733
2016-07-04,0.9732,0.9759,0.9703,0.9709
2016-07-05,0.9709,0.9774,0.9685,0.9768
2016-07-06,0.9768,0.9806,0.974,0.9749
2016-07-07,0.9749,0.9792,0.9741,0.9787
2016-07-08,0.9785,0.9866,0.9761,0.9833
2016-07-11,0.9815,0.9858,0.9813,0.9828
2016-07-12,0.9828,0.9894,0.9796,0.989
2016-07-13,0.989,0.9894,0.9822,0.9853
2016-07-14,0.9853,0.9854,0.9764,0.9809
2016-07-15,0.9809,0.9847,0.9782,0.9827
2016-07-18,0.9828,0.9847,0.9811,0.9824
2016-07-19,0.9824,0.9878,0.9815,0.9856
2016-07-20,0.9856,0.9905,0.9851,0.9873
2016-07-21,0.9873,0.9907,0.9841,0.9857
2016-07-22,0.9858,0.9895,0.9844,0.9871
2016-07-25,0.9858,0.9897,0.9848,0.9859
2016-07-26,0.9859,0.9928,0.9835,0.9924
2016-07-27,0.9924,0.995,0.9858,0.9859
2016-07-28,0.9859,0.9868,0.9794,0.9809
2016-07-29,0.9809,0.981,0.9636,0.9695
2016-08-01,0.9697,0.9703,0.9649,0.9685
2016-08-02,0.9685,0.9698,0.9634,0.9642
2016-08-03,0.9642,0.9739,0.9639,0.9732
2016-08-04,0.9732,0.975,0.9721,0.9741
2016-08-05,0.9741,0.9831,0.9727,0.9807
2016-08-08,0.9797,0.9842,0.9786,0.9824
2016-08-09,0.9825,0.9844,0.9812,0.9813
2016-08-10,0.9813,0.9819,0.9747,0.975
2016-08-11,0.975,0.9766,0.9711,0.9755
2016-08-12,0.9755,0.9766,0.9708,0.9744
2016-08-15,0.9759,0.9775,0.9713,0.9729
2016-08-16,0.9729,0.9735,0.9589,0.9618
2016-08-17,0.9618,0.9659,0.9597,0.9621
2016-08-18,0.9621,0.9627,0.9537,0.9543
2016-08-19,0.9543,0.9611,0.954,0.9605
2016-08-22,0.9598,0.9649,0.9582,0.9624
2016-08-23,0.9624,0.9634,0.9594,0.9633
2016-08-24,0.9633,0.9684,0.9626,0.967
2016-08-25,0.967,0.9688,0.9641,0.9677
2016-08-26,0.9677,0.9793,0.9632,0.9782
2016-08-29,0.9775,0.9807,0.9762,0.9783
2016-08-30,0.9783,0.9844,0.9775,0.9839
2016-08-31,0.9839,0.9863,0.9818,0.9839
2016-09-01,0.9839,0.9885,0.9785,0.9801
2016-09-02,0.9801,0.982,0.9739,0.9809
2016-09-05,0.981,0.9814,0.9772,0.9799
2016-09-06,0.9799,0.9811,0.9693,0.9697
2016-09-07,0.9697,0.971,0.967,0.9698
2016-09-08,0.9698,0.9738,0.965,0.9726
2016-09-09,0.9725,0.9785,0.971,0.9756
2016-09-12,0.9759,0.979,0.9691,0.9719
2016-09-13,0.9719,0.9785,0.9707,0.9765
2016-09-14,0.9765,0.979,0.9706,0.9734
2016-09-15,0.9734,0.9768,0.9695,0.9718
2016-09-16,0.9718,0.9818,0.9712,0.9804
2016-09-19,0.9796,0.982,0.9775,0.9802
2016-09-20,0.9802,0.9811,0.9762,0.9791
2016-09-21,0.9791,0.9814,0.9721,0.9739
2016-09-22,0.9739,0.9742,0.966,0.9687
2016-09-23,0.9687,0.9743,0.9685,0.9704
2016-09-26,0.9711,0.9713,0.9661,0.9692
2016-09-27,0.9692,0.9729,0.9662,0.9708
2016-09-28,0.9708,0.9737,0.9692,0.971
2016-09-29,0.9709,0.9724,0.964,0.9662
2016-09-30,0.9662,0.9755,0.9648,0.9714
2016-10-03,0.9685,0.9745,0.963,0.9735
2016-10-04,0.9733,0.9829,0.9728,0.979
2016-10-05,0.979,0.9792,0.9733,0.9743
2016-10-06,0.9743,0.9819,0.9736,0.9808
2016-10-07,0.9808,0.9839,0.9768,0.9775
2016-10-10,0.9786,0.9839,0.9771,0.9825
2016-10-11,0.9825,0.9893,0.9821,0.9888
2016-10-12,0.9888,0.991,0.9875,0.9908
2016-10-13,0.9907,0.991,0.9859,0.9862
2016-10-14,0.9862,0.9905,0.9856,0.9903
2016-10-17,0.9885,0.9907,0.9872,0.989
2016-10-18,0.989,0.9915,0.9867,0.9899
2016-10-19,0.9899,0.9905,0.9875,0.989
2016-10-20,0.989,0.9933,0.9843,0.9927
2016-10-21,0.9927,0.9962,0.9924,0.9937
2016-10-24,0.9932,0.9957,0.9916,0.9935
2016-10-25,0.9935,0.9999,0.9933,0.9943
2016-10-26,0.9944,0.9959,0.9904,0.9935
2016-10-27,0.9935,0.9951,0.9912,0.9936
2016-10-28,0.9936,0.995,0.9858,0.9881
2016-10-31,0.9871,0.9908,0.9861,0.989
2016-11-01,0.989,0.9899,0.9729,0.9754
2016-11-02,0.9754,0.9755,0.9695,0.9732
2016-11-03,0.9732,0.976,0.9696,0.9739
2016-11-04,0.9739,0.9758,0.9681,0.9684
2016-11-07,0.9702,0.979,0.9689,0.9743
2016-11-08,0.9743,0.979,0.9735,0.9779
2016-11-09,0.9779,0.9848,0.955,0.9845
2016-11-10,0.9845,0.9897,0.9821,0.9868
2016-11-11,0.9868,0.9893,0.9832,0.988
2016-11-14,0.9874,1.0002,0.9871,0.9981
2016-11-15,0.9981,1.0025,0.9929,1.0018
2016-11-16,1.0018,1.0058,0.9984,1.0019
2016-11-17,1.0019,1.0074,0.9994,1.0071
2016-11-18,1.0071,1.0123,1.006,1.0101
2016-11-21,1.0109,1.0117,1.0075,1.0088
2016-11-22,1.0088,1.0134,1.0068,1.0113
2016-11-23,1.0113,1.0182,1.0092,1.0167
2016-11-24,1.0167,1.0192,1.0145,1.0163
2016-11-25,1.0163,1.0186,1.0105,1.0141
2016-11-28,1.0135,1.0168,1.008,1.0127
2016-11-29,1.0128,1.0177,1.0111,1.0117
2016-11-30,1.0117,1.0205,1.0107,1.0173
2016-12-01,1.0173,1.0183,1.01,1.0106
2016-12-02,1.0106,1.0123,1.0076,1.0111
2016-12-05,1.0097,1.0182,1.0051,1.0064
2016-12-06,1.0064,1.0115,1.005,1.0102
2016-12-07,1.0102,1.011,1.0066,1.0075
2016-12-08,1.0075,1.0178,1.0021,1.0163
2016-12-09,1.0163,1.0214,1.0153,1.0171
2016-12-12,1.0172,1.0199,1.0124,1.0134
2016-12-13,1.0134,1.0146,1.0101,1.0121
2016-12-14,1.0121,1.0223,1.0084,1.0204
2016-12-15,1.0204,1.0344,1.0198,1.03
2016-12-16,1.03,1.0312,1.0242,1.0261
2016-12-19,1.0272,1.0283,1.0221,1.0274
2016-12-20,1.0274,1.0321,1.026,1.0288
2016-12-21,1.0288,1.0296,1.0227,1.0268
2016-12-22,1.0268,1.0272,1.0219,1.0256
2016-12-23,1.0255,1.0281,1.0243,1.0265
2016-12-26,1.0264,1.0279,1.0247,1.0272
2016-12-27,1.0272,1.0298,1.0267,1.028
2016-12-28,1.0281,1.0321,1.0265,1.0284
2016-12-29,1.0284,1.0287,1.0207,1.023
2016-12-30,1.023,1.0233,1.0064,1.019
2017-01-02,1.0185,1.024,1.0172,1.0235
2017-01-03,1.0235,1.0335,1.0211,1.0274
2017-01-04,1.0274,1.0291,1.0202,1.0209
2017-01-05,1.0209,1.0221,1.0087,1.0098
2017-01-06,1.0098,1.0184,1.0094,1.018
2017-01-09,1.0165,1.0198,1.0142,1.0153
2017-01-10,1.0153,1.0178,1.0111,1.017
2017-01-11,1.017,1.0248,1.0102,1.0141
2017-01-12,1.0141,1.015,1.0056,1.0109
2017-01-13,1.0109,1.0121,1.0045,1.0084
2017-01-16,1.01,1.0137,1.008,1.0117
2017-01-17,1.0117,1.0122,0.9996,1.0015
2017-01-18,1.0015,1.0076,1.0009,1.0074
2017-01-19,1.0074,1.0122,1.0042,1.0062
2017-01-20,1.0062,1.0094,1.0014,1.0016
2017-01-23,1.0029,1.0046,0.9963,0.9965
2017-01-24,0.9965,1.0019,0.996,1.001
2017-01-25,1.001,1.0026,0.9966,0.9994
2017-01-26,0.9994,1.0026,0.9969,0.9998
2017-01-27,0.9997,1.0028,0.997,0.9993
2017-01-30,0.9984,1.0045,0.9934,0.9953
2017-01-31,0.9953,0.9966,0.9862,0.9892
2017-02-01,0.9892,0.9957,0.9884,0.9931
2017-02-02,0.9931,0.9939,0.987,0.9927
2017-02-03,0.9927,0.9986,0.9907,0.993
2017-02-06,0.9929,0.9962,0.9904,0.9912
2017-02-07,0.9912,1.0007,0.9907,0.9978
2017-02-08,0.9977,1.0,0.993,0.9947
2017-02-09,0.9946,1.0019,0.9937,1.0017
2017-02-10,1.0017,1.0062,1.001,1.0024
2017-02-13,1.0023,1.0069,1.0007,1.0057
2017-02-14,1.0057,1.0085,1.0031,1.0062
2017-02-15,1.0062,1.0119,1.0048,1.0055
2017-02-16,1.0055,1.006,0.9967,0.9971
2017-02-17,0.9971,1.0034,0.997,1.0026
2017-02-20,1.0023,1.0044,0.9997,1.0028
2017-02-21,1.0028,1.0106,1.0026,1.0097
2017-02-22,1.0097,1.0141,1.0078,1.0103
2017-02-23,1.0103,1.0117,1.0054,1.0063
2017-02-24,1.0063,1.0081,1.0026,1.0075
2017-02-27,1.0076,1.0098,1.0046,1.009
2017-02-28,1.0089,1.0102,1.0009,1.0058
2017-03-01,1.0058,1.0129,1.0053,1.0089
2017-03-02,1.0089,1.0146,1.0085,1.0134
2017-03-03,1.0134,1.0138,1.0075,1.0079
2017-03-06,1.0091,1.0129,1.0073,1.0123
2017-03-07,1.0124,1.0171,1.0107,1.0133
2017-03-08,1.0132,1.0155,1.0123,1.0149
2017-03-09,1.0148,1.0161,1.0092,1.0121
2017-03-10,1.0121,1.0139,1.0079,1.0109
2017-03-13,1.0109,1.0127,1.0061,1.0072
2017-03-14,1.0073,1.0108,1.0069,1.0102
2017-03-15,1.0102,1.0108,0.9986,1.0002
2017-03-16,1.0002,1.0015,0.9951,0.9965
2017-03-17,0.9965,0.9988,0.9943,0.9982
2017-03-20,0.9979,0.9991,0.9957,0.9985
2017-03-21,0.9985,1.0003,0.9922,0.9939
2017-03-22,0.9939,0.9946,0.9882,0.9914
2017-03-23,0.9914,0.9942,0.9912,0.9934
2017-03-24,0.9934,0.9959,0.9889,0.9914
2017-03-27,0.9903,0.9909,0.9814,0.9856
2017-03-28,0.9856,0.9935,0.9832,0.9925
2017-03-29,0.9925,0.9976,0.9913,0.9965
2017-03-30,0.9965,1.0014,0.9949,1.0012
2017-03-31,1.0012,1.003,0.9995,1.0026
2017-04-03,1.0009,1.0039,1.0001,1.0015
2017-04-04,1.0015,1.0037,1.0012,1.002
2017-04-05,1.002,1.0078,1.0012,1.0049
2017-04-06,1.0049,1.0068,1.0027,1.005
2017-04-07,1.005,1.0096,1.003,1.0091
2017-04-10,1.0069,1.0107,1.0069,1.0087
2017-04-11,1.0087,1.0094,1.0056,1.0075
2017-04-12,1.0075,1.0089,1.0022,1.0028
2017-04-13,1.0028,1.0067,1.0009,1.006
2017-04-14,1.006,1.0061,1.0029,1.0055
2017-04-17,1.0041,1.0058,1.001,1.0045
2017-04-18,1.0045,1.0048,0.9956,0.9963
2017-04-19,0.9963,0.9992,0.9957,0.9984
2017-04-20,0.9984,0.9989,0.9941,0.9987
2017-04-21,0.9987,1.0,0.9958,0.9963
2017-04-24,0.9865,0.9981,0.9856,0.9958
2017-04-25,0.9958,0.997,0.9919,0.9938
2017-04-26,0.9938,0.9969,0.992,0.9933
2017-04-27,0.9933,0.9964,0.992,0.9941
2017-04-28,0.9941,0.9958,0.9894,0.9946
2017-05-01,0.9949,0.9965,0.9928,0.9963
2017-05-02,0.9963,0.9967,0.9912,0.9916
2017-05-03,0.9916,0.9948,0.9891,0.9948
2017-05-04,0.9948,0.9957,0.9863,0.9864
2017-05-05,0.9864,0.9903,0.9859,0.9877
2017-05-08,0.9894,0.9991,0.9866,0.9988
2017-05-09,0.9987,1.0091,0.9978,1.0074
2017-05-10,1.0074,1.0095,1.0049,1.0089
2017-05-11,1.0089,1.01,1.0057,1.0078
2017-05-12,1.0078,1.0086,0.9988,1.0009
2017-05-15,1.0003,1.0019,0.9958,0.9966
2017-05-16,0.9966,0.9969,0.9848,0.9859
2017-05-17,0.9859,0.9862,0.9775,0.9789
2017-05-18,0.9789,0.9825,0.9759,0.9799
2017-05-19,0.9799,0.9805,0.9726,0.9729
2017-05-22,0.9737,0.9766,0.9692,0.9734
2017-05-23,0.9734,0.9763,0.9702,0.976
2017-05-24,0.976,0.9777,0.973,0.973
2017-05-25,0.973,0.9741,0.97,0.9727
2017-05-26,0.9727,0.9761,0.9697,0.9741
2017-05-29,0.9751,0.9777,0.973,0.9777
2017-05-30,0.9777,0.9808,0.9737,0.9746
2017-05-31,0.9746,0.9761,0.967,0.9678
2017-06-01,0.9678,0.972,0.9671,0.9715
2017-06-02,0.9715,0.9719,0.9623,0.9631
2017-06-05,0.964,0.9664,0.9628,0.965
2017-06-06,0.965,0.9654,0.9614,0.9621
2017-06-07,0.962,0.9678,0.9618,0.9652
2017-06-08,0.9652,0.9696,0.9638,0.9672
2017-06-09,0.9672,0.9728,0.9661,0.9694
2017-06-12,0.9698,0.9699,0.967,0.9688
2017-06-13,0.9688,0.9701,0.9662,0.9689
2017-06-14,0.9689,0.9736,0.9641,0.9711
2017-06-15,0.9711,0.9771,0.9704,0.9753
2017-06-16,0.9753,0.9757,0.9727,0.9733
2017-06-19,0.9734,0.976,0.9696,0.9757
2017-06-20,0.9756,0.9766,0.9726,0.9751
2017-06-21,0.9751,0.9754,0.9723,0.9725
2017-06-22,0.9725,0.9743,0.9712,0.9718
2017-06-23,0.9718,0.9732,0.9676,0.9693
2017-06-26,0.9694,0.9738,0.9684,0.9724
2017-06-27,0.9724,0.9733,0.9592,0.9604
2017-06-28,0.9604,0.9647,0.9579,0.9596
2017-06-29,0.9596,0.96,0.9556,0.9559
2017-06-30,0.9559,0.9598,0.9553,0.9579
2017-07-03,0.9575,0.9643,0.957,0.9636
2017-07-04,0.9636,0.966,0.9622,0.9655
2017-07-05,0.9655,0.9688,0.9635,0.964
2017-07-06,0.964,0.966,0.9601,0.9604
2017-07-07,0.9605,0.9654,0.96,0.964
2017-07-10,0.9634,0.9675,0.963,0.9657
2017-07-11,0.9657,0.9696,0.9625,0.9637
2017-07-12,0.9637,0.9662,0.9603,0.9654
2017-07-13,0.9654,0.9687,0.9616,0.9672
2017-07-14,0.9671,0.9701,0.9629,0.9635
2017-07-17,0.9638,0.9659,0.9595,0.9626
2017-07-18,0.9626,0.9635,0.9524,0.9548
2017-07-19,0.9548,0.9561,0.9529,0.9556
2017-07-20,0.9556,0.9622,0.9494,0.9513
2017-07-21,0.9513,0.9523,0.9439,0.9457
2017-07-24,0.9455,0.9475,0.9446,0.9461
2017-07-25,0.946,0.9526,0.9454,0.9524
2017-07-26,0.9525,0.9595,0.9499,0.9509
2017-07-27,0.9509,0.9662,0.9491,0.9649
2017-07-28,0.9649,0.9727,0.9634,0.9687
2017-07-31,0.969,0.9713,0.9637,0.9669
2017-08-01,0.9669,0.9683,0.9631,0.9657
2017-08-02,0.9657,0.9714,0.9649,0.9709
2017-08-03,0.9709,0.9717,0.9672,0.9686
2017-08-04,0.9686,0.9764,0.9671,0.9727
2017-08-07,0.973,0.9747,0.9711,0.973
2017-08-08,0.973,0.9773,0.971,0.9742
2017-08-09,0.9742,0.9747,0.9612,0.9637
2017-08-10,0.9637,0.9675,0.9619,0.9626
2017-08-11,0.9626,0.9639,0.9584,0.9618
2017-08-14,0.9663,0.9733,0.9605,0.972
2017-08-15,0.9719,0.9759,0.9702,0.9725
2017-08-16,0.9725,0.9766,0.9649,0.9658
2017-08-17,0.9658,0.9699,0.9606,0.963
2017-08-18,0.963,0.967,0.9586,0.9646
2017-08-21,0.9649,0.9685,0.9601,0.9619
2017-08-22,0.9618,0.9689,0.9615,0.9681
2017-08-23,0.9681,0.9698,0.9642,0.9652
2017-08-24,0.9652,0.9669,0.962,0.9655
2017-08-25,0.9655,0.9663,0.9551,0.957
2017-08-28,0.9558,0.9578,0.9527,0.9553
2017-08-29,0.9553,0.9561,0.9429,0.9558
2017-08-30,0.9558,0.9646,0.9539,0.9636
2017-08-31,0.9636,0.968,0.9583,0.9587
2017-09-01,0.9587,0.9653,0.9547,0.9648
2017-09-04,0.9638,0.9644,0.9552,0.9582
2017-09-05,0.9582,0.9614,0.9535,0.9552
2017-09-06,0.9552,0.9582,0.9528,0.9567
2017-09-07,0.9567,0.9594,0.9494,0.9506
2017-09-08,0.9506,0.9509,0.9421,0.9442
2017-09-11,0.9447,0.9569,0.9447,0.9563
2017-09-12,0.9563,0.9618,0.9545,0.9604
2017-09-13,0.9602,0.9661,0.9584,0.9641
2017-09-14,0.9642,0.9705,0.9619,0.9632
2017-09-15,0.9632,0.9664,0.9565,0.9603
2017-09-18,0.9601,0.9641,0.9581,0.9615
2017-09-19,0.9615,0.9649,0.9595,0.9627
2017-09-20,0.9627,0.9718,0.959,0.9698
2017-09-21,0.9698,0.9748,0.9685,0.9706
2017-09-22,0.9706,0.971,0.9668,0.9693
2017-09-25,0.9713,0.9746,0.9643,0.9666
2017-09-26,0.9667,0.9727,0.9653,0.9687
2017-09-27,0.9687,0.977,0.9687,0.9721
2017-09-28,0.9721,0.9759,0.9698,0.9702
2017-09-29,0.9702,0.9721,0.9671,0.9683
2017-10-02,0.9691,0.9755,0.9675,0.9747
2017-10-03,0.9747,0.9787,0.9729,0.9737
2017-10-04,0.9737,0.9762,0.971,0.9753
2017-10-05,0.9753,0.9796,0.9743,0.9783
2017-10-06,0.9783,0.9836,0.9771,0.9797
2017-10-09,0.9804,0.981,0.9774,0.9798
2017-10-10,0.9798,0.98,0.9735,0.9752
2017-10-11,0.9751,0.9767,0.9717,0.9735
2017-10-12,0.9736,0.9764,0.9712,0.9755
2017-10-13,0.9755,0.9772,0.9705,0.9745
2017-10-16,0.9743,0.9769,0.973,0.9756
2017-10-17,0.9756,0.9809,0.9745,0.9784
2017-10-18,0.9784,0.9836,0.9774,0.9816
2017-10-19,0.9816,0.9821,0.9737,0.9763
2017-10-20,0.9763,0.9853,0.9757,0.9842
2017-10-23,0.9841,0.9881,0.9794,0.985
2017-10-24,0.985,0.9912,0.9838,0.9911
2017-10-25,0.9911,0.994,0.9869,0.9897
2017-10-26,0.9897,0.9979,0.9876,0.9975
2017-10-27,0.9975,1.0038,0.9969,0.9981
2017-10-30,0.9992,0.9997,0.9939,0.9943
2017-10-31,0.9943,0.9995,0.9943,0.9976
2017-11-01,0.9976,1.0038,0.9971,1.0033
2017-11-02,1.0033,1.0034,0.9949,0.9994
2017-11-03,0.9994,1.0025,0.9951,1.0007
2017-11-06,1.0009,1.0029,0.9973,0.9974
2017-11-07,0.9974,1.002,0.9973,0.9998
2017-11-08,0.9998,1.0007,0.9981,1.0001
2017-11-09,1.0001,1.0018,0.9922,0.994
2017-11-10,0.994,0.9968,0.9925,0.9961
2017-11-13,0.9958,0.9987,0.9937,0.9963
2017-11-14,0.9963,0.9971,0.9882,0.9893
2017-11-15,0.9893,0.9911,0.9847,0.9884
2017-11-16,0.9884,0.9945,0.9883,0.9941
2017-11-17,0.9941,0.9944,0.9876,0.9891
2017-11-20,0.9886,0.9937,0.9877,0.9934
2017-11-21,0.9934,0.9947,0.9899,0.9914
2017-11-22,0.9914,0.9917,0.9813,0.982
2017-11-23,0.982,0.9828,0.9795,0.9818
2017-11-24,0.9818,0.9827,0.9786,0.9795
2017-11-27,0.9819,0.9826,0.9769,0.9817
2017-11-28,0.9817,0.9853,0.9803,0.9842
2017-11-29,0.9841,0.987,0.9819,0.9846
2017-11-30,0.9846,0.9882,0.9816,0.9836
2017-12-01,0.9836,0.9871,0.9735,0.9762
2017-12-04,0.9769,0.9867,0.9763,0.985
2017-12-05,0.985,0.9888,0.9837,0.9874
2017-12-06,0.9873,0.991,0.9855,0.9899
2017-12-07,0.9899,0.9947,0.9878,0.9944
2017-12-08,0.9944,0.9978,0.9924,0.9927
2017-12-11,0.994,0.9969,0.9897,0.9918
2017-12-12,0.9918,0.9936,0.989,0.9916
2017-12-13,0.9916,0.9929,0.9843,0.9854
2017-12-14,0.9854,0.9905,0.984,0.9891
2017-12-15,0.9891,0.9935,0.9874,0.9905
2017-12-18,0.99,0.992,0.984,0.9857
2017-12-19,0.9857,0.9879,0.9835,0.9849
2017-12-20,0.9849,0.9886,0.9829,0.9869
2017-12-21,0.9869,0.991,0.9855,0.9885
2017-12-22,0.9885,0.9912,0.9879,0.988
2017-12-25,0.987,0.9915,0.9857,0.99
2017-12-26,0.99,0.9916,0.9883,0.9893
2017-12-27,0.9893,0.9904,0.986,0.9863
2017-12-28,0.9863,0.9864,0.9772,0.9786
2017-12-29,0.9786,0.9803,0.9734,0.9743
2018-01-01,0.9755,0.9769,0.974,0.975
2018-01-02,0.975,0.9754,0.97,0.9717
2018-01-03,0.9717,0.9798,0.9711,0.9771
2018-01-04,0.9771,0.9781,0.9737,0.9742
2018-01-05,0.9742,0.9785,0.974,0.9747
2018-01-08,0.9751,0.9784,0.9744,0.9772
2018-01-09,0.9772,0.9842,0.9766,0.983
2018-01-10,0.983,0.9846,0.9755,0.9782
2018-01-11,0.9782,0.9816,0.9732,0.9758
2018-01-12,0.9758,0.9771,0.9666,0.9673
2018-01-15,0.968,0.9685,0.9603,0.9631
2018-01-16,0.9631,0.9665,0.9581,0.9595
2018-01-17,0.9595,0.9659,0.9573,0.9659
2018-01-18,0.966,0.9668,0.9575,0.9589
2018-01-19,0.9589,0.9641,0.9536,0.9628
2018-01-22,0.961,0.964,0.9593,0.9618
2018-01-23,0.9618,0.9634,0.9567,0.9577
2018-01-24,0.9577,0.9582,0.9427,0.9453
2018-01-25,0.9453,0.9467,0.929,0.9407
2018-01-26,0.9407,0.9432,0.9322,0.9324
2018-01-29,0.9345,0.9387,0.9335,0.9375
2018-01-30,0.9376,0.9394,0.931,0.9348
2018-01-31,0.9348,0.9359,0.9289,0.9313
2018-02-01,0.9313,0.9342,0.9257,0.9265
2018-02-02,0.9265,0.9337,0.9258,0.9314
2018-02-05,0.9326,0.9377,0.9288,0.9317
2018-02-06,0.9317,0.9398,0.9307,0.9359
2018-02-07,0.9359,0.9455,0.934,0.9439
2018-02-08,0.9439,0.947,0.9355,0.9362
2018-02-09,0.9362,0.9409,0.9349,0.9386
2018-02-12,0.9401,0.9407,0.9364,0.9393
2018-02-13,0.9393,0.9399,0.9323,0.9349
2018-02-14,0.9349,0.9375,0.9285,0.9294
2018-02-15,0.9294,0.9296,0.9211,0.922
2018-02-16,0.922,0.9288,0.9188,0.927
2018-02-19,0.9279,0.932,0.9263,0.9295
2018-02-20,0.9295,0.937,0.9287,0.9361
2018-02-21,0.9361,0.9397,0.9343,0.939
2018-02-22,0.939,0.9409,0.9326,0.9329
2018-02-23,0.9328,0.9374,0.9325,0.9361
2018-02-26,0.9364,0.9391,0.9326,0.938
2018-02-27,0.938,0.9417,0.9359,0.9389
2018-02-28,0.9389,0.9458,0.9388,0.9446
2018-03-01,0.9446,0.9491,0.941,0.9418
2018-03-02,0.9418,0.9424,0.9339,0.9374
2018-03-05,0.9349,0.9408,0.9348,0.9399
2018-03-06,0.9399,0.9419,0.936,0.9407
2018-03-07,0.9407,0.9443,0.9358,0.9435
2018-03-08,0.9435,0.952,0.9422,0.9511
2018-03-09,0.9511,0.9535,0.9488,0.9513
2018-03-12,0.9502,0.9514,0.9459,0.9476
2018-03-13,0.9476,0.9494,0.943,0.9441
2018-03-14,0.9441,0.948,0.9425,0.9449
2018-03-15,0.9449,0.952,0.9434,0.9514
2018-03-16,0.9514,0.9548,0.9485,0.952
2018-03-19,0.9525,0.9552,0.9495,0.9511
2018-03-20,0.951,0.957,0.9502,0.9565
2018-03-21,0.9565,0.9567,0.9485,0.9497
2018-03-22,0.9497,0.9515,0.946,0.9492
2018-03-23,0.9492,0.9497,0.9445,0.9474
2018-03-26,0.9473,0.9489,0.9433,0.9456
2018-03-27,0.9456,0.9509,0.9435,0.9468
2018-03-28,0.9468,0.9578,0.946,0.9567
2018-03-29,0.9567,0.9584,0.9548,0.9564
2018-03-30,0.9564,0.9566,0.9524,0.954
2018-04-02,0.9534,0.9565,0.9527,0.9551
2018-04-03,0.9551,0.9597,0.9533,0.9589
2018-04-04,0.9589,0.9612,0.9552,0.9608
2018-04-05,0.9608,0.964,0.9598,0.9635
2018-04-06,0.9635,0.9649,0.9579,0.9591
2018-04-09,0.9587,0.961,0.9561,0.9562
2018-04-10,0.9562,0.9581,0.9535,0.9569
2018-04-11,0.9569,0.9597,0.9556,0.9577
2018-04-12,0.9577,0.9646,0.957,0.9624
2018-04-13,0.9624,0.9639,0.96,0.9622
2018-04-16,0.9623,0.9637,0.9578,0.96
2018-04-17,0.96,0.9678,0.9581,0.9663
2018-04-18,0.9663,0.9699,0.9651,0.9687
2018-04-19,0.9687,0.9724,0.9668,0.9713
2018-04-20,0.9713,0.976,0.9708,0.9746
2018-04-23,0.9747,0.9789,0.9746,0.9782
2018-04-24,0.9782,0.981,0.9768,0.9789
2018-04-25,0.9789,0.9848,0.9783,0.9833
2018-04-26,0.9833,0.9896,0.9817,0.9891
2018-04-27,0.9891,0.992,0.9872,0.9877
2018-04-30,0.9879,0.9921,0.9873,0.9909
2018-05-01,0.9909,0.997,0.9898,0.9966
2018-05-02,0.9966,1.0,0.9937,0.9988
2018-05-03,0.9987,0.9999,0.9956,0.9975
2018-05-04,0.9975,1.0023,0.9967,1.0
2018-05-07,1.0005,1.0056,0.9984,1.0027
2018-05-08,1.0027,1.0045,1.0003,1.0017
2018-05-09,1.0017,1.0056,1.0004,1.005
2018-05-10,1.005,1.0057,0.9995,1.0036
2018-05-11,1.0036,1.004,0.9977,0.9998
2018-05-14,1.0005,1.0008,0.9958,1.0006
2018-05-15,1.0006,1.0042,0.9984,1.0013
2018-05-16,1.0013,1.0019,0.9985,1.0012
2018-05-17,1.0012,1.0033,0.9987,1.0015
2018-05-18,1.0015,1.0018,0.9951,0.998
2018-05-21,0.9971,1.0002,0.997,0.9973
2018-05-22,0.9973,0.9991,0.9918,0.9928
2018-05-23,0.9928,0.9978,0.9895,0.9957
2018-05-24,0.9957,0.9958,0.9886,0.9916
2018-05-25,0.9916,0.9937,0.9896,0.991
2018-05-28,0.9917,0.9958,0.9911,0.9936
2018-05-29,0.9935,0.9983,0.9851,0.9913
2018-05-30,0.9913,0.9935,0.9879,0.9891
2018-05-31,0.9891,0.9897,0.9826,0.9858
2018-06-01,0.9858,0.9913,0.9842,0.9882
2018-06-04,0.988,0.9894,0.983,0.9877
2018-06-05,0.9877,0.9893,0.983,0.9844
2018-06-06,0.9843,0.9886,0.9836,0.9865
2018-06-07,0.9865,0.9868,0.9789,0.9805
2018-06-08,0.9804,0.9888,0.9797,0.9857
2018-06-11,0.9857,0.9874,0.9839,0.9854
2018-06-12,0.9854,0.9884,0.983,0.9868
2018-06-13,0.9868,0.9895,0.9841,0.9855
2018-06-14,0.9855,0.9973,0.9826,0.997
2018-06-15,0.9969,0.9988,0.9946,0.9976
2018-06-18,0.9969,0.999,0.9936,0.9952
2018-06-19,0.9952,0.9978,0.9918,0.995
2018-06-20,0.995,0.9983,0.9937,0.9962
2018-06-21,0.9962,0.9986,0.9897,0.9923
2018-06-22,0.9923,0.993,0.9874,0.9881
2018-06-25,0.9898,0.9904,0.9856,0.9873
2018-06-26,0.9873,0.9923,0.9859,0.9912
2018-06-27,0.9913,0.9976,0.9892,0.9973
2018-06-28,0.9973,0.9993,0.996,0.9975
2018-06-29,0.9975,0.9982,0.9894,0.9906
2018-07-02,0.9925,0.9966,0.9898,0.9936
2018-07-03,0.9936,0.995,0.9913,0.9925
2018-07-04,0.9925,0.994,0.9906,0.993
2018-07-05,0.993,0.9944,0.991,0.9931
2018-07-06,0.9931,0.9944,0.9884,0.9893
2018-07-09,0.9897,0.993,0.9858,0.9915
2018-07-10,0.9915,0.9962,0.991,0.9919
2018-07-11,0.9919,0.9966,0.9905,0.9959
2018-07-12,0.9959,1.0027,0.9948,1.0024
2018-07-13,1.0024,1.0068,1.0015,1.0017
2018-07-16,1.0038,1.005,0.9963,0.9968
2018-07-17,0.9968,1.0002,0.9927,1.0001
2018-07-18,1.0001,1.0035,0.9983,0.999
2018-07-19,0.999,1.0043,0.9959,0.9987
2018-07-20,0.9987,1.001,0.9916,0.9923
2018-07-23,0.993,0.9988,0.9901,0.9922
2018-07-24,0.9922,0.9954,0.9918,0.9936
2018-07-25,0.9936,0.9949,0.9908,0.9919
2018-07-26,0.9919,0.995,0.9903,0.9942
2018-07-27,0.9942,0.9978,0.9932,0.9945
2018-07-30,0.9946,0.9962,0.9878,0.9882
2018-07-31,0.9882,0.9906,0.9868,0.9903
2018-08-01,0.9903,0.9934,0.99,0.9921
2018-08-02,0.9921,0.9956,0.9915,0.9952
2018-08-03,0.9952,0.9965,0.9921,0.9941
2018-08-06,0.9938,0.9985,0.993,0.9972
2018-08-07,0.9972,0.9973,0.9931,0.9956
2018-08-08,0.9956,0.9971,0.9928,0.9933
2018-08-09,0.9933,0.9951,0.9895,0.9936
2018-08-10,0.9936,0.9975,0.9926,0.9952
2018-08-13,0.9953,0.9957,0.9921,0.9934
2018-08-14,0.9934,0.9951,0.9901,0.9942
2018-08-15,0.9942,0.9983,0.9926,0.9936
2018-08-16,0.9936,0.9975,0.9916,0.9969
2018-08-17,0.9969,0.9978,0.9933,0.9958
2018-08-20,0.9947,0.9969,0.9911,0.9916
2018-08-21,0.9916,0.9923,0.9843,0.9855
2018-08-22,0.9855,0.9857,0.9808,0.9831
2018-08-23,0.983,0.9866,0.9822,0.9862
2018-08-24,0.9862,0.9865,0.9811,0.9835
2018-08-27,0.9819,0.9846,0.9788,0.9799
2018-08-28,0.9799,0.9809,0.9745,0.9763
2018-08-29,0.9763,0.9776,0.9702,0.9705
2018-08-30,0.9705,0.9716,0.9686,0.9691
2018-08-31,0.9691,0.9703,0.9652,0.9689
2018-09-03,0.9691,0.9708,0.9683,0.9693
2018-09-04,0.9693,0.9767,0.9689,0.9745
2018-09-05,0.9745,0.9754,0.9709,0.9717
2018-09-06,0.9717,0.9724,0.9651,0.9652
2018-09-07,0.9652,0.97,0.9642,0.9692
2018-09-10,0.9687,0.9755,0.9675,0.9751
2018-09-11,0.9751,0.9759,0.972,0.9723
2018-09-12,0.9723,0.975,0.9696,0.9709
2018-09-13,0.971,0.9711,0.9652,0.9654
2018-09-14,0.9654,0.9684,0.9635,0.9684
2018-09-17,0.967,0.9683,0.9612,0.9626
2018-09-18,0.9626,0.9656,0.96,0.9645
2018-09-19,0.9645,0.97,0.9634,0.9672
2018-09-20,0.9672,0.9678,0.9589,0.959
2018-09-21,0.959,0.9598,0.9542,0.9587
2018-09-24,0.9595,0.9651,0.9579,0.9643
2018-09-25,0.9643,0.9671,0.9629,0.965
2018-09-26,0.965,0.9702,0.9624,0.9661
2018-09-27,0.9661,0.9783,0.9648,0.9773
2018-09-28,0.9773,0.982,0.9738,0.9817
2018-10-01,0.9796,0.9856,0.9791,0.9841
2018-10-02,0.9841,0.9863,0.9829,0.9839
2018-10-03,0.9839,0.9926,0.9834,0.9924
2018-10-04,0.9924,0.9934,0.9892,0.9917
2018-10-05,0.9917,0.9955,0.991,0.992
2018-10-08,0.9925,0.9945,0.9908,0.9926
2018-10-09,0.9926,0.9956,0.9911,0.9922
2018-10-10,0.9922,0.9934,0.9896,0.9901
2018-10-11,0.9901,0.9922,0.9857,0.9894
2018-10-12,0.9894,0.993,0.9882,0.9929
2018-10-15,0.9912,0.992,0.9848,0.9874
2018-10-16,0.9875,0.9909,0.9859,0.9907
2018-10-17,0.9907,0.9955,0.99,0.9953
2018-10-18,0.9953,0.9975,0.992,0.9957
2018-10-19,0.9956,0.9978,0.995,0.996
2018-10-22,0.9957,0.998,0.994,0.996
2018-10-23,0.996,0.997,0.9938,0.9949
2018-10-24,0.9949,0.999,0.9942,0.9979
2018-10-25,0.9979,1.0018,0.9955,0.9986
2018-10-26,0.9986,1.0027,0.9964,0.997
2018-10-29,0.997,1.0025,0.9968,1.0019
2018-10-30,1.0019,1.0052,1.0009,1.0052
2018-10-31,1.0052,1.0095,1.0034,1.0085
2018-11-01,1.0085,1.0091,1.0001,1.0021
2018-11-02,1.0021,1.0049,0.9968,1.0035
2018-11-05,1.0029,1.0069,1.0013,1.0045
2018-11-06,1.0045,1.0056,1.0023,1.0025
2018-11-07,1.0025,1.0051,0.9953,1.0023
2018-11-08,1.0023,1.0071,1.0003,1.0059
2018-11-09,1.0059,1.0086,1.0045,1.0056
2018-11-12,1.0051,1.0112,1.005,1.0109
2018-11-13,1.0109,1.0128,1.007,1.007
2018-11-14,1.007,1.0104,1.0042,1.0069
2018-11-15,1.0069,1.0079,1.0036,1.0067
2018-11-16,1.0067,1.0087,0.9992,0.9999
2018-11-19,1.0008,1.0014,0.9925,0.9935
2018-11-20,0.9935,0.9958,0.9909,0.9954
2018-11-21,0.9954,0.9959,0.9928,0.9949
2018-11-22,0.9949,0.9956,0.9922,0.995
2018-11-23,0.9949,0.998,0.9935,0.9974
2018-11-26,0.9968,0.9993,0.9955,0.9983
2018-11-27,0.9983,1.0004,0.9976,0.9988
2018-11-28,0.9988,1.0006,0.9926,0.9941
2018-11-29,0.9941,0.9977,0.9918,0.9961
2018-11-30,0.9962,1.0004,0.9951,0.9979
2018-12-03,0.9973,0.9998,0.9965,0.9975
2018-12-04,0.9975,0.9991,0.9931,0.9974
2018-12-05,0.9974,1.0008,0.997,0.9977
2018-12-06,0.9977,0.999,0.9895,0.9926
2018-12-07,0.9927,0.9943,0.989,0.992
2018-12-10,0.9907,0.992,0.9868,0.9904
2018-12-11,0.9904,0.9939,0.9863,0.9933
2018-12-12,0.9933,0.9966,0.9913,0.9935
2018-12-13,0.9935,0.9955,0.9912,0.9942
2018-12-14,0.9942,0.999,0.9932,0.998
2018-12-17,0.9965,0.9986,0.9917,0.9929
2018-12-18,0.9929,0.9939,0.99,0.9923
2018-12-19,0.9923,0.9956,0.9907,0.9946
2018-12-20,0.9946,0.9953,0.9841,0.9879
2018-12-21,0.9879,0.9958,0.9862,0.9938
2018-12-24,0.9937,0.9953,0.9858,0.9863
2018-12-25,0.9863,0.9892,0.9839,0.9872
2018-12-26,0.9872,0.9964,0.9852,0.9957
2018-12-27,0.9957,0.9959,0.9841,0.988
2018-12-28,0.988,0.99,0.9791,0.9846
2018-12-31,0.9842,0.9875,0.9809,0.9821
2019-01-01,0.983,0.983,0.9809,0.9816
2019-01-02,0.9816,0.992,0.9797,0.9901
2019-01-03,0.9901,0.9918,0.9847,0.9868
2019-01-04,0.9868,0.9908,0.9853,0.9876
2019-01-07,0.9865,0.9881,0.9788,0.9797
2019-01-08,0.9797,0.9835,0.9789,0.9813
2019-01-09,0.9813,0.982,0.9732,0.9744
2019-01-10,0.9744,0.9849,0.9716,0.9845
2019-01-11,0.9845,0.9856,0.9814,0.9835
2019-01-14,0.985,0.9852,0.98,0.981
2019-01-15,0.981,0.9894,0.9802,0.9878
2019-01-16,0.9878,0.991,0.9873,0.9903
2019-01-17,0.9903,0.9954,0.9896,0.9942
2019-01-18,0.9942,0.9959,0.9932,0.9954
2019-01-21,0.9947,0.9988,0.994,0.9972
2019-01-22,0.9972,0.9986,0.9961,0.9973
2019-01-23,0.9973,0.999,0.994,0.9949
2019-01-24,0.9949,0.9977,0.9935,0.9964
2019-01-25,0.9964,0.9975,0.9922,0.9939
2019-01-28,0.9931,0.9939,0.9906,0.9918
2019-01-29,0.9918,0.9957,0.9908,0.9946
2019-01-30,0.9947,0.9995,0.9932,0.9942
2019-01-31,0.9942,0.9953,0.9908,0.9942
2019-02-01,0.9942,0.9963,0.9922,0.9956
2019-02-04,0.9946,0.9994,0.9944,0.9978
2019-02-05,0.9978,1.0021,0.9974,0.9998
2019-02-06,0.9998,1.0027,0.9986,1.0021
2019-02-07,1.0021,1.0029,1.0,1.0021
2019-02-08,1.0022,1.0028,0.9996,1.0005
2019-02-11,1.0002,1.0096,0.9989,1.0039
2019-02-12,1.0039,1.0093,1.0036,1.0067
2019-02-13,1.0067,1.0094,1.0044,1.0092
2019-02-14,1.0092,1.0098,1.0045,1.0049
2019-02-15,1.0049,1.009,1.0045,1.0052
2019-02-18,1.0058,1.007,1.0024,1.0049
2019-02-19,1.0049,1.0061,1.0002,1.001
2019-02-20,1.0009,1.0021,0.9982,1.0003
2019-02-21,1.0003,1.0023,0.9995,1.001
2019-02-22,1.001,1.0025,0.9988,1.0004
2019-02-25,1.0001,1.0012,0.9983,1.0007
2019-02-26,1.0008,1.002,0.9988,0.9996
2019-02-27,0.9996,1.0016,0.9962,1.0015
2019-02-28,1.0015,1.0017,0.9927,0.9982
2019-03-01,0.9982,1.0009,0.9963,0.9993
2019-03-04,0.9985,1.002,0.9975,0.999
2019-03-05,0.999,1.0054,0.9985,1.0041
2019-03-06,1.004,1.0056,1.0032,1.0049
2019-03-07,1.0049,1.0124,1.0036,1.0113
2019-03-08,1.0113,1.0118,1.007,1.0082
2019-03-11,1.0076,1.012,1.007,1.0106
2019-03-12,1.0106,1.0112,1.0063,1.0077
2019-03-13,1.0077,1.0085,1.0027,1.0041
2019-03-14,1.0041,1.0052,1.0029,1.0038
2019-03-15,1.0038,1.0053,1.0011,1.0021
2019-03-18,1.002,1.0028,0.9997,1.0014
2019-03-19,1.0013,1.0016,0.9985,0.9992
2019-03-20,0.9992,1.001,0.9895,0.9926
2019-03-21,0.9926,0.9946,0.9904,0.992
2019-03-22,0.992,0.997,0.9915,0.9936
2019-03-25,0.9945,0.9949,0.991,0.9924
2019-03-26,0.9924,0.9953,0.9918,0.9944
2019-03-27,0.9945,0.9967,0.9906,0.9949
2019-03-28,0.9949,0.9973,0.9941,0.9956
2019-03-29,0.9956,0.9975,0.9945,0.9952
2019-04-01,0.9946,0.9995,0.9932,0.9987
2019-04-02,0.9987,1.0,0.9972,0.9979
2019-04-03,0.9979,0.9988,0.9954,0.9982
2019-04-04,0.9982,1.0003,0.9969,1.0
2019-04-05,0.9999,1.0012,0.9984,1.0003
2019-04-08,1.0002,1.0008,0.9978,0.9989
2019-04-09,0.9989,1.0009,0.998,1.0
2019-04-10,1.0,1.0034,0.9991,1.0027
2019-04-11,1.0027,1.0046,1.001,1.003
2019-04-12,1.003,1.0034,0.9997,1.0024
2019-04-15,1.0028,1.0047,1.0009,1.0041
2019-04-16,1.0041,1.0082,1.0032,1.008
2019-04-17,1.008,1.011,1.0068,1.0105
2019-04-18,1.0105,1.016,1.0093,1.0154
2019-04-19,1.0154,1.0155,1.0131,1.0146
2019-04-22,1.0144,1.0161,1.0132,1.0154
2019-04-23,1.0154,1.0231,1.0152,1.0203
2019-04-24,1.0203,1.022,1.0169,1.0204
2019-04-25,1.0204,1.0228,1.0193,1.0203
2019-04-26,1.0203,1.0237,1.0184,1.0196
2019-04-29,1.0192,1.0216,1.0185,1.0197
2019-04-30,1.0197,1.0204,1.0174,1.0193
2019-05-01,1.0194,1.0198,1.0127,1.0181
2019-05-02,1.0181,1.0204,1.0168,1.0191
2019-05-03,1.019,1.0215,1.0161,1.0166
2019-05-06,1.018,1.0199,1.0152,1.018
2019-05-07,1.018,1.0226,1.0161,1.0196
2019-05-08,1.0196,1.0208,1.0169,1.0203
2019-05-09,1.0203,1.021,1.0124,1.015
2019-05-10,1.015,1.0159,1.0101,1.0118
2019-05-13,1.0117,1.0126,1.005,1.0064
2019-05-14,1.0064,1.0096,1.0051,1.0087
2019-05-15,1.0087,1.0097,1.0056,1.0087
2019-05-16,1.0087,1.0107,1.0074,1.01
2019-05-17,1.01,1.0122,1.0085,1.011
2019-05-20,1.0114,1.0121,1.0081,1.0086
2019-05-21,1.0086,1.012,1.0082,1.0111
2019-05-22,1.0111,1.012,1.0067,1.0097
2019-05-23,1.0097,1.0099,1.0024,1.0033
2019-05-24,1.0033,1.0043,1.0009,1.0022
2019-05-27,1.0023,1.0063,1.0012,1.0038
2019-05-28,1.0038,1.0098,1.0034,1.0077
2019-05-29,1.0077,1.0086,1.005,1.0079
2019-05-30,1.0078,1.0098,1.007,1.0078
2019-05-31,1.0078,1.0082,1.0001,1.0006
2019-06-03,1.0022,1.0043,0.9911,0.9925
2019-06-04,0.9925,0.9956,0.9903,0.9922
2019-06-05,0.9922,0.9951,0.9854,0.9948
2019-06-06,0.9948,0.9961,0.988,0.9912
2019-06-07,0.9912,0.995,0.9859,0.9877
2019-06-10,0.9852,0.992,0.9852,0.9898
2019-06-11,0.9898,0.9937,0.9893,0.9924
2019-06-12,0.9924,0.9959,0.9903,0.9955
2019-06-13,0.9955,0.9961,0.9918,0.994
2019-06-14,0.994,0.9995,0.9926,0.999
2019-06-17,0.9987,1.0,0.9966,0.9991
2019-06-18,0.9991,1.0013,0.9966,1.0005
2019-06-19,1.0005,1.0015,0.9916,0.9942
2019-06-20,0.9942,0.9946,0.9792,0.9818
2019-06-21,0.9818,0.9839,0.9757,0.9765
2019-06-24,0.977,0.9783,0.971,0.972
2019-06-25,0.972,0.9777,0.9694,0.9755
2019-06-26,0.9755,0.9785,0.9744,0.978
2019-06-27,0.978,0.9814,0.976,0.9766
2019-06-28,0.9766,0.9774,0.9739,0.9763
2019-07-01,0.977,0.9884,0.977,0.9877
2019-07-02,0.9877,0.9889,0.9836,0.9863
2019-07-03,0.9863,0.9873,0.9835,0.9868
2019-07-04,0.9868,0.9871,0.9848,0.985
2019-07-05,0.985,0.9932,0.9845,0.9916
2019-07-08,0.9915,0.9947,0.9899,0.9939
2019-07-09,0.9939,0.9952,0.9923,0.9936
2019-07-10,0.9936,0.9942,0.9887,0.9895
2019-07-11,0.9895,0.9905,0.9847,0.99
2019-07-12,0.99,0.9908,0.9836,0.9842
2019-07-15,0.9848,0.9855,0.9818,0.9845
2019-07-16,0.9845,0.9894,0.9836,0.9879
2019-07-17,0.9879,0.9908,0.9865,0.9875
2019-07-18,0.9875,0.9892,0.9809,0.9814
2019-07-19,0.9814,0.9847,0.9806,0.9819
2019-07-22,0.9829,0.9841,0.9804,0.982
2019-07-23,0.982,0.9859,0.9817,0.9853
2019-07-24,0.9853,0.9875,0.9836,0.9848
2019-07-25,0.9848,0.9918,0.9843,0.9909
2019-07-26,0.9909,0.9946,0.99,0.9932
2019-07-29,0.9932,0.9941,0.9909,0.9916
2019-07-30,0.9916,0.9923,0.9891,0.9904
2019-07-31,0.9904,0.995,0.9885,0.994
2019-08-01,0.994,0.9975,0.9888,0.9904
2019-08-02,0.9903,0.9908,0.9815,0.9824
2019-08-05,0.9831,0.9847,0.9717,0.9735
2019-08-06,0.9735,0.9793,0.9704,0.9764
2019-08-07,0.9764,0.9797,0.9693,0.9754
2019-08-08,0.9754,0.9787,0.9738,0.9747
2019-08-09,0.9747,0.9759,0.9709,0.9727
2019-08-12,0.9728,0.9754,0.9682,0.9693
2019-08-13,0.9693,0.9768,0.966,0.9766
2019-08-14,0.9766,0.9771,0.9706,0.9732
2019-08-15,0.9732,0.9777,0.9722,0.9765
2019-08-16,0.9765,0.9809,0.9759,0.9783
2019-08-19,0.9793,0.9821,0.977,0.9817
2019-08-20,0.9817,0.9817,0.9775,0.978
2019-08-21,0.978,0.9831,0.9775,0.9819
2019-08-22,0.9819,0.9845,0.9812,0.9837
2019-08-23,0.9837,0.9877,0.9736,0.9743
2019-08-26,0.9739,0.9817,0.9714,0.9786
2019-08-27,0.9786,0.9837,0.9776,0.9815
2019-08-28,0.9815,0.9829,0.9801,0.9818
2019-08-29,0.9818,0.9875,0.9801,0.9866
2019-08-30,0.9866,0.9918,0.9859,0.9904
2019-09-02,0.9897,0.992,0.9889,0.9907
2019-09-03,0.9906,0.9929,0.9864,0.9871
2019-09-04,0.9871,0.9885,0.9798,0.9807
2019-09-05,0.9807,0.9873,0.9804,0.9858
2019-09-06,0.9858,0.9918,0.9855,0.9875
2019-09-09,0.9875,0.9923,0.987,0.9921
2019-09-10,0.9921,0.9932,0.9889,0.9921
2019-09-11,0.9921,0.9944,0.9912,0.9929
2019-09-12,0.9929,0.9947,0.9881,0.9904
2019-09-13,0.9904,0.9911,0.9854,0.9904
2019-09-16,0.9893,0.994,0.9865,0.9928
2019-09-17,0.9928,0.9969,0.9913,0.9931
2019-09-18,0.9931,0.9984,0.9926,0.9974
2019-09-19,0.9974,0.9984,0.99,0.9927
2019-09-20,0.9926,0.9936,0.989,0.9909
2019-09-23,0.9916,0.9923,0.989,0.9899
2019-09-24,0.9898,0.9914,0.9844,0.9855
2019-09-25,0.9855,0.9925,0.9852,0.9918
2019-09-26,0.9915,0.9948,0.9906,0.9936
2019-09-27,0.9936,0.9949,0.9898,0.9909
2019-09-30,0.991,0.9988,0.9904,0.9977
2019-10-01,0.9977,1.0017,0.9923,0.9935
2019-10-02,0.9935,1.0026,0.9921,0.9969
2019-10-03,0.9969,1.0028,0.9952,0.9991
2019-10-04,0.9991,1.0008,0.9929,0.9958
2019-10-07,0.9946,0.9966,0.9927,0.9948
2019-10-08,0.9948,0.9958,0.9905,0.9927
2019-10-09,0.9927,0.9964,0.9916,0.9959
2019-10-10,0.9959,0.9973,0.9914,0.997
2019-10-11,0.997,0.9991,0.9958,0.9974
2019-10-14,0.997,0.9984,0.9945,0.9973
2019-10-15,0.9973,0.9996,0.9964,0.9988
2019-10-16,0.9988,0.9991,0.9946,0.9953
2019-10-17,0.9953,0.9959,0.9867,0.988
2019-10-18,0.988,0.9891,0.9842,0.9854
2019-10-21,0.9861,0.9876,0.9842,0.9859
2019-10-22,0.9859,0.9897,0.9856,0.9895
2019-10-23,0.9895,0.9915,0.9886,0.9906
2019-10-24,0.9906,0.9929,0.9891,0.9921
2019-10-25,0.9921,0.9955,0.9908,0.9947
2019-10-28,0.9947,0.997,0.9936,0.9946
2019-10-29,0.9946,0.9965,0.9933,0.994
2019-10-30,0.994,0.9945,0.9888,0.9894
2019-10-31,0.9894,0.9895,0.986,0.9864
2019-11-01,0.9864,0.9895,0.9851,0.9857
2019-11-04,0.9862,0.9889,0.9853,0.9879
2019-11-05,0.9879,0.9936,0.9874,0.9929
2019-11-06,0.9929,0.994,0.9916,0.9928
2019-11-07,0.9928,0.9975,0.9911,0.9951
2019-11-08,0.9952,0.9979,0.9943,0.9974
2019-11-11,0.9967,0.9977,0.9929,0.9934
2019-11-12,0.9934,0.9965,0.9922,0.9931
2019-11-13,0.9931,0.9938,0.9884,0.9901
2019-11-14,0.9901,0.9908,0.987,0.988
2019-11-15,0.9879,0.9911,0.9879,0.99
2019-11-18,0.9895,0.9914,0.9869,0.9896
2019-11-19,0.9895,0.9919,0.9886,0.9905
2019-11-20,0.9905,0.9937,0.9899,0.9909
2019-11-21,0.9909,0.9935,0.9891,0.9931
2019-11-22,0.9931,0.998,0.9923,0.9976
2019-11-25,0.9973,0.9986,0.996,0.9965
2019-11-26,0.9965,0.9987,0.9963,0.997
2019-11-27,0.997,1.0,0.9969,0.9993
2019-11-28,0.9993,0.9996,0.9982,0.9986
2019-11-29,0.9986,1.0023,0.9981,1.0002
2019-12-02,1.0004,1.0009,0.9912,0.9913
2019-12-03,0.9913,0.9926,0.9857,0.9871
2019-12-04,0.9871,0.99,0.9855,0.9885
2019-12-05,0.9885,0.9895,0.9868,0.9872
2019-12-06,0.9872,0.9918,0.9865,0.9909
2019-12-09,0.9905,0.991,0.9875,0.9881
2019-12-10,0.9881,0.9885,0.9834,0.9844
2019-12-11,0.9844,0.9864,0.9814,0.9833
2019-12-12,0.9832,0.9876,0.9809,0.985
2019-12-13,0.9851,0.9863,0.9806,0.9842
2019-12-16,0.9842,0.9847,0.982,0.9824
2019-12-17,0.9824,0.9844,0.9796,0.9809
2019-12-18,0.9811,0.9821,0.9796,0.9804
2019-12-19,0.9804,0.9812,0.9771,0.9785
2019-12-20,0.9785,0.9833,0.978,0.9828
2019-12-23,0.9819,0.9829,0.9801,0.9819
2019-12-24,0.9819,0.9832,0.9798,0.9803
2019-12-25,0.9803,0.9812,0.9799,0.9804
2019-12-26,0.9803,0.9819,0.9796,0.9811
2019-12-27,0.9811,0.9818,0.973,0.975
2019-12-30,0.975,0.9762,0.9674,0.9694
2019-12-31,0.9694,0.9698,0.9647,0.9666
2020-01-01,0.9666,0.9688,0.9661,0.967
2020-01-02,0.967,0.9733,0.9666,0.9715
2020-01-03,0.9715,0.9744,0.9688,0.9729
2020-01-06,0.9718,0.972,0.9676,0.9684
2020-01-07,0.9685,0.973,0.9679,0.9702
2020-01-08,0.9702,0.974,0.9665,0.9739
2020-01-09,0.9739,0.9748,0.9711,0.9732
2020-01-10,0.9732,0.9762,0.972,0.9726
2020-01-13,0.9736,0.9746,0.9694,0.9707
2020-01-14,0.9707,0.9713,0.9666,0.9674
2020-01-15,0.9674,0.968,0.9631,0.9641
2020-01-16,0.9641,0.9652,0.9613,0.9647
2020-01-17,0.9647,0.9696,0.9645,0.9679
2020-01-20,0.9679,0.9699,0.9674,0.9684
2020-01-21,0.9684,0.969,0.9661,0.9687
2020-01-22,0.9687,0.9729,0.9678,0.9678
2020-01-23,0.9678,0.9704,0.9669,0.9689
2020-01-24,0.9689,0.9718,0.9688,0.9716
2020-01-27,0.97,0.9719,0.9682,0.9696
2020-01-28,0.9695,0.9742,0.9679,0.9731
2020-01-29,0.9731,0.9767,0.9727,0.9732
2020-01-30,0.9732,0.9737,0.968,0.9695
2020-01-31,0.9695,0.9713,0.9629,0.9634
2020-02-03,0.9641,0.9671,0.963,0.9659
2020-02-04,0.9659,0.9704,0.9654,0.9692
2020-02-05,0.9692,0.9748,0.9678,0.9735
2020-02-06,0.9735,0.9757,0.9731,0.9748
2020-02-07,0.9748,0.9781,0.974,0.9777
2020-02-10,0.9773,0.9784,0.9763,0.9773
2020-02-11,0.9773,0.9789,0.9751,0.9759
2020-02-12,0.9759,0.9785,0.9741,0.9782
2020-02-13,0.9782,0.9796,0.9761,0.9793
2020-02-14,0.9793,0.9823,0.9789,0.9823
2020-02-17,0.9819,0.9827,0.9808,0.9808
2020-02-18,0.9808,0.9839,0.9797,0.9832
2020-02-19,0.9832,0.9845,0.9826,0.9841
2020-02-20,0.9841,0.9849,0.9815,0.9841
2020-02-21,0.9841,0.9845,0.9771,0.9782
2020-02-24,0.9792,0.9816,0.9765,0.9791
2020-02-25,0.979,0.9805,0.9751,0.9761
2020-02-26,0.9761,0.9779,0.9729,0.9768
2020-02-27,0.9768,0.9771,0.9675,0.9677
2020-02-28,0.9677,0.9696,0.961,0.9649
2020-03-02,0.9658,0.9658,0.9544,0.9593
2020-03-03,0.9593,0.9598,0.9516,0.9564
2020-03-04,0.9564,0.9597,0.9533,0.9566
2020-03-05,0.9564,0.9574,0.9447,0.9456
2020-03-06,0.9457,0.9467,0.9318,0.9383
2020-03-09,0.9338,0.9388,0.9183,0.9252
2020-03-10,0.9252,0.9412,0.9245,0.94
2020-03-11,0.94,0.9405,0.9325,0.9385
2020-03-12,0.9385,0.9552,0.9322,0.9438
2020-03-13,0.9438,0.9569,0.9423,0.9517
2020-03-16,0.9551,0.9553,0.9392,0.947
2020-03-17,0.947,0.9648,0.9454,0.9613
2020-03-18,0.9613,0.975,0.9567,0.9683
2020-03-19,0.9683,0.9878,0.964,0.986
2020-03-20,0.986,0.9901,0.9744,0.9869
2020-03-23,0.9867,0.9902,0.979,0.9848
2020-03-24,0.9848,0.9851,0.9719,0.9815
2020-03-25,0.9815,0.9834,0.9755,0.9773
2020-03-26,0.9773,0.9778,0.9604,0.962
2020-03-27,0.962,0.9655,0.9506,0.9517
2020-03-30,0.9521,0.9611,0.9503,0.9583
2020-03-31,0.9583,0.9686,0.958,0.9611
2020-04-01,0.9611,0.9691,0.9603,0.966
2020-04-02,0.9662,0.975,0.9653,0.974
2020-04-03,0.9741,0.9796,0.9729,0.9773
2020-04-06,0.9769,0.9797,0.9758,0.9788
2020-04-07,0.9788,0.9793,0.9686,0.9694
2020-04-08,0.9694,0.9744,0.9688,0.9718
2020-04-09,0.9718,0.9734,0.9648,0.9661
2020-04-10,0.9661,0.9678,0.964,0.9662
2020-04-13,0.9653,0.9687,0.963,0.9674
2020-04-14,0.9674,0.9681,0.9596,0.96
2020-04-15,0.96,0.97,0.9595,0.9646
2020-04-16,0.9646,0.9716,0.9645,0.9703
2020-04-17,0.9704,0.9724,0.9656,0.9666
2020-04-20,0.9678,0.97,0.9656,0.968
2020-04-21,0.968,0.9728,0.967,0.9698
2020-04-22,0.9698,0.9732,0.9669,0.9713
2020-04-23,0.9713,0.9773,0.9706,0.976
2020-04-24,0.976,0.9803,0.9727,0.973
2020-04-27,0.975,0.9767,0.9713,0.9752
2020-04-28,0.9752,0.98,0.9721,0.9752
2020-04-29,0.9751,0.9768,0.9713,0.9737
2020-04-30,0.9737,0.9759,0.9639,0.9653
2020-05-01,0.9652,0.9669,0.9589,0.9614
2020-05-04,0.9613,0.9663,0.9609,0.965
2020-05-05,0.965,0.9735,0.9646,0.9727
2020-05-06,0.9726,0.9759,0.9721,0.9749
2020-05-07,0.9749,0.9784,0.9729,0.9731
2020-05-08,0.9731,0.9739,0.9681,0.9713
2020-05-11,0.9701,0.9737,0.9696,0.973
2020-05-12,0.973,0.975,0.9665,0.9695
2020-05-13,0.9695,0.9726,0.9666,0.9721
2020-05-14,0.9721,0.9755,0.9714,0.9731
2020-05-15,0.9731,0.9745,0.9698,0.9715
2020-05-18,0.9715,0.9761,0.9677,0.9712
2020-05-19,0.9712,0.973,0.9699,0.9713
2020-05-20,0.9712,0.9717,0.9638,0.9651
2020-05-21,0.9651,0.9713,0.9646,0.9705
2020-05-22,0.9705,0.9733,0.9697,0.9712
2020-05-25,0.9717,0.9736,0.9705,0.9719
2020-05-26,0.9719,0.9721,0.9647,0.9656
2020-05-27,0.9656,0.9728,0.9652,0.9684
2020-05-28,0.9684,0.9719,0.9631,0.9642
2020-05-29,0.9642,0.965,0.9602,0.9616
2020-06-01,0.9615,0.9627,0.9579,0.9609
2020-06-02,0.9609,0.9638,0.9573,0.9624
2020-06-03,0.9624,0.9648,0.9607,0.9612
2020-06-04,0.9612,0.9624,0.9544,0.9555
2020-06-05,0.9555,0.9651,0.9542,0.9623
2020-06-08,0.9625,0.9639,0.9556,0.9576
2020-06-09,0.9576,0.9586,0.9483,0.9508
2020-06-10,0.9508,0.9515,0.9425,0.9438
2020-06-11,0.9439,0.946,0.9376,0.9442
2020-06-12,0.9442,0.9553,0.9424,0.9524
2020-06-15,0.9519,0.9547,0.948,0.9492
2020-06-16,0.9492,0.9523,0.9464,0.9513
2020-06-17,0.9513,0.9529,0.9481,0.9487
2020-06-18,0.9487,0.9525,0.9483,0.9514
2020-06-19,0.9514,0.9531,0.9488,0.9523
2020-06-22,0.9514,0.9528,0.9465,0.9477
2020-06-23,0.9477,0.9494,0.942,0.9449
2020-06-24,0.9448,0.9486,0.9433,0.9479
2020-06-25,0.9479,0.9508,0.9475,0.9485
2020-06-26,0.9485,0.95,0.9468,0.9477
2020-06-29,0.9478,0.9525,0.9442,0.9512
2020-06-30,0.9512,0.9533,0.9462,0.9473
2020-07-01,0.9473,0.9494,0.9445,0.9458
2020-07-02,0.9458,0.9465,0.9427,0.9453
2020-07-03,0.9453,0.947,0.9442,0.9458
2020-07-06,0.9457,0.9457,0.9385,0.9422
2020-07-07,0.9422,0.9453,0.9409,0.9424
2020-07-08,0.9424,0.9433,0.937,0.9383
2020-07-09,0.9384,0.941,0.9363,0.9401
2020-07-10,0.9401,0.9431,0.9385,0.9412
2020-07-13,0.9412,0.9438,0.9393,0.9416
2020-07-14,0.9416,0.9425,0.938,0.94
2020-07-15,0.94,0.9457,0.937,0.9443
2020-07-16,0.9443,0.9468,0.943,0.9456
2020-07-17,0.9456,0.9459,0.938,0.9386
2020-07-20,0.9406,0.9413,0.9374,0.9389
2020-07-21,0.9389,0.9398,0.9321,0.9332
2020-07-22,0.9332,0.9352,0.9287,0.9296
2020-07-23,0.9296,0.9302,0.9246,0.9254
2020-07-24,0.9254,0.9261,0.9205,0.9206
2020-07-27,0.9218,0.923,0.9167,0.9199
2020-07-28,0.9199,0.9228,0.9155,0.9179
2020-07-29,0.9179,0.9188,0.9117,0.9126
2020-07-30,0.9126,0.9151,0.9089,0.9089
2020-07-31,0.9089,0.9149,0.9056,0.9129
2020-08-03,0.9134,0.9241,0.9128,0.9178
2020-08-04,0.9177,0.9188,0.913,0.9133
2020-08-05,0.9133,0.9139,0.9051,0.9085
2020-08-06,0.9085,0.9129,0.9066,0.9098
2020-08-07,0.9098,0.9158,0.9091,0.9124
2020-08-10,0.9135,0.9185,0.9122,0.9156
2020-08-11,0.9156,0.9178,0.9105,0.9168
2020-08-12,0.9168,0.9198,0.9097,0.9121
2020-08-13,0.912,0.9123,0.9082,0.9097
2020-08-14,0.9097,0.9123,0.9087,0.9091
2020-08-17,0.9105,0.9111,0.9051,0.9066
2020-08-18,0.9066,0.9068,0.901,0.9038
2020-08-19,0.9038,0.9154,0.9019,0.9152
2020-08-20,0.9152,0.9162,0.9072,0.9077
2020-08-21,0.9076,0.914,0.9061,0.9116
2020-08-24,0.9121,0.9128,0.9075,0.9119
2020-08-25,0.9119,0.9126,0.9074,0.9077
2020-08-26,0.9077,0.9121,0.9072,0.9083
2020-08-27,0.9083,0.9124,0.9036,0.909
2020-08-28,0.909,0.91,0.9024,0.9042
2020-08-31,0.9041,0.9053,0.8999,0.9037
2020-09-01,0.9038,0.9101,0.8999,0.9094
2020-09-02,0.9094,0.9137,0.909,0.9107
2020-09-03,0.9107,0.9142,0.9083,0.9094
2020-09-04,0.9094,0.9163,0.9089,0.9135
2020-09-07,0.9125,0.917,0.9121,0.9161
2020-09-08,0.9161,0.92,0.9156,0.9178
2020-09-09,0.9178,0.9191,0.912,0.9124
2020-09-10,0.9124,0.9132,0.9049,0.9106
2020-09-11,0.9106,0.9109,0.908,0.9089
2020-09-14,0.9097,0.9099,0.9058,0.9084
2020-09-15,0.9084,0.9089,0.9052,0.9081
2020-09-16,0.9081,0.9111,0.9055,0.9094
2020-09-17,0.9094,0.9139,0.9081,0.9083
2020-09-18,0.9083,0.9116,0.9075,0.9116
2020-09-21,0.9108,0.9171,0.9087,0.9145
2020-09-22,0.9146,0.9208,0.9137,0.9198
2020-09-23,0.9198,0.9244,0.919,0.924
2020-09-24,0.924,0.928,0.9216,0.9268
2020-09-25,0.9268,0.9296,0.9251,0.9283
2020-09-28,0.928,0.9296,0.9241,0.9251
2020-09-29,0.925,0.9252,0.9191,0.9197
2020-09-30,0.9197,0.9245,0.9163,0.9209
2020-10-01,0.9209,0.9215,0.9165,0.9189
2020-10-02,0.9189,0.9219,0.9182,0.9206
2020-10-05,0.9199,0.9201,0.9145,0.9154
2020-10-06,0.9155,0.918,0.9133,0.918
2020-10-07,0.918,0.9185,0.916,0.9174
2020-10-08,0.9174,0.9198,0.9157,0.917
2020-10-09,0.917,0.9175,0.9093,0.9107
2020-10-12,0.91,0.9124,0.9087,0.9091
2020-10-13,0.9091,0.9155,0.9089,0.915
2020-10-14,0.915,0.9163,0.9113,0.9137
2020-10-15,0.9137,0.9156,0.9127,0.9146
2020-10-16,0.9146,0.9162,0.9123,0.9149
2020-10-19,0.9149,0.9165,0.909,0.9099
2020-10-20,0.9099,0.911,0.9055,0.9071
2020-10-21,0.9071,0.9072,0.9031,0.9055
2020-10-22,0.9055,0.908,0.9043,0.9071
2020-10-23,0.907,0.9092,0.9034,0.9044
2020-10-26,0.9055,0.9081,0.904,0.9078
2020-10-27,0.9078,0.9098,0.9062,0.9087
2020-10-28,0.9087,0.9128,0.9085,0.9105
2020-10-29,0.9105,0.9173,0.9089,0.9152
2020-10-30,0.9152,0.9173,0.9138,0.917
2020-11-02,0.916,0.9208,0.9155,0.919
2020-11-03,0.919,0.9192,0.9117,0.9127
2020-11-04,0.9127,0.9196,0.909,0.9119
2020-11-05,0.9118,0.9134,0.9037,0.9047
2020-11-06,0.9049,0.9057,0.8983,0.8995
2020-11-09,0.9001,0.9143,0.8984,0.913
2020-11-10,0.913,0.9175,0.9115,0.9154
2020-11-11,0.9154,0.9192,0.9139,0.9173
2020-11-12,0.9173,0.9174,0.9132,0.9147
2020-11-13,0.9147,0.9159,0.9126,0.9127
2020-11-16,0.9129,0.9152,0.9098,0.9128
2020-11-17,0.9129,0.9131,0.9088,0.9116
2020-11-18,0.9115,0.9123,0.9092,0.9115
2020-11-19,0.9115,0.9139,0.91,0.911
2020-11-20,0.911,0.9123,0.9092,0.9113
2020-11-23,0.9111,0.9148,0.9077,0.9129
2020-11-24,0.9129,0.9136,0.9098,0.9113
2020-11-25,0.9114,0.9139,0.9078,0.9083
2020-11-26,0.9083,0.9093,0.9061,0.907
2020-11-27,0.907,0.9083,0.9041,0.9063
2020-11-30,0.9059,0.9093,0.9019,0.9089
2020-12-01,0.9088,0.909,0.8994,0.8997
2020-12-02,0.8997,0.9014,0.8944,0.8946
2020-12-03,0.8946,0.8954,0.8891,0.8913
2020-12-04,0.8914,0.8923,0.8886,0.8922
2020-12-07,0.8911,0.8947,0.8876,0.8906
2020-12-08,0.8906,0.8914,0.8882,0.8892
2020-12-09,0.8892,0.8915,0.8871,0.8893
2020-12-10,0.8893,0.8902,0.8852,0.886
2020-12-11,0.886,0.8909,0.8851,0.8902
2020-12-14,0.8888,0.8903,0.885,0.8867
2020-12-15,0.8867,0.8881,0.885,0.8857
2020-12-16,0.8857,0.8892,0.8826,0.8854
2020-12-17,0.8854,0.8858,0.8823,0.8847
2020-12-18,0.8847,0.8868,0.8826,0.8837
2020-12-21,0.8841,0.8919,0.884,0.8857
2020-12-22,0.8857,0.8905,0.8845,0.8896
2020-12-23,0.8896,0.8911,0.8868,0.8884
2020-12-24,0.8884,0.8918,0.8869,0.8911
2020-12-25,0.8911,0.8914,0.8891,0.8898
2020-12-28,0.8891,0.8919,0.8876,0.8893
2020-12-29,0.8893,0.8896,0.8831,0.8842
2020-12-30,0.8843,0.8855,0.8812,0.8813
2020-12-31,0.8813,0.8859,0.8795,0.8852
2021-01-01,0.8852,0.8861,0.8852,0.8861
2021-01-04,0.8832,0.8849,0.8785,0.8815
2021-01-05,0.8815,0.8817,0.8776,0.8784
2021-01-06,0.8784,0.8821,0.8758,0.8785
2021-01-07,0.8785,0.8861,0.8775,0.885
2021-01-08,0.885,0.8885,0.8823,0.8855
2021-01-11,0.8846,0.892,0.884,0.8903
2021-01-12,0.8903,0.8916,0.8861,0.8864
2021-01-13,0.8864,0.8889,0.885,0.8878
2021-01-14,0.8878,0.8917,0.8856,0.8882
2021-01-15,0.8882,0.8915,0.887,0.891
2021-01-18,0.8907,0.8926,0.8898,0.8908
2021-01-19,0.8908,0.8917,0.8864,0.8886
2021-01-20,0.8886,0.892,0.8867,0.8897
2021-01-21,0.8897,0.8902,0.8848,0.8853
2021-01-22,0.8853,0.8866,0.8839,0.8856
2021-01-25,0.8859,0.8893,0.8848,0.8885
2021-01-26,0.8885,0.8896,0.8861,0.8869
2021-01-27,0.8869,0.8917,0.8862,0.8888
2021-01-28,0.8888,0.8919,0.887,0.8888
2021-01-29,0.8888,0.8912,0.8874,0.8903
2021-02-01,0.8903,0.8973,0.8896,0.897
2021-02-02,0.8969,0.8995,0.8947,0.8973
2021-02-03,0.8973,0.9003,0.8971,0.8991
2021-02-04,0.8991,0.9045,0.8984,0.9042
2021-02-05,0.9042,0.9046,0.8988,0.899
2021-02-08,0.8997,0.902,0.8982,0.8989
2021-02-09,0.8989,0.8991,0.892,0.8923
2021-02-10,0.8923,0.8931,0.889,0.8904
2021-02-11,0.8904,0.891,0.8892,0.8901
2021-02-12,0.8901,0.894,0.8898,0.8919
2021-02-15,0.8923,0.8925,0.8898,0.8903
2021-02-16,0.8903,0.893,0.8871,0.8925
2021-02-17,0.8925,0.8992,0.8922,0.8989
2021-02-18,0.8989,0.8996,0.8957,0.8959
2021-02-19,0.8959,0.8973,0.8934,0.8963
2021-02-22,0.8965,0.9024,0.8949,0.8961
2021-02-23,0.8961,0.9057,0.8949,0.9051
2021-02-24,0.9051,0.9095,0.9039,0.9065
2021-02-25,0.9065,0.9082,0.9028,0.9048
2021-02-26,0.9048,0.9102,0.9027,0.9085
2021-03-01,0.907,0.9159,0.9063,0.9152
2021-03-02,0.9152,0.9194,0.9136,0.9148
2021-03-03,0.9148,0.92,0.9141,0.9199
2021-03-04,0.9199,0.9298,0.919,0.9287
2021-03-05,0.9287,0.9319,0.9258,0.9292
2021-03-08,0.9294,0.937,0.9285,0.9362
2021-03-09,0.9361,0.9376,0.9277,0.9277
2021-03-10,0.9277,0.9323,0.9275,0.9298
2021-03-11,0.9297,0.9309,0.9235,0.9241
2021-03-12,0.9241,0.9325,0.9241,0.9302
2021-03-15,0.929,0.9313,0.9267,0.9281
2021-03-16,0.9281,0.9287,0.9243,0.9247
2021-03-17,0.9247,0.9296,0.9214,0.9227
2021-03-18,0.9227,0.9305,0.9219,0.9273
2021-03-19,0.9273,0.932,0.9251,0.9288
2021-03-22,0.9287,0.9311,0.9223,0.9233
2021-03-23,0.9233,0.9347,0.923,0.934
2021-03-24,0.934,0.937,0.9337,0.9356
2021-03-25,0.9356,0.9402,0.935,0.9398
2021-03-26,0.9398,0.9418,0.9383,0.9391
2021-03-29,0.9391,0.9405,0.937,0.9392
2021-03-30,0.9392,0.9439,0.9385,0.9424
2021-03-31,0.9424,0.9459,0.9404,0.9436
2021-04-01,0.9436,0.9473,0.9405,0.9421
2021-04-02,0.9421,0.9434,0.9405,0.9423
2021-04-05,0.9439,0.9439,0.9354,0.9367
2021-04-06,0.9367,0.9396,0.9303,0.9309
2021-04-07,0.9309,0.9322,0.9268,0.9303
2021-04-08,0.9304,0.9305,0.9233,0.9246
2021-04-09,0.9246,0.9282,0.9237,0.9242
2021-04-12,0.9258,0.9269,0.9213,0.9228
2021-04-13,0.9228,0.926,0.9198,0.9209
2021-04-14,0.9209,0.9234,0.9187,0.9225
2021-04-15,0.9225,0.9246,0.9207,0.9226
2021-04-16,0.9227,0.9235,0.9179,0.9201
2021-04-19,0.9191,0.9215,0.9129,0.9147
2021-04-20,0.9147,0.917,0.9135,0.9161
2021-04-21,0.9162,0.9196,0.9153,0.917
2021-04-22,0.917,0.9191,0.9144,0.9173
2021-04-23,0.9173,0.9179,0.9128,0.914
2021-04-26,0.9165,0.9166,0.9122,0.9143
2021-04-27,0.9143,0.9172,0.9123,0.9136
2021-04-28,0.9136,0.9182,0.9088,0.9101
2021-04-29,0.9101,0.9119,0.908,0.9086
2021-04-30,0.9086,0.914,0.9081,0.9131
2021-05-03,0.9131,0.9148,0.9093,0.9109
2021-05-04,0.9109,0.9161,0.9104,0.9137
2021-05-05,0.9137,0.9165,0.9122,0.913
2021-05-06,0.9131,0.9145,0.9071,0.9073
2021-05-07,0.9073,0.9094,0.9003,0.9008
2021-05-10,0.9029,0.9032,0.8986,0.9011
2021-05-11,0.9011,0.9039,0.9002,0.9037
2021-05-12,0.9037,0.9094,0.903,0.9093
2021-05-13,0.9093,0.9094,0.9051,0.9064
2021-05-14,0.9064,0.9068,0.9012,0.9014
2021-05-17,0.9022,0.9033,0.9002,0.9033
2021-05-18,0.9033,0.9035,0.8961,0.8978
2021-05-19,0.8978,0.9048,0.8968,0.9042
2021-05-20,0.9041,0.9047,0.8973,0.8973
2021-05-21,0.8973,0.9001,0.8954,0.8979
2021-05-24,0.898,0.9003,0.8957,0.8972
2021-05-25,0.8972,0.8975,0.8931,0.8955
2021-05-26,0.8954,0.8987,0.8942,0.8982
2021-05-27,0.8982,0.9009,0.8961,0.8968
2021-05-28,0.8968,0.903,0.8967,0.8999
2021-05-31,0.9004,0.9013,0.8984,0.8989
2021-06-01,0.8989,0.8999,0.8947,0.8973
2021-06-02,0.8973,0.9024,0.8967,0.8979
2021-06-03,0.8978,0.9052,0.8978,0.9035
2021-06-04,0.9035,0.9054,0.8982,0.8994
2021-06-07,0.8982,0.901,0.8967,0.8977
2021-06-08,0.8977,0.8989,0.8952,0.8968
2021-06-09,0.8968,0.8972,0.8926,0.8957
2021-06-10,0.8957,0.8991,0.8941,0.8945
2021-06-11,0.8945,0.9,0.8933,0.8983
2021-06-14,0.8983,0.9002,0.8978,0.8999
2021-06-15,0.8999,0.9008,0.8966,0.898
2021-06-16,0.898,0.9088,0.8977,0.9087
2021-06-17,0.9087,0.9188,0.9076,0.9175
2021-06-18,0.9175,0.9239,0.9165,0.9216
2021-06-21,0.92,0.9237,0.9176,0.9178
2021-06-22,0.9178,0.9213,0.9173,0.918
2021-06-23,0.9179,0.92,0.9154,0.9185
2021-06-24,0.9185,0.92,0.9174,0.9179
2021-06-25,0.9178,0.9183,0.9143,0.9173
2021-06-28,0.917,0.9215,0.9167,0.9195
2021-06-29,0.9195,0.9233,0.919,0.921
2021-06-30,0.921,0.9262,0.9206,0.925
2021-07-01,0.925,0.9272,0.9236,0.9255
2021-07-02,0.9255,0.9275,0.92,0.9209
2021-07-05,0.9219,0.9233,0.9204,0.9221
2021-07-06,0.9221,0.9251,0.9194,0.9242
2021-07-07,0.9242,0.9268,0.9223,0.9255
2021-07-08,0.9254,0.9261,0.9134,0.9154
2021-07-09,0.9154,0.9175,0.9136,0.9147
2021-07-12,0.9156,0.9171,0.9132,0.9151
2021-07-13,0.9151,0.92,0.9143,0.9183
2021-07-14,0.9182,0.9199,0.9142,0.9153
2021-07-15,0.9154,0.9193,0.9118,0.9178
2021-07-16,0.9178,0.9204,0.9173,0.9194
2021-07-19,0.9196,0.9222,0.9163,0.9175
2021-07-20,0.9175,0.9233,0.9173,0.9217
2021-07-21,0.9217,0.9231,0.917,0.9176
2021-07-22,0.9176,0.9202,0.9155,0.919
2021-07-23,0.919,0.9222,0.9187,0.9194
2021-07-26,0.9192,0.9206,0.9149,0.9161
2021-07-27,0.9161,0.9187,0.9129,0.9145
2021-07-28,0.9145,0.9167,0.91,0.9101
2021-07-29,0.9101,0.9101,0.9054,0.9062
2021-07-30,0.9062,0.9076,0.9039,0.9059
2021-08-02,0.9063,0.907,0.9038,0.9055
2021-08-03,0.9055,0.9058,0.9023,0.9037
2021-08-04,0.9037,0.9076,0.9019,0.9068
2021-08-05,0.9068,0.9078,0.9052,0.907
2021-08-06,0.907,0.9156,0.9064,0.9148
2021-08-09,0.9145,0.9207,0.9131,0.9201
2021-08-10,0.9201,0.9234,0.9195,0.9223
2021-08-11,0.9223,0.9242,0.9203,0.9219
2021-08-12,0.9219,0.924,0.9212,0.9233
2021-08-13,0.9233,0.9239,0.9151,0.9156
2021-08-16,0.918,0.9184,0.9109,0.9121
2021-08-17,0.9121,0.9152,0.91,0.914
2021-08-18,0.9138,0.9196,0.9127,0.917
2021-08-19,0.917,0.9207,0.9146,0.9189
2021-08-20,0.9189,0.9192,0.9159,0.9171
2021-08-23,0.9161,0.9178,0.9123,0.9124
2021-08-24,0.9124,0.9139,0.9111,0.9126
2021-08-25,0.9126,0.9158,0.9122,0.914
2021-08-26,0.914,0.9192,0.9128,0.9178
2021-08-27,0.9178,0.92,0.9106,0.9113
2021-08-30,0.9123,0.9185,0.9102,0.9169
2021-08-31,0.9169,0.9173,0.9115,0.9151
2021-09-01,0.9151,0.9189,0.9139,0.9152
2021-09-02,0.9152,0.9168,0.914,0.9143
2021-09-03,0.9143,0.9159,0.9116,0.9134
2021-09-06,0.9131,0.9169,0.9129,0.9151
2021-09-07,0.9151,0.9199,0.9133,0.9197
2021-09-08,0.9197,0.9235,0.9184,0.9217
2021-09-09,0.9217,0.9223,0.9161,0.917
2021-09-10,0.917,0.9185,0.915,0.9176
2021-09-13,0.9168,0.9241,0.9168,0.9217
2021-09-14,0.9217,0.9228,0.9181,0.9204
2021-09-15,0.9204,0.9206,0.9164,0.9198
2021-09-16,0.9198,0.9278,0.9192,0.9277
2021-09-17,0.9277,0.9325,0.926,0.9323
2021-09-20,0.9319,0.9333,0.9271,0.9276
2021-09-21,0.9276,0.9284,0.9225,0.9236
2021-09-22,0.9236,0.9273,0.9216,0.9257
2021-09-23,0.9257,0.9274,0.9217,0.9241
2021-09-24,0.9242,0.9261,0.9222,0.9248
2021-09-27,0.9237,0.9291,0.9235,0.9258
2021-09-28,0.9258,0.9302,0.9256,0.9295
2021-09-29,0.9295,0.9355,0.928,0.9343
2021-09-30,0.9343,0.9369,0.9315,0.9317
2021-10-01,0.9317,0.9338,0.9281,0.9311
2021-10-04,0.9309,0.9328,0.923,0.9251
2021-10-05,0.9251,0.9288,0.924,0.928
2021-10-06,0.928,0.9308,0.9271,0.9274
2021-10-07,0.9274,0.9292,0.9253,0.9284
2021-10-08,0.9284,0.9306,0.9259,0.9275
2021-10-11,0.9276,0.9288,0.925,0.9277
2021-10-12,0.9277,0.9313,0.9257,0.9308
2021-10-13,0.9307,0.931,0.9235,0.9242
2021-10-14,0.9242,0.9257,0.9195,0.9234
2021-10-15,0.9234,0.9264,0.9222,0.9229
2021-10-18,0.9238,0.9273,0.9224,0.9239
2021-10-19,0.924,0.9243,0.9185,0.923
2021-10-20,0.923,0.9252,0.9186,0.9189
2021-10-21,0.9189,0.9206,0.9171,0.9182
2021-10-22,0.9182,0.9186,0.9151,0.9158
2021-10-25,0.9162,0.9203,0.915,0.9199
2021-10-26,0.9199,0.9226,0.9185,0.9201
2021-10-27,0.9201,0.9205,0.9165,0.9182
2021-10-28,0.9182,0.9195,0.9115,0.9118
2021-10-29,0.9118,0.9176,0.9103,0.9161
2021-11-01,0.9146,0.9172,0.9088,0.9091
2021-11-02,0.9091,0.915,0.9089,0.9146
2021-11-03,0.9146,0.9151,0.9105,0.9118
2021-11-04,0.9118,0.9145,0.9112,0.9127
2021-11-05,0.9127,0.9175,0.9113,0.9127
2021-11-08,0.9124,0.9158,0.912,0.9133
2021-11-09,0.9133,0.9154,0.9102,0.9112
2021-11-10,0.9112,0.9186,0.9108,0.918
2021-11-11,0.918,0.9225,0.9175,0.9208
2021-11-12,0.9208,0.9238,0.9202,0.9215
2021-11-15,0.9214,0.9257,0.9187,0.9252
2021-11-16,0.9252,0.9312,0.9237,0.93
2021-11-17,0.93,0.933,0.9276,0.9286
2021-11-18,0.9286,0.9297,0.9251,0.9259
2021-11-19,0.9259,0.929,0.925,0.9278
2021-11-22,0.9276,0.9335,0.9258,0.9327
2021-11-23,0.9327,0.9344,0.9301,0.9329
2021-11-24,0.9328,0.9374,0.932,0.9345
2021-11-25,0.9349,0.9362,0.9324,0.936
2021-11-26,0.936,0.9362,0.9217,0.9231
2021-11-29,0.9231,0.9273,0.9223,0.9232
2021-11-30,0.9233,0.9267,0.9158,0.9189
2021-12-01,0.9189,0.9218,0.9169,0.92
2021-12-02,0.92,0.9222,0.9178,0.9203
2021-12-03,0.9203,0.9218,0.9166,0.9172
2021-12-06,0.9174,0.9269,0.9164,0.9254
2021-12-07,0.9254,0.9275,0.9231,0.9254
2021-12-08,0.9254,0.9258,0.9195,0.9206
2021-12-09,0.9207,0.9265,0.92,0.9236
2021-12-10,0.9236,0.9254,0.9199,0.9213
2021-12-13,0.922,0.9256,0.9204,0.9228
2021-12-14,0.9228,0.9245,0.9189,0.9237
2021-12-15,0.9237,0.9294,0.9233,0.9251
2021-12-16,0.9251,0.9266,0.919,0.9193
2021-12-17,0.9193,0.9246,0.9175,0.9234
2021-12-20,0.9228,0.9251,0.9193,0.9211
2021-12-21,0.921,0.9254,0.9195,0.9236
2021-12-22,0.9236,0.9253,0.919,0.9199
2021-12-23,0.9199,0.9219,0.9175,0.9185
2021-12-24,0.9185,0.9201,0.9169,0.9191
2021-12-27,0.919,0.92,0.9173,0.9176
2021-12-28,0.9176,0.9191,0.916,0.9175
2021-12-29,0.9176,0.9202,0.9127,0.9147
2021-12-30,0.9147,0.9181,0.9132,0.9136
2021-12-31,0.9136,0.9148,0.9102,0.9129
2022-01-03,0.9113,0.92,0.9112,0.9192
2022-01-04,0.9192,0.9197,0.9137,0.9161
2022-01-05,0.9161,0.9184,0.9141,0.9169
2022-01-06,0.9168,0.9224,0.9165,0.9212
2022-01-07,0.9213,0.9233,0.9182,0.9188
2022-01-10,0.9196,0.9275,0.9186,0.9273
2022-01-11,0.9273,0.9278,0.9233,0.9234
2022-01-12,0.9234,0.9244,0.913,0.9143
2022-01-13,0.9143,0.9148,0.9092,0.9111
2022-01-14,0.9111,0.9142,0.9095,0.914
2022-01-17,0.9131,0.9159,0.912,0.914
2022-01-18,0.914,0.9179,0.9132,0.9174
2022-01-19,0.9174,0.9178,0.9145,0.9162
2022-01-20,0.9162,0.9181,0.9139,0.9169
2022-01-21,0.9169,0.9174,0.9108,0.9115
2022-01-24,0.9129,0.9159,0.9109,0.9137
2022-01-25,0.9136,0.9204,0.9131,0.918
2022-01-26,0.918,0.9246,0.9172,0.9237
2022-01-27,0.9237,0.9338,0.9231,0.9307
2022-01-28,0.9307,0.933,0.929,0.9305
2022-01-31,0.93,0.9343,0.9252,0.9272
2022-02-01,0.9272,0.9277,0.9204,0.9214
2022-02-02,0.9214,0.9222,0.9179,0.9187
2022-02-03,0.9186,0.9236,0.9177,0.9198
2022-02-04,0.9198,0.9259,0.9193,0.9256
2022-02-07,0.9241,0.9262,0.9222,0.9239
2022-02-08,0.9239,0.9263,0.9226,0.9247
2022-02-09,0.9247,0.9255,0.9222,0.9245
2022-02-10,0.9245,0.9297,0.9227,0.9253
2022-02-11,0.9253,0.9287,0.9238,0.9259
2022-02-14,0.9257,0.9272,0.9238,0.9244
2022-02-15,0.9244,0.9274,0.9227,0.9253
2022-02-16,0.9253,0.9261,0.9207,0.9227
2022-02-17,0.9228,0.9231,0.9189,0.9204
2022-02-18,0.9204,0.9218,0.9192,0.9215
2022-02-21,0.9207,0.9221,0.915,0.9159
2022-02-22,0.9159,0.9228,0.9152,0.9215
2022-02-23,0.9215,0.9219,0.9168,0.9179
2022-02-24,0.9179,0.9289,0.9173,0.9259
2022-02-25,0.9259,0.9284,0.9229,0.9252
2022-02-28,0.9278,0.9283,0.9166,0.9168
2022-03-01,0.9168,0.9205,0.915,0.9185
2022-03-02,0.9185,0.924,0.9167,0.9203
2022-03-03,0.9203,0.9217,0.9172,0.9172
2022-03-04,0.9172,0.921,0.9164,0.9167
2022-03-07,0.9178,0.9272,0.917,0.9255
2022-03-08,0.9255,0.9307,0.9249,0.9289
2022-03-09,0.9289,0.9303,0.9251,0.9264
2022-03-10,0.9264,0.9309,0.9255,0.9298
2022-03-11,0.9298,0.935,0.9291,0.9342
2022-03-14,0.9338,0.9387,0.9321,0.9387
2022-03-15,0.9387,0.9432,0.9372,0.9413
2022-03-16,0.9413,0.946,0.939,0.9405
2022-03-17,0.9405,0.9431,0.9336,0.9371
2022-03-18,0.9371,0.9383,0.9314,0.9318
2022-03-21,0.9326,0.9352,0.9294,0.9337
2022-03-22,0.9337,0.9376,0.9314,0.9329
2022-03-23,0.933,0.9358,0.9301,0.9306
2022-03-24,0.9305,0.9345,0.9298,0.9302
2022-03-25,0.9302,0.9314,0.926,0.93
2022-03-28,0.9299,0.9382,0.9296,0.9343
2022-03-29,0.9343,0.9374,0.9298,0.9314
2022-03-30,0.9314,0.9322,0.922,0.9232
2022-03-31,0.9232,0.9259,0.9195,0.9225
2022-04-01,0.9225,0.928,0.9213,0.9264
2022-04-04,0.9257,0.9281,0.9245,0.9263
2022-04-05,0.9264,0.9298,0.9238,0.9296
2022-04-06,0.9296,0.935,0.9292,0.9332
2022-04-07,0.9332,0.9348,0.9318,0.9338
2022-04-08,0.9338,0.9374,0.9327,0.9343
2022-04-11,0.9334,0.9372,0.9297,0.9309
2022-04-12,0.9309,0.9345,0.9287,0.933
2022-04-13,0.9331,0.9356,0.9314,0.9341
2022-04-14,0.9341,0.9433,0.9324,0.9423
2022-04-15,0.9423,0.9443,0.9413,0.9431
2022-04-18,0.9419,0.9453,0.9418,0.9446
2022-04-19,0.9446,0.9524,0.9434,0.9521
2022-04-20,0.952,0.9536,0.9455,0.9485
2022-04-21,0.9485,0.9553,0.9457,0.9533
2022-04-22,0.9533,0.9593,0.9529,0.9575
2022-04-25,0.9565,0.9597,0.9547,0.9592
2022-04-26,0.9592,0.9627,0.9565,0.9625
2022-04-27,0.9625,0.9701,0.9615,0.9691
2022-04-28,0.9691,0.9759,0.9669,0.972
2022-04-29,0.972,0.9736,0.9671,0.9718
2022-05-02,0.9706,0.979,0.9694,0.9779
2022-05-03,0.9779,0.98,0.9721,0.9784
2022-05-04,0.9784,0.9853,0.9721,0.9722
2022-05-05,0.9722,0.989,0.971,0.985
2022-05-06,0.985,0.9892,0.9828,0.989
2022-05-09,0.9848,0.9966,0.9841,0.9939
2022-05-10,0.9939,0.9975,0.9906,0.9959
2022-05-11,0.9959,0.9965,0.9872,0.9944
2022-05-12,0.9944,1.0049,0.9928,1.0032
2022-05-13,1.0031,1.0047,0.9992,1.0012
2022-05-16,1.0017,1.0065,1.0008,1.0023
2022-05-17,1.0023,1.0032,0.9919,0.9935
2022-05-18,0.9935,0.9985,0.9861,0.9882
2022-05-19,0.9882,0.9898,0.9697,0.9722
2022-05-20,0.9722,0.9764,0.9694,0.9746
2022-05-23,0.9731,0.9754,0.9629,0.9658
2022-05-24,0.9658,0.967,0.9574,0.9601
2022-05-25,0.9601,0.9642,0.9597,0.9617
2022-05-26,0.9617,0.9633,0.9583,0.9599
2022-05-27,0.9599,0.9602,0.9545,0.9568
2022-05-30,0.9579,0.9606,0.9554,0.9573
2022-05-31,0.9574,0.962,0.9561,0.9595
2022-06-01,0.9595,0.9659,0.9583,0.9632
2022-06-02,0.9632,0.9637,0.9575,0.9581
2022-06-03,0.9581,0.9643,0.9557,0.9621
2022-06-06,0.9625,0.9714,0.9606,0.9708
2022-06-07,0.9707,0.9779,0.9703,0.9729
2022-06-08,0.9728,0.9789,0.9722,0.9785
2022-06-09,0.9784,0.9818,0.9724,0.9802
2022-06-10,0.9802,0.9898,0.9766,0.988
2022-06-13,0.986,0.9995,0.9855,0.9976
2022-06-14,0.9976,1.0037,0.9874,1.0016
2022-06-15,1.0016,1.005,0.9932,0.9942
2022-06-16,0.9942,0.9989,0.9632,0.9666
2022-06-17,0.9666,0.9733,0.962,0.9699
2022-06-20,0.9705,0.9726,0.9622,0.9676
2022-06-21,0.9676,0.9684,0.9632,0.9661
2022-06-22,0.9661,0.969,0.9581,0.9612
2022-06-23,0.9612,0.9679,0.9568,0.9609
2022-06-24,0.9608,0.9633,0.9522,0.9583
2022-06-27,0.9596,0.962,0.9543,0.9563
2022-06-28,0.9563,0.9587,0.9534,0.9572
2022-06-29,0.9572,0.9578,0.9495,0.955
2022-06-30,0.9549,0.9605,0.953,0.9551
2022-07-01,0.9551,0.9642,0.9545,0.9611
2022-07-04,0.9616,0.9622,0.9563,0.9612
2022-07-05,0.9612,0.9705,0.9593,0.9685
2022-07-06,0.9684,0.9743,0.9672,0.971
2022-07-07,0.971,0.9749,0.9682,0.9737
2022-07-08,0.9738,0.9797,0.9723,0.9772
2022-07-11,0.9765,0.9843,0.9761,0.9832
2022-07-12,0.9832,0.9859,0.9804,0.9822
2022-07-13,0.9822,0.9833,0.9757,0.9786
2022-07-14,0.9787,0.9886,0.9778,0.9836
2022-07-15,0.9836,0.9847,0.9761,0.9772
2022-07-18,0.9768,0.979,0.9731,0.9776
2022-07-19,0.9776,0.9787,0.9655,0.9684
2022-07-20,0.9684,0.9736,0.9673,0.9718
2022-07-21,0.9718,0.9739,0.9665,0.9667
2022-07-22,0.9667,0.9704,0.96,0.9629
2022-07-25,0.9647,0.966,0.9613,0.9643
2022-07-26,0.9643,0.9668,0.9616,0.9629
2022-07-27,0.9629,0.9659,0.9584,0.9598
2022-07-28,0.9599,0.9632,0.9545,0.9549
2022-07-29,0.9549,0.9594,0.9502,0.9524
2022-08-01,0.9544,0.9549,0.9482,0.9496
2022-08-02,0.9496,0.9575,0.9472,0.9571
2022-08-03,0.9571,0.9651,0.9543,0.961
2022-08-04,0.961,0.9625,0.9544,0.9554
2022-08-05,0.9554,0.965,0.9538,0.9615
2022-08-08,0.963,0.9644,0.9522,0.9551
2022-08-09,0.9551,0.9558,0.9511,0.9537
2022-08-10,0.9537,0.9545,0.9394,0.9427
2022-08-11,0.9426,0.9446,0.9371,0.9416
2022-08-12,0.9417,0.945,0.9408,0.9416
2022-08-15,0.9413,0.9471,0.9407,0.9457
2022-08-16,0.9457,0.9514,0.9449,0.9496
2022-08-17,0.9497,0.9544,0.9483,0.952
2022-08-18,0.9519,0.9571,0.9498,0.9566
2022-08-19,0.9566,0.9598,0.9553,0.9592
2022-08-22,0.9581,0.9659,0.9574,0.9643
2022-08-23,0.9643,0.9693,0.9604,0.9639
2022-08-24,0.9639,0.9688,0.9608,0.9666
2022-08-25,0.9666,0.9671,0.9613,0.9636
2022-08-26,0.9636,0.9669,0.9579,0.9657
2022-08-29,0.9646,0.9708,0.9639,0.9682
2022-08-30,0.9681,0.9762,0.9666,0.9743
2022-08-31,0.9743,0.9807,0.9727,0.9775
2022-09-01,0.9775,0.9861,0.9745,0.9818
2022-09-02,0.9818,0.9859,0.9784,0.9812
2022-09-05,0.9824,0.9838,0.9795,0.9798
2022-09-06,0.9798,0.9861,0.9766,0.9836
2022-09-07,0.9836,0.987,0.9761,0.9767
2022-09-08,0.9767,0.9782,0.9702,0.9707
2022-09-09,0.9707,0.9714,0.9548,0.9614
2022-09-12,0.9616,0.9616,0.9509,0.9536
2022-09-13,0.9537,0.9633,0.948,0.9615
2022-09-14,0.9615,0.9637,0.9589,0.9623
2022-09-15,0.9623,0.9642,0.9557,0.9617
2022-09-16,0.9617,0.9661,0.9601,0.965
2022-09-19,0.9633,0.9696,0.9611,0.9645
2022-09-20,0.9645,0.9682,0.9624,0.9641
2022-09-21,0.9642,0.9699,0.9621,0.9664
2022-09-22,0.9664,0.985,0.9622,0.9782
2022-09-23,0.9782,0.984,0.9756,0.9818
2022-09-26,0.9805,0.9966,0.9787,0.9937
2022-09-27,0.9937,0.9948,0.9849,0.9917
2022-09-28,0.9917,0.9966,0.9746,0.976
2022-09-29,0.976,0.9856,0.9753,0.9756
2022-09-30,0.9757,0.9877,0.9739,0.987
2022-10-03,0.9871,0.995,0.9833,0.9923
2022-10-04,0.9923,0.9942,0.9785,0.9797
2022-10-05,0.9797,0.9889,0.9785,0.9838
2022-10-06,0.9838,0.9914,0.9781,0.9907
2022-10-07,0.9907,0.9954,0.9875,0.9944
2022-10-10,0.9913,1.001,0.991,0.9997
2022-10-11,0.9997,1.0021,0.9916,0.9975
2022-10-12,0.9975,1.0004,0.9931,0.998
2022-10-13,0.998,1.0074,0.9961,0.9999
2022-10-14,0.9999,1.0066,0.9965,1.0054
2022-10-17,1.0028,1.006,0.9944,0.9963
2022-10-18,0.9963,0.9979,0.9919,0.9945
2022-10-19,0.9945,1.0063,0.9929,1.0041
2022-10-20,1.0041,1.0069,0.9995,1.0037
2022-10-21,1.0037,1.0148,0.9962,0.9978
2022-10-24,1.0019,1.0036,0.9946,1.0009
2022-10-25,1.0008,1.0032,0.994,0.995
2022-10-26,0.9951,0.9963,0.9853,0.9862
2022-10-27,0.9862,0.9927,0.9842,0.991
2022-10-28,0.991,0.998,0.9883,0.9958
2022-10-31,0.9962,1.0032,0.9959,1.0013
2022-11-01,1.0013,1.0021,0.9915,0.9992
2022-11-02,0.9992,1.0041,0.9911,1.0033
2022-11-03,1.0033,1.0147,1.0005,1.0133
2022-11-04,1.0133,1.0145,0.9932,0.9951
2022-11-07,0.9979,0.9988,0.9875,0.9886
2022-11-08,0.9886,0.9927,0.9837,0.9854
2022-11-09,0.9854,0.9874,0.9801,0.9845
2022-11-10,0.9845,0.9899,0.9631,0.9639
2022-11-11,0.9639,0.9682,0.9398,0.9417
2022-11-14,0.9426,0.9489,0.9405,0.9434
2022-11-15,0.9434,0.9475,0.9357,0.9441
2022-11-16,0.9441,0.947,0.9386,0.9447
2022-11-17,0.9447,0.9557,0.9433,0.9517
2022-11-18,0.9517,0.955,0.9499,0.9547
2022-11-21,0.9546,0.9599,0.9531,0.9585
2022-11-22,0.9585,0.9591,0.951,0.9519
2022-11-23,0.9519,0.9533,0.9412,0.9427
2022-11-24,0.9427,0.9446,0.9388,0.9432
2022-11-25,0.9432,0.95,0.9423,0.9459
2022-11-28,0.9463,0.9498,0.9405,0.9491
2022-11-29,0.9491,0.9546,0.9461,0.9537
2022-11-30,0.9537,0.9547,0.9432,0.9457
2022-12-01,0.9457,0.9462,0.9366,0.9371
2022-12-02,0.9371,0.9439,0.9327,0.9372
2022-12-05,0.9392,0.9436,0.9331,0.9426
2022-12-06,0.9426,0.9456,0.9381,0.942
2022-12-07,0.942,0.9438,0.9364,0.9408
2022-12-08,0.9408,0.9427,0.9344,0.937
2022-12-09,0.9369,0.9381,0.9312,0.9342
2022-12-12,0.9332,0.938,0.9313,0.9363
2022-12-13,0.9363,0.9375,0.9232,0.9284
2022-12-14,0.9284,0.9297,0.9216,0.9245
2022-12-15,0.9244,0.9317,0.9233,0.9284
2022-12-16,0.9284,0.9343,0.9254,0.9337
2022-12-19,0.9288,0.9348,0.9284,0.9286
2022-12-20,0.9286,0.9308,0.9242,0.926
2022-12-21,0.926,0.9289,0.9239,0.9267
2022-12-22,0.9267,0.9322,0.9227,0.9311
2022-12-23,0.9311,0.9345,0.9286,0.9332
2022-12-26,0.9336,0.9345,0.931,0.932
2022-12-27,0.932,0.9331,0.927,0.929
2022-12-28,0.929,0.9307,0.9246,0.929
2022-12-29,0.929,0.9293,0.9211,0.9232
2022-12-30,0.9232,0.9268,0.9201,0.9245
2023-01-02,0.9246,0.9282,0.9222,0.9261
2023-01-03,0.9261,0.9399,0.9231,0.936
2023-01-04,0.9361,0.9374,0.9254,0.9298
2023-01-05,0.9298,0.9378,0.9261,0.9362
2023-01-06,0.9362,0.9409,0.9271,0.9279
2023-01-09,0.9358,0.9358,0.9167,0.9213
2023-01-10,0.9212,0.9252,0.9196,0.9227
2023-01-11,0.9227,0.9331,0.9205,0.9313
2023-01-12,0.9313,0.9359,0.9267,0.9276
2023-01-13,0.9276,0.9317,0.9256,0.9269
2023-01-16,0.9303,0.9303,0.9219,0.9265
2023-01-17,0.9265,0.9276,0.9188,0.9221
2023-01-18,0.9221,0.9245,0.9086,0.9163
2023-01-19,0.9163,0.919,0.9148,0.9161
2023-01-20,0.9161,0.9235,0.9141,0.9206
2023-01-23,0.9208,0.9241,0.916,0.9218
2023-01-24,0.9218,0.9279,0.9192,0.9226
2023-01-25,0.9226,0.9245,0.9173,0.918
2023-01-26,0.918,0.9225,0.9159,0.9206
2023-01-27,0.9206,0.924,0.9188,0.921
2023-01-30,0.9202,0.9257,0.9182,0.9249
2023-01-31,0.9249,0.9288,0.9151,0.9162
2023-02-01,0.9162,0.9183,0.907,0.9083
2023-02-02,0.9083,0.914,0.9061,0.9132
2023-02-03,0.9132,0.9269,0.9112,0.9261
2023-02-06,0.9268,0.9291,0.9228,0.9283
2023-02-07,0.9283,0.929,0.9192,0.9219
2023-02-08,0.9219,0.9227,0.9178,0.921
2023-02-09,0.921,0.9229,0.9161,0.9223
2023-02-10,0.9223,0.9253,0.9198,0.9238
2023-02-13,0.9218,0.926,0.9191,0.9195
2023-02-14,0.9194,0.9234,0.9138,0.9216
2023-02-15,0.9216,0.9263,0.9209,0.9238
2023-02-16,0.9238,0.9272,0.9214,0.9256
2023-02-17,0.9256,0.9332,0.9241,0.9252
2023-02-20,0.9252,0.9269,0.9221,0.9233
2023-02-21,0.9233,0.9283,0.9228,0.9278
2023-02-22,0.9278,0.9319,0.9253,0.9314
2023-02-23,0.9314,0.9349,0.929,0.934
2023-02-24,0.934,0.9413,0.9326,0.9404
2023-02-27,0.9404,0.9429,0.9344,0.9358
2023-02-28,0.9358,0.9423,0.9342,0.9422
2023-03-01,0.9422,0.9429,0.9351,0.9396
2023-03-02,0.9397,0.944,0.9388,0.9424
2023-03-03,0.9423,0.9424,0.9359,0.9362
2023-03-06,0.9364,0.9373,0.9305,0.9307
2023-03-07,0.9307,0.9425,0.9286,0.9418
2023-03-08,0.9417,0.9439,0.9389,0.9418
2023-03-09,0.9418,0.9419,0.9324,0.9326
2023-03-10,0.9326,0.9342,0.9175,0.9207
2023-03-13,0.9202,0.9215,0.9072,0.9119
2023-03-14,0.9119,0.9165,0.9097,0.9142
2023-03-15,0.9142,0.9338,0.9123,0.9333
2023-03-16,0.9333,0.9342,0.923,0.9293
2023-03-17,0.9293,0.9301,0.924,0.9261
2023-03-20,0.9265,0.9312,0.9226,0.9291
2023-03-21,0.929,0.9317,0.921,0.9224
2023-03-22,0.9224,0.9246,0.9148,0.9174
2023-03-23,0.9174,0.9181,0.9121,0.9165
2023-03-24,0.9165,0.9217,0.9153,0.9198
2023-03-27,0.9179,0.92,0.9154,0.9156
2023-03-28,0.9156,0.9223,0.9137,0.9199
2023-03-29,0.9199,0.9223,0.9165,0.9185
2023-03-30,0.9185,0.92,0.9126,0.9132
2023-03-31,0.9132,0.9178,0.9116,0.9153
2023-04-03,0.9175,0.9196,0.9116,0.9125
2023-04-04,0.9125,0.9143,0.9055,0.9061
2023-04-05,0.906,0.9076,0.9008,0.9068
2023-04-06,0.9068,0.9075,0.9036,0.9045
2023-04-07,0.9045,0.9081,0.9034,0.9054
2023-04-10,0.9047,0.912,0.9037,0.9096
2023-04-11,0.9095,0.9102,0.9028,0.9033
2023-04-12,0.9033,0.9039,0.8944,0.8961
2023-04-13,0.8961,0.8975,0.886,0.8896
2023-04-14,0.8896,0.8959,0.8867,0.8937
2023-04-17,0.8926,0.8996,0.8922,0.8987
2023-04-18,0.8987,0.8989,0.8955,0.8963
2023-04-19,0.8963,0.9003,0.8958,0.8975
2023-04-20,0.8975,0.8985,0.8921,0.8923
2023-04-21,0.8923,0.8954,0.8908,0.8923
2023-04-24,0.8871,0.8952,0.8871,0.8877
2023-04-25,0.8877,0.8928,0.8861,0.8919
2023-04-26,0.8919,0.8926,0.8852,0.8912
2023-04-27,0.8912,0.8976,0.8903,0.8944
2023-04-28,0.8943,0.8975,0.8896,0.8946
2023-05-01,0.8926,0.8967,0.8908,0.8955
2023-05-02,0.8955,0.8995,0.8924,0.8932
2023-05-03,0.8932,0.8933,0.8833,0.884
2023-05-04,0.8841,0.8891,0.882,0.8857
2023-05-05,0.8857,0.8973,0.8835,0.8909
2023-05-08,0.888,0.8951,0.8868,0.8895
2023-05-09,0.8895,0.8943,0.8888,0.8905
2023-05-10,0.8905,0.8927,0.8868,0.8898
2023-05-11,0.8898,0.8958,0.8882,0.8942
2023-05-12,0.8942,0.8988,0.8897,0.8975
2023-05-15,0.8988,0.8988,0.8943,0.8956
2023-05-16,0.8956,0.8971,0.892,0.8965
2023-05-17,0.8965,0.9026,0.8949,0.8984
2023-05-18,0.8984,0.9063,0.8973,0.9052
2023-05-19,0.9052,0.9059,0.8975,0.8997
2023-05-22,0.9013,0.9014,0.8941,0.8979
2023-05-23,0.8979,0.9029,0.8975,0.9013
2023-05-24,0.9013,0.9067,0.9005,0.9049
2023-05-25,0.9049,0.9073,0.9038,0.9057
2023-05-26,0.9057,0.9075,0.9019,0.9057
2023-05-29,0.9052,0.9062,0.9028,0.9043
2023-05-30,0.9044,0.9084,0.9014,0.9059
2023-05-31,0.9059,0.9148,0.9046,0.9107
2023-06-01,0.9107,0.9114,0.9054,0.9055
2023-06-02,0.9055,0.9092,0.9035,0.9091
2023-06-05,0.9079,0.9119,0.9052,0.9063
2023-06-06,0.9063,0.9098,0.9034,0.9076
2023-06-07,0.9076,0.9107,0.9043,0.9101
2023-06-08,0.9101,0.9108,0.899,0.899
2023-06-09,0.899,0.9039,0.8985,0.9033
2023-06-12,0.9015,0.9109,0.9015,0.909
2023-06-13,0.909,0.9092,0.9032,0.9052
2023-06-14,0.9052,0.906,0.8966,0.901
2023-06-15,0.901,0.9056,0.8908,0.8918
2023-06-16,0.8918,0.8949,0.8902,0.8938
2023-06-19,0.8939,0.8975,0.8934,0.8957
2023-06-20,0.8957,0.9001,0.8952,0.8979
2023-06-21,0.8979,0.8998,0.892,0.8931
2023-06-22,0.8931,0.8973,0.8908,0.8948
2023-06-23,0.8948,0.9013,0.8946,0.897
2023-06-26,0.8966,0.8977,0.8912,0.8957
2023-06-27,0.8957,0.897,0.8924,0.8937
2023-06-28,0.8937,0.8987,0.8932,0.8969
2023-06-29,0.8969,0.9002,0.8943,0.8995
2023-06-30,0.8994,0.9017,0.8936,0.8956
2023-07-03,0.8952,0.9004,0.8939,0.8963
2023-07-04,0.8963,0.8975,0.8946,0.897
2023-07-05,0.8971,0.8995,0.8962,0.8988
2023-07-06,0.8988,0.8998,0.8951,0.8952
2023-07-07,0.8952,0.897,0.8876,0.8887
2023-07-10,0.8885,0.8918,0.8852,0.8853
2023-07-11,0.8853,0.8872,0.8794,0.8795
2023-07-12,0.8795,0.8799,0.866,0.8674
2023-07-13,0.8674,0.8681,0.8583,0.8588
2023-07-14,0.8588,0.8631,0.8566,0.862
2023-07-17,0.8613,0.863,0.8578,0.8605
2023-07-18,0.8605,0.8613,0.8556,0.8577
2023-07-19,0.8577,0.8613,0.8567,0.8587
2023-07-20,0.8586,0.8684,0.8561,0.8668
2023-07-21,0.8668,0.8677,0.8641,0.8658
2023-07-24,0.8673,0.87,0.8638,0.8697
2023-07-25,0.8697,0.8701,0.8636,0.8636
2023-07-26,0.8636,0.8661,0.8598,0.8608
2023-07-27,0.8608,0.8699,0.8553,0.8691
2023-07-28,0.8691,0.8736,0.8661,0.8698
2023-07-31,0.8704,0.873,0.8666,0.8719
2023-08-01,0.8719,0.8778,0.8708,0.8753
2023-08-02,0.8753,0.8806,0.8717,0.8775
2023-08-03,0.8775,0.8799,0.8733,0.8742
2023-08-04,0.8741,0.8783,0.8699,0.8725
2023-08-07,0.8713,0.8774,0.8713,0.8728
2023-08-08,0.8728,0.8783,0.872,0.8756
2023-08-09,0.8756,0.8783,0.8732,0.8773
2023-08-10,0.8773,0.8777,0.8691,0.8768
2023-08-11,0.8768,0.8781,0.8736,0.8767
2023-08-14,0.8764,0.8828,0.8756,0.8784
2023-08-15,0.8784,0.8797,0.8744,0.8785
2023-08-16,0.8785,0.8814,0.8775,0.88
2023-08-17,0.88,0.881,0.8761,0.8785
2023-08-18,0.8785,0.8828,0.8766,0.882
2023-08-21,0.8816,0.8828,0.878,0.8785
2023-08-22,0.8785,0.8809,0.8765,0.8804
2023-08-23,0.8804,0.8817,0.8774,0.878
2023-08-24,0.878,0.8852,0.876,0.8845
2023-08-25,0.8845,0.8876,0.8822,0.8847
2023-08-28,0.8845,0.8874,0.8818,0.8838
2023-08-29,0.8839,0.8859,0.8775,0.8784
2023-08-30,0.8784,0.8803,0.8745,0.8785
2023-08-31,0.8785,0.8846,0.8771,0.8834
2023-09-01,0.8834,0.8864,0.8795,0.8851
2023-09-04,0.8849,0.8862,0.8833,0.8846
2023-09-05,0.8846,0.8903,0.8837,0.8895
2023-09-06,0.8895,0.8945,0.8881,0.8911
2023-09-07,0.8911,0.8941,0.8909,0.8928
2023-09-08,0.8928,0.8937,0.8895,0.8931
2023-09-11,0.8922,0.8927,0.8897,0.8908
2023-09-12,0.8908,0.8934,0.8902,0.8913
2023-09-13,0.8913,0.8952,0.8906,0.8937
2023-09-14,0.8937,0.8971,0.8915,0.8956
2023-09-15,0.8956,0.8978,0.8946,0.8969
2023-09-18,0.8965,0.8982,0.8954,0.8971
2023-09-19,0.8971,0.8984,0.8948,0.8978
2023-09-20,0.8978,0.8996,0.8932,0.8986
2023-09-21,0.8986,0.9078,0.8981,0.9045
2023-09-22,0.9045,0.9075,0.9026,0.9066
2023-09-25,0.9062,0.9136,0.9058,0.912
2023-09-26,0.912,0.9159,0.9117,0.9158
2023-09-27,0.9158,0.9225,0.9139,0.9213
2023-09-28,0.9213,0.9217,0.9147,0.915
2023-09-29,0.915,0.9164,0.9091,0.9153
2023-10-02,0.9134,0.9195,0.911,0.9183
2023-10-03,0.9183,0.9244,0.9174,0.921
2023-10-04,0.921,0.9233,0.9144,0.9172
2023-10-05,0.9172,0.9182,0.9121,0.9123
2023-10-06,0.9123,0.9176,0.9073,0.9098
2023-10-09,0.9101,0.9124,0.905,0.9066
2023-10-10,0.9066,0.9083,0.9034,0.9045
2023-10-11,0.9045,0.9055,0.9002,0.902
2023-10-12,0.902,0.9088,0.8987,0.9084
2023-10-13,0.9084,0.9088,0.9002,0.902
2023-10-16,0.9021,0.9042,0.8996,0.9
2023-10-17,0.9,0.9032,0.899,0.9002
2023-10-18,0.9002,0.9015,0.8954,0.899
2023-10-19,0.899,0.9002,0.8909,0.8914
2023-10-20,0.8914,0.8935,0.8903,0.8921
2023-10-23,0.8932,0.8957,0.8906,0.8911
2023-10-24,0.8911,0.8951,0.8888,0.8932
2023-10-25,0.8932,0.8969,0.8921,0.8968
2023-10-26,0.8968,0.9005,0.8964,0.8988
2023-10-27,0.8988,0.9035,0.8981,0.9023
2023-10-30,0.9018,0.9049,0.9008,0.902
2023-10-31,0.902,0.9106,0.9006,0.9104
2023-11-01,0.9104,0.9112,0.9071,0.9078
2023-11-02,0.9078,0.908,0.9018,0.906
2023-11-03,0.906,0.9074,0.8966,0.8988
2023-11-06,0.8988,0.8996,0.8954,0.8994
2023-11-07,0.8994,0.9019,0.8985,0.9001
2023-11-08,0.9001,0.9024,0.8977,0.8993
2023-11-09,0.8993,0.9041,0.8986,0.9029
2023-11-10,0.9029,0.9046,0.9002,0.9027
2023-11-13,0.9025,0.9052,0.9007,0.9016
2023-11-14,0.9016,0.9027,0.888,0.8891
2023-11-15,0.8891,0.8903,0.8856,0.888
2023-11-16,0.888,0.89,0.8855,0.8887
2023-11-17,0.8887,0.8894,0.8853,0.8857
2023-11-20,0.8867,0.8873,0.8826,0.885
2023-11-21,0.885,0.885,0.882,0.8837
2023-11-22,0.8836,0.8875,0.882,0.8839
2023-11-23,0.8839,0.8855,0.8817,0.8842
2023-11-24,0.8842,0.8849,0.8811,0.883
2023-11-27,0.8825,0.8829,0.8794,0.8803
2023-11-28,0.8803,0.8819,0.8761,0.878
2023-11-29,0.878,0.8784,0.872,0.8739
2023-11-30,0.8739,0.8771,0.8685,0.8752
2023-12-01,0.8752,0.8768,0.8679,0.8692
2023-12-04,0.8696,0.8755,0.8667,0.8728
2023-12-05,0.8728,0.8766,0.8715,0.875
2023-12-06,0.875,0.876,0.8729,0.8748
2023-12-07,0.8748,0.8782,0.8729,0.8754
2023-12-08,0.8754,0.8821,0.8741,0.8799
2023-12-11,0.8807,0.8816,0.8779,0.8784
2023-12-12,0.8784,0.8791,0.8725,0.8753
2023-12-13,0.8753,0.878,0.8691,0.8717
2023-12-14,0.8717,0.8731,0.8631,0.8676
2023-12-15,0.8676,0.8712,0.8652,0.8705
2023-12-18,0.8672,0.8712,0.8667,0.8671
2023-12-19,0.8671,0.8686,0.8593,0.8609
2023-12-20,0.8609,0.8651,0.8592,0.8627
2023-12-21,0.8627,0.8633,0.8561,0.8562
2023-12-22,0.8562,0.8574,0.8514,0.8556
2023-12-25,0.8562,0.8579,0.8542,0.8547
2023-12-26,0.8547,0.858,0.8532,0.8537
2023-12-27,0.8537,0.8549,0.8409,0.843
2023-12-28,0.843,0.8451,0.8333,0.8448
2023-12-29,0.8448,0.845,0.8357,0.8414
2024-01-01,0.841,0.8412,0.8399,0.8407
2024-01-02,0.8403,0.8507,0.8392,0.8504
2024-01-03,0.8504,0.8555,0.8488,0.8491
2024-01-04,0.8491,0.8529,0.8478,0.8502
2024-01-05,0.8503,0.8576,0.8456,0.85
2024-01-08,0.8491,0.8521,0.8461,0.8481
2024-01-09,0.8481,0.8532,0.8464,0.8523
2024-01-10,0.8523,0.8535,0.8507,0.8508
2024-01-11,0.8508,0.8566,0.8491,0.852
2024-01-12,0.852,0.8551,0.8489,0.8523
2024-01-15,0.8515,0.8562,0.8514,0.8558
2024-01-16,0.8558,0.862,0.8555,0.8616
2024-01-17,0.8616,0.8685,0.8608,0.8644
2024-01-18,0.8644,0.8694,0.8633,0.868
2024-01-19,0.868,0.8705,0.8677,0.8684
2024-01-22,0.8687,0.8701,0.8666,0.8691
2024-01-23,0.8691,0.8728,0.865,0.8702
2024-01-24,0.8702,0.8708,0.8607,0.8628
2024-01-25,0.8628,0.8685,0.8626,0.8671
2024-01-26,0.8671,0.8685,0.8616,0.8642
2024-01-29,0.8636,0.8656,0.8607,0.8613
2024-01-30,0.8613,0.8643,0.8608,0.8618
2024-01-31,0.8618,0.8643,0.8551,0.8614
2024-02-01,0.8614,0.865,0.8571,0.8578
2024-02-02,0.8578,0.8681,0.8553,0.8668
2024-02-05,0.8658,0.8719,0.8645,0.8707
2024-02-06,0.8707,0.8741,0.869,0.8698
2024-02-07,0.8698,0.8753,0.8688,0.8744
2024-02-08,0.8744,0.8761,0.8724,0.8737
2024-02-09,0.8737,0.8762,0.8732,0.8747
2024-02-12,0.8748,0.8773,0.8727,0.8757
2024-02-13,0.8757,0.8881,0.8747,0.8871
2024-02-14,0.8871,0.8886,0.8848,0.886
2024-02-15,0.886,0.8862,0.8783,0.8799
2024-02-16,0.8799,0.8839,0.8795,0.8806
2024-02-19,0.8803,0.8828,0.8795,0.8824
2024-02-20,0.8824,0.8838,0.8786,0.8819
2024-02-21,0.8819,0.8821,0.8789,0.8796
2024-02-22,0.8796,0.8821,0.8743,0.8802
2024-02-23,0.8802,0.882,0.8781,0.8809
2024-02-26,0.8809,0.8822,0.8788,0.88
2024-02-27,0.88,0.881,0.8785,0.8786
2024-02-28,0.8786,0.8816,0.8784,0.8788
2024-02-29,0.8788,0.8847,0.878,0.8845
2024-03-01,0.8845,0.8893,0.883,0.8834
2024-03-04,0.8838,0.8864,0.8806,0.8849
2024-03-05,0.8849,0.8866,0.8826,0.8834
2024-03-06,0.8834,0.8856,0.8805,0.8821
2024-03-07,0.8821,0.8829,0.8773,0.8777
2024-03-08,0.8777,0.8781,0.873,0.8771
2024-03-11,0.8765,0.8795,0.8755,0.8774
2024-03-12,0.8774,0.8795,0.8748,0.8772
2024-03-13,0.8772,0.879,0.8766,0.8789
2024-03-14,0.8789,0.8841,0.8782,0.8837
2024-03-15,0.8837,0.8853,0.8819,0.8838
2024-03-18,0.8832,0.8885,0.8822,0.8878
2024-03-19,0.8878,0.8899,0.8867,0.8881
2024-03-20,0.8881,0.8919,0.886,0.8869
2024-03-21,0.8869,0.8994,0.8839,0.8975
2024-03-22,0.8976,0.902,0.8966,0.8975
2024-03-25,0.8981,0.8996,0.8969,0.8994
2024-03-26,0.8994,0.9043,0.899,0.904
2024-03-27,0.904,0.9072,0.9031,0.9038
2024-03-28,0.9037,0.9065,0.9,0.9017
2024-03-29,0.9017,0.9028,0.9007,0.9014
2024-04-01,0.9022,0.9057,0.9005,0.9043
2024-04-02,0.9043,0.9091,0.904,0.908
2024-04-03,0.908,0.9096,0.9028,0.9029
2024-04-04,0.9029,0.9075,0.9009,0.9014
2024-04-05,0.9014,0.9071,0.8998,0.9018
2024-04-08,0.8995,0.9066,0.8995,0.9054
2024-04-09,0.9054,0.9059,0.9013,0.9035
2024-04-10,0.9035,0.9147,0.9025,0.9128
2024-04-11,0.9128,0.9147,0.9074,0.91
2024-04-12,0.91,0.9146,0.9093,0.9137
2024-04-15,0.9128,0.9152,0.9113,0.9116
2024-04-16,0.9116,0.9142,0.9112,0.913
2024-04-17,0.913,0.9133,0.9094,0.9108
2024-04-18,0.9108,0.9126,0.9081,0.9123
2024-04-19,0.9124,0.9131,0.9013,0.9102
2024-04-22,0.9111,0.9124,0.9086,0.912
2024-04-23,0.912,0.913,0.9087,0.912
2024-04-24,0.912,0.9153,0.9114,0.9151
2024-04-25,0.9151,0.9157,0.9117,0.9122
2024-04-26,0.9122,0.915,0.9097,0.9142
2024-04-29,0.9135,0.9152,0.9088,0.9104
2024-04-30,0.9104,0.9195,0.9099,0.9194
2024-05-01,0.9194,0.9224,0.9146,0.9156
2024-05-02,0.9156,0.9174,0.9098,0.9107
2024-05-03,0.9107,0.9107,0.9007,0.9054
2024-05-06,0.909,0.909,0.9036,0.9063
2024-05-07,0.9063,0.9094,0.9056,0.9084
2024-05-08,0.9084,0.9096,0.9073,0.908
2024-05-09,0.908,0.9099,0.9056,0.906
2024-05-10,0.906,0.9085,0.9055,0.9065
2024-05-13,0.9065,0.9087,0.9046,0.9083
2024-05-14,0.9083,0.9102,0.9055,0.9065
2024-05-15,0.9065,0.9071,0.9015,0.9022
2024-05-16,0.9022,0.9063,0.8988,0.9062
2024-05-17,0.9062,0.9098,0.9055,0.9091
2024-05-20,0.9069,0.9109,0.9065,0.9106
2024-05-21,0.9106,0.9116,0.9087,0.911
2024-05-22,0.911,0.9158,0.9107,0.9157
2024-05-23,0.9157,0.9157,0.9126,0.9143
2024-05-24,0.9143,0.9158,0.9134,0.9147
2024-05-27,0.9139,0.9154,0.9132,0.9137
2024-05-28,0.9137,0.9141,0.9086,0.9125
2024-05-29,0.9125,0.9144,0.9113,0.9132
2024-05-30,0.9132,0.9141,0.9031,0.9033
2024-05-31,0.9033,0.9069,0.9003,0.9023
2024-06-03,0.904,0.9045,0.8951,0.8957
2024-06-04,0.8957,0.8972,0.8885,0.8902
2024-06-05,0.8902,0.8949,0.8897,0.8935
2024-06-06,0.8935,0.8941,0.8893,0.8893
2024-06-07,0.8893,0.8973,0.8881,0.8966
2024-06-10,0.8955,0.8983,0.8954,0.8965
2024-06-11,0.8965,0.8993,0.8957,0.8976
2024-06-12,0.8976,0.8983,0.8893,0.8944
2024-06-13,0.8944,0.8967,0.8932,0.8939
2024-06-14,0.8938,0.895,0.8895,0.8907
2024-06-17,0.8901,0.8932,0.8895,0.8895
2024-06-18,0.8895,0.8905,0.8827,0.8842
2024-06-19,0.8842,0.8855,0.8834,0.8842
2024-06-20,0.8842,0.8926,0.8832,0.8914
2024-06-21,0.8914,0.8945,0.8905,0.8939
2024-06-24,0.8923,0.8945,0.8922,0.893
2024-06-25,0.893,0.8953,0.8913,0.8947
2024-06-26,0.8947,0.8983,0.8945,0.8974
2024-06-27,0.8974,0.8989,0.8957,0.8987
2024-06-28,0.8987,0.901,0.898,0.8988
2024-07-01,0.8985,0.9045,0.8976,0.9027
2024-07-02,0.9027,0.905,0.9025,0.9039
2024-07-03,0.9039,0.905,0.8986,0.9015
2024-07-04,0.9015,0.9039,0.8992,0.9001
2024-07-05,0.9001,0.9007,0.8954,0.8957
2024-07-08,0.8976,0.8977,0.8943,0.8977
2024-07-09,0.8977,0.8991,0.8969,0.8978
2024-07-10,0.8978,0.9001,0.8964,0.8996
2024-07-11,0.8996,0.8998,0.8915,0.8965
2024-07-12,0.8965,0.897,0.8933,0.8944
2024-07-15,0.896,0.8972,0.8934,0.8958
2024-07-16,0.8958,0.8979,0.8935,0.8937
2024-07-17,0.8937,0.8945,0.8827,0.8834
2024-07-18,0.8834,0.8879,0.882,0.8877
2024-07-19,0.8877,0.89,0.8862,0.8889
2024-07-22,0.8881,0.8902,0.8871,0.8896
2024-07-23,0.8896,0.8924,0.8882,0.8913
2024-07-24,0.8913,0.8921,0.8829,0.8851
2024-07-25,0.8851,0.8855,0.8777,0.8817
2024-07-26,0.8817,0.8844,0.8803,0.8836
2024-07-29,0.8832,0.8872,0.882,0.8861
2024-07-30,0.8861,0.8876,0.8826,0.8827
2024-07-31,0.8827,0.8837,0.8771,0.878
2024-08-01,0.878,0.8789,0.8726,0.873
2024-08-02,0.873,0.8736,0.8574,0.859
2024-08-05,0.8594,0.8605,0.8433,0.8522
2024-08-06,0.8521,0.8572,0.8501,0.8515
2024-08-07,0.8515,0.8662,0.851,0.8617
2024-08-08,0.8617,0.8674,0.856,0.8667
2024-08-09,0.8667,0.8672,0.8632,0.8651
2024-08-12,0.8651,0.8712,0.8642,0.8652
2024-08-13,0.8652,0.868,0.8637,0.8648
2024-08-14,0.8648,0.8661,0.862,0.8652
2024-08-15,0.8652,0.8749,0.8647,0.8726
2024-08-16,0.8726,0.8729,0.866,0.8661
2024-08-19,0.8665,0.8695,0.8616,0.8628
2024-08-20,0.8628,0.8635,0.854,0.854
2024-08-21,0.854,0.8562,0.8495,0.8517
2024-08-22,0.8517,0.8534,0.8489,0.8522
2024-08-23,0.8522,0.8542,0.8471,0.8479
2024-08-26,0.8505,0.8515,0.8456,0.8473
2024-08-27,0.8473,0.8485,0.8409,0.8416
2024-08-28,0.8416,0.8452,0.841,0.8422
2024-08-29,0.8422,0.8494,0.84,0.8473
2024-08-30,0.8473,0.8511,0.8465,0.8496
2024-09-02,0.8499,0.8537,0.8485,0.8517
2024-09-03,0.8517,0.8538,0.8478,0.8503
2024-09-04,0.8503,0.8519,0.8463,0.8465
2024-09-05,0.8465,0.8491,0.8434,0.844
2024-09-06,0.844,0.8476,0.8375,0.843
2024-09-09,0.8439,0.8494,0.8425,0.8493
2024-09-10,0.8493,0.8499,0.8457,0.847
2024-09-11,0.847,0.853,0.8422,0.8523
2024-09-12,0.8523,0.855,0.8507,0.8512
2024-09-13,0.8512,0.8525,0.8444,0.8488
2024-09-16,0.8461,0.8487,0.8435,0.8448
2024-09-17,0.8448,0.8477,0.843,0.8472
2024-09-18,0.8472,0.848,0.8391,0.8462
2024-09-19,0.8462,0.8515,0.8449,0.8478
2024-09-20,0.8478,0.8517,0.8452,0.85
2024-09-23,0.8511,0.8521,0.8457,0.8475
2024-09-24,0.8475,0.849,0.8431,0.8433
2024-09-25,0.8433,0.8507,0.8415,0.8504
2024-09-26,0.8504,0.8516,0.8453,0.8462
2024-09-27,0.8462,0.8493,0.8402,0.8406
2024-09-30,0.8417,0.8474,0.8404,0.8456
2024-10-01,0.8456,0.8482,0.8432,0.8466
2024-10-02,0.8466,0.8508,0.8449,0.8497
2024-10-03,0.8497,0.8543,0.8492,0.8529
2024-10-04,0.8529,0.8608,0.85,0.8584
2024-10-07,0.8583,0.8603,0.8534,0.8545
2024-10-08,0.8545,0.8584,0.853,0.8574
2024-10-09,0.8574,0.861,0.8566,0.8608
2024-10-10,0.8608,0.8613,0.856,0.857
2024-10-11,0.857,0.8585,0.8559,0.8572
2024-10-14,0.8576,0.8642,0.857,0.8627
2024-10-15,0.8628,0.8637,0.8607,0.8617
2024-10-16,0.8618,0.8658,0.8614,0.8654
2024-10-17,0.8654,0.867,0.863,0.866
2024-10-18,0.866,0.867,0.8646,0.8648
2024-10-21,0.8648,0.8664,0.8633,0.8662
2024-10-22,0.8662,0.8664,0.8645,0.8654
2024-10-23,0.8654,0.8686,0.8647,0.8664
2024-10-24,0.8664,0.8672,0.8651,0.8657
2024-10-25,0.8657,0.8675,0.8651,0.8668
2024-10-28,0.8664,0.87,0.8647,0.8654
2024-10-29,0.8654,0.8698,0.8644,0.8673
2024-10-30,0.8673,0.8694,0.8654,0.8667
2024-10-31,0.8667,0.867,0.8633,0.8641
2024-11-01,0.8641,0.8711,0.8632,0.87
2024-11-04,0.8688,0.8689,0.8615,0.8641
2024-11-05,0.864,0.865,0.8616,0.8633
2024-11-06,0.8633,0.8774,0.862,0.8766
2024-11-07,0.8766,0.8774,0.871,0.8724
2024-11-08,0.8724,0.8769,0.8701,0.8756
2024-11-11,0.8762,0.881,0.8753,0.8806
2024-11-12,0.8805,0.8836,0.8793,0.8817
2024-11-13,0.8817,0.8864,0.8799,0.8857
2024-11-14,0.8856,0.8918,0.8842,0.8902
2024-11-15,0.8902,0.8908,0.8859,0.8876
2024-11-18,0.8876,0.8887,0.8829,0.8831
2024-11-19,0.883,0.8845,0.8802,0.8824
2024-11-20,0.8824,0.8862,0.8818,0.8842
2024-11-21,0.8842,0.887,0.8821,0.8867
2024-11-22,0.8867,0.8957,0.8852,0.8939
2024-11-25,0.8938,0.8938,0.8849,0.8863
2024-11-26,0.8863,0.8894,0.8843,0.8865
2024-11-27,0.8865,0.8872,0.8798,0.8817
2024-11-28,0.8817,0.8848,0.8813,0.883
2024-11-29,0.883,0.8832,0.8796,0.881
2024-12-02,0.8812,0.889,0.8803,0.8865
2024-12-03,0.8865,0.8889,0.883,0.8863
2024-12-04,0.8863,0.888,0.8827,0.8843
2024-12-05,0.8842,0.8853,0.8779,0.8785
2024-12-06,0.8785,0.8813,0.8736,0.8788
2024-12-09,0.8776,0.8804,0.8759,0.8789
2024-12-10,0.8789,0.8833,0.8771,0.8828
2024-12-11,0.8827,0.8854,0.8811,0.8842
2024-12-12,0.8842,0.8928,0.8817,0.8921
2024-12-13,0.8921,0.8946,0.8905,0.8927
2024-12-16,0.8923,0.8949,0.8899,0.8944
2024-12-17,0.8943,0.8975,0.8915,0.8928
2024-12-18,0.8928,0.9021,0.8918,0.9011
2024-12-19,0.9011,0.9022,0.8952,0.8987
2024-12-20,0.8987,0.8992,0.8914,0.8931
2024-12-23,0.8934,0.9002,0.892,0.8986
2024-12-24,0.8986,0.9012,0.8983,0.9002
2024-12-25,0.9003,0.9011,0.899,0.9004
2024-12-26,0.9003,0.901,0.8985,0.899
2024-12-27,0.8991,0.9028,0.8985,0.902
2024-12-30,0.9009,0.9074,0.9008,0.9037
2024-12-31,0.9037,0.908,0.9023,0.9074
2025-01-01,0.9074,0.9075,0.9046,0.9064
2025-01-02,0.9064,0.9137,0.9039,0.9123
2025-01-03,0.9123,0.9125,0.9081,0.9085
2025-01-06,0.9107,0.9107,0.9009,0.9046
2025-01-07,0.9046,0.9098,0.9023,0.9097
2025-01-08,0.9097,0.9128,0.9088,0.9111
2025-01-09,0.9111,0.9131,0.9098,0.9121
2025-01-10,0.9121,0.9188,0.9115,0.9164
2025-01-13,0.9166,0.9201,0.9155,0.917
2025-01-14,0.917,0.9175,0.9122,0.9124
2025-01-15,0.9124,0.9146,0.9084,0.9126
2025-01-16,0.9126,0.9136,0.91,0.9109
2025-01-17,0.9109,0.9154,0.9096,0.915
2025-01-20,0.9136,0.9152,0.9056,0.9067
2025-01-21,0.9067,0.9115,0.9052,0.906
2025-01-22,0.906,0.9075,0.9033,0.9069
2025-01-23,0.9069,0.9108,0.9057,0.9074
2025-01-24,0.9074,0.9077,0.9028,0.9059
2025-01-27,0.9051,0.9073,0.8965,0.902
2025-01-28,0.9018,0.9071,0.9013,0.9042
2025-01-29,0.9042,0.9095,0.9032,0.9068
2025-01-30,0.9069,0.9104,0.9059,0.9097
2025-01-31,0.9097,0.9116,0.9072,0.9109
2025-02-03,0.9084,0.9197,0.9073,0.9103
2025-02-04,0.9104,0.9131,0.9046,0.9052
2025-02-05,0.9052,0.9059,0.9002,0.9017
2025-02-06,0.9017,0.9062,0.9008,0.905
2025-02-07,0.905,0.9106,0.9046,0.9099
2025-02-10,0.9095,0.9122,0.9089,0.9113
2025-02-11,0.9113,0.9141,0.9108,0.9133
2025-02-12,0.9133,0.9156,0.9103,0.9136
2025-02-13,0.9136,0.914,0.9028,0.903
2025-02-14,0.903,0.9052,0.8972,0.8998
2025-02-17,0.8992,0.9018,0.8979,0.9007
2025-02-18,0.9007,0.9041,0.8996,0.9033
2025-02-19,0.9033,0.9055,0.9023,0.9046
2025-02-20,0.9046,0.9047,0.8976,0.8979
2025-02-21,0.8979,0.9005,0.8968,0.8983
2025-02-24,0.8977,0.8998,0.8954,0.8971
2025-02-25,0.8971,0.8978,0.8912,0.893
2025-02-26,0.893,0.8965,0.8917,0.8947
2025-02-27,0.8947,0.9006,0.8939,0.8997
2025-02-28,0.8997,0.9036,0.8983,0.9031
2025-03-03,0.9024,0.9031,0.8961,0.8968
2025-03-04,0.8968,0.8976,0.8872,0.8894
2025-03-05,0.8894,0.8915,0.8856,0.891
2025-03-06,0.891,0.8926,0.8826,0.884
2025-03-07,0.884,0.8845,0.8767,0.8799
2025-03-10,0.8803,0.8822,0.8758,0.881
2025-03-11,0.881,0.8836,0.8773,0.8827
2025-03-12,0.8827,0.8852,0.8802,0.8819
2025-03-13,0.8819,0.8855,0.8804,0.8825
2025-03-14,0.8825,0.8864,0.8817,0.8851
2025-03-17,0.8851,0.8855,0.8798,0.8809
2025-03-18,0.8809,0.8819,0.8759,0.8767
2025-03-19,0.8767,0.8809,0.8763,0.8778
2025-03-20,0.8778,0.8843,0.8756,0.8819
2025-03-21,0.8819,0.884,0.8797,0.8828
2025-03-24,0.883,0.8846,0.88,0.8831
2025-03-25,0.8832,0.8849,0.8801,0.8825
2025-03-26,0.8825,0.8851,0.8817,0.8839
2025-03-27,0.8839,0.8849,0.8804,0.8817
2025-03-28,0.8817,0.8835,0.88,0.8808
2025-03-31,0.8811,0.8855,0.8779,0.8843
2025-04-01,0.8842,0.8847,0.8817,0.8837
2025-04-02,0.8837,0.8849,0.8813,0.8818
2025-04-03,0.8818,0.8832,0.8547,0.8592
2025-04-04,0.8592,0.8626,0.8477,0.8608
2025-04-07,0.8606,0.8673,0.8451,0.8593
2025-04-08,0.8593,0.8615,0.8456,0.8478
2025-04-09,0.8478,0.8583,0.836,0.857
2025-04-10,0.857,0.8578,0.8232,0.8241
2025-04-11,0.824,0.8259,0.8099,0.8148
2025-04-14,0.8154,0.8268,0.812,0.8149
2025-04-15,0.8149,0.8239,0.8132,0.8233
2025-04-16,0.8233,0.8235,0.8121,0.8133
2025-04-17,0.8133,0.8231,0.8125,0.8196
2025-04-18,0.8196,0.8203,0.8161,0.8168
2025-04-21,0.8187,0.8197,0.804,0.8091
2025-04-22,0.8091,0.8191,0.8067,0.8189
2025-04-23,0.8189,0.8311,0.8179,0.8306
2025-04-24,0.8306,0.8309,0.824,0.827
2025-04-25,0.827,0.8335,0.8262,0.8284
2025-04-28,0.83,0.8319,0.8198,0.82
2025-04-29,0.82,0.8264,0.8199,0.8239
2025-04-30,0.8238,0.8273,0.8214,0.8258
2025-05-01,0.8258,0.8333,0.8246,0.8297
2025-05-02,0.8297,0.8319,0.8206,0.827
2025-05-05,0.8247,0.8284,0.8214,0.8222
2025-05-06,0.8222,0.8266,0.8213,0.822
2025-05-07,0.8221,0.8272,0.8186,0.8237
2025-05-08,0.8237,0.8332,0.8224,0.8317
2025-05-09,0.8317,0.8341,0.827,0.8313
2025-05-12,0.8301,0.8476,0.8294,0.8456
2025-05-13,0.8456,0.8461,0.8387,0.8395
2025-05-14,0.8395,0.8436,0.8325,0.8423
2025-05-15,0.8423,0.8426,0.8346,0.8359
2025-05-16,0.8359,0.8401,0.8327,0.8376
2025-05-19,0.8363,0.8376,0.8319,0.8344
2025-05-20,0.8343,0.8363,0.8283,0.8283
2025-05-21,0.8283,0.8288,0.821,0.8255
2025-05-22,0.8255,0.8307,0.8234,0.829
2025-05-23,0.829,0.8295,0.8205,0.8211
2025-05-26,0.822,0.8234,0.8193,0.8211
2025-05-27,0.8212,0.828,0.8188,0.8273
2025-05-28,0.8273,0.8291,0.8245,0.8272
2025-05-29,0.8271,0.8348,0.8218,0.823
2025-05-30,0.823,0.8249,0.8199,0.8224
2025-06-02,0.8234,0.8242,0.8157,0.8174
2025-06-03,0.8174,0.8248,0.8159,0.8239
2025-06-04,0.8239,0.825,0.817,0.8185
2025-06-05,0.8185,0.8215,0.8172,0.8195
2025-06-06,0.8195,0.8248,0.8191,0.8223
2025-06-09,0.8223,0.8231,0.8192,0.8218
2025-06-10,0.8218,0.8242,0.8204,0.8228
2025-06-11,0.8228,0.8235,0.8185,0.8203
2025-06-12,0.8202,0.8209,0.8102,0.8102
2025-06-13,0.8102,0.8148,0.8056,0.8114
2025-06-16,0.812,0.8147,0.8089,0.8139
2025-06-17,0.8139,0.8172,0.812,0.8163
2025-06-18,0.8163,0.8199,0.8151,0.8187
2025-06-19,0.8187,0.8216,0.8156,0.8168
2025-06-20,0.8168,0.8184,0.8152,0.8178
2025-06-23,0.8182,0.8199,0.8115,0.8127
2025-06-24,0.8127,0.8131,0.8035,0.8053
2025-06-25,0.8053,0.808,0.804,0.8048
2025-06-26,0.8048,0.8051,0.7978,0.8002
2025-06-27,0.8002,0.8018,0.7958,0.799
2025-06-30,0.7999,0.8004,0.793,0.7931
2025-07-01,0.7931,0.7944,0.7872,0.7911
2025-07-02,0.7911,0.7941,0.7904,0.792
2025-07-03,0.7921,0.7987,0.7901,0.7951
2025-07-04,0.7951,0.7958,0.7922,0.794
2025-07-07,0.7946,0.7991,0.7936,0.7983
2025-07-08,0.7983,0.7995,0.7953,0.796
2025-07-09,0.796,0.7979,0.794,0.7943
2025-07-10,0.7943,0.7988,0.792,0.7971
2025-07-11,0.7971,0.7982,0.7954,0.7966
2025-07-14,0.7964,0.7985,0.7955,0.7979
2025-07-15,0.7979,0.8025,0.7954,0.8017
2025-07-16,0.8017,0.8062,0.7948,0.8008
2025-07-17,0.8008,0.8064,0.8005,0.8045
2025-07-18,0.8045,0.8049,0.7985,0.8013
2025-07-21,0.802,0.8023,0.7966,0.7979
2025-07-22,0.7979,0.7992,0.792,0.7923
2025-07-23,0.7924,0.795,0.7911,0.7924
2025-07-24,0.7924,0.7961,0.7916,0.7953
2025-07-25,0.7953,0.7979,0.7947,0.7954
2025-07-28,0.7974,0.8038,0.7945,0.8036
2025-07-29,0.8036,0.8079,0.8025,0.806
2025-07-30,0.806,0.8151,0.8038,0.8148
2025-07-31,0.8148,0.815,0.8112,0.8123
2025-08-01,0.8124,0.8171,0.8027,0.804
2025-08-04,0.805,0.8097,0.8031,0.8081
2025-08-05,0.8081,0.8118,0.8065,0.8076
2025-08-06,0.8076,0.8094,0.8049,0.8063
2025-08-07,0.8063,0.809,0.8043,0.8066
2025-08-08,0.8066,0.8089,0.8055,0.8083
2025-08-11,0.8081,0.8132,0.8061,0.8124
2025-08-12,0.8124,0.8127,0.8062,0.8065
2025-08-13,0.8065,0.8072,0.8022,0.8054
2025-08-14,0.8054,0.8093,0.8041,0.8076
2025-08-15,0.8076,0.8085,0.8046,0.8068
2025-08-18,0.8063,0.8081,0.8051,0.8075
2025-08-19,0.8075,0.8086,0.8047,0.8077
2025-08-20,0.8077,0.8093,0.8031,0.8041
2025-08-21,0.8041,0.8091,0.8035,0.8087
2025-08-22,0.8087,0.8104,0.8,0.8015
2025-08-25,0.802,0.8071,0.8005,0.806
2025-08-26,0.806,0.8072,0.8026,0.8034
2025-08-27,0.8034,0.8076,0.8016,0.8023
2025-08-28,0.8024,0.8031,0.7994,0.8013
2025-08-29,0.8013,0.8035,0.7986,0.8005
2025-09-01,0.7992,0.8017,0.7986,0.8005
2025-09-02,0.8005,0.8061,0.8,0.8046
2025-09-03,0.8046,0.8068,0.8027,0.8041
2025-09-04,0.8041,0.8072,0.8035,0.8056
2025-09-05,0.8056,0.8058,0.7956,0.798
2025-09-08,0.7982,0.8012,0.7928,0.7933
2025-09-09,0.7933,0.7979,0.7916,0.7975
2025-09-10,0.7974,0.7995,0.7962,0.7992
2025-09-11,0.7992,0.8006,0.7949,0.7957
2025-09-12,0.7957,0.7987,0.7954,0.7966
2025-09-15,0.7966,0.7973,0.7936,0.7946
2025-09-16,0.7946,0.7948,0.7856,0.786
2025-09-17,0.7861,0.7894,0.7829,0.7888
2025-09-18,0.7888,0.7938,0.7872,0.7924
2025-09-19,0.7924,0.7966,0.7916,0.7955
2025-09-22,0.7942,0.7973,0.7922,0.7925
2025-09-23,0.7925,0.7934,0.791,0.7914
2025-09-24,0.7914,0.7957,0.7912,0.7952
2025-09-25,0.7952,0.8014,0.7943,0.7997
2025-09-26,0.7997,0.8007,0.7973,0.7979
2025-09-29,0.7976,0.7988,0.7952,0.7977
2025-09-30,0.7976,0.7986,0.7939,0.7964
2025-10-01,0.7964,0.799,0.7929,0.7971
2025-10-02,0.7971,0.8,0.7951,0.7979
2025-10-03,0.7979,0.7983,0.7947,0.7958
2025-10-06,0.7963,0.7994,0.7947,0.795
2025-10-07,0.795,0.7992,0.7948,0.7982
2025-10-08,0.7982,0.8029,0.7977,0.8019
2025-10-09,0.8019,0.8076,0.8003,0.8063
2025-10-10,0.8063,0.807,0.7989,0.7996
2025-10-13,0.8027,0.8058,0.8,0.8041
2025-10-14,0.8041,0.805,0.8003,0.801
2025-10-15,0.801,0.8016,0.7957,0.7967
2025-10-16,0.7967,0.7985,0.7924,0.793
2025-10-17,0.793,0.7937,0.7873,0.7933
2025-10-20,0.7914,0.7943,0.7906,0.7925
2025-10-21,0.7924,0.7965,0.7914,0.7964
2025-10-22,0.7964,0.7974,0.7949,0.796
2025-10-23,0.796,0.7987,0.795,0.7952
2025-10-24,0.7952,0.7968,0.7935,0.7957
2025-10-27,0.7976,0.7978,0.7945,0.7955
2025-10-28,0.7955,0.7967,0.7925,0.7934
2025-10-29,0.7935,0.802,0.7926,0.7999
2025-10-30,0.7998,0.8037,0.7976,0.802
2025-10-31,0.802,0.8052,0.8009,0.8046
2025-11-03,0.8038,0.8092,0.8033,0.8081
2025-11-04,0.8081,0.8108,0.8067,0.8102
2025-11-05,0.8102,0.8124,0.8079,0.8102
2025-11-06,0.8102,0.8104,0.806,0.8064
2025-11-07,0.8064,0.8084,0.8032,0.8052
2025-11-10,0.8053,0.8073,0.8044,0.8051
2025-11-11,0.8051,0.8065,0.7986,0.8004
2025-11-12,0.8004,0.8012,0.7968,0.7977
2025-11-13,0.7977,0.7994,0.7908,0.7929
2025-11-14,0.7929,0.7948,0.7878,0.794
2025-11-17,0.7941,0.7966,0.7932,0.7962
2025-11-18,0.7962,0.8001,0.7938,0.7997
2025-11-19,0.7997,0.8067,0.7986,0.8055
2025-11-20,0.8055,0.8077,0.8049,0.8058
2025-11-21,0.8058,0.8099,0.8036,0.8083
2025-11-24,0.8081,0.8102,0.8061,0.8085
2025-11-25,0.8085,0.8102,0.8058,0.8075
2025-11-26,0.8075,0.8084,0.8039,0.8043
2025-11-27,0.8043,0.8062,0.8026,0.8048
2025-11-28,0.8048,0.8071,0.8027,0.804
2025-12-01,0.8039,0.8049,0.7997,0.8047
2025-12-02,0.8047,0.8053,0.8027,0.8031
2025-12-03,0.8031,0.8033,0.7992,0.7996
2025-12-04,0.7996,0.804,0.7994,0.8037
2025-12-05,0.8037,0.8055,0.8019,0.8048
2025-12-08,0.8039,0.8086,0.8028,0.8068
2025-12-09,0.8068,0.8083,0.805,0.8063
2025-12-10,0.8063,0.8066,0.7992,0.7999
2025-12-11,0.7999,0.8001,0.7924,0.7954
2025-12-12,0.7954,0.7965,0.7942,0.7958
2025-12-15,0.7959,0.7974,0.7936,0.7962
2025-12-16,0.7962,0.7971,0.7926,0.7951
2025-12-17,0.7952,0.7988,0.7935,0.7955
2025-12-18,0.7956,0.7966,0.7929,0.7942
2025-12-19,0.7942,0.7962,0.794,0.7956
2025-12-22,0.7945,0.7959,0.7916,0.7918
2025-12-23,0.7919,0.7928,0.7867,0.7878
2025-12-24,0.7878,0.7897,0.7862,0.7885
2025-12-25,0.7886,0.789,0.7863,0.7866
2025-12-26,0.7878,0.7903,0.7873,0.7895
2025-12-29,0.7888,0.7916,0.7873,0.789
2025-12-30,0.789,0.7924,0.7876,0.7917
2025-12-31,0.7917,0.7942,0.7916,0.7926
2026-01-01,0.7926,0.7936,0.7909,0.7928
2026-01-02,0.7926,0.7941,0.7901,0.7924
2026-01-05,0.7922,0.7968,0.7913,0.7917
2026-01-06,0.7917,0.7959,0.7906,0.7956
2026-01-07,0.7956,0.7979,0.7944,0.7977
2026-01-08,0.7977,0.8,0.7968,0.7989
2026-01-09,0.7989,0.8018,0.7986,0.8012
2026-01-12,0.8009,0.8018,0.7956,0.7974
2026-01-13,0.7974,0.8016,0.7968,0.8011
2026-01-14,0.8011,0.8028,0.7984,0.7999
2026-01-15,0.7999,0.8041,0.7994,0.8032
2026-01-16,0.8032,0.8039,0.8006,0.803
2026-01-19,0.8021,0.8025,0.7963,0.7975
2026-01-20,0.7975,0.7984,0.788,0.7898
2026-01-21,0.7898,0.7969,0.789,0.7956
2026-01-22,0.7956,0.7966,0.789,0.789
2026-01-23,0.789,0.7915,0.7789,0.7799
2026-01-26,0.7791,0.7794,0.7731,0.7769
2026-01-27,0.7769,0.7784,0.7605,0.7612
2026-01-28,0.7612,0.7728,0.7612,0.7682
2026-01-29,0.7682,0.7706,0.764,0.7643
2026-01-30,0.7643,0.7732,0.7637,0.773
2026-02-02,0.7724,0.7817,0.7715,0.7796
2026-02-03,0.7796,0.7801,0.7739,0.7753
2026-02-04,0.7753,0.7776,0.7746,0.7774
2026-02-05,0.7774,0.7787,0.7742,0.7782
2026-02-06,0.7782,0.7786,0.7751,0.776
2026-02-09,0.7768,0.7773,0.7658,0.7662
2026-02-10,0.7662,0.7688,0.7629,0.768
2026-02-11,0.768,0.773,0.7648,0.7716
2026-02-12,0.7716,0.7725,0.7667,0.7693
2026-02-13,0.7693,0.7718,0.7671,0.7679
2026-02-16,0.7686,0.7705,0.7675,0.7696
2026-02-17,0.7696,0.774,0.7688,0.7701
2026-02-18,0.7701,0.7732,0.7698,0.7731
2026-02-19,0.7731,0.7763,0.772,0.775
2026-02-20,0.775,0.7772,0.7731,0.7756
2026-02-23,0.7744,0.7768,0.7711,0.7747
2026-02-24,0.7747,0.7766,0.773,0.774
2026-02-25,0.774,0.7758,0.7719,0.7725
2026-02-26,0.7725,0.7754,0.7711,0.7742
2026-02-27,0.7741,0.7746,0.7672,0.7693
2026-03-02,0.7677,0.7814,0.7671,0.7792
2026-03-03,0.7792,0.7879,0.7785,0.782
2026-03-04,0.782,0.7835,0.7787,0.7792
2026-03-05,0.7792,0.7838,0.7783,0.7811
2026-03-06,0.7811,0.7828,0.7758,0.776
2026-03-09,0.7791,0.7826,0.777,0.7775
2026-03-10,0.7775,0.7792,0.7748,0.7785
2026-03-11,0.7785,0.7809,0.7765,0.7805
2026-03-12,0.7805,0.7864,0.7795,0.786
2026-03-13,0.7861,0.7917,0.7847,0.7911
2026-03-16,0.7879,0.7923,0.7865,0.7877
2026-03-17,0.7877,0.79,0.7844,0.7848
2026-03-18,0.7848,0.7936,0.7845,0.7932
2026-03-19,0.7932,0.7958,0.7858,0.7882
2026-03-20,0.7882,0.7906,0.7855,0.788
2026-03-23,0.7884,0.794,0.7835,0.7864
2026-03-24,0.7863,0.7925,0.786,0.7882
2026-03-25,0.7882,0.7925,0.787,0.7916
2026-03-26,0.7916,0.7959,0.7914,0.7953
2026-03-27,0.7953,0.7993,0.7943,0.799
2026-03-30,0.795,0.8013,0.795,0.7994
2026-03-31,0.7993,0.8042,0.7979,0.7995
2026-04-01,0.7995,0.8001,0.7905,0.7942
2026-04-02,0.7942,0.8009,0.7928,0.7989
2026-04-03,0.7989,0.8012,0.7977,0.8003
2026-04-06,0.8009,0.8018,0.7961,0.7981
2026-04-07,0.7981,0.8011,0.7973,0.798
2026-04-08,0.798,0.7985,0.787,0.7914
2026-04-09,0.7915,0.7922,0.7879,0.7904
2026-04-10,0.7904,0.7914,0.7855,0.7887
2026-04-13,0.7889,0.7934,0.783,0.7838
2026-04-14,0.7838,0.7839,0.779,0.7809
2026-04-15,0.7809,0.7832,0.7799,0.782
2026-04-16,0.782,0.7846,0.7799,0.7838
2026-04-17,0.7838,0.784,0.7775,0.7817
2026-04-20,0.781,0.784,0.7776,0.7784
2026-04-21,0.7784,0.7826,0.778,0.781
2026-04-22,0.7809,0.785,0.7792,0.7847
2026-04-23,0.7847,0.7874,0.7832,0.7864
2026-04-24,0.7864,0.7877,0.7846,0.785
2026-04-27,0.785,0.787,0.7831,0.7855
2026-04-28,0.7855,0.7911,0.7849,0.7893
2026-04-29,0.7893,0.7925,0.7883,0.7912
2026-04-30,0.7912,0.7923,0.7806,0.7814
2026-05-01,0.7814,0.783,0.7779,0.7821
2026-05-04,0.7811,0.7848,0.78,0.7839
2026-05-05,0.7839,0.7848,0.7813,0.783
2026-05-06,0.783,0.7835,0.7772,0.7788
2026-05-07,0.7788,0.7807,0.7766,0.7802
2026-05-08,0.7802,0.7809,0.7762,0.7766
2026-05-11,0.7786,0.7795,0.7768,0.778
2026-05-12,0.778,0.7823,0.7775,0.7806
2026-05-13,0.7806,0.7831,0.78,0.782
2026-05-14,0.782,0.7841,0.7808,0.7837
2026-05-15,0.7837,0.7873,0.7834,0.7869
