Date,Open,High,Low,Close
2016-01-01,1.0862,1.0867,1.0854,1.0856
2016-01-04,1.0858,1.0946,1.0781,1.0831
2016-01-05,1.0831,1.0839,1.0711,1.0748
2016-01-06,1.0748,1.0799,1.0716,1.0781
2016-01-07,1.0781,1.094,1.0771,1.0932
2016-01-08,1.0932,1.0934,1.0803,1.0922
2016-01-11,1.0909,1.097,1.0848,1.0859
2016-01-12,1.0859,1.09,1.082,1.0858
2016-01-13,1.0858,1.0888,1.0805,1.0877
2016-01-14,1.0877,1.0943,1.0835,1.0865
2016-01-15,1.0865,1.0985,1.0855,1.0916
2016-01-18,1.0919,1.0942,1.0869,1.0892
2016-01-19,1.0892,1.0939,1.086,1.0908
2016-01-20,1.0908,1.0976,1.0877,1.089
2016-01-21,1.089,1.0921,1.0778,1.0874
2016-01-22,1.0874,1.0877,1.0789,1.0796
2016-01-25,1.08,1.0857,1.079,1.0849
2016-01-26,1.0849,1.0874,1.0819,1.087
2016-01-27,1.087,1.0917,1.0851,1.0893
2016-01-28,1.0893,1.0968,1.087,1.094
2016-01-29,1.094,1.0949,1.081,1.0831
2016-02-01,1.0834,1.0913,1.0815,1.0888
2016-02-02,1.0888,1.094,1.0886,1.0919
2016-02-03,1.0919,1.1146,1.0904,1.1105
2016-02-04,1.1105,1.1239,1.107,1.1209
2016-02-05,1.1209,1.1246,1.1109,1.1158
2016-02-08,1.1158,1.1216,1.1087,1.1193
2016-02-09,1.1193,1.1338,1.1162,1.1293
2016-02-10,1.1293,1.1311,1.1161,1.1292
2016-02-11,1.1292,1.1376,1.1274,1.1323
2016-02-12,1.1323,1.1334,1.1214,1.1256
2016-02-15,1.1261,1.1261,1.1128,1.1156
2016-02-16,1.1156,1.1193,1.1124,1.1144
2016-02-17,1.1144,1.1179,1.1106,1.1128
2016-02-18,1.1128,1.115,1.1071,1.1107
2016-02-19,1.1107,1.1139,1.1067,1.113
2016-02-22,1.1124,1.1135,1.1003,1.103
2016-02-23,1.103,1.1053,1.099,1.102
2016-02-24,1.102,1.1046,1.0957,1.1013
2016-02-25,1.1013,1.105,1.0987,1.1018
2016-02-26,1.1018,1.1068,1.0912,1.0934
2016-02-29,1.0932,1.0963,1.0859,1.0873
2016-03-01,1.0873,1.0894,1.0834,1.0868
2016-03-02,1.0868,1.0881,1.0826,1.0868
2016-03-03,1.0868,1.0973,1.0854,1.0957
2016-03-04,1.0957,1.1043,1.0904,1.1005
2016-03-07,1.101,1.1026,1.094,1.1014
2016-03-08,1.1014,1.1058,1.0994,1.1011
2016-03-09,1.1011,1.1035,1.0946,1.0999
2016-03-10,1.0999,1.1218,1.0822,1.1177
2016-03-11,1.1178,1.121,1.108,1.1156
2016-03-14,1.1151,1.1176,1.1078,1.1103
2016-03-15,1.1103,1.1125,1.1072,1.1109
2016-03-16,1.1109,1.1242,1.1058,1.1224
2016-03-17,1.1224,1.1342,1.1206,1.1318
2016-03-18,1.1318,1.1337,1.1256,1.127
2016-03-21,1.1273,1.1288,1.1235,1.1241
2016-03-22,1.1241,1.126,1.1189,1.1217
2016-03-23,1.1217,1.1224,1.116,1.1181
2016-03-24,1.1181,1.1188,1.1144,1.1174
2016-03-25,1.1175,1.1181,1.1154,1.1167
2016-03-28,1.1164,1.122,1.1153,1.1196
2016-03-29,1.1196,1.1303,1.1169,1.1291
2016-03-30,1.1291,1.1365,1.1284,1.1338
2016-03-31,1.1338,1.1412,1.131,1.138
2016-04-01,1.138,1.1438,1.1335,1.1391
2016-04-04,1.1393,1.1413,1.1358,1.1391
2016-04-05,1.1391,1.1405,1.1336,1.1384
2016-04-06,1.1384,1.1432,1.1327,1.1399
2016-04-07,1.1399,1.1454,1.1338,1.1378
2016-04-08,1.1378,1.1419,1.1349,1.1399
2016-04-11,1.14,1.1447,1.1372,1.1408
2016-04-12,1.1408,1.1465,1.1346,1.1386
2016-04-13,1.1386,1.1391,1.1268,1.1274
2016-04-14,1.1274,1.1295,1.1234,1.1268
2016-04-15,1.1268,1.1317,1.1246,1.1284
2016-04-18,1.1309,1.1332,1.1274,1.1313
2016-04-19,1.1313,1.1385,1.1304,1.1358
2016-04-20,1.1358,1.1388,1.1291,1.1297
2016-04-21,1.1297,1.1398,1.127,1.1288
2016-04-22,1.1288,1.1309,1.1218,1.1222
2016-04-25,1.1235,1.1278,1.1217,1.1268
2016-04-26,1.1268,1.134,1.1256,1.1297
2016-04-27,1.1298,1.1362,1.1272,1.1322
2016-04-28,1.1322,1.1368,1.1296,1.1352
2016-04-29,1.1352,1.1459,1.1348,1.1451
2016-05-02,1.1449,1.1536,1.1431,1.1534
2016-05-03,1.1534,1.1616,1.1496,1.1496
2016-05-04,1.1496,1.1529,1.1467,1.1487
2016-05-05,1.1487,1.1494,1.1386,1.1405
2016-05-06,1.1405,1.1479,1.1387,1.1404
2016-05-09,1.1402,1.142,1.1376,1.1383
2016-05-10,1.1383,1.141,1.1359,1.1372
2016-05-11,1.1372,1.1447,1.1369,1.1426
2016-05-12,1.1426,1.1429,1.1371,1.1377
2016-05-13,1.1377,1.138,1.1283,1.1309
2016-05-16,1.1307,1.1342,1.1302,1.1321
2016-05-17,1.1321,1.1349,1.1302,1.1313
2016-05-18,1.1313,1.1316,1.1214,1.1216
2016-05-19,1.1216,1.123,1.118,1.1203
2016-05-20,1.1203,1.1237,1.1196,1.1224
2016-05-23,1.1217,1.1243,1.1188,1.122
2016-05-24,1.122,1.1227,1.1133,1.1141
2016-05-25,1.1141,1.1167,1.1129,1.1155
2016-05-26,1.1155,1.1217,1.115,1.1194
2016-05-27,1.1194,1.1201,1.1111,1.1115
2016-05-30,1.1117,1.1145,1.1098,1.1138
2016-05-31,1.1138,1.1173,1.1122,1.1132
2016-06-01,1.1132,1.1194,1.1114,1.1188
2016-06-02,1.1188,1.122,1.1145,1.1151
2016-06-03,1.1151,1.1374,1.1137,1.1367
2016-06-06,1.1351,1.1393,1.1326,1.1355
2016-06-07,1.1355,1.1381,1.1339,1.1358
2016-06-08,1.1358,1.1411,1.1355,1.1395
2016-06-09,1.1395,1.1416,1.1306,1.1316
2016-06-10,1.1316,1.1321,1.1246,1.1251
2016-06-13,1.126,1.1303,1.1232,1.1292
2016-06-14,1.1292,1.1298,1.1189,1.1207
2016-06-15,1.1207,1.1298,1.119,1.126
2016-06-16,1.126,1.1295,1.1131,1.1225
2016-06-17,1.1225,1.1296,1.1223,1.1277
2016-06-20,1.1281,1.1382,1.1281,1.1314
2016-06-21,1.1314,1.135,1.1242,1.1242
2016-06-22,1.1242,1.1338,1.1237,1.1296
2016-06-23,1.1296,1.1421,1.1296,1.1385
2016-06-24,1.1385,1.1428,1.0913,1.1117
2016-06-27,1.1072,1.1084,1.0971,1.1025
2016-06-28,1.1025,1.1112,1.101,1.1065
2016-06-29,1.1065,1.113,1.1049,1.1125
2016-06-30,1.1125,1.1155,1.1024,1.1106
2016-07-01,1.1106,1.1169,1.1072,1.1136
2016-07-04,1.1143,1.116,1.1098,1.1154
2016-07-05,1.1154,1.1186,1.1062,1.1076
2016-07-06,1.1076,1.1112,1.1029,1.11
2016-07-07,1.11,1.1107,1.1053,1.1063
2016-07-08,1.1063,1.112,1.1002,1.1051
2016-07-11,1.1051,1.1075,1.1016,1.1058
2016-07-12,1.1058,1.1126,1.1052,1.1061
2016-07-13,1.1061,1.112,1.1042,1.109
2016-07-14,1.109,1.1165,1.1088,1.112
2016-07-15,1.112,1.1149,1.1025,1.1035
2016-07-18,1.1043,1.1084,1.1038,1.1075
2016-07-19,1.1075,1.1081,1.1,1.1021
2016-07-20,1.1021,1.103,1.0982,1.1015
2016-07-21,1.1015,1.106,1.098,1.1026
2016-07-22,1.1026,1.1041,1.0956,1.0977
2016-07-25,1.097,1.0999,1.0952,1.0995
2016-07-26,1.0995,1.103,1.0978,1.0986
2016-07-27,1.0986,1.1065,1.0961,1.1058
2016-07-28,1.1059,1.1119,1.1053,1.1077
2016-07-29,1.1077,1.1197,1.1073,1.1174
2016-08-01,1.1177,1.1184,1.1155,1.1163
2016-08-02,1.1163,1.1234,1.1159,1.1224
2016-08-03,1.1224,1.1227,1.1141,1.1149
2016-08-04,1.1149,1.1156,1.1114,1.113
2016-08-05,1.113,1.1161,1.1046,1.1086
2016-08-08,1.1088,1.1105,1.1072,1.1088
2016-08-09,1.1088,1.1123,1.1071,1.1117
2016-08-10,1.1117,1.119,1.1113,1.1176
2016-08-11,1.1176,1.1192,1.1136,1.1137
2016-08-12,1.1137,1.1221,1.1131,1.1162
2016-08-15,1.1168,1.1204,1.1154,1.1184
2016-08-16,1.1184,1.1323,1.1178,1.1279
2016-08-17,1.1279,1.1316,1.1242,1.1289
2016-08-18,1.1289,1.1366,1.1286,1.1354
2016-08-19,1.1354,1.136,1.1304,1.1325
2016-08-22,1.1304,1.1334,1.1271,1.132
2016-08-23,1.132,1.1355,1.1303,1.1305
2016-08-24,1.1305,1.1312,1.1245,1.1264
2016-08-25,1.1264,1.1298,1.1259,1.1285
2016-08-26,1.1285,1.1341,1.1181,1.1198
2016-08-29,1.1196,1.1208,1.1158,1.1189
2016-08-30,1.1189,1.1192,1.1132,1.1143
2016-08-31,1.1143,1.1165,1.1123,1.1158
2016-09-01,1.1158,1.1205,1.1128,1.1197
2016-09-02,1.1197,1.1252,1.1151,1.1156
2016-09-05,1.1152,1.1182,1.1139,1.1147
2016-09-06,1.1147,1.1263,1.1141,1.1255
2016-09-07,1.1255,1.1271,1.1229,1.1239
2016-09-08,1.1239,1.1327,1.1235,1.126
2016-09-09,1.126,1.1285,1.1199,1.1233
2016-09-12,1.1231,1.1268,1.1211,1.1235
2016-09-13,1.1235,1.126,1.1204,1.122
2016-09-14,1.122,1.1274,1.1211,1.125
2016-09-15,1.125,1.1284,1.1219,1.1244
2016-09-16,1.1244,1.125,1.115,1.1155
2016-09-19,1.1165,1.1198,1.1149,1.1175
2016-09-20,1.1175,1.1213,1.115,1.1151
2016-09-21,1.1151,1.1197,1.1123,1.1189
2016-09-22,1.1189,1.1257,1.1185,1.1208
2016-09-23,1.1208,1.1241,1.1194,1.1226
2016-09-26,1.1232,1.1279,1.1221,1.1254
2016-09-27,1.1254,1.1259,1.1191,1.1215
2016-09-28,1.1214,1.1237,1.1182,1.1217
2016-09-29,1.1217,1.125,1.1197,1.1222
2016-09-30,1.1222,1.1251,1.1153,1.1235
2016-10-03,1.1236,1.1244,1.1205,1.1211
2016-10-04,1.1211,1.1239,1.1138,1.1204
2016-10-05,1.1204,1.1233,1.119,1.1205
2016-10-06,1.1205,1.1213,1.114,1.1151
2016-10-07,1.1151,1.1205,1.1104,1.1201
2016-10-10,1.1194,1.121,1.1132,1.1139
2016-10-11,1.1139,1.1142,1.1049,1.1054
2016-10-12,1.1054,1.1068,1.1005,1.1007
2016-10-13,1.1007,1.1058,1.0985,1.1056
2016-10-14,1.1056,1.1058,1.0971,1.0972
2016-10-17,1.0979,1.1008,1.0964,1.1
2016-10-18,1.1,1.1026,1.097,1.0981
2016-10-19,1.0981,1.1005,1.0955,1.0974
2016-10-20,1.0974,1.1039,1.0916,1.0929
2016-10-21,1.0929,1.093,1.0859,1.0884
2016-10-24,1.0879,1.09,1.086,1.0882
2016-10-25,1.0882,1.0905,1.0851,1.0889
2016-10-26,1.0889,1.0946,1.0875,1.0908
2016-10-27,1.0908,1.0942,1.0883,1.0897
2016-10-28,1.0897,1.0992,1.0893,1.0985
2016-10-31,1.0975,1.0995,1.0936,1.0981
2016-11-01,1.0981,1.1069,1.096,1.1055
2016-11-02,1.1055,1.1123,1.105,1.1098
2016-11-03,1.1098,1.1126,1.106,1.1105
2016-11-04,1.1105,1.1142,1.108,1.1141
2016-11-07,1.1137,1.1145,1.1028,1.1041
2016-11-08,1.1041,1.1067,1.1009,1.1026
2016-11-09,1.1026,1.13,1.0907,1.091
2016-11-10,1.091,1.0954,1.0865,1.0893
2016-11-11,1.0893,1.0923,1.083,1.0855
2016-11-14,1.0851,1.0853,1.0709,1.0737
2016-11-15,1.0737,1.0816,1.0714,1.0722
2016-11-16,1.0722,1.076,1.0666,1.0691
2016-11-17,1.0691,1.0746,1.062,1.0626
2016-11-18,1.0626,1.0643,1.0569,1.0588
2016-11-21,1.0593,1.0649,1.0579,1.063
2016-11-22,1.0629,1.0658,1.0584,1.0627
2016-11-23,1.0627,1.0644,1.0526,1.0553
2016-11-24,1.0553,1.0585,1.0518,1.0554
2016-11-25,1.0554,1.0627,1.0539,1.0589
2016-11-28,1.0599,1.0686,1.0564,1.0614
2016-11-29,1.0614,1.0654,1.0565,1.065
2016-11-30,1.065,1.0667,1.0553,1.0589
2016-12-01,1.0589,1.0669,1.0585,1.0661
2016-12-02,1.0661,1.069,1.0626,1.0664
2016-12-05,1.0671,1.0796,1.0506,1.0764
2016-12-06,1.0764,1.0785,1.0698,1.0718
2016-12-07,1.0718,1.0768,1.071,1.0753
2016-12-08,1.0753,1.0874,1.0598,1.0615
2016-12-09,1.0615,1.063,1.0531,1.0561
2016-12-12,1.0546,1.0652,1.052,1.0635
2016-12-13,1.0635,1.0667,1.0604,1.0626
2016-12-14,1.0626,1.067,1.0497,1.0536
2016-12-15,1.0536,1.0539,1.0367,1.0414
2016-12-16,1.0414,1.0474,1.0401,1.0451
2016-12-19,1.0446,1.048,1.0393,1.0402
2016-12-20,1.0402,1.0418,1.0352,1.0388
2016-12-21,1.0388,1.0451,1.0383,1.0424
2016-12-22,1.0424,1.0499,1.0424,1.0437
2016-12-23,1.0437,1.0469,1.0427,1.0456
2016-12-26,1.0459,1.0468,1.0441,1.0455
2016-12-27,1.0455,1.0463,1.0433,1.0457
2016-12-28,1.0457,1.048,1.0372,1.0413
2016-12-29,1.0413,1.0494,1.0409,1.049
2016-12-30,1.049,1.0653,1.0485,1.0517
2017-01-02,1.052,1.0534,1.0451,1.0455
2017-01-03,1.0455,1.049,1.0341,1.0405
2017-01-04,1.0405,1.05,1.039,1.0489
2017-01-05,1.0489,1.0615,1.0481,1.0607
2017-01-06,1.0607,1.062,1.0525,1.0532
2017-01-09,1.0541,1.0583,1.0511,1.0574
2017-01-10,1.0574,1.0627,1.0551,1.0554
2017-01-11,1.0554,1.0623,1.0454,1.0582
2017-01-12,1.0582,1.0685,1.0572,1.0613
2017-01-13,1.0613,1.0673,1.0596,1.0643
2017-01-16,1.0617,1.0636,1.058,1.0601
2017-01-17,1.0601,1.0719,1.0598,1.0713
2017-01-18,1.0713,1.0715,1.0629,1.063
2017-01-19,1.063,1.0677,1.0589,1.0664
2017-01-20,1.0664,1.071,1.0625,1.0703
2017-01-23,1.0695,1.0769,1.0686,1.0765
2017-01-24,1.0765,1.0775,1.072,1.0731
2017-01-25,1.0731,1.077,1.0711,1.0748
2017-01-26,1.0748,1.0766,1.0658,1.0682
2017-01-27,1.0682,1.0725,1.0658,1.0699
2017-01-30,1.0693,1.074,1.062,1.0695
2017-01-31,1.0695,1.0812,1.0685,1.0798
2017-02-01,1.0798,1.0807,1.0732,1.0769
2017-02-02,1.0769,1.0829,1.0756,1.0759
2017-02-03,1.0759,1.0798,1.0713,1.0783
2017-02-06,1.0783,1.0802,1.0706,1.075
2017-02-07,1.075,1.075,1.0656,1.0683
2017-02-08,1.0683,1.0714,1.0641,1.0698
2017-02-09,1.0698,1.071,1.0651,1.0655
2017-02-10,1.0655,1.0668,1.0608,1.0643
2017-02-13,1.0637,1.0658,1.0592,1.0598
2017-02-14,1.0598,1.0633,1.0561,1.0578
2017-02-15,1.0578,1.0609,1.0521,1.0601
2017-02-16,1.0601,1.0679,1.0591,1.0674
2017-02-17,1.0674,1.0677,1.0605,1.0616
2017-02-20,1.0614,1.0635,1.0602,1.0614
2017-02-21,1.0614,1.0616,1.0526,1.0536
2017-02-22,1.0536,1.0574,1.0494,1.0558
2017-02-23,1.0558,1.0595,1.0538,1.0582
2017-02-24,1.0582,1.0618,1.0557,1.0563
2017-02-27,1.0563,1.0631,1.0552,1.0587
2017-02-28,1.0587,1.063,1.057,1.0576
2017-03-01,1.0576,1.0589,1.0514,1.0547
2017-03-02,1.0547,1.0552,1.0495,1.0507
2017-03-03,1.0507,1.0624,1.0502,1.0622
2017-03-06,1.061,1.064,1.0575,1.0582
2017-03-07,1.0582,1.0603,1.0558,1.0566
2017-03-08,1.0566,1.0574,1.0535,1.0541
2017-03-09,1.0541,1.0615,1.0525,1.0577
2017-03-10,1.0577,1.0699,1.0573,1.0673
2017-03-13,1.0668,1.0714,1.0652,1.0653
2017-03-14,1.0653,1.0663,1.06,1.0604
2017-03-15,1.0604,1.074,1.0603,1.0734
2017-03-16,1.0734,1.077,1.0706,1.0766
2017-03-17,1.0766,1.0782,1.0728,1.0738
2017-03-20,1.0739,1.0777,1.0725,1.0739
2017-03-21,1.0739,1.0819,1.0719,1.0811
2017-03-22,1.0811,1.0825,1.0776,1.0797
2017-03-23,1.0797,1.0805,1.0768,1.0783
2017-03-24,1.0783,1.0818,1.076,1.0798
2017-03-27,1.0798,1.0906,1.0795,1.0864
2017-03-28,1.0864,1.0873,1.0799,1.0814
2017-03-29,1.0813,1.0827,1.074,1.0766
2017-03-30,1.0766,1.077,1.0672,1.0674
2017-03-31,1.0674,1.0702,1.0652,1.0652
2017-04-03,1.0665,1.0681,1.0643,1.067
2017-04-04,1.067,1.0677,1.0636,1.0674
2017-04-05,1.0674,1.0689,1.0635,1.0663
2017-04-06,1.0663,1.0684,1.0629,1.0644
2017-04-07,1.0644,1.0666,1.0581,1.0591
2017-04-10,1.0598,1.0609,1.057,1.0596
2017-04-11,1.0596,1.063,1.0579,1.0605
2017-04-12,1.0605,1.0675,1.0589,1.0665
2017-04-13,1.0665,1.0678,1.0609,1.0613
2017-04-14,1.0613,1.063,1.0606,1.0618
2017-04-17,1.0616,1.067,1.0603,1.0643
2017-04-18,1.0643,1.0736,1.0637,1.073
2017-04-19,1.073,1.0737,1.07,1.0711
2017-04-20,1.0711,1.0778,1.0709,1.0717
2017-04-21,1.0717,1.0738,1.0682,1.0728
2017-04-24,1.0859,1.0937,1.0821,1.0868
2017-04-25,1.0868,1.095,1.0851,1.0926
2017-04-26,1.0926,1.0951,1.0856,1.0904
2017-04-27,1.0904,1.0933,1.0852,1.0873
2017-04-28,1.0873,1.0947,1.0857,1.0895
2017-05-01,1.0901,1.0924,1.0884,1.0899
2017-05-02,1.0899,1.0933,1.0888,1.093
2017-05-03,1.093,1.0937,1.0883,1.0886
2017-05-04,1.0886,1.0987,1.0875,1.0985
2017-05-05,1.0985,1.1,1.095,1.0998
2017-05-08,1.0999,1.1023,1.0917,1.0924
2017-05-09,1.0924,1.0933,1.0864,1.0874
2017-05-10,1.0874,1.0898,1.0853,1.0868
2017-05-11,1.0868,1.0893,1.0839,1.0861
2017-05-12,1.0861,1.0934,1.0856,1.0931
2017-05-15,1.0925,1.099,1.0923,1.0975
2017-05-16,1.0975,1.1097,1.0975,1.1083
2017-05-17,1.1083,1.1162,1.1081,1.1159
2017-05-18,1.1159,1.1172,1.1076,1.1103
2017-05-19,1.1103,1.1212,1.1097,1.1206
2017-05-22,1.1204,1.1264,1.1162,1.1237
2017-05-23,1.1237,1.1268,1.1175,1.1183
2017-05-24,1.1183,1.122,1.1169,1.1219
2017-05-25,1.1219,1.125,1.1194,1.121
2017-05-26,1.121,1.1235,1.1161,1.1183
2017-05-29,1.1178,1.119,1.1162,1.1164
2017-05-30,1.1165,1.1205,1.111,1.1186
2017-05-31,1.1186,1.1252,1.1165,1.1244
2017-06-01,1.1244,1.1257,1.1202,1.1213
2017-06-02,1.1213,1.1285,1.1205,1.1279
2017-06-05,1.1277,1.1284,1.1234,1.1254
2017-06-06,1.1254,1.1284,1.124,1.1277
2017-06-07,1.1277,1.1282,1.1204,1.1257
2017-06-08,1.1257,1.1269,1.1195,1.1214
2017-06-09,1.1214,1.1237,1.1166,1.1195
2017-06-12,1.1198,1.1232,1.1192,1.1203
2017-06-13,1.1203,1.1225,1.1185,1.1211
2017-06-14,1.1211,1.1296,1.1193,1.1218
2017-06-15,1.1218,1.1229,1.1132,1.1145
2017-06-16,1.1145,1.1202,1.1139,1.1198
2017-06-19,1.1198,1.1214,1.1143,1.1149
2017-06-20,1.1149,1.1165,1.1119,1.1134
2017-06-21,1.1134,1.1169,1.1128,1.1168
2017-06-22,1.1168,1.1178,1.1139,1.1152
2017-06-23,1.1152,1.1209,1.1145,1.1194
2017-06-26,1.1201,1.122,1.1172,1.1182
2017-06-27,1.1182,1.1349,1.1179,1.1339
2017-06-28,1.1339,1.1391,1.1292,1.1378
2017-06-29,1.1378,1.1445,1.1375,1.1441
2017-06-30,1.1441,1.1445,1.1392,1.1426
2017-07-03,1.1418,1.1427,1.1355,1.1364
2017-07-04,1.1364,1.1377,1.1336,1.1346
2017-07-05,1.1346,1.1369,1.1313,1.1352
2017-07-06,1.1352,1.1425,1.133,1.1423
2017-07-07,1.1423,1.144,1.138,1.1401
2017-07-10,1.1395,1.1418,1.1382,1.1399
2017-07-11,1.1399,1.148,1.1383,1.1467
2017-07-12,1.1467,1.1489,1.1392,1.1412
2017-07-13,1.1412,1.1456,1.1371,1.1398
2017-07-14,1.1398,1.1472,1.1392,1.147
2017-07-17,1.1464,1.1487,1.1435,1.1478
2017-07-18,1.1478,1.1583,1.1472,1.1554
2017-07-19,1.1554,1.1557,1.151,1.1515
2017-07-20,1.1515,1.1658,1.1479,1.1631
2017-07-21,1.1631,1.1683,1.1619,1.1663
2017-07-24,1.1659,1.1684,1.1626,1.1642
2017-07-25,1.1643,1.1712,1.1631,1.1647
2017-07-26,1.1647,1.174,1.1613,1.1734
2017-07-27,1.1734,1.1777,1.165,1.1677
2017-07-28,1.1677,1.1764,1.1671,1.1751
2017-07-31,1.1739,1.1846,1.1723,1.1842
2017-08-01,1.1842,1.1844,1.1785,1.1802
2017-08-02,1.1802,1.191,1.1794,1.1856
2017-08-03,1.1856,1.1893,1.1831,1.187
2017-08-04,1.187,1.1889,1.1728,1.1773
2017-08-07,1.1771,1.1814,1.1766,1.1795
2017-08-08,1.1795,1.1824,1.1715,1.1752
2017-08-09,1.1752,1.1764,1.1689,1.1759
2017-08-10,1.1759,1.1785,1.1704,1.1772
2017-08-11,1.1772,1.1847,1.1749,1.1821
2017-08-14,1.1807,1.1838,1.177,1.178
2017-08-15,1.178,1.1793,1.1687,1.1735
2017-08-16,1.1735,1.1779,1.1682,1.1767
2017-08-17,1.1767,1.179,1.1662,1.1723
2017-08-18,1.1723,1.1774,1.1709,1.1761
2017-08-21,1.1753,1.1828,1.1731,1.1815
2017-08-22,1.1815,1.1824,1.1745,1.1762
2017-08-23,1.1762,1.1823,1.174,1.1807
2017-08-24,1.1807,1.1818,1.1784,1.1799
2017-08-25,1.1799,1.1941,1.1774,1.1924
2017-08-28,1.1926,1.1984,1.1917,1.1979
2017-08-29,1.1979,1.207,1.1947,1.1972
2017-08-30,1.1972,1.1984,1.1881,1.1884
2017-08-31,1.1884,1.1913,1.1823,1.191
2017-09-01,1.191,1.198,1.185,1.186
2017-09-04,1.1859,1.1922,1.1852,1.1896
2017-09-05,1.1896,1.1941,1.1868,1.1914
2017-09-06,1.1914,1.195,1.1903,1.1917
2017-09-07,1.1917,1.2059,1.1914,1.2023
2017-09-08,1.2023,1.2092,1.2015,1.2036
2017-09-11,1.2036,1.2036,1.1948,1.1953
2017-09-12,1.1953,1.1978,1.1926,1.1967
2017-09-13,1.1967,1.1995,1.1873,1.1885
2017-09-14,1.1885,1.1922,1.1838,1.1919
2017-09-15,1.1919,1.1987,1.1901,1.1945
2017-09-18,1.1946,1.1969,1.1915,1.1954
2017-09-19,1.1954,1.2007,1.195,1.1994
2017-09-20,1.1994,1.2033,1.1862,1.1892
2017-09-21,1.1892,1.1954,1.1866,1.1941
2017-09-22,1.1941,1.2004,1.1937,1.1951
2017-09-25,1.1915,1.1937,1.1832,1.1848
2017-09-26,1.1848,1.1862,1.1758,1.1793
2017-09-27,1.1793,1.1795,1.1717,1.1745
2017-09-28,1.1745,1.1804,1.1721,1.1786
2017-09-29,1.1786,1.1833,1.1773,1.1814
2017-10-02,1.1816,1.182,1.173,1.1733
2017-10-03,1.1733,1.1773,1.1696,1.1744
2017-10-04,1.1744,1.1788,1.1736,1.1759
2017-10-05,1.1759,1.1779,1.1699,1.1711
2017-10-06,1.1711,1.1739,1.167,1.173
2017-10-09,1.1729,1.1756,1.1718,1.174
2017-10-10,1.174,1.1825,1.1739,1.1808
2017-10-11,1.1808,1.1869,1.1795,1.1859
2017-10-12,1.1859,1.188,1.1827,1.183
2017-10-13,1.183,1.1875,1.1806,1.182
2017-10-16,1.1825,1.1829,1.1781,1.1796
2017-10-17,1.1796,1.18,1.1736,1.1766
2017-10-18,1.1766,1.1805,1.173,1.1787
2017-10-19,1.1787,1.1858,1.1768,1.1852
2017-10-20,1.1852,1.1858,1.1763,1.1784
2017-10-23,1.1775,1.1777,1.1725,1.1749
2017-10-24,1.1749,1.1793,1.1743,1.1761
2017-10-25,1.1761,1.1818,1.1753,1.1813
2017-10-26,1.1813,1.1837,1.1641,1.1651
2017-10-27,1.165,1.1657,1.1575,1.1608
2017-10-30,1.1603,1.1658,1.1594,1.1651
2017-10-31,1.1651,1.1661,1.1625,1.1646
2017-11-01,1.1646,1.1657,1.1606,1.1619
2017-11-02,1.1619,1.1687,1.1613,1.1658
2017-11-03,1.1658,1.169,1.1599,1.1608
2017-11-06,1.1609,1.1624,1.158,1.161
2017-11-07,1.161,1.1616,1.1554,1.1587
2017-11-08,1.1587,1.1611,1.1579,1.1595
2017-11-09,1.1595,1.1655,1.1586,1.1642
2017-11-10,1.1642,1.1678,1.1623,1.1665
2017-11-13,1.1667,1.1675,1.1638,1.1667
2017-11-14,1.1667,1.1805,1.1662,1.1798
2017-11-15,1.1798,1.1861,1.1785,1.1791
2017-11-16,1.1791,1.1801,1.1757,1.177
2017-11-17,1.177,1.1822,1.1765,1.179
2017-11-20,1.179,1.1812,1.1722,1.1733
2017-11-21,1.1733,1.1758,1.1713,1.1738
2017-11-22,1.1738,1.1827,1.1733,1.1822
2017-11-23,1.1822,1.1856,1.1813,1.1851
2017-11-24,1.185,1.1944,1.1837,1.1933
2017-11-27,1.1931,1.1961,1.1896,1.1898
2017-11-28,1.1898,1.192,1.1827,1.184
2017-11-29,1.184,1.1883,1.1818,1.1847
2017-11-30,1.1847,1.1932,1.1809,1.1904
2017-12-01,1.1904,1.194,1.1851,1.1896
2017-12-04,1.1882,1.1888,1.1829,1.1866
2017-12-05,1.1866,1.1877,1.1801,1.1826
2017-12-06,1.1826,1.1848,1.1781,1.1796
2017-12-07,1.1796,1.1815,1.1772,1.1773
2017-12-08,1.1773,1.1777,1.173,1.1773
2017-12-11,1.1766,1.1812,1.1757,1.1769
2017-12-12,1.1769,1.1793,1.1718,1.1742
2017-12-13,1.1742,1.1832,1.173,1.1826
2017-12-14,1.1826,1.1863,1.1771,1.1778
2017-12-15,1.1778,1.1812,1.1749,1.1749
2017-12-18,1.1752,1.1834,1.1737,1.1782
2017-12-19,1.1782,1.1849,1.1777,1.184
2017-12-20,1.184,1.1902,1.1829,1.1871
2017-12-21,1.1871,1.189,1.1849,1.1874
2017-12-22,1.1874,1.1876,1.1817,1.1862
2017-12-25,1.185,1.1911,1.1812,1.187
2017-12-26,1.187,1.1879,1.1847,1.1858
2017-12-27,1.1858,1.191,1.1855,1.1888
2017-12-28,1.1888,1.1959,1.1888,1.1943
2017-12-29,1.1943,1.2026,1.1937,1.2005
2018-01-01,1.2,1.2012,1.1995,1.2012
2018-01-02,1.2012,1.2081,1.2004,1.2059
2018-01-03,1.2059,1.2066,1.2001,1.2015
2018-01-04,1.2015,1.2089,1.2005,1.2068
2018-01-05,1.2068,1.2083,1.2021,1.2029
2018-01-08,1.2027,1.2052,1.1956,1.1967
2018-01-09,1.1967,1.1976,1.1916,1.1937
2018-01-10,1.1937,1.2018,1.1923,1.1948
2018-01-11,1.1948,1.2059,1.1929,1.2032
2018-01-12,1.2032,1.2218,1.2031,1.2202
2018-01-15,1.2197,1.2297,1.2188,1.2264
2018-01-16,1.2264,1.2283,1.2195,1.226
2018-01-17,1.226,1.2323,1.2177,1.2186
2018-01-18,1.2186,1.2265,1.2165,1.2238
2018-01-19,1.2238,1.2295,1.2215,1.2222
2018-01-22,1.2271,1.2275,1.2214,1.2262
2018-01-23,1.2262,1.2306,1.2223,1.2299
2018-01-24,1.2299,1.2415,1.2293,1.2408
2018-01-25,1.2408,1.2537,1.2364,1.2396
2018-01-26,1.2396,1.2494,1.237,1.2427
2018-01-29,1.2425,1.2442,1.2337,1.2383
2018-01-30,1.2383,1.2454,1.2335,1.2402
2018-01-31,1.2402,1.2475,1.2387,1.2414
2018-02-01,1.2414,1.2522,1.2385,1.251
2018-02-02,1.251,1.2518,1.241,1.2463
2018-02-05,1.2456,1.2475,1.2363,1.2367
2018-02-06,1.2367,1.2434,1.2314,1.2377
2018-02-07,1.2377,1.2406,1.2246,1.2264
2018-02-08,1.2264,1.2295,1.2212,1.2247
2018-02-09,1.2247,1.2287,1.2206,1.2252
2018-02-12,1.2254,1.2297,1.2235,1.2292
2018-02-13,1.2292,1.2371,1.2285,1.2352
2018-02-14,1.2352,1.2465,1.2276,1.2451
2018-02-15,1.2451,1.251,1.2448,1.2506
2018-02-16,1.2506,1.2555,1.2394,1.2406
2018-02-19,1.2408,1.2435,1.2369,1.2407
2018-02-20,1.2407,1.2412,1.232,1.2337
2018-02-21,1.2337,1.236,1.2281,1.2284
2018-02-22,1.2284,1.2352,1.226,1.233
2018-02-23,1.233,1.2337,1.228,1.2295
2018-02-26,1.2296,1.2355,1.2278,1.2317
2018-02-27,1.2317,1.2346,1.2222,1.2233
2018-02-28,1.2233,1.2242,1.2188,1.2194
2018-03-01,1.2194,1.2273,1.2155,1.2267
2018-03-02,1.2267,1.2336,1.2252,1.2317
2018-03-05,1.2322,1.2365,1.2269,1.2336
2018-03-06,1.2336,1.242,1.2328,1.2404
2018-03-07,1.2404,1.2444,1.2385,1.2411
2018-03-08,1.2411,1.2446,1.2298,1.2312
2018-03-09,1.2312,1.2334,1.2273,1.2307
2018-03-12,1.2313,1.2345,1.2291,1.2334
2018-03-13,1.2334,1.2407,1.2315,1.239
2018-03-14,1.239,1.2413,1.2347,1.2368
2018-03-15,1.2367,1.2384,1.23,1.2305
2018-03-16,1.2305,1.2336,1.226,1.229
2018-03-19,1.2304,1.2359,1.2258,1.2335
2018-03-20,1.2335,1.2355,1.224,1.2242
2018-03-21,1.2242,1.235,1.2241,1.2338
2018-03-22,1.2338,1.2388,1.2286,1.2302
2018-03-23,1.2302,1.2373,1.2301,1.2353
2018-03-26,1.2348,1.2462,1.2335,1.2444
2018-03-27,1.2444,1.2476,1.2373,1.2403
2018-03-28,1.2403,1.2422,1.23,1.2308
2018-03-29,1.2308,1.2335,1.2284,1.23
2018-03-30,1.23,1.2331,1.2293,1.2324
2018-04-02,1.2322,1.2345,1.2282,1.2302
2018-04-03,1.2302,1.2336,1.2254,1.227
2018-04-04,1.2271,1.2315,1.2257,1.2278
2018-04-05,1.2278,1.229,1.2218,1.224
2018-04-06,1.224,1.2291,1.2215,1.2281
2018-04-09,1.2279,1.233,1.2261,1.2321
2018-04-10,1.2321,1.2378,1.2303,1.2356
2018-04-11,1.2356,1.2396,1.2347,1.2367
2018-04-12,1.2367,1.238,1.23,1.2327
2018-04-13,1.2326,1.2346,1.2307,1.2331
2018-04-16,1.2322,1.2395,1.2322,1.238
2018-04-17,1.238,1.2414,1.2336,1.237
2018-04-18,1.237,1.2397,1.2342,1.2374
2018-04-19,1.2374,1.24,1.2329,1.2345
2018-04-20,1.2345,1.2353,1.225,1.2288
2018-04-23,1.2289,1.2293,1.2198,1.2209
2018-04-24,1.2209,1.2245,1.2182,1.2233
2018-04-25,1.2232,1.2239,1.216,1.2161
2018-04-26,1.2161,1.221,1.2096,1.2103
2018-04-27,1.2103,1.2133,1.2056,1.213
2018-04-30,1.2121,1.2139,1.2064,1.2078
2018-05-01,1.2078,1.2084,1.1982,1.1993
2018-05-02,1.1992,1.2032,1.1938,1.1951
2018-05-03,1.1951,1.2009,1.1948,1.1988
2018-05-04,1.1988,1.1996,1.1911,1.196
2018-05-07,1.1954,1.1978,1.1898,1.1922
2018-05-08,1.1922,1.1939,1.1838,1.1864
2018-05-09,1.1864,1.1897,1.1823,1.1851
2018-05-10,1.1851,1.1946,1.1843,1.1915
2018-05-11,1.1915,1.1968,1.1891,1.1943
2018-05-14,1.1948,1.1996,1.1926,1.1927
2018-05-15,1.1927,1.1938,1.182,1.1838
2018-05-16,1.1838,1.1854,1.1764,1.1808
2018-05-17,1.1807,1.1838,1.1777,1.1795
2018-05-18,1.1794,1.1822,1.175,1.1772
2018-05-21,1.1763,1.1796,1.1717,1.1791
2018-05-22,1.1791,1.183,1.1757,1.1779
2018-05-23,1.1779,1.179,1.1676,1.1697
2018-05-24,1.1696,1.175,1.1691,1.172
2018-05-25,1.172,1.1734,1.1646,1.1651
2018-05-28,1.1656,1.1728,1.1608,1.1625
2018-05-29,1.1624,1.164,1.151,1.154
2018-05-30,1.154,1.1676,1.1519,1.1665
2018-05-31,1.1665,1.1724,1.1641,1.1693
2018-06-01,1.1693,1.1718,1.1617,1.1659
2018-06-04,1.1655,1.1745,1.1653,1.1699
2018-06-05,1.1699,1.1732,1.1653,1.1718
2018-06-06,1.1718,1.1796,1.1713,1.1774
2018-06-07,1.1774,1.184,1.1773,1.18
2018-06-08,1.18,1.181,1.1727,1.1769
2018-06-11,1.1765,1.1821,1.1755,1.1784
2018-06-12,1.1784,1.1809,1.1734,1.1745
2018-06-13,1.1745,1.1801,1.1726,1.1791
2018-06-14,1.1791,1.1851,1.1564,1.1568
2018-06-15,1.1568,1.1627,1.1543,1.161
2018-06-18,1.161,1.1624,1.1565,1.1623
2018-06-19,1.1623,1.1645,1.1531,1.159
2018-06-20,1.159,1.16,1.1537,1.1572
2018-06-21,1.1572,1.1634,1.1509,1.1604
2018-06-22,1.1604,1.1675,1.1601,1.1651
2018-06-25,1.1657,1.1713,1.1629,1.1704
2018-06-26,1.1704,1.172,1.1635,1.1648
2018-06-27,1.1648,1.1672,1.1541,1.1554
2018-06-28,1.1554,1.16,1.1527,1.1569
2018-06-29,1.1569,1.169,1.1558,1.1684
2018-07-02,1.165,1.1693,1.1591,1.1639
2018-07-03,1.1639,1.1673,1.1621,1.1658
2018-07-04,1.1658,1.1682,1.1631,1.1657
2018-07-05,1.1657,1.172,1.165,1.1691
2018-07-06,1.1691,1.1767,1.168,1.1746
2018-07-09,1.1748,1.1791,1.1733,1.1751
2018-07-10,1.1751,1.1763,1.169,1.1744
2018-07-11,1.1744,1.1758,1.1666,1.1674
2018-07-12,1.1674,1.1696,1.165,1.1672
2018-07-13,1.1671,1.1687,1.1613,1.1685
2018-07-16,1.1676,1.1725,1.1676,1.1711
2018-07-17,1.1711,1.1745,1.165,1.1661
2018-07-18,1.1661,1.1665,1.1602,1.1639
2018-07-19,1.1639,1.1678,1.1575,1.1642
2018-07-20,1.1642,1.1739,1.1626,1.1724
2018-07-23,1.1727,1.175,1.1684,1.1692
2018-07-24,1.1692,1.1717,1.1655,1.1687
2018-07-25,1.1687,1.1739,1.1664,1.1729
2018-07-26,1.1729,1.1744,1.164,1.1643
2018-07-27,1.1643,1.1664,1.1621,1.1657
2018-07-30,1.1659,1.1719,1.1648,1.1706
2018-07-31,1.1706,1.1746,1.1685,1.1691
2018-08-01,1.1691,1.17,1.1657,1.166
2018-08-02,1.166,1.1668,1.1582,1.1585
2018-08-03,1.1585,1.1611,1.156,1.1568
2018-08-06,1.157,1.1574,1.153,1.1554
2018-08-07,1.1554,1.1608,1.1551,1.1599
2018-08-08,1.1599,1.1628,1.1573,1.161
2018-08-09,1.161,1.1619,1.1526,1.1527
2018-08-10,1.1527,1.1536,1.1388,1.1413
2018-08-13,1.1388,1.1433,1.1365,1.141
2018-08-14,1.141,1.1429,1.133,1.1344
2018-08-15,1.1344,1.1355,1.1301,1.1345
2018-08-16,1.1345,1.1409,1.1336,1.1377
2018-08-17,1.1377,1.1445,1.1367,1.1438
2018-08-20,1.144,1.1485,1.1394,1.1482
2018-08-21,1.1482,1.1601,1.1481,1.1571
2018-08-22,1.1571,1.1623,1.1553,1.1597
2018-08-23,1.1597,1.16,1.153,1.154
2018-08-24,1.154,1.164,1.1535,1.1622
2018-08-27,1.1631,1.1694,1.1595,1.1678
2018-08-28,1.1678,1.1733,1.1663,1.1695
2018-08-29,1.1695,1.171,1.1652,1.1707
2018-08-30,1.1707,1.1718,1.1642,1.1671
2018-08-31,1.1671,1.169,1.1585,1.1602
2018-09-03,1.1596,1.1628,1.1588,1.1619
2018-09-04,1.1619,1.1621,1.153,1.1582
2018-09-05,1.1582,1.164,1.1543,1.163
2018-09-06,1.163,1.1659,1.1606,1.1623
2018-09-07,1.1623,1.1649,1.1551,1.1553
2018-09-10,1.156,1.1616,1.1526,1.1594
2018-09-11,1.1594,1.1644,1.1566,1.1606
2018-09-12,1.1606,1.165,1.157,1.1626
2018-09-13,1.1626,1.1701,1.1609,1.169
2018-09-14,1.169,1.1722,1.1621,1.1625
2018-09-17,1.1623,1.1698,1.1618,1.1683
2018-09-18,1.1683,1.1724,1.1652,1.1667
2018-09-19,1.1667,1.1715,1.165,1.1673
2018-09-20,1.1673,1.1785,1.1669,1.1777
2018-09-21,1.1777,1.1803,1.1733,1.1749
2018-09-24,1.1751,1.1815,1.1724,1.1748
2018-09-25,1.1748,1.1793,1.1731,1.1767
2018-09-26,1.1767,1.1798,1.1726,1.1739
2018-09-27,1.1739,1.1757,1.1639,1.1641
2018-09-28,1.1641,1.1651,1.157,1.1604
2018-10-01,1.1604,1.1628,1.1564,1.1578
2018-10-02,1.1578,1.158,1.1505,1.1548
2018-10-03,1.1548,1.1594,1.1465,1.1478
2018-10-04,1.1478,1.1543,1.1464,1.1514
2018-10-05,1.1514,1.1549,1.1484,1.1524
2018-10-08,1.1519,1.1535,1.146,1.1492
2018-10-09,1.1491,1.1503,1.1432,1.1491
2018-10-10,1.1491,1.1545,1.148,1.152
2018-10-11,1.152,1.1599,1.152,1.1593
2018-10-12,1.1593,1.161,1.1535,1.156
2018-10-15,1.1563,1.1606,1.1535,1.1579
2018-10-16,1.1579,1.1621,1.1566,1.1574
2018-10-17,1.1574,1.1581,1.1496,1.1501
2018-10-18,1.1501,1.1527,1.1449,1.1453
2018-10-19,1.1453,1.1535,1.1433,1.1514
2018-10-22,1.1508,1.155,1.1456,1.1464
2018-10-23,1.1464,1.1493,1.1439,1.1471
2018-10-24,1.1471,1.1477,1.1379,1.1392
2018-10-25,1.1392,1.1432,1.1356,1.1375
2018-10-26,1.1375,1.1421,1.1336,1.1403
2018-10-29,1.1407,1.1416,1.1361,1.1373
2018-10-30,1.1373,1.1388,1.1341,1.1345
2018-10-31,1.1345,1.136,1.1302,1.1312
2018-11-01,1.1312,1.1424,1.1309,1.1408
2018-11-02,1.1408,1.1456,1.1372,1.1388
2018-11-05,1.1398,1.1424,1.1354,1.1407
2018-11-06,1.1407,1.1438,1.1392,1.1427
2018-11-07,1.1427,1.15,1.1395,1.1426
2018-11-08,1.1426,1.1447,1.1352,1.1363
2018-11-09,1.1363,1.1369,1.1316,1.1336
2018-11-12,1.1331,1.1332,1.1216,1.1218
2018-11-13,1.1218,1.1294,1.1217,1.129
2018-11-14,1.129,1.1348,1.1263,1.131
2018-11-15,1.131,1.1362,1.1271,1.1328
2018-11-16,1.1328,1.142,1.1322,1.1415
2018-11-19,1.1411,1.1464,1.1394,1.1454
2018-11-20,1.1454,1.1472,1.1359,1.137
2018-11-21,1.137,1.1425,1.1365,1.1384
2018-11-22,1.1384,1.1434,1.1382,1.1403
2018-11-23,1.1403,1.1421,1.1328,1.1337
2018-11-26,1.1342,1.1384,1.1325,1.1328
2018-11-27,1.1328,1.1344,1.1278,1.1289
2018-11-28,1.1289,1.1388,1.1267,1.1366
2018-11-29,1.1366,1.1402,1.1349,1.1393
2018-11-30,1.1393,1.14,1.1306,1.1317
2018-12-03,1.133,1.138,1.1319,1.1354
2018-12-04,1.1354,1.1419,1.1319,1.1343
2018-12-05,1.1343,1.1361,1.1311,1.1344
2018-12-06,1.1344,1.1413,1.1321,1.1374
2018-12-07,1.1374,1.1423,1.136,1.1379
2018-12-10,1.14,1.1443,1.1351,1.1356
2018-12-11,1.1356,1.14,1.1306,1.1317
2018-12-12,1.1317,1.1387,1.1315,1.1369
2018-12-13,1.1369,1.1393,1.1331,1.1361
2018-12-14,1.1361,1.1365,1.127,1.1306
2018-12-17,1.1305,1.1358,1.1299,1.1348
2018-12-18,1.1348,1.1402,1.1337,1.1361
2018-12-19,1.1361,1.1439,1.136,1.1376
2018-12-20,1.1376,1.1486,1.1372,1.1446
2018-12-21,1.1446,1.1474,1.1356,1.1372
2018-12-24,1.1372,1.1439,1.1362,1.1406
2018-12-25,1.1406,1.1432,1.1348,1.1392
2018-12-26,1.1392,1.142,1.1343,1.1353
2018-12-27,1.1353,1.1454,1.1352,1.143
2018-12-28,1.143,1.1473,1.1428,1.1444
2018-12-31,1.1447,1.1468,1.1422,1.1467
2019-01-01,1.1467,1.1468,1.1453,1.1465
2019-01-02,1.1465,1.1497,1.1325,1.1344
2019-01-03,1.1344,1.1411,1.1309,1.1394
2019-01-04,1.1394,1.1419,1.1346,1.1395
2019-01-07,1.1395,1.1483,1.1389,1.1474
2019-01-08,1.1474,1.1485,1.1422,1.1441
2019-01-09,1.1441,1.1557,1.1437,1.1543
2019-01-10,1.1543,1.157,1.1485,1.15
2019-01-11,1.15,1.154,1.1458,1.1469
2019-01-14,1.1463,1.1482,1.1442,1.1469
2019-01-15,1.1469,1.149,1.1382,1.1413
2019-01-16,1.1413,1.1425,1.1378,1.1392
2019-01-17,1.1392,1.1406,1.137,1.1389
2019-01-18,1.1389,1.141,1.1353,1.1363
2019-01-21,1.137,1.1409,1.1357,1.1365
2019-01-22,1.1365,1.1374,1.1336,1.136
2019-01-23,1.136,1.1394,1.1351,1.1381
2019-01-24,1.1381,1.1391,1.129,1.1304
2019-01-25,1.1304,1.1417,1.1301,1.1406
2019-01-28,1.1407,1.1444,1.139,1.1428
2019-01-29,1.1428,1.145,1.1411,1.1433
2019-01-30,1.1433,1.1502,1.1406,1.148
2019-01-31,1.148,1.1514,1.1436,1.1448
2019-02-01,1.1448,1.1488,1.1435,1.1456
2019-02-04,1.1456,1.1466,1.1425,1.1438
2019-02-05,1.1437,1.1441,1.1401,1.1406
2019-02-06,1.1406,1.141,1.1361,1.1362
2019-02-07,1.1362,1.1368,1.1325,1.1341
2019-02-08,1.1341,1.1351,1.1321,1.1323
2019-02-11,1.1328,1.133,1.1267,1.1276
2019-02-12,1.1276,1.134,1.1258,1.1326
2019-02-13,1.1326,1.1342,1.126,1.1261
2019-02-14,1.1261,1.131,1.125,1.1295
2019-02-15,1.1295,1.1306,1.1234,1.1296
2019-02-18,1.1294,1.1334,1.1283,1.1311
2019-02-19,1.1311,1.1357,1.1276,1.1341
2019-02-20,1.1341,1.1371,1.1325,1.1338
2019-02-21,1.1338,1.1366,1.1321,1.1336
2019-02-22,1.1336,1.1356,1.1316,1.1335
2019-02-25,1.1337,1.1367,1.1329,1.1358
2019-02-26,1.1358,1.1403,1.1345,1.1389
2019-02-27,1.1389,1.1404,1.1363,1.137
2019-02-28,1.137,1.142,1.136,1.1371
2019-03-01,1.1371,1.1409,1.1353,1.1365
2019-03-04,1.1376,1.1395,1.1309,1.134
2019-03-05,1.134,1.1341,1.129,1.1308
2019-03-06,1.1308,1.1325,1.1286,1.1307
2019-03-07,1.1307,1.132,1.1177,1.1193
2019-03-08,1.1193,1.1246,1.1185,1.1235
2019-03-11,1.1238,1.1258,1.1222,1.1245
2019-03-12,1.1245,1.1305,1.1245,1.1288
2019-03-13,1.1288,1.1339,1.1277,1.1327
2019-03-14,1.1327,1.1337,1.1294,1.1304
2019-03-15,1.1304,1.1344,1.13,1.1326
2019-03-18,1.1325,1.1359,1.1317,1.1337
2019-03-19,1.1337,1.1362,1.1334,1.1352
2019-03-20,1.1352,1.1448,1.1336,1.1413
2019-03-21,1.1413,1.1437,1.1343,1.1374
2019-03-22,1.1374,1.1391,1.1273,1.1302
2019-03-25,1.1318,1.1331,1.1286,1.1312
2019-03-26,1.1312,1.1326,1.1263,1.1266
2019-03-27,1.1266,1.1286,1.1242,1.1244
2019-03-28,1.1244,1.1261,1.1214,1.1221
2019-03-29,1.1221,1.1247,1.121,1.1218
2019-04-01,1.122,1.125,1.1204,1.1213
2019-04-02,1.1213,1.1216,1.1184,1.1204
2019-04-03,1.1204,1.1255,1.1201,1.1233
2019-04-04,1.1233,1.1248,1.1206,1.1221
2019-04-05,1.1221,1.1246,1.121,1.1216
2019-04-08,1.1217,1.1274,1.1214,1.1263
2019-04-09,1.1263,1.1284,1.1255,1.1263
2019-04-10,1.1263,1.1287,1.123,1.1274
2019-04-11,1.1274,1.1287,1.125,1.1253
2019-04-12,1.1253,1.1324,1.1253,1.1299
2019-04-15,1.1308,1.1321,1.1295,1.1304
2019-04-16,1.1304,1.1314,1.128,1.1281
2019-04-17,1.1281,1.1324,1.1279,1.1296
2019-04-18,1.1296,1.1304,1.1226,1.123
2019-04-19,1.1231,1.1248,1.1229,1.1245
2019-04-22,1.1244,1.1262,1.1236,1.1257
2019-04-23,1.1257,1.1261,1.1192,1.1227
2019-04-24,1.1227,1.1228,1.1141,1.1155
2019-04-25,1.1155,1.1162,1.1118,1.1132
2019-04-26,1.1132,1.1174,1.1112,1.1151
2019-04-29,1.1156,1.1187,1.1142,1.1186
2019-04-30,1.1186,1.1229,1.1176,1.1215
2019-05-01,1.1215,1.1265,1.1187,1.1196
2019-05-02,1.1196,1.1219,1.1171,1.1172
2019-05-03,1.1172,1.1205,1.1135,1.1198
2019-05-06,1.1171,1.1209,1.1159,1.1199
2019-05-07,1.1199,1.1218,1.1167,1.1191
2019-05-08,1.1191,1.1214,1.1183,1.1192
2019-05-09,1.1192,1.1251,1.1174,1.1215
2019-05-10,1.1215,1.1254,1.1214,1.1233
2019-05-13,1.1238,1.1263,1.1222,1.1222
2019-05-14,1.1222,1.1244,1.1201,1.1204
2019-05-15,1.1204,1.1225,1.1178,1.1201
2019-05-16,1.1201,1.1224,1.1166,1.1174
2019-05-17,1.1174,1.1184,1.1155,1.1158
2019-05-20,1.116,1.1175,1.1151,1.1166
2019-05-21,1.1166,1.1188,1.1142,1.1161
2019-05-22,1.1161,1.118,1.1149,1.115
2019-05-23,1.115,1.1188,1.1107,1.1181
2019-05-24,1.1181,1.1212,1.1175,1.1203
2019-05-27,1.1199,1.1215,1.1187,1.1194
2019-05-28,1.1193,1.1198,1.1159,1.116
2019-05-29,1.116,1.1172,1.1125,1.1131
2019-05-30,1.1131,1.1143,1.1116,1.1129
2019-05-31,1.1129,1.118,1.1125,1.1169
2019-06-03,1.1167,1.1262,1.1155,1.1241
2019-06-04,1.1241,1.1277,1.1227,1.1252
2019-06-05,1.1252,1.1306,1.122,1.1221
2019-06-06,1.1221,1.1309,1.1203,1.1276
2019-06-07,1.1276,1.1348,1.1251,1.1334
2019-06-10,1.1321,1.1331,1.129,1.1312
2019-06-11,1.1312,1.1337,1.1302,1.1326
2019-06-12,1.1326,1.1343,1.1283,1.1287
2019-06-13,1.1287,1.1304,1.1269,1.1276
2019-06-14,1.1276,1.1289,1.1203,1.1208
2019-06-17,1.1213,1.1247,1.1204,1.1218
2019-06-18,1.1218,1.1243,1.1181,1.1194
2019-06-19,1.1194,1.1254,1.1187,1.1226
2019-06-20,1.1226,1.1317,1.1226,1.1293
2019-06-21,1.1293,1.1378,1.1283,1.1369
2019-06-24,1.136,1.1404,1.136,1.1399
2019-06-25,1.1399,1.1412,1.1344,1.1367
2019-06-26,1.1366,1.1391,1.1348,1.1369
2019-06-27,1.1369,1.1381,1.1348,1.1369
2019-06-28,1.1369,1.1393,1.1351,1.1373
2019-07-01,1.137,1.1376,1.1281,1.1286
2019-07-02,1.1286,1.1321,1.1275,1.1285
2019-07-03,1.1285,1.1312,1.1269,1.1278
2019-07-04,1.1278,1.1295,1.1273,1.1285
2019-07-05,1.1285,1.1288,1.1207,1.1225
2019-07-08,1.1223,1.1234,1.1207,1.1214
2019-07-09,1.1214,1.1219,1.1193,1.1208
2019-07-10,1.1208,1.1264,1.1202,1.1251
2019-07-11,1.1251,1.1286,1.1245,1.1254
2019-07-12,1.1254,1.1275,1.1238,1.127
2019-07-15,1.1269,1.1284,1.1254,1.1258
2019-07-16,1.1258,1.1263,1.1202,1.1211
2019-07-17,1.1211,1.1233,1.12,1.1224
2019-07-18,1.1224,1.1281,1.1205,1.1277
2019-07-19,1.1277,1.1282,1.1204,1.1221
2019-07-22,1.1218,1.1225,1.1206,1.1209
2019-07-23,1.1209,1.121,1.1146,1.1152
2019-07-24,1.1152,1.1156,1.1127,1.114
2019-07-25,1.114,1.1188,1.1102,1.1147
2019-07-26,1.1147,1.1151,1.1112,1.1128
2019-07-29,1.1127,1.1151,1.1113,1.1145
2019-07-30,1.1145,1.1161,1.1132,1.1155
2019-07-31,1.1155,1.1162,1.106,1.1076
2019-08-01,1.1076,1.1096,1.1027,1.1085
2019-08-02,1.1085,1.1116,1.107,1.1108
2019-08-05,1.1109,1.1213,1.1105,1.1203
2019-08-06,1.1203,1.125,1.1168,1.1199
2019-08-07,1.1199,1.1242,1.1179,1.1199
2019-08-08,1.1199,1.1232,1.1177,1.118
2019-08-09,1.118,1.1223,1.118,1.12
2019-08-12,1.1207,1.1231,1.1162,1.1214
2019-08-13,1.1214,1.1228,1.117,1.1171
2019-08-14,1.1171,1.1191,1.1131,1.1139
2019-08-15,1.1139,1.1158,1.1092,1.1107
2019-08-16,1.1107,1.1113,1.1066,1.109
2019-08-19,1.1095,1.1114,1.1076,1.1078
2019-08-20,1.1078,1.1107,1.1066,1.11
2019-08-21,1.11,1.1107,1.1081,1.1085
2019-08-22,1.1085,1.1113,1.1064,1.108
2019-08-23,1.108,1.1153,1.1052,1.1144
2019-08-26,1.1148,1.1164,1.1094,1.1102
2019-08-27,1.1102,1.1116,1.1086,1.109
2019-08-28,1.109,1.1098,1.1073,1.1078
2019-08-29,1.1077,1.1093,1.1042,1.1057
2019-08-30,1.1057,1.106,1.0963,1.0982
2019-09-02,1.0987,1.0999,1.0958,1.097
2019-09-03,1.097,1.0979,1.0926,1.0974
2019-09-04,1.0974,1.1038,1.0969,1.1035
2019-09-05,1.1035,1.1085,1.1017,1.1035
2019-09-06,1.1035,1.1057,1.102,1.1029
2019-09-09,1.1028,1.1068,1.1016,1.1048
2019-09-10,1.1048,1.106,1.1031,1.1043
2019-09-11,1.1043,1.1056,1.0985,1.101
2019-09-12,1.101,1.1087,1.0927,1.1065
2019-09-13,1.1065,1.1109,1.1056,1.1073
2019-09-16,1.1075,1.1093,1.0994,1.1001
2019-09-17,1.1001,1.1075,1.099,1.1073
2019-09-18,1.1073,1.1076,1.1014,1.103
2019-09-19,1.103,1.1073,1.1023,1.1041
2019-09-20,1.1041,1.1068,1.0996,1.1017
2019-09-23,1.1008,1.1025,1.0966,1.0993
2019-09-24,1.0993,1.1024,1.0984,1.102
2019-09-25,1.102,1.1024,1.0938,1.0943
2019-09-26,1.0943,1.0967,1.0909,1.0921
2019-09-27,1.0921,1.0959,1.0905,1.094
2019-09-30,1.0946,1.0948,1.0885,1.0899
2019-10-01,1.0899,1.0943,1.0879,1.0933
2019-10-02,1.0933,1.0964,1.0904,1.0959
2019-10-03,1.0959,1.0999,1.0941,1.0965
2019-10-04,1.0965,1.0998,1.0957,1.0979
2019-10-07,1.0979,1.1001,1.0962,1.0971
2019-10-08,1.0971,1.0996,1.0941,1.0957
2019-10-09,1.0957,1.099,1.0952,1.0971
2019-10-10,1.0971,1.1034,1.0971,1.1005
2019-10-11,1.1005,1.1063,1.1001,1.1042
2019-10-14,1.1044,1.1051,1.1013,1.1027
2019-10-15,1.1027,1.1046,1.0991,1.1033
2019-10-16,1.1033,1.1086,1.1023,1.1072
2019-10-17,1.1072,1.114,1.1065,1.1125
2019-10-18,1.1125,1.1172,1.1115,1.1167
2019-10-21,1.1146,1.1179,1.1137,1.115
2019-10-22,1.115,1.1157,1.1118,1.1125
2019-10-23,1.1125,1.114,1.1106,1.113
2019-10-24,1.113,1.1163,1.1093,1.1104
2019-10-25,1.1104,1.1123,1.1073,1.108
2019-10-28,1.1082,1.1107,1.1076,1.11
2019-10-29,1.11,1.1119,1.1074,1.1112
2019-10-30,1.1112,1.1152,1.108,1.1151
2019-10-31,1.1151,1.1176,1.1132,1.1152
2019-11-01,1.1152,1.1172,1.1128,1.1166
2019-11-04,1.1165,1.1175,1.1125,1.1128
2019-11-05,1.1128,1.114,1.1064,1.1075
2019-11-06,1.1075,1.1093,1.1065,1.1066
2019-11-07,1.1066,1.1092,1.1036,1.105
2019-11-08,1.105,1.1055,1.1017,1.1018
2019-11-11,1.1021,1.1043,1.1017,1.1033
2019-11-12,1.1033,1.1039,1.1003,1.1009
2019-11-13,1.1009,1.102,1.0995,1.1007
2019-11-14,1.1007,1.1028,1.0989,1.1022
2019-11-15,1.1022,1.1057,1.1015,1.1051
2019-11-18,1.1052,1.109,1.1048,1.1072
2019-11-19,1.1072,1.1084,1.1063,1.1078
2019-11-20,1.1078,1.1081,1.1053,1.1073
2019-11-21,1.1073,1.1097,1.1052,1.1059
2019-11-22,1.1059,1.1087,1.1015,1.1021
2019-11-25,1.1026,1.1032,1.1004,1.1014
2019-11-26,1.1014,1.1026,1.1007,1.1021
2019-11-27,1.1021,1.1025,1.0992,1.0999
2019-11-28,1.0999,1.1018,1.0999,1.1009
2019-11-29,1.1009,1.1028,1.0981,1.1018
2019-12-02,1.1013,1.109,1.1003,1.1079
2019-12-03,1.1079,1.1094,1.1066,1.1082
2019-12-04,1.1082,1.1116,1.1067,1.1078
2019-12-05,1.1078,1.1108,1.1078,1.1104
2019-12-06,1.1104,1.111,1.104,1.106
2019-12-09,1.1055,1.1078,1.1051,1.1064
2019-12-10,1.1064,1.1098,1.1063,1.1092
2019-12-11,1.1092,1.1145,1.107,1.113
2019-12-12,1.113,1.1154,1.1103,1.113
2019-12-13,1.113,1.1199,1.1112,1.1121
2019-12-16,1.1126,1.1158,1.112,1.1144
2019-12-17,1.1144,1.1175,1.1129,1.115
2019-12-18,1.115,1.1154,1.1111,1.1114
2019-12-19,1.1114,1.1144,1.1107,1.1122
2019-12-20,1.1122,1.1125,1.1066,1.1079
2019-12-23,1.1081,1.1096,1.107,1.1089
2019-12-24,1.1089,1.1094,1.1069,1.1089
2019-12-25,1.1089,1.111,1.1074,1.1093
2019-12-26,1.1092,1.1109,1.1082,1.1098
2019-12-27,1.1098,1.1188,1.1096,1.1177
2019-12-30,1.1179,1.1221,1.1171,1.1199
2019-12-31,1.1199,1.1239,1.1198,1.1213
2020-01-01,1.1213,1.1221,1.121,1.1212
2020-01-02,1.1212,1.1225,1.1164,1.1172
2020-01-03,1.1172,1.118,1.1125,1.1161
2020-01-06,1.1168,1.1206,1.1157,1.1197
2020-01-07,1.1197,1.1198,1.1134,1.1153
2020-01-08,1.1153,1.1168,1.1102,1.1105
2020-01-09,1.1105,1.112,1.1093,1.1106
2020-01-10,1.1106,1.1129,1.1085,1.1121
2020-01-13,1.1122,1.1147,1.1113,1.1134
2020-01-14,1.1134,1.1145,1.1104,1.1128
2020-01-15,1.1128,1.1163,1.1119,1.115
2020-01-16,1.115,1.1173,1.1128,1.1137
2020-01-17,1.1137,1.1143,1.1086,1.1092
2020-01-20,1.1094,1.1102,1.1077,1.1095
2020-01-21,1.1095,1.1118,1.1081,1.1082
2020-01-22,1.1082,1.1098,1.107,1.1093
2020-01-23,1.1093,1.1109,1.1036,1.1055
2020-01-24,1.1055,1.1062,1.102,1.1025
2020-01-27,1.1023,1.1038,1.101,1.1019
2020-01-28,1.1019,1.1025,1.0998,1.1022
2020-01-29,1.1022,1.1028,1.0992,1.101
2020-01-30,1.101,1.1039,1.1007,1.1032
2020-01-31,1.1032,1.1096,1.1017,1.1093
2020-02-03,1.1084,1.1096,1.1036,1.106
2020-02-04,1.106,1.1064,1.1033,1.1044
2020-02-05,1.1044,1.1048,1.0994,1.0999
2020-02-06,1.0999,1.1014,1.0965,1.0983
2020-02-07,1.0983,1.0985,1.0942,1.0946
2020-02-10,1.0951,1.0958,1.0908,1.0911
2020-02-11,1.0911,1.0925,1.0892,1.0916
2020-02-12,1.0916,1.0926,1.0865,1.0874
2020-02-13,1.0874,1.0889,1.0834,1.0841
2020-02-14,1.0841,1.0861,1.0827,1.0831
2020-02-17,1.0834,1.0851,1.0821,1.0836
2020-02-18,1.0836,1.0838,1.0786,1.0792
2020-02-19,1.0792,1.0812,1.0782,1.0805
2020-02-20,1.0805,1.0821,1.0778,1.0785
2020-02-21,1.0785,1.0864,1.0785,1.0847
2020-02-24,1.0846,1.0872,1.0805,1.0854
2020-02-25,1.0854,1.089,1.083,1.0882
2020-02-26,1.0882,1.0909,1.0855,1.0881
2020-02-27,1.0881,1.1006,1.0878,1.1001
2020-02-28,1.1001,1.1053,1.0951,1.1026
2020-03-02,1.1007,1.1185,1.1003,1.1134
2020-03-03,1.1134,1.1212,1.1095,1.1173
2020-03-04,1.1173,1.1187,1.1096,1.1136
2020-03-05,1.1136,1.1245,1.112,1.1237
2020-03-06,1.1238,1.1355,1.1212,1.1284
2020-03-09,1.1293,1.1495,1.1286,1.145
2020-03-10,1.145,1.146,1.1275,1.1281
2020-03-11,1.1281,1.1367,1.1258,1.127
2020-03-12,1.127,1.1333,1.1056,1.1185
2020-03-13,1.1185,1.1221,1.1055,1.1107
2020-03-16,1.1067,1.1237,1.1048,1.1183
2020-03-17,1.1183,1.1189,1.0955,1.0997
2020-03-18,1.0997,1.1045,1.0802,1.0915
2020-03-19,1.0915,1.0981,1.0655,1.0692
2020-03-20,1.0691,1.0831,1.0638,1.0688
2020-03-23,1.0695,1.0828,1.0636,1.0726
2020-03-24,1.0725,1.0888,1.0723,1.0788
2020-03-25,1.0788,1.0894,1.0761,1.0882
2020-03-26,1.0882,1.1059,1.0871,1.1032
2020-03-27,1.1032,1.1147,1.0954,1.1141
2020-03-30,1.1132,1.1163,1.101,1.1048
2020-03-31,1.1048,1.1053,1.0927,1.1031
2020-04-01,1.1031,1.1039,1.0903,1.0964
2020-04-02,1.0964,1.0968,1.0821,1.0858
2020-04-03,1.0858,1.0864,1.0773,1.0801
2020-04-06,1.0814,1.0836,1.0769,1.0793
2020-04-07,1.0793,1.0926,1.0784,1.0892
2020-04-08,1.0892,1.0902,1.083,1.0858
2020-04-09,1.0858,1.0952,1.0841,1.093
2020-04-10,1.093,1.0953,1.092,1.0937
2020-04-13,1.093,1.0968,1.0893,1.0914
2020-04-14,1.0914,1.0987,1.0904,1.098
2020-04-15,1.098,1.0991,1.0857,1.091
2020-04-16,1.091,1.0911,1.0817,1.084
2020-04-17,1.084,1.0893,1.0812,1.0875
2020-04-20,1.0875,1.0897,1.0841,1.0862
2020-04-21,1.0862,1.088,1.0817,1.0858
2020-04-22,1.0858,1.0885,1.0803,1.0823
2020-04-23,1.0823,1.0847,1.0756,1.0777
2020-04-24,1.0777,1.0829,1.0727,1.0823
2020-04-27,1.0804,1.086,1.0799,1.0829
2020-04-28,1.0829,1.0888,1.081,1.082
2020-04-29,1.082,1.0886,1.0819,1.0873
2020-04-30,1.0873,1.0972,1.0833,1.0955
2020-05-01,1.0955,1.1018,1.0935,1.0981
2020-05-04,1.0981,1.0986,1.0896,1.0907
2020-05-05,1.0907,1.0926,1.0826,1.084
2020-05-06,1.084,1.0846,1.0782,1.0795
2020-05-07,1.0795,1.0834,1.0767,1.0834
2020-05-08,1.0834,1.0876,1.0815,1.0839
2020-05-11,1.0826,1.0856,1.0801,1.0807
2020-05-12,1.0807,1.0885,1.0785,1.0848
2020-05-13,1.0848,1.0896,1.0812,1.0818
2020-05-14,1.0818,1.0824,1.0775,1.0805
2020-05-15,1.0805,1.0851,1.0789,1.082
2020-05-18,1.0823,1.0927,1.08,1.0913
2020-05-19,1.0914,1.0976,1.0902,1.0923
2020-05-20,1.0923,1.0999,1.0919,1.098
2020-05-21,1.098,1.1008,1.0937,1.095
2020-05-22,1.095,1.0954,1.0885,1.0901
2020-05-25,1.0897,1.0915,1.0871,1.0898
2020-05-26,1.0898,1.0996,1.0893,1.0982
2020-05-27,1.0982,1.1031,1.0934,1.1006
2020-05-28,1.1006,1.1093,1.0992,1.1077
2020-05-29,1.1077,1.1145,1.107,1.1101
2020-06-01,1.1105,1.1154,1.1094,1.1136
2020-06-02,1.1136,1.1196,1.1115,1.117
2020-06-03,1.117,1.1257,1.1167,1.1233
2020-06-04,1.1233,1.1362,1.1195,1.1338
2020-06-05,1.1338,1.1384,1.1279,1.1292
2020-06-08,1.129,1.132,1.1268,1.1294
2020-06-09,1.1294,1.1364,1.1241,1.134
2020-06-10,1.134,1.1422,1.1325,1.1374
2020-06-11,1.1374,1.1404,1.1289,1.1299
2020-06-12,1.1299,1.134,1.1213,1.1256
2020-06-15,1.125,1.1333,1.1227,1.1323
2020-06-16,1.1323,1.1353,1.1228,1.1264
2020-06-17,1.1264,1.1294,1.1207,1.1244
2020-06-18,1.1244,1.1261,1.1186,1.1205
2020-06-19,1.1205,1.1254,1.1168,1.1178
2020-06-22,1.1192,1.127,1.1169,1.1261
2020-06-23,1.1261,1.1349,1.1233,1.1308
2020-06-24,1.1308,1.1326,1.1248,1.1251
2020-06-25,1.1251,1.126,1.1191,1.1218
2020-06-26,1.1218,1.1239,1.1195,1.1219
2020-06-29,1.1223,1.1288,1.1217,1.1242
2020-06-30,1.1242,1.1262,1.1191,1.1234
2020-07-01,1.1234,1.1275,1.1185,1.1251
2020-07-02,1.1251,1.1303,1.1223,1.1239
2020-07-03,1.1239,1.1252,1.1219,1.1248
2020-07-06,1.1243,1.1345,1.1241,1.1309
2020-07-07,1.1309,1.1333,1.1259,1.1274
2020-07-08,1.1274,1.1352,1.1262,1.133
2020-07-09,1.133,1.1371,1.128,1.1285
2020-07-10,1.1285,1.1325,1.1255,1.13
2020-07-13,1.13,1.1375,1.1299,1.1344
2020-07-14,1.1343,1.1409,1.1325,1.14
2020-07-15,1.14,1.1452,1.1391,1.1412
2020-07-16,1.1412,1.1442,1.1371,1.1384
2020-07-17,1.1384,1.1444,1.1378,1.1428
2020-07-20,1.1411,1.1468,1.1403,1.1448
2020-07-21,1.1448,1.154,1.1423,1.1527
2020-07-22,1.1527,1.1601,1.1507,1.157
2020-07-23,1.157,1.1627,1.1541,1.1596
2020-07-24,1.1596,1.1658,1.1581,1.1656
2020-07-27,1.1641,1.1781,1.1639,1.1752
2020-07-28,1.1752,1.1774,1.1699,1.1716
2020-07-29,1.1716,1.1806,1.1714,1.1792
2020-07-30,1.1792,1.1848,1.1731,1.1847
2020-07-31,1.1847,1.1909,1.1762,1.1778
2020-08-03,1.1784,1.1797,1.1696,1.1762
2020-08-04,1.1762,1.1806,1.1721,1.1803
2020-08-05,1.1803,1.1905,1.1793,1.1863
2020-08-06,1.1863,1.1916,1.1818,1.1877
2020-08-07,1.1877,1.1883,1.1755,1.1787
2020-08-10,1.1788,1.1801,1.1736,1.1738
2020-08-11,1.1738,1.1807,1.1722,1.174
2020-08-12,1.174,1.1816,1.1711,1.1784
2020-08-13,1.1784,1.1864,1.1782,1.1814
2020-08-14,1.1814,1.185,1.1782,1.1842
2020-08-17,1.1844,1.1881,1.1829,1.187
2020-08-18,1.187,1.1966,1.1866,1.1931
2020-08-19,1.1931,1.1953,1.1831,1.1838
2020-08-20,1.1838,1.1869,1.1802,1.186
2020-08-21,1.186,1.1883,1.1754,1.1797
2020-08-24,1.179,1.185,1.1784,1.1788
2020-08-25,1.1788,1.1843,1.1784,1.1835
2020-08-26,1.1835,1.1839,1.1772,1.183
2020-08-27,1.1831,1.1901,1.1763,1.1822
2020-08-28,1.1822,1.192,1.1811,1.1903
2020-08-31,1.1899,1.1966,1.1884,1.1936
2020-09-01,1.1936,1.2011,1.1902,1.1912
2020-09-02,1.1912,1.1929,1.1822,1.1855
2020-09-03,1.1855,1.1865,1.1789,1.1852
2020-09-04,1.1852,1.1865,1.1781,1.1838
2020-09-07,1.184,1.1849,1.1812,1.1817
2020-09-08,1.1817,1.1827,1.1766,1.1778
2020-09-09,1.1777,1.1834,1.1753,1.1803
2020-09-10,1.1803,1.1917,1.1801,1.1815
2020-09-11,1.1815,1.1874,1.1813,1.1846
2020-09-14,1.1842,1.1888,1.1832,1.1866
2020-09-15,1.1866,1.19,1.184,1.1847
2020-09-16,1.1847,1.1882,1.1788,1.1816
2020-09-17,1.1816,1.1852,1.1738,1.1848
2020-09-18,1.1848,1.187,1.1826,1.184
2020-09-21,1.1847,1.1872,1.1732,1.1771
2020-09-22,1.1771,1.1774,1.1692,1.1708
2020-09-23,1.1708,1.1719,1.1652,1.166
2020-09-24,1.166,1.1687,1.1627,1.1672
2020-09-25,1.1672,1.1685,1.1612,1.1631
2020-09-28,1.164,1.168,1.1615,1.1666
2020-09-29,1.1666,1.1745,1.1661,1.1744
2020-09-30,1.1744,1.1755,1.1685,1.1721
2020-10-01,1.1721,1.177,1.1717,1.1748
2020-10-02,1.1748,1.1749,1.1696,1.1716
2020-10-05,1.1713,1.1798,1.1707,1.1783
2020-10-06,1.1783,1.1808,1.1732,1.1734
2020-10-07,1.1734,1.1782,1.1725,1.1763
2020-10-08,1.1763,1.1782,1.1733,1.1759
2020-10-09,1.1759,1.1831,1.1756,1.1826
2020-10-12,1.1812,1.1827,1.1787,1.1813
2020-10-13,1.1813,1.1817,1.1731,1.1746
2020-10-14,1.1746,1.1771,1.172,1.1746
2020-10-15,1.1746,1.1758,1.1689,1.1708
2020-10-16,1.1708,1.1746,1.1694,1.1718
2020-10-19,1.172,1.1794,1.1703,1.1769
2020-10-20,1.1769,1.1841,1.176,1.1822
2020-10-21,1.1822,1.1881,1.1822,1.1861
2020-10-22,1.186,1.1867,1.1812,1.1818
2020-10-23,1.1818,1.1865,1.1787,1.186
2020-10-26,1.1845,1.1861,1.1803,1.181
2020-10-27,1.181,1.1839,1.1793,1.1796
2020-10-28,1.1795,1.1798,1.1718,1.1746
2020-10-29,1.1746,1.1759,1.165,1.1674
2020-10-30,1.1674,1.1704,1.164,1.1647
2020-11-02,1.1655,1.1656,1.1623,1.1641
2020-11-03,1.1641,1.174,1.1632,1.1715
2020-11-04,1.1715,1.177,1.1603,1.1726
2020-11-05,1.1725,1.186,1.1711,1.1826
2020-11-06,1.1826,1.1891,1.1796,1.1874
2020-11-09,1.1882,1.192,1.1795,1.1813
2020-11-10,1.1813,1.1843,1.178,1.1815
2020-11-11,1.1815,1.1833,1.1746,1.1777
2020-11-12,1.1777,1.1823,1.1759,1.1806
2020-11-13,1.1806,1.1837,1.1799,1.1834
2020-11-16,1.1829,1.1869,1.1814,1.1852
2020-11-17,1.1852,1.1894,1.1843,1.1862
2020-11-18,1.1862,1.1891,1.1849,1.1853
2020-11-19,1.1854,1.1882,1.1816,1.1875
2020-11-20,1.1875,1.1891,1.185,1.1857
2020-11-23,1.1856,1.1906,1.18,1.1841
2020-11-24,1.1841,1.1896,1.1837,1.1892
2020-11-25,1.1892,1.193,1.1882,1.1917
2020-11-26,1.1917,1.1941,1.1885,1.1913
2020-11-27,1.1913,1.1964,1.1908,1.1963
2020-11-30,1.1957,1.2003,1.1924,1.1927
2020-12-01,1.1927,1.2077,1.1927,1.2071
2020-12-02,1.2071,1.2119,1.204,1.2115
2020-12-03,1.2115,1.2175,1.2101,1.2144
2020-12-04,1.2144,1.2178,1.211,1.2121
2020-12-07,1.2122,1.2166,1.2079,1.2109
2020-12-08,1.2109,1.2134,1.2096,1.2104
2020-12-09,1.2104,1.2147,1.2059,1.2081
2020-12-10,1.2081,1.2159,1.2076,1.2138
2020-12-11,1.2138,1.2163,1.2105,1.2112
2020-12-14,1.2128,1.2177,1.2112,1.2144
2020-12-15,1.2144,1.2169,1.2122,1.2151
2020-12-16,1.2151,1.2212,1.2125,1.22
2020-12-17,1.22,1.2273,1.219,1.2268
2020-12-18,1.2268,1.2272,1.2226,1.2257
2020-12-21,1.2237,1.2253,1.213,1.2244
2020-12-22,1.2244,1.2257,1.2152,1.2163
2020-12-23,1.2163,1.2221,1.2154,1.2187
2020-12-24,1.2187,1.2216,1.2177,1.2187
2020-12-25,1.2187,1.2203,1.2172,1.2193
2020-12-28,1.2191,1.225,1.2181,1.2216
2020-12-29,1.2216,1.2275,1.2208,1.2249
2020-12-30,1.2248,1.231,1.2247,1.2298
2020-12-31,1.2298,1.2309,1.2209,1.2216
2021-01-01,1.2216,1.2217,1.2215,1.2215
2021-01-04,1.2225,1.2309,1.2221,1.2248
2021-01-05,1.2248,1.2306,1.2247,1.2298
2021-01-06,1.2297,1.2349,1.2266,1.2327
2021-01-07,1.2327,1.2344,1.2245,1.2272
2021-01-08,1.2272,1.2285,1.2193,1.2218
2021-01-11,1.2222,1.223,1.2132,1.2151
2021-01-12,1.2151,1.221,1.2137,1.2207
2021-01-13,1.2207,1.2223,1.214,1.2157
2021-01-14,1.2157,1.2178,1.2111,1.2155
2021-01-15,1.2155,1.2163,1.2075,1.2082
2021-01-18,1.2084,1.2093,1.2054,1.2077
2021-01-19,1.2077,1.2145,1.2074,1.2129
2021-01-20,1.2129,1.2158,1.2077,1.2106
2021-01-21,1.2106,1.2173,1.2104,1.2164
2021-01-22,1.2164,1.219,1.2152,1.2171
2021-01-25,1.217,1.2183,1.2116,1.2139
2021-01-26,1.2139,1.2176,1.2108,1.216
2021-01-27,1.216,1.217,1.2059,1.2111
2021-01-28,1.2111,1.2142,1.2081,1.2122
2021-01-29,1.2122,1.2156,1.2095,1.2136
2021-02-01,1.2134,1.2145,1.2056,1.206
2021-02-02,1.206,1.2088,1.2012,1.2044
2021-02-03,1.2044,1.205,1.2004,1.2036
2021-02-04,1.2036,1.2043,1.1958,1.1964
2021-02-05,1.1964,1.205,1.1952,1.2046
2021-02-08,1.2039,1.2066,1.202,1.205
2021-02-09,1.205,1.2122,1.2047,1.2119
2021-02-10,1.2119,1.2144,1.2109,1.2118
2021-02-11,1.2118,1.2149,1.2114,1.213
2021-02-12,1.213,1.2135,1.2082,1.212
2021-02-15,1.212,1.2145,1.2117,1.2129
2021-02-16,1.2129,1.2169,1.2095,1.2106
2021-02-17,1.2106,1.211,1.2023,1.2038
2021-02-18,1.2038,1.2095,1.2036,1.2092
2021-02-19,1.2092,1.2145,1.2082,1.2119
2021-02-22,1.2115,1.2169,1.2091,1.2157
2021-02-23,1.2157,1.218,1.2135,1.215
2021-02-24,1.215,1.2175,1.2109,1.2166
2021-02-25,1.2166,1.2243,1.2156,1.2175
2021-02-26,1.2175,1.2184,1.2062,1.2075
2021-03-01,1.207,1.2101,1.2028,1.2049
2021-03-02,1.2049,1.2094,1.1992,1.2091
2021-03-03,1.2091,1.2113,1.2043,1.2063
2021-03-04,1.2063,1.2067,1.1962,1.1969
2021-03-05,1.1969,1.1978,1.1894,1.1915
2021-03-08,1.1915,1.1932,1.1844,1.1847
2021-03-09,1.1847,1.1916,1.1836,1.1901
2021-03-10,1.1901,1.193,1.1869,1.1929
2021-03-11,1.1929,1.199,1.1916,1.1986
2021-03-12,1.1986,1.1988,1.191,1.1953
2021-03-15,1.1952,1.1967,1.1911,1.1929
2021-03-16,1.1929,1.1952,1.1883,1.1903
2021-03-17,1.1903,1.1985,1.1886,1.1979
2021-03-18,1.1979,1.1989,1.1906,1.1915
2021-03-19,1.1915,1.1937,1.1874,1.1904
2021-03-22,1.1879,1.1947,1.1872,1.1933
2021-03-23,1.1933,1.1941,1.1842,1.1849
2021-03-24,1.1849,1.1853,1.181,1.1813
2021-03-25,1.1813,1.1828,1.1762,1.1764
2021-03-26,1.1764,1.1805,1.1764,1.1794
2021-03-29,1.1797,1.1798,1.1761,1.1765
2021-03-30,1.1765,1.1774,1.1712,1.1717
2021-03-31,1.1717,1.176,1.1704,1.173
2021-04-01,1.173,1.178,1.1713,1.1777
2021-04-02,1.1777,1.1786,1.1749,1.1759
2021-04-05,1.1759,1.182,1.1738,1.1813
2021-04-06,1.1813,1.1878,1.1795,1.1876
2021-04-07,1.1876,1.1915,1.1861,1.1868
2021-04-08,1.1867,1.1927,1.1861,1.1914
2021-04-09,1.1914,1.192,1.1867,1.1899
2021-04-12,1.1908,1.1919,1.1871,1.1911
2021-04-13,1.191,1.1956,1.1879,1.1948
2021-04-14,1.1948,1.1987,1.1947,1.198
2021-04-15,1.198,1.1993,1.1956,1.1967
2021-04-16,1.1967,1.1995,1.195,1.1983
2021-04-19,1.1981,1.2048,1.1943,1.2037
2021-04-20,1.2037,1.208,1.2023,1.2036
2021-04-21,1.2036,1.2044,1.1999,1.2035
2021-04-22,1.2035,1.2069,1.1994,1.2015
2021-04-23,1.2015,1.21,1.2013,1.2097
2021-04-26,1.2096,1.2117,1.2061,1.2086
2021-04-27,1.2086,1.2093,1.2057,1.2091
2021-04-28,1.2091,1.2135,1.2056,1.2126
2021-04-29,1.2126,1.215,1.2102,1.2121
2021-04-30,1.212,1.2127,1.2017,1.202
2021-05-03,1.2033,1.2076,1.2013,1.2064
2021-05-04,1.2064,1.2065,1.1999,1.2014
2021-05-05,1.2014,1.2027,1.1986,1.2005
2021-05-06,1.2005,1.2072,1.1993,1.2065
2021-05-07,1.2065,1.2171,1.2053,1.2166
2021-05-10,1.2148,1.2178,1.2128,1.2129
2021-05-11,1.2129,1.2182,1.2123,1.2148
2021-05-12,1.2148,1.2152,1.2066,1.2072
2021-05-13,1.2072,1.2106,1.2052,1.2081
2021-05-14,1.2081,1.2148,1.2071,1.2141
2021-05-17,1.2135,1.2169,1.2126,1.2152
2021-05-18,1.2153,1.2234,1.2151,1.2222
2021-05-19,1.2222,1.2245,1.216,1.2175
2021-05-20,1.2175,1.2229,1.2169,1.2228
2021-05-21,1.2228,1.224,1.2161,1.2182
2021-05-24,1.2179,1.223,1.2173,1.2216
2021-05-25,1.2215,1.2266,1.2212,1.225
2021-05-26,1.225,1.2263,1.2182,1.2192
2021-05-27,1.2192,1.2215,1.2175,1.2195
2021-05-28,1.2195,1.2205,1.2133,1.2192
2021-05-31,1.2182,1.2231,1.2182,1.2227
2021-06-01,1.2227,1.2254,1.2212,1.2213
2021-06-02,1.2213,1.2227,1.2164,1.2211
2021-06-03,1.2211,1.2214,1.2118,1.2127
2021-06-04,1.2127,1.2185,1.2104,1.2167
2021-06-07,1.2151,1.2202,1.2145,1.219
2021-06-08,1.219,1.2194,1.2164,1.2173
2021-06-09,1.2173,1.2218,1.2171,1.218
2021-06-10,1.218,1.2195,1.2144,1.217
2021-06-11,1.217,1.2193,1.2093,1.2109
2021-06-14,1.2115,1.213,1.2094,1.212
2021-06-15,1.212,1.2147,1.2101,1.2126
2021-06-16,1.2126,1.2135,1.1994,1.1995
2021-06-17,1.1995,1.2006,1.1892,1.1907
2021-06-18,1.1907,1.1925,1.1848,1.1864
2021-06-21,1.1883,1.1921,1.1848,1.1919
2021-06-22,1.1919,1.1953,1.1881,1.194
2021-06-23,1.194,1.197,1.1912,1.1926
2021-06-24,1.1926,1.1956,1.1918,1.1932
2021-06-25,1.1932,1.1975,1.1926,1.1935
2021-06-28,1.1937,1.1945,1.1902,1.1925
2021-06-29,1.1925,1.193,1.1878,1.1897
2021-06-30,1.1897,1.1909,1.1845,1.1858
2021-07-01,1.1858,1.1884,1.1838,1.185
2021-07-02,1.185,1.1874,1.1808,1.1865
2021-07-05,1.1857,1.1881,1.1851,1.1864
2021-07-06,1.1864,1.1895,1.1807,1.1824
2021-07-07,1.1823,1.1836,1.1782,1.179
2021-07-08,1.179,1.1868,1.1784,1.1845
2021-07-09,1.1845,1.1881,1.1825,1.1876
2021-07-12,1.1872,1.188,1.1836,1.1861
2021-07-13,1.1861,1.1875,1.1772,1.1776
2021-07-14,1.1776,1.1839,1.1772,1.1837
2021-07-15,1.1837,1.1851,1.1796,1.1812
2021-07-16,1.1812,1.1822,1.1792,1.1806
2021-07-19,1.1803,1.1824,1.1764,1.18
2021-07-20,1.18,1.1803,1.1756,1.1781
2021-07-21,1.1781,1.1805,1.1752,1.1794
2021-07-22,1.1794,1.183,1.1757,1.1771
2021-07-23,1.1771,1.1786,1.1755,1.1771
2021-07-26,1.1777,1.1817,1.1763,1.1803
2021-07-27,1.1803,1.1841,1.177,1.1817
2021-07-28,1.1817,1.185,1.1773,1.1845
2021-07-29,1.1845,1.1893,1.1841,1.1887
2021-07-30,1.1887,1.1909,1.1852,1.187
2021-08-02,1.1869,1.1897,1.1859,1.187
2021-08-03,1.1869,1.1893,1.1854,1.1864
2021-08-04,1.1864,1.19,1.1833,1.1837
2021-08-05,1.1837,1.1857,1.1828,1.1834
2021-08-06,1.1834,1.1836,1.1754,1.1762
2021-08-09,1.1759,1.1769,1.1735,1.1737
2021-08-10,1.1737,1.1743,1.171,1.172
2021-08-11,1.172,1.1753,1.1706,1.1739
2021-08-12,1.1739,1.1748,1.1724,1.173
2021-08-13,1.173,1.1805,1.1729,1.1797
2021-08-16,1.1784,1.1801,1.1768,1.1778
2021-08-17,1.1778,1.1784,1.1708,1.171
2021-08-18,1.171,1.1742,1.1694,1.1711
2021-08-19,1.1711,1.1716,1.1666,1.1675
2021-08-20,1.1675,1.1705,1.1664,1.1698
2021-08-23,1.1694,1.175,1.1693,1.1745
2021-08-24,1.1745,1.1765,1.1727,1.1756
2021-08-25,1.1756,1.1775,1.1726,1.1772
2021-08-26,1.1772,1.1779,1.1746,1.1752
2021-08-27,1.1752,1.1802,1.1735,1.1795
2021-08-30,1.1791,1.181,1.1783,1.1797
2021-08-31,1.1797,1.1845,1.1795,1.1809
2021-09-01,1.1809,1.1857,1.1794,1.1839
2021-09-02,1.1839,1.1876,1.1835,1.1875
2021-09-03,1.1875,1.1909,1.1866,1.188
2021-09-06,1.1882,1.1886,1.1856,1.187
2021-09-07,1.187,1.1885,1.1838,1.184
2021-09-08,1.184,1.1851,1.1802,1.1816
2021-09-09,1.1816,1.1841,1.1805,1.1825
2021-09-10,1.1825,1.1851,1.181,1.1814
2021-09-13,1.1815,1.1817,1.177,1.1811
2021-09-14,1.1811,1.1846,1.18,1.1803
2021-09-15,1.1803,1.1832,1.1799,1.1817
2021-09-16,1.1817,1.1821,1.175,1.1767
2021-09-17,1.1767,1.1789,1.1725,1.1725
2021-09-20,1.1734,1.1737,1.17,1.1726
2021-09-21,1.1726,1.1749,1.1715,1.1726
2021-09-22,1.1726,1.1755,1.1685,1.1687
2021-09-23,1.1687,1.175,1.1684,1.1739
2021-09-24,1.1739,1.1748,1.1701,1.172
2021-09-27,1.1716,1.1732,1.1685,1.1695
2021-09-28,1.1695,1.1703,1.1668,1.1683
2021-09-29,1.1683,1.169,1.1589,1.1598
2021-09-30,1.1598,1.161,1.1563,1.158
2021-10-01,1.158,1.1607,1.1563,1.1596
2021-10-04,1.1596,1.164,1.1588,1.1621
2021-10-05,1.1621,1.1622,1.1581,1.1598
2021-10-06,1.1598,1.1605,1.1529,1.1556
2021-10-07,1.1556,1.1572,1.1548,1.1552
2021-10-08,1.1552,1.1586,1.1542,1.1569
2021-10-11,1.1566,1.1587,1.1549,1.1552
2021-10-12,1.1552,1.157,1.1524,1.153
2021-10-13,1.153,1.1597,1.1528,1.1594
2021-10-14,1.1594,1.1624,1.1584,1.1597
2021-10-15,1.1597,1.1619,1.1588,1.1601
2021-10-18,1.1604,1.1622,1.1572,1.161
2021-10-19,1.161,1.1669,1.1609,1.1633
2021-10-20,1.1633,1.1659,1.1617,1.1651
2021-10-21,1.1651,1.1667,1.162,1.1623
2021-10-22,1.1623,1.1656,1.1621,1.1643
2021-10-25,1.1638,1.1665,1.1591,1.1608
2021-10-26,1.1608,1.1626,1.1585,1.1596
2021-10-27,1.1596,1.1626,1.1585,1.1603
2021-10-28,1.1603,1.1692,1.1582,1.1681
2021-10-29,1.1681,1.169,1.1535,1.1558
2021-11-01,1.1557,1.1609,1.1546,1.1606
2021-11-02,1.1606,1.1613,1.1575,1.1579
2021-11-03,1.1579,1.1616,1.1562,1.1612
2021-11-04,1.1612,1.1617,1.1528,1.1554
2021-11-05,1.1554,1.1573,1.1514,1.1567
2021-11-08,1.1553,1.1595,1.1551,1.1587
2021-11-09,1.1587,1.1608,1.157,1.1593
2021-11-10,1.1593,1.1595,1.1476,1.1479
2021-11-11,1.1479,1.1488,1.1443,1.1451
2021-11-12,1.1451,1.1462,1.1433,1.1445
2021-11-15,1.1453,1.1464,1.1356,1.1368
2021-11-16,1.1368,1.1386,1.1309,1.132
2021-11-17,1.132,1.1332,1.1264,1.1319
2021-11-18,1.1319,1.1374,1.1314,1.1371
2021-11-19,1.1371,1.1373,1.125,1.129
2021-11-22,1.1307,1.1307,1.1231,1.1237
2021-11-23,1.1237,1.1275,1.1226,1.1248
2021-11-24,1.1248,1.1255,1.1186,1.1199
2021-11-25,1.1199,1.123,1.1198,1.1209
2021-11-26,1.1209,1.1331,1.1207,1.1317
2021-11-29,1.1318,1.132,1.1258,1.1291
2021-11-30,1.1291,1.1383,1.1236,1.1338
2021-12-01,1.1338,1.136,1.1303,1.132
2021-12-02,1.132,1.1348,1.1295,1.1301
2021-12-03,1.1301,1.1333,1.1267,1.1315
2021-12-06,1.1309,1.1324,1.1267,1.1285
2021-12-07,1.1286,1.1298,1.1228,1.1267
2021-12-08,1.1267,1.1355,1.1267,1.1343
2021-12-09,1.1342,1.1346,1.1279,1.1293
2021-12-10,1.1293,1.1324,1.1265,1.1313
2021-12-13,1.1305,1.1319,1.126,1.1284
2021-12-14,1.1284,1.1324,1.1254,1.1259
2021-12-15,1.1259,1.1299,1.1222,1.1289
2021-12-16,1.1289,1.136,1.1281,1.133
2021-12-17,1.133,1.1349,1.1235,1.124
2021-12-20,1.1245,1.1304,1.1235,1.1279
2021-12-21,1.1279,1.1303,1.1261,1.1285
2021-12-22,1.1285,1.1342,1.1264,1.1326
2021-12-23,1.1326,1.1342,1.129,1.1327
2021-12-24,1.1327,1.1344,1.1304,1.1319
2021-12-27,1.1318,1.1334,1.1303,1.1328
2021-12-28,1.1328,1.1333,1.129,1.131
2021-12-29,1.131,1.1369,1.1274,1.1349
2021-12-30,1.1349,1.136,1.1299,1.1325
2021-12-31,1.1325,1.1386,1.1303,1.137
2022-01-03,1.1356,1.1379,1.128,1.1297
2022-01-04,1.1297,1.1322,1.1272,1.1287
2022-01-05,1.1287,1.1346,1.1277,1.1314
2022-01-06,1.1314,1.1332,1.1285,1.1297
2022-01-07,1.1297,1.1365,1.129,1.136
2022-01-10,1.1351,1.1361,1.1285,1.1326
2022-01-11,1.1326,1.1375,1.1313,1.1367
2022-01-12,1.1367,1.1453,1.1355,1.1442
2022-01-13,1.1442,1.1482,1.1436,1.1455
2022-01-14,1.1455,1.1483,1.1399,1.1411
2022-01-17,1.141,1.1434,1.1392,1.1408
2022-01-18,1.1408,1.1421,1.1315,1.1325
2022-01-19,1.1325,1.1357,1.1319,1.1343
2022-01-20,1.1343,1.1369,1.1303,1.1312
2022-01-21,1.1312,1.136,1.1301,1.1344
2022-01-24,1.1338,1.1357,1.1291,1.1326
2022-01-25,1.1326,1.1329,1.1263,1.1301
2022-01-26,1.1301,1.1311,1.1236,1.124
2022-01-27,1.124,1.1243,1.1132,1.1145
2022-01-28,1.1146,1.1173,1.1121,1.1151
2022-01-31,1.115,1.1248,1.1138,1.1235
2022-02-01,1.1235,1.1279,1.1221,1.1272
2022-02-02,1.1272,1.133,1.1267,1.1305
2022-02-03,1.1304,1.1451,1.1268,1.144
2022-02-04,1.144,1.1484,1.1412,1.1449
2022-02-07,1.1447,1.147,1.1415,1.1442
2022-02-08,1.1442,1.1449,1.1396,1.1415
2022-02-09,1.1415,1.1448,1.1403,1.1425
2022-02-10,1.1425,1.1495,1.1375,1.1428
2022-02-11,1.1428,1.1431,1.133,1.135
2022-02-14,1.1344,1.1369,1.128,1.1307
2022-02-15,1.1307,1.1368,1.13,1.1359
2022-02-16,1.1359,1.1396,1.1345,1.1373
2022-02-17,1.1373,1.1386,1.1323,1.1361
2022-02-18,1.1361,1.1377,1.1315,1.1322
2022-02-21,1.1336,1.139,1.1307,1.1311
2022-02-22,1.1312,1.1367,1.1288,1.1325
2022-02-23,1.1325,1.1359,1.1301,1.1307
2022-02-24,1.1307,1.1313,1.1106,1.1192
2022-02-25,1.1192,1.1274,1.1166,1.1268
2022-02-28,1.1198,1.1246,1.1122,1.1219
2022-03-01,1.1219,1.1233,1.109,1.1125
2022-03-02,1.1125,1.1143,1.1058,1.1119
2022-03-03,1.1119,1.1122,1.1034,1.1066
2022-03-04,1.1067,1.1068,1.0886,1.0928
2022-03-07,1.0942,1.0961,1.0806,1.0854
2022-03-08,1.0854,1.0958,1.0849,1.0899
2022-03-09,1.0899,1.1095,1.089,1.1076
2022-03-10,1.1076,1.1121,1.0976,1.0986
2022-03-11,1.0986,1.1043,1.0902,1.0912
2022-03-14,1.0898,1.0994,1.0898,1.094
2022-03-15,1.094,1.102,1.0926,1.0956
2022-03-16,1.0956,1.1047,1.0949,1.1035
2022-03-17,1.1036,1.1137,1.1008,1.1091
2022-03-18,1.1091,1.1119,1.1003,1.1051
2022-03-21,1.1034,1.107,1.101,1.1016
2022-03-22,1.1016,1.1046,1.0961,1.1029
2022-03-23,1.1029,1.1043,1.0964,1.1004
2022-03-24,1.1004,1.1014,1.0966,1.0997
2022-03-25,1.0997,1.1038,1.0981,1.0983
2022-03-28,1.099,1.0999,1.0945,1.0985
2022-03-29,1.0984,1.1137,1.097,1.1086
2022-03-30,1.1086,1.1171,1.1083,1.1159
2022-03-31,1.1159,1.1185,1.1061,1.1067
2022-04-01,1.1067,1.1076,1.1028,1.1043
2022-04-04,1.1042,1.1054,1.0961,1.0972
2022-04-05,1.0972,1.0989,1.09,1.0905
2022-04-06,1.0905,1.0938,1.0875,1.0896
2022-04-07,1.0896,1.0938,1.0865,1.0879
2022-04-08,1.0879,1.0892,1.0837,1.0877
2022-04-11,1.0923,1.0954,1.0873,1.0884
2022-04-12,1.0884,1.0903,1.0821,1.0828
2022-04-13,1.0828,1.0894,1.0809,1.0888
2022-04-14,1.0887,1.0923,1.0758,1.0828
2022-04-15,1.0828,1.0831,1.0797,1.081
2022-04-18,1.0811,1.0822,1.077,1.0782
2022-04-19,1.0782,1.0814,1.0761,1.0788
2022-04-20,1.0788,1.0867,1.0784,1.0853
2022-04-21,1.0853,1.0936,1.0824,1.0834
2022-04-22,1.0835,1.0852,1.0771,1.079
2022-04-25,1.0807,1.0851,1.0697,1.0713
2022-04-26,1.0713,1.0739,1.0636,1.0638
2022-04-27,1.0638,1.0655,1.0515,1.0557
2022-04-28,1.0557,1.0565,1.0472,1.0499
2022-04-29,1.0499,1.0593,1.0491,1.0545
2022-05-02,1.0552,1.0568,1.049,1.0507
2022-05-03,1.0507,1.0578,1.0492,1.0521
2022-05-04,1.0521,1.0631,1.0506,1.0622
2022-05-05,1.0622,1.0642,1.0493,1.0542
2022-05-06,1.0542,1.0599,1.0483,1.0551
2022-05-09,1.055,1.0593,1.0495,1.0561
2022-05-10,1.0561,1.0585,1.0526,1.0529
2022-05-11,1.0529,1.0577,1.0502,1.0513
2022-05-12,1.0513,1.0529,1.0354,1.038
2022-05-13,1.038,1.042,1.035,1.0412
2022-05-16,1.0407,1.0443,1.0389,1.0434
2022-05-17,1.0434,1.0556,1.0429,1.055
2022-05-18,1.055,1.0564,1.0461,1.0464
2022-05-19,1.0465,1.0607,1.0461,1.0588
2022-05-20,1.0588,1.0598,1.0533,1.0564
2022-05-23,1.0559,1.0697,1.0545,1.0691
2022-05-24,1.0691,1.0749,1.0661,1.0736
2022-05-25,1.0736,1.0739,1.0643,1.0681
2022-05-26,1.0681,1.0732,1.0663,1.0725
2022-05-27,1.0725,1.0765,1.0697,1.0735
2022-05-30,1.073,1.0787,1.0723,1.0779
2022-05-31,1.0779,1.0779,1.0679,1.0734
2022-06-01,1.0734,1.0739,1.0627,1.065
2022-06-02,1.065,1.075,1.0645,1.0747
2022-06-03,1.0747,1.0764,1.0704,1.0719
2022-06-06,1.0729,1.0752,1.0684,1.0696
2022-06-07,1.0696,1.0714,1.0652,1.0703
2022-06-08,1.0703,1.0748,1.0671,1.0716
2022-06-09,1.0716,1.0774,1.0611,1.0617
2022-06-10,1.0617,1.0642,1.0506,1.0519
2022-06-13,1.0523,1.0523,1.04,1.0409
2022-06-14,1.0409,1.0485,1.0397,1.0416
2022-06-15,1.0416,1.0508,1.0359,1.0444
2022-06-16,1.0443,1.0601,1.0381,1.0549
2022-06-17,1.0549,1.056,1.0445,1.0499
2022-06-20,1.0483,1.0546,1.0463,1.0511
2022-06-21,1.0511,1.0582,1.0508,1.0533
2022-06-22,1.0533,1.0606,1.0469,1.0566
2022-06-23,1.0566,1.0581,1.0483,1.0523
2022-06-24,1.0523,1.0571,1.0512,1.0553
2022-06-27,1.0551,1.0615,1.055,1.0584
2022-06-28,1.0584,1.0606,1.0504,1.0519
2022-06-29,1.0519,1.0536,1.0435,1.0442
2022-06-30,1.0442,1.0488,1.0383,1.0484
2022-07-01,1.0484,1.0486,1.0366,1.0414
2022-07-04,1.0423,1.0463,1.0417,1.0422
2022-07-05,1.0422,1.0449,1.0235,1.0266
2022-07-06,1.0267,1.0276,1.0162,1.0182
2022-07-07,1.0182,1.0221,1.0144,1.016
2022-07-08,1.016,1.0191,1.0072,1.0185
2022-07-11,1.0181,1.0184,1.0034,1.004
2022-07-12,1.004,1.0074,1.0,1.0037
2022-07-13,1.0038,1.0122,0.9998,1.0059
2022-07-14,1.006,1.0065,0.9952,1.0018
2022-07-15,1.0018,1.0098,1.0007,1.008
2022-07-18,1.0065,1.0201,1.0064,1.0143
2022-07-19,1.0143,1.0269,1.012,1.0227
2022-07-20,1.0227,1.0273,1.0156,1.018
2022-07-21,1.018,1.0278,1.0154,1.023
2022-07-22,1.023,1.0255,1.013,1.0213
2022-07-25,1.0216,1.0258,1.0179,1.022
2022-07-26,1.022,1.025,1.0108,1.0117
2022-07-27,1.0117,1.0221,1.0097,1.02
2022-07-28,1.0201,1.0234,1.0114,1.0197
2022-07-29,1.0197,1.0254,1.0146,1.022
2022-08-01,1.0213,1.0275,1.0205,1.0262
2022-08-02,1.0262,1.0294,1.0164,1.0166
2022-08-03,1.0166,1.021,1.0123,1.0166
2022-08-04,1.0166,1.0254,1.0155,1.0246
2022-08-05,1.0246,1.0252,1.0142,1.0183
2022-08-08,1.0183,1.0222,1.0159,1.0197
2022-08-09,1.0197,1.0247,1.0189,1.0213
2022-08-10,1.0213,1.0368,1.0202,1.0299
2022-08-11,1.0299,1.0364,1.0276,1.032
2022-08-12,1.032,1.0327,1.0238,1.0259
2022-08-15,1.0256,1.0268,1.0155,1.016
2022-08-16,1.0161,1.0195,1.0123,1.0171
2022-08-17,1.0171,1.0203,1.0146,1.018
2022-08-18,1.0181,1.0193,1.008,1.0087
2022-08-19,1.0088,1.0096,1.0032,1.0037
2022-08-22,1.0039,1.0047,0.9926,0.9943
2022-08-23,0.9943,1.0018,0.9901,0.997
2022-08-24,0.997,0.9999,0.991,0.9967
2022-08-25,0.9967,1.0033,0.9949,0.9975
2022-08-26,0.9975,1.009,0.9947,0.9966
2022-08-29,0.9975,1.0029,0.9914,0.9997
2022-08-30,0.9997,1.0055,0.9982,1.0015
2022-08-31,1.0015,1.0079,0.9972,1.0054
2022-09-01,1.0054,1.0057,0.9911,0.9946
2022-09-02,0.9945,1.0034,0.9943,0.9954
2022-09-05,0.995,0.9951,0.9878,0.9929
2022-09-06,0.9929,0.9986,0.9864,0.9904
2022-09-07,0.9904,1.0011,0.9876,1.0006
2022-09-08,1.0005,1.0029,0.9931,0.9997
2022-09-09,0.9998,1.0113,0.9995,1.0042
2022-09-12,1.0055,1.0198,1.0045,1.0122
2022-09-13,1.0122,1.0187,0.9967,0.997
2022-09-14,0.997,1.0023,0.9956,0.9981
2022-09-15,0.9981,1.0018,0.9956,1.0001
2022-09-16,1.0001,1.0036,0.9945,1.0016
2022-09-19,1.0012,1.0029,0.9966,1.0024
2022-09-20,1.0024,1.0051,0.9955,0.9971
2022-09-21,0.9971,0.9977,0.9814,0.9837
2022-09-22,0.9837,0.9907,0.9809,0.9836
2022-09-23,0.9837,0.9852,0.9668,0.9687
2022-09-26,0.968,0.971,0.9554,0.9609
2022-09-27,0.9609,0.9671,0.9569,0.9594
2022-09-28,0.9594,0.9751,0.9536,0.9735
2022-09-29,0.9735,0.9816,0.9636,0.9815
2022-09-30,0.9815,0.9854,0.9735,0.9802
2022-10-03,0.9803,0.9844,0.9753,0.9826
2022-10-04,0.9826,0.9999,0.9806,0.9986
2022-10-05,0.9986,0.9995,0.9835,0.9884
2022-10-06,0.9883,0.9927,0.9788,0.9791
2022-10-07,0.9791,0.9817,0.9726,0.9744
2022-10-10,0.9745,0.9753,0.9682,0.9702
2022-10-11,0.9702,0.9775,0.9672,0.9708
2022-10-12,0.9708,0.9734,0.9668,0.9703
2022-10-13,0.9703,0.9806,0.9633,0.9776
2022-10-14,0.9776,0.9808,0.9708,0.9722
2022-10-17,0.9719,0.9852,0.9711,0.9841
2022-10-18,0.9841,0.9876,0.9813,0.9858
2022-10-19,0.9857,0.9872,0.9757,0.9773
2022-10-20,0.9773,0.9845,0.9755,0.9786
2022-10-21,0.9786,0.9869,0.9705,0.9862
2022-10-24,0.9849,0.9899,0.9807,0.9874
2022-10-25,0.9874,0.9977,0.9849,0.9966
2022-10-26,0.9966,1.0089,0.9944,1.0081
2022-10-27,1.0081,1.0094,0.9958,0.9964
2022-10-28,0.9964,0.9998,0.9927,0.9965
2022-10-31,0.9954,0.9966,0.9873,0.9882
2022-11-01,0.9882,0.9953,0.9853,0.9877
2022-11-02,0.9877,0.9976,0.9813,0.9818
2022-11-03,0.9818,0.984,0.973,0.9749
2022-11-04,0.9749,0.9966,0.9743,0.9957
2022-11-07,0.9929,1.0034,0.9898,1.002
2022-11-08,1.002,1.0096,0.9973,1.0074
2022-11-09,1.0074,1.0088,0.9993,1.0011
2022-11-10,1.0011,1.0222,0.9936,1.0209
2022-11-11,1.0209,1.0364,1.0163,1.0347
2022-11-14,1.0325,1.0367,1.0272,1.0327
2022-11-15,1.0327,1.0479,1.028,1.0349
2022-11-16,1.0349,1.0438,1.0331,1.0395
2022-11-17,1.0395,1.0406,1.0305,1.0362
2022-11-18,1.0362,1.0396,1.0314,1.0325
2022-11-21,1.0319,1.0333,1.0223,1.0242
2022-11-22,1.0242,1.0308,1.024,1.0304
2022-11-23,1.0304,1.0405,1.0297,1.0397
2022-11-24,1.0397,1.0448,1.0382,1.041
2022-11-25,1.041,1.0429,1.0355,1.0395
2022-11-28,1.0402,1.0497,1.0331,1.034
2022-11-29,1.034,1.0394,1.032,1.033
2022-11-30,1.0329,1.0429,1.0291,1.0406
2022-12-01,1.0406,1.0533,1.0394,1.052
2022-12-02,1.0519,1.0545,1.0429,1.0535
2022-12-05,1.0532,1.0595,1.0481,1.0491
2022-12-06,1.0491,1.0533,1.0459,1.0467
2022-12-07,1.0467,1.055,1.0443,1.0506
2022-12-08,1.0506,1.0565,1.049,1.0556
2022-12-09,1.0556,1.0588,1.0507,1.054
2022-12-12,1.0535,1.058,1.0506,1.0537
2022-12-13,1.0537,1.0673,1.0528,1.0633
2022-12-14,1.0633,1.0695,1.0619,1.0682
2022-12-15,1.0682,1.0735,1.0593,1.0628
2022-12-16,1.0628,1.0663,1.0585,1.0586
2022-12-19,1.0603,1.0658,1.0576,1.0607
2022-12-20,1.0607,1.0658,1.0579,1.0624
2022-12-21,1.0624,1.0644,1.0591,1.0605
2022-12-22,1.0605,1.0659,1.0573,1.0596
2022-12-23,1.0596,1.0633,1.0587,1.0617
2022-12-26,1.0613,1.0637,1.0604,1.0637
2022-12-27,1.0637,1.0669,1.0612,1.064
2022-12-28,1.064,1.0674,1.0607,1.0612
2022-12-29,1.0612,1.069,1.061,1.0661
2022-12-30,1.0661,1.0713,1.0639,1.0705
2023-01-02,1.0697,1.071,1.0651,1.0667
2023-01-03,1.0667,1.0683,1.052,1.0548
2023-01-04,1.0548,1.0635,1.0541,1.0604
2023-01-05,1.0604,1.0631,1.0515,1.0522
2023-01-06,1.0522,1.0648,1.0484,1.0644
2023-01-09,1.0643,1.0761,1.0634,1.073
2023-01-10,1.073,1.0759,1.0712,1.0733
2023-01-11,1.0734,1.0776,1.0726,1.0757
2023-01-12,1.0757,1.0867,1.0731,1.0853
2023-01-13,1.0854,1.0868,1.0781,1.083
2023-01-16,1.082,1.0874,1.0802,1.0822
2023-01-17,1.0822,1.0869,1.0775,1.0788
2023-01-18,1.0788,1.0887,1.0767,1.0794
2023-01-19,1.0794,1.084,1.0782,1.0833
2023-01-20,1.0833,1.0859,1.0802,1.0856
2023-01-23,1.0841,1.0927,1.0841,1.0872
2023-01-24,1.0872,1.0898,1.0835,1.0887
2023-01-25,1.0887,1.0924,1.0857,1.0916
2023-01-26,1.0916,1.0929,1.0851,1.0892
2023-01-27,1.0892,1.09,1.0838,1.0868
2023-01-30,1.0856,1.0914,1.0839,1.0851
2023-01-31,1.0851,1.0875,1.0802,1.0863
2023-02-01,1.0863,1.1,1.0852,1.099
2023-02-02,1.099,1.1033,1.0886,1.091
2023-02-03,1.091,1.094,1.0793,1.0795
2023-02-06,1.0805,1.0805,1.071,1.0726
2023-02-07,1.0726,1.0766,1.0669,1.0726
2023-02-08,1.0726,1.0761,1.071,1.0712
2023-02-09,1.0712,1.0791,1.071,1.074
2023-02-10,1.0739,1.0753,1.0666,1.0678
2023-02-13,1.0677,1.073,1.0656,1.0723
2023-02-14,1.0723,1.0803,1.0707,1.0738
2023-02-15,1.0738,1.0745,1.0661,1.0689
2023-02-16,1.0689,1.0722,1.0655,1.0674
2023-02-17,1.0674,1.0698,1.0613,1.0695
2023-02-20,1.069,1.0705,1.067,1.0686
2023-02-21,1.0686,1.0698,1.0638,1.0648
2023-02-22,1.0648,1.0664,1.0599,1.0605
2023-02-23,1.0605,1.0628,1.0577,1.0596
2023-02-24,1.0596,1.0615,1.0536,1.0548
2023-02-27,1.055,1.062,1.0533,1.0609
2023-02-28,1.061,1.0645,1.0574,1.0576
2023-03-01,1.0576,1.0691,1.0565,1.0668
2023-03-02,1.0668,1.0673,1.0577,1.0597
2023-03-03,1.0597,1.0639,1.0589,1.0635
2023-03-06,1.0632,1.0694,1.0613,1.0681
2023-03-07,1.0681,1.0694,1.0546,1.0549
2023-03-08,1.0549,1.0574,1.0525,1.0545
2023-03-09,1.0545,1.0591,1.0538,1.0581
2023-03-10,1.0581,1.0701,1.0574,1.0643
2023-03-13,1.0653,1.0749,1.064,1.0731
2023-03-14,1.0731,1.075,1.0679,1.0733
2023-03-15,1.0733,1.076,1.0516,1.0577
2023-03-16,1.0577,1.0635,1.0551,1.061
2023-03-17,1.061,1.0685,1.0608,1.067
2023-03-20,1.0675,1.0731,1.0631,1.0721
2023-03-21,1.0721,1.0788,1.0704,1.0768
2023-03-22,1.0768,1.0912,1.0759,1.0856
2023-03-23,1.0856,1.093,1.0825,1.0831
2023-03-24,1.0831,1.0839,1.0713,1.076
2023-03-27,1.0754,1.08,1.0745,1.0798
2023-03-28,1.0798,1.0849,1.0796,1.0845
2023-03-29,1.0845,1.0871,1.0818,1.0844
2023-03-30,1.0844,1.0926,1.0824,1.0905
2023-03-31,1.0905,1.0926,1.0837,1.0839
2023-04-03,1.0848,1.0917,1.0788,1.0899
2023-04-04,1.0899,1.0973,1.0883,1.0953
2023-04-05,1.0953,1.097,1.0891,1.0904
2023-04-06,1.0904,1.0938,1.0885,1.0922
2023-04-07,1.0922,1.0924,1.0877,1.0905
2023-04-10,1.0902,1.0917,1.0831,1.0859
2023-04-11,1.0859,1.0928,1.0854,1.0912
2023-04-12,1.0912,1.1,1.0911,1.0992
2023-04-13,1.0992,1.1068,1.0977,1.1046
2023-04-14,1.1046,1.1076,1.0972,1.0992
2023-04-17,1.0999,1.1,1.0909,1.0926
2023-04-18,1.0926,1.0983,1.0922,1.0972
2023-04-19,1.0972,1.0984,1.0917,1.0955
2023-04-20,1.0955,1.0989,1.0934,1.097
2023-04-21,1.097,1.0994,1.0938,1.0986
2023-04-24,1.0989,1.105,1.0966,1.1046
2023-04-25,1.1046,1.1067,1.0964,1.0973
2023-04-26,1.0973,1.1095,1.0968,1.1041
2023-04-27,1.1041,1.1064,1.0992,1.1028
2023-04-28,1.1028,1.1045,1.0963,1.1019
2023-05-01,1.1028,1.1042,1.0964,1.0976
2023-05-02,1.0976,1.1008,1.0942,1.0999
2023-05-03,1.0999,1.1091,1.0999,1.1062
2023-05-04,1.1062,1.1091,1.0986,1.1012
2023-05-05,1.1012,1.1048,1.0967,1.1019
2023-05-08,1.1024,1.1054,1.1,1.1004
2023-05-09,1.1004,1.1006,1.0941,1.0962
2023-05-10,1.0962,1.1007,1.0942,1.0982
2023-05-11,1.0982,1.0998,1.09,1.0916
2023-05-12,1.0916,1.0935,1.0848,1.0849
2023-05-15,1.085,1.0891,1.0846,1.0874
2023-05-16,1.0874,1.0905,1.0855,1.0862
2023-05-17,1.0862,1.0874,1.081,1.084
2023-05-18,1.084,1.0848,1.0763,1.077
2023-05-19,1.077,1.0829,1.076,1.0805
2023-05-22,1.0805,1.0831,1.0796,1.0813
2023-05-23,1.0813,1.0821,1.076,1.077
2023-05-24,1.077,1.0801,1.0748,1.075
2023-05-25,1.075,1.0757,1.0707,1.0725
2023-05-26,1.0725,1.0759,1.0702,1.0723
2023-05-29,1.0724,1.0744,1.0706,1.0708
2023-05-30,1.0708,1.0747,1.0673,1.0735
2023-05-31,1.0734,1.0736,1.0635,1.0689
2023-06-01,1.0689,1.0768,1.0662,1.0762
2023-06-02,1.0762,1.0779,1.0705,1.0708
2023-06-05,1.071,1.0722,1.0675,1.0713
2023-06-06,1.0713,1.0733,1.0667,1.0693
2023-06-07,1.0693,1.074,1.0668,1.0699
2023-06-08,1.0699,1.0787,1.0695,1.0782
2023-06-09,1.0782,1.0785,1.0743,1.0749
2023-06-12,1.075,1.079,1.0733,1.0757
2023-06-13,1.0757,1.0824,1.0756,1.0793
2023-06-14,1.0793,1.0864,1.0774,1.083
2023-06-15,1.083,1.0953,1.0804,1.0945
2023-06-16,1.0945,1.0971,1.0918,1.0937
2023-06-19,1.0937,1.0946,1.0907,1.0921
2023-06-20,1.0921,1.0946,1.0893,1.0918
2023-06-21,1.0918,1.0991,1.0906,1.0986
2023-06-22,1.0987,1.1012,1.0949,1.0956
2023-06-23,1.0956,1.0959,1.0845,1.0894
2023-06-26,1.0892,1.092,1.0888,1.0906
2023-06-27,1.0906,1.0977,1.0902,1.0961
2023-06-28,1.0961,1.0963,1.0897,1.0913
2023-06-29,1.0913,1.0941,1.086,1.0865
2023-06-30,1.0866,1.0932,1.0835,1.0909
2023-07-03,1.0915,1.0934,1.0871,1.0912
2023-07-04,1.0912,1.0916,1.0877,1.0879
2023-07-05,1.0879,1.0908,1.0851,1.0854
2023-07-06,1.0854,1.09,1.0834,1.0889
2023-07-07,1.0889,1.0973,1.0867,1.0967
2023-07-10,1.0967,1.1001,1.0944,1.1001
2023-07-11,1.1001,1.1027,1.0977,1.1009
2023-07-12,1.1009,1.114,1.1004,1.1129
2023-07-13,1.1129,1.1228,1.1129,1.1226
2023-07-14,1.1226,1.1245,1.1204,1.1228
2023-07-17,1.1232,1.1249,1.1204,1.1236
2023-07-18,1.1236,1.1276,1.1209,1.1229
2023-07-19,1.1228,1.124,1.1175,1.1201
2023-07-20,1.1201,1.1229,1.1119,1.113
2023-07-21,1.113,1.1145,1.1108,1.1124
2023-07-24,1.1121,1.1147,1.106,1.1064
2023-07-25,1.1064,1.1087,1.1021,1.1055
2023-07-26,1.1055,1.1107,1.1038,1.1086
2023-07-27,1.1086,1.115,1.0966,1.0979
2023-07-28,1.0979,1.1047,1.0944,1.1016
2023-07-31,1.103,1.1046,1.0994,1.0997
2023-08-01,1.0997,1.1003,1.0952,1.0984
2023-08-02,1.0984,1.102,1.0918,1.0938
2023-08-03,1.0938,1.0963,1.0912,1.0949
2023-08-04,1.0949,1.1042,1.0935,1.1006
2023-08-07,1.1013,1.1019,1.0965,1.1002
2023-08-08,1.1002,1.1011,1.0929,1.0956
2023-08-09,1.0956,1.0995,1.0952,1.0974
2023-08-10,1.0974,1.1065,1.0967,1.0981
2023-08-11,1.0981,1.1005,1.0943,1.0949
2023-08-14,1.0952,1.0961,1.0875,1.0906
2023-08-15,1.0906,1.0953,1.0898,1.0905
2023-08-16,1.0905,1.0935,1.0872,1.0879
2023-08-17,1.0879,1.0918,1.0857,1.0872
2023-08-18,1.0872,1.0894,1.0845,1.0873
2023-08-21,1.0877,1.0914,1.087,1.0896
2023-08-22,1.0896,1.093,1.0833,1.0846
2023-08-23,1.0846,1.0871,1.0803,1.0863
2023-08-24,1.0863,1.0877,1.0805,1.081
2023-08-25,1.081,1.0842,1.0766,1.0796
2023-08-28,1.0789,1.0822,1.0788,1.0819
2023-08-29,1.0819,1.0892,1.0782,1.088
2023-08-30,1.088,1.0945,1.0855,1.0923
2023-08-31,1.0923,1.094,1.0835,1.0843
2023-09-01,1.0844,1.0882,1.0772,1.078
2023-09-04,1.0782,1.0809,1.0772,1.0796
2023-09-05,1.0796,1.0798,1.0707,1.0722
2023-09-06,1.0722,1.0749,1.0703,1.0727
2023-09-07,1.0727,1.0732,1.0686,1.0696
2023-09-08,1.0696,1.0744,1.0694,1.07
2023-09-11,1.0708,1.0759,1.0707,1.075
2023-09-12,1.075,1.0769,1.0706,1.0754
2023-09-13,1.0754,1.0765,1.0711,1.073
2023-09-14,1.073,1.0752,1.0632,1.0643
2023-09-15,1.0643,1.0688,1.0633,1.0657
2023-09-18,1.0663,1.0699,1.0655,1.0692
2023-09-19,1.0692,1.0718,1.0675,1.0679
2023-09-20,1.0679,1.0737,1.065,1.0661
2023-09-21,1.0661,1.0674,1.0617,1.0661
2023-09-22,1.0661,1.0672,1.0615,1.0653
2023-09-25,1.0651,1.0657,1.0576,1.0593
2023-09-26,1.0593,1.0609,1.0562,1.0572
2023-09-27,1.0572,1.0574,1.0488,1.0503
2023-09-28,1.0503,1.0579,1.0491,1.0566
2023-09-29,1.0566,1.0617,1.0558,1.0573
2023-10-02,1.0569,1.0592,1.0477,1.0477
2023-10-03,1.0477,1.0493,1.0448,1.0467
2023-10-04,1.0467,1.0532,1.0451,1.0504
2023-10-05,1.0504,1.0552,1.05,1.055
2023-10-06,1.055,1.06,1.0483,1.0586
2023-10-09,1.0563,1.0574,1.052,1.0567
2023-10-10,1.0567,1.062,1.0554,1.0605
2023-10-11,1.0605,1.0635,1.0583,1.062
2023-10-12,1.062,1.064,1.0526,1.0528
2023-10-13,1.0528,1.0559,1.0496,1.051
2023-10-16,1.0507,1.0563,1.0507,1.056
2023-10-17,1.056,1.0595,1.0533,1.0577
2023-10-18,1.0577,1.0594,1.0523,1.0536
2023-10-19,1.0536,1.0616,1.0528,1.0582
2023-10-20,1.0582,1.0604,1.0565,1.0594
2023-10-23,1.0591,1.0678,1.0572,1.067
2023-10-24,1.067,1.0694,1.0583,1.059
2023-10-25,1.059,1.0607,1.0566,1.0566
2023-10-26,1.0566,1.0574,1.0524,1.0563
2023-10-27,1.0563,1.0597,1.0535,1.0565
2023-10-30,1.0564,1.0625,1.0547,1.0615
2023-10-31,1.0615,1.0675,1.0558,1.0575
2023-11-01,1.0575,1.0581,1.0517,1.057
2023-11-02,1.057,1.0668,1.0568,1.0622
2023-11-03,1.0622,1.0747,1.0615,1.0731
2023-11-06,1.0731,1.0756,1.0716,1.0718
2023-11-07,1.0718,1.0722,1.0664,1.07
2023-11-08,1.07,1.0716,1.0659,1.0709
2023-11-09,1.0709,1.0725,1.066,1.0668
2023-11-10,1.0668,1.0693,1.0656,1.0686
2023-11-13,1.0686,1.0706,1.0665,1.0698
2023-11-14,1.0698,1.0887,1.0693,1.0879
2023-11-15,1.0879,1.0886,1.0832,1.0848
2023-11-16,1.0848,1.0896,1.083,1.0852
2023-11-17,1.0852,1.0916,1.0825,1.0915
2023-11-20,1.0912,1.0952,1.0898,1.094
2023-11-21,1.094,1.0965,1.09,1.0911
2023-11-22,1.0911,1.0923,1.0852,1.0888
2023-11-23,1.0889,1.093,1.0884,1.0905
2023-11-24,1.0905,1.0949,1.0895,1.0939
2023-11-27,1.0938,1.0959,1.0925,1.0954
2023-11-28,1.0954,1.1009,1.0935,1.0993
2023-11-29,1.0993,1.1017,1.096,1.0969
2023-11-30,1.0969,1.0984,1.0879,1.0888
2023-12-01,1.0888,1.0913,1.0829,1.0884
2023-12-04,1.0881,1.0895,1.0804,1.0836
2023-12-05,1.0836,1.0847,1.0778,1.0797
2023-12-06,1.0797,1.0804,1.0759,1.0764
2023-12-07,1.0764,1.0818,1.0755,1.0794
2023-12-08,1.0794,1.0801,1.0724,1.0763
2023-12-11,1.0766,1.0779,1.0742,1.0765
2023-12-12,1.0765,1.0827,1.076,1.0794
2023-12-13,1.0794,1.0896,1.0773,1.0874
2023-12-14,1.0874,1.1009,1.0874,1.0993
2023-12-15,1.0993,1.1004,1.0889,1.0895
2023-12-18,1.0905,1.0931,1.0892,1.0924
2023-12-19,1.0924,1.0987,1.0915,1.0981
2023-12-20,1.0981,1.0985,1.093,1.0942
2023-12-21,1.0941,1.1013,1.0935,1.1011
2023-12-22,1.1011,1.104,1.0994,1.1014
2023-12-25,1.1017,1.1021,1.0994,1.1008
2023-12-26,1.1011,1.1045,1.1009,1.1042
2023-12-27,1.1042,1.1123,1.1029,1.1105
2023-12-28,1.1105,1.1139,1.1055,1.1061
2023-12-29,1.1061,1.1084,1.1034,1.1039
2024-01-01,1.105,1.1054,1.1037,1.1045
2024-01-02,1.1045,1.1046,1.0939,1.0942
2024-01-03,1.0942,1.0965,1.0893,1.0922
2024-01-04,1.0922,1.0972,1.0916,1.0945
2024-01-05,1.0945,1.0998,1.0877,1.0943
2024-01-08,1.0942,1.0979,1.0923,1.095
2024-01-09,1.095,1.0966,1.0911,1.0931
2024-01-10,1.0931,1.0973,1.0923,1.0973
2024-01-11,1.0973,1.0996,1.093,1.0972
2024-01-12,1.0972,1.0987,1.0936,1.0951
2024-01-15,1.0952,1.0968,1.0934,1.095
2024-01-16,1.095,1.0951,1.0863,1.0875
2024-01-17,1.0875,1.0885,1.0845,1.0883
2024-01-18,1.0883,1.0907,1.0847,1.0876
2024-01-19,1.0876,1.0898,1.0866,1.0898
2024-01-22,1.0893,1.0909,1.088,1.0883
2024-01-23,1.0883,1.0916,1.0822,1.0854
2024-01-24,1.0854,1.0932,1.0848,1.0885
2024-01-25,1.0885,1.0902,1.0822,1.0846
2024-01-26,1.0846,1.0885,1.0813,1.0853
2024-01-29,1.0858,1.0858,1.0796,1.0833
2024-01-30,1.0833,1.0857,1.0812,1.0845
2024-01-31,1.0845,1.0887,1.0795,1.0818
2024-02-01,1.0818,1.0875,1.078,1.0872
2024-02-02,1.0872,1.0898,1.078,1.0788
2024-02-05,1.0783,1.0788,1.0723,1.0743
2024-02-06,1.0743,1.0762,1.0723,1.0755
2024-02-07,1.0755,1.0784,1.0752,1.0772
2024-02-08,1.0772,1.0789,1.0742,1.0778
2024-02-09,1.0778,1.0795,1.0762,1.0784
2024-02-12,1.0786,1.0806,1.0756,1.0772
2024-02-13,1.0772,1.0795,1.0701,1.0709
2024-02-14,1.0709,1.0735,1.0695,1.0727
2024-02-15,1.0727,1.0785,1.0725,1.0772
2024-02-16,1.0772,1.0787,1.0732,1.0777
2024-02-19,1.0776,1.0789,1.0762,1.0779
2024-02-20,1.0779,1.0839,1.0762,1.0808
2024-02-21,1.0808,1.0824,1.079,1.0819
2024-02-22,1.0819,1.0888,1.0803,1.0823
2024-02-23,1.0823,1.084,1.0812,1.0821
2024-02-26,1.0823,1.086,1.0813,1.0851
2024-02-27,1.0851,1.0866,1.0833,1.0844
2024-02-28,1.0844,1.0847,1.0797,1.0838
2024-02-29,1.0838,1.0856,1.0796,1.0805
2024-03-01,1.0805,1.0843,1.0798,1.0837
2024-03-04,1.0842,1.0867,1.0838,1.0856
2024-03-05,1.0856,1.0876,1.0841,1.0857
2024-03-06,1.0857,1.0915,1.0842,1.0899
2024-03-07,1.0899,1.0949,1.0868,1.0948
2024-03-08,1.0948,1.0981,1.0921,1.0939
2024-03-11,1.094,1.0953,1.0915,1.0926
2024-03-12,1.0926,1.0944,1.0902,1.0927
2024-03-13,1.0927,1.0964,1.092,1.0948
2024-03-14,1.0947,1.0955,1.0881,1.0883
2024-03-15,1.0883,1.09,1.0873,1.0889
2024-03-18,1.0889,1.0906,1.0866,1.0872
2024-03-19,1.0872,1.0877,1.0835,1.0866
2024-03-20,1.0866,1.0923,1.0836,1.0922
2024-03-21,1.0922,1.0943,1.0856,1.086
2024-03-22,1.086,1.0868,1.0802,1.0808
2024-03-25,1.0805,1.0842,1.0802,1.0837
2024-03-26,1.0837,1.0864,1.0824,1.0831
2024-03-27,1.0831,1.0839,1.0811,1.0828
2024-03-28,1.0828,1.0828,1.0775,1.0789
2024-03-29,1.0789,1.0805,1.0768,1.079
2024-04-01,1.079,1.0799,1.0731,1.0743
2024-04-02,1.0743,1.0779,1.0725,1.077
2024-04-03,1.077,1.0837,1.0764,1.0836
2024-04-04,1.0836,1.0877,1.0832,1.0837
2024-04-05,1.0837,1.0848,1.0791,1.0837
2024-04-08,1.0836,1.0862,1.0821,1.0859
2024-04-09,1.0859,1.0885,1.0848,1.0857
2024-04-10,1.0857,1.0867,1.0729,1.0743
2024-04-11,1.0743,1.0757,1.0699,1.0726
2024-04-12,1.0726,1.073,1.0623,1.0643
2024-04-15,1.0648,1.0665,1.062,1.0624
2024-04-16,1.0624,1.0654,1.0601,1.0619
2024-04-17,1.0619,1.068,1.0606,1.0673
2024-04-18,1.0673,1.069,1.0642,1.0643
2024-04-19,1.0643,1.0677,1.0611,1.0656
2024-04-22,1.0652,1.0671,1.0624,1.0655
2024-04-23,1.0655,1.0711,1.0639,1.0701
2024-04-24,1.0702,1.0714,1.0678,1.0699
2024-04-25,1.0699,1.0739,1.0678,1.073
2024-04-26,1.073,1.0753,1.0674,1.0693
2024-04-29,1.0689,1.0734,1.0687,1.0721
2024-04-30,1.0721,1.0735,1.0665,1.0666
2024-05-01,1.0666,1.0733,1.065,1.0712
2024-05-02,1.0712,1.073,1.0674,1.0725
2024-05-03,1.0725,1.0811,1.0724,1.0761
2024-05-06,1.076,1.0791,1.0751,1.0769
2024-05-07,1.0769,1.0787,1.0748,1.0755
2024-05-08,1.0755,1.0757,1.0735,1.0748
2024-05-09,1.0748,1.0784,1.0724,1.0782
2024-05-10,1.0782,1.079,1.076,1.0771
2024-05-13,1.0768,1.0807,1.0766,1.079
2024-05-14,1.079,1.0826,1.0768,1.0819
2024-05-15,1.0819,1.0886,1.0813,1.0884
2024-05-16,1.0884,1.0895,1.0854,1.0867
2024-05-17,1.0867,1.0878,1.0836,1.0869
2024-05-20,1.0867,1.0884,1.0854,1.0857
2024-05-21,1.0857,1.0875,1.0843,1.0854
2024-05-22,1.0854,1.0864,1.0818,1.0823
2024-05-23,1.0823,1.0861,1.0805,1.0815
2024-05-24,1.0815,1.0858,1.0806,1.0847
2024-05-27,1.0838,1.0867,1.0838,1.0859
2024-05-28,1.0859,1.0889,1.0855,1.0857
2024-05-29,1.0857,1.086,1.08,1.0801
2024-05-30,1.0801,1.0845,1.0788,1.0832
2024-05-31,1.0832,1.0882,1.0811,1.0848
2024-06-03,1.0849,1.0905,1.0828,1.0904
2024-06-04,1.0904,1.0916,1.0859,1.0879
2024-06-05,1.0879,1.0891,1.0854,1.0869
2024-06-06,1.0869,1.0902,1.0862,1.089
2024-06-07,1.089,1.0902,1.08,1.0801
2024-06-10,1.0809,1.0809,1.0733,1.0765
2024-06-11,1.0765,1.0774,1.072,1.0741
2024-06-12,1.0741,1.0852,1.0735,1.0809
2024-06-13,1.0809,1.0816,1.0733,1.0737
2024-06-14,1.0737,1.0745,1.0668,1.0703
2024-06-17,1.0696,1.0738,1.0686,1.0734
2024-06-18,1.0734,1.0761,1.071,1.074
2024-06-19,1.074,1.0753,1.0725,1.0744
2024-06-20,1.0745,1.0749,1.0702,1.0702
2024-06-21,1.0702,1.0721,1.0671,1.0693
2024-06-24,1.0691,1.0746,1.0684,1.0733
2024-06-25,1.0733,1.0744,1.0691,1.0714
2024-06-26,1.0714,1.0718,1.0666,1.0681
2024-06-27,1.0681,1.0726,1.0677,1.0704
2024-06-28,1.0704,1.0725,1.0685,1.0713
2024-07-01,1.0714,1.0776,1.0711,1.074
2024-07-02,1.074,1.0747,1.071,1.0745
2024-07-03,1.0745,1.0817,1.0736,1.0786
2024-07-04,1.0786,1.0814,1.0784,1.0812
2024-07-05,1.0812,1.0843,1.0804,1.084
2024-07-08,1.0807,1.0845,1.0802,1.0824
2024-07-09,1.0824,1.0833,1.0806,1.0813
2024-07-10,1.0813,1.0831,1.0811,1.083
2024-07-11,1.083,1.09,1.0826,1.0868
2024-07-12,1.0868,1.0911,1.0862,1.0907
2024-07-15,1.0903,1.0922,1.0882,1.0894
2024-07-16,1.0894,1.0905,1.0872,1.0899
2024-07-17,1.0899,1.0948,1.0895,1.0939
2024-07-18,1.0939,1.0941,1.0894,1.0897
2024-07-19,1.0897,1.0902,1.0876,1.0882
2024-07-22,1.0884,1.0903,1.0873,1.0891
2024-07-23,1.0891,1.0897,1.0844,1.0854
2024-07-24,1.0854,1.0867,1.0826,1.084
2024-07-25,1.084,1.087,1.0828,1.0846
2024-07-26,1.0846,1.0868,1.0842,1.0856
2024-07-29,1.0861,1.087,1.0803,1.0821
2024-07-30,1.0821,1.0836,1.0798,1.0815
2024-07-31,1.0815,1.0849,1.0802,1.0826
2024-08-01,1.0826,1.0835,1.0778,1.0791
2024-08-02,1.0791,1.0927,1.0782,1.0911
2024-08-05,1.0909,1.1008,1.0893,1.0952
2024-08-06,1.0952,1.0963,1.0904,1.0931
2024-08-07,1.0931,1.0937,1.0906,1.0922
2024-08-08,1.0922,1.0945,1.0882,1.0919
2024-08-09,1.0919,1.0931,1.0909,1.0917
2024-08-12,1.0914,1.0939,1.091,1.0931
2024-08-13,1.0931,1.1,1.0914,1.0993
2024-08-14,1.0993,1.1047,1.0985,1.1012
2024-08-15,1.1012,1.1016,1.095,1.0972
2024-08-16,1.0972,1.103,1.0971,1.1027
2024-08-19,1.1014,1.1086,1.1014,1.1085
2024-08-20,1.1085,1.113,1.1072,1.113
2024-08-21,1.113,1.1174,1.11,1.115
2024-08-22,1.115,1.1164,1.1098,1.1112
2024-08-23,1.1112,1.1201,1.1105,1.1192
2024-08-26,1.1193,1.1202,1.115,1.1161
2024-08-27,1.1161,1.1191,1.115,1.1184
2024-08-28,1.1184,1.1186,1.1105,1.112
2024-08-29,1.112,1.114,1.1056,1.1077
2024-08-30,1.1077,1.1095,1.1044,1.1048
2024-09-02,1.1047,1.1077,1.1042,1.1072
2024-09-03,1.1072,1.1073,1.1026,1.1043
2024-09-04,1.1044,1.1095,1.1039,1.1082
2024-09-05,1.1082,1.112,1.1075,1.1111
2024-09-06,1.1111,1.1155,1.1066,1.1084
2024-09-09,1.1079,1.1091,1.1034,1.1035
2024-09-10,1.1035,1.105,1.1015,1.102
2024-09-11,1.102,1.1055,1.1002,1.1012
2024-09-12,1.1012,1.1075,1.1006,1.1074
2024-09-13,1.1074,1.1102,1.107,1.1075
2024-09-16,1.1078,1.1138,1.1074,1.1133
2024-09-17,1.1133,1.1146,1.1111,1.1114
2024-09-18,1.1114,1.1189,1.1097,1.1119
2024-09-19,1.1119,1.1179,1.1069,1.1162
2024-09-20,1.1162,1.1182,1.1136,1.1162
2024-09-23,1.1159,1.117,1.1083,1.1111
2024-09-24,1.1111,1.1181,1.1103,1.118
2024-09-25,1.118,1.1214,1.1122,1.1133
2024-09-26,1.1133,1.1189,1.1126,1.1177
2024-09-27,1.1177,1.1203,1.1125,1.1162
2024-09-30,1.1161,1.1209,1.1114,1.1135
2024-10-01,1.1135,1.1144,1.1046,1.1068
2024-10-02,1.1068,1.1083,1.1033,1.1045
2024-10-03,1.1045,1.1049,1.1008,1.1031
2024-10-04,1.1032,1.104,1.0951,1.0974
2024-10-07,1.0976,1.0987,1.0954,1.0976
2024-10-08,1.0976,1.0997,1.0961,1.098
2024-10-09,1.098,1.0981,1.0936,1.0939
2024-10-10,1.0939,1.0955,1.09,1.0934
2024-10-11,1.0933,1.0954,1.0923,1.0937
2024-10-14,1.0938,1.0942,1.0888,1.0909
2024-10-15,1.0909,1.0917,1.0882,1.0893
2024-10-16,1.0893,1.0901,1.0853,1.0862
2024-10-17,1.0862,1.0874,1.0811,1.0831
2024-10-18,1.0831,1.087,1.0825,1.0867
2024-10-21,1.0853,1.0872,1.0811,1.0815
2024-10-22,1.0815,1.0838,1.0793,1.0799
2024-10-23,1.08,1.0807,1.0761,1.0782
2024-10-24,1.0782,1.083,1.0771,1.0828
2024-10-25,1.0828,1.0839,1.0793,1.0796
2024-10-28,1.0804,1.0828,1.0782,1.0812
2024-10-29,1.0812,1.0826,1.0769,1.0819
2024-10-30,1.0819,1.0871,1.0808,1.0856
2024-10-31,1.0856,1.0888,1.0844,1.0884
2024-11-01,1.0883,1.0905,1.0832,1.0834
2024-11-04,1.0847,1.0915,1.0845,1.0878
2024-11-05,1.0878,1.0937,1.0873,1.093
2024-11-06,1.093,1.0937,1.0683,1.0729
2024-11-07,1.073,1.0825,1.0713,1.0805
2024-11-08,1.0805,1.0807,1.0687,1.0718
2024-11-11,1.0719,1.0728,1.0629,1.0655
2024-11-12,1.0655,1.0663,1.0595,1.0623
2024-11-13,1.0623,1.0653,1.0556,1.0564
2024-11-14,1.0564,1.0582,1.0497,1.053
2024-11-15,1.053,1.0593,1.0516,1.054
2024-11-18,1.0531,1.0607,1.0526,1.0598
2024-11-19,1.0598,1.0601,1.0524,1.0596
2024-11-20,1.0595,1.061,1.0507,1.0544
2024-11-21,1.0544,1.0555,1.0462,1.0474
2024-11-22,1.0474,1.0498,1.0335,1.0418
2024-11-25,1.0429,1.053,1.0429,1.0495
2024-11-26,1.0495,1.0545,1.0425,1.0489
2024-11-27,1.0489,1.0588,1.0474,1.0566
2024-11-28,1.0566,1.057,1.0528,1.0552
2024-11-29,1.0552,1.0597,1.0542,1.0577
2024-12-02,1.058,1.0589,1.0461,1.0498
2024-12-03,1.0498,1.0535,1.0481,1.0509
2024-12-04,1.0509,1.0544,1.0473,1.0511
2024-12-05,1.0511,1.0589,1.0508,1.0586
2024-12-06,1.0586,1.063,1.0542,1.0568
2024-12-09,1.0555,1.0594,1.0532,1.0554
2024-12-10,1.0554,1.0568,1.0499,1.0527
2024-12-11,1.0527,1.0539,1.048,1.0496
2024-12-12,1.0496,1.0531,1.0464,1.0468
2024-12-13,1.0468,1.0524,1.0453,1.0501
2024-12-16,1.0495,1.0524,1.0475,1.0512
2024-12-17,1.0512,1.0534,1.0479,1.0491
2024-12-18,1.0491,1.0513,1.0344,1.0353
2024-12-19,1.0353,1.0422,1.0348,1.0363
2024-12-20,1.0363,1.0448,1.0343,1.043
2024-12-23,1.0423,1.0446,1.0384,1.0405
2024-12-24,1.0405,1.041,1.0384,1.0399
2024-12-25,1.0399,1.0418,1.0389,1.0407
2024-12-26,1.0408,1.043,1.0391,1.0422
2024-12-27,1.0422,1.0444,1.0405,1.0426
2024-12-30,1.0428,1.0458,1.0372,1.0407
2024-12-31,1.0407,1.0424,1.0344,1.0354
2025-01-01,1.0358,1.0359,1.0353,1.0356
2025-01-02,1.0356,1.0375,1.0226,1.0265
2025-01-03,1.0265,1.031,1.0256,1.0308
2025-01-06,1.0304,1.0437,1.0295,1.039
2025-01-07,1.0391,1.0434,1.034,1.034
2025-01-08,1.034,1.0358,1.0273,1.0318
2025-01-09,1.0318,1.0321,1.0284,1.03
2025-01-10,1.03,1.0312,1.0215,1.0244
2025-01-13,1.0237,1.025,1.0178,1.0245
2025-01-14,1.0245,1.0309,1.0239,1.0308
2025-01-15,1.0308,1.0354,1.026,1.0289
2025-01-16,1.0289,1.0315,1.0261,1.0301
2025-01-17,1.0301,1.033,1.0265,1.0273
2025-01-20,1.0289,1.0434,1.0266,1.0416
2025-01-21,1.0416,1.0435,1.0342,1.0428
2025-01-22,1.0428,1.0457,1.0393,1.0409
2025-01-23,1.0409,1.0438,1.0373,1.0415
2025-01-24,1.0416,1.0521,1.0412,1.0497
2025-01-27,1.0497,1.0533,1.0454,1.0492
2025-01-28,1.0492,1.0494,1.0414,1.043
2025-01-29,1.043,1.0444,1.0383,1.0421
2025-01-30,1.0421,1.0467,1.0386,1.0391
2025-01-31,1.0391,1.0434,1.035,1.0362
2025-02-03,1.0296,1.035,1.0141,1.0344
2025-02-04,1.0344,1.0388,1.0272,1.0379
2025-02-05,1.0379,1.0442,1.037,1.0403
2025-02-06,1.0403,1.0405,1.0353,1.0383
2025-02-07,1.0383,1.0409,1.0306,1.0328
2025-02-10,1.0324,1.0343,1.028,1.0307
2025-02-11,1.0307,1.0381,1.0292,1.0361
2025-02-12,1.0361,1.043,1.0317,1.0383
2025-02-13,1.0383,1.0467,1.0373,1.0465
2025-02-14,1.0465,1.0514,1.0447,1.0492
2025-02-17,1.0493,1.0506,1.0467,1.0484
2025-02-18,1.0484,1.0486,1.0435,1.0446
2025-02-19,1.0446,1.0461,1.0401,1.0423
2025-02-20,1.0423,1.0504,1.0419,1.0501
2025-02-21,1.0501,1.0506,1.0449,1.0458
2025-02-24,1.048,1.0528,1.0453,1.0468
2025-02-25,1.0468,1.0519,1.0456,1.0514
2025-02-26,1.0514,1.0529,1.0475,1.0485
2025-02-27,1.0484,1.0493,1.0397,1.0398
2025-02-28,1.0398,1.042,1.036,1.0375
2025-03-03,1.0372,1.0503,1.0371,1.0487
2025-03-04,1.0487,1.0627,1.0471,1.0626
2025-03-05,1.0626,1.0797,1.0602,1.0789
2025-03-06,1.0789,1.0853,1.0766,1.0785
2025-03-07,1.0785,1.0889,1.0781,1.0833
2025-03-10,1.0836,1.0875,1.0805,1.0834
2025-03-11,1.0834,1.0947,1.083,1.0919
2025-03-12,1.0919,1.093,1.0876,1.0888
2025-03-13,1.0888,1.0897,1.0823,1.0852
2025-03-14,1.0853,1.0912,1.0831,1.0879
2025-03-17,1.0878,1.0929,1.0869,1.0922
2025-03-18,1.0923,1.0955,1.0893,1.0945
2025-03-19,1.0945,1.0947,1.0861,1.0903
2025-03-20,1.0903,1.0917,1.0815,1.0851
2025-03-21,1.0851,1.0861,1.0798,1.0818
2025-03-24,1.0823,1.0858,1.0782,1.0801
2025-03-25,1.0801,1.083,1.0777,1.0791
2025-03-26,1.0791,1.0803,1.0744,1.0754
2025-03-27,1.0754,1.0821,1.0733,1.0801
2025-03-28,1.0801,1.0845,1.0765,1.0828
2025-03-31,1.0821,1.0849,1.0784,1.0816
2025-04-01,1.0816,1.083,1.0778,1.0793
2025-04-02,1.0793,1.0924,1.078,1.0853
2025-04-03,1.0853,1.1144,1.0805,1.1052
2025-04-04,1.1052,1.1108,1.0925,1.0956
2025-04-07,1.0949,1.105,1.0882,1.0912
2025-04-08,1.0912,1.0992,1.0889,1.0958
2025-04-09,1.0958,1.1095,1.0914,1.0949
2025-04-10,1.0949,1.1241,1.0943,1.1201
2025-04-11,1.1201,1.1473,1.1191,1.1355
2025-04-14,1.1297,1.1425,1.128,1.1351
2025-04-15,1.1351,1.1379,1.1264,1.1282
2025-04-16,1.1283,1.1413,1.1281,1.1399
2025-04-17,1.1399,1.1409,1.1336,1.1365
2025-04-18,1.1365,1.1398,1.136,1.1393
2025-04-21,1.1387,1.1573,1.1383,1.1515
2025-04-22,1.1515,1.1547,1.1418,1.1421
2025-04-23,1.1421,1.144,1.1308,1.1316
2025-04-24,1.1316,1.1398,1.1316,1.139
2025-04-25,1.139,1.1394,1.1316,1.1365
2025-04-28,1.1384,1.1425,1.133,1.142
2025-04-29,1.142,1.1422,1.137,1.1387
2025-04-30,1.1387,1.1399,1.1317,1.1328
2025-05-01,1.1328,1.1341,1.1266,1.129
2025-05-02,1.129,1.1381,1.1274,1.1297
2025-05-05,1.1307,1.1365,1.1295,1.1315
2025-05-06,1.1315,1.1381,1.128,1.137
2025-05-07,1.137,1.1378,1.1292,1.1301
2025-05-08,1.1301,1.1336,1.1212,1.1228
2025-05-09,1.1227,1.1293,1.1197,1.125
2025-05-12,1.1244,1.1244,1.1065,1.1087
2025-05-13,1.1086,1.1195,1.1085,1.1185
2025-05-14,1.1185,1.1266,1.1165,1.1175
2025-05-15,1.1175,1.1228,1.117,1.1187
2025-05-16,1.1187,1.122,1.1131,1.1163
2025-05-19,1.1166,1.1288,1.1157,1.124
2025-05-20,1.124,1.1286,1.1218,1.1283
2025-05-21,1.1283,1.1363,1.1281,1.1331
2025-05-22,1.1331,1.1345,1.1256,1.1281
2025-05-23,1.1281,1.1375,1.1279,1.1362
2025-05-26,1.1363,1.1419,1.1359,1.1387
2025-05-27,1.1387,1.1407,1.1324,1.1328
2025-05-28,1.1328,1.1345,1.1284,1.1292
2025-05-29,1.1292,1.1385,1.121,1.137
2025-05-30,1.137,1.139,1.1313,1.1347
2025-06-02,1.1346,1.145,1.1341,1.1441
2025-06-03,1.1441,1.1455,1.1364,1.1372
2025-06-04,1.1371,1.1435,1.1357,1.1417
2025-06-05,1.1417,1.1495,1.1405,1.1445
2025-06-06,1.1445,1.1457,1.1372,1.1397
2025-06-09,1.1399,1.1439,1.1387,1.1422
2025-06-10,1.1422,1.1448,1.1373,1.1425
2025-06-11,1.1425,1.15,1.1405,1.1487
2025-06-12,1.1487,1.1631,1.1485,1.1584
2025-06-13,1.1584,1.1614,1.1489,1.1549
2025-06-16,1.1545,1.1615,1.1524,1.1561
2025-06-17,1.1561,1.158,1.1475,1.148
2025-06-18,1.148,1.153,1.1461,1.148
2025-06-19,1.148,1.15,1.1446,1.1495
2025-06-20,1.1495,1.1544,1.1492,1.1523
2025-06-23,1.149,1.1582,1.1454,1.1578
2025-06-24,1.1578,1.1641,1.1575,1.1609
2025-06-25,1.1609,1.1665,1.159,1.1659
2025-06-26,1.1659,1.1744,1.1655,1.1701
2025-06-27,1.1701,1.1753,1.1681,1.1718
2025-06-30,1.172,1.1788,1.1708,1.1787
2025-07-01,1.1787,1.1829,1.1761,1.1806
2025-07-02,1.1806,1.181,1.1747,1.1799
2025-07-03,1.1799,1.181,1.1718,1.1757
2025-07-04,1.1757,1.1788,1.1754,1.1778
2025-07-07,1.1779,1.179,1.1687,1.1709
2025-07-08,1.1709,1.1765,1.1683,1.1725
2025-07-09,1.1725,1.1729,1.169,1.172
2025-07-10,1.172,1.175,1.1663,1.1701
2025-07-11,1.1701,1.1714,1.1665,1.1689
2025-07-14,1.1671,1.1698,1.1651,1.1664
2025-07-15,1.1664,1.1693,1.1593,1.1601
2025-07-16,1.1601,1.1721,1.1563,1.1641
2025-07-17,1.1641,1.1643,1.1557,1.1596
2025-07-18,1.1596,1.1672,1.1592,1.1626
2025-07-21,1.1634,1.1717,1.1615,1.1694
2025-07-22,1.1693,1.176,1.1679,1.1754
2025-07-23,1.1755,1.1775,1.1711,1.1771
2025-07-24,1.1771,1.1789,1.1731,1.1749
2025-07-25,1.1749,1.1761,1.1703,1.1742
2025-07-28,1.1775,1.1779,1.1585,1.1589
2025-07-29,1.1589,1.1599,1.1519,1.1547
2025-07-30,1.1547,1.1573,1.1401,1.1405
2025-07-31,1.1405,1.1461,1.1404,1.1415
2025-08-01,1.1415,1.1597,1.1392,1.1587
2025-08-04,1.1577,1.1596,1.155,1.1571
2025-08-05,1.1571,1.1588,1.1528,1.1575
2025-08-06,1.1575,1.1669,1.1564,1.166
2025-08-07,1.166,1.1699,1.1611,1.1666
2025-08-08,1.1665,1.1679,1.1629,1.1641
2025-08-11,1.1641,1.1676,1.159,1.1615
2025-08-12,1.1615,1.1697,1.1599,1.1675
2025-08-13,1.1675,1.173,1.167,1.1705
2025-08-14,1.1705,1.1715,1.1631,1.1648
2025-08-15,1.1648,1.1715,1.1646,1.1703
2025-08-18,1.1702,1.1717,1.1656,1.1661
2025-08-19,1.1661,1.1693,1.1639,1.1647
2025-08-20,1.1647,1.1674,1.1622,1.1652
2025-08-21,1.1652,1.1663,1.1601,1.1606
2025-08-22,1.1606,1.1743,1.1583,1.1718
2025-08-25,1.1725,1.1734,1.1603,1.1618
2025-08-26,1.1618,1.1665,1.1602,1.1642
2025-08-27,1.1642,1.1649,1.1574,1.1639
2025-08-28,1.1639,1.1697,1.1629,1.1683
2025-08-29,1.1683,1.1709,1.1651,1.1686
2025-09-01,1.1695,1.1736,1.1687,1.1711
2025-09-02,1.1711,1.1718,1.1613,1.164
2025-09-03,1.164,1.1682,1.1608,1.1662
2025-09-04,1.1662,1.1669,1.163,1.1649
2025-09-05,1.1649,1.176,1.1648,1.1717
2025-09-08,1.1713,1.1765,1.1692,1.1763
2025-09-09,1.1763,1.178,1.1704,1.1708
2025-09-10,1.1708,1.173,1.1683,1.1695
2025-09-11,1.1695,1.1746,1.1662,1.1734
2025-09-12,1.1734,1.1748,1.1701,1.1734
2025-09-15,1.1737,1.1774,1.1716,1.1761
2025-09-16,1.1761,1.1878,1.1757,1.1867
2025-09-17,1.1867,1.1919,1.1808,1.1813
2025-09-18,1.1813,1.1848,1.175,1.1788
2025-09-19,1.1788,1.1793,1.1729,1.1746
2025-09-22,1.1745,1.1804,1.1726,1.1803
2025-09-23,1.1803,1.182,1.178,1.1815
2025-09-24,1.1815,1.1819,1.1728,1.1738
2025-09-25,1.1738,1.1754,1.1646,1.1666
2025-09-26,1.1666,1.1707,1.1658,1.1703
2025-09-29,1.17,1.1755,1.1699,1.1727
2025-09-30,1.1727,1.1761,1.1712,1.1734
2025-10-01,1.1734,1.1779,1.1716,1.1732
2025-10-02,1.1732,1.1758,1.1683,1.1715
2025-10-03,1.1715,1.1759,1.1714,1.1742
2025-10-06,1.1724,1.1731,1.1652,1.1711
2025-10-07,1.1711,1.1716,1.1648,1.1657
2025-10-08,1.1657,1.1661,1.1599,1.1628
2025-10-09,1.1629,1.1648,1.1542,1.1564
2025-10-10,1.1564,1.1631,1.1556,1.1619
2025-10-13,1.1613,1.163,1.1558,1.157
2025-10-14,1.157,1.1615,1.1543,1.1607
2025-10-15,1.1607,1.1648,1.1602,1.1647
2025-10-16,1.1647,1.1694,1.1643,1.1687
2025-10-17,1.1687,1.1728,1.1651,1.1655
2025-10-20,1.1658,1.1676,1.1639,1.1642
2025-10-21,1.1642,1.1655,1.1598,1.16
2025-10-22,1.16,1.1622,1.1577,1.1611
2025-10-23,1.1611,1.162,1.1585,1.1618
2025-10-24,1.1618,1.1648,1.1601,1.1627
2025-10-27,1.1627,1.1652,1.1618,1.1645
2025-10-28,1.1645,1.1669,1.1626,1.1651
2025-10-29,1.1651,1.1666,1.1578,1.1601
2025-10-30,1.1601,1.1637,1.1547,1.1565
2025-10-31,1.1565,1.1577,1.1522,1.1537
2025-11-03,1.1539,1.1541,1.1505,1.152
2025-11-04,1.152,1.1534,1.1473,1.1482
2025-11-05,1.1482,1.1498,1.1469,1.1492
2025-11-06,1.1492,1.1552,1.1491,1.1547
2025-11-07,1.1547,1.1591,1.153,1.1566
2025-11-10,1.1566,1.1583,1.1541,1.1557
2025-11-11,1.1557,1.1606,1.1547,1.1582
2025-11-12,1.1582,1.1598,1.1563,1.1593
2025-11-13,1.1593,1.1656,1.1579,1.1633
2025-11-14,1.1633,1.1654,1.1606,1.1621
2025-11-17,1.1619,1.1625,1.1582,1.1592
2025-11-18,1.1592,1.1608,1.1572,1.1581
2025-11-19,1.1581,1.1597,1.1518,1.1538
2025-11-20,1.1538,1.155,1.1504,1.1528
2025-11-21,1.1528,1.1552,1.1491,1.1513
2025-11-24,1.1515,1.155,1.1502,1.1521
2025-11-25,1.1521,1.1586,1.1512,1.157
2025-11-26,1.157,1.1601,1.1547,1.1595
2025-11-27,1.1595,1.1613,1.1577,1.1596
2025-11-28,1.1596,1.1607,1.1556,1.1598
2025-12-01,1.16,1.1652,1.159,1.161
2025-12-02,1.161,1.1626,1.1591,1.1625
2025-12-03,1.1625,1.1678,1.1621,1.1671
2025-12-04,1.1671,1.1682,1.1641,1.1644
2025-12-05,1.1644,1.1672,1.1628,1.1642
2025-12-08,1.1642,1.1672,1.1617,1.1637
2025-12-09,1.1637,1.1657,1.1615,1.1627
2025-12-10,1.1627,1.17,1.1622,1.1695
2025-12-11,1.1695,1.1763,1.1682,1.1738
2025-12-12,1.1738,1.175,1.172,1.174
2025-12-15,1.1735,1.1769,1.1726,1.1753
2025-12-16,1.1753,1.1804,1.1736,1.1747
2025-12-17,1.1747,1.1758,1.1703,1.1741
2025-12-18,1.1741,1.1763,1.1713,1.1722
2025-12-19,1.1722,1.1738,1.1703,1.171
2025-12-22,1.1713,1.1769,1.1706,1.1762
2025-12-23,1.1762,1.1802,1.1755,1.1795
2025-12-24,1.1795,1.1808,1.1773,1.1779
2025-12-25,1.1779,1.1788,1.1772,1.1784
2025-12-26,1.1784,1.1797,1.1762,1.1772
2025-12-29,1.1774,1.1789,1.175,1.1773
2025-12-30,1.1773,1.178,1.1743,1.1748
2025-12-31,1.1748,1.1759,1.172,1.1746
2026-01-01,1.1746,1.1752,1.1741,1.1746
2026-01-02,1.1746,1.1765,1.1713,1.1719
2026-01-05,1.1724,1.1729,1.1659,1.1722
2026-01-06,1.1722,1.1743,1.1684,1.1689
2026-01-07,1.1689,1.1703,1.1673,1.1675
2026-01-08,1.1675,1.1683,1.1643,1.166
2026-01-09,1.166,1.1662,1.1618,1.1637
2026-01-12,1.1634,1.1699,1.1622,1.1667
2026-01-13,1.1667,1.1677,1.1634,1.1642
2026-01-14,1.1642,1.1662,1.1636,1.1644
2026-01-15,1.1644,1.1647,1.1593,1.1609
2026-01-16,1.1609,1.1627,1.1585,1.1598
2026-01-19,1.159,1.1649,1.1573,1.1646
2026-01-20,1.1646,1.1768,1.1633,1.1725
2026-01-21,1.1725,1.1743,1.1676,1.1685
2026-01-22,1.1684,1.1756,1.167,1.1755
2026-01-23,1.1755,1.1834,1.1728,1.1828
2026-01-26,1.184,1.1907,1.1834,1.188
2026-01-27,1.188,1.2081,1.185,1.2041
2026-01-28,1.2041,1.2045,1.1896,1.1954
2026-01-29,1.1954,1.1996,1.1906,1.1971
2026-01-30,1.1971,1.1975,1.185,1.1851
2026-02-02,1.1856,1.1875,1.1776,1.1791
2026-02-03,1.1791,1.1829,1.178,1.1819
2026-02-04,1.1819,1.1838,1.1791,1.1807
2026-02-05,1.1807,1.1822,1.1775,1.1777
2026-02-06,1.1777,1.1826,1.1766,1.1815
2026-02-09,1.1816,1.1927,1.181,1.1914
2026-02-10,1.1914,1.1929,1.1887,1.1895
2026-02-11,1.1895,1.1927,1.1833,1.1872
2026-02-12,1.1872,1.189,1.1852,1.1871
2026-02-13,1.1871,1.1885,1.1847,1.1868
2026-02-16,1.1872,1.1878,1.1846,1.1851
2026-02-17,1.1851,1.1855,1.1805,1.1855
2026-02-18,1.1855,1.1857,1.1782,1.1783
2026-02-19,1.1783,1.1808,1.1742,1.1773
2026-02-20,1.1773,1.1807,1.1743,1.1784
2026-02-23,1.1784,1.1835,1.1775,1.1785
2026-02-24,1.1785,1.1796,1.1766,1.1772
2026-02-25,1.1772,1.1814,1.1771,1.181
2026-02-26,1.181,1.1829,1.1774,1.1797
2026-02-27,1.1797,1.1827,1.1789,1.1812
2026-03-02,1.1783,1.1796,1.1672,1.1688
2026-03-03,1.1688,1.1707,1.153,1.1613
2026-03-04,1.1613,1.1655,1.1575,1.1634
2026-03-05,1.1633,1.1647,1.1559,1.1609
2026-03-06,1.1609,1.1621,1.1546,1.1618
2026-03-09,1.156,1.1638,1.1507,1.1636
2026-03-10,1.1636,1.1667,1.1607,1.1611
2026-03-11,1.1611,1.1645,1.1561,1.1567
2026-03-12,1.1567,1.1575,1.151,1.1512
2026-03-13,1.1512,1.153,1.1411,1.1417
2026-03-16,1.1422,1.1525,1.1411,1.1505
2026-03-17,1.1505,1.1547,1.1466,1.154
2026-03-18,1.154,1.1555,1.145,1.1452
2026-03-19,1.1452,1.1616,1.1443,1.1589
2026-03-20,1.1589,1.1595,1.1525,1.1572
2026-03-23,1.1551,1.164,1.1485,1.1613
2026-03-24,1.1613,1.1628,1.1557,1.1608
2026-03-25,1.1608,1.163,1.1555,1.1559
2026-03-26,1.1559,1.1572,1.152,1.1527
2026-03-27,1.1527,1.1548,1.1502,1.1509
2026-03-30,1.1514,1.1527,1.1443,1.1465
2026-03-31,1.1465,1.1563,1.1448,1.1553
2026-04-01,1.1553,1.1627,1.1551,1.1589
2026-04-02,1.1589,1.1606,1.1509,1.1539
2026-04-03,1.1539,1.1549,1.1514,1.1519
2026-04-06,1.1522,1.1572,1.1505,1.1541
2026-04-07,1.1541,1.1605,1.1524,1.1595
2026-04-08,1.1595,1.1722,1.159,1.1663
2026-04-09,1.1663,1.1723,1.1651,1.1699
2026-04-10,1.1699,1.1739,1.1678,1.1723
2026-04-13,1.1688,1.1765,1.1658,1.1759
2026-04-14,1.1759,1.1811,1.1755,1.1796
2026-04-15,1.1796,1.1808,1.1772,1.1799
2026-04-16,1.1799,1.1824,1.1767,1.1781
2026-04-17,1.1781,1.1849,1.1761,1.1765
2026-04-20,1.177,1.179,1.1729,1.1788
2026-04-21,1.1788,1.1791,1.1719,1.1744
2026-04-22,1.1744,1.1763,1.1703,1.1705
2026-04-23,1.1705,1.1717,1.1669,1.1683
2026-04-24,1.1683,1.1723,1.1673,1.1722
2026-04-27,1.1713,1.1755,1.1688,1.1721
2026-04-28,1.1721,1.1727,1.1677,1.1712
2026-04-29,1.1712,1.1721,1.1661,1.1677
2026-04-30,1.1677,1.1742,1.1655,1.1731
2026-05-01,1.1731,1.1785,1.1716,1.1721
2026-05-04,1.174,1.1763,1.1681,1.1691
2026-05-05,1.1691,1.1714,1.1677,1.1693
2026-05-06,1.1693,1.1797,1.1692,1.1748
2026-05-07,1.1748,1.1778,1.1723,1.1726
2026-05-08,1.1726,1.1788,1.1723,1.1787
2026-05-11,1.178,1.1795,1.1744,1.1783
2026-05-12,1.1783,1.1788,1.1722,1.1739
2026-05-13,1.1739,1.1742,1.1696,1.1711
2026-05-14,1.1711,1.1722,1.1666,1.1669
2026-05-15,1.1669,1.1674,1.1617,1.1625
