Date,Open,High,Low,Close
2016-01-01,1.4736,1.476,1.4736,1.4746
2016-01-04,1.4747,1.4816,1.4663,1.4716
2016-01-05,1.4716,1.4726,1.4638,1.4675
2016-01-06,1.4675,1.4682,1.4602,1.463
2016-01-07,1.463,1.4641,1.4534,1.4618
2016-01-08,1.4618,1.4645,1.4507,1.4517
2016-01-11,1.4532,1.4604,1.4494,1.4543
2016-01-12,1.4543,1.456,1.4352,1.4448
2016-01-13,1.4448,1.4476,1.438,1.4407
2016-01-14,1.4407,1.4445,1.436,1.4413
2016-01-15,1.4413,1.4428,1.4252,1.4258
2016-01-18,1.4263,1.4323,1.4237,1.4243
2016-01-19,1.4243,1.434,1.413,1.4158
2016-01-20,1.4158,1.4219,1.4126,1.4192
2016-01-21,1.4192,1.4249,1.408,1.4221
2016-01-22,1.4221,1.4363,1.4205,1.4265
2016-01-25,1.4276,1.4332,1.4224,1.4249
2016-01-26,1.4249,1.4367,1.4174,1.435
2016-01-27,1.435,1.4355,1.423,1.4234
2016-01-28,1.4234,1.4408,1.4233,1.4362
2016-01-29,1.4362,1.4413,1.415,1.4244
2016-02-01,1.4251,1.4445,1.4229,1.4433
2016-02-02,1.4433,1.4446,1.4327,1.441
2016-02-03,1.441,1.4649,1.4384,1.4603
2016-02-04,1.4603,1.4668,1.453,1.4589
2016-02-05,1.4589,1.4592,1.4452,1.4503
2016-02-08,1.4499,1.4547,1.4352,1.4433
2016-02-09,1.4433,1.4516,1.4379,1.4472
2016-02-10,1.4472,1.4578,1.4446,1.4522
2016-02-11,1.4522,1.4564,1.4384,1.4477
2016-02-12,1.4477,1.457,1.4444,1.4503
2016-02-15,1.4501,1.4567,1.4414,1.4435
2016-02-16,1.4435,1.4516,1.4277,1.4306
2016-02-17,1.4306,1.4339,1.4235,1.4294
2016-02-18,1.4294,1.4394,1.4257,1.4337
2016-02-19,1.4337,1.4409,1.4247,1.4406
2016-02-22,1.4331,1.4332,1.4058,1.415
2016-02-23,1.415,1.4156,1.4008,1.4022
2016-02-24,1.4022,1.4028,1.3879,1.3927
2016-02-25,1.3927,1.3997,1.39,1.3962
2016-02-26,1.3962,1.4043,1.3854,1.3871
2016-02-29,1.3872,1.3946,1.3836,1.3917
2016-03-01,1.3917,1.4018,1.3905,1.3952
2016-03-02,1.3952,1.4093,1.3915,1.4078
2016-03-03,1.4078,1.4194,1.4033,1.4178
2016-03-04,1.4178,1.4248,1.4108,1.4229
2016-03-07,1.4226,1.4284,1.4134,1.4265
2016-03-08,1.4265,1.4276,1.4174,1.4215
2016-03-09,1.4215,1.4241,1.4178,1.4217
2016-03-10,1.4217,1.4317,1.4118,1.4281
2016-03-11,1.4281,1.4437,1.4255,1.4382
2016-03-14,1.4394,1.4401,1.4293,1.4302
2016-03-15,1.4302,1.4306,1.4139,1.4151
2016-03-16,1.4151,1.4274,1.4053,1.4259
2016-03-17,1.4259,1.4503,1.4222,1.4482
2016-03-18,1.4482,1.4514,1.4411,1.4476
2016-03-21,1.4449,1.4469,1.4366,1.4369
2016-03-22,1.4369,1.4398,1.4191,1.4208
2016-03-23,1.4208,1.4227,1.4083,1.4117
2016-03-24,1.4117,1.4183,1.4057,1.4153
2016-03-25,1.4153,1.4159,1.411,1.4132
2016-03-28,1.4132,1.4283,1.4121,1.4254
2016-03-29,1.4254,1.4404,1.4195,1.4384
2016-03-30,1.4384,1.4459,1.4361,1.4378
2016-03-31,1.4378,1.4426,1.4326,1.436
2016-04-01,1.436,1.4372,1.4171,1.4227
2016-04-04,1.4224,1.4322,1.4191,1.4264
2016-04-05,1.4264,1.4279,1.4122,1.4161
2016-04-06,1.4161,1.4171,1.4006,1.4123
2016-04-07,1.4123,1.4157,1.4049,1.4056
2016-04-08,1.4056,1.4141,1.4041,1.4128
2016-04-11,1.4126,1.4287,1.4107,1.4239
2016-04-12,1.424,1.4348,1.4197,1.4275
2016-04-13,1.4275,1.4279,1.4193,1.4204
2016-04-14,1.4204,1.4208,1.4091,1.4155
2016-04-15,1.4155,1.4242,1.4133,1.4202
2016-04-18,1.4224,1.4291,1.4132,1.4278
2016-04-19,1.4278,1.4419,1.4271,1.4398
2016-04-20,1.4398,1.441,1.433,1.4332
2016-04-21,1.4332,1.444,1.43,1.4323
2016-04-22,1.4323,1.4452,1.4314,1.4403
2016-04-25,1.4414,1.452,1.4403,1.4482
2016-04-26,1.4482,1.4639,1.448,1.4582
2016-04-27,1.4582,1.4622,1.4475,1.4543
2016-04-28,1.4543,1.4623,1.4524,1.4609
2016-04-29,1.4609,1.467,1.4577,1.4612
2016-05-02,1.4614,1.4696,1.4581,1.4673
2016-05-03,1.4673,1.477,1.4529,1.4535
2016-05-04,1.4535,1.4572,1.4462,1.4496
2016-05-05,1.4496,1.4529,1.4444,1.4485
2016-05-06,1.4485,1.4543,1.4415,1.4427
2016-05-09,1.4432,1.448,1.4375,1.4407
2016-05-10,1.4407,1.4478,1.4389,1.4442
2016-05-11,1.4442,1.4488,1.4395,1.4448
2016-05-12,1.4448,1.4531,1.4406,1.4451
2016-05-13,1.4451,1.4456,1.4341,1.4365
2016-05-16,1.4359,1.4415,1.4333,1.4402
2016-05-17,1.4402,1.4524,1.4398,1.4463
2016-05-18,1.4463,1.4635,1.4404,1.4599
2016-05-19,1.4599,1.4663,1.4562,1.4611
2016-05-20,1.4611,1.4613,1.4486,1.4502
2016-05-23,1.4504,1.4549,1.4443,1.4484
2016-05-24,1.4484,1.4642,1.4474,1.4636
2016-05-25,1.4636,1.4729,1.4602,1.4697
2016-05-26,1.4697,1.474,1.4641,1.467
2016-05-27,1.467,1.4689,1.4605,1.4623
2016-05-30,1.4619,1.4642,1.4588,1.464
2016-05-31,1.464,1.4725,1.4465,1.4483
2016-06-01,1.4483,1.4508,1.4386,1.4416
2016-06-02,1.4416,1.4473,1.4407,1.4423
2016-06-03,1.4423,1.4582,1.4399,1.4518
2016-06-06,1.4518,1.4529,1.4353,1.4442
2016-06-07,1.4442,1.466,1.4439,1.4545
2016-06-08,1.4545,1.4601,1.4501,1.4504
2016-06-09,1.4504,1.4527,1.4447,1.4458
2016-06-10,1.4458,1.4473,1.4181,1.4257
2016-06-13,1.4261,1.4328,1.4116,1.427
2016-06-14,1.427,1.4271,1.4091,1.4114
2016-06-15,1.4114,1.4218,1.4094,1.4204
2016-06-16,1.4204,1.4254,1.4013,1.4203
2016-06-17,1.4203,1.4388,1.42,1.4358
2016-06-20,1.4355,1.472,1.4349,1.4698
2016-06-21,1.4698,1.4783,1.4617,1.4652
2016-06-22,1.4652,1.4774,1.4642,1.4707
2016-06-23,1.4707,1.4947,1.4707,1.4877
2016-06-24,1.4877,1.5018,1.3229,1.3679
2016-06-27,1.356,1.3566,1.3121,1.3225
2016-06-28,1.3225,1.3419,1.3204,1.3344
2016-06-29,1.3344,1.3534,1.3288,1.3429
2016-06-30,1.3429,1.3496,1.3206,1.3311
2016-07-01,1.3311,1.335,1.3245,1.3267
2016-07-04,1.3272,1.3341,1.3232,1.3287
2016-07-05,1.3287,1.3291,1.3,1.3022
2016-07-06,1.3022,1.3028,1.2798,1.2931
2016-07-07,1.2931,1.3047,1.2877,1.2908
2016-07-08,1.2908,1.3019,1.2881,1.2954
2016-07-11,1.2954,1.3018,1.2851,1.2998
2016-07-12,1.2998,1.3295,1.2973,1.3247
2016-07-13,1.3247,1.3338,1.3134,1.3147
2016-07-14,1.3147,1.3475,1.3106,1.3343
2016-07-15,1.3343,1.3481,1.3132,1.3192
2016-07-18,1.3169,1.3315,1.3154,1.3255
2016-07-19,1.3255,1.3276,1.3074,1.3111
2016-07-20,1.3111,1.3226,1.3065,1.3208
2016-07-21,1.3209,1.3275,1.3156,1.3233
2016-07-22,1.3233,1.3291,1.3079,1.3109
2016-07-25,1.3116,1.3165,1.3095,1.314
2016-07-26,1.314,1.3176,1.3058,1.313
2016-07-27,1.313,1.3235,1.3073,1.3223
2016-07-28,1.3223,1.3248,1.3117,1.3164
2016-07-29,1.3164,1.3301,1.3149,1.323
2016-08-01,1.3236,1.3273,1.3163,1.3179
2016-08-02,1.3179,1.3366,1.3172,1.3357
2016-08-03,1.3357,1.3372,1.3281,1.3325
2016-08-04,1.3325,1.3346,1.3103,1.3107
2016-08-05,1.3107,1.3175,1.3022,1.3073
2016-08-08,1.3081,1.3097,1.3028,1.304
2016-08-09,1.304,1.3049,1.2956,1.3003
2016-08-10,1.3003,1.3094,1.2991,1.301
2016-08-11,1.301,1.3028,1.2936,1.2956
2016-08-12,1.2956,1.3035,1.2904,1.292
2016-08-15,1.2924,1.2945,1.2866,1.288
2016-08-16,1.288,1.3051,1.2878,1.3046
2016-08-17,1.3046,1.3086,1.2979,1.3042
2016-08-18,1.3042,1.3173,1.3037,1.3168
2016-08-19,1.3168,1.3185,1.3024,1.3075
2016-08-22,1.306,1.3157,1.3035,1.3137
2016-08-23,1.3137,1.3211,1.3129,1.3198
2016-08-24,1.3198,1.3273,1.3162,1.3232
2016-08-25,1.3232,1.3264,1.3169,1.3192
2016-08-26,1.3192,1.3279,1.3122,1.3137
2016-08-29,1.3151,1.3172,1.306,1.3106
2016-08-30,1.3106,1.312,1.306,1.308
2016-08-31,1.308,1.3158,1.3067,1.3138
2016-09-01,1.3138,1.3318,1.3129,1.3268
2016-09-02,1.3268,1.3352,1.3253,1.3294
2016-09-05,1.3288,1.3376,1.3282,1.3304
2016-09-06,1.3304,1.3445,1.3297,1.344
2016-09-07,1.344,1.3441,1.3319,1.3341
2016-09-08,1.3341,1.3376,1.3284,1.3295
2016-09-09,1.3295,1.3336,1.324,1.3267
2016-09-12,1.3267,1.3347,1.3236,1.3337
2016-09-13,1.3337,1.3341,1.3168,1.3193
2016-09-14,1.3193,1.3241,1.3139,1.3235
2016-09-15,1.3235,1.3279,1.318,1.3239
2016-09-16,1.3239,1.3248,1.2998,1.3002
2016-09-19,1.3017,1.3091,1.2996,1.303
2016-09-20,1.303,1.3065,1.2947,1.2988
2016-09-21,1.2988,1.3047,1.2946,1.3032
2016-09-22,1.3032,1.3121,1.3028,1.3078
2016-09-23,1.3078,1.3088,1.2915,1.2966
2016-09-26,1.2951,1.2987,1.2917,1.2975
2016-09-27,1.2975,1.3026,1.2937,1.3023
2016-09-28,1.3023,1.3032,1.298,1.3019
2016-09-29,1.3019,1.3059,1.2955,1.2968
2016-09-30,1.2968,1.3023,1.2937,1.2972
2016-10-03,1.2941,1.2953,1.2818,1.2842
2016-10-04,1.2842,1.2861,1.272,1.2728
2016-10-05,1.2728,1.2771,1.2686,1.2749
2016-10-06,1.2749,1.276,1.2602,1.2616
2016-10-07,1.2616,1.2623,1.1841,1.2434
2016-10-10,1.2436,1.2472,1.2345,1.2362
2016-10-11,1.2362,1.2376,1.209,1.2123
2016-10-12,1.2122,1.2325,1.2106,1.2204
2016-10-13,1.2204,1.2272,1.2133,1.2254
2016-10-14,1.2254,1.2262,1.2169,1.2191
2016-10-17,1.2192,1.2205,1.2127,1.2183
2016-10-18,1.2183,1.2325,1.2179,1.2298
2016-10-19,1.2298,1.2332,1.2254,1.2285
2016-10-20,1.2285,1.2298,1.221,1.2254
2016-10-21,1.2254,1.226,1.2172,1.2234
2016-10-24,1.2226,1.2249,1.2186,1.2238
2016-10-25,1.2238,1.2244,1.2083,1.2188
2016-10-26,1.2188,1.2249,1.2157,1.2247
2016-10-27,1.2247,1.2272,1.2149,1.2164
2016-10-28,1.2164,1.2212,1.2114,1.2185
2016-10-31,1.2183,1.2249,1.2141,1.2242
2016-11-01,1.2242,1.228,1.2206,1.2243
2016-11-02,1.2243,1.2354,1.2221,1.2304
2016-11-03,1.2304,1.2494,1.2298,1.2461
2016-11-04,1.2461,1.2557,1.2449,1.2517
2016-11-07,1.251,1.2528,1.2379,1.2396
2016-11-08,1.2396,1.244,1.2361,1.2379
2016-11-09,1.2379,1.2547,1.2354,1.2406
2016-11-10,1.2406,1.2585,1.2378,1.2555
2016-11-11,1.2555,1.2674,1.2526,1.2596
2016-11-14,1.2615,1.2618,1.2444,1.249
2016-11-15,1.2491,1.2529,1.238,1.2457
2016-11-16,1.2457,1.2503,1.241,1.2443
2016-11-17,1.2443,1.2505,1.2409,1.2417
2016-11-18,1.2417,1.2436,1.2302,1.2342
2016-11-21,1.2338,1.2511,1.2313,1.2494
2016-11-22,1.2494,1.2513,1.2385,1.2423
2016-11-23,1.2423,1.2469,1.2361,1.2443
2016-11-24,1.2442,1.2495,1.2402,1.2451
2016-11-25,1.2451,1.2487,1.2416,1.2477
2016-11-28,1.2491,1.2532,1.2386,1.2416
2016-11-29,1.2416,1.2526,1.2389,1.2493
2016-11-30,1.2492,1.2523,1.242,1.2506
2016-12-01,1.2506,1.2696,1.2505,1.2591
2016-12-02,1.2591,1.2738,1.257,1.2729
2016-12-05,1.2722,1.2745,1.2628,1.2732
2016-12-06,1.2732,1.2775,1.2657,1.2678
2016-12-07,1.2678,1.2683,1.257,1.2626
2016-12-08,1.2625,1.2705,1.2549,1.2586
2016-12-09,1.2586,1.2621,1.2553,1.2572
2016-12-12,1.257,1.27,1.2546,1.2679
2016-12-13,1.2679,1.2728,1.2654,1.2658
2016-12-14,1.2658,1.2722,1.2531,1.2564
2016-12-15,1.2564,1.2568,1.2376,1.2418
2016-12-16,1.2418,1.2509,1.2383,1.2496
2016-12-19,1.2496,1.2504,1.2356,1.2395
2016-12-20,1.2395,1.2409,1.2313,1.2368
2016-12-21,1.2368,1.2391,1.2324,1.2353
2016-12-22,1.2353,1.2379,1.2277,1.2283
2016-12-23,1.2283,1.2299,1.2229,1.2282
2016-12-26,1.2273,1.2305,1.2265,1.2282
2016-12-27,1.2282,1.2289,1.2241,1.2271
2016-12-28,1.2271,1.2297,1.2201,1.2226
2016-12-29,1.2226,1.2275,1.221,1.2261
2016-12-30,1.226,1.2388,1.2247,1.234
2017-01-02,1.2334,1.2356,1.2275,1.2278
2017-01-03,1.2278,1.2307,1.22,1.2237
2017-01-04,1.2237,1.2353,1.2221,1.2323
2017-01-05,1.2323,1.2432,1.227,1.2419
2017-01-06,1.2418,1.2431,1.2261,1.2287
2017-01-09,1.2271,1.2278,1.2125,1.2163
2017-01-10,1.2163,1.219,1.2108,1.2177
2017-01-11,1.2177,1.2272,1.2039,1.2213
2017-01-12,1.2213,1.2317,1.2153,1.2162
2017-01-13,1.2162,1.2233,1.2122,1.2182
2017-01-16,1.2056,1.2085,1.1986,1.2047
2017-01-17,1.2047,1.2416,1.2018,1.2414
2017-01-18,1.2414,1.2415,1.2255,1.2261
2017-01-19,1.2261,1.2342,1.2254,1.2342
2017-01-20,1.2341,1.238,1.2261,1.2375
2017-01-23,1.2358,1.2538,1.2331,1.2535
2017-01-24,1.2536,1.2545,1.2419,1.252
2017-01-25,1.2521,1.2639,1.2491,1.2634
2017-01-26,1.2634,1.2673,1.2557,1.2597
2017-01-27,1.2597,1.2606,1.2517,1.2555
2017-01-30,1.2558,1.2601,1.2466,1.2486
2017-01-31,1.2486,1.2597,1.2413,1.2579
2017-02-01,1.2579,1.268,1.2543,1.2659
2017-02-02,1.2659,1.2706,1.2518,1.2527
2017-02-03,1.2527,1.2538,1.246,1.2484
2017-02-06,1.2497,1.2509,1.2428,1.2469
2017-02-07,1.2469,1.2546,1.2347,1.2509
2017-02-08,1.2509,1.255,1.2475,1.2541
2017-02-09,1.2541,1.2582,1.2491,1.2497
2017-02-10,1.2496,1.2522,1.244,1.2491
2017-02-13,1.2484,1.2539,1.2456,1.2526
2017-02-14,1.2526,1.2548,1.2444,1.2468
2017-02-15,1.2468,1.2481,1.2383,1.2461
2017-02-16,1.2461,1.2524,1.2455,1.2489
2017-02-17,1.2489,1.2511,1.2388,1.2412
2017-02-20,1.2412,1.2483,1.2396,1.2463
2017-02-21,1.2463,1.2481,1.2402,1.2473
2017-02-22,1.2473,1.2508,1.2424,1.245
2017-02-23,1.245,1.2561,1.2428,1.2556
2017-02-24,1.2556,1.257,1.2448,1.2462
2017-02-27,1.2468,1.2491,1.2384,1.2442
2017-02-28,1.2442,1.2471,1.2375,1.238
2017-03-01,1.238,1.2405,1.228,1.2293
2017-03-02,1.2292,1.2307,1.2243,1.2267
2017-03-03,1.2268,1.23,1.2215,1.2291
2017-03-06,1.2282,1.2301,1.2224,1.2236
2017-03-07,1.2236,1.2252,1.217,1.22
2017-03-08,1.22,1.2214,1.2139,1.2168
2017-03-09,1.2169,1.2195,1.2135,1.2165
2017-03-10,1.2165,1.2189,1.214,1.2167
2017-03-13,1.2171,1.2251,1.2147,1.2219
2017-03-14,1.2219,1.2224,1.211,1.2153
2017-03-15,1.2153,1.2309,1.2146,1.2291
2017-03-16,1.2291,1.2377,1.2241,1.236
2017-03-17,1.236,1.2405,1.2324,1.2396
2017-03-20,1.2399,1.2436,1.2335,1.2358
2017-03-21,1.2358,1.2494,1.2341,1.2478
2017-03-22,1.2479,1.2507,1.2424,1.2485
2017-03-23,1.2485,1.2531,1.2463,1.2521
2017-03-24,1.2521,1.2522,1.2469,1.2473
2017-03-27,1.2488,1.2615,1.2476,1.2559
2017-03-28,1.2559,1.2596,1.2441,1.245
2017-03-29,1.245,1.2476,1.2377,1.2434
2017-03-30,1.2434,1.2524,1.2403,1.2468
2017-03-31,1.2469,1.2558,1.2434,1.255
2017-04-03,1.2548,1.2567,1.2466,1.2486
2017-04-04,1.2486,1.2496,1.2419,1.244
2017-04-05,1.244,1.2498,1.2423,1.2483
2017-04-06,1.2483,1.2506,1.245,1.247
2017-04-07,1.247,1.2478,1.2366,1.2371
2017-04-10,1.2376,1.2429,1.2351,1.2415
2017-04-11,1.2415,1.2495,1.2404,1.2491
2017-04-12,1.2491,1.2548,1.248,1.254
2017-04-13,1.254,1.2574,1.2501,1.2503
2017-04-14,1.2503,1.2535,1.2501,1.2523
2017-04-17,1.253,1.2596,1.2524,1.2565
2017-04-18,1.2565,1.2905,1.2516,1.2841
2017-04-19,1.2841,1.286,1.2771,1.2777
2017-04-20,1.2777,1.2847,1.2773,1.2813
2017-04-21,1.2813,1.2835,1.2757,1.2817
2017-04-24,1.2844,1.287,1.2773,1.2796
2017-04-25,1.2796,1.2846,1.2775,1.2842
2017-04-26,1.2841,1.2863,1.2805,1.2848
2017-04-27,1.2849,1.2917,1.2839,1.2904
2017-04-28,1.2904,1.2965,1.2889,1.2951
2017-05-01,1.2951,1.2966,1.2883,1.2886
2017-05-02,1.2886,1.294,1.2865,1.2939
2017-05-03,1.2939,1.2948,1.2866,1.2867
2017-05-04,1.2867,1.2932,1.2831,1.2923
2017-05-05,1.2923,1.2984,1.2901,1.2982
2017-05-08,1.2982,1.2989,1.293,1.294
2017-05-09,1.2941,1.2961,1.2903,1.2934
2017-05-10,1.2934,1.2988,1.2928,1.2938
2017-05-11,1.2938,1.2949,1.285,1.2886
2017-05-12,1.2886,1.29,1.2845,1.289
2017-05-15,1.2905,1.2941,1.2872,1.2896
2017-05-16,1.2896,1.2958,1.2866,1.2917
2017-05-17,1.2917,1.2991,1.2906,1.297
2017-05-18,1.297,1.3048,1.29,1.2938
2017-05-19,1.2938,1.304,1.2927,1.3036
2017-05-22,1.3011,1.3043,1.2966,1.3
2017-05-23,1.3,1.3034,1.2953,1.2961
2017-05-24,1.2961,1.2999,1.2927,1.2972
2017-05-25,1.2972,1.3015,1.2932,1.2942
2017-05-26,1.2942,1.2947,1.2776,1.2804
2017-05-29,1.2808,1.285,1.2791,1.284
2017-05-30,1.284,1.2888,1.2795,1.2859
2017-05-31,1.2859,1.2921,1.2769,1.289
2017-06-01,1.289,1.2916,1.283,1.2882
2017-06-02,1.2882,1.2904,1.2846,1.2888
2017-06-05,1.2855,1.2941,1.2853,1.2904
2017-06-06,1.2904,1.295,1.2872,1.2911
2017-06-07,1.2911,1.2967,1.2888,1.296
2017-06-08,1.296,1.2978,1.2908,1.2956
2017-06-09,1.2957,1.2958,1.2636,1.2746
2017-06-12,1.2727,1.277,1.2639,1.2659
2017-06-13,1.2659,1.2757,1.2642,1.2754
2017-06-14,1.2754,1.2818,1.2724,1.2751
2017-06-15,1.2751,1.2795,1.2691,1.2758
2017-06-16,1.2758,1.2805,1.2751,1.2783
2017-06-19,1.2789,1.2815,1.2724,1.2737
2017-06-20,1.2737,1.2758,1.2604,1.2629
2017-06-21,1.2629,1.271,1.2589,1.2671
2017-06-22,1.2671,1.2691,1.2654,1.2682
2017-06-23,1.2682,1.2744,1.2676,1.2718
2017-06-26,1.2731,1.276,1.2706,1.2723
2017-06-27,1.2723,1.2861,1.2717,1.2814
2017-06-28,1.2814,1.2972,1.2794,1.2926
2017-06-29,1.2926,1.3015,1.2924,1.3007
2017-06-30,1.3007,1.303,1.2946,1.3025
2017-07-03,1.3005,1.3024,1.2932,1.294
2017-07-04,1.294,1.2959,1.2913,1.292
2017-07-05,1.292,1.2948,1.2894,1.2934
2017-07-06,1.2934,1.2984,1.292,1.2971
2017-07-07,1.2971,1.2975,1.2867,1.289
2017-07-10,1.2888,1.2908,1.2855,1.2881
2017-07-11,1.2881,1.2927,1.2831,1.2848
2017-07-12,1.2848,1.2907,1.2812,1.2885
2017-07-13,1.2885,1.2955,1.2881,1.2939
2017-07-14,1.2939,1.3114,1.2936,1.3098
2017-07-17,1.31,1.3117,1.3047,1.3055
2017-07-18,1.3055,1.3126,1.3005,1.304
2017-07-19,1.304,1.3053,1.3011,1.3022
2017-07-20,1.3022,1.3033,1.2933,1.2973
2017-07-21,1.2973,1.302,1.2954,1.2997
2017-07-24,1.2994,1.3058,1.2984,1.3028
2017-07-25,1.3029,1.3084,1.3008,1.3025
2017-07-26,1.3025,1.3124,1.3,1.3122
2017-07-27,1.3121,1.3159,1.3052,1.3066
2017-07-28,1.3066,1.3152,1.3062,1.3136
2017-07-31,1.313,1.3224,1.3097,1.3215
2017-08-01,1.3215,1.3245,1.3191,1.3203
2017-08-02,1.3203,1.3251,1.3191,1.3223
2017-08-03,1.3223,1.3267,1.3113,1.3138
2017-08-04,1.3138,1.3164,1.3024,1.304
2017-08-07,1.3042,1.3059,1.3014,1.3035
2017-08-08,1.3035,1.3054,1.2953,1.2992
2017-08-09,1.2992,1.3028,1.2969,1.3004
2017-08-10,1.3004,1.3015,1.2952,1.2977
2017-08-11,1.2977,1.3031,1.294,1.3014
2017-08-14,1.2991,1.3022,1.2957,1.2964
2017-08-15,1.2964,1.297,1.2846,1.2869
2017-08-16,1.2869,1.2903,1.2842,1.2891
2017-08-17,1.2891,1.2909,1.2853,1.2868
2017-08-18,1.2868,1.2917,1.2832,1.287
2017-08-21,1.2871,1.2916,1.285,1.29
2017-08-22,1.29,1.2909,1.2811,1.2824
2017-08-23,1.2824,1.2834,1.278,1.28
2017-08-24,1.28,1.2837,1.2774,1.2801
2017-08-25,1.2801,1.2889,1.2794,1.2882
2017-08-28,1.29,1.2947,1.2874,1.2933
2017-08-29,1.2933,1.2979,1.2915,1.2918
2017-08-30,1.2918,1.2938,1.2879,1.2925
2017-08-31,1.2925,1.2935,1.2853,1.293
2017-09-01,1.293,1.2995,1.2906,1.2951
2017-09-04,1.2951,1.2966,1.2913,1.2931
2017-09-05,1.2931,1.3042,1.2909,1.3033
2017-09-06,1.3033,1.3082,1.3019,1.3043
2017-09-07,1.3043,1.3116,1.3033,1.3101
2017-09-08,1.3102,1.3224,1.3094,1.32
2017-09-11,1.3197,1.3222,1.3161,1.3163
2017-09-12,1.3163,1.3298,1.3161,1.3283
2017-09-13,1.3283,1.3329,1.3185,1.3211
2017-09-14,1.3211,1.3406,1.3155,1.3399
2017-09-15,1.3399,1.3616,1.3382,1.3594
2017-09-18,1.3573,1.3619,1.3465,1.3495
2017-09-19,1.3495,1.3552,1.3469,1.3503
2017-09-20,1.3503,1.3657,1.3453,1.3495
2017-09-21,1.3494,1.3587,1.3471,1.358
2017-09-22,1.358,1.3596,1.3451,1.3504
2017-09-25,1.3474,1.3571,1.3431,1.3466
2017-09-26,1.3466,1.3514,1.341,1.3458
2017-09-27,1.3458,1.3461,1.3364,1.3387
2017-09-28,1.3387,1.3455,1.3343,1.3442
2017-09-29,1.3442,1.3444,1.335,1.3398
2017-10-02,1.3381,1.3402,1.3257,1.3276
2017-10-03,1.3276,1.3288,1.3222,1.3237
2017-10-04,1.3237,1.3292,1.3235,1.3248
2017-10-05,1.3248,1.325,1.3108,1.3119
2017-10-06,1.3119,1.3121,1.3027,1.3066
2017-10-09,1.3066,1.3184,1.3053,1.3142
2017-10-10,1.3142,1.3226,1.3131,1.3203
2017-10-11,1.3203,1.3234,1.3176,1.3223
2017-10-12,1.3223,1.3291,1.3122,1.3262
2017-10-13,1.3262,1.3338,1.3248,1.3285
2017-10-16,1.3301,1.3312,1.3225,1.3251
2017-10-17,1.3252,1.3287,1.3155,1.319
2017-10-18,1.319,1.3212,1.314,1.3205
2017-10-19,1.3205,1.3229,1.3135,1.3159
2017-10-20,1.3159,1.3201,1.3088,1.319
2017-10-23,1.3188,1.3227,1.3158,1.3198
2017-10-24,1.3198,1.3228,1.3113,1.3134
2017-10-25,1.3134,1.3272,1.311,1.3262
2017-10-26,1.3262,1.3279,1.3147,1.3161
2017-10-27,1.3161,1.3162,1.307,1.3128
2017-10-30,1.312,1.3215,1.3106,1.3208
2017-10-31,1.3208,1.3289,1.319,1.3283
2017-11-01,1.3283,1.3321,1.3241,1.3245
2017-11-02,1.3245,1.3299,1.3043,1.3059
2017-11-03,1.3059,1.3132,1.304,1.3077
2017-11-06,1.3076,1.3175,1.3059,1.3171
2017-11-07,1.3171,1.3178,1.3109,1.3166
2017-11-08,1.3166,1.3176,1.3087,1.3116
2017-11-09,1.3116,1.3166,1.3085,1.3145
2017-11-10,1.3146,1.323,1.3113,1.3196
2017-11-13,1.319,1.3204,1.3062,1.3116
2017-11-14,1.3116,1.3187,1.3075,1.3165
2017-11-15,1.3165,1.3214,1.3131,1.3171
2017-11-16,1.3172,1.3208,1.3135,1.3195
2017-11-17,1.3195,1.326,1.317,1.3215
2017-11-20,1.3206,1.3279,1.3186,1.3235
2017-11-21,1.3235,1.3267,1.321,1.3239
2017-11-22,1.3239,1.333,1.3214,1.3325
2017-11-23,1.3325,1.3337,1.3285,1.3309
2017-11-24,1.3309,1.336,1.3279,1.3337
2017-11-27,1.333,1.3383,1.331,1.3318
2017-11-28,1.3318,1.3387,1.3221,1.3339
2017-11-29,1.3339,1.3448,1.3339,1.3409
2017-11-30,1.3409,1.3549,1.3408,1.3525
2017-12-01,1.3525,1.355,1.3445,1.3477
2017-12-04,1.3479,1.3539,1.3414,1.348
2017-12-05,1.348,1.3482,1.3371,1.3443
2017-12-06,1.3443,1.3445,1.3358,1.3393
2017-12-07,1.3393,1.3485,1.332,1.3474
2017-12-08,1.3474,1.352,1.3356,1.339
2017-12-11,1.3381,1.3431,1.3331,1.3341
2017-12-12,1.3341,1.338,1.3304,1.3318
2017-12-13,1.3318,1.3427,1.3312,1.342
2017-12-14,1.342,1.3466,1.3385,1.3431
2017-12-15,1.3431,1.3448,1.3302,1.332
2017-12-18,1.3327,1.3418,1.331,1.3383
2017-12-19,1.3383,1.3402,1.3331,1.3385
2017-12-20,1.3385,1.342,1.3372,1.3376
2017-12-21,1.3376,1.3388,1.3332,1.3386
2017-12-22,1.3386,1.3397,1.3347,1.3363
2017-12-25,1.3364,1.3409,1.3333,1.3371
2017-12-26,1.3371,1.3389,1.3348,1.3374
2017-12-27,1.3374,1.343,1.3368,1.34
2017-12-28,1.3399,1.3457,1.3395,1.3443
2017-12-29,1.3443,1.3544,1.3429,1.3513
2018-01-01,1.3513,1.3523,1.3503,1.3503
2018-01-02,1.3503,1.36,1.3502,1.359
2018-01-03,1.359,1.3613,1.3495,1.3516
2018-01-04,1.3516,1.356,1.3506,1.3551
2018-01-05,1.3551,1.3582,1.3524,1.3571
2018-01-08,1.3571,1.3586,1.3523,1.3568
2018-01-09,1.3568,1.3582,1.3506,1.354
2018-01-10,1.354,1.3562,1.3482,1.3507
2018-01-11,1.3507,1.3555,1.3458,1.3538
2018-01-12,1.3538,1.3744,1.3535,1.3728
2018-01-15,1.373,1.382,1.3724,1.3792
2018-01-16,1.3792,1.3806,1.3742,1.3792
2018-01-17,1.3792,1.3942,1.3757,1.3831
2018-01-18,1.3831,1.3913,1.3805,1.3894
2018-01-19,1.3894,1.3945,1.3839,1.3858
2018-01-22,1.3871,1.3991,1.3857,1.3987
2018-01-23,1.3987,1.4027,1.3916,1.4
2018-01-24,1.4,1.4263,1.3997,1.4242
2018-01-25,1.4242,1.4345,1.4083,1.4142
2018-01-26,1.4142,1.4285,1.4111,1.416
2018-01-29,1.4163,1.4209,1.4026,1.4074
2018-01-30,1.4074,1.4167,1.398,1.4147
2018-01-31,1.4147,1.4233,1.4122,1.4191
2018-02-01,1.4191,1.4278,1.416,1.4264
2018-02-02,1.4265,1.4278,1.4102,1.4118
2018-02-05,1.4131,1.4151,1.3955,1.3959
2018-02-06,1.3959,1.4,1.3836,1.3949
2018-02-07,1.3949,1.3994,1.3849,1.3881
2018-02-08,1.3881,1.4067,1.3846,1.3913
2018-02-09,1.3913,1.3987,1.3765,1.3827
2018-02-12,1.3815,1.3876,1.3796,1.3838
2018-02-13,1.3837,1.3924,1.3833,1.3894
2018-02-14,1.3894,1.4017,1.38,1.3999
2018-02-15,1.3999,1.4104,1.3995,1.4099
2018-02-16,1.4099,1.4145,1.3997,1.4026
2018-02-19,1.4025,1.405,1.3959,1.4
2018-02-20,1.4,1.4025,1.3932,1.3996
2018-02-21,1.3996,1.4009,1.3905,1.3918
2018-02-22,1.3918,1.3989,1.3857,1.3956
2018-02-23,1.3956,1.4005,1.3905,1.3971
2018-02-26,1.3974,1.407,1.3928,1.3968
2018-02-27,1.3968,1.3997,1.3858,1.3909
2018-02-28,1.3909,1.3916,1.3757,1.376
2018-03-01,1.376,1.3785,1.3712,1.3776
2018-03-02,1.3776,1.3817,1.3756,1.3802
2018-03-05,1.3778,1.3877,1.3767,1.3849
2018-03-06,1.3849,1.393,1.3817,1.3888
2018-03-07,1.3888,1.3912,1.3846,1.3896
2018-03-08,1.3896,1.391,1.3782,1.3811
2018-03-09,1.381,1.3889,1.3788,1.385
2018-03-12,1.3851,1.3918,1.3841,1.3906
2018-03-13,1.3906,1.3994,1.3875,1.3962
2018-03-14,1.3962,1.3996,1.3926,1.3962
2018-03-15,1.3962,1.3989,1.3922,1.3937
2018-03-16,1.3937,1.398,1.389,1.3942
2018-03-19,1.3941,1.4088,1.3913,1.4024
2018-03-20,1.4024,1.4067,1.3983,1.3998
2018-03-21,1.3998,1.4151,1.3997,1.4141
2018-03-22,1.4141,1.4219,1.4076,1.4096
2018-03-23,1.4096,1.4172,1.4085,1.4132
2018-03-26,1.4143,1.4245,1.4128,1.4229
2018-03-27,1.4229,1.4244,1.4066,1.4157
2018-03-28,1.4157,1.42,1.4071,1.4077
2018-03-29,1.4077,1.4096,1.4011,1.4018
2018-03-30,1.4018,1.406,1.4011,1.4015
2018-04-02,1.4027,1.4078,1.4019,1.4044
2018-04-03,1.4044,1.4089,1.4021,1.4057
2018-04-04,1.4057,1.4097,1.4015,1.4079
2018-04-05,1.4079,1.4097,1.3966,1.4003
2018-04-06,1.4003,1.4105,1.3983,1.4092
2018-04-09,1.41,1.4164,1.4077,1.4131
2018-04-10,1.4131,1.4188,1.4121,1.4176
2018-04-11,1.4176,1.4223,1.4161,1.4177
2018-04-12,1.4177,1.4247,1.4146,1.4228
2018-04-13,1.4228,1.4297,1.4221,1.4238
2018-04-16,1.4261,1.4344,1.4232,1.4339
2018-04-17,1.4339,1.4377,1.4283,1.4288
2018-04-18,1.4288,1.4315,1.4174,1.4203
2018-04-19,1.4203,1.4246,1.4069,1.4087
2018-04-20,1.4088,1.4091,1.3997,1.4
2018-04-23,1.4007,1.4031,1.3926,1.394
2018-04-24,1.394,1.3987,1.3918,1.3978
2018-04-25,1.3978,1.3997,1.3924,1.3932
2018-04-26,1.3932,1.3998,1.3895,1.3919
2018-04-27,1.3919,1.3935,1.3747,1.3781
2018-04-30,1.3771,1.3804,1.3713,1.3763
2018-05-01,1.3763,1.3773,1.3588,1.3614
2018-05-02,1.3614,1.3666,1.3555,1.3576
2018-05-03,1.3576,1.363,1.3538,1.3575
2018-05-04,1.3575,1.3586,1.3487,1.3531
2018-05-07,1.3525,1.3575,1.3516,1.3557
2018-05-08,1.3557,1.3593,1.3485,1.3547
2018-05-09,1.3547,1.3607,1.3499,1.3547
2018-05-10,1.3547,1.3618,1.346,1.3519
2018-05-11,1.3519,1.3596,1.3502,1.3542
2018-05-14,1.3557,1.3608,1.3535,1.3556
2018-05-15,1.3556,1.3572,1.3451,1.3502
2018-05-16,1.3502,1.3521,1.3456,1.3486
2018-05-17,1.3486,1.3569,1.3475,1.3516
2018-05-18,1.3516,1.3528,1.3455,1.3469
2018-05-21,1.3467,1.3493,1.3391,1.3427
2018-05-22,1.3427,1.3492,1.3413,1.3432
2018-05-23,1.3432,1.3443,1.3306,1.3347
2018-05-24,1.3347,1.3422,1.3337,1.338
2018-05-25,1.338,1.3389,1.3295,1.3309
2018-05-28,1.3321,1.3341,1.3297,1.3311
2018-05-29,1.3311,1.3325,1.3205,1.3249
2018-05-30,1.3248,1.3307,1.3242,1.3286
2018-05-31,1.3286,1.3348,1.3278,1.3298
2018-06-01,1.3298,1.3362,1.3254,1.3346
2018-06-04,1.3339,1.3399,1.3295,1.3313
2018-06-05,1.3313,1.3409,1.3302,1.3393
2018-06-06,1.3393,1.3443,1.3381,1.3413
2018-06-07,1.3413,1.3472,1.3373,1.3423
2018-06-08,1.3423,1.3439,1.3355,1.3405
2018-06-11,1.3403,1.3441,1.3345,1.3379
2018-06-12,1.3378,1.3425,1.3342,1.3372
2018-06-13,1.3372,1.339,1.3308,1.3376
2018-06-14,1.3376,1.3447,1.3258,1.3262
2018-06-15,1.3262,1.3298,1.3212,1.3278
2018-06-18,1.3255,1.3291,1.3226,1.3245
2018-06-19,1.3245,1.3273,1.3151,1.3174
2018-06-20,1.3174,1.3216,1.3148,1.3172
2018-06-21,1.3172,1.327,1.3102,1.324
2018-06-22,1.324,1.3315,1.3238,1.3261
2018-06-25,1.3277,1.329,1.3221,1.3281
2018-06-26,1.3281,1.3292,1.3193,1.3225
2018-06-27,1.3225,1.3234,1.3107,1.3113
2018-06-28,1.3113,1.3121,1.305,1.3078
2018-06-29,1.3078,1.3214,1.3069,1.3207
2018-07-02,1.317,1.3209,1.3095,1.3143
2018-07-03,1.3143,1.3207,1.3115,1.3193
2018-07-04,1.3193,1.325,1.3171,1.323
2018-07-05,1.323,1.3275,1.3204,1.3222
2018-07-06,1.3222,1.329,1.3204,1.3283
2018-07-09,1.3305,1.3363,1.319,1.326
2018-07-10,1.326,1.3301,1.3224,1.3276
2018-07-11,1.3275,1.3285,1.32,1.3205
2018-07-12,1.3205,1.3245,1.3181,1.3206
2018-07-13,1.3206,1.3239,1.3103,1.3222
2018-07-16,1.3244,1.3293,1.3217,1.3235
2018-07-17,1.3235,1.3269,1.307,1.3115
2018-07-18,1.3115,1.312,1.301,1.3069
2018-07-19,1.3069,1.3083,1.2958,1.3014
2018-07-20,1.3014,1.314,1.2995,1.3136
2018-07-23,1.3096,1.3158,1.3083,1.3101
2018-07-24,1.3101,1.3159,1.3072,1.3145
2018-07-25,1.3145,1.3201,1.3133,1.3189
2018-07-26,1.3189,1.3213,1.3106,1.3109
2018-07-27,1.3109,1.3131,1.3083,1.3105
2018-07-30,1.3096,1.3152,1.3084,1.3133
2018-07-31,1.3133,1.3173,1.309,1.3124
2018-08-01,1.3124,1.3144,1.3096,1.3127
2018-08-02,1.3127,1.3129,1.3015,1.3017
2018-08-03,1.3017,1.3043,1.2976,1.3001
2018-08-06,1.3011,1.3021,1.292,1.2944
2018-08-07,1.2944,1.2974,1.2924,1.2939
2018-08-08,1.2939,1.296,1.2854,1.2882
2018-08-09,1.2882,1.2912,1.282,1.2824
2018-08-10,1.2824,1.2837,1.2723,1.2758
2018-08-13,1.2744,1.2791,1.2724,1.2771
2018-08-14,1.2771,1.2827,1.2705,1.2723
2018-08-15,1.2723,1.2736,1.2662,1.2697
2018-08-16,1.2697,1.2754,1.2686,1.2716
2018-08-17,1.2716,1.2753,1.2697,1.2749
2018-08-20,1.2725,1.28,1.2724,1.2798
2018-08-21,1.2798,1.2925,1.2794,1.2901
2018-08-22,1.2901,1.2936,1.2868,1.2911
2018-08-23,1.2911,1.2919,1.2805,1.2811
2018-08-24,1.2811,1.2881,1.28,1.2846
2018-08-27,1.2847,1.2901,1.2829,1.2892
2018-08-28,1.2892,1.2932,1.2862,1.2873
2018-08-29,1.2873,1.3033,1.2846,1.3026
2018-08-30,1.3026,1.3043,1.2985,1.3009
2018-08-31,1.3009,1.3029,1.2946,1.296
2018-09-03,1.295,1.2967,1.2855,1.287
2018-09-04,1.287,1.2876,1.2811,1.2855
2018-09-05,1.2855,1.2983,1.2786,1.2905
2018-09-06,1.2905,1.2962,1.2897,1.293
2018-09-07,1.293,1.3028,1.2909,1.292
2018-09-10,1.2933,1.3052,1.2897,1.3026
2018-09-11,1.3026,1.3087,1.2965,1.3033
2018-09-12,1.3033,1.3079,1.298,1.3045
2018-09-13,1.3044,1.3124,1.3026,1.3108
2018-09-14,1.3108,1.3143,1.3057,1.3068
2018-09-17,1.3064,1.3165,1.3058,1.3157
2018-09-18,1.3157,1.3172,1.3119,1.3148
2018-09-19,1.3148,1.3215,1.3099,1.3144
2018-09-20,1.3144,1.3298,1.3135,1.3265
2018-09-21,1.3266,1.3277,1.3056,1.3072
2018-09-24,1.3083,1.3167,1.3056,1.312
2018-09-25,1.312,1.3194,1.3095,1.3184
2018-09-26,1.3184,1.3218,1.3138,1.3167
2018-09-27,1.3167,1.3179,1.3075,1.3079
2018-09-28,1.3079,1.309,1.3001,1.3031
2018-10-01,1.3029,1.3116,1.3012,1.3042
2018-10-02,1.3043,1.3053,1.2941,1.2979
2018-10-03,1.2979,1.3023,1.2925,1.294
2018-10-04,1.294,1.3041,1.2922,1.3021
2018-10-05,1.3021,1.3123,1.3003,1.312
2018-10-08,1.311,1.3134,1.3028,1.309
2018-10-09,1.309,1.315,1.3033,1.3143
2018-10-10,1.3143,1.3216,1.3135,1.3196
2018-10-11,1.3196,1.3247,1.3182,1.323
2018-10-12,1.323,1.3258,1.3148,1.3153
2018-10-15,1.3142,1.3182,1.3082,1.3152
2018-10-16,1.3152,1.3236,1.3141,1.3181
2018-10-17,1.3181,1.3193,1.3099,1.3115
2018-10-18,1.3115,1.3131,1.3016,1.3018
2018-10-19,1.3018,1.3104,1.3012,1.3076
2018-10-22,1.3061,1.309,1.2957,1.2963
2018-10-23,1.2963,1.3044,1.2937,1.2983
2018-10-24,1.2983,1.2991,1.2867,1.2881
2018-10-25,1.2881,1.2919,1.2798,1.2817
2018-10-26,1.2817,1.2842,1.2777,1.2828
2018-10-29,1.283,1.2853,1.2792,1.2793
2018-10-30,1.2793,1.2813,1.2696,1.2706
2018-10-31,1.2706,1.2831,1.2699,1.2766
2018-11-01,1.2766,1.3035,1.2763,1.3012
2018-11-02,1.3012,1.3041,1.2952,1.297
2018-11-05,1.3019,1.3065,1.2965,1.3041
2018-11-06,1.3041,1.3107,1.3021,1.3099
2018-11-07,1.31,1.3175,1.3074,1.3126
2018-11-08,1.3126,1.315,1.3045,1.3062
2018-11-09,1.3062,1.3072,1.2959,1.2972
2018-11-12,1.2951,1.2964,1.2828,1.2849
2018-11-13,1.2849,1.3047,1.2842,1.2977
2018-11-14,1.2978,1.3072,1.2882,1.2992
2018-11-15,1.2992,1.303,1.2724,1.2774
2018-11-16,1.2774,1.2878,1.2762,1.2834
2018-11-19,1.2834,1.2884,1.2795,1.2854
2018-11-20,1.2854,1.2883,1.2777,1.2788
2018-11-21,1.2788,1.282,1.2764,1.2778
2018-11-22,1.2778,1.2927,1.2771,1.2877
2018-11-23,1.2878,1.2883,1.2799,1.2814
2018-11-26,1.2848,1.2864,1.2796,1.2827
2018-11-27,1.2829,1.283,1.2725,1.2747
2018-11-28,1.2746,1.2847,1.2733,1.2825
2018-11-29,1.2825,1.285,1.2756,1.2791
2018-11-30,1.2791,1.281,1.2735,1.2749
2018-12-03,1.2748,1.2825,1.2699,1.2725
2018-12-04,1.2725,1.284,1.2659,1.2719
2018-12-05,1.2719,1.2798,1.2672,1.2734
2018-12-06,1.2734,1.2812,1.27,1.2781
2018-12-07,1.2781,1.2797,1.2711,1.2726
2018-12-10,1.2754,1.2769,1.2507,1.2561
2018-12-11,1.2561,1.2639,1.248,1.2487
2018-12-12,1.2487,1.2672,1.2478,1.2629
2018-12-13,1.2629,1.2687,1.261,1.2643
2018-12-14,1.2643,1.2667,1.253,1.2583
2018-12-17,1.2579,1.2647,1.2571,1.2624
2018-12-18,1.2624,1.2706,1.261,1.2639
2018-12-19,1.2639,1.2679,1.2607,1.261
2018-12-20,1.261,1.2707,1.2608,1.2656
2018-12-21,1.2656,1.2698,1.2618,1.2645
2018-12-24,1.2648,1.2739,1.2635,1.2706
2018-12-25,1.2706,1.2744,1.2633,1.2675
2018-12-26,1.2675,1.2719,1.2631,1.2633
2018-12-27,1.2633,1.2675,1.2616,1.2644
2018-12-28,1.2644,1.2707,1.2635,1.2699
2018-12-31,1.2687,1.2815,1.267,1.2754
2019-01-01,1.2754,1.276,1.2731,1.274
2019-01-02,1.2736,1.2773,1.2582,1.2607
2019-01-03,1.2606,1.2648,1.2441,1.2628
2019-01-04,1.2629,1.2745,1.2616,1.2723
2019-01-07,1.2701,1.2787,1.2701,1.2777
2019-01-08,1.2777,1.2797,1.2707,1.2717
2019-01-09,1.2717,1.2804,1.2712,1.2789
2019-01-10,1.2789,1.2801,1.2728,1.2747
2019-01-11,1.2747,1.2866,1.271,1.2844
2019-01-14,1.2849,1.293,1.2819,1.2864
2019-01-15,1.2863,1.2916,1.267,1.2861
2019-01-16,1.286,1.2898,1.2825,1.2885
2019-01-17,1.2885,1.3001,1.2832,1.2986
2019-01-18,1.2986,1.2994,1.2857,1.2872
2019-01-21,1.2861,1.2911,1.2831,1.2892
2019-01-22,1.2893,1.2975,1.2856,1.2954
2019-01-23,1.2954,1.3081,1.2943,1.3069
2019-01-24,1.3069,1.3094,1.3012,1.3066
2019-01-25,1.3066,1.3217,1.3058,1.3196
2019-01-28,1.3189,1.3212,1.3137,1.3163
2019-01-29,1.3162,1.32,1.3057,1.3066
2019-01-30,1.3066,1.3146,1.3055,1.3116
2019-01-31,1.3116,1.316,1.3098,1.3109
2019-02-01,1.3109,1.3115,1.3044,1.3079
2019-02-04,1.3077,1.3103,1.3029,1.3037
2019-02-05,1.3036,1.3053,1.2925,1.2945
2019-02-06,1.2945,1.2979,1.2925,1.2932
2019-02-07,1.2933,1.2996,1.2854,1.2952
2019-02-08,1.2952,1.2976,1.2921,1.2944
2019-02-11,1.2946,1.295,1.2845,1.2855
2019-02-12,1.2855,1.2909,1.2833,1.2892
2019-02-13,1.2892,1.2958,1.2845,1.2846
2019-02-14,1.2846,1.2878,1.2773,1.2803
2019-02-15,1.2803,1.2898,1.2785,1.2889
2019-02-18,1.2897,1.2939,1.2892,1.2924
2019-02-19,1.2924,1.3073,1.2896,1.3062
2019-02-20,1.3062,1.3109,1.3012,1.305
2019-02-21,1.305,1.3095,1.3026,1.3043
2019-02-22,1.3043,1.308,1.2968,1.3053
2019-02-25,1.306,1.3114,1.305,1.3097
2019-02-26,1.3097,1.3288,1.3096,1.3252
2019-02-27,1.3252,1.335,1.3233,1.3309
2019-02-28,1.3309,1.332,1.3254,1.3263
2019-03-01,1.3263,1.3286,1.3172,1.3202
2019-03-04,1.3239,1.3273,1.3167,1.318
2019-03-05,1.318,1.3199,1.3098,1.3178
2019-03-06,1.3178,1.3181,1.3124,1.317
2019-03-07,1.317,1.3185,1.3069,1.3085
2019-03-08,1.3085,1.3109,1.299,1.3015
2019-03-11,1.3005,1.317,1.2949,1.315
2019-03-12,1.3151,1.3289,1.3005,1.3075
2019-03-13,1.3075,1.3381,1.3061,1.3338
2019-03-14,1.3338,1.334,1.3208,1.3242
2019-03-15,1.3242,1.33,1.3203,1.329
2019-03-18,1.3294,1.33,1.3185,1.3255
2019-03-19,1.3256,1.3311,1.3241,1.3268
2019-03-20,1.3268,1.3276,1.3147,1.3198
2019-03-21,1.3198,1.3227,1.3004,1.3107
2019-03-22,1.3107,1.3224,1.3081,1.3209
2019-03-25,1.3186,1.3246,1.316,1.3195
2019-03-26,1.3195,1.3262,1.3158,1.3212
2019-03-27,1.3211,1.3269,1.3167,1.3189
2019-03-28,1.3189,1.3213,1.3035,1.3044
2019-03-29,1.3044,1.3136,1.2978,1.3035
2019-04-01,1.3036,1.315,1.301,1.3103
2019-04-02,1.3103,1.3149,1.3014,1.3128
2019-04-03,1.3128,1.3196,1.3122,1.3158
2019-04-04,1.3158,1.3191,1.306,1.3077
2019-04-05,1.3077,1.3123,1.2987,1.3038
2019-04-08,1.3027,1.3074,1.3027,1.3061
2019-04-09,1.3061,1.3122,1.3031,1.3052
2019-04-10,1.3052,1.312,1.3041,1.3091
2019-04-11,1.3091,1.3109,1.3051,1.3058
2019-04-12,1.3058,1.3133,1.3051,1.3074
2019-04-15,1.3076,1.3119,1.3071,1.31
2019-04-16,1.31,1.3106,1.3043,1.3048
2019-04-17,1.3048,1.3067,1.3029,1.3043
2019-04-18,1.3043,1.3053,1.2979,1.2991
2019-04-19,1.2991,1.301,1.2983,1.2993
2019-04-22,1.2995,1.3002,1.2976,1.2982
2019-04-23,1.2982,1.3019,1.2929,1.2938
2019-04-24,1.2938,1.2963,1.2888,1.2902
2019-04-25,1.2902,1.292,1.2866,1.2899
2019-04-26,1.2899,1.2943,1.2876,1.2916
2019-04-29,1.2926,1.2947,1.2905,1.2937
2019-04-30,1.2936,1.3049,1.2926,1.3032
2019-05-01,1.3032,1.3102,1.303,1.305
2019-05-02,1.305,1.308,1.3018,1.3032
2019-05-03,1.3032,1.3177,1.299,1.3173
2019-05-06,1.3105,1.3185,1.3082,1.3097
2019-05-07,1.3097,1.3131,1.304,1.3075
2019-05-08,1.3075,1.308,1.2987,1.3006
2019-05-09,1.3006,1.3036,1.2968,1.3014
2019-05-10,1.3014,1.3048,1.2991,1.2998
2019-05-13,1.3021,1.3041,1.2941,1.2958
2019-05-14,1.2958,1.297,1.2904,1.2905
2019-05-15,1.2905,1.2923,1.2827,1.2845
2019-05-16,1.2845,1.2852,1.2788,1.2798
2019-05-17,1.2798,1.28,1.2715,1.2724
2019-05-20,1.2737,1.2757,1.2715,1.2726
2019-05-21,1.2726,1.2813,1.2685,1.2706
2019-05-22,1.2706,1.2719,1.2624,1.2665
2019-05-23,1.2665,1.2684,1.2606,1.2657
2019-05-24,1.2657,1.2733,1.2648,1.2714
2019-05-27,1.2725,1.2753,1.2668,1.2679
2019-05-28,1.2679,1.2702,1.2651,1.2653
2019-05-29,1.2653,1.2671,1.2612,1.2626
2019-05-30,1.2626,1.264,1.2581,1.2608
2019-05-31,1.2608,1.2645,1.2559,1.2629
2019-06-03,1.2627,1.2674,1.2611,1.2664
2019-06-04,1.2664,1.2714,1.2642,1.2698
2019-06-05,1.2698,1.2744,1.2681,1.2687
2019-06-06,1.2687,1.2742,1.2669,1.2694
2019-06-07,1.2694,1.2763,1.2689,1.2737
2019-06-10,1.2711,1.2747,1.2653,1.2685
2019-06-11,1.2685,1.2732,1.267,1.2725
2019-06-12,1.2725,1.2759,1.2682,1.2689
2019-06-13,1.2689,1.2708,1.2662,1.2674
2019-06-14,1.2674,1.2682,1.258,1.2589
2019-06-17,1.2599,1.2606,1.2532,1.2534
2019-06-18,1.2534,1.2565,1.2506,1.2558
2019-06-19,1.2558,1.2674,1.2543,1.2639
2019-06-20,1.264,1.2727,1.2633,1.2702
2019-06-21,1.2702,1.2747,1.2643,1.2737
2019-06-24,1.2723,1.2767,1.2708,1.2743
2019-06-25,1.2743,1.2784,1.2672,1.2689
2019-06-26,1.2689,1.2707,1.2663,1.269
2019-06-27,1.269,1.2725,1.2662,1.2674
2019-06-28,1.2674,1.2735,1.2664,1.2696
2019-07-01,1.2694,1.2717,1.2632,1.2641
2019-07-02,1.2641,1.2648,1.2584,1.2593
2019-07-03,1.2593,1.26,1.2557,1.2574
2019-07-04,1.2574,1.2591,1.2567,1.2579
2019-07-05,1.2579,1.2588,1.2481,1.2521
2019-07-08,1.2516,1.254,1.25,1.2515
2019-07-09,1.2515,1.2523,1.244,1.2465
2019-07-10,1.2465,1.2521,1.2444,1.2502
2019-07-11,1.2502,1.2571,1.2496,1.2521
2019-07-12,1.2521,1.2579,1.252,1.2572
2019-07-15,1.2552,1.2582,1.251,1.2516
2019-07-16,1.2516,1.2521,1.2397,1.2407
2019-07-17,1.2407,1.2457,1.2382,1.2433
2019-07-18,1.2433,1.2558,1.2427,1.2549
2019-07-19,1.2549,1.2556,1.2476,1.2502
2019-07-22,1.253,1.253,1.2456,1.2476
2019-07-23,1.2476,1.2482,1.2418,1.244
2019-07-24,1.2441,1.2522,1.2427,1.2484
2019-07-25,1.2484,1.2518,1.2437,1.2458
2019-07-26,1.2459,1.246,1.2376,1.2384
2019-07-29,1.2387,1.2399,1.2212,1.2219
2019-07-30,1.2219,1.2226,1.2119,1.2152
2019-07-31,1.2152,1.225,1.2134,1.2159
2019-08-01,1.2158,1.2171,1.208,1.2128
2019-08-02,1.2126,1.217,1.2091,1.2162
2019-08-05,1.2135,1.2188,1.2102,1.2143
2019-08-06,1.2143,1.221,1.2136,1.2171
2019-08-07,1.2171,1.2191,1.2121,1.2143
2019-08-08,1.2143,1.2182,1.2095,1.2133
2019-08-09,1.2133,1.2152,1.2025,1.2033
2019-08-12,1.2066,1.2106,1.2015,1.2076
2019-08-13,1.2076,1.2098,1.2042,1.206
2019-08-14,1.206,1.2101,1.2045,1.206
2019-08-15,1.206,1.2151,1.2051,1.2088
2019-08-16,1.2088,1.2175,1.2078,1.2149
2019-08-19,1.215,1.2173,1.2105,1.2126
2019-08-20,1.2126,1.2179,1.2065,1.217
2019-08-21,1.217,1.2175,1.2112,1.213
2019-08-22,1.213,1.2273,1.2109,1.2251
2019-08-23,1.2251,1.2294,1.2195,1.2266
2019-08-26,1.2267,1.2286,1.2208,1.2217
2019-08-27,1.2217,1.231,1.2209,1.229
2019-08-28,1.229,1.2293,1.2157,1.2212
2019-08-29,1.2212,1.2232,1.2172,1.2181
2019-08-30,1.2181,1.2225,1.214,1.2156
2019-09-02,1.2149,1.2175,1.2036,1.2066
2019-09-03,1.2065,1.2106,1.1959,1.2081
2019-09-04,1.2081,1.2258,1.2079,1.2253
2019-09-05,1.2253,1.2354,1.221,1.2334
2019-09-06,1.2334,1.2344,1.228,1.2283
2019-09-09,1.2291,1.2385,1.2234,1.2346
2019-09-10,1.2346,1.2379,1.2307,1.235
2019-09-11,1.2349,1.2371,1.2313,1.2326
2019-09-12,1.2325,1.2367,1.2284,1.2335
2019-09-13,1.2335,1.2506,1.2327,1.2501
2019-09-16,1.2488,1.2523,1.24,1.2431
2019-09-17,1.2431,1.2527,1.2393,1.25
2019-09-18,1.25,1.2515,1.2439,1.2472
2019-09-19,1.2472,1.256,1.2438,1.2526
2019-09-20,1.2526,1.2582,1.246,1.2478
2019-09-23,1.2476,1.2491,1.2413,1.2429
2019-09-24,1.2429,1.2503,1.2414,1.2487
2019-09-25,1.2487,1.2499,1.2348,1.2353
2019-09-26,1.2353,1.2381,1.2303,1.2328
2019-09-27,1.233,1.2337,1.2271,1.2292
2019-09-30,1.2299,1.2346,1.2276,1.2289
2019-10-01,1.2289,1.2339,1.2207,1.2302
2019-10-02,1.2301,1.2324,1.2227,1.2303
2019-10-03,1.2303,1.2413,1.2266,1.2332
2019-10-04,1.2332,1.2357,1.2276,1.2331
2019-10-07,1.2313,1.2337,1.2287,1.2293
2019-10-08,1.2293,1.2303,1.2195,1.2219
2019-10-09,1.2219,1.2291,1.2198,1.2206
2019-10-10,1.2206,1.2469,1.2206,1.2443
2019-10-11,1.2443,1.2707,1.2409,1.2668
2019-10-14,1.2638,1.2667,1.2516,1.2608
2019-10-15,1.2609,1.28,1.2603,1.2787
2019-10-16,1.2787,1.2877,1.2658,1.2832
2019-10-17,1.2832,1.299,1.275,1.2891
2019-10-18,1.2891,1.2985,1.284,1.2984
2019-10-21,1.2925,1.3013,1.2875,1.296
2019-10-22,1.296,1.3,1.2862,1.2872
2019-10-23,1.2872,1.2922,1.2841,1.2912
2019-10-24,1.2912,1.295,1.2789,1.2851
2019-10-25,1.2851,1.2863,1.2804,1.2827
2019-10-28,1.2825,1.2877,1.2812,1.2863
2019-10-29,1.2863,1.2905,1.2807,1.2862
2019-10-30,1.2862,1.2908,1.2845,1.2902
2019-10-31,1.2902,1.2976,1.2895,1.2942
2019-11-01,1.2942,1.2973,1.2927,1.2946
2019-11-04,1.2939,1.2946,1.2876,1.2884
2019-11-05,1.2884,1.2917,1.2859,1.2884
2019-11-06,1.2884,1.2897,1.2844,1.2855
2019-11-07,1.2855,1.2878,1.2795,1.2817
2019-11-08,1.2816,1.2825,1.2769,1.2774
2019-11-11,1.2778,1.2898,1.2778,1.2855
2019-11-12,1.2855,1.2874,1.2816,1.2845
2019-11-13,1.2845,1.2862,1.2822,1.2851
2019-11-14,1.2851,1.2888,1.2825,1.2882
2019-11-15,1.2882,1.2919,1.2868,1.2897
2019-11-18,1.2897,1.2985,1.2897,1.2953
2019-11-19,1.2953,1.297,1.2911,1.2926
2019-11-20,1.2926,1.2931,1.2888,1.2924
2019-11-21,1.2924,1.297,1.2893,1.2914
2019-11-22,1.2914,1.2928,1.2824,1.2834
2019-11-25,1.2845,1.2912,1.2841,1.29
2019-11-26,1.29,1.2908,1.2836,1.2866
2019-11-27,1.2866,1.2921,1.2827,1.2921
2019-11-28,1.292,1.2951,1.2899,1.2912
2019-11-29,1.2912,1.2944,1.2879,1.2925
2019-12-02,1.2917,1.2949,1.2896,1.2939
2019-12-03,1.2939,1.3011,1.2931,1.2995
2019-12-04,1.2995,1.312,1.2983,1.3104
2019-12-05,1.3104,1.3166,1.3103,1.3157
2019-12-06,1.3157,1.3166,1.3101,1.314
2019-12-09,1.3123,1.3181,1.3116,1.3147
2019-12-10,1.3147,1.3215,1.3133,1.3156
2019-12-11,1.3157,1.3214,1.3108,1.3196
2019-12-12,1.3196,1.3229,1.3051,1.3161
2019-12-13,1.3161,1.3514,1.3159,1.3331
2019-12-16,1.3338,1.3422,1.3321,1.3332
2019-12-17,1.3332,1.3338,1.31,1.3131
2019-12-18,1.3131,1.3134,1.306,1.3078
2019-12-19,1.3078,1.3133,1.299,1.3009
2019-12-20,1.3009,1.308,1.2979,1.2999
2019-12-23,1.3001,1.3032,1.2905,1.2936
2019-12-24,1.2936,1.2971,1.2917,1.2944
2019-12-25,1.2945,1.297,1.2913,1.2961
2019-12-26,1.2961,1.3016,1.2951,1.2993
2019-12-27,1.2994,1.3117,1.2969,1.3078
2019-12-30,1.3066,1.315,1.3066,1.3113
2019-12-31,1.3113,1.3284,1.3106,1.3257
2020-01-01,1.3257,1.3278,1.3244,1.3254
2020-01-02,1.3254,1.3266,1.3116,1.3145
2020-01-03,1.3145,1.316,1.3054,1.3083
2020-01-06,1.3085,1.3175,1.3064,1.3171
2020-01-07,1.3172,1.3212,1.3095,1.3126
2020-01-08,1.3126,1.317,1.3081,1.3097
2020-01-09,1.3097,1.3124,1.3013,1.3067
2020-01-10,1.3067,1.3097,1.3043,1.3064
2020-01-13,1.3055,1.3064,1.2961,1.2989
2020-01-14,1.2989,1.3033,1.2955,1.3019
2020-01-15,1.3019,1.3043,1.2986,1.3038
2020-01-16,1.3038,1.3083,1.3026,1.308
2020-01-17,1.308,1.3118,1.3007,1.3016
2020-01-20,1.2989,1.3014,1.2962,1.301
2020-01-21,1.301,1.3084,1.2996,1.305
2020-01-22,1.305,1.3153,1.3035,1.3142
2020-01-23,1.3142,1.3151,1.3097,1.3123
2020-01-24,1.3123,1.3173,1.3057,1.3073
2020-01-27,1.3083,1.3105,1.304,1.3057
2020-01-28,1.3057,1.3065,1.2975,1.3028
2020-01-29,1.3028,1.303,1.299,1.3021
2020-01-30,1.3021,1.311,1.2978,1.3093
2020-01-31,1.3093,1.321,1.3084,1.3206
2020-02-03,1.3215,1.3215,1.2983,1.2995
2020-02-04,1.2995,1.3047,1.2941,1.3031
2020-02-05,1.3031,1.307,1.2956,1.3002
2020-02-06,1.3002,1.3003,1.2921,1.2931
2020-02-07,1.2931,1.2959,1.2882,1.2892
2020-02-10,1.2895,1.2946,1.2872,1.2915
2020-02-11,1.2915,1.2968,1.2895,1.2952
2020-02-12,1.2952,1.2991,1.295,1.296
2020-02-13,1.296,1.307,1.2944,1.3046
2020-02-14,1.3046,1.3063,1.3001,1.3047
2020-02-17,1.3039,1.3054,1.2999,1.3008
2020-02-18,1.3008,1.3049,1.2971,1.2998
2020-02-19,1.2998,1.3023,1.2908,1.292
2020-02-20,1.292,1.2929,1.2849,1.2882
2020-02-21,1.2881,1.2981,1.2878,1.2964
2020-02-24,1.2964,1.297,1.2887,1.2924
2020-02-25,1.2923,1.3018,1.2915,1.3005
2020-02-26,1.3005,1.301,1.2896,1.2905
2020-02-27,1.2905,1.2946,1.286,1.2887
2020-02-28,1.2887,1.292,1.2726,1.2823
2020-03-02,1.2808,1.2851,1.274,1.2754
2020-03-03,1.2754,1.2844,1.2742,1.2811
2020-03-04,1.2811,1.2873,1.277,1.2872
2020-03-05,1.2872,1.2969,1.2861,1.2954
2020-03-06,1.2954,1.3052,1.2947,1.3048
2020-03-09,1.3032,1.32,1.3019,1.3117
2020-03-10,1.3117,1.313,1.2882,1.2911
2020-03-11,1.2912,1.2977,1.2805,1.282
2020-03-12,1.282,1.2849,1.2491,1.2571
2020-03-13,1.2571,1.2624,1.2265,1.2278
2020-03-16,1.2286,1.2425,1.2202,1.2271
2020-03-17,1.2271,1.2273,1.2003,1.2055
2020-03-18,1.2055,1.213,1.1453,1.1608
2020-03-19,1.1608,1.1794,1.1474,1.1485
2020-03-20,1.1485,1.1934,1.1412,1.1629
2020-03-23,1.1687,1.1739,1.1447,1.1542
2020-03-24,1.1542,1.18,1.1503,1.1762
2020-03-25,1.1762,1.1973,1.164,1.1878
2020-03-26,1.1878,1.2229,1.1777,1.2203
2020-03-27,1.2203,1.2486,1.2132,1.246
2020-03-30,1.2454,1.2467,1.2318,1.2414
2020-03-31,1.2414,1.2473,1.2245,1.242
2020-04-01,1.242,1.2439,1.2331,1.2371
2020-04-02,1.2371,1.2475,1.2349,1.2396
2020-04-03,1.2396,1.241,1.2206,1.2269
2020-04-06,1.2267,1.2327,1.221,1.2231
2020-04-07,1.2231,1.2385,1.2166,1.2332
2020-04-08,1.2332,1.242,1.2288,1.2383
2020-04-09,1.2383,1.2484,1.2361,1.2458
2020-04-10,1.2458,1.2487,1.2446,1.2455
2020-04-13,1.2452,1.2537,1.2442,1.2515
2020-04-14,1.2515,1.2648,1.2504,1.2623
2020-04-15,1.2623,1.2631,1.2438,1.2518
2020-04-16,1.2518,1.2529,1.2408,1.2457
2020-04-17,1.2457,1.2522,1.2407,1.2499
2020-04-20,1.2495,1.2502,1.2417,1.2442
2020-04-21,1.2443,1.2448,1.2248,1.2289
2020-04-22,1.2289,1.2386,1.2275,1.2334
2020-04-23,1.2334,1.2415,1.2308,1.2344
2020-04-24,1.2344,1.2377,1.2298,1.2367
2020-04-27,1.2368,1.2455,1.236,1.2431
2020-04-28,1.2431,1.2518,1.2404,1.2426
2020-04-29,1.2426,1.2486,1.2389,1.2469
2020-04-30,1.2469,1.2643,1.2429,1.2594
2020-05-01,1.2594,1.2601,1.2483,1.2506
2020-05-04,1.251,1.2516,1.2406,1.2443
2020-05-05,1.2443,1.2484,1.2421,1.2435
2020-05-06,1.2435,1.245,1.2335,1.235
2020-05-07,1.235,1.2418,1.2266,1.2362
2020-05-08,1.2362,1.2467,1.2355,1.241
2020-05-11,1.2411,1.2438,1.2283,1.2335
2020-05-12,1.2334,1.2377,1.2256,1.226
2020-05-13,1.226,1.234,1.221,1.2232
2020-05-14,1.2232,1.2242,1.2166,1.223
2020-05-15,1.223,1.2239,1.2102,1.2116
2020-05-18,1.2097,1.2228,1.2076,1.2194
2020-05-19,1.2194,1.2296,1.2184,1.2253
2020-05-20,1.2253,1.2288,1.2222,1.2245
2020-05-21,1.2246,1.2253,1.2186,1.2223
2020-05-22,1.2223,1.2234,1.2162,1.2173
2020-05-25,1.2188,1.2204,1.2164,1.2191
2020-05-26,1.2191,1.2363,1.2184,1.2334
2020-05-27,1.2334,1.2354,1.2206,1.2261
2020-05-28,1.226,1.2345,1.2234,1.2321
2020-05-29,1.2321,1.2394,1.2291,1.2343
2020-06-01,1.2348,1.2507,1.2322,1.2492
2020-06-02,1.2492,1.2576,1.2479,1.2551
2020-06-03,1.2551,1.2615,1.2547,1.2575
2020-06-04,1.2575,1.2633,1.2501,1.2597
2020-06-05,1.2596,1.2731,1.2583,1.2668
2020-06-08,1.2678,1.2736,1.2628,1.2724
2020-06-09,1.2723,1.2755,1.2619,1.2728
2020-06-10,1.2728,1.2813,1.2707,1.2747
2020-06-11,1.2747,1.2755,1.2587,1.2602
2020-06-12,1.2602,1.2654,1.2474,1.254
2020-06-15,1.2526,1.2607,1.2455,1.2605
2020-06-16,1.2605,1.2688,1.2554,1.2573
2020-06-17,1.2573,1.2589,1.2511,1.2555
2020-06-18,1.2556,1.2567,1.2402,1.2424
2020-06-19,1.2424,1.2456,1.2344,1.235
2020-06-22,1.2354,1.2477,1.2336,1.2469
2020-06-23,1.2469,1.2532,1.2432,1.252
2020-06-24,1.252,1.2543,1.2414,1.2419
2020-06-25,1.2419,1.2464,1.2389,1.2419
2020-06-26,1.2419,1.2437,1.2315,1.2336
2020-06-29,1.2343,1.239,1.2252,1.2298
2020-06-30,1.2298,1.2402,1.2258,1.2401
2020-07-01,1.2401,1.249,1.236,1.2475
2020-07-02,1.2475,1.253,1.2457,1.2468
2020-07-03,1.2468,1.2491,1.2438,1.2483
2020-07-06,1.2466,1.252,1.2458,1.2492
2020-07-07,1.2492,1.2592,1.2463,1.2542
2020-07-08,1.2542,1.2623,1.2509,1.261
2020-07-09,1.261,1.267,1.2601,1.2606
2020-07-10,1.2606,1.2664,1.2567,1.2622
2020-07-13,1.2624,1.2666,1.2551,1.2555
2020-07-14,1.2555,1.2564,1.248,1.2553
2020-07-15,1.2553,1.265,1.255,1.2587
2020-07-16,1.2587,1.2625,1.252,1.2553
2020-07-17,1.2553,1.2574,1.2512,1.2568
2020-07-20,1.254,1.2665,1.2518,1.2661
2020-07-21,1.2661,1.2768,1.265,1.2731
2020-07-22,1.2731,1.2744,1.2644,1.2734
2020-07-23,1.2734,1.276,1.2673,1.2741
2020-07-24,1.2741,1.2804,1.2717,1.2794
2020-07-27,1.2786,1.2902,1.2781,1.2882
2020-07-28,1.2882,1.2953,1.2838,1.2932
2020-07-29,1.2932,1.3013,1.2912,1.2997
2020-07-30,1.2997,1.3103,1.2945,1.3096
2020-07-31,1.3096,1.317,1.3071,1.3085
2020-08-03,1.3079,1.3113,1.3005,1.3075
2020-08-04,1.3075,1.3108,1.2982,1.3071
2020-08-05,1.3071,1.3162,1.3058,1.3114
2020-08-06,1.3114,1.3186,1.3112,1.3143
2020-08-07,1.3143,1.3154,1.301,1.3052
2020-08-10,1.3041,1.3103,1.3019,1.3073
2020-08-11,1.3073,1.3132,1.3042,1.3048
2020-08-12,1.3048,1.3068,1.3005,1.3034
2020-08-13,1.3034,1.3124,1.3031,1.3067
2020-08-14,1.3067,1.3142,1.3049,1.3086
2020-08-17,1.3097,1.3122,1.3074,1.3103
2020-08-18,1.3103,1.325,1.3098,1.3239
2020-08-19,1.3239,1.3267,1.3094,1.3098
2020-08-20,1.3098,1.3224,1.3065,1.3214
2020-08-21,1.3215,1.3255,1.3059,1.309
2020-08-24,1.3086,1.3149,1.3054,1.3063
2020-08-25,1.3063,1.3171,1.3059,1.3152
2020-08-26,1.3152,1.3219,1.3117,1.321
2020-08-27,1.321,1.3284,1.3162,1.3201
2020-08-28,1.3201,1.3356,1.3186,1.3353
2020-08-31,1.3337,1.3395,1.3301,1.337
2020-09-01,1.337,1.3482,1.3356,1.3384
2020-09-02,1.3384,1.3403,1.3284,1.335
2020-09-03,1.3351,1.3357,1.3243,1.3281
2020-09-04,1.3281,1.3319,1.3176,1.3279
2020-09-07,1.328,1.328,1.3141,1.3166
2020-09-08,1.3166,1.3173,1.298,1.2982
2020-09-09,1.2982,1.3023,1.2885,1.3002
2020-09-10,1.3002,1.3035,1.2774,1.2805
2020-09-11,1.2805,1.2865,1.2763,1.2796
2020-09-14,1.2812,1.2919,1.2777,1.2846
2020-09-15,1.2846,1.2926,1.2815,1.2889
2020-09-16,1.2889,1.3007,1.2875,1.2967
2020-09-17,1.2967,1.2998,1.2865,1.2973
2020-09-18,1.2974,1.3,1.2915,1.2917
2020-09-21,1.2923,1.2967,1.2776,1.2817
2020-09-22,1.2817,1.2867,1.2711,1.2733
2020-09-23,1.2733,1.2777,1.2676,1.2724
2020-09-24,1.2724,1.2781,1.2691,1.2747
2020-09-25,1.2747,1.2805,1.2688,1.2746
2020-09-28,1.2745,1.293,1.2745,1.2834
2020-09-29,1.2834,1.2903,1.2823,1.2863
2020-09-30,1.2863,1.2942,1.2806,1.292
2020-10-01,1.292,1.2978,1.282,1.2891
2020-10-02,1.2891,1.2954,1.2838,1.2935
2020-10-05,1.2961,1.2991,1.29,1.2979
2020-10-06,1.2978,1.3007,1.2867,1.2881
2020-10-07,1.2881,1.293,1.2846,1.2919
2020-10-08,1.2919,1.297,1.2892,1.2938
2020-10-09,1.2938,1.305,1.2923,1.3036
2020-10-12,1.3016,1.3083,1.3006,1.3064
2020-10-13,1.3064,1.3072,1.2922,1.2937
2020-10-14,1.2937,1.3064,1.2863,1.3012
2020-10-15,1.3012,1.303,1.2891,1.2909
2020-10-16,1.2909,1.2962,1.2865,1.2915
2020-10-19,1.2915,1.3025,1.2891,1.2948
2020-10-20,1.295,1.2979,1.2911,1.2948
2020-10-21,1.2948,1.3177,1.294,1.3149
2020-10-22,1.3149,1.3153,1.3071,1.3083
2020-10-23,1.3083,1.3122,1.3019,1.3039
2020-10-26,1.3069,1.3075,1.2993,1.3024
2020-10-27,1.3024,1.308,1.3001,1.3044
2020-10-28,1.3044,1.3064,1.2917,1.2983
2020-10-29,1.2983,1.3026,1.2881,1.293
2020-10-30,1.2931,1.2988,1.2899,1.2947
2020-11-02,1.2948,1.2956,1.2855,1.2917
2020-11-03,1.2917,1.3079,1.2911,1.3059
2020-11-04,1.3059,1.314,1.2915,1.2988
2020-11-05,1.2988,1.3155,1.2933,1.3148
2020-11-06,1.3148,1.3177,1.3093,1.3156
2020-11-09,1.315,1.3208,1.3119,1.3166
2020-11-10,1.3165,1.3278,1.3157,1.3272
2020-11-11,1.3272,1.3312,1.3192,1.3222
2020-11-12,1.3222,1.3228,1.3106,1.3118
2020-11-13,1.3118,1.3201,1.3109,1.3189
2020-11-16,1.3184,1.3243,1.3162,1.3199
2020-11-17,1.3198,1.3272,1.319,1.3246
2020-11-18,1.3246,1.3312,1.3244,1.3273
2020-11-19,1.3273,1.3279,1.3196,1.3261
2020-11-20,1.3261,1.3297,1.3247,1.3275
2020-11-23,1.3285,1.3398,1.3264,1.3321
2020-11-24,1.3321,1.338,1.3293,1.3357
2020-11-25,1.3357,1.3393,1.3305,1.338
2020-11-26,1.338,1.3398,1.3322,1.3358
2020-11-27,1.3358,1.3382,1.3289,1.3311
2020-11-30,1.331,1.3385,1.3305,1.3323
2020-12-01,1.3323,1.3441,1.3316,1.342
2020-12-02,1.342,1.3441,1.3288,1.3365
2020-12-03,1.3365,1.35,1.3354,1.345
2020-12-04,1.345,1.3539,1.3412,1.3441
2020-12-07,1.3376,1.3437,1.3225,1.338
2020-12-08,1.338,1.3393,1.329,1.3355
2020-12-09,1.3355,1.3478,1.3352,1.3399
2020-12-10,1.3398,1.3412,1.3246,1.3295
2020-12-11,1.3295,1.3325,1.3135,1.3224
2020-12-14,1.3265,1.3446,1.3265,1.3324
2020-12-15,1.3323,1.3469,1.328,1.346
2020-12-16,1.346,1.3554,1.3435,1.3509
2020-12-17,1.3509,1.3624,1.3496,1.3585
2020-12-18,1.3585,1.359,1.3472,1.3523
2020-12-21,1.3502,1.3503,1.3188,1.3464
2020-12-22,1.3464,1.347,1.3304,1.3361
2020-12-23,1.3361,1.3571,1.3354,1.3493
2020-12-24,1.3493,1.3619,1.3492,1.3558
2020-12-25,1.3558,1.3589,1.355,1.356
2020-12-28,1.3537,1.3581,1.343,1.3452
2020-12-29,1.3452,1.3523,1.3447,1.3503
2020-12-30,1.3503,1.3625,1.3494,1.3625
2020-12-31,1.3625,1.3686,1.3605,1.367
2021-01-01,1.367,1.3672,1.367,1.3672
2021-01-04,1.3663,1.3704,1.3542,1.3571
2021-01-05,1.3571,1.3642,1.3554,1.3627
2021-01-06,1.3626,1.3671,1.354,1.3608
2021-01-07,1.3608,1.3633,1.3533,1.3568
2021-01-08,1.3568,1.3636,1.3539,1.3568
2021-01-11,1.3566,1.3577,1.3452,1.3518
2021-01-12,1.3519,1.367,1.3505,1.3664
2021-01-13,1.3664,1.3701,1.3612,1.3639
2021-01-14,1.3639,1.371,1.3617,1.3689
2021-01-15,1.3689,1.3698,1.3572,1.359
2021-01-18,1.361,1.3612,1.352,1.3587
2021-01-19,1.3587,1.3637,1.3576,1.363
2021-01-20,1.363,1.3718,1.3624,1.3654
2021-01-21,1.3654,1.3746,1.3652,1.3733
2021-01-22,1.3733,1.3736,1.3636,1.3686
2021-01-25,1.367,1.3723,1.3649,1.3675
2021-01-26,1.3675,1.3744,1.361,1.3736
2021-01-27,1.3736,1.3759,1.3659,1.3687
2021-01-28,1.3687,1.3746,1.363,1.3721
2021-01-29,1.3721,1.3751,1.3657,1.3708
2021-02-01,1.371,1.3758,1.3656,1.3663
2021-02-02,1.3663,1.371,1.3611,1.3668
2021-02-03,1.3668,1.3684,1.3619,1.3647
2021-02-04,1.3647,1.3698,1.3567,1.3672
2021-02-05,1.3672,1.374,1.3663,1.3735
2021-02-08,1.3729,1.3749,1.3681,1.3741
2021-02-09,1.3741,1.382,1.3737,1.3817
2021-02-10,1.3816,1.3866,1.3803,1.3834
2021-02-11,1.3834,1.3859,1.3801,1.3816
2021-02-12,1.3816,1.3862,1.3776,1.3849
2021-02-15,1.3846,1.3919,1.3843,1.3903
2021-02-16,1.3903,1.3952,1.3869,1.3903
2021-02-17,1.3903,1.3908,1.383,1.3857
2021-02-18,1.3857,1.3986,1.384,1.3975
2021-02-19,1.3975,1.4036,1.3952,1.4016
2021-02-22,1.4015,1.4086,1.3981,1.4063
2021-02-23,1.4063,1.4117,1.4054,1.4113
2021-02-24,1.4113,1.4237,1.4082,1.4141
2021-02-25,1.4141,1.4182,1.4,1.4015
2021-02-26,1.4015,1.4029,1.3888,1.3933
2021-03-01,1.3929,1.3999,1.3904,1.3925
2021-03-02,1.3925,1.3977,1.3859,1.3955
2021-03-03,1.3954,1.4006,1.3921,1.3954
2021-03-04,1.3954,1.4017,1.388,1.3895
2021-03-05,1.3895,1.3907,1.3779,1.3841
2021-03-08,1.3836,1.3866,1.38,1.3824
2021-03-09,1.3824,1.3925,1.3802,1.3892
2021-03-10,1.3893,1.3938,1.3846,1.3932
2021-03-11,1.3932,1.3995,1.3919,1.3991
2021-03-12,1.3991,1.4005,1.3864,1.3924
2021-03-15,1.3917,1.395,1.3853,1.39
2021-03-16,1.39,1.3906,1.3809,1.3891
2021-03-17,1.3891,1.3971,1.3851,1.3966
2021-03-18,1.3965,1.4001,1.3898,1.3925
2021-03-19,1.3925,1.3959,1.3831,1.3872
2021-03-22,1.3853,1.3877,1.3818,1.3864
2021-03-23,1.3863,1.3866,1.3741,1.3752
2021-03-24,1.3752,1.3759,1.3674,1.3686
2021-03-25,1.3686,1.3745,1.367,1.3734
2021-03-26,1.3734,1.3812,1.3729,1.3789
2021-03-29,1.3793,1.3847,1.3756,1.3762
2021-03-30,1.3762,1.3783,1.3706,1.374
2021-03-31,1.3741,1.3812,1.3717,1.3783
2021-04-01,1.3783,1.3837,1.3746,1.3833
2021-04-02,1.3833,1.3853,1.3814,1.3832
2021-04-05,1.3832,1.3913,1.3813,1.39
2021-04-06,1.39,1.3919,1.3802,1.3824
2021-04-07,1.3824,1.384,1.3725,1.3737
2021-04-08,1.3737,1.3783,1.3719,1.3735
2021-04-09,1.3735,1.3751,1.3671,1.3707
2021-04-12,1.3716,1.3777,1.3669,1.3741
2021-04-13,1.374,1.3769,1.3695,1.375
2021-04-14,1.375,1.3809,1.3749,1.3779
2021-04-15,1.3779,1.3809,1.3762,1.3787
2021-04-16,1.3787,1.3842,1.3717,1.3832
2021-04-19,1.3834,1.3993,1.381,1.3986
2021-04-20,1.3986,1.4009,1.3926,1.3937
2021-04-21,1.3938,1.395,1.3886,1.3931
2021-04-22,1.393,1.395,1.3824,1.3839
2021-04-23,1.3839,1.3895,1.3835,1.3876
2021-04-26,1.3877,1.3929,1.3865,1.3899
2021-04-27,1.39,1.3924,1.3859,1.3913
2021-04-28,1.3913,1.3951,1.3861,1.3935
2021-04-29,1.3935,1.3977,1.3932,1.3944
2021-04-30,1.3944,1.3958,1.3803,1.3822
2021-05-03,1.3833,1.3932,1.3801,1.3911
2021-05-04,1.3911,1.3916,1.3839,1.3887
2021-05-05,1.3887,1.3926,1.3876,1.3905
2021-05-06,1.3904,1.394,1.3858,1.3889
2021-05-07,1.3889,1.4006,1.3887,1.3984
2021-05-10,1.398,1.4158,1.3972,1.4118
2021-05-11,1.4118,1.4166,1.4104,1.4142
2021-05-12,1.4142,1.4152,1.405,1.4054
2021-05-13,1.4054,1.4078,1.4006,1.4052
2021-05-14,1.4052,1.4111,1.4036,1.4097
2021-05-17,1.4102,1.4147,1.4074,1.4134
2021-05-18,1.4133,1.422,1.4132,1.4189
2021-05-19,1.4189,1.4201,1.41,1.4115
2021-05-20,1.4115,1.4193,1.4102,1.419
2021-05-21,1.419,1.4234,1.4141,1.415
2021-05-24,1.4151,1.4172,1.4112,1.4157
2021-05-25,1.4157,1.4211,1.4116,1.4153
2021-05-26,1.4152,1.4176,1.4112,1.4119
2021-05-27,1.4119,1.4219,1.4092,1.4207
2021-05-28,1.4207,1.421,1.4136,1.4188
2021-05-31,1.4189,1.4218,1.4156,1.4212
2021-06-01,1.4212,1.4248,1.4147,1.415
2021-06-02,1.415,1.4183,1.4112,1.4171
2021-06-03,1.4171,1.4203,1.4087,1.4106
2021-06-04,1.4106,1.42,1.4083,1.4157
2021-06-07,1.4156,1.419,1.4111,1.4183
2021-06-08,1.4183,1.4186,1.4121,1.4157
2021-06-09,1.4157,1.4189,1.411,1.4118
2021-06-10,1.4118,1.4178,1.4074,1.4177
2021-06-11,1.4177,1.4185,1.4096,1.4107
2021-06-14,1.4111,1.413,1.4071,1.4112
2021-06-15,1.4112,1.4129,1.4034,1.4083
2021-06-16,1.4083,1.4133,1.3983,1.3988
2021-06-17,1.3988,1.4009,1.3896,1.3922
2021-06-18,1.3922,1.3944,1.3792,1.381
2021-06-21,1.3824,1.3937,1.3787,1.3934
2021-06-22,1.3934,1.3964,1.386,1.3949
2021-06-23,1.3949,1.4001,1.3924,1.3964
2021-06-24,1.3964,1.3987,1.389,1.3922
2021-06-25,1.3922,1.3936,1.3871,1.3879
2021-06-28,1.3874,1.394,1.3871,1.3883
2021-06-29,1.3883,1.3886,1.3814,1.3836
2021-06-30,1.3836,1.3873,1.3799,1.3831
2021-07-01,1.3831,1.3835,1.3753,1.3767
2021-07-02,1.3767,1.3845,1.3733,1.3824
2021-07-05,1.3814,1.3862,1.3812,1.3844
2021-07-06,1.3844,1.3898,1.3773,1.38
2021-07-07,1.38,1.3842,1.3754,1.3801
2021-07-08,1.3801,1.3806,1.3742,1.3786
2021-07-09,1.3786,1.3907,1.3756,1.3901
2021-07-12,1.3884,1.391,1.3839,1.3883
2021-07-13,1.3883,1.3905,1.38,1.3814
2021-07-14,1.3814,1.3892,1.3801,1.386
2021-07-15,1.386,1.3899,1.3805,1.3829
2021-07-16,1.3829,1.3862,1.3761,1.3767
2021-07-19,1.378,1.379,1.3655,1.3675
2021-07-20,1.3676,1.369,1.3572,1.3628
2021-07-21,1.3628,1.3723,1.3591,1.3713
2021-07-22,1.3713,1.3787,1.3691,1.3768
2021-07-23,1.3768,1.378,1.372,1.3748
2021-07-26,1.375,1.3833,1.3737,1.3818
2021-07-27,1.3818,1.3894,1.3767,1.3879
2021-07-28,1.3879,1.3911,1.3844,1.3902
2021-07-29,1.3902,1.3982,1.3898,1.3959
2021-07-30,1.3959,1.3983,1.3888,1.3904
2021-08-02,1.3909,1.3933,1.3876,1.3883
2021-08-03,1.3883,1.3939,1.388,1.3916
2021-08-04,1.3916,1.3958,1.3886,1.3889
2021-08-05,1.3889,1.3949,1.3873,1.3931
2021-08-06,1.3931,1.3935,1.3861,1.3872
2021-08-09,1.3916,1.3916,1.3841,1.3847
2021-08-10,1.3847,1.3873,1.3828,1.3843
2021-08-11,1.3843,1.3888,1.3803,1.3868
2021-08-12,1.3868,1.3879,1.3795,1.3808
2021-08-13,1.3808,1.3875,1.3791,1.3866
2021-08-16,1.3843,1.3878,1.3828,1.3849
2021-08-17,1.3849,1.385,1.3726,1.3741
2021-08-18,1.3741,1.3786,1.3728,1.3756
2021-08-19,1.3756,1.3758,1.3632,1.3639
2021-08-20,1.364,1.3648,1.3602,1.3623
2021-08-23,1.3628,1.3732,1.3614,1.3719
2021-08-24,1.3719,1.3748,1.3694,1.3729
2021-08-25,1.3729,1.3767,1.3697,1.3763
2021-08-26,1.3763,1.3768,1.369,1.37
2021-08-27,1.37,1.3781,1.368,1.3764
2021-08-30,1.3752,1.3775,1.3734,1.376
2021-08-31,1.376,1.3808,1.3743,1.3755
2021-09-01,1.3755,1.3798,1.3731,1.377
2021-09-02,1.377,1.384,1.3767,1.3833
2021-09-03,1.3833,1.3892,1.3818,1.3871
2021-09-06,1.3855,1.3871,1.3819,1.3837
2021-09-07,1.3836,1.3857,1.3768,1.3786
2021-09-08,1.3786,1.3791,1.3727,1.3771
2021-09-09,1.3771,1.3863,1.3754,1.3837
2021-09-10,1.3836,1.3889,1.3827,1.3839
2021-09-13,1.3844,1.3853,1.3798,1.3838
2021-09-14,1.3838,1.3913,1.3804,1.381
2021-09-15,1.381,1.3854,1.3793,1.384
2021-09-16,1.384,1.3853,1.3765,1.3795
2021-09-17,1.3795,1.3813,1.3728,1.3741
2021-09-20,1.3743,1.3757,1.3641,1.3657
2021-09-21,1.3657,1.3693,1.3641,1.3659
2021-09-22,1.3659,1.3689,1.361,1.3622
2021-09-23,1.3623,1.3751,1.3612,1.372
2021-09-24,1.372,1.3736,1.3658,1.3679
2021-09-27,1.3703,1.3729,1.3658,1.3698
2021-09-28,1.3698,1.3717,1.3521,1.3537
2021-09-29,1.3537,1.3555,1.3412,1.3427
2021-09-30,1.3427,1.3517,1.3416,1.3474
2021-10-01,1.3474,1.3576,1.3434,1.3546
2021-10-04,1.354,1.364,1.3532,1.361
2021-10-05,1.361,1.3648,1.3585,1.3629
2021-10-06,1.3629,1.3634,1.3544,1.3582
2021-10-07,1.3581,1.3638,1.3571,1.3619
2021-10-08,1.3619,1.3657,1.3584,1.3615
2021-10-11,1.3635,1.3674,1.3585,1.3595
2021-10-12,1.3595,1.3637,1.3569,1.3588
2021-10-13,1.3587,1.3665,1.3576,1.3659
2021-10-14,1.3658,1.3734,1.3655,1.3673
2021-10-15,1.3673,1.3773,1.3668,1.3751
2021-10-18,1.3756,1.3766,1.3709,1.3726
2021-10-19,1.3726,1.3834,1.3724,1.3797
2021-10-20,1.3796,1.3835,1.3742,1.3824
2021-10-21,1.3824,1.3833,1.3776,1.3793
2021-10-22,1.3793,1.3815,1.3736,1.3755
2021-10-25,1.3757,1.3792,1.3742,1.3767
2021-10-26,1.3767,1.383,1.3757,1.3767
2021-10-27,1.3767,1.3781,1.371,1.3745
2021-10-28,1.3745,1.3815,1.3722,1.379
2021-10-29,1.379,1.3804,1.3668,1.3682
2021-11-01,1.3688,1.3695,1.3642,1.3665
2021-11-02,1.3666,1.3673,1.3606,1.3612
2021-11-03,1.3612,1.3692,1.3608,1.3687
2021-11-04,1.3687,1.3698,1.3471,1.35
2021-11-05,1.35,1.3509,1.3424,1.3498
2021-11-08,1.3495,1.358,1.345,1.3563
2021-11-09,1.3563,1.3607,1.3524,1.3557
2021-11-10,1.3558,1.3565,1.3401,1.3405
2021-11-11,1.3405,1.3433,1.3359,1.3372
2021-11-12,1.3372,1.3426,1.3353,1.3414
2021-11-15,1.3417,1.3449,1.3403,1.3416
2021-11-16,1.3416,1.3473,1.3406,1.343
2021-11-17,1.343,1.3496,1.3397,1.3487
2021-11-18,1.3486,1.3514,1.3464,1.3494
2021-11-19,1.3494,1.351,1.3408,1.3451
2021-11-22,1.3459,1.3464,1.3385,1.3397
2021-11-23,1.3397,1.3409,1.3343,1.3378
2021-11-24,1.3378,1.339,1.3316,1.3328
2021-11-25,1.3328,1.3354,1.3305,1.3322
2021-11-26,1.3322,1.3365,1.3279,1.3337
2021-11-29,1.3324,1.3363,1.3288,1.3315
2021-11-30,1.3315,1.337,1.3195,1.3299
2021-12-01,1.3299,1.3352,1.3262,1.3279
2021-12-02,1.3278,1.3334,1.3272,1.3305
2021-12-03,1.3304,1.331,1.3209,1.3236
2021-12-06,1.3234,1.3286,1.3218,1.3264
2021-12-07,1.3264,1.3289,1.3209,1.3244
2021-12-08,1.3244,1.3261,1.3163,1.3204
2021-12-09,1.3205,1.3223,1.3171,1.3221
2021-12-10,1.3221,1.3276,1.3187,1.3273
2021-12-13,1.3255,1.3269,1.3208,1.3217
2021-12-14,1.3217,1.3257,1.3191,1.3231
2021-12-15,1.3231,1.3283,1.3173,1.3262
2021-12-16,1.3262,1.3374,1.3242,1.3323
2021-12-17,1.3322,1.3339,1.3232,1.3245
2021-12-20,1.3242,1.325,1.3174,1.3207
2021-12-21,1.3207,1.3271,1.3198,1.3262
2021-12-22,1.3262,1.3363,1.324,1.3352
2021-12-23,1.3352,1.3438,1.3343,1.3408
2021-12-24,1.3408,1.3419,1.3385,1.3386
2021-12-27,1.3392,1.3445,1.339,1.3441
2021-12-28,1.3441,1.3462,1.3415,1.3434
2021-12-29,1.3434,1.3499,1.3409,1.349
2021-12-30,1.349,1.3522,1.3455,1.3499
2021-12-31,1.3498,1.355,1.3466,1.3532
2022-01-03,1.3529,1.3538,1.3431,1.348
2022-01-04,1.348,1.3557,1.346,1.353
2022-01-05,1.353,1.3599,1.3523,1.3557
2022-01-06,1.3556,1.356,1.349,1.3532
2022-01-07,1.3532,1.3598,1.3528,1.3588
2022-01-10,1.3579,1.3604,1.3533,1.3577
2022-01-11,1.3577,1.3637,1.3562,1.3635
2022-01-12,1.3636,1.3714,1.3621,1.37
2022-01-13,1.37,1.3749,1.37,1.3706
2022-01-14,1.3706,1.3743,1.3653,1.3675
2022-01-17,1.3678,1.369,1.3637,1.3647
2022-01-18,1.3647,1.3661,1.3573,1.3596
2022-01-19,1.3595,1.3649,1.3588,1.3612
2022-01-20,1.3612,1.3662,1.3587,1.36
2022-01-21,1.36,1.3603,1.3546,1.3553
2022-01-24,1.355,1.3566,1.344,1.3488
2022-01-25,1.3488,1.3519,1.3437,1.3501
2022-01-26,1.3501,1.3525,1.3445,1.3463
2022-01-27,1.3463,1.3468,1.3358,1.3383
2022-01-28,1.3383,1.3433,1.3365,1.3401
2022-01-31,1.3411,1.3461,1.3387,1.3447
2022-02-01,1.3447,1.3528,1.3435,1.3522
2022-02-02,1.3522,1.3587,1.3517,1.3577
2022-02-03,1.3577,1.3628,1.3538,1.3598
2022-02-04,1.3598,1.3615,1.3505,1.3531
2022-02-07,1.3547,1.3557,1.3491,1.3536
2022-02-08,1.3536,1.3564,1.3508,1.3543
2022-02-09,1.3543,1.3589,1.3527,1.3535
2022-02-10,1.3535,1.3644,1.3523,1.3557
2022-02-11,1.3557,1.3609,1.3514,1.3564
2022-02-14,1.3565,1.3575,1.3495,1.3528
2022-02-15,1.3528,1.3567,1.3487,1.3538
2022-02-16,1.3538,1.3601,1.3532,1.3586
2022-02-17,1.3586,1.3638,1.3556,1.3616
2022-02-18,1.3616,1.3643,1.3573,1.3589
2022-02-21,1.3588,1.3639,1.358,1.3602
2022-02-22,1.3602,1.3605,1.3539,1.3585
2022-02-23,1.3585,1.3621,1.3536,1.3544
2022-02-24,1.3544,1.355,1.3273,1.338
2022-02-25,1.338,1.3439,1.3367,1.3409
2022-02-28,1.3366,1.3432,1.3312,1.342
2022-03-01,1.342,1.3437,1.3302,1.3325
2022-03-02,1.3325,1.3407,1.3272,1.3406
2022-03-03,1.3406,1.3418,1.3318,1.3348
2022-03-04,1.3348,1.3355,1.3203,1.323
2022-03-07,1.325,1.3259,1.3102,1.3104
2022-03-08,1.3104,1.3145,1.3082,1.3102
2022-03-09,1.3102,1.319,1.3089,1.3181
2022-03-10,1.318,1.3195,1.3082,1.3086
2022-03-11,1.3086,1.3125,1.3028,1.3037
2022-03-14,1.3046,1.3079,1.3001,1.3002
2022-03-15,1.3002,1.3089,1.3,1.3042
2022-03-16,1.3042,1.3157,1.3035,1.3149
2022-03-17,1.3149,1.3211,1.3088,1.3149
2022-03-18,1.3149,1.3197,1.3111,1.3178
2022-03-21,1.3149,1.321,1.3127,1.3169
2022-03-22,1.3169,1.3274,1.312,1.3262
2022-03-23,1.3262,1.3298,1.3175,1.3205
2022-03-24,1.3205,1.3214,1.3157,1.3187
2022-03-25,1.3187,1.3225,1.316,1.3182
2022-03-28,1.3194,1.3199,1.3068,1.3088
2022-03-29,1.3088,1.316,1.3051,1.3093
2022-03-30,1.3093,1.3183,1.3086,1.3134
2022-03-31,1.3134,1.3176,1.3106,1.3138
2022-04-01,1.3138,1.3152,1.3087,1.3114
2022-04-04,1.3113,1.3137,1.3093,1.3116
2022-04-05,1.3116,1.3167,1.3067,1.3074
2022-04-06,1.3074,1.3108,1.3046,1.3069
2022-04-07,1.3069,1.3106,1.3052,1.3075
2022-04-08,1.3075,1.3084,1.2983,1.3025
2022-04-11,1.3025,1.3057,1.2989,1.303
2022-04-12,1.303,1.3054,1.2994,1.3001
2022-04-13,1.3001,1.3118,1.2974,1.3117
2022-04-14,1.3117,1.3147,1.3034,1.3071
2022-04-15,1.307,1.3078,1.3048,1.306
2022-04-18,1.3048,1.3065,1.3005,1.3019
2022-04-19,1.3019,1.3041,1.2981,1.2998
2022-04-20,1.2999,1.3071,1.2994,1.3068
2022-04-21,1.3068,1.309,1.3023,1.303
2022-04-22,1.303,1.3035,1.2823,1.2839
2022-04-25,1.2865,1.2877,1.2698,1.2741
2022-04-26,1.2741,1.2772,1.2571,1.2574
2022-04-27,1.2574,1.2602,1.2503,1.2545
2022-04-28,1.2545,1.257,1.2412,1.2457
2022-04-29,1.2457,1.2614,1.2452,1.2574
2022-05-02,1.2562,1.2599,1.2473,1.2492
2022-05-03,1.2492,1.2567,1.2471,1.2499
2022-05-04,1.2498,1.2638,1.2452,1.2631
2022-05-05,1.2631,1.2635,1.2325,1.2362
2022-05-06,1.2362,1.238,1.2276,1.2348
2022-05-09,1.2347,1.2406,1.2261,1.2332
2022-05-10,1.2332,1.2376,1.2292,1.2316
2022-05-11,1.2316,1.24,1.2238,1.2251
2022-05-12,1.2251,1.226,1.2166,1.2202
2022-05-13,1.2202,1.2263,1.2156,1.2262
2022-05-16,1.229,1.233,1.2208,1.2319
2022-05-17,1.2319,1.2499,1.2317,1.2493
2022-05-18,1.2493,1.2501,1.233,1.2341
2022-05-19,1.2341,1.2525,1.2338,1.2467
2022-05-20,1.2467,1.25,1.2438,1.248
2022-05-23,1.2483,1.2601,1.2473,1.2588
2022-05-24,1.2588,1.2599,1.2472,1.2532
2022-05-25,1.2532,1.2591,1.2481,1.2574
2022-05-26,1.2574,1.2621,1.2552,1.26
2022-05-27,1.2599,1.2667,1.2586,1.2631
2022-05-30,1.2624,1.266,1.2599,1.2652
2022-05-31,1.2652,1.2655,1.2561,1.2602
2022-06-01,1.2602,1.2617,1.2459,1.2487
2022-06-02,1.2487,1.2587,1.247,1.2578
2022-06-03,1.2578,1.259,1.2486,1.2488
2022-06-06,1.2499,1.2577,1.2477,1.2532
2022-06-07,1.2532,1.2599,1.2431,1.2592
2022-06-08,1.2592,1.2598,1.2513,1.2537
2022-06-09,1.2538,1.2558,1.2487,1.2493
2022-06-10,1.2493,1.2518,1.2301,1.2315
2022-06-13,1.2328,1.2332,1.2108,1.2134
2022-06-14,1.2134,1.2208,1.1934,1.1997
2022-06-15,1.1997,1.2205,1.199,1.218
2022-06-16,1.218,1.2406,1.2042,1.2352
2022-06-17,1.2352,1.2366,1.2173,1.2241
2022-06-20,1.2235,1.228,1.22,1.2253
2022-06-21,1.2253,1.2324,1.2242,1.2277
2022-06-22,1.2276,1.2315,1.2161,1.2266
2022-06-23,1.2266,1.2294,1.217,1.226
2022-06-24,1.2261,1.232,1.2241,1.2268
2022-06-27,1.229,1.2332,1.2238,1.2265
2022-06-28,1.2265,1.2291,1.2181,1.2184
2022-06-29,1.2184,1.2213,1.2106,1.2124
2022-06-30,1.2125,1.2189,1.2092,1.2178
2022-07-01,1.2178,1.2182,1.1976,1.2095
2022-07-04,1.2094,1.2165,1.2085,1.2118
2022-07-05,1.2118,1.2125,1.1899,1.1947
2022-07-06,1.1946,1.1989,1.1876,1.1926
2022-07-07,1.1927,1.203,1.1909,1.2023
2022-07-08,1.2023,1.2056,1.192,1.2033
2022-07-11,1.2011,1.2037,1.1867,1.1892
2022-07-12,1.1892,1.1916,1.1807,1.1889
2022-07-13,1.1889,1.1967,1.1828,1.1889
2022-07-14,1.189,1.1894,1.176,1.1824
2022-07-15,1.1824,1.1875,1.1805,1.1855
2022-07-18,1.1866,1.2033,1.186,1.1953
2022-07-19,1.1953,1.2045,1.1925,1.1995
2022-07-20,1.1995,1.2038,1.1954,1.1973
2022-07-21,1.1973,1.2004,1.189,1.1995
2022-07-22,1.1995,1.2064,1.1917,1.1999
2022-07-25,1.1983,1.2086,1.1961,1.2043
2022-07-26,1.2043,1.209,1.1964,1.2028
2022-07-27,1.2028,1.2186,1.2021,1.2158
2022-07-28,1.2158,1.2191,1.2103,1.218
2022-07-29,1.218,1.2245,1.2063,1.2171
2022-08-01,1.2166,1.2293,1.2157,1.225
2022-08-02,1.225,1.2279,1.2159,1.217
2022-08-03,1.217,1.2208,1.2101,1.2149
2022-08-04,1.2149,1.221,1.2066,1.216
2022-08-05,1.216,1.2169,1.2004,1.2073
2022-08-08,1.2087,1.2138,1.2048,1.2082
2022-08-09,1.2082,1.213,1.2063,1.208
2022-08-10,1.208,1.2276,1.2065,1.2219
2022-08-11,1.2219,1.2249,1.2182,1.2205
2022-08-12,1.2205,1.2217,1.21,1.2138
2022-08-15,1.2135,1.2148,1.205,1.2055
2022-08-16,1.2055,1.2118,1.2008,1.2096
2022-08-17,1.2096,1.2143,1.2028,1.2048
2022-08-18,1.2048,1.208,1.1923,1.193
2022-08-19,1.193,1.1938,1.1792,1.1829
2022-08-22,1.186,1.186,1.1742,1.1767
2022-08-23,1.1768,1.1878,1.1718,1.1836
2022-08-24,1.1836,1.1843,1.1756,1.1799
2022-08-25,1.1799,1.1864,1.1784,1.1832
2022-08-26,1.1832,1.1901,1.1734,1.1744
2022-08-29,1.1774,1.1783,1.1649,1.1709
2022-08-30,1.1709,1.176,1.1622,1.1656
2022-08-31,1.1656,1.1694,1.16,1.1622
2022-09-01,1.1622,1.1624,1.1499,1.1545
2022-09-02,1.1545,1.1589,1.1496,1.1509
2022-09-05,1.1519,1.153,1.1444,1.1517
2022-09-06,1.1517,1.1609,1.1494,1.152
2022-09-07,1.152,1.1539,1.1406,1.1533
2022-09-08,1.1533,1.1561,1.1461,1.1504
2022-09-09,1.1504,1.1648,1.1498,1.1589
2022-09-12,1.158,1.171,1.158,1.1683
2022-09-13,1.1683,1.1738,1.1492,1.1493
2022-09-14,1.1493,1.159,1.148,1.1539
2022-09-15,1.1539,1.1549,1.1462,1.1467
2022-09-16,1.1467,1.1481,1.1351,1.142
2022-09-19,1.1393,1.1442,1.1356,1.1431
2022-09-20,1.143,1.1461,1.1358,1.1381
2022-09-21,1.1381,1.1385,1.1238,1.127
2022-09-22,1.127,1.1364,1.1212,1.1261
2022-09-23,1.1261,1.1274,1.084,1.0859
2022-09-26,1.084,1.0931,1.035,1.0689
2022-09-27,1.0689,1.0838,1.0653,1.0733
2022-09-28,1.0733,1.0916,1.0541,1.0889
2022-09-29,1.0889,1.112,1.0763,1.1117
2022-09-30,1.1117,1.1234,1.1025,1.117
2022-10-03,1.1173,1.1334,1.1086,1.1323
2022-10-04,1.1323,1.1489,1.1281,1.1476
2022-10-05,1.1476,1.1495,1.1227,1.1326
2022-10-06,1.1326,1.1383,1.1114,1.1162
2022-10-07,1.1162,1.1225,1.1056,1.1086
2022-10-10,1.1096,1.1111,1.102,1.1055
2022-10-11,1.1055,1.118,1.0953,1.0968
2022-10-12,1.0968,1.1134,1.0924,1.11
2022-10-13,1.11,1.138,1.1058,1.1326
2022-10-14,1.1326,1.1366,1.1152,1.1172
2022-10-17,1.1184,1.1439,1.1148,1.1358
2022-10-18,1.1358,1.141,1.1256,1.132
2022-10-19,1.1319,1.1358,1.1186,1.1219
2022-10-20,1.1219,1.1336,1.1171,1.1235
2022-10-21,1.1235,1.1315,1.1061,1.1303
2022-10-24,1.1271,1.1409,1.1234,1.1278
2022-10-25,1.1278,1.1499,1.1272,1.1472
2022-10-26,1.1471,1.1639,1.1431,1.1625
2022-10-27,1.1625,1.1645,1.155,1.1565
2022-10-28,1.1564,1.1623,1.1504,1.1615
2022-10-31,1.1607,1.1613,1.1461,1.1469
2022-11-01,1.1469,1.1566,1.1438,1.1484
2022-11-02,1.1484,1.1564,1.1388,1.1392
2022-11-03,1.1392,1.1422,1.1152,1.116
2022-11-04,1.116,1.1382,1.115,1.1379
2022-11-07,1.1338,1.1542,1.1291,1.1514
2022-11-08,1.1514,1.1599,1.143,1.1544
2022-11-09,1.1544,1.1567,1.1334,1.1358
2022-11-10,1.1358,1.1731,1.1354,1.1716
2022-11-11,1.1716,1.1855,1.1647,1.183
2022-11-14,1.1812,1.1872,1.1711,1.1756
2022-11-15,1.1756,1.2028,1.1741,1.1865
2022-11-16,1.1865,1.1942,1.1832,1.1914
2022-11-17,1.1914,1.1958,1.1764,1.1864
2022-11-18,1.1863,1.1951,1.1858,1.189
2022-11-21,1.1907,1.1917,1.1779,1.1823
2022-11-22,1.1823,1.1903,1.1819,1.1886
2022-11-23,1.1886,1.2081,1.1873,1.2055
2022-11-24,1.2055,1.2154,1.2048,1.2113
2022-11-25,1.2113,1.2128,1.2059,1.2092
2022-11-28,1.2087,1.2118,1.1941,1.1959
2022-11-29,1.1959,1.2064,1.1945,1.1952
2022-11-30,1.1952,1.2087,1.1901,1.2058
2022-12-01,1.2058,1.231,1.2054,1.2247
2022-12-02,1.2247,1.23,1.2135,1.228
2022-12-05,1.2283,1.2345,1.2162,1.219
2022-12-06,1.219,1.2269,1.2128,1.2133
2022-12-07,1.2133,1.2235,1.2107,1.2203
2022-12-08,1.2203,1.2247,1.2155,1.2234
2022-12-09,1.2234,1.2323,1.2209,1.2259
2022-12-12,1.2259,1.2299,1.2209,1.2269
2022-12-13,1.2269,1.2444,1.2249,1.2366
2022-12-14,1.2366,1.2446,1.2342,1.2426
2022-12-15,1.2426,1.243,1.2157,1.2178
2022-12-16,1.2178,1.2223,1.212,1.2148
2022-12-19,1.2163,1.2242,1.2121,1.2149
2022-12-20,1.2149,1.2223,1.2086,1.2183
2022-12-21,1.2183,1.2192,1.2055,1.2082
2022-12-22,1.2082,1.2148,1.1993,1.2038
2022-12-23,1.2038,1.209,1.2019,1.2053
2022-12-26,1.2073,1.2081,1.2053,1.2062
2022-12-27,1.2062,1.2112,1.2003,1.2025
2022-12-28,1.2025,1.2126,1.2003,1.2018
2022-12-29,1.2017,1.2079,1.2015,1.2055
2022-12-30,1.2055,1.2108,1.201,1.2083
2023-01-02,1.2084,1.2101,1.2035,1.2046
2023-01-03,1.2046,1.2085,1.1901,1.1968
2023-01-04,1.1968,1.2087,1.1958,1.2055
2023-01-05,1.2055,1.2078,1.1874,1.1908
2023-01-06,1.1908,1.2099,1.1842,1.2093
2023-01-09,1.2085,1.221,1.2083,1.2184
2023-01-10,1.2184,1.2198,1.211,1.2154
2023-01-11,1.2154,1.2178,1.2101,1.2146
2023-01-12,1.2147,1.2247,1.2089,1.221
2023-01-13,1.221,1.2248,1.2151,1.2227
2023-01-16,1.2207,1.2289,1.2172,1.2194
2023-01-17,1.2194,1.23,1.217,1.2286
2023-01-18,1.2287,1.2436,1.2255,1.2348
2023-01-19,1.2348,1.2397,1.2313,1.2391
2023-01-20,1.2391,1.2405,1.2336,1.2397
2023-01-23,1.2402,1.2448,1.2324,1.2379
2023-01-24,1.2379,1.2414,1.2264,1.2334
2023-01-25,1.2334,1.2404,1.2283,1.2403
2023-01-26,1.2403,1.243,1.2345,1.2408
2023-01-27,1.2408,1.2419,1.2346,1.2382
2023-01-30,1.2385,1.2417,1.2337,1.2352
2023-01-31,1.2352,1.2371,1.2284,1.232
2023-02-01,1.232,1.2394,1.2273,1.2376
2023-02-02,1.2376,1.2401,1.2223,1.2225
2023-02-03,1.2225,1.2265,1.2048,1.2056
2023-02-06,1.2053,1.2077,1.2006,1.2019
2023-02-07,1.2019,1.2095,1.1961,1.2048
2023-02-08,1.2048,1.211,1.2038,1.2072
2023-02-09,1.2072,1.2194,1.2057,1.2121
2023-02-10,1.2121,1.2139,1.2047,1.2062
2023-02-13,1.2069,1.2152,1.2031,1.2139
2023-02-14,1.2139,1.2269,1.2118,1.2173
2023-02-15,1.2173,1.2182,1.199,1.203
2023-02-16,1.203,1.2074,1.1966,1.1993
2023-02-17,1.1993,1.2049,1.1915,1.2037
2023-02-20,1.2044,1.2057,1.2015,1.2041
2023-02-21,1.2041,1.2147,1.1987,1.2112
2023-02-22,1.2112,1.2136,1.2035,1.2046
2023-02-23,1.2046,1.2075,1.1992,1.2013
2023-02-24,1.2013,1.2042,1.1929,1.1944
2023-02-27,1.1956,1.2066,1.1923,1.2064
2023-02-28,1.2064,1.2143,1.2018,1.2022
2023-03-01,1.2022,1.2089,1.1965,1.2029
2023-03-02,1.2029,1.2036,1.1925,1.1946
2023-03-03,1.1946,1.2049,1.1943,1.2036
2023-03-06,1.2034,1.2049,1.1993,1.2025
2023-03-07,1.2025,1.2065,1.1822,1.183
2023-03-08,1.183,1.1859,1.1804,1.1845
2023-03-09,1.1845,1.1939,1.1832,1.1925
2023-03-10,1.1925,1.2114,1.1908,1.203
2023-03-13,1.2036,1.22,1.2029,1.2183
2023-03-14,1.2183,1.2204,1.2136,1.2158
2023-03-15,1.2158,1.2182,1.2011,1.2057
2023-03-16,1.2057,1.2128,1.2028,1.2109
2023-03-17,1.2109,1.2201,1.2102,1.2173
2023-03-20,1.2177,1.2285,1.2161,1.2278
2023-03-21,1.2278,1.2282,1.2179,1.2217
2023-03-22,1.2217,1.2335,1.2209,1.2268
2023-03-23,1.2268,1.2344,1.2262,1.2287
2023-03-24,1.2287,1.2292,1.2191,1.2233
2023-03-27,1.2214,1.2293,1.2213,1.2287
2023-03-28,1.2287,1.2349,1.2281,1.2342
2023-03-29,1.2342,1.2362,1.2303,1.2314
2023-03-30,1.2313,1.2393,1.2294,1.2386
2023-03-31,1.2386,1.2423,1.2325,1.2337
2023-04-03,1.234,1.2424,1.2275,1.2414
2023-04-04,1.2414,1.2525,1.2395,1.2501
2023-04-05,1.2501,1.2514,1.2433,1.2462
2023-04-06,1.2462,1.2487,1.2413,1.244
2023-04-07,1.244,1.2456,1.239,1.2418
2023-04-10,1.2427,1.2443,1.2345,1.2382
2023-04-11,1.2382,1.2456,1.2379,1.2424
2023-04-12,1.2424,1.2495,1.2399,1.2485
2023-04-13,1.2485,1.2537,1.2479,1.2523
2023-04-14,1.2523,1.2546,1.2399,1.2413
2023-04-17,1.2405,1.2438,1.2353,1.2376
2023-04-18,1.2376,1.245,1.2368,1.2425
2023-04-19,1.2425,1.2474,1.2392,1.2439
2023-04-20,1.2439,1.2468,1.2405,1.2443
2023-04-21,1.2443,1.2448,1.2367,1.2432
2023-04-24,1.2414,1.2486,1.2411,1.2486
2023-04-25,1.2486,1.2507,1.2387,1.2409
2023-04-26,1.2409,1.2515,1.2403,1.2469
2023-04-27,1.2469,1.25,1.2437,1.2498
2023-04-28,1.2498,1.2584,1.2447,1.2567
2023-05-01,1.2574,1.2584,1.2481,1.2496
2023-05-02,1.2496,1.2512,1.2436,1.2467
2023-05-03,1.2467,1.259,1.2463,1.2564
2023-05-04,1.2564,1.2599,1.2548,1.2574
2023-05-05,1.2574,1.2652,1.2561,1.2636
2023-05-08,1.2638,1.2669,1.2613,1.2618
2023-05-09,1.2618,1.264,1.2578,1.2621
2023-05-10,1.2621,1.268,1.2603,1.2625
2023-05-11,1.2625,1.2641,1.2497,1.2511
2023-05-12,1.2511,1.2541,1.2445,1.2458
2023-05-15,1.2467,1.2535,1.2445,1.2529
2023-05-16,1.2529,1.2547,1.2466,1.2488
2023-05-17,1.2488,1.251,1.2422,1.2487
2023-05-18,1.2487,1.2493,1.2392,1.2409
2023-05-19,1.2409,1.2484,1.2392,1.2445
2023-05-22,1.244,1.2472,1.2414,1.2437
2023-05-23,1.2437,1.2447,1.2373,1.2413
2023-05-24,1.2413,1.247,1.2358,1.2365
2023-05-25,1.2365,1.2387,1.2308,1.2321
2023-05-26,1.2321,1.2395,1.2311,1.2344
2023-05-29,1.2341,1.2372,1.2335,1.2355
2023-05-30,1.2355,1.2446,1.2327,1.2414
2023-05-31,1.2414,1.2444,1.2348,1.2441
2023-06-01,1.2441,1.254,1.2401,1.2526
2023-06-02,1.2526,1.2545,1.2442,1.2453
2023-06-05,1.2455,1.2461,1.2369,1.2438
2023-06-06,1.2438,1.2459,1.2392,1.2424
2023-06-07,1.2424,1.25,1.2395,1.2438
2023-06-08,1.2438,1.2561,1.2433,1.256
2023-06-09,1.256,1.259,1.2534,1.2572
2023-06-12,1.2573,1.2599,1.2487,1.2509
2023-06-13,1.2509,1.2625,1.2504,1.2612
2023-06-14,1.2612,1.2699,1.2601,1.2664
2023-06-15,1.2664,1.2786,1.263,1.2784
2023-06-16,1.2784,1.2848,1.2769,1.2817
2023-06-19,1.2825,1.2837,1.2771,1.2792
2023-06-20,1.2792,1.2807,1.2714,1.2765
2023-06-21,1.2764,1.2802,1.2691,1.277
2023-06-22,1.277,1.2837,1.2726,1.2748
2023-06-23,1.2747,1.2753,1.2687,1.2714
2023-06-26,1.2719,1.2749,1.2688,1.2713
2023-06-27,1.2712,1.276,1.2704,1.2749
2023-06-28,1.2749,1.2753,1.2607,1.2636
2023-06-29,1.2635,1.2667,1.2591,1.2613
2023-06-30,1.2613,1.2727,1.2599,1.2703
2023-07-03,1.2706,1.2723,1.2659,1.2693
2023-07-04,1.2693,1.2739,1.2684,1.2713
2023-07-05,1.2714,1.2735,1.2688,1.2704
2023-07-06,1.2704,1.2781,1.2674,1.274
2023-07-07,1.274,1.2849,1.2726,1.2839
2023-07-10,1.2838,1.2868,1.2751,1.2861
2023-07-11,1.2861,1.2935,1.2857,1.2933
2023-07-12,1.2933,1.3,1.2904,1.2988
2023-07-13,1.2988,1.3141,1.2982,1.3136
2023-07-14,1.3136,1.3142,1.309,1.3093
2023-07-17,1.311,1.311,1.3051,1.3073
2023-07-18,1.3073,1.3126,1.3029,1.3036
2023-07-19,1.3036,1.3045,1.2868,1.294
2023-07-20,1.2939,1.2965,1.284,1.2868
2023-07-21,1.2868,1.2904,1.2816,1.2854
2023-07-24,1.2848,1.2884,1.2798,1.2829
2023-07-25,1.2828,1.2905,1.281,1.2902
2023-07-26,1.2902,1.296,1.2876,1.2941
2023-07-27,1.2941,1.2996,1.2782,1.2796
2023-07-28,1.2796,1.2887,1.2763,1.2851
2023-07-31,1.2847,1.2873,1.2828,1.2835
2023-08-01,1.2835,1.2841,1.2741,1.2777
2023-08-02,1.2777,1.2806,1.2681,1.2711
2023-08-03,1.2711,1.2728,1.2621,1.2709
2023-08-04,1.2709,1.2792,1.2689,1.2749
2023-08-07,1.2753,1.2789,1.2713,1.2784
2023-08-08,1.2784,1.2786,1.2684,1.2748
2023-08-09,1.2748,1.2782,1.2712,1.2719
2023-08-10,1.2719,1.2819,1.267,1.2676
2023-08-11,1.2676,1.2739,1.2666,1.2696
2023-08-14,1.2697,1.2715,1.2617,1.2683
2023-08-15,1.2683,1.2753,1.2675,1.2705
2023-08-16,1.2705,1.2766,1.2687,1.2732
2023-08-17,1.2732,1.2787,1.2703,1.2747
2023-08-18,1.2747,1.2766,1.2689,1.2734
2023-08-21,1.2733,1.2767,1.271,1.2756
2023-08-22,1.2756,1.28,1.2719,1.2732
2023-08-23,1.2732,1.2765,1.2615,1.2727
2023-08-24,1.2727,1.2729,1.2591,1.2602
2023-08-25,1.2602,1.2654,1.2548,1.2578
2023-08-28,1.2586,1.2611,1.2566,1.2602
2023-08-29,1.2602,1.2655,1.2563,1.2644
2023-08-30,1.2644,1.2746,1.2619,1.2721
2023-08-31,1.2721,1.2734,1.2653,1.2673
2023-09-01,1.2673,1.2713,1.2577,1.259
2023-09-04,1.259,1.2643,1.2583,1.2625
2023-09-05,1.2625,1.2632,1.2528,1.2564
2023-09-06,1.2564,1.2588,1.2482,1.2507
2023-09-07,1.2507,1.2509,1.2446,1.2472
2023-09-08,1.2472,1.2514,1.2451,1.2468
2023-09-11,1.2458,1.2548,1.2457,1.2509
2023-09-12,1.2509,1.253,1.246,1.249
2023-09-13,1.249,1.2512,1.2436,1.249
2023-09-14,1.249,1.2506,1.2397,1.2409
2023-09-15,1.2409,1.2446,1.2379,1.2383
2023-09-18,1.2393,1.241,1.237,1.2383
2023-09-19,1.2383,1.2425,1.237,1.2392
2023-09-20,1.2392,1.2421,1.2332,1.2344
2023-09-21,1.2344,1.2351,1.2239,1.2298
2023-09-22,1.2298,1.2304,1.2231,1.2241
2023-09-25,1.226,1.2265,1.2194,1.2211
2023-09-26,1.2211,1.2217,1.2153,1.2158
2023-09-27,1.2158,1.2166,1.2111,1.2135
2023-09-28,1.2135,1.2225,1.212,1.2203
2023-09-29,1.2203,1.2272,1.2181,1.2199
2023-10-02,1.2204,1.222,1.2087,1.2087
2023-10-03,1.2087,1.2102,1.2052,1.2077
2023-10-04,1.2077,1.2177,1.2037,1.2135
2023-10-05,1.2135,1.2196,1.2108,1.2192
2023-10-06,1.2192,1.2261,1.2106,1.2237
2023-10-09,1.2206,1.2244,1.2163,1.2238
2023-10-10,1.2238,1.2291,1.2212,1.2287
2023-10-11,1.2286,1.2337,1.227,1.2313
2023-10-12,1.2313,1.2332,1.2172,1.2175
2023-10-13,1.2175,1.2225,1.2123,1.2143
2023-10-16,1.2132,1.222,1.2126,1.2217
2023-10-17,1.2217,1.2217,1.2133,1.2183
2023-10-18,1.2183,1.2211,1.2137,1.214
2023-10-19,1.214,1.2192,1.209,1.2144
2023-10-20,1.2144,1.217,1.2093,1.2164
2023-10-23,1.2148,1.2258,1.2143,1.2249
2023-10-24,1.2249,1.2289,1.2154,1.216
2023-10-25,1.216,1.2176,1.2107,1.2112
2023-10-26,1.2112,1.214,1.207,1.2129
2023-10-27,1.2129,1.2162,1.2106,1.2122
2023-10-30,1.2128,1.2175,1.209,1.217
2023-10-31,1.217,1.2201,1.212,1.2153
2023-11-01,1.2153,1.2164,1.2096,1.2152
2023-11-02,1.2152,1.2225,1.2138,1.2203
2023-11-03,1.2203,1.239,1.2185,1.238
2023-11-06,1.2381,1.2428,1.2338,1.2344
2023-11-07,1.2344,1.2349,1.2263,1.23
2023-11-08,1.23,1.2303,1.2242,1.2285
2023-11-09,1.2285,1.2309,1.2213,1.2223
2023-11-10,1.2223,1.2238,1.2187,1.2227
2023-11-13,1.2216,1.228,1.2211,1.2279
2023-11-14,1.2279,1.2506,1.2266,1.2499
2023-11-15,1.2499,1.25,1.2404,1.2416
2023-11-16,1.2416,1.2456,1.2377,1.2414
2023-11-17,1.2414,1.2465,1.2374,1.2462
2023-11-20,1.2455,1.2518,1.2446,1.2505
2023-11-21,1.2505,1.2559,1.25,1.2539
2023-11-22,1.2539,1.255,1.2449,1.2494
2023-11-23,1.2494,1.2564,1.2489,1.2534
2023-11-24,1.2534,1.2615,1.2525,1.2603
2023-11-27,1.2604,1.2644,1.2591,1.2627
2023-11-28,1.2627,1.2715,1.2607,1.2694
2023-11-29,1.2694,1.2733,1.2665,1.2695
2023-11-30,1.2695,1.2711,1.2604,1.2624
2023-12-01,1.2624,1.2716,1.2614,1.271
2023-12-04,1.2709,1.2725,1.2604,1.2633
2023-12-05,1.2633,1.2651,1.2577,1.2595
2023-12-06,1.2595,1.2614,1.2552,1.256
2023-12-07,1.256,1.2612,1.2545,1.2594
2023-12-08,1.2594,1.2601,1.2503,1.2549
2023-12-11,1.2538,1.2591,1.2527,1.2555
2023-12-12,1.2555,1.2615,1.2514,1.2563
2023-12-13,1.2563,1.2635,1.25,1.2618
2023-12-14,1.2618,1.2794,1.2612,1.2767
2023-12-15,1.2767,1.279,1.2669,1.2681
2023-12-18,1.2696,1.2704,1.2629,1.2648
2023-12-19,1.2648,1.2762,1.2638,1.2732
2023-12-20,1.2732,1.2735,1.2625,1.2639
2023-12-21,1.2639,1.2696,1.2612,1.269
2023-12-22,1.269,1.2744,1.2679,1.2701
2023-12-25,1.271,1.2724,1.2685,1.269
2023-12-26,1.2695,1.273,1.2685,1.2725
2023-12-27,1.2725,1.2802,1.2699,1.2798
2023-12-28,1.2798,1.2827,1.2713,1.2733
2023-12-29,1.2733,1.2773,1.2701,1.2731
2024-01-01,1.2747,1.2755,1.2709,1.2727
2024-01-02,1.2727,1.276,1.2611,1.2617
2024-01-03,1.2617,1.2677,1.2616,1.2665
2024-01-04,1.2665,1.273,1.2657,1.2682
2024-01-05,1.2682,1.2771,1.2612,1.272
2024-01-08,1.2723,1.2767,1.2673,1.2748
2024-01-09,1.2748,1.2765,1.269,1.271
2024-01-10,1.271,1.2744,1.2687,1.2742
2024-01-11,1.2742,1.2774,1.269,1.276
2024-01-12,1.2758,1.2786,1.272,1.2753
2024-01-15,1.2752,1.2765,1.2713,1.2727
2024-01-16,1.2727,1.2737,1.262,1.2637
2024-01-17,1.2637,1.2696,1.2597,1.2676
2024-01-18,1.2676,1.2708,1.2648,1.2706
2024-01-19,1.2706,1.2715,1.2661,1.2703
2024-01-22,1.2696,1.2733,1.2687,1.2709
2024-01-23,1.2709,1.2747,1.2649,1.2687
2024-01-24,1.2687,1.2775,1.2677,1.2726
2024-01-25,1.2726,1.2743,1.2682,1.2708
2024-01-26,1.2708,1.2758,1.2676,1.2703
2024-01-29,1.2698,1.2719,1.2662,1.2709
2024-01-30,1.2709,1.2721,1.264,1.27
2024-01-31,1.2699,1.2751,1.2658,1.2688
2024-02-01,1.2688,1.2756,1.2625,1.2744
2024-02-02,1.2744,1.2772,1.2614,1.2631
2024-02-05,1.2632,1.264,1.2519,1.2536
2024-02-06,1.2536,1.2603,1.2532,1.2598
2024-02-07,1.2598,1.2642,1.2594,1.2626
2024-02-08,1.2626,1.2639,1.2572,1.2617
2024-02-09,1.2617,1.2643,1.2599,1.2628
2024-02-12,1.2635,1.2655,1.2606,1.2629
2024-02-13,1.2629,1.2684,1.2573,1.2592
2024-02-14,1.2592,1.2611,1.2536,1.2566
2024-02-15,1.2566,1.2602,1.2542,1.26
2024-02-16,1.26,1.2624,1.2551,1.2602
2024-02-19,1.2604,1.263,1.2584,1.2594
2024-02-20,1.2594,1.2668,1.258,1.2623
2024-02-21,1.2623,1.2642,1.2603,1.2638
2024-02-22,1.2638,1.2709,1.2612,1.266
2024-02-23,1.266,1.2701,1.2649,1.2672
2024-02-26,1.2671,1.2699,1.2657,1.2685
2024-02-27,1.2685,1.2697,1.266,1.2685
2024-02-28,1.2685,1.2688,1.2622,1.2662
2024-02-29,1.2662,1.2682,1.2613,1.2625
2024-03-01,1.2625,1.2664,1.26,1.2655
2024-03-04,1.265,1.2706,1.265,1.2692
2024-03-05,1.2692,1.2735,1.2671,1.2705
2024-03-06,1.2705,1.2761,1.269,1.2731
2024-03-07,1.2731,1.2811,1.2723,1.2809
2024-03-08,1.2809,1.2894,1.2801,1.2858
2024-03-11,1.2858,1.2865,1.2795,1.2814
2024-03-12,1.2814,1.2824,1.2746,1.2793
2024-03-13,1.2793,1.2811,1.2775,1.2797
2024-03-14,1.2797,1.2823,1.2731,1.2753
2024-03-15,1.2753,1.2759,1.2725,1.2736
2024-03-18,1.2739,1.2747,1.2718,1.2729
2024-03-19,1.2729,1.2733,1.2668,1.2722
2024-03-20,1.2722,1.2787,1.2685,1.2785
2024-03-21,1.2785,1.2803,1.2651,1.2658
2024-03-22,1.2658,1.2675,1.2575,1.2601
2024-03-25,1.2604,1.2652,1.2592,1.2636
2024-03-26,1.2636,1.2668,1.2622,1.2628
2024-03-27,1.2628,1.2641,1.2606,1.264
2024-03-28,1.264,1.2654,1.2586,1.2624
2024-03-29,1.2624,1.2645,1.261,1.2623
2024-04-01,1.2631,1.2642,1.254,1.2552
2024-04-02,1.2552,1.2579,1.254,1.2578
2024-04-03,1.2577,1.2656,1.2563,1.2652
2024-04-04,1.2652,1.2684,1.2635,1.2642
2024-04-05,1.2642,1.2649,1.2575,1.2638
2024-04-08,1.2629,1.2664,1.2614,1.2655
2024-04-09,1.2655,1.2709,1.2648,1.2678
2024-04-10,1.2678,1.2708,1.252,1.254
2024-04-11,1.254,1.2579,1.2511,1.2553
2024-04-12,1.2553,1.2559,1.2427,1.2452
2024-04-15,1.2449,1.2499,1.2436,1.2446
2024-04-16,1.2446,1.2472,1.2406,1.2426
2024-04-17,1.2427,1.2482,1.2417,1.2454
2024-04-18,1.2454,1.2485,1.2434,1.2436
2024-04-19,1.2436,1.2468,1.2367,1.237
2024-04-22,1.2377,1.2392,1.23,1.235
2024-04-23,1.235,1.2459,1.2332,1.2449
2024-04-24,1.2449,1.247,1.2423,1.2464
2024-04-25,1.2464,1.2524,1.2455,1.2514
2024-04-26,1.2514,1.2541,1.2449,1.2493
2024-04-29,1.2487,1.257,1.248,1.2563
2024-04-30,1.2563,1.2564,1.249,1.2492
2024-05-01,1.2492,1.255,1.2466,1.2527
2024-05-02,1.2527,1.2545,1.2472,1.2534
2024-05-03,1.2534,1.2634,1.2526,1.2547
2024-05-06,1.2549,1.2595,1.2537,1.2562
2024-05-07,1.2562,1.2571,1.2501,1.2509
2024-05-08,1.2509,1.2516,1.2468,1.2498
2024-05-09,1.2498,1.2527,1.2446,1.2524
2024-05-10,1.2524,1.2541,1.2503,1.2525
2024-05-13,1.2522,1.2569,1.2518,1.2559
2024-05-14,1.2559,1.2593,1.251,1.2592
2024-05-15,1.2592,1.2687,1.2584,1.2685
2024-05-16,1.2685,1.2701,1.2643,1.267
2024-05-17,1.267,1.2712,1.2645,1.2701
2024-05-20,1.2697,1.2725,1.2682,1.2706
2024-05-21,1.2706,1.2727,1.2687,1.2709
2024-05-22,1.2709,1.2761,1.27,1.2717
2024-05-23,1.2717,1.2747,1.2686,1.2699
2024-05-24,1.2699,1.2751,1.2676,1.2737
2024-05-27,1.2732,1.2778,1.2729,1.2769
2024-05-28,1.2769,1.2801,1.2754,1.2762
2024-05-29,1.2761,1.2772,1.2699,1.2701
2024-05-30,1.2701,1.2747,1.2681,1.2732
2024-05-31,1.2732,1.2766,1.27,1.2742
2024-06-03,1.274,1.2808,1.2694,1.2808
2024-06-04,1.2808,1.2817,1.2743,1.277
2024-06-05,1.277,1.2795,1.2756,1.2787
2024-06-06,1.2787,1.2809,1.2763,1.2791
2024-06-07,1.2791,1.2812,1.2716,1.2719
2024-06-10,1.2727,1.2739,1.2688,1.2731
2024-06-11,1.2731,1.2752,1.2706,1.274
2024-06-12,1.274,1.286,1.2733,1.2798
2024-06-13,1.2798,1.2808,1.2738,1.2762
2024-06-14,1.2762,1.2764,1.2657,1.2687
2024-06-17,1.2687,1.271,1.2659,1.2705
2024-06-18,1.2705,1.2721,1.2669,1.2709
2024-06-19,1.2709,1.274,1.27,1.272
2024-06-20,1.272,1.2724,1.2655,1.2657
2024-06-21,1.2657,1.2675,1.2623,1.2645
2024-06-24,1.264,1.2698,1.2633,1.2686
2024-06-25,1.2686,1.2702,1.2671,1.2686
2024-06-26,1.2686,1.2693,1.2616,1.2622
2024-06-27,1.2622,1.2671,1.2613,1.2639
2024-06-28,1.2639,1.2662,1.262,1.2645
2024-07-01,1.2639,1.2707,1.2633,1.265
2024-07-02,1.265,1.2688,1.2616,1.2685
2024-07-03,1.2685,1.2777,1.2676,1.2742
2024-07-04,1.2742,1.2768,1.2741,1.276
2024-07-05,1.276,1.2817,1.2754,1.2815
2024-07-08,1.2795,1.2846,1.2791,1.2807
2024-07-09,1.2806,1.2825,1.2778,1.2786
2024-07-10,1.2786,1.2849,1.2784,1.2849
2024-07-11,1.2848,1.2949,1.2848,1.2915
2024-07-12,1.2915,1.2991,1.2902,1.2988
2024-07-15,1.2975,1.2995,1.2958,1.2968
2024-07-16,1.2968,1.298,1.2938,1.2974
2024-07-17,1.2974,1.3044,1.2966,1.3009
2024-07-18,1.3009,1.3013,1.294,1.2944
2024-07-19,1.2944,1.2968,1.2901,1.2914
2024-07-22,1.2919,1.2942,1.2906,1.2933
2024-07-23,1.2933,1.2936,1.2888,1.2908
2024-07-24,1.2908,1.2938,1.2878,1.2907
2024-07-25,1.2907,1.2917,1.285,1.2851
2024-07-26,1.2851,1.2878,1.285,1.2867
2024-07-29,1.286,1.2888,1.2807,1.2862
2024-07-30,1.2862,1.2866,1.282,1.2836
2024-07-31,1.2836,1.2864,1.2821,1.2856
2024-08-01,1.2856,1.2863,1.2727,1.2739
2024-08-02,1.2739,1.284,1.2707,1.2801
2024-08-05,1.2805,1.2817,1.2711,1.2776
2024-08-06,1.2776,1.2803,1.2673,1.2691
2024-08-07,1.2691,1.2736,1.2681,1.2692
2024-08-08,1.2692,1.2752,1.2665,1.2748
2024-08-09,1.2748,1.2774,1.2726,1.2761
2024-08-12,1.2757,1.2794,1.2747,1.277
2024-08-13,1.277,1.2873,1.2762,1.2862
2024-08-14,1.2862,1.2868,1.282,1.2829
2024-08-15,1.2829,1.2872,1.2799,1.2855
2024-08-16,1.2856,1.2946,1.2852,1.2944
2024-08-19,1.2921,1.2997,1.289,1.2991
2024-08-20,1.2991,1.3052,1.2975,1.3034
2024-08-21,1.3034,1.3119,1.3011,1.3091
2024-08-22,1.3092,1.3129,1.3077,1.3091
2024-08-23,1.3091,1.323,1.3086,1.3214
2024-08-26,1.3189,1.3223,1.3179,1.3188
2024-08-27,1.3188,1.3266,1.318,1.3261
2024-08-28,1.3261,1.3264,1.3168,1.3191
2024-08-29,1.3191,1.3227,1.3146,1.3168
2024-08-30,1.3168,1.32,1.311,1.3127
2024-09-02,1.3131,1.3155,1.312,1.3146
2024-09-03,1.3146,1.3149,1.3088,1.3114
2024-09-04,1.3114,1.3175,1.3101,1.3147
2024-09-05,1.3147,1.3185,1.3137,1.318
2024-09-06,1.318,1.3238,1.311,1.3129
2024-09-09,1.3115,1.3143,1.3068,1.3074
2024-09-10,1.3074,1.3108,1.305,1.308
2024-09-11,1.308,1.3111,1.3002,1.3043
2024-09-12,1.3043,1.3127,1.3032,1.3124
2024-09-13,1.3124,1.3158,1.3115,1.3124
2024-09-16,1.3126,1.3218,1.3121,1.3216
2024-09-17,1.3216,1.323,1.3146,1.3161
2024-09-18,1.3161,1.3298,1.3156,1.3214
2024-09-19,1.3214,1.3314,1.3154,1.3284
2024-09-20,1.3284,1.334,1.3268,1.3321
2024-09-23,1.3314,1.3359,1.3249,1.3347
2024-09-24,1.3347,1.3416,1.3332,1.3413
2024-09-25,1.3413,1.343,1.3313,1.3324
2024-09-26,1.3324,1.3434,1.3313,1.3415
2024-09-27,1.3415,1.3427,1.336,1.3374
2024-09-30,1.3371,1.3423,1.335,1.3375
2024-10-01,1.3375,1.3389,1.3237,1.3286
2024-10-02,1.3285,1.3305,1.3246,1.3268
2024-10-03,1.3268,1.3274,1.3092,1.3124
2024-10-04,1.3124,1.3175,1.307,1.3122
2024-10-07,1.3117,1.3134,1.306,1.3083
2024-10-08,1.3083,1.3113,1.3064,1.3104
2024-10-09,1.3104,1.3106,1.3056,1.3071
2024-10-10,1.3071,1.3094,1.3022,1.3059
2024-10-11,1.3059,1.3083,1.3042,1.3067
2024-10-14,1.3073,1.3074,1.303,1.3059
2024-10-15,1.3059,1.3103,1.3036,1.3074
2024-10-16,1.3074,1.3077,1.2977,1.299
2024-10-17,1.299,1.3023,1.2974,1.3011
2024-10-18,1.3011,1.3071,1.3004,1.3052
2024-10-21,1.3044,1.3058,1.2977,1.2985
2024-10-22,1.2985,1.3015,1.2945,1.2984
2024-10-23,1.2984,1.2995,1.2908,1.2921
2024-10-24,1.2921,1.2988,1.2909,1.2975
2024-10-25,1.2975,1.2998,1.2956,1.2962
2024-10-28,1.2975,1.3001,1.294,1.2972
2024-10-29,1.2972,1.3017,1.2958,1.3015
2024-10-30,1.3015,1.3043,1.2937,1.2962
2024-10-31,1.2962,1.3,1.2844,1.2899
2024-11-01,1.2899,1.298,1.2885,1.2924
2024-11-04,1.2963,1.2999,1.2934,1.2957
2024-11-05,1.2957,1.3043,1.2948,1.3042
2024-11-06,1.3042,1.3048,1.2834,1.2879
2024-11-07,1.2879,1.3009,1.2871,1.2987
2024-11-08,1.2987,1.299,1.2884,1.2921
2024-11-11,1.2911,1.2926,1.2856,1.2868
2024-11-12,1.2868,1.2874,1.2719,1.2748
2024-11-13,1.2748,1.2768,1.2687,1.2708
2024-11-14,1.2708,1.272,1.263,1.2666
2024-11-15,1.2666,1.2697,1.2597,1.2618
2024-11-18,1.2639,1.2687,1.261,1.2678
2024-11-19,1.2678,1.2689,1.2613,1.2682
2024-11-20,1.2682,1.2715,1.2631,1.2652
2024-11-21,1.2652,1.266,1.2576,1.2589
2024-11-22,1.2589,1.2596,1.2487,1.253
2024-11-25,1.2573,1.2613,1.2542,1.2568
2024-11-26,1.2568,1.2616,1.2507,1.2569
2024-11-27,1.2569,1.2694,1.2567,1.268
2024-11-28,1.268,1.2691,1.2645,1.2687
2024-11-29,1.2687,1.275,1.2672,1.2735
2024-12-02,1.2734,1.2747,1.2617,1.2655
2024-12-03,1.2655,1.27,1.2637,1.2673
2024-12-04,1.2673,1.2721,1.263,1.2701
2024-12-05,1.2701,1.2771,1.2693,1.2759
2024-12-06,1.2759,1.2811,1.2721,1.2744
2024-12-09,1.2739,1.2799,1.2717,1.275
2024-12-10,1.275,1.2778,1.2724,1.2771
2024-12-11,1.2771,1.2782,1.2713,1.2751
2024-12-12,1.2751,1.2788,1.2667,1.2673
2024-12-13,1.2673,1.2679,1.2609,1.2619
2024-12-16,1.2616,1.2699,1.2612,1.2683
2024-12-17,1.2683,1.2729,1.2666,1.271
2024-12-18,1.271,1.2723,1.2563,1.2574
2024-12-19,1.2574,1.2667,1.2495,1.2502
2024-12-20,1.2502,1.2614,1.2476,1.257
2024-12-23,1.2584,1.2588,1.251,1.2536
2024-12-24,1.2536,1.2575,1.2519,1.2539
2024-12-25,1.2539,1.2565,1.2534,1.2561
2024-12-26,1.2561,1.2562,1.2501,1.2525
2024-12-27,1.2525,1.2593,1.2505,1.2578
2024-12-30,1.2569,1.2607,1.2507,1.255
2024-12-31,1.255,1.2569,1.2506,1.2516
2025-01-01,1.2533,1.2534,1.2514,1.2517
2025-01-02,1.2518,1.2541,1.2353,1.238
2025-01-03,1.238,1.2434,1.2372,1.2423
2025-01-06,1.2415,1.2551,1.2405,1.252
2025-01-07,1.252,1.2576,1.2477,1.2477
2025-01-08,1.2477,1.2494,1.2321,1.2363
2025-01-09,1.2363,1.2367,1.2239,1.2308
2025-01-10,1.2308,1.2322,1.2193,1.2207
2025-01-13,1.2196,1.2221,1.21,1.2202
2025-01-14,1.2201,1.225,1.214,1.2215
2025-01-15,1.2215,1.2306,1.2163,1.2242
2025-01-16,1.2242,1.226,1.2175,1.2239
2025-01-17,1.2239,1.2244,1.2161,1.2169
2025-01-20,1.2174,1.2344,1.2161,1.2328
2025-01-21,1.2328,1.236,1.2229,1.235
2025-01-22,1.235,1.2376,1.2308,1.2316
2025-01-23,1.2316,1.2376,1.2294,1.2353
2025-01-24,1.2353,1.2502,1.2349,1.2484
2025-01-27,1.2474,1.2523,1.2426,1.2499
2025-01-28,1.2498,1.2499,1.2415,1.2443
2025-01-29,1.2443,1.2463,1.2393,1.2452
2025-01-30,1.2452,1.2476,1.2408,1.2419
2025-01-31,1.2419,1.2472,1.2386,1.2395
2025-02-03,1.2392,1.2455,1.2249,1.245
2025-02-04,1.245,1.2493,1.238,1.248
2025-02-05,1.248,1.255,1.2464,1.2505
2025-02-06,1.2505,1.251,1.2361,1.2435
2025-02-07,1.2435,1.2492,1.2377,1.2402
2025-02-10,1.2415,1.2422,1.2363,1.2368
2025-02-11,1.2368,1.2455,1.2333,1.2446
2025-02-12,1.2446,1.2484,1.2378,1.2446
2025-02-13,1.2446,1.2569,1.244,1.2566
2025-02-14,1.2566,1.263,1.2549,1.2586
2025-02-17,1.2583,1.2635,1.2578,1.2625
2025-02-18,1.2625,1.2627,1.2583,1.2613
2025-02-19,1.2613,1.264,1.2563,1.2586
2025-02-20,1.2586,1.2671,1.2579,1.2669
2025-02-21,1.2669,1.2679,1.2625,1.2632
2025-02-24,1.2638,1.2691,1.2612,1.2625
2025-02-25,1.2625,1.2678,1.2606,1.2666
2025-02-26,1.2666,1.2716,1.2636,1.2676
2025-02-27,1.2675,1.2689,1.2598,1.2601
2025-02-28,1.2601,1.2622,1.2559,1.2577
2025-03-03,1.2585,1.2723,1.257,1.2701
2025-03-04,1.2701,1.28,1.2679,1.2795
2025-03-05,1.2795,1.2901,1.2768,1.2895
2025-03-06,1.2895,1.2924,1.2866,1.2882
2025-03-07,1.2882,1.2945,1.2876,1.292
2025-03-10,1.2909,1.2947,1.2862,1.2879
2025-03-11,1.2879,1.2966,1.2873,1.2951
2025-03-12,1.2951,1.2988,1.2914,1.2963
2025-03-13,1.2963,1.2973,1.2921,1.2952
2025-03-14,1.2951,1.2959,1.2911,1.2935
2025-03-17,1.2932,1.2999,1.2917,1.2992
2025-03-18,1.2992,1.301,1.2952,1.3001
2025-03-19,1.3001,1.3011,1.2955,1.3003
2025-03-20,1.3003,1.3015,1.2936,1.2967
2025-03-21,1.2967,1.2972,1.2888,1.2919
2025-03-24,1.2902,1.2974,1.2886,1.2923
2025-03-25,1.2923,1.2967,1.2902,1.2944
2025-03-26,1.2944,1.2949,1.2875,1.2888
2025-03-27,1.2888,1.2992,1.2871,1.2949
2025-03-28,1.2949,1.2968,1.2923,1.294
2025-03-31,1.2935,1.2973,1.2887,1.2918
2025-04-01,1.2918,1.2941,1.288,1.2923
2025-04-02,1.2923,1.3025,1.2901,1.3007
2025-04-03,1.3006,1.3207,1.2973,1.31
2025-04-04,1.31,1.3114,1.2854,1.2887
2025-04-07,1.2882,1.2934,1.2709,1.2724
2025-04-08,1.2724,1.2814,1.2721,1.2765
2025-04-09,1.2765,1.2864,1.2744,1.282
2025-04-10,1.2819,1.2996,1.2807,1.297
2025-04-11,1.297,1.3145,1.2968,1.3087
2025-04-14,1.3058,1.3201,1.3041,1.319
2025-04-15,1.319,1.3252,1.3164,1.3231
2025-04-16,1.3231,1.3292,1.3213,1.3244
2025-04-17,1.3244,1.3273,1.3203,1.3266
2025-04-18,1.3266,1.3299,1.3254,1.3296
2025-04-21,1.3271,1.3422,1.326,1.3379
2025-04-22,1.3379,1.3424,1.3326,1.3332
2025-04-23,1.3332,1.3339,1.3234,1.3254
2025-04-24,1.3254,1.3349,1.3253,1.3342
2025-04-25,1.3341,1.3347,1.3274,1.3315
2025-04-28,1.331,1.3444,1.328,1.3441
2025-04-29,1.3441,1.3444,1.3381,1.3409
2025-04-30,1.3409,1.3415,1.3309,1.3329
2025-05-01,1.333,1.3345,1.326,1.3278
2025-05-02,1.3278,1.3331,1.3264,1.3272
2025-05-05,1.3288,1.3337,1.3257,1.3296
2025-05-06,1.3297,1.3402,1.326,1.3369
2025-05-07,1.3369,1.3382,1.328,1.3292
2025-05-08,1.3293,1.3356,1.3237,1.3246
2025-05-09,1.3246,1.3323,1.3212,1.3306
2025-05-12,1.3295,1.3306,1.314,1.3176
2025-05-13,1.3176,1.3316,1.317,1.3306
2025-05-14,1.3306,1.336,1.3254,1.3263
2025-05-15,1.3263,1.332,1.3259,1.3305
2025-05-16,1.3305,1.3333,1.3251,1.3283
2025-05-19,1.3281,1.3404,1.3245,1.3361
2025-05-20,1.3361,1.3395,1.3335,1.3393
2025-05-21,1.3393,1.3469,1.3381,1.342
2025-05-22,1.342,1.3441,1.3391,1.3419
2025-05-23,1.3419,1.3543,1.3412,1.3537
2025-05-26,1.3524,1.3593,1.3509,1.3564
2025-05-27,1.3564,1.3587,1.35,1.3507
2025-05-28,1.3507,1.3522,1.345,1.3469
2025-05-29,1.3469,1.3507,1.3416,1.3492
2025-05-30,1.3492,1.3511,1.3448,1.3459
2025-06-02,1.3463,1.356,1.3452,1.3544
2025-06-03,1.3545,1.3559,1.3492,1.3517
2025-06-04,1.3517,1.358,1.3501,1.3554
2025-06-05,1.3555,1.3616,1.3541,1.357
2025-06-06,1.357,1.3585,1.3508,1.3528
2025-06-09,1.3528,1.3581,1.3523,1.3551
2025-06-10,1.3551,1.3564,1.3456,1.35
2025-06-11,1.35,1.3567,1.3465,1.3547
2025-06-12,1.3547,1.3624,1.3523,1.3613
2025-06-13,1.3613,1.3632,1.3517,1.3571
2025-06-16,1.3578,1.3622,1.3535,1.3578
2025-06-17,1.3578,1.3591,1.3415,1.3429
2025-06-18,1.3429,1.3476,1.3401,1.3422
2025-06-19,1.3423,1.347,1.3383,1.3465
2025-06-20,1.3464,1.3511,1.3441,1.3451
2025-06-23,1.3443,1.3531,1.3371,1.3524
2025-06-24,1.3524,1.3648,1.3506,1.3615
2025-06-25,1.3615,1.3672,1.3591,1.3664
2025-06-26,1.3664,1.3771,1.3656,1.3728
2025-06-27,1.3728,1.3752,1.3683,1.3716
2025-06-30,1.3704,1.3741,1.3674,1.3732
2025-07-01,1.3732,1.3789,1.3704,1.3746
2025-07-02,1.3745,1.3753,1.3563,1.3636
2025-07-03,1.3635,1.3676,1.3586,1.3655
2025-07-04,1.3656,1.3681,1.3635,1.365
2025-07-07,1.3653,1.3662,1.3576,1.3602
2025-07-08,1.3602,1.3647,1.3526,1.3592
2025-07-09,1.3592,1.3619,1.3565,1.3586
2025-07-10,1.3586,1.362,1.3533,1.3579
2025-07-11,1.3578,1.3586,1.3481,1.3493
2025-07-14,1.3499,1.3504,1.3424,1.3427
2025-07-15,1.3427,1.3467,1.3379,1.3384
2025-07-16,1.3384,1.3486,1.3365,1.3422
2025-07-17,1.3422,1.343,1.3374,1.3416
2025-07-18,1.3416,1.3475,1.3406,1.3416
2025-07-21,1.3425,1.3511,1.3399,1.3493
2025-07-22,1.3492,1.3534,1.3462,1.3533
2025-07-23,1.3533,1.3584,1.3515,1.3582
2025-07-24,1.3582,1.3589,1.3503,1.351
2025-07-25,1.351,1.3514,1.3416,1.3438
2025-07-28,1.3436,1.3453,1.3352,1.3356
2025-07-29,1.3356,1.3364,1.3308,1.3351
2025-07-30,1.3351,1.3386,1.3228,1.3237
2025-07-31,1.3237,1.3282,1.3186,1.3207
2025-08-01,1.3207,1.331,1.3142,1.3279
2025-08-04,1.3322,1.3331,1.3254,1.3285
2025-08-05,1.3285,1.3316,1.326,1.3299
2025-08-06,1.3299,1.3368,1.3282,1.3357
2025-08-07,1.3357,1.3448,1.3346,1.3444
2025-08-08,1.3444,1.3459,1.3418,1.3452
2025-08-11,1.3435,1.3477,1.34,1.3432
2025-08-12,1.3432,1.3524,1.3421,1.35
2025-08-13,1.35,1.3585,1.3493,1.3576
2025-08-14,1.3575,1.3595,1.3521,1.3532
2025-08-15,1.3532,1.3575,1.3526,1.3554
2025-08-18,1.3553,1.3567,1.3502,1.3504
2025-08-19,1.3504,1.3531,1.3478,1.3491
2025-08-20,1.3491,1.3509,1.3448,1.3457
2025-08-21,1.3457,1.3483,1.3406,1.3412
2025-08-22,1.3412,1.3544,1.3391,1.3525
2025-08-25,1.3528,1.3533,1.3446,1.3455
2025-08-26,1.3455,1.3493,1.3435,1.348
2025-08-27,1.348,1.3502,1.3417,1.3498
2025-08-28,1.3498,1.3531,1.3483,1.3513
2025-08-29,1.3513,1.3517,1.3446,1.3504
2025-09-01,1.3503,1.355,1.3494,1.3545
2025-09-02,1.3545,1.3549,1.334,1.3394
2025-09-03,1.3394,1.3458,1.3333,1.3444
2025-09-04,1.3444,1.3459,1.3417,1.3434
2025-09-05,1.3434,1.3555,1.343,1.3509
2025-09-08,1.3507,1.3556,1.3483,1.3545
2025-09-09,1.3545,1.359,1.3518,1.3528
2025-09-10,1.3528,1.3563,1.3513,1.3529
2025-09-11,1.3529,1.3583,1.3494,1.3574
2025-09-12,1.3574,1.3581,1.3524,1.3556
2025-09-15,1.3547,1.362,1.3539,1.3599
2025-09-16,1.36,1.3672,1.3598,1.3647
2025-09-17,1.3647,1.3726,1.362,1.3626
2025-09-18,1.3626,1.3661,1.3534,1.3555
2025-09-19,1.3555,1.356,1.3463,1.3472
2025-09-22,1.3493,1.3521,1.3453,1.3514
2025-09-23,1.3514,1.3537,1.3487,1.3526
2025-09-24,1.3525,1.3528,1.3427,1.3447
2025-09-25,1.3447,1.3467,1.3324,1.3345
2025-09-26,1.3345,1.3413,1.333,1.3402
2025-09-29,1.3396,1.3457,1.339,1.3429
2025-09-30,1.3429,1.3467,1.3414,1.3446
2025-10-01,1.3445,1.3527,1.3435,1.3478
2025-10-02,1.3478,1.351,1.3401,1.344
2025-10-03,1.344,1.3486,1.3429,1.348
2025-10-06,1.343,1.349,1.3417,1.3485
2025-10-07,1.3485,1.3487,1.3392,1.3426
2025-10-08,1.3426,1.3438,1.3371,1.3404
2025-10-09,1.3404,1.3419,1.328,1.3304
2025-10-10,1.3304,1.337,1.3262,1.336
2025-10-13,1.3339,1.3366,1.3315,1.3333
2025-10-14,1.3333,1.3353,1.3249,1.332
2025-10-15,1.332,1.3407,1.3317,1.3403
2025-10-16,1.3403,1.3455,1.3394,1.3434
2025-10-17,1.3434,1.3471,1.3391,1.3427
2025-10-20,1.3422,1.3443,1.34,1.3405
2025-10-21,1.3405,1.3416,1.3361,1.3371
2025-10-22,1.3371,1.3387,1.3306,1.3356
2025-10-23,1.3356,1.3365,1.3308,1.3326
2025-10-24,1.3326,1.3361,1.3288,1.3311
2025-10-27,1.3315,1.3353,1.3311,1.3336
2025-10-28,1.3336,1.337,1.3248,1.3272
2025-10-29,1.3272,1.3281,1.3141,1.3194
2025-10-30,1.3194,1.3219,1.3117,1.3151
2025-10-31,1.3151,1.3165,1.3097,1.3152
2025-11-03,1.3128,1.3162,1.3109,1.314
2025-11-04,1.314,1.3145,1.301,1.3021
2025-11-05,1.3021,1.3054,1.301,1.305
2025-11-06,1.305,1.3143,1.3046,1.3137
2025-11-07,1.3137,1.3175,1.3095,1.3162
2025-11-10,1.3153,1.3191,1.3137,1.3175
2025-11-11,1.3175,1.3184,1.3117,1.315
2025-11-12,1.3151,1.3164,1.3085,1.3133
2025-11-13,1.3133,1.3216,1.3101,1.3192
2025-11-14,1.3191,1.32,1.3108,1.3171
2025-11-17,1.3159,1.3193,1.3136,1.3156
2025-11-18,1.3156,1.3177,1.3134,1.3145
2025-11-19,1.3145,1.3155,1.3044,1.3059
2025-11-20,1.3059,1.3124,1.3038,1.3073
2025-11-21,1.3073,1.311,1.3039,1.3099
2025-11-24,1.3099,1.3118,1.3081,1.3105
2025-11-25,1.3105,1.3214,1.3096,1.3166
2025-11-26,1.3166,1.3244,1.3125,1.3241
2025-11-27,1.3241,1.3269,1.321,1.324
2025-11-28,1.324,1.3255,1.3201,1.3235
2025-12-01,1.3231,1.3275,1.3206,1.3213
2025-12-02,1.3213,1.3222,1.318,1.3213
2025-12-03,1.3213,1.3354,1.3205,1.3353
2025-12-04,1.3353,1.3385,1.3323,1.3327
2025-12-05,1.3327,1.3362,1.3316,1.3328
2025-12-08,1.3325,1.3347,1.3306,1.3322
2025-12-09,1.3322,1.3356,1.3288,1.3297
2025-12-10,1.3297,1.3389,1.3296,1.3383
2025-12-11,1.3383,1.3438,1.3355,1.3388
2025-12-12,1.3388,1.34,1.3342,1.3371
2025-12-15,1.3364,1.3402,1.3355,1.3376
2025-12-16,1.3376,1.3456,1.3355,1.3423
2025-12-17,1.3423,1.3427,1.3312,1.3376
2025-12-18,1.3376,1.3446,1.3341,1.3381
2025-12-19,1.3381,1.3394,1.3357,1.3379
2025-12-22,1.3379,1.3478,1.3371,1.3461
2025-12-23,1.3461,1.3524,1.346,1.3518
2025-12-24,1.3518,1.3534,1.3492,1.3505
2025-12-25,1.3505,1.3537,1.3495,1.3521
2025-12-26,1.3521,1.3527,1.3478,1.3497
2025-12-29,1.3503,1.3516,1.3469,1.3512
2025-12-30,1.3512,1.3531,1.345,1.3468
2025-12-31,1.3469,1.3484,1.3402,1.3475
2026-01-01,1.3475,1.348,1.3418,1.3455
2026-01-02,1.3458,1.3502,1.3434,1.3456
2026-01-05,1.3474,1.3548,1.3414,1.3542
2026-01-06,1.3542,1.3568,1.3492,1.3501
2026-01-07,1.3501,1.3517,1.3456,1.3458
2026-01-08,1.3458,1.3466,1.3416,1.3439
2026-01-09,1.3439,1.3451,1.3393,1.3404
2026-01-12,1.3402,1.3486,1.3391,1.3465
2026-01-13,1.3465,1.3495,1.3422,1.3422
2026-01-14,1.3422,1.3464,1.342,1.3443
2026-01-15,1.3443,1.3446,1.3363,1.3381
2026-01-16,1.3381,1.3413,1.3366,1.338
2026-01-19,1.3369,1.3435,1.3331,1.3425
2026-01-20,1.3425,1.3491,1.341,1.3439
2026-01-21,1.3439,1.3459,1.3402,1.3429
2026-01-22,1.3429,1.3507,1.3402,1.3501
2026-01-23,1.3501,1.3646,1.3483,1.3643
2026-01-26,1.3646,1.3713,1.3637,1.368
2026-01-27,1.368,1.3868,1.3664,1.3849
2026-01-28,1.3849,1.3849,1.375,1.3808
2026-01-29,1.3808,1.3848,1.3743,1.3809
2026-01-30,1.3809,1.3814,1.3679,1.3686
2026-02-02,1.3686,1.3715,1.3623,1.3666
2026-02-03,1.3666,1.3707,1.3651,1.3697
2026-02-04,1.3697,1.3733,1.3642,1.3654
2026-02-05,1.3655,1.3663,1.3518,1.3531
2026-02-06,1.3531,1.3623,1.3509,1.3611
2026-02-09,1.3598,1.37,1.3587,1.3693
2026-02-10,1.3693,1.3697,1.3639,1.3643
2026-02-11,1.3643,1.3712,1.361,1.3628
2026-02-12,1.3628,1.3671,1.3605,1.3622
2026-02-13,1.3622,1.3659,1.3591,1.3651
2026-02-16,1.3637,1.3662,1.3625,1.3629
2026-02-17,1.3629,1.3635,1.3496,1.3568
2026-02-18,1.3568,1.3582,1.3492,1.3495
2026-02-19,1.3495,1.3517,1.3434,1.3465
2026-02-20,1.3465,1.3515,1.3435,1.348
2026-02-23,1.3486,1.3535,1.3476,1.3492
2026-02-24,1.3492,1.3537,1.347,1.3489
2026-02-25,1.3489,1.3566,1.3489,1.3559
2026-02-26,1.3559,1.3575,1.3445,1.3482
2026-02-27,1.3482,1.3508,1.344,1.3482
2026-03-02,1.3463,1.3463,1.3314,1.3407
2026-03-03,1.3407,1.3425,1.3253,1.3358
2026-03-04,1.3358,1.3403,1.3304,1.3375
2026-03-05,1.3375,1.3387,1.3298,1.3357
2026-03-06,1.3357,1.3416,1.3312,1.3413
2026-03-09,1.3349,1.3447,1.3283,1.3437
2026-03-10,1.3437,1.3483,1.3412,1.3418
2026-03-11,1.3418,1.3458,1.3394,1.3412
2026-03-12,1.3412,1.3414,1.3338,1.3343
2026-03-13,1.3343,1.337,1.3219,1.323
2026-03-16,1.3249,1.334,1.3225,1.332
2026-03-17,1.332,1.3365,1.3274,1.3356
2026-03-18,1.3356,1.3375,1.3252,1.3257
2026-03-19,1.3257,1.3467,1.3246,1.3431
2026-03-20,1.3431,1.3442,1.3299,1.3341
2026-03-23,1.3347,1.3479,1.3257,1.3431
2026-03-24,1.3431,1.3445,1.3352,1.3411
2026-03-25,1.3411,1.3436,1.3358,1.3365
2026-03-26,1.3365,1.3378,1.331,1.333
2026-03-27,1.333,1.3347,1.3259,1.3259
2026-03-30,1.3276,1.3283,1.3174,1.3186
2026-03-31,1.3186,1.3264,1.3159,1.3227
2026-04-01,1.3227,1.3346,1.322,1.3305
2026-04-02,1.3305,1.332,1.3182,1.3227
2026-04-03,1.3227,1.3243,1.3189,1.3202
2026-04-06,1.322,1.3269,1.3179,1.3235
2026-04-07,1.3235,1.3301,1.3212,1.3291
2026-04-08,1.3291,1.3484,1.3287,1.3394
2026-04-09,1.3394,1.3459,1.3381,1.3436
2026-04-10,1.3436,1.3479,1.3411,1.3462
2026-04-13,1.343,1.3509,1.3381,1.3506
2026-04-14,1.3506,1.359,1.35,1.3567
2026-04-15,1.3567,1.3579,1.3544,1.3561
2026-04-16,1.3561,1.3595,1.3517,1.3527
2026-04-17,1.3527,1.3599,1.3505,1.3516
2026-04-20,1.3528,1.3544,1.3475,1.3535
2026-04-21,1.3535,1.354,1.3476,1.3508
2026-04-22,1.3508,1.3535,1.3492,1.3502
2026-04-23,1.3502,1.3518,1.3448,1.3467
2026-04-24,1.3467,1.3538,1.3454,1.3532
2026-04-27,1.35,1.3576,1.349,1.3535
2026-04-28,1.3535,1.3542,1.3463,1.3517
2026-04-29,1.3517,1.3528,1.3458,1.3475
2026-04-30,1.3475,1.3612,1.3454,1.3604
2026-05-01,1.3604,1.3658,1.3569,1.3583
2026-05-04,1.3585,1.3605,1.3512,1.3532
2026-05-05,1.3532,1.3578,1.3514,1.3541
2026-05-06,1.3541,1.3643,1.3538,1.3593
2026-05-07,1.3593,1.3632,1.3549,1.3555
2026-05-08,1.3555,1.3637,1.3547,1.3631
2026-05-11,1.3618,1.3653,1.3551,1.361
2026-05-12,1.361,1.3615,1.35,1.354
2026-05-13,1.354,1.3551,1.3485,1.3523
2026-05-14,1.3523,1.3533,1.3395,1.3403
2026-05-15,1.3403,1.3409,1.3315,1.3326
