Date,Open,High,Low,Close
2016-01-01,7.7507,7.7509,7.7499,7.7503
2016-01-04,7.75,7.7542,7.7488,7.7515
2016-01-05,7.7515,7.7519,7.7507,7.7516
2016-01-06,7.7516,7.753,7.7506,7.7526
2016-01-07,7.7526,7.7598,7.7516,7.7583
2016-01-08,7.7583,7.7657,7.7536,7.7633
2016-01-11,7.7639,7.7657,7.7563,7.7639
2016-01-12,7.7637,7.7647,7.7575,7.7629
2016-01-13,7.7629,7.763,7.758,7.7618
2016-01-14,7.7618,7.7895,7.76,7.7825
2016-01-15,7.7825,7.7991,7.7746,7.795
2016-01-18,7.7937,7.8004,7.7909,7.7986
2016-01-19,7.7986,7.82,7.7983,7.8191
2016-01-20,7.8191,7.8295,7.8144,7.8177
2016-01-21,7.8177,7.8243,7.8075,7.8182
2016-01-22,7.8181,7.8193,7.7858,7.7967
2016-01-25,7.7962,7.8001,7.7869,7.7947
2016-01-26,7.7947,7.8013,7.7915,7.795
2016-01-27,7.795,7.7979,7.7831,7.7958
2016-01-28,7.7958,7.7965,7.7874,7.7926
2016-01-29,7.7926,7.7955,7.7797,7.7863
2016-02-01,7.7819,7.7858,7.774,7.7782
2016-02-02,7.7782,7.801,7.7767,7.7986
2016-02-03,7.7986,7.8008,7.7885,7.7961
2016-02-04,7.7961,7.7971,7.7816,7.7894
2016-02-05,7.7894,7.7963,7.7801,7.7921
2016-02-08,7.7896,7.795,7.7845,7.7921
2016-02-09,7.792,7.7997,7.7886,7.7979
2016-02-10,7.7979,7.7986,7.7889,7.7934
2016-02-11,7.7934,7.7964,7.7854,7.7906
2016-02-12,7.7907,7.7919,7.7861,7.7891
2016-02-15,7.7891,7.7897,7.7832,7.7849
2016-02-16,7.7848,7.7921,7.7836,7.7913
2016-02-17,7.7913,7.7937,7.7844,7.786
2016-02-18,7.786,7.787,7.7731,7.7816
2016-02-19,7.7816,7.782,7.7715,7.7756
2016-02-22,7.7743,7.7752,7.7658,7.7712
2016-02-23,7.7712,7.7721,7.7659,7.7678
2016-02-24,7.7678,7.7719,7.7669,7.7691
2016-02-25,7.7691,7.7736,7.7671,7.7726
2016-02-26,7.7726,7.7771,7.767,7.777
2016-02-29,7.775,7.7807,7.7722,7.7762
2016-03-01,7.7762,7.778,7.7697,7.7717
2016-03-02,7.7715,7.7764,7.7712,7.7739
2016-03-03,7.7739,7.7772,7.7679,7.7682
2016-03-04,7.7682,7.7713,7.7616,7.7624
2016-03-07,7.7643,7.7709,7.7594,7.7639
2016-03-08,7.7639,7.7684,7.7636,7.7667
2016-03-09,7.7667,7.7675,7.7639,7.7664
2016-03-10,7.7664,7.7669,7.7622,7.7623
2016-03-11,7.7623,7.765,7.7579,7.7593
2016-03-14,7.76,7.7614,7.757,7.7589
2016-03-15,7.759,7.7624,7.7582,7.7612
2016-03-16,7.7612,7.765,7.758,7.7584
2016-03-17,7.7584,7.7601,7.7545,7.7551
2016-03-18,7.7551,7.759,7.7532,7.755
2016-03-21,7.7558,7.7563,7.7525,7.7528
2016-03-22,7.7528,7.7546,7.7526,7.7533
2016-03-23,7.7533,7.7579,7.7529,7.7545
2016-03-24,7.7545,7.7648,7.7544,7.7586
2016-03-25,7.7585,7.7614,7.757,7.7574
2016-03-28,7.7577,7.7592,7.7569,7.7574
2016-03-29,7.7574,7.7585,7.7555,7.7556
2016-03-30,7.7556,7.757,7.753,7.7535
2016-03-31,7.7535,7.7578,7.7532,7.7572
2016-04-01,7.7572,7.7575,7.7536,7.7543
2016-04-04,7.7545,7.7567,7.7536,7.7546
2016-04-05,7.7546,7.7573,7.7534,7.757
2016-04-06,7.757,7.7578,7.7554,7.7565
2016-04-07,7.7565,7.7614,7.7552,7.7613
2016-04-08,7.7613,7.7616,7.7561,7.7581
2016-04-11,7.758,7.7603,7.7534,7.7547
2016-04-12,7.7547,7.7564,7.754,7.7544
2016-04-13,7.7544,7.757,7.7544,7.7561
2016-04-14,7.7561,7.7584,7.7556,7.7565
2016-04-15,7.7565,7.758,7.7545,7.7559
2016-04-18,7.7559,7.7567,7.7544,7.7551
2016-04-19,7.7551,7.7563,7.7546,7.7548
2016-04-20,7.7548,7.7577,7.7547,7.7556
2016-04-21,7.7556,7.7582,7.7552,7.7578
2016-04-22,7.7578,7.7586,7.7556,7.7573
2016-04-25,7.757,7.7583,7.7554,7.7559
2016-04-26,7.7559,7.7569,7.7553,7.7554
2016-04-27,7.7554,7.7583,7.7551,7.756
2016-04-28,7.756,7.7583,7.7555,7.7579
2016-04-29,7.7579,7.7595,7.7563,7.7572
2016-05-02,7.7573,7.76,7.757,7.7585
2016-05-03,7.7585,7.7634,7.7582,7.7623
2016-05-04,7.7623,7.7632,7.7597,7.7626
2016-05-05,7.7626,7.7629,7.7598,7.762
2016-05-06,7.762,7.7623,7.7598,7.7618
2016-05-09,7.7606,7.7643,7.7596,7.764
2016-05-10,7.764,7.7643,7.7611,7.762
2016-05-11,7.762,7.7624,7.76,7.7607
2016-05-12,7.7607,7.7613,7.758,7.7598
2016-05-13,7.7598,7.7648,7.7596,7.764
2016-05-16,7.7631,7.7648,7.7616,7.7637
2016-05-17,7.7637,7.7641,7.7614,7.7627
2016-05-18,7.7626,7.7655,7.7622,7.7649
2016-05-19,7.7649,7.769,7.7643,7.7674
2016-05-20,7.7674,7.7693,7.7646,7.7691
2016-05-23,7.7682,7.7685,7.7659,7.7678
2016-05-24,7.7678,7.7692,7.7662,7.7687
2016-05-25,7.7686,7.7688,7.7636,7.7657
2016-05-26,7.7657,7.7671,7.7637,7.7667
2016-05-27,7.7667,7.7674,7.7637,7.7662
2016-05-30,7.766,7.7697,7.7656,7.7695
2016-05-31,7.7695,7.7715,7.7669,7.7712
2016-06-01,7.7712,7.772,7.7678,7.7709
2016-06-02,7.7709,7.7714,7.7672,7.7702
2016-06-03,7.7702,7.7719,7.7675,7.7683
2016-06-06,7.7679,7.77,7.7669,7.7676
2016-06-07,7.7675,7.7681,7.7656,7.7657
2016-06-08,7.7657,7.7669,7.7601,7.7603
2016-06-09,7.7603,7.7625,7.7597,7.7616
2016-06-10,7.7616,7.7642,7.7604,7.7626
2016-06-13,7.7621,7.7644,7.7619,7.7631
2016-06-14,7.7631,7.7636,7.7591,7.7602
2016-06-15,7.7602,7.7617,7.7591,7.76
2016-06-16,7.76,7.7612,7.7583,7.7592
2016-06-17,7.7592,7.7618,7.7586,7.7606
2016-06-20,7.7604,7.7614,7.759,7.7608
2016-06-21,7.7608,7.7614,7.758,7.7597
2016-06-22,7.7597,7.7603,7.7568,7.7587
2016-06-23,7.7587,7.759,7.7549,7.7576
2016-06-24,7.7576,7.7622,7.7566,7.7614
2016-06-27,7.7616,7.7623,7.7568,7.7612
2016-06-28,7.7612,7.7617,7.7576,7.7591
2016-06-29,7.7591,7.7597,7.7579,7.7594
2016-06-30,7.7594,7.7604,7.7569,7.7591
2016-07-01,7.7591,7.7601,7.757,7.7586
2016-07-04,7.7587,7.7594,7.7572,7.7587
2016-07-05,7.7587,7.7593,7.7574,7.7587
2016-07-06,7.7587,7.7598,7.7574,7.7581
2016-07-07,7.7581,7.7592,7.7576,7.7583
2016-07-08,7.7583,7.759,7.7569,7.7579
2016-07-11,7.7579,7.759,7.7573,7.758
2016-07-12,7.758,7.759,7.7576,7.758
2016-07-13,7.758,7.7588,7.7555,7.7566
2016-07-14,7.7566,7.7572,7.7536,7.7536
2016-07-15,7.7536,7.7555,7.7534,7.754
2016-07-18,7.7543,7.7555,7.7526,7.7544
2016-07-19,7.7544,7.756,7.7541,7.7557
2016-07-20,7.7557,7.7561,7.7548,7.7559
2016-07-21,7.7559,7.7567,7.7552,7.7562
2016-07-22,7.7562,7.7583,7.755,7.7577
2016-07-25,7.758,7.7587,7.7554,7.7569
2016-07-26,7.7569,7.7576,7.7561,7.7571
2016-07-27,7.7571,7.7578,7.7562,7.7567
2016-07-28,7.7568,7.7573,7.7557,7.7562
2016-07-29,7.7562,7.7614,7.7551,7.7575
2016-08-01,7.758,7.7615,7.756,7.7609
2016-08-02,7.7609,7.7614,7.7594,7.761
2016-08-03,7.761,7.7614,7.7575,7.7588
2016-08-04,7.7588,7.7595,7.7556,7.7565
2016-08-05,7.7565,7.7568,7.7548,7.7551
2016-08-08,7.7554,7.7574,7.755,7.757
2016-08-09,7.757,7.7579,7.7562,7.7566
2016-08-10,7.7566,7.7572,7.7554,7.7564
2016-08-11,7.7564,7.757,7.7557,7.7566
2016-08-12,7.7566,7.7571,7.7557,7.7562
2016-08-15,7.7564,7.7573,7.7554,7.7556
2016-08-16,7.7556,7.7569,7.7538,7.754
2016-08-17,7.754,7.7555,7.7535,7.7544
2016-08-18,7.7544,7.7554,7.753,7.7534
2016-08-19,7.7534,7.7543,7.7528,7.7533
2016-08-22,7.7539,7.7546,7.7524,7.7531
2016-08-23,7.7531,7.7539,7.7526,7.7533
2016-08-24,7.7533,7.7545,7.7528,7.7537
2016-08-25,7.7537,7.7555,7.7534,7.755
2016-08-26,7.755,7.7579,7.7544,7.757
2016-08-29,7.7568,7.7574,7.7542,7.7561
2016-08-30,7.7561,7.758,7.7551,7.7575
2016-08-31,7.7575,7.758,7.7562,7.757
2016-09-01,7.757,7.758,7.7564,7.7578
2016-09-02,7.7578,7.758,7.7549,7.7553
2016-09-05,7.7557,7.7565,7.7548,7.7553
2016-09-06,7.7553,7.7558,7.7548,7.7553
2016-09-07,7.7553,7.7562,7.7547,7.7558
2016-09-08,7.7558,7.7575,7.7554,7.7571
2016-09-09,7.7571,7.758,7.7551,7.7571
2016-09-12,7.7568,7.7589,7.7537,7.7581
2016-09-13,7.7581,7.7589,7.757,7.7584
2016-09-14,7.7584,7.7588,7.7573,7.7582
2016-09-15,7.7582,7.7588,7.7577,7.7586
2016-09-16,7.7586,7.7595,7.7582,7.7586
2016-09-19,7.759,7.7604,7.7571,7.7579
2016-09-20,7.7579,7.7582,7.7559,7.7571
2016-09-21,7.7571,7.7575,7.7551,7.7554
2016-09-22,7.7554,7.7564,7.7546,7.7555
2016-09-23,7.7555,7.7578,7.7552,7.7567
2016-09-26,7.756,7.7565,7.7546,7.7553
2016-09-27,7.7553,7.7558,7.7542,7.7551
2016-09-28,7.7551,7.7555,7.7535,7.7538
2016-09-29,7.7538,7.756,7.7534,7.7558
2016-09-30,7.7558,7.7569,7.7526,7.7564
2016-10-03,7.7558,7.7563,7.7545,7.7558
2016-10-04,7.7558,7.7569,7.755,7.7561
2016-10-05,7.7561,7.7579,7.7558,7.7573
2016-10-06,7.7574,7.758,7.7563,7.7573
2016-10-07,7.7573,7.7589,7.7569,7.7584
2016-10-10,7.7582,7.76,7.7565,7.7585
2016-10-11,7.7585,7.7606,7.7581,7.7586
2016-10-12,7.7586,7.7593,7.7565,7.7573
2016-10-13,7.7573,7.759,7.7565,7.7571
2016-10-14,7.7571,7.7592,7.7569,7.7586
2016-10-17,7.7588,7.7594,7.7578,7.7587
2016-10-18,7.7587,7.7595,7.7578,7.7593
2016-10-19,7.7593,7.7598,7.7572,7.7575
2016-10-20,7.7575,7.7588,7.7573,7.7582
2016-10-21,7.7582,7.7592,7.7568,7.7585
2016-10-24,7.7579,7.7586,7.7562,7.7574
2016-10-25,7.7574,7.7577,7.7561,7.7566
2016-10-26,7.7566,7.7575,7.7551,7.7573
2016-10-27,7.7573,7.7578,7.7543,7.7552
2016-10-28,7.7552,7.7555,7.7536,7.755
2016-10-31,7.7549,7.7557,7.7538,7.7552
2016-11-01,7.7552,7.7558,7.7546,7.755
2016-11-02,7.755,7.7558,7.7546,7.7553
2016-11-03,7.7553,7.7559,7.7546,7.7551
2016-11-04,7.7551,7.7569,7.7548,7.7559
2016-11-07,7.7563,7.7572,7.755,7.7553
2016-11-08,7.7553,7.7559,7.7537,7.7547
2016-11-09,7.7547,7.7561,7.7534,7.7558
2016-11-10,7.7558,7.7572,7.7545,7.7562
2016-11-11,7.7562,7.7589,7.7556,7.7584
2016-11-14,7.7581,7.7603,7.7565,7.7584
2016-11-15,7.7584,7.7589,7.7562,7.7577
2016-11-16,7.7577,7.7583,7.7566,7.7577
2016-11-17,7.7577,7.7581,7.756,7.7573
2016-11-18,7.7573,7.7579,7.7564,7.7567
2016-11-21,7.757,7.7578,7.7558,7.756
2016-11-22,7.756,7.7566,7.7548,7.7557
2016-11-23,7.7557,7.7572,7.7549,7.7567
2016-11-24,7.7567,7.7571,7.7554,7.7562
2016-11-25,7.7562,7.7569,7.7553,7.7558
2016-11-28,7.7559,7.757,7.755,7.7567
2016-11-29,7.7567,7.7573,7.7556,7.7565
2016-11-30,7.7565,7.7569,7.7555,7.7565
2016-12-01,7.7565,7.7569,7.755,7.7562
2016-12-02,7.7562,7.7565,7.7549,7.7553
2016-12-05,7.7556,7.7562,7.7544,7.7549
2016-12-06,7.7549,7.7562,7.7546,7.7558
2016-12-07,7.7558,7.7572,7.7553,7.7562
2016-12-08,7.7562,7.7573,7.7552,7.7555
2016-12-09,7.7555,7.7599,7.7552,7.7594
2016-12-12,7.7589,7.7606,7.7574,7.7578
2016-12-13,7.7578,7.7594,7.7546,7.7559
2016-12-14,7.7559,7.7592,7.7552,7.7584
2016-12-15,7.7583,7.7608,7.7573,7.7606
2016-12-16,7.7606,7.768,7.7595,7.7645
2016-12-19,7.7659,7.768,7.7636,7.7666
2016-12-20,7.7666,7.7678,7.7642,7.7663
2016-12-21,7.7663,7.7667,7.7599,7.7628
2016-12-22,7.7628,7.764,7.7601,7.762
2016-12-23,7.762,7.7639,7.7586,7.7592
2016-12-26,7.7606,7.7628,7.7585,7.7608
2016-12-27,7.7608,7.7608,7.7586,7.7593
2016-12-28,7.7593,7.7603,7.7562,7.7582
2016-12-29,7.7583,7.7584,7.7548,7.7551
2016-12-30,7.7551,7.7567,7.7531,7.7559
2017-01-02,7.755,7.7598,7.7535,7.757
2017-01-03,7.757,7.7585,7.7557,7.7564
2017-01-04,7.7564,7.7568,7.7548,7.7553
2017-01-05,7.7553,7.7559,7.7534,7.7544
2017-01-06,7.7544,7.756,7.754,7.7557
2017-01-09,7.7554,7.7569,7.7546,7.7562
2017-01-10,7.7562,7.7567,7.7541,7.7546
2017-01-11,7.7546,7.7564,7.754,7.7548
2017-01-12,7.7548,7.7552,7.7538,7.7542
2017-01-13,7.7542,7.7553,7.7541,7.7549
2017-01-16,7.7548,7.7557,7.7543,7.7553
2017-01-17,7.7553,7.7563,7.7548,7.7557
2017-01-18,7.7557,7.7567,7.7554,7.7563
2017-01-19,7.7563,7.7582,7.7559,7.7572
2017-01-20,7.7572,7.7589,7.7567,7.7569
2017-01-23,7.757,7.7589,7.7562,7.7564
2017-01-24,7.7564,7.7581,7.7563,7.7573
2017-01-25,7.7573,7.758,7.7568,7.7574
2017-01-26,7.7574,7.7586,7.7569,7.7581
2017-01-27,7.7581,7.7596,7.7576,7.7593
2017-01-30,7.7591,7.7594,7.7574,7.7585
2017-01-31,7.7587,7.7594,7.757,7.759
2017-02-01,7.759,7.7597,7.7578,7.7596
2017-02-02,7.7596,7.7599,7.7591,7.7597
2017-02-03,7.7597,7.7599,7.7572,7.7576
2017-02-06,7.7586,7.7599,7.7571,7.7584
2017-02-07,7.7584,7.759,7.7561,7.7586
2017-02-08,7.7586,7.7598,7.7581,7.7596
2017-02-09,7.7596,7.7599,7.7574,7.7583
2017-02-10,7.7583,7.76,7.7576,7.758
2017-02-13,7.7581,7.7599,7.7574,7.7592
2017-02-14,7.7592,7.7599,7.7585,7.7597
2017-02-15,7.7597,7.7629,7.7589,7.7594
2017-02-16,7.7594,7.7618,7.759,7.7595
2017-02-17,7.7595,7.7617,7.7592,7.7612
2017-02-20,7.7612,7.7618,7.7603,7.7608
2017-02-21,7.7608,7.7615,7.7606,7.7612
2017-02-22,7.7612,7.7619,7.7599,7.7607
2017-02-23,7.7607,7.7612,7.7586,7.7596
2017-02-24,7.7596,7.7619,7.7591,7.7609
2017-02-27,7.7611,7.7617,7.7604,7.7613
2017-02-28,7.7613,7.7632,7.761,7.7624
2017-03-01,7.7624,7.7637,7.7621,7.763
2017-03-02,7.7629,7.7636,7.7622,7.7624
2017-03-03,7.7624,7.7648,7.7622,7.763
2017-03-06,7.7637,7.7648,7.7627,7.7643
2017-03-07,7.7643,7.7658,7.7637,7.7644
2017-03-08,7.7644,7.7679,7.764,7.7661
2017-03-09,7.7661,7.7679,7.7641,7.7645
2017-03-10,7.7645,7.7666,7.764,7.7644
2017-03-13,7.7649,7.766,7.7639,7.7646
2017-03-14,7.7646,7.7709,7.7643,7.7672
2017-03-15,7.7672,7.7699,7.7651,7.7657
2017-03-16,7.7657,7.7675,7.7597,7.7638
2017-03-17,7.7638,7.7649,7.7598,7.762
2017-03-20,7.7617,7.7669,7.7606,7.7653
2017-03-21,7.7653,7.7666,7.7649,7.766
2017-03-22,7.766,7.7682,7.7654,7.7657
2017-03-23,7.7657,7.7681,7.7655,7.7669
2017-03-24,7.7669,7.7683,7.7661,7.7664
2017-03-27,7.7672,7.769,7.7664,7.7672
2017-03-28,7.7672,7.7684,7.767,7.7681
2017-03-29,7.7681,7.7696,7.7675,7.7691
2017-03-30,7.7691,7.7725,7.7686,7.7697
2017-03-31,7.7697,7.772,7.7689,7.7709
2017-04-03,7.7708,7.7724,7.7697,7.7713
2017-04-04,7.7713,7.7718,7.77,7.7708
2017-04-05,7.7708,7.771,7.7687,7.769
2017-04-06,7.769,7.7706,7.7686,7.77
2017-04-07,7.77,7.7707,7.7686,7.7688
2017-04-10,7.7684,7.7719,7.7667,7.7702
2017-04-11,7.7702,7.7723,7.7697,7.7711
2017-04-12,7.7711,7.772,7.7703,7.7711
2017-04-13,7.7711,7.7768,7.7707,7.7741
2017-04-14,7.7741,7.7751,7.7724,7.7728
2017-04-17,7.7736,7.7745,7.772,7.7722
2017-04-18,7.7722,7.776,7.7719,7.7735
2017-04-19,7.7735,7.776,7.7734,7.7743
2017-04-20,7.7743,7.7762,7.7739,7.7748
2017-04-21,7.7748,7.7768,7.7745,7.7752
2017-04-24,7.775,7.7804,7.7743,7.7793
2017-04-25,7.7793,7.7849,7.7786,7.7794
2017-04-26,7.7794,7.7828,7.779,7.7803
2017-04-27,7.7802,7.7826,7.7791,7.7811
2017-04-28,7.7811,7.7815,7.7765,7.7784
2017-05-01,7.778,7.7791,7.7771,7.7786
2017-05-02,7.7786,7.7822,7.7777,7.7812
2017-05-03,7.7812,7.7822,7.7805,7.7821
2017-05-04,7.7821,7.7827,7.7809,7.7823
2017-05-05,7.7823,7.7847,7.7823,7.7838
2017-05-08,7.7833,7.785,7.7831,7.7844
2017-05-09,7.7844,7.7849,7.7835,7.7838
2017-05-10,7.7838,7.7871,7.7835,7.7864
2017-05-11,7.7864,7.7917,7.7857,7.7894
2017-05-12,7.7894,7.7943,7.7888,7.7939
2017-05-15,7.7939,7.7947,7.7851,7.788
2017-05-16,7.788,7.7899,7.7832,7.7879
2017-05-17,7.7879,7.7892,7.785,7.7851
2017-05-18,7.7851,7.7863,7.7816,7.7818
2017-05-19,7.7818,7.7841,7.7805,7.7833
2017-05-22,7.784,7.788,7.7816,7.7848
2017-05-23,7.7848,7.7884,7.7845,7.7881
2017-05-24,7.7881,7.7899,7.7872,7.7888
2017-05-25,7.7888,7.7919,7.7866,7.7917
2017-05-26,7.7917,7.795,7.7913,7.7933
2017-05-29,7.7927,7.795,7.7896,7.7939
2017-05-30,7.7939,7.7946,7.7926,7.7929
2017-05-31,7.7929,7.794,7.7861,7.7921
2017-06-01,7.7921,7.7933,7.7881,7.7915
2017-06-02,7.7915,7.7937,7.7888,7.789
2017-06-05,7.7894,7.7926,7.7875,7.7925
2017-06-06,7.7925,7.7948,7.7916,7.7938
2017-06-07,7.7938,7.795,7.793,7.7949
2017-06-08,7.7949,7.7976,7.7939,7.7974
2017-06-09,7.7974,7.798,7.7942,7.7972
2017-06-12,7.797,7.8006,7.7959,7.7994
2017-06-13,7.7994,7.7996,7.7975,7.7976
2017-06-14,7.7976,7.8008,7.7965,7.7978
2017-06-15,7.7978,7.8028,7.7976,7.8016
2017-06-16,7.8016,7.8031,7.7995,7.8008
2017-06-19,7.8006,7.8021,7.797,7.8002
2017-06-20,7.8002,7.8014,7.798,7.8008
2017-06-21,7.8008,7.8016,7.7993,7.8014
2017-06-22,7.8014,7.8018,7.7988,7.7989
2017-06-23,7.7989,7.8003,7.798,7.8002
2017-06-26,7.7997,7.8006,7.7976,7.7988
2017-06-27,7.7988,7.8013,7.798,7.8006
2017-06-28,7.8006,7.8043,7.8002,7.804
2017-06-29,7.804,7.8078,7.803,7.8057
2017-06-30,7.8057,7.8084,7.804,7.8072
2017-07-03,7.8068,7.8139,7.8064,7.8111
2017-07-04,7.8111,7.8132,7.8065,7.8072
2017-07-05,7.8072,7.8087,7.8022,7.8078
2017-07-06,7.8078,7.8124,7.8062,7.8105
2017-07-07,7.8105,7.8126,7.8097,7.8119
2017-07-10,7.8128,7.8142,7.8109,7.8127
2017-07-11,7.8127,7.8139,7.8105,7.8127
2017-07-12,7.8127,7.8129,7.8104,7.8113
2017-07-13,7.8113,7.8116,7.8074,7.8084
2017-07-14,7.8084,7.8108,7.8033,7.8039
2017-07-17,7.8051,7.8077,7.8014,7.8044
2017-07-18,7.8043,7.8058,7.802,7.8055
2017-07-19,7.8055,7.8094,7.8041,7.8082
2017-07-20,7.8082,7.8119,7.8066,7.8103
2017-07-21,7.8103,7.8111,7.8075,7.8094
2017-07-24,7.8092,7.8105,7.8051,7.8067
2017-07-25,7.8067,7.8091,7.806,7.8089
2017-07-26,7.8089,7.8123,7.8085,7.8092
2017-07-27,7.8093,7.8099,7.8077,7.8091
2017-07-28,7.8091,7.8113,7.8087,7.8098
2017-07-31,7.8098,7.8113,7.8082,7.8102
2017-08-01,7.8102,7.8135,7.8097,7.8133
2017-08-02,7.8133,7.8174,7.8131,7.8166
2017-08-03,7.8166,7.8195,7.816,7.8173
2017-08-04,7.8173,7.8197,7.8164,7.8195
2017-08-07,7.8174,7.8233,7.8171,7.8198
2017-08-08,7.8198,7.8244,7.8192,7.8234
2017-08-09,7.8234,7.8278,7.8123,7.8151
2017-08-10,7.8151,7.8178,7.8141,7.8176
2017-08-11,7.8176,7.82,7.8166,7.8184
2017-08-14,7.8194,7.8218,7.8186,7.8213
2017-08-15,7.8213,7.8243,7.8206,7.8238
2017-08-16,7.8238,7.8244,7.821,7.8216
2017-08-17,7.8216,7.8241,7.8209,7.8236
2017-08-18,7.8236,7.8244,7.822,7.8237
2017-08-21,7.8232,7.8254,7.8223,7.8238
2017-08-22,7.8238,7.827,7.8236,7.8262
2017-08-23,7.8263,7.8268,7.8252,7.8254
2017-08-24,7.8254,7.826,7.8226,7.8228
2017-08-25,7.8228,7.8262,7.8181,7.8183
2017-08-28,7.8212,7.8249,7.8196,7.8237
2017-08-29,7.8237,7.8251,7.8232,7.8248
2017-08-30,7.8248,7.8266,7.8241,7.8252
2017-08-31,7.8252,7.8269,7.8234,7.8259
2017-09-01,7.8259,7.8261,7.8236,7.8249
2017-09-04,7.8253,7.8264,7.8238,7.8252
2017-09-05,7.8252,7.826,7.8242,7.8259
2017-09-06,7.8259,7.8261,7.824,7.8254
2017-09-07,7.8255,7.8257,7.8111,7.8133
2017-09-08,7.8133,7.8136,7.7936,7.8134
2017-09-11,7.8132,7.8162,7.8106,7.8108
2017-09-12,7.8108,7.8154,7.8105,7.8114
2017-09-13,7.8114,7.8132,7.8106,7.8128
2017-09-14,7.8128,7.8133,7.8111,7.8131
2017-09-15,7.8131,7.8198,7.8112,7.8188
2017-09-18,7.819,7.8194,7.8154,7.8167
2017-09-19,7.8167,7.817,7.7964,7.8048
2017-09-20,7.8047,7.8092,7.7969,7.8011
2017-09-21,7.801,7.8074,7.7984,7.8045
2017-09-22,7.8045,7.8102,7.8043,7.8093
2017-09-25,7.8097,7.815,7.8084,7.8141
2017-09-26,7.8141,7.8151,7.8106,7.8118
2017-09-27,7.8118,7.8128,7.8049,7.8095
2017-09-28,7.8095,7.8129,7.806,7.8122
2017-09-29,7.8122,7.8127,7.8091,7.811
2017-10-02,7.811,7.8126,7.8085,7.8124
2017-10-03,7.8124,7.8126,7.81,7.8107
2017-10-04,7.8107,7.8116,7.8056,7.807
2017-10-05,7.8069,7.8098,7.8062,7.8095
2017-10-06,7.8095,7.8097,7.8036,7.8064
2017-10-09,7.806,7.8073,7.8028,7.8064
2017-10-10,7.8064,7.8068,7.8033,7.8041
2017-10-11,7.8041,7.8079,7.8029,7.8067
2017-10-12,7.8067,7.8089,7.8046,7.808
2017-10-13,7.8079,7.8088,7.8054,7.807
2017-10-16,7.8072,7.8099,7.8057,7.8074
2017-10-17,7.8074,7.8096,7.8061,7.8082
2017-10-18,7.8082,7.809,7.8068,7.8086
2017-10-19,7.8086,7.8089,7.7984,7.8012
2017-10-20,7.8012,7.8047,7.8,7.8047
2017-10-23,7.8035,7.8043,7.7988,7.8005
2017-10-24,7.8004,7.8061,7.7985,7.8042
2017-10-25,7.8042,7.806,7.7997,7.8038
2017-10-26,7.8038,7.8048,7.801,7.8028
2017-10-27,7.8028,7.8049,7.8012,7.8038
2017-10-30,7.8034,7.8042,7.7986,7.799
2017-10-31,7.799,7.8025,7.7988,7.8011
2017-11-01,7.8011,7.8036,7.7999,7.8002
2017-11-02,7.8002,7.8031,7.8,7.8011
2017-11-03,7.8011,7.8039,7.8009,7.8029
2017-11-06,7.8032,7.8035,7.8013,7.8017
2017-11-07,7.8017,7.8048,7.8014,7.8046
2017-11-08,7.8046,7.8048,7.7921,7.7978
2017-11-09,7.7978,7.7999,7.7948,7.7994
2017-11-10,7.7995,7.8035,7.7985,7.8024
2017-11-13,7.8015,7.8034,7.7985,7.8015
2017-11-14,7.8015,7.8039,7.8006,7.8026
2017-11-15,7.8026,7.808,7.8017,7.8063
2017-11-16,7.8063,7.81,7.8059,7.8099
2017-11-17,7.8099,7.8129,7.8081,7.8116
2017-11-20,7.8107,7.8127,7.8103,7.8109
2017-11-21,7.8109,7.8129,7.8103,7.8111
2017-11-22,7.8111,7.8123,7.8101,7.8107
2017-11-23,7.8107,7.8116,7.8081,7.8113
2017-11-24,7.8113,7.8115,7.8052,7.8078
2017-11-27,7.8082,7.8091,7.7989,7.8003
2017-11-28,7.8003,7.8052,7.7999,7.8033
2017-11-29,7.8033,7.81,7.8023,7.8091
2017-11-30,7.8091,7.8116,7.8068,7.8099
2017-12-01,7.8099,7.8139,7.8089,7.8128
2017-12-04,7.8124,7.8187,7.8105,7.8182
2017-12-05,7.8182,7.8187,7.8127,7.8167
2017-12-06,7.8167,7.8172,7.8117,7.8134
2017-12-07,7.8134,7.8139,7.8061,7.807
2017-12-08,7.807,7.8093,7.805,7.8061
2017-12-11,7.8067,7.8116,7.8055,7.8063
2017-12-12,7.8063,7.8088,7.8061,7.8071
2017-12-13,7.8071,7.8074,7.804,7.8042
2017-12-14,7.8042,7.8131,7.8041,7.8087
2017-12-15,7.8087,7.8153,7.8077,7.8119
2017-12-18,7.8115,7.8175,7.8109,7.8154
2017-12-19,7.8154,7.8212,7.8145,7.8163
2017-12-20,7.8163,7.8249,7.8161,7.8231
2017-12-21,7.8231,7.8291,7.8182,7.8186
2017-12-22,7.8186,7.8227,7.813,7.8152
2017-12-25,7.82,7.8248,7.8048,7.8143
2017-12-26,7.8143,7.8191,7.81,7.8125
2017-12-27,7.8126,7.8158,7.8101,7.8104
2017-12-28,7.8104,7.8175,7.8099,7.8157
2017-12-29,7.8157,7.8212,7.8122,7.814
2018-01-01,7.8141,7.8141,7.8138,7.8139
2018-01-02,7.8136,7.8198,7.8136,7.815
2018-01-03,7.815,7.8181,7.8148,7.8167
2018-01-04,7.8167,7.819,7.8159,7.8174
2018-01-05,7.8174,7.8214,7.8165,7.8196
2018-01-08,7.819,7.8229,7.8173,7.8209
2018-01-09,7.8209,7.8236,7.8197,7.8208
2018-01-10,7.8208,7.825,7.8201,7.8225
2018-01-11,7.8225,7.8253,7.8217,7.823
2018-01-12,7.823,7.8251,7.822,7.8224
2018-01-15,7.8238,7.8253,7.8224,7.8235
2018-01-16,7.8235,7.825,7.8213,7.8229
2018-01-17,7.8229,7.8244,7.8163,7.8182
2018-01-18,7.8182,7.8218,7.8152,7.817
2018-01-19,7.817,7.8208,7.8161,7.8171
2018-01-22,7.8176,7.8211,7.8165,7.8184
2018-01-23,7.8184,7.82,7.8168,7.8189
2018-01-24,7.8189,7.8195,7.8169,7.8183
2018-01-25,7.8183,7.8185,7.8162,7.8176
2018-01-26,7.8176,7.8196,7.8169,7.8181
2018-01-29,7.8182,7.8198,7.8171,7.8175
2018-01-30,7.8175,7.821,7.8174,7.8208
2018-01-31,7.8208,7.8231,7.8191,7.8229
2018-02-01,7.8229,7.8231,7.8195,7.8196
2018-02-02,7.8196,7.8216,7.8191,7.8205
2018-02-05,7.82,7.8228,7.8191,7.8207
2018-02-06,7.8207,7.8216,7.8183,7.8185
2018-02-07,7.8185,7.8198,7.8181,7.8182
2018-02-08,7.8182,7.8226,7.8175,7.8212
2018-02-09,7.8212,7.8217,7.8169,7.8183
2018-02-12,7.8212,7.8215,7.818,7.8193
2018-02-13,7.8193,7.8236,7.8192,7.8231
2018-02-14,7.8231,7.8232,7.8211,7.8224
2018-02-15,7.8224,7.8233,7.8201,7.8203
2018-02-16,7.8203,7.8228,7.8199,7.8209
2018-02-19,7.8225,7.823,7.8206,7.8218
2018-02-20,7.8218,7.8248,7.8214,7.8245
2018-02-21,7.8245,7.8258,7.8241,7.8253
2018-02-22,7.8253,7.8273,7.8241,7.8243
2018-02-23,7.8243,7.8247,7.822,7.8233
2018-02-26,7.823,7.8244,7.8216,7.8234
2018-02-27,7.8235,7.8278,7.8231,7.8276
2018-02-28,7.8276,7.8298,7.825,7.8261
2018-03-01,7.8261,7.8282,7.8252,7.828
2018-03-02,7.828,7.8325,7.8272,7.8308
2018-03-05,7.8314,7.8335,7.8293,7.832
2018-03-06,7.832,7.8339,7.8312,7.8336
2018-03-07,7.8336,7.8364,7.833,7.8356
2018-03-08,7.8357,7.8438,7.8331,7.8407
2018-03-09,7.8407,7.8441,7.8361,7.8364
2018-03-12,7.8371,7.8409,7.8359,7.8407
2018-03-13,7.8407,7.841,7.8386,7.8405
2018-03-14,7.8405,7.8418,7.8396,7.8412
2018-03-15,7.8412,7.8422,7.8402,7.8419
2018-03-16,7.8419,7.8441,7.8415,7.8423
2018-03-19,7.8431,7.8447,7.8417,7.8424
2018-03-20,7.8424,7.8449,7.8422,7.8444
2018-03-21,7.8444,7.8466,7.8442,7.8457
2018-03-22,7.8457,7.8482,7.8447,7.8481
2018-03-23,7.8481,7.8494,7.8454,7.8459
2018-03-26,7.8463,7.8487,7.8456,7.846
2018-03-27,7.846,7.8478,7.8458,7.8466
2018-03-28,7.8466,7.8482,7.8456,7.8475
2018-03-29,7.8475,7.849,7.8464,7.8485
2018-03-30,7.8485,7.8492,7.8476,7.8488
2018-04-02,7.8487,7.8488,7.848,7.8486
2018-04-03,7.8486,7.8492,7.8482,7.8485
2018-04-04,7.8485,7.8494,7.8479,7.849
2018-04-05,7.849,7.8495,7.8488,7.8489
2018-04-06,7.8489,7.8495,7.8481,7.8484
2018-04-09,7.8485,7.8495,7.8477,7.8492
2018-04-10,7.8493,7.8497,7.8489,7.8496
2018-04-11,7.8496,7.85,7.8493,7.8498
2018-04-12,7.8498,7.85,7.8495,7.8499
2018-04-13,7.8499,7.8509,7.8496,7.8499
2018-04-16,7.8499,7.85,7.8497,7.8499
2018-04-17,7.8499,7.85,7.8493,7.8498
2018-04-18,7.8499,7.85,7.8493,7.8499
2018-04-19,7.8499,7.8499,7.8441,7.8481
2018-04-20,7.8481,7.8482,7.8435,7.8437
2018-04-23,7.844,7.8455,7.8415,7.8421
2018-04-24,7.8421,7.848,7.8419,7.8461
2018-04-25,7.8461,7.8489,7.8458,7.8462
2018-04-26,7.8462,7.8483,7.8454,7.8459
2018-04-27,7.8459,7.8492,7.8458,7.8475
2018-04-30,7.8479,7.849,7.8473,7.8483
2018-05-01,7.8483,7.8495,7.8482,7.8493
2018-05-02,7.8494,7.85,7.8491,7.8499
2018-05-03,7.8498,7.8498,7.8483,7.8493
2018-05-04,7.8494,7.8499,7.849,7.8494
2018-05-07,7.8492,7.85,7.849,7.8499
2018-05-08,7.8499,7.85,7.8493,7.8496
2018-05-09,7.8496,7.85,7.8493,7.8499
2018-05-10,7.8499,7.8499,7.8493,7.8498
2018-05-11,7.8498,7.85,7.8492,7.8497
2018-05-14,7.8497,7.8501,7.8494,7.8498
2018-05-15,7.8498,7.85,7.8495,7.8499
2018-05-16,7.8499,7.8501,7.8497,7.8499
2018-05-17,7.8499,7.8502,7.8494,7.8498
2018-05-18,7.8498,7.8501,7.8494,7.8499
2018-05-21,7.8497,7.85,7.8481,7.8485
2018-05-22,7.8485,7.85,7.8471,7.8499
2018-05-23,7.8499,7.8499,7.8482,7.8494
2018-05-24,7.8494,7.8494,7.8471,7.8475
2018-05-25,7.8475,7.8478,7.8428,7.8461
2018-05-28,7.8456,7.8467,7.8429,7.8452
2018-05-29,7.8452,7.8478,7.8447,7.8457
2018-05-30,7.8457,7.848,7.8445,7.8477
2018-05-31,7.8477,7.849,7.8411,7.8431
2018-06-01,7.8431,7.8465,7.843,7.8456
2018-06-04,7.8455,7.8469,7.8451,7.8457
2018-06-05,7.8457,7.8475,7.8452,7.8474
2018-06-06,7.8474,7.8477,7.8466,7.8473
2018-06-07,7.8473,7.8475,7.8443,7.8463
2018-06-08,7.8463,7.8465,7.845,7.8458
2018-06-11,7.8457,7.847,7.8453,7.8466
2018-06-12,7.8466,7.8473,7.8458,7.8471
2018-06-13,7.8471,7.8485,7.8469,7.8483
2018-06-14,7.8483,7.8495,7.847,7.8492
2018-06-15,7.8492,7.8497,7.848,7.8493
2018-06-18,7.8493,7.8498,7.849,7.8497
2018-06-19,7.8497,7.8499,7.8488,7.8493
2018-06-20,7.8493,7.8495,7.846,7.8465
2018-06-21,7.8464,7.8468,7.8436,7.8461
2018-06-22,7.8461,7.8471,7.8438,7.8463
2018-06-25,7.8458,7.8481,7.8449,7.847
2018-06-26,7.847,7.8495,7.8459,7.8491
2018-06-27,7.8491,7.8493,7.8465,7.8479
2018-06-28,7.8479,7.8485,7.8469,7.8479
2018-06-29,7.8479,7.8489,7.8451,7.8466
2018-07-02,7.847,7.8473,7.8441,7.8442
2018-07-03,7.8443,7.8464,7.844,7.845
2018-07-04,7.845,7.8451,7.8421,7.8433
2018-07-05,7.8433,7.8479,7.8426,7.8472
2018-07-06,7.8472,7.8491,7.8462,7.8479
2018-07-09,7.8482,7.849,7.8474,7.8484
2018-07-10,7.8484,7.849,7.8477,7.8484
2018-07-11,7.8484,7.8495,7.8482,7.8491
2018-07-12,7.8491,7.8492,7.8479,7.8488
2018-07-13,7.8488,7.8491,7.8482,7.8486
2018-07-16,7.8484,7.849,7.8482,7.8489
2018-07-17,7.8489,7.849,7.8482,7.8489
2018-07-18,7.8489,7.8498,7.8486,7.8497
2018-07-19,7.8497,7.8498,7.8484,7.8496
2018-07-20,7.8496,7.8499,7.8485,7.8499
2018-07-23,7.8495,7.8497,7.8475,7.8483
2018-07-24,7.8483,7.8484,7.8451,7.8468
2018-07-25,7.8468,7.8472,7.8449,7.8455
2018-07-26,7.8455,7.8485,7.8446,7.8479
2018-07-27,7.8479,7.849,7.8471,7.8475
2018-07-30,7.8478,7.849,7.8474,7.8485
2018-07-31,7.8485,7.8493,7.8466,7.8491
2018-08-01,7.849,7.8496,7.8482,7.8485
2018-08-02,7.8485,7.8497,7.8482,7.8497
2018-08-03,7.8497,7.8498,7.8485,7.849
2018-08-06,7.849,7.8494,7.8482,7.8492
2018-08-07,7.8492,7.8498,7.8485,7.8497
2018-08-08,7.8497,7.8499,7.8491,7.8492
2018-08-09,7.8492,7.8499,7.8489,7.8499
2018-08-10,7.8499,7.85,7.8495,7.8499
2018-08-13,7.8497,7.85,7.8493,7.8498
2018-08-14,7.8498,7.85,7.8496,7.85
2018-08-15,7.85,7.85,7.8496,7.8499
2018-08-16,7.8499,7.85,7.849,7.8498
2018-08-17,7.8498,7.8499,7.8492,7.8496
2018-08-20,7.8496,7.8499,7.8492,7.8497
2018-08-21,7.8497,7.8499,7.8492,7.8494
2018-08-22,7.8494,7.85,7.8492,7.8495
2018-08-23,7.8495,7.85,7.8492,7.8498
2018-08-24,7.8499,7.8501,7.8495,7.8499
2018-08-27,7.8499,7.8501,7.8497,7.8499
2018-08-28,7.8499,7.85,7.8491,7.8497
2018-08-29,7.8497,7.85,7.8482,7.8487
2018-08-30,7.8487,7.8495,7.8484,7.8491
2018-08-31,7.8491,7.8495,7.848,7.8491
2018-09-03,7.8492,7.8498,7.8485,7.8494
2018-09-04,7.8494,7.8497,7.8483,7.8491
2018-09-05,7.8491,7.8496,7.8488,7.8493
2018-09-06,7.8493,7.8499,7.8487,7.8493
2018-09-07,7.8493,7.85,7.8491,7.8498
2018-09-10,7.8497,7.85,7.8495,7.8497
2018-09-11,7.8497,7.8499,7.8479,7.8493
2018-09-12,7.8493,7.8495,7.8482,7.8485
2018-09-13,7.8485,7.8491,7.8475,7.8482
2018-09-14,7.8482,7.8487,7.846,7.8472
2018-09-17,7.8468,7.8484,7.8434,7.8446
2018-09-18,7.8446,7.8458,7.843,7.8433
2018-09-19,7.8433,7.8469,7.8429,7.8446
2018-09-20,7.8446,7.8456,7.8422,7.8426
2018-09-21,7.8426,7.8433,7.793,7.8115
2018-09-24,7.8111,7.8136,7.798,7.8114
2018-09-25,7.8114,7.8135,7.8082,7.8104
2018-09-26,7.8104,7.8187,7.8044,7.8127
2018-09-27,7.8127,7.8166,7.8045,7.8156
2018-09-28,7.8156,7.829,7.8147,7.828
2018-10-01,7.8272,7.83,7.8255,7.8271
2018-10-02,7.8271,7.8384,7.8267,7.8333
2018-10-03,7.8333,7.8396,7.833,7.8379
2018-10-04,7.8379,7.8393,7.8311,7.8352
2018-10-05,7.8352,7.8375,7.8321,7.8354
2018-10-08,7.8355,7.8368,7.8233,7.8285
2018-10-09,7.8285,7.8351,7.8275,7.8332
2018-10-10,7.8332,7.8379,7.833,7.8371
2018-10-11,7.8371,7.838,7.8342,7.8345
2018-10-12,7.8345,7.8368,7.8317,7.835
2018-10-15,7.8339,7.838,7.8327,7.8349
2018-10-16,7.8349,7.8379,7.8338,7.8362
2018-10-17,7.8362,7.8397,7.836,7.8394
2018-10-18,7.8394,7.8398,7.8379,7.8383
2018-10-19,7.8383,7.8423,7.8383,7.8419
2018-10-22,7.8398,7.8414,7.8382,7.8397
2018-10-23,7.8397,7.8404,7.8379,7.8386
2018-10-24,7.8386,7.8423,7.838,7.8406
2018-10-25,7.8406,7.8414,7.8365,7.8409
2018-10-26,7.8409,7.8413,7.8384,7.8407
2018-10-29,7.8401,7.8438,7.8396,7.8431
2018-10-30,7.8431,7.8468,7.8426,7.8435
2018-10-31,7.8435,7.8474,7.8388,7.8415
2018-11-01,7.8415,7.8438,7.8337,7.8339
2018-11-02,7.8339,7.8389,7.8124,7.8167
2018-11-05,7.8232,7.8361,7.8174,7.8325
2018-11-06,7.8325,7.8369,7.8279,7.8316
2018-11-07,7.8316,7.8352,7.8284,7.8303
2018-11-08,7.8303,7.8328,7.8243,7.8266
2018-11-09,7.8266,7.8332,7.8262,7.8323
2018-11-12,7.8317,7.8349,7.8289,7.8343
2018-11-13,7.8343,7.8348,7.8279,7.8307
2018-11-14,7.8307,7.8334,7.8303,7.8314
2018-11-15,7.8314,7.8341,7.8282,7.8295
2018-11-16,7.8295,7.8334,7.8283,7.8295
2018-11-19,7.8298,7.8334,7.8295,7.832
2018-11-20,7.832,7.8333,7.8301,7.8302
2018-11-21,7.8301,7.8335,7.8294,7.8333
2018-11-22,7.8333,7.8334,7.8281,7.8304
2018-11-23,7.8304,7.8306,7.8232,7.8258
2018-11-26,7.8264,7.8271,7.8206,7.8237
2018-11-27,7.8237,7.8298,7.8206,7.8262
2018-11-28,7.8262,7.8285,7.8239,7.8254
2018-11-29,7.8254,7.8274,7.8213,7.8215
2018-11-30,7.8215,7.8265,7.8192,7.824
2018-12-03,7.8242,7.8255,7.815,7.8153
2018-12-04,7.8153,7.8182,7.8013,7.8036
2018-12-05,7.8036,7.8164,7.8023,7.8136
2018-12-06,7.8136,7.8179,7.808,7.8103
2018-12-07,7.8103,7.8178,7.8082,7.816
2018-12-10,7.8149,7.8167,7.8125,7.8157
2018-12-11,7.8157,7.8175,7.8128,7.8173
2018-12-12,7.8173,7.8179,7.8129,7.813
2018-12-13,7.813,7.8153,7.8075,7.8129
2018-12-14,7.8129,7.8178,7.8075,7.8138
2018-12-17,7.8134,7.815,7.811,7.8131
2018-12-18,7.8131,7.8213,7.8122,7.8191
2018-12-19,7.8191,7.8271,7.8187,7.8267
2018-12-20,7.8267,7.8314,7.8239,7.8303
2018-12-21,7.8303,7.8349,7.8238,7.832
2018-12-24,7.8324,7.8346,7.8283,7.8333
2018-12-25,7.833,7.8347,7.8219,7.8315
2018-12-26,7.8319,7.8337,7.8276,7.8285
2018-12-27,7.8285,7.835,7.8266,7.8304
2018-12-28,7.8304,7.8343,7.8285,7.8306
2018-12-31,7.831,7.8338,7.829,7.8319
2019-01-01,7.8317,7.8327,7.8287,7.8315
2019-01-02,7.8312,7.8378,7.8304,7.8334
2019-01-03,7.8334,7.8356,7.8299,7.8315
2019-01-04,7.8315,7.8362,7.8274,7.8351
2019-01-07,7.8339,7.8376,7.8328,7.8346
2019-01-08,7.8346,7.8393,7.8341,7.8388
2019-01-09,7.8388,7.8409,7.8367,7.8377
2019-01-10,7.8377,7.84,7.8368,7.8386
2019-01-11,7.8386,7.842,7.8383,7.8394
2019-01-14,7.8401,7.8439,7.8395,7.8425
2019-01-15,7.8425,7.844,7.8412,7.8433
2019-01-16,7.8433,7.8455,7.8428,7.8442
2019-01-17,7.8442,7.8449,7.8425,7.8429
2019-01-18,7.8429,7.845,7.8427,7.8434
2019-01-21,7.8433,7.846,7.8427,7.8453
2019-01-22,7.8453,7.8467,7.8449,7.8457
2019-01-23,7.8457,7.847,7.8448,7.8453
2019-01-24,7.8453,7.847,7.8444,7.8461
2019-01-25,7.8461,7.8468,7.845,7.8459
2019-01-28,7.8452,7.8465,7.8452,7.8459
2019-01-29,7.8459,7.8467,7.8457,7.8461
2019-01-30,7.8461,7.8465,7.8362,7.8428
2019-01-31,7.8428,7.8472,7.8408,7.8467
2019-02-01,7.8467,7.8475,7.8435,7.8469
2019-02-04,7.8467,7.847,7.8443,7.8465
2019-02-05,7.8465,7.8467,7.8447,7.8458
2019-02-06,7.8458,7.8467,7.8451,7.8464
2019-02-07,7.8464,7.8479,7.8453,7.8477
2019-02-08,7.8477,7.8482,7.8452,7.8474
2019-02-11,7.8469,7.8485,7.8462,7.8478
2019-02-12,7.8478,7.8488,7.8467,7.8484
2019-02-13,7.8484,7.8491,7.8478,7.8486
2019-02-14,7.8486,7.8488,7.8468,7.8472
2019-02-15,7.8472,7.8491,7.8471,7.8487
2019-02-18,7.8479,7.8484,7.8472,7.8479
2019-02-19,7.8479,7.8493,7.8475,7.8486
2019-02-20,7.8486,7.8494,7.8482,7.8492
2019-02-21,7.8492,7.8493,7.8461,7.8474
2019-02-22,7.8474,7.8489,7.8469,7.8484
2019-02-25,7.848,7.849,7.8474,7.8488
2019-02-26,7.8488,7.8497,7.8484,7.8489
2019-02-27,7.8489,7.8498,7.8489,7.8497
2019-02-28,7.8497,7.85,7.849,7.8499
2019-03-01,7.8499,7.85,7.8476,7.849
2019-03-04,7.8488,7.8496,7.8483,7.849
2019-03-05,7.849,7.8499,7.8489,7.8497
2019-03-06,7.8497,7.85,7.8496,7.8498
2019-03-07,7.8498,7.85,7.849,7.8499
2019-03-08,7.8499,7.8502,7.8497,7.85
2019-03-11,7.8498,7.8503,7.8492,7.8499
2019-03-12,7.8498,7.8502,7.8496,7.8499
2019-03-13,7.8499,7.85,7.8494,7.8499
2019-03-14,7.8499,7.8501,7.8492,7.8501
2019-03-15,7.8501,7.8502,7.8483,7.8499
2019-03-18,7.8496,7.85,7.8486,7.8499
2019-03-19,7.8499,7.8504,7.8496,7.8498
2019-03-20,7.8498,7.8503,7.8495,7.85
2019-03-21,7.85,7.8501,7.8451,7.8472
2019-03-22,7.8472,7.8483,7.8453,7.8474
2019-03-25,7.8479,7.849,7.8456,7.8472
2019-03-26,7.8472,7.8495,7.8466,7.8494
2019-03-27,7.8494,7.8496,7.8484,7.8487
2019-03-28,7.8487,7.8501,7.8485,7.8499
2019-03-29,7.8499,7.8503,7.8493,7.85
2019-04-01,7.8498,7.8504,7.8492,7.8498
2019-04-02,7.8498,7.8501,7.8493,7.8498
2019-04-03,7.8498,7.85,7.8488,7.8494
2019-04-04,7.8494,7.85,7.8475,7.8489
2019-04-05,7.8489,7.85,7.8486,7.8496
2019-04-08,7.8495,7.85,7.8451,7.8469
2019-04-09,7.8469,7.8478,7.8407,7.8413
2019-04-10,7.8413,7.8424,7.8305,7.8365
2019-04-11,7.8365,7.8448,7.8362,7.8427
2019-04-12,7.8427,7.8472,7.8395,7.8425
2019-04-15,7.8433,7.8451,7.8375,7.8397
2019-04-16,7.8397,7.8441,7.8378,7.8433
2019-04-17,7.8433,7.8459,7.8426,7.8456
2019-04-18,7.8456,7.8466,7.844,7.8461
2019-04-19,7.8461,7.8464,7.8434,7.8442
2019-04-22,7.8441,7.8459,7.8433,7.8443
2019-04-23,7.8443,7.8464,7.8415,7.8417
2019-04-24,7.8417,7.8435,7.8394,7.8425
2019-04-25,7.8425,7.8446,7.8402,7.8438
2019-04-26,7.8438,7.8451,7.8426,7.8445
2019-04-29,7.8439,7.8449,7.843,7.8436
2019-04-30,7.8436,7.8458,7.8431,7.8445
2019-05-01,7.8445,7.8457,7.8443,7.8454
2019-05-02,7.8454,7.8459,7.8425,7.8435
2019-05-03,7.8435,7.8455,7.8425,7.8452
2019-05-06,7.8449,7.8466,7.8441,7.8461
2019-05-07,7.8461,7.8487,7.845,7.8485
2019-05-08,7.8485,7.8495,7.8481,7.8492
2019-05-09,7.8492,7.8492,7.8474,7.8484
2019-05-10,7.8484,7.8492,7.8475,7.8488
2019-05-13,7.8486,7.8496,7.8481,7.8493
2019-05-14,7.8493,7.8498,7.8485,7.8494
2019-05-15,7.8494,7.8499,7.849,7.8497
2019-05-16,7.8497,7.8499,7.8486,7.8496
2019-05-17,7.8496,7.8501,7.849,7.85
2019-05-20,7.8496,7.8502,7.848,7.8497
2019-05-21,7.8497,7.85,7.8485,7.8496
2019-05-22,7.8495,7.8501,7.8491,7.8498
2019-05-23,7.8498,7.8498,7.8475,7.849
2019-05-24,7.849,7.8497,7.8474,7.8496
2019-05-27,7.8488,7.8497,7.8482,7.8492
2019-05-28,7.8492,7.8499,7.8483,7.8491
2019-05-29,7.8491,7.8498,7.8488,7.8494
2019-05-30,7.8494,7.8497,7.847,7.8476
2019-05-31,7.8476,7.8484,7.838,7.8384
2019-06-03,7.8373,7.8419,7.8335,7.8361
2019-06-04,7.8361,7.8425,7.836,7.8416
2019-06-05,7.8416,7.8425,7.8391,7.8403
2019-06-06,7.8403,7.8419,7.8391,7.8405
2019-06-07,7.8405,7.8426,7.8394,7.8424
2019-06-10,7.841,7.8443,7.8403,7.8429
2019-06-11,7.8429,7.8432,7.8345,7.8365
2019-06-12,7.8365,7.8377,7.8162,7.8243
2019-06-13,7.8243,7.8295,7.8178,7.8287
2019-06-14,7.8287,7.8333,7.8241,7.8279
2019-06-17,7.8275,7.8346,7.8272,7.8336
2019-06-18,7.8336,7.8347,7.8311,7.8318
2019-06-19,7.8318,7.8328,7.8226,7.8242
2019-06-20,7.8242,7.8251,7.8116,7.8143
2019-06-21,7.8144,7.8153,7.8025,7.8136
2019-06-24,7.8138,7.8166,7.808,7.8106
2019-06-25,7.8106,7.8122,7.8048,7.8104
2019-06-26,7.8104,7.8127,7.8057,7.8081
2019-06-27,7.8081,7.8157,7.8078,7.8152
2019-06-28,7.8152,7.8162,7.8063,7.8107
2019-07-01,7.8112,7.8139,7.8076,7.8134
2019-07-02,7.8134,7.8155,7.7978,7.7987
2019-07-03,7.7987,7.801,7.795,7.7977
2019-07-04,7.7977,7.7985,7.7827,7.7869
2019-07-05,7.7869,7.7975,7.7852,7.7949
2019-07-08,7.7947,7.8013,7.7944,7.7993
2019-07-09,7.7993,7.8117,7.7988,7.8079
2019-07-10,7.8079,7.8189,7.8073,7.8185
2019-07-11,7.8185,7.8236,7.8152,7.8227
2019-07-12,7.8228,7.8264,7.8207,7.8249
2019-07-15,7.8246,7.8293,7.8237,7.8264
2019-07-16,7.8264,7.8274,7.8113,7.8174
2019-07-17,7.8174,7.8187,7.8093,7.8145
2019-07-18,7.8145,7.8174,7.8094,7.8158
2019-07-19,7.8158,7.8167,7.8026,7.808
2019-07-22,7.808,7.8109,7.8015,7.8096
2019-07-23,7.8098,7.813,7.8078,7.8107
2019-07-24,7.8107,7.815,7.8098,7.8147
2019-07-25,7.8147,7.8173,7.813,7.8167
2019-07-26,7.8167,7.8196,7.8127,7.8193
2019-07-29,7.8175,7.8226,7.8139,7.8224
2019-07-30,7.8224,7.8246,7.8198,7.8237
2019-07-31,7.8237,7.8284,7.8231,7.8279
2019-08-01,7.8279,7.8288,7.8249,7.8257
2019-08-02,7.8257,7.8313,7.8171,7.8267
2019-08-05,7.8287,7.8487,7.8256,7.8464
2019-08-06,7.8463,7.8477,7.8293,7.8377
2019-08-07,7.8377,7.8435,7.8343,7.8407
2019-08-08,7.8407,7.8424,7.8368,7.8411
2019-08-09,7.8411,7.8433,7.8381,7.8425
2019-08-12,7.8422,7.8471,7.839,7.8468
2019-08-13,7.8468,7.8473,7.844,7.8459
2019-08-14,7.8459,7.8474,7.844,7.8453
2019-08-15,7.8453,7.8462,7.832,7.8412
2019-08-16,7.8412,7.8451,7.8392,7.8432
2019-08-19,7.8441,7.8467,7.8421,7.8447
2019-08-20,7.8447,7.846,7.8415,7.8426
2019-08-21,7.8426,7.8448,7.8411,7.8433
2019-08-22,7.8433,7.8447,7.8376,7.8403
2019-08-23,7.8403,7.8441,7.8365,7.8426
2019-08-26,7.8422,7.8461,7.84,7.8447
2019-08-27,7.8447,7.848,7.8436,7.8473
2019-08-28,7.8473,7.8477,7.8435,7.8451
2019-08-29,7.8451,7.8469,7.8417,7.846
2019-08-30,7.846,7.8467,7.834,7.842
2019-09-02,7.8445,7.8445,7.8398,7.842
2019-09-03,7.842,7.8448,7.8418,7.8443
2019-09-04,7.8443,7.8452,7.838,7.8407
2019-09-05,7.8407,7.8412,7.8374,7.838
2019-09-06,7.838,7.8413,7.8369,7.8394
2019-09-09,7.8397,7.844,7.838,7.8392
2019-09-10,7.8392,7.8422,7.8383,7.8398
2019-09-11,7.8398,7.8419,7.8379,7.8385
2019-09-12,7.8385,7.839,7.8241,7.8244
2019-09-13,7.8244,7.8281,7.82,7.82
2019-09-16,7.822,7.8279,7.8166,7.8192
2019-09-17,7.8192,7.8264,7.8166,7.8223
2019-09-18,7.8223,7.8311,7.8218,7.8306
2019-09-19,7.8306,7.8329,7.8239,7.8313
2019-09-20,7.8313,7.8423,7.8306,7.8367
2019-09-23,7.8397,7.8408,7.8366,7.8388
2019-09-24,7.8389,7.842,7.8357,7.8404
2019-09-25,7.8404,7.8416,7.8358,7.8391
2019-09-26,7.8392,7.8398,7.8365,7.8382
2019-09-27,7.8382,7.8418,7.8376,7.8401
2019-09-30,7.8412,7.8418,7.8376,7.8389
2019-10-01,7.8389,7.8432,7.8367,7.8428
2019-10-02,7.8428,7.8441,7.8391,7.8439
2019-10-03,7.8439,7.8445,7.8406,7.8417
2019-10-04,7.8417,7.8444,7.8394,7.8395
2019-10-07,7.8424,7.8449,7.8415,7.843
2019-10-08,7.843,7.845,7.8412,7.8447
2019-10-09,7.8447,7.8458,7.8435,7.8456
2019-10-10,7.8456,7.8457,7.8411,7.8425
2019-10-11,7.8425,7.8446,7.8404,7.8433
2019-10-14,7.8435,7.8458,7.843,7.8456
2019-10-15,7.8456,7.8458,7.8436,7.8453
2019-10-16,7.8453,7.846,7.8436,7.845
2019-10-17,7.845,7.8455,7.8434,7.8442
2019-10-18,7.8442,7.8444,7.8419,7.843
2019-10-21,7.8424,7.8438,7.8401,7.8429
2019-10-22,7.8429,7.8439,7.8416,7.8426
2019-10-23,7.8426,7.843,7.8405,7.8414
2019-10-24,7.8414,7.8418,7.8371,7.8381
2019-10-25,7.8381,7.8393,7.8361,7.8375
2019-10-28,7.8376,7.8406,7.8373,7.8393
2019-10-29,7.8393,7.8414,7.839,7.8392
2019-10-30,7.8392,7.8415,7.8388,7.8405
2019-10-31,7.8405,7.8411,7.8338,7.8373
2019-11-01,7.8373,7.8386,7.8348,7.8363
2019-11-04,7.837,7.8398,7.836,7.8374
2019-11-05,7.8374,7.8387,7.8309,7.8327
2019-11-06,7.8327,7.8347,7.823,7.8271
2019-11-07,7.8271,7.8273,7.8229,7.8263
2019-11-08,7.8263,7.83,7.8233,7.8299
2019-11-11,7.8274,7.8348,7.825,7.8269
2019-11-12,7.8269,7.8298,7.8248,7.8279
2019-11-13,7.8279,7.8337,7.8275,7.8282
2019-11-14,7.8282,7.832,7.8262,7.8274
2019-11-15,7.8273,7.8318,7.8251,7.8262
2019-11-18,7.8255,7.8308,7.8252,7.8276
2019-11-19,7.8276,7.8302,7.8265,7.8277
2019-11-20,7.8277,7.8296,7.8239,7.8254
2019-11-21,7.8254,7.8286,7.8201,7.8203
2019-11-22,7.8203,7.826,7.8199,7.8255
2019-11-25,7.8252,7.8285,7.8245,7.8261
2019-11-26,7.8262,7.833,7.8256,7.8285
2019-11-27,7.8285,7.8297,7.8265,7.8272
2019-11-28,7.8272,7.8299,7.8263,7.8268
2019-11-29,7.8268,7.8317,7.8253,7.8288
2019-12-02,7.8281,7.8299,7.8271,7.8285
2019-12-03,7.8285,7.8307,7.8283,7.8295
2019-12-04,7.8296,7.8302,7.8281,7.8289
2019-12-05,7.8289,7.8295,7.8284,7.8291
2019-12-06,7.8291,7.8309,7.8282,7.8297
2019-12-09,7.8297,7.8306,7.827,7.8282
2019-12-10,7.8282,7.8289,7.8254,7.8269
2019-12-11,7.8269,7.8273,7.8077,7.8081
2019-12-12,7.8081,7.8107,7.7982,7.805
2019-12-13,7.805,7.8072,7.7908,7.7972
2019-12-16,7.7997,7.8021,7.7867,7.7922
2019-12-17,7.7922,7.7938,7.7857,7.7879
2019-12-18,7.7879,7.7903,7.7828,7.7877
2019-12-19,7.7875,7.7996,7.7862,7.7939
2019-12-20,7.7939,7.8015,7.7936,7.7955
2019-12-23,7.7987,7.7991,7.7845,7.7869
2019-12-24,7.787,7.7891,7.7842,7.7881
2019-12-25,7.7881,7.7914,7.7873,7.7904
2019-12-26,7.7909,7.7922,7.7864,7.7872
2019-12-27,7.7872,7.7894,7.785,7.7871
2019-12-30,7.7872,7.791,7.7857,7.7879
2019-12-31,7.7879,7.793,7.7827,7.7914
2020-01-01,7.7894,7.7931,7.7893,7.7907
2020-01-02,7.7919,7.7957,7.7881,7.7898
2020-01-03,7.7898,7.7901,7.776,7.7789
2020-01-06,7.7794,7.7825,7.7676,7.7697
2020-01-07,7.7697,7.7791,7.7694,7.7785
2020-01-08,7.7783,7.7796,7.7737,7.7754
2020-01-09,7.7754,7.778,7.7654,7.7672
2020-01-10,7.7672,7.768,7.7624,7.7666
2020-01-13,7.767,7.7749,7.7658,7.7715
2020-01-14,7.7715,7.7782,7.7704,7.777
2020-01-15,7.777,7.7794,7.7701,7.7713
2020-01-16,7.7713,7.7747,7.7682,7.7726
2020-01-17,7.7726,7.7735,7.7668,7.7668
2020-01-20,7.7683,7.7698,7.7661,7.7688
2020-01-21,7.7688,7.7749,7.7688,7.7702
2020-01-22,7.7702,7.7744,7.767,7.7716
2020-01-23,7.7716,7.775,7.7705,7.7723
2020-01-24,7.7723,7.7743,7.7712,7.7724
2020-01-27,7.7729,7.778,7.7726,7.7767
2020-01-28,7.7767,7.7795,7.775,7.7766
2020-01-29,7.7767,7.7772,7.7718,7.7728
2020-01-30,7.7728,7.7739,7.7658,7.7666
2020-01-31,7.7666,7.7707,7.7639,7.7643
2020-02-03,7.7657,7.7693,7.7646,7.767
2020-02-04,7.767,7.7697,7.7648,7.7648
2020-02-05,7.7648,7.7677,7.762,7.7633
2020-02-06,7.7634,7.7648,7.762,7.7646
2020-02-07,7.7646,7.7669,7.76,7.7666
2020-02-10,7.7646,7.7671,7.7644,7.766
2020-02-11,7.766,7.7664,7.7631,7.7656
2020-02-12,7.7656,7.7718,7.7649,7.7704
2020-02-13,7.7704,7.7713,7.7658,7.7671
2020-02-14,7.7671,7.7689,7.7662,7.7686
2020-02-17,7.7677,7.7685,7.766,7.7679
2020-02-18,7.7679,7.7702,7.7666,7.7676
2020-02-19,7.7676,7.7736,7.7675,7.7723
2020-02-20,7.7723,7.7849,7.7708,7.7813
2020-02-21,7.7813,7.7939,7.78,7.7876
2020-02-24,7.7874,7.7976,7.787,7.7931
2020-02-25,7.7931,7.7952,7.7872,7.7911
2020-02-26,7.7911,7.7951,7.7887,7.7933
2020-02-27,7.7933,7.7983,7.7924,7.7936
2020-02-28,7.7936,7.7989,7.7913,7.7935
2020-03-02,7.7935,7.7956,7.7755,7.7797
2020-03-03,7.7797,7.7845,7.7649,7.7713
2020-03-04,7.7713,7.7731,7.765,7.7725
2020-03-05,7.7725,7.7745,7.769,7.7729
2020-03-06,7.7729,7.7757,7.7679,7.768
2020-03-09,7.771,7.7746,7.7653,7.7709
2020-03-10,7.7709,7.7734,7.7661,7.7682
2020-03-11,7.7682,7.7701,7.7665,7.7692
2020-03-12,7.7692,7.7876,7.7681,7.7775
2020-03-13,7.7775,7.7814,7.7647,7.773
2020-03-16,7.7719,7.7719,7.7599,7.7666
2020-03-17,7.7666,7.7705,7.7607,7.761
2020-03-18,7.761,7.7692,7.7608,7.7639
2020-03-19,7.7639,7.7683,7.76,7.7611
2020-03-20,7.7611,7.7631,7.7554,7.7576
2020-03-23,7.7573,7.7603,7.7541,7.756
2020-03-24,7.756,7.7565,7.7526,7.7527
2020-03-25,7.7527,7.7562,7.752,7.7523
2020-03-26,7.7523,7.7549,7.7518,7.752
2020-03-27,7.752,7.7534,7.751,7.7518
2020-03-30,7.7518,7.755,7.7517,7.7548
2020-03-31,7.7548,7.7552,7.7506,7.7511
2020-04-01,7.7511,7.754,7.7506,7.7524
2020-04-02,7.7524,7.7533,7.7511,7.7516
2020-04-03,7.7516,7.7547,7.7513,7.7525
2020-04-06,7.7529,7.7547,7.7514,7.7517
2020-04-07,7.7518,7.7535,7.7512,7.7524
2020-04-08,7.7524,7.753,7.7515,7.7518
2020-04-09,7.7518,7.7576,7.7514,7.753
2020-04-10,7.753,7.7537,7.7521,7.7527
2020-04-13,7.753,7.7535,7.7517,7.7524
2020-04-14,7.7524,7.7531,7.7506,7.7514
2020-04-15,7.7514,7.7522,7.7505,7.7511
2020-04-16,7.7511,7.7518,7.7505,7.7511
2020-04-17,7.7511,7.7521,7.7503,7.7505
2020-04-20,7.7507,7.7513,7.7502,7.7503
2020-04-21,7.7503,7.7506,7.75,7.7501
2020-04-22,7.7501,7.7503,7.75,7.7501
2020-04-23,7.7501,7.7516,7.7501,7.7504
2020-04-24,7.7504,7.7516,7.7501,7.7505
2020-04-27,7.7507,7.7511,7.75,7.7502
2020-04-28,7.7502,7.7515,7.7501,7.7502
2020-04-29,7.7502,7.751,7.75,7.7502
2020-04-30,7.7502,7.7526,7.75,7.752
2020-05-01,7.752,7.7531,7.7514,7.7523
2020-05-04,7.7522,7.7549,7.7512,7.7535
2020-05-05,7.7535,7.7558,7.7521,7.7535
2020-05-06,7.7535,7.7542,7.7507,7.7523
2020-05-07,7.7523,7.7525,7.7505,7.7509
2020-05-08,7.751,7.7522,7.7505,7.752
2020-05-11,7.7515,7.7519,7.7502,7.7506
2020-05-12,7.7506,7.7511,7.7503,7.7509
2020-05-13,7.7509,7.7513,7.7503,7.7512
2020-05-14,7.7512,7.7522,7.7503,7.7521
2020-05-15,7.7521,7.7523,7.7505,7.7509
2020-05-18,7.7514,7.7522,7.7507,7.7513
2020-05-19,7.7513,7.7515,7.7505,7.7509
2020-05-20,7.7509,7.751,7.7501,7.7501
2020-05-21,7.7501,7.7551,7.75,7.7547
2020-05-22,7.7547,7.7578,7.7519,7.7558
2020-05-25,7.7556,7.7575,7.7533,7.7547
2020-05-26,7.7547,7.7548,7.7515,7.7527
2020-05-27,7.7527,7.755,7.7516,7.7547
2020-05-28,7.7547,7.7552,7.752,7.7527
2020-05-29,7.7527,7.755,7.7506,7.7512
2020-06-01,7.7518,7.7545,7.7507,7.7512
2020-06-02,7.7512,7.7513,7.7504,7.751
2020-06-03,7.751,7.7511,7.7501,7.7504
2020-06-04,7.7504,7.7505,7.75,7.7501
2020-06-05,7.7501,7.7503,7.75,7.7502
2020-06-08,7.7504,7.7504,7.75,7.7501
2020-06-09,7.7501,7.7507,7.7499,7.7501
2020-06-10,7.7501,7.7504,7.75,7.7501
2020-06-11,7.7501,7.7509,7.75,7.7504
2020-06-12,7.7504,7.7509,7.75,7.7501
2020-06-15,7.7506,7.7509,7.75,7.7504
2020-06-16,7.7504,7.754,7.75,7.7501
2020-06-17,7.7501,7.7503,7.75,7.7501
2020-06-18,7.7501,7.7507,7.75,7.7504
2020-06-19,7.7504,7.7506,7.75,7.7504
2020-06-22,7.7503,7.7507,7.75,7.7507
2020-06-23,7.7507,7.7507,7.75,7.7501
2020-06-24,7.7501,7.7506,7.75,7.7504
2020-06-25,7.7504,7.7507,7.7501,7.7506
2020-06-26,7.7506,7.7507,7.75,7.7504
2020-06-29,7.7504,7.7506,7.7502,7.7504
2020-06-30,7.7504,7.7507,7.75,7.7505
2020-07-01,7.7505,7.751,7.7503,7.7507
2020-07-02,7.7507,7.751,7.7501,7.7503
2020-07-03,7.7503,7.7507,7.7498,7.7503
2020-07-06,7.7503,7.7504,7.75,7.75
2020-07-07,7.75,7.7502,7.7499,7.7501
2020-07-08,7.7501,7.7503,7.75,7.7501
2020-07-09,7.7501,7.7503,7.75,7.7501
2020-07-10,7.7501,7.7527,7.75,7.7526
2020-07-13,7.7519,7.7524,7.7505,7.7509
2020-07-14,7.7509,7.7515,7.7503,7.7514
2020-07-15,7.7514,7.7533,7.7504,7.7524
2020-07-16,7.7525,7.7548,7.7519,7.7531
2020-07-17,7.7531,7.7545,7.7526,7.7539
2020-07-20,7.7537,7.7543,7.7515,7.7519
2020-07-21,7.7519,7.7522,7.7502,7.7507
2020-07-22,7.7508,7.7526,7.7506,7.7524
2020-07-23,7.7524,7.7526,7.7506,7.7511
2020-07-24,7.7511,7.7521,7.751,7.7513
2020-07-27,7.7516,7.752,7.7509,7.7515
2020-07-28,7.7515,7.7516,7.7501,7.7503
2020-07-29,7.7503,7.7506,7.75,7.7501
2020-07-30,7.7501,7.7503,7.75,7.7501
2020-07-31,7.7501,7.7505,7.75,7.7503
2020-08-03,7.7502,7.7507,7.75,7.7505
2020-08-04,7.7505,7.7509,7.75,7.75
2020-08-05,7.75,7.7505,7.75,7.7501
2020-08-06,7.7501,7.7504,7.7501,7.7503
2020-08-07,7.7503,7.7506,7.7499,7.7503
2020-08-10,7.7503,7.7506,7.7499,7.7501
2020-08-11,7.7501,7.7503,7.75,7.7502
2020-08-12,7.7502,7.7514,7.7501,7.7514
2020-08-13,7.7514,7.7515,7.7502,7.7504
2020-08-14,7.7504,7.751,7.7502,7.7508
2020-08-17,7.7508,7.751,7.7502,7.7505
2020-08-18,7.7505,7.7506,7.7501,7.7502
2020-08-19,7.7502,7.7505,7.7499,7.7502
2020-08-20,7.7502,7.7504,7.75,7.75
2020-08-21,7.75,7.7505,7.75,7.7502
2020-08-24,7.7503,7.7504,7.75,7.7501
2020-08-25,7.7501,7.7505,7.7499,7.7504
2020-08-26,7.7504,7.7505,7.75,7.7504
2020-08-27,7.7504,7.7505,7.75,7.7502
2020-08-28,7.7501,7.7505,7.75,7.7504
2020-08-31,7.7503,7.7505,7.75,7.7502
2020-09-01,7.7502,7.7504,7.75,7.75
2020-09-02,7.7501,7.7503,7.75,7.7502
2020-09-03,7.7502,7.7505,7.7501,7.7503
2020-09-04,7.7503,7.7507,7.7501,7.7506
2020-09-07,7.7505,7.7507,7.7501,7.7502
2020-09-08,7.7502,7.7505,7.7501,7.7505
2020-09-09,7.7505,7.7507,7.7501,7.7507
2020-09-10,7.7507,7.7508,7.7502,7.7504
2020-09-11,7.7504,7.7508,7.7502,7.7503
2020-09-14,7.7503,7.7507,7.75,7.7501
2020-09-15,7.7501,7.7503,7.75,7.7501
2020-09-16,7.7501,7.7502,7.7499,7.7502
2020-09-17,7.7502,7.7503,7.75,7.7501
2020-09-18,7.7501,7.7503,7.7499,7.7501
2020-09-21,7.7501,7.7504,7.7499,7.7501
2020-09-22,7.7501,7.7503,7.7499,7.7501
2020-09-23,7.7501,7.7504,7.7498,7.7501
2020-09-24,7.7501,7.7503,7.7497,7.7502
2020-09-25,7.7502,7.7504,7.7497,7.75
2020-09-28,7.7502,7.7503,7.7497,7.7501
2020-09-29,7.7501,7.7503,7.7499,7.75
2020-09-30,7.75,7.7503,7.7499,7.75
2020-10-01,7.75,7.7504,7.7498,7.7501
2020-10-02,7.7501,7.7505,7.75,7.7503
2020-10-05,7.7503,7.7504,7.75,7.7502
2020-10-06,7.7502,7.7502,7.7499,7.7501
2020-10-07,7.7501,7.7504,7.7498,7.7501
2020-10-08,7.7501,7.7503,7.7497,7.7502
2020-10-09,7.7502,7.7505,7.7499,7.7501
2020-10-12,7.7499,7.7503,7.7498,7.75
2020-10-13,7.75,7.7505,7.75,7.7501
2020-10-14,7.7501,7.7502,7.7498,7.75
2020-10-15,7.75,7.7503,7.7498,7.7501
2020-10-16,7.7501,7.7505,7.75,7.7501
2020-10-19,7.7502,7.7504,7.75,7.7501
2020-10-20,7.7501,7.7504,7.7497,7.7501
2020-10-21,7.7501,7.7503,7.7499,7.7501
2020-10-22,7.7501,7.7503,7.7499,7.7501
2020-10-23,7.7501,7.7502,7.75,7.7501
2020-10-26,7.7503,7.7503,7.7499,7.7501
2020-10-27,7.7501,7.7502,7.7499,7.7501
2020-10-28,7.7501,7.7503,7.75,7.7501
2020-10-29,7.7501,7.7537,7.7501,7.7518
2020-10-30,7.7518,7.755,7.7512,7.7522
2020-11-02,7.7525,7.7555,7.7499,7.75
2020-11-03,7.75,7.7534,7.75,7.7522
2020-11-04,7.7522,7.7574,7.7514,7.7559
2020-11-05,7.7559,7.7563,7.7523,7.7524
2020-11-06,7.7524,7.7548,7.7521,7.7536
2020-11-09,7.7539,7.7546,7.7523,7.7524
2020-11-10,7.7524,7.755,7.7522,7.7541
2020-11-11,7.7541,7.755,7.7527,7.7547
2020-11-12,7.7547,7.7549,7.7534,7.7541
2020-11-13,7.7541,7.7546,7.7529,7.7533
2020-11-16,7.7534,7.7544,7.7523,7.7532
2020-11-17,7.7532,7.7539,7.752,7.7527
2020-11-18,7.7527,7.753,7.7517,7.7528
2020-11-19,7.7528,7.754,7.7517,7.7532
2020-11-20,7.7532,7.7539,7.752,7.7522
2020-11-23,7.7523,7.7532,7.7515,7.7518
2020-11-24,7.7518,7.7523,7.7512,7.7518
2020-11-25,7.7518,7.7518,7.7506,7.751
2020-11-26,7.751,7.7513,7.7506,7.7509
2020-11-27,7.7509,7.7514,7.7505,7.7506
2020-11-30,7.7511,7.7529,7.7506,7.7514
2020-12-01,7.7514,7.753,7.7511,7.7518
2020-12-02,7.7518,7.7534,7.7514,7.7518
2020-12-03,7.7518,7.7524,7.7508,7.7509
2020-12-04,7.7509,7.7516,7.7503,7.7507
2020-12-07,7.7508,7.7513,7.7504,7.7511
2020-12-08,7.7511,7.7516,7.7507,7.7512
2020-12-09,7.7512,7.7524,7.7511,7.7515
2020-12-10,7.7515,7.7524,7.7508,7.7513
2020-12-11,7.7513,7.7519,7.7507,7.7513
2020-12-14,7.7514,7.7525,7.7508,7.7518
2020-12-15,7.7518,7.7526,7.7512,7.7515
2020-12-16,7.7515,7.7529,7.7514,7.7522
2020-12-17,7.7522,7.753,7.7519,7.7524
2020-12-18,7.7524,7.7537,7.7519,7.7522
2020-12-21,7.752,7.754,7.7519,7.7532
2020-12-22,7.7532,7.7535,7.7523,7.7527
2020-12-23,7.7527,7.7534,7.7522,7.753
2020-12-24,7.753,7.7542,7.752,7.7538
2020-12-25,7.7538,7.754,7.753,7.7538
2020-12-28,7.7537,7.7561,7.752,7.7559
2020-12-29,7.7559,7.7561,7.7525,7.754
2020-12-30,7.754,7.7543,7.752,7.7526
2020-12-31,7.7526,7.754,7.7511,7.7531
2021-01-01,7.753,7.753,7.7528,7.7529
2021-01-04,7.753,7.7541,7.752,7.7536
2021-01-05,7.7536,7.7537,7.7525,7.7533
2021-01-06,7.7533,7.7535,7.7526,7.7532
2021-01-07,7.7532,7.754,7.7522,7.7534
2021-01-08,7.7534,7.7575,7.7525,7.7562
2021-01-11,7.7554,7.7562,7.7536,7.7555
2021-01-12,7.7555,7.7557,7.7542,7.7549
2021-01-13,7.7549,7.755,7.7533,7.7537
2021-01-14,7.7537,7.7543,7.7529,7.7531
2021-01-15,7.7531,7.7546,7.7531,7.754
2021-01-18,7.7539,7.7542,7.753,7.7535
2021-01-19,7.7535,7.7538,7.7516,7.7524
2021-01-20,7.7524,7.7525,7.7514,7.7518
2021-01-21,7.7518,7.752,7.7515,7.7518
2021-01-22,7.7518,7.7526,7.7516,7.7521
2021-01-25,7.7521,7.7525,7.7512,7.7517
2021-01-26,7.7516,7.7532,7.751,7.752
2021-01-27,7.752,7.7525,7.7515,7.752
2021-01-28,7.752,7.7533,7.7517,7.7527
2021-01-29,7.7527,7.754,7.7523,7.7534
2021-02-01,7.7532,7.7534,7.7524,7.7529
2021-02-02,7.7529,7.7533,7.7513,7.7517
2021-02-03,7.7517,7.7519,7.751,7.7515
2021-02-04,7.7515,7.753,7.7511,7.7528
2021-02-05,7.7528,7.7532,7.7521,7.7529
2021-02-08,7.7525,7.7532,7.752,7.7523
2021-02-09,7.7523,7.7525,7.7515,7.7518
2021-02-10,7.7518,7.7526,7.7516,7.7522
2021-02-11,7.7522,7.753,7.7521,7.7529
2021-02-12,7.7529,7.7531,7.7525,7.7528
2021-02-15,7.7529,7.7532,7.7526,7.7527
2021-02-16,7.7527,7.753,7.7521,7.7523
2021-02-17,7.7523,7.7529,7.7522,7.7527
2021-02-18,7.7527,7.7531,7.7523,7.7527
2021-02-19,7.7527,7.7537,7.7525,7.7531
2021-02-22,7.7534,7.754,7.7528,7.7535
2021-02-23,7.7535,7.7541,7.753,7.7538
2021-02-24,7.7538,7.7554,7.7532,7.755
2021-02-25,7.755,7.7553,7.7536,7.7541
2021-02-26,7.754,7.7575,7.7539,7.7566
2021-03-01,7.7565,7.7588,7.7555,7.7563
2021-03-02,7.7563,7.7588,7.7557,7.757
2021-03-03,7.757,7.7586,7.7562,7.7567
2021-03-04,7.7567,7.76,7.7562,7.7592
2021-03-05,7.7592,7.766,7.7583,7.7632
2021-03-08,7.7638,7.77,7.7622,7.7691
2021-03-09,7.7691,7.77,7.7605,7.7607
2021-03-10,7.7607,7.7649,7.7604,7.7614
2021-03-11,7.7614,7.7623,7.7578,7.7595
2021-03-12,7.7595,7.7667,7.7576,7.7629
2021-03-15,7.7636,7.7661,7.7612,7.7655
2021-03-16,7.7655,7.767,7.7636,7.7649
2021-03-17,7.7649,7.7673,7.7648,7.7653
2021-03-18,7.7653,7.7659,7.7636,7.7649
2021-03-19,7.7648,7.7674,7.7641,7.7653
2021-03-22,7.7652,7.768,7.7648,7.766
2021-03-23,7.766,7.768,7.765,7.7672
2021-03-24,7.7672,7.7697,7.7669,7.768
2021-03-25,7.768,7.77,7.7676,7.7685
2021-03-26,7.7685,7.7699,7.7683,7.7689
2021-03-29,7.7693,7.7749,7.7689,7.7734
2021-03-30,7.7734,7.7764,7.7725,7.7749
2021-03-31,7.7749,7.776,7.7734,7.7741
2021-04-01,7.7741,7.7774,7.7736,7.7756
2021-04-02,7.7756,7.7769,7.775,7.7759
2021-04-05,7.7759,7.7772,7.7748,7.776
2021-04-06,7.776,7.7774,7.7755,7.7766
2021-04-07,7.7766,7.7864,7.776,7.7849
2021-04-08,7.785,7.7854,7.776,7.7774
2021-04-09,7.7774,7.7799,7.7761,7.7779
2021-04-12,7.7777,7.78,7.772,7.7738
2021-04-13,7.7739,7.7746,7.7717,7.7733
2021-04-14,7.7733,7.774,7.7651,7.7661
2021-04-15,7.7661,7.7684,7.7646,7.7673
2021-04-16,7.7673,7.7729,7.7664,7.7713
2021-04-19,7.7713,7.7737,7.765,7.7659
2021-04-20,7.7659,7.7679,7.7606,7.7613
2021-04-21,7.7613,7.7648,7.76,7.7643
2021-04-22,7.7643,7.7644,7.759,7.7599
2021-04-23,7.7599,7.7631,7.759,7.7593
2021-04-26,7.7604,7.7617,7.7591,7.7603
2021-04-27,7.7603,7.7627,7.76,7.7619
2021-04-28,7.7619,7.764,7.7612,7.7631
2021-04-29,7.7631,7.7639,7.7618,7.7633
2021-04-30,7.7633,7.7679,7.7627,7.7675
2021-05-03,7.7669,7.7684,7.7658,7.7666
2021-05-04,7.7666,7.7686,7.7661,7.768
2021-05-05,7.768,7.7702,7.7674,7.7694
2021-05-06,7.7695,7.7699,7.7676,7.768
2021-05-07,7.768,7.7692,7.7655,7.7659
2021-05-10,7.7661,7.7671,7.765,7.7654
2021-05-11,7.7654,7.7691,7.7651,7.7687
2021-05-12,7.7687,7.7689,7.7654,7.7657
2021-05-13,7.7656,7.7688,7.7655,7.7681
2021-05-14,7.7681,7.7685,7.7658,7.7677
2021-05-17,7.7679,7.7682,7.766,7.7662
2021-05-18,7.7662,7.7667,7.7642,7.7657
2021-05-19,7.7657,7.7659,7.7641,7.7648
2021-05-20,7.7648,7.7655,7.7619,7.7625
2021-05-21,7.7625,7.765,7.762,7.7642
2021-05-24,7.7644,7.766,7.7631,7.7647
2021-05-25,7.7647,7.7653,7.762,7.7625
2021-05-26,7.7625,7.7633,7.7612,7.7623
2021-05-27,7.7623,7.7634,7.7583,7.7607
2021-05-28,7.7607,7.7624,7.7586,7.7617
2021-05-31,7.7617,7.7624,7.7599,7.7611
2021-06-01,7.7611,7.7615,7.7586,7.7592
2021-06-02,7.7592,7.76,7.758,7.7586
2021-06-03,7.7586,7.7593,7.7573,7.7582
2021-06-04,7.7582,7.7586,7.7561,7.7567
2021-06-07,7.7572,7.7595,7.7561,7.7592
2021-06-08,7.7592,7.7602,7.7582,7.7601
2021-06-09,7.7601,7.7604,7.7583,7.7597
2021-06-10,7.7597,7.7609,7.7593,7.7603
2021-06-11,7.7603,7.7618,7.7591,7.7616
2021-06-14,7.7609,7.7625,7.7605,7.7618
2021-06-15,7.7619,7.7635,7.7614,7.7624
2021-06-16,7.7624,7.7634,7.761,7.7632
2021-06-17,7.7632,7.7655,7.7627,7.7645
2021-06-18,7.7645,7.7651,7.7624,7.7628
2021-06-21,7.7633,7.7651,7.7626,7.765
2021-06-22,7.765,7.7671,7.7637,7.7668
2021-06-23,7.7668,7.7669,7.7648,7.765
2021-06-24,7.765,7.7661,7.7628,7.7632
2021-06-25,7.7632,7.7636,7.7612,7.7614
2021-06-28,7.7616,7.7632,7.7608,7.7624
2021-06-29,7.7624,7.7647,7.7617,7.7634
2021-06-30,7.7634,7.7667,7.7628,7.7651
2021-07-01,7.7651,7.766,7.7643,7.7659
2021-07-02,7.7659,7.7688,7.7648,7.7661
2021-07-05,7.7662,7.7689,7.7653,7.7673
2021-07-06,7.7673,7.7688,7.7661,7.7668
2021-07-07,7.7668,7.7688,7.7662,7.7682
2021-07-08,7.7682,7.7699,7.7675,7.7681
2021-07-09,7.7681,7.7688,7.766,7.7674
2021-07-12,7.7675,7.7682,7.7661,7.7663
2021-07-13,7.7663,7.767,7.765,7.7658
2021-07-14,7.7658,7.7679,7.7655,7.7665
2021-07-15,7.7665,7.7685,7.7662,7.7677
2021-07-16,7.7677,7.7693,7.7671,7.7677
2021-07-19,7.7678,7.7714,7.7675,7.771
2021-07-20,7.771,7.7733,7.7707,7.773
2021-07-21,7.773,7.7751,7.7717,7.7731
2021-07-22,7.7731,7.7737,7.77,7.7708
2021-07-23,7.7708,7.7715,7.7681,7.77
2021-07-26,7.7703,7.78,7.7691,7.7787
2021-07-27,7.7786,7.7856,7.7754,7.7855
2021-07-28,7.7855,7.7855,7.7782,7.7808
2021-07-29,7.7808,7.781,7.7701,7.7703
2021-07-30,7.7703,7.7762,7.7701,7.7718
2021-08-02,7.7719,7.7772,7.7713,7.7724
2021-08-03,7.7724,7.779,7.7723,7.7784
2021-08-04,7.7784,7.7788,7.7736,7.7754
2021-08-05,7.7754,7.7777,7.7749,7.7771
2021-08-06,7.7771,7.781,7.7759,7.7802
2021-08-09,7.7792,7.7839,7.7784,7.7838
2021-08-10,7.7838,7.7839,7.7805,7.7814
2021-08-11,7.7814,7.7828,7.778,7.7787
2021-08-12,7.7786,7.7822,7.7782,7.7814
2021-08-13,7.7814,7.784,7.7807,7.7829
2021-08-16,7.7828,7.786,7.7822,7.7843
2021-08-17,7.7843,7.7943,7.7839,7.7924
2021-08-18,7.7924,7.7946,7.7858,7.7879
2021-08-19,7.7879,7.7929,7.7876,7.79
2021-08-20,7.79,7.7923,7.7882,7.7909
2021-08-23,7.7905,7.793,7.7877,7.7927
2021-08-24,7.7927,7.7927,7.7872,7.7876
2021-08-25,7.7876,7.7891,7.7826,7.7838
2021-08-26,7.7838,7.7881,7.7825,7.7875
2021-08-27,7.7875,7.7915,7.7868,7.7876
2021-08-30,7.7875,7.7898,7.7858,7.7863
2021-08-31,7.7863,7.7875,7.7768,7.7771
2021-09-01,7.7771,7.7795,7.7751,7.7769
2021-09-02,7.777,7.7775,7.7705,7.7708
2021-09-03,7.7708,7.7734,7.77,7.7719
2021-09-06,7.7714,7.7749,7.7708,7.7735
2021-09-07,7.7735,7.7753,7.7722,7.7746
2021-09-08,7.7746,7.7777,7.7738,7.7758
2021-09-09,7.7758,7.7789,7.7756,7.7776
2021-09-10,7.7776,7.7789,7.7746,7.7776
2021-09-13,7.7787,7.7807,7.7772,7.7801
2021-09-14,7.7801,7.7804,7.7772,7.7781
2021-09-15,7.7782,7.7829,7.7776,7.7819
2021-09-16,7.7819,7.7853,7.7806,7.7829
2021-09-17,7.7828,7.7842,7.78,7.7828
2021-09-20,7.7819,7.7881,7.7813,7.7871
2021-09-21,7.7871,7.7885,7.7836,7.7864
2021-09-22,7.7864,7.7881,7.7839,7.7864
2021-09-23,7.7864,7.7865,7.7831,7.7844
2021-09-24,7.7845,7.7866,7.7828,7.7855
2021-09-27,7.7858,7.7864,7.7827,7.7834
2021-09-28,7.7833,7.7844,7.7806,7.783
2021-09-29,7.783,7.786,7.7827,7.7858
2021-09-30,7.7858,7.7894,7.7842,7.7863
2021-10-01,7.7863,7.787,7.7842,7.7858
2021-10-04,7.7869,7.7884,7.785,7.7873
2021-10-05,7.7873,7.788,7.7834,7.7858
2021-10-06,7.7858,7.7878,7.7841,7.7864
2021-10-07,7.7864,7.787,7.7841,7.7851
2021-10-08,7.7851,7.7863,7.7835,7.7841
2021-10-11,7.7848,7.7859,7.7779,7.7781
2021-10-12,7.7781,7.7831,7.7781,7.7819
2021-10-13,7.7819,7.783,7.7791,7.7794
2021-10-14,7.7794,7.78,7.7781,7.7784
2021-10-15,7.7784,7.7819,7.7764,7.7774
2021-10-18,7.7772,7.7804,7.7763,7.7777
2021-10-19,7.7777,7.7792,7.7751,7.7752
2021-10-20,7.7752,7.7776,7.7725,7.7734
2021-10-21,7.7734,7.7768,7.7727,7.775
2021-10-22,7.775,7.7759,7.7725,7.7731
2021-10-25,7.7741,7.7745,7.7727,7.7743
2021-10-26,7.7743,7.7763,7.7736,7.7756
2021-10-27,7.7756,7.7789,7.7754,7.7776
2021-10-28,7.7776,7.7786,7.7762,7.7772
2021-10-29,7.7772,7.7808,7.775,7.779
2021-11-01,7.7791,7.7833,7.7783,7.7829
2021-11-02,7.7829,7.7833,7.7804,7.782
2021-11-03,7.782,7.786,7.7808,7.7844
2021-11-04,7.7843,7.7848,7.7818,7.7822
2021-11-05,7.7822,7.7859,7.7819,7.7828
2021-11-08,7.7832,7.7889,7.783,7.7885
2021-11-09,7.7885,7.791,7.788,7.7906
2021-11-10,7.7906,7.7917,7.7883,7.7914
2021-11-11,7.7914,7.7934,7.789,7.7919
2021-11-12,7.7919,7.7937,7.7891,7.7908
2021-11-15,7.7914,7.7929,7.7884,7.7887
2021-11-16,7.7887,7.7899,7.7859,7.7869
2021-11-17,7.7869,7.7899,7.7861,7.7879
2021-11-18,7.7879,7.7899,7.7877,7.789
2021-11-19,7.789,7.7942,7.7884,7.7907
2021-11-22,7.7909,7.7925,7.7883,7.7902
2021-11-23,7.7902,7.7947,7.7895,7.7944
2021-11-24,7.7944,7.7989,7.7922,7.7986
2021-11-25,7.7986,7.7987,7.7955,7.7968
2021-11-26,7.7968,7.7995,7.7951,7.7984
2021-11-29,7.7986,7.8,7.7975,7.7998
2021-11-30,7.7999,7.802,7.7953,7.7974
2021-12-01,7.7974,7.798,7.7908,7.7929
2021-12-02,7.7928,7.7943,7.7883,7.7911
2021-12-03,7.7911,7.7978,7.7894,7.7954
2021-12-06,7.7952,7.8017,7.7952,7.8005
2021-12-07,7.8005,7.8018,7.7958,7.7985
2021-12-08,7.7985,7.7994,7.7958,7.7974
2021-12-09,7.7974,7.7991,7.7958,7.7972
2021-12-10,7.7972,7.8005,7.7968,7.7989
2021-12-13,7.799,7.8044,7.7975,7.8014
2021-12-14,7.8014,7.8043,7.8006,7.801
2021-12-15,7.801,7.8035,7.8008,7.8024
2021-12-16,7.8024,7.8047,7.8004,7.8035
2021-12-17,7.8035,7.8041,7.8004,7.8027
2021-12-20,7.8023,7.8041,7.7985,7.8011
2021-12-21,7.8011,7.803,7.7981,7.8005
2021-12-22,7.8005,7.8015,7.7987,7.7997
2021-12-23,7.7997,7.8009,7.7979,7.7984
2021-12-24,7.7984,7.8004,7.7983,7.8
2021-12-27,7.8016,7.8025,7.7985,7.7989
2021-12-28,7.7989,7.8004,7.7981,7.7984
2021-12-29,7.7984,7.7989,7.7955,7.7968
2021-12-30,7.7969,7.8007,7.7965,7.7994
2021-12-31,7.7994,7.7997,7.7951,7.7966
2022-01-03,7.7985,7.8002,7.7954,7.7977
2022-01-04,7.7977,7.7984,7.7936,7.794
2022-01-05,7.7939,7.797,7.7926,7.7968
2022-01-06,7.7968,7.8022,7.7943,7.8007
2022-01-07,7.8007,7.8017,7.7966,7.7974
2022-01-10,7.7977,7.7991,7.7947,7.795
2022-01-11,7.795,7.7979,7.7949,7.7955
2022-01-12,7.7955,7.7974,7.7894,7.7909
2022-01-13,7.7909,7.7926,7.7858,7.7866
2022-01-14,7.7866,7.7888,7.7825,7.7846
2022-01-17,7.7839,7.792,7.7831,7.7908
2022-01-18,7.7908,7.7949,7.7891,7.7923
2022-01-19,7.7923,7.7932,7.7895,7.7909
2022-01-20,7.7908,7.7922,7.784,7.7864
2022-01-21,7.7864,7.7896,7.7852,7.7865
2022-01-24,7.7866,7.7883,7.7842,7.7861
2022-01-25,7.7861,7.7879,7.7844,7.7863
2022-01-26,7.7863,7.7877,7.7843,7.7868
2022-01-27,7.7868,7.7919,7.7866,7.7898
2022-01-28,7.7898,7.7947,7.7886,7.7925
2022-01-31,7.7929,7.8007,7.7921,7.7974
2022-02-01,7.7974,7.7978,7.7936,7.794
2022-02-02,7.794,7.7976,7.7931,7.7957
2022-02-03,7.7956,7.7973,7.7926,7.793
2022-02-04,7.793,7.7943,7.7876,7.7882
2022-02-07,7.7892,7.7944,7.788,7.7924
2022-02-08,7.7924,7.7968,7.7919,7.7938
2022-02-09,7.7938,7.7947,7.7905,7.7906
2022-02-10,7.7906,7.7954,7.7905,7.7952
2022-02-11,7.7952,7.8047,7.7941,7.8005
2022-02-14,7.8,7.8039,7.7997,7.802
2022-02-15,7.802,7.8039,7.801,7.8012
2022-02-16,7.8012,7.8027,7.8003,7.801
2022-02-17,7.801,7.8024,7.7987,7.7992
2022-02-18,7.7992,7.8014,7.7987,7.8002
2022-02-21,7.8,7.8028,7.7996,7.8013
2022-02-22,7.8013,7.8036,7.8007,7.8022
2022-02-23,7.8023,7.8057,7.8016,7.8049
2022-02-24,7.8049,7.8101,7.8043,7.808
2022-02-25,7.8081,7.8096,7.8063,7.8082
2022-02-28,7.8087,7.815,7.8071,7.8138
2022-03-01,7.8138,7.8174,7.8128,7.8155
2022-03-02,7.8153,7.8169,7.8122,7.8128
2022-03-03,7.8128,7.8164,7.8126,7.816
2022-03-04,7.816,7.8185,7.8117,7.8136
2022-03-07,7.8134,7.82,7.8134,7.8193
2022-03-08,7.8193,7.8226,7.8175,7.8184
2022-03-09,7.8184,7.8214,7.8173,7.8196
2022-03-10,7.8196,7.8229,7.8188,7.8229
2022-03-11,7.8228,7.8296,7.8213,7.8293
2022-03-14,7.8272,7.8308,7.8272,7.8298
2022-03-15,7.8298,7.8307,7.8226,7.8281
2022-03-16,7.8281,7.8285,7.8188,7.8196
2022-03-17,7.8194,7.8219,7.8159,7.8186
2022-03-18,7.8186,7.825,7.8164,7.8245
2022-03-21,7.8244,7.827,7.8229,7.8253
2022-03-22,7.8253,7.8292,7.8248,7.8265
2022-03-23,7.8265,7.8281,7.823,7.8242
2022-03-24,7.8242,7.8254,7.8226,7.8229
2022-03-25,7.8227,7.8294,7.8227,7.8284
2022-03-28,7.8281,7.83,7.8271,7.8299
2022-03-29,7.8299,7.8299,7.8261,7.8273
2022-03-30,7.8273,7.828,7.8256,7.8272
2022-03-31,7.8272,7.8342,7.8267,7.8326
2022-04-01,7.833,7.836,7.8314,7.834
2022-04-04,7.8342,7.8364,7.8337,7.8351
2022-04-05,7.8351,7.836,7.8322,7.8348
2022-04-06,7.8347,7.8395,7.8335,7.8382
2022-04-07,7.8382,7.8393,7.8361,7.8377
2022-04-08,7.8377,7.8395,7.8365,7.8392
2022-04-11,7.8386,7.84,7.8374,7.8382
2022-04-12,7.8381,7.839,7.8356,7.8374
2022-04-13,7.8374,7.8399,7.8364,7.8394
2022-04-14,7.8393,7.8429,7.8385,7.8428
2022-04-15,7.8428,7.8445,7.8426,7.844
2022-04-18,7.841,7.8441,7.8398,7.8429
2022-04-19,7.8429,7.8444,7.8401,7.8424
2022-04-20,7.8425,7.8445,7.8415,7.8438
2022-04-21,7.8437,7.845,7.8432,7.8447
2022-04-22,7.8447,7.8469,7.8444,7.8467
2022-04-25,7.8464,7.8479,7.8454,7.8474
2022-04-26,7.8474,7.8478,7.8447,7.8453
2022-04-27,7.8453,7.8478,7.8447,7.8464
2022-04-28,7.8464,7.8476,7.8456,7.847
2022-04-29,7.847,7.8484,7.8459,7.8468
2022-05-02,7.8467,7.8482,7.8462,7.8478
2022-05-03,7.8478,7.849,7.8471,7.8473
2022-05-04,7.8473,7.849,7.8473,7.8486
2022-05-05,7.8486,7.8495,7.848,7.8494
2022-05-06,7.8494,7.85,7.8492,7.8496
2022-05-09,7.8497,7.8499,7.8495,7.8498
2022-05-10,7.8498,7.85,7.8493,7.8498
2022-05-11,7.8498,7.85,7.8496,7.85
2022-05-12,7.85,7.8501,7.8499,7.85
2022-05-13,7.85,7.8501,7.8498,7.8499
2022-05-16,7.8498,7.85,7.8498,7.8499
2022-05-17,7.8499,7.85,7.8489,7.8493
2022-05-18,7.8493,7.8498,7.8472,7.8492
2022-05-19,7.8492,7.8492,7.8466,7.8477
2022-05-20,7.8477,7.8488,7.8468,7.8482
2022-05-23,7.8476,7.8499,7.8475,7.8492
2022-05-24,7.8492,7.8497,7.8489,7.8492
2022-05-25,7.8492,7.85,7.8489,7.8498
2022-05-26,7.8498,7.8499,7.8491,7.8496
2022-05-27,7.8496,7.85,7.8489,7.8492
2022-05-30,7.8492,7.8495,7.8481,7.8485
2022-05-31,7.8485,7.8492,7.8452,7.8471
2022-06-01,7.8471,7.8478,7.8438,7.8478
2022-06-02,7.8478,7.8479,7.8448,7.8449
2022-06-03,7.8449,7.8463,7.844,7.8453
2022-06-06,7.8451,7.8467,7.844,7.8449
2022-06-07,7.8449,7.847,7.8447,7.8464
2022-06-08,7.8464,7.8485,7.8455,7.8484
2022-06-09,7.8484,7.8494,7.8471,7.849
2022-06-10,7.849,7.8499,7.8486,7.8495
2022-06-13,7.8496,7.85,7.8493,7.8499
2022-06-14,7.8499,7.85,7.8498,7.85
2022-06-15,7.85,7.8501,7.8496,7.8499
2022-06-16,7.8499,7.85,7.8483,7.8495
2022-06-17,7.8495,7.8501,7.8493,7.8499
2022-06-20,7.8497,7.85,7.8496,7.85
2022-06-21,7.85,7.8501,7.8498,7.85
2022-06-22,7.85,7.8502,7.8498,7.85
2022-06-23,7.85,7.85,7.8485,7.8499
2022-06-24,7.8499,7.8499,7.8486,7.8492
2022-06-27,7.8492,7.8496,7.845,7.8471
2022-06-28,7.8471,7.8489,7.8457,7.8478
2022-06-29,7.8478,7.8481,7.8452,7.8467
2022-06-30,7.8467,7.8485,7.845,7.8463
2022-07-01,7.8463,7.8483,7.8461,7.8468
2022-07-04,7.847,7.8478,7.8451,7.8457
2022-07-05,7.8457,7.8479,7.8453,7.8468
2022-07-06,7.8468,7.8478,7.8465,7.8471
2022-07-07,7.8471,7.8487,7.8469,7.8477
2022-07-08,7.8477,7.8495,7.8473,7.8485
2022-07-11,7.8489,7.85,7.8487,7.8498
2022-07-12,7.8498,7.85,7.8496,7.85
2022-07-13,7.85,7.8501,7.8493,7.85
2022-07-14,7.85,7.8501,7.8493,7.8498
2022-07-15,7.8498,7.8501,7.8497,7.8499
2022-07-18,7.8496,7.85,7.8495,7.85
2022-07-19,7.85,7.8501,7.8496,7.85
2022-07-20,7.85,7.8501,7.8497,7.85
2022-07-21,7.85,7.85,7.8478,7.849
2022-07-22,7.849,7.8498,7.8476,7.8485
2022-07-25,7.8479,7.8497,7.8479,7.8492
2022-07-26,7.8492,7.8499,7.8484,7.8493
2022-07-27,7.8493,7.8499,7.8485,7.8493
2022-07-28,7.8493,7.8499,7.8489,7.8499
2022-07-29,7.8499,7.8501,7.8496,7.85
2022-08-01,7.8495,7.8501,7.8493,7.85
2022-08-02,7.85,7.8501,7.8494,7.85
2022-08-03,7.85,7.8501,7.8497,7.8499
2022-08-04,7.8499,7.85,7.8491,7.8498
2022-08-05,7.8498,7.8501,7.8496,7.8499
2022-08-08,7.8498,7.8503,7.8493,7.85
2022-08-09,7.85,7.8501,7.8493,7.85
2022-08-10,7.85,7.8501,7.8456,7.8466
2022-08-11,7.8466,7.8478,7.8429,7.8444
2022-08-12,7.8444,7.8451,7.8278,7.8375
2022-08-15,7.8371,7.8397,7.8322,7.8379
2022-08-16,7.8378,7.8435,7.8353,7.8415
2022-08-17,7.8415,7.8438,7.8356,7.8433
2022-08-18,7.8433,7.8454,7.8414,7.8447
2022-08-19,7.8447,7.8467,7.8436,7.8453
2022-08-22,7.8458,7.847,7.8448,7.8465
2022-08-23,7.8465,7.8481,7.8462,7.8472
2022-08-24,7.8472,7.8475,7.8413,7.8469
2022-08-25,7.8469,7.847,7.844,7.8466
2022-08-26,7.8466,7.8475,7.8448,7.8467
2022-08-29,7.8463,7.8487,7.8462,7.8473
2022-08-30,7.8474,7.8493,7.8462,7.8486
2022-08-31,7.8486,7.8494,7.8471,7.8493
2022-09-01,7.8493,7.8493,7.8471,7.8486
2022-09-02,7.8486,7.8497,7.8479,7.8495
2022-09-05,7.8489,7.8497,7.8484,7.8492
2022-09-06,7.8492,7.8499,7.8486,7.8497
2022-09-07,7.8497,7.8499,7.8492,7.8498
2022-09-08,7.8498,7.8499,7.849,7.8493
2022-09-09,7.8493,7.8497,7.8482,7.8488
2022-09-12,7.8489,7.8495,7.8485,7.8488
2022-09-13,7.8488,7.8498,7.8478,7.8498
2022-09-14,7.8497,7.8499,7.8481,7.8492
2022-09-15,7.8492,7.8492,7.8463,7.8491
2022-09-16,7.8491,7.8499,7.848,7.8492
2022-09-19,7.8485,7.8498,7.8483,7.8492
2022-09-20,7.8492,7.8498,7.8486,7.8496
2022-09-21,7.8496,7.85,7.8493,7.85
2022-09-22,7.85,7.85,7.8485,7.8495
2022-09-23,7.8495,7.85,7.8488,7.8494
2022-09-26,7.8491,7.85,7.8491,7.8498
2022-09-27,7.8498,7.85,7.8494,7.85
2022-09-28,7.85,7.8501,7.849,7.8492
2022-09-29,7.8492,7.85,7.8489,7.8499
2022-09-30,7.8499,7.85,7.8496,7.8498
2022-10-03,7.8498,7.85,7.8496,7.85
2022-10-04,7.85,7.8501,7.8492,7.8494
2022-10-05,7.8494,7.85,7.8492,7.85
2022-10-06,7.85,7.85,7.8495,7.8499
2022-10-07,7.8499,7.85,7.8497,7.8499
2022-10-10,7.8496,7.85,7.8495,7.8498
2022-10-11,7.8498,7.85,7.8496,7.85
2022-10-12,7.85,7.85,7.8498,7.85
2022-10-13,7.85,7.85,7.8478,7.8497
2022-10-14,7.8497,7.8505,7.8496,7.85
2022-10-17,7.8503,7.8505,7.8486,7.85
2022-10-18,7.85,7.85,7.8487,7.8496
2022-10-19,7.8496,7.85,7.8495,7.8499
2022-10-20,7.8499,7.8499,7.8479,7.8492
2022-10-21,7.8492,7.8499,7.8486,7.8495
2022-10-24,7.8494,7.85,7.8485,7.8499
2022-10-25,7.8499,7.85,7.8495,7.85
2022-10-26,7.85,7.8501,7.849,7.8499
2022-10-27,7.8499,7.8499,7.8473,7.8496
2022-10-28,7.8496,7.8498,7.8471,7.8486
2022-10-31,7.8491,7.8499,7.8487,7.8497
2022-11-01,7.8497,7.8499,7.8488,7.8498
2022-11-02,7.8498,7.85,7.8493,7.8497
2022-11-03,7.8497,7.85,7.8491,7.8498
2022-11-04,7.8498,7.85,7.8494,7.8497
2022-11-07,7.85,7.8501,7.8494,7.8498
2022-11-08,7.8498,7.85,7.8497,7.8499
2022-11-09,7.8499,7.8499,7.849,7.8494
2022-11-10,7.8494,7.8499,7.8442,7.8443
2022-11-11,7.8443,7.8464,7.8343,7.8364
2022-11-14,7.8378,7.8418,7.8345,7.8361
2022-11-15,7.8361,7.837,7.8187,7.8193
2022-11-16,7.8193,7.8272,7.8178,7.8243
2022-11-17,7.8243,7.8298,7.8222,7.8262
2022-11-18,7.8262,7.8284,7.82,7.8219
2022-11-21,7.82,7.8238,7.8004,7.8035
2022-11-22,7.8035,7.8176,7.8016,7.8168
2022-11-23,7.8168,7.8213,7.8157,7.8182
2022-11-24,7.8182,7.819,7.8048,7.8083
2022-11-25,7.8083,7.8181,7.8071,7.8134
2022-11-28,7.8127,7.8217,7.8099,7.8138
2022-11-29,7.8138,7.8154,7.8084,7.8105
2022-11-30,7.8105,7.8129,7.7978,7.8098
2022-12-01,7.8098,7.8101,7.7778,7.7798
2022-12-02,7.7798,7.7899,7.7775,7.7887
2022-12-05,7.7874,7.7888,7.7617,7.768
2022-12-06,7.7679,7.783,7.7655,7.7764
2022-12-07,7.7764,7.7953,7.7722,7.7922
2022-12-08,7.7922,7.7936,7.7821,7.7861
2022-12-09,7.7861,7.791,7.781,7.7863
2022-12-12,7.7839,7.7884,7.7679,7.7763
2022-12-13,7.7763,7.7815,7.7715,7.7738
2022-12-14,7.7738,7.7805,7.7705,7.773
2022-12-15,7.773,7.7799,7.7711,7.7767
2022-12-16,7.7767,7.786,7.7751,7.784
2022-12-19,7.7818,7.7883,7.776,7.7814
2022-12-20,7.7814,7.7885,7.7783,7.7874
2022-12-21,7.7874,7.7985,7.7872,7.7969
2022-12-22,7.7969,7.7994,7.7878,7.7947
2022-12-23,7.7947,7.8065,7.794,7.8051
2022-12-26,7.8042,7.8086,7.8034,7.8068
2022-12-27,7.8068,7.8069,7.7985,7.8006
2022-12-28,7.8005,7.8017,7.7869,7.7949
2022-12-29,7.7949,7.7982,7.7882,7.7962
2022-12-30,7.7962,7.8099,7.792,7.8016
2023-01-02,7.8006,7.8085,7.7981,7.8065
2023-01-03,7.8065,7.8164,7.8046,7.8134
2023-01-04,7.8134,7.8204,7.8116,7.8168
2023-01-05,7.8168,7.8212,7.8079,7.814
2023-01-06,7.814,7.8152,7.8051,7.8072
2023-01-09,7.8059,7.8087,7.8031,7.8038
2023-01-10,7.8038,7.8099,7.8037,7.8088
2023-01-11,7.8088,7.8143,7.8077,7.8133
2023-01-12,7.8133,7.8142,7.8071,7.8087
2023-01-13,7.8087,7.8127,7.808,7.8098
2023-01-16,7.8101,7.8122,7.8062,7.8107
2023-01-17,7.8106,7.8228,7.8103,7.8166
2023-01-18,7.8166,7.8285,7.8164,7.8248
2023-01-19,7.8248,7.8339,7.8226,7.8301
2023-01-20,7.8301,7.8344,7.8251,7.8292
2023-01-23,7.8274,7.8315,7.8252,7.8313
2023-01-24,7.8313,7.8325,7.8275,7.8305
2023-01-25,7.8305,7.8339,7.8291,7.8307
2023-01-26,7.8307,7.8328,7.827,7.8286
2023-01-27,7.8286,7.8319,7.8275,7.8296
2023-01-30,7.8289,7.8374,7.8282,7.8353
2023-01-31,7.8353,7.8419,7.8349,7.8405
2023-02-01,7.8405,7.8434,7.8393,7.8428
2023-02-02,7.8428,7.8449,7.8388,7.8444
2023-02-03,7.8444,7.848,7.8432,7.8464
2023-02-06,7.8463,7.8488,7.845,7.8462
2023-02-07,7.8462,7.8488,7.8462,7.8487
2023-02-08,7.8487,7.85,7.8481,7.8498
2023-02-09,7.8498,7.85,7.8483,7.8498
2023-02-10,7.8498,7.85,7.8496,7.8498
2023-02-13,7.8495,7.85,7.8494,7.8499
2023-02-14,7.8499,7.8501,7.8496,7.85
2023-02-15,7.85,7.85,7.8441,7.8479
2023-02-16,7.8479,7.8496,7.8465,7.8492
2023-02-17,7.8492,7.8495,7.8439,7.845
2023-02-20,7.8448,7.8454,7.823,7.8342
2023-02-21,7.8342,7.8457,7.8336,7.8448
2023-02-22,7.8447,7.8476,7.8415,7.8465
2023-02-23,7.8464,7.8474,7.8426,7.8469
2023-02-24,7.8469,7.8496,7.846,7.8485
2023-02-27,7.8483,7.8485,7.8432,7.844
2023-02-28,7.844,7.8496,7.8437,7.8494
2023-03-01,7.8494,7.8498,7.8488,7.8496
2023-03-02,7.8496,7.8499,7.8483,7.8497
2023-03-03,7.8497,7.8499,7.8494,7.8495
2023-03-06,7.8498,7.85,7.8492,7.8495
2023-03-07,7.8495,7.85,7.8492,7.8498
2023-03-08,7.8498,7.85,7.8496,7.8499
2023-03-09,7.8499,7.85,7.8491,7.8498
2023-03-10,7.8498,7.85,7.8456,7.8466
2023-03-13,7.8476,7.8491,7.8372,7.8446
2023-03-14,7.8446,7.8487,7.8383,7.8485
2023-03-15,7.8485,7.85,7.8469,7.8496
2023-03-16,7.8496,7.85,7.8474,7.8497
2023-03-17,7.8497,7.85,7.8489,7.8494
2023-03-20,7.8491,7.85,7.841,7.8413
2023-03-21,7.8413,7.8468,7.8355,7.846
2023-03-22,7.846,7.8488,7.8439,7.8475
2023-03-23,7.8475,7.8499,7.8466,7.8495
2023-03-24,7.8495,7.8499,7.8487,7.8498
2023-03-27,7.8504,7.8506,7.8489,7.8498
2023-03-28,7.8498,7.85,7.8496,7.8499
2023-03-29,7.8499,7.85,7.8487,7.8499
2023-03-30,7.8499,7.85,7.8473,7.8499
2023-03-31,7.8499,7.8501,7.8494,7.8498
2023-04-03,7.8495,7.8501,7.8487,7.8499
2023-04-04,7.8499,7.85,7.8466,7.8494
2023-04-05,7.8494,7.85,7.8492,7.8497
2023-04-06,7.8497,7.85,7.8493,7.85
2023-04-07,7.85,7.85,7.8494,7.8498
2023-04-10,7.8494,7.8505,7.8494,7.8498
2023-04-11,7.8498,7.85,7.8491,7.8498
2023-04-12,7.8497,7.85,7.8495,7.8499
2023-04-13,7.8499,7.85,7.8472,7.8497
2023-04-14,7.8497,7.85,7.8493,7.8495
2023-04-17,7.8492,7.85,7.8476,7.8494
2023-04-18,7.8494,7.85,7.8489,7.8499
2023-04-19,7.8499,7.85,7.8473,7.8497
2023-04-20,7.8497,7.8499,7.8477,7.8498
2023-04-21,7.8498,7.8498,7.8442,7.8477
2023-04-24,7.8479,7.8494,7.8466,7.8491
2023-04-25,7.8491,7.8499,7.8481,7.8499
2023-04-26,7.8499,7.85,7.8493,7.8496
2023-04-27,7.8496,7.85,7.849,7.8497
2023-04-28,7.8497,7.85,7.8495,7.8496
2023-05-01,7.8496,7.85,7.8494,7.8498
2023-05-02,7.8497,7.85,7.8496,7.8499
2023-05-03,7.8499,7.85,7.8497,7.85
2023-05-04,7.85,7.85,7.8471,7.8474
2023-05-05,7.8474,7.8494,7.8468,7.8478
2023-05-08,7.8472,7.8491,7.847,7.849
2023-05-09,7.849,7.8492,7.8409,7.8413
2023-05-10,7.8413,7.8418,7.8284,7.8317
2023-05-11,7.8317,7.8394,7.8255,7.8358
2023-05-12,7.8358,7.8433,7.8358,7.841
2023-05-15,7.8422,7.8451,7.8379,7.8384
2023-05-16,7.8384,7.8394,7.833,7.838
2023-05-17,7.838,7.8388,7.8281,7.83
2023-05-18,7.83,7.8315,7.8245,7.8269
2023-05-19,7.8269,7.8273,7.8066,7.8165
2023-05-22,7.8187,7.8288,7.8133,7.8281
2023-05-23,7.8281,7.8377,7.8251,7.8375
2023-05-24,7.8375,7.8383,7.8273,7.8292
2023-05-25,7.8292,7.8352,7.8273,7.8349
2023-05-26,7.8349,7.8357,7.8321,7.8337
2023-05-29,7.8344,7.8354,7.8262,7.8281
2023-05-30,7.8281,7.8349,7.8231,7.8346
2023-05-31,7.8346,7.838,7.8248,7.8297
2023-06-01,7.8298,7.8338,7.8289,7.8296
2023-06-02,7.8296,7.8379,7.8288,7.8376
2023-06-05,7.837,7.8397,7.8364,7.8383
2023-06-06,7.8383,7.844,7.8371,7.8434
2023-06-07,7.8434,7.8441,7.8377,7.8422
2023-06-08,7.8422,7.8422,7.833,7.837
2023-06-09,7.837,7.8408,7.8332,7.8389
2023-06-12,7.8391,7.8407,7.8322,7.8353
2023-06-13,7.8353,7.8364,7.8327,7.8336
2023-06-14,7.8336,7.8342,7.8299,7.8313
2023-06-15,7.8313,7.8315,7.8206,7.8214
2023-06-16,7.8214,7.8267,7.8182,7.8199
2023-06-19,7.8202,7.826,7.8129,7.8166
2023-06-20,7.8166,7.8263,7.8141,7.8258
2023-06-21,7.8258,7.8296,7.8231,7.828
2023-06-22,7.828,7.8312,7.8248,7.8305
2023-06-23,7.8305,7.8314,7.8276,7.8298
2023-06-26,7.8304,7.8321,7.8262,7.8302
2023-06-27,7.8302,7.8344,7.8285,7.8338
2023-06-28,7.8338,7.8344,7.8298,7.8328
2023-06-29,7.8328,7.8387,7.8314,7.8384
2023-06-30,7.8384,7.8387,7.834,7.8365
2023-07-03,7.8371,7.838,7.8316,7.834
2023-07-04,7.8341,7.8345,7.8282,7.8308
2023-07-05,7.8309,7.832,7.8206,7.8225
2023-07-06,7.8224,7.8233,7.8128,7.8218
2023-07-07,7.8218,7.8293,7.82,7.8275
2023-07-10,7.8274,7.8315,7.8271,7.8277
2023-07-11,7.8277,7.8305,7.8241,7.8268
2023-07-12,7.8268,7.8295,7.8254,7.826
2023-07-13,7.826,7.8268,7.8195,7.8218
2023-07-14,7.8218,7.822,7.8136,7.8149
2023-07-17,7.8147,7.8151,7.8095,7.814
2023-07-18,7.814,7.8186,7.8108,7.8134
2023-07-19,7.8134,7.814,7.8034,7.8092
2023-07-20,7.8092,7.8141,7.8065,7.8137
2023-07-21,7.8138,7.8183,7.8131,7.8174
2023-07-24,7.8174,7.8182,7.8114,7.8128
2023-07-25,7.8128,7.8146,7.8099,7.8119
2023-07-26,7.8119,7.8123,7.7989,7.8025
2023-07-27,7.8025,7.8038,7.7941,7.8025
2023-07-28,7.8025,7.806,7.7959,7.7968
2023-07-31,7.7973,7.8027,7.7955,7.7984
2023-08-01,7.7984,7.8008,7.7926,7.7936
2023-08-02,7.7936,7.8023,7.7932,7.8015
2023-08-03,7.8015,7.8084,7.8012,7.8061
2023-08-04,7.8061,7.812,7.8055,7.8114
2023-08-07,7.8113,7.8116,7.8056,7.8071
2023-08-08,7.8071,7.8146,7.8062,7.8142
2023-08-09,7.8142,7.8215,7.8116,7.821
2023-08-10,7.821,7.8213,7.8156,7.8193
2023-08-11,7.8193,7.82,7.8125,7.8174
2023-08-14,7.8183,7.821,7.8146,7.8197
2023-08-15,7.8197,7.8244,7.8189,7.8232
2023-08-16,7.8232,7.832,7.8229,7.8313
2023-08-17,7.8313,7.8333,7.8267,7.8294
2023-08-18,7.8294,7.8335,7.825,7.8326
2023-08-21,7.8329,7.8394,7.832,7.8378
2023-08-22,7.8378,7.8392,7.8326,7.8372
2023-08-23,7.8372,7.8423,7.8364,7.8416
2023-08-24,7.8415,7.843,7.8382,7.8426
2023-08-25,7.8426,7.8453,7.84,7.8435
2023-08-28,7.8438,7.8463,7.8427,7.846
2023-08-29,7.846,7.8474,7.8435,7.8468
2023-08-30,7.8468,7.8479,7.8437,7.8476
2023-08-31,7.8476,7.8476,7.8414,7.8418
2023-09-01,7.8418,7.8462,7.8408,7.8443
2023-09-04,7.8451,7.8463,7.8319,7.8344
2023-09-05,7.8344,7.8414,7.8342,7.8413
2023-09-06,7.8413,7.8437,7.8402,7.8426
2023-09-07,7.8426,7.8429,7.8366,7.8392
2023-09-08,7.8392,7.841,7.8358,7.8399
2023-09-11,7.84,7.8413,7.8314,7.8322
2023-09-12,7.8322,7.8339,7.8269,7.827
2023-09-13,7.827,7.8289,7.8234,7.826
2023-09-14,7.826,7.8295,7.8246,7.8285
2023-09-15,7.8285,7.8298,7.8253,7.8271
2023-09-18,7.8277,7.8278,7.8176,7.8183
2023-09-19,7.8183,7.8209,7.8142,7.8206
2023-09-20,7.8206,7.824,7.8197,7.8234
2023-09-21,7.8234,7.8263,7.8192,7.8209
2023-09-22,7.8209,7.8213,7.8174,7.8207
2023-09-25,7.8195,7.8207,7.8136,7.8165
2023-09-26,7.8165,7.8229,7.8159,7.8216
2023-09-27,7.8217,7.8237,7.8198,7.8208
2023-09-28,7.8208,7.83,7.8204,7.8296
2023-09-29,7.8295,7.8326,7.8261,7.8306
2023-10-02,7.8305,7.8329,7.8303,7.8323
2023-10-03,7.8323,7.8343,7.8283,7.8322
2023-10-04,7.8322,7.8327,7.8281,7.8288
2023-10-05,7.8288,7.8317,7.828,7.8306
2023-10-06,7.8306,7.8327,7.8299,7.8316
2023-10-09,7.8317,7.8326,7.8285,7.8293
2023-10-10,7.8293,7.8306,7.8181,7.8193
2023-10-11,7.8193,7.8219,7.8159,7.82
2023-10-12,7.82,7.8243,7.8182,7.8238
2023-10-13,7.8238,7.8253,7.8211,7.8246
2023-10-16,7.8245,7.8252,7.8165,7.8171
2023-10-17,7.8171,7.8244,7.8163,7.8241
2023-10-18,7.8241,7.8299,7.8223,7.8298
2023-10-19,7.8298,7.83,7.8228,7.8239
2023-10-20,7.8239,7.8255,7.8195,7.824
2023-10-23,7.8239,7.8267,7.8233,7.824
2023-10-24,7.824,7.825,7.8212,7.8232
2023-10-25,7.8232,7.8246,7.8213,7.8218
2023-10-26,7.8218,7.8243,7.82,7.8209
2023-10-27,7.8209,7.8227,7.8183,7.8211
2023-10-30,7.8218,7.8224,7.8202,7.8206
2023-10-31,7.8206,7.8256,7.82,7.8239
2023-11-01,7.8239,7.8257,7.8219,7.8236
2023-11-02,7.8236,7.8257,7.822,7.8249
2023-11-03,7.8249,7.8273,7.8238,7.8244
2023-11-06,7.8245,7.825,7.8194,7.8208
2023-11-07,7.8208,7.8221,7.818,7.8195
2023-11-08,7.8195,7.8202,7.814,7.815
2023-11-09,7.8149,7.8158,7.8078,7.8092
2023-11-10,7.8092,7.8124,7.8032,7.8089
2023-11-13,7.8109,7.8123,7.8069,7.8083
2023-11-14,7.8083,7.8109,7.8047,7.8058
2023-11-15,7.8058,7.8079,7.803,7.8067
2023-11-16,7.8067,7.8107,7.7995,7.8014
2023-11-17,7.8014,7.8026,7.7952,7.7964
2023-11-20,7.7964,7.7978,7.7902,7.7934
2023-11-21,7.7934,7.7967,7.7895,7.7961
2023-11-22,7.7961,7.801,7.7948,7.7966
2023-11-23,7.7966,7.7994,7.794,7.7989
2023-11-24,7.7989,7.7997,7.7912,7.7918
2023-11-27,7.7928,7.7935,7.7861,7.7913
2023-11-28,7.7913,7.798,7.7883,7.7966
2023-11-29,7.7966,7.8058,7.7941,7.8043
2023-11-30,7.8043,7.8118,7.8023,7.8104
2023-12-01,7.8104,7.8153,7.8099,7.8144
2023-12-04,7.8144,7.8173,7.8127,7.8159
2023-12-05,7.8159,7.8199,7.8141,7.8194
2023-12-06,7.8194,7.8194,7.8083,7.8112
2023-12-07,7.8112,7.8152,7.8075,7.8114
2023-12-08,7.8114,7.8155,7.8075,7.8085
2023-12-11,7.8091,7.8121,7.8041,7.8049
2023-12-12,7.8049,7.8111,7.8022,7.8091
2023-12-13,7.8091,7.8146,7.8065,7.811
2023-12-14,7.811,7.8117,7.8055,7.8073
2023-12-15,7.8073,7.8086,7.8006,7.8033
2023-12-18,7.8031,7.8054,7.7944,7.7956
2023-12-19,7.7956,7.8023,7.7936,7.7993
2023-12-20,7.7993,7.8089,7.7981,7.8075
2023-12-21,7.8075,7.8116,7.8036,7.8094
2023-12-22,7.8094,7.8166,7.8083,7.8116
2023-12-25,7.8131,7.8165,7.8088,7.809
2023-12-26,7.8122,7.8144,7.8064,7.8082
2023-12-27,7.8082,7.8179,7.8074,7.8111
2023-12-28,7.8111,7.8178,7.8098,7.814
2023-12-29,7.814,7.8178,7.8076,7.8115
2024-01-02,7.8115,7.8163,7.8086,7.8157
2024-01-03,7.8157,7.8158,7.8048,7.8069
2024-01-04,7.8069,7.8098,7.8058,7.8084
2024-01-05,7.8084,7.8125,7.808,7.8119
2024-01-08,7.8115,7.8122,7.8058,7.8068
2024-01-09,7.8068,7.8166,7.8063,7.8161
2024-01-10,7.8161,7.8214,7.8151,7.8195
2024-01-11,7.8194,7.8202,7.8155,7.8184
2024-01-12,7.8184,7.8232,7.8163,7.8208
2024-01-15,7.8213,7.824,7.8172,7.8237
2024-01-16,7.8237,7.8285,7.8204,7.8263
2024-01-17,7.8264,7.8271,7.8188,7.8212
2024-01-18,7.8213,7.823,7.8177,7.8209
2024-01-19,7.821,7.8229,7.8171,7.8181
2024-01-22,7.818,7.8192,7.8158,7.8174
2024-01-23,7.8174,7.8238,7.8164,7.8218
2024-01-24,7.8219,7.8237,7.8173,7.8182
2024-01-25,7.8182,7.8195,7.8154,7.8182
2024-01-26,7.8182,7.8188,7.8127,7.8145
2024-01-29,7.8142,7.817,7.8119,7.8137
2024-01-30,7.8137,7.8182,7.8116,7.818
2024-01-31,7.818,7.8201,7.8167,7.8181
2024-02-01,7.8181,7.8212,7.816,7.82
2024-02-02,7.82,7.8221,7.8174,7.8209
2024-02-05,7.8208,7.8231,7.8208,7.8217
2024-02-06,7.8218,7.8237,7.8207,7.8226
2024-02-07,7.8226,7.8231,7.8183,7.819
2024-02-08,7.819,7.8216,7.8185,7.8213
2024-02-09,7.8213,7.8223,7.8186,7.8195
2024-02-12,7.8204,7.8212,7.8162,7.8168
2024-02-13,7.8168,7.8202,7.8167,7.8193
2024-02-14,7.8193,7.82,7.8171,7.8183
2024-02-15,7.8183,7.821,7.8173,7.8194
2024-02-16,7.8194,7.8229,7.819,7.822
2024-02-19,7.821,7.8218,7.82,7.8208
2024-02-20,7.8208,7.8225,7.8201,7.8209
2024-02-21,7.8209,7.822,7.8191,7.8209
2024-02-22,7.8209,7.8228,7.8198,7.8223
2024-02-23,7.8223,7.8252,7.8222,7.8243
2024-02-26,7.8242,7.8251,7.8226,7.8241
2024-02-27,7.824,7.8252,7.8223,7.8243
2024-02-28,7.8243,7.8283,7.8239,7.8279
2024-02-29,7.8279,7.8296,7.8259,7.829
2024-03-01,7.829,7.8298,7.8274,7.828
2024-03-04,7.8286,7.8291,7.8237,7.8247
2024-03-05,7.8247,7.8259,7.8222,7.8241
2024-03-06,7.8241,7.8252,7.8223,7.8251
2024-03-07,7.8251,7.8252,7.8189,7.8208
2024-03-08,7.8208,7.8219,7.8193,7.8202
2024-03-11,7.8207,7.8221,7.8191,7.8217
2024-03-12,7.8217,7.8247,7.8205,7.8235
2024-03-13,7.8235,7.8247,7.8223,7.8236
2024-03-14,7.8236,7.8238,7.8208,7.8227
2024-03-15,7.8228,7.8233,7.8207,7.8223
2024-03-18,7.8224,7.8234,7.8179,7.8192
2024-03-19,7.8192,7.8236,7.8189,7.8232
2024-03-20,7.8232,7.8244,7.8221,7.8228
2024-03-21,7.8229,7.8236,7.8197,7.8214
2024-03-22,7.8214,7.8225,7.8172,7.8216
2024-03-25,7.8215,7.8221,7.8187,7.8219
2024-03-26,7.8219,7.8239,7.8209,7.8237
2024-03-27,7.8237,7.8243,7.8221,7.8238
2024-03-28,7.8238,7.827,7.8232,7.8263
2024-03-29,7.8264,7.8277,7.8237,7.8247
2024-04-01,7.8257,7.8271,7.8241,7.8256
2024-04-02,7.8256,7.8293,7.8243,7.8292
2024-04-03,7.8292,7.8293,7.8276,7.8288
2024-04-04,7.8288,7.8292,7.8277,7.8288
2024-04-05,7.8288,7.8294,7.8281,7.8287
2024-04-08,7.829,7.8319,7.8285,7.8318
2024-04-09,7.8317,7.832,7.83,7.8307
2024-04-10,7.8307,7.8359,7.8304,7.8357
2024-04-11,7.8357,7.8387,7.8335,7.8379
2024-04-12,7.8379,7.8383,7.8358,7.8375
2024-04-15,7.8374,7.838,7.8274,7.8288
2024-04-16,7.8288,7.8326,7.8263,7.8317
2024-04-17,7.8317,7.8324,7.8298,7.8305
2024-04-18,7.8305,7.8322,7.8293,7.8315
2024-04-19,7.8315,7.8338,7.8283,7.8327
2024-04-22,7.832,7.8367,7.832,7.8356
2024-04-23,7.8355,7.8378,7.8347,7.8348
2024-04-24,7.8348,7.8363,7.83,7.8317
2024-04-25,7.8318,7.8322,7.8276,7.8279
2024-04-26,7.8279,7.8309,7.8268,7.8283
2024-04-29,7.8286,7.8298,7.8242,7.8255
2024-04-30,7.8255,7.8274,7.8176,7.8239
2024-05-01,7.8239,7.8244,7.8203,7.823
2024-05-02,7.823,7.8233,7.813,7.8131
2024-05-03,7.8131,7.8175,7.8091,7.8118
2024-05-06,7.8119,7.8186,7.8103,7.8184
2024-05-07,7.8184,7.8228,7.8175,7.8215
2024-05-08,7.8215,7.8224,7.8158,7.8175
2024-05-09,7.8175,7.8182,7.813,7.8141
2024-05-10,7.8141,7.8168,7.8124,7.8137
2024-05-13,7.8137,7.8158,7.8112,7.812
2024-05-14,7.812,7.8129,7.8097,7.8118
2024-05-15,7.8118,7.8122,7.8067,7.8096
2024-05-16,7.8097,7.8105,7.8008,7.8013
2024-05-17,7.8013,7.8035,7.7995,7.8018
2024-05-20,7.8014,7.804,7.7975,7.7985
2024-05-21,7.7985,7.8049,7.7964,7.8048
2024-05-22,7.8048,7.808,7.8029,7.8079
2024-05-23,7.8079,7.8094,7.8034,7.8093
2024-05-24,7.8093,7.8138,7.8082,7.8134
2024-05-27,7.8116,7.8144,7.8067,7.8078
2024-05-28,7.8078,7.8118,7.8057,7.8115
2024-05-29,7.8115,7.815,7.811,7.8137
2024-05-30,7.8137,7.8191,7.8121,7.8174
2024-05-31,7.8174,7.8247,7.8134,7.8197
2024-06-03,7.8199,7.8217,7.8182,7.8202
2024-06-04,7.8201,7.8203,7.8125,7.8134
2024-06-05,7.8134,7.8141,7.8078,7.8117
2024-06-06,7.8117,7.8119,7.8082,7.8096
2024-06-07,7.8096,7.8134,7.8081,7.8124
2024-06-10,7.8127,7.8139,7.8114,7.8128
2024-06-11,7.8128,7.8134,7.8079,7.8125
2024-06-12,7.8125,7.8128,7.8081,7.8094
2024-06-13,7.8094,7.8109,7.8077,7.8103
2024-06-14,7.8103,7.8126,7.809,7.8116
2024-06-17,7.8118,7.8125,7.8088,7.8105
2024-06-18,7.8105,7.8109,7.8061,7.8071
2024-06-19,7.8071,7.809,7.8053,7.8069
2024-06-20,7.8069,7.8073,7.8036,7.8044
2024-06-21,7.8044,7.8067,7.8017,7.8064
2024-06-24,7.8054,7.8083,7.8031,7.8079
2024-06-25,7.8079,7.8099,7.8062,7.8093
2024-06-26,7.8093,7.8108,7.8078,7.8091
2024-06-27,7.8091,7.8093,7.8065,7.8089
2024-06-28,7.8089,7.8095,7.8063,7.8082
2024-07-01,7.8085,7.8132,7.8083,7.8122
2024-07-02,7.8122,7.8147,7.8109,7.8136
2024-07-03,7.8136,7.8143,7.8094,7.8098
2024-07-04,7.8098,7.8114,7.8078,7.8093
2024-07-05,7.8093,7.8137,7.8081,7.8128
2024-07-08,7.813,7.8133,7.8096,7.8099
2024-07-09,7.8099,7.8125,7.8087,7.8119
2024-07-10,7.8119,7.8126,7.8103,7.8112
2024-07-11,7.8112,7.8125,7.8065,7.8075
2024-07-12,7.8075,7.8087,7.8053,7.8074
2024-07-15,7.8073,7.8089,7.8046,7.8065
2024-07-16,7.8065,7.8087,7.8036,7.808
2024-07-17,7.808,7.8087,7.805,7.8074
2024-07-18,7.8074,7.8102,7.806,7.8101
2024-07-19,7.8101,7.8117,7.8087,7.811
2024-07-22,7.8103,7.811,7.8066,7.8069
2024-07-23,7.8069,7.81,7.8055,7.8095
2024-07-24,7.8095,7.8105,7.8076,7.8086
2024-07-25,7.8086,7.8092,7.8032,7.8066
2024-07-26,7.8066,7.808,7.8056,7.8066
2024-07-29,7.8064,7.8117,7.8061,7.8102
2024-07-30,7.8102,7.8139,7.8093,7.8131
2024-07-31,7.8131,7.8137,7.8107,7.8125
2024-08-01,7.8125,7.8163,7.8122,7.8147
2024-08-02,7.8147,7.8157,7.8055,7.8074
2024-08-05,7.8073,7.8079,7.7697,7.7887
2024-08-06,7.7888,7.7964,7.784,7.795
2024-08-07,7.7949,7.7996,7.7937,7.7983
2024-08-08,7.7983,7.7987,7.7815,7.7948
2024-08-09,7.7948,7.7992,7.7936,7.7977
2024-08-12,7.7976,7.7997,7.79,7.7911
2024-08-13,7.7911,7.7935,7.7878,7.7886
2024-08-14,7.7885,7.7934,7.786,7.7927
2024-08-15,7.7927,7.7974,7.789,7.797
2024-08-16,7.797,7.7974,7.7933,7.7942
2024-08-19,7.7941,7.7956,7.7876,7.7885
2024-08-20,7.7885,7.7909,7.7858,7.7883
2024-08-21,7.7883,7.7945,7.7878,7.7938
2024-08-22,7.7938,7.798,7.7916,7.7976
2024-08-23,7.7976,7.8006,7.7942,7.7961
2024-08-26,7.7958,7.7984,7.7938,7.7962
2024-08-27,7.7963,7.8028,7.7955,7.8017
2024-08-28,7.8017,7.804,7.7981,7.8011
2024-08-29,7.8009,7.8023,7.7919,7.798
2024-08-30,7.798,7.8013,7.7936,7.7977
2024-09-02,7.7978,7.7989,7.7959,7.7967
2024-09-03,7.7967,7.7993,7.7953,7.7988
2024-09-04,7.7988,7.7991,7.7957,7.7969
2024-09-05,7.7969,7.7983,7.793,7.7933
2024-09-06,7.7933,7.7965,7.7892,7.7955
2024-09-09,7.7943,7.7978,7.794,7.7971
2024-09-10,7.7971,7.7981,7.7951,7.7976
2024-09-11,7.7976,7.7995,7.7958,7.7986
2024-09-12,7.7987,7.8035,7.7959,7.8031
2024-09-13,7.8031,7.8038,7.7969,7.7995
2024-09-16,7.7982,7.7987,7.7926,7.7927
2024-09-17,7.7927,7.7945,7.7888,7.7944
2024-09-18,7.7944,7.7952,7.789,7.793
2024-09-19,7.793,7.7964,7.7912,7.7949
2024-09-20,7.795,7.795,7.7893,7.7903
2024-09-23,7.7911,7.7921,7.7846,7.7862
2024-09-24,7.7862,7.7894,7.7818,7.7846
2024-09-25,7.7847,7.7885,7.7812,7.7849
2024-09-26,7.7849,7.7864,7.7781,7.7791
2024-09-27,7.7791,7.7833,7.77,7.7723
2024-09-30,7.7729,7.7744,7.7631,7.773
2024-10-01,7.773,7.7764,7.7707,7.7715
2024-10-02,7.7715,7.7754,7.762,7.7631
2024-10-03,7.7631,7.7718,7.7624,7.7642
2024-10-04,7.7642,7.7696,7.7623,7.7668
2024-10-07,7.765,7.7675,7.7635,7.7658
2024-10-08,7.7658,7.776,7.7655,7.7755
2024-10-09,7.7755,7.7771,7.7673,7.771
2024-10-10,7.771,7.7736,7.7692,7.77
2024-10-11,7.77,7.7719,7.7689,7.7706
2024-10-14,7.7703,7.7731,7.7611,7.764
2024-10-15,7.764,7.7687,7.7623,7.7671
2024-10-16,7.767,7.772,7.766,7.7705
2024-10-17,7.7705,7.7757,7.77,7.7735
2024-10-18,7.7735,7.7746,7.7677,7.7705
2024-10-21,7.77,7.7744,7.7681,7.7732
2024-10-22,7.7732,7.7747,7.7717,7.772
2024-10-23,7.772,7.7737,7.7687,7.7688
2024-10-24,7.7688,7.7713,7.7673,7.7703
2024-10-25,7.7703,7.7718,7.7686,7.7702
2024-10-28,7.7706,7.7734,7.7699,7.7716
2024-10-29,7.7716,7.7725,7.7696,7.7712
2024-10-30,7.7712,7.7737,7.7696,7.7722
2024-10-31,7.7722,7.7761,7.771,7.7734
2024-11-01,7.7734,7.7787,7.7729,7.7772
2024-11-04,7.7779,7.7783,7.7716,7.7722
2024-11-05,7.7722,7.775,7.7704,7.7728
2024-11-06,7.7728,7.7786,7.7716,7.7762
2024-11-07,7.7762,7.7776,7.7702,7.7705
2024-11-08,7.7706,7.7758,7.7686,7.7745
2024-11-11,7.7751,7.7768,7.7725,7.7759
2024-11-12,7.7759,7.7796,7.7745,7.778
2024-11-13,7.778,7.7816,7.7765,7.7807
2024-11-14,7.7807,7.7843,7.7793,7.7816
2024-11-15,7.7815,7.787,7.779,7.7852
2024-11-18,7.7856,7.7868,7.7833,7.7836
2024-11-19,7.7836,7.7869,7.7806,7.7832
2024-11-20,7.7832,7.7844,7.7812,7.7835
2024-11-21,7.7835,7.7844,7.7816,7.7828
2024-11-22,7.7828,7.785,7.7813,7.7842
2024-11-25,7.7839,7.7843,7.7802,7.7823
2024-11-26,7.7823,7.784,7.7807,7.783
2024-11-27,7.783,7.7842,7.7806,7.7815
2024-11-28,7.7815,7.7844,7.7806,7.7838
2024-11-29,7.7838,7.7861,7.7799,7.782
2024-12-02,7.7817,7.7837,7.7807,7.7816
2024-12-03,7.7816,7.7844,7.7811,7.7828
2024-12-04,7.7828,7.7851,7.7823,7.7843
2024-12-05,7.7843,7.7847,7.7815,7.7822
2024-12-06,7.7822,7.7832,7.7786,7.7795
2024-12-09,7.7802,7.7815,7.7725,7.7742
2024-12-10,7.7742,7.7773,7.771,7.7742
2024-12-11,7.7742,7.7779,7.7718,7.7746
2024-12-12,7.7746,7.7762,7.7727,7.7745
2024-12-13,7.7745,7.7764,7.7732,7.7758
2024-12-16,7.7762,7.7766,7.7736,7.7741
2024-12-17,7.7741,7.7749,7.7682,7.7694
2024-12-18,7.7694,7.7723,7.7687,7.7704
2024-12-19,7.7704,7.7738,7.7685,7.7697
2024-12-20,7.7697,7.7763,7.7691,7.7757
2024-12-23,7.7744,7.7748,7.7688,7.7702
2024-12-24,7.7702,7.771,7.7654,7.7677
2024-12-25,7.7673,7.7681,7.7665,7.7665
2024-12-26,7.7672,7.7684,7.7663,7.7678
2024-12-27,7.7678,7.7689,7.7612,7.7632
2024-12-30,7.7627,7.7688,7.7592,7.7664
2024-12-31,7.7663,7.7693,7.7615,7.7686
2025-01-02,7.7685,7.7796,7.7682,7.7768
2025-01-03,7.7768,7.7801,7.7762,7.7786
2025-01-06,7.78,7.7801,7.7721,7.7753
2025-01-07,7.7753,7.7774,7.771,7.7768
2025-01-08,7.7768,7.7813,7.7739,7.7788
2025-01-09,7.7788,7.7831,7.7781,7.7826
2025-01-10,7.7826,7.7879,7.7805,7.7876
2025-01-13,7.7873,7.7876,7.7845,7.7858
2025-01-14,7.7858,7.7878,7.7825,7.7868
2025-01-15,7.7868,7.7899,7.7847,7.7867
2025-01-16,7.7867,7.7891,7.7844,7.7871
2025-01-17,7.7871,7.7889,7.7824,7.7857
2025-01-20,7.7863,7.7864,7.7788,7.7804
2025-01-21,7.7804,7.7865,7.7785,7.7851
2025-01-22,7.7851,7.7904,7.785,7.7885
2025-01-23,7.7885,7.7916,7.786,7.7893
2025-01-24,7.7893,7.7904,7.7845,7.7869
2025-01-27,7.7881,7.7921,7.7854,7.7882
2025-01-28,7.7882,7.7922,7.7872,7.7901
2025-01-29,7.7901,7.7923,7.789,7.7921
2025-01-30,7.7921,7.7936,7.7906,7.7916
2025-01-31,7.7916,7.7937,7.791,7.7924
2025-02-03,7.7944,7.7955,7.7916,7.7927
2025-02-04,7.7928,7.7934,7.7861,7.7872
2025-02-05,7.7872,7.7901,7.785,7.7864
2025-02-06,7.7864,7.7885,7.7838,7.7866
2025-02-07,7.7866,7.7911,7.7845,7.7907
2025-02-10,7.79,7.7917,7.7874,7.7887
2025-02-11,7.7887,7.7934,7.7884,7.7919
2025-02-12,7.7919,7.7936,7.7881,7.79
2025-02-13,7.79,7.7908,7.7855,7.7883
2025-02-14,7.7883,7.7885,7.7819,7.7842
2025-02-17,7.7842,7.7848,7.7787,7.7805
2025-02-18,7.7805,7.7828,7.7734,7.7749
2025-02-19,7.7749,7.778,7.7721,7.7773
2025-02-20,7.7773,7.7808,7.7747,7.7765
2025-02-21,7.7765,7.777,7.7688,7.7703
2025-02-24,7.7702,7.7751,7.7686,7.7748
2025-02-25,7.7748,7.778,7.7728,7.7739
2025-02-26,7.774,7.7745,7.7701,7.7741
2025-02-27,7.7741,7.7779,7.7723,7.7775
2025-02-28,7.7775,7.7795,7.7754,7.7787
2025-03-03,7.7785,7.7789,7.7753,7.7769
2025-03-04,7.7769,7.778,7.7709,7.7714
2025-03-05,7.7714,7.7742,7.7704,7.771
2025-03-06,7.771,7.7745,7.7695,7.772
2025-03-07,7.772,7.7748,7.7692,7.7706
2025-03-10,7.7709,7.7724,7.7666,7.7685
2025-03-11,7.7684,7.771,7.7668,7.7704
2025-03-12,7.7704,7.7721,7.7682,7.7693
2025-03-13,7.7692,7.7728,7.7688,7.772
2025-03-14,7.772,7.7738,7.7707,7.7727
2025-03-17,7.7729,7.773,7.7693,7.7696
2025-03-18,7.7696,7.7706,7.7686,7.7695
2025-03-19,7.7695,7.7717,7.7692,7.7707
2025-03-20,7.7707,7.7729,7.7695,7.7728
2025-03-21,7.7728,7.774,7.7712,7.7727
2025-03-24,7.7734,7.7747,7.7727,7.7742
2025-03-25,7.7742,7.7765,7.7733,7.7748
2025-03-26,7.7748,7.7764,7.774,7.7762
2025-03-27,7.7762,7.7775,7.7748,7.7756
2025-03-28,7.7756,7.7794,7.7754,7.7787
2025-03-31,7.7787,7.7819,7.7776,7.7805
2025-04-01,7.7805,7.7824,7.779,7.7809
2025-04-02,7.7809,7.7834,7.7801,7.7825
2025-04-03,7.7825,7.7847,7.7756,7.7783
2025-04-04,7.7783,7.7787,7.7705,7.7746
2025-04-07,7.7745,7.7768,7.7666,7.7678
2025-04-08,7.7678,7.7715,7.7667,7.771
2025-04-09,7.771,7.7712,7.7531,7.7611
2025-04-10,7.7611,7.7648,7.7564,7.7587
2025-04-11,7.7587,7.7593,7.7538,7.7546
2025-04-14,7.7551,7.7591,7.7542,7.756
2025-04-15,7.756,7.7597,7.7551,7.7577
2025-04-16,7.7577,7.7633,7.7562,7.762
2025-04-17,7.762,7.7643,7.76,7.7639
2025-04-18,7.7639,7.7642,7.761,7.761
2025-04-21,7.7621,7.7627,7.7593,7.7594
2025-04-22,7.7594,7.7618,7.7561,7.7581
2025-04-23,7.7581,7.761,7.7572,7.7601
2025-04-24,7.7601,7.7608,7.7579,7.7587
2025-04-25,7.7587,7.7599,7.7562,7.7572
2025-04-28,7.7573,7.7586,7.7564,7.7565
2025-04-29,7.7565,7.7591,7.7563,7.759
2025-04-30,7.759,7.7597,7.7544,7.7557
2025-05-01,7.7557,7.7581,7.7548,7.7567
2025-05-02,7.7566,7.757,7.7499,7.75
2025-05-05,7.7506,7.751,7.7498,7.7501
2025-05-06,7.7501,7.7537,7.7498,7.753
2025-05-07,7.753,7.762,7.7501,7.7614
2025-05-08,7.7614,7.7758,7.7583,7.7736
2025-05-09,7.7736,7.7795,7.7689,7.7784
2025-05-12,7.7779,7.7958,7.7762,7.7912
2025-05-13,7.7912,7.7973,7.7871,7.7971
2025-05-14,7.7971,7.8112,7.7961,7.8074
2025-05-15,7.8074,7.8104,7.8028,7.8062
2025-05-16,7.8062,7.8149,7.8049,7.8144
2025-05-19,7.8142,7.8219,7.8136,7.8214
2025-05-20,7.8214,7.8297,7.8203,7.8267
2025-05-21,7.8267,7.8331,7.8257,7.8321
2025-05-22,7.8321,7.8322,7.8196,7.8267
2025-05-23,7.8267,7.833,7.8263,7.8322
2025-05-26,7.8312,7.8381,7.8308,7.8363
2025-05-27,7.8363,7.8394,7.8351,7.8384
2025-05-28,7.8384,7.8404,7.8363,7.8387
2025-05-29,7.8386,7.8421,7.8345,7.8419
2025-05-30,7.8419,7.8445,7.8392,7.8413
2025-06-02,7.8405,7.8449,7.8405,7.8446
2025-06-03,7.8445,7.8455,7.8433,7.8451
2025-06-04,7.8451,7.8475,7.8445,7.8466
2025-06-05,7.8466,7.8472,7.844,7.8462
2025-06-06,7.8462,7.8475,7.845,7.8469
2025-06-09,7.8463,7.8485,7.8462,7.8478
2025-06-10,7.8478,7.8489,7.8471,7.8482
2025-06-11,7.8482,7.8495,7.8467,7.8494
2025-06-12,7.8494,7.8497,7.8478,7.8494
2025-06-13,7.8494,7.8497,7.8485,7.8495
2025-06-16,7.8498,7.85,7.849,7.8498
2025-06-17,7.8498,7.8499,7.8493,7.8497
2025-06-18,7.8497,7.85,7.8495,7.8499
2025-06-19,7.8499,7.85,7.8487,7.8499
2025-06-20,7.8499,7.85,7.8494,7.85
2025-06-23,7.8499,7.8501,7.8489,7.85
2025-06-24,7.85,7.8501,7.8495,7.85
2025-06-25,7.85,7.8501,7.8497,7.85
2025-06-26,7.85,7.8501,7.8469,7.8497
2025-06-27,7.8497,7.8501,7.8488,7.8498
2025-06-30,7.8501,7.8501,7.8495,7.8499
2025-07-01,7.8499,7.8501,7.8496,7.85
2025-07-02,7.8501,7.8501,7.8477,7.8499
2025-07-03,7.85,7.8502,7.8496,7.85
2025-07-04,7.8499,7.85,7.8458,7.8493
2025-07-07,7.8499,7.8502,7.8493,7.8493
2025-07-08,7.8493,7.85,7.849,7.8499
2025-07-09,7.8499,7.85,7.8493,7.8497
2025-07-10,7.8497,7.85,7.8488,7.8499
2025-07-11,7.8499,7.85,7.8492,7.8498
2025-07-14,7.8499,7.8501,7.8497,7.85
2025-07-15,7.85,7.8501,7.8496,7.85
2025-07-16,7.85,7.8501,7.8491,7.8497
2025-07-17,7.8496,7.85,7.8424,7.8491
2025-07-18,7.8491,7.8494,7.8459,7.8475
2025-07-21,7.8475,7.85,7.8471,7.8498
2025-07-22,7.8498,7.85,7.8481,7.8498
2025-07-23,7.8498,7.85,7.8494,7.8499
2025-07-24,7.8499,7.85,7.8482,7.8499
2025-07-25,7.85,7.85,7.8457,7.8496
2025-07-28,7.8495,7.85,7.8474,7.8499
2025-07-29,7.8499,7.85,7.8492,7.85
2025-07-30,7.85,7.85,7.8493,7.85
2025-07-31,7.85,7.85,7.8484,7.8498
2025-08-01,7.8498,7.8501,7.8492,7.8496
2025-08-04,7.8498,7.8501,7.8492,7.85
2025-08-05,7.8499,7.8501,7.8493,7.8498
2025-08-06,7.8498,7.85,7.8493,7.8499
2025-08-07,7.8499,7.8501,7.8482,7.8499
2025-08-08,7.8499,7.85,7.8493,7.85
2025-08-11,7.8498,7.85,7.8495,7.85
2025-08-12,7.85,7.8501,7.8495,7.85
2025-08-13,7.85,7.8502,7.8484,7.8498
2025-08-14,7.8498,7.8498,7.8317,7.8331
2025-08-15,7.8332,7.8441,7.8119,7.8241
2025-08-18,7.8254,7.832,7.8156,7.82
2025-08-19,7.8199,7.8218,7.7929,7.7991
2025-08-20,7.7991,7.8166,7.7985,7.8124
2025-08-21,7.8124,7.8146,7.8063,7.8139
2025-08-22,7.8139,7.8196,7.8095,7.8153
2025-08-25,7.8152,7.817,7.8045,7.8117
2025-08-26,7.8117,7.8132,7.7928,7.7934
2025-08-27,7.7934,7.7952,7.7755,7.7859
2025-08-28,7.7859,7.7976,7.7835,7.7943
2025-08-29,7.7943,7.798,7.7854,7.7956
2025-09-01,7.7956,7.7977,7.7902,7.7968
2025-09-02,7.7968,7.8081,7.7962,7.807
2025-09-03,7.807,7.8123,7.7991,7.8
2025-09-04,7.8,7.8021,7.7962,7.801
2025-09-05,7.801,7.8038,7.7954,7.7977
2025-09-08,7.7969,7.7994,7.7905,7.7929
2025-09-09,7.7929,7.7938,7.7863,7.7891
2025-09-10,7.7891,7.7917,7.7858,7.7894
2025-09-11,7.7894,7.7913,7.7867,7.7889
2025-09-12,7.7889,7.7892,7.7762,7.7791
2025-09-15,7.7821,7.7826,7.7732,7.7798
2025-09-16,7.7799,7.7829,7.777,7.7807
2025-09-17,7.7807,7.7815,7.7732,7.7784
2025-09-18,7.7783,7.7786,7.7732,7.7778
2025-09-19,7.7778,7.7793,7.7743,7.7747
2025-09-22,7.7744,7.775,7.7657,7.7702
2025-09-23,7.7702,7.7769,7.7694,7.776
2025-09-24,7.776,7.7788,7.7733,7.7787
2025-09-25,7.7787,7.7836,7.77,7.7835
2025-09-26,7.7835,7.7848,7.7781,7.7796
2025-09-29,7.7803,7.7845,7.7785,7.7834
2025-09-30,7.7834,7.785,7.7792,7.7827
2025-10-01,7.7827,7.7829,7.7811,7.7818
2025-10-02,7.7818,7.7835,7.7796,7.783
2025-10-03,7.783,7.7835,7.7802,7.7818
2025-10-06,7.7813,7.7838,7.7803,7.7828
2025-10-07,7.7828,7.7838,7.7817,7.7831
2025-10-08,7.7831,7.7849,7.781,7.7822
2025-10-09,7.7822,7.7828,7.7788,7.7823
2025-10-10,7.7824,7.7833,7.7804,7.7828
2025-10-13,7.7822,7.7833,7.7757,7.7805
2025-10-14,7.7805,7.7806,7.7736,7.774
2025-10-15,7.774,7.7779,7.7721,7.7747
2025-10-16,7.7747,7.7753,7.7704,7.7706
2025-10-17,7.7706,7.7719,7.7661,7.7686
2025-10-20,7.7679,7.7716,7.7664,7.7685
2025-10-21,7.7685,7.7722,7.7663,7.7719
2025-10-22,7.7719,7.774,7.7684,7.7721
2025-10-23,7.7721,7.7738,7.7691,7.7717
2025-10-24,7.7717,7.7732,7.7686,7.7699
2025-10-27,7.77,7.7702,7.7669,7.7679
2025-10-28,7.7679,7.7703,7.7667,7.7696
2025-10-29,7.7696,7.7715,7.7679,7.7709
2025-10-30,7.7709,7.7711,7.7672,7.7699
2025-10-31,7.7699,7.7723,7.7676,7.7702
2025-11-03,7.771,7.7739,7.7706,7.7722
2025-11-04,7.7722,7.7748,7.7716,7.7744
2025-11-05,7.7744,7.7763,7.7732,7.7745
2025-11-06,7.7745,7.7758,7.7736,7.7754
2025-11-07,7.7754,7.7782,7.7742,7.777
2025-11-10,7.7769,7.7778,7.7727,7.7738
2025-11-11,7.7738,7.7742,7.7709,7.7727
2025-11-12,7.7727,7.7727,7.7695,7.7717
2025-11-13,7.7717,7.7718,7.7688,7.7713
2025-11-14,7.7713,7.7735,7.7685,7.7732
2025-11-17,7.7723,7.7747,7.7712,7.7745
2025-11-18,7.7745,7.7865,7.7732,7.7847
2025-11-19,7.7847,7.7927,7.7831,7.7906
2025-11-20,7.7906,7.7906,7.781,7.7839
2025-11-21,7.7839,7.7882,7.7823,7.7834
2025-11-24,7.7836,7.7858,7.7808,7.7816
2025-11-25,7.7816,7.7828,7.7731,7.7754
2025-11-26,7.7754,7.7788,7.7743,7.7784
2025-11-27,7.7784,7.7798,7.7756,7.7793
2025-11-28,7.7793,7.7862,7.7778,7.7852
2025-12-01,7.7851,7.7893,7.7835,7.7885
2025-12-02,7.7885,7.7915,7.7833,7.7852
2025-12-03,7.7852,7.7872,7.7816,7.7844
2025-12-04,7.7844,7.7849,7.7811,7.7826
2025-12-05,7.7826,7.7857,7.7817,7.7847
2025-12-08,7.7846,7.7854,7.7791,7.7807
2025-12-09,7.7807,7.7827,7.7782,7.7825
2025-12-10,7.7825,7.7829,7.7797,7.781
2025-12-11,7.781,7.7834,7.7783,7.7821
2025-12-12,7.7821,7.7865,7.7808,7.7845
2025-12-15,7.7843,7.785,7.7809,7.7821
2025-12-16,7.7821,7.7823,7.776,7.7801
2025-12-17,7.7801,7.7812,7.7766,7.781
2025-12-18,7.781,7.7821,7.7786,7.7815
2025-12-19,7.7815,7.7829,7.7797,7.7811
2025-12-22,7.7818,7.7827,7.7782,7.7807
2025-12-23,7.7807,7.7809,7.7766,7.7777
2025-12-24,7.7777,7.7779,7.7742,7.7752
2025-12-25,7.7752,7.7762,7.774,7.7755
2025-12-26,7.7754,7.7759,7.7707,7.7713
2025-12-29,7.7714,7.7749,7.7707,7.774
2025-12-30,7.774,7.7845,7.7732,7.7809
2025-12-31,7.7809,7.7849,7.7805,7.7828
2026-01-01,7.7828,7.7844,7.7822,7.7843
2026-01-02,7.7842,7.7929,7.7841,7.7916
2026-01-05,7.7915,7.7938,7.7845,7.7855
2026-01-06,7.7855,7.7892,7.7814,7.7885
2026-01-07,7.7885,7.7908,7.7851,7.7871
2026-01-08,7.7871,7.7932,7.7856,7.792
2026-01-09,7.792,7.7968,7.7913,7.7946
2026-01-12,7.7949,7.7977,7.7931,7.7964
2026-01-13,7.7964,7.8028,7.7956,7.8012
2026-01-14,7.8011,7.8024,7.7953,7.7977
2026-01-15,7.7977,7.8013,7.7936,7.7973
2026-01-16,7.7973,7.8005,7.7964,7.7969
2026-01-19,7.7969,7.7989,7.7947,7.7968
2026-01-20,7.7968,7.7997,7.7965,7.7989
2026-01-21,7.7989,7.7993,7.7963,7.7971
2026-01-22,7.7971,7.7988,7.7949,7.7969
2026-01-23,7.7969,7.7986,7.7962,7.797
2026-01-26,7.7963,7.7981,7.7929,7.7976
2026-01-27,7.7976,7.8025,7.7969,7.7993
2026-01-28,7.7993,7.8031,7.7983,7.8013
2026-01-29,7.8013,7.807,7.8004,7.8056
2026-01-30,7.8056,7.814,7.8045,7.8138
2026-02-02,7.8124,7.8135,7.8071,7.8105
2026-02-03,7.8105,7.8146,7.8097,7.8131
2026-02-04,7.8132,7.8166,7.8105,7.8127
2026-02-05,7.8127,7.8149,7.8072,7.8143
2026-02-06,7.8143,7.815,7.8103,7.8133
2026-02-09,7.8133,7.817,7.8126,7.8157
2026-02-10,7.8157,7.8187,7.8136,7.8183
2026-02-11,7.8183,7.8185,7.8145,7.8179
2026-02-12,7.8179,7.8183,7.8143,7.8163
2026-02-13,7.8163,7.8183,7.8149,7.8166
2026-02-16,7.8175,7.8176,7.8141,7.8155
2026-02-17,7.8155,7.816,7.8146,7.8154
2026-02-18,7.8154,7.8157,7.8141,7.8141
2026-02-19,7.8142,7.8153,7.8137,7.8144
2026-02-20,7.8144,7.816,7.8133,7.8146
2026-02-23,7.8145,7.8196,7.8131,7.8194
2026-02-24,7.8194,7.8241,7.8174,7.8231
2026-02-25,7.8231,7.8232,7.8189,7.8203
2026-02-26,7.8202,7.8238,7.8167,7.8235
2026-02-27,7.8235,7.8257,7.8215,7.8233
2026-03-02,7.8228,7.8245,7.8208,7.8213
2026-03-03,7.8213,7.8222,7.7993,7.805
2026-03-04,7.805,7.8197,7.8019,7.8181
2026-03-05,7.8181,7.8223,7.8139,7.8193
2026-03-06,7.8193,7.8248,7.8181,7.8223
2026-03-09,7.8196,7.822,7.8121,7.8212
2026-03-10,7.8212,7.826,7.8187,7.8242
2026-03-11,7.8242,7.8286,7.8228,7.8255
2026-03-12,7.8255,7.8276,7.8235,7.8267
2026-03-13,7.8267,7.8295,7.8255,7.8284
2026-03-16,7.8289,7.8318,7.827,7.8303
2026-03-17,7.8303,7.8379,7.8293,7.8362
2026-03-18,7.8362,7.8396,7.8351,7.8384
2026-03-19,7.8384,7.8393,7.83,7.8337
2026-03-20,7.8337,7.8384,7.8321,7.8331
2026-03-23,7.8333,7.8359,7.8255,7.8339
2026-03-24,7.8339,7.8372,7.8238,7.8269
2026-03-25,7.8269,7.8299,7.8162,7.8185
2026-03-26,7.8185,7.827,7.8129,7.8257
2026-03-27,7.8257,7.8348,7.8241,7.8323
2026-03-30,7.8331,7.837,7.8303,7.8358
2026-03-31,7.8358,7.8415,7.8347,7.8396
2026-04-01,7.8397,7.8402,7.8345,7.838
2026-04-02,7.838,7.8395,7.8352,7.8381
2026-04-03,7.8381,7.8388,7.8363,7.8386
2026-04-06,7.8373,7.8383,7.8365,7.8376
2026-04-07,7.8376,7.8379,7.8354,7.8362
2026-04-08,7.8362,7.8371,7.8275,7.8325
2026-04-09,7.8325,7.8365,7.8294,7.8344
2026-04-10,7.8344,7.836,7.8303,7.8309
2026-04-13,7.8313,7.8336,7.8239,7.8307
2026-04-14,7.8307,7.8348,7.8288,7.8334
2026-04-15,7.8334,7.8381,7.8328,7.8341
2026-04-16,7.8341,7.8346,7.8225,7.8248
2026-04-17,7.8248,7.8323,7.8226,7.832
2026-04-20,7.8314,7.8342,7.8292,7.8302
2026-04-21,7.8302,7.8329,7.8282,7.8304
2026-04-22,7.8304,7.8335,7.8299,7.8332
2026-04-23,7.8332,7.8337,7.8311,7.8323
2026-04-24,7.8323,7.8367,7.8321,7.8356
2026-04-27,7.8355,7.838,7.8341,7.8372
2026-04-28,7.8372,7.8379,7.8347,7.836
2026-04-29,7.836,7.8378,7.8348,7.8372
2026-04-30,7.8372,7.8372,7.8319,7.8323
2026-05-01,7.8323,7.8356,7.8322,7.8347
2026-05-04,7.8345,7.8355,7.8324,7.8327
2026-05-05,7.8328,7.8368,7.8327,7.836
2026-05-06,7.836,7.8368,7.835,7.8356
2026-05-07,7.8356,7.8356,7.8298,7.8329
2026-05-08,7.8328,7.8345,7.8265,7.8294
2026-05-11,7.8288,7.8307,7.8275,7.8286
2026-05-12,7.8286,7.8298,7.8274,7.8288
2026-05-13,7.8288,7.8321,7.8279,7.8301
2026-05-14,7.8301,7.8333,7.8293,7.8326
2026-05-15,7.8326,7.8337,7.8285,7.8308
