Date,Open,High,Low,Close
2016-01-01,120.22,120.55,120.2,120.55
2016-01-04,120.26,120.47,118.7,119.44
2016-01-05,119.44,119.7,118.79,119.06
2016-01-06,119.06,119.17,118.25,118.47
2016-01-07,118.47,118.76,117.33,117.67
2016-01-08,117.67,118.83,117.22,117.26
2016-01-11,117.42,118.02,116.7,117.76
2016-01-12,117.75,118.07,117.23,117.65
2016-01-13,117.65,118.38,117.64,117.68
2016-01-14,117.68,118.28,117.29,118.06
2016-01-15,118.06,118.27,116.51,116.98
2016-01-18,116.89,117.44,116.57,117.32
2016-01-19,117.33,118.11,117.23,117.64
2016-01-20,117.64,117.69,115.98,116.94
2016-01-21,116.94,117.81,116.47,117.7
2016-01-22,117.7,118.88,117.54,118.78
2016-01-25,118.74,118.86,118.17,118.3
2016-01-26,118.3,118.62,117.66,118.42
2016-01-27,118.42,119.07,118.04,118.68
2016-01-28,118.68,118.99,118.42,118.82
2016-01-29,118.82,121.69,118.5,121.14
2016-02-01,121.15,121.49,120.68,120.99
2016-02-02,120.99,121.04,119.84,119.97
2016-02-03,119.97,120.04,117.06,117.9
2016-02-04,117.9,118.24,116.53,116.78
2016-02-05,116.78,117.43,116.3,116.87
2016-02-08,116.97,117.53,115.18,115.85
2016-02-09,115.85,115.85,114.21,115.11
2016-02-10,115.11,115.26,113.12,113.35
2016-02-11,113.35,113.6,110.99,112.42
2016-02-12,112.42,113.54,111.67,113.25
2016-02-15,113.15,114.73,113.08,114.6
2016-02-16,114.6,114.87,113.6,114.07
2016-02-17,114.07,114.51,113.38,114.1
2016-02-18,114.1,114.33,113.14,113.24
2016-02-19,113.24,113.38,112.31,112.63
2016-02-22,112.7,113.39,112.36,112.92
2016-02-23,112.92,113.05,111.78,112.1
2016-02-24,112.1,112.27,111.04,112.18
2016-02-25,112.18,113.02,111.9,113.0
2016-02-26,113.0,114.0,112.56,114.0
2016-02-29,113.79,113.99,112.66,112.69
2016-03-01,112.69,114.19,112.16,114.01
2016-03-02,114.01,114.56,113.22,113.48
2016-03-03,113.48,114.27,113.3,113.69
2016-03-04,113.69,114.26,113.13,113.74
2016-03-07,113.88,114.09,113.23,113.46
2016-03-08,113.46,113.52,112.43,112.62
2016-03-09,112.62,113.45,112.23,113.35
2016-03-10,113.35,114.45,112.61,113.19
2016-03-11,113.19,113.92,112.76,113.86
2016-03-14,113.79,114.01,113.51,113.82
2016-03-15,113.82,114.14,112.63,113.18
2016-03-16,113.16,113.82,112.33,112.56
2016-03-17,112.56,112.96,110.67,111.39
2016-03-18,111.39,111.76,110.82,111.55
2016-03-21,111.53,111.98,111.22,111.95
2016-03-22,111.95,112.49,111.38,112.37
2016-03-23,112.37,112.91,112.14,112.38
2016-03-24,112.38,113.01,112.3,112.9
2016-03-25,112.9,113.32,112.76,113.08
2016-03-28,113.12,113.69,113.05,113.45
2016-03-29,113.45,113.8,112.61,112.7
2016-03-30,112.7,112.81,112.02,112.43
2016-03-31,112.43,112.66,112.11,112.57
2016-04-01,112.57,112.58,111.59,111.69
2016-04-04,111.74,111.8,111.1,111.34
2016-04-05,111.34,111.36,109.95,110.34
2016-04-06,110.34,110.64,109.34,109.79
2016-04-07,109.79,109.9,107.67,108.21
2016-04-08,108.21,109.1,108.04,108.07
2016-04-11,108.21,108.44,107.63,107.94
2016-04-12,107.94,108.79,107.87,108.54
2016-04-13,108.54,109.41,108.51,109.34
2016-04-14,109.34,109.55,108.9,109.4
2016-04-15,109.4,109.73,108.6,108.76
2016-04-18,108.23,108.99,107.77,108.82
2016-04-19,108.82,109.49,108.75,109.21
2016-04-20,109.21,109.88,108.76,109.84
2016-04-21,109.84,109.9,109.33,109.46
2016-04-22,109.46,111.81,109.26,111.79
2016-04-25,111.7,111.91,110.84,111.2
2016-04-26,111.2,111.47,110.67,111.31
2016-04-27,111.31,111.75,111.03,111.46
2016-04-28,111.46,111.88,107.87,108.11
2016-04-29,108.11,108.2,106.28,106.5
2016-05-02,106.31,106.82,106.14,106.41
2016-05-03,106.41,106.68,105.55,106.6
2016-05-04,106.6,107.46,106.25,107.01
2016-05-05,107.01,107.5,106.81,107.26
2016-05-06,107.26,107.42,106.44,107.12
2016-05-09,107.13,108.6,107.03,108.32
2016-05-10,108.32,109.35,108.28,109.27
2016-05-11,109.27,109.38,108.37,108.41
2016-05-12,108.41,109.4,108.23,109.02
2016-05-13,109.02,109.56,108.52,108.63
2016-05-16,108.58,109.1,108.47,109.03
2016-05-17,109.03,109.65,108.84,109.14
2016-05-18,109.14,110.26,108.72,110.19
2016-05-19,110.19,110.38,109.7,109.96
2016-05-20,109.96,110.59,109.85,110.15
2016-05-23,110.11,110.24,109.11,109.24
2016-05-24,109.24,110.13,109.17,109.99
2016-05-25,109.99,110.45,109.87,110.19
2016-05-26,110.19,110.23,109.42,109.76
2016-05-27,109.76,110.45,109.48,110.31
2016-05-30,110.39,111.45,110.32,111.12
2016-05-31,111.12,111.35,110.5,110.73
2016-06-01,110.73,110.83,109.05,109.54
2016-06-02,109.54,109.59,108.53,108.87
2016-06-03,108.87,109.14,106.51,106.53
2016-06-06,106.44,107.66,106.38,107.56
2016-06-07,107.56,107.9,107.15,107.37
2016-06-08,107.37,107.39,106.59,106.99
2016-06-09,106.99,107.18,106.26,107.1
2016-06-10,107.1,107.26,106.56,106.97
2016-06-13,106.85,106.98,105.74,106.26
2016-06-14,106.26,106.42,105.63,106.11
2016-06-15,106.11,106.4,105.44,106.01
2016-06-16,106.01,106.03,103.55,104.26
2016-06-17,104.26,104.83,104.08,104.16
2016-06-20,104.29,104.85,103.79,103.94
2016-06-21,103.94,105.06,103.58,104.75
2016-06-22,104.75,104.85,104.32,104.41
2016-06-23,104.41,106.17,104.04,106.16
2016-06-24,106.16,106.84,99.02,102.22
2016-06-27,102.16,102.48,101.41,102.0
2016-06-28,102.0,102.84,101.56,102.75
2016-06-29,102.76,102.94,102.18,102.83
2016-06-30,102.83,103.29,102.36,103.2
2016-07-01,103.19,103.39,102.44,102.52
2016-07-04,102.53,102.8,102.43,102.56
2016-07-05,102.56,102.59,101.45,101.74
2016-07-06,101.74,101.77,100.2,101.32
2016-07-07,101.32,101.41,100.6,100.77
2016-07-08,100.77,101.28,100.0,100.54
2016-07-11,100.43,102.89,100.31,102.8
2016-07-12,102.8,104.99,102.45,104.69
2016-07-13,104.69,104.88,103.91,104.49
2016-07-14,104.49,105.94,103.98,105.35
2016-07-15,105.35,106.32,104.64,104.88
2016-07-18,105.17,106.26,105.16,106.16
2016-07-19,106.16,106.53,105.65,106.12
2016-07-20,106.12,107.02,105.83,106.89
2016-07-21,106.89,107.49,105.42,105.82
2016-07-22,105.82,106.4,105.57,106.13
2016-07-25,106.15,106.72,105.74,105.81
2016-07-26,105.81,105.89,103.99,104.66
2016-07-27,104.66,106.54,104.63,105.4
2016-07-28,105.4,105.51,104.49,105.27
2016-07-29,105.27,105.63,101.97,102.06
2016-08-01,102.06,102.68,102.01,102.39
2016-08-02,102.39,102.83,100.68,100.89
2016-08-03,100.89,101.57,100.75,101.24
2016-08-04,101.24,101.67,100.86,101.22
2016-08-05,101.22,102.06,100.87,101.82
2016-08-08,101.73,102.66,101.72,102.45
2016-08-09,102.45,102.53,101.79,101.88
2016-08-10,101.88,101.96,100.97,101.29
2016-08-11,101.29,102.06,101.03,101.96
2016-08-12,101.96,102.27,100.83,101.3
2016-08-15,101.18,101.45,100.87,101.26
2016-08-16,101.26,101.29,99.54,100.31
2016-08-17,100.31,101.17,100.04,100.28
2016-08-18,100.27,100.5,99.65,99.89
2016-08-19,99.89,100.46,99.88,100.22
2016-08-22,100.43,100.93,100.21,100.33
2016-08-23,100.33,100.39,99.94,100.24
2016-08-24,100.24,100.61,100.1,100.45
2016-08-25,100.45,100.62,100.3,100.53
2016-08-26,100.53,101.94,100.06,101.84
2016-08-29,101.86,102.39,101.84,101.92
2016-08-30,101.92,103.14,101.76,102.96
2016-08-31,102.96,103.53,102.86,103.43
2016-09-01,103.43,104.0,103.06,103.23
2016-09-02,103.23,104.32,102.8,103.92
2016-09-05,103.97,104.15,103.15,103.43
2016-09-06,103.43,103.81,101.93,102.02
2016-09-07,102.02,102.13,101.21,101.74
2016-09-08,101.74,102.6,101.41,102.49
2016-09-09,102.49,103.06,101.97,102.69
2016-09-12,102.73,102.83,101.57,101.85
2016-09-13,101.85,102.75,101.42,102.56
2016-09-14,102.56,103.36,102.25,102.43
2016-09-15,102.43,102.76,101.94,102.1
2016-09-16,102.09,102.46,101.74,102.29
2016-09-19,102.24,102.42,101.58,101.93
2016-09-20,101.93,102.06,101.54,101.7
2016-09-21,101.7,102.79,100.3,100.32
2016-09-22,100.32,100.93,100.1,100.76
2016-09-23,100.76,101.24,100.68,101.02
2016-09-26,101.05,101.15,100.25,100.33
2016-09-27,100.33,100.99,100.09,100.43
2016-09-28,100.43,100.82,100.26,100.69
2016-09-29,100.69,101.84,100.66,101.03
2016-09-30,101.03,101.78,100.75,101.35
2016-10-03,101.35,101.66,101.18,101.65
2016-10-04,101.65,102.97,101.58,102.9
2016-10-05,102.9,103.67,102.67,103.5
2016-10-06,103.5,104.16,103.35,103.95
2016-10-07,103.94,104.03,102.86,102.98
2016-10-10,103.08,103.79,102.81,103.61
2016-10-11,103.61,104.07,103.18,103.51
2016-10-12,103.5,104.48,103.28,104.21
2016-10-13,104.21,104.64,103.33,103.71
2016-10-14,103.71,104.48,103.61,104.18
2016-10-17,104.18,104.4,103.79,103.89
2016-10-18,103.89,104.2,103.68,103.87
2016-10-19,103.87,103.95,103.17,103.44
2016-10-20,103.44,104.11,103.35,103.95
2016-10-21,103.95,104.2,103.52,103.8
2016-10-24,103.85,104.32,103.72,104.18
2016-10-25,104.18,104.87,104.12,104.22
2016-10-26,104.22,104.62,104.02,104.47
2016-10-27,104.47,105.35,104.3,105.29
2016-10-28,105.29,105.53,104.47,104.74
2016-10-31,104.71,105.23,104.27,104.82
2016-11-01,104.82,105.12,103.8,104.15
2016-11-02,104.16,104.17,103.02,103.3
2016-11-03,103.3,103.44,102.55,102.98
2016-11-04,102.98,103.36,102.83,103.12
2016-11-07,103.17,104.63,103.13,104.46
2016-11-08,104.46,105.19,104.3,105.16
2016-11-09,105.16,105.89,101.2,105.67
2016-11-10,105.67,106.95,104.97,106.83
2016-11-11,106.83,106.93,106.04,106.65
2016-11-14,106.69,108.54,106.51,108.42
2016-11-15,108.42,109.34,107.77,109.2
2016-11-16,109.2,109.76,108.79,109.08
2016-11-17,109.08,110.18,108.56,110.12
2016-11-18,110.12,110.95,109.8,110.91
2016-11-21,110.93,111.36,110.46,110.82
2016-11-22,110.82,111.36,110.27,111.14
2016-11-23,111.14,112.97,110.86,112.52
2016-11-24,112.51,113.53,112.38,113.33
2016-11-25,113.33,113.9,112.56,113.22
2016-11-28,113.09,113.14,111.36,111.94
2016-11-29,111.94,113.34,111.63,112.38
2016-11-30,112.38,114.54,112.06,114.46
2016-12-01,114.46,114.83,113.84,114.1
2016-12-02,114.1,114.21,113.33,113.51
2016-12-05,113.57,114.78,112.88,113.85
2016-12-06,113.85,114.19,113.5,114.02
2016-12-07,114.02,114.4,113.42,113.77
2016-12-08,113.78,114.38,113.13,114.04
2016-12-09,114.04,115.37,114.02,115.32
2016-12-12,115.27,116.12,114.85,115.02
2016-12-13,115.02,115.48,114.74,115.19
2016-12-14,115.19,117.39,114.77,117.04
2016-12-15,117.04,118.66,117.01,118.18
2016-12-16,118.18,118.43,117.47,117.93
2016-12-19,117.9,118.03,116.55,117.09
2016-12-20,117.09,118.24,116.99,117.86
2016-12-21,117.86,118.07,117.11,117.55
2016-12-22,117.55,117.88,117.27,117.54
2016-12-23,117.54,117.63,117.18,117.33
2016-12-26,117.39,117.4,117.01,117.1
2016-12-27,117.1,117.62,117.07,117.43
2016-12-28,117.43,117.81,117.06,117.26
2016-12-29,117.26,117.26,116.23,116.54
2016-12-30,116.54,117.2,116.05,116.96
2017-01-02,116.94,117.66,116.75,117.55
2017-01-03,117.55,118.6,117.22,117.75
2017-01-04,117.75,118.19,117.06,117.25
2017-01-05,117.25,117.43,115.22,115.35
2017-01-06,115.35,117.18,115.07,117.02
2017-01-09,116.9,117.53,115.96,116.03
2017-01-10,116.03,116.34,115.2,115.77
2017-01-11,115.77,116.87,114.25,115.41
2017-01-12,115.41,115.51,113.76,114.72
2017-01-13,114.72,115.45,114.19,114.49
2017-01-16,114.66,114.67,113.63,114.2
2017-01-17,114.2,114.28,112.61,112.62
2017-01-18,112.62,114.76,112.57,114.65
2017-01-19,114.65,115.62,114.4,114.86
2017-01-20,114.86,115.39,114.21,114.62
2017-01-23,114.37,114.49,112.7,112.71
2017-01-24,112.71,113.89,112.53,113.79
2017-01-25,113.79,113.99,113.04,113.28
2017-01-26,113.28,114.86,113.05,114.53
2017-01-27,114.53,115.38,114.39,115.1
2017-01-30,115.08,115.16,113.45,113.77
2017-01-31,113.77,113.96,112.08,112.8
2017-02-01,112.8,113.95,112.64,113.25
2017-02-02,113.25,113.36,112.06,112.8
2017-02-03,112.8,113.45,112.32,112.61
2017-02-06,112.44,112.78,111.63,111.74
2017-02-07,111.74,112.58,111.6,112.39
2017-02-08,112.39,112.54,111.63,111.93
2017-02-09,111.93,113.35,111.74,113.25
2017-02-10,113.26,113.86,112.86,113.22
2017-02-13,113.3,114.17,113.06,113.74
2017-02-14,113.74,114.5,113.25,114.26
2017-02-15,114.26,114.96,113.87,114.16
2017-02-16,114.16,114.31,113.09,113.24
2017-02-17,113.24,113.5,112.62,112.84
2017-02-20,112.93,113.24,112.77,113.1
2017-02-21,113.1,113.78,113.09,113.68
2017-02-22,113.68,113.73,112.91,113.31
2017-02-23,113.31,113.46,112.55,112.61
2017-02-24,112.61,112.96,111.94,112.12
2017-02-27,112.14,112.84,111.92,112.7
2017-02-28,112.7,112.9,111.69,112.77
2017-03-01,112.77,114.05,112.76,113.73
2017-03-02,113.73,114.59,113.69,114.41
2017-03-03,114.41,114.75,113.81,114.04
2017-03-06,114.07,114.14,113.56,113.89
2017-03-07,113.89,114.15,113.73,113.98
2017-03-08,113.98,114.75,113.61,114.35
2017-03-09,114.35,115.0,114.32,114.95
2017-03-10,114.95,115.51,114.66,114.79
2017-03-13,114.84,114.95,114.48,114.88
2017-03-14,114.88,115.2,114.52,114.75
2017-03-15,114.75,114.88,113.18,113.38
2017-03-16,113.38,113.55,112.91,113.31
2017-03-17,113.31,113.49,112.57,112.7
2017-03-20,112.76,112.9,112.46,112.55
2017-03-21,112.55,112.87,111.55,111.71
2017-03-22,111.71,111.8,110.73,111.16
2017-03-23,111.16,111.58,110.63,110.94
2017-03-24,110.94,111.48,110.63,111.34
2017-03-27,111.24,111.3,110.11,110.66
2017-03-28,110.66,111.2,110.18,111.15
2017-03-29,111.14,111.32,110.72,111.04
2017-03-30,111.04,111.94,110.94,111.92
2017-03-31,111.92,112.2,111.25,111.39
2017-04-03,111.4,111.59,110.86,110.9
2017-04-04,110.89,110.94,110.27,110.74
2017-04-05,110.74,111.45,110.54,110.7
2017-04-06,110.7,111.14,110.29,110.81
2017-04-07,110.81,111.37,110.13,111.09
2017-04-10,111.1,111.58,110.81,110.94
2017-04-11,110.94,110.94,109.61,109.62
2017-04-12,109.62,109.87,108.96,109.03
2017-04-13,109.03,109.39,108.73,109.09
2017-04-14,109.09,109.23,108.55,108.64
2017-04-17,108.71,109.05,108.13,108.91
2017-04-18,108.91,109.22,108.32,108.43
2017-04-19,108.43,109.18,108.38,108.86
2017-04-20,108.86,109.49,108.72,109.32
2017-04-21,109.32,109.42,108.88,109.09
2017-04-24,110.03,110.64,109.66,109.77
2017-04-25,109.77,111.19,109.6,111.09
2017-04-26,111.09,111.78,110.88,111.06
2017-04-27,111.06,111.6,111.03,111.26
2017-04-28,111.26,111.72,111.07,111.49
2017-05-01,111.34,111.93,111.18,111.84
2017-05-02,111.84,112.31,111.78,111.99
2017-05-03,111.99,112.78,111.97,112.75
2017-05-04,112.75,113.05,112.32,112.46
2017-05-05,112.46,112.81,112.09,112.71
2017-05-08,112.99,113.3,112.4,113.26
2017-05-09,113.26,114.33,113.14,113.98
2017-05-10,113.98,114.37,113.63,114.28
2017-05-11,114.28,114.37,113.46,113.86
2017-05-12,113.86,113.95,113.2,113.38
2017-05-15,113.22,113.85,113.12,113.79
2017-05-16,113.79,113.8,112.93,113.12
2017-05-17,113.12,113.13,110.8,110.83
2017-05-18,110.83,111.74,110.24,111.49
2017-05-19,111.49,111.7,111.05,111.26
2017-05-22,111.3,111.61,110.88,111.3
2017-05-23,111.3,111.86,110.86,111.78
2017-05-24,111.78,112.13,111.48,111.49
2017-05-25,111.49,111.95,111.49,111.84
2017-05-26,111.84,111.85,110.88,111.33
2017-05-29,111.26,111.47,111.17,111.27
2017-05-30,111.26,111.32,110.67,110.85
2017-05-31,110.85,111.23,110.49,110.78
2017-06-01,110.78,111.48,110.68,111.37
2017-06-02,111.37,111.71,110.33,110.4
2017-06-05,110.37,110.73,110.26,110.45
2017-06-06,110.45,110.53,109.23,109.41
2017-06-07,109.41,109.88,109.12,109.82
2017-06-08,109.82,110.38,109.38,110.02
2017-06-09,110.02,110.81,109.77,110.32
2017-06-12,110.34,110.44,109.63,109.95
2017-06-13,109.95,110.27,109.83,110.07
2017-06-14,110.07,110.34,108.83,109.58
2017-06-15,109.58,110.98,109.27,110.93
2017-06-16,110.93,111.42,110.65,110.88
2017-06-19,110.83,111.6,110.75,111.53
2017-06-20,111.53,111.79,111.31,111.45
2017-06-21,111.45,111.74,111.07,111.38
2017-06-22,111.38,111.45,110.95,111.33
2017-06-23,111.33,111.43,111.15,111.28
2017-06-26,111.15,111.95,111.13,111.86
2017-06-27,111.86,112.47,111.46,112.35
2017-06-28,112.35,112.42,111.83,112.3
2017-06-29,112.3,112.93,111.82,112.18
2017-06-30,112.18,112.6,111.73,112.39
2017-07-03,112.2,113.47,111.91,113.38
2017-07-04,113.38,113.46,112.74,113.28
2017-07-05,113.28,113.69,112.83,113.26
2017-07-06,113.26,113.47,112.89,113.22
2017-07-07,113.22,114.18,113.11,113.92
2017-07-10,113.97,114.3,113.87,114.04
2017-07-11,114.04,114.49,113.72,113.94
2017-07-12,113.94,113.97,112.93,113.17
2017-07-13,113.16,113.53,112.86,113.28
2017-07-14,113.28,113.58,112.27,112.53
2017-07-17,112.55,112.87,112.33,112.63
2017-07-18,112.63,112.69,111.69,112.07
2017-07-19,112.07,112.23,111.56,111.97
2017-07-20,111.97,112.42,111.48,111.91
2017-07-21,111.91,112.08,111.01,111.13
2017-07-24,111.06,111.32,110.62,111.1
2017-07-25,111.1,111.96,110.83,111.89
2017-07-26,111.89,112.2,111.06,111.18
2017-07-27,111.18,111.71,110.78,111.26
2017-07-28,111.26,111.33,110.55,110.68
2017-07-31,110.64,110.77,110.22,110.26
2017-08-01,110.26,110.59,109.93,110.36
2017-08-02,110.36,110.98,110.29,110.72
2017-08-03,110.72,110.83,109.86,110.05
2017-08-04,110.05,111.05,109.85,110.69
2017-08-07,110.73,110.92,110.65,110.75
2017-08-08,110.75,110.83,110.25,110.32
2017-08-09,110.32,110.36,109.56,110.07
2017-08-10,110.07,110.18,109.16,109.2
2017-08-11,109.2,109.4,108.74,109.19
2017-08-14,109.09,109.8,109.0,109.63
2017-08-15,109.63,110.85,109.61,110.67
2017-08-16,110.67,110.95,110.03,110.19
2017-08-17,110.19,110.37,109.45,109.57
2017-08-18,109.57,109.6,108.6,109.18
2017-08-21,109.24,109.42,108.64,108.98
2017-08-22,108.98,109.65,108.89,109.57
2017-08-23,109.57,109.83,108.92,109.04
2017-08-24,109.04,109.6,108.85,109.56
2017-08-25,109.56,109.84,109.12,109.36
2017-08-28,109.36,109.41,109.03,109.25
2017-08-29,109.25,109.9,108.27,109.71
2017-08-30,109.71,110.44,109.55,110.24
2017-08-31,110.24,110.67,109.88,109.98
2017-09-01,109.98,110.47,109.56,110.25
2017-09-04,109.36,109.93,109.23,109.72
2017-09-05,109.72,109.83,108.63,108.81
2017-09-06,108.81,109.4,108.45,109.22
2017-09-07,109.22,109.27,108.05,108.45
2017-09-08,108.45,108.49,107.32,107.84
2017-09-11,108.1,109.51,108.09,109.39
2017-09-12,109.39,110.25,109.24,110.17
2017-09-13,110.17,110.69,109.91,110.49
2017-09-14,110.49,111.04,110.07,110.24
2017-09-15,110.24,111.33,109.56,110.83
2017-09-18,110.92,111.66,110.83,111.57
2017-09-19,111.57,111.88,111.2,111.59
2017-09-20,111.59,112.53,111.12,112.22
2017-09-21,112.22,112.72,112.14,112.48
2017-09-22,112.48,112.56,111.65,111.99
2017-09-25,112.09,112.53,111.48,111.73
2017-09-26,111.73,112.48,111.5,112.24
2017-09-27,112.24,113.26,112.22,112.84
2017-09-28,112.84,113.21,112.26,112.34
2017-09-29,112.34,112.74,112.22,112.51
2017-10-02,112.51,113.06,112.4,112.77
2017-10-03,112.77,113.2,112.66,112.85
2017-10-04,112.85,112.94,112.32,112.76
2017-10-05,112.76,112.92,112.41,112.82
2017-10-06,112.82,113.44,112.61,112.65
2017-10-09,112.7,112.79,112.33,112.68
2017-10-10,112.68,112.83,111.99,112.45
2017-10-11,112.45,112.59,112.08,112.5
2017-10-12,112.5,112.52,112.13,112.28
2017-10-13,112.28,112.31,111.69,111.82
2017-10-16,111.9,112.29,111.65,112.19
2017-10-17,112.19,112.48,112.04,112.2
2017-10-18,112.2,113.05,112.14,112.94
2017-10-19,112.93,113.15,112.3,112.54
2017-10-20,112.54,113.57,112.52,113.52
2017-10-23,113.66,114.1,113.25,113.43
2017-10-24,113.44,114.02,113.25,113.9
2017-10-25,113.91,114.24,113.48,113.74
2017-10-26,113.74,114.08,113.34,113.98
2017-10-27,113.98,114.45,113.65,113.67
2017-10-30,113.73,113.84,113.03,113.18
2017-10-31,113.18,113.73,112.96,113.64
2017-11-01,113.64,114.28,113.61,114.18
2017-11-02,114.18,114.22,113.54,114.08
2017-11-03,114.08,114.43,113.64,114.07
2017-11-06,114.04,114.73,113.7,113.71
2017-11-07,113.71,114.34,113.7,114.01
2017-11-08,114.01,114.03,113.4,113.87
2017-11-09,113.87,114.07,113.09,113.47
2017-11-10,113.47,113.64,113.22,113.53
2017-11-13,113.48,113.71,113.25,113.62
2017-11-14,113.62,113.91,113.31,113.46
2017-11-15,113.46,113.5,112.48,112.88
2017-11-16,112.88,113.33,112.74,113.06
2017-11-17,113.06,113.14,111.95,112.1
2017-11-20,112.13,112.72,111.89,112.62
2017-11-21,112.62,112.7,112.18,112.45
2017-11-22,112.45,112.5,111.14,111.22
2017-11-23,111.22,111.38,111.07,111.22
2017-11-24,111.22,111.62,111.2,111.53
2017-11-27,111.45,111.69,110.84,111.09
2017-11-28,111.09,111.64,110.93,111.48
2017-11-29,111.48,112.15,111.38,111.93
2017-11-30,111.93,112.64,111.74,112.54
2017-12-01,112.54,112.87,111.41,112.17
2017-12-04,112.49,113.09,112.37,112.41
2017-12-05,112.41,112.87,112.38,112.6
2017-12-06,112.6,112.64,111.99,112.29
2017-12-07,112.29,113.16,112.22,113.09
2017-12-08,113.09,113.59,113.08,113.48
2017-12-11,113.47,113.69,113.24,113.56
2017-12-12,113.56,113.75,113.37,113.55
2017-12-13,113.55,113.58,112.46,112.54
2017-12-14,112.54,112.88,112.07,112.39
2017-12-15,112.39,112.74,112.03,112.6
2017-12-18,112.63,112.83,112.31,112.55
2017-12-19,112.55,113.08,112.51,112.89
2017-12-20,112.89,113.47,112.84,113.4
2017-12-21,113.4,113.64,113.2,113.33
2017-12-22,113.33,113.45,113.25,113.29
2017-12-25,113.36,113.48,113.1,113.26
2017-12-26,113.26,113.35,113.12,113.23
2017-12-27,113.23,113.38,113.15,113.35
2017-12-28,113.35,113.35,112.67,112.87
2017-12-29,112.87,112.97,112.47,112.69
2018-01-01,112.69,112.79,112.6,112.63
2018-01-02,112.63,112.79,112.06,112.29
2018-01-03,112.29,112.61,112.17,112.51
2018-01-04,112.51,112.86,112.48,112.75
2018-01-05,112.75,113.31,112.73,113.05
2018-01-08,113.06,113.39,112.88,113.09
2018-01-09,113.09,113.18,112.37,112.65
2018-01-10,112.65,112.79,111.27,111.44
2018-01-11,111.44,111.88,111.04,111.26
2018-01-12,111.26,111.69,110.92,111.06
2018-01-15,111.05,111.19,110.33,110.54
2018-01-16,110.54,110.98,110.25,110.45
2018-01-17,110.45,111.35,110.19,111.29
2018-01-18,111.29,111.48,110.7,111.11
2018-01-19,111.11,111.13,110.49,110.77
2018-01-22,110.63,111.22,110.53,110.92
2018-01-23,110.92,111.18,110.25,110.31
2018-01-24,110.31,110.34,108.97,109.22
2018-01-25,109.22,109.7,108.5,109.41
2018-01-26,109.41,109.77,108.28,108.58
2018-01-29,108.72,109.2,108.51,108.96
2018-01-30,108.96,109.2,108.42,108.78
2018-01-31,108.78,109.45,108.6,109.19
2018-02-01,109.19,109.75,109.1,109.4
2018-02-02,109.4,110.48,109.28,110.17
2018-02-05,110.13,110.29,108.99,109.09
2018-02-06,109.09,109.65,108.46,109.56
2018-02-07,109.56,109.72,108.92,109.33
2018-02-08,109.33,109.78,108.58,108.74
2018-02-09,108.74,109.31,108.05,108.8
2018-02-12,108.76,108.94,108.44,108.66
2018-02-13,108.66,108.78,107.41,107.82
2018-02-14,107.82,107.9,106.72,107.01
2018-02-15,107.01,107.02,106.04,106.13
2018-02-16,106.13,106.4,105.55,106.21
2018-02-19,106.28,106.73,106.1,106.59
2018-02-20,106.59,107.38,106.56,107.33
2018-02-21,107.33,107.9,107.28,107.78
2018-02-22,107.78,107.78,106.6,106.75
2018-02-23,106.75,107.13,106.51,106.89
2018-02-26,106.87,107.27,106.38,106.93
2018-02-27,106.93,107.68,106.79,107.33
2018-02-28,107.33,107.53,106.57,106.68
2018-03-01,106.68,107.2,106.16,106.24
2018-03-02,106.24,106.29,105.25,105.75
2018-03-05,105.64,106.24,105.35,106.2
2018-03-06,106.2,106.46,105.85,106.13
2018-03-07,106.13,106.22,105.46,106.07
2018-03-08,106.07,106.32,105.89,106.23
2018-03-09,106.23,107.05,106.17,106.82
2018-03-12,106.81,106.97,106.32,106.42
2018-03-13,106.42,107.29,106.26,106.58
2018-03-14,106.58,106.75,106.07,106.32
2018-03-15,106.32,106.41,105.79,106.34
2018-03-16,106.34,106.38,105.6,106.01
2018-03-19,105.94,106.31,105.68,106.1
2018-03-20,106.1,106.61,105.93,106.53
2018-03-21,106.53,106.64,105.88,106.05
2018-03-22,106.05,106.09,105.26,105.28
2018-03-23,105.28,105.37,104.64,104.74
2018-03-26,104.75,105.48,104.56,105.41
2018-03-27,105.41,105.9,105.33,105.34
2018-03-28,105.34,107.01,105.33,106.85
2018-03-29,106.85,106.93,106.27,106.43
2018-03-30,106.43,106.54,106.13,106.28
2018-04-02,106.22,106.45,105.66,105.89
2018-04-03,105.9,106.66,105.7,106.61
2018-04-04,106.61,106.85,105.99,106.78
2018-04-05,106.78,107.49,106.71,107.39
2018-04-06,107.39,107.46,106.78,106.93
2018-04-09,106.86,107.2,106.62,106.77
2018-04-10,106.77,107.4,106.62,107.2
2018-04-11,107.2,107.26,106.65,106.79
2018-04-12,106.79,107.43,106.7,107.33
2018-04-13,107.33,107.78,107.21,107.35
2018-04-16,107.35,107.61,107.04,107.12
2018-04-17,107.12,107.21,106.88,107.0
2018-04-18,107.01,107.39,107.0,107.23
2018-04-19,107.23,107.52,107.18,107.37
2018-04-20,107.37,107.86,107.36,107.66
2018-04-23,107.64,108.75,107.63,108.71
2018-04-24,108.71,109.2,108.54,108.82
2018-04-25,108.82,109.45,108.79,109.43
2018-04-26,109.43,109.47,109.07,109.3
2018-04-27,109.3,109.54,108.98,109.05
2018-04-30,109.06,109.45,109.02,109.34
2018-05-01,109.34,109.89,109.24,109.86
2018-05-02,109.86,110.04,109.6,109.84
2018-05-03,109.84,109.92,108.93,109.19
2018-05-04,109.19,109.27,108.65,109.12
2018-05-07,109.13,109.4,108.76,109.09
2018-05-08,109.09,109.35,108.83,109.13
2018-05-09,109.13,109.83,109.0,109.74
2018-05-10,109.74,110.02,109.32,109.4
2018-05-11,109.4,109.57,109.15,109.39
2018-05-14,109.34,109.67,109.21,109.66
2018-05-15,109.66,110.45,109.65,110.35
2018-05-16,110.35,110.41,110.04,110.4
2018-05-17,110.4,110.86,110.08,110.77
2018-05-18,110.77,111.08,110.61,110.78
2018-05-21,110.78,111.4,110.75,111.05
2018-05-22,111.05,111.19,110.8,110.9
2018-05-23,110.9,110.92,109.56,110.08
2018-05-24,110.08,110.12,108.96,109.26
2018-05-25,109.26,109.74,109.13,109.41
2018-05-28,109.49,109.83,109.24,109.42
2018-05-29,109.42,109.47,108.11,108.77
2018-05-30,108.77,109.07,108.35,108.91
2018-05-31,108.91,109.0,108.39,108.82
2018-06-01,108.82,109.73,108.72,109.54
2018-06-04,109.49,109.85,109.37,109.82
2018-06-05,109.82,110.0,109.47,109.79
2018-06-06,109.79,110.27,109.78,110.18
2018-06-07,110.18,110.22,109.48,109.7
2018-06-08,109.7,109.85,109.2,109.55
2018-06-11,109.51,110.12,109.23,110.03
2018-06-12,110.04,110.49,109.99,110.37
2018-06-13,110.37,110.85,110.27,110.34
2018-06-14,110.34,110.69,109.92,110.63
2018-06-15,110.63,110.9,110.39,110.66
2018-06-18,110.62,110.74,110.3,110.55
2018-06-19,110.55,110.57,109.55,110.06
2018-06-20,110.06,110.45,109.86,110.36
2018-06-21,110.36,110.76,109.84,109.99
2018-06-22,109.99,110.22,109.8,109.97
2018-06-25,109.95,110.04,109.37,109.77
2018-06-26,109.77,110.22,109.37,110.06
2018-06-27,110.06,110.49,109.69,110.26
2018-06-28,110.26,110.65,109.97,110.49
2018-06-29,110.49,110.94,110.38,110.76
2018-07-02,110.73,111.06,110.51,110.9
2018-07-03,110.9,111.14,110.51,110.59
2018-07-04,110.59,110.61,110.28,110.49
2018-07-05,110.49,110.72,110.29,110.64
2018-07-06,110.64,110.79,110.38,110.47
2018-07-09,110.43,110.9,110.3,110.85
2018-07-10,110.85,111.35,110.8,111.0
2018-07-11,111.0,112.17,110.77,112.01
2018-07-12,112.01,112.63,111.92,112.55
2018-07-13,112.55,112.8,112.28,112.38
2018-07-16,112.32,112.56,112.11,112.29
2018-07-17,112.29,112.93,112.23,112.88
2018-07-18,112.88,113.14,112.71,112.86
2018-07-19,112.86,113.17,112.06,112.47
2018-07-20,112.47,112.62,111.39,111.41
2018-07-23,111.43,111.54,110.75,111.35
2018-07-24,111.35,111.51,110.96,111.2
2018-07-25,111.2,111.38,110.67,110.98
2018-07-26,110.98,111.25,110.59,111.23
2018-07-27,111.23,111.25,110.8,111.05
2018-07-30,111.03,111.17,110.89,111.04
2018-07-31,111.04,111.96,110.75,111.86
2018-08-01,111.85,112.15,111.39,111.73
2018-08-02,111.73,111.74,111.32,111.66
2018-08-03,111.66,111.87,111.1,111.25
2018-08-06,111.24,111.53,111.15,111.4
2018-08-07,111.4,111.48,110.99,111.38
2018-08-08,111.38,111.44,110.84,110.98
2018-08-09,110.98,111.18,110.71,111.08
2018-08-10,111.08,111.17,110.51,110.83
2018-08-13,110.73,110.94,110.11,110.7
2018-08-14,110.69,111.32,110.59,111.15
2018-08-15,111.15,111.43,110.43,110.74
2018-08-16,110.74,111.12,110.46,110.9
2018-08-17,110.9,111.05,110.32,110.5
2018-08-20,110.52,110.68,110.02,110.07
2018-08-21,110.07,110.55,109.78,110.31
2018-08-22,110.31,110.62,110.03,110.56
2018-08-23,110.56,111.32,110.52,111.29
2018-08-24,111.29,111.49,111.11,111.24
2018-08-27,111.24,111.37,110.94,111.08
2018-08-28,111.08,111.36,110.96,111.19
2018-08-29,111.19,111.83,111.12,111.68
2018-08-30,111.68,111.76,110.96,110.98
2018-08-31,110.98,111.13,110.69,111.03
2018-09-03,111.05,111.19,110.85,111.07
2018-09-04,111.07,111.53,110.9,111.41
2018-09-05,111.41,111.76,111.37,111.53
2018-09-06,111.53,111.53,110.52,110.75
2018-09-07,110.75,111.25,110.38,110.99
2018-09-10,110.98,111.25,110.85,111.13
2018-09-11,111.13,111.64,111.07,111.63
2018-09-12,111.63,111.65,111.12,111.26
2018-09-13,111.26,112.0,111.17,111.92
2018-09-14,111.93,112.17,111.75,112.06
2018-09-17,111.99,112.12,111.76,111.85
2018-09-18,111.85,112.39,111.67,112.36
2018-09-19,112.36,112.45,112.16,112.28
2018-09-20,112.28,112.58,112.04,112.49
2018-09-21,112.49,112.87,112.43,112.59
2018-09-24,112.56,112.84,112.29,112.8
2018-09-25,112.8,112.98,112.74,112.97
2018-09-26,112.97,113.14,112.64,112.73
2018-09-27,112.73,113.47,112.56,113.38
2018-09-28,113.38,113.71,113.32,113.7
2018-10-01,113.64,114.06,113.59,113.93
2018-10-02,113.93,114.02,113.53,113.65
2018-10-03,113.65,114.54,113.52,114.53
2018-10-04,114.53,114.55,113.63,113.91
2018-10-05,113.9,114.1,113.56,113.72
2018-10-08,113.65,113.94,112.82,113.23
2018-10-09,113.23,113.39,112.87,112.96
2018-10-10,112.96,113.29,112.26,112.27
2018-10-11,112.27,112.53,111.83,112.16
2018-10-12,112.16,112.5,111.88,112.21
2018-10-15,112.15,112.28,111.63,111.77
2018-10-16,111.77,112.34,111.73,112.25
2018-10-17,112.25,112.68,112.02,112.65
2018-10-18,112.65,112.73,111.95,112.21
2018-10-19,112.21,112.65,112.14,112.55
2018-10-22,112.51,112.89,112.35,112.82
2018-10-23,112.82,112.84,111.96,112.44
2018-10-24,112.44,112.74,112.09,112.26
2018-10-25,112.26,112.67,111.82,112.42
2018-10-26,112.42,112.44,111.38,111.91
2018-10-29,111.89,112.56,111.78,112.37
2018-10-30,112.37,113.13,112.31,113.13
2018-10-31,113.13,113.39,112.81,112.94
2018-11-01,112.94,113.0,112.61,112.72
2018-11-02,112.72,113.32,112.56,113.2
2018-11-05,113.17,113.34,113.08,113.19
2018-11-06,113.19,113.5,113.1,113.43
2018-11-07,113.43,113.82,112.95,113.52
2018-11-08,113.52,114.08,113.48,114.07
2018-11-09,114.07,114.09,113.64,113.83
2018-11-12,113.79,114.21,113.65,113.84
2018-11-13,113.84,114.15,113.58,113.81
2018-11-14,113.81,114.01,113.3,113.63
2018-11-15,113.63,113.71,113.1,113.64
2018-11-16,113.64,113.65,112.64,112.83
2018-11-19,112.87,112.9,112.42,112.55
2018-11-20,112.55,112.84,112.31,112.77
2018-11-21,112.77,113.15,112.65,113.06
2018-11-22,113.07,113.22,112.89,112.95
2018-11-23,112.95,113.01,112.66,112.96
2018-11-26,112.94,113.65,112.88,113.58
2018-11-27,113.58,113.84,113.42,113.79
2018-11-28,113.79,114.04,113.44,113.68
2018-11-29,113.68,113.68,113.19,113.48
2018-11-30,113.48,113.71,113.34,113.57
2018-12-03,113.72,113.85,113.38,113.66
2018-12-04,113.66,113.66,112.58,112.77
2018-12-05,112.77,113.24,112.65,113.19
2018-12-06,113.19,113.21,112.24,112.68
2018-12-07,112.68,112.93,112.56,112.69
2018-12-10,112.65,113.37,112.24,113.33
2018-12-11,113.33,113.47,113.01,113.38
2018-12-12,113.38,113.52,113.14,113.29
2018-12-13,113.29,113.71,113.21,113.63
2018-12-14,113.63,113.67,113.22,113.39
2018-12-17,113.32,113.52,112.68,112.83
2018-12-18,112.83,112.86,112.25,112.52
2018-12-19,112.52,112.67,112.09,112.48
2018-12-20,112.48,112.6,110.81,111.28
2018-12-21,111.28,111.46,110.93,111.22
2018-12-24,110.92,111.19,110.27,110.45
2018-12-25,110.45,110.56,110.0,110.31
2018-12-26,110.31,111.41,110.14,111.37
2018-12-27,111.37,111.37,110.46,111.01
2018-12-28,111.01,111.03,110.15,110.27
2018-12-31,110.43,110.48,109.56,109.69
2019-01-01,109.69,109.82,109.57,109.74
2019-01-02,109.7,109.73,108.71,108.88
2019-01-03,108.88,108.92,104.87,107.68
2019-01-04,107.68,108.59,107.52,108.51
2019-01-07,108.53,108.78,108.02,108.72
2019-01-08,108.72,109.09,108.44,108.75
2019-01-09,108.75,109.0,107.97,108.17
2019-01-10,108.17,108.52,107.77,108.43
2019-01-11,108.43,108.6,108.15,108.48
2019-01-14,108.48,108.6,107.99,108.16
2019-01-15,108.16,108.77,108.14,108.68
2019-01-16,108.68,109.2,108.37,109.09
2019-01-17,109.09,109.4,108.69,109.26
2019-01-18,109.26,109.89,109.06,109.78
2019-01-21,109.75,109.77,109.48,109.67
2019-01-22,109.67,109.7,109.15,109.37
2019-01-23,109.37,110.0,109.33,109.6
2019-01-24,109.6,109.8,109.42,109.64
2019-01-25,109.64,109.95,109.46,109.55
2019-01-28,109.54,109.6,109.16,109.35
2019-01-29,109.35,109.54,109.13,109.4
2019-01-30,109.4,109.74,108.81,109.04
2019-01-31,109.04,109.07,108.5,108.89
2019-02-01,108.89,109.58,108.73,109.5
2019-02-04,109.5,110.16,109.43,109.89
2019-02-05,109.89,110.04,109.78,109.96
2019-02-06,109.96,110.05,109.56,109.97
2019-02-07,109.97,110.09,109.61,109.82
2019-02-08,109.82,109.9,109.65,109.73
2019-02-11,109.74,110.47,109.69,110.38
2019-02-12,110.38,110.65,110.35,110.48
2019-02-13,110.48,111.05,110.43,111.01
2019-02-14,111.01,111.13,110.46,110.48
2019-02-15,110.48,110.65,110.26,110.47
2019-02-18,110.44,110.65,110.39,110.62
2019-02-19,110.62,110.82,110.45,110.63
2019-02-20,110.63,110.95,110.55,110.85
2019-02-21,110.85,110.87,110.57,110.7
2019-02-22,110.7,110.91,110.56,110.69
2019-02-25,110.69,111.24,110.58,111.06
2019-02-26,111.06,111.08,110.43,110.59
2019-02-27,110.59,111.07,110.36,111.0
2019-02-28,111.0,111.49,110.66,111.39
2019-03-01,111.39,112.08,111.33,111.89
2019-03-04,111.77,112.01,111.64,111.75
2019-03-05,111.74,112.14,111.72,111.89
2019-03-06,111.89,111.92,111.62,111.77
2019-03-07,111.77,111.86,111.48,111.58
2019-03-08,111.58,111.65,110.79,111.17
2019-03-11,111.12,111.31,110.88,111.21
2019-03-12,111.21,111.47,111.11,111.36
2019-03-13,111.36,111.47,111.01,111.17
2019-03-14,111.17,111.83,111.15,111.7
2019-03-15,111.7,111.9,111.39,111.48
2019-03-18,111.46,111.63,111.3,111.43
2019-03-19,111.43,111.48,111.16,111.39
2019-03-20,111.39,111.69,110.54,110.7
2019-03-21,110.7,110.96,110.3,110.82
2019-03-22,110.82,110.9,109.74,109.92
2019-03-25,109.87,110.24,109.71,109.97
2019-03-26,109.97,110.69,109.94,110.64
2019-03-27,110.64,110.71,110.24,110.51
2019-03-28,110.51,110.83,110.02,110.63
2019-03-29,110.63,110.95,110.54,110.86
2019-04-01,110.8,111.44,110.8,111.35
2019-04-02,111.35,111.46,111.25,111.32
2019-04-03,111.32,111.58,111.21,111.49
2019-04-04,111.49,111.68,111.34,111.66
2019-04-05,111.66,111.82,111.58,111.73
2019-04-08,111.71,111.77,111.28,111.48
2019-04-09,111.48,111.58,110.98,111.14
2019-04-10,111.14,111.28,110.84,111.01
2019-04-11,111.01,111.7,110.91,111.66
2019-04-12,111.66,112.09,111.59,112.02
2019-04-15,112.01,112.1,111.89,112.04
2019-04-16,112.04,112.05,111.85,112.0
2019-04-17,112.0,112.17,111.92,112.06
2019-04-18,112.06,112.07,111.77,111.97
2019-04-19,111.97,112.01,111.9,111.92
2019-04-22,111.93,111.99,111.85,111.94
2019-04-23,111.94,112.03,111.65,111.86
2019-04-24,111.86,112.4,111.68,112.19
2019-04-25,112.19,112.24,111.38,111.63
2019-04-26,111.63,112.03,111.43,111.58
2019-04-29,111.6,111.9,111.55,111.65
2019-04-30,111.65,111.69,111.24,111.42
2019-05-01,111.42,111.61,111.05,111.38
2019-05-02,111.38,111.67,111.35,111.51
2019-05-03,111.51,111.69,111.07,111.1
2019-05-06,110.72,110.96,110.28,110.76
2019-05-07,110.76,110.85,110.17,110.26
2019-05-08,110.26,110.29,109.9,110.1
2019-05-09,110.1,110.11,109.47,109.74
2019-05-10,109.74,110.05,109.48,109.95
2019-05-13,109.78,109.83,109.02,109.3
2019-05-14,109.3,109.77,109.15,109.61
2019-05-15,109.61,109.7,109.16,109.6
2019-05-16,109.6,109.97,109.34,109.85
2019-05-17,109.85,110.19,109.5,110.08
2019-05-20,110.1,110.32,109.81,110.06
2019-05-21,110.06,110.67,110.02,110.5
2019-05-22,110.5,110.63,110.24,110.36
2019-05-23,110.36,110.36,109.46,109.61
2019-05-24,109.61,109.75,109.27,109.31
2019-05-27,109.32,109.58,109.28,109.51
2019-05-28,109.51,109.63,109.21,109.38
2019-05-29,109.38,109.7,109.15,109.59
2019-05-30,109.59,109.93,109.47,109.62
2019-05-31,109.62,109.62,108.28,108.29
2019-06-03,108.37,108.45,107.88,108.07
2019-06-04,108.07,108.36,107.85,108.15
2019-06-05,108.15,108.49,107.82,108.46
2019-06-06,108.46,108.56,108.03,108.4
2019-06-07,108.41,108.62,107.88,108.19
2019-06-10,108.55,108.72,108.32,108.45
2019-06-11,108.45,108.8,108.35,108.52
2019-06-12,108.52,108.57,108.22,108.5
2019-06-13,108.5,108.54,108.17,108.38
2019-06-14,108.38,108.59,108.16,108.56
2019-06-17,108.48,108.72,108.39,108.54
2019-06-18,108.55,108.68,108.06,108.45
2019-06-19,108.45,108.62,107.9,108.1
2019-06-20,108.1,108.14,107.21,107.3
2019-06-21,107.3,107.74,107.05,107.32
2019-06-24,107.39,107.54,107.25,107.3
2019-06-25,107.3,107.41,106.78,107.2
2019-06-26,107.2,107.85,107.1,107.79
2019-06-27,107.79,108.16,107.65,107.79
2019-06-28,107.79,107.94,107.56,107.85
2019-07-01,108.11,108.53,108.07,108.45
2019-07-02,108.45,108.47,107.77,107.88
2019-07-03,107.88,107.92,107.53,107.81
2019-07-04,107.81,107.84,107.71,107.82
2019-07-05,107.82,108.64,107.78,108.47
2019-07-08,108.43,108.8,108.28,108.72
2019-07-09,108.72,108.96,108.68,108.85
2019-07-10,108.85,108.99,108.35,108.46
2019-07-11,108.46,108.53,107.86,108.5
2019-07-12,108.5,108.61,107.81,107.91
2019-07-15,107.9,108.11,107.8,107.91
2019-07-16,107.91,108.38,107.82,108.24
2019-07-17,108.25,108.33,107.94,107.95
2019-07-18,107.95,108.02,107.21,107.3
2019-07-19,107.3,107.98,107.22,107.71
2019-07-22,107.79,108.07,107.7,107.87
2019-07-23,107.87,108.29,107.83,108.23
2019-07-24,108.23,108.28,107.94,108.19
2019-07-25,108.19,108.75,108.04,108.63
2019-07-26,108.63,108.83,108.56,108.68
2019-07-29,108.68,108.9,108.42,108.78
2019-07-30,108.78,108.95,108.45,108.61
2019-07-31,108.61,109.0,108.49,108.78
2019-08-01,108.78,109.32,107.26,107.34
2019-08-02,107.34,107.57,106.51,106.59
2019-08-05,106.59,106.68,105.79,105.95
2019-08-06,105.95,107.09,105.52,106.47
2019-08-07,106.47,106.47,105.5,106.27
2019-08-08,106.27,106.3,105.9,106.07
2019-08-09,106.07,106.09,105.27,105.69
2019-08-12,105.58,105.69,105.05,105.3
2019-08-13,105.3,106.98,105.07,106.74
2019-08-14,106.74,106.77,105.66,105.91
2019-08-15,105.91,106.78,105.7,106.12
2019-08-16,106.12,106.49,106.03,106.38
2019-08-19,106.32,106.7,106.22,106.64
2019-08-20,106.64,106.69,106.16,106.23
2019-08-21,106.23,106.65,106.23,106.62
2019-08-22,106.62,106.65,106.25,106.44
2019-08-23,106.44,106.74,105.26,105.39
2019-08-26,105.13,106.41,104.46,106.12
2019-08-27,106.13,106.18,105.59,105.75
2019-08-28,105.75,106.23,105.65,106.12
2019-08-29,106.12,106.68,105.83,106.52
2019-08-30,106.52,106.54,106.11,106.28
2019-09-02,106.11,106.4,105.91,106.24
2019-09-03,106.24,106.39,105.74,105.94
2019-09-04,105.94,106.44,105.83,106.39
2019-09-05,106.39,107.23,106.33,106.94
2019-09-06,106.94,107.1,106.62,106.92
2019-09-09,106.86,107.27,106.76,107.24
2019-09-10,107.24,107.59,107.18,107.54
2019-09-11,107.54,107.86,107.5,107.82
2019-09-12,107.82,108.19,107.52,108.1
2019-09-13,108.1,108.26,107.91,108.09
2019-09-16,107.64,108.17,107.46,108.12
2019-09-17,108.12,108.37,108.02,108.13
2019-09-18,108.13,108.48,108.09,108.45
2019-09-19,108.45,108.47,107.79,108.02
2019-09-20,108.02,108.09,107.53,107.56
2019-09-23,107.63,107.8,107.31,107.55
2019-09-24,107.55,107.8,106.96,107.07
2019-09-25,107.07,107.88,107.0,107.77
2019-09-26,107.77,107.96,107.43,107.83
2019-09-27,107.83,108.18,107.66,107.92
2019-09-30,107.98,108.18,107.75,108.08
2019-10-01,108.08,108.47,107.63,107.75
2019-10-02,107.75,107.89,107.05,107.18
2019-10-03,107.18,107.3,106.48,106.92
2019-10-04,106.92,107.13,106.61,106.94
2019-10-07,106.97,107.46,106.57,107.26
2019-10-08,107.26,107.44,106.81,107.09
2019-10-09,107.09,107.63,106.93,107.48
2019-10-10,107.48,108.02,107.04,107.98
2019-10-11,107.98,108.63,107.85,108.29
2019-10-14,108.28,108.52,108.03,108.4
2019-10-15,108.4,108.9,108.16,108.86
2019-10-16,108.86,108.87,108.57,108.76
2019-10-17,108.76,108.94,108.46,108.66
2019-10-18,108.66,108.72,108.39,108.45
2019-10-21,108.48,108.66,108.29,108.62
2019-10-22,108.62,108.73,108.44,108.49
2019-10-23,108.49,108.7,108.25,108.69
2019-10-24,108.69,108.75,108.5,108.61
2019-10-25,108.61,108.77,108.51,108.67
2019-10-28,108.67,109.04,108.66,108.95
2019-10-29,108.95,109.07,108.75,108.89
2019-10-30,108.89,109.29,108.72,108.85
2019-10-31,108.85,108.9,107.93,108.03
2019-11-01,108.03,108.32,107.89,108.19
2019-11-04,108.21,108.65,108.18,108.58
2019-11-05,108.58,109.24,108.56,109.16
2019-11-06,109.16,109.18,108.82,108.98
2019-11-07,108.98,109.49,108.65,109.28
2019-11-08,109.28,109.48,109.08,109.26
2019-11-11,109.21,109.26,108.9,109.05
2019-11-12,109.05,109.29,108.92,109.01
2019-11-13,109.01,109.15,108.66,108.82
2019-11-14,108.82,108.86,108.24,108.42
2019-11-15,108.42,108.86,108.38,108.8
2019-11-18,108.8,109.07,108.51,108.68
2019-11-19,108.68,108.84,108.45,108.54
2019-11-20,108.54,108.74,108.35,108.61
2019-11-21,108.61,108.7,108.28,108.63
2019-11-22,108.64,108.73,108.48,108.66
2019-11-25,108.7,108.98,108.64,108.93
2019-11-26,108.93,109.21,108.88,109.05
2019-11-27,109.04,109.61,109.02,109.54
2019-11-28,109.55,109.57,109.33,109.51
2019-11-29,109.51,109.67,109.4,109.49
2019-12-02,109.51,109.73,108.93,108.98
2019-12-03,108.98,109.21,108.48,108.63
2019-12-04,108.63,108.96,108.43,108.86
2019-12-05,108.86,109.0,108.66,108.76
2019-12-06,108.76,108.92,108.53,108.58
2019-12-09,108.65,108.72,108.43,108.56
2019-12-10,108.56,108.77,108.51,108.72
2019-12-11,108.72,108.85,108.47,108.56
2019-12-12,108.56,109.45,108.46,109.31
2019-12-13,109.31,109.71,108.99,109.38
2019-12-16,109.37,109.68,109.27,109.55
2019-12-17,109.55,109.63,109.44,109.48
2019-12-18,109.48,109.63,109.4,109.55
2019-12-19,109.55,109.68,109.18,109.37
2019-12-20,109.37,109.53,109.26,109.44
2019-12-23,109.4,109.54,109.34,109.4
2019-12-24,109.4,109.44,109.33,109.39
2019-12-25,109.39,109.43,109.31,109.38
2019-12-26,109.37,109.68,109.33,109.63
2019-12-27,109.63,109.63,109.39,109.44
2019-12-30,109.45,109.5,108.77,108.88
2019-12-31,108.88,108.89,108.47,108.61
2020-01-01,108.61,108.78,108.58,108.76
2020-01-02,108.76,108.87,108.21,108.57
2020-01-03,108.57,108.63,107.84,108.09
2020-01-06,108.07,108.51,107.77,108.37
2020-01-07,108.37,108.63,108.26,108.44
2020-01-08,108.44,109.24,107.65,109.12
2020-01-09,109.12,109.58,109.01,109.52
2020-01-10,109.52,109.69,109.44,109.45
2020-01-13,109.49,109.95,109.45,109.95
2020-01-14,109.94,110.21,109.86,109.99
2020-01-15,109.99,110.01,109.79,109.9
2020-01-16,109.9,110.18,109.86,110.16
2020-01-17,110.16,110.29,110.05,110.14
2020-01-20,110.06,110.22,110.05,110.18
2020-01-21,110.18,110.22,109.76,109.87
2020-01-22,109.87,110.1,109.83,109.84
2020-01-23,109.84,109.87,109.27,109.49
2020-01-24,109.49,109.65,109.17,109.28
2020-01-27,109.02,109.14,108.73,108.9
2020-01-28,108.9,109.2,108.76,109.15
2020-01-29,109.15,109.27,108.98,109.02
2020-01-30,109.02,109.08,108.58,108.96
2020-01-31,108.96,109.14,108.31,108.35
2020-02-03,108.43,108.8,108.32,108.69
2020-02-04,108.69,109.54,108.55,109.52
2020-02-05,109.52,109.85,109.3,109.83
2020-02-06,109.82,110.0,109.74,109.99
2020-02-07,109.99,110.02,109.53,109.75
2020-02-10,109.8,109.88,109.56,109.77
2020-02-11,109.77,109.96,109.73,109.79
2020-02-12,109.79,110.13,109.77,110.09
2020-02-13,110.09,110.09,109.62,109.82
2020-02-14,109.82,109.91,109.7,109.78
2020-02-17,109.77,109.96,109.72,109.88
2020-02-18,109.88,109.95,109.66,109.87
2020-02-19,109.87,111.59,109.85,111.37
2020-02-20,111.37,112.23,111.11,112.1
2020-02-21,112.1,112.19,111.47,111.61
2020-02-24,111.61,111.68,110.33,110.72
2020-02-25,110.72,111.04,109.89,110.2
2020-02-26,110.2,110.7,110.13,110.43
2020-02-27,110.43,110.46,109.57,109.59
2020-02-28,109.59,109.68,107.51,107.89
2020-03-02,107.46,108.58,107.01,108.33
2020-03-03,108.33,108.54,106.93,107.13
2020-03-04,107.12,107.69,106.85,107.53
2020-03-05,107.53,107.74,105.97,106.16
2020-03-06,106.16,106.34,104.99,105.39
2020-03-09,104.92,104.93,101.19,102.36
2020-03-10,102.36,105.92,102.02,105.64
2020-03-11,105.64,105.66,104.1,104.54
2020-03-12,104.54,106.1,103.09,104.64
2020-03-13,104.64,108.5,104.51,107.62
2020-03-16,107.29,107.57,105.15,105.83
2020-03-17,105.82,107.86,105.81,107.7
2020-03-18,107.7,108.65,106.76,108.08
2020-03-19,108.08,110.95,107.89,110.71
2020-03-20,110.71,111.51,109.34,110.93
2020-03-23,110.85,111.59,109.67,111.23
2020-03-24,111.23,111.71,110.09,111.23
2020-03-25,111.23,111.68,110.76,111.21
2020-03-26,111.21,111.3,109.21,109.58
2020-03-27,109.58,109.69,107.76,107.94
2020-03-30,107.95,108.29,107.12,107.76
2020-03-31,107.76,108.73,107.46,107.54
2020-04-01,107.54,107.94,106.92,107.17
2020-04-02,107.17,108.09,107.02,107.91
2020-04-03,107.91,108.68,107.8,108.55
2020-04-06,108.49,109.38,108.33,109.22
2020-04-07,109.22,109.28,108.67,108.76
2020-04-08,108.76,109.1,108.51,108.83
2020-04-09,108.83,109.06,108.21,108.49
2020-04-10,108.49,108.59,108.33,108.47
2020-04-13,108.48,108.54,107.5,107.77
2020-04-14,107.77,107.78,106.98,107.22
2020-04-15,107.22,107.86,106.93,107.46
2020-04-16,107.46,108.08,107.17,107.92
2020-04-17,107.92,108.08,107.3,107.54
2020-04-20,107.55,107.95,107.49,107.62
2020-04-21,107.62,107.89,107.28,107.8
2020-04-22,107.8,107.94,107.52,107.75
2020-04-23,107.75,108.04,107.35,107.6
2020-04-24,107.6,107.76,107.37,107.51
2020-04-27,107.56,107.64,106.99,107.25
2020-04-28,107.25,107.34,106.56,106.87
2020-04-29,106.87,106.9,106.36,106.68
2020-04-30,106.68,107.5,106.41,107.18
2020-05-01,107.18,107.41,106.61,106.91
2020-05-04,106.95,107.07,106.64,106.74
2020-05-05,106.74,106.9,106.42,106.57
2020-05-06,106.57,106.63,105.99,106.12
2020-05-07,106.12,106.66,105.99,106.28
2020-05-08,106.28,106.75,106.22,106.65
2020-05-11,106.65,107.77,106.4,107.66
2020-05-12,107.66,107.7,107.12,107.14
2020-05-13,107.14,107.28,106.74,107.03
2020-05-14,107.03,107.37,106.78,107.25
2020-05-15,107.25,107.43,106.86,107.06
2020-05-18,107.15,107.5,107.04,107.34
2020-05-19,107.33,108.09,107.3,107.71
2020-05-20,107.71,107.98,107.34,107.53
2020-05-21,107.53,107.85,107.5,107.61
2020-05-22,107.61,107.76,107.32,107.64
2020-05-25,107.59,107.78,107.57,107.71
2020-05-26,107.71,107.92,107.4,107.54
2020-05-27,107.54,107.95,107.37,107.72
2020-05-28,107.72,107.9,107.57,107.65
2020-05-29,107.65,107.9,107.09,107.83
2020-06-01,107.71,107.86,107.39,107.59
2020-06-02,107.59,108.77,107.51,108.68
2020-06-03,108.68,108.98,108.42,108.9
2020-06-04,108.9,109.2,108.62,109.15
2020-06-05,109.15,109.85,109.05,109.59
2020-06-08,109.67,109.7,108.24,108.43
2020-06-09,108.43,108.54,107.62,107.76
2020-06-10,107.75,107.87,106.99,107.12
2020-06-11,107.12,107.23,106.58,106.87
2020-06-12,106.87,107.55,106.59,107.38
2020-06-15,107.32,107.57,107.0,107.33
2020-06-16,107.33,107.64,107.21,107.32
2020-06-17,107.32,107.44,106.95,107.01
2020-06-18,107.01,107.13,106.67,106.97
2020-06-19,106.97,107.06,106.77,106.87
2020-06-22,106.88,107.01,106.75,106.91
2020-06-23,106.91,107.22,106.07,106.52
2020-06-24,106.52,107.07,106.39,107.04
2020-06-25,107.04,107.45,106.99,107.19
2020-06-26,107.19,107.36,106.8,107.22
2020-06-29,107.17,107.88,107.04,107.58
2020-06-30,107.58,107.98,107.52,107.93
2020-07-01,107.93,108.16,107.36,107.47
2020-07-02,107.47,107.72,107.33,107.5
2020-07-03,107.5,107.57,107.44,107.51
2020-07-06,107.49,107.77,107.26,107.35
2020-07-07,107.35,107.79,107.25,107.52
2020-07-08,107.52,107.71,107.2,107.26
2020-07-09,107.26,107.4,107.1,107.2
2020-07-10,107.21,107.26,106.65,106.93
2020-07-13,106.92,107.32,106.79,107.29
2020-07-14,107.29,107.43,107.12,107.24
2020-07-15,107.24,107.31,106.67,106.94
2020-07-16,106.93,107.4,106.83,107.27
2020-07-17,107.27,107.36,106.94,107.02
2020-07-20,107.12,107.53,107.02,107.27
2020-07-21,107.27,107.37,106.69,106.8
2020-07-22,106.8,107.29,106.71,107.15
2020-07-23,107.15,107.23,106.71,106.86
2020-07-24,106.86,106.9,105.68,106.14
2020-07-27,105.99,106.16,105.12,105.37
2020-07-28,105.37,105.69,104.96,105.09
2020-07-29,105.09,105.24,104.77,104.92
2020-07-30,104.92,105.29,104.68,104.73
2020-07-31,104.73,106.05,104.19,105.83
2020-08-03,105.8,106.47,105.58,105.95
2020-08-04,105.95,106.2,105.64,105.72
2020-08-05,105.72,105.87,105.32,105.6
2020-08-06,105.6,105.7,105.3,105.55
2020-08-07,105.55,106.05,105.48,105.92
2020-08-10,105.9,106.2,105.71,105.96
2020-08-11,105.96,106.68,105.92,106.49
2020-08-12,106.49,107.01,106.44,106.91
2020-08-13,106.91,107.05,106.57,106.93
2020-08-14,106.93,107.04,106.44,106.6
2020-08-17,106.61,106.68,105.94,106.0
2020-08-18,106.01,106.05,105.28,105.41
2020-08-19,105.41,106.15,105.1,106.12
2020-08-20,106.12,106.22,105.75,105.8
2020-08-21,105.8,106.07,105.44,105.8
2020-08-24,105.9,106.0,105.69,105.98
2020-08-25,105.98,106.58,105.87,106.39
2020-08-26,106.39,106.56,105.96,105.99
2020-08-27,105.99,106.7,105.61,106.57
2020-08-28,106.57,106.95,105.2,105.37
2020-08-31,105.46,106.1,105.3,105.91
2020-09-01,105.91,106.15,105.59,105.96
2020-09-02,105.96,106.3,105.85,106.18
2020-09-03,106.18,106.55,106.0,106.19
2020-09-04,106.19,106.51,106.06,106.24
2020-09-07,106.27,106.38,106.13,106.27
2020-09-08,106.27,106.38,105.86,106.03
2020-09-09,106.03,106.27,105.8,106.18
2020-09-10,106.18,106.3,105.98,106.13
2020-09-11,106.13,106.26,106.06,106.16
2020-09-14,106.15,106.18,105.55,105.73
2020-09-15,105.72,105.81,105.3,105.44
2020-09-16,105.44,105.44,104.81,104.95
2020-09-17,104.95,105.17,104.53,104.74
2020-09-18,104.74,104.87,104.27,104.57
2020-09-21,104.52,104.86,104.0,104.65
2020-09-22,104.65,105.08,104.41,104.93
2020-09-23,104.93,105.49,104.88,105.39
2020-09-24,105.4,105.53,105.21,105.41
2020-09-25,105.41,105.7,105.24,105.58
2020-09-28,105.57,105.69,105.27,105.5
2020-09-29,105.5,105.73,105.34,105.66
2020-09-30,105.66,105.8,105.4,105.48
2020-10-01,105.48,105.73,105.41,105.53
2020-10-02,105.53,105.67,104.94,105.29
2020-10-05,105.34,105.79,105.28,105.75
2020-10-06,105.74,105.79,105.47,105.63
2020-10-07,105.64,106.11,105.61,105.98
2020-10-08,105.97,106.1,105.93,106.03
2020-10-09,106.03,106.04,105.58,105.62
2020-10-12,105.7,105.85,105.24,105.33
2020-10-13,105.33,105.63,105.28,105.48
2020-10-14,105.48,105.52,105.04,105.17
2020-10-15,105.17,105.49,105.09,105.45
2020-10-16,105.45,105.45,105.19,105.4
2020-10-19,105.41,105.5,105.3,105.43
2020-10-20,105.43,105.75,105.35,105.5
2020-10-21,105.5,105.53,104.34,104.59
2020-10-22,104.59,104.92,104.48,104.86
2020-10-23,104.86,104.94,104.55,104.71
2020-10-26,104.76,105.06,104.66,104.84
2020-10-27,104.84,104.89,104.39,104.42
2020-10-28,104.42,104.56,104.11,104.32
2020-10-29,104.32,104.73,104.03,104.61
2020-10-30,104.61,104.74,104.13,104.66
2020-11-02,104.55,104.95,104.54,104.72
2020-11-03,104.72,104.8,104.44,104.49
2020-11-04,104.49,105.34,104.15,104.52
2020-11-05,104.52,104.54,103.44,103.49
2020-11-06,103.49,103.76,103.18,103.35
2020-11-09,103.35,105.65,103.19,105.38
2020-11-10,105.37,105.49,104.82,105.3
2020-11-11,105.3,105.68,105.01,105.43
2020-11-12,105.43,105.48,105.07,105.13
2020-11-13,105.13,105.16,104.56,104.63
2020-11-16,104.78,105.13,104.36,104.58
2020-11-17,104.58,104.62,104.07,104.19
2020-11-18,104.2,104.21,103.65,103.82
2020-11-19,103.82,104.22,103.72,103.74
2020-11-20,103.74,103.91,103.7,103.86
2020-11-23,103.86,104.64,103.69,104.52
2020-11-24,104.52,104.76,104.15,104.44
2020-11-25,104.44,104.6,104.26,104.46
2020-11-26,104.46,104.48,104.22,104.26
2020-11-27,104.26,104.29,103.91,104.09
2020-11-30,104.07,104.41,103.83,104.31
2020-12-01,104.31,104.58,104.18,104.33
2020-12-02,104.33,104.75,104.23,104.42
2020-12-03,104.42,104.54,103.67,103.84
2020-12-04,103.84,104.24,103.74,104.17
2020-12-07,104.17,104.31,103.92,104.05
2020-12-08,104.05,104.21,103.96,104.16
2020-12-09,104.16,104.41,104.05,104.23
2020-12-10,104.23,104.58,104.17,104.24
2020-12-11,104.24,104.28,103.82,104.04
2020-12-14,104.02,104.12,103.51,104.05
2020-12-15,104.05,104.15,103.61,103.67
2020-12-16,103.67,103.92,103.26,103.47
2020-12-17,103.47,103.56,102.88,103.11
2020-12-18,103.11,103.59,103.1,103.3
2020-12-21,103.4,103.89,103.25,103.32
2020-12-22,103.32,103.73,103.28,103.64
2020-12-23,103.64,103.65,103.36,103.57
2020-12-24,103.57,103.77,103.5,103.65
2020-12-25,103.65,103.68,103.39,103.43
2020-12-28,103.56,103.9,103.41,103.81
2020-12-29,103.82,103.83,103.46,103.58
2020-12-30,103.58,103.6,102.96,103.19
2020-12-31,103.19,103.32,103.0,103.25
2021-01-01,103.25,103.25,103.2,103.2
2021-01-04,103.22,103.32,102.71,103.13
2021-01-05,103.13,103.19,102.61,102.72
2021-01-06,102.73,103.44,102.59,103.04
2021-01-07,103.04,103.96,102.95,103.81
2021-01-08,103.81,104.09,103.6,103.94
2021-01-11,103.84,104.4,103.74,104.26
2021-01-12,104.26,104.33,103.72,103.76
2021-01-13,103.76,104.0,103.53,103.89
2021-01-14,103.89,104.2,103.57,103.8
2021-01-15,103.8,103.91,103.62,103.85
2021-01-18,103.78,103.93,103.64,103.69
2021-01-19,103.69,104.09,103.65,103.9
2021-01-20,103.9,103.94,103.45,103.54
2021-01-21,103.54,103.67,103.33,103.5
2021-01-22,103.51,103.89,103.49,103.78
2021-01-25,103.74,103.94,103.67,103.75
2021-01-26,103.75,103.83,103.56,103.62
2021-01-27,103.62,104.2,103.59,104.11
2021-01-28,104.11,104.46,104.07,104.24
2021-01-29,104.24,104.94,104.22,104.68
2021-02-01,104.62,105.04,104.61,104.93
2021-02-02,104.93,105.17,104.83,104.98
2021-02-03,104.98,105.11,104.92,105.03
2021-02-04,105.03,105.57,104.98,105.54
2021-02-05,105.54,105.77,105.34,105.39
2021-02-08,105.42,105.67,105.15,105.23
2021-02-09,105.23,105.26,104.5,104.59
2021-02-10,104.6,104.84,104.41,104.59
2021-02-11,104.59,104.81,104.55,104.75
2021-02-12,104.75,105.18,104.74,104.94
2021-02-15,105.0,105.42,104.91,105.38
2021-02-16,105.38,106.07,105.18,106.04
2021-02-17,106.04,106.22,105.78,105.87
2021-02-18,105.87,105.92,105.6,105.69
2021-02-19,105.69,105.74,105.24,105.45
2021-02-22,105.4,105.85,104.98,105.08
2021-02-23,105.08,105.43,104.92,105.25
2021-02-24,105.25,106.11,105.19,105.87
2021-02-25,105.87,106.4,105.85,106.21
2021-02-26,106.21,106.69,105.85,106.57
2021-03-01,106.56,106.89,106.37,106.76
2021-03-02,106.76,106.96,106.68,106.69
2021-03-03,106.69,107.15,106.68,107.01
2021-03-04,107.01,107.99,106.97,107.98
2021-03-05,107.97,108.64,107.82,108.31
2021-03-08,108.29,108.94,108.27,108.89
2021-03-09,108.89,109.23,108.42,108.48
2021-03-10,108.48,108.92,108.34,108.38
2021-03-11,108.38,108.81,108.36,108.51
2021-03-12,108.51,109.17,108.49,109.03
2021-03-15,108.98,109.36,108.92,109.13
2021-03-16,109.13,109.29,108.77,109.0
2021-03-17,109.0,109.33,108.75,108.84
2021-03-18,108.84,109.3,108.63,108.89
2021-03-19,108.89,109.13,108.61,108.88
2021-03-22,108.79,108.96,108.51,108.85
2021-03-23,108.85,108.87,108.41,108.59
2021-03-24,108.59,108.96,108.45,108.73
2021-03-25,108.74,109.24,108.73,109.19
2021-03-26,109.19,109.85,109.13,109.64
2021-03-29,109.65,109.85,109.37,109.81
2021-03-30,109.8,110.43,109.75,110.36
2021-03-31,110.36,110.97,110.28,110.72
2021-04-01,110.73,110.85,110.55,110.62
2021-04-02,110.62,110.75,110.38,110.69
2021-04-05,110.67,110.75,109.96,110.18
2021-04-06,110.18,110.55,109.67,109.75
2021-04-07,109.75,109.94,109.58,109.85
2021-04-08,109.85,109.9,109.0,109.26
2021-04-09,109.27,109.96,109.21,109.67
2021-04-12,109.77,109.77,109.25,109.38
2021-04-13,109.39,109.75,109.02,109.06
2021-04-14,109.06,109.1,108.75,108.93
2021-04-15,108.93,108.98,108.61,108.76
2021-04-16,108.76,108.97,108.61,108.8
2021-04-19,108.81,108.85,108.01,108.17
2021-04-20,108.16,108.55,107.97,108.11
2021-04-21,108.11,108.28,107.88,108.08
2021-04-22,108.08,108.23,107.82,107.97
2021-04-23,107.97,108.15,107.48,107.88
2021-04-26,108.14,108.2,107.64,108.08
2021-04-27,108.08,108.78,108.08,108.7
2021-04-28,108.7,109.08,108.57,108.6
2021-04-29,108.6,109.22,108.44,108.93
2021-04-30,108.93,109.37,108.71,109.31
2021-05-03,109.24,109.7,108.9,109.07
2021-05-04,109.07,109.49,109.03,109.33
2021-05-05,109.33,109.48,109.15,109.21
2021-05-06,109.21,109.43,109.0,109.09
2021-05-07,109.09,109.29,108.34,108.6
2021-05-10,108.57,109.06,108.47,108.81
2021-05-11,108.81,108.98,108.35,108.62
2021-05-12,108.62,109.71,108.59,109.67
2021-05-13,109.67,109.79,109.41,109.47
2021-05-14,109.47,109.66,109.19,109.35
2021-05-17,109.31,109.5,109.08,109.21
2021-05-18,109.22,109.28,108.84,108.9
2021-05-19,108.9,109.34,108.57,109.22
2021-05-20,109.23,109.31,108.75,108.78
2021-05-21,108.78,109.0,108.61,108.96
2021-05-24,108.95,109.0,108.7,108.75
2021-05-25,108.75,109.07,108.56,108.78
2021-05-26,108.78,109.18,108.72,109.15
2021-05-27,109.15,109.92,109.04,109.81
2021-05-28,109.81,110.2,109.74,109.85
2021-05-31,109.84,109.94,109.36,109.58
2021-06-01,109.58,109.71,109.33,109.48
2021-06-02,109.48,109.88,109.42,109.56
2021-06-03,109.56,110.32,109.55,110.29
2021-06-04,110.29,110.33,109.37,109.52
2021-06-07,109.52,109.64,109.19,109.25
2021-06-08,109.25,109.56,109.2,109.5
2021-06-09,109.5,109.66,109.23,109.63
2021-06-10,109.63,109.8,109.31,109.33
2021-06-11,109.33,109.84,109.32,109.66
2021-06-14,109.65,110.1,109.61,110.07
2021-06-15,110.07,110.17,109.99,110.08
2021-06-16,110.08,110.72,109.81,110.71
2021-06-17,110.71,110.82,110.17,110.21
2021-06-18,110.21,110.48,109.94,110.21
2021-06-21,110.24,110.35,109.72,110.27
2021-06-22,110.27,110.79,110.21,110.65
2021-06-23,110.65,111.1,110.63,110.96
2021-06-24,110.96,111.12,110.69,110.87
2021-06-25,110.87,110.98,110.48,110.75
2021-06-28,110.77,110.97,110.5,110.63
2021-06-29,110.64,110.76,110.43,110.53
2021-06-30,110.53,111.12,110.42,111.11
2021-07-01,111.11,111.64,111.03,111.53
2021-07-02,111.53,111.66,110.95,111.05
2021-07-05,111.06,111.19,110.8,110.97
2021-07-06,110.97,110.98,110.52,110.63
2021-07-07,110.64,110.82,110.4,110.66
2021-07-08,110.67,110.7,109.53,109.72
2021-07-09,109.72,110.26,109.7,110.14
2021-07-12,110.14,110.4,109.98,110.37
2021-07-13,110.37,110.65,110.2,110.63
2021-07-14,110.63,110.7,109.94,109.97
2021-07-15,109.97,110.09,109.71,109.83
2021-07-16,109.84,110.34,109.73,110.07
2021-07-19,110.04,110.1,109.07,109.46
2021-07-20,109.45,109.96,109.33,109.85
2021-07-21,109.85,110.39,109.8,110.29
2021-07-22,110.29,110.36,110.01,110.14
2021-07-23,110.14,110.59,110.09,110.55
2021-07-26,110.47,110.58,110.12,110.39
2021-07-27,110.39,110.4,109.59,109.78
2021-07-28,109.78,110.28,109.74,109.91
2021-07-29,109.91,109.95,109.42,109.48
2021-07-30,109.48,109.83,109.36,109.72
2021-08-02,109.69,109.77,109.19,109.31
2021-08-03,109.31,109.34,108.88,109.04
2021-08-04,109.04,109.67,108.72,109.48
2021-08-05,109.48,109.79,109.4,109.77
2021-08-06,109.77,110.35,109.7,110.25
2021-08-09,110.24,110.35,110.03,110.29
2021-08-10,110.29,110.6,110.28,110.57
2021-08-11,110.57,110.8,110.31,110.43
2021-08-12,110.43,110.55,110.32,110.41
2021-08-13,110.41,110.46,109.55,109.59
2021-08-16,109.75,109.76,109.11,109.24
2021-08-17,109.24,109.66,109.12,109.6
2021-08-18,109.6,110.07,109.48,109.77
2021-08-19,109.76,110.23,109.48,109.74
2021-08-20,109.74,109.89,109.57,109.78
2021-08-23,109.78,110.15,109.65,109.7
2021-08-24,109.7,109.88,109.41,109.65
2021-08-25,109.65,110.12,109.61,110.02
2021-08-26,110.02,110.23,109.93,110.09
2021-08-27,110.09,110.27,109.78,109.84
2021-08-30,109.84,109.96,109.7,109.92
2021-08-31,109.92,110.08,109.59,110.02
2021-09-01,110.02,110.42,109.88,110.01
2021-09-02,110.01,110.12,109.92,109.94
2021-09-03,109.94,110.07,109.59,109.71
2021-09-06,109.72,109.95,109.69,109.86
2021-09-07,109.86,110.32,109.69,110.28
2021-09-08,110.28,110.45,110.14,110.25
2021-09-09,110.25,110.29,109.62,109.72
2021-09-10,109.71,109.99,109.7,109.94
2021-09-13,109.86,110.16,109.83,109.99
2021-09-14,109.99,110.16,109.53,109.69
2021-09-15,109.69,109.74,109.11,109.38
2021-09-16,109.38,109.83,109.22,109.73
2021-09-17,109.73,110.08,109.67,109.93
2021-09-20,109.94,110.04,109.32,109.44
2021-09-21,109.44,109.71,109.19,109.23
2021-09-22,109.23,109.9,109.12,109.78
2021-09-23,109.78,110.35,109.76,110.33
2021-09-24,110.33,110.79,110.26,110.73
2021-09-27,110.67,111.06,110.54,111.0
2021-09-28,111.01,111.64,110.94,111.5
2021-09-29,111.5,112.05,111.21,111.96
2021-09-30,111.96,112.08,111.24,111.29
2021-10-01,111.29,111.49,110.91,111.05
2021-10-04,111.05,111.3,110.82,110.93
2021-10-05,110.93,111.56,110.87,111.46
2021-10-06,111.46,111.79,111.2,111.41
2021-10-07,111.41,111.65,111.23,111.63
2021-10-08,111.63,112.25,111.51,112.24
2021-10-11,112.08,113.41,112.08,113.31
2021-10-12,113.31,113.79,113.0,113.61
2021-10-13,113.61,113.8,113.23,113.25
2021-10-14,113.25,113.72,113.21,113.68
2021-10-15,113.68,114.46,113.65,114.22
2021-10-18,114.18,114.45,114.02,114.32
2021-10-19,114.32,114.4,113.88,114.38
2021-10-20,114.38,114.7,114.08,114.31
2021-10-21,114.31,114.41,113.65,113.99
2021-10-22,113.99,114.21,113.41,113.5
2021-10-25,113.66,113.92,113.47,113.71
2021-10-26,113.71,114.31,113.68,114.16
2021-10-27,114.15,114.22,113.39,113.83
2021-10-28,113.83,113.87,113.26,113.58
2021-10-29,113.58,114.1,113.4,113.95
2021-11-01,113.92,114.44,113.9,114.0
2021-11-02,114.0,114.13,113.46,113.96
2021-11-03,113.96,114.22,113.72,114.01
2021-11-04,114.01,114.28,113.51,113.76
2021-11-05,113.76,114.03,113.3,113.41
2021-11-08,113.44,113.67,113.08,113.23
2021-11-09,113.23,113.29,112.73,112.87
2021-11-10,112.87,114.01,112.78,113.91
2021-11-11,113.91,114.16,113.81,114.06
2021-11-12,114.06,114.3,113.76,113.89
2021-11-15,113.93,114.21,113.76,114.12
2021-11-16,114.12,114.85,114.1,114.82
2021-11-17,114.83,114.97,113.94,114.08
2021-11-18,114.07,114.48,113.88,114.26
2021-11-19,114.26,114.54,113.59,113.99
2021-11-22,113.88,114.96,113.87,114.88
2021-11-23,114.88,115.19,114.49,115.14
2021-11-24,115.14,115.52,114.83,115.43
2021-11-25,115.43,115.46,115.24,115.36
2021-11-26,115.36,115.37,113.05,113.38
2021-11-29,113.15,113.96,112.99,113.53
2021-11-30,113.53,113.89,112.53,113.17
2021-12-01,113.17,113.63,112.67,112.78
2021-12-02,112.78,113.33,112.66,113.11
2021-12-03,113.1,113.61,112.56,112.8
2021-12-06,112.68,113.55,112.61,113.48
2021-12-07,113.48,113.78,113.4,113.6
2021-12-08,113.6,113.95,113.31,113.67
2021-12-09,113.66,113.81,113.27,113.49
2021-12-10,113.49,113.79,113.23,113.44
2021-12-13,113.34,113.73,113.23,113.54
2021-12-14,113.54,113.76,113.43,113.7
2021-12-15,113.69,114.26,113.63,114.04
2021-12-16,114.04,114.25,113.56,113.67
2021-12-17,113.67,113.85,113.14,113.63
2021-12-20,113.65,113.73,113.33,113.61
2021-12-21,113.6,114.22,113.56,114.1
2021-12-22,114.1,114.37,113.95,114.1
2021-12-23,114.09,114.47,114.08,114.39
2021-12-24,114.39,114.51,114.3,114.38
2021-12-27,114.39,114.91,114.31,114.87
2021-12-28,114.86,114.95,114.71,114.82
2021-12-29,114.82,115.04,114.67,114.95
2021-12-30,114.95,115.21,114.94,115.08
2021-12-31,115.09,115.2,115.01,115.08
2022-01-03,115.08,115.37,114.95,115.32
2022-01-04,115.33,116.35,115.29,116.16
2022-01-05,116.16,116.24,115.62,116.11
2022-01-06,116.11,116.18,115.63,115.83
2022-01-07,115.83,116.05,115.53,115.56
2022-01-10,115.66,115.85,115.05,115.2
2022-01-11,115.2,115.68,115.13,115.3
2022-01-12,115.3,115.47,114.38,114.64
2022-01-13,114.64,114.71,114.0,114.2
2022-01-14,114.2,114.27,113.49,114.19
2022-01-17,114.11,114.65,114.07,114.63
2022-01-18,114.63,115.06,114.45,114.61
2022-01-19,114.61,114.79,114.21,114.33
2022-01-20,114.33,114.55,113.96,114.11
2022-01-21,114.11,114.15,113.61,113.68
2022-01-24,113.66,114.0,113.47,113.95
2022-01-25,113.95,114.16,113.67,113.88
2022-01-26,113.88,114.69,113.78,114.64
2022-01-27,114.63,115.49,114.48,115.37
2022-01-28,115.37,115.68,115.12,115.26
2022-01-31,115.42,115.59,114.92,115.11
2022-02-01,115.11,115.19,114.57,114.71
2022-02-02,114.71,114.8,114.16,114.46
2022-02-03,114.46,114.99,114.33,114.97
2022-02-04,114.97,115.43,114.78,115.26
2022-02-07,115.31,115.38,114.92,115.1
2022-02-08,115.1,115.63,115.06,115.55
2022-02-09,115.55,115.68,115.32,115.52
2022-02-10,115.51,116.34,115.48,116.01
2022-02-11,116.01,116.18,115.02,115.42
2022-02-14,115.47,115.75,115.01,115.54
2022-02-15,115.54,115.87,115.26,115.61
2022-02-16,115.61,115.79,115.36,115.52
2022-02-17,115.52,115.54,114.85,114.94
2022-02-18,114.94,115.3,114.79,115.01
2022-02-21,114.92,115.12,114.72,114.74
2022-02-22,114.74,115.24,114.5,115.08
2022-02-23,115.08,115.2,114.93,115.01
2022-02-24,115.01,115.69,114.41,115.53
2022-02-25,115.53,115.76,115.15,115.55
2022-02-28,115.21,115.78,114.86,115.0
2022-03-01,114.99,115.29,114.7,114.92
2022-03-02,114.92,115.69,114.79,115.52
2022-03-03,115.52,115.81,115.39,115.46
2022-03-04,115.46,115.55,114.65,114.82
2022-03-07,114.81,115.47,114.78,115.32
2022-03-08,115.32,115.79,115.27,115.67
2022-03-09,115.67,115.94,115.56,115.83
2022-03-10,115.83,116.2,115.82,116.14
2022-03-11,116.14,117.36,116.1,117.29
2022-03-14,117.28,118.22,117.28,118.19
2022-03-15,118.19,118.45,117.7,118.3
2022-03-16,118.3,119.12,118.18,118.73
2022-03-17,118.73,119.03,118.37,118.6
2022-03-18,118.6,119.4,118.47,119.17
2022-03-21,119.07,119.5,119.04,119.47
2022-03-22,119.47,121.03,119.44,120.8
2022-03-23,120.8,121.41,120.6,121.15
2022-03-24,121.15,122.41,120.95,122.35
2022-03-25,122.35,122.44,121.18,122.05
2022-03-28,122.03,125.09,121.97,123.86
2022-03-29,123.86,124.3,121.98,122.88
2022-03-30,122.88,123.2,121.32,121.83
2022-03-31,121.83,122.45,121.28,121.7
2022-04-01,121.7,123.03,121.67,122.52
2022-04-04,122.54,122.96,122.27,122.79
2022-04-05,122.79,123.67,122.38,123.6
2022-04-06,123.6,124.05,123.47,123.8
2022-04-07,123.8,124.0,123.47,123.95
2022-04-08,123.95,124.68,123.67,124.34
2022-04-11,124.18,125.77,124.01,125.37
2022-04-12,125.37,125.76,124.77,125.38
2022-04-13,125.38,126.32,125.35,125.62
2022-04-14,125.62,126.01,125.09,125.88
2022-04-15,125.88,126.68,125.87,126.46
2022-04-18,126.48,127.0,126.25,126.99
2022-04-19,126.99,128.97,126.98,128.91
2022-04-20,128.91,129.4,127.46,127.86
2022-04-21,127.86,128.7,127.72,128.38
2022-04-22,128.38,129.11,127.74,128.5
2022-04-25,128.42,128.86,127.52,128.14
2022-04-26,128.14,128.23,127.03,127.23
2022-04-27,127.23,128.59,126.95,128.43
2022-04-28,128.43,131.25,128.34,130.85
2022-04-29,130.85,130.95,129.32,129.7
2022-05-02,129.61,130.48,129.57,130.16
2022-05-03,130.16,130.29,129.7,130.14
2022-05-04,130.14,130.38,128.63,129.09
2022-05-05,129.09,130.56,128.76,130.2
2022-05-06,130.2,130.81,130.1,130.56
2022-05-09,130.36,131.35,130.12,130.29
2022-05-10,130.29,130.58,129.8,130.45
2022-05-11,130.45,130.81,129.45,129.97
2022-05-12,129.97,130.05,127.52,128.34
2022-05-13,128.34,129.45,128.28,129.22
2022-05-16,129.11,129.64,128.7,129.16
2022-05-17,129.16,129.78,128.83,129.38
2022-05-18,129.38,129.54,128.01,128.23
2022-05-19,128.23,128.95,127.03,127.79
2022-05-20,127.79,128.3,127.53,127.88
2022-05-23,127.92,128.06,127.15,127.9
2022-05-24,127.91,128.08,126.36,126.83
2022-05-25,126.83,127.5,126.66,127.32
2022-05-26,127.32,127.58,126.55,127.12
2022-05-27,127.13,127.25,126.68,127.11
2022-05-30,127.17,127.82,126.86,127.59
2022-05-31,127.59,128.89,127.53,128.67
2022-06-01,128.67,130.19,128.64,130.13
2022-06-02,130.13,130.24,129.51,129.84
2022-06-03,129.84,130.98,129.69,130.88
2022-06-06,130.83,132.01,130.43,131.88
2022-06-07,131.88,133.0,131.87,132.59
2022-06-08,132.59,134.47,132.58,134.25
2022-06-09,134.25,134.56,133.19,134.36
2022-06-10,134.36,134.48,133.37,134.41
2022-06-13,134.32,135.19,133.59,134.42
2022-06-14,134.42,135.47,133.88,135.47
2022-06-15,135.47,135.59,133.51,133.84
2022-06-16,133.84,134.68,131.5,132.21
2022-06-17,132.21,135.43,132.17,135.02
2022-06-20,135.08,135.44,134.54,135.07
2022-06-21,135.07,136.7,134.93,136.57
2022-06-22,136.57,136.71,135.69,136.26
2022-06-23,136.26,136.28,134.27,134.95
2022-06-24,134.95,135.4,134.35,135.23
2022-06-27,135.08,135.55,134.52,135.46
2022-06-28,135.46,136.38,135.11,136.14
2022-06-29,136.13,137.0,135.79,136.59
2022-06-30,136.59,136.81,135.55,135.72
2022-07-01,135.72,135.99,134.75,135.21
2022-07-04,135.27,135.77,134.79,135.62
2022-07-05,135.61,136.36,135.53,135.85
2022-07-06,135.85,136.01,134.96,135.95
2022-07-07,135.95,136.22,135.55,136.01
2022-07-08,136.01,136.57,135.34,136.1
2022-07-11,136.02,137.75,135.92,137.44
2022-07-12,137.44,137.53,136.48,136.87
2022-07-13,136.87,137.87,136.7,137.39
2022-07-14,137.39,139.39,137.28,138.96
2022-07-15,138.96,139.13,138.39,138.57
2022-07-18,138.57,138.63,137.89,138.14
2022-07-19,138.14,138.39,137.38,138.19
2022-07-20,138.19,138.37,137.9,138.21
2022-07-21,138.21,138.88,137.3,137.36
2022-07-22,137.37,137.96,135.57,136.12
2022-07-25,136.21,136.79,135.89,136.69
2022-07-26,136.69,136.97,136.28,136.91
2022-07-27,136.91,137.46,136.33,136.57
2022-07-28,136.55,136.58,134.2,134.27
2022-07-29,134.27,134.68,132.51,133.27
2022-08-01,133.3,133.56,131.6,131.61
2022-08-02,131.61,133.18,130.41,133.17
2022-08-03,133.17,134.55,132.29,133.86
2022-08-04,133.86,134.42,132.77,132.89
2022-08-05,132.89,135.5,132.52,135.01
2022-08-08,135.09,135.58,134.36,134.95
2022-08-09,134.94,135.2,134.67,135.05
2022-08-10,135.04,135.3,132.03,132.89
2022-08-11,132.89,133.31,131.74,133.02
2022-08-12,133.03,133.89,132.89,133.42
2022-08-15,133.48,133.6,132.56,133.32
2022-08-16,133.32,134.68,132.95,134.22
2022-08-17,134.21,135.5,133.91,135.05
2022-08-18,135.05,135.9,134.65,135.89
2022-08-19,135.89,137.23,135.72,136.97
2022-08-22,136.94,137.65,136.7,137.48
2022-08-23,137.48,137.71,135.82,136.77
2022-08-24,136.78,137.24,136.17,137.12
2022-08-25,137.12,137.2,136.32,136.49
2022-08-26,136.49,137.65,136.23,137.64
2022-08-29,137.64,139.0,137.37,138.72
2022-08-30,138.73,139.07,138.05,138.79
2022-08-31,138.79,139.0,138.27,138.96
2022-09-01,138.96,140.23,138.86,140.21
2022-09-02,140.21,140.8,139.87,140.2
2022-09-05,140.26,140.66,140.01,140.6
2022-09-06,140.6,143.07,140.25,142.8
2022-09-07,142.8,144.99,142.71,143.74
2022-09-08,143.74,144.55,143.32,144.11
2022-09-09,144.11,144.12,141.51,142.47
2022-09-12,142.53,143.5,142.05,142.84
2022-09-13,142.84,144.68,141.66,144.58
2022-09-14,144.58,144.96,142.55,143.08
2022-09-15,143.08,143.8,142.8,143.52
2022-09-16,143.53,143.69,142.83,142.92
2022-09-19,143.03,143.64,142.65,143.21
2022-09-20,143.21,143.92,142.94,143.75
2022-09-21,143.75,144.7,143.35,144.06
2022-09-22,144.06,145.9,140.36,142.39
2022-09-23,142.4,143.46,141.77,143.31
2022-09-26,143.34,144.79,143.27,144.75
2022-09-27,144.75,144.9,144.06,144.8
2022-09-28,144.8,144.87,143.91,144.16
2022-09-29,144.17,144.8,144.07,144.46
2022-09-30,144.46,144.81,144.21,144.74
2022-10-03,144.68,145.3,144.16,144.55
2022-10-04,144.55,144.93,143.9,144.13
2022-10-05,144.12,144.85,143.53,144.64
2022-10-06,144.64,145.14,144.39,145.14
2022-10-07,145.14,145.44,144.72,145.25
2022-10-10,145.17,145.8,145.17,145.72
2022-10-11,145.72,145.9,145.43,145.86
2022-10-12,145.86,146.97,145.73,146.91
2022-10-13,146.91,147.67,146.5,147.12
2022-10-14,147.12,148.86,147.06,148.67
2022-10-17,148.71,149.08,148.38,149.04
2022-10-18,149.04,149.38,148.19,149.26
2022-10-19,149.26,149.91,149.11,149.9
2022-10-20,149.9,150.29,149.56,150.15
2022-10-21,150.15,151.95,146.23,147.65
2022-10-24,147.74,149.71,145.56,148.91
2022-10-25,148.92,149.1,147.52,147.93
2022-10-26,147.93,148.41,146.23,146.37
2022-10-27,146.37,146.93,145.11,146.29
2022-10-28,146.29,147.86,145.99,147.6
2022-10-31,147.54,148.85,147.5,148.71
2022-11-01,148.71,148.82,146.99,148.27
2022-11-02,148.27,148.37,145.68,147.9
2022-11-03,147.9,148.45,147.11,148.26
2022-11-04,148.26,148.4,146.56,146.62
2022-11-07,146.84,147.57,146.09,146.63
2022-11-08,146.64,146.93,145.31,145.68
2022-11-09,145.68,146.8,145.18,146.47
2022-11-10,146.47,146.59,140.21,140.98
2022-11-11,140.98,142.48,138.47,138.81
2022-11-14,138.77,140.8,138.46,139.89
2022-11-15,139.9,140.62,137.68,139.28
2022-11-16,139.28,140.29,138.74,139.5
2022-11-17,139.49,140.74,138.88,140.2
2022-11-18,140.2,140.5,139.64,140.37
2022-11-21,140.25,142.25,140.14,142.14
2022-11-22,142.13,142.24,141.09,141.23
2022-11-23,141.23,141.61,139.17,139.6
2022-11-24,139.6,139.64,138.06,138.54
2022-11-25,138.54,139.6,138.38,139.19
2022-11-28,139.21,139.47,137.5,138.95
2022-11-29,138.95,139.35,137.87,138.63
2022-11-30,138.63,139.89,137.65,138.07
2022-12-01,138.07,138.12,135.21,135.33
2022-12-02,135.32,135.98,133.63,134.31
2022-12-05,134.43,136.86,134.13,136.75
2022-12-06,136.74,137.43,135.97,137.0
2022-12-07,137.0,137.86,136.22,136.62
2022-12-08,136.62,137.24,136.25,136.67
2022-12-09,136.67,136.9,135.61,136.56
2022-12-12,136.36,137.85,136.35,137.67
2022-12-13,137.67,137.97,134.66,135.59
2022-12-14,135.59,135.99,134.54,135.48
2022-12-15,135.48,138.17,135.24,137.78
2022-12-16,137.78,137.89,136.3,136.6
2022-12-19,136.04,137.16,135.76,136.91
2022-12-20,136.91,137.48,130.58,131.73
2022-12-21,131.73,132.53,131.5,132.46
2022-12-22,132.46,132.72,131.65,132.35
2022-12-23,132.35,133.14,132.16,132.91
2022-12-26,132.8,133.21,132.32,132.88
2022-12-27,132.88,133.6,132.64,133.49
2022-12-28,133.49,134.5,133.38,134.47
2022-12-29,134.47,134.47,132.88,133.03
2022-12-30,133.03,133.1,130.78,131.12
2023-01-02,131.01,131.04,130.63,130.8
2023-01-03,130.8,131.4,129.52,131.02
2023-01-04,131.02,132.72,129.93,132.63
2023-01-05,132.63,134.05,131.69,133.41
2023-01-06,133.41,134.77,132.0,132.08
2023-01-09,132.13,132.66,131.31,131.88
2023-01-10,131.89,132.48,131.39,132.26
2023-01-11,132.26,132.87,132.07,132.45
2023-01-12,132.44,132.52,128.87,129.25
2023-01-13,129.25,129.43,127.46,127.87
2023-01-16,127.7,128.87,127.23,128.58
2023-01-17,128.58,129.15,127.99,128.12
2023-01-18,128.12,131.58,127.57,128.9
2023-01-19,128.9,128.93,127.76,128.43
2023-01-20,128.43,130.61,128.36,129.6
2023-01-23,129.74,130.89,129.04,130.67
2023-01-24,130.67,131.12,129.73,130.17
2023-01-25,130.17,130.58,129.27,129.59
2023-01-26,129.59,130.62,129.03,130.22
2023-01-27,130.22,130.27,129.5,129.88
2023-01-30,129.79,130.57,129.21,130.39
2023-01-31,130.38,130.53,129.75,130.09
2023-02-01,130.09,130.41,128.55,128.98
2023-02-02,128.98,129.12,128.09,128.68
2023-02-03,128.68,131.2,128.33,131.19
2023-02-06,132.21,132.9,131.52,132.66
2023-02-07,132.66,132.71,130.48,131.07
2023-02-08,131.07,131.54,130.6,131.4
2023-02-09,131.39,131.83,130.35,131.59
2023-02-10,131.59,131.88,129.81,131.36
2023-02-13,131.28,132.91,131.14,132.42
2023-02-14,132.42,133.32,131.52,133.16
2023-02-15,133.16,134.36,132.55,134.16
2023-02-16,134.16,134.46,133.61,133.94
2023-02-17,133.94,135.1,133.94,134.15
2023-02-20,134.34,134.54,133.93,134.25
2023-02-21,134.25,135.23,134.15,135.01
2023-02-22,135.01,135.06,134.37,134.84
2023-02-23,134.84,135.36,134.49,134.7
2023-02-24,134.71,136.52,134.06,136.48
2023-02-27,136.38,136.55,135.92,136.19
2023-02-28,136.19,136.92,135.74,136.17
2023-03-01,136.17,136.47,135.26,136.19
2023-03-02,136.18,137.09,136.02,136.77
2023-03-03,136.77,136.79,135.75,135.87
2023-03-06,136.05,136.19,135.37,135.93
2023-03-07,135.93,137.19,135.55,137.16
2023-03-08,137.15,137.91,136.48,137.36
2023-03-09,137.36,137.38,135.95,136.15
2023-03-10,136.15,136.99,134.12,135.03
2023-03-13,135.03,135.08,132.29,133.21
2023-03-14,133.21,134.9,133.03,134.22
2023-03-15,134.22,135.11,132.22,133.42
2023-03-16,133.42,133.83,131.72,133.74
2023-03-17,133.74,133.76,131.56,131.85
2023-03-20,131.85,132.65,130.54,131.32
2023-03-21,131.32,132.63,131.04,132.51
2023-03-22,132.51,133.0,131.01,131.44
2023-03-23,131.44,131.66,130.32,130.85
2023-03-24,130.84,130.94,129.64,130.73
2023-03-27,130.56,131.76,130.41,131.57
2023-03-28,131.57,131.6,130.41,130.89
2023-03-29,130.89,132.89,130.76,132.86
2023-03-30,132.86,132.97,132.21,132.7
2023-03-31,132.7,133.59,132.59,132.86
2023-04-03,132.94,133.76,132.21,132.46
2023-04-04,132.46,133.17,131.52,131.71
2023-04-05,131.71,131.84,130.64,131.32
2023-04-06,131.32,131.9,130.78,131.78
2023-04-07,131.78,132.38,131.53,132.16
2023-04-10,132.14,133.87,131.83,133.61
2023-04-11,133.61,133.81,132.97,133.68
2023-04-12,133.68,134.05,132.74,133.13
2023-04-13,133.14,133.39,132.02,132.58
2023-04-14,132.58,133.84,132.17,133.79
2023-04-17,133.63,134.57,133.63,134.47
2023-04-18,134.47,134.71,133.86,134.12
2023-04-19,134.12,135.13,133.96,134.72
2023-04-20,134.72,134.97,134.01,134.24
2023-04-21,134.24,134.49,133.55,134.16
2023-04-24,134.16,134.73,133.89,134.24
2023-04-25,134.24,134.47,133.37,133.76
2023-04-26,133.76,133.94,133.02,133.67
2023-04-27,133.67,134.2,133.24,133.97
2023-04-28,133.97,136.56,133.38,136.3
2023-05-01,136.28,137.54,136.14,137.5
2023-05-02,137.5,137.77,136.32,136.55
2023-05-03,136.55,136.63,134.71,134.71
2023-05-04,134.71,134.88,133.5,134.29
2023-05-05,134.29,135.12,133.89,134.8
2023-05-08,134.82,135.3,134.64,135.1
2023-05-09,135.1,135.36,134.72,135.23
2023-05-10,135.23,135.47,134.11,134.34
2023-05-11,134.34,134.84,133.75,134.53
2023-05-12,134.53,135.76,134.4,135.7
2023-05-15,135.7,136.32,135.59,136.12
2023-05-16,136.12,136.68,135.69,136.39
2023-05-17,136.39,137.71,136.31,137.68
2023-05-18,137.69,138.75,137.29,138.71
2023-05-19,138.72,138.73,137.43,137.98
2023-05-22,137.89,138.69,137.5,138.6
2023-05-23,138.6,138.91,138.24,138.59
2023-05-24,138.59,139.48,138.23,139.47
2023-05-25,139.47,140.23,138.83,140.06
2023-05-26,140.06,140.73,139.5,140.6
2023-05-29,140.1,140.92,140.03,140.45
2023-05-30,140.45,140.93,139.57,139.79
2023-05-31,139.79,140.38,139.24,139.34
2023-06-01,139.34,139.95,138.45,138.8
2023-06-02,138.8,140.07,138.61,139.92
2023-06-05,139.92,140.45,139.25,139.58
2023-06-06,139.58,139.99,139.1,139.63
2023-06-07,139.63,140.25,139.03,140.13
2023-06-08,140.13,140.23,138.81,138.92
2023-06-09,138.92,139.73,138.76,139.4
2023-06-12,139.38,139.76,139.07,139.6
2023-06-13,139.61,140.31,139.01,140.22
2023-06-14,140.21,140.28,139.29,140.09
2023-06-15,140.09,141.5,139.94,140.29
2023-06-16,140.3,141.92,139.85,141.82
2023-06-19,141.72,142.0,141.44,141.98
2023-06-20,141.98,142.25,141.21,141.47
2023-06-21,141.47,142.36,141.29,141.88
2023-06-22,141.88,143.23,141.61,143.11
2023-06-23,143.11,143.87,142.72,143.7
2023-06-26,143.7,143.73,142.94,143.51
2023-06-27,143.51,144.17,143.29,144.07
2023-06-28,144.07,144.62,143.73,144.48
2023-06-29,144.48,144.9,144.14,144.76
2023-06-30,144.76,145.07,144.21,144.31
2023-07-03,144.4,144.91,143.99,144.68
2023-07-04,144.68,144.71,144.21,144.47
2023-07-05,144.47,144.73,144.08,144.66
2023-07-06,144.66,144.66,143.56,144.07
2023-07-07,144.07,144.2,142.07,142.21
2023-07-10,142.25,143.01,141.28,141.31
2023-07-11,141.32,141.46,140.16,140.36
2023-07-12,140.37,140.39,138.16,138.5
2023-07-13,138.5,138.95,137.92,138.05
2023-07-14,138.05,139.16,137.25,138.8
2023-07-17,138.8,139.41,138.0,138.71
2023-07-18,138.71,139.14,137.7,138.83
2023-07-19,138.83,139.99,138.77,139.65
2023-07-20,139.65,140.5,139.11,140.07
2023-07-21,140.07,141.96,139.75,141.73
2023-07-24,141.73,141.81,140.76,141.48
2023-07-25,141.48,141.73,140.86,140.9
2023-07-26,140.9,141.19,139.93,140.24
2023-07-27,140.24,141.32,138.77,139.48
2023-07-28,139.48,141.18,138.07,141.16
2023-07-31,140.99,142.68,140.7,142.29
2023-08-01,142.29,143.55,142.21,143.34
2023-08-02,143.34,143.47,142.24,143.32
2023-08-03,143.32,143.89,142.07,142.58
2023-08-04,142.58,142.88,141.55,141.76
2023-08-07,141.78,142.58,141.52,142.5
2023-08-08,142.5,143.49,142.41,143.38
2023-08-09,143.38,143.75,143.0,143.73
2023-08-10,143.73,144.82,143.3,144.75
2023-08-11,144.74,145.0,144.42,144.96
2023-08-14,144.75,145.58,144.66,145.56
2023-08-15,145.56,145.87,145.11,145.57
2023-08-16,145.57,146.41,145.31,146.35
2023-08-17,146.35,146.56,145.62,145.84
2023-08-18,145.84,145.88,144.93,145.39
2023-08-21,145.26,146.4,145.15,146.22
2023-08-22,146.22,146.4,145.5,145.89
2023-08-23,145.89,145.9,144.54,144.84
2023-08-24,144.84,145.96,144.6,145.83
2023-08-25,145.84,146.63,145.73,146.44
2023-08-28,146.45,146.74,146.28,146.54
2023-08-29,146.54,147.37,145.67,145.88
2023-08-30,145.88,146.54,145.56,146.24
2023-08-31,146.24,146.25,145.35,145.54
2023-09-01,145.54,146.29,144.45,146.22
2023-09-04,146.21,146.5,146.02,146.47
2023-09-05,146.48,147.8,146.39,147.72
2023-09-06,147.72,147.82,147.02,147.66
2023-09-07,147.66,147.87,147.05,147.3
2023-09-08,147.3,147.87,146.59,147.83
2023-09-11,147.04,147.28,145.91,146.59
2023-09-12,146.59,147.23,146.44,147.08
2023-09-13,147.08,147.73,147.02,147.46
2023-09-14,147.46,147.56,147.02,147.47
2023-09-15,147.48,147.95,147.34,147.85
2023-09-18,147.77,147.88,147.56,147.61
2023-09-19,147.61,147.92,147.51,147.86
2023-09-20,147.86,148.36,147.48,148.34
2023-09-21,148.34,148.46,147.32,147.59
2023-09-22,147.59,148.42,147.51,148.37
2023-09-25,148.35,148.96,148.25,148.88
2023-09-26,148.88,149.19,148.71,149.07
2023-09-27,149.07,149.71,148.86,149.63
2023-09-28,149.63,149.63,149.15,149.31
2023-09-29,149.31,149.5,148.53,149.37
2023-10-02,149.5,149.87,149.44,149.86
2023-10-03,149.86,150.16,147.43,149.02
2023-10-04,149.02,149.32,148.74,149.12
2023-10-05,149.12,149.12,148.26,148.51
2023-10-06,148.51,149.53,148.36,149.32
2023-10-09,149.07,149.24,148.44,148.51
2023-10-10,148.51,149.1,148.17,148.71
2023-10-11,148.71,149.33,148.43,149.17
2023-10-12,149.17,149.83,148.96,149.81
2023-10-13,149.81,149.83,149.46,149.57
2023-10-16,149.52,149.76,149.32,149.51
2023-10-17,149.51,149.85,148.84,149.81
2023-10-18,149.81,149.94,149.49,149.93
2023-10-19,149.93,149.96,149.67,149.8
2023-10-20,149.79,149.99,149.69,149.86
2023-10-23,149.94,150.11,149.56,149.71
2023-10-24,149.71,149.93,149.32,149.91
2023-10-25,149.91,150.32,149.8,150.23
2023-10-26,150.23,150.78,149.96,150.4
2023-10-27,150.4,150.41,149.46,149.66
2023-10-30,149.5,149.85,148.81,149.1
2023-10-31,149.1,151.72,149.03,151.68
2023-11-01,151.68,151.68,150.66,150.95
2023-11-02,150.95,150.97,149.85,150.45
2023-11-03,150.45,150.55,149.21,149.39
2023-11-06,149.29,150.08,149.25,150.07
2023-11-07,150.07,150.69,149.94,150.37
2023-11-08,150.37,151.06,150.34,150.98
2023-11-09,150.98,151.39,150.77,151.35
2023-11-10,151.35,151.6,151.22,151.52
2023-11-13,151.51,151.91,151.34,151.72
2023-11-14,151.72,151.78,150.16,150.37
2023-11-15,150.37,151.42,150.06,151.36
2023-11-16,151.36,151.43,150.29,150.73
2023-11-17,150.73,150.78,149.2,149.63
2023-11-20,149.69,149.99,148.1,148.39
2023-11-21,148.39,148.6,147.15,148.39
2023-11-22,148.4,149.75,148.02,149.54
2023-11-23,149.54,149.69,148.89,149.56
2023-11-24,149.56,149.71,149.2,149.44
2023-11-27,149.44,149.67,148.55,148.69
2023-11-28,148.69,148.83,147.33,147.48
2023-11-29,147.48,147.9,146.67,147.24
2023-11-30,147.24,148.51,146.85,148.2
2023-12-01,148.2,148.35,146.66,146.82
2023-12-04,146.79,147.45,146.23,147.21
2023-12-05,147.21,147.39,146.57,147.15
2023-12-06,147.15,147.5,146.9,147.31
2023-12-07,147.31,147.32,141.71,144.13
2023-12-08,144.13,145.21,142.5,144.95
2023-12-11,144.88,146.59,144.78,146.16
2023-12-12,146.16,146.18,144.74,145.45
2023-12-13,145.45,145.99,142.65,142.89
2023-12-14,142.89,142.9,140.97,141.89
2023-12-15,141.89,142.47,141.43,142.15
2023-12-18,142.2,143.16,142.06,142.78
2023-12-19,142.78,144.96,142.25,143.84
2023-12-20,143.84,144.1,143.27,143.57
2023-12-21,143.57,143.62,142.05,142.12
2023-12-22,142.12,142.66,141.87,142.41
2023-12-25,142.48,142.56,142.14,142.35
2023-12-26,142.32,142.63,142.1,142.4
2023-12-27,142.4,142.85,141.55,141.83
2023-12-28,141.83,141.83,140.25,141.41
2023-12-29,141.41,141.91,140.8,141.04
2024-01-01,140.92,140.92,140.82,140.89
2024-01-02,140.87,142.21,140.82,141.99
2024-01-03,141.99,143.73,141.86,143.29
2024-01-04,143.29,144.85,142.86,144.63
2024-01-05,144.63,145.97,143.81,144.63
2024-01-08,144.67,144.92,143.66,144.23
2024-01-09,144.23,144.62,143.42,144.48
2024-01-10,144.48,145.83,144.32,145.76
2024-01-11,145.76,146.41,145.14,145.29
2024-01-12,145.29,145.57,144.36,144.88
2024-01-15,144.89,145.94,144.88,145.73
2024-01-16,145.73,147.31,145.59,147.19
2024-01-17,147.19,148.52,147.08,148.16
2024-01-18,148.16,148.3,147.66,148.16
2024-01-19,148.16,148.8,147.84,148.12
2024-01-22,148.25,148.33,147.62,148.1
2024-01-23,148.1,148.7,146.99,148.35
2024-01-24,148.35,148.4,146.66,147.51
2024-01-25,147.51,147.92,147.09,147.66
2024-01-26,147.66,148.21,147.46,148.15
2024-01-29,148.15,148.34,147.26,147.5
2024-01-30,147.5,147.93,147.1,147.61
2024-01-31,147.61,147.9,146.01,146.92
2024-02-01,146.92,147.11,145.9,146.43
2024-02-02,146.43,148.58,146.24,148.38
2024-02-05,148.35,148.89,148.27,148.68
2024-02-06,148.68,148.79,147.83,147.94
2024-02-07,147.94,148.26,147.63,148.18
2024-02-08,148.18,149.48,147.93,149.32
2024-02-09,149.32,149.58,149.02,149.29
2024-02-12,149.23,149.48,148.93,149.35
2024-02-13,149.35,150.89,149.27,150.8
2024-02-14,150.8,150.83,150.35,150.58
2024-02-15,150.58,150.58,149.57,149.93
2024-02-16,149.93,150.65,149.83,150.21
2024-02-19,150.24,150.28,149.88,150.13
2024-02-20,150.13,150.44,149.69,150.01
2024-02-21,150.0,150.39,149.85,150.3
2024-02-22,150.3,150.69,150.02,150.53
2024-02-23,150.53,150.77,150.3,150.51
2024-02-26,150.49,150.84,150.29,150.7
2024-02-27,150.7,150.71,150.08,150.51
2024-02-28,150.51,150.85,150.38,150.69
2024-02-29,150.69,150.7,149.21,149.98
2024-03-01,149.98,150.72,149.96,150.12
2024-03-04,150.09,150.57,149.84,150.53
2024-03-05,150.53,150.55,149.71,150.05
2024-03-06,150.05,150.08,149.1,149.38
2024-03-07,149.38,149.38,147.59,148.05
2024-03-08,148.05,148.12,146.49,147.06
2024-03-11,147.05,147.16,146.49,146.95
2024-03-12,146.95,148.12,146.62,147.68
2024-03-13,147.68,148.05,147.24,147.76
2024-03-14,147.76,148.36,147.44,148.33
2024-03-15,148.33,149.17,148.04,149.04
2024-03-18,149.0,149.33,148.91,149.15
2024-03-19,149.15,150.96,149.03,150.86
2024-03-20,150.86,151.82,150.73,151.26
2024-03-21,151.26,151.75,150.27,151.62
2024-03-22,151.62,151.86,151.01,151.41
2024-03-25,151.36,151.54,151.05,151.42
2024-03-26,151.42,151.6,151.21,151.56
2024-03-27,151.56,151.97,151.03,151.33
2024-03-28,151.33,151.54,151.15,151.38
2024-03-29,151.38,151.5,151.18,151.35
2024-04-01,151.32,151.77,151.23,151.65
2024-04-02,151.65,151.8,151.47,151.56
2024-04-03,151.56,151.95,151.44,151.7
2024-04-04,151.7,151.77,151.12,151.34
2024-04-05,151.34,151.75,150.81,151.62
2024-04-08,151.59,151.94,151.57,151.82
2024-04-09,151.82,151.93,151.57,151.76
2024-04-10,151.76,153.24,151.68,153.16
2024-04-11,153.16,153.32,152.76,153.27
2024-04-12,153.27,153.39,152.59,153.23
2024-04-15,153.1,154.45,152.98,154.28
2024-04-16,154.28,154.79,154.04,154.72
2024-04-17,154.72,154.73,154.16,154.39
2024-04-18,154.39,154.68,153.96,154.64
2024-04-19,154.64,154.67,153.59,154.64
2024-04-22,154.59,154.85,154.46,154.85
2024-04-23,154.84,154.88,154.56,154.83
2024-04-24,154.83,155.37,154.73,155.35
2024-04-25,155.35,155.75,155.2,155.65
2024-04-26,155.65,158.44,154.99,158.33
2024-04-29,157.99,160.17,154.54,156.35
2024-04-30,156.35,157.85,156.07,157.8
2024-05-01,157.8,157.99,153.04,154.57
2024-05-02,154.58,156.28,153.06,153.64
2024-05-03,153.64,153.79,151.86,153.05
2024-05-06,152.96,154.01,152.78,153.92
2024-05-07,153.92,154.75,153.86,154.69
2024-05-08,154.69,155.68,154.55,155.53
2024-05-09,155.53,155.95,155.17,155.48
2024-05-10,155.48,155.9,155.27,155.78
2024-05-13,155.73,156.25,155.52,156.22
2024-05-14,156.22,156.74,156.14,156.42
2024-05-15,156.42,156.56,154.7,154.88
2024-05-16,154.88,155.53,153.6,155.39
2024-05-17,155.39,155.98,155.25,155.65
2024-05-20,155.62,156.3,155.48,156.26
2024-05-21,156.26,156.55,155.85,156.17
2024-05-22,156.17,156.84,156.11,156.8
2024-05-23,156.8,157.2,156.53,156.93
2024-05-24,156.93,157.15,156.82,156.99
2024-05-27,157.0,157.04,156.67,156.88
2024-05-28,156.88,157.2,156.59,157.17
2024-05-29,157.17,157.71,156.92,157.64
2024-05-30,157.64,157.67,156.38,156.82
2024-05-31,156.82,157.37,156.56,157.31
2024-06-03,157.31,157.47,155.95,156.08
2024-06-04,156.08,156.49,154.55,154.88
2024-06-05,154.88,156.48,154.8,156.11
2024-06-06,156.11,156.44,155.37,155.61
2024-06-07,155.61,157.08,155.12,156.75
2024-06-10,156.69,157.2,156.52,157.04
2024-06-11,157.04,157.4,156.81,157.13
2024-06-12,157.13,157.37,155.72,156.72
2024-06-13,156.72,157.31,156.59,157.03
2024-06-14,157.03,158.26,156.86,157.4
2024-06-17,157.41,157.96,157.16,157.74
2024-06-18,157.74,158.23,157.52,157.86
2024-06-19,157.86,158.12,157.61,158.09
2024-06-20,158.09,158.94,157.92,158.93
2024-06-21,158.93,159.84,158.67,159.8
2024-06-24,159.81,159.92,158.82,159.62
2024-06-25,159.62,159.76,159.19,159.7
2024-06-26,159.7,160.87,159.62,160.81
2024-06-27,160.81,160.82,160.29,160.76
2024-06-28,160.76,161.27,160.26,160.88
2024-07-01,160.81,161.73,160.63,161.46
2024-07-02,161.46,161.74,161.27,161.44
2024-07-03,161.44,161.95,160.78,161.69
2024-07-04,161.69,161.69,160.95,161.28
2024-07-05,161.26,161.4,160.35,160.75
2024-07-08,160.73,161.12,160.26,160.83
2024-07-09,160.83,161.52,160.73,161.33
2024-07-10,161.33,161.81,161.26,161.69
2024-07-11,161.69,161.76,157.44,158.84
2024-07-12,158.84,159.45,157.38,157.83
2024-07-15,157.84,158.42,157.19,158.06
2024-07-16,158.06,158.86,158.0,158.35
2024-07-17,158.34,158.61,156.07,156.2
2024-07-18,156.2,157.4,155.38,157.37
2024-07-19,157.37,157.86,156.96,157.48
2024-07-22,157.4,157.61,156.29,157.04
2024-07-23,157.04,157.1,155.57,155.59
2024-07-24,155.59,155.99,153.11,153.89
2024-07-25,153.89,154.32,151.94,153.94
2024-07-26,153.94,154.74,153.15,153.76
2024-07-29,153.82,154.35,153.02,154.02
2024-07-30,154.02,155.22,152.66,152.77
2024-07-31,152.77,153.88,149.61,149.98
2024-08-01,149.98,150.89,148.51,149.36
2024-08-02,149.36,149.77,146.42,146.53
2024-08-05,146.65,146.66,141.7,144.18
2024-08-06,144.18,146.36,143.63,144.34
2024-08-07,144.34,147.9,144.29,146.68
2024-08-08,146.68,147.54,145.44,147.23
2024-08-09,147.23,147.82,146.27,146.61
2024-08-12,146.73,148.22,146.47,147.21
2024-08-13,147.21,147.95,146.6,146.84
2024-08-14,146.83,147.58,146.08,147.33
2024-08-15,147.33,149.39,147.06,149.28
2024-08-16,149.28,149.35,147.57,147.63
2024-08-19,147.63,148.05,145.19,146.59
2024-08-20,146.6,147.35,145.2,145.26
2024-08-21,145.26,146.77,144.46,145.21
2024-08-22,145.21,146.53,144.85,146.29
2024-08-23,146.29,146.48,144.05,144.37
2024-08-26,144.24,144.65,143.45,144.53
2024-08-27,144.52,145.18,143.92,143.96
2024-08-28,143.96,145.04,143.69,144.59
2024-08-29,144.59,145.55,144.22,144.99
2024-08-30,144.99,146.25,144.66,146.17
2024-09-02,146.17,147.17,145.78,146.92
2024-09-03,146.91,147.21,145.16,145.48
2024-09-04,145.48,145.57,143.71,143.74
2024-09-05,143.74,144.23,142.85,143.45
2024-09-06,143.45,144.01,141.78,142.3
2024-09-09,142.35,143.8,141.96,143.18
2024-09-10,143.18,143.71,142.2,142.44
2024-09-11,142.44,142.54,140.71,142.36
2024-09-12,142.36,143.04,141.73,141.82
2024-09-13,141.82,141.87,140.29,140.85
2024-09-16,140.67,140.93,139.58,140.62
2024-09-17,140.62,142.47,140.32,142.41
2024-09-18,142.41,142.71,140.45,142.29
2024-09-19,142.29,143.95,141.89,142.63
2024-09-20,142.63,144.49,141.74,143.85
2024-09-23,143.88,144.46,143.17,143.61
2024-09-24,143.61,144.68,143.11,143.23
2024-09-25,143.23,144.84,142.91,144.75
2024-09-26,144.75,145.21,144.11,144.81
2024-09-27,144.81,146.49,142.07,142.21
2024-09-30,142.14,143.91,141.65,143.63
2024-10-01,143.63,144.53,142.98,143.57
2024-10-02,143.57,146.51,143.43,146.47
2024-10-03,146.47,147.24,146.29,146.93
2024-10-04,146.93,149.0,145.92,148.7
2024-10-07,148.76,149.13,147.86,148.18
2024-10-08,148.18,148.38,147.35,148.2
2024-10-09,148.2,149.36,148.01,149.31
2024-10-10,149.31,149.55,148.3,148.57
2024-10-11,148.57,149.28,148.41,149.13
2024-10-14,149.05,149.98,148.98,149.76
2024-10-15,149.76,149.84,148.85,149.2
2024-10-16,149.2,149.81,148.88,149.64
2024-10-17,149.64,150.32,149.25,150.21
2024-10-18,150.21,150.28,149.37,149.53
2024-10-21,149.56,150.89,149.09,150.84
2024-10-22,150.84,151.2,150.5,151.08
2024-10-23,151.08,153.19,151.03,152.76
2024-10-24,152.76,152.83,151.55,151.83
2024-10-25,151.83,152.38,151.46,152.31
2024-10-28,152.51,153.88,152.41,153.29
2024-10-29,153.29,153.87,152.76,153.36
2024-10-30,153.36,153.49,152.78,153.42
2024-10-31,153.42,153.59,151.84,152.03
2024-11-01,152.03,153.09,151.79,153.01
2024-11-04,152.63,152.63,151.54,152.13
2024-11-05,152.13,152.54,151.34,151.62
2024-11-06,151.62,154.7,151.3,154.63
2024-11-07,154.63,154.71,152.7,152.94
2024-11-08,152.94,153.37,152.14,152.64
2024-11-11,152.67,153.95,152.64,153.72
2024-11-12,153.72,154.92,153.41,154.61
2024-11-13,154.62,155.62,154.34,155.46
2024-11-14,155.46,156.42,155.35,156.27
2024-11-15,156.27,156.75,153.86,154.3
2024-11-18,154.3,155.36,153.84,154.66
2024-11-19,154.66,154.8,153.29,154.66
2024-11-20,154.66,155.89,154.53,155.44
2024-11-21,155.44,155.45,153.91,154.54
2024-11-22,154.54,155.02,153.97,154.78
2024-11-25,154.5,154.72,153.55,154.23
2024-11-26,154.23,154.49,152.99,153.08
2024-11-27,153.08,153.23,150.46,151.09
2024-11-28,151.09,151.95,150.93,151.55
2024-11-29,151.55,151.55,149.47,149.77
2024-12-02,149.56,150.75,149.08,149.6
2024-12-03,149.6,150.24,148.65,149.6
2024-12-04,149.61,151.23,149.53,150.59
2024-12-05,150.59,150.78,149.66,150.1
2024-12-06,150.1,150.7,149.37,150.0
2024-12-09,149.94,151.35,149.69,151.21
2024-12-10,151.21,152.18,150.9,151.95
2024-12-11,151.95,152.82,151.02,152.45
2024-12-12,152.45,152.77,151.81,152.63
2024-12-13,152.63,153.8,152.46,153.65
2024-12-16,153.62,154.48,153.33,154.15
2024-12-17,154.15,154.35,153.16,153.46
2024-12-18,153.46,154.87,153.34,154.8
2024-12-19,154.8,157.81,154.44,157.44
2024-12-20,157.44,157.93,155.96,156.31
2024-12-23,156.14,157.27,156.14,157.17
2024-12-24,157.16,157.39,156.89,157.19
2024-12-25,157.19,157.37,156.99,157.33
2024-12-26,157.33,158.08,157.08,157.99
2024-12-27,157.99,157.99,157.35,157.87
2024-12-30,157.76,158.07,156.67,156.84
2024-12-31,156.84,157.55,156.02,157.2
2025-01-01,157.2,157.39,157.18,157.24
2025-01-02,157.22,157.85,156.44,157.5
2025-01-03,157.51,157.57,156.88,157.26
2025-01-06,156.94,157.96,156.24,157.62
2025-01-07,157.62,158.42,157.38,158.05
2025-01-08,158.05,158.55,157.91,158.35
2025-01-09,158.35,158.4,157.58,158.14
2025-01-10,158.14,158.87,157.23,157.73
2025-01-13,157.75,157.97,156.92,157.48
2025-01-14,157.48,158.2,157.12,157.96
2025-01-15,157.96,158.08,155.95,156.47
2025-01-16,156.47,156.52,155.1,155.16
2025-01-17,155.16,156.37,154.98,156.3
2025-01-20,156.27,156.58,155.42,155.62
2025-01-21,155.62,156.23,154.78,155.52
2025-01-22,155.52,156.71,155.36,156.53
2025-01-23,156.53,156.75,155.75,156.05
2025-01-24,156.05,156.57,154.85,156.0
2025-01-27,155.85,156.25,153.72,154.51
2025-01-28,154.51,155.98,154.49,155.54
2025-01-29,155.54,155.79,154.94,155.22
2025-01-30,155.22,155.25,153.79,154.29
2025-01-31,154.29,155.22,153.92,155.19
2025-02-03,155.11,155.89,154.02,154.73
2025-02-04,154.73,155.52,154.17,154.34
2025-02-05,154.34,154.46,152.12,152.61
2025-02-06,152.61,152.89,151.24,151.41
2025-02-07,151.41,152.42,150.93,151.41
2025-02-10,151.21,152.54,151.16,152.0
2025-02-11,152.0,152.61,151.65,152.49
2025-02-12,152.49,154.8,152.38,154.42
2025-02-13,154.42,154.67,152.7,152.8
2025-02-14,152.8,153.15,152.03,152.31
2025-02-17,152.23,152.39,151.34,151.51
2025-02-18,151.5,152.22,151.24,152.06
2025-02-19,152.06,152.31,151.25,151.47
2025-02-20,151.47,151.48,149.4,149.64
2025-02-21,149.64,150.74,148.93,149.27
2025-02-24,149.39,149.87,148.85,149.72
2025-02-25,149.72,150.3,148.57,149.03
2025-02-26,149.04,149.89,148.63,149.1
2025-02-27,149.1,150.16,148.75,149.81
2025-02-28,149.81,150.99,149.1,150.63
2025-03-03,150.45,151.3,149.1,149.5
2025-03-04,149.5,149.88,148.1,149.79
2025-03-05,149.79,150.18,148.4,148.88
2025-03-06,148.88,149.33,147.32,147.98
2025-03-07,147.98,148.2,146.95,148.04
2025-03-10,147.9,147.99,146.64,147.27
2025-03-11,147.27,148.11,146.54,147.78
2025-03-12,147.78,149.19,147.68,148.25
2025-03-13,148.25,148.38,147.42,147.81
2025-03-14,147.81,149.02,147.75,148.64
2025-03-17,148.72,149.28,148.31,149.21
2025-03-18,149.21,149.93,149.1,149.27
2025-03-19,149.27,150.15,148.61,148.69
2025-03-20,148.69,148.96,148.18,148.78
2025-03-21,148.78,149.66,148.59,149.32
2025-03-24,149.11,150.76,149.02,150.7
2025-03-25,150.7,150.94,149.55,149.91
2025-03-26,149.91,150.75,149.84,150.57
2025-03-27,150.57,151.15,150.06,151.05
2025-03-28,151.05,151.21,149.69,149.84
2025-03-31,149.7,150.27,148.7,149.96
2025-04-01,149.96,150.14,148.98,149.61
2025-04-02,149.61,150.49,149.1,149.28
2025-04-03,149.27,149.28,145.2,146.06
2025-04-04,146.06,147.43,144.56,146.93
2025-04-07,146.91,148.15,144.82,147.84
2025-04-08,147.84,148.12,145.97,146.27
2025-04-09,146.27,148.27,144.0,147.76
2025-04-10,147.78,147.87,144.02,144.45
2025-04-11,144.45,144.64,142.07,143.54
2025-04-14,144.15,144.31,142.24,143.06
2025-04-15,143.06,143.59,142.6,143.21
2025-04-16,143.21,143.28,141.65,141.88
2025-04-17,141.88,143.08,141.62,142.43
2025-04-18,142.43,142.52,142.12,142.18
2025-04-21,142.23,142.25,140.48,140.86
2025-04-22,140.86,141.67,139.89,141.57
2025-04-23,141.57,143.57,141.49,143.45
2025-04-24,143.45,143.46,142.28,142.63
2025-04-25,142.63,144.03,142.59,143.67
2025-04-28,143.64,143.89,141.99,142.01
2025-04-29,142.01,142.76,141.97,142.33
2025-04-30,142.33,143.19,142.17,143.07
2025-05-01,143.06,145.73,142.88,145.39
2025-05-02,145.39,145.92,143.73,144.96
2025-05-05,144.94,145.0,143.54,143.7
2025-05-06,143.7,144.28,142.36,142.45
2025-05-07,142.45,144.0,142.42,143.83
2025-05-08,143.83,146.18,143.45,145.91
2025-05-09,145.91,146.19,144.83,145.37
2025-05-12,145.83,148.65,145.7,148.46
2025-05-13,148.46,148.48,147.38,147.48
2025-05-14,147.48,147.67,145.61,146.75
2025-05-15,146.75,146.75,145.42,145.67
2025-05-16,145.67,146.1,144.92,145.7
2025-05-19,145.54,145.55,144.67,144.86
2025-05-20,144.86,145.51,144.1,144.51
2025-05-21,144.51,144.61,143.29,143.68
2025-05-22,143.68,144.4,142.81,144.01
2025-05-23,144.01,144.14,142.42,142.56
2025-05-26,142.49,143.08,142.23,142.85
2025-05-27,142.85,144.45,142.12,144.33
2025-05-28,144.33,145.08,143.85,144.84
2025-05-29,144.84,146.28,143.96,144.21
2025-05-30,144.21,144.44,143.44,144.02
2025-06-02,143.99,144.17,142.54,142.71
2025-06-03,142.7,144.11,142.38,143.97
2025-06-04,143.97,144.38,142.61,142.77
2025-06-05,142.77,143.97,142.53,143.53
2025-06-06,143.53,145.09,143.45,144.85
2025-06-09,144.87,144.95,143.98,144.57
2025-06-10,144.58,145.29,144.4,144.87
2025-06-11,144.86,145.46,144.33,144.56
2025-06-12,144.56,144.57,143.19,143.48
2025-06-13,143.48,144.48,142.8,144.07
2025-06-16,144.03,144.88,143.65,144.75
2025-06-17,144.75,145.38,144.41,145.29
2025-06-18,145.28,145.44,144.34,145.13
2025-06-19,145.13,145.77,144.74,145.45
2025-06-20,145.44,146.22,145.13,146.09
2025-06-23,146.0,148.03,146.0,146.15
2025-06-24,146.15,146.19,144.51,144.94
2025-06-25,144.94,145.95,144.61,145.24
2025-06-26,145.24,145.27,143.75,144.42
2025-06-27,144.42,144.95,144.18,144.65
2025-06-30,144.7,144.76,143.78,144.03
2025-07-01,144.03,144.08,142.68,143.42
2025-07-02,143.42,144.25,143.32,143.66
2025-07-03,143.66,145.23,143.45,144.93
2025-07-04,144.93,144.98,144.18,144.47
2025-07-07,144.42,146.24,144.23,146.05
2025-07-08,146.05,146.98,145.83,146.58
2025-07-09,146.58,147.18,146.25,146.33
2025-07-10,146.33,146.79,145.76,146.26
2025-07-11,146.26,147.52,146.14,147.43
2025-07-14,147.3,147.78,146.86,147.72
2025-07-15,147.72,149.02,147.55,148.88
2025-07-16,148.88,149.18,146.92,147.88
2025-07-17,147.88,149.09,147.73,148.58
2025-07-18,148.58,148.89,148.19,148.81
2025-07-21,148.15,148.66,147.08,147.38
2025-07-22,147.38,147.95,146.31,146.63
2025-07-23,146.63,147.21,146.11,146.51
2025-07-24,146.51,147.02,145.86,147.01
2025-07-25,147.01,147.94,146.82,147.69
2025-07-28,147.76,148.58,147.52,148.53
2025-07-29,148.53,148.81,148.16,148.46
2025-07-30,148.46,149.54,147.81,149.51
2025-07-31,149.51,150.84,148.59,150.75
2025-08-01,150.75,150.92,147.3,147.4
2025-08-04,147.44,148.09,146.87,147.09
2025-08-05,147.09,147.83,146.62,147.62
2025-08-06,147.62,147.89,146.98,147.37
2025-08-07,147.37,147.71,146.69,147.14
2025-08-08,147.13,147.9,146.72,147.74
2025-08-11,147.67,148.25,147.35,148.15
2025-08-12,148.15,148.52,147.58,147.84
2025-08-13,147.84,148.17,147.09,147.38
2025-08-14,147.38,147.96,146.21,147.76
2025-08-15,147.76,147.87,146.74,147.19
2025-08-18,147.14,147.99,147.05,147.89
2025-08-19,147.89,148.11,147.45,147.67
2025-08-20,147.67,147.82,146.87,147.33
2025-08-21,147.33,148.41,147.26,148.37
2025-08-22,148.37,148.78,146.58,146.94
2025-08-25,146.91,147.94,146.8,147.8
2025-08-26,147.79,147.91,146.99,147.4
2025-08-27,147.4,148.18,147.29,147.42
2025-08-28,147.42,147.49,146.66,146.93
2025-08-29,146.93,147.41,146.77,147.05
2025-09-01,147.09,147.38,146.79,147.18
2025-09-02,147.18,148.94,147.05,148.36
2025-09-03,148.36,149.14,147.88,148.1
2025-09-04,148.1,148.78,147.8,148.49
2025-09-05,148.49,148.54,146.82,147.43
2025-09-08,148.07,148.58,147.34,147.5
2025-09-09,147.5,147.58,146.31,147.41
2025-09-10,147.41,147.65,147.13,147.46
2025-09-11,147.46,148.17,146.99,147.21
2025-09-12,147.21,148.07,147.12,147.68
2025-09-15,147.78,147.8,147.23,147.4
2025-09-16,147.4,147.54,146.28,146.48
2025-09-17,146.48,147.05,145.49,146.99
2025-09-18,146.99,148.27,146.77,148.0
2025-09-19,148.0,148.28,147.2,147.95
2025-09-22,148.02,148.38,147.66,147.72
2025-09-23,147.72,147.93,147.46,147.64
2025-09-24,147.64,148.92,147.52,148.9
2025-09-25,148.9,149.93,148.56,149.8
2025-09-26,149.8,149.96,149.41,149.49
2025-09-29,149.62,149.63,148.47,148.59
2025-09-30,148.59,148.84,147.65,147.9
2025-10-01,147.9,148.23,146.59,147.07
2025-10-02,147.07,147.51,146.6,147.26
2025-10-03,147.26,147.82,147.1,147.47
2025-10-06,149.11,150.48,149.05,150.35
2025-10-07,150.35,152.04,150.24,151.9
2025-10-08,151.9,153.0,151.74,152.69
2025-10-09,152.69,153.23,152.14,153.07
2025-10-10,153.07,153.27,151.17,151.19
2025-10-13,151.65,152.45,151.65,152.28
2025-10-14,152.28,152.61,151.61,151.84
2025-10-15,151.84,151.88,150.9,151.05
2025-10-16,151.05,151.4,150.21,150.43
2025-10-17,150.43,150.64,149.38,150.61
2025-10-20,150.43,151.2,150.28,150.75
2025-10-21,150.75,152.17,150.47,151.93
2025-10-22,151.93,152.05,151.49,151.98
2025-10-23,151.98,152.8,151.82,152.57
2025-10-24,152.57,153.06,152.3,152.86
2025-10-27,153.01,153.26,152.57,152.88
2025-10-28,152.88,152.88,151.76,152.11
2025-10-29,152.11,153.06,151.54,152.73
2025-10-30,152.73,154.45,152.16,154.13
2025-10-31,154.13,154.41,153.65,153.99
2025-11-03,154.0,154.3,153.93,154.22
2025-11-04,154.22,154.48,153.32,153.67
2025-11-05,153.67,154.36,152.96,154.12
2025-11-06,154.12,154.14,152.83,153.06
2025-11-07,153.07,153.59,152.82,153.42
2025-11-10,153.36,154.25,153.36,154.15
2025-11-11,154.15,154.49,153.67,154.16
2025-11-12,154.16,155.04,154.05,154.79
2025-11-13,154.79,155.01,154.13,154.56
2025-11-14,154.56,154.76,153.62,154.55
2025-11-17,154.51,155.3,154.42,155.26
2025-11-18,155.26,155.73,154.82,155.51
2025-11-19,155.51,157.18,155.21,157.16
2025-11-20,157.16,157.89,156.88,157.47
2025-11-21,157.47,157.54,156.2,156.41
2025-11-24,156.58,157.19,156.33,156.89
2025-11-25,156.89,156.98,155.8,156.05
2025-11-26,156.05,156.74,155.65,156.47
2025-11-27,156.47,156.49,155.73,156.31
2025-11-28,156.31,156.58,155.99,156.18
2025-12-01,156.24,156.24,154.67,155.46
2025-12-02,155.46,156.18,155.43,155.88
2025-12-03,155.88,155.91,155.01,155.25
2025-12-04,155.25,155.54,154.51,155.1
2025-12-05,155.1,155.49,154.35,155.33
2025-12-08,155.31,155.99,154.9,155.92
2025-12-09,155.92,156.95,155.74,156.88
2025-12-10,156.88,156.94,155.8,156.02
2025-12-11,156.02,156.16,154.95,155.59
2025-12-12,155.59,156.13,155.45,155.81
2025-12-15,155.81,155.99,154.84,155.23
2025-12-16,155.23,155.25,154.4,154.72
2025-12-17,154.72,155.75,154.52,155.69
2025-12-18,155.69,155.97,155.29,155.55
2025-12-19,155.55,157.78,155.5,157.75
2025-12-22,157.7,157.75,156.71,157.05
2025-12-23,157.05,157.08,155.65,156.23
2025-12-24,156.23,156.28,155.56,155.93
2025-12-25,155.93,156.11,155.65,155.83
2025-12-26,155.83,156.73,155.76,156.57
2025-12-29,156.53,156.58,155.92,156.06
2025-12-30,156.06,156.57,155.75,156.41
2025-12-31,156.41,156.99,156.33,156.71
2026-01-01,156.71,156.8,156.45,156.75
2026-01-02,156.74,157.0,156.52,156.84
2026-01-05,156.79,157.3,156.12,156.38
2026-01-06,156.38,156.79,156.17,156.65
2026-01-07,156.65,156.8,156.3,156.76
2026-01-08,156.76,157.07,156.46,156.87
2026-01-09,156.87,158.18,156.78,157.89
2026-01-12,158.06,158.2,157.52,158.14
2026-01-13,158.14,159.19,157.9,159.14
2026-01-14,159.14,159.45,158.1,158.46
2026-01-15,158.46,158.88,158.23,158.63
2026-01-16,158.63,158.7,157.82,158.12
2026-01-19,157.87,158.16,157.43,158.11
2026-01-20,158.11,158.6,157.48,158.15
2026-01-21,158.16,158.53,157.75,158.3
2026-01-22,158.29,158.89,158.18,158.41
2026-01-23,158.41,159.23,155.63,155.7
2026-01-26,154.92,155.35,153.31,154.18
2026-01-27,154.18,154.88,152.1,152.21
2026-01-28,152.21,154.05,152.18,153.41
2026-01-29,153.41,153.54,152.68,153.11
2026-01-30,153.11,154.79,152.87,154.78
2026-02-02,154.77,155.79,154.55,155.63
2026-02-03,155.62,156.08,155.31,155.75
2026-02-04,155.75,156.95,155.7,156.86
2026-02-05,156.86,157.34,156.54,157.04
2026-02-06,157.04,157.27,156.52,157.22
2026-02-09,157.01,157.76,155.52,155.88
2026-02-10,155.88,156.29,154.06,154.39
2026-02-11,154.39,154.65,152.56,153.26
2026-02-12,153.26,153.76,152.27,152.74
2026-02-13,152.74,153.67,152.6,152.7
2026-02-16,152.62,153.64,152.62,153.47
2026-02-17,153.47,153.92,152.7,153.31
2026-02-18,153.31,154.87,153.07,154.81
2026-02-19,154.81,155.34,154.54,155.01
2026-02-20,155.01,155.64,154.72,155.05
2026-02-23,154.96,155.07,154.0,154.65
2026-02-24,154.65,156.28,154.53,155.87
2026-02-25,155.87,156.82,155.35,156.37
2026-02-26,156.36,156.43,155.71,156.13
2026-02-27,156.13,156.23,155.54,156.05
2026-03-02,156.04,157.75,155.85,157.39
2026-03-03,157.4,157.97,157.15,157.74
2026-03-04,157.74,157.86,156.86,157.06
2026-03-05,157.06,157.85,156.46,157.59
2026-03-06,157.59,158.09,157.39,157.78
2026-03-09,158.0,158.9,157.64,157.67
2026-03-10,157.67,158.13,157.28,158.05
2026-03-11,158.05,158.98,157.86,158.95
2026-03-12,158.95,159.43,158.57,159.35
2026-03-13,159.35,159.75,159.01,159.73
2026-03-16,159.52,159.75,158.85,159.07
2026-03-17,159.07,159.49,158.72,159.0
2026-03-18,159.0,159.9,158.57,159.86
2026-03-19,159.86,159.87,157.51,157.73
2026-03-20,157.73,159.39,157.64,159.23
2026-03-23,159.16,159.66,158.02,158.44
2026-03-24,158.44,159.19,158.28,158.7
2026-03-25,158.7,159.5,158.58,159.47
2026-03-26,159.47,159.85,159.29,159.81
2026-03-27,159.81,160.41,159.46,160.31
2026-03-30,160.14,160.46,159.33,159.71
2026-03-31,159.71,159.97,158.66,158.72
2026-04-01,158.72,159.01,158.28,158.82
2026-04-02,158.82,159.74,158.55,159.6
2026-04-03,159.6,159.81,159.43,159.67
2026-04-06,159.56,159.83,159.31,159.68
2026-04-07,159.68,160.03,159.47,159.62
2026-04-08,159.62,159.71,157.89,158.57
2026-04-09,158.57,159.3,158.49,158.96
2026-04-10,158.96,159.37,158.94,159.27
2026-04-13,159.35,159.86,159.29,159.45
2026-04-14,159.45,159.46,158.6,158.79
2026-04-15,158.79,159.15,158.65,159.0
2026-04-16,159.0,159.31,158.27,159.17
2026-04-17,159.17,159.53,157.59,158.64
2026-04-20,158.58,159.2,158.46,158.81
2026-04-21,158.81,159.64,158.75,159.37
2026-04-22,159.37,159.57,159.11,159.48
2026-04-23,159.48,159.84,159.3,159.71
2026-04-24,159.71,159.84,159.31,159.38
2026-04-27,159.37,159.68,159.1,159.42
2026-04-28,159.42,159.79,158.96,159.62
2026-04-29,159.62,160.47,159.52,160.41
2026-04-30,160.41,160.72,155.57,156.59
2026-05-01,156.59,157.33,155.5,157.01
2026-05-04,156.88,157.3,155.72,157.24
2026-05-05,157.24,157.92,157.09,157.88
2026-05-06,157.88,157.94,155.04,156.39
2026-05-07,156.39,156.96,156.02,156.93
2026-05-08,156.93,156.99,156.44,156.68
2026-05-11,156.61,157.27,156.45,157.19
2026-05-12,157.19,157.76,156.78,157.63
2026-05-13,157.62,157.93,157.57,157.86
2026-05-14,157.86,158.42,157.32,158.37
2026-05-15,158.37,158.84,158.3,158.74
