Date,Open,High,Low,Close
2016-01-01,1172.45,1172.45,1172.45,1172.45
2016-01-04,1179.0,1187.65,1177.5,1187.65
2016-01-05,1191.0,1192.05,1182.2,1188.1
2016-01-06,1190.0,1197.9,1187.25,1197.7
2016-01-07,1198.9,1203.65,1196.35,1200.65
2016-01-08,1197.97,1199.45,1191.3,1198.05
2016-01-11,1204.67,1211.3,1204.67,1209.7
2016-01-12,1204.47,1212.65,1203.6,1210.25
2016-01-13,1210.0,1210.15,1203.0,1203.9
2016-01-14,1208.2,1215.3,1208.2,1213.35
2016-01-15,1208.0,1214.3,1206.2,1213.25
2016-01-18,1213.97,1216.2,1209.6,1210.9
2016-01-19,1209.02,1213.85,1205.75,1205.95
2016-01-20,1207.97,1214.55,1207.4,1213.85
2016-01-21,1209.8,1213.85,1206.45,1213.75
2016-01-22,1205.75,1206.15,1199.35,1200.2
2016-01-25,1199.0,1199.05,1191.85,1194.2
2016-01-26,1198.78,1204.9,1197.45,1204.2
2016-01-27,1199.0,1204.2,1197.5,1202.1
2016-01-28,1208.97,1211.25,1206.05,1208.55
2016-01-29,1207.0,1212.4,1198.7,1199.2
2016-02-01,1205.07,1210.8,1199.0,1200.45
2016-02-02,1201.9,1207.6,1195.45,1207.5
2016-02-03,1210.88,1221.05,1210.88,1219.3
2016-02-04,1203.3,1205.75,1199.85,1202.1
2016-02-05,1189.55,1198.75,1189.3,1197.5
2016-02-08,1197.45,1197.45,1197.45,1197.45
2016-02-09,1197.45,1197.45,1197.45,1197.45
2016-02-10,1197.45,1197.45,1197.45,1197.45
2016-02-11,1192.5,1205.9,1188.05,1202.6
2016-02-12,1198.47,1211.7,1198.47,1211.55
2016-02-15,1207.0,1212.35,1205.7,1208.05
2016-02-16,1209.97,1219.3,1209.97,1216.6
2016-02-17,1219.97,1228.4,1219.97,1227.3
2016-02-18,1222.07,1228.13,1221.85,1227.35
2016-02-19,1229.97,1239.65,1227.35,1233.7
2016-02-22,1233.97,1237.7,1229.53,1234.45
2016-02-23,1227.18,1232.7,1225.05,1231.2
2016-02-24,1230.38,1236.7,1230.38,1234.3
2016-02-25,1231.97,1238.95,1231.97,1238.65
2016-02-26,1234.97,1238.2,1232.5,1238.1
2016-02-29,1242.97,1245.2,1236.35,1236.7
2016-03-02,1230.97,1235.9,1226.95,1227.5
2016-03-03,1226.5,1226.75,1214.65,1214.65
2016-03-04,1210.9,1214.0,1202.85,1203.3
2016-03-07,1195.97,1203.6,1195.97,1201.5
2016-03-08,1199.47,1208.0,1199.47,1206.65
2016-03-09,1210.97,1217.15,1210.52,1216.25
2016-03-10,1209.97,1213.75,1202.75,1203.5
2016-03-11,1206.0,1210.25,1192.85,1193.15
2016-03-14,1187.97,1192.15,1183.55,1186.25
2016-03-15,1189.97,1192.6,1185.25,1187.65
2016-03-16,1194.97,1195.5,1189.7,1193.25
2016-03-17,1178.9,1179.05,1172.5,1173.25
2016-03-18,1157.0,1163.65,1157.0,1162.4
2016-03-21,1160.97,1169.15,1160.97,1163.5
2016-03-22,1160.97,1165.1,1153.9,1153.9
2016-03-23,1156.0,1163.15,1155.45,1161.1
2016-03-24,1168.55,1170.1,1163.85,1166.25
2016-03-25,1168.0,1173.3,1165.05,1169.1
2016-03-28,1169.97,1173.05,1165.25,1166.05
2016-03-29,1168.0,1168.05,1160.35,1163.8
2016-03-30,1157.0,1157.05,1151.03,1151.1
2016-03-31,1145.57,1146.73,1142.9,1143.5
2016-04-01,1145.0,1154.75,1142.95,1154.05
2016-04-04,1148.0,1151.45,1145.45,1146.15
2016-04-05,1152.97,1158.6,1152.4,1155.15
2016-04-06,1159.0,1160.7,1152.95,1156.15
2016-04-07,1155.0,1157.75,1150.65,1151.3
2016-04-08,1159.22,1162.7,1151.3,1153.8
2016-04-11,1152.25,1154.3,1145.05,1146.5
2016-04-12,1142.97,1147.5,1140.97,1145.9
2016-04-13,1145.85,1145.85,1145.85,1145.85
2016-04-14,1146.97,1158.7,1144.9,1156.5
2016-04-15,1150.47,1155.25,1145.7,1146.15
2016-04-18,1146.97,1153.55,1146.97,1150.45
2016-04-19,1141.72,1145.5,1136.18,1136.25
2016-04-20,1131.28,1136.65,1128.35,1135.25
2016-04-21,1130.97,1138.8,1130.97,1132.95
2016-04-22,1139.97,1144.35,1137.95,1143.15
2016-04-25,1150.97,1152.47,1147.05,1147.95
2016-04-26,1150.4,1151.8,1147.35,1150.95
2016-04-27,1149.0,1149.25,1142.45,1148.3
2016-04-28,1147.5,1149.75,1138.05,1138.1
2016-04-29,1137.0,1143.75,1133.68,1139.45
2016-05-02,1143.97,1145.65,1136.55,1137.65
2016-05-03,1139.0,1140.7,1132.35,1140.25
2016-05-04,1148.63,1155.35,1148.63,1154.45
2016-05-06,1154.4,1154.4,1154.4,1154.4
2016-05-09,1167.1,1167.55,1162.35,1165.8
2016-05-10,1174.22,1175.65,1172.35,1172.8
2016-05-11,1169.2,1172.3,1165.25,1167.68
2016-05-12,1165.0,1166.65,1161.45,1162.45
2016-05-13,1166.97,1172.65,1165.75,1171.45
2016-05-16,1178.47,1180.75,1177.07,1179.6
2016-05-17,1182.3,1182.35,1171.28,1173.75
2016-05-18,1177.5,1183.57,1177.5,1182.85
2016-05-19,1190.45,1193.35,1187.95,1191.8
2016-05-20,1188.0,1191.0,1185.6,1190.15
2016-05-23,1185.97,1185.97,1181.35,1182.9
2016-05-24,1182.97,1192.8,1182.97,1192.7
2016-05-25,1187.5,1190.5,1178.4,1182.68
2016-05-26,1181.0,1184.85,1177.9,1180.45
2016-05-27,1179.5,1182.6,1177.25,1179.3
2016-05-30,1185.97,1192.6,1185.97,1191.75
2016-05-31,1198.0,1198.05,1187.55,1191.73
2016-06-01,1189.97,1196.47,1188.3,1193.02
2016-06-02,1194.97,1194.97,1185.35,1186.57
2016-06-03,1185.47,1190.0,1182.75,1183.65
2016-06-07,1164.6,1167.35,1161.38,1162.65
2016-06-08,1158.0,1158.68,1153.43,1156.75
2016-06-09,1155.0,1160.45,1151.15,1155.9
2016-06-10,1159.97,1165.63,1159.57,1165.45
2016-06-13,1170.97,1174.3,1170.77,1173.6
2016-06-14,1171.97,1173.88,1170.75,1173.23
2016-06-15,1173.47,1179.95,1172.88,1173.25
2016-06-16,1171.0,1172.48,1163.7,1171.35
2016-06-17,1171.0,1177.5,1167.22,1173.45
2016-06-20,1169.0,1169.05,1160.32,1160.77
2016-06-21,1160.47,1162.8,1154.7,1157.2
2016-06-22,1154.0,1158.35,1153.0,1154.55
2016-06-23,1147.97,1153.65,1147.85,1150.3
2016-06-24,1144.5,1180.23,1144.5,1179.32
2016-06-27,1173.3,1188.5,1173.3,1182.32
2016-06-28,1179.97,1185.05,1169.13,1171.25
2016-06-29,1168.0,1170.73,1159.95,1160.1
2016-06-30,1150.97,1156.88,1150.7,1151.77
2016-07-01,1150.97,1154.0,1143.38,1145.05
2016-07-04,1146.7,1152.75,1145.35,1146.73
2016-07-05,1145.97,1156.55,1145.97,1155.4
2016-07-06,1160.97,1169.13,1160.97,1165.65
2016-07-07,1162.0,1162.05,1152.8,1154.55
2016-07-08,1159.0,1162.48,1156.5,1161.77
2016-07-11,1149.55,1151.4,1143.55,1147.23
2016-07-12,1151.3,1152.75,1147.4,1148.05
2016-07-13,1145.0,1148.02,1142.5,1146.4
2016-07-14,1144.97,1153.63,1134.85,1138.28
2016-07-15,1132.0,1134.78,1130.45,1133.27
2016-07-18,1141.0,1141.05,1134.15,1136.47
2016-07-19,1135.97,1141.88,1135.52,1135.55
2016-07-20,1141.47,1143.6,1138.32,1140.45
2016-07-21,1142.47,1143.77,1136.0,1136.13
2016-07-22,1137.5,1137.55,1132.43,1134.45
2016-07-25,1135.17,1137.93,1135.17,1136.77
2016-07-26,1142.97,1143.02,1134.5,1134.95
2016-07-27,1138.0,1138.03,1132.15,1134.18
2016-07-28,1129.0,1129.05,1123.35,1124.45
2016-07-29,1124.0,1125.55,1120.15,1120.38
2016-08-01,1114.0,1114.3,1108.05,1108.18
2016-08-02,1109.2,1112.2,1106.35,1110.35
2016-08-03,1110.0,1117.88,1108.2,1117.45
2016-08-04,1116.97,1117.97,1112.4,1114.05
2016-08-05,1113.0,1113.05,1110.3,1110.72
2016-08-08,1115.0,1116.95,1108.3,1108.3
2016-08-09,1107.5,1110.27,1105.35,1106.25
2016-08-10,1104.0,1104.05,1091.07,1094.38
2016-08-11,1096.97,1103.5,1093.2,1099.72
2016-08-12,1098.47,1103.25,1097.18,1103.2
2016-08-16,1097.0,1098.68,1092.35,1092.35
2016-08-17,1096.0,1109.07,1094.5,1108.85
2016-08-18,1107.0,1109.65,1103.35,1107.2
2016-08-19,1106.97,1120.65,1106.97,1117.55
2016-08-22,1116.97,1129.13,1116.97,1126.25
2016-08-23,1122.0,1122.72,1114.22,1115.88
2016-08-24,1119.97,1125.67,1117.57,1122.0
2016-08-25,1120.47,1123.63,1115.55,1115.85
2016-08-26,1116.0,1117.07,1111.85,1113.7
2016-08-29,1120.97,1128.48,1120.97,1124.95
2016-08-30,1118.5,1122.45,1116.55,1119.88
2016-08-31,1121.0,1121.03,1114.57,1114.8
2016-09-01,1115.7,1122.6,1114.05,1122.0
2016-09-02,1116.97,1119.7,1114.25,1117.15
2016-09-05,1114.4,1114.57,1105.1,1105.15
2016-09-06,1102.1,1107.9,1102.1,1105.25
2016-09-07,1097.35,1097.35,1089.75,1091.38
2016-09-08,1089.97,1094.85,1089.97,1092.55
2016-09-09,1095.97,1103.0,1095.97,1099.8
2016-09-12,1105.0,1113.1,1105.0,1113.05
2016-09-13,1108.5,1120.75,1106.8,1119.18
2016-09-19,1124.97,1126.95,1116.65,1118.05
2016-09-20,1119.4,1121.38,1116.13,1120.23
2016-09-21,1117.0,1122.72,1110.75,1120.2
2016-09-22,1102.47,1106.15,1100.55,1102.95
2016-09-23,1104.0,1107.15,1100.05,1102.45
2016-09-26,1104.0,1109.98,1102.9,1107.95
2016-09-27,1109.47,1113.05,1096.75,1097.57
2016-09-28,1098.0,1099.03,1093.57,1096.8
2016-09-29,1094.0,1099.75,1091.5,1098.32
2016-09-30,1100.97,1106.43,1097.82,1101.25
2016-10-04,1104.0,1108.73,1102.05,1107.78
2016-10-05,1115.75,1117.1,1111.65,1113.57
2016-10-06,1114.0,1114.0,1109.68,1111.78
2016-10-07,1114.57,1117.82,1113.88,1115.63
2016-10-10,1114.3,1114.77,1107.17,1109.95
2016-10-11,1106.0,1121.53,1106.0,1120.43
2016-10-12,1123.7,1124.78,1121.3,1123.68
2016-10-13,1125.2,1136.45,1124.63,1135.15
2016-10-14,1128.0,1136.57,1128.0,1133.4
2016-10-17,1141.17,1143.65,1136.4,1138.08
2016-10-18,1131.0,1139.07,1128.93,1129.38
2016-10-19,1129.2,1129.2,1120.05,1123.07
2016-10-20,1122.0,1127.68,1118.8,1127.43
2016-10-21,1128.1,1136.95,1128.1,1134.95
2016-10-24,1136.17,1137.13,1131.13,1131.48
2016-10-25,1136.0,1139.5,1132.95,1133.4
2016-10-26,1129.0,1135.32,1128.43,1134.02
2016-10-27,1139.0,1143.23,1136.9,1141.93
2016-10-28,1145.97,1148.35,1143.48,1144.73
2016-10-31,1146.0,1148.9,1140.1,1144.03
2016-11-01,1142.0,1144.88,1138.38,1139.7
2016-11-02,1145.97,1152.2,1141.85,1149.1
2016-11-03,1145.0,1146.88,1136.5,1141.63
2016-11-04,1144.0,1147.1,1140.8,1143.4
2016-11-07,1140.97,1144.57,1137.63,1143.13
2016-11-08,1141.0,1143.68,1134.18,1134.8
2016-11-09,1126.65,1157.23,1126.65,1149.43
2016-11-10,1157.95,1158.1,1146.2,1149.78
2016-11-11,1162.25,1169.2,1160.05,1163.63
2016-11-14,1165.97,1173.1,1165.97,1171.9
2016-11-15,1170.0,1173.1,1164.07,1170.5
2016-11-16,1166.0,1172.03,1164.42,1169.3
2016-11-17,1172.0,1179.5,1168.5,1176.05
2016-11-18,1178.0,1185.5,1177.97,1183.18
2016-11-21,1182.0,1186.93,1180.27,1186.63
2016-11-22,1179.0,1179.0,1173.2,1176.2
2016-11-23,1170.0,1178.05,1169.63,1176.35
2016-11-24,1180.88,1184.7,1178.95,1180.3
2016-11-25,1178.0,1182.98,1175.65,1177.43
2016-11-28,1175.0,1175.0,1166.4,1170.43
2016-11-29,1170.0,1170.98,1166.3,1168.65
2016-11-30,1167.0,1171.05,1165.1,1168.73
2016-12-01,1175.95,1178.45,1167.1,1168.38
2016-12-02,1166.0,1174.98,1161.85,1172.5
2016-12-05,1167.97,1176.25,1167.97,1174.45
2016-12-06,1167.15,1173.03,1166.28,1171.43
2016-12-07,1171.0,1172.45,1166.48,1167.43
2016-12-08,1161.0,1161.7,1156.8,1158.8
2016-12-09,1163.97,1168.6,1162.13,1165.95
2016-12-12,1168.97,1174.78,1167.48,1168.27
2016-12-13,1166.0,1167.45,1162.55,1166.57
2016-12-14,1164.5,1173.35,1160.9,1169.68
2016-12-15,1181.2,1183.07,1177.3,1178.23
2016-12-16,1182.97,1185.18,1181.18,1183.82
2016-12-19,1188.0,1189.8,1181.95,1187.18
2016-12-20,1187.0,1193.45,1187.0,1193.43
2016-12-21,1192.5,1196.3,1191.25,1194.0
2016-12-22,1195.0,1200.38,1194.25,1199.15
2016-12-23,1203.97,1205.55,1201.05,1202.88
2016-12-26,1201.38,1204.27,1197.95,1201.38
2016-12-27,1201.0,1207.7,1200.68,1207.5
2016-12-28,1208.0,1209.63,1204.1,1208.93
2016-12-29,1212.0,1212.25,1206.07,1207.82
2017-01-02,1207.5,1209.88,1206.0,1207.93
2017-01-03,1208.0,1213.22,1201.38,1203.22
2017-01-04,1207.47,1209.25,1204.95,1206.35
2017-01-05,1194.25,1195.05,1186.05,1186.23
2017-01-06,1184.5,1193.13,1183.25,1192.98
2017-01-09,1201.0,1208.75,1201.0,1208.32
2017-01-10,1203.0,1203.25,1193.97,1195.1
2017-01-11,1200.97,1201.77,1192.13,1196.35
2017-01-12,1187.55,1187.55,1180.3,1184.88
2017-01-13,1177.0,1180.52,1173.82,1174.88
2017-01-16,1175.0,1182.98,1175.0,1182.02
2017-01-17,1184.0,1187.25,1173.52,1174.5
2017-01-18,1162.7,1167.85,1162.68,1165.63
2017-01-19,1179.38,1179.53,1174.18,1176.55
2017-01-20,1176.0,1177.55,1168.52,1169.13
2017-01-23,1172.0,1172.0,1163.68,1166.27
2017-01-24,1162.0,1166.55,1160.68,1165.9
2017-01-25,1169.0,1170.0,1164.18,1166.02
2017-01-26,1161.0,1161.23,1156.05,1159.53
2017-01-31,1168.67,1169.97,1160.65,1161.6
2017-02-01,1151.4,1158.9,1151.35,1158.22
2017-02-02,1154.0,1154.63,1145.47,1146.93
2017-02-03,1143.5,1149.07,1143.5,1147.4
2017-02-06,1140.03,1140.25,1135.75,1138.07
2017-02-07,1135.0,1145.65,1135.0,1144.18
2017-02-08,1145.0,1147.9,1142.07,1147.07
2017-02-09,1146.0,1148.5,1142.85,1146.15
2017-02-10,1150.97,1154.38,1148.63,1150.65
2017-02-13,1147.97,1154.25,1147.97,1151.93
2017-02-14,1149.0,1150.43,1137.28,1137.4
2017-02-15,1139.97,1146.95,1137.75,1142.18
2017-02-16,1134.0,1143.3,1133.5,1141.55
2017-02-17,1140.0,1147.2,1140.0,1146.75
2017-02-20,1150.97,1150.97,1145.27,1147.45
2017-02-21,1146.0,1148.72,1144.38,1146.13
2017-02-22,1143.5,1143.5,1138.6,1142.52
2017-02-23,1141.0,1142.05,1135.45,1137.47
2017-02-24,1130.6,1134.48,1127.85,1131.65
2017-02-27,1130.97,1134.75,1130.6,1133.75
2017-02-28,1135.0,1135.32,1129.35,1130.35
2017-03-02,1144.15,1144.18,1140.43,1141.6
2017-03-03,1149.0,1156.3,1147.47,1156.22
2017-03-06,1152.97,1158.63,1152.97,1157.85
2017-03-07,1153.5,1157.23,1146.18,1146.18
2017-03-08,1151.0,1152.43,1142.95,1145.57
2017-03-09,1153.25,1158.63,1152.45,1157.88
2017-03-10,1162.0,1162.98,1154.38,1157.38
2017-03-13,1149.25,1152.57,1143.82,1144.28
2017-03-14,1147.97,1150.5,1145.0,1148.9
2017-03-15,1149.0,1150.13,1141.6,1143.52
2017-03-16,1129.98,1133.78,1128.9,1131.88
2017-03-17,1130.0,1133.38,1128.8,1131.4
2017-03-20,1130.0,1130.75,1120.13,1120.13
2017-03-21,1115.0,1121.65,1113.5,1120.85
2017-03-22,1122.0,1127.25,1121.22,1123.35
2017-03-23,1117.0,1122.52,1117.0,1122.25
2017-03-24,1121.5,1124.7,1120.5,1122.52
2017-03-27,1118.0,1118.0,1112.6,1112.88
2017-03-28,1111.0,1114.2,1110.52,1113.18
2017-03-29,1117.0,1117.0,1112.68,1114.25
2017-03-30,1111.97,1122.15,1110.9,1117.32
2017-03-31,1118.0,1121.73,1117.45,1118.4
2017-04-03,1116.97,1117.28,1111.68,1115.43
2017-04-04,1118.0,1121.93,1116.95,1121.93
2017-04-05,1125.0,1126.88,1121.82,1123.95
2017-04-06,1128.0,1134.32,1125.93,1133.13
2017-04-07,1130.0,1140.02,1130.0,1134.4
2017-04-10,1138.0,1144.9,1137.25,1142.3
2017-04-11,1143.0,1149.77,1140.7,1145.8
2017-04-12,1145.0,1149.43,1141.32,1141.5
2017-04-13,1134.55,1138.07,1124.5,1129.82
2017-04-14,1135.47,1141.07,1134.9,1139.93
2017-04-17,1140.0,1140.0,1133.0,1138.2
2017-04-18,1133.0,1142.4,1132.32,1141.8
2017-04-19,1141.0,1144.98,1137.5,1140.18
2017-04-20,1142.0,1144.32,1138.65,1139.9
2017-04-21,1137.0,1139.98,1132.65,1134.3
2017-04-24,1133.0,1135.88,1127.45,1130.0
2017-04-25,1131.0,1136.9,1124.15,1125.43
2017-04-26,1127.0,1129.38,1121.55,1125.3
2017-04-27,1133.0,1133.02,1128.3,1130.1
2017-04-28,1131.97,1137.82,1128.77,1137.8
2017-05-02,1136.72,1136.88,1127.0,1130.8
2017-05-04,1134.53,1134.63,1129.22,1132.68
2017-05-08,1134.5,1136.7,1129.73,1131.45
2017-05-10,1137.1,1137.3,1132.3,1135.9
2017-05-11,1134.5,1134.5,1127.3,1127.77
2017-05-12,1125.0,1130.57,1123.35,1127.43
2017-05-15,1123.0,1127.15,1123.0,1123.65
2017-05-16,1119.0,1119.43,1115.55,1115.98
2017-05-17,1115.0,1122.95,1114.4,1118.2
2017-05-18,1123.97,1127.65,1121.9,1124.5
2017-05-19,1126.78,1131.2,1125.05,1127.0
2017-05-22,1119.0,1119.1,1114.85,1118.65
2017-05-23,1114.0,1124.4,1114.0,1124.1
2017-05-24,1125.97,1128.0,1124.15,1126.3
2017-05-25,1119.0,1120.9,1116.15,1116.45
2017-05-26,1119.97,1121.75,1117.6,1120.8
2017-05-29,1119.97,1122.65,1118.15,1122.0
2017-05-30,1122.97,1125.35,1122.25,1125.3
2017-05-31,1124.0,1124.15,1119.15,1119.65
2017-06-01,1119.0,1122.25,1118.65,1122.05
2017-06-02,1121.0,1123.3,1119.2,1121.8
2017-06-05,1117.97,1119.75,1116.85,1118.2
2017-06-07,1119.58,1124.5,1119.1,1124.05
2017-06-08,1124.0,1127.35,1121.85,1122.1
2017-06-09,1123.97,1124.25,1119.35,1123.15
2017-06-12,1124.97,1128.05,1121.7,1127.3
2017-06-13,1131.0,1131.0,1127.25,1128.25
2017-06-14,1127.0,1127.5,1123.65,1123.95
2017-06-15,1120.6,1124.9,1119.0,1124.1
2017-06-16,1130.0,1138.2,1128.3,1134.2
2017-06-19,1131.97,1133.4,1128.65,1132.65
2017-06-20,1138.0,1138.6,1135.35,1135.45
2017-06-21,1140.97,1144.5,1139.4,1144.0
2017-06-22,1142.0,1143.2,1138.9,1140.9
2017-06-23,1139.0,1142.15,1138.6,1138.95
2017-06-26,1134.6,1138.0,1133.9,1137.15
2017-06-27,1135.0,1138.9,1134.15,1137.0
2017-06-28,1140.47,1144.1,1139.85,1144.05
2017-06-29,1139.4,1141.65,1137.25,1141.15
2017-06-30,1145.97,1146.9,1141.7,1144.0
2017-07-03,1143.97,1147.9,1141.45,1146.8
2017-07-04,1149.0,1151.9,1147.1,1150.7
2017-07-05,1154.0,1154.0,1147.35,1150.45
2017-07-06,1154.0,1157.85,1150.5,1157.4
2017-07-07,1157.0,1157.9,1154.0,1154.35
2017-07-10,1153.0,1153.5,1148.25,1149.5
2017-07-11,1149.0,1152.25,1147.55,1151.2
2017-07-12,1149.0,1149.1,1143.9,1145.25
2017-07-13,1139.0,1139.9,1134.95,1136.35
2017-07-14,1134.0,1138.75,1133.15,1133.3
2017-07-17,1129.0,1130.0,1126.5,1128.3
2017-07-18,1129.0,1130.25,1123.0,1123.25
2017-07-19,1124.0,1124.9,1119.95,1120.7
2017-07-20,1124.0,1126.8,1122.25,1125.65
2017-07-21,1122.0,1123.45,1117.8,1118.35
2017-07-24,1116.78,1119.0,1112.6,1114.05
2017-07-25,1115.97,1118.75,1114.4,1115.4
2017-07-26,1122.0,1122.45,1118.55,1121.8
2017-07-27,1113.75,1114.3,1110.6,1112.85
2017-07-28,1116.2,1122.45,1115.75,1122.15
2017-07-31,1123.97,1125.7,1118.9,1119.15
2017-08-01,1119.0,1121.4,1116.0,1121.2
2017-08-02,1122.0,1125.9,1120.25,1123.9
2017-08-03,1123.0,1129.95,1123.0,1128.7
2017-08-04,1129.0,1129.0,1123.05,1124.9
2017-08-07,1128.97,1129.15,1125.75,1127.15
2017-08-08,1127.0,1127.5,1123.35,1125.2
2017-08-09,1130.97,1137.35,1130.45,1135.3
2017-08-10,1136.0,1144.7,1136.0,1141.75
2017-08-11,1143.0,1148.2,1143.0,1143.7
2017-08-14,1142.0,1142.0,1136.1,1139.7
2017-08-16,1136.0,1143.25,1134.45,1141.65
2017-08-17,1135.0,1138.65,1134.1,1137.2
2017-08-18,1142.7,1143.95,1140.2,1141.3
2017-08-21,1137.65,1139.7,1137.15,1139.0
2017-08-22,1138.4,1138.4,1133.5,1133.9
2017-08-23,1132.2,1133.45,1128.75,1131.8
2017-08-24,1127.35,1128.55,1126.25,1127.85
2017-08-25,1128.4,1131.25,1127.7,1128.55
2017-08-28,1121.65,1121.65,1119.15,1120.1
2017-08-29,1125.75,1128.6,1124.6,1126.4
2017-08-30,1123.85,1124.65,1121.2,1124.35
2017-08-31,1124.25,1128.3,1123.3,1127.4
2017-09-01,1122.55,1124.4,1121.3,1122.9
2017-09-04,1129.5,1133.7,1128.75,1132.7
2017-09-05,1131.3,1133.65,1129.35,1131.1
2017-09-06,1131.6,1136.05,1130.85,1135.6
2017-09-07,1131.45,1131.85,1128.1,1129.5
2017-09-08,1126.35,1128.95,1125.25,1127.3
2017-09-11,1127.3,1132.0,1126.45,1131.95
2017-09-12,1129.5,1131.0,1128.3,1128.7
2017-09-13,1128.4,1129.6,1125.85,1128.4
2017-09-14,1132.35,1133.5,1131.6,1132.55
2017-09-15,1136.45,1136.45,1131.85,1131.9
2017-09-18,1132.2,1132.2,1125.9,1126.95
2017-09-19,1128.6,1131.7,1128.25,1131.5
2017-09-20,1131.0,1131.6,1127.35,1128.5
2017-09-21,1132.85,1134.2,1131.55,1132.8
2017-09-22,1132.25,1139.6,1132.25,1136.7
2017-09-25,1132.2,1132.3,1129.35,1131.65
2017-09-26,1134.9,1137.25,1134.65,1137.05
2017-09-27,1138.65,1140.85,1138.65,1140.65
2017-09-28,1143.8,1149.85,1143.05,1149.05
2017-09-29,1147.0,1147.0,1144.4,1145.4
2017-10-10,1142.15,1142.85,1135.2,1135.2
2017-10-11,1134.0,1137.65,1131.9,1135.15
2017-10-12,1132.0,1136.45,1130.65,1133.15
2017-10-13,1132.5,1133.75,1128.55,1129.0
2017-10-16,1126.67,1129.1,1125.95,1127.85
2017-10-17,1129.97,1132.9,1129.25,1132.5
2017-10-18,1131.0,1131.7,1128.95,1130.0
2017-10-19,1134.0,1134.0,1130.75,1132.4
2017-10-20,1128.8,1133.65,1127.8,1131.3
2017-10-23,1131.97,1134.85,1129.4,1130.25
2017-10-24,1131.0,1131.4,1127.4,1127.45
2017-10-25,1134.0,1134.0,1126.5,1127.9
2017-10-26,1126.0,1126.0,1122.65,1124.55
2017-10-27,1128.0,1131.8,1128.0,1130.4
2017-10-30,1125.97,1126.9,1123.45,1124.75
2017-10-31,1123.0,1124.6,1120.05,1120.4
2017-11-01,1116.0,1118.95,1114.2,1114.4
2017-11-02,1112.0,1114.65,1111.75,1114.35
2017-11-03,1112.5,1114.0,1111.1,1113.75
2017-11-06,1117.0,1118.95,1114.9,1115.05
2017-11-07,1112.05,1112.9,1110.55,1111.9
2017-11-08,1116.75,1116.75,1112.9,1115.5
2017-11-09,1114.0,1116.25,1112.45,1115.55
2017-11-10,1119.95,1119.95,1116.15,1117.05
2017-11-13,1122.15,1122.15,1119.15,1120.75
2017-11-14,1120.75,1120.75,1117.25,1118.1
2017-11-15,1115.55,1116.65,1112.35,1112.4
2017-11-16,1107.55,1107.55,1099.65,1101.55
2017-11-17,1096.3,1098.4,1092.95,1097.45
2017-11-20,1097.72,1101.45,1094.8,1100.6
2017-11-21,1096.0,1099.95,1095.45,1095.9
2017-11-22,1090.03,1093.95,1088.7,1088.85
2017-11-23,1087.55,1090.65,1085.4,1085.4
2017-11-24,1084.0,1087.1,1083.25,1085.3
2017-11-27,1086.47,1088.8,1085.4,1088.6
2017-11-28,1090.22,1091.25,1083.95,1084.25
2017-11-29,1080.75,1085.05,1076.3,1076.9
2017-11-30,1080.9,1090.1,1080.25,1088.05
2017-12-01,1087.1,1088.85,1084.4,1086.4
2017-12-04,1084.63,1090.1,1084.63,1088.85
2017-12-05,1085.0,1088.25,1082.05,1085.85
2017-12-06,1088.55,1094.75,1086.75,1093.45
2017-12-07,1095.4,1096.15,1090.35,1093.45
2017-12-08,1094.3,1096.0,1091.4,1093.5
2017-12-11,1090.95,1093.75,1090.45,1092.2
2017-12-12,1089.05,1092.35,1087.55,1092.3
2017-12-13,1090.35,1094.45,1090.35,1090.65
2017-12-14,1090.75,1090.75,1084.15,1088.95
2017-12-15,1089.05,1091.15,1087.35,1089.38
2017-12-18,1088.95,1091.35,1087.4,1088.55
2017-12-19,1085.05,1088.6,1084.35,1084.9
2017-12-20,1085.0,1086.35,1080.2,1080.9
2017-12-21,1079.15,1082.75,1078.25,1082.7
2017-12-22,1079.93,1081.1,1077.15,1079.7
2017-12-26,1077.93,1078.45,1075.65,1076.15
2017-12-27,1074.25,1076.1,1074.05,1074.2
2017-12-28,1074.65,1074.85,1070.05,1070.65
2018-01-02,1067.22,1067.7,1061.2,1061.2
2018-01-03,1062.15,1067.65,1062.15,1064.55
2018-01-04,1063.35,1068.4,1061.7,1062.15
2018-01-05,1062.38,1063.7,1060.25,1062.75
2018-01-08,1062.07,1069.8,1058.8,1066.1
2018-01-09,1068.13,1069.3,1065.5,1067.1
2018-01-10,1072.53,1073.0,1069.05,1071.85
2018-01-11,1069.6,1073.4,1068.95,1072.1
2018-01-12,1067.45,1067.45,1063.4,1064.9
2018-01-15,1063.05,1063.05,1059.45,1062.7
2018-01-16,1063.72,1066.15,1062.35,1062.65
2018-01-17,1063.75,1069.25,1062.9,1069.25
2018-01-18,1067.25,1071.7,1067.25,1070.5
2018-01-19,1068.25,1070.9,1064.2,1065.9
2018-01-22,1065.95,1070.45,1065.95,1070.1
2018-01-23,1067.25,1072.05,1066.9,1070.15
2018-01-24,1072.2,1073.0,1068.55,1070.15
2018-01-25,1065.68,1065.78,1057.95,1058.65
2018-01-26,1065.97,1066.8,1062.75,1063.9
2018-01-29,1064.05,1067.05,1061.9,1065.5
2018-01-30,1070.05,1073.75,1069.05,1073.75
2018-01-31,1072.0,1074.22,1067.45,1067.75
2018-02-01,1069.15,1074.05,1068.3,1072.0
2018-02-02,1069.5,1081.15,1069.5,1080.1
2018-02-05,1089.72,1092.6,1087.55,1088.55
2018-02-06,1095.97,1098.5,1088.4,1091.4
2018-02-07,1078.75,1087.5,1078.75,1086.6
2018-02-08,1089.38,1090.95,1085.35,1087.9
2018-02-09,1096.22,1097.8,1088.95,1092.05
2018-02-12,1084.63,1085.25,1081.55,1084.55
2018-02-13,1081.03,1084.9,1079.8,1084.55
2018-02-14,1085.95,1085.95,1076.05,1077.2
2018-02-19,1068.22,1069.75,1066.4,1067.6
2018-02-20,1067.1,1073.5,1067.1,1073.45
2018-02-21,1072.0,1077.3,1072.0,1076.15
2018-02-22,1077.38,1085.15,1076.9,1084.3
2018-02-23,1080.1,1081.85,1076.45,1078.95
2018-02-26,1075.13,1075.75,1072.75,1073.35
2018-02-27,1070.5,1073.75,1068.65,1071.25
2018-02-28,1078.72,1083.95,1078.72,1083.1
2018-03-02,1082.43,1083.85,1079.45,1080.35
2018-03-05,1080.05,1082.4,1076.45,1082.0
2018-03-06,1076.0,1077.5,1073.9,1076.0
2018-03-07,1061.25,1070.15,1061.25,1069.1
2018-03-08,1066.28,1070.4,1066.28,1070.25
2018-03-09,1072.85,1072.85,1067.4,1069.95
2018-03-12,1065.8,1066.45,1063.05,1065.15
2018-03-13,1064.5,1067.9,1063.95,1067.45
2018-03-14,1066.0,1068.75,1062.75,1064.55
2018-03-15,1060.75,1067.75,1060.75,1065.5
2018-03-16,1067.52,1071.7,1065.75,1066.3
2018-03-19,1070.95,1072.35,1069.35,1071.55
2018-03-20,1072.97,1073.45,1068.2,1068.7
2018-03-21,1071.05,1072.45,1070.55,1072.3
2018-03-22,1064.8,1072.85,1064.75,1072.55
2018-03-23,1081.97,1083.5,1079.1,1082.15
2018-03-26,1084.25,1084.25,1078.7,1081.2
2018-03-27,1075.45,1075.95,1069.55,1070.4
2018-03-28,1074.02,1074.8,1065.45,1070.7
2018-03-29,1063.0,1067.95,1063.0,1065.95
2018-03-30,1063.2,1065.9,1062.7,1063.55
2018-04-02,1062.22,1062.4,1056.45,1056.6
2018-04-03,1057.72,1059.35,1054.0,1054.6
2018-04-04,1054.93,1060.35,1054.45,1059.7
2018-04-05,1058.3,1063.5,1056.85,1060.0
2018-04-06,1064.13,1069.95,1063.2,1069.7
2018-04-09,1071.1,1071.3,1065.15,1067.15
2018-04-10,1067.0,1071.95,1063.75,1066.5
2018-04-11,1064.0,1068.4,1064.0,1066.4
2018-04-12,1066.2,1071.25,1065.25,1069.55
2018-04-13,1070.05,1071.45,1068.25,1069.6
2018-04-16,1071.22,1075.1,1070.15,1073.95
2018-04-17,1070.3,1070.55,1066.55,1067.1
2018-04-18,1067.65,1068.95,1064.1,1068.6
2018-04-19,1062.9,1067.15,1059.3,1061.5
2018-04-20,1066.5,1068.65,1065.6,1067.15
2018-04-23,1071.63,1071.75,1067.05,1068.9
2018-04-24,1080.75,1080.75,1074.9,1076.85
2018-04-25,1077.8,1081.25,1075.15,1080.6
2018-04-26,1081.35,1081.8,1077.85,1080.9
2018-04-27,1075.55,1078.65,1073.7,1076.65
2018-04-30,1069.63,1069.65,1065.75,1068.15
2018-05-02,1072.82,1077.55,1072.5,1076.1
2018-05-03,1079.0,1079.45,1074.75,1076.25
2018-05-04,1073.25,1077.65,1073.25,1077.15
2018-05-08,1079.02,1079.7,1075.8,1076.5
2018-05-09,1078.4,1082.85,1078.4,1080.95
2018-05-10,1080.0,1080.5,1072.05,1073.05
2018-05-11,1065.2,1070.4,1065.2,1069.4
2018-05-14,1067.88,1068.8,1064.95,1067.9
2018-05-15,1070.68,1075.65,1069.3,1073.7
2018-05-16,1081.63,1081.8,1076.28,1077.8
2018-05-17,1076.1,1081.2,1076.1,1081.2
2018-05-18,1083.6,1083.6,1077.5,1077.6
2018-05-21,1080.9,1086.65,1079.4,1085.45
2018-05-23,1077.57,1080.55,1077.15,1080.55
2018-05-24,1077.0,1082.35,1077.0,1079.65
2018-05-25,1082.95,1082.95,1076.55,1077.9
2018-05-28,1077.45,1077.45,1071.55,1074.0
2018-05-29,1074.1,1077.35,1073.95,1076.75
2018-05-30,1083.05,1083.65,1079.65,1080.9
2018-05-31,1075.0,1079.05,1074.15,1077.78
2018-06-01,1079.95,1079.95,1074.45,1075.0
2018-06-04,1071.97,1072.45,1069.3,1071.95
2018-06-05,1070.0,1071.4,1067.75,1070.85
2018-06-07,1067.75,1069.3,1066.65,1069.1
2018-06-08,1071.05,1076.2,1070.45,1075.85
2018-06-11,1072.97,1075.25,1071.9,1075.15
2018-06-12,1074.8,1078.1,1072.85,1077.2
2018-06-14,1083.0,1083.7,1081.35,1083.05
2018-06-15,1088.05,1097.8,1087.55,1097.75
2018-06-18,1102.95,1106.4,1100.05,1104.9
2018-06-19,1103.6,1109.75,1102.65,1109.1
2018-06-20,1111.43,1111.65,1101.4,1105.2
2018-06-21,1108.3,1112.6,1105.15,1112.45
2018-06-22,1110.8,1110.8,1107.35,1107.55
2018-06-25,1111.97,1117.95,1111.97,1117.15
2018-06-26,1113.6,1118.15,1113.25,1114.75
2018-06-27,1118.72,1119.8,1116.3,1117.6
2018-06-28,1122.95,1124.15,1119.15,1124.0
2018-06-29,1121.05,1121.65,1113.15,1114.6
2018-07-02,1113.55,1120.1,1113.5,1120.1
2018-07-03,1119.2,1124.7,1117.25,1118.7
2018-07-04,1115.0,1118.15,1112.4,1114.55
2018-07-05,1115.9,1120.7,1115.15,1118.5
2018-07-06,1119.55,1121.55,1114.25,1116.0
2018-07-09,1114.53,1115.95,1109.7,1112.2
2018-07-10,1112.9,1117.0,1109.4,1116.3
2018-07-11,1119.47,1123.3,1119.1,1120.05
2018-07-12,1127.3,1130.2,1125.3,1125.95
2018-07-13,1123.95,1125.2,1122.05,1123.45
2018-07-16,1130.22,1130.4,1127.4,1129.1
2018-07-17,1127.0,1128.3,1122.9,1124.1
2018-07-18,1128.22,1132.6,1126.7,1132.35
2018-07-19,1130.45,1133.3,1128.9,1133.2
2018-07-20,1133.0,1138.85,1130.95,1133.75
2018-07-23,1128.8,1131.35,1126.65,1131.35
2018-07-24,1133.1,1137.4,1132.75,1135.15
2018-07-25,1125.0,1130.25,1124.95,1126.35
2018-07-26,1116.25,1121.95,1116.25,1119.45
2018-07-27,1123.72,1124.9,1115.4,1118.15
2018-07-30,1117.7,1120.4,1113.55,1120.4
2018-07-31,1118.53,1120.1,1115.75,1118.7
2018-08-01,1113.35,1122.25,1113.35,1120.65
2018-08-02,1118.0,1126.5,1118.0,1126.1
2018-08-03,1128.0,1131.05,1126.2,1127.7
2018-08-06,1124.85,1125.45,1121.9,1123.95
2018-08-07,1125.88,1127.55,1123.6,1123.8
2018-08-08,1117.0,1120.95,1117.0,1119.95
2018-08-09,1117.5,1120.1,1116.15,1117.1
2018-08-10,1123.3,1130.0,1123.2,1128.9
2018-08-13,1131.38,1136.4,1129.75,1134.05
2018-08-14,1138.13,1138.55,1127.8,1128.1
2018-08-16,1135.05,1136.5,1127.3,1130.0
2018-08-17,1126.25,1128.2,1123.9,1124.95
2018-08-20,1119.43,1123.6,1119.43,1123.2
2018-08-21,1118.75,1119.75,1117.15,1118.6
2018-08-22,1116.3,1120.25,1116.2,1119.0
2018-08-23,1117.1,1122.65,1117.1,1121.4
2018-08-24,1124.72,1125.95,1117.9,1119.0
2018-08-27,1112.95,1116.1,1112.85,1113.9
2018-08-28,1109.0,1111.8,1108.85,1109.95
2018-08-29,1107.3,1111.05,1106.9,1110.25
2018-08-30,1109.4,1111.4,1107.15,1108.65
2018-08-31,1115.72,1115.72,1111.9,1112.9
2018-09-03,1114.97,1117.55,1109.15,1110.3
2018-09-04,1111.8,1116.05,1111.3,1114.95
2018-09-05,1118.72,1121.15,1113.65,1121.15
2018-09-06,1118.25,1124.75,1117.2,1123.9
2018-09-07,1122.0,1125.4,1120.85,1122.9
2018-09-10,1128.1,1130.05,1125.9,1128.45
2018-09-11,1128.0,1130.55,1123.75,1125.4
2018-09-12,1124.1,1128.9,1124.1,1128.45
2018-09-13,1120.15,1123.65,1118.05,1122.5
2018-09-14,1119.1,1121.5,1116.65,1116.65
2018-09-17,1121.03,1129.4,1121.03,1126.7
2018-09-18,1128.5,1130.25,1122.85,1123.3
2018-09-19,1121.0,1125.15,1120.25,1120.95
2018-09-20,1118.35,1122.25,1118.05,1120.45
2018-09-21,1118.25,1119.2,1115.4,1115.4
2018-09-27,1116.15,1116.25,1109.15,1112.55
2018-09-28,1113.55,1114.65,1107.65,1109.3
2018-10-01,1109.6,1112.5,1108.65,1111.7
2018-10-02,1114.7,1119.45,1112.65,1119.3
2018-10-04,1125.35,1130.4,1124.7,1129.9
2018-10-05,1131.7,1133.2,1129.15,1130.6
2018-10-08,1131.6,1133.3,1129.15,1132.7
2018-10-10,1131.15,1134.1,1130.75,1133.9
2018-10-11,1142.0,1144.75,1139.65,1144.55
2018-10-12,1136.0,1140.5,1129.05,1131.45
2018-10-15,1131.5,1134.9,1130.0,1134.4
2018-10-16,1132.0,1132.8,1126.0,1127.95
2018-10-17,1125.7,1128.15,1122.15,1126.6
2018-10-18,1127.4,1135.45,1127.4,1135.25
2018-10-19,1138.97,1139.85,1130.25,1132.1
2018-10-22,1132.0,1135.55,1127.25,1128.5
2018-10-23,1132.97,1137.75,1132.95,1137.5
2018-10-24,1135.0,1136.15,1128.75,1132.15
2018-10-25,1139.0,1141.55,1135.75,1138.05
2018-10-26,1136.0,1143.95,1135.5,1141.85
2018-10-29,1138.97,1141.5,1136.05,1141.4
2018-10-30,1143.9,1144.2,1138.4,1139.25
2018-10-31,1138.0,1140.85,1137.5,1139.85
2018-11-01,1141.0,1141.85,1136.55,1138.1
2018-11-02,1128.0,1128.75,1120.4,1121.8
2018-11-05,1120.0,1124.65,1119.45,1123.4
2018-11-06,1120.8,1124.45,1120.8,1123.9
2018-11-07,1122.0,1125.4,1117.8,1123.25
2018-11-08,1119.0,1119.8,1116.45,1116.75
2018-11-09,1122.0,1128.4,1120.2,1128.3
2018-11-12,1131.17,1134.7,1129.1,1133.9
2018-11-13,1139.97,1140.4,1131.25,1133.2
2018-11-14,1131.0,1135.45,1128.75,1134.15
2018-11-15,1131.0,1133.65,1127.65,1129.15
2018-11-16,1126.0,1130.95,1126.0,1128.6
2018-11-19,1121.97,1130.9,1121.97,1128.6
2018-11-20,1128.0,1129.4,1125.25,1125.7
2018-11-21,1131.8,1133.7,1129.5,1131.2
2018-11-22,1129.2,1130.1,1127.65,1129.1
2018-11-23,1129.0,1131.95,1128.55,1130.5
2018-11-26,1133.0,1133.0,1128.35,1128.85
2018-11-27,1130.0,1130.9,1128.55,1129.4
2018-11-28,1131.0,1131.65,1126.4,1126.55
2018-11-29,1123.0,1123.95,1119.15,1119.35
2018-11-30,1118.0,1123.2,1117.7,1120.8
2018-12-03,1119.0,1119.0,1110.65,1110.65
2018-12-04,1109.8,1113.45,1104.95,1105.45
2018-12-05,1111.97,1116.2,1110.9,1114.0
2018-12-06,1114.5,1121.05,1114.0,1120.65
2018-12-07,1118.5,1119.95,1116.15,1119.7
2018-12-10,1124.97,1127.05,1122.0,1126.8
2018-12-11,1128.0,1130.45,1128.0,1129.95
2018-12-12,1126.0,1128.95,1126.0,1128.7
2018-12-13,1124.0,1126.45,1121.45,1123.4
2018-12-14,1125.97,1131.15,1125.75,1130.75
2018-12-17,1134.0,1134.0,1129.55,1131.45
2018-12-18,1132.0,1132.5,1128.4,1130.0
2018-12-19,1128.0,1128.55,1123.1,1123.4
2018-12-20,1130.0,1130.9,1126.85,1127.7
2018-12-21,1122.0,1126.4,1122.0,1122.55
2018-12-24,1129.0,1129.05,1123.15,1125.2
2018-12-26,1127.3,1127.4,1124.15,1125.35
2018-12-27,1120.65,1123.15,1119.3,1120.25
2018-12-28,1120.0,1121.15,1115.75,1115.85
2019-01-02,1114.7,1121.2,1114.7,1119.1
2019-01-03,1121.97,1130.1,1121.97,1127.8
2019-01-04,1126.0,1127.95,1122.3,1124.45
2019-01-07,1117.47,1120.6,1115.45,1118.7
2019-01-08,1118.0,1125.15,1117.25,1123.95
2019-01-09,1122.0,1124.7,1118.7,1122.25
2019-01-10,1118.0,1122.05,1116.85,1118.55
2019-01-11,1119.0,1119.9,1115.55,1116.4
2019-01-14,1117.97,1123.85,1117.97,1123.2
2019-01-15,1124.0,1124.0,1118.25,1120.75
2019-01-16,1122.97,1124.3,1119.25,1120.2
2019-01-17,1120.0,1122.7,1119.4,1122.45
2019-01-18,1121.0,1122.75,1120.05,1121.95
2019-01-21,1125.47,1128.15,1124.25,1128.1
2019-01-22,1133.0,1133.0,1128.85,1130.85
2019-01-23,1131.0,1131.5,1126.0,1127.45
2019-01-24,1125.0,1130.45,1125.0,1128.65
2019-01-25,1128.7,1128.9,1121.15,1121.25
2019-01-28,1117.07,1119.0,1114.85,1117.9
2019-01-29,1118.97,1120.5,1115.6,1116.4
2019-01-30,1119.0,1119.05,1115.8,1116.4
2019-01-31,1112.0,1113.55,1108.7,1112.75
2019-02-01,1112.0,1119.1,1110.9,1119.05
2019-02-07,1120.25,1124.6,1120.15,1124.1
2019-02-08,1125.47,1127.0,1122.3,1123.85
2019-02-11,1122.97,1125.85,1122.15,1124.65
2019-02-12,1125.97,1127.3,1122.95,1123.95
2019-02-13,1121.0,1123.45,1119.85,1121.8
2019-02-14,1125.97,1125.97,1124.0,1125.3
2019-02-15,1126.97,1128.9,1126.45,1128.8
2019-02-18,1125.97,1126.95,1123.25,1125.7
2019-02-19,1125.5,1128.4,1125.05,1128.4
2019-02-20,1123.0,1124.4,1120.65,1123.65
2019-02-21,1123.0,1126.4,1122.25,1125.35
2019-02-22,1126.0,1126.9,1124.6,1125.3
2019-02-25,1121.97,1125.4,1119.95,1121.05
2019-02-26,1116.0,1119.25,1116.0,1118.7
2019-02-27,1116.0,1119.05,1115.4,1119.0
2019-02-28,1119.0,1124.55,1118.15,1124.4
2019-03-04,1127.0,1127.0,1124.05,1124.95
2019-03-05,1126.97,1127.1,1125.1,1125.45
2019-03-06,1125.0,1129.75,1125.0,1128.8
2019-03-07,1129.0,1129.65,1126.6,1128.9
2019-03-08,1134.0,1137.0,1131.85,1136.1
2019-03-11,1133.97,1136.6,1133.3,1133.6
2019-03-12,1131.0,1132.55,1127.4,1129.7
2019-03-13,1128.0,1133.4,1128.0,1132.65
2019-03-14,1132.0,1135.75,1129.35,1134.9
2019-03-15,1135.97,1139.35,1132.75,1137.1
2019-03-18,1134.97,1136.45,1131.05,1132.1
2019-03-19,1131.0,1133.45,1129.35,1130.6
2019-03-20,1131.0,1131.75,1129.35,1130.45
2019-03-21,1126.0,1127.75,1124.35,1127.65
2019-03-22,1129.47,1131.05,1127.45,1130.2
2019-03-25,1134.97,1136.5,1133.35,1134.2
2019-03-26,1132.0,1133.75,1130.85,1133.5
2019-03-27,1135.0,1135.65,1133.55,1134.5
2019-03-28,1136.38,1139.25,1136.38,1136.65
2019-03-29,1138.07,1138.07,1134.85,1135.2
2019-04-01,1134.3,1134.75,1131.25,1133.95
2019-04-02,1132.0,1137.75,1132.0,1136.4
2019-04-03,1137.0,1137.85,1133.65,1134.45
2019-04-04,1134.0,1136.95,1133.65,1136.35
2019-04-05,1136.0,1137.25,1135.2,1136.35
2019-04-08,1136.97,1144.95,1136.55,1144.7
2019-04-09,1141.0,1143.75,1141.0,1142.2
2019-04-10,1141.47,1143.75,1138.65,1138.9
2019-04-11,1138.0,1140.85,1137.1,1139.15
2019-04-12,1141.0,1142.75,1138.65,1139.45
2019-04-15,1135.0,1135.9,1132.1,1133.05
2019-04-16,1134.47,1136.75,1134.1,1135.75
2019-04-17,1137.47,1137.75,1134.55,1134.85
2019-04-18,1133.0,1137.25,1133.0,1136.95
2019-04-19,1137.0,1137.75,1136.4,1136.8
2019-04-22,1136.97,1142.75,1136.2,1141.5
2019-04-23,1140.0,1142.4,1139.35,1141.9
2019-04-24,1143.0,1150.9,1142.65,1150.75
2019-04-25,1156.97,1161.4,1156.35,1160.5
2019-04-26,1159.0,1162.05,1156.25,1160.9
2019-04-29,1157.97,1159.5,1157.05,1158.55
2019-04-30,1159.0,1168.25,1159.0,1168.1
2019-05-02,1165.68,1166.3,1160.65,1165.7
2019-05-03,1165.5,1171.75,1165.5,1169.8
2019-05-07,1171.07,1173.9,1166.28,1166.28
2019-05-08,1171.97,1172.5,1168.05,1169.6
2019-05-09,1172.0,1179.6,1171.25,1179.6
2019-05-10,1179.0,1182.8,1175.25,1177.3
2019-05-13,1173.97,1187.75,1173.97,1187.55
2019-05-14,1189.97,1191.0,1184.65,1189.4
2019-05-15,1187.0,1191.45,1187.0,1188.55
2019-05-16,1188.0,1192.4,1187.5,1191.45
2019-05-17,1192.0,1195.65,1189.25,1195.6
2019-05-20,1194.0,1194.35,1191.5,1194.1
2019-05-21,1192.0,1194.65,1191.7,1194.4
2019-05-22,1193.0,1196.5,1192.05,1193.15
2019-05-23,1193.0,1194.05,1188.55,1189.15
2019-05-24,1189.0,1191.35,1187.95,1188.3
2019-05-27,1182.47,1186.95,1182.45,1184.4
2019-05-28,1184.8,1189.25,1184.35,1186.0
2019-05-29,1188.97,1196.15,1188.0,1194.3
2019-05-30,1195.2,1195.2,1187.65,1188.9
2019-05-31,1188.0,1193.05,1188.0,1190.9
2019-06-03,1190.0,1190.95,1178.75,1182.15
2019-06-04,1176.0,1183.5,1176.0,1182.75
2019-06-05,1176.0,1181.8,1176.0,1178.55
2019-06-07,1179.3,1181.65,1177.8,1181.4
2019-06-10,1182.5,1186.15,1180.45,1185.15
2019-06-11,1184.0,1185.75,1178.9,1180.7
2019-06-12,1180.0,1183.35,1178.75,1182.75
2019-06-13,1183.97,1187.1,1181.85,1182.95
2019-06-14,1180.0,1185.25,1180.0,1185.15
2019-06-17,1183.97,1187.5,1183.97,1186.45
2019-06-18,1186.5,1187.0,1183.15,1185.75
2019-06-19,1175.0,1178.5,1174.9,1176.15
2019-06-20,1169.8,1173.75,1161.75,1161.9
2019-06-21,1158.0,1167.25,1158.0,1163.9
2019-06-24,1155.97,1160.85,1155.6,1156.4
2019-06-25,1155.0,1156.25,1153.3,1156.25
2019-06-26,1156.0,1160.45,1155.95,1156.65
2019-06-27,1155.9,1158.5,1154.4,1158.1
2019-06-28,1157.0,1158.4,1154.4,1154.7
2019-07-01,1152.0,1159.5,1148.9,1158.7
2019-07-02,1162.47,1171.8,1161.05,1166.05
2019-07-03,1165.5,1172.3,1165.5,1171.25
2019-07-04,1170.0,1171.45,1167.45,1168.65
2019-07-05,1168.5,1171.4,1168.2,1170.4
2019-07-08,1174.47,1181.95,1174.47,1181.95
2019-07-09,1181.0,1182.0,1178.6,1180.55
2019-07-10,1182.0,1182.3,1179.9,1181.6
2019-07-11,1174.0,1177.95,1170.25,1173.5
2019-07-12,1174.0,1179.0,1174.0,1178.95
2019-07-15,1177.97,1181.75,1177.2,1179.3
2019-07-16,1180.97,1181.9,1176.55,1177.65
2019-07-17,1181.0,1181.55,1178.15,1181.2
2019-07-18,1184.0,1184.7,1175.15,1178.75
2019-07-19,1174.0,1174.9,1170.4,1174.45
2019-07-22,1175.97,1179.05,1175.97,1178.35
2019-07-23,1177.0,1179.5,1176.75,1179.0
2019-07-24,1182.2,1182.2,1176.9,1177.9
2019-07-25,1177.0,1181.55,1177.0,1181.45
2019-07-26,1182.97,1186.15,1182.6,1185.0
2019-07-29,1184.97,1185.45,1180.85,1183.55
2019-07-30,1183.0,1184.3,1180.4,1181.9
2019-07-31,1181.0,1183.4,1180.45,1183.05
2019-08-01,1188.97,1191.15,1186.15,1188.55
2019-08-02,1197.0,1197.9,1191.55,1197.9
2019-08-05,1201.97,1218.35,1201.97,1214.95
2019-08-06,1217.97,1223.1,1209.65,1215.25
2019-08-07,1213.0,1217.0,1211.65,1214.85
2019-08-08,1213.6,1215.8,1208.2,1209.0
2019-08-09,1210.2,1210.85,1207.75,1210.0
2019-08-12,1212.97,1216.95,1212.97,1216.05
2019-08-13,1218.97,1222.2,1217.35,1222.2
2019-08-14,1209.0,1213.8,1206.5,1212.65
2019-08-16,1214.98,1215.4,1209.9,1211.5
2019-08-19,1208.8,1211.9,1208.35,1211.0
2019-08-20,1212.28,1213.5,1205.25,1208.25
2019-08-21,1206.0,1209.5,1198.75,1202.4
2019-08-22,1203.0,1207.5,1202.3,1207.4
2019-08-23,1213.0,1214.8,1209.65,1210.65
2019-08-26,1213.97,1220.75,1213.97,1217.75
2019-08-27,1212.0,1216.25,1210.7,1211.1
2019-08-28,1212.0,1214.35,1212.0,1214.0
2019-08-29,1213.0,1216.7,1212.55,1216.4
2019-08-30,1209.0,1211.7,1206.1,1211.3
2019-09-02,1210.07,1214.65,1209.8,1210.8
2019-09-03,1214.0,1216.75,1213.4,1215.7
2019-09-04,1211.0,1212.25,1207.6,1208.05
2019-09-05,1204.0,1205.15,1196.55,1200.2
2019-09-06,1199.0,1199.0,1195.05,1196.95
2019-09-09,1192.97,1194.75,1189.25,1193.15
2019-09-10,1192.0,1193.75,1189.4,1193.35
2019-09-11,1192.1,1193.45,1188.75,1190.8
2019-09-16,1180.97,1185.65,1180.97,1183.15
2019-09-17,1185.07,1190.9,1185.07,1190.65
2019-09-18,1186.5,1192.25,1186.5,1191.2
2019-09-19,1192.97,1197.15,1192.7,1193.6
2019-09-20,1194.0,1195.65,1187.15,1188.05
2019-09-23,1192.97,1195.05,1190.9,1194.0
2019-09-24,1196.0,1196.0,1192.25,1195.7
2019-09-25,1197.28,1199.65,1195.35,1198.85
2019-09-26,1201.97,1201.97,1197.8,1198.8
2019-09-27,1198.1,1202.4,1198.1,1199.95
2019-09-30,1202.0,1203.55,1195.5,1196.25
2019-10-01,1199.0,1200.15,1196.4,1199.15
2019-10-02,1203.17,1205.9,1201.15,1205.9
2019-10-04,1202.45,1202.55,1193.75,1196.6
2019-10-07,1192.97,1197.45,1192.97,1196.6
2019-10-08,1198.47,1198.5,1192.65,1193.2
2019-10-10,1199.95,1201.05,1189.2,1196.1
2019-10-11,1188.1,1192.2,1187.35,1188.9
2019-10-14,1182.07,1186.35,1181.15,1184.95
2019-10-15,1183.0,1186.35,1182.7,1185.3
2019-10-16,1185.5,1189.05,1183.9,1187.9
2019-10-17,1186.3,1187.75,1185.15,1186.95
2019-10-18,1180.5,1182.15,1179.15,1181.45
2019-10-21,1179.67,1181.0,1171.95,1171.95
2019-10-22,1172.7,1174.15,1169.5,1170.0
2019-10-23,1171.97,1176.5,1171.45,1172.5
2019-10-24,1170.5,1173.7,1167.75,1173.0
2019-10-25,1174.67,1176.05,1172.55,1172.9
2019-10-28,1168.97,1171.5,1168.05,1170.7
2019-10-29,1167.0,1169.65,1162.85,1163.1
2019-10-30,1166.97,1169.75,1166.65,1168.0
2019-10-31,1164.0,1165.4,1159.65,1163.65
2019-11-01,1171.0,1171.0,1165.4,1165.55
2019-11-04,1164.0,1164.05,1158.45,1159.25
2019-11-05,1162.0,1162.05,1157.45,1157.45
2019-11-06,1157.0,1158.7,1155.9,1156.9
2019-11-07,1162.0,1162.65,1159.05,1159.45
2019-11-08,1156.0,1157.75,1153.95,1157.4
2019-11-11,1160.0,1166.63,1158.15,1166.6
2019-11-12,1165.0,1165.5,1160.75,1160.95
2019-11-13,1165.97,1168.95,1165.15,1167.65
2019-11-14,1170.97,1172.0,1168.95,1169.75
2019-11-15,1168.5,1169.4,1164.6,1166.75
2019-11-18,1167.05,1167.05,1162.45,1164.55
2019-11-19,1167.97,1170.15,1166.85,1167.6
2019-11-20,1168.97,1171.2,1168.9,1170.05
2019-11-21,1173.0,1179.0,1172.0,1178.1
2019-11-22,1177.5,1179.9,1176.25,1178.95
2019-11-25,1179.0,1179.5,1174.25,1176.05
2019-11-26,1173.0,1177.0,1170.45,1176.25
2019-11-27,1172.0,1177.45,1172.0,1177.45
2019-11-28,1179.0,1180.45,1178.1,1179.0
2019-11-29,1180.1,1182.15,1178.25,1181.45
2019-12-02,1181.97,1183.7,1178.05,1183.1
2019-12-03,1184.97,1187.75,1183.95,1187.05
2019-12-04,1191.0,1195.9,1189.9,1194.55
2019-12-05,1193.0,1193.0,1187.85,1190.35
2019-12-06,1189.0,1192.15,1186.25,1189.9
2019-12-09,1185.97,1190.35,1185.97,1189.9
2019-12-10,1191.0,1193.9,1189.65,1191.45
2019-12-11,1190.5,1194.95,1190.1,1194.65
2019-12-12,1188.0,1191.9,1185.55,1186.9
2019-12-13,1171.0,1174.9,1168.8,1171.65
2019-12-16,1176.88,1177.35,1171.1,1172.25
2019-12-17,1168.0,1169.95,1164.1,1166.15
2019-12-18,1162.0,1168.9,1162.0,1168.9
2019-12-19,1167.0,1167.8,1162.75,1165.7
2019-12-20,1162.7,1165.75,1159.9,1160.2
2019-12-23,1157.97,1164.35,1157.97,1164.35
2019-12-24,1163.5,1166.75,1162.25,1163.8
2019-12-26,1161.35,1162.4,1160.3,1161.95
2019-12-27,1162.0,1162.5,1159.65,1161.4
2019-12-30,1159.97,1160.45,1155.6,1156.25
2020-01-02,1153.97,1158.6,1153.75,1158.1
2020-01-03,1158.5,1167.75,1156.15,1166.9
2020-01-06,1168.67,1172.75,1166.6,1172.0
2020-01-07,1168.0,1168.05,1163.5,1166.45
2020-01-08,1170.0,1179.25,1169.65,1170.85
2020-01-09,1163.0,1163.15,1157.78,1159.35
2020-01-10,1163.0,1163.9,1159.55,1161.65
2020-01-13,1159.0,1159.2,1153.35,1156.25
2020-01-14,1154.0,1156.25,1150.65,1156.1
2020-01-15,1159.8,1162.7,1156.5,1156.9
2020-01-16,1160.47,1161.4,1156.9,1161.4
2020-01-17,1159.55,1160.65,1156.25,1159.5
2020-01-20,1161.2,1162.4,1156.15,1158.05
2020-01-21,1161.0,1167.85,1158.65,1167.05
2020-01-22,1170.28,1170.3,1162.75,1164.5
2020-01-23,1166.47,1168.85,1165.2,1168.65
2020-01-28,1177.8,1177.85,1175.4,1176.5
2020-01-29,1178.67,1178.67,1173.95,1177.25
2020-01-30,1180.0,1185.75,1178.45,1185.1
2020-01-31,1189.78,1191.9,1184.15,1191.7
2020-02-03,1197.0,1198.5,1193.5,1194.9
2020-02-04,1192.5,1193.85,1185.95,1187.6
2020-02-05,1184.0,1192.35,1183.75,1191.4
2020-02-06,1181.0,1185.05,1177.9,1179.9
2020-02-07,1184.0,1188.65,1184.0,1186.5
2020-02-10,1193.7,1194.15,1186.9,1187.15
2020-02-11,1188.0,1188.05,1180.85,1181.5
2020-02-12,1182.0,1183.75,1176.4,1179.55
2020-02-13,1181.97,1184.5,1178.6,1182.95
2020-02-14,1185.5,1185.55,1181.9,1183.1
2020-02-17,1182.2,1184.45,1178.75,1183.95
2020-02-18,1184.5,1190.25,1184.5,1189.5
2020-02-19,1191.0,1193.2,1188.4,1189.3
2020-02-20,1194.0,1201.95,1182.05,1198.6
2020-02-21,1206.67,1209.25,1203.15,1209.15
2020-02-24,1204.0,1220.4,1204.0,1220.35
2020-02-25,1220.5,1220.5,1208.82,1210.2
2020-02-26,1217.47,1220.05,1213.55,1216.95
2020-02-27,1213.0,1218.2,1210.0,1217.15
2020-02-28,1215.0,1217.9,1212.95,1214.5
2020-03-02,1204.0,1207.3,1191.7,1193.8
2020-03-03,1191.0,1195.45,1187.4,1195.25
2020-03-04,1185.4,1189.0,1184.0,1187.85
2020-03-05,1187.5,1188.1,1179.9,1181.2
2020-03-06,1191.0,1194.1,1188.55,1192.3
2020-03-09,1193.5,1207.3,1192.15,1204.35
2020-03-10,1202.0,1202.55,1191.4,1193.15
2020-03-11,1186.65,1197.65,1186.4,1193.1
2020-03-12,1189.7,1207.4,1189.7,1206.6
2020-03-13,1210.97,1225.9,1210.97,1219.4
2020-03-16,1211.0,1226.25,1209.25,1226.05
2020-03-17,1231.97,1249.97,1231.95,1243.65
2020-03-18,1242.7,1246.05,1231.8,1245.7
2020-03-19,1257.97,1296.75,1246.07,1285.7
2020-03-20,1252.7,1264.1,1220.45,1248.05
2020-03-23,1256.7,1282.6,1256.7,1266.75
2020-03-24,1269.0,1269.05,1249.65,1249.7
2020-03-25,1233.0,1238.5,1227.05,1229.9
2020-03-26,1223.0,1234.8,1223.0,1233.15
2020-03-27,1213.0,1217.6,1205.2,1211.1
2020-03-30,1213.0,1226.75,1213.0,1224.7
2020-03-31,1223.0,1224.0,1215.5,1218.55
2020-04-01,1216.0,1232.7,1216.0,1230.8
2020-04-02,1239.0,1242.55,1228.8,1228.8
2020-04-03,1226.0,1233.35,1224.65,1231.35
2020-04-06,1237.0,1238.4,1228.3,1229.45
2020-04-07,1229.0,1229.0,1218.7,1221.1
2020-04-08,1217.0,1222.5,1216.25,1221.15
2020-04-09,1215.0,1221.9,1212.3,1219.9
2020-04-10,1209.0,1215.65,1206.9,1208.85
2020-04-13,1211.5,1220.8,1211.5,1217.75
2020-04-14,1214.2,1218.75,1213.5,1217.1
2020-04-16,1228.25,1229.5,1225.75,1228.7
2020-04-17,1226.0,1226.0,1216.35,1217.95
2020-04-20,1216.0,1222.15,1215.65,1220.65
2020-04-21,1220.0,1240.9,1220.0,1229.6
2020-04-22,1234.97,1237.65,1232.2,1232.3
2020-04-23,1233.97,1236.95,1228.5,1229.8
2020-04-24,1232.97,1237.25,1232.65,1235.65
2020-04-27,1231.5,1235.1,1225.85,1226.1
2020-04-28,1224.0,1227.4,1221.3,1225.1
2020-04-29,1224.0,1224.0,1216.95,1218.5
2020-05-04,1226.0,1229.95,1225.7,1229.15
2020-05-06,1222.25,1226.05,1221.45,1222.05
2020-05-07,1229.0,1229.0,1224.65,1224.95
2020-05-08,1221.0,1221.0,1214.65,1219.9
2020-05-11,1220.0,1220.6,1214.35,1220.5
2020-05-12,1224.47,1228.4,1223.5,1224.85
2020-05-13,1226.97,1229.35,1223.7,1223.7
2020-05-14,1229.0,1229.45,1226.65,1227.95
2020-05-15,1229.0,1231.3,1226.5,1231.2
2020-05-18,1234.0,1234.0,1229.3,1232.4
2020-05-19,1226.0,1226.85,1221.25,1225.25
2020-05-20,1226.0,1230.65,1224.6,1230.35
2020-05-21,1227.3,1233.4,1226.65,1230.9
2020-05-22,1232.47,1238.4,1232.47,1237.0
2020-05-25,1241.0,1244.25,1238.05,1244.13
2020-05-26,1242.0,1242.5,1234.2,1234.3
2020-05-27,1229.5,1235.45,1229.5,1234.35
2020-05-28,1237.47,1242.4,1236.35,1239.55
2020-05-29,1238.3,1240.25,1234.65,1238.35
2020-06-01,1233.0,1233.05,1224.7,1225.0
2020-06-02,1223.0,1225.95,1221.9,1225.4
2020-06-03,1218.0,1220.05,1214.6,1216.9
2020-06-04,1216.0,1219.25,1214.75,1218.9
2020-06-05,1217.0,1218.4,1207.2,1207.2
2020-06-08,1201.0,1205.5,1200.75,1204.9
2020-06-09,1199.0,1200.35,1195.3,1197.75
2020-06-10,1198.0,1200.45,1190.15,1191.3
2020-06-11,1192.0,1197.25,1188.6,1196.8
2020-06-12,1206.97,1209.65,1203.35,1203.9
2020-06-15,1205.0,1216.65,1205.0,1216.15
2020-06-16,1208.0,1208.75,1203.9,1207.15
2020-06-17,1211.97,1218.6,1210.7,1214.0
2020-06-18,1216.97,1217.5,1208.1,1208.2
2020-06-19,1210.5,1213.9,1209.65,1209.65
2020-06-22,1212.0,1215.9,1210.9,1215.85
2020-06-23,1209.0,1216.1,1206.05,1208.8
2020-06-24,1207.0,1207.0,1198.95,1199.5
2020-06-25,1209.0,1209.05,1202.25,1204.7
2020-06-26,1201.0,1201.0,1197.6,1200.7
2020-06-29,1208.0,1208.0,1197.85,1198.7
2020-06-30,1196.0,1202.9,1195.45,1202.9
2020-07-01,1199.0,1204.65,1198.2,1203.35
2020-07-02,1201.0,1203.65,1199.15,1199.95
2020-07-03,1199.5,1201.85,1198.5,1198.65
2020-07-06,1199.3,1199.65,1195.4,1195.75
2020-07-07,1191.0,1196.35,1189.8,1195.75
2020-07-08,1196.5,1198.9,1193.35,1195.45
2020-07-09,1192.0,1196.75,1191.25,1195.7
2020-07-10,1196.75,1207.15,1196.75,1204.45
2020-07-13,1201.0,1202.55,1198.95,1200.65
2020-07-14,1205.0,1207.75,1204.25,1205.75
2020-07-15,1204.0,1204.0,1199.05,1200.55
2020-07-16,1201.0,1206.9,1200.35,1205.5
2020-07-17,1204.7,1206.95,1203.35,1205.05
2020-07-20,1203.8,1206.4,1202.0,1203.3
2020-07-21,1201.0,1201.0,1197.05,1197.75
2020-07-22,1194.5,1195.4,1192.55,1195.1
2020-07-23,1196.0,1199.7,1196.0,1197.4
2020-07-24,1201.97,1203.1,1199.05,1201.45
2020-07-27,1202.0,1202.0,1194.45,1196.15
2020-07-28,1195.0,1202.5,1190.45,1197.05
2020-07-29,1199.0,1199.0,1192.9,1193.1
2020-07-30,1192.5,1195.0,1187.95,1194.4
2020-07-31,1188.5,1191.4,1186.65,1191.15
2020-08-03,1194.0,1196.05,1191.9,1193.35
2020-08-04,1193.0,1195.1,1191.65,1194.05
2020-08-05,1190.0,1192.95,1188.05,1188.75
2020-08-06,1185.0,1186.4,1182.95,1183.6
2020-08-07,1185.47,1188.6,1183.7,1184.75
2020-08-10,1188.5,1189.1,1184.15,1185.7
2020-08-11,1186.8,1187.35,1183.4,1185.65
2020-08-12,1186.5,1187.3,1184.55,1185.15
2020-08-13,1183.0,1184.75,1181.65,1183.3
2020-08-14,1184.3,1187.6,1184.3,1184.6
2020-08-18,1184.85,1186.3,1183.7,1183.7
2020-08-19,1182.7,1183.75,1180.65,1181.35
2020-08-20,1184.07,1188.2,1183.75,1187.0
2020-08-21,1184.0,1186.65,1183.35,1186.3
2020-08-24,1192.0,1192.65,1188.25,1189.15
2020-08-25,1190.0,1190.0,1185.05,1185.1
2020-08-26,1186.5,1188.45,1185.65,1186.85
2020-08-27,1185.0,1186.55,1184.9,1185.0
2020-08-28,1187.0,1187.3,1183.5,1184.4
2020-08-31,1180.0,1187.95,1179.1,1187.85
2020-09-01,1187.1,1187.15,1182.5,1183.1
2020-09-02,1184.5,1187.45,1184.0,1185.55
2020-09-03,1189.5,1189.5,1185.85,1188.25
2020-09-04,1190.97,1192.75,1189.05,1189.65
2020-09-07,1187.0,1189.15,1186.0,1188.25
2020-09-08,1186.1,1189.05,1186.1,1186.45
2020-09-09,1189.6,1191.15,1188.05,1189.1
2020-09-10,1182.0,1186.4,1182.0,1184.9
2020-09-11,1189.5,1189.5,1186.55,1186.9
2020-09-14,1188.5,1188.5,1183.05,1183.6
2020-09-15,1181.5,1183.25,1178.35,1178.95
2020-09-16,1181.0,1181.5,1175.6,1176.05
2020-09-17,1174.0,1177.85,1173.25,1174.4
2020-09-18,1170.5,1170.5,1160.15,1160.45
2020-09-21,1164.0,1164.0,1157.15,1158.0
2020-09-22,1164.67,1165.65,1162.6,1165.05
2020-09-23,1164.0,1166.05,1161.9,1164.35
2020-09-24,1170.0,1172.95,1167.4,1172.75
2020-09-25,1173.0,1173.8,1168.65,1172.5
2020-09-28,1173.0,1174.8,1171.5,1173.5
2020-09-29,1169.0,1171.2,1167.25,1169.6
2020-10-05,1167.0,1167.0,1161.15,1163.4
2020-10-06,1157.0,1162.15,1157.0,1161.05
2020-10-07,1165.47,1165.95,1158.3,1158.3
2020-10-08,1155.0,1158.9,1153.4,1153.4
2020-10-12,1147.0,1150.65,1146.9,1147.0
2020-10-13,1148.47,1151.45,1147.1,1147.1
2020-10-14,1149.47,1150.3,1142.7,1146.9
2020-10-15,1148.5,1148.5,1141.9,1143.25
2020-10-16,1145.0,1147.5,1144.25,1147.4
2020-10-19,1141.0,1143.4,1140.7,1142.0
2020-10-20,1140.5,1141.45,1138.25,1139.35
2020-10-21,1138.0,1138.3,1131.1,1131.65
2020-10-22,1132.0,1138.25,1132.0,1132.9
2020-10-23,1135.7,1136.6,1132.85,1132.85
2020-10-26,1129.5,1130.65,1127.65,1127.85
2020-10-27,1133.0,1133.05,1125.0,1125.45
2020-10-28,1130.0,1131.05,1126.6,1130.6
2020-10-29,1135.0,1135.7,1131.15,1131.45
2020-10-30,1131.0,1135.65,1126.75,1135.15
2020-11-02,1137.0,1137.25,1133.35,1133.7
2020-11-03,1133.0,1136.65,1132.05,1134.15
2020-11-04,1128.5,1147.5,1126.15,1137.65
2020-11-05,1129.0,1133.85,1127.45,1128.3
2020-11-06,1121.0,1126.95,1120.25,1120.5
2020-11-09,1121.0,1121.0,1112.65,1113.3
2020-11-10,1119.0,1119.4,1113.85,1115.1
2020-11-11,1116.5,1116.55,1109.15,1109.95
2020-11-12,1112.07,1115.4,1110.75,1114.9
2020-11-13,1115.1,1116.7,1112.75,1115.65
2020-11-16,1107.0,1109.95,1105.25,1109.0
2020-11-17,1106.0,1107.9,1105.75,1106.55
2020-11-18,1106.0,1107.45,1103.9,1103.9
2020-11-19,1106.97,1116.05,1106.97,1115.25
2020-11-20,1114.4,1116.75,1112.65,1114.15
2020-11-23,1116.0,1116.0,1110.35,1110.4
2020-11-24,1114.0,1114.25,1109.3,1112.0
2020-11-25,1110.0,1110.0,1105.13,1108.6
2020-11-26,1106.0,1107.45,1104.1,1104.1
2020-11-27,1106.8,1106.8,1103.05,1103.4
2020-11-30,1104.5,1106.4,1103.55,1106.4
2020-12-01,1109.0,1109.1,1106.05,1106.15
2020-12-02,1105.7,1106.3,1100.25,1100.6
2020-12-03,1101.0,1101.5,1096.15,1096.9
2020-12-04,1093.0,1093.25,1081.05,1082.05
2020-12-07,1081.0,1084.4,1080.9,1081.9
2020-12-08,1083.6,1085.9,1083.25,1085.4
2020-12-09,1085.5,1085.75,1081.25,1084.4
2020-12-10,1086.97,1087.75,1084.55,1087.4
2020-12-11,1087.5,1093.9,1085.75,1090.1
2020-12-14,1092.0,1092.15,1089.2,1091.6
2020-12-15,1093.67,1095.8,1091.45,1093.2
2020-12-16,1090.0,1094.9,1088.65,1093.95
2020-12-17,1094.5,1095.0,1090.9,1093.2
2020-12-18,1092.0,1100.25,1092.0,1099.55
2020-12-21,1100.4,1103.95,1097.95,1102.9
2020-12-22,1104.47,1108.95,1103.5,1107.5
2020-12-23,1109.97,1110.5,1107.4,1107.6
2020-12-24,1106.5,1107.4,1101.65,1102.9
2020-12-28,1103.3,1103.4,1094.95,1096.65
2020-12-29,1097.97,1098.0,1091.25,1092.15
2020-12-30,1092.0,1092.25,1085.5,1086.35
2021-01-04,1088.5,1088.5,1080.35,1081.9
2021-01-05,1086.97,1087.8,1082.5,1087.6
2021-01-06,1089.0,1089.05,1084.85,1085.7
2021-01-07,1087.0,1089.95,1085.75,1087.0
2021-01-08,1094.0,1098.65,1089.4,1089.7
2021-01-11,1093.5,1100.65,1093.5,1097.2
2021-01-12,1098.0,1102.9,1097.15,1099.95
2021-01-13,1095.0,1096.4,1093.25,1095.25
2021-01-14,1097.97,1103.1,1097.97,1098.05
2021-01-15,1096.5,1099.75,1095.65,1099.45
2021-01-18,1104.0,1107.0,1102.6,1103.95
2021-01-19,1107.0,1107.0,1100.55,1102.9
2021-01-20,1104.47,1104.47,1098.4,1100.2
2021-01-21,1098.2,1101.1,1097.6,1098.25
2021-01-22,1100.07,1104.7,1099.95,1103.15
2021-01-25,1105.0,1105.4,1100.25,1100.8
2021-01-26,1102.0,1106.65,1100.6,1106.45
2021-01-27,1103.0,1105.95,1101.45,1104.4
2021-01-28,1109.07,1119.75,1109.07,1119.65
2021-01-29,1113.0,1121.4,1113.0,1118.75
2021-02-01,1120.5,1120.8,1115.75,1116.2
2021-02-02,1119.0,1119.25,1114.25,1117.45
2021-02-03,1115.0,1115.8,1112.15,1114.9
2021-02-04,1112.0,1119.75,1112.0,1118.55
2021-02-05,1120.0,1127.55,1119.6,1123.8
2021-02-08,1117.0,1121.4,1117.0,1119.65
2021-02-09,1117.5,1120.07,1113.9,1116.55
2021-02-10,1110.5,1113.9,1106.65,1106.85
2021-02-15,1106.0,1106.0,1101.45,1101.5
2021-02-16,1102.0,1103.8,1097.25,1100.05
2021-02-17,1105.97,1110.4,1105.55,1107.6
2021-02-18,1106.0,1108.25,1103.55,1107.65
2021-02-19,1105.0,1110.9,1105.0,1105.85
2021-02-22,1105.0,1110.65,1103.4,1110.2
2021-02-23,1111.0,1112.95,1108.45,1110.5
2021-02-24,1110.5,1113.45,1107.65,1112.15
2021-02-25,1106.5,1111.35,1106.05,1108.0
2021-02-26,1120.15,1124.45,1118.95,1123.4
2021-03-02,1117.9,1125.85,1116.45,1123.85
2021-03-03,1125.0,1125.35,1120.45,1120.45
2021-03-04,1126.47,1128.75,1123.75,1125.4
2021-03-05,1130.97,1132.9,1124.3,1125.9
2021-03-08,1128.0,1133.85,1127.35,1133.3
2021-03-09,1141.15,1144.5,1137.25,1140.05
2021-03-10,1135.05,1145.2,1135.05,1142.6
2021-03-11,1138.0,1140.75,1134.65,1135.85
2021-03-12,1131.2,1134.9,1127.65,1133.7
2021-03-15,1134.0,1138.25,1132.75,1136.3
2021-03-16,1133.3,1135.55,1129.6,1129.7
2021-03-17,1127.0,1133.9,1127.0,1130.25
2021-03-18,1123.0,1125.55,1121.0,1123.85
2021-03-19,1128.47,1134.4,1128.45,1131.1
2021-03-22,1129.25,1133.55,1128.15,1128.4
2021-03-23,1125.5,1129.7,1125.25,1129.65
2021-03-24,1134.43,1135.2,1131.65,1133.55
2021-03-25,1135.95,1136.35,1132.3,1133.55
2021-03-26,1136.0,1136.0,1128.7,1129.35
2021-03-29,1129.0,1133.25,1129.0,1131.65
2021-03-30,1133.3,1134.55,1131.75,1133.65
2021-03-31,1134.05,1134.05,1131.3,1131.9
2021-04-01,1128.3,1133.35,1125.75,1132.0
2021-04-02,1128.3,1129.35,1126.65,1127.5
2021-04-05,1129.45,1129.45,1126.75,1127.6
2021-04-06,1124.05,1125.2,1119.45,1119.7
2021-04-07,1117.05,1119.9,1115.15,1116.15
2021-04-08,1119.45,1121.15,1116.13,1117.4
2021-04-09,1116.65,1120.95,1113.75,1120.95
2021-04-12,1117.0,1126.7,1117.0,1124.9
2021-04-13,1125.3,1127.9,1124.3,1125.95
2021-04-14,1122.9,1123.4,1115.85,1116.6
2021-04-15,1113.0,1119.55,1113.0,1117.65
2021-04-16,1117.05,1121.15,1113.65,1116.5
2021-04-19,1116.5,1119.9,1114.4,1117.3
2021-04-20,1115.3,1116.75,1110.75,1112.35
2021-04-21,1117.47,1119.05,1115.7,1118.5
2021-04-22,1116.5,1117.75,1114.25,1117.4
2021-04-23,1120.63,1120.8,1117.6,1117.7
2021-04-26,1114.55,1116.7,1111.38,1113.2
2021-04-27,1109.7,1113.15,1108.9,1110.4
2021-04-28,1113.97,1114.0,1111.25,1112.9
2021-04-29,1109.05,1110.1,1105.75,1108.35
2021-04-30,1107.0,1113.9,1107.0,1112.4
2021-05-03,1115.3,1123.85,1115.3,1123.85
2021-05-04,1120.1,1122.75,1119.0,1122.65
2021-05-06,1125.25,1126.65,1124.15,1125.75
2021-05-07,1120.4,1123.5,1119.75,1121.3
2021-05-10,1110.5,1116.45,1110.5,1113.75
2021-05-11,1116.93,1120.65,1115.8,1119.65
2021-05-12,1119.5,1125.2,1119.5,1124.65
2021-05-13,1134.7,1134.7,1128.35,1129.2
2021-05-14,1126.25,1130.9,1126.25,1128.75
2021-05-17,1126.65,1136.35,1126.65,1134.8
2021-05-18,1136.97,1137.6,1129.6,1130.2
2021-05-20,1132.25,1133.7,1130.2,1132.15
2021-05-21,1126.5,1128.6,1125.45,1126.85
2021-05-24,1127.5,1129.25,1126.1,1126.9
2021-05-25,1123.3,1124.6,1121.4,1122.05
2021-05-26,1124.55,1124.55,1115.45,1116.9
2021-05-27,1116.3,1119.85,1116.3,1117.95
2021-05-28,1118.2,1118.6,1114.1,1115.4
2021-05-31,1112.5,1116.9,1110.55,1110.65
2021-06-01,1106.8,1110.25,1105.05,1106.0
2021-06-02,1108.63,1113.85,1107.5,1113.2
2021-06-03,1111.95,1114.25,1109.55,1113.7
2021-06-04,1117.88,1119.05,1116.05,1116.45
2021-06-07,1111.6,1113.35,1109.25,1112.8
2021-06-08,1111.6,1115.7,1109.9,1114.2
2021-06-09,1116.4,1118.35,1114.4,1115.2
2021-06-10,1116.9,1117.5,1113.8,1115.5
2021-06-11,1111.8,1113.35,1109.75,1111.2
2021-06-14,1115.8,1118.25,1114.7,1116.8
2021-06-15,1117.0,1118.75,1116.7,1117.0
2021-06-16,1118.05,1119.35,1116.65,1117.05
2021-06-17,1134.35,1134.35,1127.6,1130.35
2021-06-18,1134.45,1134.65,1130.8,1132.1
2021-06-21,1136.7,1138.9,1133.4,1134.6
2021-06-22,1132.95,1133.65,1131.0,1131.8
2021-06-23,1133.55,1138.25,1132.3,1137.65
2021-06-24,1135.25,1138.25,1133.75,1134.75
2021-06-25,1132.0,1133.0,1125.55,1127.75
2021-06-28,1126.6,1131.4,1126.6,1130.1
2021-06-29,1129.8,1131.65,1128.55,1128.8
2021-06-30,1131.45,1132.45,1126.1,1126.15
2021-07-01,1131.35,1133.65,1129.35,1132.9
2021-07-02,1135.22,1135.75,1133.4,1134.85
2021-07-05,1131.25,1132.35,1128.55,1131.8
2021-07-06,1131.5,1134.05,1129.65,1129.75
2021-07-07,1136.88,1140.3,1135.0,1138.0
2021-07-08,1140.9,1146.0,1139.8,1144.95
2021-07-09,1147.63,1149.95,1146.4,1148.9
2021-07-12,1145.3,1147.75,1143.6,1146.95
2021-07-13,1147.2,1147.75,1143.15,1145.35
2021-07-14,1150.1,1151.75,1148.35,1148.55
2021-07-15,1145.95,1147.9,1140.15,1141.4
2021-07-16,1144.55,1144.55,1138.55,1140.05
2021-07-19,1143.8,1148.1,1142.25,1147.7
2021-07-20,1151.45,1153.15,1148.65,1150.4
2021-07-21,1149.1,1153.9,1147.25,1153.9
2021-07-22,1149.65,1152.6,1149.15,1150.0
2021-07-23,1149.25,1153.0,1147.65,1150.8
2021-07-26,1153.75,1155.3,1151.65,1155.1
2021-07-27,1153.45,1154.1,1149.15,1150.2
2021-07-28,1154.13,1157.3,1153.4,1154.5
2021-07-29,1151.05,1151.65,1144.35,1146.45
2021-07-30,1143.5,1150.5,1143.5,1150.25
2021-08-02,1151.1,1154.3,1149.7,1151.0
2021-08-03,1151.8,1153.75,1147.95,1148.5
2021-08-04,1149.05,1149.6,1142.7,1143.7
2021-08-05,1146.95,1146.95,1141.5,1143.75
2021-08-06,1143.45,1144.15,1140.65,1142.15
2021-08-09,1144.25,1147.55,1142.55,1144.45
2021-08-10,1147.38,1150.65,1146.1,1149.8
2021-08-11,1153.63,1156.75,1152.55,1156.35
2021-08-12,1154.55,1162.0,1154.0,1161.2
2021-08-13,1162.47,1169.6,1162.47,1168.95
2021-08-17,1167.18,1179.15,1167.18,1176.4
2021-08-18,1178.63,1179.65,1167.7,1168.35
2021-08-19,1171.97,1177.35,1171.4,1176.25
2021-08-20,1176.05,1181.1,1171.5,1179.65
2021-08-23,1176.2,1177.25,1172.05,1173.9
2021-08-24,1170.7,1170.9,1165.35,1166.0
2021-08-25,1164.0,1168.95,1163.25,1167.55
2021-08-26,1163.5,1173.85,1163.5,1170.45
2021-08-27,1172.05,1174.35,1168.15,1169.1
2021-08-30,1161.8,1166.75,1161.8,1166.75
2021-08-31,1166.0,1167.55,1158.4,1159.45
2021-09-01,1159.05,1160.75,1155.3,1157.3
2021-09-02,1155.9,1162.35,1155.55,1161.45
2021-09-03,1157.8,1158.5,1154.55,1157.05
2021-09-06,1154.0,1159.55,1154.0,1156.5
2021-09-07,1156.0,1159.3,1156.0,1157.75
2021-09-08,1163.22,1166.75,1162.0,1166.55
2021-09-09,1166.3,1171.65,1166.3,1169.35
2021-09-10,1169.5,1173.65,1166.7,1169.1
2021-09-13,1169.45,1176.95,1169.35,1175.95
2021-09-14,1173.3,1174.65,1170.15,1170.8
2021-09-15,1171.7,1173.75,1168.9,1170.45
2021-09-16,1165.95,1171.85,1165.75,1171.75
2021-09-17,1174.88,1180.3,1174.35,1175.3
2021-09-23,1183.95,1186.35,1175.2,1175.7
2021-09-24,1174.7,1177.75,1171.4,1176.7
2021-09-27,1178.25,1180.15,1174.1,1176.85
2021-09-28,1178.3,1184.65,1178.3,1184.4
2021-09-29,1187.95,1188.55,1181.2,1181.9
2021-09-30,1188.7,1188.8,1183.45,1183.9
2021-10-01,1185.72,1188.7,1183.95,1188.15
2021-10-05,1186.45,1188.9,1183.75,1188.9
2021-10-06,1185.25,1193.05,1185.25,1192.65
2021-10-07,1190.5,1192.3,1188.65,1190.8
2021-10-08,1192.85,1194.95,1189.8,1194.8
2021-10-12,1197.5,1200.35,1196.75,1198.65
2021-10-13,1198.3,1198.9,1193.2,1193.95
2021-10-14,1186.25,1190.75,1183.2,1186.9
2021-10-15,1181.8,1185.0,1181.5,1182.4
2021-10-18,1181.6,1188.4,1181.6,1187.45
2021-10-19,1185.5,1187.4,1178.95,1179.15
2021-10-20,1175.0,1179.0,1172.2,1174.6
2021-10-21,1176.63,1178.25,1173.55,1177.15
2021-10-22,1179.05,1180.4,1176.8,1177.05
2021-10-25,1179.05,1179.05,1167.4,1168.4
2021-10-26,1169.55,1170.35,1164.05,1167.4
2021-10-27,1168.05,1170.95,1165.55,1170.45
2021-10-28,1173.47,1174.2,1169.45,1169.65
2021-10-29,1167.0,1171.25,1167.0,1168.5
2021-11-01,1172.7,1179.0,1172.7,1176.55
2021-11-02,1177.2,1177.7,1174.25,1174.4
2021-11-03,1177.47,1182.4,1177.47,1181.6
2021-11-04,1178.7,1182.65,1177.1,1182.65
2021-11-05,1185.43,1186.65,1183.6,1185.05
2021-11-08,1182.25,1186.5,1181.85,1183.2
2021-11-09,1179.4,1183.5,1176.8,1177.15
2021-11-10,1179.85,1183.4,1178.55,1180.8
2021-11-11,1186.7,1186.9,1180.65,1180.85
2021-11-12,1183.15,1183.15,1176.6,1179.6
2021-11-15,1179.5,1182.45,1177.5,1178.4
2021-11-16,1183.05,1183.35,1175.5,1180.0
2021-11-17,1183.97,1186.6,1181.75,1182.5
2021-11-18,1181.25,1183.0,1178.4,1180.4
2021-11-19,1183.8,1185.7,1181.25,1185.3
2021-11-22,1189.9,1191.15,1185.1,1185.15
2021-11-23,1190.7,1190.7,1187.3,1189.65
2021-11-24,1190.6,1190.6,1185.75,1186.25
2021-11-25,1189.0,1190.5,1188.25,1189.9
2021-11-26,1189.8,1194.25,1189.8,1193.3
2021-11-29,1194.55,1195.7,1191.85,1193.0
2021-11-30,1189.5,1190.45,1186.3,1188.05
2021-12-01,1182.1,1185.1,1177.55,1179.1
2021-12-02,1179.25,1179.6,1175.5,1176.5
2021-12-03,1179.85,1181.8,1176.3,1179.9
2021-12-06,1183.0,1186.95,1180.6,1182.6
2021-12-07,1179.85,1184.4,1178.65,1179.7
2021-12-08,1176.35,1179.4,1175.35,1175.9
2021-12-09,1172.75,1175.0,1172.25,1174.2
2021-12-10,1178.43,1181.5,1176.45,1181.35
2021-12-13,1180.3,1181.4,1177.15,1180.25
2021-12-14,1184.47,1185.45,1181.75,1182.6
2021-12-15,1185.1,1187.15,1184.7,1185.95
2021-12-16,1184.18,1184.45,1182.0,1183.95
2021-12-17,1184.0,1186.85,1180.6,1181.0
2021-12-20,1189.05,1192.2,1187.0,1191.0
2021-12-21,1188.75,1192.7,1188.2,1192.55
2021-12-22,1189.9,1192.8,1189.75,1192.25
2021-12-23,1188.6,1190.5,1186.05,1187.75
2021-12-24,1186.05,1188.15,1185.2,1186.5
2021-12-27,1186.05,1187.75,1185.45,1186.8
2021-12-28,1185.9,1188.5,1185.55,1188.1
2021-12-29,1188.25,1188.8,1185.7,1186.4
2021-12-30,1187.5,1189.35,1181.4,1188.9
2022-01-03,1189.5,1193.05,1187.7,1191.85
2022-01-04,1195.38,1196.35,1192.95,1194.05
2022-01-05,1197.15,1199.4,1196.55,1196.95
2022-01-06,1200.6,1201.1,1197.35,1200.55
2022-01-07,1202.0,1203.9,1201.45,1201.55
2022-01-10,1198.7,1201.5,1198.5,1199.0
2022-01-11,1197.3,1197.9,1193.3,1194.85
2022-01-12,1189.5,1191.5,1188.8,1190.55
2022-01-13,1186.45,1189.65,1186.0,1187.85
2022-01-14,1187.2,1189.45,1185.9,1187.3
2022-01-17,1190.4,1193.3,1189.75,1192.6
2022-01-18,1190.7,1192.0,1185.75,1190.15
2022-01-19,1192.75,1193.65,1190.65,1191.4
2022-01-20,1187.8,1192.6,1187.2,1192.15
2022-01-21,1193.47,1194.7,1192.25,1194.05
2022-01-24,1193.75,1196.35,1192.7,1196.1
2022-01-25,1194.5,1199.7,1194.0,1198.55
2022-01-26,1198.0,1198.0,1195.6,1197.75
2022-01-27,1200.77,1203.45,1200.45,1202.5
2022-01-28,1203.2,1207.25,1203.2,1205.9
2022-02-03,1203.0,1206.65,1203.0,1206.5
2022-02-04,1200.8,1202.5,1196.95,1197.05
2022-02-07,1198.25,1200.6,1197.6,1200.4
2022-02-08,1197.5,1198.85,1196.65,1198.15
2022-02-09,1196.4,1197.2,1194.8,1196.3
2022-02-10,1193.8,1197.15,1193.5,1196.6
2022-02-11,1200.43,1201.5,1198.4,1198.5
2022-02-14,1199.7,1200.1,1193.75,1193.75
2022-02-15,1197.82,1200.2,1196.05,1199.95
2022-02-16,1196.2,1197.7,1195.75,1197.65
2022-02-17,1197.35,1199.8,1194.75,1197.2
2022-02-18,1199.02,1199.2,1195.15,1195.75
2022-02-21,1197.9,1199.3,1191.6,1191.95
2022-02-22,1195.93,1196.35,1192.55,1192.6
2022-02-23,1192.85,1193.8,1189.85,1193.55
2022-02-24,1193.5,1203.3,1193.5,1202.5
2022-02-25,1204.55,1205.25,1200.95,1201.75
2022-02-28,1205.4,1208.3,1202.3,1202.5
2022-03-02,1205.45,1206.25,1203.65,1206.0
2022-03-03,1203.45,1204.75,1202.5,1204.65
2022-03-04,1208.72,1214.35,1208.45,1214.15
2022-03-07,1220.6,1227.8,1220.05,1227.0
2022-03-08,1231.72,1238.5,1230.95,1237.4
2022-03-10,1225.5,1231.2,1225.3,1228.4
2022-03-11,1228.7,1234.7,1228.7,1231.7
2022-03-14,1236.0,1241.9,1234.7,1241.85
2022-03-15,1241.35,1244.0,1239.4,1242.8
2022-03-16,1240.7,1243.75,1235.45,1235.7
2022-03-17,1225.7,1227.4,1213.4,1214.35
2022-03-18,1213.5,1217.2,1207.0,1208.25
2022-03-21,1212.05,1217.5,1210.75,1216.35
2022-03-22,1221.02,1223.55,1218.4,1218.6
2022-03-23,1214.05,1214.85,1211.05,1213.9
2022-03-24,1218.43,1221.5,1217.15,1218.75
2022-03-25,1218.75,1220.35,1216.55,1218.75
2022-03-28,1224.05,1227.3,1223.6,1227.2
2022-03-29,1222.35,1222.55,1219.2,1219.6
2022-03-30,1209.5,1213.0,1207.75,1209.6
2022-03-31,1211.45,1212.5,1208.6,1211.9
2022-04-01,1215.15,1218.4,1214.65,1215.5
2022-04-04,1219.05,1219.9,1214.15,1214.45
2022-04-05,1213.45,1215.05,1210.45,1212.7
2022-04-06,1218.98,1221.7,1217.4,1218.35
2022-04-07,1218.8,1220.15,1216.9,1219.3
2022-04-08,1223.0,1225.65,1221.7,1225.5
2022-04-11,1228.7,1233.75,1228.6,1233.3
2022-04-12,1235.03,1238.1,1234.85,1236.2
2022-04-13,1228.25,1231.25,1225.2,1227.25
2022-04-14,1223.5,1225.65,1222.95,1224.45
2022-04-15,1230.45,1231.7,1228.2,1229.8
2022-04-18,1230.15,1234.2,1229.75,1234.2
2022-04-19,1233.5,1237.5,1233.2,1236.6
2022-04-20,1239.95,1240.85,1232.5,1235.9
2022-04-21,1234.3,1238.5,1233.75,1238.5
2022-04-22,1242.2,1245.05,1238.5,1239.0
2022-04-25,1245.0,1249.6,1244.1,1249.5
2022-04-26,1249.05,1251.0,1245.55,1250.85
2022-04-27,1261.23,1265.8,1261.0,1265.25
2022-04-28,1263.6,1273.95,1262.85,1272.4
2022-04-29,1271.35,1271.95,1255.25,1255.85
2022-05-02,1264.45,1267.75,1263.0,1265.45
2022-05-03,1267.55,1268.65,1263.4,1267.9
2022-05-04,1260.9,1266.0,1258.75,1265.95
2022-05-06,1271.1,1276.05,1269.4,1273.3
2022-05-09,1272.85,1276.3,1272.55,1273.65
2022-05-10,1274.3,1278.75,1272.75,1276.1
2022-05-11,1276.5,1279.85,1274.65,1275.3
2022-05-12,1281.72,1291.45,1281.72,1288.5
2022-05-13,1289.0,1290.05,1281.8,1284.15
2022-05-16,1276.7,1286.0,1276.45,1284.15
2022-05-17,1279.9,1279.9,1274.2,1274.95
2022-05-18,1267.9,1272.55,1266.45,1266.65
2022-05-19,1275.9,1277.4,1272.45,1277.3
2022-05-20,1265.95,1272.6,1265.3,1268.15
2022-05-23,1270.7,1271.65,1263.65,1264.4
2022-05-24,1259.35,1266.45,1259.05,1266.35
2022-05-25,1260.3,1264.85,1260.2,1264.5
2022-05-26,1263.8,1269.15,1263.2,1267.6
2022-05-27,1259.7,1262.2,1252.8,1256.35
2022-05-30,1249.05,1253.05,1238.65,1239.15
2022-05-31,1236.2,1242.9,1235.65,1237.5
2022-06-02,1247.2,1254.65,1246.75,1252.5
2022-06-03,1242.6,1243.8,1239.35,1242.4
2022-06-07,1253.9,1259.75,1253.9,1257.4
2022-06-08,1252.2,1257.75,1251.5,1253.8
2022-06-09,1259.6,1261.2,1253.25,1256.7
2022-06-10,1265.55,1268.8,1263.55,1268.55
2022-06-13,1281.2,1288.9,1280.5,1283.95
2022-06-14,1291.3,1292.3,1285.6,1286.45
2022-06-15,1290.0,1293.2,1288.35,1290.35
2022-06-16,1277.95,1288.85,1277.55,1286.25
2022-06-17,1287.47,1291.15,1282.65,1287.65
2022-06-20,1290.75,1295.15,1288.15,1292.2
2022-06-21,1290.45,1293.75,1287.8,1293.65
2022-06-22,1289.9,1297.85,1289.9,1297.55
2022-06-23,1298.9,1302.65,1296.7,1301.55
2022-06-24,1301.0,1301.9,1295.6,1298.4
2022-06-27,1290.0,1293.3,1280.65,1286.5
2022-06-28,1286.5,1287.15,1282.65,1283.65
2022-06-29,1292.5,1299.5,1289.7,1299.5
2022-06-30,1300.25,1303.65,1297.0,1298.8
2022-07-01,1287.5,1298.75,1287.5,1297.25
2022-07-04,1299.0,1299.95,1296.15,1296.85
2022-07-05,1295.55,1301.1,1294.15,1300.3
2022-07-06,1309.25,1310.85,1305.3,1306.6
2022-07-07,1305.5,1308.35,1296.4,1299.95
2022-07-08,1297.5,1302.9,1295.25,1300.4
2022-07-11,1297.15,1304.1,1296.4,1303.9
2022-07-12,1310.5,1316.45,1308.4,1312.25
2022-07-13,1308.2,1309.85,1302.45,1306.9
2022-07-14,1305.9,1312.35,1305.9,1312.05
2022-07-15,1317.45,1326.65,1315.05,1326.2
2022-07-18,1319.15,1321.7,1313.3,1317.3
2022-07-19,1317.5,1319.35,1309.8,1313.5
2022-07-20,1306.7,1313.85,1302.8,1312.9
2022-07-21,1313.5,1316.55,1307.5,1307.75
2022-07-22,1307.8,1314.35,1307.6,1312.9
2022-07-25,1310.9,1313.85,1307.95,1313.45
2022-07-26,1312.25,1313.05,1306.7,1307.9
2022-07-27,1310.55,1314.85,1308.5,1313.25
2022-07-28,1307.0,1309.3,1299.4,1299.5
2022-07-29,1296.25,1301.75,1295.75,1299.25
2022-08-01,1303.7,1308.8,1303.4,1304.05
2022-08-02,1308.65,1310.6,1304.4,1305.1
2022-08-03,1315.25,1315.5,1306.75,1310.5
2022-08-04,1308.5,1312.1,1307.25,1310.15
2022-08-05,1303.0,1304.6,1296.45,1298.25
2022-08-08,1305.0,1306.85,1302.75,1306.4
2022-08-09,1301.0,1307.65,1301.0,1304.45
2022-08-10,1304.2,1311.05,1304.2,1310.45
2022-08-11,1296.8,1305.0,1296.8,1303.2
2022-08-12,1307.05,1307.45,1299.35,1302.45
2022-08-16,1312.5,1312.65,1308.15,1308.25
2022-08-17,1310.0,1311.25,1308.5,1310.35
2022-08-18,1315.0,1321.3,1313.1,1320.55
2022-08-19,1326.0,1328.75,1324.3,1325.85
2022-08-22,1335.25,1340.15,1334.45,1339.7
2022-08-23,1342.5,1345.8,1337.05,1345.7
2022-08-24,1339.2,1344.5,1338.35,1342.25
2022-08-25,1343.0,1343.0,1333.9,1335.45
2022-08-26,1336.0,1336.0,1329.75,1331.5
2022-08-29,1344.0,1350.75,1342.15,1350.4
2022-08-30,1345.5,1349.95,1344.45,1346.7
2022-08-31,1351.0,1352.15,1337.55,1338.1
2022-09-01,1343.2,1355.05,1342.0,1354.7
2022-09-02,1355.75,1363.0,1352.6,1362.7
2022-09-05,1364.0,1374.85,1361.75,1371.75
2022-09-06,1369.05,1376.9,1364.45,1372.4
2022-09-07,1378.85,1388.5,1378.15,1384.1
2022-09-08,1376.5,1384.35,1375.4,1380.75
2022-09-13,1375.5,1377.7,1372.15,1373.85
2022-09-14,1392.0,1395.55,1389.1,1391.05
2022-09-15,1390.95,1397.85,1390.95,1394.0
2022-09-16,1399.95,1399.95,1388.5,1388.7
2022-09-19,1386.0,1394.05,1383.55,1393.65
2022-09-20,1389.85,1390.95,1387.65,1389.7
2022-09-21,1387.5,1396.65,1387.05,1394.85
2022-09-22,1398.5,1413.4,1398.5,1411.3
2022-09-23,1404.4,1411.2,1404.4,1409.55
2022-09-26,1421.25,1435.2,1419.25,1430.85
2022-09-27,1429.5,1431.8,1421.65,1422.45
2022-09-28,1427.0,1442.15,1425.35,1440.15
2022-09-29,1425.1,1439.85,1425.0,1439.0
2022-09-30,1432.45,1435.05,1426.2,1431.15
2022-10-04,1432.9,1436.25,1425.45,1426.45
2022-10-05,1417.65,1423.45,1410.45,1410.6
2022-10-06,1416.55,1416.65,1397.45,1402.65
2022-10-07,1408.5,1413.4,1402.15,1412.8
2022-10-11,1428.9,1438.2,1428.15,1435.4
2022-10-12,1431.4,1436.05,1422.4,1424.75
2022-10-13,1426.35,1431.25,1423.75,1431.1
2022-10-14,1431.1,1434.3,1425.0,1428.95
2022-10-17,1440.65,1441.8,1432.45,1435.3
2022-10-18,1430.3,1431.35,1418.75,1422.65
2022-10-19,1424.2,1429.35,1413.6,1426.3
2022-10-20,1435.5,1436.5,1427.35,1432.6
2022-10-21,1431.65,1440.95,1431.2,1440.15
2022-10-24,1431.0,1440.9,1428.1,1439.6
2022-10-25,1443.65,1444.5,1431.5,1433.25
2022-10-26,1429.0,1432.3,1423.2,1426.25
2022-10-27,1413.95,1423.75,1412.65,1417.7
2022-10-28,1422.55,1423.55,1414.4,1421.6
2022-10-31,1423.2,1425.65,1418.3,1424.65
2022-11-01,1427.43,1429.15,1414.65,1417.2
2022-11-02,1418.95,1420.95,1416.25,1417.65
2022-11-03,1425.15,1428.2,1418.15,1423.95
2022-11-04,1424.65,1429.2,1415.75,1419.05
2022-11-07,1412.0,1413.15,1399.85,1401.35
2022-11-08,1394.15,1394.7,1383.8,1385.0
2022-11-09,1375.75,1380.35,1360.35,1364.75
2022-11-10,1371.25,1378.3,1361.4,1377.8
2022-11-11,1348.75,1349.95,1314.6,1318.75
2022-11-14,1316.9,1331.85,1309.2,1326.05
2022-11-15,1324.7,1327.1,1316.6,1317.7
2022-11-16,1315.25,1332.0,1315.25,1325.4
2022-11-17,1336.85,1345.05,1330.7,1338.9
2022-11-18,1343.47,1345.4,1336.3,1340.15
2022-11-21,1341.5,1356.6,1341.35,1354.9
2022-11-22,1360.95,1362.75,1350.95,1356.7
2022-11-23,1351.05,1355.4,1347.0,1352.0
2022-11-24,1338.35,1340.3,1324.9,1328.35
2022-11-25,1324.5,1333.75,1319.6,1324.2
2022-11-28,1335.95,1342.7,1334.45,1340.35
2022-11-29,1340.1,1341.9,1323.0,1326.7
2022-11-30,1327.7,1329.45,1315.45,1318.4
2022-12-01,1302.5,1307.8,1295.5,1299.4
2022-12-02,1304.2,1304.2,1296.85,1300.2
2022-12-05,1297.0,1298.9,1289.7,1292.65
2022-12-06,1304.0,1319.85,1302.2,1319.15
2022-12-07,1319.5,1325.8,1311.65,1321.75
2022-12-08,1314.95,1323.15,1314.9,1318.05
2022-12-09,1319.5,1319.5,1299.0,1301.55
2022-12-12,1304.5,1314.35,1304.5,1307.25
2022-12-13,1305.85,1308.95,1300.25,1304.4
2022-12-14,1292.28,1300.75,1292.05,1294.85
2022-12-15,1295.5,1304.25,1295.5,1303.45
2022-12-16,1318.5,1319.25,1304.5,1307.05
2022-12-19,1311.15,1311.95,1296.55,1302.9
2022-12-20,1302.5,1305.05,1289.6,1292.2
2022-12-21,1284.3,1288.45,1283.25,1285.7
2022-12-22,1282.55,1285.0,1273.05,1276.05
2022-12-23,1287.0,1287.1,1278.4,1280.7
2022-12-26,1277.75,1280.0,1274.2,1275.0
2022-12-27,1272.65,1274.55,1264.85,1268.95
2022-12-28,1271.15,1273.0,1265.9,1267.15
2022-12-29,1268.5,1271.05,1262.95,1265.5
2023-01-02,1260.8,1273.55,1260.4,1273.5
2023-01-03,1272.45,1278.25,1264.15,1271.6
2023-01-04,1280.15,1280.9,1271.4,1272.0
2023-01-05,1269.7,1274.0,1267.7,1269.5
2023-01-06,1274.07,1274.55,1262.15,1268.75
2023-01-09,1252.95,1254.05,1243.1,1243.85
2023-01-10,1240.8,1244.3,1236.9,1243.8
2023-01-11,1241.25,1249.6,1239.3,1246.05
2023-01-12,1242.0,1246.75,1239.75,1245.65
2023-01-13,1238.0,1245.9,1234.5,1241.35
2023-01-16,1238.95,1239.35,1231.65,1235.65
2023-01-17,1239.05,1242.15,1236.15,1238.9
2023-01-18,1238.0,1246.6,1235.75,1237.55
2023-01-19,1236.05,1241.85,1231.7,1232.45
2023-01-20,1230.0,1237.65,1230.0,1235.55
2023-01-25,1233.65,1234.85,1231.3,1231.65
2023-01-26,1231.6,1232.7,1230.35,1231.0
2023-01-27,1231.35,1233.2,1227.85,1231.3
2023-01-30,1229.75,1230.65,1227.15,1227.4
2023-01-31,1232.9,1232.95,1228.1,1231.9
2023-02-01,1233.05,1233.1,1230.15,1231.55
2023-02-02,1221.7,1222.65,1216.4,1220.35
2023-02-03,1225.1,1230.25,1224.45,1229.35
2023-02-06,1246.9,1253.5,1243.95,1253.15
2023-02-07,1259.9,1260.3,1252.55,1255.6
2023-02-08,1256.2,1261.6,1251.65,1260.2
2023-02-09,1261.95,1266.0,1259.3,1260.3
2023-02-10,1264.5,1266.55,1262.0,1264.95
2023-02-13,1265.3,1278.0,1265.3,1277.5
2023-02-14,1272.5,1273.25,1266.75,1269.45
2023-02-15,1272.0,1284.7,1272.0,1282.3
2023-02-16,1283.75,1288.1,1279.25,1284.75
2023-02-17,1290.9,1303.55,1290.8,1299.65
2023-02-20,1297.5,1299.3,1293.2,1294.55
2023-02-21,1297.22,1298.05,1293.6,1296.0
2023-02-22,1306.35,1306.6,1300.65,1304.95
2023-02-23,1304.45,1305.9,1294.2,1297.0
2023-02-24,1297.75,1305.1,1296.8,1304.7
2023-02-27,1315.8,1323.5,1311.85,1323.1
2023-02-28,1318.0,1326.65,1314.75,1323.06
2023-03-02,1307.35,1315.35,1304.1,1315.35
2023-03-03,1312.1,1312.1,1299.35,1301.3
2023-03-06,1297.6,1300.0,1293.9,1296.8
2023-03-07,1298.55,1301.0,1297.2,1299.85
2023-03-08,1318.05,1323.95,1314.85,1321.35
2023-03-09,1317.05,1322.4,1315.2,1322.2
2023-03-10,1327.75,1329.1,1319.8,1324.5
2023-03-13,1319.0,1319.0,1298.35,1301.65
2023-03-14,1297.95,1310.55,1296.75,1310.55
2023-03-15,1303.85,1305.8,1296.6,1303.8
2023-03-16,1316.0,1316.85,1308.15,1312.9
2023-03-17,1301.9,1309.6,1298.6,1302.8
2023-03-20,1305.7,1313.45,1299.25,1310.5
2023-03-21,1304.75,1311.15,1302.95,1311.15
2023-03-22,1303.8,1309.05,1303.35,1307.7
2023-03-23,1298.45,1300.2,1276.35,1278.15
2023-03-24,1285.5,1294.0,1283.8,1294.0
2023-03-27,1295.5,1303.7,1293.8,1301.4
2023-03-28,1297.9,1299.65,1293.65,1298.95
2023-03-29,1297.0,1303.9,1295.8,1302.9
2023-03-30,1307.11,1307.25,1297.9,1299.05
2023-03-31,1296.0,1301.85,1289.0,1301.85
2023-04-03,1307.0,1320.95,1305.7,1316.5
2023-04-04,1311.0,1316.25,1304.65,1315.8
2023-04-05,1311.5,1314.95,1309.15,1310.75
2023-04-06,1316.25,1320.45,1316.25,1319.15
2023-04-07,1318.5,1320.0,1316.9,1316.9
2023-04-10,1315.5,1323.35,1315.5,1319.65
2023-04-11,1320.2,1322.05,1316.65,1322.05
2023-04-12,1322.9,1325.9,1321.85,1325.65
2023-04-13,1321.65,1327.1,1308.45,1310.55
2023-04-14,1302.25,1303.75,1294.75,1299.05
2023-04-17,1304.5,1314.5,1304.0,1311.3
2023-04-18,1318.5,1321.0,1316.5,1318.65
2023-04-19,1320.2,1326.15,1314.25,1325.75
2023-04-20,1330.0,1332.35,1319.3,1322.9
2023-04-21,1323.5,1330.4,1323.1,1327.85
2023-04-24,1331.5,1337.1,1328.65,1335.05
2023-04-25,1331.6,1337.2,1328.65,1332.4
2023-04-26,1340.2,1340.55,1334.8,1336.45
2023-04-27,1338.2,1342.9,1336.7,1337.95
2023-04-28,1338.45,1341.5,1336.75,1338.5
2023-05-02,1342.05,1342.95,1337.9,1341.85
2023-05-03,1340.85,1341.8,1336.15,1338.1
2023-05-04,1335.0,1335.3,1320.65,1322.6
2023-05-08,1320.4,1325.45,1319.15,1321.15
2023-05-09,1320.9,1326.65,1320.2,1323.95
2023-05-10,1326.0,1326.3,1322.4,1324.9
2023-05-11,1318.25,1326.4,1316.15,1326.25
2023-05-12,1331.97,1337.65,1329.7,1334.45
2023-05-15,1339.2,1341.85,1334.15,1336.8
2023-05-16,1335.5,1339.5,1333.2,1338.85
2023-05-17,1341.55,1342.55,1337.0,1337.6
2023-05-18,1332.5,1337.15,1329.85,1334.05
2023-05-19,1334.7,1335.7,1325.95,1326.6
2023-05-22,1326.0,1326.45,1315.6,1318.25
2023-05-23,1314.25,1314.5,1308.15,1312.5
2023-05-24,1319.5,1320.25,1314.65,1317.5
2023-05-25,1319.25,1326.45,1318.65,1326.2
2023-05-26,1330.4,1330.4,1323.4,1324.6
2023-05-30,1322.85,1326.65,1317.95,1325.0
2023-05-31,1319.75,1326.35,1315.8,1326.35
2023-06-01,1321.05,1323.1,1318.2,1321.6
2023-06-02,1312.75,1313.8,1304.75,1305.35
2023-06-05,1306.5,1311.05,1306.0,1308.25
2023-06-07,1298.5,1304.5,1296.85,1303.85
2023-06-08,1309.0,1309.0,1302.8,1303.95
2023-06-09,1297.0,1297.8,1291.15,1291.65
2023-06-12,1290.3,1294.15,1288.2,1288.2
2023-06-13,1284.0,1285.35,1270.65,1271.5
2023-06-14,1269.9,1280.1,1268.9,1278.5
2023-06-15,1274.6,1286.3,1273.15,1280.45
2023-06-16,1268.9,1277.4,1268.9,1272.35
2023-06-19,1277.55,1283.9,1276.75,1281.9
2023-06-20,1282.0,1284.95,1278.3,1280.35
2023-06-21,1287.0,1293.35,1286.3,1291.9
2023-06-22,1287.3,1295.25,1287.3,1294.85
2023-06-23,1300.55,1305.5,1298.7,1304.25
2023-06-26,1308.5,1309.35,1300.7,1306.0
2023-06-27,1307.1,1307.75,1298.05,1300.4
2023-06-28,1298.75,1308.1,1298.75,1307.5
2023-06-29,1309.5,1318.1,1305.6,1317.5
2023-06-30,1324.7,1324.7,1317.25,1317.75
2023-07-03,1316.2,1316.5,1305.25,1308.05
2023-07-04,1305.3,1307.85,1299.3,1301.3
2023-07-05,1296.3,1305.95,1296.3,1298.55
2023-07-06,1304.82,1306.75,1300.3,1300.8
2023-07-07,1309.0,1310.2,1303.9,1305.2
2023-07-10,1299.65,1307.15,1298.6,1306.35
2023-07-11,1299.55,1301.1,1290.35,1293.7
2023-07-12,1292.5,1295.75,1287.85,1288.8
2023-07-13,1276.2,1279.7,1272.4,1274.7
2023-07-14,1268.65,1271.05,1260.3,1266.1
2023-07-17,1268.45,1270.4,1263.8,1266.7
2023-07-18,1265.0,1266.85,1257.35,1260.5
2023-07-19,1266.0,1269.15,1262.15,1265.75
2023-07-20,1267.5,1270.35,1262.15,1269.65
2023-07-21,1278.25,1285.35,1276.7,1283.4
2023-07-24,1287.0,1288.65,1279.85,1279.85
2023-07-25,1280.9,1285.15,1274.9,1275.35
2023-07-26,1278.5,1282.4,1273.8,1274.45
2023-07-27,1270.8,1278.25,1267.4,1277.65
2023-07-28,1284.15,1284.7,1275.95,1277.05
2023-07-31,1276.5,1277.2,1269.9,1274.55
2023-08-01,1278.55,1284.5,1275.15,1283.85
2023-08-02,1288.0,1298.35,1287.6,1298.35
2023-08-03,1299.0,1302.55,1294.9,1299.1
2023-08-04,1298.0,1310.3,1297.1,1309.7
2023-08-07,1307.45,1307.65,1298.75,1306.05
2023-08-08,1307.0,1316.8,1305.15,1316.0
2023-08-09,1316.5,1321.7,1314.75,1315.9
2023-08-10,1316.7,1319.65,1314.45,1315.85
2023-08-11,1318.0,1324.65,1317.05,1324.65
2023-08-14,1329.75,1335.0,1327.55,1330.6
2023-08-16,1340.35,1340.7,1336.35,1336.8
2023-08-17,1342.55,1343.1,1339.75,1341.8
2023-08-18,1339.5,1339.95,1332.45,1338.2
2023-08-21,1339.95,1342.85,1339.05,1342.75
2023-08-22,1339.6,1342.1,1334.7,1335.5
2023-08-23,1340.95,1340.95,1335.75,1339.8
2023-08-24,1329.6,1329.85,1319.65,1322.35
2023-08-25,1328.05,1328.7,1321.6,1325.0
2023-08-28,1324.4,1324.85,1319.4,1323.3
2023-08-29,1323.1,1324.4,1319.95,1321.8
2023-08-30,1319.35,1323.8,1319.05,1323.5
2023-08-31,1322.15,1324.85,1320.45,1322.65
2023-09-01,1326.0,1326.0,1316.0,1318.75
2023-09-04,1320.7,1321.9,1315.7,1319.55
2023-09-05,1319.0,1330.75,1319.0,1330.65
2023-09-06,1332.3,1337.6,1328.75,1330.65
2023-09-07,1333.78,1337.45,1330.9,1335.35
2023-09-08,1335.45,1335.7,1331.8,1332.95
2023-09-11,1335.15,1335.5,1329.7,1331.35
2023-09-12,1324.75,1328.15,1323.6,1327.65
2023-09-13,1326.85,1330.15,1325.25,1330.0
2023-09-14,1326.05,1328.9,1323.25,1325.9
2023-09-15,1330.45,1330.55,1325.0,1326.0
2023-09-18,1329.2,1329.35,1323.15,1324.35
2023-09-19,1322.5,1328.75,1319.65,1328.5
2023-09-20,1328.85,1330.75,1326.55,1330.15
2023-09-21,1333.7,1342.25,1333.7,1339.75
2023-09-22,1341.0,1341.3,1334.8,1336.75
2023-09-25,1335.0,1336.65,1330.45,1336.55
2023-09-26,1339.45,1349.5,1337.9,1348.7
2023-09-27,1354.0,1355.4,1347.45,1349.4
2023-10-04,1360.4,1363.55,1357.75,1363.45
2023-10-05,1352.35,1353.6,1345.4,1350.55
2023-10-06,1347.0,1350.65,1345.5,1350.0
2023-10-10,1346.6,1351.75,1343.45,1349.65
2023-10-11,1342.7,1343.1,1337.9,1338.8
2023-10-12,1340.2,1343.75,1337.65,1338.5
2023-10-13,1349.15,1350.45,1347.6,1350.05
2023-10-16,1352.5,1355.35,1350.55,1353.65
2023-10-17,1349.5,1354.25,1348.2,1353.55
2023-10-18,1353.75,1356.25,1347.95,1349.6
2023-10-19,1356.0,1359.2,1354.1,1357.3
2023-10-20,1357.25,1359.3,1350.1,1352.5
2023-10-23,1353.7,1355.0,1350.65,1353.7
2023-10-24,1344.75,1346.25,1341.75,1343.1
2023-10-25,1344.5,1349.65,1344.15,1349.45
2023-10-26,1353.0,1359.9,1352.95,1359.85
2023-10-27,1354.0,1356.05,1348.2,1355.9
2023-10-30,1357.0,1357.4,1350.65,1350.9
2023-10-31,1347.5,1353.6,1345.45,1350.65
2023-11-01,1350.25,1358.7,1350.25,1357.25
2023-11-02,1348.45,1349.0,1340.65,1343.0
2023-11-03,1335.2,1336.4,1317.4,1322.3
2023-11-06,1308.8,1312.9,1297.45,1297.45
2023-11-07,1300.35,1310.25,1300.3,1308.0
2023-11-08,1304.5,1312.25,1298.9,1310.55
2023-11-09,1309.0,1313.2,1302.95,1309.75
2023-11-10,1317.5,1319.25,1314.6,1316.9
2023-11-13,1318.0,1326.25,1317.6,1325.1
2023-11-14,1320.1,1330.15,1318.65,1328.95
2023-11-15,1306.05,1308.2,1297.6,1300.75
2023-11-16,1307.2,1309.75,1296.7,1296.9
2023-11-17,1293.0,1298.05,1290.15,1296.75
2023-11-20,1295.15,1299.75,1285.7,1291.55
2023-11-21,1287.6,1292.15,1284.05,1289.2
2023-11-22,1296.17,1300.65,1291.1,1300.5
2023-11-23,1302.25,1303.0,1296.0,1297.5
2023-11-24,1303.2,1306.65,1297.35,1306.3
2023-11-27,1304.05,1308.4,1300.8,1303.85
2023-11-28,1297.5,1298.3,1290.5,1293.8
2023-11-29,1282.9,1292.15,1282.9,1289.3
2023-11-30,1290.95,1293.7,1286.7,1290.1
2023-12-01,1302.1,1307.75,1298.0,1305.75
2023-12-04,1295.0,1306.0,1295.0,1304.05
2023-12-05,1310.6,1314.4,1308.15,1311.2
2023-12-06,1311.65,1313.9,1310.15,1313.1
2023-12-07,1315.72,1327.15,1315.6,1325.4
2023-12-08,1315.3,1316.85,1304.65,1306.95
2023-12-11,1316.1,1320.05,1314.6,1316.45
2023-12-12,1315.75,1317.4,1313.65,1313.9
2023-12-13,1311.0,1320.1,1310.9,1320.0
2023-12-14,1294.9,1298.0,1292.45,1295.3
2023-12-15,1291.05,1297.8,1289.8,1296.35
2023-12-18,1302.1,1302.95,1296.4,1297.25
2023-12-19,1301.25,1309.2,1299.9,1307.85
2023-12-20,1302.95,1303.15,1297.55,1298.95
2023-12-21,1303.0,1305.3,1301.9,1305.2
2023-12-22,1297.6,1303.05,1297.25,1302.9
2023-12-26,1299.1,1300.45,1292.1,1294.3
2023-12-27,1295.5,1296.05,1292.25,1294.2
2023-12-28,1293.1,1294.4,1286.35,1288.1
2024-01-02,1292.85,1303.75,1290.4,1300.55
2024-01-03,1310.2,1312.45,1304.7,1305.05
2024-01-04,1310.0,1311.85,1308.55,1310.15
2024-01-05,1312.15,1317.15,1311.15,1315.65
2024-01-08,1314.0,1317.4,1312.15,1315.85
2024-01-09,1312.05,1316.3,1308.95,1315.8
2024-01-10,1319.5,1321.75,1317.65,1320.25
2024-01-11,1318.75,1319.65,1312.75,1312.8
2024-01-12,1314.0,1317.25,1311.3,1313.85
2024-01-15,1313.9,1322.35,1313.9,1320.25
2024-01-16,1320.0,1332.55,1319.75,1331.75
2024-01-17,1337.75,1346.8,1337.45,1344.35
2024-01-18,1344.75,1346.6,1338.25,1339.3
2024-01-19,1338.9,1339.25,1333.5,1338.9
2024-01-22,1333.75,1338.8,1330.3,1338.8
2024-01-23,1335.95,1340.7,1333.25,1333.25
2024-01-24,1338.13,1340.7,1337.2,1337.2
2024-01-25,1332.9,1337.15,1332.9,1335.9
2024-01-26,1337.6,1339.35,1333.15,1336.3
2024-01-29,1337.75,1338.75,1335.35,1335.65
2024-01-30,1334.0,1334.1,1328.65,1329.5
2024-01-31,1328.8,1336.2,1328.8,1334.65
2024-02-01,1333.85,1335.4,1329.9,1331.85
2024-02-02,1328.9,1328.9,1320.75,1322.35
2024-02-05,1335.9,1339.3,1330.65,1330.75
2024-02-06,1334.0,1334.8,1325.55,1327.55
2024-02-07,1325.95,1328.3,1322.75,1327.7
2024-02-08,1328.0,1329.8,1325.05,1328.25
2024-02-13,1328.9,1329.5,1327.15,1328.05
2024-02-14,1340.05,1340.75,1334.95,1335.35
2024-02-15,1331.6,1334.85,1330.95,1334.05
2024-02-16,1328.0,1335.75,1328.0,1335.55
2024-02-19,1333.0,1336.35,1330.65,1335.15
2024-02-20,1334.45,1339.15,1334.45,1337.5
2024-02-21,1332.9,1337.45,1332.25,1334.8
2024-02-22,1333.2,1334.3,1328.4,1328.75
2024-02-23,1327.55,1331.4,1326.35,1331.1
2024-02-26,1330.2,1332.8,1329.75,1331.05
2024-02-27,1329.05,1332.65,1329.05,1331.15
2024-02-28,1329.95,1337.15,1329.95,1333.65
2024-02-29,1336.5,1336.5,1331.3,1331.4
2024-03-04,1332.05,1332.35,1328.05,1331.35
2024-03-05,1331.05,1334.65,1330.85,1334.5
2024-03-06,1333.9,1337.45,1333.05,1334.35
2024-03-07,1328.9,1332.05,1327.3,1330.9
2024-03-08,1323.9,1326.85,1319.25,1319.75
2024-03-11,1317.0,1318.75,1309.65,1310.2
2024-03-12,1310.0,1313.7,1308.05,1310.85
2024-03-13,1311.0,1315.3,1309.85,1314.35
2024-03-14,1311.95,1318.95,1311.95,1317.75
2024-03-15,1324.46,1330.2,1323.75,1329.9
2024-03-18,1330.25,1334.3,1330.25,1333.7
2024-03-19,1337.0,1340.8,1336.4,1340.0
2024-03-20,1336.95,1340.05,1336.65,1339.55
2024-03-21,1330.0,1330.7,1322.0,1322.5
2024-03-22,1333.1,1340.4,1330.25,1338.45
2024-03-25,1345.2,1345.2,1334.8,1342.25
2024-03-26,1340.0,1341.65,1334.65,1339.55
2024-03-27,1342.4,1349.35,1341.95,1348.7
2024-03-28,1350.0,1352.9,1342.95,1346.15
2024-03-29,1352.25,1352.25,1344.75,1347.35
2024-04-01,1346.05,1349.65,1342.85,1349.3
2024-04-02,1356.2,1356.2,1350.45,1352.1
2024-04-03,1353.15,1353.15,1346.95,1348.85
2024-04-04,1344.75,1348.45,1344.0,1346.95
2024-04-05,1352.6,1354.15,1348.85,1352.7
2024-04-08,1351.0,1355.45,1351.0,1353.25
2024-04-09,1354.35,1355.6,1353.0,1354.95
2024-04-11,1364.35,1364.85,1361.95,1364.2
2024-04-12,1368.2,1375.55,1367.1,1375.4
2024-04-15,1382.5,1386.3,1380.3,1384.05
2024-04-16,1393.2,1400.0,1387.4,1394.65
2024-04-17,1389.25,1390.8,1382.75,1386.8
2024-04-18,1379.55,1381.8,1371.7,1373.1
2024-04-19,1380.25,1392.85,1380.0,1382.3
2024-04-22,1375.5,1383.15,1375.5,1379.4
2024-04-23,1378.0,1379.7,1375.45,1378.35
2024-04-24,1372.05,1372.75,1367.45,1369.4
2024-04-25,1375.25,1378.25,1374.3,1374.8
2024-04-26,1373.5,1378.75,1373.0,1375.3
2024-04-29,1377.05,1384.4,1374.35,1377.25
2024-04-30,1375.05,1382.5,1373.7,1382.1
2024-05-02,1378.13,1382.2,1374.25,1375.85
2024-05-03,1366.75,1370.6,1361.25,1363.0
2024-05-07,1356.55,1360.15,1354.7,1359.95
2024-05-08,1359.2,1366.65,1359.2,1362.75
2024-05-09,1366.6,1371.0,1364.35,1370.0
2024-05-10,1366.55,1369.55,1365.3,1368.05
2024-05-13,1370.4,1373.15,1367.45,1368.25
2024-05-14,1368.9,1370.4,1366.85,1369.15
2024-05-16,1352.95,1354.2,1344.95,1345.1
2024-05-17,1347.35,1358.75,1347.3,1355.15
2024-05-20,1353.4,1358.1,1353.3,1355.85
2024-05-21,1360.72,1367.55,1360.72,1363.3
2024-05-22,1365.0,1365.75,1360.4,1362.85
2024-05-23,1366.1,1367.5,1361.75,1362.35
2024-05-24,1370.2,1371.8,1368.05,1369.45
2024-05-27,1366.5,1367.5,1363.7,1363.85
2024-05-28,1361.1,1363.1,1355.7,1358.35
2024-05-29,1363.97,1366.7,1363.25,1364.9
2024-05-30,1371.7,1380.2,1371.7,1379.45
2024-05-31,1377.0,1386.75,1376.75,1385.0
2024-06-03,1382.45,1382.9,1374.6,1376.1
2024-06-04,1371.5,1376.7,1369.25,1376.05
2024-06-05,1375.0,1376.15,1367.75,1372.95
2024-06-07,1367.25,1369.7,1363.2,1365.5
2024-06-10,1380.2,1381.65,1375.2,1376.05
2024-06-11,1376.0,1378.65,1375.4,1378.3
2024-06-12,1378.5,1380.5,1375.35,1376.1
2024-06-13,1369.85,1374.8,1366.3,1373.9
2024-06-14,1375.25,1379.8,1375.15,1379.25
2024-06-17,1382.55,1383.95,1378.3,1381.15
2024-06-18,1381.2,1382.25,1378.3,1381.2
2024-06-19,1380.5,1382.35,1378.15,1381.75
2024-06-20,1380.5,1385.45,1380.5,1384.65
2024-06-21,1392.0,1392.95,1386.7,1388.25
2024-06-24,1390.5,1391.85,1388.45,1389.1
2024-06-25,1386.6,1388.35,1384.45,1387.4
2024-06-26,1390.15,1392.15,1388.55,1388.75
2024-06-27,1394.6,1394.75,1385.65,1385.9
2024-06-28,1386.3,1388.45,1376.2,1376.5
2024-07-01,1381.3,1384.9,1377.65,1383.75
2024-07-02,1384.0,1390.2,1383.3,1386.85
2024-07-03,1385.9,1391.95,1381.6,1386.4
2024-07-04,1386.2,1386.25,1379.95,1381.05
2024-07-05,1381.2,1383.55,1376.75,1380.95
2024-07-08,1377.45,1385.35,1376.5,1383.45
2024-07-09,1382.6,1386.3,1381.25,1383.5
2024-07-10,1382.9,1387.95,1382.85,1384.0
2024-07-11,1382.25,1383.35,1371.65,1372.35
2024-07-12,1372.1,1379.8,1370.65,1375.35
2024-07-15,1377.95,1383.7,1377.1,1383.55
2024-07-16,1384.05,1387.2,1382.45,1385.5
2024-07-17,1385.2,1385.2,1376.1,1380.2
2024-07-18,1380.2,1384.2,1376.6,1383.55
2024-07-19,1386.65,1390.65,1384.9,1390.65
2024-07-22,1390.2,1390.2,1386.9,1388.45
2024-07-23,1388.2,1388.2,1382.65,1386.1
2024-07-24,1386.7,1387.7,1379.05,1379.95
2024-07-25,1384.35,1388.15,1379.5,1383.15
2024-07-26,1383.7,1387.25,1382.7,1383.95
2024-07-29,1384.75,1385.95,1379.85,1382.85
2024-07-30,1383.1,1386.3,1381.75,1384.45
2024-07-31,1386.5,1386.5,1366.8,1371.2
2024-08-01,1373.2,1373.2,1361.7,1369.65
2024-08-02,1374.2,1377.15,1357.85,1361.15
2024-08-05,1359.0,1374.85,1355.05,1368.9
2024-08-06,1368.9,1380.25,1367.4,1377.8
2024-08-07,1375.0,1379.25,1373.6,1374.8
2024-08-08,1375.95,1379.55,1374.75,1377.4
2024-08-09,1377.2,1377.2,1361.5,1365.1
2024-08-12,1366.5,1372.8,1363.55,1370.2
2024-08-13,1372.2,1372.6,1366.4,1366.4
2024-08-14,1362.2,1364.7,1359.15,1360.8
2024-08-16,1364.23,1364.23,1351.75,1351.75
2024-08-19,1354.0,1354.0,1329.9,1334.0
2024-08-20,1330.05,1336.25,1325.25,1330.75
2024-08-21,1332.15,1339.95,1327.2,1333.8
2024-08-22,1334.05,1343.85,1332.4,1343.25
2024-08-23,1342.5,1343.1,1325.5,1330.0
2024-08-26,1325.15,1331.45,1319.4,1329.35
2024-08-27,1328.55,1335.45,1328.2,1331.6
2024-08-28,1328.5,1339.6,1328.15,1336.35
2024-08-29,1338.0,1338.65,1327.1,1331.55
2024-08-30,1335.0,1338.9,1330.45,1337.8
2024-09-02,1338.0,1341.05,1336.45,1338.35
2024-09-03,1338.2,1345.4,1337.6,1341.9
2024-09-04,1343.75,1343.8,1333.65,1335.5
2024-09-05,1334.75,1338.1,1331.85,1334.55
2024-09-06,1333.95,1338.55,1325.9,1335.0
2024-09-09,1336.55,1347.85,1336.55,1342.0
2024-09-10,1342.65,1345.55,1340.55,1344.0
2024-09-11,1342.5,1344.75,1337.05,1340.3
2024-09-12,1341.25,1342.6,1338.15,1342.0
2024-09-13,1336.85,1336.95,1324.75,1333.55
2024-09-19,1326.1,1336.55,1325.65,1329.05
2024-09-20,1327.0,1337.55,1327.0,1335.2
2024-09-23,1331.9,1340.05,1331.9,1335.25
2024-09-24,1337.05,1337.05,1330.2,1331.3
2024-09-25,1330.0,1337.0,1324.35,1335.5
2024-09-26,1337.4,1337.4,1309.5,1317.35
2024-09-27,1316.35,1322.35,1307.0,1310.55
2024-09-30,1315.1,1316.75,1303.4,1314.7
2024-10-02,1323.1,1324.35,1317.3,1322.95
2024-10-04,1332.75,1352.15,1331.6,1348.2
2024-10-07,1348.95,1349.65,1343.6,1344.25
2024-10-08,1346.45,1351.15,1344.7,1346.3
2024-10-10,1348.05,1354.1,1347.75,1354.0
2024-10-11,1351.05,1351.9,1345.65,1350.95
2024-10-14,1352.45,1360.75,1350.35,1357.8
2024-10-15,1357.05,1366.45,1356.15,1364.8
2024-10-16,1365.2,1367.2,1360.45,1364.55
2024-10-17,1365.0,1373.25,1363.75,1372.5
2024-10-18,1373.75,1373.75,1368.3,1368.8
2024-10-21,1372.2,1384.5,1366.5,1378.2
2024-10-22,1381.05,1382.85,1377.25,1377.3
2024-10-23,1379.3,1385.05,1379.3,1382.3
2024-10-24,1381.6,1382.95,1377.95,1380.55
2024-10-25,1379.9,1391.6,1378.4,1390.1
2024-10-28,1390.05,1390.95,1383.3,1384.15
2024-10-29,1382.45,1389.7,1378.65,1386.0
2024-10-30,1385.0,1385.5,1374.45,1379.6
2024-10-31,1380.8,1386.75,1376.0,1376.95
2024-11-01,1375.95,1380.4,1374.0,1378.55
2024-11-04,1378.65,1378.65,1368.6,1375.95
2024-11-05,1375.0,1380.65,1374.25,1380.05
2024-11-06,1380.05,1403.9,1374.7,1400.75
2024-11-07,1403.15,1404.45,1382.0,1386.3
2024-11-08,1382.25,1400.25,1382.25,1395.9
2024-11-11,1398.0,1402.1,1392.6,1401.4
2024-11-12,1399.35,1409.95,1398.85,1408.15
2024-11-13,1408.0,1410.65,1396.7,1404.0
2024-11-14,1402.4,1410.7,1399.5,1401.6
2024-11-15,1407.95,1408.6,1393.3,1398.45
2024-11-18,1397.0,1400.25,1387.9,1396.4
2024-11-19,1392.15,1396.6,1389.3,1392.8
2024-11-20,1395.2,1400.5,1388.95,1400.45
2024-11-21,1398.4,1401.55,1396.05,1398.6
2024-11-22,1403.05,1407.55,1399.1,1406.0
2024-11-25,1402.2,1404.5,1395.7,1399.9
2024-11-26,1404.1,1407.3,1393.55,1396.7
2024-11-27,1399.0,1399.0,1389.75,1391.5
2024-11-28,1392.0,1397.4,1390.9,1394.55
2024-11-29,1394.6,1398.5,1390.45,1397.2
2024-12-02,1396.55,1406.15,1395.75,1404.15
2024-12-03,1406.1,1444.65,1400.5,1428.5
2024-12-04,1416.2,1418.3,1406.35,1413.5
2024-12-05,1412.0,1418.9,1412.0,1416.6
2024-12-06,1415.95,1429.15,1414.55,1423.4
2024-12-09,1425.0,1438.3,1425.0,1430.95
2024-12-10,1430.05,1433.45,1425.5,1431.75
2024-12-11,1435.15,1436.3,1429.0,1429.85
2024-12-12,1430.2,1434.75,1428.15,1431.0
2024-12-13,1429.7,1436.55,1429.7,1435.45
2024-12-16,1434.2,1439.0,1428.2,1436.85
2024-12-17,1437.2,1439.75,1434.2,1437.25
2024-12-18,1437.2,1439.85,1435.05,1438.95
2024-12-19,1460.2,1460.2,1443.5,1447.15
2024-12-20,1448.05,1452.3,1444.55,1447.15
2024-12-23,1446.05,1454.4,1445.0,1451.65
2024-12-24,1451.7,1460.3,1451.5,1458.05
2024-12-26,1459.6,1471.05,1457.75,1470.55
2024-12-27,1468.1,1486.85,1466.55,1470.9
2024-12-30,1474.95,1475.45,1465.6,1471.95
2025-01-02,1475.75,1475.75,1463.8,1471.35
2025-01-03,1470.05,1474.05,1464.65,1470.85
2025-01-06,1469.1,1476.2,1455.95,1460.55
2025-01-07,1460.3,1465.45,1444.8,1451.75
2025-01-08,1456.5,1463.6,1449.1,1460.55
2025-01-09,1457.85,1465.15,1455.1,1459.75
2025-01-10,1460.0,1474.55,1457.0,1471.3
2025-01-13,1472.1,1474.35,1466.35,1467.9
2025-01-14,1465.05,1466.85,1458.45,1461.25
2025-01-15,1456.55,1463.35,1451.75,1455.75
2025-01-16,1454.6,1459.8,1449.7,1458.25
2025-01-17,1458.0,1460.2,1453.2,1457.35
2025-01-20,1456.2,1460.0,1436.25,1440.25
2025-01-21,1436.7,1443.8,1432.8,1435.7
2025-01-22,1433.6,1439.1,1430.0,1435.95
2025-01-23,1437.25,1441.2,1434.35,1435.25
2025-01-24,1436.95,1437.55,1426.8,1430.5
2025-01-31,1446.55,1456.3,1445.6,1454.3
2025-02-03,1461.0,1474.25,1461.0,1462.4
2025-02-04,1455.7,1466.4,1449.5,1450.75
2025-02-05,1453.9,1455.85,1442.6,1444.0
2025-02-06,1448.15,1451.55,1444.0,1447.25
2025-02-07,1450.1,1455.25,1442.75,1448.75
2025-02-10,1457.5,1457.95,1449.5,1451.7
2025-02-11,1450.15,1456.4,1450.15,1452.7
2025-02-12,1452.0,1458.95,1449.4,1455.25
2025-02-13,1455.05,1455.05,1446.25,1448.45
2025-02-14,1441.5,1445.45,1437.65,1441.05
2025-02-17,1442.7,1445.05,1439.25,1442.6
2025-02-18,1442.0,1445.85,1438.8,1440.65
2025-02-19,1443.7,1444.2,1437.8,1441.95
2025-02-20,1441.85,1442.3,1434.6,1435.7
2025-02-21,1433.6,1436.65,1431.35,1434.05
2025-02-24,1437.0,1437.15,1424.1,1430.15
2025-02-25,1428.9,1435.15,1428.7,1433.95
2025-02-26,1432.05,1436.7,1429.25,1433.4
2025-02-27,1434.9,1448.9,1434.4,1446.75
2025-02-28,1451.0,1463.8,1450.95,1460.25
2025-03-04,1461.2,1462.45,1452.5,1458.95
2025-03-05,1453.55,1460.45,1441.25,1445.5
2025-03-06,1443.5,1451.1,1437.9,1447.55
2025-03-07,1447.35,1449.6,1441.25,1449.45
2025-03-10,1448.0,1457.6,1445.25,1455.1
2025-03-11,1460.0,1460.2,1451.45,1454.15
2025-03-12,1453.1,1455.3,1447.8,1451.65
2025-03-13,1452.2,1457.7,1449.2,1455.35
2025-03-14,1452.1,1456.7,1452.1,1453.35
2025-03-17,1452.25,1452.25,1444.45,1444.55
2025-03-18,1443.6,1455.3,1440.25,1451.45
2025-03-19,1450.6,1463.9,1449.5,1463.5
2025-03-20,1456.9,1470.7,1456.25,1467.75
2025-03-21,1466.1,1469.35,1460.1,1465.75
2025-03-24,1464.1,1469.9,1462.1,1469.15
2025-03-25,1469.2,1471.1,1463.1,1463.15
2025-03-26,1464.9,1468.2,1462.4,1468.05
2025-03-27,1470.1,1471.3,1463.45,1465.05
2025-03-28,1465.5,1470.4,1464.65,1469.4
2025-03-31,1470.5,1477.15,1468.45,1472.9
2025-04-01,1472.2,1476.7,1467.2,1472.15
2025-04-02,1470.45,1473.4,1461.05,1462.7
2025-04-03,1471.0,1472.45,1450.3,1451.2
2025-04-04,1450.3,1463.15,1430.5,1462.15
2025-04-07,1462.5,1472.5,1457.45,1472.0
2025-04-08,1470.95,1482.35,1466.3,1480.65
2025-04-09,1483.05,1487.45,1471.45,1472.05
2025-04-10,1451.0,1469.85,1446.85,1457.1
2025-04-11,1452.05,1457.05,1414.55,1421.6
2025-04-14,1432.75,1432.75,1416.0,1424.35
2025-04-15,1421.45,1431.75,1419.85,1428.25
2025-04-16,1429.0,1432.0,1413.35,1415.9
2025-04-17,1416.95,1423.25,1414.95,1416.55
2025-04-18,1420.1,1425.15,1418.8,1423.8
2025-04-21,1421.0,1422.25,1414.85,1420.35
2025-04-22,1422.2,1427.35,1418.2,1425.65
2025-04-23,1428.55,1431.3,1420.65,1427.1
2025-04-24,1427.0,1440.15,1426.25,1433.05
2025-04-25,1430.2,1451.45,1430.2,1440.2
2025-04-28,1439.5,1446.25,1435.9,1436.45
2025-04-29,1437.8,1441.5,1431.9,1434.25
2025-04-30,1433.55,1433.75,1419.2,1424.3
2025-05-02,1434.24,1439.8,1391.25,1401.1
2025-05-07,1383.0,1402.35,1381.95,1392.15
2025-05-08,1399.1,1407.15,1392.45,1404.95
2025-05-09,1404.05,1415.1,1397.05,1398.1
2025-05-12,1394.0,1426.05,1392.25,1418.3
2025-05-13,1416.5,1428.75,1408.15,1415.8
2025-05-14,1418.05,1422.15,1390.45,1403.5
2025-05-15,1411.2,1412.1,1390.0,1398.55
2025-05-16,1398.2,1402.75,1387.95,1401.75
2025-05-19,1396.75,1401.2,1386.9,1390.7
2025-05-20,1391.0,1396.8,1389.15,1394.0
2025-05-21,1394.2,1394.2,1368.5,1371.4
2025-05-22,1377.1,1387.85,1373.2,1383.0
2025-05-23,1383.0,1384.4,1364.5,1366.0
2025-05-26,1368.5,1371.15,1360.45,1370.4
2025-05-27,1369.45,1376.5,1365.05,1376.4
2025-05-28,1374.5,1378.1,1369.25,1375.2
2025-05-29,1379.0,1385.35,1369.4,1370.9
2025-05-30,1371.7,1382.75,1368.6,1382.6
2025-06-02,1384.2,1384.2,1371.95,1379.15
2025-06-04,1375.75,1376.9,1362.6,1364.85
2025-06-05,1364.5,1364.5,1351.8,1355.75
2025-06-09,1362.15,1364.2,1352.3,1354.9
2025-06-10,1354.05,1368.15,1353.25,1367.05
2025-06-11,1365.95,1375.45,1362.35,1369.05
2025-06-12,1370.0,1370.75,1351.6,1356.3
2025-06-13,1354.5,1373.1,1353.65,1363.25
2025-06-16,1368.5,1368.55,1352.85,1359.1
2025-06-17,1355.95,1372.9,1355.95,1372.9
2025-06-18,1381.75,1381.75,1368.9,1373.25
2025-06-19,1374.5,1386.4,1373.85,1380.3
2025-06-20,1378.1,1378.1,1365.0,1370.75
2025-06-23,1374.0,1391.0,1373.95,1382.35
2025-06-24,1368.35,1369.05,1356.55,1359.25
2025-06-25,1358.05,1366.9,1355.45,1361.6
2025-06-26,1357.55,1361.3,1351.9,1353.55
2025-06-27,1358.45,1362.15,1353.55,1361.55
2025-06-30,1361.05,1361.1,1347.2,1353.75
2025-07-01,1352.3,1359.45,1348.7,1357.95
2025-07-02,1356.6,1363.85,1354.25,1356.25
2025-07-03,1354.5,1369.55,1353.9,1364.7
2025-07-04,1363.0,1367.15,1358.35,1363.2
2025-07-07,1363.4,1378.0,1361.65,1377.9
2025-07-08,1373.2,1373.6,1365.1,1371.65
2025-07-09,1370.15,1377.95,1370.15,1374.95
2025-07-10,1373.5,1375.35,1370.3,1373.0
2025-07-11,1372.0,1377.5,1370.75,1377.15
2025-07-14,1378.7,1383.6,1375.7,1383.0
2025-07-15,1382.0,1388.55,1376.6,1387.5
2025-07-16,1385.75,1394.7,1384.5,1389.75
2025-07-17,1385.9,1396.55,1385.9,1392.1
2025-07-18,1392.95,1394.5,1386.6,1390.65
2025-07-21,1393.7,1393.7,1381.25,1382.7
2025-07-22,1380.9,1389.15,1380.3,1380.9
2025-07-23,1382.25,1382.6,1374.45,1376.15
2025-07-24,1373.1,1375.1,1365.15,1372.0
2025-07-25,1370.0,1383.95,1370.0,1382.8
2025-07-28,1381.1,1389.35,1377.9,1389.3
2025-07-29,1389.77,1394.75,1387.2,1389.8
2025-07-30,1389.0,1392.5,1378.3,1390.45
2025-07-31,1390.0,1397.35,1386.0,1393.4
2025-08-01,1395.2,1406.45,1384.65,1389.3
2025-08-04,1382.5,1389.95,1381.3,1385.05
2025-08-05,1384.1,1391.85,1382.2,1386.45
2025-08-06,1385.15,1391.5,1385.15,1386.1
2025-08-07,1384.0,1388.1,1378.35,1386.5
2025-08-08,1381.75,1391.55,1379.7,1388.0
2025-08-11,1389.05,1393.35,1385.5,1390.85
2025-08-12,1391.1,1392.9,1383.7,1383.95
2025-08-13,1383.5,1386.6,1375.85,1379.6
2025-08-14,1379.1,1391.15,1378.4,1390.35
2025-08-18,1390.5,1390.5,1382.75,1387.95
2025-08-19,1387.4,1392.45,1387.4,1391.45
2025-08-20,1393.95,1399.85,1392.8,1397.4
2025-08-21,1397.0,1403.4,1396.65,1399.15
2025-08-22,1399.85,1400.85,1380.15,1383.0
2025-08-25,1383.9,1391.55,1383.9,1390.55
2025-08-26,1389.9,1398.45,1387.1,1393.95
2025-08-27,1394.75,1399.2,1394.0,1394.7
2025-08-28,1392.0,1394.1,1384.75,1384.85
2025-08-29,1387.25,1393.4,1384.25,1389.9
2025-09-01,1389.1,1394.7,1388.4,1393.45
2025-09-02,1393.1,1398.45,1389.7,1395.75
2025-09-03,1396.6,1396.6,1388.2,1389.35
2025-09-04,1392.35,1395.4,1388.25,1395.3
2025-09-05,1393.95,1393.95,1383.9,1386.95
2025-09-08,1385.95,1393.6,1385.8,1387.35
2025-09-09,1385.0,1389.9,1384.55,1388.45
2025-09-10,1388.47,1390.25,1385.85,1388.5
2025-09-11,1389.5,1393.85,1386.55,1389.2
2025-09-12,1389.9,1395.4,1386.75,1393.55
2025-09-15,1392.1,1392.5,1385.4,1386.3
2025-09-16,1385.0,1387.0,1378.25,1379.55
2025-09-17,1377.0,1382.15,1375.65,1378.4
2025-09-18,1381.1,1390.45,1380.15,1388.05
2025-09-19,1389.0,1399.6,1388.3,1397.2
2025-09-22,1397.95,1399.2,1390.8,1391.25
2025-09-23,1390.6,1395.65,1390.4,1394.6
2025-09-24,1390.0,1406.2,1390.0,1404.3
2025-09-25,1405.0,1411.25,1398.9,1409.25
2025-09-26,1409.0,1413.95,1408.4,1410.5
2025-09-29,1409.95,1409.95,1398.45,1400.4
2025-09-30,1398.85,1405.45,1398.4,1403.8
2025-10-01,1403.95,1409.35,1401.55,1403.1
2025-10-02,1401.25,1408.95,1399.6,1406.35
2025-10-10,1421.75,1431.1,1418.4,1425.3
2025-10-13,1432.45,1432.45,1422.05,1425.0
2025-10-14,1428.25,1435.35,1425.6,1428.5
2025-10-15,1429.5,1429.55,1419.15,1422.5
2025-10-16,1421.5,1422.2,1414.45,1416.95
2025-10-17,1416.9,1425.9,1415.95,1422.15
2025-10-20,1422.5,1423.95,1417.2,1420.4
2025-10-21,1421.25,1432.7,1419.75,1432.35
2025-10-22,1429.5,1432.8,1428.05,1431.1
2025-10-23,1429.0,1441.45,1429.0,1437.4
2025-10-24,1437.88,1439.75,1433.65,1439.2
2025-10-27,1437.5,1437.5,1430.1,1432.9
2025-10-28,1431.0,1439.0,1430.45,1433.0
2025-10-29,1431.0,1435.7,1419.0,1421.1
2025-10-30,1423.0,1434.75,1419.2,1430.4
2025-10-31,1430.75,1431.15,1424.15,1430.0
2025-11-03,1428.0,1432.9,1425.95,1430.95
2025-11-04,1429.5,1441.2,1429.5,1440.4
2025-11-05,1443.0,1449.65,1441.2,1441.3
2025-11-06,1440.0,1452.05,1440.0,1449.8
2025-11-07,1448.86,1462.6,1446.95,1461.45
2025-11-10,1455.95,1458.0,1450.8,1456.45
2025-11-11,1455.0,1467.5,1455.0,1462.25
2025-11-12,1461.32,1471.05,1459.55,1471.05
2025-11-13,1469.32,1475.35,1462.3,1466.0
2025-11-14,1468.5,1474.7,1447.45,1451.35
2025-11-17,1448.0,1463.0,1448.0,1460.65
2025-11-18,1462.88,1467.45,1460.3,1462.25
2025-11-19,1459.9,1469.3,1459.9,1468.3
2025-11-20,1467.0,1473.95,1465.9,1472.15
2025-11-21,1474.0,1477.4,1469.25,1471.55
2025-11-24,1471.5,1479.4,1468.7,1476.4
2025-11-25,1475.0,1476.8,1464.4,1468.3
2025-11-26,1464.1,1475.75,1457.05,1468.9
2025-11-27,1469.52,1469.55,1460.65,1462.65
2025-11-28,1461.0,1472.6,1461.0,1467.3
2025-12-01,1469.6,1471.75,1465.35,1467.25
2025-12-02,1471.0,1473.1,1466.45,1469.0
2025-12-03,1468.0,1471.3,1463.65,1466.75
2025-12-04,1466.8,1474.25,1464.65,1473.5
2025-12-05,1474.5,1475.05,1468.1,1472.05
2025-12-08,1473.0,1473.1,1465.7,1469.4
2025-12-09,1468.75,1472.45,1465.75,1469.7
2025-12-10,1468.15,1472.5,1468.1,1471.0
2025-12-11,1464.0,1474.05,1464.0,1472.2
2025-12-12,1472.85,1479.35,1470.75,1477.8
2025-12-15,1475.7,1477.8,1463.65,1468.05
2025-12-16,1468.8,1477.4,1467.45,1473.2
2025-12-17,1472.0,1482.25,1472.0,1474.6
2025-12-18,1474.0,1479.6,1472.3,1474.4
2025-12-19,1474.25,1479.25,1473.65,1478.05
2025-12-22,1475.0,1481.5,1475.0,1480.7
2025-12-23,1479.15,1484.65,1479.1,1481.15
2025-12-24,1479.5,1482.3,1446.7,1446.9
2025-12-26,1451.0,1454.25,1429.85,1442.3
2025-12-29,1439.05,1443.35,1429.25,1434.0
2025-12-30,1435.4,1449.6,1424.85,1439.75
2026-01-02,1439.5,1447.15,1437.5,1444.7
2026-01-05,1442.35,1449.7,1442.35,1445.45
2026-01-06,1445.25,1449.55,1442.75,1447.5
2026-01-07,1448.55,1449.9,1445.75,1448.25
2026-01-08,1449.0,1454.5,1448.2,1452.55
2026-01-09,1453.8,1461.65,1452.1,1459.4
2026-01-12,1459.3,1470.05,1457.1,1468.25
2026-01-13,1466.9,1477.3,1466.9,1475.8
2026-01-14,1477.45,1479.15,1461.4,1463.85
2026-01-15,1463.4,1473.4,1463.4,1468.9
2026-01-16,1469.0,1475.65,1469.0,1474.85
2026-01-19,1473.5,1476.4,1470.8,1473.2
2026-01-20,1474.1,1480.0,1473.9,1477.55
2026-01-21,1479.8,1481.15,1463.8,1465.85
2026-01-22,1465.5,1471.1,1464.3,1465.15
2026-01-23,1464.9,1469.9,1461.9,1464.0
2026-01-26,1446.0,1453.0,1433.6,1441.95
2026-01-27,1450.0,1452.25,1436.75,1438.15
2026-01-28,1431.8,1437.7,1419.85,1436.25
2026-01-29,1430.0,1438.85,1423.85,1434.45
2026-01-30,1431.0,1447.1,1430.75,1441.05
2026-02-02,1451.0,1464.75,1449.25,1451.85
2026-02-03,1454.0,1454.0,1439.85,1447.45
2026-02-04,1447.35,1460.95,1447.35,1459.3
2026-02-05,1461.45,1468.95,1459.75,1463.6
2026-02-06,1473.25,1475.3,1462.55,1463.65
2026-02-09,1465.55,1468.3,1455.0,1458.3
2026-02-10,1457.1,1462.9,1453.4,1457.65
2026-02-11,1459.45,1459.45,1447.0,1447.0
2026-02-12,1448.5,1451.55,1432.95,1439.1
2026-02-13,1440.0,1448.7,1439.7,1444.1
2026-02-19,1453.2,1453.25,1445.05,1450.25
2026-02-20,1448.4,1451.6,1444.45,1446.7
2026-02-23,1443.5,1445.4,1439.2,1442.95
2026-02-24,1443.0,1447.85,1439.75,1440.55
2026-02-25,1441.9,1442.8,1426.35,1427.05
2026-02-26,1426.0,1437.45,1419.4,1433.45
2026-02-27,1432.4,1445.1,1430.6,1440.2
2026-03-03,1461.55,1506.8,1459.25,1489.55
2026-03-04,1477.5,1483.9,1456.7,1463.3
2026-03-05,1466.0,1486.45,1455.7,1482.9
2026-03-06,1481.1,1495.2,1467.75,1488.2
2026-03-09,1487.4,1499.25,1473.55,1476.4
2026-03-10,1466.3,1479.6,1464.1,1466.05
2026-03-11,1472.45,1479.0,1463.45,1476.35
2026-03-12,1479.1,1495.25,1475.5,1488.25
2026-03-13,1491.85,1501.0,1485.8,1499.25
2026-03-16,1501.05,1501.45,1486.8,1492.65
2026-03-17,1489.45,1495.05,1485.45,1488.25
2026-03-18,1488.0,1504.7,1482.5,1500.6
2026-03-19,1506.5,1506.5,1493.05,1495.35
2026-03-20,1490.5,1505.7,1487.1,1504.5
2026-03-23,1504.4,1518.05,1480.55,1488.35
2026-03-24,1488.1,1502.95,1486.9,1499.75
2026-03-25,1492.95,1505.85,1490.35,1501.2
2026-03-26,1504.75,1509.3,1502.2,1507.05
2026-03-27,1507.6,1512.35,1503.45,1510.75
2026-03-30,1512.2,1521.8,1510.4,1519.7
2026-03-31,1518.35,1536.95,1518.35,1519.45
2026-04-01,1506.0,1514.25,1496.9,1512.5
2026-04-02,1512.5,1523.75,1506.85,1511.6
2026-04-03,1510.2,1511.6,1503.8,1510.75
2026-04-06,1510.25,1512.5,1499.45,1507.45
2026-04-07,1509.95,1512.55,1495.35,1501.95
2026-04-08,1482.45,1485.1,1470.0,1477.9
2026-04-09,1483.5,1484.65,1471.05,1473.7
2026-04-10,1474.35,1487.05,1474.35,1483.65
2026-04-13,1489.0,1499.55,1481.75,1482.35
2026-04-14,1476.15,1485.55,1469.05,1472.5
2026-04-15,1468.15,1479.15,1468.15,1475.85
2026-04-16,1474.6,1479.95,1466.65,1479.65
2026-04-17,1480.5,1485.75,1454.95,1460.25
2026-04-20,1468.3,1481.75,1465.5,1472.5
2026-04-21,1472.4,1481.35,1468.0,1480.5
2026-04-22,1481.65,1481.65,1474.05,1478.35
2026-04-23,1479.0,1484.55,1476.8,1478.55
2026-04-24,1483.0,1486.05,1475.7,1476.3
2026-04-27,1476.2,1478.7,1469.45,1474.2
2026-04-28,1475.3,1478.75,1471.75,1472.85
2026-04-29,1473.55,1488.7,1471.65,1488.7
2026-04-30,1486.65,1488.65,1472.0,1476.85
2026-05-04,1473.2,1478.6,1463.0,1474.0
2026-05-06,1464.3,1464.4,1439.2,1447.8
2026-05-07,1448.9,1455.8,1446.4,1455.7
2026-05-08,1459.1,1471.6,1458.05,1462.1
2026-05-11,1465.25,1476.8,1465.25,1472.5
2026-05-12,1475.1,1494.4,1475.0,1493.15
2026-05-13,1491.3,1499.9,1486.8,1489.15
2026-05-14,1491.1,1494.2,1488.35,1492.65
2026-05-15,1493.2,1507.7,1493.2,1498.05
