Date,Open,High,Low,Close
2016-01-01,8.8431,8.8664,8.8371,8.8664
2016-01-04,8.8472,8.9442,8.7717,8.8778
2016-01-05,8.8778,8.966,8.8609,8.9093
2016-01-06,8.9093,8.9942,8.8941,8.9566
2016-01-07,8.9566,8.985,8.8772,8.8843
2016-01-08,8.8843,8.9624,8.8573,8.88
2016-01-11,8.8913,8.958,8.8344,8.9394
2016-01-12,8.9392,8.9566,8.8438,8.8816
2016-01-13,8.8816,8.8975,8.7903,8.8191
2016-01-14,8.8191,8.8533,8.7582,8.7733
2016-01-15,8.7733,8.8549,8.7566,8.8351
2016-01-18,8.8324,8.9207,8.8178,8.9011
2016-01-19,8.9011,8.9063,8.7894,8.8101
2016-01-20,8.8101,8.9233,8.8027,8.8779
2016-01-21,8.8774,8.9585,8.7754,8.7951
2016-01-22,8.7951,8.8094,8.7171,8.7384
2016-01-25,8.7434,8.7927,8.7097,8.7593
2016-01-26,8.7593,8.7782,8.6773,8.7026
2016-01-27,8.7026,8.7328,8.6468,8.6621
2016-01-28,8.6621,8.6888,8.6085,8.6135
2016-01-29,8.6135,8.736,8.5999,8.6789
2016-02-01,8.6855,8.7234,8.6374,8.6892
2016-02-02,8.6892,8.7462,8.6768,8.7284
2016-02-03,8.7284,8.7428,8.542,8.5658
2016-02-04,8.5658,8.5882,8.4465,8.5037
2016-02-05,8.5036,8.6166,8.486,8.5601
2016-02-08,8.5683,8.6531,8.5323,8.5889
2016-02-09,8.5883,8.6254,8.5463,8.5853
2016-02-10,8.5854,8.5978,8.5021,8.5136
2016-02-11,8.5136,8.5937,8.5003,8.5595
2016-02-12,8.5595,8.6316,8.539,8.6007
2016-02-15,8.5866,8.6571,8.5734,8.6214
2016-02-16,8.6214,8.6408,8.5762,8.627
2016-02-17,8.627,8.6459,8.5382,8.5435
2016-02-18,8.5435,8.611,8.5334,8.5914
2016-02-19,8.5918,8.6264,8.5541,8.5576
2016-02-22,8.5584,8.6284,8.5539,8.6022
2016-02-23,8.6022,8.634,8.5805,8.6084
2016-02-24,8.6084,8.7608,8.5885,8.6665
2016-02-25,8.6665,8.6913,8.614,8.6292
2016-02-26,8.6289,8.6975,8.5932,8.6852
2016-02-29,8.6863,8.7381,8.6703,8.6932
2016-03-01,8.6932,8.7113,8.6327,8.6504
2016-03-02,8.6504,8.7211,8.6385,8.6645
2016-03-03,8.6645,8.6926,8.5662,8.5926
2016-03-04,8.5926,8.5933,8.4739,8.4767
2016-03-07,8.4869,8.557,8.4772,8.5024
2016-03-08,8.5024,8.5995,8.4897,8.5645
2016-03-09,8.5645,8.5912,8.4975,8.5202
2016-03-10,8.5201,8.6095,8.457,8.516
2016-03-11,8.516,8.5463,8.3966,8.4134
2016-03-14,8.4859,8.5259,8.4021,8.4712
2016-03-15,8.4712,8.5786,8.4691,8.5481
2016-03-16,8.548,8.6054,8.4417,8.4554
2016-03-17,8.4559,8.4653,8.3029,8.3219
2016-03-18,8.3219,8.3974,8.3024,8.3702
2016-03-21,8.3896,8.428,8.3604,8.4186
2016-03-22,8.4186,8.4669,8.3793,8.4036
2016-03-23,8.4034,8.5006,8.3944,8.4797
2016-03-24,8.4797,8.5215,8.4694,8.4854
2016-03-25,8.4854,8.5084,8.4632,8.4757
2016-03-28,8.4778,8.5126,8.4142,8.4348
2016-03-29,8.4348,8.491,8.3812,8.3942
2016-03-30,8.3939,8.3989,8.2801,8.3044
2016-03-31,8.3044,8.3319,8.2523,8.2685
2016-04-01,8.2685,8.35,8.2511,8.3196
2016-04-04,8.3082,8.3485,8.2849,8.3295
2016-04-05,8.3295,8.3802,8.323,8.3297
2016-04-06,8.3296,8.3672,8.2781,8.321
2016-04-07,8.321,8.3385,8.2575,8.3226
2016-04-08,8.3226,8.3352,8.1987,8.237
2016-04-11,8.2259,8.2563,8.1633,8.2017
2016-04-12,8.2019,8.2342,8.1278,8.1683
2016-04-13,8.1683,8.2524,8.1664,8.2341
2016-04-14,8.2341,8.2977,8.1995,8.233
2016-04-15,8.2328,8.2598,8.22,8.2511
2016-04-18,8.2502,8.3196,8.1923,8.2172
2016-04-19,8.2172,8.2213,8.0979,8.1178
2016-04-20,8.118,8.1596,8.1016,8.1188
2016-04-21,8.1188,8.2132,8.0813,8.2033
2016-04-22,8.2035,8.2554,8.1754,8.2463
2016-04-25,8.2238,8.2523,8.1754,8.2058
2016-04-26,8.206,8.2324,8.118,8.1579
2016-04-27,8.158,8.198,8.1196,8.1619
2016-04-28,8.1619,8.1688,8.1039,8.1381
2016-04-29,8.1381,8.1468,8.0349,8.051
2016-05-02,8.059,8.0734,8.0118,8.0154
2016-05-03,8.0157,8.124,7.97,8.1238
2016-05-04,8.1238,8.1639,8.095,8.1537
2016-05-05,8.154,8.1873,8.1128,8.1757
2016-05-06,8.1751,8.2185,8.1581,8.2055
2016-05-09,8.1978,8.2321,8.1687,8.2257
2016-05-10,8.2255,8.2431,8.1947,8.2165
2016-05-11,8.2165,8.2322,8.1321,8.1658
2016-05-12,8.1658,8.1809,8.091,8.1317
2016-05-13,8.1317,8.2263,8.1262,8.2026
2016-05-16,8.2098,8.2176,8.1367,8.1688
2016-05-17,8.1688,8.1957,8.1278,8.1816
2016-05-18,8.1816,8.3204,8.1786,8.3152
2016-05-19,8.3149,8.3941,8.2915,8.3646
2016-05-20,8.3646,8.3673,8.3035,8.3281
2016-05-23,8.3288,8.3838,8.3017,8.3496
2016-05-24,8.3496,8.4065,8.3305,8.3548
2016-05-25,8.3548,8.3643,8.3129,8.3642
2016-05-26,8.3642,8.3651,8.2407,8.2788
2016-05-27,8.2785,8.3523,8.2646,8.3366
2016-05-30,8.3342,8.3733,8.3278,8.3457
2016-05-31,8.3457,8.3896,8.3288,8.3789
2016-06-01,8.3793,8.3815,8.2918,8.3057
2016-06-02,8.3057,8.3753,8.2795,8.3352
2016-06-03,8.3349,8.3466,8.1648,8.173
2016-06-06,8.1846,8.2228,8.1555,8.1709
2016-06-07,8.1706,8.1786,8.1089,8.1121
2016-06-08,8.1123,8.1261,8.0719,8.101
2016-06-09,8.1014,8.178,8.0906,8.1566
2016-06-10,8.1566,8.2787,8.1485,8.2736
2016-06-13,8.2567,8.3174,8.2308,8.2653
2016-06-14,8.2653,8.3704,8.2609,8.3625
2016-06-15,8.3625,8.3699,8.2717,8.3079
2016-06-16,8.3079,8.4767,8.2955,8.3903
2016-06-17,8.3904,8.4012,8.3377,8.3624
2016-06-20,8.3444,8.3457,8.232,8.2793
2016-06-21,8.2793,8.3355,8.2469,8.3163
2016-06-22,8.3163,8.3278,8.2524,8.2922
2016-06-23,8.2926,8.2949,8.1318,8.1462
2016-06-24,8.1467,8.7291,8.104,8.3331
2016-06-27,8.4907,8.6148,8.4463,8.5731
2016-06-28,8.5731,8.578,8.4275,8.4764
2016-06-29,8.4764,8.4939,8.3757,8.3935
2016-06-30,8.3935,8.4285,8.347,8.3634
2016-07-01,8.3632,8.4371,8.3219,8.3437
2016-07-04,8.3265,8.3524,8.2812,8.2902
2016-07-05,8.2902,8.4163,8.2838,8.407
2016-07-06,8.407,8.513,8.4061,8.432
2016-07-07,8.4321,8.5258,8.4242,8.5092
2016-07-08,8.514,8.5493,8.4616,8.5246
2016-07-11,8.502,8.5495,8.4693,8.5057
2016-07-12,8.5057,8.5059,8.3966,8.4327
2016-07-13,8.4327,8.469,8.3818,8.4255
2016-07-14,8.4255,8.4292,8.3499,8.3644
2016-07-15,8.3649,8.4989,8.3449,8.4836
2016-07-18,8.4719,8.4849,8.4306,8.4473
2016-07-19,8.4473,8.5203,8.4406,8.5121
2016-07-20,8.5121,8.533,8.4849,8.4984
2016-07-21,8.4981,8.5152,8.4492,8.4923
2016-07-22,8.4922,8.5664,8.4863,8.5515
2016-07-25,8.5584,8.5916,8.5348,8.5656
2016-07-26,8.5648,8.5926,8.5528,8.5696
2016-07-27,8.5696,8.6106,8.5226,8.5384
2016-07-28,8.5384,8.5689,8.4938,8.5557
2016-07-29,8.5557,8.5675,8.4035,8.4459
2016-08-01,8.4326,8.502,8.4178,8.498
2016-08-02,8.498,8.5033,8.3982,8.4284
2016-08-03,8.4284,8.466,8.4144,8.4545
2016-08-04,8.4545,8.4894,8.4268,8.4398
2016-08-05,8.4398,8.5191,8.4225,8.5076
2016-08-08,8.4964,8.5171,8.4701,8.4701
2016-08-09,8.4701,8.4968,8.3916,8.4065
2016-08-10,8.4068,8.4135,8.2499,8.2707
2016-08-11,8.2694,8.298,8.208,8.25
2016-08-12,8.25,8.2543,8.1531,8.211
2016-08-15,8.2102,8.243,8.1947,8.2143
2016-08-16,8.2143,8.2228,8.1222,8.1952
2016-08-17,8.1952,8.2524,8.176,8.2041
2016-08-18,8.2042,8.2069,8.1492,8.1512
2016-08-19,8.1512,8.233,8.1479,8.2192
2016-08-22,8.2327,8.2646,8.1863,8.2143
2016-08-23,8.2142,8.2344,8.1789,8.2142
2016-08-24,8.2142,8.2416,8.1731,8.2192
2016-08-25,8.2193,8.2316,8.1853,8.2201
2016-08-26,8.2201,8.3042,8.1393,8.2697
2016-08-29,8.2774,8.3248,8.2608,8.2783
2016-08-30,8.2782,8.3557,8.2717,8.3443
2016-08-31,8.3443,8.363,8.3122,8.328
2016-09-01,8.328,8.4015,8.3122,8.335
2016-09-02,8.335,8.3469,8.2472,8.322
2016-09-05,8.3211,8.3297,8.2602,8.3042
2016-09-06,8.3042,8.3064,8.165,8.17
2016-09-07,8.1699,8.1971,8.1528,8.1803
2016-09-08,8.1808,8.214,8.1166,8.1883
2016-09-09,8.1887,8.2766,8.1669,8.2512
2016-09-12,8.2303,8.2794,8.202,8.236
2016-09-13,8.236,8.2877,8.2009,8.2779
2016-09-14,8.2779,8.2852,8.2146,8.2385
2016-09-15,8.2383,8.2751,8.2149,8.2321
2016-09-16,8.2321,8.3231,8.2284,8.3107
2016-09-19,8.3083,8.3188,8.2663,8.2888
2016-09-20,8.2889,8.3103,8.2552,8.3097
2016-09-21,8.3097,8.3292,8.2537,8.2631
2016-09-22,8.2627,8.2656,8.0806,8.1339
2016-09-23,8.1339,8.1452,8.0968,8.113
2016-09-26,8.1054,8.144,8.0896,8.1089
2016-09-27,8.1089,8.1663,8.0682,8.1154
2016-09-28,8.1155,8.1397,8.0339,8.0351
2016-09-29,8.0352,8.0686,8.0004,8.0485
2016-09-30,8.0485,8.1001,7.9797,7.9846
2016-10-03,7.9955,8.0153,7.9455,7.981
2016-10-04,7.981,8.0244,7.9715,8.0079
2016-10-05,8.0077,8.0407,7.9792,8.02
2016-10-06,8.0195,8.0615,8.0162,8.0573
2016-10-07,8.0581,8.1263,8.0262,8.0862
2016-10-10,8.0907,8.1336,8.0625,8.0844
2016-10-11,8.0848,8.205,8.0791,8.1823
2016-10-12,8.1821,8.2451,8.1662,8.2179
2016-10-13,8.2179,8.26,8.1492,8.1511
2016-10-14,8.1511,8.2409,8.1442,8.2205
2016-10-17,8.2201,8.2551,8.171,8.1805
2016-10-18,8.1805,8.1833,8.1225,8.1522
2016-10-19,8.152,8.1739,8.133,8.1354
2016-10-20,8.1354,8.2172,8.1294,8.1843
2016-10-21,8.1843,8.2798,8.1814,8.2491
2016-10-24,8.2524,8.2763,8.2262,8.2551
2016-10-25,8.255,8.2911,8.245,8.283
2016-10-26,8.283,8.287,8.2495,8.2758
2016-10-27,8.2753,8.2893,8.2145,8.2671
2016-10-28,8.2669,8.2998,8.2387,8.2645
2016-10-31,8.2605,8.2814,8.2454,8.2596
2016-11-01,8.2595,8.2712,8.1826,8.2153
2016-11-02,8.2154,8.2233,8.1667,8.1898
2016-11-03,8.1899,8.1949,8.1634,8.1862
2016-11-04,8.1861,8.2277,8.1381,8.1591
2016-11-07,8.1577,8.2674,8.1433,8.2349
2016-11-08,8.2349,8.2485,8.2072,8.2295
2016-11-09,8.2295,8.3514,8.1563,8.3439
2016-11-10,8.3446,8.4181,8.2677,8.3654
2016-11-11,8.3657,8.4401,8.3479,8.3935
2016-11-14,8.4213,8.5258,8.4052,8.4742
2016-11-15,8.4742,8.4792,8.3799,8.4335
2016-11-16,8.4334,8.5123,8.3998,8.4776
2016-11-17,8.4776,8.5485,8.4499,8.5412
2016-11-18,8.5413,8.6105,8.5383,8.5974
2016-11-21,8.5966,8.6063,8.5242,8.5445
2016-11-22,8.5444,8.5565,8.4934,8.5194
2016-11-23,8.5194,8.6262,8.5045,8.6131
2016-11-24,8.6129,8.6418,8.5701,8.5982
2016-11-25,8.5982,8.61,8.5405,8.5805
2016-11-28,8.5674,8.5929,8.5087,8.5382
2016-11-29,8.5382,8.5921,8.5192,8.5331
2016-11-30,8.5332,8.5508,8.4537,8.5249
2016-12-01,8.5248,8.526,8.4132,8.4202
2016-12-02,8.4203,8.4634,8.3967,8.4219
2016-12-05,8.4123,8.5336,8.3476,8.3717
2016-12-06,8.3722,8.4075,8.3398,8.4051
2016-12-07,8.4046,8.4233,8.347,8.3638
2016-12-08,8.3638,8.464,8.3176,8.4335
2016-12-09,8.4335,8.5306,8.4253,8.5033
2016-12-12,8.5081,8.5188,8.4231,8.4377
2016-12-13,8.4377,8.4547,8.397,8.4258
2016-12-14,8.4258,8.6063,8.4103,8.5769
2016-12-15,8.5769,8.7016,8.5478,8.6668
2016-12-16,8.6668,8.7148,8.6432,8.6726
2016-12-19,8.6856,8.7029,8.6314,8.687
2016-12-20,8.687,8.7263,8.6727,8.7044
2016-12-21,8.7043,8.7106,8.6303,8.6824
2016-12-22,8.6824,8.7245,8.6615,8.7128
2016-12-23,8.7131,8.7236,8.686,8.7009
2016-12-26,8.6918,8.7088,8.6823,8.6945
2016-12-27,8.6945,8.7241,8.6892,8.7066
2016-12-28,8.7066,8.7584,8.6898,8.7234
2016-12-29,8.7234,8.7243,8.6421,8.6429
2016-12-30,8.6436,8.6492,8.5234,8.6406
2017-01-02,8.6386,8.6622,8.6191,8.6596
2017-01-03,8.6596,8.6885,8.6283,8.6574
2017-01-04,8.6574,8.6684,8.5867,8.5928
2017-01-05,8.5927,8.6026,8.4736,8.4783
2017-01-06,8.4781,8.5463,8.4622,8.5379
2017-01-09,8.5346,8.5837,8.5244,8.5395
2017-01-10,8.5395,8.6114,8.5057,8.6051
2017-01-11,8.605,8.6716,8.5245,8.5513
2017-01-12,8.5512,8.5586,8.4769,8.5276
2017-01-13,8.5276,8.5359,8.4794,8.5005
2017-01-16,8.5279,8.5529,8.5019,8.5315
2017-01-17,8.5315,8.5364,8.4282,8.4468
2017-01-18,8.4468,8.5026,8.436,8.497
2017-01-19,8.497,8.5107,8.4434,8.4485
2017-01-20,8.4485,8.4672,8.3925,8.4108
2017-01-23,8.4113,8.4252,8.3429,8.3473
2017-01-24,8.3472,8.3694,8.3149,8.3524
2017-01-25,8.3525,8.3716,8.3004,8.3114
2017-01-26,8.3114,8.3651,8.2978,8.3394
2017-01-27,8.3393,8.3681,8.3037,8.3405
2017-01-30,8.3217,8.3815,8.3004,8.3151
2017-01-31,8.3151,8.3229,8.2258,8.2464
2017-02-01,8.2464,8.2672,8.2189,8.2343
2017-02-02,8.2343,8.2538,8.1762,8.2525
2017-02-03,8.2525,8.2712,8.1892,8.2066
2017-02-06,8.2081,8.2733,8.1923,8.2537
2017-02-07,8.2538,8.3375,8.2529,8.3213
2017-02-08,8.3213,8.3486,8.2885,8.316
2017-02-09,8.316,8.3451,8.2947,8.3383
2017-02-10,8.3383,8.3959,8.3248,8.3653
2017-02-13,8.3768,8.4055,8.3591,8.3907
2017-02-14,8.3908,8.4209,8.3551,8.3986
2017-02-15,8.3987,8.4161,8.3326,8.3386
2017-02-16,8.3386,8.3469,8.2797,8.2873
2017-02-17,8.2874,8.3529,8.2825,8.3426
2017-02-20,8.345,8.3577,8.324,8.3387
2017-02-21,8.3387,8.3885,8.3354,8.3593
2017-02-22,8.3588,8.3978,8.3366,8.3663
2017-02-23,8.3663,8.3785,8.3166,8.3392
2017-02-24,8.3392,8.3814,8.3202,8.3767
2017-02-27,8.3621,8.3858,8.336,8.3701
2017-02-28,8.3703,8.3967,8.354,8.3939
2017-03-01,8.3938,8.4249,8.3739,8.4098
2017-03-02,8.4098,8.4936,8.4054,8.4836
2017-03-03,8.4833,8.487,8.4209,8.4226
2017-03-06,8.4222,8.4951,8.412,8.4933
2017-03-07,8.4934,8.501,8.4362,8.453
2017-03-08,8.453,8.5528,8.4484,8.548
2017-03-09,8.548,8.5944,8.5269,8.5826
2017-03-10,8.5828,8.6288,8.5595,8.5978
2017-03-13,8.5936,8.6194,8.5413,8.5662
2017-03-14,8.5662,8.6315,8.5595,8.6131
2017-03-15,8.613,8.6301,8.4959,8.4961
2017-03-16,8.4963,8.5557,8.4728,8.5095
2017-03-17,8.5095,8.5115,8.4462,8.4775
2017-03-20,8.4736,8.495,8.4345,8.4761
2017-03-21,8.4762,8.4947,8.4254,8.4681
2017-03-22,8.4681,8.5296,8.444,8.4624
2017-03-23,8.4624,8.4984,8.4613,8.49
2017-03-24,8.49,8.5114,8.4682,8.4951
2017-03-27,8.4912,8.4955,8.4248,8.4898
2017-03-28,8.49,8.5397,8.4818,8.5244
2017-03-29,8.5244,8.5558,8.4951,8.4999
2017-03-30,8.4997,8.5698,8.4976,8.5626
2017-03-31,8.5625,8.6045,8.5566,8.5985
2017-04-03,8.5981,8.61,8.5549,8.5777
2017-04-04,8.5778,8.6351,8.5754,8.589
2017-04-05,8.589,8.6182,8.5711,8.6101
2017-04-06,8.6101,8.6433,8.587,8.625
2017-04-07,8.6249,8.6698,8.5903,8.6589
2017-04-10,8.6474,8.6798,8.6114,8.6258
2017-04-11,8.6257,8.6437,8.5815,8.5973
2017-04-12,8.5971,8.6054,8.5393,8.5491
2017-04-13,8.549,8.5863,8.5355,8.5862
2017-04-14,8.5861,8.5971,8.5692,8.5846
2017-04-17,8.5787,8.5938,8.526,8.5585
2017-04-18,8.5585,8.5695,8.5041,8.5107
2017-04-19,8.5103,8.584,8.5064,8.5799
2017-04-20,8.5795,8.6257,8.5525,8.6253
2017-04-21,8.6251,8.6957,8.607,8.6702
2017-04-24,8.5234,8.6124,8.4503,8.5485
2017-04-25,8.5485,8.5852,8.5416,8.5614
2017-04-26,8.5613,8.6179,8.5462,8.5848
2017-04-27,8.5847,8.6077,8.5404,8.5651
2017-04-28,8.5652,8.5892,8.5137,8.585
2017-05-01,8.5588,8.6018,8.531,8.5941
2017-05-02,8.5941,8.6172,8.5824,8.592
2017-05-03,8.5918,8.658,8.5846,8.6522
2017-05-04,8.6523,8.6945,8.6185,8.6765
2017-05-05,8.6765,8.7178,8.5844,8.5926
2017-05-08,8.6053,8.6567,8.5626,8.6477
2017-05-09,8.6477,8.7015,8.6271,8.6867
2017-05-10,8.6867,8.708,8.6003,8.6228
2017-05-11,8.6227,8.6407,8.5739,8.5982
2017-05-12,8.5983,8.6162,8.5555,8.5601
2017-05-15,8.5729,8.585,8.4951,8.5545
2017-05-16,8.5545,8.5778,8.4486,8.46
2017-05-17,8.4602,8.4784,8.3775,8.4051
2017-05-18,8.4049,8.4997,8.3897,8.487
2017-05-19,8.487,8.489,8.3481,8.3751
2017-05-22,8.3785,8.4005,8.3253,8.3384
2017-05-23,8.3384,8.3823,8.3198,8.3744
2017-05-24,8.3744,8.4093,8.3287,8.3308
2017-05-25,8.3308,8.4036,8.3024,8.3977
2017-05-26,8.3977,8.4298,8.3654,8.3786
2017-05-29,8.4044,8.4284,8.3736,8.4128
2017-05-30,8.4127,8.4719,8.4127,8.4322
2017-05-31,8.4323,8.4623,8.4083,8.4359
2017-06-01,8.4359,8.4761,8.4102,8.4533
2017-06-02,8.4532,8.4811,8.4038,8.4175
2017-06-05,8.4179,8.4662,8.3892,8.449
2017-06-06,8.449,8.4875,8.4295,8.4568
2017-06-07,8.4572,8.5004,8.4424,8.4952
2017-06-08,8.4952,8.5032,8.4638,8.4945
2017-06-09,8.4941,8.542,8.4833,8.4999
2017-06-12,8.4963,8.5086,8.458,8.4769
2017-06-13,8.4768,8.4807,8.4092,8.4328
2017-06-14,8.4329,8.4445,8.3466,8.4227
2017-06-15,8.4227,8.5145,8.4179,8.5056
2017-06-16,8.5049,8.516,8.4388,8.4558
2017-06-19,8.4474,8.5046,8.416,8.5024
2017-06-20,8.5024,8.5662,8.4625,8.5446
2017-06-21,8.5447,8.5671,8.5265,8.5295
2017-06-22,8.5295,8.533,8.4696,8.488
2017-06-23,8.488,8.4987,8.4334,8.4505
2017-06-26,8.4496,8.4866,8.4331,8.4804
2017-06-27,8.4804,8.493,8.3979,8.4212
2017-06-28,8.4218,8.4804,8.3952,8.4262
2017-06-29,8.4262,8.4403,8.366,8.3856
2017-06-30,8.3856,8.3987,8.3402,8.3465
2017-07-03,8.3394,8.3778,8.3316,8.3666
2017-07-04,8.3663,8.39,8.3393,8.3556
2017-07-05,8.355,8.4227,8.3306,8.3911
2017-07-06,8.3912,8.4133,8.3389,8.3513
2017-07-07,8.3515,8.3983,8.3423,8.3678
2017-07-10,8.376,8.3815,8.3135,8.3287
2017-07-11,8.3287,8.3648,8.2781,8.2787
2017-07-12,8.2787,8.3022,8.2494,8.2841
2017-07-13,8.2843,8.2971,8.25,8.2596
2017-07-14,8.2596,8.2621,8.1798,8.1868
2017-07-17,8.181,8.2065,8.1278,8.1577
2017-07-18,8.1579,8.1681,8.0427,8.0889
2017-07-19,8.0889,8.0972,8.0482,8.0532
2017-07-20,8.0529,8.1038,8.0128,8.0455
2017-07-21,8.0455,8.0524,8.0022,8.0163
2017-07-24,8.0075,8.0522,7.9843,8.0069
2017-07-25,8.007,8.0214,7.9454,7.9736
2017-07-26,7.9737,8.0058,7.8837,7.8928
2017-07-27,7.8928,7.9698,7.8616,7.9546
2017-07-28,7.9541,7.9742,7.9007,7.9127
2017-07-31,7.9307,7.9635,7.8571,7.8638
2017-08-01,7.8638,7.936,7.8597,7.9284
2017-08-02,7.9284,7.9338,7.8566,7.8984
2017-08-03,7.8986,7.9218,7.8769,7.9055
2017-08-04,7.9055,7.9782,7.8817,7.944
2017-08-07,7.9533,7.9634,7.9205,7.9236
2017-08-08,7.9237,7.9627,7.8814,7.9572
2017-08-09,7.9572,7.9892,7.9452,7.9569
2017-08-10,7.9569,7.9764,7.9344,7.9508
2017-08-11,7.9501,8.008,7.9092,7.9311
2017-08-14,7.9588,7.9675,7.9137,7.9509
2017-08-15,7.9507,8.0037,7.9431,7.964
2017-08-16,7.964,7.9814,7.9126,7.9254
2017-08-17,7.9254,7.9914,7.9017,7.9698
2017-08-18,7.97,7.9828,7.9024,7.9059
2017-08-21,7.9215,7.9353,7.8812,7.8962
2017-08-22,7.8964,7.9239,7.8879,7.91
2017-08-23,7.9101,7.921,7.8613,7.8686
2017-08-24,7.8688,7.8747,7.8344,7.8431
2017-08-25,7.8431,7.8592,7.7369,7.7525
2017-08-28,7.7398,7.7749,7.7262,7.753
2017-08-29,7.7529,7.8038,7.7037,7.7497
2017-08-30,7.7497,7.8152,7.7408,7.8097
2017-08-31,7.8093,7.8478,7.7562,7.7611
2017-09-01,7.7611,7.8251,7.7173,7.799
2017-09-04,7.81,7.8152,7.7772,7.81
2017-09-05,7.8102,7.8227,7.7494,7.7793
2017-09-06,7.7795,7.8104,7.7618,7.8035
2017-09-07,7.8034,7.8035,7.7144,7.7341
2017-09-08,7.7339,7.754,7.7016,7.74
2017-09-11,7.739,7.8562,7.7349,7.8418
2017-09-12,7.8419,7.8788,7.8249,7.8355
2017-09-13,7.8354,7.9093,7.8226,7.8795
2017-09-14,7.8793,7.9526,7.8714,7.8734
2017-09-15,7.8733,7.8872,7.7973,7.8512
2017-09-18,7.8445,7.8797,7.7921,7.8337
2017-09-19,7.8335,7.8357,7.7875,7.7986
2017-09-20,7.7985,7.8968,7.7738,7.866
2017-09-21,7.866,7.8847,7.7963,7.8024
2017-09-22,7.8018,7.808,7.7665,7.8005
2017-09-25,7.8196,7.8374,7.7968,7.8175
2017-09-26,7.8172,7.9209,7.8128,7.8923
2017-09-27,7.8923,7.9769,7.8913,7.9523
2017-09-28,7.9523,7.9884,7.9306,7.9387
2017-09-29,7.9388,7.9839,7.9365,7.9626
2017-10-02,7.9816,8.0138,7.9471,7.9993
2017-10-03,7.9994,8.0256,7.9684,7.9815
2017-10-04,7.9815,7.9872,7.9345,7.9585
2017-10-05,7.9584,8.0186,7.9435,8.0057
2017-10-06,8.0057,8.04,7.9872,8.0014
2017-10-09,7.9978,8.0056,7.9685,7.9832
2017-10-10,7.9832,7.987,7.9331,7.9523
2017-10-11,7.9523,7.9577,7.9065,7.9218
2017-10-12,7.9218,7.9239,7.8842,7.9015
2017-10-13,7.9015,7.9136,7.8505,7.8875
2017-10-16,7.891,7.9213,7.8741,7.8977
2017-10-17,7.8972,7.9625,7.8938,7.9447
2017-10-18,7.9447,7.974,7.929,7.9605
2017-10-19,7.9603,7.9787,7.9254,7.9318
2017-10-20,7.9322,7.9982,7.9242,7.9831
2017-10-23,7.9908,8.0159,7.9766,8.0022
2017-10-24,8.0022,8.0171,7.979,8.0056
2017-10-25,8.0057,8.0353,7.9928,8.0157
2017-10-26,8.0156,8.1815,8.0017,8.171
2017-10-27,8.1707,8.2295,8.1407,8.1476
2017-10-30,8.161,8.1866,8.1395,8.1512
2017-10-31,8.1512,8.2019,8.1472,8.1689
2017-11-01,8.1686,8.1835,8.1266,8.1499
2017-11-02,8.1499,8.162,8.1183,8.1357
2017-11-03,8.1361,8.1867,8.1173,8.1762
2017-11-06,8.1725,8.1841,8.1324,8.1348
2017-11-07,8.1346,8.2009,8.1239,8.1714
2017-11-08,8.1714,8.1842,8.1564,8.1659
2017-11-09,8.166,8.169,8.1164,8.1325
2017-11-10,8.1325,8.1478,8.1087,8.134
2017-11-13,8.1229,8.1839,8.1114,8.1649
2017-11-14,8.1645,8.2318,8.1498,8.1804
2017-11-15,8.1803,8.2797,8.1708,8.2448
2017-11-16,8.2446,8.2576,8.1901,8.2099
2017-11-17,8.2099,8.2691,8.1781,8.2402
2017-11-20,8.2171,8.3012,8.1833,8.2912
2017-11-21,8.2912,8.3421,8.2034,8.2129
2017-11-22,8.2132,8.2443,8.1489,8.1537
2017-11-23,8.1537,8.1595,8.1219,8.1368
2017-11-24,8.1368,8.1583,8.1132,8.1302
2017-11-27,8.1266,8.1675,8.112,8.1522
2017-11-28,8.1523,8.2466,8.1404,8.2453
2017-11-29,8.2453,8.2563,8.2062,8.2557
2017-11-30,8.2557,8.3448,8.238,8.3188
2017-12-01,8.3187,8.3305,8.261,8.2852
2017-12-04,8.298,8.3384,8.2748,8.3316
2017-12-05,8.3316,8.3627,8.2536,8.262
2017-12-06,8.2626,8.3006,8.2443,8.2722
2017-12-07,8.2723,8.322,8.2641,8.3163
2017-12-08,8.3163,8.3418,8.2885,8.2942
2017-12-11,8.3016,8.3909,8.2584,8.3824
2017-12-12,8.3824,8.3873,8.3039,8.3466
2017-12-13,8.3463,8.3839,8.3046,8.325
2017-12-14,8.325,8.3631,8.2106,8.2978
2017-12-15,8.2978,8.4049,8.2713,8.3833
2017-12-18,8.3686,8.3964,8.314,8.3596
2017-12-19,8.3596,8.3898,8.3453,8.3495
2017-12-20,8.3495,8.4122,8.3176,8.4106
2017-12-21,8.4108,8.4198,8.3547,8.3548
2017-12-22,8.3548,8.3905,8.3129,8.3181
2017-12-25,8.3274,8.3431,8.2949,8.3114
2017-12-26,8.3114,8.344,8.2949,8.3091
2017-12-27,8.309,8.3256,8.2661,8.2721
2017-12-28,8.2718,8.2817,8.2235,8.2514
2017-12-29,8.2515,8.2596,8.1729,8.2042
2018-01-01,8.2,8.206,8.1943,8.195
2018-01-02,8.195,8.2,8.0945,8.1281
2018-01-03,8.1279,8.1467,8.0923,8.1047
2018-01-04,8.1047,8.1179,8.0568,8.0675
2018-01-05,8.0677,8.0944,8.031,8.0512
2018-01-08,8.0629,8.0934,8.0348,8.0779
2018-01-09,8.0779,8.1312,8.0671,8.1007
2018-01-10,8.1007,8.1147,8.0353,8.0739
2018-01-11,8.0741,8.0851,8.0072,8.0137
2018-01-12,8.0137,8.017,7.9121,7.9203
2018-01-15,7.9218,7.9313,7.8598,7.8824
2018-01-16,7.8823,7.9021,7.8652,7.8753
2018-01-17,7.8745,7.8991,7.8135,7.8805
2018-01-18,7.8805,7.8944,7.8183,7.8471
2018-01-19,7.8469,7.8762,7.8231,7.8637
2018-01-22,7.8303,7.8829,7.8303,7.8532
2018-01-23,7.8535,7.8833,7.8199,7.8237
2018-01-24,7.8237,7.8312,7.7467,7.7477
2018-01-25,7.7476,7.7649,7.6405,7.7426
2018-01-26,7.7428,7.7581,7.6648,7.6903
2018-01-29,7.6923,7.734,7.6814,7.7111
2018-01-30,7.7111,7.7602,7.6868,7.7214
2018-01-31,7.7211,7.7308,7.6623,7.7088
2018-02-01,7.7065,7.7278,7.6351,7.6428
2018-02-02,7.6428,7.75,7.6384,7.7329
2018-02-05,7.7364,7.8385,7.7003,7.837
2018-02-06,7.837,7.8892,7.7793,7.8157
2018-02-07,7.8156,7.9244,7.7949,7.9065
2018-02-08,7.9065,7.9507,7.8632,7.9276
2018-02-09,7.9273,8.0576,7.9028,7.9622
2018-02-12,7.9721,7.9976,7.911,7.9149
2018-02-13,7.9149,7.9189,7.8651,7.8809
2018-02-14,7.8808,7.9531,7.7846,7.7999
2018-02-15,7.8009,7.8182,7.7555,7.766
2018-02-16,7.7661,7.7948,7.7172,7.781
2018-02-19,7.7873,7.8109,7.7543,7.7797
2018-02-20,7.7797,7.8539,7.7779,7.8409
2018-02-21,7.8408,7.872,7.8103,7.8679
2018-02-22,7.8678,7.9058,7.8449,7.8534
2018-02-23,7.8535,7.8949,7.8372,7.8518
2018-02-26,7.8533,7.8719,7.7914,7.8235
2018-02-27,7.8236,7.8787,7.807,7.8682
2018-02-28,7.8686,7.9127,7.8582,7.9011
2018-03-01,7.901,7.9444,7.8367,7.8466
2018-03-02,7.8468,7.8873,7.7637,7.7901
2018-03-05,7.7928,7.8512,7.7592,7.8196
2018-03-06,7.8198,7.8292,7.7448,7.7784
2018-03-07,7.7784,7.8311,7.7624,7.8042
2018-03-08,7.8041,7.8617,7.7977,7.841
2018-03-09,7.8411,7.8477,7.7657,7.7787
2018-03-12,7.7828,7.7962,7.7396,7.7449
2018-03-13,7.7445,7.7698,7.7175,7.7362
2018-03-14,7.7362,7.757,7.7134,7.7303
2018-03-15,7.7303,7.7402,7.6639,7.7139
2018-03-16,7.7139,7.7395,7.6971,7.7152
2018-03-19,7.7191,7.7529,7.7104,7.7232
2018-03-20,7.7232,7.7498,7.6954,7.7467
2018-03-21,7.7467,7.7572,7.6912,7.6972
2018-03-22,7.6972,7.7617,7.6724,7.7502
2018-03-23,7.7501,7.7924,7.7286,7.7577
2018-03-26,7.7639,7.7689,7.6749,7.6823
2018-03-27,7.6823,7.7289,7.6502,7.7182
2018-03-28,7.7182,7.8806,7.7059,7.8638
2018-03-29,7.8638,7.8789,7.8353,7.8416
2018-03-30,7.8417,7.8583,7.8264,7.8413
2018-04-02,7.8456,7.8988,7.8293,7.8886
2018-04-03,7.8885,7.8967,7.82,7.838
2018-04-04,7.838,7.8597,7.8088,7.8245
2018-04-05,7.8245,7.8516,7.7918,7.8312
2018-04-06,7.8312,7.8676,7.8047,7.8307
2018-04-09,7.8323,7.8437,7.7689,7.7856
2018-04-10,7.7858,7.8311,7.7717,7.7951
2018-04-11,7.7951,7.8079,7.7472,7.7747
2018-04-12,7.7768,7.8124,7.7513,7.7716
2018-04-13,7.7716,7.7881,7.7497,7.7756
2018-04-16,7.7744,7.7942,7.7479,7.7755
2018-04-17,7.7755,7.7886,7.7562,7.7615
2018-04-18,7.7615,7.7849,7.7403,7.7621
2018-04-19,7.7622,7.8053,7.7337,7.7918
2018-04-20,7.7917,7.8468,7.7862,7.8234
2018-04-23,7.823,7.8989,7.8209,7.8873
2018-04-24,7.8873,7.9164,7.8724,7.9026
2018-04-25,7.9026,7.9871,7.8958,7.9729
2018-04-26,7.9729,8.005,7.9335,7.9941
2018-04-27,7.9941,8.0294,7.9553,7.9619
2018-04-30,7.9622,8.03,7.9527,8.0156
2018-05-01,8.0156,8.1034,8.0083,8.0898
2018-05-02,8.0898,8.1255,8.0541,8.1219
2018-05-03,8.1219,8.1302,8.0368,8.0472
2018-05-04,8.0472,8.1027,8.042,8.0621
2018-05-07,8.0628,8.0879,8.0311,8.0708
2018-05-08,8.0707,8.1644,8.0528,8.1413
2018-05-09,8.1413,8.1621,8.0507,8.0771
2018-05-10,8.0771,8.083,7.9806,8.0036
2018-05-11,8.0036,8.019,7.9714,8.0028
2018-05-14,7.9964,8.0368,7.9641,8.0337
2018-05-15,8.0337,8.1381,8.0038,8.123
2018-05-16,8.1228,8.133,8.0754,8.0789
2018-05-17,8.0789,8.1309,8.0569,8.1203
2018-05-18,8.1203,8.1478,8.1029,8.1207
2018-05-21,8.1275,8.138,8.0451,8.0499
2018-05-22,8.0499,8.0763,8.0247,8.0607
2018-05-23,8.0607,8.1477,8.0494,8.0967
2018-05-24,8.097,8.1055,8.0702,8.0993
2018-05-25,8.0993,8.1787,8.0774,8.1736
2018-05-28,8.1605,8.201,8.1221,8.1961
2018-05-29,8.1961,8.3326,8.1866,8.2843
2018-05-30,8.2844,8.3085,8.1708,8.1809
2018-05-31,8.1808,8.1978,8.1456,8.1798
2018-06-01,8.1798,8.2186,8.1373,8.192
2018-06-04,8.1873,8.1979,8.0915,8.1198
2018-06-05,8.1199,8.1533,8.0919,8.1117
2018-06-06,8.1117,8.1196,8.0628,8.0805
2018-06-07,8.0805,8.0823,8.0231,8.0564
2018-06-08,8.0562,8.1114,8.0408,8.0411
2018-06-11,8.0603,8.0795,8.0218,8.0436
2018-06-12,8.0436,8.0724,7.9919,8.0524
2018-06-13,8.0524,8.0598,8.0037,8.0103
2018-06-14,8.0103,8.1392,7.9772,8.1369
2018-06-15,8.1369,8.1548,8.1223,8.1466
2018-06-18,8.144,8.1812,8.1211,8.1267
2018-06-19,8.1267,8.2289,8.1138,8.1887
2018-06-20,8.1887,8.2083,8.1481,8.18
2018-06-21,8.18,8.1997,8.1157,8.1272
2018-06-22,8.1276,8.1311,8.0646,8.0949
2018-06-25,8.0948,8.1468,8.084,8.102
2018-06-26,8.102,8.1403,8.0899,8.1295
2018-06-27,8.1295,8.2009,8.1232,8.1931
2018-06-28,8.1931,8.2138,8.1579,8.1881
2018-06-29,8.1882,8.1967,8.1207,8.1474
2018-07-02,8.1574,8.203,8.1435,8.1729
2018-07-03,8.1728,8.1818,8.1098,8.1318
2018-07-04,8.1318,8.142,8.0971,8.1107
2018-07-05,8.1107,8.1239,8.0363,8.0613
2018-07-06,8.0613,8.0735,8.0198,8.0304
2018-07-09,8.0299,8.0396,7.987,8.0245
2018-07-10,8.0245,8.0554,7.9927,8.0169
2018-07-11,8.0168,8.1198,8.0139,8.11
2018-07-12,8.11,8.1207,8.0847,8.112
2018-07-13,8.112,8.1705,8.1042,8.1155
2018-07-16,8.1193,8.1256,8.0816,8.1013
2018-07-17,8.1013,8.1533,8.0757,8.1528
2018-07-18,8.1529,8.2,8.1428,8.1702
2018-07-19,8.1702,8.2751,8.1631,8.2349
2018-07-20,8.2348,8.2493,8.1693,8.1785
2018-07-23,8.1769,8.2038,8.1469,8.1952
2018-07-24,8.1952,8.2225,8.152,8.1779
2018-07-25,8.1778,8.1902,8.1244,8.1351
2018-07-26,8.1353,8.1947,8.1236,8.1895
2018-07-27,8.1896,8.2157,8.1664,8.1892
2018-07-30,8.1886,8.1988,8.1291,8.135
2018-07-31,8.135,8.1665,8.1176,8.1589
2018-08-01,8.159,8.1825,8.1538,8.1795
2018-08-02,8.1795,8.2451,8.1681,8.2422
2018-08-03,8.2422,8.264,8.2139,8.2572
2018-08-06,8.2499,8.2674,8.2335,8.2544
2018-08-07,8.2544,8.2562,8.183,8.205
2018-08-08,8.2055,8.2371,8.1805,8.2176
2018-08-09,8.2176,8.32,8.2111,8.319
2018-08-10,8.319,8.3873,8.3072,8.3611
2018-08-13,8.3772,8.4257,8.3438,8.3627
2018-08-14,8.3627,8.4214,8.3383,8.416
2018-08-15,8.416,8.4934,8.41,8.4545
2018-08-16,8.4545,8.5033,8.4079,8.4774
2018-08-17,8.4771,8.5084,8.4441,8.4539
2018-08-20,8.4487,8.4843,8.4343,8.4457
2018-08-21,8.4457,8.4459,8.3885,8.4048
2018-08-22,8.4048,8.4128,8.3278,8.341
2018-08-23,8.341,8.3972,8.3245,8.3893
2018-08-24,8.3893,8.3929,8.3247,8.3282
2018-08-27,8.331,8.3688,8.3098,8.3241
2018-08-28,8.3239,8.3517,8.2902,8.3427
2018-08-29,8.3426,8.3792,8.3291,8.3316
2018-08-30,8.3314,8.3625,8.3068,8.3385
2018-08-31,8.338,8.3969,8.3163,8.3836
2018-09-03,8.3815,8.3985,8.3463,8.3543
2018-09-04,8.3543,8.4248,8.3518,8.3927
2018-09-05,8.3927,8.4307,8.3746,8.3963
2018-09-06,8.3965,8.4401,8.3828,8.4219
2018-09-07,8.4217,8.4662,8.4039,8.4526
2018-09-10,8.4554,8.468,8.3632,8.3905
2018-09-11,8.3904,8.4018,8.3148,8.3205
2018-09-12,8.3205,8.3482,8.2263,8.2602
2018-09-13,8.2601,8.2658,8.1938,8.2185
2018-09-14,8.2185,8.2701,8.208,8.2571
2018-09-17,8.2728,8.2792,8.1632,8.1733
2018-09-18,8.1733,8.1844,8.1444,8.1593
2018-09-19,8.1593,8.1903,8.1289,8.1516
2018-09-20,8.1516,8.2305,8.1176,8.1452
2018-09-21,8.1452,8.1609,8.1209,8.1498
2018-09-24,8.1504,8.1621,8.1166,8.1412
2018-09-25,8.1411,8.1515,8.1037,8.1287
2018-09-26,8.1287,8.1384,8.0828,8.111
2018-09-27,8.111,8.1591,8.0935,8.1551
2018-09-28,8.1551,8.1923,8.1287,8.1542
2018-10-01,8.1527,8.1701,8.124,8.1507
2018-10-02,8.1507,8.2137,8.1497,8.1738
2018-10-03,8.1738,8.2306,8.1471,8.2282
2018-10-04,8.2281,8.2598,8.2134,8.2488
2018-10-05,8.2489,8.2907,8.2367,8.2593
2018-10-08,8.2613,8.2999,8.25,8.2764
2018-10-09,8.2764,8.3089,8.2503,8.2681
2018-10-10,8.268,8.2712,8.1903,8.2357
2018-10-11,8.2357,8.2436,8.1892,8.2151
2018-10-12,8.2151,8.2257,8.167,8.1739
2018-10-15,8.1845,8.1953,8.1406,8.1532
2018-10-16,8.1532,8.163,8.1169,8.1474
2018-10-17,8.1474,8.2172,8.1398,8.2128
2018-10-18,8.2128,8.2809,8.2023,8.2781
2018-10-19,8.2781,8.2842,8.2088,8.2196
2018-10-22,8.2232,8.2684,8.1967,8.2571
2018-10-23,8.2571,8.3137,8.2493,8.2918
2018-10-24,8.293,8.3513,8.2714,8.3512
2018-10-25,8.3512,8.3621,8.3033,8.3431
2018-10-26,8.3427,8.3945,8.3275,8.3522
2018-10-29,8.3467,8.3968,8.3272,8.3936
2018-10-30,8.3936,8.4229,8.3709,8.414
2018-10-31,8.4141,8.4526,8.3978,8.4377
2018-11-01,8.4376,8.4397,8.3393,8.3525
2018-11-02,8.3525,8.3792,8.3045,8.3675
2018-11-05,8.3628,8.3895,8.3346,8.3625
2018-11-06,8.3625,8.388,8.3472,8.363
2018-11-07,8.363,8.3785,8.2888,8.3519
2018-11-08,8.3517,8.3938,8.3179,8.3751
2018-11-09,8.3745,8.4514,8.3725,8.4349
2018-11-12,8.4384,8.5256,8.4279,8.5189
2018-11-13,8.5189,8.5248,8.4733,8.4969
2018-11-14,8.4974,8.5419,8.465,8.509
2018-11-15,8.5089,8.53,8.462,8.4888
2018-11-16,8.4887,8.4959,8.4249,8.4411
2018-11-19,8.4324,8.4963,8.4281,8.4794
2018-11-20,8.4794,8.5978,8.4552,8.5768
2018-11-21,8.5767,8.593,8.5109,8.5298
2018-11-22,8.5299,8.5577,8.5102,8.5381
2018-11-23,8.5381,8.6069,8.5232,8.5968
2018-11-26,8.5869,8.6033,8.541,8.5887
2018-11-27,8.5886,8.6383,8.5743,8.6013
2018-11-28,8.6011,8.6226,8.5295,8.5584
2018-11-29,8.5582,8.5848,8.5267,8.5349
2018-11-30,8.5348,8.6186,8.4957,8.6186
2018-12-03,8.5883,8.6009,8.5066,8.5277
2018-12-04,8.5277,8.5315,8.4486,8.5061
2018-12-05,8.506,8.5399,8.4931,8.5032
2018-12-06,8.5032,8.5772,8.498,8.5236
2018-12-07,8.5235,8.5451,8.47,8.5055
2018-12-10,8.4909,8.5719,8.4429,8.5629
2018-12-11,8.5629,8.5895,8.5086,8.5793
2018-12-12,8.5793,8.6081,8.5539,8.5721
2018-12-13,8.5721,8.5959,8.5312,8.5573
2018-12-14,8.5572,8.6345,8.5507,8.616
2018-12-17,8.6195,8.6563,8.5872,8.6469
2018-12-18,8.6469,8.7488,8.6341,8.7325
2018-12-19,8.7326,8.7351,8.6551,8.7212
2018-12-20,8.7211,8.7301,8.6104,8.6869
2018-12-21,8.6871,8.7891,8.646,8.7654
2018-12-24,8.7605,8.7761,8.7189,8.7461
2018-12-25,8.7461,8.8006,8.7325,8.7609
2018-12-26,8.7599,8.8248,8.7369,8.7667
2018-12-27,8.7667,8.8061,8.7378,8.7705
2018-12-28,8.7704,8.7726,8.6812,8.7084
2018-12-31,8.7094,8.7287,8.6397,8.6409
2019-01-01,8.6409,8.701,8.6183,8.6443
2019-01-02,8.6443,8.7308,8.6321,8.7164
2019-01-03,8.7162,8.787,8.6802,8.6899
2019-01-04,8.69,8.6962,8.6012,8.6137
2019-01-07,8.6107,8.6314,8.5234,8.5322
2019-01-08,8.5322,8.5733,8.5236,8.5507
2019-01-09,8.5507,8.5543,8.4498,8.4686
2019-01-10,8.4686,8.4926,8.4444,8.4781
2019-01-11,8.4783,8.5428,8.443,8.5357
2019-01-14,8.5276,8.5658,8.5205,8.549
2019-01-15,8.549,8.5723,8.5045,8.5421
2019-01-16,8.5421,8.5579,8.5208,8.5396
2019-01-17,8.5396,8.5821,8.5316,8.551
2019-01-18,8.551,8.5663,8.5188,8.5617
2019-01-21,8.5647,8.5842,8.5317,8.5622
2019-01-22,8.562,8.6098,8.5559,8.6015
2019-01-23,8.6015,8.6066,8.5594,8.566
2019-01-24,8.566,8.6034,8.5456,8.5881
2019-01-25,8.5881,8.5912,8.5056,8.5132
2019-01-28,8.5164,8.5386,8.5023,8.5107
2019-01-29,8.5107,8.519,8.4766,8.4983
2019-01-30,8.4982,8.5106,8.4131,8.4251
2019-01-31,8.4251,8.4454,8.3999,8.4299
2019-02-01,8.4299,8.454,8.4057,8.4385
2019-02-04,8.4375,8.5018,8.4299,8.4615
2019-02-05,8.4615,8.4882,8.4579,8.4848
2019-02-06,8.485,8.5458,8.4816,8.5427
2019-02-07,8.5427,8.5996,8.5347,8.5958
2019-02-08,8.5958,8.6434,8.5813,8.6376
2019-02-11,8.6356,8.7282,8.6291,8.7171
2019-02-12,8.7172,8.7193,8.6405,8.6505
2019-02-13,8.6504,8.665,8.6089,8.6616
2019-02-14,8.6616,8.6747,8.6263,8.6496
2019-02-15,8.6495,8.688,8.6306,8.6354
2019-02-18,8.6431,8.6446,8.6013,8.6104
2019-02-19,8.6104,8.6482,8.5589,8.5665
2019-02-20,8.5664,8.6001,8.5567,8.5879
2019-02-21,8.5878,8.6455,8.5814,8.6237
2019-02-22,8.6236,8.6414,8.5944,8.613
2019-02-25,8.6103,8.6168,8.5652,8.5949
2019-02-26,8.5946,8.6262,8.5527,8.5636
2019-02-27,8.5639,8.5798,8.5202,8.5567
2019-02-28,8.5567,8.5654,8.5148,8.5619
2019-03-01,8.5619,8.5944,8.5363,8.5809
2019-03-04,8.5749,8.6589,8.5307,8.645
2019-03-05,8.6452,8.6852,8.6407,8.6625
2019-03-06,8.6625,8.6965,8.6555,8.6651
2019-03-07,8.6648,8.7997,8.6562,8.7797
2019-03-08,8.7797,8.8205,8.7375,8.7684
2019-03-11,8.7416,8.7688,8.6598,8.6657
2019-03-12,8.6657,8.6683,8.6188,8.6329
2019-03-13,8.6329,8.6425,8.5558,8.5633
2019-03-14,8.5633,8.6128,8.5511,8.5712
2019-03-15,8.5712,8.5738,8.5271,8.5298
2019-03-18,8.5383,8.5681,8.5105,8.5459
2019-03-19,8.5459,8.5575,8.511,8.5266
2019-03-20,8.5265,8.5494,8.4627,8.5005
2019-03-21,8.5005,8.5095,8.4112,8.4544
2019-03-22,8.4544,8.5894,8.4388,8.5593
2019-03-25,8.5603,8.5744,8.5148,8.5343
2019-03-26,8.5343,8.5536,8.5149,8.5452
2019-03-27,8.5452,8.6529,8.5372,8.6285
2019-03-28,8.6286,8.6811,8.6234,8.6411
2019-03-29,8.6411,8.6551,8.5887,8.6267
2019-04-01,8.6192,8.6225,8.5679,8.585
2019-04-02,8.5851,8.6304,8.5833,8.6026
2019-04-03,8.6026,8.6043,8.5415,8.5728
2019-04-04,8.5728,8.6022,8.5615,8.602
2019-04-05,8.602,8.6238,8.5861,8.6102
2019-04-08,8.6132,8.6173,8.5306,8.5471
2019-04-09,8.548,8.5649,8.5227,8.5569
2019-04-10,8.557,8.5683,8.4899,8.497
2019-04-11,8.497,8.5441,8.4817,8.5363
2019-04-12,8.5365,8.5371,8.4811,8.4879
2019-04-15,8.4926,8.5037,8.4802,8.4956
2019-04-16,8.4955,8.5071,8.4731,8.4923
2019-04-17,8.4923,8.5024,8.4594,8.4949
2019-04-18,8.4949,8.5601,8.4864,8.5154
2019-04-19,8.5154,8.5346,8.5004,8.5133
2019-04-22,8.5213,8.5374,8.4904,8.4987
2019-04-23,8.4987,8.5759,8.4893,8.5446
2019-04-24,8.5445,8.6486,8.5411,8.6373
2019-04-25,8.6371,8.7046,8.6318,8.6706
2019-04-26,8.6705,8.7013,8.6477,8.684
2019-04-29,8.6705,8.7145,8.6502,8.6581
2019-04-30,8.6583,8.6742,8.6101,8.6297
2019-05-01,8.6297,8.6789,8.6081,8.6729
2019-05-02,8.673,8.77,8.6608,8.7563
2019-05-03,8.7563,8.7885,8.6935,8.7051
2019-05-06,8.7489,8.7654,8.7115,8.7195
2019-05-07,8.7195,8.7682,8.6993,8.7413
2019-05-08,8.7411,8.785,8.7269,8.7692
2019-05-09,8.7692,8.7979,8.7405,8.7837
2019-05-10,8.784,8.7982,8.7078,8.7136
2019-05-13,8.7168,8.7698,8.705,8.7674
2019-05-14,8.7674,8.7725,8.7189,8.7453
2019-05-15,8.7453,8.7637,8.7087,8.7206
2019-05-16,8.7207,8.7565,8.6825,8.7442
2019-05-17,8.7448,8.802,8.7396,8.7949
2019-05-20,8.789,8.8069,8.7612,8.7916
2019-05-21,8.7916,8.805,8.7474,8.7656
2019-05-22,8.7662,8.7779,8.7302,8.7588
2019-05-23,8.7589,8.7988,8.7453,8.7593
2019-05-24,8.7593,8.7664,8.6815,8.6894
2019-05-27,8.6991,8.7189,8.6802,8.7068
2019-05-28,8.7081,8.7245,8.6747,8.7243
2019-05-29,8.7243,8.7773,8.7125,8.7529
2019-05-30,8.7529,8.7771,8.7381,8.7719
2019-05-31,8.7719,8.7951,8.7363,8.7573
2019-06-03,8.7502,8.7736,8.6897,8.7095
2019-06-04,8.7095,8.7251,8.6683,8.6957
2019-06-05,8.6957,8.7474,8.6534,8.7408
2019-06-06,8.7411,8.7436,8.6881,8.6913
2019-06-07,8.6913,8.7103,8.605,8.6259
2019-06-10,8.6308,8.6678,8.6156,8.6539
2019-06-11,8.6531,8.6863,8.6162,8.6304
2019-06-12,8.6303,8.6722,8.6172,8.6599
2019-06-13,8.6598,8.6831,8.6433,8.6803
2019-06-14,8.6803,8.7211,8.6628,8.715
2019-06-17,8.7178,8.7369,8.7032,8.7348
2019-06-18,8.7347,8.7596,8.7211,8.7455
2019-06-19,8.7456,8.7596,8.6892,8.7049
2019-06-20,8.7051,8.707,8.5374,8.5559
2019-06-21,8.5557,8.5782,8.492,8.4999
2019-06-24,8.5072,8.5116,8.4687,8.4796
2019-06-25,8.4796,8.5587,8.4766,8.5338
2019-06-26,8.5335,8.5515,8.4765,8.4957
2019-06-27,8.4955,8.5259,8.4902,8.5144
2019-06-28,8.5144,8.5445,8.5042,8.5326
2019-07-01,8.5306,8.5898,8.5069,8.581
2019-07-02,8.5809,8.5896,8.5441,8.5668
2019-07-03,8.5669,8.5958,8.5321,8.535
2019-07-04,8.5352,8.548,8.5206,8.5328
2019-07-05,8.5324,8.639,8.5275,8.6192
2019-07-08,8.6219,8.6462,8.6002,8.6423
2019-07-09,8.6423,8.6763,8.6338,8.6519
2019-07-10,8.6518,8.6664,8.5705,8.5805
2019-07-11,8.5802,8.5825,8.5315,8.5395
2019-07-12,8.5395,8.559,8.5199,8.53
2019-07-15,8.5323,8.5506,8.5231,8.54
2019-07-16,8.54,8.5833,8.5365,8.5739
2019-07-17,8.5739,8.5937,8.5651,8.588
2019-07-18,8.588,8.6094,8.5294,8.5377
2019-07-19,8.5376,8.5862,8.5322,8.5739
2019-07-22,8.5793,8.6154,8.568,8.6077
2019-07-23,8.6077,8.6954,8.6058,8.6781
2019-07-24,8.6779,8.6966,8.6237,8.6435
2019-07-25,8.6434,8.686,8.6301,8.6757
2019-07-26,8.6757,8.732,8.6739,8.7175
2019-07-29,8.7249,8.7319,8.678,8.6947
2019-07-30,8.6947,8.7676,8.6926,8.7515
2019-07-31,8.7515,8.8855,8.7466,8.8636
2019-08-01,8.8638,8.9039,8.8507,8.8878
2019-08-02,8.8878,8.9569,8.8757,8.9159
2019-08-05,8.9161,8.9597,8.8927,8.9298
2019-08-06,8.9284,8.9333,8.8909,8.9086
2019-08-07,8.9086,8.9857,8.8891,8.9543
2019-08-08,8.9543,8.9647,8.9064,8.9283
2019-08-09,8.9282,8.9321,8.8495,8.8808
2019-08-12,8.8661,8.952,8.8568,8.9169
2019-08-13,8.9169,8.9432,8.8661,8.8762
2019-08-14,8.8761,8.9908,8.8648,8.9831
2019-08-15,8.983,9.0376,8.9404,9.0209
2019-08-16,9.0208,9.0445,8.9862,9.0053
2019-08-19,8.9862,9.0369,8.9601,8.9784
2019-08-20,8.9784,9.0226,8.9698,8.9829
2019-08-21,8.9826,8.9997,8.9346,8.9448
2019-08-22,8.9448,9.0004,8.9359,8.9808
2019-08-23,8.9807,9.0149,8.932,8.9335
2019-08-26,8.9549,9.0071,8.9455,9.0025
2019-08-27,9.0024,9.0304,8.985,9.0106
2019-08-28,9.0105,9.0494,9.0048,9.0474
2019-08-29,9.0474,9.1091,9.0383,9.0965
2019-08-30,9.0968,9.1308,9.0799,9.1249
2019-09-02,9.1227,9.1301,9.0948,9.1006
2019-09-03,9.1007,9.1645,9.0982,9.1024
2019-09-04,9.1013,9.1073,9.0275,9.0326
2019-09-05,9.0326,9.0363,8.9649,9.0094
2019-09-06,9.0093,9.0234,8.9619,8.9752
2019-09-09,8.9933,9.0119,8.9129,8.924
2019-09-10,8.924,8.9874,8.9208,8.9553
2019-09-11,8.9553,8.9841,8.9388,8.9565
2019-09-12,8.9566,9.0111,8.9254,8.9715
2019-09-13,8.971,8.989,8.9374,8.987
2019-09-16,8.9628,8.9902,8.9143,8.9605
2019-09-17,8.9606,8.9834,8.9126,8.9227
2019-09-18,8.9226,8.9802,8.9212,8.9455
2019-09-19,8.9452,8.9849,8.886,8.979
2019-09-20,8.9789,9.0716,8.9652,9.0621
2019-09-23,9.057,9.1166,9.0422,9.0453
2019-09-24,9.0453,9.0514,8.9874,9.0063
2019-09-25,9.0063,9.0584,9.0036,9.0556
2019-09-26,9.0556,9.0908,9.0405,9.0833
2019-09-27,9.0833,9.102,9.0633,9.077
2019-09-30,9.0811,9.1004,9.0614,9.0967
2019-10-01,9.0966,9.149,9.0932,9.1265
2019-10-02,9.1262,9.1618,9.1158,9.1306
2019-10-03,9.1306,9.1545,9.1064,9.1239
2019-10-04,9.1233,9.138,9.0841,9.0957
2019-10-07,9.0978,9.1448,9.0807,9.1438
2019-10-08,9.1438,9.18,9.1224,9.1642
2019-10-09,9.1643,9.1791,9.1487,9.1755
2019-10-10,9.1757,9.1822,9.109,9.125
2019-10-11,9.125,9.1322,9.0506,9.0755
2019-10-14,9.0781,9.125,9.0705,9.1101
2019-10-15,9.11,9.1689,9.1025,9.1223
2019-10-16,9.1223,9.2058,9.1155,9.1781
2019-10-17,9.1781,9.211,9.1397,9.185
2019-10-18,9.1849,9.1971,9.1565,9.1617
2019-10-21,9.1658,9.1806,9.0908,9.1369
2019-10-22,9.1369,9.1638,9.1185,9.1486
2019-10-23,9.1485,9.1944,9.1159,9.1222
2019-10-24,9.1222,9.1491,9.0853,9.1381
2019-10-25,9.138,9.2022,9.1278,9.1957
2019-10-28,9.1953,9.2245,9.168,9.222
2019-10-29,9.222,9.3056,9.2125,9.2273
2019-10-30,9.2275,9.2605,9.1802,9.181
2019-10-31,9.181,9.2227,9.1583,9.1923
2019-11-01,9.1924,9.1981,9.0831,9.0838
2019-11-04,9.0568,9.147,9.0568,9.1447
2019-11-05,9.1447,9.201,9.1036,9.1739
2019-11-06,9.1739,9.2041,9.1281,9.1712
2019-11-07,9.1713,9.1869,9.0794,9.11
2019-11-08,9.1101,9.1659,9.1059,9.1319
2019-11-11,9.1392,9.1662,9.1,9.1329
2019-11-12,9.1346,9.1694,9.1243,9.1649
2019-11-13,9.1648,9.2269,9.1589,9.1842
2019-11-14,9.1853,9.2158,9.1624,9.1627
2019-11-15,9.1627,9.1718,9.0721,9.0922
2019-11-18,9.087,9.1338,9.0637,9.1164
2019-11-19,9.1163,9.1365,9.1001,9.1234
2019-11-20,9.1234,9.2129,9.1091,9.135
2019-11-21,9.135,9.1599,9.0986,9.1456
2019-11-22,9.1456,9.1715,9.1123,9.1568
2019-11-25,9.1778,9.1997,9.1279,9.1779
2019-11-26,9.1781,9.187,9.1503,9.1691
2019-11-27,9.1692,9.1927,9.1555,9.1609
2019-11-28,9.1608,9.1939,9.1527,9.1696
2019-11-29,9.1696,9.2304,9.164,9.2248
2019-12-02,9.2084,9.2199,9.1476,9.1645
2019-12-03,9.1644,9.1941,9.1349,9.1853
2019-12-04,9.1852,9.2161,9.1498,9.1736
2019-12-05,9.1736,9.1782,9.129,9.1378
2019-12-06,9.1377,9.1578,9.1166,9.1296
2019-12-09,9.1304,9.1528,9.1249,9.1442
2019-12-10,9.1443,9.2009,9.1373,9.1774
2019-12-11,9.1772,9.1848,9.1049,9.1117
2019-12-12,9.1119,9.1135,9.0742,9.0778
2019-12-13,9.078,9.0807,8.9948,9.0319
2019-12-16,9.0332,9.0556,8.9797,9.01
2019-12-17,9.01,9.0571,9.0011,9.021
2019-12-18,9.021,9.0428,9.0028,9.0105
2019-12-19,9.0107,9.0184,8.9459,8.9753
2019-12-20,8.9755,8.9846,8.9478,8.9726
2019-12-23,8.975,8.9855,8.9378,8.9564
2019-12-24,8.9564,8.9682,8.9071,8.9098
2019-12-25,8.9098,8.9337,8.8977,8.9139
2019-12-26,8.9139,8.9205,8.8683,8.8826
2019-12-27,8.8833,8.8939,8.8073,8.8148
2019-12-30,8.826,8.8365,8.7746,8.815
2019-12-31,8.815,8.8208,8.7626,8.7855
2020-01-01,8.7855,8.7983,8.776,8.7806
2020-01-02,8.7825,8.8139,8.7548,8.7953
2020-01-03,8.7955,8.8558,8.7913,8.8343
2020-01-06,8.8403,8.8551,8.7853,8.7933
2020-01-07,8.7935,8.8769,8.7746,8.8513
2020-01-08,8.8514,8.8808,8.8327,8.8659
2020-01-09,8.8656,8.9035,8.8541,8.8884
2020-01-10,8.8874,8.9129,8.8724,8.8872
2020-01-13,8.8851,8.9175,8.8637,8.8972
2020-01-14,8.8972,8.9058,8.8651,8.874
2020-01-15,8.874,8.8972,8.851,8.8629
2020-01-16,8.8629,8.8936,8.8467,8.8866
2020-01-17,8.8866,8.9203,8.8816,8.9124
2020-01-20,8.9087,8.939,8.8825,8.9275
2020-01-21,8.9274,8.9964,8.9236,8.9944
2020-01-22,8.9944,9.0009,8.9625,8.984
2020-01-23,8.9845,9.0257,8.9647,8.9954
2020-01-24,8.9954,9.0576,8.975,9.0494
2020-01-27,9.0435,9.1528,9.0397,9.1432
2020-01-28,9.1433,9.184,9.1124,9.1127
2020-01-29,9.1127,9.1825,9.1103,9.1624
2020-01-30,9.1624,9.2331,9.1519,9.181
2020-01-31,9.1809,9.2458,9.166,9.2011
2020-02-03,9.198,9.29,9.1607,9.2759
2020-02-04,9.2764,9.2878,9.2015,9.2107
2020-02-05,9.2108,9.2501,9.1754,9.2104
2020-02-06,9.2101,9.2556,9.1818,9.2185
2020-02-07,9.2185,9.3108,9.2161,9.305
2020-02-10,9.2899,9.3064,9.2305,9.2888
2020-02-11,9.2887,9.2923,9.2322,9.25
2020-02-12,9.25,9.2511,9.198,9.2284
2020-02-13,9.2284,9.2775,9.2267,9.2507
2020-02-14,9.2506,9.2715,9.2252,9.2488
2020-02-17,9.238,9.2709,9.2289,9.2567
2020-02-18,9.2567,9.3389,9.2495,9.3299
2020-02-19,9.33,9.335,9.2656,9.2716
2020-02-20,9.2717,9.3364,9.2611,9.3187
2020-02-21,9.3187,9.366,9.2668,9.2793
2020-02-24,9.2861,9.3906,9.2581,9.3573
2020-02-25,9.3572,9.4037,9.3271,9.3616
2020-02-26,9.3617,9.4072,9.3541,9.3989
2020-02-27,9.3989,9.4132,9.3677,9.3943
2020-02-28,9.3944,9.4956,9.3837,9.3939
2020-03-02,9.4235,9.4487,9.2882,9.2919
2020-03-03,9.2921,9.3326,9.1806,9.2767
2020-03-04,9.2767,9.294,9.2323,9.256
2020-03-05,9.2562,9.3084,9.2404,9.2833
2020-03-06,9.2838,9.3325,9.2214,9.2604
2020-03-09,9.3096,9.6929,9.2387,9.5695
2020-03-10,9.5698,9.6353,9.4585,9.5942
2020-03-11,9.5942,9.7108,9.5447,9.692
2020-03-12,9.6921,10.28,9.6862,10.1668
2020-03-13,10.1667,10.254,9.8823,10.0778
2020-03-16,10.0991,10.436,9.9972,10.2781
2020-03-17,10.2784,10.5885,10.1645,10.4996
2020-03-18,10.4998,11.9572,10.4594,11.2897
2020-03-19,11.2899,12.1333,11.1505,11.2472
2020-03-20,11.2424,12.1167,10.8014,11.7051
2020-03-23,11.7636,11.9379,11.1942,11.5817
2020-03-24,11.5818,11.6103,10.8621,11.1202
2020-03-25,11.1181,11.1519,10.6826,10.7297
2020-03-26,10.7297,10.8259,10.4001,10.4104
2020-03-27,10.4106,10.7284,10.3942,10.486
2020-03-30,10.4044,10.672,10.3739,10.5466
2020-03-31,10.5466,10.6127,10.3357,10.4028
2020-04-01,10.403,10.5241,10.269,10.4551
2020-04-02,10.4551,10.489,10.2247,10.3897
2020-04-03,10.3897,10.6444,10.3744,10.6091
2020-04-06,10.5759,10.6085,10.4052,10.428
2020-04-07,10.4281,10.511,10.1281,10.2837
2020-04-08,10.2837,10.3797,10.2349,10.3049
2020-04-09,10.3048,10.3399,10.1348,10.2358
2020-04-10,10.2358,10.2681,10.1907,10.2023
2020-04-13,10.1867,10.3409,10.1665,10.3165
2020-04-14,10.317,10.3422,10.2054,10.308
2020-04-15,10.308,10.581,10.2935,10.5083
2020-04-16,10.5082,10.5878,10.4164,10.4558
2020-04-17,10.4557,10.5246,10.3098,10.3271
2020-04-20,10.3277,10.4808,10.2729,10.4539
2020-04-21,10.4539,10.6906,10.4132,10.6509
2020-04-22,10.6507,10.8014,10.5645,10.7676
2020-04-23,10.7677,10.8108,10.5336,10.6378
2020-04-24,10.6374,10.7204,10.596,10.6226
2020-04-27,10.5976,10.6851,10.5073,10.5113
2020-04-28,10.5113,10.5546,10.3475,10.4045
2020-04-29,10.4043,10.4415,10.3021,10.3222
2020-04-30,10.3222,10.3615,10.2051,10.2421
2020-05-01,10.2421,10.3601,10.2242,10.2987
2020-05-04,10.2811,10.475,10.2811,10.3267
2020-05-05,10.3266,10.3529,10.2266,10.2619
2020-05-06,10.2619,10.4372,10.2376,10.436
2020-05-07,10.436,10.4373,10.2079,10.2468
2020-05-08,10.2468,10.2601,10.1764,10.2212
2020-05-11,10.2126,10.3086,10.1619,10.3083
2020-05-12,10.3083,10.3648,10.0946,10.1751
2020-05-13,10.1751,10.2,10.0357,10.1657
2020-05-14,10.1652,10.274,10.1504,10.1529
2020-05-15,10.1526,10.2681,10.1339,10.2358
2020-05-18,10.2387,10.2719,10.0165,10.0285
2020-05-19,10.0278,10.1528,9.9132,9.9844
2020-05-20,9.9841,10.0217,9.8877,9.9059
2020-05-21,9.9062,9.9861,9.8793,9.9422
2020-05-22,9.9422,10.1,9.9329,10.0001
2020-05-25,10.0054,10.0668,9.9853,10.0568
2020-05-26,10.0569,10.0621,9.8605,9.8892
2020-05-27,9.8893,9.9462,9.8023,9.8659
2020-05-28,9.8659,9.9114,9.7405,9.7758
2020-05-29,9.7762,9.7948,9.6801,9.7205
2020-06-01,9.7188,9.7696,9.6103,9.6109
2020-06-02,9.6109,9.6466,9.5183,9.5462
2020-06-03,9.5459,9.5719,9.425,9.4572
2020-06-04,9.4566,9.5149,9.3124,9.3538
2020-06-05,9.354,9.3799,9.2604,9.3152
2020-06-08,9.3039,9.3197,9.2397,9.2603
2020-06-09,9.2603,9.4235,9.222,9.2784
2020-06-10,9.2784,9.3788,9.1983,9.3022
2020-06-11,9.3016,9.6316,9.2871,9.6142
2020-06-12,9.6143,9.7275,9.5094,9.6418
2020-06-15,9.6351,9.8122,9.5044,9.5378
2020-06-16,9.5378,9.6416,9.4522,9.5686
2020-06-17,9.5686,9.6113,9.4983,9.5287
2020-06-18,9.5301,9.5758,9.4433,9.5426
2020-06-19,9.5424,9.6721,9.4898,9.6461
2020-06-22,9.6313,9.7379,9.5743,9.6033
2020-06-23,9.6033,9.6862,9.4596,9.517
2020-06-24,9.517,9.6886,9.4792,9.6647
2020-06-25,9.6651,9.7399,9.6425,9.6611
2020-06-26,9.6611,9.7544,9.6116,9.6979
2020-06-29,9.6925,9.7296,9.6471,9.6744
2020-06-30,9.6744,9.7692,9.5619,9.6251
2020-07-01,9.6251,9.6388,9.5072,9.5147
2020-07-02,9.5147,9.5694,9.4375,9.532
2020-07-03,9.5322,9.552,9.4695,9.4747
2020-07-06,9.481,9.5336,9.359,9.3969
2020-07-07,9.397,9.4997,9.3507,9.4907
2020-07-08,9.4907,9.5164,9.3743,9.3863
2020-07-09,9.3868,9.4771,9.3408,9.4681
2020-07-10,9.4681,9.5495,9.4105,9.4238
2020-07-13,9.5374,9.5444,9.3615,9.4555
2020-07-14,9.4557,9.4838,9.3758,9.4047
2020-07-15,9.4048,9.4161,9.2664,9.2718
2020-07-16,9.2718,9.3505,9.2505,9.2997
2020-07-17,9.2998,9.3157,9.2685,9.2935
2020-07-20,9.308,9.3174,9.2234,9.2296
2020-07-21,9.2296,9.2524,9.082,9.1135
2020-07-22,9.1135,9.1839,9.0809,9.0998
2020-07-23,9.101,9.238,9.0893,9.2273
2020-07-24,9.2276,9.2588,9.139,9.1529
2020-07-27,9.182,9.1892,9.0618,9.0944
2020-07-28,9.0943,9.1531,9.0507,9.1192
2020-07-29,9.1188,9.136,9.0222,9.0282
2020-07-30,9.0287,9.1713,9.0279,9.0738
2020-07-31,9.0738,9.1357,9.0265,9.1022
2020-08-03,9.1209,9.1776,9.0709,9.1312
2020-08-04,9.1312,9.1695,9.0874,9.1166
2020-08-05,9.1169,9.1169,8.9187,8.9516
2020-08-06,8.9516,9.0189,8.9036,8.9689
2020-08-07,8.9688,9.0791,8.9571,9.0401
2020-08-10,9.0382,9.0731,8.9988,9.0352
2020-08-11,9.0352,9.0659,8.9315,9.0208
2020-08-12,9.0208,9.051,8.9097,8.9445
2020-08-13,8.9445,8.9574,8.8539,8.8827
2020-08-14,8.8827,8.9511,8.8662,8.89
2020-08-17,8.897,8.908,8.8358,8.8504
2020-08-18,8.8505,8.8742,8.7936,8.8463
2020-08-19,8.8463,8.9288,8.8185,8.9288
2020-08-20,8.9288,9.0167,8.8945,8.9207
2020-08-21,8.9209,9.0638,8.8836,9.0123
2020-08-24,9.0246,9.0342,8.9577,8.998
2020-08-25,8.9979,9.0131,8.9258,8.9564
2020-08-26,8.9566,8.9863,8.8686,8.8897
2020-08-27,8.8901,8.9754,8.8376,8.9151
2020-08-28,8.9155,8.9242,8.7762,8.8424
2020-08-31,8.8268,8.8349,8.6703,8.724
2020-09-01,8.7234,8.7773,8.657,8.7607
2020-09-02,8.7607,8.8714,8.7467,8.8387
2020-09-03,8.8386,8.9724,8.8335,8.9179
2020-09-04,8.9179,9.005,8.8799,8.9283
2020-09-07,8.9352,8.9499,8.9048,8.933
2020-09-08,8.9336,9.1394,8.9202,9.1305
2020-09-09,9.1303,9.1819,8.9979,9.0189
2020-09-10,9.0189,9.0976,8.9271,9.0761
2020-09-11,9.0761,9.0774,9.0018,9.0371
2020-09-14,9.0477,9.0688,8.9843,9.0345
2020-09-15,9.0345,9.0538,8.9888,9.0309
2020-09-16,9.0306,9.0586,8.9702,9.0209
2020-09-17,9.0209,9.1327,9.0162,9.0481
2020-09-18,9.0481,9.1009,9.0181,9.0942
2020-09-21,9.1027,9.3354,9.0646,9.277
2020-09-22,9.2773,9.3798,9.2757,9.3458
2020-09-23,9.3454,9.506,9.3351,9.4917
2020-09-24,9.4917,9.5965,9.4674,9.4951
2020-09-25,9.4957,9.6166,9.4822,9.5737
2020-09-28,9.5748,9.5974,9.4562,9.4805
2020-09-29,9.4798,9.5074,9.4149,9.4214
2020-09-30,9.4215,9.4962,9.3224,9.3324
2020-10-01,9.3324,9.3504,9.2509,9.3011
2020-10-02,9.3015,9.4079,9.2806,9.3163
2020-10-05,9.3205,9.3408,9.1966,9.2159
2020-10-06,9.2159,9.3748,9.1794,9.3638
2020-10-07,9.3637,9.3865,9.272,9.2989
2020-10-08,9.2985,9.3092,9.2574,9.2616
2020-10-09,9.2618,9.2755,9.1334,9.1372
2020-10-12,9.1481,9.1657,9.1207,9.1376
2020-10-13,9.1381,9.2488,9.1276,9.237
2020-10-14,9.2369,9.2736,9.182,9.2412
2020-10-15,9.2412,9.4111,9.2321,9.3483
2020-10-16,9.3483,9.4458,9.2867,9.379
2020-10-19,9.3673,9.3843,9.2691,9.319
2020-10-20,9.3192,9.3546,9.2489,9.2838
2020-10-21,9.307,9.3243,9.1787,9.2195
2020-10-22,9.2198,9.2626,9.1989,9.2535
2020-10-23,9.2535,9.296,9.1989,9.2378
2020-10-26,9.2207,9.3225,9.2139,9.2446
2020-10-27,9.2446,9.2541,9.1258,9.1754
2020-10-28,9.1756,9.3849,9.1644,9.3708
2020-10-29,9.3712,9.5955,9.3127,9.5424
2020-10-30,9.5471,9.5998,9.4593,9.5362
2020-11-02,9.5363,9.6082,9.5212,9.56
2020-11-03,9.559,9.5989,9.3477,9.3846
2020-11-04,9.384,9.5935,9.2882,9.3348
2020-11-05,9.3342,9.3676,9.1467,9.2096
2020-11-06,9.2079,9.2447,9.133,9.1567
2020-11-09,9.1452,9.1954,8.9664,9.044
2020-11-10,9.044,9.0575,8.981,9.0145
2020-11-11,9.0143,9.1019,8.9671,9.0924
2020-11-12,9.0907,9.188,9.0596,9.1737
2020-11-13,9.1737,9.1929,9.1324,9.1658
2020-11-16,9.1467,9.1749,9.0486,9.057
2020-11-17,9.057,9.1019,9.0267,9.0711
2020-11-18,9.0707,9.0951,8.979,9.0175
2020-11-19,9.0175,9.0944,8.9791,9.0004
2020-11-20,8.9999,9.0556,8.9675,9.013
2020-11-23,9.0192,9.0859,8.9648,9.033
2020-11-24,9.033,9.0871,8.8973,8.9074
2020-11-25,8.9163,8.9617,8.8242,8.8282
2020-11-26,8.8279,8.9036,8.8158,8.8787
2020-11-27,8.8784,8.8904,8.8213,8.8356
2020-11-30,8.8645,8.907,8.7833,8.8781
2020-12-01,8.8781,8.9063,8.8005,8.8041
2020-12-02,8.8033,8.8965,8.7902,8.8
2020-12-03,8.8001,8.8474,8.7385,8.7649
2020-12-04,8.7649,8.8131,8.7244,8.8002
2020-12-07,8.7849,8.9202,8.6976,8.7427
2020-12-08,8.7426,8.7916,8.7222,8.7666
2020-12-09,8.7666,8.8552,8.6897,8.8357
2020-12-10,8.8356,8.8534,8.7466,8.7777
2020-12-11,8.7777,8.8708,8.7464,8.8172
2020-12-14,8.8114,8.8327,8.6908,8.7517
2020-12-15,8.7513,8.7554,8.7084,8.7168
2020-12-16,8.7171,8.7369,8.6521,8.6723
2020-12-17,8.6723,8.7122,8.552,8.5632
2020-12-18,8.5632,8.6244,8.5594,8.583
2020-12-21,8.5965,8.868,8.5897,8.6503
2020-12-22,8.6504,8.7524,8.6245,8.7427
2020-12-23,8.7427,8.7599,8.6307,8.6447
2020-12-24,8.6447,8.7032,8.6009,8.6621
2020-12-25,8.6621,8.6813,8.6223,8.628
2020-12-28,8.6498,8.6945,8.5979,8.6362
2020-12-29,8.6362,8.6446,8.583,8.6199
2020-12-30,8.6199,8.6292,8.5347,8.5401
2020-12-31,8.5405,8.5937,8.5103,8.5791
2021-01-01,8.5791,8.5791,8.5731,8.5753
2021-01-04,8.5917,8.6142,8.4759,8.5556
2021-01-05,8.5553,8.5678,8.4589,8.4677
2021-01-06,8.4677,8.4977,8.3904,8.4116
2021-01-07,8.4111,8.4734,8.3987,8.4271
2021-01-08,8.4274,8.4807,8.3626,8.4199
2021-01-11,8.4253,8.5874,8.4235,8.537
2021-01-12,8.5368,8.5541,8.4455,8.4488
2021-01-13,8.4487,8.5159,8.4187,8.473
2021-01-14,8.473,8.5252,8.4367,8.4638
2021-01-15,8.464,8.5825,8.4541,8.5689
2021-01-18,8.556,8.6452,8.534,8.5959
2021-01-19,8.5959,8.6028,8.5149,8.542
2021-01-20,8.5419,8.5454,8.4802,8.4937
2021-01-21,8.4937,8.4996,8.3962,8.4135
2021-01-22,8.4135,8.5075,8.4,8.4951
2021-01-25,8.491,8.5994,8.4505,8.5353
2021-01-26,8.5353,8.6252,8.5114,8.5455
2021-01-27,8.5455,8.7,8.5324,8.6547
2021-01-28,8.6547,8.729,8.5723,8.5976
2021-01-29,8.5976,8.6574,8.4871,8.5649
2021-02-01,8.5718,8.622,8.5502,8.6088
2021-02-02,8.6088,8.6517,8.5487,8.6029
2021-02-03,8.6029,8.6355,8.581,8.5856
2021-02-04,8.5857,8.6535,8.5758,8.637
2021-02-05,8.637,8.6496,8.5251,8.5289
2021-02-08,8.5308,8.5506,8.4939,8.5013
2021-02-09,8.5019,8.5096,8.4431,8.4494
2021-02-10,8.4494,8.4684,8.4068,8.4641
2021-02-11,8.4637,8.4898,8.439,8.4765
2021-02-12,8.4762,8.5164,8.449,8.4622
2021-02-15,8.4539,8.4757,8.3742,8.3903
2021-02-16,8.3903,8.4517,8.3571,8.4377
2021-02-17,8.4376,8.5463,8.4335,8.5015
2021-02-18,8.5016,8.5191,8.4506,8.4623
2021-02-19,8.4629,8.4928,8.4042,8.4699
2021-02-22,8.4667,8.5394,8.4192,8.4914
2021-02-23,8.491,8.5363,8.4456,8.4691
2021-02-24,8.4689,8.4825,8.3692,8.3766
2021-02-25,8.3765,8.5101,8.3151,8.494
2021-02-26,8.4941,8.6763,8.4695,8.6661
2021-03-01,8.6572,8.6742,8.5455,8.5573
2021-03-02,8.5573,8.6285,8.4628,8.4749
2021-03-03,8.4749,8.524,8.4365,8.5033
2021-03-04,8.5033,8.6085,8.4561,8.5799
2021-03-05,8.5799,8.6316,8.508,8.5522
2021-03-08,8.5489,8.6099,8.5058,8.5388
2021-03-09,8.5388,8.5682,8.4551,8.4698
2021-03-10,8.4698,8.5123,8.423,8.4282
2021-03-11,8.4282,8.4797,8.3784,8.4164
2021-03-12,8.4167,8.4915,8.4063,8.4314
2021-03-15,8.4312,8.513,8.4077,8.4516
2021-03-16,8.4516,8.492,8.4397,8.4821
2021-03-17,8.4821,8.5163,8.4073,8.4119
2021-03-18,8.4115,8.5378,8.3862,8.5138
2021-03-19,8.5139,8.6113,8.4755,8.5343
2021-03-22,8.5471,8.5948,8.4762,8.5031
2021-03-23,8.503,8.6481,8.4944,8.64
2021-03-24,8.6399,8.6807,8.5552,8.6028
2021-03-25,8.6028,8.6683,8.5767,8.6455
2021-03-26,8.6454,8.6628,8.5692,8.572
2021-03-29,8.5744,8.6208,8.5207,8.5527
2021-03-30,8.5526,8.5907,8.5389,8.5549
2021-03-31,8.5551,8.5657,8.5037,8.5505
2021-04-01,8.5505,8.5883,8.5182,8.5198
2021-04-02,8.5199,8.5462,8.5165,8.5335
2021-04-05,8.5425,8.5525,8.4874,8.5041
2021-04-06,8.5041,8.5536,8.4834,8.4858
2021-04-07,8.4858,8.5051,8.4368,8.4708
2021-04-08,8.4708,8.4951,8.4509,8.4589
2021-04-09,8.459,8.5322,8.4542,8.4969
2021-04-12,8.4905,8.5316,8.4715,8.4862
2021-04-13,8.4862,8.5676,8.4694,8.471
2021-04-14,8.471,8.4734,8.3791,8.3891
2021-04-15,8.3891,8.4065,8.355,8.3779
2021-04-16,8.3778,8.4217,8.3543,8.3701
2021-04-19,8.373,8.4147,8.2817,8.2927
2021-04-20,8.2927,8.3651,8.2473,8.3601
2021-04-21,8.3603,8.3939,8.3343,8.3377
2021-04-22,8.3377,8.3941,8.3125,8.3612
2021-04-23,8.3613,8.3802,8.2843,8.295
2021-04-26,8.3084,8.3131,8.2703,8.2897
2021-04-27,8.2906,8.3148,8.2709,8.2738
2021-04-28,8.2738,8.2987,8.167,8.1863
2021-04-29,8.1863,8.2353,8.1493,8.1923
2021-04-30,8.1923,8.3316,8.1825,8.3212
2021-05-03,8.3032,8.3315,8.2745,8.2814
2021-05-04,8.2813,8.3624,8.2813,8.3324
2021-05-05,8.3324,8.368,8.2971,8.3551
2021-05-06,8.3553,8.37,8.2996,8.2996
2021-05-07,8.2994,8.3221,8.2053,8.214
2021-05-10,8.2246,8.2769,8.1911,8.2736
2021-05-11,8.2736,8.2892,8.2321,8.2597
2021-05-12,8.2601,8.3506,8.2481,8.3484
2021-05-13,8.3486,8.4214,8.3273,8.3562
2021-05-14,8.3566,8.377,8.2207,8.2252
2021-05-17,8.2277,8.3005,8.2191,8.2614
2021-05-18,8.2614,8.2713,8.1757,8.2266
2021-05-19,8.2267,8.3421,8.2068,8.3188
2021-05-20,8.3185,8.3543,8.276,8.3049
2021-05-21,8.3046,8.4206,8.2963,8.3873
2021-05-24,8.3763,8.3983,8.3272,8.3323
2021-05-25,8.3319,8.3513,8.289,8.3099
2021-05-26,8.3097,8.378,8.2781,8.3683
2021-05-27,8.3682,8.3914,8.3372,8.3429
2021-05-28,8.3429,8.3876,8.3341,8.3663
2021-05-31,8.3544,8.3865,8.3101,8.3257
2021-06-01,8.3257,8.3343,8.247,8.317
2021-06-02,8.317,8.3489,8.2906,8.297
2021-06-03,8.2971,8.3936,8.2916,8.3791
2021-06-04,8.3791,8.4046,8.2984,8.3075
2021-06-07,8.3126,8.3282,8.253,8.2634
2021-06-08,8.2633,8.2828,8.2404,8.2691
2021-06-09,8.2688,8.286,8.2371,8.2778
2021-06-10,8.2778,8.3471,8.2608,8.2753
2021-06-11,8.2753,8.3619,8.2542,8.3394
2021-06-14,8.3322,8.3721,8.3025,8.3146
2021-06-15,8.3144,8.35,8.2943,8.3178
2021-06-16,8.3178,8.4976,8.3084,8.4805
2021-06-17,8.4804,8.5723,8.4529,8.5491
2021-06-18,8.5491,8.7047,8.5318,8.6694
2021-06-21,8.6607,8.7196,8.5643,8.5785
2021-06-22,8.5783,8.6151,8.5058,8.5374
2021-06-23,8.5375,8.5648,8.4801,8.5352
2021-06-24,8.5352,8.5471,8.4911,8.5005
2021-06-25,8.5002,8.5205,8.4517,8.497
2021-06-28,8.496,8.5498,8.4859,8.5271
2021-06-29,8.5271,8.5828,8.5198,8.563
2021-06-30,8.564,8.6269,8.5446,8.604
2021-07-01,8.6042,8.6398,8.5847,8.6258
2021-07-02,8.6258,8.6795,8.5841,8.5957
2021-07-05,8.61,8.6403,8.558,8.5678
2021-07-06,8.5675,8.7247,8.5245,8.7028
2021-07-07,8.7028,8.751,8.6491,8.7263
2021-07-08,8.7263,8.8201,8.717,8.7834
2021-07-09,8.7834,8.8108,8.6569,8.6695
2021-07-12,8.6688,8.7382,8.6509,8.6815
2021-07-13,8.6815,8.7907,8.6607,8.7819
2021-07-14,8.7816,8.8015,8.7171,8.7349
2021-07-15,8.7349,8.8465,8.7225,8.8259
2021-07-16,8.8259,8.8581,8.7884,8.8541
2021-07-19,8.8356,8.9701,8.8212,8.9477
2021-07-20,8.9477,9.1049,8.9284,9.0064
2021-07-21,9.0065,9.0565,8.8706,8.8884
2021-07-22,8.8884,8.904,8.7749,8.8513
2021-07-23,8.8513,8.8958,8.8362,8.8683
2021-07-26,8.8606,8.9499,8.808,8.8181
2021-07-27,8.8184,8.908,8.8006,8.8796
2021-07-28,8.8796,8.9037,8.7888,8.8059
2021-07-29,8.8059,8.8215,8.7215,8.7323
2021-07-30,8.7323,8.843,8.7269,8.8136
2021-08-02,8.8172,8.8518,8.7756,8.8327
2021-08-03,8.8327,8.8463,8.7564,8.8111
2021-08-04,8.8111,8.8506,8.7728,8.8452
2021-08-05,8.8448,8.8519,8.7998,8.8163
2021-08-06,8.8162,8.8929,8.8089,8.8887
2021-08-09,8.8876,8.959,8.8752,8.9446
2021-08-10,8.9446,8.9804,8.9151,8.9231
2021-08-11,8.9234,8.9443,8.8444,8.8585
2021-08-12,8.8585,8.8759,8.822,8.8524
2021-08-13,8.8527,8.8692,8.7827,8.7985
2021-08-16,8.8046,8.852,8.7825,8.8378
2021-08-17,8.8379,8.9242,8.7986,8.9132
2021-08-18,8.913,8.9308,8.8703,8.9129
2021-08-19,8.9142,9.0476,8.8917,9.0377
2021-08-20,9.0383,9.1041,8.9803,9.0268
2021-08-23,9.0531,9.0874,8.899,8.9203
2021-08-24,8.9201,8.9226,8.8113,8.8329
2021-08-25,8.8327,8.8635,8.7921,8.8074
2021-08-26,8.8074,8.8459,8.793,8.8411
2021-08-27,8.8411,8.8738,8.709,8.7131
2021-08-30,8.7127,8.7591,8.6436,8.6701
2021-08-31,8.67,8.7135,8.627,8.6971
2021-09-01,8.6971,8.7127,8.666,8.6955
2021-09-02,8.6958,8.7072,8.6382,8.643
2021-09-03,8.6432,8.6792,8.6073,8.6678
2021-09-06,8.6605,8.6896,8.6491,8.6618
2021-09-07,8.6621,8.6923,8.6358,8.691
2021-09-08,8.691,8.7379,8.6751,8.7129
2021-09-09,8.7123,8.729,8.6524,8.6734
2021-09-10,8.6731,8.6852,8.6128,8.6719
2021-09-13,8.6807,8.7,8.6257,8.6413
2021-09-14,8.6418,8.6557,8.5739,8.6426
2021-09-15,8.6426,8.6595,8.5615,8.5737
2021-09-16,8.5737,8.6492,8.5665,8.6289
2021-09-17,8.6293,8.7214,8.5835,8.7105
2021-09-20,8.7027,8.7826,8.6821,8.7272
2021-09-21,8.7271,8.7349,8.6541,8.6861
2021-09-22,8.6862,8.6907,8.5945,8.6605
2021-09-23,8.6606,8.6835,8.5573,8.5814
2021-09-24,8.5814,8.6296,8.5632,8.5856
2021-09-27,8.5997,8.6125,8.5513,8.6042
2021-09-28,8.6045,8.6849,8.5872,8.6659
2021-09-29,8.6659,8.7873,8.6414,8.7711
2021-09-30,8.7711,8.8316,8.7132,8.7485
2021-10-01,8.7483,8.7848,8.6119,8.6306
2021-10-04,8.6323,8.6542,8.5459,8.57
2021-10-05,8.5704,8.6078,8.5158,8.5314
2021-10-06,8.5314,8.6453,8.5236,8.583
2021-10-07,8.583,8.623,8.5516,8.5821
2021-10-08,8.5821,8.6045,8.5141,8.5403
2021-10-11,8.5422,8.5932,8.5085,8.5883
2021-10-12,8.5877,8.5976,8.5273,8.5597
2021-10-13,8.5596,8.5656,8.4888,8.4953
2021-10-14,8.4953,8.5047,8.4096,8.4477
2021-10-15,8.4478,8.4649,8.3975,8.4225
2021-10-18,8.4174,8.4851,8.3971,8.4183
2021-10-19,8.4183,8.4247,8.3301,8.3548
2021-10-20,8.3551,8.4146,8.2979,8.3062
2021-10-21,8.3062,8.3701,8.2808,8.3642
2021-10-22,8.3641,8.3813,8.3226,8.3577
2021-10-25,8.3647,8.3726,8.317,8.3538
2021-10-26,8.354,8.3776,8.3203,8.3656
2021-10-27,8.41,8.4278,8.41,8.4207
2021-10-28,8.4206,8.4438,8.313,8.3316
2021-10-29,8.3316,8.4686,8.3281,8.4437
2021-11-01,8.4418,8.4721,8.3925,8.4063
2021-11-02,8.4069,8.5314,8.3947,8.5277
2021-11-03,8.5277,8.5535,8.4858,8.5071
2021-11-04,8.507,8.5817,8.4804,8.5559
2021-11-05,8.556,8.5962,8.5484,8.559
2021-11-08,8.5534,8.5694,8.4992,8.5045
2021-11-09,8.5045,8.5397,8.4768,8.5093
2021-11-10,8.5097,8.6555,8.5066,8.6525
2021-11-11,8.6525,8.708,8.6203,8.6749
2021-11-12,8.6753,8.7111,8.6628,8.6924
2021-11-15,8.6866,8.7278,8.6384,8.7148
2021-11-16,8.7148,8.7491,8.6844,8.7413
2021-11-17,8.7413,8.7963,8.7145,8.7477
2021-11-18,8.7477,8.8394,8.7071,8.8143
2021-11-19,8.8143,8.9384,8.7948,8.9182
2021-11-22,8.9266,8.9659,8.8878,8.9291
2021-11-23,8.9286,8.9779,8.8941,8.8978
2021-11-24,8.8978,8.9855,8.8825,8.9648
2021-11-25,8.9659,8.9823,8.9381,8.9723
2021-11-26,8.9723,9.1066,8.9633,9.0767
2021-11-29,9.0522,9.1084,9.0142,9.02
2021-11-30,9.02,9.1299,8.997,9.0358
2021-12-01,9.0357,9.1261,9.0094,9.0563
2021-12-02,9.0552,9.1166,9.0481,9.0928
2021-12-03,9.0924,9.1948,9.0721,9.1767
2021-12-06,9.1326,9.1974,9.0899,9.0913
2021-12-07,9.0913,9.136,9.013,9.0188
2021-12-08,9.0187,9.0799,8.8624,8.8805
2021-12-09,8.8805,9.0359,8.875,8.9935
2021-12-10,8.994,9.0124,8.9381,8.9488
2021-12-13,8.9571,9.0764,8.9359,9.0451
2021-12-14,9.0452,9.1174,9.0367,9.1096
2021-12-15,9.1092,9.1569,8.9768,9.0133
2021-12-16,9.0139,9.0339,8.9445,8.9859
2021-12-17,8.986,9.0498,8.9708,9.0342
2021-12-20,9.0237,9.12,9.0127,9.046
2021-12-21,9.0457,9.0627,8.9374,8.9424
2021-12-22,8.9424,8.9741,8.8679,8.8794
2021-12-23,8.8797,8.9158,8.8088,8.8184
2021-12-24,8.8185,8.89,8.8141,8.8608
2021-12-27,8.8971,8.9058,8.8357,8.8436
2021-12-28,8.8436,8.8637,8.794,8.8027
2021-12-29,8.8028,8.8562,8.7597,8.7832
2021-12-30,8.7831,8.8871,8.7767,8.8136
2021-12-31,8.8135,8.8407,8.7966,8.8183
2022-01-03,8.8183,8.8957,8.7931,8.8741
2022-01-04,8.8733,8.8862,8.8238,8.8602
2022-01-05,8.8605,8.8799,8.7857,8.8532
2022-01-06,8.8534,8.924,8.8215,8.898
2022-01-07,8.898,8.9087,8.8278,8.8347
2022-01-10,8.8499,8.9121,8.8134,8.868
2022-01-11,8.8681,8.8791,8.7673,8.7958
2022-01-12,8.8015,8.8188,8.6538,8.662
2022-01-13,8.6621,8.7418,8.6293,8.7167
2022-01-14,8.7171,8.7899,8.6625,8.7635
2022-01-17,8.7713,8.7852,8.7141,8.736
2022-01-18,8.736,8.828,8.696,8.8085
2022-01-19,8.8085,8.8862,8.7419,8.7874
2022-01-20,8.7871,8.8504,8.7394,8.8353
2022-01-21,8.8353,8.9154,8.8054,8.9062
2022-01-24,8.8815,9.0472,8.8552,8.9571
2022-01-25,8.9568,9.0312,8.9103,8.9394
2022-01-26,8.9392,8.9798,8.8597,8.9418
2022-01-27,8.942,9.0162,8.9206,8.9496
2022-01-28,8.949,9.0422,8.9237,8.9791
2022-01-31,9.0275,9.0362,8.8858,8.8963
2022-02-01,8.8963,8.915,8.8242,8.8357
2022-02-02,8.8357,8.8524,8.7552,8.8034
2022-02-03,8.8035,8.8469,8.7066,8.7082
2022-02-04,8.7088,8.8183,8.6886,8.7979
2022-02-07,8.7886,8.8571,8.7692,8.7757
2022-02-08,8.7757,8.8457,8.7201,8.8259
2022-02-09,8.8261,8.8471,8.7817,8.8106
2022-02-10,8.8109,8.8821,8.7326,8.8152
2022-02-11,8.8152,8.8895,8.7892,8.8646
2022-02-14,8.8608,8.9523,8.8348,8.8876
2022-02-15,8.8878,8.9396,8.8349,8.9052
2022-02-16,8.9053,8.9152,8.8561,8.8812
2022-02-17,8.8814,8.9371,8.8697,8.9214
2022-02-18,8.9214,9.0064,8.8925,8.9931
2022-02-21,8.9606,9.0204,8.9202,9.0104
2022-02-22,9.0104,9.0286,8.8696,8.899
2022-02-23,8.8968,8.9092,8.8312,8.8914
2022-02-24,8.8919,9.0906,8.8806,8.9632
2022-02-25,8.9629,8.9892,8.8303,8.8331
2022-02-28,8.8868,9.0391,8.7877,8.8105
2022-03-01,8.8113,8.9155,8.7661,8.8836
2022-03-02,8.8831,8.9605,8.8288,8.8521
2022-03-03,8.8523,8.943,8.8382,8.9163
2022-03-04,8.916,9.0546,8.8982,8.9543
2022-03-07,8.9455,9.0639,8.9243,9.0555
2022-03-08,9.0544,9.081,8.9277,8.9888
2022-03-09,8.9895,9.004,8.8779,8.9109
2022-03-10,8.9111,8.9808,8.9009,8.9577
2022-03-11,8.9573,9.0154,8.8683,9.0066
2022-03-14,9.0007,9.0508,8.9417,9.0442
2022-03-15,9.0441,9.0768,8.9571,9.0066
2022-03-16,9.0052,9.0165,8.8715,8.8915
2022-03-17,8.892,8.9276,8.7692,8.8002
2022-03-18,8.8011,8.8285,8.7325,8.7437
2022-03-21,8.7554,8.7738,8.7171,8.7453
2022-03-22,8.7447,8.8085,8.7114,8.7604
2022-03-23,8.7609,8.7943,8.6816,8.69
2022-03-24,8.6898,8.7011,8.6002,8.674
2022-03-25,8.6742,8.6862,8.6073,8.6091
2022-03-28,8.6121,8.7549,8.6028,8.7194
2022-03-29,8.7197,8.7265,8.6025,8.6734
2022-03-30,8.6726,8.6859,8.5641,8.5687
2022-03-31,8.5681,8.8096,8.5638,8.7923
2022-04-01,8.7925,8.8247,8.7293,8.7477
2022-04-04,8.7675,8.7754,8.6466,8.7178
2022-04-05,8.7179,8.8021,8.6583,8.7564
2022-04-06,8.7563,8.8311,8.7263,8.8029
2022-04-07,8.8026,8.8294,8.7511,8.804
2022-04-08,8.8055,8.8263,8.6771,8.6993
2022-04-11,8.6581,8.8237,8.6472,8.8174
2022-04-12,8.8174,8.836,8.7303,8.7716
2022-04-13,8.7715,8.8713,8.7508,8.7532
2022-04-14,8.7539,8.836,8.7135,8.7831
2022-04-15,8.7831,8.8185,8.7594,8.8166
2022-04-18,8.7804,8.8841,8.7769,8.8686
2022-04-19,8.8681,8.8746,8.7885,8.8371
2022-04-20,8.8358,8.8495,8.7649,8.8091
2022-04-21,8.8091,8.8983,8.7548,8.8886
2022-04-22,8.8863,8.963,8.8713,8.9621
2022-04-25,8.9011,9.1773,8.8995,9.1227
2022-04-26,9.123,9.253,9.0821,9.251
2022-04-27,9.251,9.3759,9.2131,9.3293
2022-04-28,9.3296,9.4524,9.2803,9.4197
2022-04-29,9.4198,9.421,9.2488,9.3816
2022-05-02,9.3538,9.4897,9.3476,9.4431
2022-05-03,9.4426,9.4686,9.367,9.3981
2022-05-04,9.3981,9.4316,9.2488,9.2506
2022-05-05,9.2504,9.5256,9.2076,9.4904
2022-05-06,9.4904,9.5824,9.4024,9.4868
2022-05-09,9.467,9.7065,9.4145,9.6714
2022-05-10,9.6714,9.7553,9.6117,9.7261
2022-05-11,9.7261,9.768,9.6163,9.7498
2022-05-12,9.7498,9.9136,9.7328,9.8767
2022-05-13,9.8767,9.8986,9.7611,9.7666
2022-05-16,9.7516,9.8461,9.7417,9.7706
2022-05-17,9.7705,9.7943,9.6276,9.6742
2022-05-18,9.6743,9.9249,9.6477,9.9003
2022-05-19,9.9003,9.9107,9.5653,9.6836
2022-05-20,9.6836,9.7917,9.6664,9.7403
2022-05-23,9.762,9.7889,9.5746,9.5885
2022-05-24,9.5885,9.6483,9.5561,9.558
2022-05-25,9.5578,9.6589,9.5529,9.577
2022-05-26,9.577,9.6158,9.5402,9.5556
2022-05-27,9.5556,9.5837,9.4395,9.4645
2022-05-30,9.4747,9.5408,9.3813,9.4122
2022-05-31,9.4122,9.5547,9.3519,9.377
2022-06-01,9.377,9.5037,9.3455,9.483
2022-06-02,9.4829,9.5377,9.3624,9.3712
2022-06-03,9.3712,9.4557,9.3542,9.4363
2022-06-06,9.4008,9.459,9.3713,9.4247
2022-06-07,9.4248,9.5743,9.4036,9.4575
2022-06-08,9.4579,9.5329,9.4226,9.4691
2022-06-09,9.4692,9.6093,9.4591,9.5985
2022-06-10,9.598,9.7114,9.5503,9.7039
2022-06-13,9.669,9.9228,9.6483,9.9047
2022-06-14,9.9048,10.0589,9.8449,10.0188
2022-06-15,10.019,10.0739,9.8472,9.9552
2022-06-16,9.9552,10.0939,9.9052,9.9467
2022-06-17,9.9467,10.0696,9.8919,10.0064
2022-06-20,9.9969,10.0173,9.864,9.9111
2022-06-21,9.9111,9.9245,9.7713,9.846
2022-06-22,9.846,9.9998,9.8306,9.9134
2022-06-23,9.9134,10.0243,9.8982,9.9857
2022-06-24,9.986,10.0004,9.8301,9.8549
2022-06-27,9.8565,9.9384,9.7625,9.7954
2022-06-28,9.7955,9.8438,9.73,9.8367
2022-06-29,9.8367,9.9137,9.786,9.8939
2022-06-30,9.8939,9.9653,9.8314,9.8475
2022-07-01,9.8475,10.0008,9.8415,9.9961
2022-07-04,9.9347,9.9591,9.8313,9.8512
2022-07-05,9.8512,10.1206,9.8028,10.0616
2022-07-06,10.0618,10.1713,10.0193,10.1434
2022-07-07,10.1434,10.1591,10.0712,10.0891
2022-07-08,10.0885,10.2067,10.0441,10.0787
2022-07-11,10.0928,10.2522,10.0786,10.2029
2022-07-12,10.2032,10.2692,10.1906,10.2528
2022-07-13,10.2528,10.2893,10.1292,10.1982
2022-07-14,10.1979,10.3552,10.1917,10.2391
2022-07-15,10.2386,10.2852,10.1454,10.1764
2022-07-18,10.2417,10.2451,10.0281,10.1
2022-07-19,10.1,10.1342,9.888,9.9148
2022-07-20,9.9159,10.0067,9.8732,9.9755
2022-07-21,9.9764,10.0191,9.883,9.9383
2022-07-22,9.9383,10.0359,9.8783,9.9338
2022-07-25,10.0244,10.0695,9.8215,9.8365
2022-07-26,9.836,9.9167,9.79,9.9059
2022-07-27,9.9035,9.9139,9.7123,9.7404
2022-07-28,9.7402,9.818,9.6819,9.725
2022-07-29,9.7248,9.8245,9.6512,9.6742
2022-08-01,9.6851,9.745,9.5847,9.6327
2022-08-02,9.6327,9.7804,9.6115,9.7744
2022-08-03,9.7744,9.7955,9.6784,9.7148
2022-08-04,9.7145,9.7726,9.6828,9.7359
2022-08-05,9.7357,9.8748,9.7234,9.7951
2022-08-08,9.8052,9.8767,9.7021,9.757
2022-08-09,9.7514,9.7613,9.6896,9.7268
2022-08-10,9.7271,9.7386,9.4859,9.5177
2022-08-11,9.5177,9.5564,9.4611,9.5261
2022-08-12,9.5261,9.5959,9.5057,9.5696
2022-08-15,9.5687,9.7193,9.5625,9.7158
2022-08-16,9.6697,9.7486,9.6547,9.6664
2022-08-17,9.6666,9.75,9.6442,9.7112
2022-08-18,9.7099,9.7661,9.6451,9.7369
2022-08-19,9.7369,9.8226,9.7243,9.8138
2022-08-22,9.8076,9.8581,9.7584,9.8293
2022-08-23,9.8293,9.8862,9.6803,9.7125
2022-08-24,9.7121,9.7521,9.6514,9.6919
2022-08-25,9.6919,9.8145,9.6051,9.6611
2022-08-26,9.662,9.7719,9.5721,9.7564
2022-08-29,9.7445,9.8439,9.7198,9.7513
2022-08-30,9.7513,9.8376,9.6922,9.8133
2022-08-31,9.8148,9.9744,9.7499,9.9293
2022-09-01,9.9308,10.0808,9.9117,10.059
2022-09-02,10.0591,10.0663,9.9388,10.0195
2022-09-05,10.036,10.0728,9.9557,9.9713
2022-09-06,9.9715,10.0418,9.9095,10.0279
2022-09-07,10.0279,10.088,9.9723,10.0041
2022-09-08,10.0057,10.1245,9.9506,10.0494
2022-09-09,10.0488,10.0572,9.8422,9.9273
2022-09-12,9.9291,9.9291,9.7808,9.8468
2022-09-13,9.8468,10.1208,9.8093,10.1113
2022-09-14,10.1113,10.1484,10.0124,10.0826
2022-09-15,10.0826,10.1831,10.0745,10.1681
2022-09-16,10.1683,10.2898,10.1505,10.1933
2022-09-19,10.2341,10.3361,10.1778,10.2016
2022-09-20,10.1985,10.3594,10.1822,10.3354
2022-09-21,10.3354,10.4107,10.245,10.3504
2022-09-22,10.3504,10.4377,10.2815,10.4024
2022-09-23,10.4019,10.6564,10.3846,10.6117
2022-09-26,10.6146,10.8593,10.5842,10.8207
2022-09-27,10.8206,10.8548,10.6899,10.8204
2022-09-28,10.8205,11.0111,10.6461,10.667
2022-09-29,10.6655,10.8776,10.6537,10.6994
2022-09-30,10.7,10.9069,10.5119,10.8862
2022-10-03,10.8754,10.8969,10.6463,10.6518
2022-10-04,10.6519,10.7412,10.4243,10.4356
2022-10-05,10.4357,10.6825,10.4317,10.5083
2022-10-06,10.5083,10.7248,10.4501,10.7229
2022-10-07,10.7236,10.7592,10.658,10.7064
2022-10-10,10.716,10.7632,10.608,10.6967
2022-10-11,10.697,10.7981,10.6293,10.7551
2022-10-12,10.7551,10.7999,10.5991,10.7743
2022-10-13,10.7743,10.8626,10.5168,10.59
2022-10-14,10.5906,10.8293,10.5097,10.6789
2022-10-17,10.708,10.7202,10.5042,10.5367
2022-10-18,10.5386,10.6326,10.4607,10.5483
2022-10-19,10.5461,10.6609,10.4941,10.6148
2022-10-20,10.615,10.6755,10.5224,10.6329
2022-10-21,10.6329,10.743,10.4673,10.5335
2022-10-24,10.5076,10.6373,10.4448,10.5197
2022-10-25,10.5197,10.5667,10.3648,10.3899
2022-10-26,10.3897,10.4337,10.2343,10.2549
2022-10-27,10.2551,10.3317,10.2173,10.293
2022-10-28,10.293,10.3792,10.2364,10.3254
2022-10-31,10.3297,10.4211,10.2625,10.402
2022-11-01,10.4023,10.4155,10.2293,10.3499
2022-11-02,10.3499,10.4699,10.2596,10.4656
2022-11-03,10.4656,10.6389,10.4317,10.5681
2022-11-04,10.5681,10.5858,10.2224,10.2439
2022-11-07,10.2696,10.329,10.2074,10.2161
2022-11-08,10.2155,10.3205,10.1788,10.2344
2022-11-09,10.2411,10.4108,10.1388,10.3957
2022-11-10,10.3957,10.4644,10.0664,10.081
2022-11-11,10.0811,10.1356,9.892,9.9278
2022-11-14,9.9159,10.0475,9.869,10.0252
2022-11-15,10.0252,10.0589,9.8578,9.9972
2022-11-16,9.9972,10.0437,9.9092,10.0021
2022-11-17,10.0021,10.1913,9.9483,10.1197
2022-11-18,10.1197,10.2097,10.0772,10.1899
2022-11-21,10.2038,10.3034,10.1197,10.2643
2022-11-22,10.2643,10.2749,10.1099,10.1143
2022-11-23,10.1143,10.1243,9.9353,9.946
2022-11-24,9.946,9.9743,9.8935,9.9101
2022-11-25,9.9101,9.9399,9.8666,9.888
2022-11-28,9.8805,10.0388,9.8664,10.0237
2022-11-29,10.0237,10.032,9.9245,10.007
2022-11-30,10.0071,10.0209,9.8232,9.845
2022-12-01,9.845,9.8549,9.7199,9.7317
2022-12-02,9.7317,9.8667,9.7099,9.778
2022-12-05,9.7733,9.9719,9.7092,9.9484
2022-12-06,9.9486,10.0478,9.8971,10.0242
2022-12-07,10.0242,10.0784,9.9621,10.0237
2022-12-08,10.0237,10.0413,9.9416,9.9658
2022-12-09,9.9658,10.0357,9.9268,10.0
2022-12-12,9.982,10.0349,9.9458,9.9971
2022-12-13,9.9971,10.0025,9.7442,9.7772
2022-12-14,9.7772,9.8881,9.6982,9.7179
2022-12-15,9.7181,9.9012,9.7166,9.8675
2022-12-16,9.8675,9.9164,9.8118,9.896
2022-12-19,9.8493,9.949,9.8155,9.9062
2022-12-20,9.9062,9.9608,9.8434,9.8669
2022-12-21,9.8669,9.9034,9.7859,9.8388
2022-12-22,9.8389,9.9037,9.7468,9.8765
2022-12-23,9.8765,9.9929,9.8214,9.8911
2022-12-26,9.8748,9.8864,9.8431,9.8431
2022-12-27,9.844,9.8773,9.7838,9.8298
2022-12-28,9.8297,9.9046,9.7734,9.8986
2022-12-29,9.8986,9.919,9.8493,9.8841
2022-12-30,9.884,9.9126,9.7678,9.8038
2023-01-02,9.7946,9.8852,9.781,9.8562
2023-01-03,9.8562,10.0921,9.8271,10.0855
2023-01-04,10.0855,10.1438,9.9735,10.0889
2023-01-05,10.0911,10.2821,10.0449,10.2457
2023-01-06,10.2471,10.3031,9.9881,10.001
2023-01-09,10.031,10.0536,9.8246,9.9459
2023-01-10,9.9459,10.0092,9.8861,9.989
2023-01-11,9.989,10.0281,9.9552,10.0021
2023-01-12,10.0021,10.0333,9.8713,9.89
2023-01-13,9.8899,9.9496,9.8466,9.9027
2023-01-16,9.8636,9.9389,9.8056,9.9044
2023-01-17,9.9044,9.954,9.8396,9.8682
2023-01-18,9.8689,9.9379,9.7744,9.9013
2023-01-19,9.9016,9.9672,9.8812,9.8951
2023-01-20,9.8922,9.9409,9.8589,9.8762
2023-01-23,9.8475,9.9134,9.7788,9.816
2023-01-24,9.8166,9.9274,9.7828,9.8596
2023-01-25,9.8594,9.9588,9.8314,9.9028
2023-01-26,9.9027,9.9215,9.8419,9.8643
2023-01-27,9.8644,9.9145,9.8551,9.8905
2023-01-30,9.8771,9.986,9.855,9.9737
2023-01-31,9.9739,10.0813,9.9667,9.9878
2023-02-01,9.9883,10.0353,9.895,9.9147
2023-02-02,9.9144,10.0813,9.8664,10.0481
2023-02-03,10.0481,10.2267,10.0164,10.2197
2023-02-06,10.2248,10.3688,10.2037,10.3397
2023-02-07,10.3397,10.4335,10.2835,10.3155
2023-02-08,10.3155,10.3354,10.2297,10.324
2023-02-09,10.3242,10.3269,10.0932,10.1777
2023-02-10,10.1775,10.2188,10.099,10.1509
2023-02-13,10.157,10.1882,10.0895,10.0955
2023-02-14,10.0955,10.214,10.0506,10.1341
2023-02-15,10.1341,10.2467,10.1152,10.2118
2023-02-16,10.2118,10.3118,10.1492,10.2526
2023-02-17,10.2526,10.3757,10.2449,10.282
2023-02-20,10.2856,10.3571,10.195,10.2304
2023-02-21,10.2304,10.3238,10.2226,10.3085
2023-02-22,10.3081,10.3756,10.2784,10.3572
2023-02-23,10.3568,10.3834,10.2649,10.3062
2023-02-24,10.3062,10.4172,10.287,10.3867
2023-02-27,10.3791,10.4321,10.3147,10.339
2023-02-28,10.338,10.3908,10.3086,10.3863
2023-03-01,10.3863,10.4508,10.2982,10.3777
2023-03-02,10.3772,10.4951,10.3763,10.4506
2023-03-03,10.4505,10.4636,10.3827,10.3865
2023-03-06,10.4016,10.4747,10.368,10.417
2023-03-07,10.417,10.6959,10.3877,10.6959
2023-03-08,10.6952,10.7223,10.5947,10.6536
2023-03-09,10.6563,10.694,10.6053,10.6613
2023-03-10,10.6613,10.7512,10.5597,10.6318
2023-03-13,10.6229,10.6976,10.4989,10.5505
2023-03-14,10.5505,10.6461,10.5116,10.5366
2023-03-15,10.5366,10.8447,10.5105,10.7617
2023-03-16,10.7615,10.8778,10.7126,10.7616
2023-03-17,10.7624,10.7711,10.6497,10.6895
2023-03-20,10.6846,10.7922,10.5989,10.6475
2023-03-21,10.6475,10.6994,10.4707,10.5485
2023-03-22,10.5485,10.5782,10.3347,10.4657
2023-03-23,10.4656,10.4662,10.2763,10.3894
2023-03-24,10.388,10.5873,10.3742,10.482
2023-03-27,10.4939,10.5618,10.4495,10.4655
2023-03-28,10.4656,10.4739,10.35,10.3593
2023-03-29,10.3596,10.4435,10.346,10.4088
2023-03-30,10.4078,10.4527,10.3745,10.3882
2023-03-31,10.3882,10.4872,10.3662,10.4747
2023-04-03,10.4872,10.5142,10.2797,10.2976
2023-04-04,10.2976,10.3474,10.2451,10.3119
2023-04-05,10.3119,10.4672,10.29,10.4427
2023-04-06,10.4427,10.4853,10.4108,10.4463
2023-04-07,10.4445,10.5184,10.4339,10.5043
2023-04-10,10.5007,10.5654,10.4547,10.5275
2023-04-11,10.5267,10.6041,10.4664,10.557
2023-04-12,10.557,10.5747,10.4062,10.4427
2023-04-13,10.4427,10.4505,10.2778,10.3068
2023-04-14,10.3074,10.4111,10.2762,10.3892
2023-04-17,10.3769,10.5088,10.3442,10.4805
2023-04-18,10.4804,10.5055,10.4239,10.4594
2023-04-19,10.4594,10.5873,10.4538,10.58
2023-04-20,10.58,10.622,10.5638,10.5897
2023-04-21,10.5899,10.6814,10.5597,10.5907
2023-04-24,10.5876,10.6509,10.5195,10.5196
2023-04-25,10.5196,10.7013,10.4982,10.6776
2023-04-26,10.6772,10.6879,10.568,10.643
2023-04-27,10.643,10.6687,10.583,10.6174
2023-04-28,10.6165,10.7739,10.607,10.6522
2023-05-01,10.6568,10.7582,10.6328,10.7368
2023-05-02,10.7375,10.8324,10.6914,10.8128
2023-05-03,10.8118,10.8496,10.6937,10.7549
2023-05-04,10.7549,10.7769,10.6581,10.702
2023-05-05,10.702,10.727,10.5587,10.5693
2023-05-08,10.5678,10.5842,10.4547,10.4963
2023-05-09,10.4963,10.5912,10.495,10.5787
2023-05-10,10.5787,10.6032,10.4325,10.505
2023-05-11,10.5046,10.6877,10.4659,10.6798
2023-05-12,10.6798,10.7231,10.6397,10.6815
2023-05-15,10.6649,10.7089,10.589,10.6014
2023-05-16,10.6012,10.7395,10.585,10.7196
2023-05-17,10.7196,10.8421,10.6982,10.7831
2023-05-18,10.7831,10.9496,10.7493,10.9177
2023-05-19,10.9177,10.9423,10.8063,10.8719
2023-05-22,10.8635,10.9209,10.8456,10.8922
2023-05-23,10.8975,10.9972,10.8912,10.9572
2023-05-24,10.9572,11.0024,10.9328,10.9559
2023-05-25,10.9559,11.0741,10.9364,11.0497
2023-05-26,11.0497,11.1017,10.9799,11.0773
2023-05-29,11.0971,11.1378,11.0595,11.1089
2023-05-30,11.1089,11.2778,11.0451,11.1811
2023-05-31,11.181,11.2986,11.0767,11.0879
2023-06-01,11.0876,11.2055,11.0472,11.0547
2023-06-02,11.0545,11.0965,10.9073,11.0097
2023-06-05,11.0208,11.1008,10.9822,11.0326
2023-06-06,11.0317,11.1592,10.9909,11.0948
2023-06-07,11.0943,11.1351,10.9829,11.0388
2023-06-08,11.0389,11.0579,10.8822,10.8955
2023-06-09,10.8955,10.9237,10.7379,10.7645
2023-06-12,10.7613,10.8305,10.7287,10.7961
2023-06-13,10.7961,10.8137,10.6311,10.6495
2023-06-14,10.6466,10.7658,10.5234,10.6483
2023-06-15,10.6474,10.737,10.4772,10.4965
2023-06-16,10.4956,10.6101,10.4682,10.5683
2023-06-19,10.5464,10.6846,10.5389,10.6527
2023-06-20,10.6527,10.7974,10.6373,10.7154
2023-06-21,10.7154,10.7894,10.6281,10.6716
2023-06-22,10.6716,10.689,10.4848,10.6553
2023-06-23,10.6553,10.9133,10.6402,10.8258
2023-06-26,10.8596,10.8718,10.7023,10.725
2023-06-27,10.727,10.7884,10.6588,10.7779
2023-06-28,10.7779,10.8418,10.7437,10.7675
2023-06-29,10.7675,10.8375,10.7325,10.7999
2023-06-30,10.7998,10.8119,10.6697,10.7373
2023-07-03,10.7543,10.78,10.673,10.6963
2023-07-04,10.6967,10.7468,10.6165,10.6587
2023-07-05,10.6586,10.7189,10.6017,10.6778
2023-07-06,10.6775,10.8299,10.6458,10.7675
2023-07-07,10.7675,10.7799,10.6014,10.6219
2023-07-10,10.6545,10.6855,10.4754,10.4833
2023-07-11,10.4833,10.4855,10.3498,10.3537
2023-07-12,10.3537,10.4033,10.1005,10.1264
2023-07-13,10.1226,10.1405,9.9446,9.9574
2023-07-14,9.9575,10.0585,9.9384,10.0497
2023-07-17,10.0236,10.0909,9.9866,10.0588
2023-07-18,10.0587,10.1196,10.0145,10.0553
2023-07-19,10.0552,10.0981,9.992,10.0509
2023-07-20,10.0512,10.1015,9.9249,10.0739
2023-07-21,10.0739,10.1067,10.018,10.0816
2023-07-24,10.0887,10.1173,10.034,10.0621
2023-07-25,10.0622,10.1569,10.0138,10.0612
2023-07-26,10.0612,10.158,10.0516,10.1083
2023-07-27,10.1083,10.2066,9.9842,10.1924
2023-07-28,10.1933,10.2365,10.0782,10.2027
2023-07-31,10.1866,10.2421,10.0942,10.1297
2023-08-01,10.1304,10.2513,10.1149,10.203
2023-08-02,10.203,10.3129,10.1181,10.303
2023-08-03,10.303,10.3304,10.208,10.243
2023-08-04,10.243,10.2631,10.0807,10.1422
2023-08-07,10.1488,10.2025,10.1129,10.1601
2023-08-08,10.1601,10.3442,10.1405,10.27
2023-08-09,10.2712,10.2846,10.1843,10.2008
2023-08-10,10.2008,10.3273,10.0899,10.3232
2023-08-11,10.3232,10.4731,10.3012,10.4241
2023-08-14,10.4405,10.5404,10.4212,10.479
2023-08-15,10.4794,10.5425,10.4423,10.5373
2023-08-16,10.5369,10.6419,10.4722,10.6115
2023-08-17,10.6115,10.6732,10.5202,10.5843
2023-08-18,10.5823,10.6781,10.5427,10.6444
2023-08-21,10.6238,10.6623,10.552,10.6209
2023-08-22,10.6209,10.6579,10.5597,10.6198
2023-08-23,10.62,10.7324,10.5827,10.5926
2023-08-24,10.5926,10.7235,10.5694,10.7143
2023-08-25,10.7143,10.7501,10.6259,10.7018
2023-08-28,10.6831,10.7518,10.6359,10.716
2023-08-29,10.7161,10.7445,10.5621,10.5781
2023-08-30,10.5781,10.6296,10.5227,10.5926
2023-08-31,10.5926,10.6805,10.5677,10.6314
2023-09-01,10.6314,10.6891,10.5272,10.6611
2023-09-04,10.6646,10.7059,10.622,10.6277
2023-09-05,10.6278,10.7647,10.6135,10.7212
2023-09-06,10.7211,10.7539,10.6761,10.7167
2023-09-07,10.7167,10.7462,10.6936,10.7119
2023-09-08,10.7119,10.7174,10.6261,10.682
2023-09-11,10.6841,10.6885,10.6161,10.638
2023-09-12,10.638,10.7049,10.6287,10.675
2023-09-13,10.675,10.726,10.6589,10.715
2023-09-14,10.715,10.7774,10.6737,10.7349
2023-09-15,10.7349,10.7898,10.6989,10.7795
2023-09-18,10.7805,10.8751,10.7609,10.8069
2023-09-19,10.8069,10.8366,10.7193,10.7798
2023-09-20,10.7798,10.8012,10.6834,10.7886
2023-09-21,10.7886,10.8574,10.7528,10.7806
2023-09-22,10.781,10.8192,10.7072,10.7584
2023-09-25,10.7579,10.8217,10.7191,10.8011
2023-09-26,10.8018,10.8678,10.7762,10.8188
2023-09-27,10.8189,10.8367,10.7181,10.7619
2023-09-28,10.7619,10.7713,10.6982,10.7276
2023-09-29,10.7276,10.7418,10.5759,10.6961
2023-10-02,10.7121,10.8613,10.6563,10.8586
2023-10-03,10.8586,11.0241,10.8408,10.9662
2023-10-04,10.9658,11.0395,10.919,10.9981
2023-10-05,10.9971,11.0381,10.9556,10.9603
2023-10-06,10.9603,11.0759,10.8786,10.9167
2023-10-09,10.9544,10.9808,10.7786,10.7839
2023-10-10,10.7839,10.8819,10.7633,10.8097
2023-10-11,10.8115,10.883,10.7708,10.8545
2023-10-12,10.8546,10.997,10.8255,10.9767
2023-10-13,10.9767,10.992,10.9114,10.9471
2023-10-16,10.9509,10.9729,10.9049,10.9211
2023-10-17,10.9214,11.0139,10.9152,10.953
2023-10-18,10.953,11.078,10.9341,11.046
2023-10-19,11.046,11.1144,10.9676,11.003
2023-10-20,11.003,11.0759,10.9858,11.0669
2023-10-23,11.0521,11.1561,11.0411,11.0791
2023-10-24,11.0791,11.1983,11.0211,11.1686
2023-10-25,11.1689,11.2168,11.1272,11.1985
2023-10-26,11.1981,11.2751,11.1799,11.2063
2023-10-27,11.2063,11.2384,11.1513,11.1836
2023-10-30,11.1501,11.1918,11.1016,11.1465
2023-10-31,11.1465,11.2059,11.1109,11.1788
2023-11-01,11.1803,11.2478,11.1381,11.1625
2023-11-02,11.1625,11.1965,11.1101,11.1632
2023-11-03,11.162,11.1804,11.0224,11.0445
2023-11-06,11.0466,11.0704,10.9983,11.0599
2023-11-07,11.0599,11.229,11.0423,11.1908
2023-11-08,11.1909,11.2461,11.1715,11.1749
2023-11-09,11.1749,11.2304,11.1042,11.2211
2023-11-10,11.2211,11.2281,11.1037,11.1131
2023-11-13,11.1259,11.1658,11.0593,11.0849
2023-11-14,11.0849,11.1619,10.8665,10.8821
2023-11-15,10.8821,10.8965,10.7739,10.8208
2023-11-16,10.8208,10.9479,10.7897,10.9355
2023-11-17,10.9355,10.9539,10.801,10.8077
2023-11-20,10.8095,10.8269,10.6867,10.7027
2023-11-21,10.7027,10.7154,10.6324,10.6805
2023-11-22,10.6805,10.8108,10.6596,10.7552
2023-11-23,10.7552,10.7986,10.6931,10.7731
2023-11-24,10.7731,10.7867,10.6843,10.7323
2023-11-27,10.7213,10.7348,10.6348,10.6395
2023-11-28,10.6395,10.7112,10.6094,10.6231
2023-11-29,10.6231,10.7077,10.5802,10.6599
2023-11-30,10.6599,10.8287,10.6354,10.8118
2023-12-01,10.8115,10.8133,10.6527,10.6718
2023-12-04,10.6694,10.8662,10.6538,10.8469
2023-12-05,10.8468,10.937,10.8332,10.9263
2023-12-06,10.9269,10.9828,10.9053,10.9779
2023-12-07,10.9776,10.9849,10.8568,10.8709
2023-12-08,10.8706,10.9602,10.8431,10.9053
2023-12-11,10.9202,10.9874,10.8971,10.9542
2023-12-12,10.9542,11.0169,10.8803,10.9649
2023-12-13,10.9649,11.0109,10.7618,10.7904
2023-12-14,10.7904,10.809,10.4471,10.5113
2023-12-15,10.511,10.5643,10.4251,10.4597
2023-12-18,10.4943,10.5382,10.3556,10.3962
2023-12-19,10.3962,10.4105,10.2588,10.2676
2023-12-20,10.2677,10.3647,10.2635,10.3536
2023-12-21,10.3536,10.3698,10.2599,10.2606
2023-12-22,10.2606,10.2958,10.153,10.2048
2023-12-25,10.2192,10.2529,10.1458,10.2329
2023-12-26,10.2183,10.2733,10.1232,10.1459
2023-12-27,10.1458,10.1794,10.0562,10.1025
2023-12-28,10.1025,10.2183,10.0638,10.1979
2023-12-29,10.1979,10.202,10.1117,10.1724
2024-01-02,10.1685,10.3606,10.1418,10.3551
2024-01-03,10.3551,10.399,10.2769,10.3418
2024-01-04,10.3418,10.3799,10.2742,10.2999
2024-01-05,10.2999,10.4144,10.207,10.3016
2024-01-08,10.3399,10.4231,10.2885,10.3642
2024-01-09,10.3642,10.396,10.3314,10.3642
2024-01-10,10.3642,10.3769,10.3056,10.3465
2024-01-11,10.3465,10.3935,10.2978,10.3087
2024-01-12,10.3084,10.3346,10.2459,10.2821
2024-01-15,10.2865,10.3664,10.2639,10.3481
2024-01-16,10.3465,10.4885,10.3357,10.4712
2024-01-17,10.4712,10.5597,10.4398,10.5108
2024-01-18,10.5108,10.5619,10.4725,10.5297
2024-01-19,10.5299,10.5382,10.4581,10.4889
2024-01-22,10.4917,10.5236,10.4725,10.5136
2024-01-23,10.5136,10.549,10.4688,10.504
2024-01-24,10.504,10.5133,10.4284,10.468
2024-01-25,10.468,10.4888,10.4033,10.4364
2024-01-26,10.4364,10.4833,10.3865,10.4268
2024-01-29,10.4293,10.4869,10.4024,10.4311
2024-01-30,10.4306,10.4905,10.3998,10.4398
2024-01-31,10.4395,10.5229,10.39,10.5052
2024-02-01,10.5052,10.5673,10.412,10.4362
2024-02-02,10.4362,10.6413,10.4203,10.6042
2024-02-05,10.6103,10.722,10.6074,10.6859
2024-02-06,10.6859,10.7123,10.5823,10.5904
2024-02-07,10.5904,10.6323,10.5399,10.5826
2024-02-08,10.5828,10.636,10.5531,10.6181
2024-02-09,10.6181,10.6353,10.5372,10.5423
2024-02-12,10.5594,10.5722,10.4888,10.5008
2024-02-13,10.5008,10.6953,10.4681,10.6769
2024-02-14,10.6771,10.6865,10.5705,10.5856
2024-02-15,10.5854,10.6014,10.5108,10.5247
2024-02-16,10.5248,10.5889,10.4933,10.5069
2024-02-19,10.521,10.5318,10.4779,10.4851
2024-02-20,10.4854,10.5073,10.4395,10.4885
2024-02-21,10.4886,10.5266,10.47,10.4841
2024-02-22,10.4841,10.5188,10.3923,10.5061
2024-02-23,10.5061,10.5619,10.487,10.5347
2024-02-26,10.5271,10.5585,10.5088,10.5122
2024-02-27,10.5122,10.5583,10.491,10.5316
2024-02-28,10.5316,10.6163,10.5254,10.5899
2024-02-29,10.5899,10.6312,10.5571,10.622
2024-03-01,10.622,10.6457,10.5118,10.5238
2024-03-04,10.5217,10.5784,10.5016,10.5681
2024-03-05,10.5681,10.6033,10.5091,10.5688
2024-03-06,10.5688,10.5982,10.4713,10.4933
2024-03-07,10.4933,10.5345,10.4006,10.4022
2024-03-08,10.4022,10.437,10.3109,10.4251
2024-03-11,10.4153,10.491,10.4132,10.457
2024-03-12,10.457,10.5527,10.4375,10.5243
2024-03-13,10.5242,10.5281,10.4537,10.4808
2024-03-14,10.4809,10.5815,10.4611,10.556
2024-03-15,10.556,10.6332,10.5408,10.6189
2024-03-18,10.5239,10.6699,10.5151,10.656
2024-03-19,10.6563,10.713,10.616,10.6483
2024-03-20,10.6483,10.6963,10.5585,10.5784
2024-03-21,10.5784,10.6837,10.519,10.6661
2024-03-22,10.6662,10.7796,10.6456,10.7559
2024-03-25,10.76,10.7665,10.6841,10.7165
2024-03-26,10.7187,10.7618,10.6721,10.7568
2024-03-27,10.7566,10.8013,10.702,10.7797
2024-03-28,10.7794,10.863,10.7768,10.8567
2024-03-29,10.8574,10.9555,10.8046,10.826
2024-04-01,10.8204,10.9743,10.8014,10.9581
2024-04-02,10.9578,10.9733,10.8333,10.8383
2024-04-03,10.8385,10.8578,10.713,10.727
2024-04-04,10.7294,10.764,10.6618,10.7428
2024-04-05,10.7428,10.7869,10.7013,10.7291
2024-04-08,10.7352,10.773,10.655,10.6846
2024-04-09,10.6846,10.6951,10.632,10.6766
2024-04-10,10.6767,10.8649,10.629,10.8447
2024-04-11,10.8406,10.8867,10.7808,10.8309
2024-04-12,10.8323,10.924,10.8179,10.8983
2024-04-15,10.9182,10.9789,10.8618,10.9429
2024-04-16,10.943,11.0252,10.9072,10.9846
2024-04-17,10.9846,11.049,10.9494,11.0006
2024-04-18,11.0006,11.0594,10.9587,11.0554
2024-04-19,11.0554,11.0942,10.9847,11.0198
2024-04-22,11.0253,11.0495,10.9853,10.9889
2024-04-23,10.9889,11.0193,10.9085,10.9122
2024-04-24,10.9123,11.0125,10.8747,10.9847
2024-04-25,10.9845,11.029,10.9145,10.9587
2024-04-26,10.9588,11.0567,10.9381,11.0346
2024-04-29,11.009,11.0393,10.9737,10.9948
2024-04-30,10.9948,11.1171,10.9848,11.1163
2024-05-01,11.1163,11.1385,11.0039,11.0409
2024-05-02,11.0415,11.0974,10.9866,10.9914
2024-05-03,10.9914,11.0106,10.8061,10.8775
2024-05-06,10.872,10.8795,10.8011,10.8403
2024-05-07,10.8398,10.9239,10.8144,10.9081
2024-05-08,10.9076,10.9606,10.8869,10.9086
2024-05-09,10.9068,10.9359,10.8485,10.8511
2024-05-10,10.851,10.9231,10.8074,10.8432
2024-05-13,10.8646,10.9074,10.797,10.8254
2024-05-14,10.8254,10.8637,10.7991,10.8046
2024-05-15,10.8046,10.8119,10.6663,10.6715
2024-05-16,10.6715,10.7327,10.6478,10.6996
2024-05-17,10.7022,10.7411,10.6705,10.6807
2024-05-20,10.6948,10.7096,10.6587,10.7028
2024-05-21,10.7028,10.7309,10.6402,10.6716
2024-05-22,10.6709,10.7196,10.6479,10.7087
2024-05-23,10.7087,10.7178,10.598,10.6764
2024-05-24,10.6751,10.6834,10.5574,10.5813
2024-05-27,10.5955,10.6186,10.4848,10.4981
2024-05-28,10.4981,10.521,10.465,10.5102
2024-05-29,10.5102,10.5982,10.4716,10.5922
2024-05-30,10.5922,10.6279,10.5159,10.5484
2024-05-31,10.5484,10.571,10.4553,10.4956
2024-06-03,10.5123,10.526,10.4495,10.4565
2024-06-04,10.4571,10.597,10.4354,10.5655
2024-06-05,10.5655,10.6039,10.5301,10.5826
2024-06-06,10.5825,10.6098,10.5426,10.5522
2024-06-07,10.5509,10.7186,10.5284,10.7127
2024-06-10,10.7019,10.7616,10.6404,10.6437
2024-06-11,10.6437,10.7414,10.6361,10.694
2024-06-12,10.6942,10.7128,10.4867,10.5792
2024-06-13,10.5792,10.6777,10.5491,10.6578
2024-06-14,10.6585,10.7268,10.6341,10.6745
2024-06-17,10.684,10.7389,10.6554,10.6593
2024-06-18,10.6593,10.6959,10.5767,10.5794
2024-06-19,10.5794,10.5978,10.5373,10.5667
2024-06-20,10.5667,10.5859,10.4999,10.5515
2024-06-21,10.5515,10.5905,10.5305,10.5692
2024-06-24,10.569,10.5912,10.5214,10.5385
2024-06-25,10.5385,10.6232,10.5196,10.6135
2024-06-26,10.6135,10.7136,10.6016,10.6803
2024-06-27,10.6804,10.7124,10.6314,10.6458
2024-06-28,10.6458,10.6956,10.6234,10.6789
2024-07-01,10.6541,10.6864,10.6013,10.6578
2024-07-02,10.6576,10.7219,10.6552,10.6719
2024-07-03,10.6719,10.7016,10.5261,10.5541
2024-07-04,10.5541,10.5806,10.5419,10.567
2024-07-05,10.567,10.6014,10.5203,10.5585
2024-07-08,10.5825,10.6496,10.5335,10.6067
2024-07-09,10.6067,10.6345,10.5719,10.5819
2024-07-10,10.5839,10.736,10.5721,10.7108
2024-07-11,10.7108,10.8135,10.6463,10.71
2024-07-12,10.7103,10.7745,10.6433,10.6951
2024-07-15,10.7399,10.8183,10.7303,10.8144
2024-07-16,10.8144,10.8488,10.786,10.7975
2024-07-17,10.7973,10.8139,10.7048,10.7161
2024-07-18,10.7163,10.8297,10.7115,10.8054
2024-07-19,10.8054,10.9412,10.79,10.9157
2024-07-22,10.8955,11.007,10.8746,10.948
2024-07-23,10.948,11.0521,10.9419,11.0253
2024-07-24,11.0251,11.079,10.9818,11.0285
2024-07-25,11.0285,11.1388,10.9816,11.0382
2024-07-26,11.0382,11.0412,10.9247,11.0211
2024-07-29,11.015,11.0518,10.9755,10.9988
2024-07-30,11.0002,11.0299,10.9533,10.9546
2024-07-31,10.9559,10.9698,10.881,10.9091
2024-08-01,10.9091,10.9672,10.8518,10.9518
2024-08-02,10.9518,11.0266,10.9109,10.9433
2024-08-05,10.9168,11.1323,10.9006,11.0199
2024-08-06,11.0201,11.0452,10.8844,10.9189
2024-08-07,10.9138,10.9477,10.7443,10.808
2024-08-08,10.808,10.8904,10.7612,10.8435
2024-08-09,10.8434,10.8561,10.7937,10.808
2024-08-12,10.8142,10.8275,10.7594,10.809
2024-08-13,10.8091,10.8197,10.7229,10.7294
2024-08-14,10.7302,10.7568,10.6273,10.7184
2024-08-15,10.7184,10.7562,10.6612,10.7468
2024-08-16,10.7468,10.7699,10.6728,10.6769
2024-08-19,10.6861,10.7023,10.5337,10.5507
2024-08-20,10.5507,10.5747,10.488,10.4939
2024-08-21,10.494,10.537,10.4718,10.5075
2024-08-22,10.5077,10.6105,10.4888,10.6002
2024-08-23,10.6002,10.6359,10.4564,10.4626
2024-08-26,10.5006,10.5711,10.4489,10.5429
2024-08-27,10.5419,10.5647,10.4519,10.4596
2024-08-28,10.4596,10.5464,10.4482,10.5024
2024-08-29,10.5024,10.5364,10.4638,10.5008
2024-08-30,10.5008,10.6427,10.4759,10.6128
2024-09-02,10.5707,10.6189,10.5578,10.5841
2024-09-03,10.5841,10.7213,10.5841,10.6858
2024-09-04,10.6858,10.7366,10.5837,10.63
2024-09-05,10.63,10.6622,10.591,10.6362
2024-09-06,10.6362,10.7395,10.5562,10.714
2024-09-09,10.7282,10.8526,10.6971,10.8363
2024-09-10,10.8363,10.8654,10.7685,10.8416
2024-09-11,10.8413,10.9137,10.7878,10.851
2024-09-12,10.851,10.8756,10.7158,10.7158
2024-09-13,10.7159,10.7234,10.6315,10.6614
2024-09-16,10.6946,10.7318,10.5777,10.5909
2024-09-17,10.5909,10.6243,10.5586,10.6078
2024-09-18,10.6075,10.6217,10.4754,10.5899
2024-09-19,10.5899,10.6515,10.4382,10.4935
2024-09-20,10.4935,10.5625,10.4464,10.4861
2024-09-23,10.5135,10.5445,10.4616,10.4889
2024-09-24,10.4889,10.5085,10.4009,10.4041
2024-09-25,10.4041,10.5883,10.3916,10.5729
2024-09-26,10.5726,10.6132,10.5021,10.5296
2024-09-27,10.5296,10.578,10.4713,10.5026
2024-09-30,10.5233,10.5807,10.4837,10.5481
2024-10-01,10.5481,10.6326,10.5279,10.6137
2024-10-02,10.6134,10.624,10.5201,10.5698
2024-10-03,10.5698,10.648,10.5634,10.6082
2024-10-04,10.6075,10.7048,10.5822,10.6576
2024-10-07,10.6796,10.6865,10.6119,10.6392
2024-10-08,10.6392,10.7426,10.6281,10.706
2024-10-09,10.7059,10.817,10.7009,10.7776
2024-10-10,10.7776,10.855,10.7296,10.7484
2024-10-11,10.7484,10.7702,10.6822,10.6957
2024-10-14,10.7413,10.8022,10.6926,10.7984
2024-10-15,10.7967,10.8608,10.7798,10.8186
2024-10-16,10.8186,10.9378,10.7989,10.9167
2024-10-17,10.9167,10.9677,10.8959,10.9153
2024-10-18,10.915,10.9403,10.8588,10.9237
2024-10-21,10.9322,10.9704,10.885,10.9541
2024-10-22,10.9541,10.9592,10.903,10.9183
2024-10-23,10.9184,11.031,10.9106,10.992
2024-10-24,10.9918,10.997,10.913,10.9375
2024-10-25,10.9377,10.9795,10.9061,10.9777
2024-10-28,10.9388,11.0294,10.9254,10.9977
2024-10-29,10.9982,11.0089,10.9413,10.9588
2024-10-30,10.9585,10.9931,10.9087,10.9636
2024-10-31,10.9636,11.0446,10.9488,11.0002
2024-11-01,10.9998,11.0648,10.9728,11.0644
2024-11-04,10.9766,11.0209,10.9371,11.0042
2024-11-05,11.0042,11.0144,10.9442,10.9512
2024-11-06,10.9521,11.1712,10.9402,11.0764
2024-11-07,11.0764,11.096,10.8195,10.8642
2024-11-08,10.8635,11.0546,10.8635,11.0015
2024-11-11,11.023,11.0846,10.9906,11.034
2024-11-12,11.0338,11.1114,11.0184,11.0734
2024-11-13,11.0734,11.157,11.033,11.1376
2024-11-14,11.1376,11.1967,11.0741,11.1508
2024-11-15,11.1508,11.1662,11.0386,11.0843
2024-11-18,11.0914,11.1329,10.9874,10.9993
2024-11-19,10.9993,11.0767,10.9616,10.9811
2024-11-20,10.9811,11.0865,10.9589,11.0593
2024-11-21,11.0593,11.0983,11.0195,11.0687
2024-11-22,11.0685,11.2,11.0448,11.0688
2024-11-25,11.024,11.1311,10.9879,11.0927
2024-11-26,11.0927,11.1971,11.0707,11.1602
2024-11-27,11.1602,11.1764,11.0384,11.0599
2024-11-28,11.0593,11.1139,11.0027,11.045
2024-11-29,11.0447,11.0896,10.9959,11.0214
2024-12-02,11.0363,11.1585,11.0312,11.1029
2024-12-03,11.1029,11.1327,11.0267,11.0671
2024-12-04,11.0671,11.0979,11.0155,11.0559
2024-12-05,11.0559,11.083,11.0094,11.0364
2024-12-06,11.0357,11.1828,11.0315,11.1544
2024-12-09,11.1573,11.1984,11.0746,11.1242
2024-12-10,11.1238,11.1781,11.0935,11.1514
2024-12-11,11.1516,11.204,11.1024,11.1482
2024-12-12,11.1482,11.183,11.0816,11.1749
2024-12-13,11.1749,11.1948,11.0828,11.1434
2024-12-16,11.1519,11.2048,11.1272,11.1554
2024-12-17,11.1554,11.2161,11.1316,11.1928
2024-12-18,11.1927,11.3986,11.1809,11.3865
2024-12-19,11.3866,11.4609,11.2818,11.4452
2024-12-20,11.4452,11.4769,11.286,11.3206
2024-12-23,11.3388,11.3875,11.2924,11.3562
2024-12-24,11.3562,11.403,11.3464,11.3769
2024-12-25,11.3769,11.3873,11.2299,11.3692
2024-12-26,11.3829,11.4198,11.3389,11.3913
2024-12-27,11.3913,11.4156,11.3292,11.3585
2024-12-30,11.3638,11.3961,11.3277,11.3293
2024-12-31,11.3291,11.392,11.3053,11.3865
2025-01-01,11.3878,11.4359,11.3632,11.3821
2025-01-02,11.3821,11.4181,11.3328,11.395
2025-01-03,11.3947,11.4082,11.3533,11.3644
2025-01-06,11.4404,11.4468,11.2214,11.2918
2025-01-07,11.2919,11.3541,11.2486,11.3541
2025-01-08,11.3541,11.4248,11.3203,11.4028
2025-01-09,11.4028,11.4538,11.3837,11.3949
2025-01-10,11.3951,11.5117,11.3886,11.4758
2025-01-13,11.4451,11.5311,11.4087,11.4234
2025-01-14,11.4238,11.4431,11.3707,11.3713
2025-01-15,11.3713,11.3919,11.2909,11.3316
2025-01-16,11.3317,11.4015,11.3083,11.3638
2025-01-17,11.3629,11.465,11.3463,11.4488
2025-01-20,11.4287,11.444,11.2789,11.2985
2025-01-21,11.2985,11.4296,11.2788,11.2922
2025-01-22,11.2919,11.3382,11.2393,11.2792
2025-01-23,11.2792,11.3134,11.2443,11.2749
2025-01-24,11.2758,11.2961,11.1661,11.1938
2025-01-27,11.2115,11.2687,11.1998,11.2423
2025-01-28,11.2423,11.3141,11.2421,11.2792
2025-01-29,11.2792,11.3486,11.2609,11.2894
2025-01-30,11.2894,11.3397,11.2625,11.3315
2025-01-31,11.3306,11.3482,11.2553,11.3436
2025-02-03,11.4702,11.5091,11.3351,11.3412
2025-02-04,11.3411,11.44,11.2288,11.2426
2025-02-05,11.2426,11.2673,11.1788,11.2269
2025-02-06,11.2269,11.2812,11.2036,11.2116
2025-02-07,11.2111,11.2816,11.1739,11.2444
2025-02-10,11.2491,11.3118,11.1952,11.2185
2025-02-11,11.2183,11.2339,11.1692,11.1956
2025-02-12,11.1953,11.3081,11.1913,11.2682
2025-02-13,11.2683,11.2965,11.1427,11.1444
2025-02-14,11.1444,11.1707,11.0794,11.1225
2025-02-17,11.1142,11.1445,11.0975,11.1041
2025-02-18,11.1037,11.1723,11.1002,11.155
2025-02-19,11.1552,11.2194,11.1177,11.1373
2025-02-20,11.1373,11.1485,11.0859,11.0925
2025-02-21,11.0925,11.1539,11.0841,11.1474
2025-02-24,11.1236,11.15,11.0849,11.1152
2025-02-25,11.1145,11.1427,11.0909,11.1083
2025-02-26,11.1075,11.1672,11.1008,11.1569
2025-02-27,11.1561,11.2584,11.147,11.2445
2025-02-28,11.2452,11.2885,11.2138,11.257
2025-03-03,11.2569,11.2706,11.1365,11.1874
2025-03-04,11.1875,11.2421,11.0859,11.0908
2025-03-05,11.0893,11.144,10.8925,10.9249
2025-03-06,10.9251,10.9355,10.8252,10.8888
2025-03-07,10.8907,10.9039,10.7932,10.8595
2025-03-10,10.87,10.8832,10.7195,10.7697
2025-03-11,10.7702,10.7798,10.6021,10.6538
2025-03-12,10.6538,10.6972,10.6119,10.6392
2025-03-13,10.6392,10.7167,10.6169,10.6794
2025-03-14,10.6794,10.7039,10.6325,10.6537
2025-03-17,10.6617,10.6637,10.5291,10.538
2025-03-18,10.538,10.5919,10.4862,10.5603
2025-03-19,10.5603,10.634,10.545,10.5616
2025-03-20,10.5617,10.6648,10.5468,10.5583
2025-03-21,10.5579,10.5807,10.4984,10.5517
2025-03-24,10.5645,10.5701,10.4739,10.5239
2025-03-25,10.5245,10.544,10.4305,10.5107
2025-03-26,10.5106,10.5716,10.4833,10.5592
2025-03-27,10.5592,10.5923,10.4793,10.4798
2025-03-28,10.4798,10.5516,10.4375,10.4784
2025-03-31,10.4708,10.5716,10.4532,10.5099
2025-04-01,10.5098,10.5344,10.4441,10.4681
2025-04-02,10.4676,10.4866,10.3376,10.4102
2025-04-03,10.4102,10.4713,10.192,10.3245
2025-04-04,10.3245,10.8283,10.3048,10.7624
2025-04-07,10.763,11.0479,10.7546,10.9715
2025-04-08,10.9714,10.9962,10.8422,10.954
2025-04-09,10.9546,11.0585,10.6821,10.7862
2025-04-10,10.7862,10.8885,10.7294,10.8182
2025-04-11,10.8188,10.8326,10.6026,10.6686
2025-04-14,10.6822,10.7388,10.5226,10.5642
2025-04-15,10.5642,10.6651,10.5218,10.6422
2025-04-16,10.6401,10.6756,10.5497,10.5569
2025-04-17,10.5569,10.6001,10.4645,10.4798
2025-04-18,10.4798,10.5099,10.4487,10.4831
2025-04-21,10.501,10.5054,10.3488,10.3783
2025-04-22,10.3786,10.4102,10.3179,10.3963
2025-04-23,10.3958,10.5464,10.3513,10.5335
2025-04-24,10.5334,10.6384,10.3819,10.3978
2025-04-25,10.3983,10.4659,10.3876,10.4371
2025-04-28,10.4503,10.4677,10.3224,10.3372
2025-04-29,10.3381,10.3975,10.3147,10.3677
2025-04-30,10.3677,10.4344,10.3451,10.4068
2025-05-01,10.4068,10.4703,10.3937,10.4441
2025-05-02,10.4448,10.4648,10.3221,10.4283
2025-05-05,10.3994,10.4358,10.3569,10.3858
2025-05-06,10.3858,10.4218,10.2494,10.2869
2025-05-07,10.2869,10.3601,10.2565,10.3508
2025-05-08,10.3508,10.4443,10.3221,10.4312
2025-05-09,10.4304,10.4632,10.3333,10.3802
2025-05-12,10.3723,10.4719,10.3375,10.455
2025-05-13,10.4556,10.4729,10.3478,10.3665
2025-05-14,10.3665,10.4005,10.2652,10.3793
2025-05-15,10.3794,10.4389,10.3624,10.4149
2025-05-16,10.4139,10.437,10.367,10.3787
2025-05-19,10.3858,10.403,10.2839,10.3103
2025-05-20,10.311,10.3398,10.254,10.2579
2025-05-21,10.2579,10.2597,10.1254,10.1736
2025-05-22,10.1736,10.2207,10.1523,10.2083
2025-05-23,10.2082,10.2208,10.0844,10.1171
2025-05-26,10.1073,10.1205,10.0521,10.0968
2025-05-27,10.0968,10.1634,10.0755,10.1584
2025-05-28,10.1595,10.2001,10.127,10.186
2025-05-29,10.1865,10.254,10.1118,10.1251
2025-05-30,10.1255,10.2372,10.1089,10.2124
2025-06-02,10.2297,10.2301,10.0657,10.0746
2025-06-03,10.0746,10.1615,10.0624,10.1606
2025-06-04,10.1622,10.1741,10.0785,10.1094
2025-06-05,10.1103,10.1246,10.0332,10.0743
2025-06-06,10.074,10.1303,10.0669,10.1116
2025-06-09,10.1035,10.1157,10.0459,10.0651
2025-06-10,10.066,10.1214,10.0422,10.1062
2025-06-11,10.1065,10.1325,10.0523,10.0646
2025-06-12,10.0646,10.074,9.9326,9.9365
2025-06-13,9.9367,10.0021,9.8931,9.9114
2025-06-16,9.933,9.9401,9.8641,9.9145
2025-06-17,9.9145,9.9477,9.8615,9.9431
2025-06-18,9.9452,9.9943,9.912,9.9794
2025-06-19,9.9794,10.1239,9.9733,10.0418
2025-06-20,10.0411,10.1279,10.0003,10.1023
2025-06-23,10.1141,10.2037,10.0819,10.088
2025-06-24,10.0875,10.1385,10.042,10.1257
2025-06-25,10.126,10.1842,10.1048,10.1312
2025-06-26,10.1312,10.1345,10.0374,10.0756
2025-06-27,10.0756,10.1137,10.036,10.0774
2025-06-30,10.0683,10.1341,10.0391,10.0728
2025-07-01,10.0728,10.0968,10.0007,10.0683
2025-07-02,10.0684,10.1328,10.0571,10.0605
2025-07-03,10.0605,10.1336,10.051,10.0539
2025-07-04,10.0539,10.0921,10.0423,10.0813
2025-07-07,10.0646,10.1479,10.0447,10.1321
2025-07-08,10.1327,10.1462,10.0372,10.0961
2025-07-09,10.0961,10.1232,10.084,10.0995
2025-07-10,10.0993,10.1566,10.0476,10.0765
2025-07-11,10.0765,10.1452,10.0712,10.128
2025-07-14,10.1476,10.1754,10.0868,10.1423
2025-07-15,10.1425,10.2682,10.1236,10.2579
2025-07-16,10.2576,10.335,10.1955,10.2465
2025-07-17,10.2463,10.3534,10.2219,10.2995
2025-07-18,10.2995,10.3063,10.1282,10.1893
2025-07-21,10.1824,10.2143,10.1402,10.1579
2025-07-22,10.1579,10.1967,10.0704,10.0754
2025-07-23,10.0753,10.1275,10.0521,10.1029
2025-07-24,10.1029,10.1334,10.0789,10.1298
2025-07-25,10.1297,10.1845,10.1143,10.1633
2025-07-28,10.1268,10.2142,10.1048,10.2
2025-07-29,10.1999,10.2474,10.1853,10.2053
2025-07-30,10.2054,10.3275,10.1654,10.3271
2025-07-31,10.3271,10.3479,10.269,10.3325
2025-08-01,10.333,10.3666,10.1999,10.2358
2025-08-04,10.2735,10.2855,10.2298,10.268
2025-08-05,10.268,10.2919,10.2466,10.2595
2025-08-06,10.2597,10.2694,10.1816,10.1867
2025-08-07,10.1869,10.2718,10.1532,10.2228
2025-08-08,10.2227,10.298,10.208,10.2837
2025-08-11,10.2115,10.2901,10.2115,10.2322
2025-08-12,10.2321,10.2594,10.1934,10.2211
2025-08-13,10.2215,10.2381,10.1763,10.1969
2025-08-14,10.1974,10.2389,10.1606,10.2201
2025-08-15,10.2201,10.2456,10.1597,10.1938
2025-08-18,10.1831,10.22,10.1582,10.2038
2025-08-19,10.2044,10.2884,10.1811,10.2802
2025-08-20,10.2801,10.3102,10.2266,10.2384
2025-08-21,10.2384,10.2582,10.1648,10.1824
2025-08-22,10.1824,10.2366,10.0373,10.0597
2025-08-25,10.0721,10.1481,10.0529,10.1257
2025-08-26,10.1257,10.1906,10.0953,10.1293
2025-08-27,10.1292,10.1889,10.0758,10.0896
2025-08-28,10.0897,10.1015,10.0443,10.0694
2025-08-29,10.0695,10.0863,10.0398,10.0587
2025-09-01,10.0705,10.0773,9.9814,9.999
2025-09-02,9.999,10.0809,9.9873,10.0378
2025-09-03,10.038,10.0615,10.0017,10.0393
2025-09-04,10.0393,10.1256,10.0332,10.0878
2025-09-05,10.0878,10.1062,9.9959,10.0402
2025-09-08,10.0285,10.0445,9.9696,9.982
2025-09-09,9.982,10.0024,9.9381,9.9821
2025-09-10,9.9825,10.0215,9.8754,9.937
2025-09-11,9.937,9.9713,9.8523,9.8594
2025-09-12,9.8594,9.9194,9.8494,9.8606
2025-09-15,9.9075,9.9178,9.8176,9.8262
2025-09-16,9.8259,9.8514,9.7487,9.771
2025-09-17,9.771,9.8309,9.7355,9.8238
2025-09-18,9.8234,9.9038,9.7718,9.8804
2025-09-19,9.8805,9.9678,9.871,9.9431
2025-09-22,9.8994,9.956,9.8947,9.914
2025-09-23,9.9143,9.9423,9.864,9.8893
2025-09-24,9.8887,9.9627,9.8789,9.9422
2025-09-25,9.9419,10.0588,9.9135,10.0371
2025-09-26,10.037,10.0516,9.9671,9.9759
2025-09-29,9.9719,9.9876,9.9392,9.9803
2025-09-30,9.9803,10.0013,9.9564,9.9951
2025-10-01,9.9951,10.0035,9.9005,9.9209
2025-10-02,9.9212,10.0253,9.8917,9.9859
2025-10-03,9.9847,9.9958,9.9224,9.9654
2025-10-06,9.989,9.9981,9.9151,9.922
2025-10-07,9.922,10.0029,9.9156,9.9706
2025-10-08,9.9712,10.0152,9.9569,9.9771
2025-10-09,9.9771,10.0914,9.9647,10.0618
2025-10-10,10.0618,10.1416,10.0579,10.1214
2025-10-13,10.057,10.1187,10.0465,10.0872
2025-10-14,10.0871,10.2152,10.0813,10.1632
2025-10-15,10.1632,10.1662,10.0705,10.0971
2025-10-16,10.0971,10.1074,10.0416,10.0723
2025-10-17,10.0723,10.116,10.0387,10.0679
2025-10-20,10.0548,10.0854,10.0327,10.0564
2025-10-21,10.0564,10.083,10.0331,10.061
2025-10-22,10.061,10.0692,10.004,10.0215
2025-10-23,10.0215,10.0564,9.9717,9.9752
2025-10-24,9.9753,10.0254,9.957,10.0139
2025-10-27,10.0118,10.0218,9.9773,9.9852
2025-10-28,9.9852,10.0232,9.9609,9.988
2025-10-29,9.988,10.0432,9.9486,10.0241
2025-10-30,10.0241,10.1028,9.9954,10.0609
2025-10-31,10.0609,10.1312,10.0441,10.1227
2025-11-03,10.1295,10.153,10.0956,10.1266
2025-11-04,10.1271,10.231,10.1205,10.2226
2025-11-05,10.2226,10.2477,10.191,10.2173
2025-11-06,10.2173,10.2396,10.1628,10.2055
2025-11-07,10.2055,10.219,10.148,10.1607
2025-11-10,10.159,10.1839,10.0765,10.1316
2025-11-11,10.131,10.1623,10.0406,10.0613
2025-11-12,10.0613,10.0989,10.0423,10.0804
2025-11-13,10.0804,10.0972,9.9991,10.0261
2025-11-14,10.0264,10.1062,9.9909,10.0903
2025-11-17,10.0851,10.1231,10.0769,10.1071
2025-11-18,10.1068,10.1459,10.0983,10.1091
2025-11-19,10.1085,10.2008,10.0958,10.1755
2025-11-20,10.1754,10.2308,10.1643,10.214
2025-11-21,10.214,10.2992,10.1627,10.2533
2025-11-24,10.2488,10.2631,10.2125,10.2363
2025-11-25,10.2363,10.2759,10.2114,10.2291
2025-11-26,10.2291,10.2567,10.1913,10.2028
2025-11-27,10.2028,10.2139,10.1528,10.1595
2025-11-28,10.1594,10.2013,10.1099,10.1304
2025-12-01,10.1284,10.1408,10.1011,10.1322
2025-12-02,10.1322,10.1655,10.1223,10.1362
2025-12-03,10.1365,10.1797,10.0532,10.0576
2025-12-04,10.0577,10.115,10.0569,10.1134
2025-12-05,10.1132,10.1222,10.0741,10.1073
2025-12-08,10.1078,10.1512,10.0916,10.1331
2025-12-09,10.1332,10.1683,10.102,10.153
2025-12-10,10.1523,10.1639,10.0773,10.0865
2025-12-11,10.0865,10.1281,10.0515,10.0685
2025-12-12,10.0685,10.1559,10.0588,10.1341
2025-12-15,10.1264,10.1673,10.1088,10.1473
2025-12-16,10.1473,10.1995,10.1374,10.1882
2025-12-17,10.1883,10.2345,10.18,10.205
2025-12-18,10.205,10.2429,10.1392,10.1634
2025-12-19,10.1633,10.2012,10.1216,10.1415
2025-12-22,10.1386,10.143,10.1012,10.1026
2025-12-23,10.1026,10.1131,10.0267,10.0336
2025-12-24,10.0336,10.047,9.9763,10.0142
2025-12-25,10.0142,10.0293,9.9952,10.0109
2025-12-26,10.0067,10.0302,9.9734,10.0077
2025-12-29,10.0082,10.0692,9.996,10.0421
2025-12-30,10.042,10.0828,10.0164,10.0461
2025-12-31,10.0461,10.1081,10.0373,10.0865
2026-01-01,10.0831,10.0908,10.0763,10.0812
2026-01-02,10.0826,10.093,10.0407,10.0654
2026-01-05,10.0747,10.1139,10.0197,10.0325
2026-01-06,10.0325,10.0622,10.0004,10.0523
2026-01-07,10.0523,10.0911,10.0381,10.0854
2026-01-08,10.0854,10.1305,10.0755,10.082
2026-01-09,10.082,10.1349,10.0527,10.0983
2026-01-12,10.1016,10.1051,10.0405,10.0653
2026-01-13,10.0653,10.1015,10.0526,10.0943
2026-01-14,10.0943,10.1061,10.0391,10.0556
2026-01-15,10.0554,10.1276,10.0483,10.1133
2026-01-16,10.1133,10.1235,10.0702,10.0936
2026-01-19,10.1053,10.1127,10.0517,10.0604
2026-01-20,10.0604,10.0664,9.9633,9.9941
2026-01-21,9.9942,10.0029,9.9092,9.9626
2026-01-22,9.9626,9.9737,9.8532,9.8569
2026-01-23,9.8571,9.8737,9.7633,9.7687
2026-01-26,9.755,9.8092,9.7139,9.7714
2026-01-27,9.7715,9.8015,9.5471,9.5777
2026-01-28,9.5777,9.6619,9.5644,9.596
2026-01-29,9.596,9.6295,9.4942,9.538
2026-01-30,9.538,9.6455,9.5208,9.6376
2026-02-02,9.6329,9.7288,9.6241,9.7023
2026-02-03,9.7021,9.7089,9.6184,9.6255
2026-02-04,9.6253,9.7143,9.6109,9.6675
2026-02-05,9.6675,9.8121,9.6539,9.8101
2026-02-06,9.8101,9.84,9.6552,9.6809
2026-02-09,9.6755,9.7263,9.5707,9.577
2026-02-10,9.577,9.5998,9.477,9.5233
2026-02-11,9.5233,9.5413,9.4453,9.4844
2026-02-12,9.4841,9.5579,9.434,9.5348
2026-02-13,9.5348,9.5765,9.4797,9.5102
2026-02-16,9.5184,9.5312,9.4788,9.5078
2026-02-17,9.5082,9.5994,9.4874,9.5324
2026-02-18,9.5325,9.5562,9.4645,9.5375
2026-02-19,9.538,9.6011,9.491,9.5602
2026-02-20,9.5602,9.6097,9.504,9.5283
2026-02-23,9.5399,9.5791,9.4897,9.5668
2026-02-24,9.5656,9.592,9.5429,9.57
2026-02-25,9.57,9.6185,9.5226,9.5451
2026-02-26,9.5451,9.5981,9.5328,9.5568
2026-02-27,9.5569,9.5633,9.4922,9.5127
2026-03-02,9.5317,9.6123,9.4856,9.5836
2026-03-03,9.5848,9.7964,9.5492,9.6732
2026-03-04,9.673,9.7012,9.6101,9.6296
2026-03-05,9.6297,9.7162,9.6105,9.673
2026-03-06,9.6731,9.6835,9.5761,9.5825
2026-03-09,9.6413,9.6782,9.5866,9.5959
2026-03-10,9.5957,9.6431,9.5641,9.6389
2026-03-11,9.6385,9.6612,9.5976,9.6507
2026-03-12,9.6507,9.7126,9.6405,9.7089
2026-03-13,9.7089,9.7769,9.6903,9.7662
2026-03-16,9.7646,9.7806,9.6595,9.6736
2026-03-17,9.6736,9.7004,9.5761,9.5803
2026-03-18,9.5803,9.6266,9.558,9.6121
2026-03-19,9.6118,9.6195,9.4606,9.4844
2026-03-20,9.4844,9.5886,9.4814,9.5626
2026-03-23,9.5707,9.7783,9.5687,9.7369
2026-03-24,9.7369,9.7946,9.6455,9.6946
2026-03-25,9.6945,9.7506,9.6764,9.6947
2026-03-26,9.6959,9.7199,9.6277,9.7037
2026-03-27,9.7037,9.7592,9.661,9.7471
2026-03-30,9.7363,9.81,9.726,9.7456
2026-03-31,9.746,9.8158,9.6728,9.6925
2026-04-01,9.6927,9.7346,9.6415,9.7117
2026-04-02,9.7117,9.7819,9.6608,9.7322
2026-04-03,9.7333,9.797,9.6724,9.7701
2026-04-06,9.7745,9.7872,9.6992,9.7099
2026-04-07,9.7099,9.7236,9.6193,9.6398
2026-04-08,9.6397,9.6561,9.5086,9.5743
2026-04-09,9.575,9.5936,9.4776,9.5006
2026-04-10,9.5006,9.5288,9.4764,9.5279
2026-04-13,9.5971,9.612,9.4407,9.4487
2026-04-14,9.4487,9.465,9.3962,9.4522
2026-04-15,9.4522,9.4703,9.3808,9.4079
2026-04-16,9.4079,9.4355,9.3555,9.3859
2026-04-17,9.3869,9.4342,9.316,9.3771
2026-04-20,9.388,9.4105,9.3006,9.3165
2026-04-21,9.3165,9.3629,9.3038,9.3511
2026-04-22,9.3484,9.404,9.2636,9.3047
2026-04-23,9.3047,9.3599,9.2769,9.3455
2026-04-24,9.3447,9.3628,9.295,9.323
2026-04-27,9.3322,9.3615,9.2419,9.2911
2026-04-28,9.2911,9.3406,9.2796,9.3364
2026-04-29,9.3364,9.3643,9.2735,9.3371
2026-04-30,9.3371,9.3649,9.2579,9.2585
2026-05-01,9.2585,9.3345,9.2432,9.2949
2026-05-04,9.2792,9.296,9.2464,9.2769
2026-05-05,9.2769,9.2921,9.233,9.2557
2026-05-06,9.2558,9.3097,9.2019,9.2999
2026-05-07,9.2997,9.3144,9.2067,9.3111
2026-05-08,9.311,9.3177,9.1851,9.2109
2026-05-11,9.2103,9.2392,9.1764,9.182
2026-05-12,9.182,9.2092,9.1469,9.1854
2026-05-13,9.1854,9.2036,9.1532,9.175
2026-05-14,9.1749,9.2569,9.16,9.2358
2026-05-15,9.2358,9.361,9.1934,9.3097
