Date,Open,High,Low,Close
2016-01-01,0.6831,0.6859,0.6829,0.684
2016-01-04,0.6835,0.6858,0.672,0.6752
2016-01-05,0.6752,0.6758,0.6677,0.6705
2016-01-06,0.6705,0.6709,0.6626,0.6639
2016-01-07,0.6639,0.6667,0.6591,0.6627
2016-01-08,0.6627,0.6678,0.6541,0.6545
2016-01-11,0.656,0.658,0.6509,0.656
2016-01-12,0.656,0.6569,0.6515,0.6538
2016-01-13,0.6538,0.659,0.6514,0.6514
2016-01-14,0.6514,0.6516,0.6419,0.6474
2016-01-15,0.6474,0.6492,0.6381,0.6463
2016-01-18,0.6443,0.648,0.6406,0.6452
2016-01-19,0.6452,0.6513,0.6403,0.6411
2016-01-20,0.6411,0.6438,0.6348,0.643
2016-01-21,0.643,0.6559,0.6411,0.653
2016-01-22,0.653,0.6551,0.6467,0.6493
2016-01-25,0.6485,0.6533,0.645,0.6454
2016-01-26,0.6454,0.6512,0.6425,0.6499
2016-01-27,0.6499,0.6531,0.6418,0.6432
2016-01-28,0.6432,0.6514,0.6419,0.648
2016-01-29,0.648,0.6543,0.6459,0.6484
2016-02-01,0.6488,0.6558,0.645,0.6548
2016-02-02,0.6548,0.6555,0.6462,0.6515
2016-02-03,0.6515,0.6698,0.6509,0.6667
2016-02-04,0.6667,0.6747,0.6642,0.6723
2016-02-05,0.6723,0.6752,0.6616,0.6629
2016-02-08,0.6622,0.666,0.6593,0.6627
2016-02-09,0.6627,0.6669,0.6563,0.6636
2016-02-10,0.6636,0.6695,0.6605,0.6686
2016-02-11,0.6686,0.6735,0.6586,0.6717
2016-02-12,0.6717,0.6739,0.6614,0.6627
2016-02-15,0.663,0.6676,0.6614,0.6648
2016-02-16,0.6648,0.6676,0.6545,0.658
2016-02-17,0.658,0.665,0.6554,0.6633
2016-02-18,0.6633,0.6668,0.6606,0.6644
2016-02-19,0.6645,0.6647,0.6565,0.6632
2016-02-22,0.6638,0.6726,0.6622,0.6699
2016-02-23,0.6699,0.6715,0.6639,0.6643
2016-02-24,0.6642,0.6674,0.6587,0.6659
2016-02-25,0.6659,0.673,0.6643,0.6723
2016-02-26,0.6723,0.6775,0.6618,0.6629
2016-02-29,0.6648,0.666,0.6566,0.659
2016-03-01,0.659,0.664,0.6572,0.6629
2016-03-02,0.6629,0.6678,0.6594,0.6675
2016-03-03,0.6675,0.6756,0.6656,0.6724
2016-03-04,0.6724,0.6821,0.6715,0.6811
2016-03-07,0.6817,0.6817,0.675,0.6801
2016-03-08,0.6801,0.6804,0.6735,0.6746
2016-03-09,0.6746,0.681,0.6642,0.6654
2016-03-10,0.6654,0.6709,0.6619,0.6668
2016-03-11,0.6668,0.6774,0.6649,0.6749
2016-03-14,0.6738,0.6756,0.6658,0.6676
2016-03-15,0.6676,0.6685,0.6587,0.6601
2016-03-16,0.6601,0.674,0.6576,0.6724
2016-03-17,0.6724,0.6859,0.6721,0.6852
2016-03-18,0.6852,0.6874,0.6783,0.6804
2016-03-21,0.6806,0.6808,0.6747,0.6762
2016-03-22,0.6762,0.6776,0.6721,0.6753
2016-03-23,0.6753,0.6771,0.6683,0.6706
2016-03-24,0.6706,0.6722,0.6672,0.6702
2016-03-25,0.6702,0.6717,0.6677,0.6686
2016-03-28,0.6693,0.6736,0.6669,0.6723
2016-03-29,0.6723,0.6867,0.6718,0.685
2016-03-30,0.685,0.6965,0.6842,0.6921
2016-03-31,0.6921,0.6966,0.6882,0.6909
2016-04-01,0.6909,0.6937,0.6836,0.6904
2016-04-04,0.6896,0.6904,0.683,0.6834
2016-04-05,0.6834,0.6837,0.676,0.6804
2016-04-06,0.6804,0.6844,0.6774,0.6824
2016-04-07,0.6824,0.6863,0.6763,0.6777
2016-04-08,0.6777,0.683,0.6772,0.6809
2016-04-11,0.681,0.6879,0.6791,0.6858
2016-04-12,0.6858,0.6926,0.6852,0.6924
2016-04-13,0.6924,0.6953,0.6898,0.6919
2016-04-14,0.6919,0.6921,0.6824,0.6847
2016-04-15,0.6847,0.6927,0.6844,0.6919
2016-04-18,0.6891,0.6958,0.6846,0.695
2016-04-19,0.695,0.7054,0.6949,0.7045
2016-04-20,0.7045,0.7051,0.6973,0.6979
2016-04-21,0.6978,0.6983,0.69,0.6912
2016-04-22,0.6912,0.6936,0.6835,0.6852
2016-04-25,0.6858,0.6878,0.6842,0.6855
2016-04-26,0.6855,0.6911,0.6854,0.6899
2016-04-27,0.6899,0.6907,0.6808,0.6846
2016-04-28,0.6847,0.699,0.6847,0.6962
2016-04-29,0.6962,0.6999,0.6951,0.6977
2016-05-02,0.6978,0.7024,0.6966,0.702
2016-05-03,0.702,0.7054,0.6911,0.6914
2016-05-04,0.6914,0.6941,0.686,0.688
2016-05-05,0.688,0.6918,0.6872,0.6884
2016-05-06,0.6884,0.6891,0.6808,0.6831
2016-05-09,0.6829,0.6848,0.6764,0.6768
2016-05-10,0.6768,0.6779,0.6716,0.676
2016-05-11,0.6761,0.6845,0.6759,0.682
2016-05-12,0.682,0.6848,0.6805,0.682
2016-05-13,0.682,0.6831,0.6756,0.6775
2016-05-16,0.6774,0.6809,0.6747,0.6791
2016-05-17,0.679,0.6843,0.6779,0.6811
2016-05-18,0.6811,0.6813,0.6729,0.674
2016-05-19,0.674,0.6765,0.6711,0.6744
2016-05-20,0.6744,0.6781,0.6737,0.6765
2016-05-23,0.6757,0.6807,0.6748,0.6763
2016-05-24,0.6763,0.6768,0.6706,0.6738
2016-05-25,0.6738,0.6773,0.6727,0.6738
2016-05-26,0.6738,0.6767,0.6693,0.6741
2016-05-27,0.6741,0.6759,0.6687,0.6701
2016-05-30,0.6709,0.6709,0.6676,0.6694
2016-05-31,0.6694,0.6776,0.6689,0.6763
2016-06-01,0.6763,0.683,0.6761,0.6817
2016-06-02,0.6817,0.6834,0.678,0.681
2016-06-03,0.681,0.6961,0.6801,0.6958
2016-06-06,0.6939,0.6965,0.6905,0.6923
2016-06-07,0.6922,0.6982,0.6893,0.6979
2016-06-08,0.6979,0.7028,0.6946,0.701
2016-06-09,0.701,0.7148,0.7009,0.7105
2016-06-10,0.7104,0.7123,0.7041,0.7055
2016-06-13,0.7054,0.7082,0.7032,0.7061
2016-06-14,0.7061,0.7062,0.6993,0.6993
2016-06-15,0.6993,0.7071,0.6964,0.7034
2016-06-16,0.7034,0.7093,0.6969,0.7045
2016-06-17,0.7045,0.7072,0.7033,0.7049
2016-06-20,0.7043,0.7131,0.7042,0.712
2016-06-21,0.7119,0.7169,0.7102,0.7122
2016-06-22,0.7122,0.7188,0.712,0.7164
2016-06-23,0.7164,0.7255,0.716,0.725
2016-06-24,0.725,0.73,0.6974,0.7124
2016-06-27,0.7106,0.7114,0.6981,0.6996
2016-06-28,0.6995,0.7086,0.6987,0.7047
2016-06-29,0.7048,0.7137,0.7041,0.7113
2016-06-30,0.7113,0.7142,0.7058,0.7134
2016-07-01,0.7135,0.7198,0.712,0.7175
2016-07-04,0.7163,0.7241,0.7149,0.7229
2016-07-05,0.7229,0.7234,0.714,0.7154
2016-07-06,0.7154,0.7157,0.708,0.7132
2016-07-07,0.7132,0.7236,0.7117,0.7228
2016-07-08,0.7228,0.7307,0.7213,0.7306
2016-07-11,0.7289,0.7313,0.7216,0.722
2016-07-12,0.722,0.7325,0.7213,0.73
2016-07-13,0.73,0.7318,0.7239,0.7276
2016-07-14,0.7276,0.7294,0.7175,0.7199
2016-07-15,0.7199,0.7202,0.7109,0.7116
2016-07-18,0.7138,0.7158,0.7069,0.7116
2016-07-19,0.7116,0.7117,0.701,0.7053
2016-07-20,0.7053,0.7068,0.7016,0.7026
2016-07-21,0.7026,0.7026,0.6952,0.6997
2016-07-22,0.6996,0.7017,0.6975,0.6997
2016-07-25,0.6994,0.7017,0.6957,0.6996
2016-07-26,0.6996,0.7086,0.6984,0.7054
2016-07-27,0.7054,0.7085,0.7005,0.7076
2016-07-28,0.7076,0.7121,0.7063,0.7073
2016-07-29,0.7073,0.7229,0.7072,0.7199
2016-08-01,0.7197,0.723,0.7167,0.7172
2016-08-02,0.7172,0.7257,0.7163,0.7243
2016-08-03,0.7243,0.7247,0.7141,0.7159
2016-08-04,0.7159,0.7201,0.7147,0.7173
2016-08-05,0.7173,0.7219,0.7122,0.7144
2016-08-08,0.7132,0.7164,0.7088,0.7138
2016-08-09,0.7138,0.718,0.7111,0.7166
2016-08-10,0.7165,0.7265,0.7159,0.7206
2016-08-11,0.7207,0.7341,0.7203,0.7209
2016-08-12,0.7209,0.7255,0.7186,0.7197
2016-08-15,0.7188,0.7227,0.7165,0.7211
2016-08-16,0.7213,0.7305,0.7199,0.7281
2016-08-17,0.7281,0.7322,0.7204,0.7252
2016-08-18,0.7252,0.7311,0.7251,0.729
2016-08-19,0.729,0.7294,0.7242,0.7272
2016-08-22,0.7257,0.7294,0.721,0.7269
2016-08-23,0.7269,0.7344,0.7269,0.7291
2016-08-24,0.7292,0.7335,0.727,0.7312
2016-08-25,0.7312,0.7336,0.7287,0.7302
2016-08-26,0.7301,0.738,0.7221,0.7236
2016-08-29,0.7244,0.7264,0.7211,0.7251
2016-08-30,0.7251,0.7265,0.7205,0.722
2016-08-31,0.7219,0.7266,0.7216,0.725
2016-09-01,0.725,0.7295,0.7227,0.7283
2016-09-02,0.7283,0.736,0.7269,0.7286
2016-09-05,0.7287,0.7344,0.7277,0.7305
2016-09-06,0.7305,0.7422,0.7302,0.7418
2016-09-07,0.7417,0.7486,0.7397,0.7451
2016-09-08,0.7451,0.7482,0.7384,0.7399
2016-09-09,0.7399,0.7413,0.7315,0.7324
2016-09-12,0.7322,0.7357,0.7291,0.7353
2016-09-13,0.7353,0.7364,0.7235,0.7252
2016-09-14,0.7252,0.7313,0.7238,0.7283
2016-09-15,0.7283,0.7325,0.7241,0.7316
2016-09-16,0.7316,0.7331,0.7254,0.7266
2016-09-19,0.7273,0.7326,0.7245,0.7293
2016-09-20,0.7293,0.7358,0.7292,0.7314
2016-09-21,0.7314,0.7366,0.7279,0.735
2016-09-22,0.735,0.7369,0.7293,0.7313
2016-09-23,0.7313,0.7315,0.7224,0.7242
2016-09-26,0.7246,0.7287,0.7222,0.7274
2016-09-27,0.7274,0.7331,0.726,0.7301
2016-09-28,0.73,0.7306,0.7233,0.7284
2016-09-29,0.7284,0.7303,0.7237,0.7253
2016-09-30,0.7253,0.7298,0.7229,0.7286
2016-10-03,0.7271,0.729,0.7254,0.7275
2016-10-04,0.7275,0.7311,0.7198,0.721
2016-10-05,0.721,0.721,0.7149,0.7173
2016-10-06,0.7173,0.7182,0.7136,0.7165
2016-10-07,0.7165,0.72,0.711,0.7156
2016-10-10,0.7153,0.7186,0.7122,0.7136
2016-10-11,0.7136,0.7142,0.7047,0.7056
2016-10-12,0.7056,0.7095,0.7045,0.7062
2016-10-13,0.7062,0.7102,0.7035,0.7095
2016-10-14,0.7095,0.7133,0.7077,0.7087
2016-10-17,0.711,0.7141,0.7078,0.7134
2016-10-18,0.7134,0.7218,0.713,0.719
2016-10-19,0.719,0.7249,0.719,0.7232
2016-10-20,0.7232,0.7266,0.7182,0.7194
2016-10-21,0.7194,0.7195,0.7144,0.7161
2016-10-24,0.7159,0.7176,0.7125,0.7138
2016-10-25,0.7138,0.7173,0.711,0.7163
2016-10-26,0.7163,0.7184,0.7147,0.7154
2016-10-27,0.7154,0.7167,0.7108,0.7121
2016-10-28,0.7121,0.7168,0.7114,0.7163
2016-10-31,0.7153,0.7167,0.7138,0.7151
2016-11-01,0.7151,0.7191,0.7148,0.7184
2016-11-02,0.7184,0.731,0.7181,0.7288
2016-11-03,0.7288,0.7341,0.7279,0.7337
2016-11-04,0.7338,0.7339,0.7299,0.7326
2016-11-07,0.7318,0.736,0.7293,0.7344
2016-11-08,0.7344,0.7403,0.7318,0.7386
2016-11-09,0.7386,0.7393,0.7265,0.7279
2016-11-10,0.7279,0.7307,0.7177,0.7213
2016-11-11,0.7213,0.7229,0.7109,0.713
2016-11-14,0.7115,0.7143,0.7069,0.7118
2016-11-15,0.7117,0.7144,0.7071,0.7101
2016-11-16,0.7101,0.7114,0.7036,0.707
2016-11-17,0.707,0.711,0.7013,0.7025
2016-11-18,0.7025,0.7061,0.7001,0.701
2016-11-21,0.7017,0.7077,0.6985,0.7066
2016-11-22,0.7066,0.7086,0.7032,0.7062
2016-11-23,0.7062,0.708,0.6994,0.7007
2016-11-24,0.701,0.7012,0.6972,0.7002
2016-11-25,0.7002,0.7062,0.6984,0.7043
2016-11-28,0.7035,0.7102,0.7033,0.7073
2016-11-29,0.7073,0.7133,0.7066,0.7125
2016-11-30,0.7125,0.717,0.707,0.7083
2016-12-01,0.7083,0.7105,0.7044,0.7088
2016-12-02,0.7088,0.7149,0.7086,0.7141
2016-12-05,0.7135,0.7157,0.707,0.7141
2016-12-06,0.7141,0.7161,0.7095,0.712
2016-12-07,0.712,0.7167,0.7103,0.7165
2016-12-08,0.7165,0.7223,0.7146,0.7174
2016-12-09,0.7174,0.7189,0.7126,0.7136
2016-12-12,0.7143,0.7208,0.7116,0.7192
2016-12-13,0.7193,0.7232,0.7181,0.7204
2016-12-14,0.7204,0.7239,0.7105,0.7118
2016-12-15,0.7118,0.7124,0.701,0.7038
2016-12-16,0.7038,0.705,0.6931,0.6963
2016-12-19,0.697,0.6989,0.6926,0.6929
2016-12-20,0.6929,0.6934,0.6883,0.6916
2016-12-21,0.6916,0.6948,0.6894,0.6899
2016-12-22,0.6899,0.6926,0.6888,0.6903
2016-12-23,0.6903,0.6913,0.6862,0.6874
2016-12-26,0.6877,0.6926,0.6872,0.6901
2016-12-27,0.6901,0.6904,0.6879,0.6891
2016-12-28,0.6891,0.6931,0.6889,0.6921
2016-12-29,0.692,0.6971,0.6916,0.6965
2016-12-30,0.6964,0.6979,0.6923,0.6934
2017-01-02,0.6941,0.6954,0.6914,0.6924
2017-01-03,0.6924,0.6975,0.6885,0.6918
2017-01-04,0.6918,0.6975,0.6891,0.697
2017-01-05,0.697,0.7037,0.6954,0.7026
2017-01-06,0.7026,0.7044,0.6954,0.696
2017-01-09,0.6968,0.7033,0.6949,0.7016
2017-01-10,0.7016,0.7048,0.6959,0.699
2017-01-11,0.699,0.7088,0.6961,0.7055
2017-01-12,0.7055,0.7145,0.7047,0.7095
2017-01-13,0.7095,0.7141,0.7071,0.7131
2017-01-16,0.7109,0.7148,0.7076,0.7103
2017-01-17,0.7103,0.722,0.7096,0.7215
2017-01-18,0.7215,0.7217,0.7122,0.7123
2017-01-19,0.7123,0.72,0.7118,0.719
2017-01-20,0.719,0.7225,0.7129,0.717
2017-01-23,0.7163,0.7238,0.7153,0.7233
2017-01-24,0.7233,0.7277,0.7209,0.7247
2017-01-25,0.7247,0.7307,0.7224,0.7299
2017-01-26,0.7299,0.7313,0.7223,0.7245
2017-01-27,0.7245,0.7285,0.7232,0.7259
2017-01-30,0.7266,0.7296,0.7237,0.7285
2017-01-31,0.7285,0.735,0.7271,0.7312
2017-02-01,0.7312,0.7313,0.7243,0.728
2017-02-02,0.728,0.7338,0.7243,0.7288
2017-02-03,0.7288,0.7331,0.7249,0.7315
2017-02-06,0.7314,0.7327,0.7285,0.7321
2017-02-07,0.7321,0.7376,0.7279,0.7301
2017-02-08,0.7301,0.7334,0.7245,0.7266
2017-02-09,0.7266,0.7266,0.7174,0.7187
2017-02-10,0.7187,0.721,0.7174,0.719
2017-02-13,0.7192,0.7218,0.7156,0.7175
2017-02-14,0.7175,0.7198,0.7135,0.7169
2017-02-15,0.7169,0.723,0.7146,0.7223
2017-02-16,0.7223,0.7243,0.7206,0.721
2017-02-17,0.721,0.7221,0.718,0.7182
2017-02-20,0.7191,0.7198,0.717,0.719
2017-02-21,0.719,0.719,0.713,0.7161
2017-02-22,0.7161,0.7199,0.7148,0.7189
2017-02-23,0.7189,0.7247,0.7174,0.723
2017-02-24,0.723,0.7238,0.7193,0.721
2017-02-27,0.7193,0.7228,0.7187,0.7195
2017-02-28,0.7195,0.7237,0.7177,0.7192
2017-03-01,0.7192,0.7194,0.71,0.7144
2017-03-02,0.7144,0.7151,0.705,0.7063
2017-03-03,0.7063,0.7068,0.7003,0.7031
2017-03-06,0.7031,0.7046,0.6991,0.6994
2017-03-07,0.6994,0.7018,0.6952,0.6954
2017-03-08,0.6954,0.6978,0.6905,0.6915
2017-03-09,0.6915,0.6917,0.689,0.6901
2017-03-10,0.6901,0.6948,0.6891,0.6923
2017-03-13,0.6924,0.695,0.6914,0.6924
2017-03-14,0.6924,0.694,0.6894,0.6919
2017-03-15,0.6919,0.7049,0.6918,0.7045
2017-03-16,0.7045,0.7046,0.6969,0.6987
2017-03-17,0.6987,0.704,0.6976,0.7017
2017-03-20,0.702,0.7074,0.7,0.7055
2017-03-21,0.7055,0.709,0.7033,0.7042
2017-03-22,0.7042,0.7073,0.7016,0.7044
2017-03-23,0.7044,0.7055,0.7024,0.7029
2017-03-24,0.7029,0.7043,0.6995,0.7028
2017-03-27,0.7024,0.7068,0.7007,0.7045
2017-03-28,0.7046,0.705,0.7007,0.7013
2017-03-29,0.7013,0.7039,0.6993,0.7033
2017-03-30,0.7033,0.7045,0.6992,0.6996
2017-03-31,0.6996,0.7017,0.6976,0.7006
2017-04-03,0.7005,0.7015,0.6986,0.7014
2017-04-04,0.7014,0.7022,0.697,0.6973
2017-04-05,0.6973,0.6984,0.6941,0.6964
2017-04-06,0.6964,0.699,0.6961,0.697
2017-04-07,0.697,0.6994,0.6931,0.6941
2017-04-10,0.6946,0.6965,0.6921,0.6962
2017-04-11,0.6962,0.6969,0.693,0.6959
2017-04-12,0.6959,0.6975,0.691,0.6965
2017-04-13,0.6965,0.7015,0.6963,0.6998
2017-04-14,0.6998,0.7014,0.6983,0.6998
2017-04-17,0.699,0.7036,0.6982,0.7008
2017-04-18,0.7007,0.7043,0.7,0.7043
2017-04-19,0.7043,0.7053,0.6997,0.7003
2017-04-20,0.7003,0.7052,0.7,0.7011
2017-04-21,0.7012,0.7037,0.6984,0.7022
2017-04-24,0.7038,0.7054,0.701,0.7017
2017-04-25,0.7017,0.7017,0.6941,0.6952
2017-04-26,0.6952,0.6956,0.6872,0.689
2017-04-27,0.689,0.6921,0.6848,0.6876
2017-04-28,0.6876,0.6891,0.6852,0.6866
2017-05-01,0.6869,0.6923,0.6849,0.6907
2017-05-02,0.6907,0.6941,0.6903,0.6935
2017-05-03,0.6936,0.6969,0.6867,0.6878
2017-05-04,0.6878,0.6894,0.684,0.6869
2017-05-05,0.6869,0.6929,0.6862,0.6918
2017-05-08,0.6915,0.6946,0.6889,0.6908
2017-05-09,0.6908,0.6927,0.688,0.6895
2017-05-10,0.6895,0.6951,0.689,0.694
2017-05-11,0.694,0.6941,0.6818,0.6849
2017-05-12,0.6849,0.6871,0.6827,0.6866
2017-05-15,0.6849,0.6918,0.6846,0.6881
2017-05-16,0.6881,0.6906,0.6863,0.6883
2017-05-17,0.6882,0.6945,0.6878,0.6942
2017-05-18,0.6942,0.695,0.6887,0.6899
2017-05-19,0.6899,0.6939,0.6882,0.6924
2017-05-22,0.6925,0.6998,0.6911,0.6996
2017-05-23,0.6996,0.7047,0.699,0.7012
2017-05-24,0.7012,0.7059,0.6989,0.7046
2017-05-25,0.7045,0.7055,0.7017,0.7023
2017-05-26,0.7023,0.7077,0.7007,0.7061
2017-05-29,0.7046,0.7089,0.7025,0.7057
2017-05-30,0.7057,0.7102,0.7035,0.7095
2017-05-31,0.7095,0.7122,0.7078,0.7085
2017-06-01,0.7085,0.7089,0.7059,0.706
2017-06-02,0.706,0.7147,0.706,0.7142
2017-06-05,0.7134,0.715,0.7114,0.7139
2017-06-06,0.7139,0.7205,0.7127,0.7184
2017-06-07,0.7184,0.7207,0.717,0.7195
2017-06-08,0.7195,0.7223,0.7188,0.7215
2017-06-09,0.7215,0.722,0.719,0.7213
2017-06-12,0.7205,0.7214,0.7171,0.7198
2017-06-13,0.7198,0.7228,0.7192,0.7221
2017-06-14,0.7221,0.732,0.7199,0.7261
2017-06-15,0.7261,0.7271,0.7186,0.7208
2017-06-16,0.7208,0.7259,0.72,0.7254
2017-06-19,0.7251,0.7298,0.7227,0.7232
2017-06-20,0.7233,0.7268,0.722,0.7242
2017-06-21,0.7242,0.725,0.7206,0.7227
2017-06-22,0.7227,0.7277,0.7205,0.7264
2017-06-23,0.7264,0.7297,0.725,0.7285
2017-06-26,0.728,0.7311,0.7262,0.7289
2017-06-27,0.7288,0.7344,0.7266,0.7271
2017-06-28,0.7271,0.7314,0.7254,0.7305
2017-06-29,0.7305,0.7332,0.7276,0.7299
2017-06-30,0.73,0.7346,0.7292,0.7333
2017-07-03,0.732,0.7345,0.7273,0.7295
2017-07-04,0.7295,0.7299,0.7262,0.7289
2017-07-05,0.7288,0.7297,0.7255,0.729
2017-07-06,0.729,0.7293,0.7245,0.7275
2017-07-07,0.7275,0.731,0.7261,0.7281
2017-07-10,0.728,0.7286,0.7263,0.7275
2017-07-11,0.7275,0.7279,0.7202,0.7225
2017-07-12,0.7225,0.7281,0.7216,0.7265
2017-07-13,0.7264,0.7369,0.7247,0.732
2017-07-14,0.732,0.7366,0.73,0.7347
2017-07-17,0.7347,0.7361,0.7311,0.7318
2017-07-18,0.7319,0.7373,0.7264,0.7349
2017-07-19,0.7349,0.7388,0.7341,0.7356
2017-07-20,0.7356,0.7415,0.7334,0.7398
2017-07-21,0.7398,0.7459,0.7394,0.7454
2017-07-24,0.7445,0.7464,0.7422,0.7439
2017-07-25,0.7439,0.7451,0.7402,0.7417
2017-07-26,0.7417,0.7529,0.741,0.752
2017-07-27,0.752,0.7558,0.748,0.7487
2017-07-28,0.7487,0.7525,0.7461,0.7514
2017-07-31,0.7492,0.7523,0.7468,0.7512
2017-08-01,0.7512,0.7524,0.7462,0.7467
2017-08-02,0.7467,0.7475,0.7411,0.7429
2017-08-03,0.7429,0.7451,0.7391,0.7435
2017-08-04,0.7435,0.7455,0.7393,0.7409
2017-08-07,0.7409,0.7422,0.7348,0.7363
2017-08-08,0.7363,0.737,0.7318,0.7329
2017-08-09,0.7329,0.7344,0.7309,0.7337
2017-08-10,0.7337,0.7371,0.7252,0.7275
2017-08-11,0.7275,0.7328,0.7253,0.7311
2017-08-14,0.7314,0.7331,0.7281,0.7287
2017-08-15,0.7287,0.7312,0.723,0.7236
2017-08-16,0.7236,0.7318,0.7224,0.7313
2017-08-17,0.7313,0.7335,0.7281,0.7282
2017-08-18,0.7282,0.7335,0.7276,0.7313
2017-08-21,0.7314,0.7337,0.7305,0.7326
2017-08-22,0.7326,0.7335,0.7273,0.7279
2017-08-23,0.7279,0.7283,0.7198,0.7225
2017-08-24,0.7225,0.7236,0.7192,0.7214
2017-08-25,0.7214,0.7259,0.7198,0.7241
2017-08-28,0.7237,0.7263,0.7231,0.7256
2017-08-29,0.7256,0.7299,0.7218,0.7257
2017-08-30,0.7257,0.7278,0.7189,0.7202
2017-08-31,0.7202,0.721,0.7132,0.7178
2017-09-01,0.7178,0.7207,0.7148,0.7158
2017-09-04,0.7152,0.7183,0.714,0.7162
2017-09-05,0.7162,0.7264,0.7158,0.7235
2017-09-06,0.7235,0.7261,0.7187,0.72
2017-09-07,0.72,0.7242,0.7172,0.7233
2017-09-08,0.7233,0.7338,0.7228,0.7265
2017-09-11,0.7281,0.7294,0.7225,0.7254
2017-09-12,0.7254,0.7321,0.7217,0.7288
2017-09-13,0.7288,0.7304,0.722,0.7241
2017-09-14,0.7241,0.7263,0.7184,0.7222
2017-09-15,0.7222,0.7311,0.7212,0.7299
2017-09-18,0.7275,0.7344,0.7248,0.7263
2017-09-19,0.7263,0.7327,0.7256,0.7318
2017-09-20,0.7318,0.7433,0.7303,0.7357
2017-09-21,0.7357,0.7364,0.7298,0.7307
2017-09-22,0.7307,0.7344,0.728,0.733
2017-09-25,0.7342,0.7344,0.7252,0.7264
2017-09-26,0.7265,0.7278,0.7168,0.7208
2017-09-27,0.7208,0.7239,0.7177,0.72
2017-09-28,0.72,0.7239,0.7167,0.7237
2017-09-29,0.7237,0.7244,0.7204,0.7209
2017-10-02,0.7214,0.7234,0.7168,0.7196
2017-10-03,0.7196,0.7198,0.7148,0.716
2017-10-04,0.716,0.7206,0.7147,0.7168
2017-10-05,0.7168,0.7168,0.7112,0.7117
2017-10-06,0.7117,0.7119,0.7059,0.7093
2017-10-09,0.7074,0.7086,0.7051,0.7064
2017-10-10,0.7064,0.7088,0.7056,0.707
2017-10-11,0.707,0.7099,0.7063,0.7081
2017-10-12,0.7081,0.7146,0.7076,0.7124
2017-10-13,0.7124,0.7197,0.7122,0.7181
2017-10-16,0.7163,0.7196,0.7162,0.7171
2017-10-17,0.7171,0.7203,0.7147,0.7171
2017-10-18,0.7171,0.7178,0.7119,0.7153
2017-10-19,0.7153,0.7171,0.7009,0.7031
2017-10-20,0.7031,0.7037,0.6954,0.6963
2017-10-23,0.6975,0.699,0.6932,0.6967
2017-10-24,0.6967,0.7004,0.6886,0.6909
2017-10-25,0.6909,0.6913,0.6861,0.6888
2017-10-26,0.6888,0.6904,0.6834,0.684
2017-10-27,0.684,0.688,0.6818,0.6878
2017-10-30,0.6863,0.6888,0.6833,0.6876
2017-10-31,0.6876,0.6882,0.6831,0.6847
2017-11-01,0.6847,0.6931,0.6838,0.6886
2017-11-02,0.6886,0.6942,0.6883,0.6913
2017-11-03,0.6913,0.6951,0.6898,0.6907
2017-11-06,0.6905,0.6958,0.6875,0.6945
2017-11-07,0.6945,0.6954,0.6891,0.6901
2017-11-08,0.6901,0.6973,0.6898,0.6966
2017-11-09,0.6966,0.698,0.6933,0.6948
2017-11-10,0.6948,0.6958,0.6921,0.6937
2017-11-13,0.6938,0.6941,0.6894,0.6903
2017-11-14,0.6903,0.6903,0.6845,0.6876
2017-11-15,0.6876,0.6919,0.6862,0.6877
2017-11-16,0.6877,0.6878,0.6836,0.6851
2017-11-17,0.6851,0.6883,0.6781,0.6809
2017-11-20,0.6803,0.684,0.6794,0.6809
2017-11-21,0.6809,0.6841,0.6789,0.6829
2017-11-22,0.6829,0.6894,0.682,0.6883
2017-11-23,0.6883,0.6905,0.6867,0.6891
2017-11-24,0.6891,0.6894,0.6866,0.6876
2017-11-27,0.6879,0.6926,0.6854,0.6912
2017-11-28,0.6912,0.6945,0.6897,0.69
2017-11-29,0.69,0.693,0.6877,0.6881
2017-11-30,0.6881,0.6889,0.6831,0.6832
2017-12-01,0.6832,0.6912,0.6817,0.6891
2017-12-04,0.6888,0.6889,0.684,0.6859
2017-12-05,0.6859,0.6908,0.6852,0.6876
2017-12-06,0.6876,0.6917,0.687,0.6883
2017-12-07,0.6884,0.6889,0.6824,0.6831
2017-12-08,0.6831,0.687,0.6823,0.6847
2017-12-11,0.6852,0.693,0.6831,0.6912
2017-12-12,0.6912,0.6953,0.6902,0.6934
2017-12-13,0.6934,0.7028,0.6932,0.7024
2017-12-14,0.7024,0.7025,0.6978,0.6983
2017-12-15,0.6983,0.7034,0.6979,0.6993
2017-12-18,0.6998,0.7028,0.6991,0.6995
2017-12-19,0.6995,0.7019,0.6967,0.6972
2017-12-20,0.6972,0.7014,0.6954,0.7013
2017-12-21,0.7013,0.702,0.6987,0.7017
2017-12-22,0.7017,0.7028,0.7003,0.7022
2017-12-25,0.7005,0.7033,0.6999,0.7024
2017-12-26,0.7024,0.7043,0.701,0.704
2017-12-27,0.704,0.7077,0.7029,0.7057
2017-12-28,0.7057,0.7099,0.7054,0.7084
2017-12-29,0.7084,0.7124,0.7083,0.7098
2018-01-01,0.709,0.7105,0.7087,0.7105
2018-01-02,0.7105,0.7131,0.7082,0.7105
2018-01-03,0.7105,0.7111,0.7074,0.7092
2018-01-04,0.7092,0.7163,0.7073,0.7154
2018-01-05,0.7154,0.7187,0.7145,0.7173
2018-01-08,0.7171,0.7184,0.7156,0.7176
2018-01-09,0.7176,0.7197,0.7161,0.7163
2018-01-10,0.7163,0.723,0.714,0.7198
2018-01-11,0.7198,0.7262,0.7183,0.7261
2018-01-12,0.7261,0.7276,0.722,0.7242
2018-01-15,0.7257,0.7315,0.7231,0.73
2018-01-16,0.73,0.7307,0.7259,0.7268
2018-01-17,0.7268,0.7331,0.7235,0.7273
2018-01-18,0.7273,0.7321,0.7246,0.7301
2018-01-19,0.7301,0.7324,0.7274,0.7277
2018-01-22,0.7279,0.7329,0.7268,0.7328
2018-01-23,0.7328,0.7365,0.7306,0.7355
2018-01-24,0.7355,0.7438,0.7335,0.7337
2018-01-25,0.7337,0.7392,0.7314,0.7325
2018-01-26,0.7325,0.7375,0.7291,0.735
2018-01-29,0.7344,0.7364,0.7302,0.7323
2018-01-30,0.7323,0.7355,0.728,0.7331
2018-01-31,0.7331,0.742,0.7328,0.7365
2018-02-01,0.7365,0.7404,0.7334,0.7397
2018-02-02,0.7397,0.7406,0.7295,0.73
2018-02-05,0.7309,0.7331,0.7261,0.7265
2018-02-06,0.7265,0.7351,0.7257,0.7342
2018-02-07,0.7342,0.7346,0.721,0.7239
2018-02-08,0.7238,0.7243,0.7177,0.7218
2018-02-09,0.7218,0.7259,0.7199,0.7255
2018-02-12,0.7241,0.7277,0.7232,0.7264
2018-02-13,0.7264,0.7315,0.7247,0.7274
2018-02-14,0.7274,0.738,0.724,0.7366
2018-02-15,0.7366,0.7412,0.7363,0.7407
2018-02-16,0.7407,0.7437,0.7374,0.7386
2018-02-19,0.7384,0.741,0.7354,0.7372
2018-02-20,0.7372,0.7375,0.7336,0.7348
2018-02-21,0.7348,0.7386,0.7317,0.7319
2018-02-22,0.7319,0.7365,0.7308,0.7342
2018-02-23,0.7342,0.7346,0.7271,0.7302
2018-02-26,0.7295,0.7345,0.7277,0.7303
2018-02-27,0.7303,0.7305,0.7232,0.7235
2018-02-28,0.7235,0.7243,0.7207,0.7212
2018-03-01,0.7212,0.7264,0.7186,0.7249
2018-03-02,0.7249,0.728,0.7219,0.7236
2018-03-05,0.7232,0.7252,0.7203,0.7226
2018-03-06,0.7226,0.7311,0.7222,0.729
2018-03-07,0.729,0.7301,0.7255,0.7283
2018-03-08,0.7283,0.7298,0.7245,0.7264
2018-03-09,0.7264,0.7298,0.725,0.728
2018-03-12,0.729,0.7323,0.7285,0.7296
2018-03-13,0.7296,0.7355,0.7292,0.7325
2018-03-14,0.7325,0.7354,0.7318,0.7332
2018-03-15,0.7332,0.7334,0.7267,0.7278
2018-03-16,0.7278,0.7282,0.7208,0.7218
2018-03-19,0.7227,0.726,0.7196,0.7244
2018-03-20,0.7244,0.7249,0.7177,0.7184
2018-03-21,0.7184,0.7246,0.7154,0.7228
2018-03-22,0.7228,0.7263,0.7206,0.7207
2018-03-23,0.7207,0.7274,0.7203,0.7233
2018-03-26,0.7239,0.7301,0.7229,0.7298
2018-03-27,0.7298,0.7304,0.7258,0.7274
2018-03-28,0.7273,0.7275,0.7204,0.7212
2018-03-29,0.7212,0.7236,0.7188,0.7234
2018-03-30,0.7234,0.7248,0.7221,0.7237
2018-04-02,0.7238,0.7241,0.7211,0.7213
2018-04-03,0.7213,0.7271,0.7195,0.7256
2018-04-04,0.7256,0.7311,0.7255,0.7305
2018-04-05,0.7305,0.7322,0.7262,0.7277
2018-04-06,0.7277,0.7282,0.7243,0.7263
2018-04-09,0.7267,0.7324,0.7257,0.7306
2018-04-10,0.7306,0.7376,0.7304,0.7362
2018-04-11,0.7362,0.7379,0.7345,0.736
2018-04-12,0.736,0.739,0.735,0.7376
2018-04-13,0.7376,0.7395,0.7346,0.7365
2018-04-16,0.7361,0.7371,0.7334,0.7363
2018-04-17,0.7363,0.7373,0.7327,0.7342
2018-04-18,0.7342,0.7345,0.7304,0.7319
2018-04-19,0.7319,0.7343,0.726,0.7272
2018-04-20,0.7272,0.7273,0.7201,0.7207
2018-04-23,0.721,0.7219,0.7146,0.7148
2018-04-24,0.7148,0.7158,0.7106,0.712
2018-04-25,0.712,0.7121,0.7058,0.7069
2018-04-26,0.7069,0.7095,0.7056,0.7062
2018-04-27,0.7062,0.7096,0.704,0.7085
2018-04-30,0.7074,0.7089,0.7034,0.7035
2018-05-01,0.7035,0.7041,0.6991,0.7005
2018-05-02,0.7005,0.7032,0.6985,0.6995
2018-05-03,0.6995,0.7047,0.6991,0.7042
2018-05-04,0.7042,0.7053,0.6994,0.702
2018-05-07,0.702,0.7041,0.6995,0.7017
2018-05-08,0.7016,0.7031,0.6954,0.6971
2018-05-09,0.6971,0.6997,0.6949,0.6987
2018-05-10,0.6986,0.6986,0.6903,0.6962
2018-05-11,0.6962,0.6987,0.6954,0.6969
2018-05-14,0.6966,0.6974,0.6911,0.6913
2018-05-15,0.6913,0.6925,0.6854,0.6862
2018-05-16,0.6862,0.6917,0.6851,0.6896
2018-05-17,0.6897,0.6938,0.6873,0.6878
2018-05-18,0.6878,0.6922,0.6874,0.6907
2018-05-21,0.6917,0.695,0.6884,0.6946
2018-05-22,0.6946,0.6975,0.6921,0.6934
2018-05-23,0.6934,0.6945,0.6884,0.6917
2018-05-24,0.6917,0.6938,0.6906,0.6927
2018-05-25,0.6927,0.6938,0.6906,0.6917
2018-05-28,0.6915,0.696,0.6912,0.6942
2018-05-29,0.6943,0.6949,0.689,0.6903
2018-05-30,0.6903,0.6998,0.6883,0.6988
2018-05-31,0.6988,0.7024,0.6969,0.7001
2018-06-01,0.7001,0.702,0.6961,0.6982
2018-06-04,0.698,0.7048,0.6977,0.7029
2018-06-05,0.7029,0.7045,0.6998,0.7023
2018-06-06,0.7023,0.706,0.7019,0.7033
2018-06-07,0.7033,0.7057,0.7023,0.7028
2018-06-08,0.7028,0.7043,0.7009,0.7034
2018-06-11,0.7024,0.7054,0.7012,0.7026
2018-06-12,0.7026,0.7046,0.6997,0.7007
2018-06-13,0.7007,0.7053,0.6975,0.7024
2018-06-14,0.7024,0.7045,0.6972,0.6977
2018-06-15,0.6977,0.6977,0.6928,0.6949
2018-06-18,0.6947,0.6956,0.692,0.6942
2018-06-19,0.6942,0.6944,0.6885,0.6901
2018-06-20,0.6902,0.6917,0.686,0.6878
2018-06-21,0.6878,0.6883,0.6826,0.6869
2018-06-22,0.6869,0.6921,0.6855,0.6908
2018-06-25,0.6898,0.6922,0.6885,0.6903
2018-06-26,0.6903,0.6905,0.6847,0.6862
2018-06-27,0.6862,0.6868,0.6779,0.6791
2018-06-28,0.6791,0.6811,0.6746,0.6759
2018-06-29,0.6759,0.6785,0.6736,0.6768
2018-07-02,0.6775,0.6793,0.669,0.6716
2018-07-03,0.6716,0.6759,0.6688,0.6756
2018-07-04,0.6756,0.6783,0.6747,0.6762
2018-07-05,0.6762,0.6798,0.6751,0.6785
2018-07-06,0.6785,0.6845,0.6782,0.6828
2018-07-09,0.6835,0.6859,0.683,0.6837
2018-07-10,0.6837,0.6857,0.6806,0.6838
2018-07-11,0.6839,0.6839,0.6754,0.6759
2018-07-12,0.6759,0.6786,0.6748,0.6782
2018-07-13,0.6782,0.6787,0.6726,0.6753
2018-07-16,0.676,0.6793,0.6754,0.6777
2018-07-17,0.6777,0.6841,0.6757,0.6783
2018-07-18,0.6783,0.6805,0.6743,0.6794
2018-07-19,0.6794,0.6806,0.6714,0.6743
2018-07-20,0.6743,0.6818,0.672,0.6809
2018-07-23,0.6804,0.6825,0.6777,0.6786
2018-07-24,0.6786,0.6819,0.6769,0.6802
2018-07-25,0.6802,0.6842,0.6786,0.6837
2018-07-26,0.6837,0.6851,0.6781,0.6784
2018-07-27,0.6784,0.6801,0.6763,0.679
2018-07-30,0.6796,0.6835,0.6789,0.6823
2018-07-31,0.6823,0.6832,0.6801,0.6818
2018-08-01,0.6818,0.6821,0.6782,0.6791
2018-08-02,0.6791,0.6798,0.6739,0.6753
2018-08-03,0.6753,0.6766,0.6721,0.6744
2018-08-06,0.6743,0.6756,0.6725,0.6733
2018-08-07,0.6733,0.6755,0.6725,0.6736
2018-08-08,0.6736,0.6762,0.6723,0.6747
2018-08-09,0.6747,0.6747,0.6612,0.6613
2018-08-10,0.6613,0.6622,0.6571,0.659
2018-08-13,0.6594,0.6596,0.6557,0.6579
2018-08-14,0.6579,0.661,0.6569,0.6572
2018-08-15,0.6573,0.6577,0.6545,0.6565
2018-08-16,0.6565,0.6608,0.6556,0.6587
2018-08-17,0.6587,0.6637,0.658,0.6637
2018-08-20,0.6631,0.6649,0.6611,0.6641
2018-08-21,0.6641,0.6701,0.6627,0.6679
2018-08-22,0.6687,0.672,0.6682,0.6697
2018-08-23,0.6697,0.6705,0.6631,0.6637
2018-08-24,0.6637,0.6696,0.662,0.667
2018-08-27,0.668,0.6702,0.667,0.6695
2018-08-28,0.6695,0.6727,0.6677,0.6709
2018-08-29,0.6709,0.672,0.6685,0.6716
2018-08-30,0.6716,0.6717,0.6635,0.6657
2018-08-31,0.6657,0.6662,0.6607,0.6622
2018-09-03,0.6624,0.6624,0.6594,0.6601
2018-09-04,0.6601,0.6607,0.654,0.6557
2018-09-05,0.6557,0.6599,0.653,0.6594
2018-09-06,0.6594,0.6616,0.6572,0.6589
2018-09-07,0.6589,0.6594,0.6528,0.6534
2018-09-10,0.6537,0.6547,0.6513,0.6526
2018-09-11,0.6526,0.6541,0.6501,0.6526
2018-09-12,0.6526,0.6566,0.6503,0.6564
2018-09-13,0.6564,0.659,0.6543,0.6568
2018-09-14,0.6568,0.6596,0.6543,0.6549
2018-09-17,0.6549,0.659,0.6539,0.6578
2018-09-18,0.6577,0.6608,0.6562,0.6583
2018-09-19,0.6583,0.6623,0.6573,0.6616
2018-09-20,0.6616,0.6693,0.6602,0.6685
2018-09-21,0.6685,0.6699,0.6668,0.6687
2018-09-24,0.6674,0.6689,0.6641,0.6645
2018-09-25,0.6645,0.6659,0.663,0.6647
2018-09-26,0.6647,0.6696,0.6635,0.6663
2018-09-27,0.6663,0.6678,0.6611,0.6618
2018-09-28,0.6618,0.664,0.6599,0.6619
2018-10-01,0.6622,0.6632,0.66,0.6616
2018-10-02,0.6616,0.6616,0.6575,0.6593
2018-10-03,0.6593,0.6594,0.6511,0.6514
2018-10-04,0.6514,0.652,0.6474,0.6479
2018-10-05,0.6479,0.6486,0.6432,0.6443
2018-10-08,0.6442,0.6455,0.6425,0.6448
2018-10-09,0.6448,0.6475,0.6427,0.6474
2018-10-10,0.6474,0.6497,0.6442,0.6449
2018-10-11,0.6449,0.6531,0.6446,0.6519
2018-10-12,0.6519,0.6533,0.65,0.6507
2018-10-15,0.6509,0.6557,0.6495,0.6551
2018-10-16,0.6551,0.6597,0.6544,0.6574
2018-10-17,0.6574,0.6602,0.6546,0.655
2018-10-18,0.655,0.6578,0.6535,0.6544
2018-10-19,0.6544,0.6607,0.6524,0.6594
2018-10-22,0.6585,0.6618,0.6544,0.6558
2018-10-23,0.6559,0.6569,0.6535,0.6551
2018-10-24,0.6551,0.6567,0.6518,0.6529
2018-10-25,0.6529,0.6544,0.6503,0.6524
2018-10-26,0.6524,0.6533,0.6465,0.652
2018-10-29,0.6525,0.6556,0.6515,0.6522
2018-10-30,0.6522,0.6573,0.6521,0.6553
2018-10-31,0.6553,0.6571,0.6513,0.6517
2018-11-01,0.6517,0.6663,0.6515,0.6655
2018-11-02,0.6655,0.669,0.6634,0.6661
2018-11-05,0.6644,0.6676,0.6633,0.6657
2018-11-06,0.6657,0.6741,0.6646,0.6739
2018-11-07,0.6739,0.6814,0.6713,0.6788
2018-11-08,0.6788,0.6797,0.6741,0.6754
2018-11-09,0.6754,0.6766,0.6728,0.6737
2018-11-12,0.6743,0.6757,0.6706,0.671
2018-11-13,0.671,0.6768,0.6708,0.6763
2018-11-14,0.6763,0.6809,0.6756,0.6799
2018-11-15,0.6799,0.684,0.6787,0.683
2018-11-16,0.683,0.6884,0.6799,0.6878
2018-11-19,0.6867,0.6874,0.6817,0.6839
2018-11-20,0.6839,0.687,0.6789,0.6789
2018-11-21,0.6788,0.6854,0.6782,0.6834
2018-11-22,0.6834,0.6834,0.6789,0.6814
2018-11-23,0.6814,0.682,0.6767,0.6781
2018-11-26,0.6779,0.6816,0.6756,0.677
2018-11-27,0.677,0.681,0.6754,0.6789
2018-11-28,0.6789,0.6887,0.6784,0.6871
2018-11-29,0.687,0.6884,0.6838,0.686
2018-11-30,0.6861,0.6886,0.6852,0.6872
2018-12-03,0.6921,0.694,0.6889,0.6927
2018-12-04,0.6927,0.697,0.6918,0.693
2018-12-05,0.693,0.6944,0.689,0.6899
2018-12-06,0.6899,0.6901,0.6857,0.6877
2018-12-07,0.6877,0.6898,0.6847,0.6866
2018-12-10,0.6851,0.6905,0.6841,0.6871
2018-12-11,0.6871,0.6912,0.6862,0.6877
2018-12-12,0.6877,0.69,0.6825,0.6857
2018-12-13,0.6857,0.688,0.6842,0.6858
2018-12-14,0.6858,0.6864,0.6778,0.6797
2018-12-17,0.6794,0.6818,0.6785,0.6803
2018-12-18,0.6803,0.688,0.6801,0.6846
2018-12-19,0.6846,0.687,0.6763,0.6767
2018-12-20,0.6767,0.6791,0.6725,0.6776
2018-12-21,0.6776,0.679,0.6706,0.6728
2018-12-24,0.6725,0.6752,0.6712,0.6729
2018-12-25,0.6729,0.6755,0.6722,0.6727
2018-12-26,0.6727,0.6746,0.6716,0.6732
2018-12-27,0.6732,0.6741,0.6693,0.6702
2018-12-28,0.6702,0.672,0.6693,0.6718
2018-12-31,0.6714,0.6722,0.6692,0.6719
2019-01-01,0.6719,0.672,0.6713,0.6717
2019-01-02,0.6717,0.6725,0.6652,0.6655
2019-01-03,0.6655,0.6723,0.6575,0.6693
2019-01-04,0.6693,0.6752,0.6672,0.6732
2019-01-07,0.6734,0.6767,0.6729,0.6755
2019-01-08,0.6755,0.6759,0.6708,0.6723
2019-01-09,0.6723,0.6809,0.6722,0.6788
2019-01-10,0.6788,0.6795,0.6771,0.678
2019-01-11,0.678,0.6844,0.6779,0.6832
2019-01-14,0.6828,0.6833,0.6797,0.6822
2019-01-15,0.6822,0.6849,0.68,0.6817
2019-01-16,0.6817,0.6831,0.6755,0.6776
2019-01-17,0.6776,0.6787,0.6728,0.6763
2019-01-18,0.6763,0.6784,0.6737,0.6743
2019-01-21,0.6753,0.6764,0.6714,0.6732
2019-01-22,0.6733,0.6755,0.6707,0.6751
2019-01-23,0.6751,0.6798,0.6743,0.6788
2019-01-24,0.6788,0.6807,0.6756,0.6763
2019-01-25,0.6763,0.6851,0.6747,0.6839
2019-01-28,0.6831,0.6872,0.6824,0.683
2019-01-29,0.683,0.6862,0.6816,0.6834
2019-01-30,0.6834,0.6912,0.6821,0.6894
2019-01-31,0.6894,0.6939,0.6887,0.6916
2019-02-01,0.6916,0.6942,0.6891,0.69
2019-02-04,0.6906,0.691,0.687,0.6896
2019-02-05,0.6896,0.6906,0.6871,0.6896
2019-02-06,0.6896,0.6905,0.6766,0.6776
2019-02-07,0.6776,0.6778,0.6744,0.6749
2019-02-08,0.6749,0.6766,0.673,0.674
2019-02-11,0.6748,0.6773,0.6727,0.6733
2019-02-12,0.6733,0.6744,0.672,0.6736
2019-02-13,0.6736,0.6852,0.6727,0.6797
2019-02-14,0.6797,0.6856,0.6793,0.6837
2019-02-15,0.6837,0.6874,0.681,0.6868
2019-02-18,0.6859,0.6894,0.684,0.6848
2019-02-19,0.6848,0.6888,0.6815,0.6883
2019-02-20,0.6883,0.6885,0.685,0.6857
2019-02-21,0.6857,0.6877,0.6798,0.6801
2019-02-22,0.6801,0.6854,0.6758,0.6846
2019-02-25,0.6843,0.6902,0.684,0.6884
2019-02-26,0.6884,0.6903,0.6871,0.6888
2019-02-27,0.6887,0.6902,0.6835,0.6848
2019-02-28,0.6848,0.6853,0.6796,0.6807
2019-03-01,0.6807,0.6839,0.6794,0.68
2019-03-04,0.6806,0.6833,0.6796,0.6819
2019-03-05,0.682,0.6828,0.6769,0.6791
2019-03-06,0.679,0.6802,0.6753,0.6769
2019-03-07,0.6769,0.6792,0.6745,0.6754
2019-03-08,0.6754,0.6811,0.675,0.6804
2019-03-11,0.6805,0.6836,0.6788,0.683
2019-03-12,0.683,0.6873,0.6827,0.6861
2019-03-13,0.6861,0.6862,0.6829,0.6858
2019-03-14,0.6858,0.6865,0.6809,0.6823
2019-03-15,0.6823,0.6859,0.6823,0.6846
2019-03-18,0.6844,0.6874,0.684,0.6853
2019-03-19,0.6853,0.6871,0.6841,0.6855
2019-03-20,0.6855,0.6918,0.6828,0.6883
2019-03-21,0.6883,0.6939,0.6857,0.6877
2019-03-22,0.6877,0.6898,0.6866,0.6879
2019-03-25,0.6876,0.6919,0.687,0.6909
2019-03-26,0.6909,0.6925,0.6895,0.6907
2019-03-27,0.6907,0.6915,0.6787,0.6797
2019-03-28,0.6797,0.6828,0.6775,0.6777
2019-03-29,0.6777,0.6824,0.6774,0.6804
2019-04-01,0.6808,0.6837,0.6804,0.6806
2019-04-02,0.6806,0.6806,0.6739,0.6758
2019-04-03,0.6758,0.68,0.6744,0.6778
2019-04-04,0.6778,0.68,0.6748,0.6754
2019-04-05,0.6754,0.6766,0.6719,0.673
2019-04-08,0.6735,0.6754,0.6722,0.6741
2019-04-09,0.674,0.6759,0.6737,0.6745
2019-04-10,0.6745,0.6774,0.6738,0.6766
2019-04-11,0.6766,0.6771,0.6723,0.6728
2019-04-12,0.6728,0.6781,0.6714,0.6763
2019-04-15,0.6764,0.6783,0.6751,0.6763
2019-04-16,0.6763,0.677,0.6741,0.6763
2019-04-17,0.6763,0.6776,0.6668,0.6727
2019-04-18,0.6727,0.673,0.6673,0.6682
2019-04-19,0.6682,0.6695,0.6679,0.6684
2019-04-22,0.6686,0.669,0.6673,0.668
2019-04-23,0.668,0.6686,0.6629,0.6657
2019-04-24,0.6657,0.6658,0.6582,0.6593
2019-04-25,0.6593,0.663,0.658,0.6626
2019-04-26,0.6626,0.6682,0.6617,0.6662
2019-04-29,0.666,0.6681,0.6646,0.6666
2019-04-30,0.6666,0.6685,0.6655,0.6675
2019-05-01,0.6675,0.6681,0.6616,0.6623
2019-05-02,0.6623,0.6639,0.6608,0.6618
2019-05-03,0.6617,0.6653,0.6606,0.6647
2019-05-06,0.6617,0.6629,0.6599,0.6614
2019-05-07,0.6614,0.663,0.6588,0.6604
2019-05-08,0.6604,0.6605,0.6527,0.6575
2019-05-09,0.6575,0.6598,0.657,0.6591
2019-05-10,0.6591,0.6614,0.6583,0.6597
2019-05-13,0.6599,0.6604,0.6564,0.6567
2019-05-14,0.6567,0.6592,0.6565,0.6576
2019-05-15,0.6576,0.6579,0.6551,0.6564
2019-05-16,0.6564,0.6583,0.6532,0.6536
2019-05-17,0.6536,0.6547,0.6514,0.6519
2019-05-20,0.6538,0.6553,0.6521,0.6534
2019-05-21,0.6534,0.6543,0.6501,0.6507
2019-05-22,0.6507,0.6511,0.6492,0.6495
2019-05-23,0.6495,0.6526,0.6482,0.652
2019-05-24,0.652,0.6556,0.6513,0.6553
2019-05-27,0.6543,0.6559,0.654,0.6545
2019-05-28,0.6545,0.6559,0.654,0.6543
2019-05-29,0.6543,0.6553,0.6504,0.6512
2019-05-30,0.6512,0.6528,0.6495,0.6511
2019-05-31,0.6511,0.6548,0.6498,0.6531
2019-06-03,0.6538,0.6604,0.6524,0.6598
2019-06-04,0.6598,0.662,0.6576,0.6608
2019-06-05,0.6608,0.6667,0.6604,0.6619
2019-06-06,0.6619,0.6644,0.6617,0.6622
2019-06-07,0.6622,0.6682,0.6614,0.6665
2019-06-10,0.6657,0.6676,0.6605,0.6609
2019-06-11,0.6609,0.6611,0.6569,0.6582
2019-06-12,0.6582,0.6593,0.6566,0.6574
2019-06-13,0.6574,0.6588,0.6556,0.6568
2019-06-14,0.6568,0.6574,0.6489,0.6492
2019-06-17,0.6494,0.6515,0.6489,0.6495
2019-06-18,0.6495,0.6538,0.6491,0.653
2019-06-19,0.653,0.6563,0.6514,0.6538
2019-06-20,0.6538,0.6596,0.6534,0.6587
2019-06-21,0.6587,0.6604,0.6554,0.6589
2019-06-24,0.6578,0.6626,0.6577,0.6619
2019-06-25,0.6619,0.6661,0.6616,0.6639
2019-06-26,0.6639,0.6693,0.6597,0.6681
2019-06-27,0.6681,0.6702,0.6671,0.67
2019-06-28,0.67,0.6721,0.669,0.6718
2019-07-01,0.6725,0.673,0.6665,0.6672
2019-07-02,0.6672,0.6681,0.6656,0.6673
2019-07-03,0.6673,0.672,0.667,0.6708
2019-07-04,0.6709,0.672,0.6677,0.6687
2019-07-05,0.6687,0.6694,0.6602,0.6628
2019-07-08,0.664,0.6653,0.662,0.6623
2019-07-09,0.6623,0.6632,0.6601,0.6606
2019-07-10,0.6606,0.6657,0.6568,0.6647
2019-07-11,0.6647,0.6689,0.6643,0.6661
2019-07-12,0.6662,0.6699,0.6657,0.6693
2019-07-15,0.6687,0.6735,0.6681,0.6719
2019-07-16,0.6719,0.6738,0.6696,0.6702
2019-07-17,0.6702,0.6747,0.6697,0.6731
2019-07-18,0.6731,0.6787,0.6727,0.6783
2019-07-19,0.6783,0.6791,0.6759,0.6764
2019-07-22,0.6765,0.6787,0.6757,0.6759
2019-07-23,0.6759,0.676,0.6703,0.6704
2019-07-24,0.6704,0.6723,0.6692,0.6705
2019-07-25,0.6705,0.6708,0.6654,0.6664
2019-07-26,0.6664,0.6671,0.6626,0.6636
2019-07-29,0.6639,0.6642,0.6616,0.6632
2019-07-30,0.6632,0.6634,0.6602,0.6613
2019-07-31,0.6614,0.6619,0.6543,0.6559
2019-08-01,0.6559,0.6578,0.6534,0.6557
2019-08-02,0.6557,0.6564,0.6505,0.6536
2019-08-05,0.6536,0.6545,0.6489,0.6528
2019-08-06,0.6528,0.6587,0.6509,0.6525
2019-08-07,0.6525,0.6558,0.6378,0.6446
2019-08-08,0.6446,0.6492,0.6434,0.648
2019-08-09,0.648,0.6499,0.6461,0.6468
2019-08-12,0.6476,0.6476,0.644,0.6448
2019-08-13,0.6448,0.6472,0.6422,0.6454
2019-08-14,0.6454,0.6469,0.6421,0.6436
2019-08-15,0.6436,0.6459,0.6428,0.6449
2019-08-16,0.6449,0.6449,0.6423,0.6429
2019-08-19,0.6436,0.6443,0.6403,0.6411
2019-08-20,0.6411,0.6429,0.6403,0.6416
2019-08-21,0.6416,0.6423,0.6395,0.6404
2019-08-22,0.6404,0.6408,0.6362,0.6367
2019-08-23,0.6367,0.641,0.6364,0.6405
2019-08-26,0.6377,0.6404,0.6342,0.6394
2019-08-27,0.6394,0.6399,0.6358,0.6362
2019-08-28,0.6362,0.6367,0.6326,0.6337
2019-08-29,0.6337,0.6348,0.6304,0.6311
2019-08-30,0.6311,0.6329,0.6283,0.6328
2019-09-02,0.631,0.6319,0.629,0.6308
2019-09-03,0.6308,0.6339,0.6269,0.6337
2019-09-04,0.6337,0.6364,0.6326,0.6361
2019-09-05,0.6361,0.6396,0.6355,0.6374
2019-09-06,0.6374,0.6444,0.6364,0.6421
2019-09-09,0.6421,0.6445,0.6412,0.6424
2019-09-10,0.6424,0.6442,0.6409,0.6426
2019-09-11,0.6426,0.6439,0.6407,0.6413
2019-09-12,0.6413,0.6451,0.6399,0.6406
2019-09-13,0.6406,0.641,0.6372,0.6377
2019-09-16,0.6378,0.6392,0.6341,0.6344
2019-09-17,0.6344,0.6361,0.6322,0.6359
2019-09-18,0.6359,0.6362,0.63,0.6321
2019-09-19,0.6321,0.6333,0.6299,0.6302
2019-09-20,0.6302,0.6307,0.6255,0.6258
2019-09-23,0.6257,0.6299,0.6255,0.6294
2019-09-24,0.6293,0.6332,0.6288,0.6325
2019-09-25,0.6325,0.6349,0.6266,0.6272
2019-09-26,0.6272,0.6327,0.6268,0.6298
2019-09-27,0.6298,0.631,0.6279,0.6296
2019-09-30,0.6294,0.6297,0.625,0.6263
2019-10-01,0.6263,0.6272,0.6204,0.6245
2019-10-02,0.6245,0.6272,0.6219,0.6269
2019-10-03,0.6269,0.6316,0.6255,0.6303
2019-10-04,0.6303,0.6337,0.6296,0.632
2019-10-07,0.6323,0.6324,0.6284,0.6289
2019-10-08,0.6289,0.6327,0.6286,0.6298
2019-10-09,0.6298,0.6325,0.629,0.6293
2019-10-10,0.6293,0.6335,0.6277,0.632
2019-10-11,0.632,0.6354,0.6316,0.6337
2019-10-14,0.6332,0.6341,0.6281,0.6299
2019-10-15,0.6299,0.6315,0.6259,0.6294
2019-10-16,0.6294,0.632,0.6241,0.6292
2019-10-17,0.6292,0.6355,0.6281,0.6347
2019-10-18,0.6347,0.6391,0.6344,0.6382
2019-10-21,0.6379,0.6416,0.6371,0.6408
2019-10-22,0.6408,0.6436,0.64,0.6405
2019-10-23,0.6405,0.6427,0.6386,0.6423
2019-10-24,0.6423,0.6425,0.6375,0.6384
2019-10-25,0.6384,0.6385,0.6348,0.6349
2019-10-28,0.6353,0.6361,0.6334,0.635
2019-10-29,0.635,0.6375,0.6339,0.6356
2019-10-30,0.6356,0.6391,0.6333,0.6389
2019-10-31,0.6389,0.6433,0.6385,0.6413
2019-11-01,0.6414,0.6457,0.6407,0.6427
2019-11-04,0.6439,0.6466,0.639,0.6402
2019-11-05,0.6402,0.6431,0.637,0.6375
2019-11-06,0.6375,0.6389,0.636,0.6369
2019-11-07,0.6369,0.6386,0.6342,0.6366
2019-11-08,0.6366,0.6382,0.6322,0.6328
2019-11-11,0.6336,0.6373,0.6327,0.6361
2019-11-12,0.6361,0.6368,0.6325,0.6331
2019-11-13,0.6331,0.6417,0.633,0.6411
2019-11-14,0.6411,0.6419,0.6359,0.6381
2019-11-15,0.6381,0.641,0.6372,0.6404
2019-11-18,0.6407,0.6412,0.639,0.6398
2019-11-19,0.6399,0.6432,0.6382,0.6431
2019-11-20,0.6431,0.6436,0.6404,0.6417
2019-11-21,0.6417,0.6437,0.6397,0.6403
2019-11-22,0.6403,0.6425,0.6399,0.641
2019-11-25,0.641,0.6428,0.6395,0.6418
2019-11-26,0.6418,0.6431,0.6406,0.6428
2019-11-27,0.6428,0.6433,0.6413,0.6419
2019-11-28,0.6419,0.6431,0.6403,0.642
2019-11-29,0.642,0.6438,0.6409,0.6422
2019-12-02,0.6428,0.6511,0.6424,0.6503
2019-12-03,0.6503,0.6533,0.6494,0.652
2019-12-04,0.652,0.654,0.6504,0.6529
2019-12-05,0.6529,0.6562,0.652,0.6544
2019-12-06,0.6544,0.6576,0.6541,0.6566
2019-12-09,0.6561,0.6568,0.6545,0.6549
2019-12-10,0.6549,0.6568,0.6529,0.6545
2019-12-11,0.6545,0.6603,0.6523,0.6586
2019-12-12,0.6586,0.66,0.6574,0.6597
2019-12-13,0.6597,0.6636,0.6582,0.6599
2019-12-16,0.66,0.6614,0.6588,0.6597
2019-12-17,0.6597,0.6605,0.6565,0.6576
2019-12-18,0.6576,0.6614,0.6554,0.6589
2019-12-19,0.6589,0.6609,0.6573,0.6607
2019-12-20,0.6607,0.6614,0.6589,0.6599
2019-12-23,0.6599,0.6639,0.6594,0.6637
2019-12-24,0.6637,0.6648,0.6619,0.6636
2019-12-25,0.6636,0.6643,0.662,0.6633
2019-12-26,0.6633,0.6677,0.663,0.6669
2019-12-27,0.6669,0.6711,0.6666,0.6699
2019-12-30,0.6696,0.6737,0.6693,0.6728
2019-12-31,0.6728,0.6756,0.6714,0.674
2020-01-01,0.6739,0.674,0.6714,0.6724
2020-01-02,0.6724,0.674,0.6685,0.6702
2020-01-03,0.6702,0.6705,0.6644,0.6664
2020-01-06,0.6664,0.668,0.6645,0.6675
2020-01-07,0.6675,0.6679,0.6625,0.6643
2020-01-08,0.6643,0.6672,0.6618,0.6647
2020-01-09,0.6647,0.6658,0.66,0.6616
2020-01-10,0.6616,0.6645,0.6602,0.6631
2020-01-13,0.6628,0.6653,0.6621,0.6631
2020-01-14,0.6631,0.6634,0.6604,0.6615
2020-01-15,0.6615,0.6621,0.6584,0.6618
2020-01-16,0.6618,0.6665,0.6616,0.6638
2020-01-17,0.6638,0.6651,0.6607,0.6615
2020-01-20,0.6613,0.6624,0.6592,0.6608
2020-01-21,0.6608,0.6615,0.6588,0.6597
2020-01-22,0.6597,0.6611,0.6582,0.6593
2020-01-23,0.6593,0.6623,0.6581,0.6617
2020-01-24,0.6617,0.6629,0.6599,0.6607
2020-01-27,0.6601,0.6609,0.6542,0.6548
2020-01-28,0.6548,0.655,0.6521,0.6546
2020-01-29,0.6546,0.6552,0.6506,0.6527
2020-01-30,0.6527,0.653,0.648,0.6488
2020-01-31,0.6488,0.6495,0.6454,0.6464
2020-02-03,0.6465,0.6477,0.6453,0.6462
2020-02-04,0.6462,0.6502,0.645,0.649
2020-02-05,0.649,0.6503,0.6469,0.6474
2020-02-06,0.6474,0.6484,0.6454,0.6458
2020-02-07,0.6458,0.6464,0.6398,0.64
2020-02-10,0.6401,0.6418,0.6382,0.6384
2020-02-11,0.6384,0.6421,0.6378,0.6406
2020-02-12,0.6406,0.6488,0.6401,0.6467
2020-02-13,0.6467,0.6468,0.6429,0.6437
2020-02-14,0.6437,0.6444,0.6423,0.6438
2020-02-17,0.6441,0.645,0.6421,0.6436
2020-02-18,0.6436,0.6442,0.6382,0.6386
2020-02-19,0.6386,0.6411,0.6371,0.6386
2020-02-20,0.6386,0.6395,0.6325,0.6333
2020-02-21,0.6333,0.6357,0.6303,0.6349
2020-02-24,0.6321,0.6356,0.6304,0.634
2020-02-25,0.634,0.6359,0.6311,0.6321
2020-02-26,0.6321,0.6327,0.6288,0.6293
2020-02-27,0.6293,0.6335,0.6284,0.6307
2020-02-28,0.6307,0.6319,0.6191,0.6246
2020-03-02,0.6218,0.6279,0.618,0.6261
2020-03-03,0.6261,0.6325,0.6247,0.6275
2020-03-04,0.6275,0.6305,0.6265,0.6298
2020-03-05,0.6298,0.6334,0.6281,0.6302
2020-03-06,0.6302,0.6373,0.6294,0.635
2020-03-09,0.6347,0.6448,0.6014,0.6337
2020-03-10,0.6337,0.636,0.6243,0.627
2020-03-11,0.627,0.6343,0.6257,0.6269
2020-03-12,0.6269,0.6276,0.6086,0.609
2020-03-13,0.609,0.616,0.6018,0.6054
2020-03-16,0.5988,0.6151,0.5944,0.6045
2020-03-17,0.6045,0.6096,0.5916,0.5946
2020-03-18,0.5946,0.5968,0.5696,0.574
2020-03-19,0.574,0.5916,0.547,0.5711
2020-03-20,0.5712,0.5881,0.5609,0.57
2020-03-23,0.5688,0.5738,0.5591,0.572
2020-03-24,0.572,0.584,0.569,0.5828
2020-03-25,0.5828,0.5913,0.5788,0.5851
2020-03-26,0.5851,0.5989,0.5778,0.5962
2020-03-27,0.5962,0.607,0.591,0.6035
2020-03-30,0.6023,0.6064,0.5984,0.6011
2020-03-31,0.6013,0.6039,0.591,0.5956
2020-04-01,0.5957,0.5985,0.5879,0.5912
2020-04-02,0.5912,0.5974,0.5881,0.5916
2020-04-03,0.5916,0.5923,0.5844,0.5869
2020-04-06,0.5868,0.5964,0.5851,0.5933
2020-04-07,0.5934,0.6016,0.592,0.5977
2020-04-08,0.5977,0.6031,0.594,0.6012
2020-04-09,0.6012,0.6096,0.5986,0.6081
2020-04-10,0.6083,0.6103,0.6044,0.6078
2020-04-13,0.6076,0.6111,0.606,0.6088
2020-04-14,0.6088,0.6131,0.6065,0.6106
2020-04-15,0.6106,0.6109,0.5955,0.5991
2020-04-16,0.5991,0.6002,0.5922,0.5968
2020-04-17,0.5968,0.6051,0.5964,0.6035
2020-04-20,0.6028,0.6092,0.6009,0.6037
2020-04-21,0.6037,0.6046,0.5934,0.5958
2020-04-22,0.5958,0.6004,0.594,0.5951
2020-04-23,0.5951,0.6042,0.5911,0.6008
2020-04-24,0.6008,0.602,0.5976,0.6017
2020-04-27,0.6008,0.6076,0.6002,0.6047
2020-04-28,0.6047,0.6073,0.5992,0.6056
2020-04-29,0.6056,0.6134,0.6051,0.6133
2020-04-30,0.6134,0.6176,0.6107,0.6127
2020-05-01,0.6127,0.6127,0.6047,0.6063
2020-05-04,0.6066,0.6066,0.6009,0.6048
2020-05-05,0.6048,0.6077,0.6033,0.6052
2020-05-06,0.6052,0.6073,0.6004,0.6008
2020-05-07,0.6008,0.6093,0.5995,0.6087
2020-05-08,0.6087,0.6148,0.6086,0.6136
2020-05-11,0.6141,0.6156,0.6054,0.608
2020-05-12,0.608,0.6124,0.6041,0.6078
2020-05-13,0.6078,0.6098,0.598,0.5991
2020-05-14,0.5991,0.6005,0.5957,0.6003
2020-05-15,0.6003,0.6016,0.5921,0.5935
2020-05-18,0.5933,0.6043,0.5925,0.6041
2020-05-19,0.6041,0.6119,0.6034,0.6076
2020-05-20,0.6075,0.6158,0.6063,0.6145
2020-05-21,0.6145,0.615,0.6106,0.6114
2020-05-22,0.6115,0.613,0.6081,0.6094
2020-05-25,0.6107,0.6109,0.6084,0.6103
2020-05-26,0.6103,0.6229,0.6094,0.6199
2020-05-27,0.6199,0.6233,0.615,0.6182
2020-05-28,0.6182,0.6229,0.617,0.621
2020-05-29,0.621,0.624,0.6169,0.6205
2020-06-01,0.6204,0.6299,0.6183,0.6292
2020-06-02,0.6292,0.6371,0.6263,0.6371
2020-06-03,0.6371,0.6444,0.636,0.6422
2020-06-04,0.6422,0.6478,0.6404,0.6464
2020-06-05,0.6464,0.6528,0.6456,0.6507
2020-06-08,0.651,0.6567,0.6499,0.656
2020-06-09,0.656,0.658,0.6469,0.6514
2020-06-10,0.6514,0.6584,0.6495,0.6536
2020-06-11,0.6536,0.6544,0.6411,0.6431
2020-06-12,0.6431,0.6477,0.6394,0.6445
2020-06-15,0.6427,0.6484,0.6381,0.6474
2020-06-16,0.6474,0.6507,0.6412,0.6451
2020-06-17,0.6451,0.6476,0.643,0.6457
2020-06-18,0.6457,0.6479,0.6419,0.6429
2020-06-19,0.6429,0.6458,0.6401,0.6407
2020-06-22,0.6402,0.6494,0.6377,0.648
2020-06-23,0.648,0.6533,0.6437,0.6491
2020-06-24,0.6491,0.6514,0.6405,0.641
2020-06-25,0.641,0.6442,0.6399,0.6429
2020-06-26,0.6429,0.6451,0.6402,0.6423
2020-06-29,0.6418,0.6443,0.6404,0.6422
2020-06-30,0.6422,0.6461,0.6385,0.6454
2020-07-01,0.6454,0.649,0.6441,0.6477
2020-07-02,0.6477,0.6537,0.6466,0.6511
2020-07-03,0.651,0.6539,0.6504,0.6531
2020-07-06,0.653,0.6566,0.6513,0.6555
2020-07-07,0.6555,0.658,0.652,0.6546
2020-07-08,0.6546,0.658,0.653,0.6575
2020-07-09,0.6575,0.6601,0.6551,0.657
2020-07-10,0.657,0.6589,0.6546,0.6574
2020-07-13,0.6574,0.6594,0.6538,0.654
2020-07-14,0.654,0.6544,0.6503,0.6532
2020-07-15,0.6532,0.6584,0.6532,0.6571
2020-07-16,0.6571,0.6578,0.6528,0.6535
2020-07-17,0.6535,0.6566,0.6531,0.6557
2020-07-20,0.6544,0.6577,0.6532,0.6577
2020-07-21,0.6577,0.665,0.6559,0.6643
2020-07-22,0.6643,0.6689,0.6633,0.6662
2020-07-23,0.6662,0.669,0.6626,0.6635
2020-07-24,0.6635,0.6654,0.6615,0.6641
2020-07-27,0.6636,0.6693,0.6626,0.6684
2020-07-28,0.6685,0.6703,0.6633,0.6661
2020-07-29,0.6661,0.668,0.6641,0.6669
2020-07-30,0.6669,0.6702,0.662,0.6699
2020-07-31,0.6699,0.6716,0.6623,0.6629
2020-08-03,0.6631,0.6644,0.6575,0.6613
2020-08-04,0.6613,0.6627,0.659,0.6622
2020-08-05,0.6622,0.6674,0.6617,0.6647
2020-08-06,0.6647,0.6689,0.6629,0.6688
2020-08-07,0.6687,0.6691,0.6589,0.6605
2020-08-10,0.661,0.6612,0.6578,0.6591
2020-08-11,0.6591,0.6627,0.6571,0.6577
2020-08-12,0.6577,0.66,0.6525,0.6578
2020-08-13,0.6578,0.6599,0.6537,0.6547
2020-08-14,0.6547,0.6559,0.6526,0.6542
2020-08-17,0.6536,0.6574,0.652,0.6558
2020-08-18,0.6558,0.6609,0.6534,0.6601
2020-08-19,0.6601,0.6651,0.6554,0.6559
2020-08-20,0.6559,0.6571,0.6489,0.6535
2020-08-21,0.6535,0.6549,0.6517,0.6541
2020-08-24,0.6546,0.6565,0.6522,0.6527
2020-08-25,0.6527,0.6558,0.6515,0.6547
2020-08-26,0.6547,0.6623,0.6544,0.6621
2020-08-27,0.6621,0.6675,0.66,0.6639
2020-08-28,0.6639,0.6744,0.663,0.6743
2020-08-31,0.6725,0.6763,0.6719,0.6733
2020-09-01,0.6733,0.6779,0.6729,0.6759
2020-09-02,0.6759,0.6789,0.6742,0.6772
2020-09-03,0.6772,0.6775,0.6694,0.6712
2020-09-04,0.6712,0.6735,0.6668,0.6721
2020-09-07,0.6704,0.6723,0.6691,0.6692
2020-09-08,0.6692,0.6707,0.6613,0.6619
2020-09-09,0.6619,0.6687,0.6601,0.6684
2020-09-10,0.6684,0.6709,0.6639,0.6651
2020-09-11,0.6652,0.6695,0.6641,0.6666
2020-09-14,0.6666,0.6718,0.6653,0.67
2020-09-15,0.67,0.6737,0.6684,0.6714
2020-09-16,0.6714,0.6759,0.6703,0.6733
2020-09-17,0.6733,0.6759,0.6675,0.6755
2020-09-18,0.6755,0.6798,0.6747,0.6759
2020-09-21,0.6752,0.6778,0.6652,0.6668
2020-09-22,0.6668,0.6693,0.6623,0.6632
2020-09-23,0.6632,0.6647,0.6536,0.6563
2020-09-24,0.6563,0.6564,0.6512,0.6546
2020-09-25,0.6546,0.6592,0.6528,0.6546
2020-09-28,0.6545,0.6568,0.654,0.6554
2020-09-29,0.6554,0.6603,0.655,0.6588
2020-09-30,0.6588,0.6626,0.657,0.6617
2020-10-01,0.6617,0.6657,0.6609,0.6636
2020-10-02,0.6636,0.6655,0.6614,0.6641
2020-10-05,0.663,0.6654,0.6629,0.6646
2020-10-06,0.6646,0.6658,0.6584,0.6587
2020-10-07,0.6587,0.6601,0.6571,0.658
2020-10-08,0.658,0.6597,0.6547,0.6577
2020-10-09,0.6577,0.6673,0.6575,0.6666
2020-10-12,0.6659,0.667,0.6642,0.6647
2020-10-13,0.6647,0.6671,0.6629,0.6651
2020-10-14,0.6651,0.6682,0.6645,0.6657
2020-10-15,0.6657,0.6664,0.6576,0.6598
2020-10-16,0.6597,0.6619,0.6587,0.6602
2020-10-19,0.6614,0.6646,0.6602,0.6606
2020-10-20,0.6606,0.6607,0.6553,0.6581
2020-10-21,0.6581,0.6678,0.6574,0.6653
2020-10-22,0.6653,0.6689,0.6632,0.6676
2020-10-23,0.6676,0.6705,0.6656,0.6691
2020-10-26,0.6681,0.6698,0.6671,0.6678
2020-10-27,0.6679,0.6724,0.6672,0.671
2020-10-28,0.671,0.672,0.6629,0.6639
2020-10-29,0.6639,0.666,0.6597,0.6629
2020-10-30,0.6629,0.6671,0.6598,0.6615
2020-11-02,0.6622,0.6636,0.6589,0.6632
2020-11-03,0.6632,0.6718,0.662,0.6686
2020-11-04,0.6686,0.6744,0.6614,0.6695
2020-11-05,0.6695,0.6778,0.6679,0.6764
2020-11-06,0.6764,0.6802,0.6753,0.6774
2020-11-09,0.6773,0.6855,0.6773,0.6818
2020-11-10,0.682,0.684,0.6804,0.6831
2020-11-11,0.6831,0.6904,0.6809,0.6882
2020-11-12,0.6882,0.6915,0.6835,0.6841
2020-11-13,0.6841,0.6852,0.6811,0.6845
2020-11-16,0.6836,0.6907,0.6836,0.6904
2020-11-17,0.6905,0.6919,0.6876,0.6891
2020-11-18,0.6891,0.6945,0.6876,0.6927
2020-11-19,0.6927,0.6928,0.6879,0.6915
2020-11-20,0.6915,0.6951,0.6905,0.6929
2020-11-23,0.6925,0.6968,0.6897,0.6924
2020-11-24,0.6924,0.7005,0.6918,0.6978
2020-11-25,0.6978,0.7015,0.696,0.7007
2020-11-26,0.7006,0.7015,0.6993,0.7006
2020-11-27,0.7006,0.7039,0.7002,0.7027
2020-11-30,0.7022,0.7051,0.701,0.7017
2020-12-01,0.7017,0.7068,0.7011,0.7064
2020-12-02,0.7063,0.7084,0.7032,0.707
2020-12-03,0.707,0.7104,0.7051,0.7077
2020-12-04,0.7077,0.7081,0.7028,0.7048
2020-12-07,0.7055,0.7064,0.7006,0.7044
2020-12-08,0.7044,0.7054,0.7024,0.7042
2020-12-09,0.7042,0.7095,0.7011,0.7021
2020-12-10,0.7021,0.71,0.7013,0.7097
2020-12-11,0.7097,0.7114,0.7074,0.7084
2020-12-14,0.7079,0.712,0.7077,0.7081
2020-12-15,0.7081,0.7098,0.7059,0.7088
2020-12-16,0.7088,0.7121,0.7054,0.7112
2020-12-17,0.7112,0.7171,0.7102,0.7149
2020-12-18,0.7149,0.7153,0.711,0.7136
2020-12-21,0.713,0.7131,0.7003,0.7102
2020-12-22,0.7102,0.711,0.7031,0.704
2020-12-23,0.704,0.7104,0.703,0.7097
2020-12-24,0.7097,0.7118,0.7087,0.7104
2020-12-25,0.7104,0.7121,0.7089,0.7117
2020-12-28,0.7101,0.7139,0.7084,0.71
2020-12-29,0.71,0.7165,0.7094,0.715
2020-12-30,0.715,0.7212,0.7144,0.7203
2020-12-31,0.7203,0.7241,0.7182,0.7184
2021-01-01,0.7184,0.7188,0.7183,0.7188
2021-01-04,0.7191,0.7231,0.7153,0.7176
2021-01-05,0.7176,0.7259,0.7168,0.7252
2021-01-06,0.7252,0.7315,0.7236,0.7294
2021-01-07,0.7294,0.7306,0.7225,0.7255
2021-01-08,0.7255,0.7281,0.7205,0.7242
2021-01-11,0.723,0.7244,0.7147,0.7163
2021-01-12,0.7162,0.7232,0.7157,0.722
2021-01-13,0.722,0.724,0.7166,0.7178
2021-01-14,0.7178,0.724,0.7171,0.7211
2021-01-15,0.7212,0.723,0.7119,0.7133
2021-01-18,0.7144,0.7147,0.7096,0.711
2021-01-19,0.711,0.7141,0.7103,0.7122
2021-01-20,0.7122,0.7175,0.7115,0.7172
2021-01-21,0.7172,0.7223,0.717,0.7216
2021-01-22,0.7217,0.7225,0.7167,0.7189
2021-01-25,0.7193,0.7217,0.7171,0.7202
2021-01-26,0.7202,0.7248,0.7167,0.7236
2021-01-27,0.7236,0.7245,0.7147,0.716
2021-01-28,0.716,0.7196,0.7106,0.7171
2021-01-29,0.7172,0.7226,0.7151,0.7193
2021-02-01,0.7181,0.7203,0.7151,0.7158
2021-02-02,0.7158,0.7196,0.7135,0.7192
2021-02-03,0.7192,0.7225,0.7184,0.7209
2021-02-04,0.7209,0.7225,0.7147,0.7156
2021-02-05,0.7156,0.7207,0.7136,0.7198
2021-02-08,0.718,0.7232,0.7172,0.7223
2021-02-09,0.7222,0.7254,0.7216,0.7242
2021-02-10,0.7242,0.7245,0.72,0.7216
2021-02-11,0.7216,0.7251,0.7204,0.7227
2021-02-12,0.7227,0.7237,0.7176,0.7223
2021-02-15,0.7214,0.7249,0.7206,0.7227
2021-02-16,0.7227,0.7269,0.7198,0.7215
2021-02-17,0.7215,0.7217,0.7158,0.7191
2021-02-18,0.7191,0.7225,0.7176,0.7221
2021-02-19,0.7221,0.7315,0.7204,0.7299
2021-02-22,0.7299,0.7343,0.7281,0.733
2021-02-23,0.733,0.7347,0.7307,0.734
2021-02-24,0.734,0.7455,0.7315,0.7436
2021-02-25,0.7436,0.7465,0.736,0.7373
2021-02-26,0.7373,0.7383,0.7223,0.7233
2021-03-01,0.7257,0.7293,0.7225,0.7265
2021-03-02,0.7265,0.7307,0.721,0.729
2021-03-03,0.729,0.7305,0.7237,0.7247
2021-03-04,0.7246,0.7273,0.7173,0.719
2021-03-05,0.719,0.7197,0.71,0.7167
2021-03-08,0.7158,0.7192,0.7105,0.7129
2021-03-09,0.713,0.7182,0.7103,0.7167
2021-03-10,0.7166,0.72,0.7131,0.7196
2021-03-11,0.7195,0.7241,0.717,0.7227
2021-03-12,0.7227,0.7233,0.7151,0.7176
2021-03-15,0.7178,0.7216,0.7168,0.7194
2021-03-16,0.7194,0.7206,0.7168,0.7188
2021-03-17,0.7187,0.7264,0.7154,0.7242
2021-03-18,0.7242,0.7269,0.716,0.7167
2021-03-19,0.7167,0.7188,0.7143,0.7165
2021-03-22,0.7159,0.7183,0.7138,0.7162
2021-03-23,0.7162,0.7167,0.699,0.6999
2021-03-24,0.6999,0.7018,0.6956,0.6962
2021-03-25,0.6962,0.6986,0.6943,0.6949
2021-03-26,0.6949,0.7002,0.6948,0.7
2021-03-29,0.6987,0.7018,0.6972,0.6999
2021-03-30,0.6999,0.7034,0.6973,0.6981
2021-03-31,0.6981,0.7026,0.6964,0.6985
2021-04-01,0.6985,0.7027,0.6946,0.7019
2021-04-02,0.7019,0.7048,0.7013,0.7032
2021-04-05,0.7027,0.707,0.7016,0.7059
2021-04-06,0.7059,0.7069,0.7008,0.7059
2021-04-07,0.7058,0.7069,0.6997,0.7013
2021-04-08,0.7013,0.7062,0.7004,0.7056
2021-04-09,0.7056,0.7066,0.701,0.7033
2021-04-12,0.7034,0.7049,0.7014,0.703
2021-04-13,0.703,0.706,0.7004,0.7053
2021-04-14,0.7053,0.715,0.7047,0.7141
2021-04-15,0.7141,0.718,0.7136,0.717
2021-04-16,0.717,0.7179,0.7132,0.7142
2021-04-19,0.7156,0.7198,0.7122,0.7185
2021-04-20,0.7185,0.723,0.7165,0.7175
2021-04-21,0.7175,0.7219,0.7163,0.7213
2021-04-22,0.7213,0.7214,0.7146,0.7172
2021-04-23,0.7172,0.7203,0.7151,0.7199
2021-04-26,0.7183,0.7243,0.7179,0.7236
2021-04-27,0.7236,0.7238,0.7202,0.7208
2021-04-28,0.7208,0.7267,0.7189,0.7255
2021-04-29,0.7255,0.7287,0.7223,0.7244
2021-04-30,0.7243,0.7255,0.7151,0.7162
2021-05-03,0.7179,0.7212,0.7156,0.7201
2021-05-04,0.7201,0.7206,0.7116,0.7145
2021-05-05,0.7145,0.7218,0.7144,0.7216
2021-05-06,0.7215,0.7239,0.7185,0.7234
2021-05-07,0.7234,0.7299,0.7205,0.7278
2021-05-10,0.7286,0.7305,0.7261,0.7277
2021-05-11,0.7278,0.729,0.7252,0.7275
2021-05-12,0.7275,0.7279,0.7152,0.7158
2021-05-13,0.7158,0.7194,0.7135,0.7174
2021-05-14,0.7174,0.7256,0.7169,0.725
2021-05-17,0.7242,0.7251,0.7182,0.7204
2021-05-18,0.7204,0.7271,0.7203,0.7248
2021-05-19,0.7248,0.7251,0.7152,0.717
2021-05-20,0.717,0.7217,0.7157,0.72
2021-05-21,0.7201,0.7222,0.7154,0.7174
2021-05-24,0.7175,0.7219,0.7158,0.721
2021-05-25,0.721,0.725,0.7204,0.7228
2021-05-26,0.7228,0.7316,0.7222,0.7282
2021-05-27,0.7282,0.7311,0.7266,0.7293
2021-05-28,0.7293,0.7296,0.7213,0.725
2021-05-31,0.724,0.7284,0.7232,0.727
2021-06-01,0.727,0.7288,0.7247,0.7257
2021-06-02,0.7257,0.7272,0.7209,0.7239
2021-06-03,0.7239,0.7242,0.7126,0.7146
2021-06-04,0.7146,0.7216,0.7132,0.7214
2021-06-07,0.7198,0.7243,0.7192,0.723
2021-06-08,0.7229,0.7235,0.7187,0.72
2021-06-09,0.72,0.7214,0.7167,0.718
2021-06-10,0.718,0.7213,0.7165,0.7202
2021-06-11,0.7202,0.7211,0.7116,0.713
2021-06-14,0.713,0.7153,0.7126,0.7144
2021-06-15,0.7144,0.7161,0.7105,0.7121
2021-06-16,0.7121,0.7155,0.7043,0.7051
2021-06-17,0.7051,0.7102,0.6992,0.7005
2021-06-18,0.7005,0.7018,0.6923,0.6936
2021-06-21,0.6938,0.6999,0.6935,0.6988
2021-06-22,0.6988,0.7036,0.6964,0.7025
2021-06-23,0.7026,0.7069,0.6996,0.7047
2021-06-24,0.7047,0.7074,0.704,0.706
2021-06-25,0.706,0.7095,0.7056,0.7073
2021-06-28,0.7068,0.7086,0.7031,0.7034
2021-06-29,0.7034,0.7051,0.698,0.6992
2021-06-30,0.6992,0.7007,0.6965,0.6983
2021-07-01,0.6983,0.701,0.6962,0.6974
2021-07-02,0.6974,0.7037,0.6948,0.7026
2021-07-05,0.703,0.7053,0.7013,0.7027
2021-07-06,0.7026,0.7105,0.6988,0.7011
2021-07-07,0.7011,0.7061,0.6989,0.7019
2021-07-08,0.7019,0.7021,0.6935,0.6956
2021-07-09,0.6956,0.7004,0.6923,0.7
2021-07-12,0.6986,0.7009,0.6948,0.6981
2021-07-13,0.6981,0.701,0.6917,0.6948
2021-07-14,0.6947,0.7044,0.6939,0.7033
2021-07-15,0.7034,0.7045,0.6965,0.6984
2021-07-16,0.6985,0.7029,0.6978,0.6999
2021-07-19,0.7007,0.7008,0.6916,0.6944
2021-07-20,0.6944,0.6954,0.6881,0.6918
2021-07-21,0.6918,0.6977,0.6894,0.697
2021-07-22,0.6971,0.6986,0.6947,0.697
2021-07-23,0.697,0.6992,0.6961,0.6974
2021-07-26,0.6979,0.701,0.6948,0.7004
2021-07-27,0.7004,0.7006,0.694,0.6956
2021-07-28,0.6956,0.697,0.6902,0.6949
2021-07-29,0.6949,0.702,0.694,0.701
2021-07-30,0.701,0.7021,0.6959,0.6974
2021-08-02,0.6984,0.6993,0.6953,0.697
2021-08-03,0.697,0.7019,0.6965,0.7017
2021-08-04,0.7017,0.7089,0.7014,0.7048
2021-08-05,0.7048,0.7074,0.7037,0.7057
2021-08-06,0.7057,0.7063,0.7002,0.701
2021-08-09,0.7031,0.7031,0.6981,0.6993
2021-08-10,0.6993,0.7011,0.6969,0.701
2021-08-11,0.701,0.7062,0.6991,0.7042
2021-08-12,0.7042,0.7047,0.6996,0.7002
2021-08-13,0.7002,0.7048,0.6995,0.7042
2021-08-16,0.7034,0.7045,0.7011,0.7019
2021-08-17,0.7019,0.7029,0.69,0.6919
2021-08-18,0.6919,0.6951,0.687,0.6887
2021-08-19,0.6887,0.6895,0.6809,0.6839
2021-08-20,0.6836,0.6846,0.6805,0.6835
2021-08-23,0.6834,0.6904,0.6812,0.6892
2021-08-24,0.6892,0.6966,0.6879,0.6952
2021-08-25,0.6952,0.6983,0.693,0.6974
2021-08-26,0.6974,0.6977,0.6941,0.6948
2021-08-27,0.6948,0.7019,0.6933,0.7011
2021-08-30,0.7008,0.7015,0.6987,0.6999
2021-08-31,0.6999,0.7069,0.6995,0.7045
2021-09-01,0.7046,0.7078,0.7035,0.707
2021-09-02,0.707,0.712,0.7057,0.7111
2021-09-03,0.7111,0.717,0.7106,0.7158
2021-09-06,0.7155,0.7167,0.7128,0.7136
2021-09-07,0.7135,0.7153,0.7087,0.7099
2021-09-08,0.7099,0.7115,0.7076,0.7099
2021-09-09,0.7099,0.7134,0.7082,0.7105
2021-09-10,0.7105,0.7156,0.709,0.7113
2021-09-13,0.7113,0.7123,0.7098,0.7119
2021-09-14,0.7119,0.7151,0.7083,0.7098
2021-09-15,0.7098,0.7118,0.7074,0.7106
2021-09-16,0.7105,0.7138,0.706,0.7075
2021-09-17,0.7074,0.7087,0.7026,0.704
2021-09-20,0.7033,0.7046,0.7006,0.7027
2021-09-21,0.7027,0.7056,0.6994,0.7005
2021-09-22,0.7005,0.7056,0.6993,0.7009
2021-09-23,0.7009,0.7093,0.6982,0.7069
2021-09-24,0.7069,0.7081,0.6997,0.7015
2021-09-27,0.7022,0.7033,0.6991,0.7017
2021-09-28,0.7017,0.7027,0.6943,0.6957
2021-09-29,0.6957,0.6964,0.686,0.6869
2021-09-30,0.6869,0.6922,0.686,0.6899
2021-10-01,0.6899,0.6951,0.6877,0.6948
2021-10-04,0.6934,0.6982,0.6927,0.6969
2021-10-05,0.6969,0.6976,0.6928,0.6963
2021-10-06,0.6963,0.6979,0.6877,0.6914
2021-10-07,0.6914,0.6944,0.6909,0.6925
2021-10-08,0.6925,0.696,0.6909,0.6939
2021-10-11,0.6951,0.6965,0.6904,0.694
2021-10-12,0.694,0.697,0.6924,0.6931
2021-10-13,0.6931,0.6968,0.6912,0.6964
2021-10-14,0.6964,0.7042,0.6956,0.7036
2021-10-15,0.7035,0.7077,0.7029,0.7067
2021-10-18,0.7059,0.7105,0.705,0.7086
2021-10-19,0.7086,0.7172,0.7081,0.7154
2021-10-20,0.7154,0.7208,0.7147,0.7202
2021-10-21,0.7202,0.7219,0.7141,0.7156
2021-10-22,0.7156,0.7189,0.7132,0.7157
2021-10-25,0.7154,0.7178,0.713,0.7162
2021-10-26,0.7162,0.7194,0.7151,0.7163
2021-10-27,0.7163,0.7189,0.7132,0.7168
2021-10-28,0.7168,0.7217,0.7152,0.7201
2021-10-29,0.7201,0.7207,0.7136,0.7171
2021-11-01,0.7156,0.7198,0.7151,0.7185
2021-11-02,0.7185,0.7191,0.7093,0.7111
2021-11-03,0.7111,0.7173,0.7105,0.716
2021-11-04,0.716,0.7179,0.7095,0.7104
2021-11-05,0.7104,0.7127,0.7073,0.7117
2021-11-08,0.7109,0.7177,0.7104,0.7167
2021-11-09,0.7167,0.7174,0.711,0.7129
2021-11-10,0.7129,0.7133,0.7056,0.7061
2021-11-11,0.7061,0.7071,0.7013,0.7021
2021-11-12,0.7021,0.7048,0.6997,0.7044
2021-11-15,0.7044,0.7081,0.7032,0.7048
2021-11-16,0.7048,0.7064,0.6985,0.6992
2021-11-17,0.6992,0.7021,0.698,0.6998
2021-11-18,0.6998,0.7053,0.6995,0.7044
2021-11-19,0.7045,0.7047,0.6991,0.7004
2021-11-22,0.701,0.7019,0.6948,0.6958
2021-11-23,0.6957,0.6983,0.6916,0.6949
2021-11-24,0.6949,0.6957,0.6856,0.6875
2021-11-25,0.6875,0.6894,0.684,0.686
2021-11-26,0.686,0.686,0.6805,0.6822
2021-11-29,0.6816,0.6842,0.6788,0.6825
2021-11-30,0.6825,0.6856,0.6773,0.6822
2021-12-01,0.6822,0.6868,0.6804,0.6809
2021-12-02,0.6809,0.6831,0.6799,0.6818
2021-12-03,0.6818,0.6824,0.6741,0.675
2021-12-06,0.6773,0.6774,0.674,0.6753
2021-12-07,0.6753,0.6793,0.6737,0.6791
2021-12-08,0.6791,0.6819,0.6767,0.6809
2021-12-09,0.6809,0.6823,0.6781,0.6795
2021-12-10,0.6795,0.6807,0.677,0.6796
2021-12-13,0.6801,0.6805,0.6746,0.6756
2021-12-14,0.6756,0.6773,0.6736,0.6745
2021-12-15,0.6745,0.6788,0.6702,0.6784
2021-12-16,0.6783,0.6834,0.6757,0.68
2021-12-17,0.68,0.6802,0.6731,0.675
2021-12-20,0.6743,0.6756,0.6702,0.6713
2021-12-21,0.6713,0.6774,0.6703,0.6769
2021-12-22,0.6769,0.6822,0.674,0.681
2021-12-23,0.681,0.6841,0.6796,0.6827
2021-12-24,0.6827,0.6837,0.6804,0.6818
2021-12-27,0.6826,0.6832,0.6789,0.6814
2021-12-28,0.6814,0.6829,0.6789,0.6805
2021-12-29,0.6805,0.6842,0.6789,0.683
2021-12-30,0.683,0.6857,0.6816,0.6832
2021-12-31,0.6832,0.6852,0.6821,0.6826
2022-01-03,0.6835,0.6857,0.6775,0.6785
2022-01-04,0.6785,0.6824,0.6765,0.6808
2022-01-05,0.6809,0.6837,0.679,0.6796
2022-01-06,0.6796,0.6798,0.6733,0.6748
2022-01-07,0.6748,0.6787,0.6736,0.6779
2022-01-10,0.676,0.6783,0.6736,0.6762
2022-01-11,0.6762,0.6791,0.674,0.6786
2022-01-12,0.6786,0.6857,0.6774,0.685
2022-01-13,0.685,0.6891,0.6831,0.6861
2022-01-14,0.6861,0.6874,0.6792,0.6804
2022-01-17,0.6818,0.6819,0.6787,0.6801
2022-01-18,0.6801,0.681,0.6753,0.677
2022-01-19,0.6771,0.6812,0.6765,0.6784
2022-01-20,0.6784,0.6806,0.675,0.6757
2022-01-21,0.6757,0.6759,0.6708,0.6717
2022-01-24,0.6723,0.6728,0.6661,0.67
2022-01-25,0.67,0.6709,0.666,0.6687
2022-01-26,0.6687,0.6702,0.6638,0.6652
2022-01-27,0.6652,0.6661,0.657,0.6583
2022-01-28,0.6583,0.6596,0.653,0.6548
2022-01-31,0.6554,0.6597,0.6539,0.6576
2022-02-01,0.6576,0.6648,0.6566,0.6638
2022-02-02,0.6638,0.6662,0.6624,0.6632
2022-02-03,0.6631,0.6681,0.661,0.6661
2022-02-04,0.666,0.6684,0.659,0.6614
2022-02-07,0.661,0.6644,0.6599,0.6633
2022-02-08,0.6633,0.6653,0.6627,0.665
2022-02-09,0.665,0.6698,0.6641,0.6684
2022-02-10,0.6684,0.6733,0.6654,0.6673
2022-02-11,0.6673,0.6694,0.6627,0.6647
2022-02-14,0.6647,0.6655,0.6593,0.6616
2022-02-15,0.6616,0.6648,0.6602,0.664
2022-02-16,0.664,0.6691,0.6633,0.6679
2022-02-17,0.6679,0.6718,0.6659,0.6689
2022-02-18,0.6689,0.673,0.6687,0.6697
2022-02-21,0.6699,0.6734,0.6683,0.67
2022-02-22,0.67,0.6755,0.6681,0.6733
2022-02-23,0.6731,0.6809,0.6731,0.6772
2022-02-24,0.6773,0.6776,0.6631,0.6693
2022-02-25,0.6693,0.6751,0.6686,0.6743
2022-02-28,0.671,0.6777,0.6656,0.6772
2022-03-01,0.6772,0.6791,0.6741,0.6756
2022-03-02,0.6756,0.68,0.6744,0.6787
2022-03-03,0.6787,0.6809,0.6762,0.68
2022-03-04,0.68,0.6872,0.6768,0.686
2022-03-07,0.6854,0.6926,0.6821,0.6825
2022-03-08,0.6827,0.6851,0.68,0.6806
2022-03-09,0.6806,0.6853,0.6796,0.6839
2022-03-10,0.6839,0.6874,0.6811,0.6865
2022-03-11,0.6865,0.6875,0.6799,0.6809
2022-03-14,0.6812,0.6816,0.6745,0.6746
2022-03-15,0.6746,0.6792,0.6729,0.6771
2022-03-16,0.6771,0.6845,0.6742,0.6838
2022-03-17,0.6838,0.6899,0.6824,0.6882
2022-03-18,0.6882,0.6913,0.6867,0.6908
2022-03-21,0.6893,0.6923,0.6873,0.6886
2022-03-22,0.6886,0.6966,0.6864,0.6964
2022-03-23,0.6964,0.6989,0.6936,0.6974
2022-03-24,0.6974,0.6978,0.6941,0.6965
2022-03-25,0.6965,0.6987,0.6944,0.6972
2022-03-28,0.6947,0.6967,0.6888,0.6895
2022-03-29,0.6895,0.6946,0.6876,0.6935
2022-03-30,0.6935,0.6998,0.6926,0.6978
2022-03-31,0.6978,0.698,0.6928,0.6947
2022-04-01,0.6937,0.6948,0.6896,0.6927
2022-04-04,0.6922,0.6968,0.6905,0.6948
2022-04-05,0.6948,0.7034,0.6934,0.6948
2022-04-06,0.6947,0.6967,0.6897,0.6918
2022-04-07,0.6919,0.6937,0.6881,0.6891
2022-04-08,0.6891,0.69,0.6823,0.6849
2022-04-11,0.6849,0.6856,0.6814,0.6826
2022-04-12,0.6826,0.689,0.6806,0.6852
2022-04-13,0.6852,0.6902,0.6755,0.6796
2022-04-14,0.6796,0.6834,0.6768,0.6787
2022-04-15,0.6787,0.681,0.6759,0.6764
2022-04-18,0.6792,0.6793,0.6715,0.673
2022-04-19,0.6729,0.6764,0.672,0.6736
2022-04-20,0.6736,0.6813,0.673,0.6807
2022-04-21,0.6807,0.681,0.6727,0.6737
2022-04-22,0.6737,0.6741,0.6626,0.6639
2022-04-25,0.6666,0.6667,0.6582,0.6616
2022-04-26,0.6616,0.6645,0.6562,0.6563
2022-04-27,0.6563,0.6591,0.6528,0.6544
2022-04-28,0.6544,0.6547,0.6452,0.649
2022-04-29,0.649,0.6543,0.6452,0.6458
2022-05-02,0.6472,0.6475,0.6412,0.6434
2022-05-03,0.6434,0.6476,0.6411,0.6437
2022-05-04,0.6437,0.6556,0.6422,0.6544
2022-05-05,0.6544,0.6568,0.6393,0.643
2022-05-06,0.643,0.6458,0.6395,0.641
2022-05-09,0.6413,0.6419,0.632,0.6324
2022-05-10,0.6324,0.6348,0.6276,0.629
2022-05-11,0.629,0.638,0.6281,0.63
2022-05-12,0.63,0.6314,0.6217,0.6232
2022-05-13,0.6232,0.629,0.6224,0.6276
2022-05-16,0.627,0.6321,0.6229,0.631
2022-05-17,0.6309,0.6376,0.6305,0.6359
2022-05-18,0.6359,0.637,0.6291,0.6297
2022-05-19,0.6297,0.6417,0.6292,0.6381
2022-05-20,0.6381,0.6414,0.6364,0.6394
2022-05-23,0.6399,0.6492,0.6386,0.647
2022-05-24,0.647,0.6472,0.6423,0.6468
2022-05-25,0.6468,0.6514,0.6423,0.6476
2022-05-26,0.6476,0.65,0.6447,0.6479
2022-05-27,0.6479,0.655,0.6473,0.6532
2022-05-30,0.6536,0.656,0.6524,0.6556
2022-05-31,0.6556,0.6564,0.6483,0.6514
2022-06-01,0.6514,0.654,0.6465,0.6483
2022-06-02,0.6483,0.6565,0.6461,0.6559
2022-06-03,0.6559,0.6576,0.6501,0.651
2022-06-06,0.6529,0.6537,0.6485,0.6492
2022-06-07,0.6492,0.6499,0.6423,0.649
2022-06-08,0.649,0.6494,0.6435,0.6448
2022-06-09,0.6447,0.6461,0.638,0.6386
2022-06-10,0.6386,0.6435,0.6348,0.6358
2022-06-13,0.6357,0.6357,0.6246,0.6259
2022-06-14,0.6259,0.6293,0.6197,0.6216
2022-06-15,0.6216,0.6313,0.621,0.6288
2022-06-16,0.6288,0.6396,0.6233,0.636
2022-06-17,0.6361,0.637,0.627,0.6315
2022-06-20,0.6308,0.6364,0.6294,0.6333
2022-06-21,0.6333,0.6363,0.6318,0.6331
2022-06-22,0.6331,0.6337,0.6244,0.6285
2022-06-23,0.6285,0.6311,0.6248,0.6275
2022-06-24,0.6275,0.6327,0.6271,0.632
2022-06-27,0.6313,0.6327,0.6282,0.6303
2022-06-28,0.6304,0.6314,0.6237,0.624
2022-06-29,0.624,0.626,0.6205,0.6221
2022-06-30,0.6221,0.6254,0.6199,0.6244
2022-07-01,0.6244,0.625,0.6148,0.6192
2022-07-04,0.6193,0.6252,0.6187,0.6208
2022-07-05,0.6208,0.6227,0.6125,0.6172
2022-07-06,0.6172,0.6192,0.6132,0.6148
2022-07-07,0.6148,0.6195,0.614,0.6176
2022-07-08,0.6176,0.6207,0.6132,0.6192
2022-07-11,0.6179,0.6192,0.6097,0.6111
2022-07-12,0.6111,0.6146,0.61,0.6129
2022-07-13,0.613,0.6172,0.6081,0.6131
2022-07-14,0.6131,0.6137,0.6061,0.6129
2022-07-15,0.6129,0.6177,0.6108,0.6165
2022-07-18,0.6154,0.6201,0.6147,0.6154
2022-07-19,0.6154,0.624,0.6141,0.6225
2022-07-20,0.6225,0.6272,0.6217,0.6239
2022-07-21,0.6239,0.6254,0.6185,0.6252
2022-07-22,0.6252,0.6304,0.6212,0.6266
2022-07-25,0.6265,0.628,0.6215,0.6265
2022-07-26,0.6265,0.628,0.6225,0.6234
2022-07-27,0.6234,0.6278,0.6192,0.6263
2022-07-28,0.6263,0.6298,0.6251,0.6289
2022-07-29,0.6289,0.6329,0.6218,0.6278
2022-08-01,0.6274,0.6353,0.627,0.6331
2022-08-02,0.6331,0.6343,0.6252,0.6269
2022-08-03,0.6257,0.6281,0.6213,0.6267
2022-08-04,0.6267,0.6315,0.6258,0.6302
2022-08-05,0.6302,0.631,0.6213,0.6231
2022-08-08,0.6227,0.6304,0.6227,0.6285
2022-08-09,0.6286,0.6303,0.627,0.6288
2022-08-10,0.6288,0.6434,0.6275,0.6402
2022-08-11,0.6402,0.6463,0.6384,0.6435
2022-08-12,0.6435,0.6468,0.6423,0.6452
2022-08-15,0.6452,0.6458,0.6356,0.6367
2022-08-16,0.6367,0.6371,0.6317,0.6346
2022-08-17,0.6346,0.6383,0.6258,0.6283
2022-08-18,0.6283,0.6313,0.6247,0.626
2022-08-19,0.6261,0.6278,0.6166,0.6194
2022-08-22,0.6185,0.6215,0.6157,0.6168
2022-08-23,0.6168,0.6245,0.616,0.6216
2022-08-24,0.6216,0.623,0.6163,0.6187
2022-08-25,0.6187,0.6251,0.6177,0.6231
2022-08-26,0.6231,0.6233,0.6134,0.6137
2022-08-29,0.6146,0.6168,0.6102,0.6154
2022-08-30,0.6154,0.6194,0.6123,0.6129
2022-08-31,0.6129,0.6155,0.6111,0.6119
2022-09-01,0.6119,0.614,0.6061,0.608
2022-09-02,0.608,0.6141,0.6051,0.6103
2022-09-05,0.6105,0.6118,0.6078,0.6095
2022-09-06,0.6095,0.6129,0.6035,0.6039
2022-09-07,0.6039,0.6077,0.5997,0.6076
2022-09-08,0.6076,0.6081,0.6031,0.6054
2022-09-09,0.6054,0.6152,0.6048,0.6109
2022-09-12,0.6113,0.6158,0.6057,0.6137
2022-09-13,0.6137,0.6161,0.5987,0.5997
2022-09-14,0.5997,0.6025,0.5977,0.6003
2022-09-15,0.6003,0.6026,0.5964,0.5966
2022-09-16,0.5966,0.5994,0.5941,0.5989
2022-09-19,0.5975,0.6002,0.593,0.596
2022-09-20,0.596,0.5976,0.5886,0.5894
2022-09-21,0.5894,0.5911,0.5843,0.5853
2022-09-22,0.5853,0.5888,0.5804,0.5849
2022-09-23,0.5849,0.5856,0.573,0.5745
2022-09-26,0.5735,0.5756,0.5625,0.5637
2022-09-27,0.5637,0.5722,0.5625,0.5639
2022-09-28,0.564,0.5733,0.5565,0.573
2022-09-29,0.573,0.5735,0.5648,0.5727
2022-09-30,0.5727,0.5751,0.5591,0.56
2022-10-03,0.5603,0.5731,0.5601,0.5722
2022-10-04,0.5723,0.5758,0.5681,0.5731
2022-10-05,0.5731,0.5805,0.5661,0.5739
2022-10-06,0.5739,0.5814,0.564,0.5661
2022-10-07,0.566,0.5674,0.5598,0.5611
2022-10-10,0.5608,0.5629,0.5545,0.5567
2022-10-11,0.5567,0.5657,0.5536,0.5583
2022-10-12,0.5583,0.5676,0.556,0.5609
2022-10-13,0.5609,0.5655,0.5512,0.5638
2022-10-14,0.5637,0.5682,0.555,0.5562
2022-10-17,0.556,0.5649,0.5552,0.5634
2022-10-18,0.5634,0.5719,0.5613,0.5685
2022-10-19,0.5685,0.5708,0.565,0.5671
2022-10-20,0.5671,0.5742,0.5623,0.5678
2022-10-21,0.5678,0.5771,0.56,0.5749
2022-10-24,0.5775,0.5793,0.5657,0.5694
2022-10-25,0.5694,0.578,0.5673,0.574
2022-10-26,0.575,0.5845,0.5726,0.5835
2022-10-27,0.5834,0.587,0.5789,0.5828
2022-10-28,0.5828,0.5873,0.5783,0.5808
2022-10-31,0.5814,0.5835,0.5775,0.5814
2022-11-01,0.5814,0.5903,0.5809,0.5842
2022-11-02,0.5842,0.5942,0.5814,0.582
2022-11-03,0.582,0.5839,0.5741,0.5773
2022-11-04,0.5773,0.5936,0.5757,0.5931
2022-11-07,0.5925,0.5946,0.5845,0.5939
2022-11-08,0.5939,0.6,0.5899,0.5955
2022-11-09,0.5955,0.5969,0.5873,0.5883
2022-11-10,0.5883,0.6041,0.5841,0.6025
2022-11-11,0.6025,0.613,0.5985,0.6104
2022-11-14,0.61,0.6131,0.6062,0.6096
2022-11-15,0.6096,0.6203,0.6086,0.6156
2022-11-16,0.6156,0.6194,0.6129,0.6151
2022-11-17,0.6152,0.6168,0.6065,0.6129
2022-11-18,0.6129,0.6206,0.6113,0.6148
2022-11-21,0.6171,0.6176,0.6088,0.6101
2022-11-22,0.6101,0.6163,0.6095,0.6154
2022-11-23,0.6154,0.625,0.6138,0.6243
2022-11-24,0.6243,0.6289,0.6237,0.6264
2022-11-25,0.6264,0.6278,0.6219,0.6247
2022-11-28,0.6225,0.6244,0.6156,0.6163
2022-11-29,0.6163,0.6254,0.616,0.6201
2022-11-30,0.6202,0.6313,0.619,0.6297
2022-12-01,0.6297,0.64,0.6252,0.6362
2022-12-02,0.6362,0.6418,0.6328,0.6401
2022-12-05,0.6383,0.6443,0.6303,0.6317
2022-12-06,0.6317,0.6355,0.6304,0.6323
2022-12-07,0.6323,0.6384,0.631,0.6355
2022-12-08,0.6355,0.6389,0.6327,0.6377
2022-12-09,0.6377,0.6427,0.636,0.641
2022-12-12,0.6405,0.6422,0.6366,0.6382
2022-12-13,0.6382,0.6514,0.6374,0.6464
2022-12-14,0.6464,0.647,0.6403,0.6456
2022-12-15,0.6456,0.6467,0.632,0.6344
2022-12-16,0.6345,0.6396,0.6332,0.6373
2022-12-19,0.6371,0.6409,0.6343,0.6367
2022-12-20,0.6367,0.6395,0.6301,0.6347
2022-12-21,0.6347,0.6351,0.6277,0.6296
2022-12-22,0.6296,0.633,0.6231,0.6247
2022-12-23,0.6246,0.6305,0.6234,0.628
2022-12-26,0.6289,0.6301,0.6254,0.6297
2022-12-27,0.6296,0.6318,0.6264,0.6276
2022-12-28,0.6276,0.6355,0.6258,0.6311
2022-12-29,0.6311,0.6358,0.6298,0.6347
2022-12-30,0.6346,0.6372,0.6311,0.635
2023-01-02,0.6341,0.6356,0.6314,0.6317
2023-01-03,0.6317,0.6362,0.62,0.6252
2023-01-04,0.6252,0.6353,0.624,0.6294
2023-01-05,0.6294,0.6309,0.6211,0.6234
2023-01-06,0.6234,0.6361,0.6191,0.6347
2023-01-09,0.6338,0.6412,0.633,0.6372
2023-01-10,0.6372,0.6389,0.6343,0.6371
2023-01-11,0.6371,0.6388,0.6335,0.6365
2023-01-12,0.6365,0.6417,0.6321,0.6395
2023-01-13,0.6395,0.6416,0.6335,0.6375
2023-01-16,0.6371,0.6427,0.6361,0.6381
2023-01-17,0.6381,0.6438,0.6367,0.6425
2023-01-18,0.6424,0.653,0.6404,0.6443
2023-01-19,0.6443,0.6449,0.6365,0.6396
2023-01-20,0.6396,0.6477,0.6392,0.6472
2023-01-23,0.6451,0.65,0.6438,0.649
2023-01-24,0.649,0.6525,0.6464,0.6504
2023-01-25,0.6505,0.6507,0.645,0.6479
2023-01-26,0.6479,0.6514,0.6457,0.6489
2023-01-27,0.6489,0.6512,0.6462,0.6493
2023-01-30,0.6485,0.6508,0.6462,0.6469
2023-01-31,0.6469,0.6479,0.6413,0.644
2023-02-01,0.644,0.6508,0.6417,0.6506
2023-02-02,0.6506,0.6538,0.6463,0.6476
2023-02-03,0.6476,0.6487,0.6323,0.6331
2023-02-06,0.6337,0.6351,0.627,0.6305
2023-02-07,0.6305,0.6359,0.6273,0.6326
2023-02-08,0.6326,0.6348,0.6297,0.6307
2023-02-09,0.6307,0.6389,0.6303,0.6327
2023-02-10,0.6327,0.6346,0.6299,0.6305
2023-02-13,0.6304,0.6366,0.629,0.6358
2023-02-14,0.6358,0.639,0.6297,0.6338
2023-02-15,0.6338,0.6338,0.6253,0.6281
2023-02-16,0.6281,0.6309,0.6233,0.6257
2023-02-17,0.6257,0.6264,0.6194,0.6247
2023-02-20,0.6237,0.6262,0.6222,0.6253
2023-02-21,0.6253,0.6262,0.6203,0.6222
2023-02-22,0.6215,0.6252,0.6206,0.6218
2023-02-23,0.6218,0.6251,0.6203,0.6228
2023-02-24,0.6228,0.6244,0.6152,0.6165
2023-02-27,0.6169,0.618,0.6131,0.6167
2023-02-28,0.6168,0.6208,0.6133,0.6185
2023-03-01,0.6185,0.6276,0.6166,0.6257
2023-03-02,0.6257,0.6259,0.6199,0.6218
2023-03-03,0.6218,0.6242,0.6193,0.622
2023-03-06,0.6219,0.6225,0.6173,0.6197
2023-03-07,0.6197,0.6222,0.6104,0.6107
2023-03-08,0.6107,0.6138,0.6085,0.6107
2023-03-09,0.6107,0.6151,0.6096,0.61
2023-03-10,0.61,0.6177,0.6092,0.613
2023-03-13,0.6149,0.6264,0.6135,0.622
2023-03-14,0.622,0.6248,0.62,0.6236
2023-03-15,0.6236,0.6265,0.6173,0.6188
2023-03-16,0.6188,0.6197,0.614,0.6197
2023-03-17,0.6197,0.6277,0.6185,0.6269
2023-03-20,0.6255,0.6306,0.6229,0.6247
2023-03-21,0.6247,0.6256,0.6167,0.6194
2023-03-22,0.6194,0.6283,0.6172,0.6222
2023-03-23,0.6222,0.6294,0.6219,0.625
2023-03-24,0.6249,0.6254,0.6192,0.6203
2023-03-27,0.6205,0.6212,0.6181,0.6197
2023-03-28,0.6197,0.6255,0.6196,0.6253
2023-03-29,0.6253,0.6271,0.6215,0.6225
2023-03-30,0.6225,0.6266,0.6203,0.6264
2023-03-31,0.6263,0.6298,0.6237,0.6258
2023-04-03,0.6266,0.63,0.6208,0.6297
2023-04-04,0.6297,0.6315,0.6274,0.6313
2023-04-05,0.6313,0.6379,0.6285,0.6318
2023-04-06,0.6318,0.6325,0.624,0.6243
2023-04-07,0.6243,0.627,0.621,0.6248
2023-04-10,0.6248,0.6258,0.6194,0.6218
2023-04-11,0.6218,0.6234,0.6184,0.619
2023-04-12,0.619,0.6242,0.6182,0.6213
2023-04-13,0.6213,0.6315,0.6203,0.6296
2023-04-14,0.6295,0.6315,0.6195,0.6205
2023-04-17,0.6208,0.6212,0.6162,0.6181
2023-04-18,0.6181,0.6225,0.6178,0.6208
2023-04-19,0.6208,0.6226,0.6173,0.6201
2023-04-20,0.62,0.6206,0.6149,0.6174
2023-04-21,0.6174,0.618,0.6127,0.6139
2023-04-24,0.6141,0.6168,0.6126,0.6167
2023-04-25,0.6167,0.6187,0.6133,0.6137
2023-04-26,0.6137,0.6149,0.6112,0.6117
2023-04-27,0.6117,0.6161,0.6115,0.6148
2023-04-28,0.6148,0.6187,0.6124,0.6182
2023-05-01,0.6181,0.62,0.6161,0.6167
2023-05-02,0.6167,0.6218,0.6163,0.6208
2023-05-03,0.6208,0.6261,0.6206,0.6229
2023-05-04,0.6229,0.6299,0.6207,0.6281
2023-05-05,0.6281,0.6316,0.6263,0.6292
2023-05-08,0.63,0.6359,0.6291,0.6344
2023-05-09,0.6344,0.6349,0.6318,0.6335
2023-05-10,0.6335,0.6381,0.6324,0.6367
2023-05-11,0.6367,0.6385,0.6289,0.6298
2023-05-12,0.6298,0.6308,0.6182,0.6193
2023-05-15,0.6202,0.6243,0.6186,0.6242
2023-05-16,0.6242,0.626,0.622,0.6231
2023-05-17,0.6231,0.6273,0.6227,0.6249
2023-05-18,0.6249,0.6269,0.6204,0.6226
2023-05-19,0.6226,0.6306,0.6223,0.6283
2023-05-22,0.6283,0.6292,0.6262,0.6287
2023-05-23,0.6287,0.6303,0.6234,0.6248
2023-05-24,0.6248,0.6257,0.6094,0.6112
2023-05-25,0.6112,0.6114,0.6044,0.6063
2023-05-26,0.6063,0.6096,0.6033,0.6051
2023-05-29,0.6071,0.6071,0.6045,0.6056
2023-05-30,0.6056,0.6067,0.6025,0.6044
2023-05-31,0.6044,0.6049,0.5985,0.6022
2023-06-01,0.6022,0.6077,0.5991,0.6071
2023-06-02,0.6071,0.6111,0.6051,0.6067
2023-06-05,0.6056,0.6085,0.6041,0.607
2023-06-06,0.607,0.61,0.6046,0.6078
2023-06-07,0.6078,0.6097,0.6031,0.6037
2023-06-08,0.6037,0.6099,0.6031,0.6095
2023-06-09,0.6095,0.6139,0.6085,0.6129
2023-06-12,0.6122,0.6153,0.6106,0.6122
2023-06-13,0.6122,0.6178,0.6107,0.6149
2023-06-14,0.6149,0.6236,0.6142,0.6207
2023-06-15,0.6207,0.6243,0.6156,0.6233
2023-06-16,0.6233,0.6248,0.621,0.6236
2023-06-19,0.6226,0.6238,0.6192,0.6201
2023-06-20,0.6201,0.6211,0.6134,0.6168
2023-06-21,0.6168,0.6218,0.6156,0.6202
2023-06-22,0.6202,0.6223,0.6174,0.6178
2023-06-23,0.6178,0.6191,0.6117,0.6143
2023-06-26,0.6134,0.6177,0.6133,0.6164
2023-06-27,0.6164,0.6201,0.6152,0.6163
2023-06-28,0.6163,0.6167,0.6069,0.6075
2023-06-29,0.6075,0.6102,0.6051,0.607
2023-06-30,0.607,0.6142,0.6059,0.6125
2023-07-03,0.613,0.617,0.6119,0.6153
2023-07-04,0.6153,0.6213,0.6141,0.6191
2023-07-05,0.6191,0.6207,0.6175,0.6179
2023-07-06,0.6179,0.6219,0.6133,0.6157
2023-07-07,0.6157,0.622,0.6153,0.621
2023-07-10,0.6203,0.6218,0.6167,0.621
2023-07-11,0.621,0.6225,0.6167,0.6199
2023-07-12,0.6198,0.6309,0.6183,0.6297
2023-07-13,0.6297,0.6395,0.629,0.6393
2023-07-14,0.6393,0.6412,0.6365,0.637
2023-07-17,0.636,0.6372,0.6309,0.6325
2023-07-18,0.6325,0.6344,0.626,0.6273
2023-07-19,0.6273,0.6315,0.6225,0.6263
2023-07-20,0.6263,0.6308,0.6213,0.6235
2023-07-21,0.6235,0.6241,0.6164,0.6169
2023-07-24,0.6174,0.6215,0.6156,0.6205
2023-07-25,0.6205,0.623,0.619,0.6221
2023-07-26,0.6221,0.6235,0.6184,0.6209
2023-07-27,0.6209,0.6274,0.6175,0.6183
2023-07-28,0.6183,0.6193,0.6121,0.616
2023-07-31,0.6155,0.6226,0.615,0.6209
2023-08-01,0.6209,0.6217,0.6131,0.6149
2023-08-02,0.6149,0.6169,0.6069,0.608
2023-08-03,0.608,0.6098,0.6061,0.6077
2023-08-04,0.6077,0.6133,0.607,0.6094
2023-08-07,0.6105,0.6117,0.6085,0.6106
2023-08-08,0.6106,0.611,0.6035,0.6066
2023-08-09,0.6066,0.6095,0.6045,0.6052
2023-08-10,0.6052,0.6118,0.602,0.6021
2023-08-11,0.6021,0.604,0.5975,0.5984
2023-08-14,0.5993,0.5994,0.5944,0.5976
2023-08-15,0.5976,0.6,0.5949,0.5952
2023-08-16,0.5952,0.5993,0.5927,0.5938
2023-08-17,0.5938,0.5964,0.5903,0.5925
2023-08-18,0.5925,0.5947,0.5909,0.5923
2023-08-21,0.5936,0.5941,0.5897,0.5928
2023-08-22,0.5928,0.5972,0.592,0.5946
2023-08-23,0.5946,0.5985,0.5927,0.5979
2023-08-24,0.5979,0.5982,0.5916,0.5923
2023-08-25,0.5923,0.5943,0.5886,0.5908
2023-08-28,0.5914,0.5926,0.5895,0.591
2023-08-29,0.5911,0.5978,0.5888,0.5972
2023-08-30,0.5972,0.6007,0.594,0.5955
2023-08-31,0.5955,0.5977,0.5931,0.5967
2023-09-01,0.5967,0.6015,0.5935,0.5945
2023-09-04,0.5951,0.5961,0.5932,0.5939
2023-09-05,0.5939,0.5948,0.5859,0.5884
2023-09-06,0.5884,0.5904,0.586,0.5873
2023-09-07,0.5873,0.5894,0.5863,0.5875
2023-09-08,0.5875,0.5918,0.5873,0.5884
2023-09-11,0.5917,0.5935,0.5885,0.5919
2023-09-12,0.5919,0.5924,0.5889,0.5904
2023-09-13,0.5903,0.5927,0.588,0.5918
2023-09-14,0.5918,0.5945,0.5902,0.5912
2023-09-15,0.5912,0.5938,0.5893,0.5899
2023-09-18,0.5908,0.5921,0.5895,0.5917
2023-09-19,0.5917,0.5948,0.5906,0.5936
2023-09-20,0.5936,0.5985,0.5921,0.5929
2023-09-21,0.5929,0.5951,0.5896,0.5931
2023-09-22,0.5931,0.5989,0.5919,0.596
2023-09-25,0.5965,0.5974,0.5943,0.5967
2023-09-26,0.5967,0.5974,0.5936,0.5945
2023-09-27,0.5945,0.5957,0.59,0.5923
2023-09-28,0.5923,0.5973,0.5914,0.5962
2023-09-29,0.5962,0.6049,0.596,0.5998
2023-10-02,0.6004,0.601,0.5943,0.5947
2023-10-03,0.5947,0.5956,0.5888,0.5909
2023-10-04,0.5909,0.5925,0.5871,0.5913
2023-10-05,0.5913,0.5968,0.591,0.5966
2023-10-06,0.5966,0.6004,0.5924,0.599
2023-10-09,0.5976,0.6028,0.596,0.6023
2023-10-10,0.6022,0.6049,0.5999,0.6046
2023-10-11,0.6046,0.6056,0.6007,0.602
2023-10-12,0.602,0.6026,0.5925,0.5927
2023-10-13,0.5927,0.5936,0.5884,0.5885
2023-10-16,0.5901,0.593,0.5899,0.5927
2023-10-17,0.5928,0.5929,0.5871,0.5897
2023-10-18,0.5897,0.592,0.5851,0.5856
2023-10-19,0.5856,0.5867,0.5816,0.5849
2023-10-20,0.5849,0.5852,0.5817,0.5828
2023-10-23,0.5835,0.5858,0.5808,0.5846
2023-10-24,0.5845,0.5873,0.5829,0.5844
2023-10-25,0.5844,0.587,0.5801,0.5802
2023-10-26,0.5802,0.583,0.5774,0.5821
2023-10-27,0.5821,0.5844,0.5806,0.5811
2023-10-30,0.5824,0.5845,0.5805,0.5844
2023-10-31,0.5844,0.5857,0.5804,0.5825
2023-11-01,0.5825,0.5859,0.5789,0.5846
2023-11-02,0.5846,0.5917,0.5844,0.5899
2023-11-03,0.5899,0.6001,0.5885,0.5998
2023-11-06,0.5994,0.6002,0.596,0.5964
2023-11-07,0.5964,0.597,0.5911,0.5936
2023-11-08,0.5936,0.5942,0.5906,0.5911
2023-11-09,0.5911,0.5955,0.5893,0.5894
2023-11-10,0.5894,0.5905,0.5878,0.5891
2023-11-13,0.5895,0.5899,0.587,0.5877
2023-11-14,0.5877,0.6013,0.5864,0.6008
2023-11-15,0.6008,0.6054,0.5998,0.6023
2023-11-16,0.6023,0.603,0.5963,0.5971
2023-11-17,0.5971,0.5997,0.594,0.5991
2023-11-20,0.599,0.6043,0.5977,0.6037
2023-11-21,0.6037,0.6086,0.6029,0.6049
2023-11-22,0.6049,0.6064,0.5997,0.6022
2023-11-23,0.6022,0.6066,0.6019,0.6048
2023-11-24,0.6048,0.609,0.6044,0.6074
2023-11-27,0.608,0.6108,0.6061,0.6098
2023-11-28,0.6098,0.6147,0.608,0.6136
2023-11-29,0.6136,0.6208,0.6132,0.6156
2023-11-30,0.6156,0.6182,0.6121,0.6155
2023-12-01,0.6155,0.621,0.6151,0.6209
2023-12-04,0.6195,0.6223,0.6151,0.6165
2023-12-05,0.6165,0.6174,0.6126,0.6129
2023-12-06,0.6129,0.6177,0.6128,0.6138
2023-12-07,0.6138,0.6193,0.6113,0.617
2023-12-08,0.617,0.6175,0.6104,0.6124
2023-12-11,0.6121,0.6132,0.6105,0.6124
2023-12-12,0.6124,0.617,0.6105,0.6134
2023-12-13,0.6134,0.6214,0.6084,0.6175
2023-12-14,0.6175,0.6249,0.617,0.6206
2023-12-15,0.6206,0.623,0.6178,0.6209
2023-12-18,0.619,0.6251,0.6186,0.6212
2023-12-19,0.6212,0.6273,0.6207,0.6272
2023-12-20,0.6272,0.6299,0.6242,0.6248
2023-12-21,0.6248,0.6296,0.6239,0.6295
2023-12-22,0.6295,0.6318,0.6276,0.6296
2023-12-25,0.63,0.6311,0.6282,0.6301
2023-12-26,0.6302,0.6332,0.6291,0.6328
2023-12-27,0.6328,0.6349,0.6308,0.634
2023-12-28,0.6341,0.6369,0.6324,0.6332
2023-12-29,0.6332,0.6359,0.6305,0.6319
2024-01-01,0.6323,0.6326,0.6323,0.6325
2024-01-02,0.6325,0.6328,0.6249,0.6252
2024-01-03,0.6252,0.6276,0.6219,0.6247
2024-01-04,0.6247,0.6285,0.6221,0.6235
2024-01-05,0.6235,0.6278,0.6181,0.6244
2024-01-08,0.6234,0.6261,0.6213,0.625
2024-01-09,0.625,0.6267,0.6226,0.6239
2024-01-10,0.6239,0.6254,0.6216,0.6227
2024-01-11,0.6227,0.6259,0.6196,0.6233
2024-01-12,0.6233,0.6278,0.6229,0.6241
2024-01-15,0.6246,0.6251,0.6183,0.62
2024-01-16,0.62,0.6206,0.6127,0.6139
2024-01-17,0.6139,0.6152,0.6088,0.6117
2024-01-18,0.6117,0.6136,0.6095,0.6116
2024-01-19,0.6116,0.6127,0.609,0.6113
2024-01-22,0.6106,0.6139,0.6072,0.6077
2024-01-23,0.6077,0.6117,0.6062,0.6102
2024-01-24,0.6102,0.6149,0.6089,0.6111
2024-01-25,0.6111,0.6133,0.61,0.6111
2024-01-26,0.6111,0.612,0.6089,0.609
2024-01-29,0.6102,0.6144,0.6087,0.6133
2024-01-30,0.6133,0.6149,0.6106,0.6136
2024-01-31,0.6136,0.6174,0.6102,0.6117
2024-02-01,0.6117,0.6144,0.608,0.6144
2024-02-02,0.6144,0.6161,0.6059,0.6065
2024-02-05,0.6068,0.6082,0.6038,0.6055
2024-02-06,0.6055,0.61,0.6047,0.6098
2024-02-07,0.6098,0.6125,0.6092,0.6113
2024-02-08,0.6113,0.6124,0.6079,0.6097
2024-02-09,0.6097,0.6158,0.6094,0.615
2024-02-12,0.6139,0.6152,0.612,0.6131
2024-02-13,0.6131,0.6133,0.605,0.6061
2024-02-14,0.6061,0.6092,0.6051,0.6086
2024-02-15,0.6086,0.6127,0.608,0.6107
2024-02-16,0.6106,0.6136,0.6086,0.6124
2024-02-19,0.6127,0.6152,0.612,0.615
2024-02-20,0.615,0.6191,0.6129,0.6165
2024-02-21,0.6164,0.6198,0.6161,0.618
2024-02-22,0.618,0.6218,0.6176,0.6195
2024-02-23,0.6195,0.6211,0.6181,0.6197
2024-02-26,0.6199,0.6203,0.6162,0.6173
2024-02-27,0.6173,0.6178,0.6151,0.6171
2024-02-28,0.6171,0.6178,0.6082,0.6098
2024-02-29,0.6098,0.6112,0.6077,0.6087
2024-03-01,0.6087,0.6112,0.6079,0.6107
2024-03-04,0.6104,0.6112,0.6088,0.6094
2024-03-05,0.6094,0.611,0.6071,0.6087
2024-03-06,0.6087,0.6144,0.6069,0.6129
2024-03-07,0.613,0.6176,0.6126,0.6174
2024-03-08,0.6174,0.6217,0.6161,0.6177
2024-03-11,0.6186,0.6187,0.616,0.617
2024-03-12,0.617,0.6184,0.6136,0.6151
2024-03-13,0.6151,0.617,0.6144,0.6157
2024-03-14,0.6157,0.6175,0.6122,0.6131
2024-03-15,0.6131,0.6133,0.6081,0.6085
2024-03-18,0.6088,0.61,0.6078,0.6085
2024-03-19,0.6085,0.6089,0.6034,0.6052
2024-03-20,0.6052,0.6085,0.6025,0.6081
2024-03-21,0.6081,0.6107,0.6038,0.6044
2024-03-22,0.6044,0.6052,0.5989,0.5992
2024-03-25,0.601,0.6013,0.5986,0.6003
2024-03-26,0.6003,0.6031,0.5996,0.6004
2024-03-27,0.6004,0.6011,0.5988,0.6004
2024-03-28,0.6004,0.6006,0.5957,0.5973
2024-03-29,0.5973,0.5989,0.5968,0.598
2024-04-01,0.5981,0.5993,0.594,0.5953
2024-04-02,0.5953,0.5973,0.5943,0.5971
2024-04-03,0.5971,0.6011,0.5953,0.6009
2024-04-04,0.6009,0.6047,0.6005,0.6025
2024-04-05,0.6025,0.6031,0.5986,0.6013
2024-04-08,0.6008,0.6039,0.6,0.6032
2024-04-09,0.6032,0.6077,0.603,0.606
2024-04-10,0.606,0.6083,0.5966,0.5975
2024-04-11,0.5975,0.6015,0.5969,0.5997
2024-04-12,0.5997,0.601,0.5934,0.5943
2024-04-15,0.5946,0.5954,0.5899,0.5904
2024-04-16,0.5904,0.5907,0.5868,0.5881
2024-04-17,0.5881,0.5925,0.5861,0.5917
2024-04-18,0.5917,0.5933,0.5899,0.5902
2024-04-19,0.5902,0.5906,0.5852,0.5888
2024-04-22,0.5894,0.5929,0.5886,0.5919
2024-04-23,0.5919,0.5948,0.5903,0.5932
2024-04-24,0.5932,0.5952,0.5921,0.5936
2024-04-25,0.5936,0.5967,0.592,0.5948
2024-04-26,0.5948,0.597,0.5929,0.594
2024-04-29,0.5944,0.5985,0.5941,0.5978
2024-04-30,0.5978,0.598,0.5886,0.5888
2024-05-01,0.5888,0.594,0.5875,0.5929
2024-05-02,0.5929,0.5968,0.5914,0.5962
2024-05-03,0.5962,0.6047,0.5956,0.6011
2024-05-06,0.6018,0.6033,0.5996,0.6009
2024-05-07,0.6009,0.6025,0.5995,0.6002
2024-05-08,0.6002,0.6007,0.5981,0.6004
2024-05-09,0.6004,0.6035,0.5993,0.6034
2024-05-10,0.6035,0.604,0.6009,0.602
2024-05-13,0.6013,0.6031,0.6,0.6017
2024-05-14,0.6017,0.6043,0.5996,0.6041
2024-05-15,0.6041,0.6125,0.6033,0.6122
2024-05-16,0.6122,0.6141,0.6095,0.6122
2024-05-17,0.6122,0.614,0.6101,0.6133
2024-05-20,0.613,0.6138,0.6097,0.6105
2024-05-21,0.6105,0.611,0.6088,0.6092
2024-05-22,0.6092,0.6152,0.6083,0.6097
2024-05-23,0.6097,0.6134,0.6092,0.6099
2024-05-24,0.6099,0.6127,0.6087,0.6121
2024-05-27,0.6116,0.6154,0.6114,0.6149
2024-05-28,0.6149,0.617,0.6137,0.6141
2024-05-29,0.6141,0.6148,0.6112,0.6115
2024-05-30,0.6115,0.6131,0.6089,0.6115
2024-05-31,0.6115,0.6166,0.6114,0.6143
2024-06-03,0.6144,0.6193,0.6134,0.6193
2024-06-04,0.6193,0.6198,0.6156,0.6177
2024-06-05,0.6177,0.6198,0.6171,0.6193
2024-06-06,0.6193,0.6215,0.6174,0.6199
2024-06-07,0.6199,0.6204,0.6102,0.6106
2024-06-10,0.6111,0.6129,0.61,0.6128
2024-06-11,0.6128,0.615,0.6118,0.6144
2024-06-12,0.6144,0.6222,0.6135,0.6186
2024-06-13,0.6186,0.6199,0.616,0.6168
2024-06-14,0.6169,0.6171,0.6116,0.6142
2024-06-17,0.6133,0.6141,0.6105,0.6132
2024-06-18,0.6132,0.6148,0.6097,0.6144
2024-06-19,0.6144,0.6146,0.6128,0.6133
2024-06-20,0.6133,0.6148,0.6112,0.612
2024-06-21,0.612,0.6134,0.6109,0.6119
2024-06-24,0.6123,0.614,0.6105,0.6125
2024-06-25,0.6125,0.6131,0.6108,0.6121
2024-06-26,0.6121,0.6128,0.6074,0.6083
2024-06-27,0.6083,0.6109,0.6069,0.6082
2024-06-28,0.6082,0.6105,0.6058,0.6092
2024-07-01,0.6095,0.6107,0.6065,0.6076
2024-07-02,0.6076,0.6083,0.6048,0.6078
2024-07-03,0.6078,0.6129,0.607,0.6103
2024-07-04,0.6103,0.6123,0.6101,0.6117
2024-07-05,0.6117,0.6149,0.6109,0.6145
2024-07-08,0.6145,0.6154,0.6123,0.6126
2024-07-09,0.6126,0.6133,0.6112,0.6125
2024-07-10,0.6125,0.6132,0.6065,0.6082
2024-07-11,0.6081,0.6135,0.6079,0.6095
2024-07-12,0.6095,0.6126,0.6076,0.6119
2024-07-15,0.6113,0.6119,0.6073,0.6075
2024-07-16,0.6074,0.608,0.6036,0.605
2024-07-17,0.605,0.6097,0.6037,0.6083
2024-07-18,0.6083,0.6085,0.6044,0.6045
2024-07-19,0.6049,0.605,0.6006,0.601
2024-07-22,0.6024,0.6029,0.5972,0.5979
2024-07-23,0.5979,0.5982,0.5951,0.5957
2024-07-24,0.5957,0.5962,0.5914,0.593
2024-07-25,0.593,0.594,0.5883,0.5887
2024-07-26,0.5887,0.5906,0.5883,0.5888
2024-07-29,0.59,0.5903,0.5858,0.5876
2024-07-30,0.5876,0.5906,0.5868,0.5903
2024-07-31,0.5903,0.5962,0.5888,0.5951
2024-08-01,0.5951,0.5981,0.5938,0.5949
2024-08-02,0.5949,0.5985,0.5931,0.5958
2024-08-05,0.5961,0.5971,0.585,0.5941
2024-08-06,0.594,0.598,0.5913,0.5953
2024-08-07,0.5953,0.6025,0.5944,0.5995
2024-08-08,0.5995,0.6014,0.5977,0.6014
2024-08-09,0.6014,0.6035,0.5994,0.6001
2024-08-12,0.6009,0.6033,0.599,0.6019
2024-08-13,0.602,0.6082,0.6017,0.6076
2024-08-14,0.6076,0.6084,0.5995,0.5998
2024-08-15,0.5998,0.6015,0.5975,0.5986
2024-08-16,0.5986,0.6055,0.5979,0.6054
2024-08-19,0.6029,0.6117,0.6026,0.6113
2024-08-20,0.6113,0.6157,0.6109,0.6154
2024-08-21,0.6154,0.6178,0.6133,0.6158
2024-08-22,0.6159,0.617,0.6128,0.6137
2024-08-23,0.6137,0.6237,0.6134,0.6233
2024-08-26,0.6229,0.6233,0.6197,0.6204
2024-08-27,0.6204,0.6255,0.6194,0.6252
2024-08-28,0.6252,0.6255,0.6224,0.6244
2024-08-29,0.6245,0.6299,0.6241,0.6258
2024-08-30,0.6258,0.6274,0.623,0.6249
2024-09-02,0.6253,0.6264,0.6221,0.6233
2024-09-03,0.6233,0.624,0.618,0.6187
2024-09-04,0.6187,0.6217,0.6169,0.6199
2024-09-05,0.6199,0.6226,0.6178,0.6224
2024-09-06,0.6224,0.6254,0.6156,0.6176
2024-09-09,0.6172,0.6186,0.6125,0.6145
2024-09-10,0.6145,0.6165,0.6132,0.615
2024-09-11,0.615,0.6157,0.6107,0.6137
2024-09-12,0.6137,0.6185,0.6128,0.6182
2024-09-13,0.6182,0.6194,0.6152,0.6157
2024-09-16,0.6173,0.6202,0.6154,0.6202
2024-09-17,0.6202,0.6211,0.6176,0.6184
2024-09-18,0.6184,0.6268,0.6182,0.6209
2024-09-19,0.6209,0.6269,0.6181,0.6239
2024-09-20,0.6239,0.626,0.621,0.6238
2024-09-23,0.623,0.628,0.622,0.6267
2024-09-24,0.6267,0.6343,0.6259,0.634
2024-09-25,0.634,0.6356,0.626,0.6263
2024-09-26,0.6263,0.6332,0.6253,0.6328
2024-09-27,0.6328,0.6367,0.6296,0.6342
2024-09-30,0.6343,0.6379,0.6333,0.6349
2024-10-01,0.6349,0.6353,0.6265,0.6281
2024-10-02,0.6281,0.6313,0.6258,0.6263
2024-10-03,0.6263,0.6276,0.621,0.6213
2024-10-04,0.6213,0.622,0.6146,0.6159
2024-10-07,0.6161,0.6174,0.6113,0.6125
2024-10-08,0.6125,0.6145,0.6107,0.6139
2024-10-09,0.6139,0.6144,0.6053,0.6063
2024-10-10,0.6063,0.6097,0.6059,0.6093
2024-10-11,0.6093,0.612,0.6084,0.611
2024-10-14,0.6089,0.6105,0.607,0.6096
2024-10-15,0.6096,0.6106,0.6074,0.6083
2024-10-16,0.6083,0.6098,0.604,0.6057
2024-10-17,0.6057,0.6076,0.6045,0.606
2024-10-18,0.606,0.608,0.6053,0.6071
2024-10-21,0.6073,0.6084,0.6029,0.6031
2024-10-22,0.6031,0.6061,0.6021,0.6043
2024-10-23,0.6043,0.6059,0.5991,0.6005
2024-10-24,0.6005,0.6032,0.5999,0.6015
2024-10-25,0.6016,0.6024,0.5974,0.5977
2024-10-28,0.5981,0.5998,0.5958,0.5981
2024-10-29,0.5981,0.599,0.5954,0.5973
2024-10-30,0.5973,0.6002,0.5951,0.5973
2024-10-31,0.5973,0.5983,0.594,0.5977
2024-11-01,0.5977,0.5999,0.5958,0.5963
2024-11-04,0.5994,0.6015,0.5971,0.5973
2024-11-05,0.5973,0.6015,0.5967,0.6007
2024-11-06,0.6006,0.6021,0.5912,0.5939
2024-11-07,0.5938,0.6038,0.5931,0.6025
2024-11-08,0.6025,0.603,0.5947,0.5967
2024-11-11,0.5966,0.5978,0.5952,0.5964
2024-11-12,0.5964,0.5973,0.591,0.5926
2024-11-13,0.5926,0.5947,0.5876,0.588
2024-11-14,0.588,0.5885,0.584,0.585
2024-11-15,0.585,0.588,0.584,0.5866
2024-11-18,0.5859,0.5898,0.5836,0.5893
2024-11-19,0.5893,0.5913,0.5874,0.5912
2024-11-20,0.5912,0.5922,0.5864,0.5877
2024-11-21,0.5877,0.5886,0.585,0.586
2024-11-22,0.586,0.5861,0.5817,0.5833
2024-11-25,0.5848,0.5869,0.5836,0.5845
2024-11-26,0.5845,0.5866,0.5797,0.5834
2024-11-27,0.5834,0.5908,0.5828,0.5894
2024-11-28,0.5894,0.5905,0.5881,0.5889
2024-11-29,0.5889,0.5929,0.5886,0.5916
2024-12-02,0.5926,0.5928,0.5864,0.5888
2024-12-03,0.5888,0.5905,0.5864,0.5881
2024-12-04,0.5881,0.5885,0.5829,0.5851
2024-12-05,0.5851,0.5888,0.5849,0.5886
2024-12-06,0.5886,0.5889,0.5821,0.5831
2024-12-09,0.5841,0.5888,0.5804,0.5864
2024-12-10,0.5864,0.5868,0.5792,0.5799
2024-12-11,0.58,0.5808,0.5762,0.5785
2024-12-12,0.5785,0.5818,0.5763,0.577
2024-12-13,0.577,0.5778,0.5754,0.5764
2024-12-16,0.5763,0.5787,0.5756,0.5782
2024-12-17,0.5782,0.5793,0.575,0.5754
2024-12-18,0.5754,0.5763,0.562,0.5624
2024-12-19,0.5624,0.5662,0.5608,0.5631
2024-12-20,0.5631,0.5673,0.5613,0.5652
2024-12-23,0.5668,0.5668,0.5632,0.5649
2024-12-24,0.5649,0.5657,0.563,0.5652
2024-12-25,0.5652,0.5659,0.5641,0.5652
2024-12-26,0.565,0.566,0.5621,0.5624
2024-12-27,0.5624,0.5644,0.5614,0.5635
2024-12-30,0.5628,0.5664,0.5624,0.564
2024-12-31,0.564,0.5647,0.5588,0.5594
2025-01-01,0.5594,0.5611,0.5593,0.5594
2025-01-02,0.5594,0.5625,0.5587,0.5595
2025-01-03,0.5595,0.5615,0.5591,0.5613
2025-01-06,0.5605,0.5685,0.5605,0.5643
2025-01-07,0.5643,0.5693,0.5633,0.5635
2025-01-08,0.5635,0.5642,0.559,0.5609
2025-01-09,0.5609,0.5613,0.5572,0.56
2025-01-10,0.56,0.5603,0.5543,0.5557
2025-01-13,0.5571,0.5584,0.5542,0.5583
2025-01-14,0.5583,0.5631,0.558,0.5604
2025-01-15,0.5604,0.5651,0.5597,0.5616
2025-01-16,0.5616,0.5633,0.5582,0.5607
2025-01-17,0.5607,0.5616,0.5563,0.5585
2025-01-20,0.559,0.5684,0.5579,0.5672
2025-01-21,0.5672,0.5689,0.5617,0.5679
2025-01-22,0.5679,0.5688,0.5649,0.5665
2025-01-23,0.5664,0.5686,0.5647,0.5675
2025-01-24,0.5675,0.5723,0.5671,0.5709
2025-01-27,0.5706,0.5716,0.5677,0.5693
2025-01-28,0.5693,0.5695,0.5648,0.5667
2025-01-29,0.5667,0.5669,0.5634,0.5659
2025-01-30,0.5659,0.5668,0.5623,0.5635
2025-01-31,0.5635,0.5684,0.5624,0.5634
2025-02-03,0.5588,0.5641,0.5516,0.563
2025-02-04,0.5629,0.5655,0.5582,0.5651
2025-02-05,0.5651,0.5702,0.5643,0.5688
2025-02-06,0.5683,0.5691,0.5652,0.5675
2025-02-07,0.5675,0.5694,0.5641,0.566
2025-02-10,0.5661,0.5665,0.5635,0.5641
2025-02-11,0.5641,0.5661,0.5629,0.5654
2025-02-12,0.5654,0.5672,0.5601,0.5642
2025-02-13,0.5642,0.568,0.5623,0.5677
2025-02-14,0.5677,0.5738,0.5663,0.5725
2025-02-17,0.5726,0.575,0.5716,0.5736
2025-02-18,0.5736,0.574,0.5694,0.5703
2025-02-19,0.5703,0.5732,0.5678,0.5705
2025-02-20,0.5705,0.5767,0.5694,0.5763
2025-02-21,0.5763,0.5773,0.5735,0.5742
2025-02-24,0.5744,0.577,0.5729,0.5733
2025-02-25,0.5733,0.5739,0.5706,0.5726
2025-02-26,0.5725,0.5733,0.5688,0.5695
2025-02-27,0.5695,0.5701,0.5629,0.5632
2025-02-28,0.5632,0.5638,0.5585,0.5598
2025-03-03,0.5601,0.5639,0.5593,0.5617
2025-03-04,0.5617,0.5666,0.5596,0.5666
2025-03-05,0.5666,0.5732,0.5638,0.5727
2025-03-06,0.5727,0.576,0.572,0.5735
2025-03-07,0.5735,0.5741,0.5692,0.571
2025-03-10,0.5723,0.5743,0.5691,0.5699
2025-03-11,0.5699,0.5727,0.5678,0.5716
2025-03-12,0.5716,0.5738,0.5698,0.573
2025-03-13,0.573,0.5742,0.5683,0.5698
2025-03-14,0.5698,0.5756,0.5694,0.5748
2025-03-17,0.5735,0.5826,0.5734,0.582
2025-03-18,0.582,0.5831,0.5798,0.582
2025-03-19,0.582,0.5821,0.5776,0.5815
2025-03-20,0.5816,0.5826,0.5723,0.5758
2025-03-21,0.5758,0.5768,0.5725,0.5734
2025-03-24,0.5739,0.575,0.5711,0.5728
2025-03-25,0.5728,0.5751,0.5711,0.5733
2025-03-26,0.5733,0.5763,0.5714,0.5729
2025-03-27,0.5729,0.5756,0.5712,0.574
2025-03-28,0.574,0.5745,0.5711,0.5716
2025-03-31,0.5731,0.5733,0.5649,0.5678
2025-04-01,0.5678,0.5705,0.5663,0.57
2025-04-02,0.57,0.5779,0.5696,0.5747
2025-04-03,0.5747,0.5853,0.5682,0.5794
2025-04-04,0.5794,0.5803,0.5552,0.5596
2025-04-07,0.5626,0.5644,0.5507,0.554
2025-04-08,0.5539,0.5626,0.5521,0.5534
2025-04-09,0.5534,0.5668,0.5486,0.5644
2025-04-10,0.5645,0.5766,0.5628,0.5739
2025-04-11,0.5739,0.584,0.5735,0.5825
2025-04-14,0.5818,0.5892,0.5813,0.5877
2025-04-15,0.5877,0.5944,0.5861,0.5899
2025-04-16,0.5899,0.5937,0.5886,0.5934
2025-04-17,0.5934,0.5978,0.59,0.5973
2025-04-18,0.5973,0.5974,0.5925,0.5937
2025-04-21,0.5935,0.6019,0.5927,0.6001
2025-04-22,0.6001,0.6029,0.5964,0.5969
2025-04-23,0.5969,0.6013,0.5937,0.5945
2025-04-24,0.5945,0.6001,0.5942,0.5998
2025-04-25,0.5998,0.6001,0.5949,0.5963
2025-04-28,0.5959,0.5982,0.5928,0.5979
2025-04-29,0.5979,0.5987,0.5927,0.5931
2025-04-30,0.5931,0.595,0.5899,0.5935
2025-05-01,0.5935,0.5951,0.5894,0.5907
2025-05-02,0.5907,0.5978,0.5904,0.5948
2025-05-05,0.5956,0.5996,0.5938,0.5967
2025-05-06,0.5968,0.6013,0.5944,0.6008
2025-05-07,0.6008,0.6023,0.5935,0.594
2025-05-08,0.5941,0.5975,0.5901,0.5905
2025-05-09,0.5905,0.5921,0.5871,0.591
2025-05-12,0.59,0.5941,0.5847,0.5855
2025-05-13,0.5855,0.5942,0.5847,0.5938
2025-05-14,0.5938,0.5969,0.5893,0.5899
2025-05-15,0.5899,0.5916,0.5861,0.5877
2025-05-16,0.5877,0.5918,0.5865,0.5881
2025-05-19,0.5878,0.5933,0.5873,0.5931
2025-05-20,0.5931,0.5932,0.5894,0.5926
2025-05-21,0.5926,0.5968,0.5919,0.5939
2025-05-22,0.5939,0.5948,0.5894,0.5899
2025-05-23,0.5899,0.599,0.5896,0.5988
2025-05-26,0.5979,0.6032,0.5979,0.5999
2025-05-27,0.5999,0.6007,0.594,0.5949
2025-05-28,0.5949,0.598,0.5924,0.5967
2025-05-29,0.5967,0.5992,0.5925,0.5967
2025-05-30,0.5967,0.6004,0.5947,0.5963
2025-06-02,0.5966,0.6044,0.5956,0.6035
2025-06-03,0.6035,0.6055,0.5988,0.5998
2025-06-04,0.5998,0.6039,0.5992,0.6027
2025-06-05,0.6027,0.608,0.6025,0.6035
2025-06-06,0.6035,0.605,0.6007,0.6013
2025-06-09,0.6017,0.6065,0.6014,0.6047
2025-06-10,0.6047,0.6059,0.6028,0.6052
2025-06-11,0.6052,0.6066,0.6024,0.603
2025-06-12,0.603,0.6071,0.6006,0.607
2025-06-13,0.607,0.6071,0.5995,0.6015
2025-06-16,0.602,0.6088,0.6004,0.6061
2025-06-17,0.6061,0.608,0.601,0.6014
2025-06-18,0.6014,0.6057,0.601,0.6029
2025-06-19,0.6029,0.6041,0.5959,0.5993
2025-06-20,0.5993,0.6009,0.5964,0.5968
2025-06-23,0.5957,0.5981,0.5883,0.5977
2025-06-24,0.5977,0.6041,0.5963,0.6006
2025-06-25,0.6006,0.6043,0.6004,0.6039
2025-06-26,0.6039,0.6075,0.6029,0.6057
2025-06-27,0.6057,0.6078,0.6037,0.6055
2025-06-30,0.6046,0.6099,0.6043,0.6096
2025-07-01,0.6096,0.612,0.6076,0.6099
2025-07-02,0.6099,0.6106,0.605,0.609
2025-07-03,0.609,0.6093,0.603,0.6071
2025-07-04,0.6071,0.6082,0.605,0.606
2025-07-07,0.6056,0.6063,0.5989,0.5995
2025-07-08,0.5995,0.6035,0.598,0.5998
2025-07-09,0.5998,0.6014,0.5976,0.6
2025-07-10,0.6,0.6036,0.5997,0.6035
2025-07-11,0.6035,0.6044,0.6001,0.6008
2025-07-14,0.602,0.602,0.5969,0.5972
2025-07-15,0.5972,0.6006,0.5939,0.5946
2025-07-16,0.5946,0.597,0.5913,0.5947
2025-07-17,0.5947,0.5953,0.5905,0.5932
2025-07-18,0.5932,0.5991,0.5928,0.5962
2025-07-21,0.5968,0.5985,0.5939,0.5968
2025-07-22,0.5968,0.6004,0.5941,0.6002
2025-07-23,0.6002,0.6048,0.5985,0.6046
2025-07-24,0.6046,0.6059,0.6026,0.6029
2025-07-25,0.6029,0.6039,0.5998,0.6017
2025-07-28,0.6022,0.6033,0.5967,0.597
2025-07-29,0.597,0.5976,0.5943,0.5956
2025-07-30,0.5956,0.5972,0.5889,0.5895
2025-07-31,0.5895,0.5937,0.5888,0.589
2025-08-01,0.589,0.5929,0.5857,0.5917
2025-08-04,0.5897,0.593,0.5897,0.5908
2025-08-05,0.5908,0.5923,0.5882,0.5903
2025-08-06,0.5903,0.5941,0.5891,0.5931
2025-08-07,0.5931,0.5967,0.5923,0.5962
2025-08-08,0.5962,0.5972,0.5947,0.5956
2025-08-11,0.5948,0.5962,0.5925,0.5938
2025-08-12,0.5938,0.5966,0.5913,0.5955
2025-08-13,0.5955,0.5996,0.5945,0.5977
2025-08-14,0.5977,0.5991,0.5909,0.5917
2025-08-15,0.5917,0.5939,0.5908,0.5922
2025-08-18,0.593,0.5943,0.591,0.5922
2025-08-19,0.5922,0.5931,0.5891,0.5893
2025-08-20,0.5893,0.59,0.5815,0.5823
2025-08-21,0.5823,0.5833,0.5811,0.5818
2025-08-22,0.5818,0.5876,0.58,0.5866
2025-08-25,0.5845,0.5881,0.5843,0.5848
2025-08-26,0.5848,0.5868,0.5829,0.5862
2025-08-27,0.5862,0.5865,0.5818,0.5859
2025-08-28,0.5859,0.5892,0.5847,0.5884
2025-08-29,0.5884,0.5906,0.588,0.5893
2025-09-01,0.5897,0.5915,0.589,0.59
2025-09-02,0.5901,0.5908,0.5838,0.5867
2025-09-03,0.5867,0.5884,0.5842,0.5878
2025-09-04,0.5878,0.589,0.5833,0.5846
2025-09-05,0.5846,0.5918,0.5842,0.5892
2025-09-08,0.5891,0.5946,0.5877,0.594
2025-09-09,0.594,0.596,0.5923,0.5927
2025-09-10,0.5927,0.5964,0.5921,0.594
2025-09-11,0.594,0.598,0.5916,0.5976
2025-09-12,0.5976,0.5979,0.594,0.5954
2025-09-15,0.5953,0.5975,0.5947,0.5971
2025-09-16,0.5971,0.5991,0.5956,0.5987
2025-09-17,0.5987,0.6007,0.5948,0.5965
2025-09-18,0.5965,0.5968,0.5872,0.5882
2025-09-19,0.5882,0.5895,0.5854,0.586
2025-09-22,0.5868,0.5871,0.5843,0.5868
2025-09-23,0.5867,0.587,0.5845,0.5858
2025-09-24,0.5858,0.5866,0.5808,0.5815
2025-09-25,0.5815,0.5832,0.5759,0.5767
2025-09-26,0.5767,0.5776,0.5754,0.5772
2025-09-29,0.5806,0.5806,0.5771,0.5777
2025-09-30,0.5777,0.5808,0.5772,0.5794
2025-10-01,0.5794,0.5831,0.5786,0.5817
2025-10-02,0.5817,0.5843,0.5803,0.5817
2025-10-03,0.5817,0.5838,0.5812,0.5831
2025-10-06,0.5815,0.5845,0.5809,0.5843
2025-10-07,0.5843,0.5843,0.5794,0.5799
2025-10-08,0.5799,0.5802,0.5737,0.5788
2025-10-09,0.5787,0.5806,0.5734,0.5745
2025-10-10,0.5745,0.5758,0.5717,0.5723
2025-10-13,0.5728,0.5759,0.5719,0.5725
2025-10-14,0.5725,0.573,0.5683,0.5716
2025-10-15,0.5716,0.5732,0.5706,0.5724
2025-10-16,0.5724,0.5756,0.5712,0.5724
2025-10-17,0.5724,0.5743,0.5712,0.5725
2025-10-20,0.5732,0.5753,0.5721,0.5744
2025-10-21,0.5744,0.5752,0.571,0.5741
2025-10-22,0.5741,0.5761,0.5735,0.574
2025-10-23,0.574,0.5755,0.5725,0.5751
2025-10-24,0.5751,0.5774,0.5738,0.575
2025-10-27,0.5755,0.5788,0.5749,0.5769
2025-10-28,0.5769,0.5789,0.5759,0.5782
2025-10-29,0.5782,0.5802,0.5749,0.5764
2025-10-30,0.5764,0.5788,0.5726,0.5742
2025-10-31,0.5742,0.5745,0.5714,0.5724
2025-11-03,0.5739,0.5739,0.5692,0.5707
2025-11-04,0.5707,0.571,0.5635,0.5644
2025-11-05,0.5644,0.5665,0.5631,0.5662
2025-11-06,0.5662,0.567,0.5626,0.5634
2025-11-07,0.5634,0.5641,0.5606,0.5623
2025-11-10,0.5623,0.565,0.5616,0.5646
2025-11-11,0.5646,0.5669,0.5631,0.5655
2025-11-12,0.5655,0.5671,0.5646,0.5669
2025-11-13,0.5669,0.5683,0.5635,0.5655
2025-11-14,0.5655,0.5691,0.5645,0.5682
2025-11-17,0.568,0.5689,0.5649,0.5658
2025-11-18,0.5658,0.5675,0.5638,0.5658
2025-11-19,0.5658,0.5662,0.559,0.5604
2025-11-20,0.5604,0.5639,0.5583,0.5584
2025-11-21,0.5584,0.5616,0.5581,0.5612
2025-11-24,0.5606,0.5617,0.5595,0.5611
2025-11-25,0.5611,0.5629,0.5591,0.5621
2025-11-26,0.5621,0.5702,0.5613,0.5699
2025-11-27,0.5699,0.5732,0.5694,0.5729
2025-11-28,0.5729,0.5744,0.5704,0.5735
2025-12-01,0.5729,0.5752,0.5718,0.5729
2025-12-02,0.5729,0.5745,0.5711,0.5734
2025-12-03,0.5734,0.5778,0.5732,0.5774
2025-12-04,0.5774,0.5779,0.5758,0.5761
2025-12-05,0.5761,0.5787,0.5758,0.5776
2025-12-08,0.5774,0.5793,0.5759,0.5776
2025-12-09,0.5776,0.5795,0.5767,0.5781
2025-12-10,0.5781,0.5825,0.5761,0.5816
2025-12-11,0.5816,0.5831,0.5788,0.5809
2025-12-12,0.5809,0.5821,0.5788,0.5807
2025-12-15,0.5812,0.5814,0.5766,0.5782
2025-12-16,0.5781,0.5807,0.5758,0.5782
2025-12-17,0.5782,0.5794,0.5767,0.5774
2025-12-18,0.5774,0.5788,0.5755,0.5775
2025-12-19,0.5775,0.5783,0.5736,0.5757
2025-12-22,0.5752,0.5801,0.5741,0.5794
2025-12-23,0.5794,0.5843,0.5788,0.5842
2025-12-24,0.5842,0.5853,0.5828,0.5836
2025-12-25,0.5836,0.5848,0.5832,0.5838
2025-12-26,0.584,0.5842,0.5818,0.5836
2025-12-29,0.5835,0.5838,0.579,0.5804
2025-12-30,0.5804,0.582,0.5789,0.5792
2025-12-31,0.5792,0.5793,0.574,0.5758
2026-01-01,0.5758,0.5771,0.5741,0.5761
2026-01-02,0.576,0.5778,0.5751,0.5768
2026-01-05,0.5762,0.5792,0.5742,0.5789
2026-01-06,0.5789,0.581,0.5769,0.5785
2026-01-07,0.5785,0.5793,0.577,0.5772
2026-01-08,0.5772,0.5778,0.5738,0.5752
2026-01-09,0.5753,0.5754,0.5711,0.5732
2026-01-12,0.5724,0.5775,0.5723,0.5772
2026-01-13,0.5772,0.5782,0.5735,0.5738
2026-01-14,0.5738,0.5756,0.5731,0.5751
2026-01-15,0.5751,0.5752,0.5725,0.5742
2026-01-16,0.5742,0.5767,0.574,0.5752
2026-01-19,0.5765,0.5803,0.5739,0.5799
2026-01-20,0.5799,0.5851,0.5789,0.5832
2026-01-21,0.5832,0.5866,0.5821,0.5844
2026-01-22,0.5844,0.5928,0.5835,0.5928
2026-01-23,0.5928,0.5951,0.5892,0.5948
2026-01-26,0.5938,0.5999,0.5926,0.5974
2026-01-27,0.5974,0.6051,0.5955,0.6046
2026-01-28,0.6046,0.6062,0.6008,0.6061
2026-01-29,0.6061,0.6093,0.6023,0.6078
2026-01-30,0.6078,0.6081,0.601,0.6021
2026-02-02,0.6034,0.6034,0.5991,0.5999
2026-02-03,0.5999,0.6063,0.5995,0.6046
2026-02-04,0.6046,0.6054,0.5988,0.6003
2026-02-05,0.6003,0.601,0.5948,0.595
2026-02-06,0.595,0.6027,0.5928,0.6016
2026-02-09,0.6015,0.606,0.5997,0.6055
2026-02-10,0.6055,0.6061,0.6033,0.6044
2026-02-11,0.6044,0.6073,0.6024,0.6048
2026-02-12,0.6048,0.6076,0.6026,0.6036
2026-02-13,0.6036,0.6051,0.6015,0.6039
2026-02-16,0.6033,0.6048,0.6013,0.6033
2026-02-17,0.6033,0.6051,0.6004,0.6049
2026-02-18,0.6048,0.6053,0.5962,0.5965
2026-02-19,0.5965,0.599,0.5946,0.5973
2026-02-20,0.5973,0.5985,0.5938,0.5976
2026-02-23,0.5971,0.6004,0.5952,0.5956
2026-02-24,0.5956,0.5974,0.5943,0.5966
2026-02-25,0.5966,0.6003,0.596,0.5999
2026-02-26,0.5999,0.6013,0.5957,0.5977
2026-02-27,0.5977,0.6005,0.5971,0.5998
2026-03-02,0.5969,0.5995,0.5916,0.5941
2026-03-03,0.5941,0.5956,0.5836,0.589
2026-03-04,0.589,0.5943,0.5861,0.5941
2026-03-05,0.5941,0.5949,0.5873,0.5895
2026-03-06,0.5895,0.5916,0.5858,0.5898
2026-03-09,0.5877,0.5935,0.5849,0.5934
2026-03-10,0.5934,0.5964,0.5908,0.5929
2026-03-11,0.5929,0.5948,0.5905,0.5913
2026-03-12,0.5913,0.5917,0.5851,0.5855
2026-03-13,0.5855,0.5862,0.5774,0.5774
2026-03-16,0.5788,0.5869,0.5778,0.5861
2026-03-17,0.5861,0.5869,0.5817,0.5858
2026-03-18,0.5858,0.5873,0.5789,0.5797
2026-03-19,0.5797,0.5892,0.5785,0.5874
2026-03-20,0.5874,0.5892,0.5818,0.5832
2026-03-23,0.5839,0.5887,0.5762,0.5859
2026-03-24,0.5859,0.587,0.5794,0.5836
2026-03-25,0.5836,0.5843,0.5804,0.5806
2026-03-26,0.5806,0.5811,0.575,0.5762
2026-03-27,0.5762,0.5778,0.5738,0.5747
2026-03-30,0.5751,0.5771,0.57,0.5721
2026-03-31,0.5721,0.5749,0.5698,0.5747
2026-04-01,0.5747,0.5777,0.5731,0.5753
2026-04-02,0.5753,0.5759,0.57,0.5716
2026-04-03,0.5716,0.572,0.5683,0.569
2026-04-06,0.5745,0.5745,0.5681,0.5711
2026-04-07,0.5711,0.5734,0.569,0.573
2026-04-08,0.573,0.5859,0.5718,0.5822
2026-04-09,0.5822,0.5874,0.5816,0.5858
2026-04-10,0.5858,0.5869,0.5833,0.5838
2026-04-13,0.5824,0.5873,0.5792,0.5868
2026-04-14,0.5868,0.592,0.5857,0.59
2026-04-15,0.59,0.5919,0.5892,0.5912
2026-04-16,0.5912,0.5922,0.5882,0.5891
2026-04-17,0.5891,0.5929,0.588,0.5883
2026-04-20,0.5908,0.5912,0.585,0.5891
2026-04-21,0.5891,0.5921,0.5872,0.5894
2026-04-22,0.5894,0.5923,0.5886,0.5904
2026-04-23,0.5904,0.5912,0.584,0.5854
2026-04-24,0.5854,0.5883,0.584,0.5881
2026-04-27,0.5885,0.5924,0.5852,0.5908
2026-04-28,0.5908,0.5918,0.5866,0.5885
2026-04-29,0.5885,0.5892,0.5815,0.5829
2026-04-30,0.5829,0.5911,0.5821,0.5908
2026-05-01,0.5908,0.5925,0.5887,0.5899
2026-05-04,0.5903,0.5926,0.5861,0.5873
2026-05-05,0.5873,0.5906,0.5857,0.5887
2026-05-06,0.5887,0.5991,0.5876,0.5955
2026-05-07,0.5955,0.5983,0.5937,0.594
2026-05-08,0.594,0.5969,0.5931,0.5967
2026-05-11,0.5949,0.5969,0.5935,0.5965
2026-05-12,0.5965,0.5969,0.5934,0.5952
2026-05-13,0.5952,0.5966,0.592,0.5936
2026-05-14,0.5936,0.5942,0.5909,0.5912
2026-05-15,0.5912,0.5919,0.5836,0.5839
