Date,Open,High,Low,Close
2016-01-01,8.4412,8.4679,8.4405,8.4594
2016-01-04,8.4513,8.5194,8.3938,8.4956
2016-01-05,8.4952,8.6346,8.4915,8.5981
2016-01-06,8.5981,8.6147,8.5757,8.5862
2016-01-07,8.5864,8.5964,8.4576,8.4645
2016-01-08,8.4645,8.5775,8.46,8.501
2016-01-11,8.4967,8.5428,8.4664,8.5388
2016-01-12,8.5388,8.5679,8.5093,8.5293
2016-01-13,8.5293,8.5685,8.5093,8.5286
2016-01-14,8.5287,8.5689,8.4939,8.5514
2016-01-15,8.5514,8.5971,8.5268,8.5819
2016-01-18,8.5839,8.6073,8.5609,8.5776
2016-01-19,8.5775,8.5994,8.5156,8.541
2016-01-20,8.541,8.6119,8.5125,8.5923
2016-01-21,8.5923,8.6562,8.5474,8.5605
2016-01-22,8.5605,8.6011,8.5304,8.5845
2016-01-25,8.5834,8.6081,8.5511,8.566
2016-01-26,8.566,8.5768,8.5381,8.5381
2016-01-27,8.5381,8.5608,8.4829,8.5112
2016-01-28,8.5112,8.5414,8.4954,8.5073
2016-01-29,8.5073,8.6179,8.4919,8.5789
2016-02-01,8.574,8.602,8.5114,8.5281
2016-02-02,8.5281,8.5877,8.5154,8.5563
2016-02-03,8.5563,8.5825,8.4158,8.4313
2016-02-04,8.4313,8.4582,8.3605,8.4005
2016-02-05,8.4004,8.489,8.3835,8.454
2016-02-08,8.4534,8.5033,8.4087,8.4454
2016-02-09,8.4454,8.4886,8.3842,8.4158
2016-02-10,8.4159,8.4908,8.3688,8.3769
2016-02-11,8.3769,8.477,8.3395,8.3759
2016-02-12,8.3761,8.4524,8.361,8.4017
2016-02-15,8.4133,8.5125,8.4086,8.4859
2016-02-16,8.4859,8.5207,8.4579,8.5055
2016-02-17,8.5055,8.5342,8.4623,8.5154
2016-02-18,8.5154,8.5203,8.4399,8.4441
2016-02-19,8.444,8.4862,8.4242,8.449
2016-02-22,8.4548,8.5104,8.4422,8.499
2016-02-23,8.4989,8.5091,8.4676,8.4884
2016-02-24,8.4884,8.5502,8.4644,8.4899
2016-02-25,8.4899,8.5404,8.4694,8.5022
2016-02-26,8.5019,8.5676,8.4629,8.5638
2016-02-29,8.556,8.595,8.5181,8.5672
2016-03-01,8.5673,8.6458,8.5535,8.6215
2016-03-02,8.6213,8.6476,8.5968,8.6092
2016-03-03,8.6102,8.6254,8.5183,8.5264
2016-03-04,8.5264,8.5531,8.4651,8.4843
2016-03-07,8.4822,8.5336,8.4699,8.4714
2016-03-08,8.4722,8.5212,8.4562,8.4849
2016-03-09,8.4853,8.5174,8.4128,8.4465
2016-03-10,8.4464,8.5463,8.3398,8.38
2016-03-11,8.38,8.4043,8.3287,8.3412
2016-03-14,8.3508,8.3671,8.3266,8.3429
2016-03-15,8.343,8.3651,8.3029,8.3149
2016-03-16,8.3149,8.3501,8.1985,8.2151
2016-03-17,8.2161,8.2444,8.1347,8.1792
2016-03-18,8.1792,8.2405,8.166,8.2316
2016-03-21,8.2338,8.2532,8.2059,8.236
2016-03-22,8.2362,8.2859,8.2096,8.2291
2016-03-23,8.2292,8.2838,8.2227,8.264
2016-03-24,8.264,8.3122,8.2613,8.2934
2016-03-25,8.2934,8.3128,8.2872,8.3044
2016-03-28,8.3057,8.3204,8.2627,8.2857
2016-03-29,8.2857,8.3062,8.1907,8.1982
2016-03-30,8.1982,8.2044,8.1259,8.1298
2016-03-31,8.1298,8.1632,8.0856,8.1178
2016-04-01,8.1178,8.154,8.0785,8.137
2016-04-04,8.1232,8.1457,8.1076,8.1281
2016-04-05,8.1281,8.1666,8.1147,8.1335
2016-04-06,8.1325,8.1797,8.1276,8.1498
2016-04-07,8.1498,8.1745,8.1143,8.1687
2016-04-08,8.1687,8.1793,8.1285,8.1539
2016-04-11,8.1462,8.1613,8.0927,8.1136
2016-04-12,8.1136,8.1208,8.0316,8.0807
2016-04-13,8.0807,8.1483,8.077,8.141
2016-04-14,8.141,8.1847,8.1125,8.1339
2016-04-15,8.1339,8.1597,8.1032,8.1317
2016-04-18,8.1214,8.1481,8.0988,8.1169
2016-04-19,8.1169,8.1229,8.0678,8.0853
2016-04-20,8.0853,8.1375,8.041,8.1296
2016-04-21,8.1296,8.1433,8.0582,8.1405
2016-04-22,8.1416,8.1647,8.0885,8.1621
2016-04-25,8.1541,8.1688,8.1215,8.1316
2016-04-26,8.1319,8.1483,8.0737,8.1198
2016-04-27,8.1198,8.1308,8.0618,8.0942
2016-04-28,8.0942,8.1038,8.0321,8.0691
2016-04-29,8.0691,8.0734,7.9869,8.0324
2016-05-02,8.0304,8.0389,7.9572,7.9599
2016-05-03,7.9597,8.0607,7.8937,8.0585
2016-05-04,8.0585,8.0831,8.0342,8.0689
2016-05-05,8.0693,8.1188,8.0588,8.1112
2016-05-06,8.1111,8.1565,8.083,8.139
2016-05-09,8.1369,8.169,8.1226,8.1649
2016-05-10,8.1649,8.1721,8.1359,8.1598
2016-05-11,8.1598,8.1638,8.1156,8.1405
2016-05-12,8.1408,8.1934,8.1298,8.1836
2016-05-13,8.1836,8.272,8.1825,8.2488
2016-05-16,8.2499,8.2659,8.2219,8.261
2016-05-17,8.261,8.2729,8.2241,8.2565
2016-05-18,8.2565,8.3558,8.2536,8.3534
2016-05-19,8.3536,8.3827,8.3282,8.3582
2016-05-20,8.3582,8.3603,8.3129,8.3153
2016-05-23,8.32,8.3655,8.3021,8.3403
2016-05-24,8.3403,8.3724,8.3059,8.3141
2016-05-25,8.3141,8.3205,8.2844,8.2954
2016-05-26,8.2954,8.3186,8.2604,8.2832
2016-05-27,8.2833,8.3546,8.2709,8.351
2016-05-30,8.3467,8.3653,8.3164,8.3346
2016-05-31,8.3346,8.3573,8.3072,8.3333
2016-06-01,8.3331,8.3433,8.2897,8.2959
2016-06-02,8.2959,8.343,8.2791,8.3286
2016-06-03,8.3286,8.3322,8.1339,8.1425
2016-06-06,8.1553,8.1747,8.1071,8.1246
2016-06-07,8.1246,8.1461,8.1068,8.1289
2016-06-08,8.1289,8.1321,8.0923,8.1097
2016-06-09,8.1097,8.1812,8.097,8.1762
2016-06-10,8.1762,8.3166,8.1734,8.3103
2016-06-13,8.2988,8.3202,8.2301,8.2354
2016-06-14,8.2354,8.3187,8.2354,8.3101
2016-06-15,8.3101,8.3519,8.2857,8.3107
2016-06-16,8.3107,8.4417,8.291,8.3394
2016-06-17,8.339,8.3547,8.3003,8.3314
2016-06-20,8.3256,8.3256,8.2188,8.2444
2016-06-21,8.2444,8.2867,8.2101,8.2792
2016-06-22,8.2792,8.2908,8.2314,8.2619
2016-06-23,8.2619,8.2631,8.1427,8.1621
2016-06-24,8.1621,8.7514,8.1048,8.4648
2016-06-27,8.5023,8.5978,8.4602,8.5559
2016-06-28,8.5559,8.5647,8.4817,8.5067
2016-06-29,8.5066,8.5378,8.4556,8.4569
2016-06-30,8.4569,8.5319,8.4419,8.4597
2016-07-01,8.4599,8.4873,8.4107,8.4361
2016-07-04,8.4338,8.4702,8.4134,8.4181
2016-07-05,8.4181,8.5388,8.4091,8.5237
2016-07-06,8.5237,8.5891,8.5054,8.5243
2016-07-07,8.5243,8.5907,8.5205,8.5792
2016-07-08,8.5792,8.6172,8.535,8.5814
2016-07-11,8.5832,8.6038,8.5555,8.5747
2016-07-12,8.5745,8.5844,8.4991,8.54
2016-07-13,8.54,8.5733,8.4721,8.4974
2016-07-14,8.4975,8.5054,8.4585,8.4973
2016-07-15,8.4973,8.5949,8.4757,8.588
2016-07-18,8.5795,8.58,8.5427,8.5489
2016-07-19,8.5489,8.6224,8.545,8.6118
2016-07-20,8.6118,8.639,8.5876,8.5992
2016-07-21,8.5992,8.6286,8.5737,8.5941
2016-07-22,8.594,8.6783,8.5887,8.6513
2016-07-25,8.6602,8.6718,8.6395,8.6407
2016-07-26,8.6407,8.6614,8.6176,8.6601
2016-07-27,8.6601,8.7016,8.6108,8.6287
2016-07-28,8.6287,8.6477,8.5702,8.6397
2016-07-29,8.6396,8.6456,8.5275,8.5569
2016-08-01,8.5554,8.602,8.5415,8.5954
2016-08-02,8.5954,8.5994,8.4984,8.5133
2016-08-03,8.5133,8.554,8.4898,8.5468
2016-08-04,8.5468,8.5691,8.5055,8.5204
2016-08-05,8.5204,8.5862,8.5103,8.5668
2016-08-08,8.5651,8.6038,8.5557,8.5805
2016-08-09,8.5805,8.5957,8.5206,8.533
2016-08-10,8.533,8.5409,8.4447,8.4643
2016-08-11,8.4643,8.4783,8.4171,8.4728
2016-08-12,8.4728,8.4806,8.4043,8.4536
2016-08-15,8.4508,8.4809,8.4398,8.4572
2016-08-16,8.4572,8.4626,8.3457,8.4148
2016-08-17,8.4148,8.4549,8.3991,8.4247
2016-08-18,8.4245,8.4249,8.3364,8.3467
2016-08-19,8.3467,8.4037,8.3415,8.3852
2016-08-22,8.392,8.4286,8.3639,8.3741
2016-08-23,8.3741,8.3855,8.3406,8.3787
2016-08-24,8.3787,8.4226,8.3622,8.3966
2016-08-25,8.3966,8.4175,8.3854,8.4064
2016-08-26,8.4064,8.5071,8.3623,8.4817
2016-08-29,8.4829,8.5068,8.4569,8.4667
2016-08-30,8.4667,8.5635,8.4647,8.5398
2016-08-31,8.5399,8.5833,8.5181,8.5605
2016-09-01,8.5605,8.6153,8.5473,8.5535
2016-09-02,8.5535,8.605,8.5171,8.5865
2016-09-05,8.585,8.5946,8.5446,8.5687
2016-09-06,8.5687,8.5701,8.4569,8.4675
2016-09-07,8.4675,8.4892,8.4251,8.4427
2016-09-08,8.4427,8.4636,8.378,8.4419
2016-09-09,8.4419,8.516,8.4254,8.4937
2016-09-12,8.4933,8.5386,8.4665,8.4773
2016-09-13,8.4773,8.546,8.4738,8.5259
2016-09-14,8.5259,8.5385,8.462,8.4867
2016-09-15,8.4862,8.5334,8.4653,8.4824
2016-09-16,8.4823,8.579,8.4779,8.5663
2016-09-19,8.5604,8.5768,8.5366,8.5652
2016-09-20,8.5651,8.5994,8.5352,8.5988
2016-09-21,8.5988,8.6161,8.5557,8.5567
2016-09-22,8.5567,8.5593,8.5086,8.5494
2016-09-23,8.5492,8.5633,8.5295,8.5421
2016-09-26,8.5391,8.5585,8.5149,8.5334
2016-09-27,8.5334,8.633,8.5135,8.5971
2016-09-28,8.5974,8.6154,8.5578,8.5638
2016-09-29,8.5638,8.5946,8.5389,8.5736
2016-09-30,8.5736,8.6294,8.5582,8.5739
2016-10-03,8.5738,8.5901,8.5255,8.5662
2016-10-04,8.5663,8.6347,8.5636,8.6012
2016-10-05,8.6012,8.6157,8.5563,8.5892
2016-10-06,8.5892,8.638,8.5855,8.6289
2016-10-07,8.629,8.6776,8.5997,8.6266
2016-10-10,8.6248,8.6689,8.6025,8.6532
2016-10-11,8.6532,8.8282,8.6492,8.8199
2016-10-12,8.8199,8.8518,8.8062,8.8475
2016-10-13,8.8469,8.872,8.7888,8.7901
2016-10-14,8.7902,8.846,8.7816,8.8424
2016-10-17,8.8424,8.849,8.8059,8.8119
2016-10-18,8.8119,8.8349,8.7872,8.827
2016-10-19,8.827,8.852,8.8052,8.8355
2016-10-20,8.8355,8.8866,8.8061,8.8718
2016-10-21,8.8717,8.9396,8.8631,8.9157
2016-10-24,8.9248,8.9342,8.8976,8.9103
2016-10-25,8.9104,8.9611,8.9014,8.9258
2016-10-26,8.9258,8.9368,8.897,8.9092
2016-10-27,8.9093,9.0907,8.8719,9.0805
2016-10-28,9.0808,9.0841,8.9942,9.0109
2016-10-31,9.0051,9.0417,8.9897,9.0321
2016-11-01,9.032,9.05,8.9391,8.9622
2016-11-02,8.9623,8.97,8.891,8.9219
2016-11-03,8.9219,8.9766,8.8872,8.9691
2016-11-04,8.9689,8.9967,8.9266,8.9462
2016-11-07,8.9532,9.0532,8.9488,9.0243
2016-11-08,9.0243,9.0289,8.975,8.9891
2016-11-09,8.9891,9.1199,8.9031,9.0636
2016-11-10,9.0632,9.1141,9.0262,9.0401
2016-11-11,9.0401,9.1148,9.0226,9.0958
2016-11-14,9.0461,9.1794,9.044,9.1559
2016-11-15,9.1559,9.1971,9.0653,9.1888
2016-11-16,9.1888,9.2228,9.1534,9.1991
2016-11-17,9.1988,9.2481,9.152,9.2434
2016-11-18,9.2429,9.2995,9.2252,9.2988
2016-11-21,9.2531,9.2739,9.205,9.2206
2016-11-22,9.2205,9.2621,9.1928,9.2179
2016-11-23,9.2179,9.2967,9.2034,9.2787
2016-11-24,9.2787,9.3098,9.2185,9.2484
2016-11-25,9.2484,9.2653,9.205,9.2497
2016-11-28,9.2261,9.2512,9.1703,9.1987
2016-11-29,9.1984,9.2453,9.1653,9.1766
2016-11-30,9.1766,9.2655,9.1382,9.2304
2016-12-01,9.2302,9.2622,9.1975,9.2213
2016-12-02,9.2213,9.2267,9.1382,9.2146
2016-12-05,9.2133,9.3108,9.0988,9.1152
2016-12-06,9.1152,9.1453,9.1094,9.1265
2016-12-07,9.1265,9.141,9.0589,9.0713
2016-12-08,9.0713,9.1663,8.9944,9.1274
2016-12-09,9.1274,9.2096,9.1215,9.1893
2016-12-12,9.2031,9.2193,9.1547,9.1671
2016-12-13,9.1672,9.1801,9.1279,9.1655
2016-12-14,9.1655,9.2946,9.1365,9.2594
2016-12-15,9.2594,9.4299,9.2577,9.4092
2016-12-16,9.4092,9.4482,9.3364,9.3392
2016-12-19,9.348,9.3949,9.3276,9.3846
2016-12-20,9.3846,9.4102,9.3417,9.3489
2016-12-21,9.349,9.3589,9.2141,9.2324
2016-12-22,9.2325,9.2333,9.1452,9.2242
2016-12-23,9.2241,9.2429,9.1873,9.2042
2016-12-26,9.2119,9.2462,9.1867,9.2066
2016-12-27,9.2066,9.2508,9.2013,9.2264
2016-12-28,9.2263,9.2304,9.1809,9.207
2016-12-29,9.207,9.207,9.1088,9.1211
2016-12-30,9.1211,9.1303,8.9961,9.1061
2017-01-02,9.1033,9.1485,9.085,9.1384
2017-01-03,9.138,9.2051,9.1024,9.1618
2017-01-04,9.1616,9.1764,9.0956,9.1047
2017-01-05,9.1047,9.1124,8.9908,8.9933
2017-01-06,8.9934,9.0763,8.9915,9.0574
2017-01-09,9.0487,9.0928,9.0396,9.0458
2017-01-10,9.0457,9.083,9.0042,9.0824
2017-01-11,9.0824,9.1532,9.0082,9.0268
2017-01-12,9.0267,9.0348,8.9013,8.9519
2017-01-13,8.9519,8.9589,8.8956,8.9116
2017-01-16,8.9246,8.9744,8.914,8.9522
2017-01-17,8.9521,8.9594,8.8732,8.8844
2017-01-18,8.8844,8.9549,8.8825,8.9533
2017-01-19,8.9533,9.0263,8.9237,8.9501
2017-01-20,8.9502,8.9591,8.8793,8.8797
2017-01-23,8.8887,8.9025,8.8253,8.8289
2017-01-24,8.8287,8.8627,8.8161,8.8481
2017-01-25,8.8482,8.8699,8.8067,8.8187
2017-01-26,8.8187,8.8679,8.8004,8.8397
2017-01-27,8.8398,8.8708,8.8157,8.8488
2017-01-30,8.8507,8.8867,8.8158,8.8324
2017-01-31,8.8325,8.8415,8.7376,8.7424
2017-02-01,8.7424,8.7785,8.7177,8.7527
2017-02-02,8.7528,8.7581,8.697,8.7513
2017-02-03,8.7513,8.8136,8.7388,8.7648
2017-02-06,8.7682,8.8508,8.7508,8.8234
2017-02-07,8.8233,8.9001,8.8209,8.8706
2017-02-08,8.8704,8.8926,8.829,8.8359
2017-02-09,8.8359,8.913,8.8341,8.9044
2017-02-10,8.9045,8.934,8.8967,8.919
2017-02-13,8.93,8.9445,8.8972,8.9397
2017-02-14,8.9397,8.9537,8.9021,8.9333
2017-02-15,8.9333,8.9869,8.9074,8.9203
2017-02-16,8.9204,8.9276,8.8498,8.8601
2017-02-17,8.8601,8.9219,8.854,8.9119
2017-02-20,8.9083,8.9396,8.8995,8.936
2017-02-21,8.936,8.9979,8.9331,8.9768
2017-02-22,8.9763,9.028,8.9587,8.9745
2017-02-23,8.9745,9.0067,8.9651,8.9924
2017-02-24,8.9924,9.0426,8.9625,9.0353
2017-02-27,9.0333,9.0651,9.0089,9.063
2017-02-28,9.063,9.0774,9.0021,9.0365
2017-03-01,9.0363,9.077,9.0231,9.0499
2017-03-02,9.0497,9.0923,9.0318,9.0846
2017-03-03,9.0847,9.0894,8.9787,8.9799
2017-03-06,8.9866,9.0293,8.9664,9.0185
2017-03-07,9.0184,9.0291,8.9903,9.0119
2017-03-08,9.012,9.0588,9.0041,9.0558
2017-03-09,9.0559,9.067,9.0045,9.0466
2017-03-10,9.0464,9.0506,8.9833,9.0085
2017-03-13,9.0001,9.0108,8.9373,8.942
2017-03-14,8.9421,8.9781,8.9112,8.9707
2017-03-15,8.9707,9.0121,8.8613,8.8635
2017-03-16,8.863,8.8874,8.8146,8.8197
2017-03-17,8.82,8.8404,8.789,8.8352
2017-03-20,8.8317,8.8518,8.7974,8.8225
2017-03-21,8.8228,8.8381,8.7732,8.799
2017-03-22,8.7989,8.8416,8.7712,8.8021
2017-03-23,8.8021,8.8402,8.7869,8.8294
2017-03-24,8.8294,8.8485,8.7922,8.8083
2017-03-27,8.8095,8.8157,8.7604,8.7885
2017-03-28,8.7879,8.8388,8.7666,8.8315
2017-03-29,8.8315,8.9017,8.8253,8.8677
2017-03-30,8.8676,8.9454,8.864,8.9433
2017-03-31,8.9433,8.9731,8.9139,8.9707
2017-04-03,8.9613,8.9791,8.911,8.9544
2017-04-04,8.9546,9.0381,8.9528,9.0072
2017-04-05,9.0072,9.0113,8.9553,8.9913
2017-04-06,8.9913,9.0284,8.9746,9.0244
2017-04-07,9.0244,9.0911,9.0012,9.0736
2017-04-10,9.078,9.0966,9.0573,9.0775
2017-04-11,9.0776,9.1091,9.0302,9.0599
2017-04-12,9.0596,9.0625,8.9691,8.977
2017-04-13,8.977,9.0462,8.9473,9.0434
2017-04-14,9.0434,9.0489,9.0219,9.041
2017-04-17,9.0358,9.047,8.9776,8.9972
2017-04-18,8.9974,9.0095,8.9513,8.9554
2017-04-19,8.9555,8.9909,8.939,8.9728
2017-04-20,8.9726,8.9979,8.9222,8.9865
2017-04-21,8.9863,9.0345,8.9714,8.995
2017-04-24,8.873,8.8872,8.7847,8.858
2017-04-25,8.8582,8.8774,8.7515,8.7787
2017-04-26,8.7788,8.8025,8.7478,8.7635
2017-04-27,8.7633,8.8744,8.7503,8.8344
2017-04-28,8.8344,8.8709,8.8032,8.8535
2017-05-01,8.8384,8.8594,8.8148,8.8489
2017-05-02,8.8489,8.8581,8.8012,8.8039
2017-05-03,8.8038,8.8507,8.7981,8.85
2017-05-04,8.8499,8.8608,8.8076,8.8315
2017-05-05,8.8315,8.8488,8.785,8.7962
2017-05-08,8.8027,8.8498,8.768,8.8455
2017-05-09,8.8456,8.9028,8.8343,8.8884
2017-05-10,8.8884,8.929,8.8701,8.9232
2017-05-11,8.9233,8.9317,8.8417,8.8843
2017-05-12,8.8841,8.8999,8.826,8.8293
2017-05-15,8.8511,8.8596,8.8108,8.8306
2017-05-16,8.8307,8.8657,8.7706,8.7933
2017-05-17,8.7936,8.795,8.7273,8.7347
2017-05-18,8.7348,8.8252,8.7249,8.8073
2017-05-19,8.8073,8.8117,8.7099,8.7305
2017-05-22,8.7235,8.7415,8.6892,8.6945
2017-05-23,8.6943,8.7128,8.6535,8.7067
2017-05-24,8.7066,8.7246,8.6664,8.6687
2017-05-25,8.6687,8.6979,8.643,8.6862
2017-05-26,8.6862,8.7124,8.662,8.6894
2017-05-29,8.6948,8.7118,8.6796,8.7041
2017-05-30,8.7041,8.7677,8.7019,8.7245
2017-05-31,8.7242,8.7449,8.6724,8.6882
2017-06-01,8.6884,8.7245,8.6752,8.6937
2017-06-02,8.6937,8.6972,8.6142,8.6224
2017-06-05,8.6236,8.6881,8.6192,8.6516
2017-06-06,8.6516,8.6856,8.6402,8.6646
2017-06-07,8.6647,8.7367,8.6618,8.6907
2017-06-08,8.6907,8.734,8.6759,8.7103
2017-06-09,8.7103,8.7561,8.6882,8.7152
2017-06-12,8.7144,8.7498,8.6996,8.7476
2017-06-13,8.7477,8.7576,8.6728,8.6939
2017-06-14,8.6939,8.7222,8.6246,8.7033
2017-06-15,8.7033,8.7692,8.6947,8.7492
2017-06-16,8.7487,8.766,8.6889,8.7096
2017-06-19,8.7052,8.7534,8.6823,8.7425
2017-06-20,8.7425,8.8001,8.7243,8.7831
2017-06-21,8.7831,8.7912,8.7415,8.7486
2017-06-22,8.7486,8.7643,8.7256,8.7491
2017-06-23,8.749,8.7616,8.7034,8.7212
2017-06-26,8.7133,8.7351,8.6962,8.7203
2017-06-27,8.7203,8.7273,8.6026,8.614
2017-06-28,8.614,8.6404,8.5389,8.5444
2017-06-29,8.5445,8.5463,8.45,8.4674
2017-06-30,8.4674,8.4839,8.4189,8.4322
2017-07-03,8.43,8.496,8.4151,8.4903
2017-07-04,8.4902,8.5484,8.4806,8.5261
2017-07-05,8.526,8.5315,8.4826,8.4868
2017-07-06,8.4869,8.5054,8.4364,8.4423
2017-07-07,8.4423,8.4547,8.4163,8.4269
2017-07-10,8.4337,8.4531,8.4186,8.4305
2017-07-11,8.4305,8.4611,8.3956,8.4004
2017-07-12,8.4002,8.442,8.3858,8.4173
2017-07-13,8.4173,8.4206,8.3499,8.3587
2017-07-14,8.3587,8.3641,8.305,8.3082
2017-07-17,8.3183,8.3417,8.2835,8.2893
2017-07-18,8.2897,8.3086,8.2514,8.3019
2017-07-19,8.3019,8.3139,8.2764,8.3037
2017-07-20,8.3037,8.3369,8.2177,8.2238
2017-07-21,8.2236,8.2693,8.2024,8.2417
2017-07-24,8.2466,8.2568,8.2065,8.2154
2017-07-25,8.2154,8.222,8.1658,8.2085
2017-07-26,8.2085,8.2399,8.1562,8.1703
2017-07-27,8.1703,8.2353,8.1384,8.2155
2017-07-28,8.2156,8.224,8.1055,8.1195
2017-07-31,8.1411,8.1453,8.0656,8.0678
2017-08-01,8.0678,8.1212,8.0577,8.1095
2017-08-02,8.1097,8.1249,8.069,8.0983
2017-08-03,8.0983,8.12,8.081,8.1015
2017-08-04,8.1016,8.1749,8.0808,8.1463
2017-08-07,8.1456,8.1669,8.1193,8.1502
2017-08-08,8.1502,8.1984,8.1116,8.1759
2017-08-09,8.176,8.2277,8.1687,8.177
2017-08-10,8.177,8.1943,8.1252,8.1352
2017-08-11,8.1352,8.175,8.1104,8.1186
2017-08-14,8.1318,8.1332,8.1002,8.1129
2017-08-15,8.1129,8.1453,8.058,8.0735
2017-08-16,8.0734,8.1262,8.0628,8.0773
2017-08-17,8.0773,8.1495,8.0607,8.1394
2017-08-18,8.1394,8.149,8.1042,8.116
2017-08-21,8.1042,8.1233,8.0603,8.074
2017-08-22,8.074,8.1216,8.0681,8.0947
2017-08-23,8.0946,8.1178,8.0496,8.0598
2017-08-24,8.0598,8.0822,8.0504,8.0672
2017-08-25,8.0673,8.0937,7.9501,7.9644
2017-08-28,7.961,7.9833,7.938,7.9589
2017-08-29,7.9589,7.9897,7.909,7.9389
2017-08-30,7.9389,7.9938,7.9306,7.9794
2017-08-31,7.9795,8.0206,7.9381,7.9387
2017-09-01,7.9387,8.0098,7.9134,8.0
2017-09-04,7.9981,7.9999,7.9506,7.9639
2017-09-05,7.9641,7.9896,7.9381,7.9703
2017-09-06,7.9703,7.9855,7.944,7.9804
2017-09-07,7.9804,7.9914,7.9008,7.9211
2017-09-08,7.9211,7.954,7.8881,7.931
2017-09-11,7.9415,8.0167,7.9316,8.0129
2017-09-12,8.0129,8.0241,7.9576,7.9714
2017-09-13,7.9714,8.0516,7.9547,8.0329
2017-09-14,8.0328,8.0645,7.9875,7.9889
2017-09-15,7.9889,8.006,7.9374,7.9663
2017-09-18,7.9667,7.9847,7.9426,7.9623
2017-09-19,7.9623,7.975,7.9351,7.9519
2017-09-20,7.9519,8.0354,7.9284,8.0132
2017-09-21,8.0134,8.0313,7.9652,7.972
2017-09-22,7.972,7.9832,7.9422,7.9828
2017-09-25,7.9995,8.0597,7.9813,8.0432
2017-09-26,8.0432,8.155,8.0346,8.1199
2017-09-27,8.12,8.1847,8.1179,8.1495
2017-09-28,8.1496,8.1768,8.1116,8.1124
2017-09-29,8.1124,8.1919,8.0975,8.148
2017-10-02,8.1518,8.192,8.1406,8.1698
2017-10-03,8.1698,8.1983,8.1217,8.1376
2017-10-04,8.1376,8.1414,8.0889,8.0987
2017-10-05,8.0985,8.1538,8.084,8.1407
2017-10-06,8.1406,8.172,8.1095,8.1188
2017-10-09,8.1203,8.1339,8.1059,8.1262
2017-10-10,8.126,8.1289,8.0594,8.0738
2017-10-11,8.0738,8.0844,8.0395,8.049
2017-10-12,8.049,8.1308,8.0256,8.1202
2017-10-13,8.1201,8.1417,8.0827,8.1072
2017-10-16,8.1189,8.1447,8.0935,8.106
2017-10-17,8.1063,8.177,8.1006,8.1531
2017-10-18,8.1531,8.1851,8.1359,8.1427
2017-10-19,8.1427,8.1803,8.1203,8.1263
2017-10-20,8.1264,8.1833,8.122,8.162
2017-10-23,8.1639,8.2243,8.1635,8.2003
2017-10-24,8.2,8.2277,8.185,8.2209
2017-10-25,8.221,8.2582,8.2061,8.218
2017-10-26,8.218,8.3685,8.1903,8.349
2017-10-27,8.3489,8.4007,8.3292,8.3722
2017-10-30,8.3748,8.3836,8.3299,8.3534
2017-10-31,8.3534,8.382,8.3428,8.3776
2017-11-01,8.3776,8.4078,8.3596,8.4014
2017-11-02,8.4014,8.4094,8.3605,8.3948
2017-11-03,8.3948,8.4461,8.3837,8.4337
2017-11-06,8.433,8.4475,8.3913,8.3979
2017-11-07,8.398,8.4422,8.3884,8.3981
2017-11-08,8.3981,8.4014,8.3776,8.381
2017-11-09,8.3807,8.3982,8.3526,8.378
2017-11-10,8.378,8.3896,8.3487,8.3533
2017-11-13,8.3557,8.4,8.3481,8.3833
2017-11-14,8.3833,8.4496,8.3725,8.395
2017-11-15,8.395,8.4534,8.3785,8.4295
2017-11-16,8.4293,8.4459,8.3897,8.3986
2017-11-17,8.3984,8.4597,8.3694,8.4277
2017-11-20,8.4309,8.4871,8.4139,8.4851
2017-11-21,8.485,8.528,8.4196,8.4302
2017-11-22,8.4301,8.4458,8.3296,8.338
2017-11-23,8.3379,8.3432,8.2906,8.2972
2017-11-24,8.2972,8.3157,8.2709,8.2778
2017-11-27,8.2699,8.3128,8.267,8.3029
2017-11-28,8.3029,8.3617,8.2858,8.3511
2017-11-29,8.3512,8.3881,8.3135,8.3689
2017-11-30,8.3689,8.4007,8.3155,8.3768
2017-12-01,8.3768,8.3899,8.3417,8.3532
2017-12-04,8.3754,8.4351,8.3682,8.42
2017-12-05,8.4195,8.4587,8.3587,8.3629
2017-12-06,8.3629,8.4435,8.3276,8.4362
2017-12-07,8.4358,8.4939,8.4212,8.4861
2017-12-08,8.4861,8.5166,8.444,8.4452
2017-12-11,8.4631,8.5077,8.4362,8.5033
2017-12-12,8.5033,8.5235,8.4024,8.4206
2017-12-13,8.4207,8.4606,8.4005,8.4131
2017-12-14,8.4131,8.4473,8.3565,8.4394
2017-12-15,8.4393,8.5203,8.4189,8.5041
2017-12-18,8.5007,8.5322,8.408,8.4363
2017-12-19,8.4363,8.4471,8.3934,8.4079
2017-12-20,8.4081,8.4116,8.3192,8.403
2017-12-21,8.403,8.4211,8.3708,8.3793
2017-12-22,8.3792,8.4107,8.3175,8.3175
2017-12-25,8.3502,8.4322,8.3143,8.327
2017-12-26,8.327,8.3639,8.3211,8.3479
2017-12-27,8.3479,8.3558,8.2673,8.2762
2017-12-28,8.2761,8.2763,8.2318,8.2454
2017-12-29,8.2453,8.2509,8.164,8.1833
2018-01-01,8.1987,8.2013,8.1753,8.1758
2018-01-02,8.1758,8.1904,8.1292,8.168
2018-01-03,8.1679,8.1896,8.158,8.1767
2018-01-04,8.1767,8.1852,8.1255,8.1367
2018-01-05,8.1366,8.1649,8.1259,8.1578
2018-01-08,8.1432,8.2218,8.1357,8.2024
2018-01-09,8.2022,8.2535,8.1944,8.2301
2018-01-10,8.2301,8.2408,8.1607,8.2009
2018-01-11,8.2009,8.2056,8.1257,8.132
2018-01-12,8.1317,8.1483,8.0341,8.0495
2018-01-15,8.0523,8.0618,8.0007,8.0216
2018-01-16,8.0226,8.0553,8.0026,8.0405
2018-01-17,8.0401,8.0725,7.99,8.0509
2018-01-18,8.0509,8.0634,8.0073,8.0188
2018-01-19,8.0188,8.0531,7.9984,8.0531
2018-01-22,8.0193,8.0496,8.0146,8.0193
2018-01-23,8.0192,8.0479,8.0067,8.0075
2018-01-24,8.0075,8.0119,7.9208,7.9267
2018-01-25,7.9267,7.9418,7.8321,7.9223
2018-01-26,7.9223,7.9355,7.8515,7.8682
2018-01-29,7.8699,7.9147,7.8623,7.8929
2018-01-30,7.8928,7.9274,7.8614,7.8904
2018-01-31,7.8906,7.9025,7.8273,7.879
2018-02-01,7.8791,7.905,7.8352,7.841
2018-02-02,7.841,7.9281,7.8348,7.9028
2018-02-05,7.9012,7.9807,7.882,7.9799
2018-02-06,7.9799,8.0095,7.9279,7.9518
2018-02-07,7.9518,8.0943,7.9366,8.0844
2018-02-08,8.0849,8.143,8.0433,8.1172
2018-02-09,8.1172,8.1579,8.0794,8.0804
2018-02-12,8.0875,8.1124,8.0597,8.0643
2018-02-13,8.0644,8.0773,8.02,8.0279
2018-02-14,8.0278,8.1061,7.9418,7.9554
2018-02-15,7.9553,7.9746,7.9138,7.9345
2018-02-16,7.9368,7.978,7.8977,7.9688
2018-02-19,7.9724,8.0055,7.9491,7.9845
2018-02-20,7.9845,8.104,7.9843,8.0964
2018-02-21,8.0962,8.1194,8.0628,8.1189
2018-02-22,8.1189,8.1484,8.102,8.116
2018-02-23,8.116,8.1854,8.1121,8.1731
2018-02-26,8.1776,8.1862,8.1258,8.1512
2018-02-27,8.1512,8.2368,8.1364,8.2253
2018-02-28,8.2253,8.3138,8.219,8.2911
2018-03-01,8.2913,8.318,8.2354,8.2489
2018-03-02,8.249,8.2875,8.2303,8.2446
2018-03-05,8.2486,8.2959,8.2231,8.2621
2018-03-06,8.2623,8.2747,8.2038,8.2056
2018-03-07,8.2056,8.2612,8.1991,8.23
2018-03-08,8.2299,8.2778,8.2128,8.2691
2018-03-09,8.2693,8.2779,8.227,8.2442
2018-03-12,8.2483,8.2678,8.221,8.2419
2018-03-13,8.2417,8.2523,8.1916,8.217
2018-03-14,8.217,8.2236,8.1652,8.1831
2018-03-15,8.183,8.1922,8.1526,8.1798
2018-03-16,8.1797,8.2119,8.1741,8.1938
2018-03-19,8.2018,8.2271,8.1523,8.1695
2018-03-20,8.1697,8.2251,8.1597,8.222
2018-03-21,8.222,8.2385,8.1775,8.1834
2018-03-22,8.1834,8.2607,8.1576,8.2567
2018-03-23,8.2565,8.2872,8.2303,8.2479
2018-03-26,8.2483,8.254,8.1788,8.1919
2018-03-27,8.1922,8.2568,8.1709,8.2309
2018-03-28,8.2309,8.3608,8.2218,8.3517
2018-03-29,8.3515,8.3859,8.3313,8.3612
2018-03-30,8.3617,8.3663,8.3291,8.3418
2018-04-02,8.3431,8.4047,8.3284,8.3914
2018-04-03,8.3914,8.4162,8.3569,8.3964
2018-04-04,8.3964,8.4176,8.3765,8.4027
2018-04-05,8.4029,8.441,8.3833,8.4185
2018-04-06,8.4185,8.4524,8.3806,8.3915
2018-04-09,8.407,8.4072,8.3471,8.358
2018-04-10,8.358,8.3674,8.2918,8.3063
2018-04-11,8.3063,8.3403,8.2935,8.3253
2018-04-12,8.3253,8.4483,8.3194,8.4075
2018-04-13,8.4076,8.4965,8.4007,8.474
2018-04-16,8.4704,8.4889,8.3962,8.4168
2018-04-17,8.4168,8.4284,8.3978,8.4033
2018-04-18,8.4032,8.4279,8.3732,8.4051
2018-04-19,8.4051,8.4192,8.37,8.4043
2018-04-20,8.4043,8.466,8.4033,8.4461
2018-04-23,8.4452,8.5257,8.4418,8.5194
2018-04-24,8.5195,8.5313,8.4913,8.5077
2018-04-25,8.5076,8.5674,8.5067,8.565
2018-04-26,8.565,8.6865,8.5348,8.6642
2018-04-27,8.6643,8.7408,8.6455,8.6588
2018-04-30,8.6596,8.7703,8.6481,8.7492
2018-05-01,8.7491,8.8718,8.7385,8.8588
2018-05-02,8.8588,8.9328,8.8199,8.9166
2018-05-03,8.9166,8.9195,8.8023,8.8109
2018-05-04,8.8109,8.8632,8.7857,8.8066
2018-05-07,8.8047,8.8627,8.7898,8.8359
2018-05-08,8.8359,8.8535,8.7902,8.8185
2018-05-09,8.8185,8.8586,8.6799,8.7044
2018-05-10,8.7045,8.7126,8.6128,8.651
2018-05-11,8.651,8.6635,8.5678,8.6016
2018-05-14,8.6023,8.6435,8.5691,8.6427
2018-05-15,8.6427,8.7581,8.6071,8.6854
2018-05-16,8.6854,8.761,8.6725,8.705
2018-05-17,8.705,8.7557,8.6787,8.7339
2018-05-18,8.7336,8.7671,8.7164,8.7537
2018-05-21,8.7598,8.7819,8.6683,8.6724
2018-05-22,8.6724,8.7063,8.6386,8.6822
2018-05-23,8.6823,8.8037,8.6807,8.7607
2018-05-24,8.761,8.7735,8.7201,8.7609
2018-05-25,8.7609,8.7864,8.6748,8.7683
2018-05-28,8.7677,8.8243,8.7122,8.824
2018-05-29,8.824,8.9774,8.8101,8.9615
2018-05-30,8.9613,8.9882,8.7969,8.8103
2018-05-31,8.8102,8.8525,8.7484,8.8136
2018-06-01,8.8137,8.8757,8.7741,8.8217
2018-06-04,8.8284,8.8377,8.734,8.7574
2018-06-05,8.7572,8.7955,8.7321,8.7502
2018-06-06,8.7503,8.7553,8.7044,8.7332
2018-06-07,8.7332,8.7337,8.6542,8.7001
2018-06-08,8.6999,8.7738,8.6932,8.7153
2018-06-11,8.7236,8.7317,8.644,8.662
2018-06-12,8.662,8.6906,8.5933,8.6455
2018-06-13,8.6455,8.6601,8.601,8.6071
2018-06-14,8.6071,8.7459,8.5784,8.7434
2018-06-15,8.7434,8.8219,8.7312,8.7858
2018-06-18,8.7982,8.8712,8.7894,8.8161
2018-06-19,8.816,8.9502,8.8067,8.8941
2018-06-20,8.8941,8.9321,8.8604,8.8842
2018-06-21,8.8842,8.9495,8.8697,8.8937
2018-06-22,8.8937,8.8983,8.8265,8.857
2018-06-25,8.8478,8.9174,8.8058,8.8459
2018-06-26,8.8459,8.8904,8.8197,8.8821
2018-06-27,8.8823,8.9795,8.8655,8.9772
2018-06-28,8.9772,9.0372,8.962,9.0191
2018-06-29,9.0191,9.0366,8.9257,8.9428
2018-07-02,8.9649,9.0298,8.9433,8.9652
2018-07-03,8.9652,8.9811,8.8164,8.8377
2018-07-04,8.8379,8.8409,8.7657,8.7891
2018-07-05,8.7891,8.7989,8.7299,8.7666
2018-07-06,8.7666,8.7927,8.7123,8.7242
2018-07-09,8.7422,8.7536,8.6805,8.7262
2018-07-10,8.7262,8.7741,8.7095,8.7406
2018-07-11,8.7406,8.8336,8.7344,8.8231
2018-07-12,8.8231,8.8836,8.7857,8.8736
2018-07-13,8.8738,8.9391,8.8586,8.8796
2018-07-16,8.8855,8.8953,8.8107,8.8227
2018-07-17,8.8227,8.8427,8.7722,8.8406
2018-07-18,8.8407,8.8884,8.8356,8.8657
2018-07-19,8.8657,8.9552,8.8501,8.914
2018-07-20,8.9139,8.9288,8.8421,8.852
2018-07-23,8.8504,8.8737,8.8261,8.8605
2018-07-24,8.8606,8.8929,8.8071,8.8161
2018-07-25,8.8161,8.8314,8.7491,8.757
2018-07-26,8.757,8.8199,8.739,8.8124
2018-07-27,8.8124,8.8698,8.7972,8.8406
2018-07-30,8.8396,8.8479,8.743,8.7519
2018-07-31,8.7519,8.7984,8.7353,8.7918
2018-08-01,8.7919,8.824,8.7854,8.8068
2018-08-02,8.8068,8.8938,8.8017,8.8936
2018-08-03,8.8936,8.9422,8.8816,8.9299
2018-08-06,8.9172,8.9474,8.9087,8.939
2018-08-07,8.939,8.9477,8.8906,8.9167
2018-08-08,8.9167,8.9736,8.8938,8.9523
2018-08-09,8.9523,9.0173,8.9478,9.0078
2018-08-10,9.0078,9.1529,8.9989,9.1228
2018-08-13,9.143,9.1834,9.0946,9.116
2018-08-14,9.116,9.1543,9.0794,9.1395
2018-08-15,9.139,9.2475,9.1229,9.205
2018-08-16,9.205,9.2191,9.1594,9.1921
2018-08-17,9.192,9.2241,9.1507,9.1533
2018-08-20,9.1448,9.2004,9.1448,9.1542
2018-08-21,9.1543,9.156,9.0756,9.0961
2018-08-22,9.0958,9.1196,9.0411,9.0653
2018-08-23,9.0653,9.1506,9.0529,9.1366
2018-08-24,9.1366,9.152,9.1,9.1288
2018-08-27,9.1227,9.1559,9.0883,9.0951
2018-08-28,9.0951,9.1539,9.082,9.1373
2018-08-29,9.1373,9.1885,9.127,9.1372
2018-08-30,9.1372,9.1568,9.0958,9.1187
2018-08-31,9.1186,9.1642,9.0934,9.1537
2018-09-03,9.1563,9.163,9.088,9.097
2018-09-04,9.097,9.1527,9.0808,9.087
2018-09-05,9.087,9.1345,9.0524,9.0551
2018-09-06,9.0551,9.1221,9.0358,9.1069
2018-09-07,9.1068,9.1221,9.0339,9.0583
2018-09-10,9.0609,9.0768,9.0222,9.0684
2018-09-11,9.0687,9.0795,9.0093,9.0418
2018-09-12,9.0418,9.0701,8.9594,8.9804
2018-09-13,8.9802,8.9966,8.9276,8.9546
2018-09-14,8.9546,9.0572,8.9467,9.0513
2018-09-17,9.0566,9.0594,8.9049,8.9121
2018-09-18,8.9121,8.9273,8.8797,8.9092
2018-09-19,8.9091,8.9189,8.8626,8.8736
2018-09-20,8.8735,8.8854,8.7616,8.7737
2018-09-21,8.7737,8.8021,8.7552,8.7942
2018-09-24,8.7944,8.8181,8.7524,8.799
2018-09-25,8.7988,8.8166,8.7602,8.8098
2018-09-26,8.8097,8.8417,8.7836,8.8106
2018-09-27,8.8106,8.8589,8.7983,8.8568
2018-09-28,8.8568,8.9132,8.841,8.8894
2018-10-01,8.8945,8.9576,8.865,8.9458
2018-10-02,8.9458,9.0284,8.936,9.0084
2018-10-03,9.0084,9.0669,8.9555,9.057
2018-10-04,9.0568,9.0737,9.0274,9.0602
2018-10-05,9.0605,9.0997,9.0392,9.0665
2018-10-08,9.0699,9.1282,9.0554,9.086
2018-10-09,9.086,9.1458,9.0706,9.1056
2018-10-10,9.1055,9.1473,9.0773,9.1372
2018-10-11,9.1372,9.143,8.9649,8.974
2018-10-12,8.9739,8.985,8.9379,8.9617
2018-10-15,8.9597,8.9996,8.9317,8.9532
2018-10-16,8.9532,8.9728,8.8814,8.9064
2018-10-17,8.9065,8.9672,8.8891,8.9636
2018-10-18,8.9637,9.0505,8.9507,9.0439
2018-10-19,9.0439,9.0544,8.9775,8.9907
2018-10-22,8.9893,9.0088,8.9502,9.0029
2018-10-23,9.003,9.0634,8.9944,9.025
2018-10-24,9.0249,9.1263,9.0114,9.1251
2018-10-25,9.1251,9.1457,9.0856,9.112
2018-10-26,9.112,9.1786,9.0884,9.1331
2018-10-29,9.1275,9.1654,9.0991,9.1519
2018-10-30,9.1519,9.1858,9.1329,9.1756
2018-10-31,9.1756,9.2024,9.1339,9.1654
2018-11-01,9.1654,9.1734,9.0338,9.0435
2018-11-02,9.0435,9.0842,8.9936,9.0613
2018-11-05,9.0524,9.0986,9.0405,9.0561
2018-11-06,9.0564,9.0788,9.0404,9.0432
2018-11-07,9.0435,9.0669,8.9777,9.0266
2018-11-08,9.0264,9.0355,8.9596,9.0197
2018-11-09,9.0197,9.0874,9.0168,9.08
2018-11-12,9.0792,9.1529,9.0772,9.1511
2018-11-13,9.1511,9.1552,9.0468,9.0567
2018-11-14,9.0567,9.1264,9.0321,9.0862
2018-11-15,9.0862,9.116,9.0347,9.0639
2018-11-16,9.0643,9.071,8.9947,9.0028
2018-11-19,9.0116,9.0225,8.9825,9.0024
2018-11-20,9.0023,9.1058,8.9862,9.0943
2018-11-21,9.0944,9.0985,9.0183,9.0467
2018-11-22,9.0466,9.0596,9.0209,9.0418
2018-11-23,9.0418,9.0997,9.0227,9.0929
2018-11-26,9.0918,9.1004,9.0327,9.0938
2018-11-27,9.0939,9.1208,9.0706,9.1096
2018-11-28,9.1094,9.1212,9.0176,9.0376
2018-11-29,9.0379,9.091,9.0075,9.0678
2018-11-30,9.0678,9.1165,9.0627,9.1052
2018-12-03,9.0955,9.0955,9.0124,9.0133
2018-12-04,9.0132,9.0354,8.9502,9.0167
2018-12-05,9.0167,9.0466,8.9478,8.98
2018-12-06,8.98,9.0335,8.9732,8.9882
2018-12-07,8.9882,9.0487,8.9834,9.0464
2018-12-10,9.0426,9.101,9.0061,9.0964
2018-12-11,9.0965,9.1,9.0276,9.0893
2018-12-12,9.0892,9.1625,9.071,9.089
2018-12-13,9.089,9.0943,9.0363,9.0594
2018-12-14,9.0594,9.1168,9.0534,9.0607
2018-12-17,9.0602,9.0885,9.0344,9.058
2018-12-18,9.058,9.0868,9.0242,9.0702
2018-12-19,9.0703,9.1104,9.0343,9.0989
2018-12-20,9.0989,9.1008,8.9254,8.9754
2018-12-21,8.9754,9.0624,8.9261,9.043
2018-12-24,9.0488,9.0748,9.0152,9.0491
2018-12-25,9.0491,9.0935,9.0307,9.0623
2018-12-26,9.0623,9.1106,9.0395,9.1037
2018-12-27,9.1037,9.1115,8.9918,9.0098
2018-12-28,9.0098,9.024,8.9379,8.996
2018-12-31,8.9671,8.9949,8.8519,8.8533
2019-01-01,8.8542,8.9375,8.8282,8.8716
2019-01-02,8.8715,9.021,8.8517,9.017
2019-01-03,9.0169,9.0747,8.9902,9.0014
2019-01-04,9.0012,9.0166,8.9323,8.9682
2019-01-07,8.9602,8.9781,8.8912,8.8962
2019-01-08,8.8962,8.9397,8.8765,8.9273
2019-01-09,8.9274,8.9471,8.8565,8.8698
2019-01-10,8.8698,8.9159,8.8549,8.9042
2019-01-11,8.9042,8.9441,8.8586,8.9321
2019-01-14,8.9312,8.96,8.9158,8.949
2019-01-15,8.9492,8.9989,8.9229,8.9674
2019-01-16,8.9677,9.0095,8.9543,8.9993
2019-01-17,8.9994,9.0529,8.9878,9.0192
2019-01-18,9.0195,9.0297,8.9843,9.0281
2019-01-21,9.0222,9.029,8.9946,9.0166
2019-01-22,9.0162,9.0445,9.011,9.0268
2019-01-23,9.0268,9.0345,9.0059,9.0221
2019-01-24,9.0219,9.1001,9.009,9.0852
2019-01-25,9.0856,9.0952,9.0373,9.0488
2019-01-28,9.0456,9.0808,9.0262,9.0553
2019-01-29,9.0553,9.0815,9.0358,9.0685
2019-01-30,9.0686,9.1021,9.0268,9.0447
2019-01-31,9.0447,9.0593,9.0107,9.0477
2019-02-01,9.0478,9.0791,9.025,9.0507
2019-02-04,9.0601,9.1246,9.0487,9.1022
2019-02-05,9.1022,9.14,9.09,9.1156
2019-02-06,9.1158,9.2059,9.11,9.2051
2019-02-07,9.205,9.2643,9.199,9.2612
2019-02-08,9.2613,9.2854,9.2418,9.2741
2019-02-11,9.2678,9.3114,9.2559,9.3078
2019-02-12,9.3078,9.3105,9.2505,9.2602
2019-02-13,9.2602,9.2843,9.1843,9.2691
2019-02-14,9.269,9.325,9.2406,9.2905
2019-02-15,9.2905,9.3357,9.2654,9.2829
2019-02-18,9.2848,9.2891,9.2339,9.2649
2019-02-19,9.2649,9.418,9.25,9.3111
2019-02-20,9.3111,9.3354,9.2933,9.3227
2019-02-21,9.3227,9.3744,9.3034,9.3632
2019-02-22,9.3632,9.3713,9.3259,9.3457
2019-02-25,9.3435,9.3513,9.3003,9.3095
2019-02-26,9.3096,9.3306,9.2757,9.2826
2019-02-27,9.2825,9.2968,9.24,9.2717
2019-02-28,9.2716,9.278,9.1684,9.2386
2019-03-01,9.2383,9.2809,9.2158,9.269
2019-03-04,9.2529,9.3491,9.2438,9.3379
2019-03-05,9.3379,9.3827,9.3053,9.3098
2019-03-06,9.3097,9.3384,9.2788,9.3017
2019-03-07,9.3019,9.4803,9.2873,9.4556
2019-03-08,9.4555,9.5004,9.4214,9.4342
2019-03-11,9.4234,9.4334,9.3783,9.3982
2019-03-12,9.3982,9.4108,9.3473,9.3641
2019-03-13,9.3638,9.3801,9.2798,9.2906
2019-03-14,9.2905,9.3401,9.2767,9.3051
2019-03-15,9.3052,9.3064,9.2279,9.2297
2019-03-18,9.2357,9.2564,9.2083,9.2293
2019-03-19,9.2294,9.2393,9.1872,9.2063
2019-03-20,9.2064,9.22,9.1014,9.1383
2019-03-21,9.1383,9.1976,9.1134,9.1734
2019-03-22,9.1734,9.3095,9.1532,9.2796
2019-03-25,9.2731,9.2911,9.2121,9.2399
2019-03-26,9.2399,9.2513,9.214,9.2447
2019-03-27,9.2446,9.2849,9.2256,9.2784
2019-03-28,9.2784,9.3489,9.2655,9.2941
2019-03-29,9.2944,9.3027,9.244,9.2917
2019-04-01,9.293,9.2997,9.2326,9.2812
2019-04-02,9.2812,9.3433,9.2812,9.3279
2019-04-03,9.3279,9.3311,9.2549,9.2695
2019-04-04,9.2695,9.2862,9.2568,9.2852
2019-04-05,9.2853,9.3037,9.2612,9.303
2019-04-08,9.2935,9.3063,9.2357,9.2611
2019-04-09,9.2615,9.2692,9.227,9.2588
2019-04-10,9.2587,9.2936,9.2333,9.2628
2019-04-11,9.2631,9.2951,9.2315,9.2891
2019-04-12,9.2894,9.2918,9.2451,9.2702
2019-04-15,9.2705,9.279,9.2429,9.2683
2019-04-16,9.2682,9.2813,9.2428,9.2581
2019-04-17,9.2581,9.2672,9.216,9.2487
2019-04-18,9.2486,9.3363,9.2386,9.3106
2019-04-19,9.3106,9.3142,9.2919,9.3015
2019-04-22,9.302,9.3234,9.2948,9.3066
2019-04-23,9.3063,9.3932,9.2858,9.3504
2019-04-24,9.3503,9.4432,9.3254,9.4343
2019-04-25,9.4342,9.5777,9.4107,9.5394
2019-04-26,9.5394,9.5469,9.4689,9.4965
2019-04-29,9.5,9.5287,9.4903,9.5107
2019-04-30,9.5107,9.5257,9.4641,9.4883
2019-05-01,9.4886,9.5445,9.4692,9.542
2019-05-02,9.5423,9.5784,9.5121,9.5774
2019-05-03,9.5775,9.6131,9.5357,9.5435
2019-05-06,9.5628,9.6046,9.5536,9.5701
2019-05-07,9.57,9.6124,9.5419,9.5947
2019-05-08,9.5947,9.6188,9.558,9.6174
2019-05-09,9.6176,9.6646,9.6034,9.6534
2019-05-10,9.6527,9.6601,9.6033,9.6118
2019-05-13,9.6106,9.6647,9.6022,9.6401
2019-05-14,9.6402,9.6434,9.5846,9.6029
2019-05-15,9.6029,9.6389,9.577,9.6001
2019-05-16,9.6,9.648,9.5777,9.6373
2019-05-17,9.6379,9.6546,9.6171,9.6417
2019-05-20,9.6385,9.6718,9.6246,9.6597
2019-05-21,9.6597,9.6882,9.6404,9.6569
2019-05-22,9.6569,9.6682,9.6212,9.633
2019-05-23,9.633,9.6779,9.6093,9.6168
2019-05-24,9.617,9.6229,9.533,9.5414
2019-05-27,9.551,9.5907,9.5307,9.5812
2019-05-28,9.5811,9.5991,9.5396,9.599
2019-05-29,9.5989,9.6151,9.5484,9.5587
2019-05-30,9.5586,9.5644,9.5257,9.5399
2019-05-31,9.5401,9.5649,9.4799,9.4961
2019-06-03,9.4925,9.5098,9.435,9.4458
2019-06-04,9.4458,9.4688,9.4201,9.4358
2019-06-05,9.4359,9.4508,9.3976,9.4431
2019-06-06,9.4431,9.4629,9.3966,9.4193
2019-06-07,9.4193,9.4673,9.3721,9.399
2019-06-10,9.4035,9.4388,9.396,9.4183
2019-06-11,9.4183,9.4544,9.4055,9.4452
2019-06-12,9.4452,9.4778,9.4186,9.4749
2019-06-13,9.475,9.4952,9.4634,9.4831
2019-06-14,9.4829,9.5004,9.4231,9.4905
2019-06-17,9.4924,9.5055,9.4631,9.48
2019-06-18,9.48,9.5368,9.4584,9.535
2019-06-19,9.5354,9.5538,9.4751,9.4891
2019-06-20,9.4889,9.4953,9.3919,9.4163
2019-06-21,9.4157,9.4432,9.3423,9.3523
2019-06-24,9.36,9.36,9.2736,9.279
2019-06-25,9.2789,9.2954,9.2415,9.2794
2019-06-26,9.2793,9.2985,9.2471,9.2605
2019-06-27,9.2612,9.2923,9.2512,9.2787
2019-06-28,9.2787,9.3053,9.2543,9.2845
2019-07-01,9.2835,9.3717,9.2768,9.3588
2019-07-02,9.3588,9.366,9.3158,9.331
2019-07-03,9.3311,9.3692,9.2865,9.3123
2019-07-04,9.3124,9.3358,9.2974,9.3273
2019-07-05,9.3276,9.4633,9.3194,9.4432
2019-07-08,9.4462,9.4664,9.4213,9.4598
2019-07-09,9.4601,9.4998,9.4549,9.4746
2019-07-10,9.4746,9.48,9.4076,9.4206
2019-07-11,9.4206,9.4314,9.3706,9.3813
2019-07-12,9.3813,9.3914,9.3597,9.368
2019-07-15,9.3659,9.3781,9.3509,9.3568
2019-07-16,9.3568,9.4032,9.3484,9.3901
2019-07-17,9.3902,9.4055,9.3537,9.3668
2019-07-18,9.3671,9.3758,9.301,9.3052
2019-07-19,9.3053,9.3979,9.3024,9.3828
2019-07-22,9.3827,9.4157,9.3796,9.4127
2019-07-23,9.4126,9.4773,9.4116,9.4631
2019-07-24,9.4627,9.4879,9.4163,9.427
2019-07-25,9.427,9.4647,9.4214,9.4525
2019-07-26,9.4525,9.5129,9.4443,9.5023
2019-07-29,9.4846,9.5204,9.4806,9.4874
2019-07-30,9.4874,9.5743,9.4745,9.5663
2019-07-31,9.566,9.6787,9.5539,9.6652
2019-08-01,9.6652,9.7006,9.6362,9.6541
2019-08-02,9.6541,9.6739,9.6317,9.6404
2019-08-05,9.6468,9.6518,9.5864,9.605
2019-08-06,9.605,9.6119,9.5684,9.5868
2019-08-07,9.5864,9.645,9.563,9.6192
2019-08-08,9.6193,9.6397,9.5712,9.5998
2019-08-09,9.5997,9.6064,9.5245,9.5443
2019-08-12,9.5438,9.6041,9.5372,9.5624
2019-08-13,9.5624,9.5884,9.5262,9.541
2019-08-14,9.5411,9.6377,9.4979,9.6338
2019-08-15,9.6336,9.6561,9.6001,9.6436
2019-08-16,9.644,9.6939,9.6366,9.6648
2019-08-19,9.6565,9.6917,9.6458,9.6872
2019-08-20,9.6872,9.7334,9.6769,9.6934
2019-08-21,9.6934,9.708,9.6085,9.6258
2019-08-22,9.6258,9.6911,9.5955,9.6767
2019-08-23,9.6767,9.6986,9.5903,9.5912
2019-08-26,9.6227,9.6829,9.6127,9.674
2019-08-27,9.6738,9.6883,9.624,9.6709
2019-08-28,9.6709,9.7302,9.653,9.7247
2019-08-29,9.7245,9.7859,9.7149,9.7764
2019-08-30,9.7764,9.8404,9.7593,9.8404
2019-09-02,9.8407,9.8434,9.796,9.8292
2019-09-03,9.8292,9.8932,9.8185,9.8211
2019-09-04,9.8211,9.8251,9.7267,9.7424
2019-09-05,9.7424,9.7539,9.6513,9.6887
2019-09-06,9.6887,9.6946,9.5993,9.6462
2019-09-09,9.6453,9.6707,9.6265,9.6581
2019-09-10,9.658,9.7586,9.6536,9.6839
2019-09-11,9.6839,9.7065,9.6637,9.6736
2019-09-12,9.6737,9.7322,9.6012,9.6232
2019-09-13,9.6229,9.6364,9.5842,9.6097
2019-09-16,9.6164,9.6925,9.5931,9.665
2019-09-17,9.665,9.7295,9.6519,9.6708
2019-09-18,9.6708,9.7459,9.6659,9.7272
2019-09-19,9.727,9.7403,9.6725,9.6974
2019-09-20,9.6974,9.7379,9.6597,9.7158
2019-09-23,9.7105,9.7774,9.6913,9.7125
2019-09-24,9.7125,9.7438,9.6594,9.6668
2019-09-25,9.6669,9.7581,9.6635,9.7552
2019-09-26,9.7553,9.7747,9.7228,9.7655
2019-09-27,9.7657,9.8167,9.7517,9.7943
2019-09-30,9.7967,9.8499,9.785,9.8403
2019-10-01,9.8403,9.9307,9.8365,9.8784
2019-10-02,9.8784,9.9205,9.8571,9.8722
2019-10-03,9.8722,9.9113,9.8329,9.8645
2019-10-04,9.8645,9.8741,9.8313,9.84
2019-10-07,9.844,9.9201,9.834,9.9163
2019-10-08,9.9162,9.9532,9.8761,9.9467
2019-10-09,9.9467,9.9648,9.9182,9.9582
2019-10-10,9.9582,9.9582,9.8183,9.8421
2019-10-11,9.8422,9.8489,9.786,9.8031
2019-10-14,9.8125,9.8619,9.801,9.8204
2019-10-15,9.8202,9.8453,9.7786,9.8106
2019-10-16,9.8107,9.8299,9.7644,9.7772
2019-10-17,9.7771,9.8215,9.6854,9.7133
2019-10-18,9.7133,9.7145,9.6413,9.6509
2019-10-21,9.6835,9.6852,9.5966,9.6416
2019-10-22,9.6416,9.6586,9.6207,9.6501
2019-10-23,9.6503,9.6736,9.6286,9.6402
2019-10-24,9.6401,9.6638,9.5573,9.6569
2019-10-25,9.6567,9.6984,9.6448,9.6841
2019-10-28,9.6849,9.7088,9.6662,9.7042
2019-10-29,9.7043,9.7501,9.6976,9.7008
2019-10-30,9.7008,9.7427,9.6512,9.6581
2019-10-31,9.658,9.6683,9.6192,9.652
2019-11-01,9.652,9.6572,9.5512,9.5609
2019-11-04,9.5619,9.6271,9.5403,9.6225
2019-11-05,9.6225,9.6739,9.5832,9.6525
2019-11-06,9.6526,9.6643,9.5961,9.6252
2019-11-07,9.6252,9.6412,9.5777,9.6272
2019-11-08,9.6272,9.7166,9.6247,9.7003
2019-11-11,9.6849,9.7238,9.6828,9.6967
2019-11-12,9.6967,9.7243,9.6915,9.7206
2019-11-13,9.7205,9.7651,9.7091,9.7309
2019-11-14,9.7309,9.755,9.6816,9.682
2019-11-15,9.682,9.684,9.6281,9.6461
2019-11-18,9.6473,9.6515,9.6059,9.6349
2019-11-19,9.6349,9.654,9.6072,9.6314
2019-11-20,9.6315,9.7214,9.6191,9.6325
2019-11-21,9.6325,9.6533,9.6019,9.6261
2019-11-22,9.6261,9.6434,9.5875,9.6341
2019-11-25,9.6266,9.6539,9.5649,9.6377
2019-11-26,9.6377,9.6446,9.5826,9.5898
2019-11-27,9.5895,9.6008,9.5695,9.5803
2019-11-28,9.5804,9.5966,9.5531,9.5587
2019-11-29,9.5585,9.5808,9.5388,9.575
2019-12-02,9.5796,9.5883,9.5265,9.5417
2019-12-03,9.5417,9.5507,9.4931,9.5308
2019-12-04,9.5308,9.5576,9.4891,9.5128
2019-12-05,9.5127,9.5261,9.4808,9.4892
2019-12-06,9.4883,9.5177,9.466,9.4988
2019-12-09,9.4978,9.5391,9.4881,9.5344
2019-12-10,9.5344,9.5455,9.49,9.4988
2019-12-11,9.4988,9.5042,9.3807,9.4005
2019-12-12,9.4001,9.4161,9.3731,9.3948
2019-12-13,9.3948,9.4126,9.3266,9.3981
2019-12-16,9.4303,9.4303,9.3363,9.3619
2019-12-17,9.362,9.4039,9.3533,9.3807
2019-12-18,9.3808,9.4291,9.3762,9.4229
2019-12-19,9.4229,9.4424,9.3833,9.4113
2019-12-20,9.4113,9.4261,9.3902,9.4034
2019-12-23,9.4066,9.4464,9.3963,9.4313
2019-12-24,9.4313,9.4435,9.4061,9.423
2019-12-25,9.4224,9.471,9.3718,9.4277
2019-12-26,9.4267,9.4486,9.3977,9.4125
2019-12-27,9.4125,9.4198,9.3231,9.3366
2019-12-30,9.3375,9.3539,9.3028,9.3488
2019-12-31,9.349,9.3756,9.2949,9.365
2020-01-01,9.365,9.3708,9.3546,9.3648
2020-01-02,9.3643,9.3764,9.3201,9.3633
2020-01-03,9.3633,9.4592,9.3523,9.3994
2020-01-06,9.391,9.4355,9.3881,9.4015
2020-01-07,9.4018,9.4692,9.3896,9.4548
2020-01-08,9.4548,9.4772,9.4233,9.4608
2020-01-09,9.4606,9.501,9.4442,9.4916
2020-01-10,9.4917,9.522,9.4791,9.5009
2020-01-13,9.503,9.5299,9.4582,9.466
2020-01-14,9.4659,9.4791,9.4496,9.4634
2020-01-15,9.4634,9.4864,9.4416,9.4645
2020-01-16,9.4645,9.4989,9.4516,9.4888
2020-01-17,9.4888,9.5246,9.4806,9.5178
2020-01-20,9.5178,9.5357,9.5033,9.5184
2020-01-21,9.5185,9.5392,9.4897,9.5256
2020-01-22,9.5256,9.5348,9.4976,9.5058
2020-01-23,9.5057,9.5561,9.4923,9.5324
2020-01-24,9.5325,9.578,9.5263,9.5684
2020-01-27,9.5709,9.6342,9.5528,9.6239
2020-01-28,9.6238,9.6432,9.606,9.6088
2020-01-29,9.6089,9.6344,9.5987,9.6199
2020-01-30,9.62,9.6608,9.5941,9.6358
2020-01-31,9.6359,9.6845,9.6157,9.6248
2020-02-03,9.627,9.6875,9.5757,9.6492
2020-02-04,9.6492,9.6625,9.5864,9.589
2020-02-05,9.589,9.6013,9.5509,9.5881
2020-02-06,9.5881,9.6448,9.577,9.623
2020-02-07,9.623,9.6627,9.6076,9.659
2020-02-10,9.6567,9.6846,9.6336,9.6618
2020-02-11,9.6619,9.6751,9.6263,9.6379
2020-02-12,9.6379,9.6453,9.6129,9.634
2020-02-13,9.634,9.6889,9.6274,9.6737
2020-02-14,9.6738,9.7256,9.6719,9.7231
2020-02-17,9.7255,9.735,9.6866,9.69
2020-02-18,9.6899,9.7865,9.6859,9.7861
2020-02-19,9.7861,9.8133,9.7657,9.7864
2020-02-20,9.7869,9.8352,9.7692,9.8155
2020-02-21,9.8155,9.8314,9.7073,9.7178
2020-02-24,9.7274,9.8025,9.7163,9.7334
2020-02-25,9.7333,9.7581,9.7082,9.7152
2020-02-26,9.7152,9.7517,9.6997,9.735
2020-02-27,9.7349,9.7378,9.6264,9.6586
2020-02-28,9.6586,9.7561,9.5933,9.605
2020-03-02,9.6294,9.6453,9.4896,9.5383
2020-03-03,9.5383,9.5582,9.3608,9.4738
2020-03-04,9.4738,9.5281,9.4247,9.4782
2020-03-05,9.4782,9.4905,9.4279,9.4335
2020-03-06,9.4335,9.47,9.3328,9.3993
2020-03-09,9.3818,9.4523,9.3101,9.4345
2020-03-10,9.4343,9.5458,9.4161,9.5206
2020-03-11,9.5206,9.5364,9.4286,9.5219
2020-03-12,9.5219,9.8747,9.5,9.7546
2020-03-13,9.7546,9.8258,9.6049,9.7097
2020-03-16,9.7022,9.8797,9.5978,9.7717
2020-03-17,9.7711,10.0081,9.7294,9.8833
2020-03-18,9.8833,10.3725,9.832,10.2647
2020-03-19,10.2647,10.4865,10.1279,10.4167
2020-03-20,10.418,10.4589,10.2144,10.3899
2020-03-23,10.3115,10.5086,10.2097,10.3491
2020-03-24,10.3496,10.3737,10.1158,10.1377
2020-03-25,10.1378,10.2114,10.0408,10.1127
2020-03-26,10.1123,10.1562,9.8959,9.9755
2020-03-27,9.9739,10.0765,9.8572,9.8893
2020-03-30,9.9264,10.0763,9.8715,10.0339
2020-03-31,10.0339,10.1341,9.8892,9.9052
2020-04-01,9.9052,10.0868,9.8837,10.0119
2020-04-02,10.0119,10.1625,9.9839,10.0999
2020-04-03,10.0999,10.1996,10.093,10.1947
2020-04-06,10.1913,10.2061,10.1058,10.1258
2020-04-07,10.1257,10.1398,9.9515,10.0478
2020-04-08,10.0478,10.1203,10.0113,10.0758
2020-04-09,10.0757,10.0994,9.9233,9.9497
2020-04-10,9.9499,9.9717,9.9197,9.9407
2020-04-13,9.9371,10.0206,9.9127,10.0117
2020-04-14,10.0116,10.017,9.9296,9.9509
2020-04-15,9.9527,10.0652,9.9168,10.0324
2020-04-16,10.0321,10.0849,9.9787,10.031
2020-04-17,10.031,10.0546,9.973,9.9844
2020-04-20,9.9879,10.0374,9.9636,10.0234
2020-04-21,10.0234,10.1359,10.0147,10.0979
2020-04-22,10.0979,10.1292,10.0394,10.0948
2020-04-23,10.0948,10.1347,10.0162,10.0666
2020-04-24,10.0666,10.1177,10.0318,10.0438
2020-04-27,10.0477,10.0815,9.9836,10.0154
2020-04-28,10.0161,10.0445,9.8583,9.8995
2020-04-29,9.8994,9.9012,9.8399,9.8465
2020-04-30,9.8463,9.8631,9.7478,9.7579
2020-05-01,9.7579,9.8597,9.7501,9.8482
2020-05-04,9.8518,9.9535,9.7894,9.8529
2020-05-05,9.8529,9.9061,9.7987,9.8418
2020-05-06,9.8418,9.8759,9.8059,9.847
2020-05-07,9.847,9.8647,9.8022,9.8106
2020-05-08,9.8105,9.8336,9.7334,9.7697
2020-05-11,9.7868,9.8835,9.7496,9.8776
2020-05-12,9.8776,9.9116,9.7094,9.7799
2020-05-13,9.7799,9.8267,9.7153,9.8131
2020-05-14,9.813,9.8947,9.8023,9.8034
2020-05-15,9.8032,9.8908,9.7915,9.8652
2020-05-18,9.8676,9.8776,9.6927,9.7058
2020-05-19,9.7052,9.7254,9.6335,9.6844
2020-05-20,9.6845,9.6934,9.5678,9.5891
2020-05-21,9.5903,9.6371,9.5613,9.6177
2020-05-22,9.6177,9.6997,9.6144,9.6721
2020-05-25,9.6815,9.7037,9.6568,9.6722
2020-05-26,9.6718,9.6798,9.6001,9.6186
2020-05-27,9.6184,9.661,9.5624,9.6183
2020-05-28,9.6183,9.6217,9.4878,9.5167
2020-05-29,9.5166,9.5273,9.3991,9.432
2020-06-01,9.4374,9.4425,9.3549,9.3648
2020-06-02,9.3648,9.3902,9.3143,9.3305
2020-06-03,9.3308,9.3596,9.2553,9.2841
2020-06-04,9.2841,9.35,9.1503,9.1938
2020-06-05,9.1943,9.2257,9.1292,9.2094
2020-06-08,9.1911,9.2321,9.1511,9.2008
2020-06-09,9.2008,9.2987,9.1563,9.1916
2020-06-10,9.1916,9.2531,9.14,9.1805
2020-06-11,9.1797,9.3349,9.1694,9.3224
2020-06-12,9.3223,9.3933,9.2337,9.3327
2020-06-15,9.343,9.4231,9.2708,9.2817
2020-06-16,9.2817,9.4126,9.245,9.3711
2020-06-17,9.3711,9.3983,9.3185,9.3422
2020-06-18,9.3451,9.4532,9.3072,9.4287
2020-06-19,9.4287,9.4812,9.3872,9.4738
2020-06-22,9.4588,9.4729,9.3506,9.3731
2020-06-23,9.373,9.4162,9.2554,9.2858
2020-06-24,9.2822,9.3718,9.2543,9.3646
2020-06-25,9.3645,9.3855,9.3088,9.3137
2020-06-26,9.3137,9.3784,9.3076,9.3366
2020-06-29,9.331,9.355,9.2744,9.3297
2020-06-30,9.3297,9.3883,9.2816,9.3211
2020-07-01,9.3209,9.3782,9.2848,9.3079
2020-07-02,9.308,9.3402,9.237,9.3161
2020-07-03,9.3162,9.3342,9.3018,9.315
2020-07-06,9.3343,9.35,9.2402,9.2508
2020-07-07,9.2507,9.3121,9.2147,9.2641
2020-07-08,9.2641,9.2742,9.1689,9.2011
2020-07-09,9.2008,9.2673,9.1465,9.2369
2020-07-10,9.2369,9.2819,9.1688,9.1991
2020-07-13,9.2246,9.2246,9.1285,9.1987
2020-07-14,9.1988,9.2044,9.0914,9.1041
2020-07-15,9.1042,9.1112,9.0349,9.0693
2020-07-16,9.0694,9.1092,9.0332,9.0827
2020-07-17,9.083,9.0894,9.0091,9.0343
2020-07-20,9.0705,9.0734,8.9687,8.9727
2020-07-21,8.9728,9.0033,8.8588,8.8773
2020-07-22,8.8776,8.9134,8.8359,8.8643
2020-07-23,8.8634,8.9124,8.8287,8.8628
2020-07-24,8.8628,8.8783,8.8084,8.8387
2020-07-27,8.8244,8.8505,8.717,8.7336
2020-07-28,8.7336,8.7931,8.7125,8.7735
2020-07-29,8.7739,8.7845,8.7151,8.7219
2020-07-30,8.7217,8.793,8.6933,8.7095
2020-07-31,8.7095,8.7965,8.6413,8.7795
2020-08-03,8.7709,8.8094,8.7403,8.7486
2020-08-04,8.7482,8.7862,8.7178,8.7193
2020-08-05,8.7191,8.7266,8.6476,8.6794
2020-08-06,8.6794,8.7242,8.6252,8.6882
2020-08-07,8.6882,8.7762,8.6752,8.7517
2020-08-10,8.7511,8.7786,8.7144,8.7592
2020-08-11,8.7591,8.7739,8.7039,8.7587
2020-08-12,8.7587,8.7914,8.6733,8.6927
2020-08-13,8.6926,8.7072,8.6523,8.6886
2020-08-14,8.6886,8.7311,8.6738,8.6908
2020-08-17,8.6919,8.7067,8.6639,8.6901
2020-08-18,8.6903,8.6929,8.6111,8.6476
2020-08-19,8.6478,8.7162,8.6253,8.7051
2020-08-20,8.7052,8.777,8.6851,8.7091
2020-08-21,8.709,8.8179,8.6924,8.7955
2020-08-24,8.8017,8.8047,8.7415,8.7927
2020-08-25,8.7927,8.7963,8.7332,8.7549
2020-08-26,8.7549,8.7895,8.7135,8.7188
2020-08-27,8.7187,8.7754,8.6613,8.7248
2020-08-28,8.725,8.7522,8.6089,8.6247
2020-08-31,8.6311,8.658,8.6067,8.6454
2020-09-01,8.6453,8.698,8.5958,8.6848
2020-09-02,8.6849,8.7426,8.668,8.7175
2020-09-03,8.7177,8.7788,8.7051,8.7366
2020-09-04,8.7368,8.7984,8.7228,8.7414
2020-09-07,8.7493,8.7786,8.7306,8.7704
2020-09-08,8.7702,8.8347,8.7628,8.831
2020-09-09,8.8308,8.8561,8.7386,8.7465
2020-09-10,8.7465,8.7805,8.6853,8.776
2020-09-11,8.7761,8.8011,8.7291,8.7761
2020-09-14,8.77,8.7968,8.7277,8.7688
2020-09-15,8.7689,8.7984,8.7409,8.7929
2020-09-16,8.7928,8.8223,8.764,8.8057
2020-09-17,8.8055,8.8655,8.7678,8.7734
2020-09-18,8.7734,8.8183,8.7466,8.7658
2020-09-21,8.7516,8.889,8.7085,8.8468
2020-09-22,8.8468,8.9224,8.8388,8.9114
2020-09-23,8.9115,9.0198,8.9083,9.0108
2020-09-24,9.0108,9.1491,8.9963,9.0996
2020-09-25,9.0997,9.1654,9.085,9.1283
2020-09-28,9.1272,9.1449,9.0239,9.0427
2020-09-29,9.0427,9.0535,8.964,8.9671
2020-09-30,8.9671,9.0347,8.937,8.9571
2020-10-01,8.957,8.9775,8.8986,8.9138
2020-10-02,8.9137,8.966,8.8864,8.9357
2020-10-05,8.9339,8.9647,8.8794,8.9001
2020-10-06,8.9,8.9639,8.877,8.9605
2020-10-07,8.9604,8.9722,8.8759,8.8858
2020-10-08,8.8857,8.895,8.8574,8.8635
2020-10-09,8.8635,8.8813,8.7788,8.7821
2020-10-12,8.7935,8.8234,8.7851,8.8095
2020-10-13,8.8092,8.8393,8.7563,8.8309
2020-10-14,8.8313,8.8425,8.7958,8.8222
2020-10-15,8.8225,8.8949,8.8147,8.8746
2020-10-16,8.8749,8.8894,8.8126,8.8485
2020-10-19,8.8482,8.9089,8.7817,8.8292
2020-10-20,8.8293,8.8411,8.7374,8.748
2020-10-21,8.748,8.7546,8.7023,8.7268
2020-10-22,8.7274,8.786,8.7227,8.7663
2020-10-23,8.7669,8.7942,8.734,8.7474
2020-10-26,8.763,8.7877,8.7318,8.7452
2020-10-27,8.7452,8.7643,8.6905,8.7249
2020-10-28,8.7249,8.8631,8.7215,8.8482
2020-10-29,8.8482,8.9484,8.8248,8.93
2020-10-30,8.93,8.9477,8.8496,8.8977
2020-11-02,8.9242,8.9473,8.8785,8.9067
2020-11-03,8.9065,8.916,8.8212,8.8306
2020-11-04,8.8307,8.9449,8.7699,8.785
2020-11-05,8.7845,8.8044,8.6642,8.6942
2020-11-06,8.6932,8.7294,8.625,8.6409
2020-11-09,8.64,8.6864,8.5553,8.6292
2020-11-10,8.6291,8.6538,8.6003,8.6176
2020-11-11,8.6176,8.6754,8.5996,8.6348
2020-11-12,8.6344,8.672,8.576,8.649
2020-11-13,8.649,8.708,8.6268,8.6914
2020-11-16,8.6934,8.6992,8.6161,8.6187
2020-11-17,8.6187,8.641,8.5878,8.6298
2020-11-18,8.6298,8.6368,8.5796,8.6009
2020-11-19,8.6008,8.6578,8.5873,8.597
2020-11-20,8.597,8.6253,8.5845,8.6212
2020-11-23,8.6186,8.6711,8.5782,8.6283
2020-11-24,8.6283,8.6378,8.5387,8.5482
2020-11-25,8.5482,8.5701,8.4855,8.4966
2020-11-26,8.4966,8.5497,8.4866,8.5251
2020-11-27,8.5251,8.5392,8.4827,8.4992
2020-11-30,8.5308,8.5863,8.4445,8.5736
2020-12-01,8.5736,8.5794,8.4721,8.4781
2020-12-02,8.4782,8.5493,8.4616,8.4679
2020-12-03,8.4679,8.4991,8.4221,8.4506
2020-12-04,8.4506,8.4643,8.4141,8.4562
2020-12-07,8.4536,8.5229,8.3533,8.401
2020-12-08,8.4002,8.4941,8.3941,8.4737
2020-12-09,8.4736,8.513,8.4356,8.4855
2020-12-10,8.4855,8.5011,8.426,8.4438
2020-12-11,8.4438,8.4901,8.4212,8.4583
2020-12-14,8.4581,8.4636,8.3643,8.4044
2020-12-15,8.404,8.4211,8.3646,8.383
2020-12-16,8.3833,8.4062,8.3284,8.3531
2020-12-17,8.3532,8.3567,8.2431,8.2745
2020-12-18,8.2745,8.3065,8.2452,8.2531
2020-12-21,8.2588,8.434,8.2397,8.2471
2020-12-22,8.2472,8.3517,8.2428,8.3428
2020-12-23,8.3428,8.3536,8.2773,8.2914
2020-12-24,8.2914,8.3111,8.2479,8.2591
2020-12-25,8.2591,8.2838,8.2463,8.2838
2020-12-28,8.2579,8.2957,8.2171,8.2759
2020-12-29,8.2758,8.294,8.1787,8.2044
2020-12-30,8.2045,8.2129,8.1672,8.1973
2020-12-31,8.1973,8.2352,8.1494,8.2273
2021-01-01,8.2273,8.2273,8.2149,8.2162
2021-01-04,8.2293,8.2566,8.1623,8.2545
2021-01-05,8.2545,8.2564,8.1693,8.1797
2021-01-06,8.1798,8.2132,8.1253,8.1665
2021-01-07,8.1665,8.2331,8.1574,8.1881
2021-01-08,8.1881,8.252,8.1798,8.2414
2021-01-11,8.2407,8.3274,8.2289,8.3054
2021-01-12,8.3054,8.3197,8.2441,8.245
2021-01-13,8.2449,8.3599,8.2346,8.3477
2021-01-14,8.348,8.3599,8.2913,8.3086
2021-01-15,8.3087,8.4027,8.2956,8.3983
2021-01-18,8.3959,8.431,8.355,8.3915
2021-01-19,8.3901,8.4062,8.3132,8.3494
2021-01-20,8.3494,8.3853,8.3196,8.353
2021-01-21,8.3531,8.3562,8.2643,8.2719
2021-01-22,8.2717,8.3032,8.2644,8.298
2021-01-25,8.3078,8.346,8.2514,8.2825
2021-01-26,8.2824,8.3341,8.2748,8.3
2021-01-27,8.3001,8.4011,8.2908,8.3592
2021-01-28,8.3591,8.3996,8.3186,8.336
2021-01-29,8.336,8.3806,8.3156,8.3656
2021-02-01,8.3491,8.4324,8.317,8.4276
2021-02-02,8.4276,8.4471,8.3915,8.3974
2021-02-03,8.3974,8.4395,8.3846,8.4036
2021-02-04,8.4036,8.4763,8.3937,8.4646
2021-02-05,8.4645,8.4808,8.3683,8.3712
2021-02-08,8.3857,8.4178,8.3702,8.3888
2021-02-09,8.3885,8.3979,8.3167,8.323
2021-02-10,8.3228,8.334,8.2792,8.3203
2021-02-11,8.3203,8.3355,8.2974,8.3234
2021-02-12,8.3234,8.3476,8.3004,8.3019
2021-02-15,8.305,8.3128,8.2649,8.2819
2021-02-16,8.2819,8.3026,8.254,8.2932
2021-02-17,8.2931,8.3509,8.2835,8.3288
2021-02-18,8.3286,8.3513,8.2965,8.3115
2021-02-19,8.3116,8.3253,8.2618,8.2752
2021-02-22,8.2806,8.3093,8.252,8.2642
2021-02-23,8.2643,8.3157,8.2559,8.2816
2021-02-24,8.2816,8.3366,8.2619,8.2755
2021-02-25,8.2753,8.3061,8.2058,8.2906
2021-02-26,8.2906,8.4468,8.2828,8.4372
2021-03-01,8.4385,8.494,8.398,8.4258
2021-03-02,8.4258,8.4713,8.3738,8.3799
2021-03-03,8.3798,8.4254,8.3557,8.4226
2021-03-04,8.4219,8.5053,8.4114,8.4925
2021-03-05,8.4926,8.5673,8.4848,8.5368
2021-03-08,8.5303,8.5913,8.514,8.5847
2021-03-09,8.5847,8.5961,8.4937,8.5001
2021-03-10,8.5001,8.5458,8.4762,8.4787
2021-03-11,8.4787,8.5051,8.4356,8.4471
2021-03-12,8.4472,8.5264,8.4393,8.4818
2021-03-15,8.4897,8.5485,8.4686,8.5142
2021-03-16,8.5142,8.5379,8.4799,8.4975
2021-03-17,8.4974,8.5307,8.4461,8.4526
2021-03-18,8.4526,8.5293,8.4349,8.5185
2021-03-19,8.5184,8.5805,8.4873,8.5421
2021-03-22,8.5483,8.5794,8.5006,8.5108
2021-03-23,8.5108,8.6025,8.5003,8.5931
2021-03-24,8.5931,8.6368,8.579,8.6125
2021-03-25,8.6125,8.6752,8.5976,8.6542
2021-03-26,8.654,8.6662,8.631,8.6386
2021-03-29,8.6413,8.7102,8.6248,8.6979
2021-03-30,8.6975,8.7646,8.6822,8.7368
2021-03-31,8.7367,8.7531,8.706,8.7301
2021-04-01,8.7301,8.7625,8.7022,8.7139
2021-04-02,8.7139,8.7385,8.7044,8.7267
2021-04-05,8.7237,8.7592,8.6946,8.7017
2021-04-06,8.7017,8.7215,8.6065,8.6145
2021-04-07,8.6145,8.6337,8.5862,8.6266
2021-04-08,8.6267,8.636,8.5306,8.5411
2021-04-09,8.5413,8.5776,8.528,8.5386
2021-04-12,8.5389,8.5866,8.5358,8.574
2021-04-13,8.5742,8.5972,8.5095,8.5104
2021-04-14,8.5104,8.5138,8.4511,8.4656
2021-04-15,8.4656,8.4781,8.4409,8.4543
2021-04-16,8.4561,8.5014,8.4163,8.4351
2021-04-19,8.4353,8.4768,8.3776,8.3988
2021-04-20,8.3993,8.4449,8.3601,8.4343
2021-04-21,8.4344,8.4789,8.4045,8.4087
2021-04-22,8.4086,8.4513,8.3854,8.4317
2021-04-23,8.4318,8.4693,8.378,8.3855
2021-04-26,8.386,8.4118,8.3649,8.3803
2021-04-27,8.3802,8.4204,8.3699,8.3757
2021-04-28,8.3757,8.3983,8.3335,8.3399
2021-04-29,8.3401,8.3877,8.3184,8.3701
2021-04-30,8.3699,8.4724,8.362,8.4648
2021-05-03,8.471,8.4806,8.4076,8.4214
2021-05-04,8.4215,8.4978,8.413,8.4816
2021-05-05,8.4815,8.5069,8.4667,8.4862
2021-05-06,8.4861,8.501,8.4245,8.4257
2021-05-07,8.4256,8.4341,8.3057,8.3087
2021-05-10,8.3123,8.3497,8.3018,8.3456
2021-05-11,8.3456,8.3583,8.2959,8.3175
2021-05-12,8.3174,8.4332,8.3128,8.4298
2021-05-13,8.4298,8.4556,8.391,8.4021
2021-05-14,8.402,8.4196,8.327,8.3332
2021-05-17,8.3373,8.3691,8.32,8.3307
2021-05-18,8.3305,8.3511,8.2733,8.2833
2021-05-19,8.2831,8.3728,8.2662,8.3488
2021-05-20,8.3489,8.3617,8.2966,8.3019
2021-05-21,8.3019,8.3439,8.2704,8.3226
2021-05-24,8.3194,8.341,8.3046,8.3156
2021-05-25,8.3153,8.3224,8.2495,8.2594
2021-05-26,8.2595,8.323,8.2458,8.3142
2021-05-27,8.3142,8.3316,8.2654,8.272
2021-05-28,8.272,8.3441,8.2701,8.3052
2021-05-31,8.3111,8.3228,8.2879,8.2977
2021-06-01,8.2977,8.2987,8.2475,8.2736
2021-06-02,8.2736,8.2998,8.2588,8.2659
2021-06-03,8.2655,8.3432,8.2636,8.3432
2021-06-04,8.3432,8.3619,8.2658,8.2726
2021-06-07,8.2485,8.2979,8.2485,8.2637
2021-06-08,8.2637,8.2883,8.2565,8.2696
2021-06-09,8.2695,8.2802,8.2356,8.2609
2021-06-10,8.2607,8.2885,8.2425,8.2538
2021-06-11,8.2539,8.3359,8.236,8.3193
2021-06-14,8.3135,8.3373,8.3075,8.3244
2021-06-15,8.324,8.3428,8.2952,8.3277
2021-06-16,8.3277,8.4593,8.3213,8.4588
2021-06-17,8.4589,8.5634,8.4442,8.5529
2021-06-18,8.5529,8.6408,8.4989,8.6115
2021-06-21,8.5972,8.6398,8.5248,8.5299
2021-06-22,8.5298,8.5663,8.4677,8.4776
2021-06-23,8.4779,8.4975,8.4557,8.4908
2021-06-24,8.4908,8.5199,8.453,8.4694
2021-06-25,8.4692,8.4953,8.444,8.4916
2021-06-28,8.4911,8.5206,8.4611,8.5137
2021-06-29,8.5137,8.5536,8.51,8.5293
2021-06-30,8.5292,8.5689,8.4993,8.5509
2021-07-01,8.5509,8.5875,8.5465,8.5755
2021-07-02,8.5753,8.6017,8.5336,8.5433
2021-07-05,8.5403,8.5632,8.5338,8.555
2021-07-06,8.5548,8.6166,8.5217,8.5939
2021-07-07,8.5939,8.6459,8.5703,8.6234
2021-07-08,8.6233,8.6423,8.5646,8.5971
2021-07-09,8.5968,8.6146,8.5669,8.5712
2021-07-12,8.5801,8.621,8.5611,8.5887
2021-07-13,8.5889,8.66,8.5695,8.6572
2021-07-14,8.657,8.6714,8.6148,8.6166
2021-07-15,8.6166,8.6864,8.6161,8.6649
2021-07-16,8.665,8.6891,8.6546,8.6815
2021-07-19,8.6779,8.7275,8.6678,8.6865
2021-07-20,8.6865,8.7344,8.6791,8.701
2021-07-21,8.701,8.734,8.6806,8.6897
2021-07-22,8.6898,8.6984,8.6445,8.6808
2021-07-23,8.6812,8.7039,8.6713,8.6892
2021-07-26,8.6813,8.7006,8.621,8.6305
2021-07-27,8.6306,8.6605,8.5966,8.6311
2021-07-28,8.6309,8.6542,8.5903,8.5991
2021-07-29,8.5994,8.6366,8.5423,8.5572
2021-07-30,8.5573,8.6129,8.5412,8.5915
2021-08-02,8.5918,8.6095,8.5666,8.5986
2021-08-03,8.5987,8.6165,8.5718,8.5999
2021-08-04,8.5999,8.6147,8.5662,8.6111
2021-08-05,8.6111,8.6195,8.5988,8.6137
2021-08-06,8.6137,8.6732,8.6057,8.6665
2021-08-09,8.6645,8.711,8.6564,8.711
2021-08-10,8.7107,8.7247,8.6966,8.7174
2021-08-11,8.7174,8.7355,8.6758,8.6844
2021-08-12,8.6844,8.6958,8.6597,8.6908
2021-08-13,8.6906,8.6978,8.6254,8.6425
2021-08-16,8.6476,8.6691,8.6267,8.6529
2021-08-17,8.6529,8.7707,8.6487,8.7574
2021-08-18,8.7576,8.7653,8.6968,8.7301
2021-08-19,8.7294,8.8114,8.7229,8.8027
2021-08-20,8.8026,8.8544,8.7908,8.8017
2021-08-23,8.809,8.8175,8.6993,8.7144
2021-08-24,8.714,8.7245,8.6749,8.693
2021-08-25,8.693,8.7223,8.6781,8.683
2021-08-26,8.683,8.7302,8.6794,8.7079
2021-08-27,8.7079,8.7229,8.6333,8.6406
2021-08-30,8.6432,8.6532,8.6149,8.6264
2021-08-31,8.6264,8.6436,8.5799,8.6238
2021-09-01,8.6238,8.647,8.5921,8.6126
2021-09-02,8.6126,8.6202,8.5662,8.5704
2021-09-03,8.5704,8.5797,8.5326,8.5435
2021-09-06,8.5466,8.5798,8.5423,8.5647
2021-09-07,8.5647,8.5976,8.5422,8.5942
2021-09-08,8.5942,8.6321,8.5849,8.6307
2021-09-09,8.6308,8.6441,8.5857,8.6091
2021-09-10,8.6092,8.6389,8.5931,8.6327
2021-09-13,8.6265,8.6598,8.5999,8.6039
2021-09-14,8.605,8.614,8.5534,8.6081
2021-09-15,8.6081,8.6168,8.5664,8.5807
2021-09-16,8.5807,8.652,8.5754,8.6217
2021-09-17,8.6217,8.6896,8.6029,8.6831
2021-09-20,8.675,8.7466,8.6653,8.6757
2021-09-21,8.6757,8.6932,8.6526,8.6921
2021-09-22,8.6924,8.7059,8.6405,8.7
2021-09-23,8.6999,8.7022,8.6172,8.6311
2021-09-24,8.6311,8.6689,8.6211,8.6498
2021-09-27,8.6532,8.7116,8.6279,8.7067
2021-09-28,8.7067,8.7505,8.6964,8.7343
2021-09-29,8.7342,8.8126,8.7227,8.8084
2021-09-30,8.8084,8.8105,8.7378,8.762
2021-10-01,8.7608,8.7886,8.7385,8.7469
2021-10-04,8.7549,8.7606,8.6996,8.7278
2021-10-05,8.7278,8.7573,8.7171,8.7418
2021-10-06,8.7418,8.8272,8.7355,8.8025
2021-10-07,8.8025,8.8095,8.7658,8.7879
2021-10-08,8.7878,8.8055,8.7108,8.7415
2021-10-11,8.7473,8.776,8.7184,8.7708
2021-10-12,8.7708,8.7895,8.7409,8.7884
2021-10-13,8.7883,8.7886,8.6866,8.6904
2021-10-14,8.6907,8.6934,8.6001,8.635
2021-10-15,8.6349,8.6533,8.6047,8.617
2021-10-18,8.61,8.6714,8.6048,8.6571
2021-10-19,8.657,8.665,8.5877,8.6222
2021-10-20,8.6223,8.6378,8.5813,8.5896
2021-10-21,8.5899,8.613,8.5734,8.6032
2021-10-22,8.6032,8.6131,8.5605,8.5748
2021-10-25,8.5762,8.6308,8.5621,8.6082
2021-10-26,8.6083,8.6298,8.5894,8.6146
2021-10-27,8.6146,8.637,8.5542,8.585
2021-10-28,8.585,8.6057,8.5133,8.5169
2021-10-29,8.5169,8.6038,8.5068,8.5922
2021-11-01,8.5933,8.6156,8.5117,8.5196
2021-11-02,8.5196,8.58,8.5115,8.5747
2021-11-03,8.5747,8.595,8.5236,8.5383
2021-11-04,8.5382,8.6039,8.5238,8.59
2021-11-05,8.59,8.6097,8.5592,8.5711
2021-11-08,8.5766,8.626,8.5561,8.5765
2021-11-09,8.5767,8.5891,8.5382,8.5749
2021-11-10,8.5753,8.712,8.5736,8.7039
2021-11-11,8.7038,8.7344,8.6864,8.7121
2021-11-12,8.711,8.7704,8.7026,8.7611
2021-11-15,8.7555,8.8069,8.7332,8.8017
2021-11-16,8.8017,8.8996,8.7794,8.8909
2021-11-17,8.8909,8.9382,8.8381,8.8642
2021-11-18,8.8644,8.9024,8.8407,8.8656
2021-11-19,8.8656,8.9758,8.8623,8.9499
2021-11-22,8.9357,9.0145,8.9279,9.0008
2021-11-23,9.0006,9.0543,8.9718,9.0447
2021-11-24,9.0446,9.1423,9.0338,9.1297
2021-11-25,9.1296,9.1312,9.0575,9.0872
2021-11-26,9.0872,9.1835,9.0652,9.1625
2021-11-29,9.1386,9.1623,9.0669,9.0697
2021-11-30,9.0692,9.1106,9.0057,9.0235
2021-12-01,9.0238,9.0915,8.9941,9.0822
2021-12-02,9.0821,9.0943,9.0261,9.0526
2021-12-03,9.0526,9.1807,9.0436,9.1437
2021-12-06,9.1395,9.1719,8.9868,9.0961
2021-12-07,9.0961,9.1406,9.0507,9.1022
2021-12-08,9.1027,9.126,9.0194,9.0404
2021-12-09,9.0404,9.0965,9.0325,9.062
2021-12-10,9.0621,9.0992,9.0313,9.0542
2021-12-13,9.0601,9.1104,9.0453,9.0946
2021-12-14,9.0946,9.1489,9.0656,9.1415
2021-12-15,9.1415,9.1671,9.0733,9.0838
2021-12-16,9.0837,9.1005,9.0045,9.0369
2021-12-17,9.0368,9.1498,9.0178,9.13
2021-12-20,9.1281,9.1699,9.113,9.1454
2021-12-21,9.1452,9.1684,9.111,9.1335
2021-12-22,9.1339,9.1619,9.0726,9.0826
2021-12-23,9.0827,9.1322,9.0717,9.0872
2021-12-24,9.0872,9.1386,9.0611,9.1264
2021-12-27,9.1238,9.1413,9.0977,9.1009
2021-12-28,9.1009,9.1187,9.0402,9.0521
2021-12-29,9.0519,9.0893,9.0187,9.0303
2021-12-30,9.0313,9.0742,9.0204,9.0427
2021-12-31,9.0427,9.0781,9.0297,9.0542
2022-01-03,9.0527,9.13,9.0414,9.1075
2022-01-04,9.1077,9.1276,9.0663,9.0962
2022-01-05,9.0963,9.1169,9.042,9.1106
2022-01-06,9.1109,9.1618,9.1049,9.1503
2022-01-07,9.1503,9.1565,9.0467,9.053
2022-01-10,9.0601,9.1497,9.0485,9.109
2022-01-11,9.109,9.1149,9.0318,9.0363
2022-01-12,9.0363,9.0549,8.9307,8.9427
2022-01-13,8.9428,8.9527,8.8979,8.9368
2022-01-14,8.9366,9.0371,8.9084,9.0257
2022-01-17,9.0178,9.0433,8.9997,9.0161
2022-01-18,9.0163,9.1493,9.0026,9.1388
2022-01-19,9.1383,9.1554,9.0903,9.1144
2022-01-20,9.1144,9.2367,9.0873,9.2285
2022-01-21,9.2289,9.2428,9.1527,9.1967
2022-01-24,9.1837,9.3374,9.1762,9.2633
2022-01-25,9.2626,9.3211,9.2447,9.26
2022-01-26,9.2599,9.3458,9.2348,9.3129
2022-01-27,9.3129,9.4031,9.2934,9.3946
2022-01-28,9.3955,9.4805,9.3689,9.4323
2022-01-31,9.435,9.4427,9.3031,9.323
2022-02-01,9.3236,9.3467,9.248,9.2607
2022-02-02,9.2607,9.2671,9.1703,9.1993
2022-02-03,9.1994,9.2268,9.0712,9.0955
2022-02-04,9.0961,9.1718,9.0632,9.1525
2022-02-07,9.1367,9.1739,9.113,9.1241
2022-02-08,9.1241,9.1791,9.1183,9.1446
2022-02-09,9.1442,9.1538,9.0769,9.1169
2022-02-10,9.1169,9.329,9.0807,9.3032
2022-02-11,9.3025,9.3591,9.2397,9.3374
2022-02-14,9.3367,9.4502,9.3028,9.3822
2022-02-15,9.3825,9.4001,9.2584,9.2859
2022-02-16,9.2861,9.3163,9.2461,9.277
2022-02-17,9.2771,9.3771,9.2681,9.342
2022-02-18,9.3412,9.4118,9.2781,9.3963
2022-02-21,9.3906,9.4528,9.3121,9.4524
2022-02-22,9.4524,9.4751,9.3015,9.3404
2022-02-23,9.3402,9.4034,9.2994,9.3996
2022-02-24,9.3992,9.6441,9.369,9.4948
2022-02-25,9.4947,9.5395,9.3858,9.3907
2022-02-28,9.4763,9.6261,9.4301,9.4723
2022-03-01,9.4716,9.6751,9.4476,9.6258
2022-03-02,9.6257,9.767,9.6152,9.6768
2022-03-03,9.6772,9.7932,9.6653,9.7366
2022-03-04,9.7351,9.9627,9.7301,9.8558
2022-03-07,9.8355,10.0698,9.8355,10.0072
2022-03-08,10.0075,10.0357,9.8521,9.9504
2022-03-09,9.9503,9.9504,9.6512,9.6794
2022-03-10,9.6794,9.7748,9.6193,9.691
2022-03-11,9.6911,9.7637,9.6084,9.7587
2022-03-14,9.7729,9.7897,9.5406,9.6222
2022-03-15,9.6232,9.6505,9.5518,9.6272
2022-03-16,9.6272,9.7064,9.3989,9.4082
2022-03-17,9.4081,9.4734,9.3664,9.4168
2022-03-18,9.4168,9.4822,9.3961,9.4169
2022-03-21,9.4361,9.498,9.4066,9.4922
2022-03-22,9.4934,9.5358,9.3942,9.4432
2022-03-23,9.4432,9.4926,9.4195,9.4445
2022-03-24,9.4445,9.4717,9.378,9.4146
2022-03-25,9.4144,9.4331,9.3734,9.4193
2022-03-28,9.4197,9.5559,9.412,9.4952
2022-03-29,9.4949,9.5071,9.2564,9.3264
2022-03-30,9.3246,9.3301,9.241,9.2505
2022-03-31,9.2499,9.4064,9.2307,9.3972
2022-04-01,9.3969,9.4118,9.3379,9.3679
2022-04-04,9.377,9.4497,9.3545,9.4205
2022-04-05,9.4204,9.4359,9.3485,9.429
2022-04-06,9.4292,9.5081,9.3912,9.4855
2022-04-07,9.4854,9.4982,9.4238,9.4566
2022-04-08,9.4567,9.4948,9.4301,9.4541
2022-04-11,9.3999,9.5083,9.3802,9.5012
2022-04-12,9.5013,9.54,9.4508,9.5182
2022-04-13,9.518,9.5658,9.4707,9.4839
2022-04-14,9.4849,9.5763,9.4183,9.5212
2022-04-15,9.5213,9.5885,9.5133,9.5753
2022-04-18,9.5854,9.6162,9.5594,9.6
2022-04-19,9.6006,9.62,9.5319,9.5379
2022-04-20,9.5375,9.5526,9.4215,9.4368
2022-04-21,9.4386,9.5228,9.3693,9.5142
2022-04-22,9.5135,9.569,9.46,9.5536
2022-04-25,9.5049,9.7469,9.4942,9.7102
2022-04-26,9.7102,9.852,9.6872,9.8444
2022-04-27,9.8443,9.8834,9.7887,9.8182
2022-04-28,9.8182,9.9059,9.707,9.8703
2022-04-29,9.8704,9.8896,9.7349,9.8299
2022-05-02,9.7881,9.9393,9.7851,9.9157
2022-05-03,9.9149,9.9204,9.8299,9.8805
2022-05-04,9.8799,9.9018,9.7328,9.7495
2022-05-05,9.7495,9.994,9.72,9.9472
2022-05-06,9.9472,10.0222,9.8673,9.9571
2022-05-09,9.9418,10.127,9.9192,10.0918
2022-05-10,10.0922,10.1163,10.0016,10.0712
2022-05-11,10.071,10.0891,9.9363,10.0723
2022-05-12,10.0722,10.1824,10.0541,10.1565
2022-05-13,10.1565,10.166,10.0491,10.0586
2022-05-16,10.0651,10.1038,10.0383,10.0595
2022-05-17,10.0596,10.0731,9.8758,9.9241
2022-05-18,9.9241,10.065,9.9098,10.0607
2022-05-19,10.0607,10.067,9.8843,9.9212
2022-05-20,9.9212,9.9872,9.891,9.9421
2022-05-23,9.9604,9.9799,9.8014,9.811
2022-05-24,9.8108,9.8538,9.7539,9.7583
2022-05-25,9.7583,9.9084,9.7525,9.8578
2022-05-26,9.8578,9.9213,9.831,9.8678
2022-05-27,9.8685,9.8729,9.799,9.8119
2022-05-30,9.8334,9.835,9.7362,9.75
2022-05-31,9.75,9.8477,9.7493,9.7625
2022-06-01,9.7625,9.8751,9.7557,9.8481
2022-06-02,9.8481,9.8591,9.6947,9.7081
2022-06-03,9.7081,9.782,9.6783,9.7713
2022-06-06,9.72,9.8052,9.7157,9.7923
2022-06-07,9.7923,9.8622,9.7741,9.79
2022-06-08,9.7895,9.8348,9.762,9.8261
2022-06-09,9.8261,9.9292,9.7591,9.9178
2022-06-10,9.9181,10.0414,9.8818,10.0285
2022-06-13,10.0169,10.2061,9.9995,10.1983
2022-06-14,10.1979,10.2274,10.0862,10.1996
2022-06-15,10.1996,10.3036,10.0995,10.1754
2022-06-16,10.1754,10.309,10.1019,10.1409
2022-06-17,10.1406,10.2454,10.1252,10.1754
2022-06-20,10.1874,10.2074,10.0963,10.1214
2022-06-21,10.1214,10.13,10.0375,10.1033
2022-06-22,10.1025,10.2172,10.0451,10.0896
2022-06-23,10.0899,10.2112,10.0798,10.1818
2022-06-24,10.1821,10.1912,10.1032,10.1302
2022-06-27,10.0938,10.1426,10.0474,10.0803
2022-06-28,10.0803,10.1607,10.0381,10.1598
2022-06-29,10.1599,10.2457,10.1391,10.2366
2022-06-30,10.2371,10.3461,10.1999,10.2239
2022-07-01,10.2237,10.3766,10.1919,10.3364
2022-07-04,10.3055,10.3627,10.2778,10.3426
2022-07-05,10.343,10.5466,10.3021,10.5044
2022-07-06,10.504,10.5773,10.4664,10.5418
2022-07-07,10.5392,10.569,10.492,10.5354
2022-07-08,10.5351,10.6229,10.4837,10.5095
2022-07-11,10.4973,10.6485,10.4746,10.6393
2022-07-12,10.639,10.7288,10.5337,10.5761
2022-07-13,10.5759,10.6242,10.4737,10.5546
2022-07-14,10.5541,10.6654,10.3604,10.5881
2022-07-15,10.5881,10.5966,10.4554,10.4868
2022-07-18,10.517,10.5198,10.3095,10.4021
2022-07-19,10.402,10.422,10.1928,10.2289
2022-07-20,10.2289,10.2901,10.1869,10.2497
2022-07-21,10.2498,10.2776,10.149,10.1948
2022-07-22,10.1947,10.2839,10.1755,10.2259
2022-07-25,10.2208,10.2576,10.1366,10.1965
2022-07-26,10.1965,10.3397,10.1612,10.3253
2022-07-27,10.3253,10.3571,10.1889,10.2201
2022-07-28,10.2187,10.3299,10.1931,10.206
2022-07-29,10.2072,10.2438,10.1284,10.1551
2022-08-01,10.1869,10.2036,10.0751,10.1128
2022-08-02,10.1129,10.2521,10.09,10.2458
2022-08-03,10.2459,10.2683,10.1841,10.2126
2022-08-04,10.2134,10.227,10.1043,10.1155
2022-08-05,10.1155,10.2367,10.1043,10.2286
2022-08-08,10.193,10.2157,10.1282,10.1556
2022-08-09,10.1554,10.1805,10.1268,10.1691
2022-08-10,10.1691,10.1831,10.0036,10.0581
2022-08-11,10.0581,10.0832,9.9998,10.0571
2022-08-12,10.0566,10.2203,10.0554,10.1989
2022-08-15,10.2028,10.3515,10.1903,10.343
2022-08-16,10.343,10.4069,10.325,10.3395
2022-08-17,10.3412,10.4146,10.3147,10.3839
2022-08-18,10.3841,10.5187,10.3752,10.5036
2022-08-19,10.5039,10.6008,10.4978,10.5939
2022-08-22,10.5604,10.739,10.5227,10.7094
2022-08-23,10.7088,10.7765,10.5644,10.6292
2022-08-24,10.6282,10.6829,10.5794,10.6101
2022-08-25,10.6101,10.656,10.5229,10.5889
2022-08-26,10.5889,10.6753,10.4772,10.6633
2022-08-29,10.6653,10.739,10.6109,10.6729
2022-08-30,10.6726,10.7123,10.5975,10.6838
2022-08-31,10.6838,10.7165,10.6145,10.6597
2022-09-01,10.6588,10.8386,10.6524,10.8042
2022-09-02,10.8042,10.8117,10.6903,10.7845
2022-09-05,10.7953,10.8854,10.7798,10.8084
2022-09-06,10.8085,10.854,10.7141,10.7968
2022-09-07,10.7993,10.8432,10.6848,10.6983
2022-09-08,10.6989,10.7915,10.6671,10.713
2022-09-09,10.7125,10.7128,10.5179,10.631
2022-09-12,10.6137,10.6234,10.438,10.4866
2022-09-13,10.4866,10.7012,10.4135,10.6965
2022-09-14,10.6959,10.7206,10.6199,10.6956
2022-09-15,10.696,10.745,10.6703,10.7363
2022-09-16,10.7362,10.8221,10.6469,10.7467
2022-09-19,10.6947,10.8359,10.6947,10.7741
2022-09-20,10.7741,10.9206,10.674,10.8948
2022-09-21,10.8939,11.102,10.8828,11.0742
2022-09-22,11.0743,11.1382,10.97,11.0724
2022-09-23,11.0725,11.3293,11.0552,11.3028
2022-09-26,11.2923,11.47,11.2318,11.355
2022-09-27,11.3549,11.4208,11.2232,11.3624
2022-09-28,11.3624,11.4967,11.1552,11.2289
2022-09-29,11.2289,11.3758,11.1495,11.1554
2022-09-30,11.1554,11.1984,11.0732,11.0892
2022-10-03,11.0961,11.1816,10.9787,11.0179
2022-10-04,11.0179,11.0638,10.8317,10.8475
2022-10-05,10.8474,11.0364,10.8208,10.9847
2022-10-06,10.9847,11.1593,10.9067,11.1431
2022-10-07,11.1434,11.2495,11.078,11.2086
2022-10-10,11.1591,11.3383,11.1579,11.3081
2022-10-11,11.3093,11.3798,11.2474,11.3655
2022-10-12,11.3659,11.397,11.3031,11.3384
2022-10-13,11.3384,11.4793,11.2001,11.2481
2022-10-14,11.2483,11.3512,11.198,11.3047
2022-10-17,11.3087,11.3379,11.1339,11.1498
2022-10-18,11.1505,11.1672,11.0406,11.0905
2022-10-19,11.0902,11.2484,11.0674,11.2201
2022-10-20,11.2207,11.2838,11.1588,11.2599
2022-10-21,11.2599,11.4296,11.1573,11.1723
2022-10-24,11.1589,11.2952,11.0992,11.159
2022-10-25,11.159,11.1806,10.9619,10.9732
2022-10-26,10.9733,11.0067,10.8507,10.8595
2022-10-27,10.8595,10.9811,10.8417,10.9691
2022-10-28,10.9692,11.0339,10.9266,10.946
2022-10-31,10.9792,11.0673,10.9479,11.037
2022-11-01,11.0369,11.0827,10.9153,11.013
2022-11-02,11.0121,11.117,10.9093,11.1112
2022-11-03,11.1109,11.2416,11.076,11.1968
2022-11-04,11.1961,11.2089,10.8851,10.8976
2022-11-07,10.9516,10.9704,10.8095,10.8381
2022-11-08,10.838,10.8962,10.715,10.7518
2022-11-09,10.7516,10.9069,10.7171,10.887
2022-11-10,10.887,10.9541,10.5681,10.5852
2022-11-11,10.5852,10.6817,10.3411,10.3729
2022-11-14,10.3613,10.4981,10.3477,10.4882
2022-11-15,10.4882,10.559,10.3043,10.4862
2022-11-16,10.4861,10.5206,10.3996,10.4803
2022-11-17,10.4803,10.6718,10.4641,10.6114
2022-11-18,10.6113,10.6504,10.5595,10.6314
2022-11-21,10.6368,10.7486,10.6297,10.7115
2022-11-22,10.7115,10.7132,10.6373,10.6474
2022-11-23,10.6474,10.6517,10.447,10.4567
2022-11-24,10.457,10.4845,10.3774,10.4069
2022-11-25,10.4069,10.519,10.3829,10.4342
2022-11-28,10.4248,10.5627,10.3695,10.5539
2022-11-29,10.5539,10.5961,10.4782,10.5798
2022-11-30,10.5798,10.6735,10.4695,10.4976
2022-12-01,10.4976,10.523,10.2919,10.3045
2022-12-02,10.3045,10.4661,10.2884,10.3235
2022-12-05,10.3262,10.4207,10.261,10.4152
2022-12-06,10.4158,10.441,10.3373,10.4154
2022-12-07,10.4154,10.4438,10.3224,10.3882
2022-12-08,10.3882,10.4171,10.3196,10.3329
2022-12-09,10.3329,10.4004,10.2777,10.3236
2022-12-12,10.319,10.3735,10.2919,10.3323
2022-12-13,10.3319,10.3418,10.1706,10.2129
2022-12-14,10.2129,10.2495,10.1514,10.1593
2022-12-15,10.1592,10.3892,10.1584,10.3434
2022-12-16,10.344,10.4145,10.292,10.4119
2022-12-19,10.4054,10.4242,10.3021,10.3924
2022-12-20,10.3924,10.4549,10.3528,10.4227
2022-12-21,10.4227,10.444,10.3805,10.4238
2022-12-22,10.4236,10.4949,10.3377,10.4713
2022-12-23,10.4713,10.5398,10.4136,10.5323
2022-12-26,10.5259,10.536,10.4892,10.5014
2022-12-27,10.5019,10.5111,10.4157,10.4732
2022-12-28,10.4729,10.4879,10.3661,10.478
2022-12-29,10.4781,10.4928,10.4232,10.4672
2022-12-30,10.4672,10.491,10.3721,10.4283
2023-01-02,10.4228,10.4771,10.4152,10.4637
2023-01-03,10.4638,10.5853,10.439,10.5741
2023-01-04,10.5741,10.5767,10.4773,10.5081
2023-01-05,10.5081,10.7012,10.4844,10.6887
2023-01-06,10.6887,10.786,10.5106,10.5213
2023-01-09,10.5302,10.5462,10.3551,10.4054
2023-01-10,10.4054,10.4549,10.3689,10.4163
2023-01-11,10.4163,10.5135,10.3942,10.4628
2023-01-12,10.4629,10.5181,10.3683,10.4065
2023-01-13,10.4058,10.4653,10.3648,10.3974
2023-01-16,10.3983,10.4501,10.3325,10.4196
2023-01-17,10.4196,10.4567,10.3689,10.4177
2023-01-18,10.4178,10.4543,10.2398,10.3358
2023-01-19,10.336,10.3811,10.2512,10.3165
2023-01-20,10.3166,10.3587,10.2773,10.2943
2023-01-23,10.312,10.3403,10.2056,10.2374
2023-01-24,10.2374,10.2725,10.1823,10.209
2023-01-25,10.2088,10.2829,10.1756,10.2043
2023-01-26,10.2046,10.3289,10.188,10.269
2023-01-27,10.27,10.3534,10.2578,10.3082
2023-01-30,10.3292,10.4085,10.2886,10.3972
2023-01-31,10.3972,10.5232,10.3848,10.4641
2023-02-01,10.4641,10.4674,10.324,10.3397
2023-02-02,10.34,10.4222,10.2894,10.3725
2023-02-03,10.3721,10.5549,10.3502,10.539
2023-02-06,10.5362,10.6597,10.5024,10.6258
2023-02-07,10.6261,10.6733,10.5334,10.5729
2023-02-08,10.5728,10.6175,10.4962,10.5935
2023-02-09,10.5929,10.6115,10.2949,10.3489
2023-02-10,10.3489,10.4807,10.3034,10.4636
2023-02-13,10.4556,10.4925,10.3703,10.3796
2023-02-14,10.3795,10.4086,10.2496,10.3606
2023-02-15,10.3599,10.4692,10.3527,10.4263
2023-02-16,10.426,10.4957,10.3718,10.4482
2023-02-17,10.4482,10.5546,10.4422,10.4574
2023-02-20,10.4935,10.5246,10.3247,10.3465
2023-02-21,10.3465,10.399,10.2885,10.3846
2023-02-22,10.3846,10.4375,10.3242,10.4241
2023-02-23,10.4253,10.4692,10.3824,10.4346
2023-02-24,10.434,10.5179,10.3874,10.5059
2023-02-27,10.4924,10.5181,10.3862,10.3867
2023-02-28,10.3867,10.4729,10.3725,10.4681
2023-03-01,10.4681,10.4874,10.3747,10.4352
2023-03-02,10.4353,10.536,10.4291,10.5103
2023-03-03,10.5109,10.5281,10.4527,10.4556
2023-03-06,10.4724,10.507,10.4378,10.4564
2023-03-07,10.4567,10.7442,10.4187,10.7358
2023-03-08,10.7355,10.7618,10.6538,10.736
2023-03-09,10.736,10.7555,10.6737,10.7484
2023-03-10,10.7484,10.78,10.6089,10.7048
2023-03-13,10.7102,10.759,10.574,10.597
2023-03-14,10.5966,10.663,10.4543,10.4698
2023-03-15,10.4697,10.6575,10.3942,10.5914
2023-03-16,10.5916,10.6172,10.4964,10.5126
2023-03-17,10.513,10.5793,10.4421,10.4844
2023-03-20,10.4811,10.5516,10.3617,10.3684
2023-03-21,10.3681,10.4088,10.2792,10.3383
2023-03-22,10.3383,10.389,10.2128,10.3118
2023-03-23,10.3132,10.3473,10.2171,10.3332
2023-03-24,10.3329,10.4736,10.2954,10.4242
2023-03-27,10.4317,10.4411,10.3692,10.3775
2023-03-28,10.3775,10.3823,10.3079,10.3525
2023-03-29,10.3526,10.4329,10.3463,10.3937
2023-03-30,10.3937,10.4522,10.3354,10.3609
2023-03-31,10.3607,10.4071,10.3316,10.4044
2023-04-03,10.3949,10.4422,10.3542,10.3731
2023-04-04,10.3731,10.3985,10.2593,10.2774
2023-04-05,10.2778,10.4267,10.2589,10.4032
2023-04-06,10.4032,10.4725,10.365,10.4282
2023-04-07,10.4284,10.4839,10.4196,10.4697
2023-04-10,10.4778,10.5633,10.4486,10.5224
2023-04-11,10.5225,10.5233,10.4322,10.4559
2023-04-12,10.4558,10.4607,10.2968,10.3455
2023-04-13,10.3452,10.3568,10.2497,10.2743
2023-04-14,10.274,10.3576,10.2366,10.3295
2023-04-17,10.3076,10.3766,10.2715,10.3537
2023-04-18,10.3533,10.3604,10.2772,10.3124
2023-04-19,10.3124,10.3762,10.3001,10.3533
2023-04-20,10.3533,10.3662,10.2954,10.3186
2023-04-21,10.3179,10.3592,10.2962,10.2971
2023-04-24,10.302,10.3327,10.2442,10.2456
2023-04-25,10.2457,10.3275,10.2263,10.3108
2023-04-26,10.3108,10.3545,10.2348,10.3266
2023-04-27,10.3274,10.3536,10.287,10.2932
2023-04-28,10.2932,10.3535,10.2396,10.2648
2023-05-01,10.2619,10.3394,10.2397,10.3193
2023-05-02,10.3193,10.3455,10.2661,10.3096
2023-05-03,10.3094,10.3109,10.2034,10.2631
2023-05-04,10.2645,10.2929,10.2198,10.248
2023-05-05,10.2479,10.2597,10.1503,10.168
2023-05-08,10.1665,10.1955,10.133,10.1643
2023-05-09,10.1645,10.216,10.1509,10.2069
2023-05-10,10.2071,10.2544,10.1633,10.2151
2023-05-11,10.215,10.3488,10.2067,10.3362
2023-05-12,10.3361,10.3951,10.2909,10.3815
2023-05-15,10.394,10.4082,10.3394,10.3504
2023-05-16,10.3505,10.426,10.3177,10.3924
2023-05-17,10.3928,10.4907,10.384,10.448
2023-05-18,10.4488,10.5994,10.4408,10.5649
2023-05-19,10.5649,10.5833,10.4997,10.5377
2023-05-22,10.5359,10.5751,10.4976,10.5614
2023-05-23,10.5574,10.6441,10.5453,10.6224
2023-05-24,10.6228,10.7322,10.6017,10.722
2023-05-25,10.722,10.8397,10.7127,10.8238
2023-05-26,10.8238,10.8338,10.7045,10.8087
2023-05-29,10.8145,10.8444,10.7882,10.8108
2023-05-30,10.811,10.8938,10.7974,10.872
2023-05-31,10.8722,10.958,10.8438,10.8567
2023-06-01,10.857,10.9101,10.8055,10.8158
2023-06-02,10.8155,10.8234,10.6842,10.7704
2023-06-05,10.8083,10.9185,10.793,10.8677
2023-06-06,10.8657,10.9318,10.8143,10.9106
2023-06-07,10.9107,10.9459,10.8162,10.8951
2023-06-08,10.8969,10.9023,10.789,10.8011
2023-06-09,10.8015,10.8606,10.7818,10.8309
2023-06-12,10.8344,10.8559,10.7408,10.8291
2023-06-13,10.8275,10.8408,10.677,10.6842
2023-06-14,10.6841,10.7919,10.6453,10.7184
2023-06-15,10.7186,10.7702,10.5885,10.6148
2023-06-16,10.6148,10.6622,10.56,10.6566
2023-06-19,10.6298,10.7465,10.6189,10.7262
2023-06-20,10.7261,10.846,10.7081,10.7868
2023-06-21,10.7868,10.823,10.6382,10.6608
2023-06-22,10.6611,10.7089,10.6216,10.7001
2023-06-23,10.6997,10.8073,10.6897,10.706
2023-06-26,10.7481,10.7594,10.6954,10.7369
2023-06-27,10.739,10.7471,10.6698,10.7222
2023-06-28,10.7221,10.8259,10.7133,10.7864
2023-06-29,10.7864,10.9098,10.7316,10.8739
2023-06-30,10.8718,10.9093,10.7722,10.7977
2023-07-03,10.7936,10.8744,10.769,10.8479
2023-07-04,10.8492,10.8534,10.802,10.8306
2023-07-05,10.8306,10.9502,10.7069,10.9357
2023-07-06,10.9368,10.9917,10.9212,10.9379
2023-07-07,10.9374,10.9655,10.8202,10.8231
2023-07-10,10.8575,10.8715,10.754,10.7576
2023-07-11,10.7576,10.7619,10.6592,10.6654
2023-07-12,10.6658,10.6914,10.374,10.3835
2023-07-13,10.3835,10.3885,10.1874,10.2024
2023-07-14,10.2031,10.2774,10.1819,10.2356
2023-07-17,10.2381,10.2884,10.1747,10.2515
2023-07-18,10.2513,10.2687,10.1707,10.2166
2023-07-19,10.2162,10.2913,10.1926,10.2738
2023-07-20,10.2732,10.3712,10.2181,10.348
2023-07-21,10.348,10.4174,10.3275,10.3831
2023-07-24,10.3971,10.4366,10.3655,10.415
2023-07-25,10.4149,10.452,10.3496,10.3745
2023-07-26,10.3766,10.4592,10.3393,10.4095
2023-07-27,10.4095,10.53,10.2991,10.5155
2023-07-28,10.5155,10.5895,10.4754,10.55
2023-07-31,10.5143,10.5627,10.467,10.5258
2023-08-01,10.5253,10.6431,10.5177,10.6032
2023-08-02,10.6032,10.7529,10.5453,10.7183
2023-08-03,10.7203,10.799,10.6792,10.6861
2023-08-04,10.6897,10.7219,10.5358,10.5763
2023-08-07,10.5958,10.6741,10.5604,10.579
2023-08-08,10.5791,10.7549,10.5752,10.718
2023-08-09,10.7172,10.7581,10.6421,10.6755
2023-08-10,10.6753,10.7135,10.5458,10.7026
2023-08-11,10.7014,10.8504,10.6821,10.7655
2023-08-14,10.7584,10.8875,10.7373,10.7771
2023-08-15,10.7771,10.8763,10.7685,10.8633
2023-08-16,10.8632,10.9406,10.8249,10.9128
2023-08-17,10.9149,10.9496,10.8556,10.9342
2023-08-18,10.934,11.0038,10.8824,10.984
2023-08-21,10.933,10.9992,10.9012,10.9609
2023-08-22,10.9604,10.9716,10.8794,10.9331
2023-08-23,10.932,11.0341,10.8961,10.8966
2023-08-24,10.8933,11.0247,10.8548,10.9944
2023-08-25,10.9937,11.099,10.9648,11.0554
2023-08-28,11.0612,11.0778,10.9831,10.9858
2023-08-29,10.9864,11.0272,10.8475,10.8766
2023-08-30,10.8766,10.9109,10.7802,10.8428
2023-08-31,10.8426,10.9612,10.8177,10.9534
2023-09-01,10.9547,11.0572,10.895,11.0399
2023-09-04,11.0509,11.064,10.9953,10.9965
2023-09-05,10.9965,11.1336,10.985,11.0995
2023-09-06,11.0995,11.1414,11.0623,11.1108
2023-09-07,11.1123,11.1676,11.0865,11.1466
2023-09-08,11.1469,11.1522,11.0609,11.1255
2023-09-11,11.1076,11.1234,11.0498,11.0777
2023-09-12,11.078,11.1261,11.0707,11.0793
2023-09-13,11.0785,11.1664,11.073,11.1334
2023-09-14,11.1336,11.2079,11.1014,11.1867
2023-09-15,11.1869,11.1934,11.1259,11.1894
2023-09-18,11.1631,11.2497,11.1416,11.1464
2023-09-19,11.1464,11.1682,11.0857,11.1652
2023-09-20,11.1663,11.1771,11.0281,11.1429
2023-09-21,11.1429,11.2684,11.0433,11.1737
2023-09-22,11.1736,11.2053,11.1002,11.1184
2023-09-25,11.1319,11.1468,11.0122,11.0599
2023-09-26,11.06,11.1022,10.954,10.9985
2023-09-27,10.9985,11.082,10.9421,11.0685
2023-09-28,11.0683,11.0735,10.905,10.92
2023-09-29,10.9203,10.9397,10.8183,10.9118
2023-10-02,10.9316,11.0637,10.8908,11.0552
2023-10-03,11.0554,11.1405,11.0282,11.0817
2023-10-04,11.0812,11.1201,10.993,11.0673
2023-10-05,11.0677,11.0809,11.0015,11.0061
2023-10-06,11.0063,11.0915,10.9257,10.9625
2023-10-09,10.9814,11.0549,10.9547,10.965
2023-10-10,10.9654,10.987,10.8483,10.876
2023-10-11,10.8762,10.9495,10.8554,10.9028
2023-10-12,10.9032,11.006,10.8613,11.0009
2023-10-13,11.0007,11.0542,10.9085,11.0315
2023-10-16,11.0228,11.0398,10.9116,10.9178
2023-10-17,10.9177,10.9692,10.8876,10.9105
2023-10-18,10.9105,11.0391,10.8976,11.0244
2023-10-19,11.0233,11.0625,10.8989,10.9604
2023-10-20,10.9606,11.0172,10.9516,10.977
2023-10-23,10.9721,11.0659,10.9553,10.9735
2023-10-24,10.9738,11.1238,10.9158,11.1202
2023-10-25,11.1202,11.1762,11.0878,11.1477
2023-10-26,11.1477,11.2125,11.1434,11.1661
2023-10-27,11.1661,11.2266,11.1181,11.1458
2023-10-30,11.1674,11.1808,11.1176,11.1444
2023-10-31,11.1444,11.1937,11.0848,11.1783
2023-11-01,11.1785,11.2434,11.153,11.1814
2023-11-02,11.1818,11.1883,11.0668,11.1181
2023-11-03,11.1181,11.1285,10.8696,10.8969
2023-11-06,10.9063,10.9258,10.8393,10.9146
2023-11-07,10.9146,10.9641,10.8929,10.9198
2023-11-08,10.9189,10.9803,10.8786,10.8961
2023-11-09,10.896,10.9287,10.8295,10.9267
2023-11-10,10.9266,10.9448,10.8792,10.8965
2023-11-13,10.8907,10.9159,10.8297,10.8429
2023-11-14,10.8429,10.8947,10.575,10.5921
2023-11-15,10.5921,10.6107,10.5155,10.5543
2023-11-16,10.5543,10.6196,10.5227,10.5914
2023-11-17,10.5923,10.6132,10.4233,10.5193
2023-11-20,10.5338,10.5516,10.4374,10.4498
2023-11-21,10.4498,10.4815,10.3753,10.4664
2023-11-22,10.4664,10.5481,10.4341,10.4769
2023-11-23,10.477,10.5181,10.3993,10.4886
2023-11-24,10.4886,10.5072,10.4221,10.4605
2023-11-27,10.4493,10.4854,10.4051,10.4231
2023-11-28,10.4231,10.4448,10.3132,10.322
2023-11-29,10.3221,10.3964,10.278,10.3632
2023-11-30,10.3632,10.541,10.3445,10.4997
2023-12-01,10.4991,10.5165,10.3569,10.3742
2023-12-04,10.3742,10.4712,10.3657,10.4356
2023-12-05,10.4352,10.5042,10.4177,10.4883
2023-12-06,10.4891,10.5003,10.4261,10.4773
2023-12-07,10.4789,10.4867,10.3712,10.3904
2023-12-08,10.3909,10.5192,10.3708,10.4652
2023-12-11,10.4658,10.5134,10.4541,10.4905
2023-12-12,10.4905,10.5131,10.4204,10.4413
2023-12-13,10.4417,10.4652,10.2882,10.33
2023-12-14,10.3294,10.3331,10.1945,10.2433
2023-12-15,10.2433,10.405,10.2047,10.2708
2023-12-18,10.3069,10.3476,10.1798,10.2122
2023-12-19,10.2122,10.2368,10.1505,10.1578
2023-12-20,10.1577,10.1994,10.133,10.1764
2023-12-21,10.1764,10.1852,10.0607,10.0923
2023-12-22,10.0922,10.113,9.9688,10.0024
2023-12-25,9.9959,10.0867,9.9935,10.0488
2023-12-26,10.0213,10.0749,9.9837,9.996
2023-12-27,9.996,10.0191,9.9066,9.9404
2023-12-28,9.9402,10.0016,9.91,9.99
2023-12-29,9.9897,10.0912,9.9675,10.0734
2024-01-01,10.0676,10.0791,10.0604,10.076
2024-01-02,10.076,10.2261,10.0552,10.2143
2024-01-03,10.2143,10.327,10.1753,10.2875
2024-01-04,10.288,10.2951,10.2029,10.2199
2024-01-05,10.2199,10.3473,10.1606,10.2539
2024-01-08,10.2476,10.3113,10.2109,10.2304
2024-01-09,10.2306,10.2786,10.2043,10.252
2024-01-10,10.252,10.2673,10.2188,10.2247
2024-01-11,10.2247,10.3118,10.182,10.2615
2024-01-12,10.2615,10.3063,10.2271,10.2807
2024-01-15,10.2742,10.3368,10.2535,10.3215
2024-01-16,10.3233,10.4487,10.3208,10.4336
2024-01-17,10.433,10.5153,10.4275,10.4464
2024-01-18,10.4464,10.5169,10.4186,10.4862
2024-01-19,10.4861,10.5062,10.4469,10.4686
2024-01-22,10.4655,10.4873,10.4179,10.4653
2024-01-23,10.465,10.5145,10.4101,10.4844
2024-01-24,10.4842,10.5059,10.3675,10.4367
2024-01-25,10.4367,10.4661,10.4005,10.4445
2024-01-26,10.4453,10.4807,10.3884,10.4474
2024-01-29,10.4555,10.505,10.4346,10.4453
2024-01-30,10.445,10.4547,10.3926,10.4113
2024-01-31,10.4113,10.4387,10.3149,10.3913
2024-02-01,10.3913,10.4872,10.3802,10.3838
2024-02-02,10.3838,10.5085,10.3434,10.5016
2024-02-05,10.497,10.6304,10.4874,10.6015
2024-02-06,10.6015,10.6325,10.5028,10.5056
2024-02-07,10.5055,10.5105,10.4343,10.4732
2024-02-08,10.4732,10.5027,10.4456,10.476
2024-02-09,10.476,10.4868,10.4322,10.4568
2024-02-12,10.4627,10.4695,10.397,10.4004
2024-02-13,10.4007,10.601,10.3973,10.5844
2024-02-14,10.585,10.5924,10.5175,10.5277
2024-02-15,10.5277,10.5397,10.4177,10.4543
2024-02-16,10.4547,10.5131,10.4184,10.4387
2024-02-19,10.4552,10.4578,10.3846,10.4058
2024-02-20,10.4058,10.4362,10.3348,10.3633
2024-02-21,10.3631,10.3961,10.3419,10.3625
2024-02-22,10.3625,10.3681,10.249,10.3291
2024-02-23,10.3291,10.3541,10.2893,10.3292
2024-02-26,10.3281,10.3367,10.2745,10.2848
2024-02-27,10.2848,10.3255,10.2621,10.309
2024-02-28,10.3092,10.3782,10.3024,10.3335
2024-02-29,10.3337,10.3832,10.3047,10.3736
2024-03-01,10.3733,10.3825,10.3092,10.3201
2024-03-04,10.3206,10.3816,10.294,10.3754
2024-03-05,10.375,10.4044,10.3511,10.3779
2024-03-06,10.3778,10.3991,10.2655,10.2965
2024-03-07,10.2971,10.31,10.2196,10.2249
2024-03-08,10.2249,10.2395,10.1437,10.2084
2024-03-11,10.2255,10.2573,10.1993,10.2428
2024-03-12,10.2421,10.2732,10.1739,10.2371
2024-03-13,10.2371,10.2579,10.2063,10.2275
2024-03-14,10.2275,10.3464,10.2183,10.3389
2024-03-15,10.339,10.383,10.3267,10.3613
2024-03-18,10.3607,10.4522,10.3505,10.4339
2024-03-19,10.4339,10.5096,10.4197,10.4348
2024-03-20,10.4348,10.5005,10.3826,10.3858
2024-03-21,10.3858,10.4757,10.351,10.4667
2024-03-22,10.4665,10.5796,10.4478,10.5644
2024-03-25,10.5779,10.5991,10.542,10.5761
2024-03-26,10.5761,10.5959,10.5336,10.592
2024-03-27,10.592,10.641,10.5788,10.6123
2024-03-28,10.6124,10.7149,10.6109,10.6986
2024-03-29,10.6984,10.7394,10.6525,10.6584
2024-04-01,10.677,10.8264,10.6644,10.7996
2024-04-02,10.7995,10.8118,10.6968,10.7362
2024-04-03,10.7363,10.7594,10.6279,10.6476
2024-04-04,10.6479,10.6564,10.5534,10.6454
2024-04-05,10.6453,10.7083,10.6231,10.6419
2024-04-08,10.6454,10.6654,10.5357,10.5636
2024-04-09,10.5637,10.5734,10.4975,10.5532
2024-04-10,10.5532,10.7451,10.522,10.7193
2024-04-11,10.7195,10.7896,10.6937,10.7257
2024-04-12,10.7257,10.9257,10.7136,10.8868
2024-04-15,10.8869,10.9066,10.8315,10.8864
2024-04-16,10.8864,10.9876,10.8787,10.9623
2024-04-17,10.9624,11.0076,10.913,10.9411
2024-04-18,10.9409,10.9734,10.8755,10.9712
2024-04-19,10.9712,11.03,10.8872,10.9223
2024-04-22,10.9336,10.9412,10.8797,10.8888
2024-04-23,10.8888,10.9034,10.8053,10.8175
2024-04-24,10.8176,10.9074,10.7853,10.884
2024-04-25,10.8839,10.9681,10.8359,10.8908
2024-04-26,10.8911,10.9708,10.8447,10.9318
2024-04-29,10.8412,10.9469,10.8195,10.924
2024-04-30,10.9237,11.0281,10.9128,11.0248
2024-05-01,11.0248,11.0495,10.8896,10.9323
2024-05-02,10.9329,10.9447,10.857,10.8707
2024-05-03,10.8712,10.8827,10.7351,10.8219
2024-05-06,10.8195,10.8451,10.7571,10.8157
2024-05-07,10.8159,10.8784,10.7973,10.8594
2024-05-08,10.8594,10.9483,10.8506,10.907
2024-05-09,10.9062,10.9403,10.8425,10.8485
2024-05-10,10.8485,10.8728,10.8133,10.8422
2024-05-13,10.838,10.8681,10.8155,10.8416
2024-05-14,10.8416,10.9047,10.8013,10.8013
2024-05-15,10.8003,10.82,10.6533,10.6668
2024-05-16,10.6669,10.7304,10.6403,10.715
2024-05-17,10.7147,10.768,10.6999,10.7256
2024-05-20,10.7098,10.7221,10.6686,10.6899
2024-05-21,10.6897,10.7098,10.646,10.694
2024-05-22,10.6936,10.7597,10.6755,10.7383
2024-05-23,10.7381,10.7554,10.6764,10.7348
2024-05-24,10.7367,10.752,10.6417,10.6744
2024-05-27,10.6779,10.6871,10.6042,10.6169
2024-05-28,10.6152,10.6211,10.5229,10.5741
2024-05-29,10.573,10.6817,10.5605,10.6716
2024-05-30,10.672,10.7348,10.5801,10.5969
2024-05-31,10.598,10.6132,10.4949,10.5305
2024-06-03,10.5266,10.5352,10.3979,10.407
2024-06-04,10.4068,10.4894,10.4024,10.4424
2024-06-05,10.4424,10.4462,10.3728,10.3966
2024-06-06,10.3972,10.4327,10.3535,10.3904
2024-06-07,10.3901,10.5498,10.3503,10.5496
2024-06-10,10.5384,10.5886,10.4737,10.4829
2024-06-11,10.4828,10.521,10.4609,10.485
2024-06-12,10.485,10.4964,10.2827,10.3686
2024-06-13,10.3681,10.5033,10.3446,10.4797
2024-06-14,10.4795,10.591,10.4629,10.5176
2024-06-17,10.5385,10.5636,10.4765,10.481
2024-06-18,10.4809,10.5149,10.4325,10.4389
2024-06-19,10.439,10.4493,10.4138,10.4407
2024-06-20,10.4407,10.5063,10.4239,10.5018
2024-06-21,10.5021,10.5433,10.4801,10.5088
2024-06-24,10.5283,10.5505,10.438,10.4759
2024-06-25,10.4755,10.5213,10.4547,10.5083
2024-06-26,10.5084,10.6186,10.4626,10.5754
2024-06-27,10.5761,10.6325,10.548,10.6195
2024-06-28,10.6192,10.6624,10.5815,10.5974
2024-07-01,10.6104,10.6436,10.5404,10.6131
2024-07-02,10.6127,10.669,10.576,10.58
2024-07-03,10.58,10.5915,10.4656,10.4953
2024-07-04,10.4953,10.5203,10.4816,10.5025
2024-07-05,10.5047,10.5288,10.4664,10.4821
2024-07-08,10.5141,10.5888,10.4739,10.5833
2024-07-09,10.5834,10.6009,10.5374,10.5564
2024-07-10,10.5564,10.5702,10.5284,10.5442
2024-07-11,10.5443,10.5504,10.421,10.4905
2024-07-12,10.4909,10.581,10.4798,10.5116
2024-07-15,10.5258,10.622,10.5204,10.6038
2024-07-16,10.6035,10.6404,10.5872,10.5955
2024-07-17,10.5958,10.6137,10.5046,10.5401
2024-07-18,10.54,10.6154,10.5341,10.5966
2024-07-19,10.5985,10.6987,10.5751,10.6794
2024-07-22,10.6672,10.7389,10.6326,10.7224
2024-07-23,10.7224,10.7828,10.7113,10.768
2024-07-24,10.7684,10.8297,10.7426,10.7778
2024-07-25,10.7777,10.8692,10.7699,10.8287
2024-07-26,10.8287,10.8357,10.7796,10.8203
2024-07-29,10.8135,10.8654,10.7936,10.8293
2024-07-30,10.8293,10.8843,10.7602,10.7607
2024-07-31,10.7607,10.777,10.6766,10.6962
2024-08-01,10.6962,10.7453,10.6459,10.7306
2024-08-02,10.7308,10.7465,10.5493,10.5802
2024-08-05,10.5721,10.688,10.4823,10.5619
2024-08-06,10.5616,10.6085,10.5104,10.5285
2024-08-07,10.5288,10.542,10.4236,10.4928
2024-08-08,10.4926,10.5769,10.417,10.5137
2024-08-09,10.5133,10.5433,10.486,10.5176
2024-08-12,10.5273,10.5488,10.5019,10.5235
2024-08-13,10.5217,10.5498,10.4514,10.4642
2024-08-14,10.4643,10.4852,10.3793,10.4698
2024-08-15,10.4697,10.5464,10.4441,10.5393
2024-08-16,10.5398,10.5878,10.4091,10.4404
2024-08-19,10.4151,10.4447,10.3087,10.3126
2024-08-20,10.3129,10.332,10.1959,10.2055
2024-08-21,10.2065,10.2586,10.1663,10.1852
2024-08-22,10.1851,10.262,10.1818,10.2499
2024-08-23,10.2499,10.3084,10.1536,10.1804
2024-08-26,10.21,10.2342,10.1688,10.2149
2024-08-27,10.215,10.2359,10.1316,10.1472
2024-08-28,10.1475,10.2203,10.1458,10.2035
2024-08-29,10.2035,10.2653,10.1676,10.2249
2024-08-30,10.2246,10.2949,10.2083,10.2748
2024-09-02,10.2594,10.2783,10.2318,10.2549
2024-09-03,10.2548,10.3278,10.2404,10.3065
2024-09-04,10.3065,10.3422,10.2522,10.2805
2024-09-05,10.281,10.296,10.2358,10.2555
2024-09-06,10.2556,10.3129,10.1747,10.3011
2024-09-09,10.2997,10.3866,10.2837,10.3808
2024-09-10,10.3808,10.4032,10.3488,10.3717
2024-09-11,10.3717,10.4148,10.3256,10.3883
2024-09-12,10.3883,10.4044,10.283,10.2857
2024-09-13,10.2857,10.2978,10.1888,10.233
2024-09-16,10.2409,10.2517,10.1646,10.1751
2024-09-17,10.1749,10.238,10.15,10.1911
2024-09-18,10.1911,10.2318,10.1044,10.2092
2024-09-19,10.2096,10.2549,10.1139,10.1614
2024-09-20,10.1614,10.232,10.1373,10.1693
2024-09-23,10.1662,10.2506,10.1619,10.195
2024-09-24,10.195,10.2529,10.0944,10.0963
2024-09-25,10.0963,10.199,10.0784,10.1813
2024-09-26,10.1813,10.1913,10.0963,10.1171
2024-09-27,10.1171,10.1662,10.0399,10.0928
2024-09-30,10.1047,10.1839,10.0725,10.1604
2024-10-01,10.1601,10.3052,10.1454,10.2635
2024-10-02,10.2634,10.2887,10.2383,10.2641
2024-10-03,10.2641,10.3284,10.2332,10.3062
2024-10-04,10.3062,10.3988,10.2725,10.3674
2024-10-07,10.3533,10.3828,10.3463,10.3566
2024-10-08,10.3575,10.3748,10.3218,10.3335
2024-10-09,10.3326,10.4016,10.3251,10.4013
2024-10-10,10.4013,10.4297,10.3687,10.387
2024-10-11,10.3881,10.4164,10.3545,10.3737
2024-10-14,10.3751,10.4421,10.3626,10.4251
2024-10-15,10.4253,10.4467,10.3523,10.4111
2024-10-16,10.4105,10.5191,10.4032,10.5025
2024-10-17,10.5027,10.548,10.4958,10.5409
2024-10-18,10.5403,10.5513,10.5028,10.521
2024-10-21,10.5189,10.5659,10.514,10.5658
2024-10-22,10.5659,10.5712,10.5214,10.5437
2024-10-23,10.5438,10.6187,10.5385,10.5943
2024-10-24,10.5943,10.6044,10.5559,10.5574
2024-10-25,10.5565,10.6289,10.5552,10.6247
2024-10-28,10.5961,10.6525,10.5902,10.6493
2024-10-29,10.6495,10.6973,10.635,10.6396
2024-10-30,10.6395,10.7073,10.6045,10.6775
2024-10-31,10.6773,10.7235,10.6474,10.6482
2024-11-01,10.6483,10.7516,10.638,10.7471
2024-11-04,10.6785,10.7289,10.6563,10.7231
2024-11-05,10.7231,10.7335,10.6826,10.703
2024-11-06,10.7033,10.9176,10.6907,10.8579
2024-11-07,10.8579,10.868,10.6735,10.685
2024-11-08,10.6857,10.8722,10.6777,10.8191
2024-11-11,10.8392,10.8998,10.817,10.8461
2024-11-12,10.8461,10.9445,10.8344,10.9009
2024-11-13,10.9016,10.9952,10.8703,10.9873
2024-11-14,10.9872,11.0647,10.9305,10.9958
2024-11-15,10.9957,11.021,10.9433,10.9753
2024-11-18,10.9861,11.0182,10.9006,10.9072
2024-11-19,10.9074,11.0022,10.9015,10.9209
2024-11-20,10.9204,11.0602,10.9065,11.0271
2024-11-21,11.0271,11.0977,10.9948,11.0622
2024-11-22,11.0622,11.1809,11.0269,11.037
2024-11-25,10.9883,11.0173,10.9241,10.9848
2024-11-26,10.9853,11.084,10.9264,10.9895
2024-11-27,10.9899,11.0002,10.8855,10.9103
2024-11-28,10.9103,10.9563,10.9069,10.9244
2024-11-29,10.9246,10.9404,10.861,10.8972
2024-12-02,10.8892,11.039,10.88,10.9925
2024-12-03,10.9925,11.0279,10.9688,11.0114
2024-12-04,11.0111,11.0426,10.9026,10.9269
2024-12-05,10.927,10.9467,10.8437,10.8544
2024-12-06,10.8544,10.9631,10.8277,10.9343
2024-12-09,10.9378,10.9691,10.8822,10.9121
2024-12-10,10.9121,10.9986,10.9022,10.9699
2024-12-11,10.9695,11.0178,10.9238,10.976
2024-12-12,10.9761,11.0253,10.9269,11.0173
2024-12-13,11.0173,11.0374,10.9284,10.9778
2024-12-16,10.9898,11.0034,10.8769,10.8866
2024-12-17,10.8866,10.9725,10.87,10.9628
2024-12-18,10.9628,11.142,10.9389,11.1294
2024-12-19,11.1294,11.1366,10.9957,11.0313
2024-12-20,11.0312,11.0618,10.9872,11.0283
2024-12-23,11.0332,11.0672,11.0017,11.0453
2024-12-24,11.0453,11.13,11.0353,11.0873
2024-12-25,11.0881,11.1174,11.0406,11.0502
2024-12-26,11.0878,11.1019,11.0382,11.0475
2024-12-27,11.0473,11.0676,10.9793,11.0019
2024-12-30,10.9996,11.0677,10.9676,11.0242
2024-12-31,11.0241,11.0767,10.9816,11.0713
2025-01-01,11.0713,11.0723,11.0504,11.0604
2025-01-02,11.0594,11.1859,11.0392,11.1549
2025-01-03,11.1549,11.1642,11.097,11.1102
2025-01-06,11.117,11.1319,10.9834,11.0502
2025-01-07,11.05,11.1255,10.9943,11.1199
2025-01-08,11.1198,11.2029,11.1016,11.1512
2025-01-09,11.1512,11.1829,11.1298,11.1559
2025-01-10,11.156,11.2558,11.1355,11.2199
2025-01-13,11.2181,11.3223,11.2059,11.2478
2025-01-14,11.2478,11.253,11.1692,11.1709
2025-01-15,11.1719,11.1948,11.0964,11.1594
2025-01-16,11.159,11.1942,11.1272,11.153
2025-01-17,11.1527,11.2073,11.1231,11.1938
2025-01-20,11.1744,11.194,10.9971,11.0221
2025-01-21,11.022,11.1067,10.9753,10.9839
2025-01-22,10.9839,11.019,10.9665,11.0059
2025-01-23,11.0059,11.0555,10.9822,11.0121
2025-01-24,11.0124,11.0165,10.8995,10.9254
2025-01-27,10.9276,10.9913,10.9145,10.9366
2025-01-28,10.9365,11.0253,10.9317,10.9927
2025-01-29,10.9928,11.0371,10.9746,10.9995
2025-01-30,10.9994,11.0621,10.9725,11.0541
2025-01-31,11.0541,11.1101,11.0134,11.0972
2025-02-03,11.2568,11.2735,11.0586,11.0668
2025-02-04,11.067,11.1611,10.9581,10.9695
2025-02-05,10.9695,10.9839,10.8736,10.9076
2025-02-06,10.9077,10.9408,10.8868,10.9009
2025-02-07,10.9008,10.9717,10.845,10.9499
2025-02-10,10.9624,11.0106,10.9045,10.9254
2025-02-11,10.9252,10.945,10.8464,10.8598
2025-02-12,10.8598,10.9535,10.8325,10.887
2025-02-13,10.887,10.8877,10.7315,10.7328
2025-02-14,10.7328,10.7479,10.6789,10.6926
2025-02-17,10.7076,10.7221,10.681,10.6926
2025-02-18,10.6938,10.7372,10.6889,10.7219
2025-02-19,10.7219,10.7592,10.6911,10.7255
2025-02-20,10.7254,10.7324,10.6272,10.6302
2025-02-21,10.6302,10.6602,10.6175,10.6507
2025-02-24,10.6229,10.6747,10.5859,10.662
2025-02-25,10.662,10.672,10.5867,10.5958
2025-02-26,10.5955,10.6638,10.5877,10.6484
2025-02-27,10.6484,10.7638,10.6337,10.7529
2025-02-28,10.7529,10.8001,10.7043,10.7811
2025-03-03,10.7595,10.7669,10.4975,10.5091
2025-03-04,10.5091,10.5857,10.4141,10.4212
2025-03-05,10.4212,10.4546,10.1868,10.2016
2025-03-06,10.2014,10.2139,10.087,10.1755
2025-03-07,10.1778,10.1873,10.0467,10.0957
2025-03-10,10.0948,10.1465,10.0612,10.1264
2025-03-11,10.1274,10.1298,9.9796,10.0096
2025-03-12,10.0096,10.121,10.0004,10.0905
2025-03-13,10.0913,10.232,10.0719,10.1974
2025-03-14,10.1972,10.2214,10.1091,10.1391
2025-03-17,10.1441,10.151,10.0697,10.0879
2025-03-18,10.0879,10.1158,10.0233,10.0426
2025-03-19,10.0425,10.1469,10.0392,10.1034
2025-03-20,10.1028,10.2094,10.0805,10.1308
2025-03-21,10.1307,10.1697,10.0512,10.1419
2025-03-24,10.1483,10.1561,10.081,10.1001
2025-03-25,10.1001,10.1123,9.9488,10.0402
2025-03-26,10.0416,10.0888,10.0174,10.0503
2025-03-27,10.0503,10.0834,9.9845,10.0017
2025-03-28,10.0017,10.0644,9.9727,10.013
2025-03-31,10.0055,10.0766,9.978,10.0395
2025-04-01,10.0394,10.053,9.9773,10.0156
2025-04-02,10.0157,10.0223,9.831,9.9133
2025-04-03,9.9133,9.9491,9.6053,9.7697
2025-04-04,9.7697,10.0997,9.7435,10.0049
2025-04-07,10.0334,10.1375,9.9769,10.0655
2025-04-08,10.0633,10.0935,9.937,10.0228
2025-04-09,10.0223,10.0791,9.9187,9.971
2025-04-10,9.9712,10.0046,9.8028,9.8559
2025-04-11,9.8575,9.9145,9.6924,9.7784
2025-04-14,9.8274,9.8275,9.6416,9.7804
2025-04-15,9.7783,9.9218,9.7145,9.8793
2025-04-16,9.8793,9.8936,9.7405,9.7529
2025-04-17,9.7529,9.8221,9.6139,9.6276
2025-04-18,9.6275,9.6454,9.6092,9.6151
2025-04-21,9.6072,9.635,9.4752,9.5259
2025-04-22,9.5252,9.5849,9.4704,9.5708
2025-04-23,9.5691,9.7168,9.536,9.6953
2025-04-24,9.6959,9.7008,9.5648,9.5974
2025-04-25,9.5973,9.7402,9.5885,9.6981
2025-04-28,9.6765,9.7505,9.5622,9.5816
2025-04-29,9.5826,9.6594,9.5581,9.6312
2025-04-30,9.6327,9.6875,9.6085,9.6648
2025-05-01,9.6647,9.7832,9.6519,9.7457
2025-05-02,9.7457,9.7673,9.5892,9.6628
2025-05-05,9.6755,9.6852,9.5984,9.6619
2025-05-06,9.6618,9.6997,9.5525,9.5738
2025-05-07,9.5725,9.6738,9.537,9.6672
2025-05-08,9.6677,9.7572,9.6213,9.7359
2025-05-09,9.736,9.7701,9.6679,9.7169
2025-05-12,9.7321,9.8548,9.7065,9.8233
2025-05-13,9.8233,9.8355,9.706,9.7227
2025-05-14,9.7225,9.7897,9.6433,9.7512
2025-05-15,9.7515,9.7651,9.7051,9.7263
2025-05-16,9.7267,9.8042,9.6994,9.7761
2025-05-19,9.7621,9.7841,9.6642,9.6884
2025-05-20,9.6883,9.7039,9.6333,9.6426
2025-05-21,9.6426,9.6469,9.533,9.5778
2025-05-22,9.5778,9.6488,9.5563,9.6373
2025-05-23,9.6365,9.6452,9.503,9.5342
2025-05-26,9.5274,9.5303,9.4673,9.5167
2025-05-27,9.5166,9.6899,9.492,9.6237
2025-05-28,9.6237,9.657,9.5828,9.6543
2025-05-29,9.6544,9.7213,9.5381,9.5538
2025-05-30,9.5538,9.6343,9.5356,9.5975
2025-06-02,9.5959,9.5979,9.4898,9.5253
2025-06-03,9.5254,9.6399,9.5168,9.6224
2025-06-04,9.6226,9.63,9.5583,9.5851
2025-06-05,9.5869,9.6105,9.5176,9.5682
2025-06-06,9.568,9.6548,9.5645,9.6398
2025-06-09,9.6298,9.6475,9.5828,9.5962
2025-06-10,9.5959,9.6378,9.5646,9.5997
2025-06-11,9.6,9.6175,9.5459,9.5597
2025-06-12,9.5597,9.5625,9.3792,9.4476
2025-06-13,9.4473,9.562,9.4262,9.4843
2025-06-16,9.4992,9.5265,9.4347,9.484
2025-06-17,9.4842,9.5617,9.4395,9.5527
2025-06-18,9.5528,9.6635,9.5176,9.6466
2025-06-19,9.6466,9.6972,9.6301,9.6364
2025-06-20,9.6363,9.6964,9.598,9.6685
2025-06-23,9.7005,9.7453,9.5966,9.5988
2025-06-24,9.5988,9.6063,9.4935,9.5294
2025-06-25,9.5294,9.5505,9.4801,9.4859
2025-06-26,9.4865,9.506,9.4169,9.498
2025-06-27,9.4972,9.5617,9.4453,9.4855
2025-06-30,9.4859,9.5432,9.4394,9.4585
2025-07-01,9.4585,9.518,9.3995,9.4775
2025-07-02,9.4772,9.5797,9.4673,9.5141
2025-07-03,9.5144,9.6076,9.5059,9.582
2025-07-04,9.5826,9.5861,9.5382,9.5597
2025-07-07,9.5598,9.5837,9.4859,9.5357
2025-07-08,9.535,9.5664,9.4828,9.5247
2025-07-09,9.5247,9.5534,9.5087,9.5152
2025-07-10,9.5156,9.5679,9.4854,9.4997
2025-07-11,9.4997,9.5675,9.4989,9.5612
2025-07-14,9.5765,9.6332,9.5609,9.6174
2025-07-15,9.6177,9.736,9.5999,9.7254
2025-07-16,9.7257,9.7988,9.6436,9.7129
2025-07-17,9.7129,9.7892,9.7004,9.7552
2025-07-18,9.7554,9.7566,9.6357,9.6691
2025-07-21,9.6853,9.6917,9.551,9.5794
2025-07-22,9.5794,9.6075,9.5071,9.5142
2025-07-23,9.5143,9.5372,9.4761,9.5045
2025-07-24,9.5045,9.5538,9.4949,9.5448
2025-07-25,9.5448,9.5541,9.5107,9.5316
2025-07-28,9.4902,9.62,9.4839,9.613
2025-07-29,9.6136,9.6912,9.6044,9.6523
2025-07-30,9.6521,9.7994,9.6271,9.7986
2025-07-31,9.7986,9.8064,9.7291,9.7915
2025-08-01,9.7918,9.8619,9.6375,9.653
2025-08-04,9.6241,9.6922,9.601,9.6632
2025-08-05,9.6632,9.6935,9.6372,9.6707
2025-08-06,9.6707,9.6874,9.5988,9.6049
2025-08-07,9.6051,9.6249,9.5614,9.5658
2025-08-08,9.5658,9.6119,9.5437,9.5766
2025-08-11,9.5956,9.661,9.5431,9.6373
2025-08-12,9.6373,9.6561,9.531,9.557
2025-08-13,9.557,9.5606,9.5041,9.5457
2025-08-14,9.5458,9.6076,9.5345,9.5844
2025-08-15,9.5848,9.6203,9.5385,9.555
2025-08-18,9.551,9.5821,9.5336,9.5657
2025-08-19,9.5669,9.6005,9.523,9.5945
2025-08-20,9.5945,9.6214,9.5716,9.5942
2025-08-21,9.5942,9.6359,9.5756,9.6255
2025-08-22,9.6263,9.6457,9.4769,9.497
2025-08-25,9.4965,9.603,9.4925,9.5885
2025-08-26,9.5885,9.6166,9.5433,9.5583
2025-08-27,9.5583,9.6178,9.5255,9.5363
2025-08-28,9.5363,9.5437,9.4598,9.4806
2025-08-29,9.4806,9.5023,9.4571,9.4572
2025-09-01,9.4617,9.4657,9.3796,9.3917
2025-09-02,9.3917,9.4898,9.3844,9.4608
2025-09-03,9.4613,9.4804,9.4107,9.4237
2025-09-04,9.4237,9.4956,9.4158,9.4621
2025-09-05,9.4621,9.4715,9.3352,9.3909
2025-09-08,9.3959,9.4005,9.354,9.3554
2025-09-09,9.3554,9.3908,9.3369,9.3817
2025-09-10,9.3818,9.3985,9.3058,9.3524
2025-09-11,9.3522,9.3866,9.303,9.3057
2025-09-12,9.3057,9.3602,9.3034,9.3192
2025-09-15,9.323,9.3404,9.2651,9.2754
2025-09-16,9.2754,9.2868,9.2162,9.2298
2025-09-17,9.2301,9.3098,9.1936,9.2982
2025-09-18,9.298,9.3958,9.2656,9.3518
2025-09-19,9.3518,9.4485,9.3448,9.4141
2025-09-22,9.4074,9.4349,9.3482,9.3484
2025-09-23,9.3485,9.3842,9.299,9.3292
2025-09-24,9.3294,9.4203,9.3267,9.4001
2025-09-25,9.4001,9.4856,9.3806,9.4618
2025-09-26,9.4617,9.4754,9.4001,9.408
2025-09-29,9.429,9.4297,9.3754,9.4222
2025-09-30,9.4223,9.4343,9.3882,9.4167
2025-10-01,9.4165,9.4263,9.3526,9.3822
2025-10-02,9.3823,9.447,9.3398,9.405
2025-10-03,9.4049,9.4152,9.3498,9.3723
2025-10-06,9.3871,9.4286,9.3726,9.3795
2025-10-07,9.3795,9.4157,9.3701,9.4015
2025-10-08,9.4015,9.4637,9.3971,9.435
2025-10-09,9.435,9.5625,9.4133,9.5356
2025-10-10,9.5356,9.5405,9.4922,9.5084
2025-10-13,9.5185,9.535,9.4845,9.506
2025-10-14,9.506,9.5732,9.5002,9.5329
2025-10-15,9.5334,9.5454,9.4612,9.4755
2025-10-16,9.4755,9.486,9.4127,9.4274
2025-10-17,9.4274,9.4757,9.3958,9.4525
2025-10-20,9.419,9.4374,9.4024,9.4283
2025-10-21,9.4283,9.4667,9.4,9.4241
2025-10-22,9.424,9.4513,9.3881,9.4063
2025-10-23,9.4062,9.4303,9.3803,9.3851
2025-10-24,9.3854,9.4054,9.3505,9.3974
2025-10-27,9.397,9.4008,9.3644,9.3816
2025-10-28,9.3816,9.3951,9.3487,9.3717
2025-10-29,9.3717,9.4369,9.3452,9.4145
2025-10-30,9.4146,9.4772,9.3798,9.4438
2025-10-31,9.4438,9.511,9.428,9.4906
2025-11-03,9.4973,9.5109,9.4718,9.4831
2025-11-04,9.4829,9.5928,9.4822,9.5796
2025-11-05,9.5796,9.6009,9.5568,9.5627
2025-11-06,9.5627,9.6086,9.5227,9.5652
2025-11-07,9.5652,9.5873,9.5187,9.5284
2025-11-10,9.5313,9.5475,9.4865,9.5129
2025-11-11,9.5128,9.5286,9.4403,9.463
2025-11-12,9.463,9.4738,9.436,9.4453
2025-11-13,9.4454,9.4601,9.374,9.407
2025-11-14,9.407,9.4727,9.3903,9.4514
2025-11-17,9.4464,9.4885,9.4296,9.473
2025-11-18,9.473,9.5009,9.4628,9.4709
2025-11-19,9.4709,9.5692,9.4634,9.5467
2025-11-20,9.548,9.5668,9.5148,9.5545
2025-11-21,9.5544,9.5985,9.5345,9.5511
2025-11-24,9.5589,9.5655,9.5249,9.5559
2025-11-25,9.5407,9.5992,9.5161,9.5337
2025-11-26,9.5348,9.5457,9.4889,9.4975
2025-11-27,9.4975,9.5085,9.4733,9.4801
2025-11-28,9.4801,9.5106,9.4263,9.4474
2025-12-01,9.4485,9.4668,9.4084,9.4522
2025-12-02,9.4522,9.4681,9.4266,9.4348
2025-12-03,9.4388,9.4389,9.366,9.3719
2025-12-04,9.3719,9.4282,9.3705,9.4236
2025-12-05,9.4238,9.4274,9.3885,9.3988
2025-12-08,9.405,9.4311,9.3776,9.4035
2025-12-09,9.4035,9.4035,9.335,9.3653
2025-12-10,9.3653,9.3734,9.2524,9.2676
2025-12-11,9.2674,9.2885,9.227,9.2519
2025-12-12,9.2521,9.2996,9.2403,9.2725
2025-12-15,9.2742,9.3096,9.2543,9.2848
2025-12-16,9.2848,9.3167,9.2637,9.3033
2025-12-17,9.3034,9.3491,9.2809,9.3018
2025-12-18,9.302,9.3128,9.264,9.284
2025-12-19,9.2842,9.3231,9.2533,9.2677
2025-12-22,9.2608,9.2741,9.2159,9.2352
2025-12-23,9.2352,9.2391,9.1648,9.1691
2025-12-24,9.1691,9.1762,9.1432,9.175
2025-12-25,9.1776,9.1825,9.1645,9.176
2025-12-26,9.1756,9.1917,9.1398,9.1577
2025-12-29,9.1521,9.2004,9.1455,9.1824
2025-12-30,9.1826,9.2222,9.1635,9.1954
2025-12-31,9.1955,9.2324,9.1892,9.2108
2026-01-01,9.2137,9.2231,9.2126,9.2172
2026-01-02,9.2183,9.2386,9.1895,9.218
2026-01-05,9.2322,9.2579,9.1673,9.1776
2026-01-06,9.1779,9.232,9.1507,9.2028
2026-01-07,9.2032,9.2232,9.1699,9.189
2026-01-08,9.1892,9.2391,9.1774,9.2206
2026-01-09,9.2247,9.2387,9.1985,9.2095
2026-01-12,9.2211,9.2302,9.1496,9.169
2026-01-13,9.169,9.226,9.1633,9.225
2026-01-14,9.225,9.2311,9.1765,9.1983
2026-01-15,9.2001,9.2427,9.175,9.2234
2026-01-16,9.2253,9.2497,9.2101,9.2261
2026-01-19,9.2551,9.256,9.1926,9.2072
2026-01-20,9.207,9.2188,9.1033,9.1259
2026-01-21,9.132,9.1404,9.0642,9.1092
2026-01-22,9.1092,9.122,9.0037,9.0068
2026-01-23,9.007,9.0392,8.9374,8.945
2026-01-26,8.9395,8.9803,8.8526,8.9345
2026-01-27,8.9344,8.9641,8.7489,8.7724
2026-01-28,8.7672,8.8958,8.7666,8.838
2026-01-29,8.838,8.8792,8.7853,8.8044
2026-01-30,8.8044,8.9223,8.7811,8.9207
2026-02-02,8.9074,8.9871,8.8868,8.9658
2026-02-03,8.9709,8.9733,8.8889,8.9047
2026-02-04,8.9061,9.015,8.883,8.9866
2026-02-05,8.9866,9.0651,8.977,9.0516
2026-02-06,9.0516,9.088,9.0015,9.0273
2026-02-09,9.0145,9.0273,8.9053,8.9156
2026-02-10,8.9297,8.9466,8.8749,8.8883
2026-02-11,8.8933,8.9382,8.844,8.8994
2026-02-12,8.8993,8.9418,8.867,8.9282
2026-02-13,8.9283,8.964,8.9087,8.9225
2026-02-16,8.9242,8.9695,8.9104,8.9474
2026-02-17,8.9469,9.0357,8.9402,8.9684
2026-02-18,8.9684,9.0484,8.9578,9.0376
2026-02-19,9.0376,9.1077,9.0076,9.0669
2026-02-20,9.0667,9.0943,9.0149,9.0571
2026-02-23,9.0477,9.0958,9.0081,9.0582
2026-02-24,9.0567,9.0894,9.034,9.0567
2026-02-25,9.0567,9.0861,9.0124,9.0206
2026-02-26,9.0206,9.081,8.9996,9.0568
2026-02-27,9.0568,9.0679,9.0082,9.0288
2026-03-02,9.0726,9.1853,9.0433,9.161
2026-03-03,9.1612,9.351,9.1501,9.2633
2026-03-04,9.2633,9.2979,9.1515,9.1714
2026-03-05,9.1719,9.2818,9.1604,9.2263
2026-03-06,9.227,9.2734,9.1658,9.1778
2026-03-09,9.2344,9.3012,9.1306,9.1358
2026-03-10,9.1356,9.1881,9.0985,9.1817
2026-03-11,9.1817,9.2371,9.1379,9.2302
2026-03-12,9.2302,9.3636,9.2214,9.357
2026-03-13,9.3572,9.4889,9.3385,9.4801
2026-03-16,9.4634,9.4739,9.3202,9.3426
2026-03-17,9.343,9.3861,9.2611,9.2785
2026-03-18,9.2785,9.4272,9.2633,9.4223
2026-03-19,9.4223,9.4294,9.2507,9.2878
2026-03-20,9.2878,9.3912,9.276,9.3428
2026-03-23,9.343,9.4949,9.2689,9.3227
2026-03-24,9.3227,9.3875,9.2801,9.3042
2026-03-25,9.3041,9.3564,9.2646,9.3528
2026-03-26,9.3528,9.4511,9.337,9.4354
2026-03-27,9.4348,9.4763,9.4036,9.4744
2026-03-30,9.4548,9.5689,9.4482,9.548
2026-03-31,9.5484,9.5862,9.461,9.4689
2026-04-01,9.4693,9.4757,9.356,9.4087
2026-04-02,9.4087,9.5148,9.3895,9.4305
2026-04-03,9.4305,9.514,9.4134,9.4823
2026-04-06,9.4897,9.5018,9.3803,9.4472
2026-04-07,9.4472,9.5635,9.445,9.4729
2026-04-08,9.4729,9.4754,9.173,9.3132
2026-04-09,9.3136,9.3446,9.2435,9.2727
2026-04-10,9.273,9.3261,9.2091,9.2529
2026-04-13,9.3211,9.3525,9.1759,9.1929
2026-04-14,9.1917,9.2041,9.1445,9.187
2026-04-15,9.1864,9.2253,9.1513,9.1632
2026-04-16,9.1639,9.2077,9.1234,9.1881
2026-04-17,9.188,9.2063,9.0835,9.1623
2026-04-20,9.1764,9.2041,9.1187,9.1275
2026-04-21,9.1275,9.2113,9.12,9.2
2026-04-22,9.199,9.2208,9.1449,9.2109
2026-04-23,9.2103,9.2835,9.2023,9.264
2026-04-24,9.264,9.2784,9.2165,9.2208
2026-04-27,9.2513,9.2665,9.1782,9.2186
2026-04-28,9.2178,9.2981,9.2129,9.2721
2026-04-29,9.2721,9.3349,9.2552,9.3216
2026-04-30,9.321,9.3389,9.2199,9.2407
2026-05-01,9.2408,9.2542,9.1617,9.2133
2026-05-04,9.2203,9.3013,9.1945,9.2892
2026-05-05,9.2891,9.3176,9.238,9.2683
2026-05-06,9.2683,9.2775,9.1653,9.2362
2026-05-07,9.2362,9.2831,9.1889,9.2802
2026-05-08,9.2802,9.29,9.1922,9.2141
2026-05-11,9.2142,9.2668,9.1998,9.2206
2026-05-12,9.2206,9.318,9.2062,9.2935
2026-05-13,9.2936,9.3388,9.2854,9.3277
2026-05-14,9.3283,9.3676,9.3061,9.359
2026-05-15,9.359,9.4599,9.3568,9.4479
