Date,Open,High,Low,Close
2016-01-01,1.4185,1.4187,1.409,1.4122
2016-01-04,1.4188,1.428,1.4148,1.4242
2016-01-05,1.4242,1.4285,1.4226,1.4256
2016-01-06,1.4256,1.4391,1.4246,1.4362
2016-01-07,1.4362,1.4431,1.4292,1.4336
2016-01-08,1.4336,1.443,1.4274,1.4428
2016-01-11,1.4412,1.4444,1.432,1.4345
2016-01-12,1.4344,1.441,1.4313,1.4381
2016-01-13,1.4381,1.4387,1.4309,1.4367
2016-01-14,1.4367,1.441,1.4363,1.4368
2016-01-15,1.4368,1.4427,1.4363,1.4396
2016-01-18,1.441,1.4414,1.4381,1.4396
2016-01-19,1.4396,1.4402,1.4334,1.4368
2016-01-20,1.4368,1.4412,1.4355,1.4378
2016-01-21,1.4378,1.4396,1.4321,1.4323
2016-01-22,1.4323,1.4342,1.4254,1.4299
2016-01-25,1.4289,1.4317,1.4263,1.4302
2016-01-26,1.4302,1.4329,1.4242,1.4266
2016-01-27,1.4266,1.4326,1.4245,1.4324
2016-01-28,1.4324,1.4327,1.4234,1.4279
2016-01-29,1.4279,1.431,1.4204,1.4243
2016-02-01,1.4245,1.4278,1.4218,1.4226
2016-02-02,1.4226,1.4294,1.4218,1.4285
2016-02-03,1.4285,1.4336,1.4114,1.4136
2016-02-04,1.4136,1.4169,1.395,1.3974
2016-02-05,1.3974,1.4096,1.3935,1.4083
2016-02-08,1.4064,1.4105,1.4027,1.4047
2016-02-09,1.4047,1.4084,1.3951,1.3966
2016-02-10,1.3966,1.3978,1.3906,1.3917
2016-02-11,1.3917,1.3935,1.3861,1.3897
2016-02-12,1.3897,1.3997,1.3884,1.398
2016-02-15,1.3948,1.403,1.3945,1.4005
2016-02-16,1.4005,1.4067,1.3967,1.4056
2016-02-17,1.4056,1.4113,1.4025,1.4033
2016-02-18,1.4033,1.4057,1.401,1.403
2016-02-19,1.403,1.4094,1.4024,1.4053
2016-02-22,1.4046,1.4075,1.3983,1.3996
2016-02-23,1.3996,1.4092,1.3986,1.4074
2016-02-24,1.4074,1.411,1.4023,1.4054
2016-02-25,1.4054,1.4061,1.4002,1.4019
2016-02-26,1.4019,1.4099,1.3988,1.408
2016-02-29,1.409,1.4119,1.4039,1.4066
2016-03-01,1.4066,1.4072,1.3992,1.4006
2016-03-02,1.4006,1.4045,1.3968,1.3968
2016-03-03,1.3968,1.3989,1.3881,1.3889
2016-03-04,1.3889,1.3896,1.3734,1.3747
2016-03-07,1.3745,1.384,1.3742,1.3783
2016-03-08,1.3783,1.387,1.3782,1.3848
2016-03-09,1.3848,1.3884,1.3781,1.3825
2016-03-10,1.3825,1.3884,1.3785,1.3805
2016-03-11,1.3805,1.3837,1.3699,1.3733
2016-03-14,1.3735,1.3778,1.3722,1.3765
2016-03-15,1.3765,1.3827,1.3752,1.3818
2016-03-16,1.3818,1.3852,1.3647,1.3649
2016-03-17,1.3649,1.3673,1.3487,1.3499
2016-03-18,1.3499,1.3594,1.348,1.3581
2016-03-21,1.3573,1.3621,1.3569,1.3599
2016-03-22,1.3599,1.3643,1.3569,1.3597
2016-03-23,1.3597,1.3687,1.3581,1.3667
2016-03-24,1.3667,1.372,1.3663,1.3696
2016-03-25,1.3696,1.3737,1.3692,1.3717
2016-03-28,1.3713,1.3738,1.3681,1.3699
2016-03-29,1.3699,1.3709,1.3527,1.3544
2016-03-30,1.3543,1.3585,1.3463,1.3502
2016-03-31,1.3502,1.3525,1.3415,1.3484
2016-04-01,1.3484,1.3553,1.345,1.3508
2016-04-04,1.35,1.3538,1.3473,1.352
2016-04-05,1.352,1.3593,1.351,1.3567
2016-04-06,1.3567,1.3574,1.3453,1.3473
2016-04-07,1.3473,1.3536,1.3458,1.3527
2016-04-08,1.3527,1.3547,1.3462,1.3491
2016-04-11,1.3485,1.3498,1.3422,1.3437
2016-04-12,1.3437,1.3493,1.3432,1.3435
2016-04-13,1.3434,1.3533,1.3428,1.3507
2016-04-14,1.3507,1.3668,1.3491,1.3634
2016-04-15,1.3634,1.3658,1.3561,1.3575
2016-04-18,1.3569,1.3622,1.3502,1.3513
2016-04-19,1.3513,1.3522,1.3352,1.3373
2016-04-20,1.3373,1.3447,1.3362,1.3444
2016-04-21,1.3444,1.3509,1.3424,1.3494
2016-04-22,1.3494,1.3554,1.3468,1.3544
2016-04-25,1.3534,1.3562,1.3507,1.352
2016-04-26,1.352,1.3557,1.3491,1.3516
2016-04-27,1.3516,1.3562,1.3478,1.3493
2016-04-28,1.3493,1.3502,1.3416,1.3452
2016-04-29,1.3452,1.3472,1.3404,1.3442
2016-05-02,1.3451,1.3464,1.3404,1.3405
2016-05-03,1.3405,1.3528,1.3391,1.3524
2016-05-04,1.3524,1.3594,1.3507,1.3583
2016-05-05,1.3583,1.3608,1.3532,1.3589
2016-05-06,1.3589,1.3623,1.3536,1.3613
2016-05-09,1.3602,1.3723,1.3593,1.3718
2016-05-10,1.3718,1.373,1.3672,1.3688
2016-05-11,1.3688,1.3711,1.3648,1.3657
2016-05-12,1.3657,1.3734,1.3652,1.373
2016-05-13,1.373,1.376,1.3699,1.3722
2016-05-16,1.3735,1.3742,1.3668,1.3695
2016-05-17,1.3695,1.3715,1.3655,1.3694
2016-05-18,1.3694,1.3828,1.3688,1.382
2016-05-19,1.382,1.3829,1.3777,1.381
2016-05-20,1.381,1.3828,1.378,1.3817
2016-05-23,1.3817,1.3817,1.3772,1.378
2016-05-24,1.378,1.3842,1.3775,1.3816
2016-05-25,1.3816,1.3829,1.3777,1.3783
2016-05-26,1.3783,1.3787,1.372,1.3736
2016-05-27,1.3736,1.3804,1.3721,1.3795
2016-05-30,1.381,1.3837,1.3796,1.3816
2016-05-31,1.3816,1.3818,1.3757,1.3777
2016-06-01,1.3777,1.3799,1.3754,1.377
2016-06-02,1.377,1.3777,1.3739,1.3758
2016-06-03,1.3758,1.3774,1.3561,1.3573
2016-06-06,1.3574,1.3626,1.3539,1.3557
2016-06-07,1.3557,1.3589,1.3512,1.3514
2016-06-08,1.3514,1.3538,1.3453,1.3471
2016-06-09,1.3471,1.3546,1.3449,1.3528
2016-06-10,1.3528,1.3614,1.3522,1.3603
2016-06-13,1.3604,1.3623,1.353,1.3551
2016-06-14,1.3551,1.3571,1.3518,1.355
2016-06-15,1.355,1.3583,1.3486,1.3526
2016-06-16,1.3526,1.3546,1.3464,1.3488
2016-06-17,1.3488,1.3518,1.3461,1.3494
2016-06-20,1.3495,1.3498,1.3421,1.3431
2016-06-21,1.3431,1.3451,1.3394,1.343
2016-06-22,1.343,1.3438,1.3368,1.3384
2016-06-23,1.3384,1.3407,1.3313,1.3376
2016-06-24,1.3376,1.3722,1.3365,1.3535
2016-06-27,1.3504,1.3647,1.3501,1.3631
2016-06-28,1.3631,1.3633,1.3521,1.3535
2016-06-29,1.3535,1.3552,1.3457,1.3481
2016-06-30,1.3481,1.3547,1.344,1.3472
2016-07-01,1.3472,1.3483,1.341,1.3456
2016-07-04,1.3453,1.3467,1.3426,1.3455
2016-07-05,1.3455,1.3521,1.3453,1.3508
2016-07-06,1.3508,1.3571,1.3496,1.3503
2016-07-07,1.3503,1.3515,1.3462,1.3498
2016-07-08,1.3498,1.3538,1.3435,1.3461
2016-07-11,1.3455,1.3517,1.3443,1.3514
2016-07-12,1.3514,1.3528,1.3453,1.3463
2016-07-13,1.3463,1.3498,1.3453,1.3467
2016-07-14,1.3467,1.3481,1.3409,1.3424
2016-07-15,1.3424,1.3498,1.3421,1.3479
2016-07-18,1.3463,1.3498,1.3457,1.3475
2016-07-19,1.3475,1.355,1.3474,1.3535
2016-07-20,1.3535,1.3602,1.3527,1.3565
2016-07-21,1.3565,1.3595,1.353,1.3555
2016-07-22,1.3555,1.3595,1.3538,1.3586
2016-07-25,1.3587,1.3632,1.3583,1.3623
2016-07-26,1.3623,1.3639,1.3556,1.3585
2016-07-27,1.3586,1.3613,1.3525,1.3535
2016-07-28,1.3535,1.3547,1.3482,1.3541
2016-07-29,1.3541,1.3543,1.3392,1.3397
2016-08-01,1.3415,1.3431,1.3374,1.3422
2016-08-02,1.3422,1.3444,1.3358,1.3395
2016-08-03,1.3395,1.3439,1.3383,1.3422
2016-08-04,1.3422,1.3439,1.3396,1.342
2016-08-05,1.342,1.3483,1.3398,1.3469
2016-08-08,1.3468,1.3493,1.346,1.3467
2016-08-09,1.3467,1.3492,1.3437,1.3442
2016-08-10,1.3442,1.3448,1.3372,1.3417
2016-08-11,1.3417,1.3446,1.3396,1.3433
2016-08-12,1.3433,1.3472,1.3417,1.3451
2016-08-15,1.3453,1.3476,1.3416,1.3432
2016-08-16,1.3432,1.3439,1.3348,1.34
2016-08-17,1.34,1.346,1.3392,1.3429
2016-08-18,1.3429,1.343,1.3387,1.3392
2016-08-19,1.3392,1.3481,1.3389,1.3467
2016-08-22,1.3466,1.3539,1.344,1.3506
2016-08-23,1.3506,1.3521,1.3472,1.3514
2016-08-24,1.3514,1.3562,1.3513,1.3547
2016-08-25,1.3547,1.356,1.3518,1.3535
2016-08-26,1.3535,1.3598,1.3473,1.3592
2016-08-29,1.3579,1.3627,1.3579,1.3605
2016-08-30,1.3605,1.3649,1.3584,1.3647
2016-08-31,1.3647,1.3661,1.3615,1.3624
2016-09-01,1.3624,1.3654,1.3586,1.3596
2016-09-02,1.3596,1.3615,1.3513,1.3602
2016-09-05,1.3592,1.3608,1.3562,1.3566
2016-09-06,1.3566,1.3586,1.346,1.3466
2016-09-07,1.3466,1.3482,1.3436,1.3469
2016-09-08,1.3468,1.3518,1.3441,1.3517
2016-09-09,1.3517,1.3607,1.3501,1.3586
2016-09-12,1.3602,1.3632,1.3552,1.3561
2016-09-13,1.3561,1.3686,1.3552,1.3664
2016-09-14,1.3664,1.3682,1.3618,1.3635
2016-09-15,1.3635,1.3698,1.3621,1.3634
2016-09-16,1.3634,1.3695,1.3609,1.3681
2016-09-19,1.3682,1.3693,1.3603,1.3617
2016-09-20,1.3618,1.3638,1.3609,1.3619
2016-09-21,1.3619,1.3659,1.3523,1.3534
2016-09-22,1.3533,1.3574,1.3511,1.3562
2016-09-23,1.3562,1.36,1.3554,1.3591
2016-09-26,1.3588,1.3626,1.3579,1.3604
2016-09-27,1.3604,1.3622,1.3582,1.3597
2016-09-28,1.3597,1.3624,1.3591,1.3592
2016-09-29,1.3592,1.3647,1.3587,1.3643
2016-09-30,1.3643,1.3667,1.3622,1.3631
2016-10-03,1.3632,1.3664,1.363,1.3651
2016-10-04,1.3651,1.3714,1.3646,1.371
2016-10-05,1.371,1.372,1.3692,1.3698
2016-10-06,1.3698,1.3744,1.3682,1.3725
2016-10-07,1.3725,1.376,1.3704,1.3732
2016-10-10,1.3744,1.3755,1.3716,1.3748
2016-10-11,1.3748,1.3799,1.3747,1.3795
2016-10-12,1.3795,1.3859,1.3773,1.3836
2016-10-13,1.3836,1.3869,1.3807,1.3812
2016-10-14,1.3812,1.3917,1.3776,1.3903
2016-10-17,1.3905,1.393,1.3883,1.3894
2016-10-18,1.3894,1.3895,1.3844,1.3856
2016-10-19,1.3856,1.3878,1.384,1.3867
2016-10-20,1.3867,1.3928,1.3855,1.3921
2016-10-21,1.3921,1.396,1.391,1.3941
2016-10-24,1.3944,1.3947,1.391,1.3932
2016-10-25,1.3932,1.3949,1.3888,1.3897
2016-10-26,1.3897,1.3913,1.3876,1.3909
2016-10-27,1.391,1.3964,1.3905,1.3947
2016-10-28,1.3947,1.3962,1.3911,1.3919
2016-10-31,1.392,1.3943,1.3906,1.3911
2016-11-01,1.3911,1.3917,1.388,1.3886
2016-11-02,1.3886,1.3912,1.3819,1.3844
2016-11-03,1.3844,1.3866,1.3826,1.3837
2016-11-04,1.3837,1.3864,1.3828,1.3833
2016-11-07,1.3835,1.3913,1.3834,1.3895
2016-11-08,1.3895,1.3923,1.3857,1.3864
2016-11-09,1.3864,1.3996,1.3851,1.3992
2016-11-10,1.3992,1.412,1.3972,1.4116
2016-11-11,1.4116,1.4159,1.4072,1.4126
2016-11-14,1.4123,1.418,1.4123,1.4149
2016-11-15,1.4149,1.4159,1.4096,1.4134
2016-11-16,1.4134,1.4197,1.4122,1.4151
2016-11-17,1.4151,1.4212,1.4129,1.4208
2016-11-18,1.4208,1.4289,1.4201,1.4263
2016-11-21,1.426,1.4284,1.4216,1.4241
2016-11-22,1.4242,1.4279,1.4202,1.4237
2016-11-23,1.4238,1.4349,1.4228,1.4319
2016-11-24,1.4319,1.4365,1.429,1.4322
2016-11-25,1.4322,1.4345,1.426,1.4274
2016-11-28,1.4278,1.4287,1.4208,1.424
2016-11-29,1.424,1.4313,1.4228,1.4251
2016-11-30,1.4251,1.4355,1.4226,1.4334
2016-12-01,1.4334,1.4352,1.4256,1.4261
2016-12-02,1.4261,1.427,1.4186,1.4196
2016-12-05,1.4205,1.4266,1.4171,1.419
2016-12-06,1.419,1.4215,1.4177,1.4208
2016-12-07,1.4208,1.4236,1.4166,1.4168
2016-12-08,1.4168,1.4252,1.415,1.4233
2016-12-09,1.4233,1.4328,1.4227,1.4309
2016-12-12,1.4314,1.4334,1.4233,1.4235
2016-12-13,1.4235,1.4273,1.4226,1.424
2016-12-14,1.424,1.4388,1.4222,1.4371
2016-12-15,1.4371,1.4481,1.4357,1.4424
2016-12-16,1.4424,1.4489,1.4406,1.4454
2016-12-19,1.4453,1.4496,1.4421,1.4491
2016-12-20,1.4491,1.4507,1.4433,1.4458
2016-12-21,1.4458,1.4474,1.4411,1.4452
2016-12-22,1.4452,1.4517,1.4435,1.4509
2016-12-23,1.4509,1.4515,1.4427,1.4473
2016-12-26,1.4459,1.449,1.4453,1.4474
2016-12-27,1.4474,1.4519,1.4463,1.4496
2016-12-28,1.4496,1.4537,1.4479,1.4504
2016-12-29,1.4504,1.4517,1.4473,1.4482
2016-12-30,1.4482,1.4489,1.443,1.4468
2017-01-02,1.4485,1.4511,1.447,1.4507
2017-01-03,1.4507,1.4547,1.4461,1.4503
2017-01-04,1.4503,1.4507,1.4387,1.4399
2017-01-05,1.4399,1.4408,1.4277,1.4283
2017-01-06,1.4283,1.4396,1.427,1.439
2017-01-09,1.4388,1.4438,1.434,1.4363
2017-01-10,1.4363,1.4383,1.4317,1.4362
2017-01-11,1.4362,1.4409,1.4242,1.4271
2017-01-12,1.4271,1.4292,1.4217,1.4273
2017-01-13,1.4273,1.434,1.4253,1.4283
2017-01-16,1.428,1.4309,1.4267,1.4304
2017-01-17,1.4304,1.4304,1.4152,1.4154
2017-01-18,1.4154,1.43,1.4152,1.4296
2017-01-19,1.4295,1.4309,1.424,1.4261
2017-01-20,1.4261,1.4312,1.4235,1.4263
2017-01-23,1.424,1.4249,1.4174,1.4178
2017-01-24,1.4178,1.4218,1.4148,1.4213
2017-01-25,1.4213,1.4217,1.4124,1.4131
2017-01-26,1.4131,1.4282,1.4112,1.4265
2017-01-27,1.4265,1.4328,1.4245,1.4315
2017-01-30,1.4306,1.4307,1.4194,1.4211
2017-01-31,1.4211,1.4214,1.4069,1.4098
2017-02-01,1.4098,1.4168,1.4084,1.4128
2017-02-02,1.4129,1.4134,1.4079,1.4114
2017-02-03,1.4114,1.4155,1.4055,1.4099
2017-02-06,1.4095,1.4128,1.4054,1.4092
2017-02-07,1.4092,1.4199,1.4087,1.418
2017-02-08,1.4181,1.4197,1.4137,1.4166
2017-02-09,1.4166,1.4206,1.4136,1.4205
2017-02-10,1.4205,1.4229,1.4179,1.4205
2017-02-13,1.4207,1.4259,1.42,1.424
2017-02-14,1.424,1.4245,1.4156,1.4211
2017-02-15,1.4211,1.4266,1.4184,1.4188
2017-02-16,1.4188,1.4204,1.4164,1.4166
2017-02-17,1.4166,1.4199,1.415,1.4185
2017-02-20,1.4186,1.4192,1.417,1.418
2017-02-21,1.418,1.4232,1.4179,1.4206
2017-02-22,1.4206,1.4209,1.4109,1.4126
2017-02-23,1.4126,1.4162,1.4051,1.4064
2017-02-24,1.4064,1.4092,1.4022,1.405
2017-02-27,1.4043,1.4069,1.4001,1.4043
2017-02-28,1.4043,1.4065,1.3975,1.4032
2017-03-01,1.4032,1.4114,1.4028,1.409
2017-03-02,1.409,1.4142,1.4084,1.4129
2017-03-03,1.4129,1.4169,1.4092,1.4107
2017-03-06,1.411,1.413,1.4083,1.4122
2017-03-07,1.4122,1.4133,1.4089,1.4113
2017-03-08,1.4113,1.4185,1.4091,1.4179
2017-03-09,1.418,1.4219,1.4171,1.4205
2017-03-10,1.4205,1.4219,1.411,1.4126
2017-03-13,1.412,1.415,1.4092,1.4142
2017-03-14,1.4142,1.4162,1.4134,1.4155
2017-03-15,1.4155,1.4161,1.401,1.4012
2017-03-16,1.4012,1.4064,1.4006,1.4013
2017-03-17,1.4013,1.4039,1.4002,1.402
2017-03-20,1.402,1.4023,1.3956,1.3967
2017-03-21,1.3967,1.4004,1.3956,1.3995
2017-03-22,1.3995,1.4028,1.3971,1.398
2017-03-23,1.398,1.4011,1.3977,1.3995
2017-03-24,1.3995,1.402,1.3957,1.3991
2017-03-27,1.3976,1.3987,1.3909,1.3934
2017-03-28,1.3934,1.3981,1.3917,1.398
2017-03-29,1.398,1.3988,1.3934,1.3941
2017-03-30,1.3941,1.3983,1.3931,1.3982
2017-03-31,1.3982,1.3999,1.3958,1.3971
2017-04-03,1.3974,1.401,1.3951,1.3972
2017-04-04,1.3972,1.4009,1.3959,1.3985
2017-04-05,1.3985,1.4024,1.3975,1.4012
2017-04-06,1.4012,1.4032,1.3994,1.4023
2017-04-07,1.4023,1.4062,1.3985,1.4051
2017-04-10,1.4051,1.4082,1.4044,1.4051
2017-04-11,1.405,1.4078,1.4024,1.4037
2017-04-12,1.4037,1.4045,1.3951,1.3952
2017-04-13,1.3952,1.3992,1.3931,1.3984
2017-04-14,1.3984,1.3989,1.3966,1.3983
2017-04-17,1.3975,1.3985,1.3934,1.3981
2017-04-18,1.3981,1.4001,1.3956,1.3958
2017-04-19,1.3958,1.3991,1.395,1.3984
2017-04-20,1.3984,1.3988,1.3956,1.3978
2017-04-21,1.3978,1.3989,1.396,1.3973
2017-04-24,1.3961,1.3968,1.3919,1.3927
2017-04-25,1.3927,1.3948,1.3907,1.394
2017-04-26,1.394,1.399,1.3921,1.396
2017-04-27,1.3961,1.3987,1.3944,1.3973
2017-04-28,1.3973,1.3979,1.3946,1.397
2017-05-01,1.397,1.3982,1.3955,1.3969
2017-05-02,1.3969,1.3971,1.3925,1.394
2017-05-03,1.394,1.3975,1.3919,1.3974
2017-05-04,1.3974,1.4019,1.3964,1.4005
2017-05-05,1.4005,1.4063,1.4001,1.4049
2017-05-08,1.405,1.4068,1.4027,1.4059
2017-05-09,1.4059,1.4125,1.4054,1.4117
2017-05-10,1.4117,1.4121,1.4094,1.4106
2017-05-11,1.4106,1.4129,1.4072,1.4074
2017-05-12,1.4074,1.4095,1.4035,1.4039
2017-05-15,1.4043,1.4046,1.3974,1.3981
2017-05-16,1.3981,1.3989,1.3941,1.3951
2017-05-17,1.395,1.3959,1.3899,1.3905
2017-05-18,1.3905,1.3949,1.3891,1.3928
2017-05-19,1.3928,1.3934,1.3838,1.3861
2017-05-22,1.3859,1.3887,1.3851,1.3861
2017-05-23,1.3861,1.3908,1.3856,1.3905
2017-05-24,1.3905,1.3918,1.3843,1.3846
2017-05-25,1.3846,1.3872,1.3823,1.3866
2017-05-26,1.3866,1.387,1.3808,1.3819
2017-05-29,1.382,1.3865,1.3814,1.3863
2017-05-30,1.3863,1.3884,1.3839,1.3844
2017-05-31,1.3844,1.3864,1.3821,1.3832
2017-06-01,1.3832,1.387,1.3828,1.3865
2017-06-02,1.3865,1.3869,1.3805,1.3807
2017-06-05,1.382,1.383,1.3787,1.3816
2017-06-06,1.3816,1.382,1.3785,1.3795
2017-06-07,1.3795,1.3828,1.3787,1.3825
2017-06-08,1.3825,1.3839,1.3803,1.3822
2017-06-09,1.3822,1.3853,1.3808,1.3845
2017-06-12,1.3848,1.3851,1.3828,1.3842
2017-06-13,1.3842,1.3847,1.3805,1.381
2017-06-14,1.381,1.3823,1.3709,1.3761
2017-06-15,1.3761,1.3843,1.3743,1.3838
2017-06-16,1.3838,1.3869,1.3822,1.3829
2017-06-19,1.3832,1.3874,1.3809,1.387
2017-06-20,1.387,1.3907,1.3852,1.3893
2017-06-21,1.3893,1.3915,1.3884,1.3893
2017-06-22,1.3893,1.3912,1.3879,1.3902
2017-06-23,1.3902,1.391,1.3856,1.3874
2017-06-26,1.3861,1.389,1.3858,1.3881
2017-06-27,1.3881,1.3891,1.3847,1.3872
2017-06-28,1.3872,1.3875,1.3811,1.3822
2017-06-29,1.3822,1.3825,1.3787,1.3792
2017-06-30,1.3792,1.3795,1.3757,1.3762
2017-07-03,1.3768,1.3831,1.3758,1.3827
2017-07-04,1.3827,1.3833,1.3808,1.3829
2017-07-05,1.383,1.3841,1.3799,1.3808
2017-07-06,1.3808,1.384,1.3799,1.3822
2017-07-07,1.3822,1.3836,1.379,1.3822
2017-07-10,1.3822,1.3864,1.3813,1.3848
2017-07-11,1.3848,1.3856,1.3815,1.382
2017-07-12,1.382,1.3822,1.3769,1.3775
2017-07-13,1.3775,1.3788,1.3741,1.3742
2017-07-14,1.3742,1.3768,1.3694,1.3719
2017-07-17,1.3711,1.3723,1.3669,1.3693
2017-07-18,1.3693,1.3708,1.3657,1.3665
2017-07-19,1.3665,1.3699,1.3654,1.3684
2017-07-20,1.3684,1.3709,1.3648,1.3662
2017-07-21,1.3662,1.3676,1.3615,1.3628
2017-07-24,1.3628,1.3639,1.3598,1.3621
2017-07-25,1.3621,1.3634,1.3593,1.3623
2017-07-26,1.3623,1.3642,1.3556,1.3573
2017-07-27,1.3573,1.3608,1.3543,1.3594
2017-07-28,1.3594,1.3615,1.3561,1.3568
2017-07-31,1.3575,1.3585,1.3546,1.3553
2017-08-01,1.3553,1.3586,1.3545,1.3579
2017-08-02,1.3579,1.3612,1.357,1.3589
2017-08-03,1.3589,1.3618,1.358,1.3587
2017-08-04,1.3587,1.3621,1.3554,1.3611
2017-08-07,1.3604,1.3639,1.3593,1.3628
2017-08-08,1.3628,1.3643,1.3596,1.3632
2017-08-09,1.3632,1.3648,1.3621,1.3637
2017-08-10,1.3636,1.3654,1.3618,1.3636
2017-08-11,1.3636,1.3645,1.3589,1.3609
2017-08-14,1.3604,1.3634,1.3587,1.3628
2017-08-15,1.3628,1.3689,1.3621,1.3669
2017-08-16,1.3669,1.369,1.3619,1.3625
2017-08-17,1.3625,1.3673,1.3618,1.3666
2017-08-18,1.3666,1.3674,1.3622,1.3628
2017-08-21,1.3634,1.3641,1.3601,1.3608
2017-08-22,1.3608,1.3629,1.3598,1.3624
2017-08-23,1.3624,1.3637,1.3599,1.3612
2017-08-24,1.3612,1.3627,1.3599,1.3619
2017-08-25,1.3619,1.3622,1.3551,1.3558
2017-08-28,1.3572,1.3572,1.3529,1.3536
2017-08-29,1.3536,1.3565,1.3507,1.355
2017-08-30,1.355,1.3589,1.3537,1.3584
2017-08-31,1.3584,1.3611,1.3556,1.3559
2017-09-01,1.3559,1.3584,1.3506,1.357
2017-09-04,1.3578,1.3585,1.3558,1.3572
2017-09-05,1.3572,1.3575,1.3516,1.3532
2017-09-06,1.3532,1.3539,1.3483,1.3498
2017-09-07,1.3498,1.351,1.3396,1.3399
2017-09-08,1.3399,1.3427,1.3346,1.3418
2017-09-11,1.3413,1.347,1.3411,1.3469
2017-09-12,1.3469,1.3481,1.3437,1.3474
2017-09-13,1.3474,1.3514,1.344,1.3507
2017-09-14,1.3507,1.3539,1.3464,1.3469
2017-09-15,1.3469,1.348,1.3425,1.3452
2017-09-18,1.3453,1.3497,1.3425,1.3478
2017-09-19,1.3478,1.3495,1.3456,1.3473
2017-09-20,1.3473,1.3519,1.3403,1.3486
2017-09-21,1.3486,1.3534,1.3486,1.3495
2017-09-22,1.3494,1.3508,1.3436,1.3459
2017-09-25,1.3485,1.3518,1.3447,1.3511
2017-09-26,1.3511,1.3575,1.3502,1.3545
2017-09-27,1.3545,1.3607,1.3543,1.3594
2017-09-28,1.3594,1.3647,1.3574,1.3578
2017-09-29,1.3578,1.3594,1.3556,1.3576
2017-10-02,1.3568,1.363,1.3568,1.3615
2017-10-03,1.3615,1.3662,1.3608,1.3621
2017-10-04,1.3621,1.3625,1.3585,1.3614
2017-10-05,1.3614,1.3649,1.3607,1.3644
2017-10-06,1.3644,1.3691,1.3636,1.365
2017-10-09,1.3655,1.3665,1.3625,1.3633
2017-10-10,1.3633,1.3638,1.355,1.3561
2017-10-11,1.3561,1.3581,1.3535,1.3543
2017-10-12,1.3543,1.3552,1.351,1.3524
2017-10-13,1.3524,1.3566,1.3491,1.3492
2017-10-16,1.35,1.3531,1.3493,1.3518
2017-10-17,1.3519,1.3579,1.3511,1.3561
2017-10-18,1.3561,1.3588,1.354,1.3568
2017-10-19,1.3568,1.3595,1.3555,1.3566
2017-10-20,1.3566,1.3616,1.3563,1.3613
2017-10-23,1.3611,1.3636,1.361,1.3617
2017-10-24,1.3617,1.363,1.3591,1.3626
2017-10-25,1.3626,1.3639,1.3601,1.3605
2017-10-26,1.3606,1.3677,1.3589,1.3674
2017-10-27,1.3673,1.3714,1.3645,1.3648
2017-10-30,1.3659,1.3667,1.3603,1.3608
2017-10-31,1.3608,1.3637,1.3599,1.3628
2017-11-01,1.3628,1.3643,1.3593,1.361
2017-11-02,1.361,1.3616,1.357,1.3591
2017-11-03,1.3591,1.3652,1.3586,1.3649
2017-11-06,1.3645,1.366,1.3614,1.3615
2017-11-07,1.3614,1.3653,1.3611,1.3641
2017-11-08,1.3643,1.365,1.3613,1.3618
2017-11-09,1.3619,1.3629,1.3585,1.359
2017-11-10,1.3589,1.3613,1.3583,1.3602
2017-11-13,1.3606,1.3624,1.36,1.3618
2017-11-14,1.3618,1.3629,1.3586,1.3591
2017-11-15,1.3591,1.3601,1.3532,1.3567
2017-11-16,1.3567,1.3578,1.3551,1.3565
2017-11-17,1.3565,1.3579,1.3534,1.3561
2017-11-20,1.3555,1.358,1.3543,1.3569
2017-11-21,1.3569,1.3579,1.3533,1.3545
2017-11-22,1.3545,1.3551,1.3467,1.3471
2017-11-23,1.3471,1.3487,1.3451,1.3454
2017-11-24,1.3453,1.3477,1.3448,1.3456
2017-11-27,1.3455,1.3482,1.3435,1.3459
2017-11-28,1.3459,1.3476,1.3441,1.3461
2017-11-29,1.3461,1.3478,1.3442,1.347
2017-11-30,1.347,1.3508,1.3463,1.3477
2017-12-01,1.3477,1.3496,1.342,1.3464
2017-12-04,1.3455,1.35,1.3455,1.3476
2017-12-05,1.3476,1.3484,1.3454,1.3471
2017-12-06,1.3471,1.3497,1.3466,1.349
2017-12-07,1.349,1.3517,1.3481,1.3516
2017-12-08,1.3516,1.3539,1.351,1.353
2017-12-11,1.3526,1.3532,1.3503,1.3515
2017-12-12,1.3515,1.3539,1.3506,1.3521
2017-12-13,1.3521,1.3533,1.3462,1.3465
2017-12-14,1.3465,1.3492,1.3444,1.3456
2017-12-15,1.3456,1.349,1.3453,1.3488
2017-12-18,1.3481,1.3497,1.3465,1.3472
2017-12-19,1.3472,1.3485,1.3463,1.3466
2017-12-20,1.3466,1.3474,1.3435,1.3446
2017-12-21,1.3446,1.3461,1.3433,1.3436
2017-12-22,1.3436,1.3454,1.3433,1.3437
2017-12-25,1.3438,1.3464,1.3422,1.3439
2017-12-26,1.344,1.3445,1.343,1.3437
2017-12-27,1.3437,1.344,1.3387,1.3396
2017-12-28,1.3396,1.3408,1.3372,1.3378
2017-12-29,1.3378,1.3384,1.3357,1.336
2018-01-02,1.337,1.3377,1.3277,1.3293
2018-01-03,1.3293,1.331,1.3282,1.3299
2018-01-04,1.3299,1.3315,1.327,1.3279
2018-01-05,1.3279,1.3283,1.3256,1.3264
2018-01-08,1.327,1.333,1.3259,1.3325
2018-01-09,1.3325,1.3368,1.3308,1.3356
2018-01-10,1.3356,1.3369,1.3308,1.3343
2018-01-11,1.3343,1.3354,1.3291,1.3294
2018-01-12,1.3294,1.3303,1.3231,1.3244
2018-01-15,1.3239,1.3257,1.32,1.3212
2018-01-16,1.3212,1.3249,1.3197,1.3207
2018-01-17,1.3207,1.3256,1.3184,1.3246
2018-01-18,1.3246,1.3275,1.3203,1.3209
2018-01-19,1.3209,1.3215,1.3175,1.3208
2018-01-22,1.3193,1.3223,1.3186,1.319
2018-01-23,1.3189,1.3208,1.317,1.3174
2018-01-24,1.3174,1.3177,1.3071,1.3073
2018-01-25,1.3072,1.3127,1.3009,1.31
2018-01-26,1.31,1.3127,1.3044,1.3074
2018-01-29,1.3069,1.3127,1.3061,1.3103
2018-01-30,1.3103,1.315,1.3086,1.312
2018-01-31,1.312,1.3137,1.3072,1.3121
2018-02-01,1.3121,1.3142,1.3079,1.3082
2018-02-02,1.3082,1.32,1.3079,1.3198
2018-02-05,1.3186,1.322,1.3161,1.3217
2018-02-06,1.3217,1.3238,1.3189,1.3189
2018-02-07,1.3189,1.3254,1.3168,1.3253
2018-02-08,1.3253,1.3322,1.3235,1.3312
2018-02-09,1.3312,1.334,1.3276,1.3277
2018-02-12,1.33,1.3305,1.3229,1.3231
2018-02-13,1.3231,1.3252,1.3207,1.3228
2018-02-14,1.3228,1.3254,1.314,1.3142
2018-02-15,1.3142,1.3154,1.3085,1.3091
2018-02-16,1.3092,1.3132,1.3058,1.3112
2018-02-19,1.3117,1.3149,1.3103,1.3135
2018-02-20,1.3135,1.3201,1.313,1.3187
2018-02-21,1.3187,1.3239,1.3167,1.3237
2018-02-22,1.3237,1.3257,1.3175,1.3192
2018-02-23,1.3192,1.3246,1.3177,1.3195
2018-02-26,1.3198,1.3213,1.3147,1.316
2018-02-27,1.316,1.3246,1.3146,1.3243
2018-02-28,1.3243,1.3264,1.3223,1.3248
2018-03-01,1.3248,1.3286,1.3225,1.323
2018-03-02,1.3229,1.3233,1.3185,1.32
2018-03-05,1.3196,1.3214,1.318,1.3183
2018-03-06,1.3183,1.3201,1.3149,1.3161
2018-03-07,1.3161,1.3188,1.3139,1.3141
2018-03-08,1.3141,1.3186,1.3138,1.3175
2018-03-09,1.3175,1.3197,1.3145,1.3166
2018-03-12,1.3161,1.3172,1.312,1.3129
2018-03-13,1.3129,1.3145,1.3096,1.3121
2018-03-14,1.3121,1.3128,1.3083,1.3093
2018-03-15,1.3093,1.3146,1.3086,1.3135
2018-03-16,1.3135,1.3183,1.3118,1.3177
2018-03-19,1.3177,1.3193,1.315,1.3169
2018-03-20,1.3169,1.3194,1.3144,1.3191
2018-03-21,1.3191,1.3194,1.3119,1.3125
2018-03-22,1.3125,1.3178,1.3113,1.3172
2018-03-23,1.3172,1.3173,1.3126,1.3151
2018-03-26,1.3141,1.3153,1.3084,1.309
2018-03-27,1.309,1.3105,1.3054,1.3101
2018-03-28,1.3101,1.3129,1.3073,1.312
2018-03-29,1.312,1.3137,1.3098,1.3111
2018-03-30,1.3111,1.3119,1.3097,1.3115
2018-04-02,1.3109,1.313,1.3093,1.3124
2018-04-03,1.3124,1.3131,1.309,1.3116
2018-04-04,1.3116,1.3156,1.3098,1.3122
2018-04-05,1.3122,1.317,1.3116,1.3162
2018-04-06,1.3163,1.3197,1.3151,1.3158
2018-04-09,1.3159,1.3168,1.3111,1.3117
2018-04-10,1.3117,1.3119,1.309,1.3092
2018-04-11,1.3092,1.3099,1.3077,1.3086
2018-04-12,1.3086,1.3132,1.3077,1.3126
2018-04-13,1.3126,1.3131,1.3083,1.3121
2018-04-16,1.3121,1.3134,1.3101,1.3102
2018-04-17,1.3102,1.3119,1.3083,1.3114
2018-04-18,1.3114,1.3121,1.3093,1.3099
2018-04-19,1.3099,1.3121,1.3088,1.3116
2018-04-20,1.3116,1.3174,1.3105,1.3163
2018-04-23,1.3156,1.3262,1.3156,1.3254
2018-04-24,1.3254,1.3276,1.3218,1.3221
2018-04-25,1.3221,1.3297,1.3218,1.3289
2018-04-26,1.3289,1.3291,1.3244,1.3274
2018-04-27,1.3274,1.3288,1.3234,1.3236
2018-04-30,1.3249,1.3262,1.3227,1.3259
2018-05-01,1.3259,1.3343,1.3256,1.3336
2018-05-02,1.3336,1.3371,1.3316,1.3364
2018-05-03,1.3364,1.3368,1.3299,1.3308
2018-05-04,1.3308,1.336,1.3293,1.3341
2018-05-07,1.3339,1.3374,1.3317,1.3355
2018-05-08,1.3355,1.3416,1.3338,1.34
2018-05-09,1.34,1.3462,1.3393,1.3459
2018-05-10,1.3459,1.349,1.3363,1.3379
2018-05-11,1.3379,1.3386,1.3329,1.3365
2018-05-14,1.3348,1.336,1.3308,1.3359
2018-05-15,1.3359,1.3457,1.335,1.3446
2018-05-16,1.3446,1.3457,1.3389,1.3398
2018-05-17,1.3398,1.3436,1.3374,1.3422
2018-05-18,1.3422,1.3459,1.3411,1.3434
2018-05-21,1.3438,1.3472,1.3397,1.3401
2018-05-22,1.3401,1.3414,1.3359,1.3391
2018-05-23,1.3391,1.3464,1.3384,1.3433
2018-05-24,1.3433,1.345,1.3384,1.3392
2018-05-25,1.3392,1.3424,1.3377,1.342
2018-05-28,1.3431,1.3431,1.3379,1.3428
2018-05-29,1.3428,1.3484,1.3422,1.3457
2018-05-30,1.3457,1.3471,1.3385,1.3392
2018-05-31,1.3392,1.3407,1.3361,1.3376
2018-06-01,1.3376,1.3401,1.3366,1.3396
2018-06-04,1.3386,1.3393,1.3334,1.3366
2018-06-05,1.3366,1.3369,1.3337,1.3347
2018-06-06,1.3347,1.3348,1.3316,1.3325
2018-06-07,1.3325,1.3342,1.3308,1.3338
2018-06-08,1.3338,1.3372,1.3331,1.336
2018-06-11,1.3353,1.3361,1.3335,1.3349
2018-06-12,1.3349,1.3377,1.3332,1.3368
2018-06-13,1.3368,1.3395,1.3344,1.3354
2018-06-14,1.3354,1.345,1.3332,1.3449
2018-06-15,1.3449,1.3519,1.343,1.351
2018-06-18,1.347,1.3535,1.347,1.3514
2018-06-19,1.3514,1.36,1.3503,1.357
2018-06-20,1.357,1.359,1.3551,1.3587
2018-06-21,1.3587,1.3642,1.3568,1.3583
2018-06-22,1.3583,1.3596,1.3537,1.3586
2018-06-25,1.3586,1.3654,1.357,1.3621
2018-06-26,1.3621,1.3639,1.3593,1.3631
2018-06-27,1.3631,1.3685,1.3616,1.3675
2018-06-28,1.3676,1.3705,1.3659,1.3677
2018-06-29,1.3677,1.3688,1.3621,1.3624
2018-07-02,1.3628,1.3716,1.3624,1.3692
2018-07-03,1.3692,1.3746,1.3645,1.3648
2018-07-04,1.3648,1.3658,1.3607,1.3651
2018-07-05,1.3651,1.3676,1.3629,1.3649
2018-07-06,1.3649,1.3663,1.3563,1.358
2018-07-09,1.358,1.3586,1.3528,1.3567
2018-07-10,1.3567,1.3587,1.3531,1.3571
2018-07-11,1.3571,1.3644,1.357,1.3642
2018-07-12,1.3642,1.3652,1.3606,1.3632
2018-07-13,1.3632,1.369,1.3618,1.3658
2018-07-16,1.3669,1.3671,1.3609,1.3621
2018-07-17,1.3621,1.3656,1.3587,1.3648
2018-07-18,1.3648,1.37,1.3641,1.3652
2018-07-19,1.3652,1.3746,1.3645,1.3708
2018-07-20,1.3708,1.3737,1.3618,1.3631
2018-07-23,1.3625,1.3662,1.3593,1.3653
2018-07-24,1.3653,1.3678,1.3623,1.3634
2018-07-25,1.3634,1.3652,1.3582,1.3584
2018-07-26,1.3584,1.3644,1.3572,1.3637
2018-07-27,1.3637,1.365,1.3604,1.3616
2018-07-30,1.362,1.3635,1.3603,1.361
2018-07-31,1.361,1.3634,1.3602,1.3615
2018-08-01,1.3615,1.3629,1.3609,1.3618
2018-08-02,1.3618,1.3692,1.3616,1.3687
2018-08-03,1.3687,1.3712,1.3643,1.3659
2018-08-06,1.3666,1.3694,1.3653,1.3681
2018-08-07,1.3681,1.3693,1.3632,1.3644
2018-08-08,1.3644,1.3658,1.3623,1.363
2018-08-09,1.363,1.3679,1.3617,1.3677
2018-08-10,1.3677,1.3738,1.3661,1.3734
2018-08-13,1.3728,1.3774,1.3721,1.3757
2018-08-14,1.3757,1.379,1.3721,1.3779
2018-08-15,1.3779,1.3819,1.3775,1.3802
2018-08-16,1.3802,1.3807,1.3735,1.3752
2018-08-17,1.3752,1.3764,1.3708,1.3713
2018-08-20,1.3718,1.3728,1.3691,1.3692
2018-08-21,1.3692,1.3694,1.3645,1.3657
2018-08-22,1.3657,1.3678,1.3648,1.3664
2018-08-23,1.3664,1.3746,1.3661,1.3734
2018-08-24,1.3734,1.3745,1.3647,1.3656
2018-08-27,1.3658,1.3672,1.362,1.3623
2018-08-28,1.3623,1.3647,1.3607,1.364
2018-08-29,1.364,1.368,1.3629,1.3652
2018-08-30,1.3652,1.3687,1.3642,1.3676
2018-08-31,1.3676,1.373,1.3664,1.3721
2018-09-03,1.3721,1.3733,1.3693,1.3717
2018-09-04,1.3717,1.3783,1.3713,1.3762
2018-09-05,1.3762,1.3814,1.3748,1.3757
2018-09-06,1.3757,1.3785,1.374,1.3751
2018-09-07,1.3751,1.3796,1.3742,1.3786
2018-09-10,1.3786,1.3815,1.378,1.3789
2018-09-11,1.3789,1.3809,1.3748,1.3754
2018-09-12,1.3753,1.3778,1.3716,1.372
2018-09-13,1.372,1.373,1.3677,1.3704
2018-09-14,1.3704,1.3744,1.3676,1.3742
2018-09-17,1.3742,1.3756,1.3706,1.372
2018-09-18,1.372,1.3753,1.3691,1.3708
2018-09-19,1.3708,1.3719,1.3682,1.369
2018-09-20,1.369,1.3696,1.3641,1.3645
2018-09-21,1.3645,1.3659,1.3612,1.364
2018-09-24,1.3648,1.3675,1.3638,1.3657
2018-09-25,1.3657,1.3668,1.3649,1.366
2018-09-26,1.366,1.3664,1.3621,1.3655
2018-09-27,1.3655,1.3682,1.3643,1.368
2018-09-28,1.368,1.3688,1.366,1.367
2018-10-01,1.3675,1.3721,1.3666,1.3717
2018-10-02,1.3717,1.3768,1.3714,1.3731
2018-10-03,1.3731,1.38,1.3723,1.3797
2018-10-04,1.3797,1.3829,1.3781,1.3808
2018-10-05,1.3808,1.3834,1.3798,1.3825
2018-10-08,1.383,1.3866,1.382,1.3836
2018-10-09,1.3836,1.3873,1.3823,1.3829
2018-10-10,1.3829,1.3838,1.3796,1.3835
2018-10-11,1.3835,1.3839,1.3764,1.3764
2018-10-12,1.3764,1.3786,1.3734,1.3782
2018-10-15,1.3777,1.3795,1.3752,1.3768
2018-10-16,1.3768,1.3781,1.373,1.375
2018-10-17,1.375,1.3783,1.3728,1.3782
2018-10-18,1.3782,1.3821,1.3773,1.3819
2018-10-19,1.3819,1.382,1.3764,1.3778
2018-10-22,1.3773,1.3809,1.3761,1.38
2018-10-23,1.38,1.3817,1.3776,1.3789
2018-10-24,1.3789,1.3816,1.3772,1.3813
2018-10-25,1.3813,1.3818,1.3787,1.3811
2018-10-26,1.3811,1.3848,1.3796,1.38
2018-10-29,1.3808,1.3837,1.3798,1.3837
2018-10-30,1.3837,1.3852,1.3823,1.3849
2018-10-31,1.3849,1.3872,1.3845,1.3857
2018-11-01,1.3857,1.3862,1.3757,1.3764
2018-11-02,1.3764,1.3774,1.3703,1.3757
2018-11-05,1.3741,1.3772,1.3716,1.375
2018-11-06,1.375,1.3759,1.373,1.3734
2018-11-07,1.3734,1.3763,1.3685,1.3719
2018-11-08,1.3719,1.3758,1.3696,1.3757
2018-11-09,1.3757,1.3799,1.3748,1.3791
2018-11-12,1.3786,1.3852,1.3781,1.3842
2018-11-13,1.3842,1.3854,1.3791,1.3798
2018-11-14,1.3798,1.3822,1.3764,1.3791
2018-11-15,1.3791,1.3797,1.374,1.375
2018-11-16,1.375,1.377,1.3717,1.3731
2018-11-19,1.3731,1.3744,1.3711,1.3724
2018-11-20,1.3724,1.3755,1.3704,1.3748
2018-11-21,1.3748,1.3767,1.3719,1.3727
2018-11-22,1.3727,1.3742,1.3722,1.3731
2018-11-23,1.3731,1.3758,1.3723,1.3749
2018-11-26,1.3749,1.3758,1.3725,1.3748
2018-11-27,1.3748,1.3797,1.374,1.3776
2018-11-28,1.3777,1.3788,1.3715,1.3729
2018-11-29,1.3729,1.3737,1.3693,1.3704
2018-11-30,1.3704,1.3732,1.3692,1.3724
2018-12-03,1.3705,1.3707,1.3659,1.3673
2018-12-04,1.3673,1.3678,1.3627,1.3653
2018-12-05,1.3653,1.3688,1.3646,1.367
2018-12-06,1.367,1.3722,1.3667,1.3694
2018-12-07,1.3694,1.3711,1.3682,1.37
2018-12-10,1.3703,1.3749,1.369,1.3737
2018-12-11,1.3737,1.3753,1.3718,1.3738
2018-12-12,1.3738,1.375,1.3711,1.3722
2018-12-13,1.3722,1.3729,1.3698,1.3714
2018-12-14,1.3714,1.3774,1.371,1.3764
2018-12-17,1.3767,1.3773,1.3726,1.3728
2018-12-18,1.3728,1.3731,1.3698,1.3703
2018-12-19,1.3703,1.3731,1.3679,1.3725
2018-12-20,1.3725,1.3732,1.3669,1.3707
2018-12-21,1.3707,1.3754,1.3683,1.3738
2018-12-24,1.373,1.3747,1.371,1.3735
2018-12-25,1.3735,1.3754,1.3707,1.3726
2018-12-26,1.373,1.3735,1.3703,1.3721
2018-12-27,1.3721,1.3738,1.3706,1.3708
2018-12-28,1.3708,1.3712,1.3653,1.3663
2018-12-31,1.3661,1.3672,1.3615,1.3629
2019-01-01,1.3629,1.365,1.3607,1.3632
2019-01-02,1.3632,1.3667,1.3625,1.3665
2019-01-03,1.3665,1.368,1.3633,1.3641
2019-01-04,1.3641,1.3648,1.3585,1.3593
2019-01-07,1.3593,1.3599,1.3555,1.3562
2019-01-08,1.3562,1.3594,1.3555,1.3581
2019-01-09,1.3581,1.3581,1.3527,1.3533
2019-01-10,1.3534,1.3548,1.3502,1.3526
2019-01-11,1.3526,1.354,1.3499,1.3534
2019-01-14,1.353,1.3555,1.3516,1.3535
2019-01-15,1.3535,1.3576,1.3514,1.3566
2019-01-16,1.3567,1.3568,1.3538,1.3552
2019-01-17,1.3552,1.3575,1.3539,1.3559
2019-01-18,1.3559,1.3588,1.3547,1.3587
2019-01-21,1.358,1.3609,1.3576,1.3593
2019-01-22,1.3593,1.3615,1.3587,1.3599
2019-01-23,1.3599,1.3606,1.3585,1.3588
2019-01-24,1.3588,1.3616,1.3569,1.361
2019-01-25,1.361,1.3615,1.3526,1.3533
2019-01-28,1.3533,1.3545,1.3511,1.3528
2019-01-29,1.3528,1.3547,1.3512,1.3521
2019-01-30,1.3521,1.3527,1.346,1.3473
2019-01-31,1.3473,1.3474,1.3443,1.3456
2019-02-01,1.3455,1.351,1.3453,1.35
2019-02-04,1.3495,1.3539,1.3492,1.3528
2019-02-05,1.3528,1.3537,1.3508,1.3517
2019-02-06,1.3517,1.356,1.3507,1.3559
2019-02-07,1.3558,1.3574,1.3544,1.3564
2019-02-08,1.3564,1.3586,1.3548,1.3563
2019-02-11,1.3564,1.3614,1.3552,1.361
2019-02-12,1.361,1.3614,1.3559,1.3562
2019-02-13,1.3562,1.3601,1.3538,1.3597
2019-02-14,1.3597,1.3601,1.3566,1.358
2019-02-15,1.358,1.3596,1.3559,1.3566
2019-02-18,1.3569,1.3571,1.3548,1.3566
2019-02-19,1.3567,1.3578,1.3528,1.3529
2019-02-20,1.3529,1.3534,1.3497,1.3517
2019-02-21,1.3517,1.3547,1.3501,1.3533
2019-02-22,1.3533,1.3553,1.3502,1.3511
2019-02-25,1.3518,1.3519,1.3486,1.3498
2019-02-26,1.3498,1.3509,1.3471,1.3473
2019-02-27,1.3473,1.3499,1.3471,1.3486
2019-02-28,1.3486,1.3524,1.3477,1.3521
2019-03-01,1.3521,1.3557,1.3508,1.3552
2019-03-04,1.3547,1.3559,1.3528,1.3548
2019-03-05,1.3548,1.357,1.3542,1.3556
2019-03-06,1.3556,1.3586,1.3555,1.3575
2019-03-07,1.3575,1.3612,1.3565,1.3609
2019-03-08,1.3609,1.3614,1.3581,1.3588
2019-03-11,1.3588,1.3601,1.3578,1.358
2019-03-12,1.3579,1.358,1.3551,1.356
2019-03-13,1.356,1.3571,1.3522,1.3524
2019-03-14,1.3524,1.3572,1.3521,1.3558
2019-03-15,1.3559,1.3561,1.3522,1.3531
2019-03-18,1.353,1.3535,1.3509,1.3512
2019-03-19,1.3512,1.3519,1.3504,1.3511
2019-03-20,1.3511,1.3529,1.3458,1.347
2019-03-21,1.347,1.3512,1.3454,1.349
2019-03-22,1.349,1.3531,1.3483,1.3526
2019-03-25,1.3523,1.3533,1.3495,1.3501
2019-03-26,1.3501,1.3524,1.349,1.3523
2019-03-27,1.3523,1.3567,1.3517,1.3554
2019-03-28,1.3554,1.3575,1.3542,1.3565
2019-03-29,1.3565,1.3568,1.3538,1.3557
2019-04-01,1.3551,1.3552,1.3531,1.3544
2019-04-02,1.3544,1.3571,1.3544,1.355
2019-04-03,1.355,1.3558,1.3522,1.3537
2019-04-04,1.3537,1.355,1.3525,1.3547
2019-04-05,1.3547,1.3561,1.3535,1.3549
2019-04-08,1.3553,1.3566,1.3541,1.3545
2019-04-09,1.3545,1.3549,1.3523,1.3536
2019-04-10,1.3536,1.3544,1.3515,1.3518
2019-04-11,1.3518,1.3563,1.3516,1.3562
2019-04-12,1.3562,1.358,1.3524,1.3529
2019-04-15,1.3529,1.3535,1.3518,1.353
2019-04-16,1.353,1.355,1.3523,1.3545
2019-04-17,1.3545,1.3553,1.352,1.3528
2019-04-18,1.3528,1.3565,1.3523,1.3559
2019-04-19,1.3559,1.356,1.3547,1.3552
2019-04-22,1.3554,1.357,1.3548,1.3561
2019-04-23,1.3561,1.3585,1.3554,1.357
2019-04-24,1.357,1.363,1.3566,1.3619
2019-04-25,1.3619,1.3658,1.3616,1.3631
2019-04-26,1.3631,1.3643,1.36,1.362
2019-04-29,1.3617,1.3629,1.3603,1.3616
2019-04-30,1.3616,1.3634,1.3596,1.3608
2019-05-01,1.3608,1.3623,1.3573,1.361
2019-05-02,1.361,1.3633,1.3601,1.3626
2019-05-03,1.3626,1.3645,1.36,1.3605
2019-05-06,1.3607,1.3661,1.3607,1.3631
2019-05-07,1.3631,1.3644,1.3607,1.3629
2019-05-08,1.3629,1.3635,1.3603,1.3624
2019-05-09,1.3624,1.3657,1.362,1.3641
2019-05-10,1.3641,1.3651,1.3619,1.3626
2019-05-13,1.3626,1.3707,1.3625,1.3705
2019-05-14,1.3705,1.3708,1.3678,1.3689
2019-05-15,1.3689,1.37,1.3678,1.3683
2019-05-16,1.3683,1.3729,1.368,1.3725
2019-05-17,1.3725,1.379,1.3722,1.3774
2019-05-20,1.3773,1.3782,1.3744,1.3766
2019-05-21,1.3766,1.3794,1.375,1.377
2019-05-22,1.377,1.3813,1.3765,1.3792
2019-05-23,1.3792,1.383,1.3788,1.3804
2019-05-24,1.3804,1.3805,1.3748,1.3753
2019-05-27,1.3751,1.3754,1.3731,1.3752
2019-05-28,1.3752,1.3798,1.3746,1.3795
2019-05-29,1.3795,1.3837,1.3788,1.3812
2019-05-30,1.3812,1.3817,1.3782,1.3791
2019-05-31,1.3791,1.3808,1.3734,1.3748
2019-06-03,1.3748,1.376,1.3656,1.3666
2019-06-04,1.3666,1.37,1.3658,1.3663
2019-06-05,1.3663,1.3673,1.3626,1.3662
2019-06-06,1.3662,1.367,1.3625,1.3641
2019-06-07,1.3641,1.3684,1.361,1.362
2019-06-10,1.3614,1.3678,1.3614,1.3664
2019-06-11,1.3664,1.3668,1.3631,1.3642
2019-06-12,1.3642,1.3674,1.3631,1.3668
2019-06-13,1.3668,1.3672,1.3654,1.3668
2019-06-14,1.3668,1.3722,1.3663,1.3716
2019-06-17,1.3706,1.3716,1.3695,1.3709
2019-06-18,1.3709,1.3725,1.3665,1.367
2019-06-19,1.367,1.3682,1.3611,1.363
2019-06-20,1.363,1.3635,1.3552,1.3563
2019-06-21,1.3563,1.358,1.3545,1.3552
2019-06-24,1.3562,1.3564,1.3532,1.3535
2019-06-25,1.3535,1.3557,1.3521,1.3545
2019-06-26,1.3545,1.356,1.3527,1.3548
2019-06-27,1.3548,1.3556,1.3526,1.3534
2019-06-28,1.3534,1.3539,1.3524,1.353
2019-07-01,1.3528,1.357,1.3503,1.3558
2019-07-02,1.3558,1.3574,1.3551,1.3561
2019-07-03,1.3561,1.3575,1.3547,1.3562
2019-07-04,1.3562,1.3567,1.3545,1.3561
2019-07-05,1.3561,1.3625,1.3554,1.3596
2019-07-08,1.36,1.3617,1.3582,1.3599
2019-07-09,1.3599,1.3624,1.3594,1.3615
2019-07-10,1.3615,1.3625,1.3569,1.3585
2019-07-11,1.3585,1.3587,1.3544,1.3572
2019-07-12,1.3572,1.361,1.3568,1.357
2019-07-15,1.3577,1.3588,1.3553,1.3562
2019-07-16,1.3562,1.3587,1.3556,1.3585
2019-07-17,1.3585,1.3626,1.358,1.3609
2019-07-18,1.3609,1.3617,1.3564,1.3567
2019-07-19,1.3567,1.3613,1.3558,1.3604
2019-07-22,1.3597,1.3618,1.3594,1.3609
2019-07-23,1.3609,1.3658,1.3598,1.3655
2019-07-24,1.3655,1.3665,1.3629,1.3646
2019-07-25,1.3646,1.3687,1.3641,1.3674
2019-07-26,1.3674,1.3705,1.367,1.3696
2019-07-29,1.3694,1.372,1.3684,1.3703
2019-07-30,1.3703,1.3713,1.3689,1.3705
2019-07-31,1.3705,1.3747,1.3679,1.3743
2019-08-01,1.3743,1.3779,1.3708,1.377
2019-08-02,1.377,1.3784,1.3743,1.3773
2019-08-05,1.3762,1.3848,1.3755,1.3847
2019-08-06,1.3847,1.3869,1.3794,1.3816
2019-08-07,1.3816,1.3848,1.3798,1.3826
2019-08-08,1.3826,1.3845,1.3805,1.382
2019-08-09,1.382,1.386,1.3811,1.3851
2019-08-12,1.3854,1.3888,1.3839,1.387
2019-08-13,1.3869,1.3895,1.3806,1.3833
2019-08-14,1.3833,1.3906,1.3831,1.39
2019-08-15,1.39,1.3906,1.3867,1.389
2019-08-16,1.389,1.3895,1.384,1.3845
2019-08-19,1.3853,1.3872,1.3839,1.3866
2019-08-20,1.3866,1.3876,1.3846,1.3849
2019-08-21,1.3849,1.3857,1.3825,1.3836
2019-08-22,1.3836,1.3874,1.3832,1.3855
2019-08-23,1.3855,1.3888,1.3843,1.387
2019-08-26,1.3879,1.3925,1.3866,1.3881
2019-08-27,1.3881,1.3902,1.3874,1.3893
2019-08-28,1.3893,1.3896,1.3879,1.3888
2019-08-29,1.3888,1.3895,1.3862,1.3877
2019-08-30,1.3877,1.3898,1.3865,1.3872
2019-09-02,1.3887,1.3914,1.3874,1.3907
2019-09-03,1.3907,1.3942,1.3903,1.3905
2019-09-04,1.3905,1.3906,1.3841,1.3844
2019-09-05,1.3844,1.3858,1.3821,1.3838
2019-09-06,1.3838,1.3851,1.3794,1.3814
2019-09-09,1.3816,1.3823,1.3786,1.3797
2019-09-10,1.3797,1.3814,1.3788,1.3802
2019-09-11,1.3802,1.3805,1.378,1.3795
2019-09-12,1.3795,1.3795,1.3726,1.3751
2019-09-13,1.3751,1.3758,1.372,1.3732
2019-09-16,1.3732,1.3763,1.3728,1.3755
2019-09-17,1.3755,1.3778,1.3739,1.374
2019-09-18,1.374,1.3766,1.3724,1.3749
2019-09-19,1.3749,1.3795,1.3744,1.3787
2019-09-20,1.3787,1.3792,1.374,1.3766
2019-09-23,1.3769,1.3791,1.3756,1.378
2019-09-24,1.378,1.3786,1.375,1.3758
2019-09-25,1.3758,1.3795,1.3753,1.3787
2019-09-26,1.3787,1.3824,1.3781,1.3818
2019-09-27,1.3818,1.3831,1.3799,1.3817
2019-09-30,1.3818,1.3835,1.3808,1.3819
2019-10-01,1.3819,1.3879,1.3816,1.3849
2019-10-02,1.3849,1.3868,1.384,1.3842
2019-10-03,1.3842,1.3853,1.3785,1.3801
2019-10-04,1.3801,1.3811,1.3777,1.3787
2019-10-07,1.3791,1.3826,1.3788,1.381
2019-10-08,1.381,1.3828,1.3786,1.3825
2019-10-09,1.3825,1.3828,1.3792,1.3808
2019-10-10,1.3808,1.3826,1.3749,1.3757
2019-10-11,1.3757,1.376,1.3702,1.3733
2019-10-14,1.3732,1.3742,1.3679,1.3696
2019-10-15,1.3696,1.3719,1.3684,1.3708
2019-10-16,1.3708,1.3733,1.3695,1.37
2019-10-17,1.37,1.3708,1.3635,1.3645
2019-10-18,1.3645,1.3661,1.3634,1.3641
2019-10-21,1.3642,1.3645,1.3604,1.361
2019-10-22,1.361,1.3634,1.3602,1.3627
2019-10-23,1.3627,1.3645,1.3619,1.3623
2019-10-24,1.3623,1.3642,1.3611,1.3636
2019-10-25,1.3636,1.3642,1.3626,1.3632
2019-10-28,1.363,1.3636,1.3616,1.3622
2019-10-29,1.3622,1.3639,1.3617,1.3623
2019-10-30,1.3623,1.3647,1.3614,1.3621
2019-10-31,1.3621,1.3627,1.3597,1.3603
2019-11-01,1.3603,1.3612,1.3564,1.3577
2019-11-04,1.3571,1.359,1.3559,1.359
2019-11-05,1.359,1.3594,1.3558,1.3583
2019-11-06,1.3583,1.361,1.3575,1.3594
2019-11-07,1.3594,1.3607,1.3562,1.3576
2019-11-08,1.3576,1.3606,1.3569,1.359
2019-11-11,1.3598,1.362,1.3595,1.3608
2019-11-12,1.3608,1.3626,1.3599,1.3619
2019-11-13,1.3619,1.3634,1.3613,1.3628
2019-11-14,1.3628,1.3636,1.3617,1.362
2019-11-15,1.3621,1.3626,1.36,1.3605
2019-11-18,1.3603,1.3616,1.3596,1.3605
2019-11-19,1.3605,1.3616,1.3598,1.3609
2019-11-20,1.3609,1.3627,1.3606,1.3622
2019-11-21,1.3622,1.3634,1.3611,1.3631
2019-11-22,1.3631,1.3649,1.3617,1.3642
2019-11-25,1.3637,1.3658,1.3634,1.3648
2019-11-26,1.3648,1.3668,1.364,1.3641
2019-11-27,1.3641,1.3665,1.3639,1.3652
2019-11-28,1.3652,1.3665,1.3649,1.3659
2019-11-29,1.3659,1.3678,1.3656,1.3677
2019-12-02,1.3669,1.3691,1.3654,1.3661
2019-12-03,1.3661,1.3668,1.3636,1.3644
2019-12-04,1.3644,1.3655,1.3619,1.3633
2019-12-05,1.3633,1.3634,1.3604,1.3607
2019-12-06,1.3607,1.3616,1.3593,1.3606
2019-12-09,1.3605,1.3615,1.3592,1.3594
2019-12-10,1.3594,1.3603,1.3582,1.3584
2019-12-11,1.3584,1.3602,1.3572,1.3573
2019-12-12,1.3573,1.3578,1.3543,1.3544
2019-12-13,1.3544,1.3559,1.3514,1.3533
2019-12-16,1.3535,1.3568,1.3533,1.3545
2019-12-17,1.3545,1.3563,1.354,1.355
2019-12-18,1.355,1.3571,1.3549,1.3553
2019-12-19,1.3553,1.3561,1.3544,1.3552
2019-12-20,1.3552,1.3564,1.3546,1.3552
2019-12-23,1.3552,1.3568,1.3548,1.3558
2019-12-24,1.3558,1.3563,1.3549,1.3557
2019-12-25,1.3557,1.3558,1.3544,1.3551
2019-12-26,1.3551,1.3557,1.3537,1.3543
2019-12-27,1.3543,1.3546,1.3518,1.3523
2019-12-30,1.3524,1.3526,1.3482,1.3486
2019-12-31,1.3486,1.3492,1.3445,1.3459
2020-01-01,1.3459,1.3461,1.3448,1.3449
2020-01-02,1.3448,1.3483,1.3446,1.3471
2020-01-03,1.3471,1.3509,1.3467,1.3493
2020-01-06,1.3499,1.3512,1.3485,1.3493
2020-01-07,1.3493,1.3515,1.3477,1.3497
2020-01-08,1.3497,1.3526,1.3496,1.3511
2020-01-09,1.3511,1.3524,1.3491,1.3517
2020-01-10,1.3517,1.3517,1.3481,1.3484
2020-01-13,1.349,1.3494,1.3459,1.3466
2020-01-14,1.3466,1.3484,1.3456,1.3468
2020-01-15,1.3468,1.3484,1.346,1.3461
2020-01-16,1.3461,1.3474,1.3451,1.3472
2020-01-17,1.3472,1.3479,1.3455,1.3473
2020-01-20,1.3474,1.3483,1.3463,1.3467
2020-01-21,1.3467,1.3505,1.3463,1.3499
2020-01-22,1.3499,1.3511,1.3485,1.3488
2020-01-23,1.3488,1.3527,1.3481,1.3512
2020-01-24,1.3512,1.3523,1.3496,1.351
2020-01-27,1.3528,1.3583,1.3522,1.3577
2020-01-28,1.3577,1.3598,1.3568,1.3578
2020-01-29,1.3578,1.3622,1.3567,1.3606
2020-01-30,1.3606,1.364,1.36,1.3623
2020-01-31,1.3623,1.3671,1.3609,1.3648
2020-02-03,1.3649,1.3695,1.3644,1.3686
2020-02-04,1.3686,1.373,1.3684,1.3704
2020-02-05,1.3704,1.3825,1.3701,1.3813
2020-02-06,1.3813,1.3868,1.3799,1.3857
2020-02-07,1.3857,1.3916,1.3852,1.3895
2020-02-10,1.3906,1.3923,1.3879,1.3895
2020-02-11,1.3895,1.3897,1.386,1.3864
2020-02-12,1.3864,1.3878,1.385,1.3865
2020-02-13,1.3865,1.39,1.3862,1.3894
2020-02-14,1.3894,1.3927,1.3886,1.3923
2020-02-17,1.3917,1.3917,1.3882,1.3893
2020-02-18,1.3893,1.3934,1.3887,1.3926
2020-02-19,1.3926,1.3949,1.3904,1.3946
2020-02-20,1.3946,1.4083,1.3938,1.401
2020-02-21,1.401,1.4026,1.3967,1.3978
2020-02-24,1.401,1.4043,1.3984,1.3998
2020-02-25,1.3998,1.4004,1.3957,1.3988
2020-02-26,1.3988,1.4008,1.3967,1.3977
2020-02-27,1.3977,1.3979,1.3938,1.3952
2020-02-28,1.3952,1.3991,1.3928,1.3932
2020-03-02,1.3951,1.397,1.388,1.3905
2020-03-03,1.3905,1.3945,1.3842,1.3883
2020-03-04,1.3883,1.3898,1.3831,1.3846
2020-03-05,1.3846,1.3878,1.3825,1.383
2020-03-06,1.383,1.3862,1.3771,1.3785
2020-03-09,1.3788,1.3861,1.376,1.3846
2020-03-10,1.3846,1.3919,1.3831,1.3915
2020-03-11,1.3915,1.3952,1.3881,1.3951
2020-03-12,1.3951,1.4119,1.3937,1.4094
2020-03-13,1.4095,1.4179,1.4062,1.415
2020-03-16,1.4121,1.423,1.4053,1.4209
2020-03-17,1.4209,1.4325,1.4174,1.4292
2020-03-18,1.4292,1.4467,1.4266,1.4445
2020-03-19,1.4445,1.4568,1.4383,1.4509
2020-03-20,1.4509,1.4543,1.4416,1.4506
2020-03-23,1.4502,1.4647,1.4492,1.461
2020-03-24,1.461,1.4624,1.4456,1.4463
2020-03-25,1.4463,1.4513,1.4445,1.4474
2020-03-26,1.4474,1.4511,1.4305,1.4312
2020-03-27,1.4312,1.4364,1.4249,1.4268
2020-03-30,1.4271,1.4296,1.4216,1.4248
2020-03-31,1.4248,1.4279,1.4208,1.422
2020-04-01,1.422,1.4376,1.421,1.4361
2020-04-02,1.4361,1.4384,1.4284,1.4312
2020-04-03,1.4312,1.4416,1.4294,1.4393
2020-04-06,1.4394,1.4417,1.4314,1.4325
2020-04-07,1.4325,1.4327,1.4221,1.4233
2020-04-08,1.4233,1.4296,1.423,1.4258
2020-04-09,1.4259,1.4272,1.4157,1.4171
2020-04-10,1.4172,1.4207,1.4123,1.4129
2020-04-13,1.4144,1.4181,1.4135,1.4155
2020-04-14,1.4155,1.4173,1.4133,1.4139
2020-04-15,1.4139,1.4279,1.413,1.4236
2020-04-16,1.4236,1.4308,1.4234,1.4279
2020-04-17,1.4279,1.4282,1.4213,1.4231
2020-04-20,1.4219,1.4249,1.4186,1.421
2020-04-21,1.421,1.4329,1.4202,1.4318
2020-04-22,1.4318,1.4324,1.4254,1.4274
2020-04-23,1.4274,1.4299,1.421,1.4237
2020-04-24,1.4237,1.4279,1.4234,1.4242
2020-04-27,1.4244,1.4253,1.4178,1.4187
2020-04-28,1.4187,1.4223,1.4149,1.4172
2020-04-29,1.4172,1.4173,1.4113,1.412
2020-04-30,1.4119,1.4133,1.407,1.4099
2020-05-01,1.4099,1.4168,1.4096,1.4155
2020-05-04,1.416,1.4206,1.4156,1.4168
2020-05-05,1.4168,1.4176,1.4131,1.4156
2020-05-06,1.4156,1.4217,1.4146,1.4206
2020-05-07,1.4205,1.4231,1.4137,1.4148
2020-05-08,1.4148,1.415,1.411,1.4129
2020-05-11,1.4138,1.4186,1.4115,1.4171
2020-05-12,1.4171,1.4205,1.4143,1.4178
2020-05-13,1.4178,1.4206,1.4138,1.42
2020-05-14,1.42,1.4265,1.4175,1.4235
2020-05-15,1.4235,1.4279,1.4224,1.4268
2020-05-18,1.4267,1.4278,1.4178,1.4183
2020-05-19,1.4183,1.4198,1.4139,1.4167
2020-05-20,1.4167,1.4182,1.4121,1.413
2020-05-21,1.4129,1.4181,1.4126,1.4175
2020-05-22,1.4175,1.426,1.416,1.4249
2020-05-25,1.425,1.4269,1.4239,1.4248
2020-05-26,1.4248,1.4252,1.4151,1.4162
2020-05-27,1.4162,1.4217,1.4144,1.4204
2020-05-28,1.4204,1.422,1.4153,1.4176
2020-05-29,1.4176,1.4186,1.4106,1.4135
2020-06-01,1.4125,1.4141,1.4047,1.4074
2020-06-02,1.4074,1.4086,1.3993,1.4004
2020-06-03,1.4004,1.4013,1.3952,1.3979
2020-06-04,1.3979,1.4028,1.3956,1.3983
2020-06-05,1.3983,1.3983,1.3909,1.3935
2020-06-08,1.3929,1.3948,1.3877,1.3879
2020-06-09,1.3879,1.3939,1.387,1.3892
2020-06-10,1.3892,1.3909,1.3804,1.3833
2020-06-11,1.3833,1.3942,1.3818,1.3931
2020-06-12,1.3931,1.396,1.3886,1.3926
2020-06-15,1.393,1.3982,1.3903,1.3918
2020-06-16,1.3918,1.3963,1.3872,1.3947
2020-06-17,1.3947,1.3964,1.3917,1.3934
2020-06-18,1.3934,1.3958,1.3911,1.3941
2020-06-19,1.394,1.3981,1.3925,1.3974
2020-06-22,1.398,1.3994,1.3918,1.3924
2020-06-23,1.3924,1.3967,1.3886,1.3911
2020-06-24,1.3911,1.3934,1.3871,1.3933
2020-06-25,1.3933,1.3942,1.3909,1.3914
2020-06-26,1.3914,1.3949,1.3904,1.3935
2020-06-29,1.3929,1.3952,1.392,1.3935
2020-06-30,1.3935,1.3976,1.3928,1.3936
2020-07-01,1.3936,1.3963,1.3923,1.3937
2020-07-02,1.3937,1.3957,1.3919,1.3947
2020-07-03,1.3947,1.3958,1.394,1.3945
2020-07-06,1.3944,1.3946,1.3909,1.3921
2020-07-07,1.3921,1.3971,1.3903,1.3951
2020-07-08,1.3951,1.3966,1.3911,1.3912
2020-07-09,1.3912,1.3935,1.3896,1.3921
2020-07-10,1.3921,1.3951,1.3899,1.391
2020-07-13,1.3915,1.3918,1.3874,1.3905
2020-07-14,1.3905,1.3948,1.3895,1.392
2020-07-15,1.392,1.3929,1.3875,1.3893
2020-07-16,1.3893,1.3936,1.3888,1.3925
2020-07-17,1.3925,1.3928,1.3896,1.3902
2020-07-20,1.3902,1.3918,1.3886,1.3889
2020-07-21,1.3889,1.3915,1.382,1.383
2020-07-22,1.383,1.3875,1.382,1.3856
2020-07-23,1.3856,1.3874,1.3824,1.386
2020-07-24,1.386,1.387,1.3822,1.3824
2020-07-27,1.3832,1.3838,1.3781,1.3787
2020-07-28,1.3787,1.3816,1.376,1.379
2020-07-29,1.379,1.3797,1.3731,1.3737
2020-07-30,1.3737,1.3775,1.3719,1.3722
2020-07-31,1.3722,1.376,1.3689,1.3745
2020-08-03,1.3744,1.3787,1.3739,1.3761
2020-08-04,1.3761,1.3782,1.3728,1.3732
2020-08-05,1.3732,1.3738,1.367,1.3698
2020-08-06,1.3698,1.3715,1.3679,1.3688
2020-08-07,1.3688,1.3738,1.3686,1.3727
2020-08-10,1.3728,1.3746,1.3717,1.3739
2020-08-11,1.3739,1.3754,1.3702,1.3734
2020-08-12,1.3734,1.3756,1.3714,1.3721
2020-08-13,1.3721,1.3737,1.3707,1.3728
2020-08-14,1.3728,1.3741,1.3702,1.3709
2020-08-17,1.3724,1.3729,1.3677,1.3679
2020-08-18,1.3679,1.3686,1.3635,1.3646
2020-08-19,1.3646,1.3708,1.3628,1.3701
2020-08-20,1.3701,1.3712,1.3669,1.3671
2020-08-21,1.3671,1.3736,1.3652,1.3717
2020-08-24,1.3719,1.3728,1.3676,1.3707
2020-08-25,1.3707,1.3711,1.3679,1.368
2020-08-26,1.3681,1.3695,1.3654,1.3656
2020-08-27,1.3656,1.3689,1.3625,1.3662
2020-08-28,1.3662,1.3669,1.358,1.3581
2020-08-31,1.359,1.3613,1.3576,1.3603
2020-09-01,1.3603,1.3619,1.356,1.3614
2020-09-02,1.3614,1.3644,1.3593,1.3625
2020-09-03,1.3625,1.3663,1.3621,1.3646
2020-09-04,1.3646,1.3689,1.3633,1.3647
2020-09-07,1.3648,1.3673,1.3642,1.3662
2020-09-08,1.3662,1.3719,1.366,1.3708
2020-09-09,1.3708,1.3719,1.3663,1.3664
2020-09-10,1.3664,1.3702,1.3633,1.3699
2020-09-11,1.3699,1.3702,1.3657,1.3678
2020-09-14,1.3679,1.3688,1.3627,1.3644
2020-09-15,1.3644,1.365,1.359,1.361
2020-09-16,1.361,1.3622,1.3564,1.3586
2020-09-17,1.3586,1.3629,1.357,1.357
2020-09-18,1.357,1.3599,1.3554,1.3599
2020-09-21,1.3593,1.3644,1.3543,1.3622
2020-09-22,1.3622,1.3668,1.361,1.3653
2020-09-23,1.3653,1.3734,1.3642,1.3723
2020-09-24,1.3723,1.3783,1.3712,1.376
2020-09-25,1.3761,1.3795,1.3729,1.3776
2020-09-28,1.3778,1.3779,1.3719,1.373
2020-09-29,1.373,1.3731,1.3673,1.3688
2020-09-30,1.3688,1.371,1.3644,1.3654
2020-10-01,1.3654,1.366,1.3615,1.3635
2020-10-02,1.3635,1.3677,1.3627,1.3638
2020-10-05,1.3637,1.3642,1.3591,1.3607
2020-10-06,1.3607,1.3631,1.3584,1.3629
2020-10-07,1.3629,1.3636,1.3584,1.3597
2020-10-08,1.3597,1.3605,1.3573,1.3582
2020-10-09,1.3582,1.3589,1.3527,1.3548
2020-10-12,1.3558,1.358,1.3538,1.3572
2020-10-13,1.3572,1.361,1.3569,1.3602
2020-10-14,1.3602,1.3605,1.3555,1.3573
2020-10-15,1.3573,1.3624,1.357,1.3599
2020-10-16,1.3599,1.3615,1.3575,1.3582
2020-10-19,1.3584,1.3586,1.3564,1.3578
2020-10-20,1.3578,1.3589,1.356,1.3574
2020-10-21,1.3574,1.3575,1.3534,1.3544
2020-10-22,1.3544,1.3577,1.3539,1.3569
2020-10-23,1.3569,1.3599,1.3555,1.3579
2020-10-26,1.3584,1.3623,1.3573,1.3614
2020-10-27,1.3614,1.3615,1.358,1.3606
2020-10-28,1.3606,1.3666,1.3588,1.3653
2020-10-29,1.3653,1.3684,1.3626,1.3671
2020-10-30,1.3671,1.3676,1.3629,1.3664
2020-11-02,1.366,1.3685,1.3644,1.3654
2020-11-03,1.3654,1.3658,1.3592,1.3605
2020-11-04,1.3604,1.3713,1.3568,1.3584
2020-11-05,1.3584,1.3604,1.3491,1.3504
2020-11-06,1.3504,1.3526,1.3468,1.3486
2020-11-09,1.3487,1.3504,1.341,1.3478
2020-11-10,1.3478,1.3502,1.3451,1.3487
2020-11-11,1.3487,1.3512,1.3457,1.3494
2020-11-12,1.3494,1.3512,1.3478,1.3494
2020-11-13,1.3494,1.3502,1.3473,1.3479
2020-11-16,1.3478,1.348,1.3444,1.3454
2020-11-17,1.3454,1.3462,1.3421,1.3428
2020-11-18,1.3428,1.3437,1.3401,1.3422
2020-11-19,1.3422,1.3473,1.3418,1.3447
2020-11-20,1.3448,1.3456,1.3426,1.3435
2020-11-23,1.3435,1.3467,1.3404,1.3448
2020-11-24,1.3448,1.3458,1.3415,1.3424
2020-11-25,1.3423,1.3436,1.3392,1.3402
2020-11-26,1.3403,1.3407,1.3382,1.3388
2020-11-27,1.3388,1.3389,1.3376,1.3383
2020-11-30,1.3382,1.3417,1.3369,1.3416
2020-12-01,1.3416,1.3418,1.3372,1.338
2020-12-02,1.338,1.3418,1.3363,1.3391
2020-12-03,1.3391,1.3393,1.3323,1.3345
2020-12-04,1.3345,1.3363,1.3312,1.3358
2020-12-07,1.3337,1.3399,1.3329,1.3366
2020-12-08,1.3366,1.3388,1.335,1.3375
2020-12-09,1.3376,1.3395,1.3338,1.3378
2020-12-10,1.3378,1.3389,1.3345,1.3354
2020-12-11,1.3354,1.3379,1.3328,1.3368
2020-12-14,1.3362,1.337,1.3316,1.3352
2020-12-15,1.3352,1.3365,1.3317,1.3327
2020-12-16,1.3327,1.3337,1.3286,1.3292
2020-12-17,1.3306,1.3306,1.3249,1.326
2020-12-18,1.326,1.3297,1.3257,1.3275
2020-12-21,1.329,1.3404,1.3286,1.3325
2020-12-22,1.3326,1.3378,1.3315,1.3359
2020-12-23,1.3359,1.3368,1.3294,1.3316
2020-12-24,1.3316,1.3321,1.3279,1.3289
2020-12-25,1.3289,1.3301,1.3283,1.3296
2020-12-28,1.3286,1.3313,1.327,1.3298
2020-12-29,1.3298,1.3312,1.327,1.3273
2020-12-30,1.3272,1.3274,1.3223,1.3234
2020-12-31,1.3234,1.3237,1.3204,1.3221
2021-01-01,1.3222,1.3222,1.3219,1.3219
2021-01-04,1.3213,1.3229,1.3162,1.3206
2021-01-05,1.3206,1.3208,1.3172,1.3176
2021-01-06,1.3176,1.3211,1.3157,1.3179
2021-01-07,1.3179,1.3271,1.317,1.3246
2021-01-08,1.3247,1.3287,1.3215,1.3255
2021-01-11,1.3259,1.3325,1.3245,1.3309
2021-01-12,1.3309,1.3321,1.3231,1.3233
2021-01-13,1.3233,1.3274,1.3217,1.3271
2021-01-14,1.3271,1.3283,1.3233,1.3255
2021-01-15,1.3255,1.3312,1.3239,1.3297
2021-01-18,1.3298,1.3336,1.3295,1.3313
2021-01-19,1.3313,1.3319,1.3278,1.3294
2021-01-20,1.3294,1.3295,1.3246,1.3248
2021-01-21,1.3248,1.3261,1.322,1.3228
2021-01-22,1.3228,1.3292,1.3223,1.3286
2021-01-25,1.3278,1.3297,1.3252,1.3278
2021-01-26,1.3278,1.3301,1.3241,1.3247
2021-01-27,1.3247,1.3316,1.3239,1.329
2021-01-28,1.329,1.3341,1.3274,1.3292
2021-01-29,1.3292,1.3322,1.3262,1.329
2021-02-01,1.3288,1.3331,1.3285,1.3329
2021-02-02,1.333,1.3342,1.33,1.3322
2021-02-03,1.3322,1.3341,1.3306,1.333
2021-02-04,1.333,1.3383,1.3319,1.3375
2021-02-05,1.3375,1.339,1.3335,1.3346
2021-02-08,1.3344,1.3366,1.3323,1.3327
2021-02-09,1.3327,1.3331,1.3257,1.3259
2021-02-10,1.3259,1.3271,1.3236,1.3262
2021-02-11,1.3262,1.3274,1.3235,1.325
2021-02-12,1.325,1.3282,1.324,1.3251
2021-02-15,1.3253,1.3267,1.3222,1.3231
2021-02-16,1.3231,1.3278,1.3211,1.327
2021-02-17,1.327,1.3311,1.3268,1.3288
2021-02-18,1.3289,1.3297,1.3263,1.3272
2021-02-19,1.3272,1.3285,1.3229,1.324
2021-02-22,1.3241,1.3262,1.321,1.3218
2021-02-23,1.3218,1.3222,1.3192,1.3202
2021-02-24,1.3202,1.3233,1.318,1.3197
2021-02-25,1.3197,1.3269,1.3165,1.3257
2021-02-26,1.3257,1.3338,1.3246,1.3326
2021-03-01,1.333,1.3331,1.3268,1.3279
2021-03-02,1.3279,1.3339,1.3271,1.33
2021-03-03,1.33,1.3329,1.3282,1.3326
2021-03-04,1.3326,1.3379,1.3301,1.3373
2021-03-05,1.3373,1.3446,1.3368,1.3421
2021-03-08,1.3416,1.3515,1.3397,1.3508
2021-03-09,1.3508,1.3531,1.3434,1.3436
2021-03-10,1.3436,1.3487,1.3424,1.3438
2021-03-11,1.3438,1.3447,1.3391,1.3395
2021-03-12,1.3395,1.3474,1.3386,1.3449
2021-03-15,1.3451,1.3484,1.3428,1.3459
2021-03-16,1.3459,1.347,1.3439,1.3456
2021-03-17,1.3455,1.348,1.3396,1.3401
2021-03-18,1.3401,1.345,1.339,1.3437
2021-03-19,1.3437,1.3464,1.3405,1.3422
2021-03-22,1.3431,1.3449,1.3392,1.3414
2021-03-23,1.3414,1.3458,1.3398,1.3443
2021-03-24,1.3443,1.3477,1.344,1.3461
2021-03-25,1.3461,1.3495,1.3458,1.3487
2021-03-26,1.3487,1.3492,1.3442,1.3456
2021-03-29,1.3453,1.3494,1.3447,1.3478
2021-03-30,1.3478,1.3494,1.3463,1.3478
2021-03-31,1.3478,1.3486,1.3428,1.3448
2021-04-01,1.3448,1.348,1.3438,1.3452
2021-04-02,1.3452,1.3465,1.3432,1.3461
2021-04-05,1.3454,1.3467,1.341,1.3421
2021-04-06,1.3421,1.3422,1.3388,1.339
2021-04-07,1.339,1.3425,1.3377,1.3413
2021-04-08,1.3413,1.3419,1.3395,1.3404
2021-04-09,1.3404,1.3427,1.3391,1.3415
2021-04-12,1.3411,1.3433,1.3401,1.3411
2021-04-13,1.3411,1.3437,1.3402,1.3413
2021-04-14,1.3413,1.3413,1.335,1.336
2021-04-15,1.336,1.3375,1.3338,1.3346
2021-04-16,1.3346,1.3364,1.333,1.3341
2021-04-19,1.3341,1.3356,1.3299,1.3303
2021-04-20,1.3303,1.3306,1.326,1.3293
2021-04-21,1.3293,1.3312,1.3281,1.329
2021-04-22,1.329,1.3307,1.3265,1.3298
2021-04-23,1.3298,1.3299,1.3265,1.3269
2021-04-26,1.3272,1.3277,1.3246,1.3257
2021-04-27,1.3257,1.3276,1.325,1.3262
2021-04-28,1.3262,1.328,1.3247,1.3252
2021-04-29,1.3252,1.3272,1.3234,1.3267
2021-04-30,1.3267,1.3313,1.3257,1.3308
2021-05-03,1.33,1.334,1.3289,1.3296
2021-05-04,1.3296,1.3388,1.3293,1.3366
2021-05-05,1.3366,1.3392,1.3339,1.3355
2021-05-06,1.3355,1.3375,1.3329,1.3333
2021-05-07,1.3332,1.3338,1.3236,1.3248
2021-05-10,1.3243,1.3269,1.3233,1.3257
2021-05-11,1.3257,1.3282,1.3246,1.3255
2021-05-12,1.3255,1.3345,1.3251,1.3338
2021-05-13,1.3338,1.3366,1.3309,1.3335
2021-05-14,1.3335,1.338,1.3312,1.3323
2021-05-17,1.3327,1.3371,1.3319,1.3356
2021-05-18,1.3356,1.3362,1.3286,1.3296
2021-05-19,1.3295,1.3361,1.3284,1.3344
2021-05-20,1.3344,1.3353,1.3302,1.3312
2021-05-21,1.3312,1.3328,1.3292,1.332
2021-05-24,1.332,1.3324,1.3277,1.3279
2021-05-25,1.328,1.3286,1.3245,1.3259
2021-05-26,1.3259,1.326,1.3226,1.3242
2021-05-27,1.3242,1.3262,1.3225,1.3243
2021-05-28,1.3244,1.3263,1.3223,1.3228
2021-05-31,1.3227,1.3243,1.3207,1.3217
2021-06-01,1.3217,1.3232,1.3189,1.3224
2021-06-02,1.3223,1.3247,1.3216,1.3225
2021-06-03,1.3225,1.3286,1.3216,1.3277
2021-06-04,1.3277,1.3291,1.3235,1.3245
2021-06-07,1.3243,1.3253,1.3221,1.3231
2021-06-08,1.3231,1.3245,1.3222,1.324
2021-06-09,1.324,1.3251,1.3221,1.3242
2021-06-10,1.3242,1.3265,1.3232,1.324
2021-06-11,1.324,1.327,1.3215,1.326
2021-06-14,1.3258,1.3277,1.3255,1.3264
2021-06-15,1.3264,1.3285,1.3253,1.3277
2021-06-16,1.3277,1.337,1.3255,1.3366
2021-06-17,1.3366,1.344,1.3344,1.3422
2021-06-18,1.3422,1.3464,1.3393,1.3451
2021-06-21,1.3438,1.3475,1.3418,1.3431
2021-06-22,1.3431,1.3476,1.3419,1.3444
2021-06-23,1.3445,1.3472,1.3431,1.3449
2021-06-24,1.3449,1.3466,1.3422,1.343
2021-06-25,1.343,1.3437,1.3397,1.3423
2021-06-28,1.3421,1.3448,1.3415,1.3432
2021-06-29,1.3432,1.3462,1.3424,1.3453
2021-06-30,1.3453,1.3457,1.3436,1.3454
2021-07-01,1.3454,1.3494,1.3443,1.3488
2021-07-02,1.3488,1.3521,1.3458,1.3467
2021-07-05,1.3476,1.3481,1.3445,1.3453
2021-07-06,1.3453,1.3488,1.3425,1.3476
2021-07-07,1.3476,1.3499,1.3455,1.3491
2021-07-08,1.3491,1.3536,1.3483,1.3525
2021-07-09,1.3525,1.3555,1.3506,1.3511
2021-07-12,1.3511,1.3529,1.3501,1.352
2021-07-13,1.352,1.3562,1.3496,1.3553
2021-07-14,1.3553,1.3579,1.3525,1.3531
2021-07-15,1.3531,1.3557,1.3516,1.3541
2021-07-16,1.3541,1.3574,1.3531,1.3571
2021-07-19,1.3567,1.3649,1.3564,1.3635
2021-07-20,1.3635,1.3693,1.3624,1.3654
2021-07-21,1.3654,1.3688,1.363,1.3636
2021-07-22,1.3636,1.3647,1.3581,1.3599
2021-07-23,1.36,1.3618,1.3565,1.3607
2021-07-26,1.3603,1.3621,1.3576,1.3582
2021-07-27,1.3582,1.3618,1.3568,1.3604
2021-07-28,1.3604,1.3619,1.3563,1.3566
2021-07-29,1.3566,1.3571,1.3522,1.3531
2021-07-30,1.3531,1.3556,1.3516,1.3544
2021-08-02,1.3539,1.355,1.3511,1.353
2021-08-03,1.353,1.3535,1.3503,1.3513
2021-08-04,1.3512,1.3521,1.3473,1.351
2021-08-05,1.351,1.3522,1.3494,1.351
2021-08-06,1.3509,1.3554,1.3502,1.3548
2021-08-09,1.3546,1.3576,1.3541,1.357
2021-08-10,1.357,1.3601,1.3566,1.3594
2021-08-11,1.3594,1.3606,1.355,1.3564
2021-08-12,1.3564,1.3585,1.3562,1.3578
2021-08-13,1.3578,1.3593,1.3543,1.355
2021-08-16,1.3542,1.3568,1.3541,1.3558
2021-08-17,1.3558,1.363,1.3555,1.3624
2021-08-18,1.3624,1.3627,1.3586,1.3607
2021-08-19,1.3606,1.3652,1.3599,1.3647
2021-08-20,1.3647,1.3655,1.361,1.3623
2021-08-23,1.3627,1.3628,1.3558,1.3563
2021-08-24,1.3563,1.3577,1.3537,1.3543
2021-08-25,1.3543,1.356,1.3526,1.3528
2021-08-26,1.3528,1.3549,1.3517,1.3537
2021-08-27,1.3537,1.3556,1.3452,1.346
2021-08-30,1.3461,1.3477,1.344,1.3456
2021-08-31,1.3455,1.3458,1.3418,1.3449
2021-09-01,1.3449,1.3472,1.343,1.3446
2021-09-02,1.3446,1.3457,1.3422,1.3424
2021-09-03,1.3424,1.3436,1.3394,1.3412
2021-09-06,1.3412,1.3432,1.3405,1.3426
2021-09-07,1.3426,1.3466,1.3409,1.3461
2021-09-08,1.346,1.3472,1.3448,1.3457
2021-09-09,1.3457,1.3472,1.3415,1.3428
2021-09-10,1.3428,1.3436,1.338,1.3415
2021-09-13,1.342,1.3442,1.3412,1.3424
2021-09-14,1.3424,1.3445,1.3401,1.3438
2021-09-15,1.3438,1.3442,1.3406,1.3409
2021-09-16,1.3409,1.3462,1.3405,1.3449
2021-09-17,1.3449,1.3494,1.3446,1.3485
2021-09-20,1.3487,1.3533,1.3483,1.3517
2021-09-21,1.3517,1.3532,1.3498,1.3527
2021-09-22,1.3527,1.3547,1.3486,1.3534
2021-09-23,1.3534,1.3552,1.3466,1.3486
2021-09-24,1.3486,1.3555,1.3479,1.3537
2021-09-27,1.354,1.3547,1.3512,1.3534
2021-09-28,1.3534,1.359,1.353,1.358
2021-09-29,1.358,1.3632,1.3563,1.361
2021-09-30,1.3609,1.3628,1.3561,1.3577
2021-10-01,1.3578,1.361,1.3544,1.3571
2021-10-04,1.3551,1.3589,1.354,1.3569
2021-10-05,1.3569,1.3592,1.3562,1.357
2021-10-06,1.357,1.3627,1.3566,1.359
2021-10-07,1.359,1.3597,1.3567,1.3586
2021-10-08,1.3586,1.3591,1.3531,1.3545
2021-10-11,1.3547,1.3558,1.3521,1.355
2021-10-12,1.355,1.3578,1.3544,1.3572
2021-10-13,1.3571,1.3576,1.3515,1.3517
2021-10-14,1.3517,1.3519,1.3473,1.3488
2021-10-15,1.3488,1.3491,1.3474,1.3483
2021-10-18,1.3483,1.3527,1.3477,1.3493
2021-10-19,1.3493,1.3496,1.3432,1.345
2021-10-20,1.345,1.3461,1.3429,1.3436
2021-10-21,1.3436,1.3477,1.3419,1.3474
2021-10-22,1.3474,1.3498,1.3445,1.3482
2021-10-25,1.3477,1.3489,1.3438,1.347
2021-10-26,1.347,1.3487,1.3451,1.3478
2021-10-27,1.3478,1.3502,1.3463,1.3484
2021-10-28,1.3484,1.3503,1.3434,1.3446
2021-10-29,1.3446,1.3499,1.3435,1.3488
2021-11-01,1.3489,1.3512,1.3462,1.3485
2021-11-02,1.3485,1.3499,1.3467,1.3491
2021-11-03,1.3491,1.3518,1.3474,1.3478
2021-11-04,1.3478,1.3527,1.347,1.3511
2021-11-05,1.3511,1.3546,1.3496,1.3502
2021-11-08,1.3503,1.352,1.3469,1.3476
2021-11-09,1.3476,1.3485,1.3453,1.3474
2021-11-10,1.3474,1.3535,1.347,1.3529
2021-11-11,1.3529,1.3569,1.3522,1.3542
2021-11-12,1.3542,1.3561,1.3516,1.3526
2021-11-15,1.3522,1.3544,1.3502,1.3533
2021-11-16,1.3533,1.3578,1.3515,1.3569
2021-11-17,1.3569,1.3602,1.3554,1.3557
2021-11-18,1.3557,1.3601,1.3554,1.3563
2021-11-19,1.3563,1.3623,1.3561,1.3613
2021-11-22,1.3611,1.3655,1.3601,1.3644
2021-11-23,1.3644,1.3677,1.3642,1.3653
2021-11-24,1.3653,1.3696,1.3644,1.3684
2021-11-25,1.3684,1.3694,1.3663,1.3676
2021-11-26,1.3675,1.3744,1.3674,1.3718
2021-11-29,1.3737,1.3746,1.3677,1.3685
2021-11-30,1.3685,1.3729,1.3632,1.3656
2021-12-01,1.3656,1.3664,1.3612,1.3652
2021-12-02,1.3651,1.3698,1.3638,1.3694
2021-12-03,1.3694,1.3731,1.3677,1.3717
2021-12-06,1.3711,1.3719,1.3682,1.3687
2021-12-07,1.3687,1.3701,1.365,1.3664
2021-12-08,1.3664,1.3667,1.3607,1.3617
2021-12-09,1.3617,1.3667,1.3613,1.365
2021-12-10,1.3649,1.3669,1.3625,1.3649
2021-12-13,1.3632,1.3687,1.363,1.3678
2021-12-14,1.3679,1.3704,1.367,1.3701
2021-12-15,1.37,1.371,1.3652,1.3653
2021-12-16,1.3653,1.3673,1.3627,1.3643
2021-12-17,1.3643,1.3686,1.3632,1.3677
2021-12-20,1.3662,1.3689,1.3654,1.3668
2021-12-21,1.3668,1.3677,1.364,1.3642
2021-12-22,1.3642,1.3664,1.3612,1.362
2021-12-23,1.362,1.3624,1.358,1.3584
2021-12-24,1.3584,1.3617,1.3556,1.3589
2021-12-27,1.359,1.36,1.3548,1.3569
2021-12-28,1.3569,1.3574,1.3533,1.354
2021-12-29,1.354,1.3555,1.3511,1.3523
2021-12-30,1.3523,1.3547,1.3506,1.3524
2021-12-31,1.3523,1.3527,1.3474,1.349
2022-01-03,1.3492,1.3543,1.3479,1.3539
2022-01-04,1.3539,1.3584,1.3528,1.3552
2022-01-05,1.3552,1.358,1.3535,1.3577
2022-01-06,1.3577,1.3615,1.3568,1.3608
2022-01-07,1.3608,1.3614,1.3548,1.3557
2022-01-10,1.3557,1.358,1.3542,1.3564
2022-01-11,1.3564,1.3568,1.3504,1.3505
2022-01-12,1.3505,1.3516,1.3455,1.3458
2022-01-13,1.3458,1.3472,1.3443,1.3456
2022-01-14,1.3456,1.3492,1.3432,1.3477
2022-01-17,1.3475,1.3497,1.3472,1.3484
2022-01-18,1.3484,1.3518,1.3461,1.3505
2022-01-19,1.3505,1.3515,1.3468,1.3481
2022-01-20,1.3481,1.3483,1.3435,1.3473
2022-01-21,1.3473,1.348,1.3437,1.3448
2022-01-24,1.3453,1.3479,1.3431,1.3464
2022-01-25,1.3464,1.3467,1.3425,1.3443
2022-01-26,1.3443,1.3488,1.3433,1.347
2022-01-27,1.3471,1.3537,1.3466,1.3528
2022-01-28,1.3528,1.3581,1.3526,1.3551
2022-01-31,1.3566,1.357,1.3504,1.3513
2022-02-01,1.3513,1.3546,1.3482,1.3483
2022-02-02,1.3483,1.3496,1.3463,1.3472
2022-02-03,1.3472,1.3493,1.3429,1.3439
2022-02-04,1.344,1.3478,1.3423,1.3458
2022-02-07,1.3458,1.3466,1.3434,1.3435
2022-02-08,1.3435,1.3458,1.3433,1.3451
2022-02-09,1.3451,1.3453,1.3414,1.3418
2022-02-10,1.3418,1.3461,1.3408,1.3447
2022-02-11,1.3447,1.348,1.3431,1.3471
2022-02-14,1.3466,1.3485,1.3462,1.3471
2022-02-15,1.3471,1.3477,1.3445,1.3457
2022-02-16,1.3457,1.3461,1.3422,1.3439
2022-02-17,1.3439,1.3457,1.3423,1.3432
2022-02-18,1.3432,1.3465,1.342,1.346
2022-02-21,1.3467,1.3477,1.3438,1.3463
2022-02-22,1.3463,1.3488,1.3447,1.3455
2022-02-23,1.3455,1.3466,1.3433,1.3461
2022-02-24,1.3461,1.3607,1.3457,1.3554
2022-02-25,1.3554,1.356,1.3512,1.3533
2022-02-28,1.3571,1.3601,1.3547,1.3549
2022-03-01,1.3549,1.3586,1.3528,1.3579
2022-03-02,1.3579,1.3598,1.3539,1.3542
2022-03-03,1.3542,1.3593,1.3538,1.3562
2022-03-04,1.3562,1.3626,1.3562,1.3604
2022-03-07,1.361,1.3648,1.3599,1.3619
2022-03-08,1.3619,1.3668,1.3609,1.3658
2022-03-09,1.3657,1.3661,1.3564,1.3584
2022-03-10,1.3584,1.3606,1.3567,1.3594
2022-03-11,1.3595,1.3643,1.358,1.3629
2022-03-14,1.3613,1.3674,1.361,1.3669
2022-03-15,1.367,1.3688,1.3636,1.3658
2022-03-16,1.3658,1.3669,1.3579,1.3588
2022-03-17,1.3588,1.3598,1.353,1.3536
2022-03-18,1.3536,1.3585,1.3529,1.3566
2022-03-21,1.3566,1.3582,1.3549,1.3577
2022-03-22,1.3577,1.3601,1.3564,1.3566
2022-03-23,1.3566,1.3585,1.356,1.3579
2022-03-24,1.3578,1.3589,1.3571,1.3575
2022-03-25,1.3575,1.3583,1.3559,1.3581
2022-03-28,1.3579,1.3617,1.3577,1.3611
2022-03-29,1.3612,1.362,1.3552,1.3562
2022-03-30,1.3562,1.3566,1.3523,1.3526
2022-03-31,1.3525,1.3556,1.3522,1.3545
2022-04-01,1.3545,1.3575,1.3544,1.357
2022-04-04,1.3572,1.3577,1.3564,1.3566
2022-04-05,1.3566,1.3598,1.3551,1.3594
2022-04-06,1.3594,1.3614,1.3585,1.3598
2022-04-07,1.3598,1.3618,1.3591,1.3614
2022-04-08,1.3614,1.3648,1.3613,1.3636
2022-04-11,1.3639,1.3673,1.3621,1.3651
2022-04-12,1.3651,1.3666,1.3618,1.3641
2022-04-13,1.3641,1.3652,1.3623,1.3624
2022-04-14,1.3624,1.3627,1.351,1.3569
2022-04-15,1.3569,1.3596,1.3557,1.357
2022-04-18,1.3602,1.3627,1.3561,1.3619
2022-04-19,1.3617,1.3686,1.3609,1.3678
2022-04-20,1.3678,1.3698,1.3623,1.3631
2022-04-21,1.3631,1.3658,1.36,1.3637
2022-04-22,1.3638,1.372,1.3622,1.3711
2022-04-25,1.369,1.3783,1.3664,1.3743
2022-04-26,1.3743,1.3795,1.3703,1.3791
2022-04-27,1.3791,1.3821,1.3766,1.3812
2022-04-28,1.3812,1.3905,1.3808,1.3868
2022-04-29,1.3868,1.3875,1.3783,1.3834
2022-05-02,1.3815,1.3881,1.3808,1.3864
2022-05-03,1.3864,1.3868,1.3823,1.3843
2022-05-04,1.3843,1.3853,1.373,1.3742
2022-05-05,1.3742,1.3878,1.3733,1.3846
2022-05-06,1.3845,1.3906,1.3828,1.3852
2022-05-09,1.3851,1.3936,1.3844,1.3907
2022-05-10,1.3907,1.3928,1.3875,1.3908
2022-05-11,1.3908,1.3919,1.3835,1.3896
2022-05-12,1.3896,1.3986,1.3886,1.3963
2022-05-13,1.3963,1.3979,1.3923,1.3929
2022-05-16,1.3946,1.3968,1.391,1.3918
2022-05-17,1.3918,1.3924,1.3833,1.385
2022-05-18,1.385,1.3922,1.3836,1.392
2022-05-19,1.392,1.392,1.3787,1.3811
2022-05-20,1.3811,1.3834,1.3769,1.3804
2022-05-23,1.3806,1.381,1.3723,1.3734
2022-05-24,1.3734,1.3768,1.3711,1.3719
2022-05-25,1.3718,1.378,1.3712,1.3758
2022-05-26,1.3758,1.3775,1.3726,1.3731
2022-05-27,1.3731,1.3737,1.3681,1.3692
2022-05-30,1.3701,1.3704,1.366,1.3671
2022-05-31,1.3671,1.3729,1.3663,1.3699
2022-06-01,1.3699,1.376,1.3691,1.3745
2022-06-02,1.3745,1.3777,1.37,1.3706
2022-06-03,1.3706,1.3767,1.3686,1.3761
2022-06-06,1.374,1.3768,1.3722,1.3766
2022-06-07,1.3766,1.38,1.3734,1.3736
2022-06-08,1.3737,1.3768,1.3735,1.3758
2022-06-09,1.3758,1.3838,1.3744,1.3831
2022-06-10,1.3831,1.3884,1.3797,1.3879
2022-06-13,1.387,1.3957,1.3866,1.3951
2022-06-14,1.3951,1.3958,1.3892,1.3934
2022-06-15,1.3934,1.3943,1.3855,1.3862
2022-06-16,1.3862,1.3922,1.3821,1.3834
2022-06-17,1.3834,1.3912,1.383,1.3905
2022-06-20,1.3894,1.3905,1.3855,1.3888
2022-06-21,1.3888,1.389,1.3842,1.3854
2022-06-22,1.3853,1.3905,1.3853,1.3867
2022-06-23,1.3867,1.3918,1.3866,1.3903
2022-06-24,1.3903,1.3912,1.3855,1.3862
2022-06-27,1.3874,1.3884,1.3838,1.3859
2022-06-28,1.3859,1.388,1.3842,1.3878
2022-06-29,1.3878,1.3939,1.3873,1.3937
2022-06-30,1.3937,1.3945,1.389,1.3905
2022-07-01,1.3905,1.3998,1.3894,1.3967
2022-07-04,1.3972,1.3978,1.3946,1.3955
2022-07-05,1.3955,1.4073,1.395,1.4059
2022-07-06,1.4059,1.4069,1.4007,1.4058
2022-07-07,1.4058,1.4058,1.3996,1.4005
2022-07-08,1.4005,1.405,1.3973,1.3988
2022-07-11,1.4004,1.4062,1.3979,1.406
2022-07-12,1.406,1.408,1.4038,1.4073
2022-07-13,1.4073,1.4097,1.403,1.4044
2022-07-14,1.4044,1.4097,1.3934,1.404
2022-07-15,1.4039,1.4056,1.3983,1.4001
2022-07-18,1.4008,1.4019,1.3943,1.3963
2022-07-19,1.3963,1.3989,1.3904,1.3926
2022-07-20,1.3927,1.3944,1.3903,1.3936
2022-07-21,1.3936,1.396,1.3895,1.3897
2022-07-22,1.3897,1.3919,1.3854,1.3881
2022-07-25,1.39,1.391,1.3842,1.3865
2022-07-26,1.3865,1.3904,1.3846,1.3896
2022-07-27,1.3896,1.3903,1.3823,1.3827
2022-07-28,1.3827,1.3857,1.3793,1.3799
2022-07-29,1.3799,1.3859,1.3766,1.3805
2022-08-01,1.3818,1.3826,1.3755,1.3776
2022-08-02,1.3776,1.3839,1.3756,1.3822
2022-08-03,1.3822,1.3846,1.3795,1.3809
2022-08-04,1.381,1.3813,1.3755,1.3764
2022-08-05,1.3764,1.3832,1.3753,1.3813
2022-08-08,1.3815,1.3832,1.377,1.3788
2022-08-09,1.3788,1.3795,1.3769,1.3789
2022-08-10,1.3789,1.3799,1.3678,1.3693
2022-08-11,1.3694,1.3727,1.3666,1.3692
2022-08-12,1.3693,1.3724,1.3689,1.3716
2022-08-15,1.3719,1.3792,1.3701,1.3791
2022-08-16,1.3791,1.3807,1.3767,1.3785
2022-08-17,1.3785,1.3843,1.3776,1.3813
2022-08-18,1.3812,1.3865,1.38,1.3862
2022-08-19,1.3862,1.3924,1.3847,1.392
2022-08-22,1.3907,1.3991,1.3865,1.3981
2022-08-23,1.3981,1.4003,1.3891,1.3921
2022-08-24,1.3921,1.3968,1.3905,1.3939
2022-08-25,1.3939,1.3946,1.3883,1.3886
2022-08-26,1.3886,1.3951,1.3865,1.3939
2022-08-29,1.3952,1.4006,1.3941,1.3958
2022-08-30,1.3958,1.3991,1.3941,1.398
2022-08-31,1.398,1.3993,1.3938,1.3971
2022-09-01,1.3971,1.4032,1.3967,1.4027
2022-09-02,1.4027,1.4031,1.3984,1.4022
2022-09-05,1.4003,1.4063,1.3998,1.4035
2022-09-06,1.4035,1.408,1.4005,1.4065
2022-09-07,1.4065,1.4107,1.404,1.4042
2022-09-08,1.4042,1.4084,1.4034,1.4051
2022-09-09,1.4051,1.4062,1.396,1.3995
2022-09-12,1.3989,1.3998,1.3948,1.3959
2022-09-13,1.3959,1.407,1.394,1.4069
2022-09-14,1.4069,1.407,1.4027,1.4062
2022-09-15,1.4062,1.4097,1.4048,1.4091
2022-09-16,1.409,1.4114,1.4059,1.407
2022-09-19,1.4085,1.4109,1.4056,1.4076
2022-09-20,1.4076,1.4111,1.4065,1.41
2022-09-21,1.41,1.4192,1.4097,1.4173
2022-09-22,1.4173,1.4223,1.4146,1.4186
2022-09-23,1.4186,1.4316,1.4175,1.4309
2022-09-26,1.4328,1.4393,1.4294,1.4382
2022-09-27,1.4382,1.4405,1.4342,1.439
2022-09-28,1.439,1.4492,1.4327,1.4349
2022-09-29,1.4349,1.4441,1.4322,1.4327
2022-09-30,1.4327,1.4368,1.4296,1.4353
2022-10-03,1.435,1.4376,1.4293,1.4318
2022-10-04,1.4318,1.4337,1.4217,1.423
2022-10-05,1.423,1.4299,1.4198,1.4262
2022-10-06,1.4261,1.4299,1.4201,1.4293
2022-10-07,1.4293,1.4343,1.4278,1.4322
2022-10-10,1.4305,1.4386,1.4304,1.4377
2022-10-11,1.4377,1.4412,1.4326,1.4385
2022-10-12,1.4385,1.4413,1.4338,1.4353
2022-10-13,1.4353,1.4396,1.4297,1.4307
2022-10-14,1.4308,1.4321,1.4205,1.426
2022-10-17,1.4257,1.4281,1.419,1.4214
2022-10-18,1.4214,1.423,1.4161,1.4208
2022-10-19,1.4208,1.4263,1.419,1.425
2022-10-20,1.425,1.4277,1.4185,1.424
2022-10-21,1.424,1.4313,1.415,1.4152
2022-10-24,1.4181,1.4246,1.4141,1.4224
2022-10-25,1.4224,1.4256,1.4155,1.4165
2022-10-26,1.4165,1.4189,1.4039,1.4057
2022-10-27,1.4057,1.4121,1.4023,1.4092
2022-10-28,1.4091,1.4141,1.4056,1.4108
2022-10-31,1.4108,1.4171,1.4098,1.4165
2022-11-01,1.4165,1.4166,1.4091,1.4153
2022-11-02,1.4153,1.418,1.4049,1.4172
2022-11-03,1.4173,1.4244,1.4155,1.4219
2022-11-04,1.4219,1.4223,1.4019,1.4069
2022-11-07,1.4078,1.4132,1.4007,1.4008
2022-11-08,1.4008,1.405,1.397,1.3987
2022-11-09,1.3987,1.4043,1.3961,1.4028
2022-11-10,1.4028,1.4045,1.3815,1.3824
2022-11-11,1.3824,1.3863,1.3714,1.3718
2022-11-14,1.3721,1.3769,1.3703,1.372
2022-11-15,1.372,1.3748,1.3638,1.3707
2022-11-16,1.3707,1.3757,1.3665,1.3702
2022-11-17,1.3702,1.3802,1.3693,1.3745
2022-11-18,1.3745,1.377,1.3712,1.3759
2022-11-21,1.3747,1.3835,1.3729,1.3817
2022-11-22,1.3817,1.3822,1.3776,1.3778
2022-11-23,1.3778,1.3858,1.3767,1.3771
2022-11-24,1.3771,1.3772,1.3717,1.3754
2022-11-25,1.3754,1.378,1.3708,1.3768
2022-11-28,1.3762,1.3801,1.3717,1.3793
2022-11-29,1.3793,1.3801,1.3713,1.3736
2022-11-30,1.3736,1.3765,1.3599,1.3614
2022-12-01,1.3614,1.365,1.3517,1.3535
2022-12-02,1.3535,1.36,1.3487,1.3516
2022-12-05,1.3549,1.3577,1.3436,1.3576
2022-12-06,1.3576,1.3598,1.354,1.359
2022-12-07,1.359,1.3606,1.3539,1.3554
2022-12-08,1.3554,1.3583,1.3519,1.3536
2022-12-09,1.3536,1.3566,1.3485,1.3539
2022-12-12,1.3529,1.3568,1.3509,1.3549
2022-12-13,1.3549,1.3567,1.3433,1.3469
2022-12-14,1.3469,1.3524,1.3446,1.3469
2022-12-15,1.3469,1.3618,1.3444,1.361
2022-12-16,1.361,1.3625,1.3546,1.359
2022-12-19,1.3577,1.3593,1.3534,1.3549
2022-12-20,1.3549,1.3579,1.3489,1.3515
2022-12-21,1.3515,1.3536,1.3498,1.3514
2022-12-22,1.3514,1.3549,1.3467,1.3535
2022-12-23,1.3534,1.3539,1.3479,1.351
2022-12-26,1.3505,1.3582,1.3462,1.3479
2022-12-27,1.3478,1.3487,1.3439,1.3474
2022-12-28,1.3474,1.3504,1.3454,1.35
2022-12-29,1.35,1.3502,1.3433,1.3435
2022-12-30,1.3435,1.3454,1.338,1.3395
2023-01-02,1.3406,1.3428,1.3375,1.3417
2023-01-03,1.3417,1.3472,1.3366,1.3453
2023-01-04,1.3453,1.3456,1.3377,1.3405
2023-01-05,1.3404,1.3463,1.3385,1.3455
2023-01-06,1.3455,1.349,1.3345,1.3395
2023-01-09,1.3386,1.3392,1.3277,1.3305
2023-01-10,1.3305,1.3332,1.329,1.3318
2023-01-11,1.3318,1.333,1.329,1.3312
2023-01-12,1.3312,1.3316,1.3211,1.3252
2023-01-13,1.3252,1.3255,1.3183,1.3188
2023-01-16,1.3194,1.3222,1.3155,1.3212
2023-01-17,1.3212,1.3245,1.3194,1.3202
2023-01-18,1.3202,1.3252,1.3129,1.3208
2023-01-19,1.3207,1.3257,1.3169,1.3217
2023-01-20,1.3217,1.3235,1.3187,1.3193
2023-01-23,1.3202,1.3213,1.3153,1.3182
2023-01-24,1.3182,1.3236,1.3174,1.3196
2023-01-25,1.3196,1.3211,1.3126,1.3131
2023-01-26,1.3132,1.3142,1.3104,1.312
2023-01-27,1.312,1.3157,1.3106,1.3136
2023-01-30,1.3139,1.3147,1.311,1.3144
2023-01-31,1.3144,1.318,1.3132,1.3139
2023-02-01,1.3139,1.3151,1.3054,1.3064
2023-02-02,1.3064,1.3112,1.3032,1.3098
2023-02-03,1.3098,1.3236,1.3097,1.3235
2023-02-06,1.3216,1.329,1.321,1.3278
2023-02-07,1.3278,1.3287,1.3214,1.3242
2023-02-08,1.3242,1.327,1.3228,1.3261
2023-02-09,1.326,1.3278,1.3199,1.3257
2023-02-10,1.3256,1.3307,1.3237,1.3303
2023-02-13,1.3292,1.3331,1.3281,1.3287
2023-02-14,1.3287,1.3315,1.3231,1.3284
2023-02-15,1.3284,1.3381,1.3281,1.3359
2023-02-16,1.3359,1.339,1.3332,1.3362
2023-02-17,1.3362,1.3406,1.3354,1.3364
2023-02-20,1.3365,1.3377,1.3348,1.3358
2023-02-21,1.3357,1.3408,1.3353,1.3406
2023-02-22,1.3406,1.3414,1.3381,1.3405
2023-02-23,1.3405,1.3444,1.338,1.3427
2023-02-24,1.3427,1.3512,1.3416,1.3506
2023-02-27,1.3489,1.3518,1.3462,1.3465
2023-02-28,1.3465,1.3504,1.3458,1.3484
2023-03-01,1.3484,1.3499,1.3393,1.3425
2023-03-02,1.3425,1.3505,1.3412,1.3476
2023-03-03,1.3476,1.3487,1.3435,1.345
2023-03-06,1.3449,1.3467,1.3437,1.3451
2023-03-07,1.3451,1.3551,1.3433,1.3543
2023-03-08,1.3544,1.3566,1.3507,1.3538
2023-03-09,1.3538,1.3551,1.3503,1.3533
2023-03-10,1.3533,1.3576,1.3471,1.35
2023-03-13,1.3496,1.3503,1.3426,1.3462
2023-03-14,1.3462,1.3489,1.3432,1.3451
2023-03-15,1.3451,1.3531,1.341,1.352
2023-03-16,1.352,1.3524,1.3458,1.3469
2023-03-17,1.3469,1.3476,1.3397,1.3423
2023-03-20,1.3416,1.3439,1.337,1.3371
2023-03-21,1.3371,1.3399,1.3345,1.3363
2023-03-22,1.3363,1.338,1.3249,1.3306
2023-03-23,1.3306,1.3306,1.3233,1.3257
2023-03-24,1.3257,1.3346,1.3253,1.3322
2023-03-27,1.333,1.335,1.3308,1.3313
2023-03-28,1.3313,1.3314,1.3272,1.3273
2023-03-29,1.3274,1.3309,1.3273,1.3292
2023-03-30,1.3292,1.3314,1.3275,1.3276
2023-03-31,1.3276,1.332,1.3255,1.3309
2023-04-03,1.3286,1.3348,1.3261,1.327
2023-04-04,1.327,1.3284,1.3253,1.3255
2023-04-05,1.3255,1.3296,1.3241,1.3279
2023-04-06,1.3279,1.3314,1.3275,1.3305
2023-04-07,1.3305,1.3329,1.3288,1.3298
2023-04-10,1.3305,1.3342,1.3272,1.3329
2023-04-11,1.3329,1.3333,1.3306,1.3326
2023-04-12,1.3326,1.3336,1.3264,1.3279
2023-04-13,1.3279,1.3282,1.321,1.3221
2023-04-14,1.322,1.3322,1.3204,1.3301
2023-04-17,1.3282,1.3358,1.3274,1.3342
2023-04-18,1.3343,1.3347,1.3313,1.3327
2023-04-19,1.3327,1.3379,1.3313,1.3345
2023-04-20,1.3345,1.3355,1.3303,1.3324
2023-04-21,1.3324,1.3364,1.3318,1.3342
2023-04-24,1.3342,1.3365,1.3333,1.3334
2023-04-25,1.3334,1.3392,1.3319,1.3386
2023-04-26,1.3386,1.3387,1.3328,1.3355
2023-04-27,1.3355,1.3378,1.3339,1.3349
2023-04-28,1.3349,1.3379,1.3332,1.3344
2023-05-01,1.3332,1.3368,1.3311,1.3363
2023-05-02,1.3363,1.3371,1.3343,1.3347
2023-05-03,1.3347,1.335,1.3271,1.3303
2023-05-04,1.3303,1.3306,1.3265,1.3281
2023-05-05,1.3281,1.3287,1.3239,1.3258
2023-05-08,1.3263,1.3281,1.3241,1.3245
2023-05-09,1.3245,1.3289,1.3243,1.3274
2023-05-10,1.3274,1.3286,1.3227,1.325
2023-05-11,1.325,1.3322,1.3235,1.3316
2023-05-12,1.3316,1.3388,1.3305,1.3383
2023-05-15,1.3378,1.3396,1.3358,1.3361
2023-05-16,1.3361,1.3406,1.3351,1.3403
2023-05-17,1.3403,1.3443,1.3394,1.3421
2023-05-18,1.3421,1.3491,1.3409,1.3479
2023-05-19,1.3479,1.3495,1.3437,1.3444
2023-05-22,1.3444,1.3473,1.3413,1.3466
2023-05-23,1.3466,1.3489,1.3439,1.3472
2023-05-24,1.3472,1.3502,1.3453,1.3495
2023-05-25,1.3495,1.3552,1.3488,1.3546
2023-05-26,1.3546,1.3556,1.3502,1.3522
2023-05-29,1.3511,1.3555,1.3475,1.3536
2023-05-30,1.3536,1.3556,1.3494,1.3505
2023-05-31,1.3505,1.3562,1.3504,1.3516
2023-06-01,1.3517,1.3552,1.3469,1.3478
2023-06-02,1.3479,1.3514,1.3433,1.3503
2023-06-05,1.3515,1.3527,1.3482,1.3493
2023-06-06,1.3493,1.3508,1.3473,1.3486
2023-06-07,1.3486,1.3497,1.3442,1.3488
2023-06-08,1.3488,1.3491,1.3425,1.3427
2023-06-09,1.3427,1.3447,1.3418,1.3434
2023-06-12,1.3439,1.345,1.3412,1.3436
2023-06-13,1.3436,1.3445,1.3367,1.3423
2023-06-14,1.3423,1.3433,1.3382,1.3413
2023-06-15,1.3413,1.3456,1.3361,1.3366
2023-06-16,1.3366,1.3386,1.3352,1.3375
2023-06-19,1.3376,1.3416,1.3369,1.341
2023-06-20,1.341,1.3455,1.3403,1.3433
2023-06-21,1.3433,1.3451,1.3396,1.3404
2023-06-22,1.3404,1.3453,1.3397,1.345
2023-06-23,1.345,1.3532,1.3438,1.3519
2023-06-26,1.3517,1.354,1.3503,1.3535
2023-06-27,1.3535,1.354,1.3465,1.3492
2023-06-28,1.3492,1.3543,1.3489,1.3528
2023-06-29,1.3528,1.357,1.3513,1.3565
2023-06-30,1.3565,1.3573,1.3517,1.3524
2023-07-03,1.3537,1.3537,1.3479,1.3512
2023-07-04,1.3512,1.3514,1.3476,1.3493
2023-07-05,1.3494,1.3537,1.349,1.3534
2023-07-06,1.3534,1.3559,1.3498,1.3536
2023-07-07,1.3536,1.3538,1.3457,1.3468
2023-07-10,1.3467,1.3498,1.3444,1.3449
2023-07-11,1.3449,1.3457,1.3403,1.341
2023-07-12,1.3409,1.3412,1.3293,1.3302
2023-07-13,1.3302,1.3307,1.3215,1.3221
2023-07-14,1.3221,1.3233,1.3172,1.3215
2023-07-17,1.3204,1.3246,1.3195,1.3219
2023-07-18,1.3219,1.3235,1.3174,1.3228
2023-07-19,1.3228,1.3273,1.3222,1.325
2023-07-20,1.325,1.3279,1.3213,1.327
2023-07-21,1.327,1.3311,1.3261,1.3307
2023-07-24,1.3304,1.3323,1.3293,1.3318
2023-07-25,1.3318,1.3326,1.3273,1.3275
2023-07-26,1.3275,1.3299,1.3239,1.3254
2023-07-27,1.3254,1.3321,1.3214,1.3315
2023-07-28,1.3315,1.3342,1.33,1.3316
2023-07-31,1.3324,1.3325,1.3277,1.3296
2023-08-01,1.3296,1.3374,1.3289,1.3366
2023-08-02,1.3366,1.3434,1.3345,1.341
2023-08-03,1.341,1.3449,1.3397,1.341
2023-08-04,1.341,1.3437,1.3365,1.3395
2023-08-07,1.339,1.3421,1.3378,1.3411
2023-08-08,1.3411,1.3503,1.3405,1.3475
2023-08-09,1.3475,1.3486,1.3436,1.3466
2023-08-10,1.3466,1.3497,1.3408,1.3494
2023-08-11,1.3494,1.3541,1.3466,1.3522
2023-08-14,1.3512,1.3585,1.3509,1.3557
2023-08-15,1.3557,1.3589,1.355,1.3583
2023-08-16,1.3583,1.3604,1.3562,1.3598
2023-08-17,1.3598,1.3625,1.3563,1.3584
2023-08-18,1.3584,1.3588,1.3551,1.3572
2023-08-21,1.3576,1.359,1.3556,1.3575
2023-08-22,1.3575,1.3586,1.3539,1.3578
2023-08-23,1.3578,1.3588,1.3522,1.3526
2023-08-24,1.3526,1.3569,1.351,1.3566
2023-08-25,1.3566,1.3587,1.3526,1.3561
2023-08-28,1.3563,1.3578,1.3534,1.356
2023-08-29,1.356,1.3575,1.3492,1.3496
2023-08-30,1.3496,1.3542,1.3483,1.3497
2023-08-31,1.3497,1.3524,1.3479,1.3512
2023-09-01,1.3512,1.3549,1.3472,1.3527
2023-09-04,1.3531,1.3554,1.3518,1.3549
2023-09-05,1.3549,1.3624,1.3547,1.3613
2023-09-06,1.3613,1.3647,1.3596,1.3636
2023-09-07,1.3636,1.3662,1.3624,1.3658
2023-09-08,1.3658,1.3664,1.3617,1.3657
2023-09-11,1.3633,1.3654,1.3591,1.3606
2023-09-12,1.3606,1.3636,1.3596,1.3606
2023-09-13,1.3606,1.3643,1.3596,1.3611
2023-09-14,1.3611,1.3645,1.3588,1.3635
2023-09-15,1.3635,1.3647,1.3612,1.3636
2023-09-18,1.3637,1.3654,1.3623,1.3633
2023-09-19,1.3633,1.3656,1.3619,1.3648
2023-09-20,1.3648,1.3659,1.3598,1.3653
2023-09-21,1.3653,1.3699,1.3651,1.3666
2023-09-22,1.3666,1.3678,1.3629,1.3652
2023-09-25,1.3653,1.3676,1.3652,1.3663
2023-09-26,1.3663,1.3695,1.3657,1.3689
2023-09-27,1.3689,1.374,1.3681,1.3726
2023-09-28,1.3726,1.3731,1.3644,1.3658
2023-09-29,1.3658,1.3674,1.3608,1.3662
2023-10-02,1.3666,1.374,1.3641,1.373
2023-10-03,1.373,1.3764,1.3722,1.3731
2023-10-04,1.3731,1.3755,1.3692,1.3721
2023-10-05,1.3721,1.3723,1.3669,1.367
2023-10-06,1.367,1.3721,1.3634,1.3651
2023-10-09,1.3666,1.3703,1.3646,1.3653
2023-10-10,1.3653,1.3677,1.3627,1.3631
2023-10-11,1.363,1.3653,1.3612,1.3633
2023-10-12,1.3633,1.3709,1.3604,1.3701
2023-10-13,1.3701,1.3711,1.3672,1.3694
2023-10-16,1.3688,1.3707,1.3676,1.3676
2023-10-17,1.3676,1.3718,1.3672,1.3683
2023-10-18,1.3682,1.3738,1.3671,1.3734
2023-10-19,1.3734,1.3749,1.3699,1.3728
2023-10-20,1.3728,1.3742,1.3711,1.3725
2023-10-23,1.3725,1.3735,1.3664,1.3668
2023-10-24,1.3668,1.369,1.3634,1.3685
2023-10-25,1.3685,1.3719,1.3666,1.3707
2023-10-26,1.3705,1.3735,1.369,1.3695
2023-10-27,1.3695,1.3718,1.3681,1.3698
2023-10-30,1.3695,1.3713,1.3636,1.3643
2023-10-31,1.3643,1.3707,1.3643,1.3697
2023-11-01,1.3697,1.3722,1.3676,1.3681
2023-11-02,1.3681,1.3703,1.3615,1.3648
2023-11-03,1.3648,1.3653,1.3531,1.3543
2023-11-06,1.3544,1.355,1.3486,1.3506
2023-11-07,1.3506,1.3566,1.3504,1.3544
2023-11-08,1.3544,1.3577,1.3532,1.3564
2023-11-09,1.3564,1.3612,1.3552,1.3604
2023-11-10,1.3604,1.3615,1.3582,1.3605
2023-11-13,1.3604,1.3614,1.3585,1.359
2023-11-14,1.359,1.362,1.3481,1.3489
2023-11-15,1.3489,1.3518,1.3462,1.3504
2023-11-16,1.3504,1.3527,1.3451,1.347
2023-11-17,1.347,1.3491,1.343,1.3435
2023-11-20,1.3442,1.345,1.3369,1.3382
2023-11-21,1.3382,1.3391,1.3348,1.3385
2023-11-22,1.3385,1.3439,1.3371,1.3419
2023-11-23,1.3419,1.3429,1.339,1.3408
2023-11-24,1.341,1.3424,1.3391,1.3401
2023-11-27,1.3406,1.3408,1.3367,1.3368
2023-11-28,1.3368,1.3376,1.3305,1.3312
2023-11-29,1.3312,1.3336,1.3284,1.3329
2023-11-30,1.3329,1.3387,1.3313,1.3373
2023-12-01,1.3373,1.3385,1.3333,1.3335
2023-12-04,1.3342,1.3393,1.3319,1.3377
2023-12-05,1.3377,1.3422,1.3367,1.3411
2023-12-06,1.3411,1.3422,1.3394,1.3421
2023-12-07,1.3421,1.3434,1.3361,1.3392
2023-12-08,1.3392,1.3427,1.3359,1.3421
2023-12-11,1.3413,1.3455,1.341,1.3438
2023-12-12,1.3438,1.3444,1.3381,1.3414
2023-12-13,1.3414,1.3451,1.3318,1.3331
2023-12-14,1.3331,1.3394,1.3254,1.3274
2023-12-15,1.3274,1.3345,1.3268,1.3327
2023-12-18,1.3299,1.3338,1.3287,1.3324
2023-12-19,1.3324,1.3331,1.3281,1.3284
2023-12-20,1.3284,1.3327,1.3276,1.3326
2023-12-21,1.3326,1.3326,1.3262,1.3263
2023-12-22,1.3263,1.3299,1.322,1.3238
2023-12-25,1.3236,1.3305,1.3226,1.3241
2023-12-26,1.3247,1.327,1.3221,1.3234
2023-12-27,1.3234,1.324,1.3197,1.3199
2023-12-28,1.3199,1.3214,1.3158,1.3203
2023-12-29,1.3203,1.3217,1.3171,1.3203
2024-01-02,1.3205,1.3271,1.3193,1.3256
2024-01-03,1.3256,1.3306,1.3254,1.3287
2024-01-04,1.3287,1.3302,1.327,1.3293
2024-01-05,1.3293,1.3353,1.3252,1.3296
2024-01-08,1.33,1.3321,1.3276,1.3281
2024-01-09,1.3281,1.3321,1.3266,1.331
2024-01-10,1.331,1.3333,1.3306,1.3316
2024-01-11,1.3316,1.3344,1.3287,1.3308
2024-01-12,1.3308,1.3331,1.3283,1.3314
2024-01-15,1.3327,1.3344,1.3307,1.3334
2024-01-16,1.3334,1.3432,1.3333,1.3425
2024-01-17,1.3425,1.3469,1.3418,1.3447
2024-01-18,1.3447,1.3459,1.3421,1.3441
2024-01-19,1.3441,1.3448,1.34,1.3408
2024-01-22,1.3407,1.3425,1.3389,1.3419
2024-01-23,1.3418,1.3428,1.3375,1.3413
2024-01-24,1.3413,1.3416,1.3361,1.3397
2024-01-25,1.3396,1.3415,1.3384,1.3402
2024-01-26,1.3403,1.3417,1.3393,1.3411
2024-01-29,1.3411,1.343,1.3394,1.3402
2024-01-30,1.3402,1.3412,1.3385,1.3393
2024-01-31,1.3393,1.3419,1.3361,1.3408
2024-02-01,1.3408,1.3419,1.3365,1.3366
2024-02-02,1.3367,1.3439,1.3351,1.3429
2024-02-05,1.3422,1.3486,1.3422,1.3471
2024-02-06,1.3471,1.3479,1.3439,1.3442
2024-02-07,1.3441,1.3446,1.342,1.3433
2024-02-08,1.3433,1.3481,1.3427,1.3472
2024-02-09,1.3472,1.3479,1.3449,1.3458
2024-02-12,1.346,1.3463,1.3436,1.3447
2024-02-13,1.3447,1.3525,1.3441,1.3511
2024-02-14,1.3511,1.3518,1.3477,1.3484
2024-02-15,1.3484,1.3485,1.3441,1.3457
2024-02-16,1.3457,1.3488,1.3453,1.3471
2024-02-19,1.3471,1.3474,1.3441,1.346
2024-02-20,1.346,1.347,1.3427,1.3436
2024-02-21,1.3437,1.345,1.3429,1.344
2024-02-22,1.344,1.3442,1.3394,1.343
2024-02-23,1.343,1.3458,1.3419,1.3431
2024-02-26,1.3433,1.3452,1.3431,1.3444
2024-02-27,1.3444,1.3449,1.3426,1.3441
2024-02-28,1.3441,1.3472,1.3435,1.3462
2024-02-29,1.3462,1.3464,1.3429,1.3456
2024-03-01,1.3456,1.3478,1.3437,1.3439
2024-03-04,1.3443,1.3446,1.3426,1.3434
2024-03-05,1.3434,1.3447,1.3412,1.3428
2024-03-06,1.3428,1.3435,1.3373,1.3388
2024-03-07,1.3388,1.3391,1.3331,1.3332
2024-03-08,1.3332,1.3337,1.3271,1.3311
2024-03-11,1.3312,1.3317,1.3296,1.3304
2024-03-12,1.3304,1.3339,1.3293,1.3323
2024-03-13,1.3324,1.3339,1.3312,1.3323
2024-03-14,1.3323,1.3368,1.3317,1.336
2024-03-15,1.336,1.3383,1.336,1.3376
2024-03-18,1.3378,1.3396,1.3373,1.3392
2024-03-19,1.3392,1.3436,1.3389,1.342
2024-03-20,1.342,1.3448,1.339,1.3397
2024-03-21,1.3397,1.3442,1.3365,1.3439
2024-03-22,1.3439,1.3501,1.3429,1.3486
2024-03-25,1.3497,1.3505,1.3446,1.346
2024-03-26,1.346,1.3461,1.3435,1.3457
2024-03-27,1.3457,1.3491,1.345,1.3476
2024-03-28,1.3476,1.3518,1.3467,1.3503
2024-03-29,1.3503,1.3506,1.3478,1.3493
2024-04-01,1.3495,1.3536,1.3475,1.3523
2024-04-02,1.3523,1.3539,1.3503,1.3515
2024-04-03,1.3515,1.3526,1.3478,1.3481
2024-04-04,1.3481,1.3493,1.3458,1.3485
2024-04-05,1.3485,1.3515,1.3471,1.3487
2024-04-08,1.3493,1.3501,1.3472,1.3475
2024-04-09,1.3475,1.3483,1.3438,1.3448
2024-04-10,1.3448,1.3546,1.3442,1.3538
2024-04-11,1.3538,1.3551,1.3515,1.3531
2024-04-12,1.3531,1.3618,1.3526,1.3614
2024-04-15,1.3604,1.3634,1.3596,1.363
2024-04-16,1.363,1.367,1.3617,1.365
2024-04-17,1.365,1.3652,1.3599,1.3605
2024-04-18,1.3605,1.3626,1.3579,1.3622
2024-04-19,1.3622,1.3659,1.3598,1.3616
2024-04-22,1.3616,1.3637,1.3592,1.362
2024-04-23,1.3619,1.364,1.3598,1.3614
2024-04-24,1.3614,1.3624,1.3586,1.362
2024-04-25,1.362,1.3627,1.359,1.359
2024-04-26,1.3591,1.363,1.3578,1.3628
2024-04-29,1.3618,1.3632,1.3584,1.3597
2024-04-30,1.3597,1.3655,1.359,1.3655
2024-05-01,1.3655,1.3659,1.3595,1.3608
2024-05-02,1.3608,1.3615,1.3538,1.3549
2024-05-03,1.355,1.3556,1.3452,1.3496
2024-05-06,1.3511,1.3526,1.3488,1.3512
2024-05-07,1.3512,1.3551,1.35,1.3545
2024-05-08,1.3545,1.3566,1.354,1.3555
2024-05-09,1.3555,1.3572,1.3522,1.3525
2024-05-10,1.3525,1.355,1.352,1.3546
2024-05-13,1.3546,1.3553,1.3519,1.3535
2024-05-14,1.3535,1.3559,1.3516,1.3518
2024-05-15,1.3518,1.3526,1.3443,1.3452
2024-05-16,1.3452,1.3471,1.3421,1.346
2024-05-17,1.346,1.3482,1.3443,1.345
2024-05-20,1.3457,1.348,1.3442,1.3475
2024-05-21,1.3475,1.3491,1.3463,1.3473
2024-05-22,1.3473,1.3512,1.346,1.3508
2024-05-23,1.3508,1.3522,1.3483,1.3518
2024-05-24,1.3518,1.3526,1.3491,1.3499
2024-05-27,1.3499,1.3506,1.3483,1.3494
2024-05-28,1.3494,1.3495,1.3467,1.3487
2024-05-29,1.3487,1.3524,1.3478,1.3522
2024-05-30,1.3522,1.3537,1.3492,1.3501
2024-05-31,1.35,1.3527,1.3492,1.3512
2024-06-03,1.351,1.3522,1.3458,1.3459
2024-06-04,1.3459,1.3483,1.3449,1.3467
2024-06-05,1.3467,1.3495,1.3458,1.3488
2024-06-06,1.3488,1.3488,1.3453,1.3458
2024-06-07,1.3458,1.3528,1.3438,1.3522
2024-06-10,1.351,1.3542,1.351,1.3526
2024-06-11,1.3526,1.3542,1.3521,1.353
2024-06-12,1.353,1.3535,1.3438,1.3472
2024-06-13,1.3472,1.3511,1.3463,1.3511
2024-06-14,1.3511,1.3553,1.3505,1.3532
2024-06-17,1.3537,1.3544,1.3518,1.352
2024-06-18,1.352,1.3546,1.3506,1.3509
2024-06-19,1.3509,1.3522,1.3501,1.3507
2024-06-20,1.3507,1.3548,1.3504,1.3544
2024-06-21,1.3544,1.3556,1.3532,1.3549
2024-06-24,1.3549,1.3562,1.3516,1.3528
2024-06-25,1.3528,1.3552,1.3514,1.3546
2024-06-26,1.3546,1.3594,1.354,1.358
2024-06-27,1.358,1.3595,1.3561,1.3585
2024-06-28,1.3585,1.3597,1.3545,1.356
2024-07-01,1.3557,1.3585,1.3541,1.3576
2024-07-02,1.3576,1.359,1.3558,1.356
2024-07-03,1.356,1.3579,1.35,1.3538
2024-07-04,1.3538,1.3541,1.351,1.3519
2024-07-05,1.3519,1.3521,1.3483,1.3486
2024-07-08,1.3507,1.3507,1.3477,1.35
2024-07-09,1.35,1.3516,1.3492,1.3509
2024-07-10,1.3509,1.3512,1.3484,1.3489
2024-07-11,1.3489,1.3498,1.3412,1.3428
2024-07-12,1.3428,1.3444,1.3404,1.3409
2024-07-15,1.3421,1.3439,1.3414,1.3438
2024-07-16,1.3438,1.3459,1.3433,1.3442
2024-07-17,1.3442,1.3448,1.339,1.3405
2024-07-18,1.3405,1.3443,1.3392,1.344
2024-07-19,1.344,1.3456,1.343,1.3453
2024-07-22,1.3454,1.3465,1.3436,1.346
2024-07-23,1.346,1.3465,1.3442,1.3456
2024-07-24,1.3456,1.3462,1.3415,1.3434
2024-07-25,1.3434,1.3447,1.3411,1.3434
2024-07-26,1.3434,1.3444,1.3419,1.3426
2024-07-29,1.3436,1.3448,1.3409,1.3434
2024-07-30,1.3434,1.3457,1.342,1.3422
2024-07-31,1.3422,1.3436,1.3358,1.336
2024-08-01,1.336,1.3384,1.3344,1.3367
2024-08-02,1.3367,1.3376,1.3246,1.3268
2024-08-05,1.3281,1.3284,1.3185,1.3252
2024-08-06,1.3252,1.3278,1.323,1.3254
2024-08-07,1.3254,1.3291,1.3247,1.3277
2024-08-08,1.3277,1.3281,1.3235,1.3256
2024-08-09,1.3257,1.3265,1.3224,1.3239
2024-08-12,1.3241,1.3253,1.323,1.3243
2024-08-13,1.3243,1.3249,1.3166,1.3176
2024-08-14,1.3176,1.3181,1.3141,1.3162
2024-08-15,1.3162,1.323,1.3162,1.3224
2024-08-16,1.3224,1.3228,1.3155,1.3159
2024-08-19,1.3167,1.3183,1.3077,1.3082
2024-08-20,1.3082,1.3102,1.3043,1.3052
2024-08-21,1.3052,1.3087,1.3037,1.3058
2024-08-22,1.3058,1.3116,1.3046,1.3105
2024-08-23,1.3106,1.3112,1.3003,1.3012
2024-08-26,1.302,1.3041,1.2999,1.3041
2024-08-27,1.3041,1.3056,1.3009,1.3011
2024-08-28,1.3011,1.3052,1.3009,1.3035
2024-08-29,1.3035,1.3042,1.3004,1.3031
2024-08-30,1.3031,1.3074,1.3014,1.3067
2024-09-02,1.3051,1.3078,1.3048,1.3069
2024-09-03,1.307,1.3099,1.3066,1.3071
2024-09-04,1.3071,1.3078,1.3012,1.3038
2024-09-05,1.3039,1.3045,1.2996,1.3001
2024-09-06,1.3001,1.3037,1.2953,1.3027
2024-09-09,1.3029,1.3074,1.3022,1.3058
2024-09-10,1.3058,1.307,1.3042,1.3046
2024-09-11,1.3046,1.3059,1.3006,1.3041
2024-09-12,1.3041,1.306,1.3012,1.3013
2024-09-13,1.3013,1.3027,1.2969,1.2976
2024-09-16,1.2994,1.2995,1.2944,1.2953
2024-09-17,1.2953,1.2972,1.2928,1.297
2024-09-18,1.297,1.2977,1.2883,1.2952
2024-09-19,1.2951,1.301,1.2903,1.2917
2024-09-20,1.2917,1.2938,1.2887,1.2905
2024-09-23,1.2917,1.2935,1.2899,1.2905
2024-09-24,1.2905,1.2918,1.2833,1.2835
2024-09-25,1.2835,1.2903,1.2822,1.2899
2024-09-26,1.2898,1.2899,1.2826,1.2832
2024-09-27,1.2832,1.2863,1.2789,1.281
2024-09-30,1.2816,1.2862,1.2794,1.285
2024-10-01,1.285,1.2897,1.2831,1.2881
2024-10-02,1.2881,1.2929,1.2864,1.2919
2024-10-03,1.2919,1.2985,1.2913,1.2974
2024-10-04,1.2974,1.3062,1.2957,1.3045
2024-10-07,1.3037,1.3057,1.302,1.304
2024-10-08,1.304,1.3052,1.3021,1.304
2024-10-09,1.304,1.308,1.3022,1.3071
2024-10-10,1.3071,1.3098,1.3052,1.3056
2024-10-11,1.3056,1.307,1.3039,1.3048
2024-10-14,1.3058,1.3096,1.3052,1.3085
2024-10-15,1.3085,1.3114,1.3073,1.3093
2024-10-16,1.3093,1.3142,1.3076,1.3134
2024-10-17,1.3134,1.3153,1.3106,1.3143
2024-10-18,1.3143,1.3148,1.3098,1.3101
2024-10-21,1.3124,1.317,1.3083,1.3163
2024-10-22,1.3163,1.3169,1.3143,1.3163
2024-10-23,1.3163,1.324,1.3152,1.323
2024-10-24,1.323,1.3235,1.3181,1.3181
2024-10-25,1.3181,1.3223,1.318,1.3213
2024-10-28,1.3202,1.3248,1.3198,1.3227
2024-10-29,1.3226,1.3263,1.321,1.3241
2024-10-30,1.3241,1.3256,1.321,1.3223
2024-10-31,1.3223,1.3238,1.3197,1.3198
2024-11-01,1.3198,1.3264,1.3193,1.3261
2024-11-04,1.3242,1.3242,1.3148,1.3197
2024-11-05,1.3197,1.3204,1.3137,1.3144
2024-11-06,1.3144,1.3362,1.3132,1.3329
2024-11-07,1.3329,1.3347,1.3185,1.3201
2024-11-08,1.3201,1.3304,1.3198,1.3255
2024-11-11,1.326,1.3349,1.3247,1.3339
2024-11-12,1.3339,1.3402,1.333,1.3382
2024-11-13,1.3382,1.3435,1.3334,1.3428
2024-11-14,1.3428,1.3488,1.3415,1.3462
2024-11-15,1.3462,1.3474,1.3397,1.342
2024-11-18,1.3425,1.3452,1.338,1.3387
2024-11-19,1.3387,1.3413,1.3373,1.338
2024-11-20,1.338,1.3449,1.3363,1.343
2024-11-21,1.343,1.3472,1.3413,1.3464
2024-11-22,1.3464,1.3511,1.3437,1.3467
2024-11-25,1.346,1.3479,1.3419,1.3459
2024-11-26,1.3459,1.3512,1.3438,1.3467
2024-11-27,1.3467,1.3478,1.3389,1.3404
2024-11-28,1.3404,1.3449,1.3381,1.3431
2024-11-29,1.3431,1.3432,1.3367,1.3395
2024-12-02,1.3394,1.3487,1.3377,1.3449
2024-12-03,1.3449,1.3481,1.3433,1.3449
2024-12-04,1.3448,1.3479,1.342,1.3439
2024-12-05,1.3439,1.3443,1.3379,1.3389
2024-12-06,1.3389,1.3431,1.3358,1.3427
2024-12-09,1.3426,1.344,1.3374,1.3404
2024-12-10,1.3404,1.3433,1.338,1.3419
2024-12-11,1.3418,1.3465,1.34,1.3447
2024-12-12,1.3447,1.3475,1.3418,1.3469
2024-12-13,1.3469,1.3499,1.3456,1.3488
2024-12-16,1.349,1.3519,1.3475,1.3498
2024-12-17,1.3498,1.3514,1.3484,1.35
2024-12-18,1.35,1.3635,1.3492,1.3631
2024-12-19,1.3631,1.3633,1.3578,1.3613
2024-12-20,1.3613,1.3625,1.3533,1.3559
2024-12-23,1.3552,1.3581,1.3522,1.3574
2024-12-24,1.3574,1.3612,1.3567,1.3599
2024-12-25,1.3599,1.36,1.3576,1.359
2024-12-26,1.357,1.3604,1.3567,1.359
2024-12-27,1.3589,1.3609,1.3572,1.3585
2024-12-30,1.3587,1.361,1.3552,1.36
2024-12-31,1.3601,1.368,1.3573,1.3657
2025-01-01,1.3657,1.3663,1.3657,1.366
2025-01-02,1.3654,1.3717,1.3602,1.3705
2025-01-03,1.3705,1.3729,1.3674,1.3702
2025-01-06,1.3704,1.3714,1.3558,1.3634
2025-01-07,1.3634,1.3663,1.3588,1.3642
2025-01-08,1.3642,1.3711,1.3617,1.3679
2025-01-09,1.3679,1.3717,1.367,1.3683
2025-01-10,1.3683,1.3749,1.3669,1.3715
2025-01-13,1.3714,1.3751,1.3694,1.3696
2025-01-14,1.3696,1.3718,1.3664,1.3666
2025-01-15,1.3666,1.3693,1.3632,1.3671
2025-01-16,1.3671,1.3697,1.3649,1.367
2025-01-17,1.3669,1.3702,1.3648,1.3684
2025-01-20,1.3675,1.3695,1.3532,1.3564
2025-01-21,1.3564,1.3617,1.3516,1.3528
2025-01-22,1.3528,1.3563,1.3507,1.3555
2025-01-23,1.3555,1.3588,1.3535,1.355
2025-01-24,1.355,1.358,1.3444,1.3462
2025-01-27,1.3464,1.3495,1.3421,1.3445
2025-01-28,1.3445,1.3535,1.3435,1.351
2025-01-29,1.351,1.3534,1.3481,1.3494
2025-01-30,1.3494,1.3535,1.3479,1.3527
2025-01-31,1.3527,1.3598,1.3507,1.3568
2025-02-03,1.36,1.37,1.3593,1.3611
2025-02-04,1.3611,1.363,1.3508,1.353
2025-02-05,1.353,1.3539,1.3462,1.3484
2025-02-06,1.3484,1.3545,1.3478,1.3506
2025-02-07,1.3506,1.3565,1.3486,1.354
2025-02-10,1.3541,1.3586,1.3525,1.3553
2025-02-11,1.3553,1.3577,1.3507,1.3531
2025-02-12,1.3531,1.3583,1.3505,1.3538
2025-02-13,1.3538,1.3545,1.3429,1.3436
2025-02-14,1.3436,1.345,1.338,1.3394
2025-02-17,1.3409,1.342,1.3375,1.3416
2025-02-18,1.3416,1.3445,1.341,1.3423
2025-02-19,1.3423,1.3439,1.3408,1.3429
2025-02-20,1.3429,1.3431,1.3325,1.3335
2025-02-21,1.3335,1.3378,1.3327,1.3366
2025-02-24,1.3363,1.3396,1.3312,1.3387
2025-02-25,1.3388,1.341,1.3358,1.3363
2025-02-26,1.3363,1.3396,1.3351,1.3388
2025-02-27,1.3388,1.3485,1.3372,1.3484
2025-02-28,1.3484,1.3521,1.3466,1.3514
2025-03-03,1.3517,1.352,1.3434,1.3469
2025-03-04,1.3469,1.3474,1.3374,1.3389
2025-03-05,1.3387,1.3414,1.3301,1.3313
2025-03-06,1.3313,1.3339,1.3298,1.3333
2025-03-07,1.3334,1.334,1.3282,1.331
2025-03-10,1.3303,1.3347,1.3279,1.3339
2025-03-11,1.3339,1.3349,1.3293,1.3301
2025-03-12,1.3301,1.3352,1.3296,1.3329
2025-03-13,1.3329,1.3377,1.3317,1.3359
2025-03-14,1.3359,1.3373,1.3332,1.3342
2025-03-17,1.3339,1.3348,1.3294,1.3302
2025-03-18,1.3302,1.3335,1.3297,1.3306
2025-03-19,1.3306,1.3344,1.3301,1.3306
2025-03-20,1.3306,1.3377,1.3289,1.3348
2025-03-21,1.3348,1.3368,1.3331,1.336
2025-03-24,1.3362,1.3402,1.3345,1.3386
2025-03-25,1.3386,1.3399,1.3349,1.3361
2025-03-26,1.3361,1.3413,1.3356,1.3408
2025-03-27,1.3408,1.3416,1.3375,1.3397
2025-03-28,1.3396,1.3431,1.3391,1.3414
2025-03-31,1.3417,1.345,1.3389,1.3427
2025-04-01,1.3427,1.3449,1.3415,1.3442
2025-04-02,1.3442,1.3475,1.3382,1.3457
2025-04-03,1.3457,1.35,1.3309,1.3339
2025-04-04,1.3339,1.3481,1.3309,1.3473
2025-04-07,1.3464,1.3531,1.3438,1.3528
2025-04-08,1.3528,1.355,1.347,1.3535
2025-04-09,1.3535,1.355,1.3378,1.341
2025-04-10,1.341,1.3446,1.3284,1.3303
2025-04-11,1.3303,1.3311,1.3157,1.3191
2025-04-14,1.3196,1.321,1.3119,1.3155
2025-04-15,1.3155,1.3196,1.3131,1.319
2025-04-16,1.319,1.3193,1.3097,1.3106
2025-04-17,1.3106,1.3156,1.3098,1.3114
2025-04-18,1.3115,1.3137,1.31,1.3111
2025-04-21,1.3113,1.3118,1.3011,1.3042
2025-04-22,1.3042,1.312,1.3035,1.3112
2025-04-23,1.3112,1.3169,1.3091,1.316
2025-04-24,1.316,1.3164,1.3106,1.3113
2025-04-25,1.3113,1.316,1.3111,1.3148
2025-04-28,1.3147,1.3166,1.3082,1.3085
2025-04-29,1.3085,1.3113,1.306,1.3076
2025-04-30,1.3077,1.3089,1.3044,1.3063
2025-05-01,1.3063,1.3129,1.3054,1.3122
2025-05-02,1.3122,1.3126,1.2912,1.2996
2025-05-05,1.3013,1.3016,1.2861,1.2893
2025-05-06,1.2893,1.2972,1.2872,1.2883
2025-05-07,1.2883,1.2958,1.2878,1.2942
2025-05-08,1.2941,1.3018,1.2929,1.301
2025-05-09,1.3008,1.3029,1.2962,1.2979
2025-05-12,1.2984,1.3086,1.2968,1.3062
2025-05-13,1.3062,1.3065,1.3008,1.3011
2025-05-14,1.3011,1.304,1.2951,1.3024
2025-05-15,1.3024,1.3027,1.296,1.2977
2025-05-16,1.2977,1.3009,1.2943,1.3004
2025-05-19,1.3002,1.3004,1.2934,1.2947
2025-05-20,1.2947,1.297,1.2934,1.2952
2025-05-21,1.2951,1.2954,1.2874,1.2889
2025-05-22,1.2889,1.2932,1.2878,1.2926
2025-05-23,1.2927,1.2937,1.2838,1.2848
2025-05-26,1.2855,1.2858,1.2802,1.2842
2025-05-27,1.2842,1.2894,1.2821,1.2887
2025-05-28,1.2887,1.2906,1.2873,1.2894
2025-05-29,1.2894,1.298,1.2856,1.2871
2025-05-30,1.2871,1.2921,1.2852,1.291
2025-06-02,1.2905,1.2915,1.2848,1.2852
2025-06-03,1.2852,1.2901,1.2847,1.2897
2025-06-04,1.2897,1.2919,1.2849,1.2862
2025-06-05,1.2863,1.2876,1.2818,1.286
2025-06-06,1.286,1.2904,1.2847,1.2895
2025-06-09,1.2889,1.29,1.2842,1.2864
2025-06-10,1.2864,1.2885,1.2851,1.287
2025-06-11,1.287,1.2881,1.2832,1.2847
2025-06-12,1.2847,1.285,1.2763,1.2789
2025-06-13,1.279,1.2848,1.2776,1.2823
2025-06-16,1.2833,1.2836,1.2776,1.2801
2025-06-17,1.2801,1.2873,1.2796,1.2864
2025-06-18,1.2864,1.2871,1.2829,1.285
2025-06-19,1.285,1.2893,1.2842,1.2871
2025-06-20,1.2871,1.2876,1.2837,1.287
2025-06-23,1.2851,1.2941,1.2838,1.2846
2025-06-24,1.2846,1.2862,1.2781,1.2798
2025-06-25,1.2798,1.2822,1.2776,1.2785
2025-06-26,1.2784,1.2798,1.2717,1.2741
2025-06-27,1.2741,1.2778,1.2733,1.2759
2025-06-30,1.2754,1.277,1.2709,1.2716
2025-07-01,1.2716,1.2742,1.2698,1.2728
2025-07-02,1.2728,1.275,1.2724,1.2729
2025-07-03,1.2729,1.2786,1.2715,1.2753
2025-07-04,1.2753,1.2758,1.2732,1.2741
2025-07-07,1.2737,1.2807,1.273,1.2797
2025-07-08,1.2797,1.2818,1.2763,1.2795
2025-07-09,1.2795,1.2821,1.2792,1.2803
2025-07-10,1.2803,1.2819,1.2786,1.2795
2025-07-11,1.2795,1.2819,1.279,1.2803
2025-07-14,1.2794,1.2829,1.2794,1.2821
2025-07-15,1.2821,1.2861,1.2802,1.2853
2025-07-16,1.2853,1.2876,1.2793,1.2826
2025-07-17,1.2829,1.2882,1.2822,1.2859
2025-07-18,1.2859,1.2864,1.2818,1.2854
2025-07-21,1.285,1.2857,1.2796,1.2806
2025-07-22,1.2806,1.2826,1.2778,1.2783
2025-07-23,1.2783,1.2795,1.2763,1.2768
2025-07-24,1.2768,1.2784,1.2746,1.2776
2025-07-25,1.2776,1.2824,1.2772,1.2816
2025-07-28,1.2811,1.2872,1.2798,1.2866
2025-07-29,1.2866,1.2897,1.2857,1.2878
2025-07-30,1.2879,1.2972,1.2855,1.2966
2025-07-31,1.2966,1.2991,1.2931,1.2981
2025-08-01,1.2981,1.3001,1.2873,1.2898
2025-08-04,1.289,1.2902,1.2862,1.2876
2025-08-05,1.2876,1.2896,1.2863,1.2878
2025-08-06,1.2879,1.2884,1.2843,1.2855
2025-08-07,1.2854,1.2863,1.282,1.2832
2025-08-08,1.2832,1.2862,1.2824,1.2854
2025-08-11,1.2845,1.2878,1.2832,1.2872
2025-08-12,1.2872,1.2873,1.2815,1.2837
2025-08-13,1.2837,1.2853,1.2789,1.2801
2025-08-14,1.2801,1.2852,1.2788,1.2847
2025-08-15,1.2847,1.2849,1.2812,1.283
2025-08-18,1.2826,1.2848,1.2818,1.2844
2025-08-19,1.2844,1.2858,1.2826,1.285
2025-08-20,1.2851,1.2866,1.2839,1.2852
2025-08-21,1.2852,1.2896,1.2849,1.2887
2025-08-22,1.2887,1.2902,1.28,1.2814
2025-08-25,1.2823,1.2865,1.2809,1.2856
2025-08-26,1.2856,1.287,1.2827,1.2853
2025-08-27,1.2853,1.2898,1.2849,1.2862
2025-08-28,1.2862,1.2865,1.2815,1.2825
2025-08-29,1.2825,1.286,1.2819,1.284
2025-09-01,1.2829,1.2849,1.2823,1.2842
2025-09-02,1.2842,1.2905,1.2834,1.2883
2025-09-03,1.2883,1.2907,1.2869,1.2878
2025-09-04,1.2879,1.2906,1.2875,1.2898
2025-09-05,1.2898,1.2902,1.2822,1.2848
2025-09-08,1.2841,1.2863,1.282,1.2831
2025-09-09,1.2831,1.2839,1.2795,1.2828
2025-09-10,1.2828,1.2842,1.2808,1.2825
2025-09-11,1.2825,1.2855,1.2809,1.2815
2025-09-12,1.2815,1.285,1.2804,1.2834
2025-09-15,1.283,1.2836,1.2799,1.2805
2025-09-16,1.2805,1.2809,1.2754,1.2761
2025-09-17,1.2761,1.2783,1.2713,1.278
2025-09-18,1.278,1.2838,1.2748,1.282
2025-09-19,1.282,1.2857,1.2813,1.2846
2025-09-22,1.284,1.2861,1.2817,1.2821
2025-09-23,1.2821,1.2842,1.2814,1.283
2025-09-24,1.2829,1.2893,1.2828,1.2885
2025-09-25,1.2885,1.2951,1.2872,1.2938
2025-09-26,1.2938,1.295,1.2912,1.2917
2025-09-29,1.2919,1.294,1.2891,1.29
2025-09-30,1.29,1.2922,1.2888,1.2901
2025-10-01,1.2901,1.2917,1.2863,1.2881
2025-10-02,1.2881,1.2912,1.2867,1.2891
2025-10-03,1.2891,1.2907,1.288,1.2888
2025-10-06,1.289,1.2948,1.2887,1.2917
2025-10-07,1.2917,1.2936,1.2905,1.2933
2025-10-08,1.2934,1.2968,1.2926,1.2957
2025-10-09,1.2957,1.3008,1.2937,1.2997
2025-10-10,1.2997,1.2998,1.2964,1.2969
2025-10-13,1.2973,1.2995,1.2959,1.2986
2025-10-14,1.2986,1.3018,1.2977,1.2984
2025-10-15,1.2984,1.2989,1.2947,1.2963
2025-10-16,1.2963,1.2965,1.2929,1.2939
2025-10-17,1.2939,1.2963,1.2917,1.2955
2025-10-20,1.2943,1.2962,1.2928,1.2943
2025-10-21,1.2943,1.2987,1.2927,1.2986
2025-10-22,1.2986,1.2995,1.2972,1.2978
2025-10-23,1.2978,1.3001,1.297,1.2984
2025-10-24,1.2984,1.3,1.2965,1.2988
2025-10-27,1.2987,1.299,1.2955,1.2968
2025-10-28,1.2968,1.2971,1.2932,1.2939
2025-10-29,1.2939,1.2986,1.2928,1.2973
2025-10-30,1.2973,1.3029,1.2958,1.3007
2025-10-31,1.3007,1.3024,1.2989,1.301
2025-11-03,1.3014,1.3054,1.3009,1.3047
2025-11-04,1.3047,1.3083,1.3037,1.3079
2025-11-05,1.3079,1.3086,1.3058,1.307
2025-11-06,1.307,1.3074,1.3034,1.3036
2025-11-07,1.3035,1.3053,1.3009,1.3012
2025-11-10,1.302,1.3035,1.3013,1.3025
2025-11-11,1.3025,1.3038,1.2997,1.3011
2025-11-12,1.3011,1.3043,1.3006,1.3018
2025-11-13,1.3018,1.3032,1.2986,1.3006
2025-11-14,1.3006,1.3028,1.2967,1.2986
2025-11-17,1.2986,1.3039,1.2968,1.3033
2025-11-18,1.3033,1.304,1.301,1.3019
2025-11-19,1.3019,1.3075,1.3013,1.307
2025-11-20,1.307,1.3085,1.3053,1.3079
2025-11-21,1.3079,1.3097,1.3065,1.3077
2025-11-24,1.3076,1.3089,1.3038,1.3052
2025-11-25,1.3052,1.3056,1.3004,1.3013
2025-11-26,1.3012,1.3021,1.2967,1.2975
2025-11-27,1.2975,1.2986,1.2946,1.2973
2025-11-28,1.2973,1.2986,1.295,1.2967
2025-12-01,1.2968,1.2974,1.2932,1.2965
2025-12-02,1.2965,1.2984,1.295,1.2966
2025-12-03,1.2966,1.2974,1.2933,1.2937
2025-12-04,1.2937,1.2968,1.2936,1.2961
2025-12-05,1.2961,1.2975,1.294,1.296
2025-12-08,1.2955,1.2988,1.2948,1.2975
2025-12-09,1.2975,1.2985,1.2961,1.2976
2025-12-10,1.2976,1.2979,1.2922,1.293
2025-12-11,1.293,1.2952,1.2904,1.2922
2025-12-12,1.2922,1.2925,1.2905,1.2918
2025-12-15,1.2921,1.2925,1.2882,1.2895
2025-12-16,1.2895,1.2916,1.2869,1.2893
2025-12-17,1.2893,1.2935,1.2888,1.2911
2025-12-18,1.2911,1.2925,1.2888,1.2898
2025-12-19,1.2898,1.2938,1.2896,1.293
2025-12-22,1.2915,1.2936,1.2879,1.2888
2025-12-23,1.2888,1.2889,1.2848,1.2853
2025-12-24,1.2853,1.2866,1.2819,1.2834
2025-12-25,1.2857,1.2862,1.2827,1.2837
2025-12-26,1.2834,1.2851,1.2827,1.2842
2025-12-29,1.2846,1.2863,1.2832,1.2857
2025-12-30,1.2857,1.2861,1.2818,1.2846
2025-12-31,1.2846,1.2868,1.2836,1.2854
2026-01-01,1.2854,1.2854,1.2842,1.285
2026-01-02,1.2847,1.2869,1.2836,1.286
2026-01-05,1.2897,1.2898,1.2823,1.2827
2026-01-06,1.2827,1.2847,1.2789,1.2805
2026-01-07,1.2805,1.2829,1.2798,1.2823
2026-01-08,1.2823,1.2858,1.2821,1.2847
2026-01-09,1.2847,1.2884,1.2842,1.2874
2026-01-12,1.2858,1.2879,1.2841,1.2858
2026-01-13,1.2858,1.2897,1.2849,1.2887
2026-01-14,1.2887,1.2897,1.2864,1.2879
2026-01-15,1.2879,1.2892,1.2868,1.2882
2026-01-16,1.2882,1.29,1.2871,1.2889
2026-01-19,1.2888,1.2893,1.2844,1.285
2026-01-20,1.285,1.2859,1.2817,1.284
2026-01-21,1.2841,1.2855,1.2814,1.2846
2026-01-22,1.2846,1.2854,1.2804,1.281
2026-01-23,1.281,1.2816,1.2716,1.2727
2026-01-26,1.271,1.2717,1.2678,1.2696
2026-01-27,1.2696,1.2709,1.259,1.2613
2026-01-28,1.2613,1.2657,1.2586,1.2629
2026-01-29,1.2629,1.2685,1.2606,1.2646
2026-01-30,1.2646,1.2726,1.2635,1.2703
2026-02-02,1.2638,1.2744,1.2638,1.2722
2026-02-03,1.2722,1.273,1.2677,1.2699
2026-02-04,1.27,1.2735,1.2689,1.2726
2026-02-05,1.2727,1.2756,1.2721,1.2754
2026-02-06,1.2754,1.2768,1.2708,1.2713
2026-02-09,1.2735,1.2744,1.2649,1.2657
2026-02-10,1.2657,1.2668,1.2631,1.2647
2026-02-11,1.2648,1.2669,1.2606,1.2621
2026-02-12,1.2621,1.2637,1.2604,1.2626
2026-02-13,1.2626,1.265,1.2614,1.2629
2026-02-16,1.2627,1.2639,1.2611,1.2626
2026-02-17,1.2626,1.2659,1.2616,1.2631
2026-02-18,1.2631,1.2677,1.2624,1.267
2026-02-19,1.2669,1.2699,1.2662,1.2683
2026-02-20,1.2683,1.2699,1.266,1.2673
2026-02-23,1.2677,1.2678,1.2636,1.2663
2026-02-24,1.2663,1.2684,1.2659,1.2671
2026-02-25,1.2671,1.2678,1.2631,1.2637
2026-02-26,1.2637,1.266,1.2615,1.264
2026-02-27,1.264,1.2671,1.2629,1.2651
2026-03-02,1.2656,1.2762,1.2647,1.274
2026-03-03,1.274,1.2833,1.2713,1.277
2026-03-04,1.277,1.28,1.2725,1.2752
2026-03-05,1.2753,1.2839,1.2735,1.2805
2026-03-06,1.2805,1.2822,1.2767,1.2777
2026-03-09,1.2804,1.2853,1.2743,1.2746
2026-03-10,1.2746,1.2763,1.2694,1.273
2026-03-11,1.273,1.2749,1.2703,1.2743
2026-03-12,1.2743,1.2794,1.2739,1.2791
2026-03-13,1.279,1.2843,1.2776,1.2829
2026-03-16,1.2829,1.2838,1.2768,1.2778
2026-03-17,1.2778,1.2799,1.2758,1.2763
2026-03-18,1.2764,1.2842,1.2756,1.2836
2026-03-19,1.2836,1.2845,1.2753,1.2775
2026-03-20,1.2776,1.2829,1.2769,1.2821
2026-03-23,1.2751,1.2865,1.2729,1.2748
2026-03-24,1.2748,1.2818,1.2738,1.2782
2026-03-25,1.2781,1.2816,1.2768,1.2815
2026-03-26,1.2815,1.2864,1.2809,1.2853
2026-03-27,1.2853,1.2898,1.2849,1.2879
2026-03-30,1.2839,1.292,1.2838,1.291
2026-03-31,1.291,1.2931,1.2855,1.2868
2026-04-01,1.2868,1.2878,1.2808,1.2831
2026-04-02,1.2831,1.2882,1.2812,1.2859
2026-04-03,1.2859,1.2878,1.2848,1.2866
2026-04-06,1.2885,1.289,1.283,1.2847
2026-04-07,1.2847,1.2872,1.2815,1.2826
2026-04-08,1.2826,1.2835,1.2717,1.2742
2026-04-09,1.2742,1.276,1.2713,1.273
2026-04-10,1.273,1.2758,1.2719,1.2737
2026-04-13,1.2741,1.2787,1.2725,1.2733
2026-04-14,1.2732,1.2743,1.2698,1.2717
2026-04-15,1.2717,1.273,1.2706,1.2713
2026-04-16,1.2713,1.2735,1.2686,1.2729
2026-04-17,1.2729,1.2735,1.2667,1.2694
2026-04-20,1.2691,1.2738,1.2691,1.2699
2026-04-21,1.2699,1.2759,1.2695,1.2743
2026-04-22,1.2742,1.2762,1.2719,1.2756
2026-04-23,1.2756,1.2793,1.2751,1.2784
2026-04-24,1.2784,1.2792,1.275,1.2753
2026-04-27,1.276,1.2773,1.2725,1.2743
2026-04-28,1.2743,1.2785,1.2737,1.2772
2026-04-29,1.2772,1.2822,1.2758,1.2813
2026-04-30,1.2813,1.2822,1.2724,1.2732
2026-05-01,1.2732,1.2741,1.2704,1.2728
2026-05-04,1.2733,1.2782,1.2718,1.2769
2026-05-05,1.2769,1.2783,1.2745,1.2754
2026-05-06,1.2753,1.2763,1.2657,1.2683
2026-05-07,1.2682,1.2695,1.2653,1.2691
2026-05-08,1.269,1.2697,1.2658,1.2672
2026-05-11,1.267,1.2699,1.2651,1.2684
2026-05-12,1.2684,1.2734,1.2682,1.2719
2026-05-13,1.2719,1.2735,1.2711,1.2727
2026-05-14,1.2727,1.2762,1.2717,1.276
2026-05-15,1.276,1.2809,1.2749,1.2805
