strategy_name,strategy_type,period_type,period_end,pnl_usd,equity_usd,drawdown_usd
RKO-BASKET  Call-UO  2M  ATM/H@20Δ,rko_basket,monthly,2023-03-31,1213072.8383321145,1213072.8383321143,-212293.0350901396
RKO-BASKET  Call-UO  2M  ATM/H@20Δ,rko_basket,monthly,2023-04-30,-380090.26264909946,832982.5756830145,-592383.2977392394
RKO-BASKET  Call-UO  2M  ATM/H@20Δ,rko_basket,monthly,2023-05-31,1266720.067990085,2099702.6436730996,-12868.924443236552
RKO-BASKET  Call-UO  2M  ATM/H@20Δ,rko_basket,monthly,2023-06-30,662229.6702250524,2761932.313898152,0.0
RKO-BASKET  Call-UO  2M  ATM/H@20Δ,rko_basket,monthly,2023-07-31,-644748.2515958018,2117184.06230235,-845796.0393065037
RKO-BASKET  Call-UO  2M  ATM/H@20Δ,rko_basket,monthly,2023-08-31,749745.0649760553,2866929.1272784057,-96050.97433044808
RKO-BASKET  Call-UO  2M  ATM/H@20Δ,rko_basket,monthly,2023-09-30,820783.6919758163,3687712.8192542214,-101278.55707476335
RKO-BASKET  Call-UO  2M  ATM/H@20Δ,rko_basket,monthly,2023-10-31,3383291.9410031107,7071004.760257332,0.0
RKO-BASKET  Call-UO  2M  ATM/H@20Δ,rko_basket,monthly,2023-11-30,132372.7655343291,7203377.52579166,-573287.9973323019
RKO-BASKET  Call-UO  2M  ATM/H@20Δ,rko_basket,monthly,2023-12-31,-1118132.5496117137,6085244.976179946,-1691420.5469440157
RKO-BASKET  Call-UO  2M  ATM/H@20Δ,rko_basket,monthly,2024-01-31,-204589.1399813642,5880655.836198581,-1896009.6869253805
RKO-BASKET  Call-UO  2M  ATM/H@20Δ,rko_basket,monthly,2024-02-29,1269832.1314467299,7150487.967645312,-626177.5554786501
RKO-BASKET  Call-UO  2M  ATM/H@20Δ,rko_basket,monthly,2024-03-31,2841556.2356394297,9992044.203284742,0.0
RKO-BASKET  Call-UO  2M  ATM/H@20Δ,rko_basket,monthly,2024-04-30,620955.1112634583,10612999.314548198,-159612.2688907478
RKO-BASKET  Call-UO  2M  ATM/H@20Δ,rko_basket,monthly,2024-05-31,-300974.0367481814,10312025.277800016,-460586.3056389298
RKO-BASKET  Call-UO  2M  ATM/H@20Δ,rko_basket,monthly,2024-06-30,256024.5685920421,10568049.84639206,-204561.73704688624
RKO-BASKET  Call-UO  2M  ATM/H@20Δ,rko_basket,monthly,2024-07-31,455816.1731405159,11023866.019532576,0.0
RKO-BASKET  Call-UO  2M  ATM/H@20Δ,rko_basket,monthly,2024-08-31,197984.05322958162,11221850.07276216,-288098.65554049425
RKO-BASKET  Call-UO  2M  ATM/H@20Δ,rko_basket,monthly,2024-09-30,-675486.5445895296,10546363.528172629,-963585.2001300249
RKO-BASKET  Call-UO  2M  ATM/H@20Δ,rko_basket,monthly,2024-10-31,302084.9953435592,10848448.52351619,-661500.2047864646
RKO-BASKET  Call-UO  2M  ATM/H@20Δ,rko_basket,monthly,2024-11-30,2195663.5903657805,13044112.113881972,0.0
RKO-BASKET  Call-UO  2M  ATM/H@20Δ,rko_basket,monthly,2024-12-31,1994837.7040295657,15038949.817911537,0.0
RKO-BASKET  Call-UO  2M  ATM/H@20Δ,rko_basket,monthly,2025-01-31,1920951.4055785153,16959901.22349005,-16318.1659543477
RKO-BASKET  Call-UO  2M  ATM/H@20Δ,rko_basket,monthly,2025-02-28,379556.38471693627,17339457.608206984,-424321.8855100423
RKO-BASKET  Call-UO  2M  ATM/H@20Δ,rko_basket,monthly,2025-03-31,-577301.071535029,16762156.536671957,-1001622.957045069
RKO-BASKET  Call-UO  2M  ATM/H@20Δ,rko_basket,monthly,2025-04-30,-724356.0501491504,16037800.486522805,-1725979.007194221
RKO-BASKET  Call-UO  2M  ATM/H@20Δ,rko_basket,monthly,2025-05-31,-1263615.603105689,14774184.883417118,-2989594.6102999076
RKO-BASKET  Call-UO  2M  ATM/H@20Δ,rko_basket,monthly,2025-06-30,-903105.31293577,13871079.570481349,-3892699.923235677
RKO-BASKET  Call-UO  2M  ATM/H@20Δ,rko_basket,monthly,2025-07-31,-355068.8170274579,13516010.753453892,-4247768.740263134
RKO-BASKET  Call-UO  2M  ATM/H@20Δ,rko_basket,monthly,2025-08-31,2367891.279410106,15883902.032863995,-1879877.460853031
RKO-BASKET  Call-UO  2M  ATM/H@20Δ,rko_basket,monthly,2025-09-30,-1220302.954088129,14663599.078775868,-3100180.414941158
RKO-BASKET  Call-UO  2M  ATM/H@20Δ,rko_basket,monthly,2025-10-31,3439796.0763105853,18103395.155086458,0.0
RKO-BASKET  Call-UO  2M  ATM/H@20Δ,rko_basket,monthly,2025-11-30,1142637.0114202513,19246032.16650671,-114546.04365174845
RKO-BASKET  Call-UO  2M  ATM/H@20Δ,rko_basket,monthly,2025-12-31,-820074.2084211356,18425957.958085574,-934620.2520728856
RKO-BASKET  Call-UO  2M  ATM/H@20Δ,rko_basket,monthly,2026-01-31,926616.9364903842,19352574.89457596,-206813.28773850203
RKO-BASKET  Call-UO  2M  ATM/H@20Δ,rko_basket,monthly,2026-02-28,-323915.85747890285,19028659.037097067,-667879.1304305829
RKO-BASKET  Call-UO  2M  ATM/H@20Δ,rko_basket,monthly,2026-03-31,902378.0886766079,19931037.125773676,-84410.08797931299
RKO-BASKET  Call-UO  2M  ATM/H@20Δ,rko_basket,monthly,2026-04-30,-225434.603829146,19705602.521944538,-571165.6815225966
RKO-BASKET  Call-UO  2M  ATM/H@20Δ,rko_basket,monthly,2026-05-31,-342122.07253915904,19363480.449405376,-913287.7540617585
RKO-BASKET  Call-UO  2M  ATM/H@20Δ,rko_basket,annual,2023-12-31,6085244.976179948,6085244.976179946,-1691420.5469440157
RKO-BASKET  Call-UO  2M  ATM/H@20Δ,rko_basket,annual,2024-12-31,8953704.841731587,15038949.817911537,0.0
RKO-BASKET  Call-UO  2M  ATM/H@20Δ,rko_basket,annual,2025-12-31,3387008.140174033,18425957.958085574,-934620.2520728856
RKO-BASKET  Call-UO  2M  ATM/H@20Δ,rko_basket,annual,2026-12-31,937522.4913197842,19363480.449405376,-913287.7540617585
RKO-BASKET  Call-UO  2M  ATM/H@15Δ,rko_basket,monthly,2023-03-31,1312800.1980387177,1312800.1980387177,-122062.98781398241
RKO-BASKET  Call-UO  2M  ATM/H@15Δ,rko_basket,monthly,2023-04-30,-190773.9897606129,1122026.2082781051,-312836.977574595
RKO-BASKET  Call-UO  2M  ATM/H@15Δ,rko_basket,monthly,2023-05-31,1507778.8230823905,2629805.031360496,0.0
RKO-BASKET  Call-UO  2M  ATM/H@15Δ,rko_basket,monthly,2023-06-30,2147807.31369443,4777612.345054925,0.0
RKO-BASKET  Call-UO  2M  ATM/H@15Δ,rko_basket,monthly,2023-07-31,973438.4521253151,5751050.797180239,0.0
RKO-BASKET  Call-UO  2M  ATM/H@15Δ,rko_basket,monthly,2023-08-31,1517077.3534325908,7268128.15061283,0.0
RKO-BASKET  Call-UO  2M  ATM/H@15Δ,rko_basket,monthly,2023-09-30,2757909.852165862,10026038.002778692,0.0
RKO-BASKET  Call-UO  2M  ATM/H@15Δ,rko_basket,monthly,2023-10-31,4428437.513785355,14454475.516564043,0.0
RKO-BASKET  Call-UO  2M  ATM/H@15Δ,rko_basket,monthly,2023-11-30,97567.83079691167,14552043.347360954,-896872.3359512407
RKO-BASKET  Call-UO  2M  ATM/H@15Δ,rko_basket,monthly,2023-12-31,-1638588.2951521566,12913455.0522088,-2535460.6311033946
RKO-BASKET  Call-UO  2M  ATM/H@15Δ,rko_basket,monthly,2024-01-31,-415616.61353076587,12497838.438678034,-2951077.244634161
RKO-BASKET  Call-UO  2M  ATM/H@15Δ,rko_basket,monthly,2024-02-29,3514590.870738791,16012429.309416825,0.0
RKO-BASKET  Call-UO  2M  ATM/H@15Δ,rko_basket,monthly,2024-03-31,3656729.537381068,19669158.84679789,0.0
RKO-BASKET  Call-UO  2M  ATM/H@15Δ,rko_basket,monthly,2024-04-30,2586728.28394103,22255887.130738925,0.0
RKO-BASKET  Call-UO  2M  ATM/H@15Δ,rko_basket,monthly,2024-05-31,188649.11245778436,22444536.243196707,0.0
RKO-BASKET  Call-UO  2M  ATM/H@15Δ,rko_basket,monthly,2024-06-30,135321.99209090447,22579858.23528761,-55178.086140960455
RKO-BASKET  Call-UO  2M  ATM/H@15Δ,rko_basket,monthly,2024-07-31,1283878.4380536755,23863736.673341293,0.0
RKO-BASKET  Call-UO  2M  ATM/H@15Δ,rko_basket,monthly,2024-08-31,-87035.1818464575,23776701.49149484,-619787.0077355206
RKO-BASKET  Call-UO  2M  ATM/H@15Δ,rko_basket,monthly,2024-09-30,-1183545.3671562432,22593156.124338597,-1803332.3748917617
RKO-BASKET  Call-UO  2M  ATM/H@15Δ,rko_basket,monthly,2024-10-31,120107.61584603935,22713263.740184635,-1683224.7590457238
RKO-BASKET  Call-UO  2M  ATM/H@15Δ,rko_basket,monthly,2024-11-30,2798049.8188147033,25511313.558999345,0.0
RKO-BASKET  Call-UO  2M  ATM/H@15Δ,rko_basket,monthly,2024-12-31,4316039.1366534745,29827352.695652824,0.0
RKO-BASKET  Call-UO  2M  ATM/H@15Δ,rko_basket,monthly,2025-01-31,3364330.474670791,33191683.170323614,0.0
RKO-BASKET  Call-UO  2M  ATM/H@15Δ,rko_basket,monthly,2025-02-28,92408.98113678649,33284092.15146039,-829708.746765051
RKO-BASKET  Call-UO  2M  ATM/H@15Δ,rko_basket,monthly,2025-03-31,-1056335.2185798932,32227756.932880502,-1886043.9653449394
RKO-BASKET  Call-UO  2M  ATM/H@15Δ,rko_basket,monthly,2025-04-30,-915091.4931366357,31312665.439743865,-2801135.4584815763
RKO-BASKET  Call-UO  2M  ATM/H@15Δ,rko_basket,monthly,2025-05-31,-1920574.102789692,29392091.336954176,-4721709.561271265
RKO-BASKET  Call-UO  2M  ATM/H@15Δ,rko_basket,monthly,2025-06-30,-1387040.3525339486,28005050.98442023,-6108749.913805213
RKO-BASKET  Call-UO  2M  ATM/H@15Δ,rko_basket,monthly,2025-07-31,-1021715.2640596761,26983335.720360555,-7130465.177864887
RKO-BASKET  Call-UO  2M  ATM/H@15Δ,rko_basket,monthly,2025-08-31,4198349.998025098,31181685.718385655,-2932115.179839786
RKO-BASKET  Call-UO  2M  ATM/H@15Δ,rko_basket,monthly,2025-09-30,-741997.7126328212,30439688.00575284,-3674112.8924726024
RKO-BASKET  Call-UO  2M  ATM/H@15Δ,rko_basket,monthly,2025-10-31,4630370.695726106,35070058.70147894,0.0
RKO-BASKET  Call-UO  2M  ATM/H@15Δ,rko_basket,monthly,2025-11-30,1877691.565486663,36947750.26696561,-44200.22429380566
RKO-BASKET  Call-UO  2M  ATM/H@15Δ,rko_basket,monthly,2025-12-31,1063264.5477782101,38011014.814743824,-172973.23060795665
RKO-BASKET  Call-UO  2M  ATM/H@15Δ,rko_basket,monthly,2026-01-31,806002.7146087416,38817017.52935256,-459886.48138411343
RKO-BASKET  Call-UO  2M  ATM/H@15Δ,rko_basket,monthly,2026-02-28,-689742.2200997809,38127275.30925279,-1149628.701483883
RKO-BASKET  Call-UO  2M  ATM/H@15Δ,rko_basket,monthly,2026-03-31,1424942.1456607063,39552217.454913504,0.0
RKO-BASKET  Call-UO  2M  ATM/H@15Δ,rko_basket,monthly,2026-04-30,-522097.92082940973,39030119.5340841,-792671.3104753494
RKO-BASKET  Call-UO  2M  ATM/H@15Δ,rko_basket,monthly,2026-05-31,-461523.84536242904,38568595.688721664,-1254195.1558377817
RKO-BASKET  Call-UO  2M  ATM/H@15Δ,rko_basket,annual,2023-12-31,12913455.052208804,12913455.0522088,-2535460.6311033946
RKO-BASKET  Call-UO  2M  ATM/H@15Δ,rko_basket,annual,2024-12-31,16913897.643444,29827352.695652824,0.0
RKO-BASKET  Call-UO  2M  ATM/H@15Δ,rko_basket,annual,2025-12-31,8183662.119090988,38011014.814743824,-172973.23060795665
RKO-BASKET  Call-UO  2M  ATM/H@15Δ,rko_basket,annual,2026-12-31,557580.8739778283,38568595.688721664,-1254195.1558377817
RKO-BASKET  Call-UO  2M  ATM/H@10Δ,rko_basket,monthly,2023-03-31,2449275.5695249345,2449275.569524935,-41198.01295685023
RKO-BASKET  Call-UO  2M  ATM/H@10Δ,rko_basket,monthly,2023-04-30,80788.98869685063,2530064.558221786,-349815.62710202625
RKO-BASKET  Call-UO  2M  ATM/H@10Δ,rko_basket,monthly,2023-05-31,1648199.0320129858,4178263.5902347714,0.0
RKO-BASKET  Call-UO  2M  ATM/H@10Δ,rko_basket,monthly,2023-06-30,2330307.315173059,6508570.905407831,0.0
RKO-BASKET  Call-UO  2M  ATM/H@10Δ,rko_basket,monthly,2023-07-31,1639432.8173278626,8148003.722735695,0.0
RKO-BASKET  Call-UO  2M  ATM/H@10Δ,rko_basket,monthly,2023-08-31,4179679.990981188,12327683.713716883,0.0
RKO-BASKET  Call-UO  2M  ATM/H@10Δ,rko_basket,monthly,2023-09-30,5578242.560396134,17905926.274113014,0.0
RKO-BASKET  Call-UO  2M  ATM/H@10Δ,rko_basket,monthly,2023-10-31,4889515.191568757,22795441.465681773,0.0
RKO-BASKET  Call-UO  2M  ATM/H@10Δ,rko_basket,monthly,2023-11-30,-296714.0768725055,22498727.388809264,-1245090.962557517
RKO-BASKET  Call-UO  2M  ATM/H@10Δ,rko_basket,monthly,2023-12-31,-2154653.163336082,20344074.225473184,-3399744.1258935966
RKO-BASKET  Call-UO  2M  ATM/H@10Δ,rko_basket,monthly,2024-01-31,-994553.2865794887,19349520.938893694,-4394297.412473086
RKO-BASKET  Call-UO  2M  ATM/H@10Δ,rko_basket,monthly,2024-02-29,3345441.1519131833,22694962.090806868,-1048856.2605599128
RKO-BASKET  Call-UO  2M  ATM/H@10Δ,rko_basket,monthly,2024-03-31,3903256.2101256396,26598218.300932504,0.0
RKO-BASKET  Call-UO  2M  ATM/H@10Δ,rko_basket,monthly,2024-04-30,3003229.8565100017,29601448.157442506,0.0
RKO-BASKET  Call-UO  2M  ATM/H@10Δ,rko_basket,monthly,2024-05-31,993537.9980478387,30594986.155490343,0.0
RKO-BASKET  Call-UO  2M  ATM/H@10Δ,rko_basket,monthly,2024-06-30,-172164.63560888878,30422821.519881457,-308485.8915927708
RKO-BASKET  Call-UO  2M  ATM/H@10Δ,rko_basket,monthly,2024-07-31,2365746.1545076245,32788567.67438908,0.0
RKO-BASKET  Call-UO  2M  ATM/H@10Δ,rko_basket,monthly,2024-08-31,-563635.0379863289,32224932.636402745,-932060.1261018328
RKO-BASKET  Call-UO  2M  ATM/H@10Δ,rko_basket,monthly,2024-09-30,-1689699.2461839335,30535233.39021881,-2621759.3722857684
RKO-BASKET  Call-UO  2M  ATM/H@10Δ,rko_basket,monthly,2024-10-31,-275828.7748130269,30259404.615405787,-2897588.147098791
RKO-BASKET  Call-UO  2M  ATM/H@10Δ,rko_basket,monthly,2024-11-30,3934615.159073248,34194019.77447903,0.0
RKO-BASKET  Call-UO  2M  ATM/H@10Δ,rko_basket,monthly,2024-12-31,7060394.977691751,41254414.752170786,0.0
RKO-BASKET  Call-UO  2M  ATM/H@10Δ,rko_basket,monthly,2025-01-31,4984913.898759352,46239328.650930144,0.0
RKO-BASKET  Call-UO  2M  ATM/H@10Δ,rko_basket,monthly,2025-02-28,-283172.94007055485,45956155.71085958,-1385494.6155425906
RKO-BASKET  Call-UO  2M  ATM/H@10Δ,rko_basket,monthly,2025-03-31,-1552086.941636119,44404068.769223474,-2937581.5571786985
RKO-BASKET  Call-UO  2M  ATM/H@10Δ,rko_basket,monthly,2025-04-30,-1328782.5206345008,43075286.248588964,-4266364.077813208
RKO-BASKET  Call-UO  2M  ATM/H@10Δ,rko_basket,monthly,2025-05-31,-2654644.823403585,40420641.42518537,-6921008.901216805
RKO-BASKET  Call-UO  2M  ATM/H@10Δ,rko_basket,monthly,2025-06-30,-2229226.8637777385,38191414.56140763,-9150235.76499454
RKO-BASKET  Call-UO  2M  ATM/H@10Δ,rko_basket,monthly,2025-07-31,-2171379.641592536,36020034.91981509,-11321615.40658708
RKO-BASKET  Call-UO  2M  ATM/H@10Δ,rko_basket,monthly,2025-08-31,4881743.214133172,40901778.13394826,-6439872.192453913
RKO-BASKET  Call-UO  2M  ATM/H@10Δ,rko_basket,monthly,2025-09-30,4832117.267889615,45733895.40183787,-1607754.924564302
RKO-BASKET  Call-UO  2M  ATM/H@10Δ,rko_basket,monthly,2025-10-31,4327290.017026092,50061185.418863975,0.0
RKO-BASKET  Call-UO  2M  ATM/H@10Δ,rko_basket,monthly,2025-11-30,4323127.262447586,54384312.68131156,0.0
RKO-BASKET  Call-UO  2M  ATM/H@10Δ,rko_basket,monthly,2025-12-31,3255851.6207087794,57640164.30202035,0.0
RKO-BASKET  Call-UO  2M  ATM/H@10Δ,rko_basket,monthly,2026-01-31,154952.02576738776,57795116.327787735,-606435.7989251241
RKO-BASKET  Call-UO  2M  ATM/H@10Δ,rko_basket,monthly,2026-02-28,-1235328.49457309,56559787.83321463,-1841764.2934982255
RKO-BASKET  Call-UO  2M  ATM/H@10Δ,rko_basket,monthly,2026-03-31,2735979.7886887267,59295767.62190337,0.0
RKO-BASKET  Call-UO  2M  ATM/H@10Δ,rko_basket,monthly,2026-04-30,-309021.01720595284,58986746.6046974,-978218.8811806813
RKO-BASKET  Call-UO  2M  ATM/H@10Δ,rko_basket,monthly,2026-05-31,-249376.14888720092,58737370.4558102,-1227595.0300678834
RKO-BASKET  Call-UO  2M  ATM/H@10Δ,rko_basket,annual,2023-12-31,20344074.225473184,20344074.225473184,-3399744.1258935966
RKO-BASKET  Call-UO  2M  ATM/H@10Δ,rko_basket,annual,2024-12-31,20910340.52669762,41254414.752170786,0.0
RKO-BASKET  Call-UO  2M  ATM/H@10Δ,rko_basket,annual,2025-12-31,16385749.549849562,57640164.30202035,0.0
RKO-BASKET  Call-UO  2M  ATM/H@10Δ,rko_basket,annual,2026-12-31,1097206.153789871,58737370.4558102,-1227595.0300678834
RKO-BASKET  Call-UO  2M  ATM/H@5Δ,rko_basket,monthly,2023-03-31,5681925.984703468,5681925.984703468,0.0
RKO-BASKET  Call-UO  2M  ATM/H@5Δ,rko_basket,monthly,2023-04-30,709477.4474991905,6391403.43220266,-619454.3736026743
RKO-BASKET  Call-UO  2M  ATM/H@5Δ,rko_basket,monthly,2023-05-31,3086550.5083844373,9477953.940587096,0.0
RKO-BASKET  Call-UO  2M  ATM/H@5Δ,rko_basket,monthly,2023-06-30,3092400.9022419997,12570354.842829095,0.0
RKO-BASKET  Call-UO  2M  ATM/H@5Δ,rko_basket,monthly,2023-07-31,3331884.190010791,15902239.032839885,0.0
RKO-BASKET  Call-UO  2M  ATM/H@5Δ,rko_basket,monthly,2023-08-31,7893610.79964768,23795849.832487576,0.0
RKO-BASKET  Call-UO  2M  ATM/H@5Δ,rko_basket,monthly,2023-09-30,10257703.744583925,34053553.5770715,0.0
RKO-BASKET  Call-UO  2M  ATM/H@5Δ,rko_basket,monthly,2023-10-31,5967193.777288822,40020747.354360305,0.0
RKO-BASKET  Call-UO  2M  ATM/H@5Δ,rko_basket,monthly,2023-11-30,-937053.4607862991,39083693.893574014,-1734459.9340496436
RKO-BASKET  Call-UO  2M  ATM/H@5Δ,rko_basket,monthly,2023-12-31,-2581351.460236506,36502342.43333752,-4315811.394286141
RKO-BASKET  Call-UO  2M  ATM/H@5Δ,rko_basket,monthly,2024-01-31,-1425803.1292466407,35076539.30409088,-5741614.523532778
RKO-BASKET  Call-UO  2M  ATM/H@5Δ,rko_basket,monthly,2024-02-29,3782358.770228695,38858898.074319586,-1959255.7533040717
RKO-BASKET  Call-UO  2M  ATM/H@5Δ,rko_basket,monthly,2024-03-31,3263875.6232117917,42122773.697531365,0.0
RKO-BASKET  Call-UO  2M  ATM/H@5Δ,rko_basket,monthly,2024-04-30,4759651.36930682,46882425.06683819,0.0
RKO-BASKET  Call-UO  2M  ATM/H@5Δ,rko_basket,monthly,2024-05-31,2168420.41382787,49050845.48066605,0.0
RKO-BASKET  Call-UO  2M  ATM/H@5Δ,rko_basket,monthly,2024-06-30,-233192.11280581905,48817653.36786023,-411947.22807038575
RKO-BASKET  Call-UO  2M  ATM/H@5Δ,rko_basket,monthly,2024-07-31,2092600.557826783,50910253.92568702,0.0
RKO-BASKET  Call-UO  2M  ATM/H@5Δ,rko_basket,monthly,2024-08-31,-804553.4422723114,50105700.48341471,-1092803.7447981387
RKO-BASKET  Call-UO  2M  ATM/H@5Δ,rko_basket,monthly,2024-09-30,-2032202.5545822247,48073497.92883248,-3125006.2993803695
RKO-BASKET  Call-UO  2M  ATM/H@5Δ,rko_basket,monthly,2024-10-31,-1195209.253500821,46878288.675331675,-4320215.552881174
RKO-BASKET  Call-UO  2M  ATM/H@5Δ,rko_basket,monthly,2024-11-30,5727917.412199971,52606206.08753165,0.0
RKO-BASKET  Call-UO  2M  ATM/H@5Δ,rko_basket,monthly,2024-12-31,11583397.130631931,64189603.21816356,0.0
RKO-BASKET  Call-UO  2M  ATM/H@5Δ,rko_basket,monthly,2025-01-31,7910794.968565542,72100398.18672912,0.0
RKO-BASKET  Call-UO  2M  ATM/H@5Δ,rko_basket,monthly,2025-02-28,-511756.6636842216,71588641.52304488,-1371607.5642881393
RKO-BASKET  Call-UO  2M  ATM/H@5Δ,rko_basket,monthly,2025-03-31,-1779906.9752159915,69808734.54782885,-3151514.5395041704
RKO-BASKET  Call-UO  2M  ATM/H@5Δ,rko_basket,monthly,2025-04-30,-1393669.8639567762,68415064.68387207,-4545184.40346095
RKO-BASKET  Call-UO  2M  ATM/H@5Δ,rko_basket,monthly,2025-05-31,-3292781.5788159855,65122283.10505608,-7837965.982276946
RKO-BASKET  Call-UO  2M  ATM/H@5Δ,rko_basket,monthly,2025-06-30,-3095787.6032460467,62026495.50181003,-10933753.585522994
RKO-BASKET  Call-UO  2M  ATM/H@5Δ,rko_basket,monthly,2025-07-31,-3659766.077294013,58366729.42451602,-14593519.662817001
RKO-BASKET  Call-UO  2M  ATM/H@5Δ,rko_basket,monthly,2025-08-31,3807489.197359311,62174218.62187533,-10786030.465457693
RKO-BASKET  Call-UO  2M  ATM/H@5Δ,rko_basket,monthly,2025-09-30,10276690.630438156,72450909.2523135,-509339.83501952887
RKO-BASKET  Call-UO  2M  ATM/H@5Δ,rko_basket,monthly,2025-10-31,3346748.6878377,75797657.9401512,0.0
RKO-BASKET  Call-UO  2M  ATM/H@5Δ,rko_basket,monthly,2025-11-30,5609152.4371291725,81406810.37728038,0.0
RKO-BASKET  Call-UO  2M  ATM/H@5Δ,rko_basket,monthly,2025-12-31,3083040.0488903346,84489850.42617072,0.0
RKO-BASKET  Call-UO  2M  ATM/H@5Δ,rko_basket,monthly,2026-01-31,2459285.6778569757,86949136.1040277,0.0
RKO-BASKET  Call-UO  2M  ATM/H@5Δ,rko_basket,monthly,2026-02-28,-1923844.6772507108,85025291.426777,-1952423.030234322
RKO-BASKET  Call-UO  2M  ATM/H@5Δ,rko_basket,monthly,2026-03-31,2975875.0710706646,88001166.49784765,0.0
RKO-BASKET  Call-UO  2M  ATM/H@5Δ,rko_basket,monthly,2026-04-30,969929.3426089411,88971095.84045659,0.0
RKO-BASKET  Call-UO  2M  ATM/H@5Δ,rko_basket,monthly,2026-05-31,252103.32993584685,89223199.17039242,0.0
RKO-BASKET  Call-UO  2M  ATM/H@5Δ,rko_basket,annual,2023-12-31,36502342.43333751,36502342.43333752,-4315811.394286141
RKO-BASKET  Call-UO  2M  ATM/H@5Δ,rko_basket,annual,2024-12-31,27687260.784826044,64189603.21816356,0.0
RKO-BASKET  Call-UO  2M  ATM/H@5Δ,rko_basket,annual,2025-12-31,20300247.208007183,84489850.42617072,0.0
RKO-BASKET  Call-UO  2M  ATM/H@5Δ,rko_basket,annual,2026-12-31,4733348.744221718,89223199.17039242,0.0
RKO-BASKET  Call-UO  2M  45Δ/H@20Δ,rko_basket,monthly,2023-03-31,738163.2482759545,738163.2482759544,-200533.76299942622
RKO-BASKET  Call-UO  2M  45Δ/H@20Δ,rko_basket,monthly,2023-04-30,-422385.0028180595,315778.2454578949,-622918.7658174857
RKO-BASKET  Call-UO  2M  45Δ/H@20Δ,rko_basket,monthly,2023-05-31,694472.0630603482,1010250.3085182431,-27266.474420531536
RKO-BASKET  Call-UO  2M  45Δ/H@20Δ,rko_basket,monthly,2023-06-30,327251.3865165678,1337501.6950348108,0.0
RKO-BASKET  Call-UO  2M  45Δ/H@20Δ,rko_basket,monthly,2023-07-31,-443077.1383274031,894424.5567074078,-609449.3827424336
RKO-BASKET  Call-UO  2M  45Δ/H@20Δ,rko_basket,monthly,2023-08-31,519876.2592461837,1414300.8159535911,-89573.12349625025
RKO-BASKET  Call-UO  2M  45Δ/H@20Δ,rko_basket,monthly,2023-09-30,700362.7144228586,2114663.53037645,-30311.569089971483
RKO-BASKET  Call-UO  2M  45Δ/H@20Δ,rko_basket,monthly,2023-10-31,2432268.183150628,4546931.713527079,0.0
RKO-BASKET  Call-UO  2M  45Δ/H@20Δ,rko_basket,monthly,2023-11-30,-98707.45627634427,4448224.257250735,-467272.64505380485
RKO-BASKET  Call-UO  2M  45Δ/H@20Δ,rko_basket,monthly,2023-12-31,-790168.5378114823,3658055.7194392527,-1257441.1828652867
RKO-BASKET  Call-UO  2M  45Δ/H@20Δ,rko_basket,monthly,2024-01-31,-204349.35163380436,3453706.367805448,-1461790.5344990916
RKO-BASKET  Call-UO  2M  45Δ/H@20Δ,rko_basket,monthly,2024-02-29,889331.8184050502,4343038.186210499,-572458.7160940403
RKO-BASKET  Call-UO  2M  45Δ/H@20Δ,rko_basket,monthly,2024-03-31,2125929.1333935345,6468967.319604035,0.0
RKO-BASKET  Call-UO  2M  45Δ/H@20Δ,rko_basket,monthly,2024-04-30,447497.9126049415,6916465.2322089765,-124888.54840568732
RKO-BASKET  Call-UO  2M  45Δ/H@20Δ,rko_basket,monthly,2024-05-31,-229734.3194360749,6686730.912772901,-354622.8678417625
RKO-BASKET  Call-UO  2M  45Δ/H@20Δ,rko_basket,monthly,2024-06-30,94582.45113377627,6781313.363906677,-260040.41670798697
RKO-BASKET  Call-UO  2M  45Δ/H@20Δ,rko_basket,monthly,2024-07-31,176402.0257287195,6957715.389635397,-83638.39097926673
RKO-BASKET  Call-UO  2M  45Δ/H@20Δ,rko_basket,monthly,2024-08-31,70718.72587184608,7028434.115507243,-275251.6527241543
RKO-BASKET  Call-UO  2M  45Δ/H@20Δ,rko_basket,monthly,2024-09-30,-503291.0138700705,6525143.101637173,-778542.666594224
RKO-BASKET  Call-UO  2M  45Δ/H@20Δ,rko_basket,monthly,2024-10-31,-49455.15295202678,6475687.948685148,-827997.8195462497
RKO-BASKET  Call-UO  2M  45Δ/H@20Δ,rko_basket,monthly,2024-11-30,1698262.6350120145,8173950.583697163,0.0
RKO-BASKET  Call-UO  2M  45Δ/H@20Δ,rko_basket,monthly,2024-12-31,1514276.72913425,9688227.312831411,0.0
RKO-BASKET  Call-UO  2M  45Δ/H@20Δ,rko_basket,monthly,2025-01-31,1546031.7137084885,11234259.026539898,-91558.51490915567
RKO-BASKET  Call-UO  2M  45Δ/H@20Δ,rko_basket,monthly,2025-02-28,53147.676710907355,11287406.703250805,-445094.50595163554
RKO-BASKET  Call-UO  2M  45Δ/H@20Δ,rko_basket,monthly,2025-03-31,-542337.2501722312,10745069.453078575,-987431.756123865
RKO-BASKET  Call-UO  2M  45Δ/H@20Δ,rko_basket,monthly,2025-04-30,-633963.1215344048,10111106.331544172,-1621394.8776582684
RKO-BASKET  Call-UO  2M  45Δ/H@20Δ,rko_basket,monthly,2025-05-31,-888940.3894497927,9222165.942094376,-2510335.267108064
RKO-BASKET  Call-UO  2M  45Δ/H@20Δ,rko_basket,monthly,2025-06-30,-616768.0526265971,8605397.889467778,-3127103.319734663
RKO-BASKET  Call-UO  2M  45Δ/H@20Δ,rko_basket,monthly,2025-07-31,-413741.9933637833,8191655.896103995,-3540845.3130984455
RKO-BASKET  Call-UO  2M  45Δ/H@20Δ,rko_basket,monthly,2025-08-31,1600712.111147232,9792368.007251227,-1940133.2019512132
RKO-BASKET  Call-UO  2M  45Δ/H@20Δ,rko_basket,monthly,2025-09-30,-878804.8734649346,8913563.13378629,-2818938.0754161496
RKO-BASKET  Call-UO  2M  45Δ/H@20Δ,rko_basket,monthly,2025-10-31,2433422.5873060324,11346985.721092325,-385515.48811011575
RKO-BASKET  Call-UO  2M  45Δ/H@20Δ,rko_basket,monthly,2025-11-30,682668.7039615597,12029654.425053883,-142991.1929135546
RKO-BASKET  Call-UO  2M  45Δ/H@20Δ,rko_basket,monthly,2025-12-31,-573835.2661268378,11455819.158927042,-716826.4590403959
RKO-BASKET  Call-UO  2M  45Δ/H@20Δ,rko_basket,monthly,2026-01-31,715217.1540163128,12171036.312943352,-229163.96258382872
RKO-BASKET  Call-UO  2M  45Δ/H@20Δ,rko_basket,monthly,2026-02-28,-324808.673452449,11846227.639490906,-553972.636036275
RKO-BASKET  Call-UO  2M  45Δ/H@20Δ,rko_basket,monthly,2026-03-31,541917.8121946746,12388145.451685581,-65321.96599510871
RKO-BASKET  Call-UO  2M  45Δ/H@20Δ,rko_basket,monthly,2026-04-30,-206759.4849508528,12181385.966734732,-478642.1812749393
RKO-BASKET  Call-UO  2M  45Δ/H@20Δ,rko_basket,monthly,2026-05-31,-250063.7756694699,11931322.191065263,-728705.9569444079
RKO-BASKET  Call-UO  2M  45Δ/H@20Δ,rko_basket,annual,2023-12-31,3658055.7194392513,3658055.7194392527,-1257441.1828652867
RKO-BASKET  Call-UO  2M  45Δ/H@20Δ,rko_basket,annual,2024-12-31,6030171.593392156,9688227.312831411,0.0
RKO-BASKET  Call-UO  2M  45Δ/H@20Δ,rko_basket,annual,2025-12-31,1767591.8460956386,11455819.158927042,-716826.4590403959
RKO-BASKET  Call-UO  2M  45Δ/H@20Δ,rko_basket,annual,2026-12-31,475503.0321382158,11931322.191065263,-728705.9569444079
RKO-BASKET  Call-UO  2M  45Δ/H@15Δ,rko_basket,monthly,2023-03-31,811067.4495082534,811067.4495082533,-151905.11810448836
RKO-BASKET  Call-UO  2M  45Δ/H@15Δ,rko_basket,monthly,2023-04-30,-373546.64326286153,437520.8062453917,-525451.7613673499
RKO-BASKET  Call-UO  2M  45Δ/H@15Δ,rko_basket,monthly,2023-05-31,941408.3291941963,1378929.135439588,0.0
RKO-BASKET  Call-UO  2M  45Δ/H@15Δ,rko_basket,monthly,2023-06-30,1519520.7005995149,2898449.8360391026,0.0
RKO-BASKET  Call-UO  2M  45Δ/H@15Δ,rko_basket,monthly,2023-07-31,887350.840959966,3785800.676999069,0.0
RKO-BASKET  Call-UO  2M  45Δ/H@15Δ,rko_basket,monthly,2023-08-31,1177936.663899187,4963737.340898255,0.0
RKO-BASKET  Call-UO  2M  45Δ/H@15Δ,rko_basket,monthly,2023-09-30,2395943.001674776,7359680.342573031,0.0
RKO-BASKET  Call-UO  2M  45Δ/H@15Δ,rko_basket,monthly,2023-10-31,3301874.167615374,10661554.510188406,0.0
RKO-BASKET  Call-UO  2M  45Δ/H@15Δ,rko_basket,monthly,2023-11-30,-122738.18750368226,10538816.322684726,-730819.3517763223
RKO-BASKET  Call-UO  2M  45Δ/H@15Δ,rko_basket,monthly,2023-12-31,-1216106.7141049483,9322709.608579773,-1946926.0658812746
RKO-BASKET  Call-UO  2M  45Δ/H@15Δ,rko_basket,monthly,2024-01-31,-376104.2662304826,8946605.342349289,-2323030.332111759
RKO-BASKET  Call-UO  2M  45Δ/H@15Δ,rko_basket,monthly,2024-02-29,2827905.1543182465,11774510.496667536,0.0
RKO-BASKET  Call-UO  2M  45Δ/H@15Δ,rko_basket,monthly,2024-03-31,2830423.458382121,14604933.955049658,0.0
RKO-BASKET  Call-UO  2M  45Δ/H@15Δ,rko_basket,monthly,2024-04-30,2127801.6956716306,16732735.650721287,0.0
RKO-BASKET  Call-UO  2M  45Δ/H@15Δ,rko_basket,monthly,2024-05-31,101906.43306262487,16834642.083783913,0.0
RKO-BASKET  Call-UO  2M  45Δ/H@15Δ,rko_basket,monthly,2024-06-30,-78443.30684254356,16756198.776941374,-138394.25597858056
RKO-BASKET  Call-UO  2M  45Δ/H@15Δ,rko_basket,monthly,2024-07-31,839093.7785266802,17595292.555468056,0.0
RKO-BASKET  Call-UO  2M  45Δ/H@15Δ,rko_basket,monthly,2024-08-31,-184024.62010354092,17411267.93536452,-544566.6804702692
RKO-BASKET  Call-UO  2M  45Δ/H@15Δ,rko_basket,monthly,2024-09-30,-915277.1350700976,16495990.800294416,-1459843.8155403715
RKO-BASKET  Call-UO  2M  45Δ/H@15Δ,rko_basket,monthly,2024-10-31,-170718.2022544131,16325272.598040003,-1630562.0177947842
RKO-BASKET  Call-UO  2M  45Δ/H@15Δ,rko_basket,monthly,2024-11-30,2237805.2441279707,18563077.84216798,0.0
RKO-BASKET  Call-UO  2M  45Δ/H@15Δ,rko_basket,monthly,2024-12-31,3572355.5969487852,22135433.439116765,0.0
RKO-BASKET  Call-UO  2M  45Δ/H@15Δ,rko_basket,monthly,2025-01-31,2650558.5552385887,24785991.994355347,-9911.269240256399
RKO-BASKET  Call-UO  2M  45Δ/H@15Δ,rko_basket,monthly,2025-02-28,-212488.1927115985,24573503.801643748,-811655.683443062
RKO-BASKET  Call-UO  2M  45Δ/H@15Δ,rko_basket,monthly,2025-03-31,-953507.6740448241,23619996.127598926,-1765163.3574878834
RKO-BASKET  Call-UO  2M  45Δ/H@15Δ,rko_basket,monthly,2025-04-30,-836208.4368620908,22783787.69073683,-2601371.7943499796
RKO-BASKET  Call-UO  2M  45Δ/H@15Δ,rko_basket,monthly,2025-05-31,-1422821.446314417,21360966.244422413,-4024193.2406643964
RKO-BASKET  Call-UO  2M  45Δ/H@15Δ,rko_basket,monthly,2025-06-30,-1007556.0988269851,20353410.145595428,-5031749.339491382
RKO-BASKET  Call-UO  2M  45Δ/H@15Δ,rko_basket,monthly,2025-07-31,-954490.9336202433,19398919.211975183,-5986240.2731116265
RKO-BASKET  Call-UO  2M  45Δ/H@15Δ,rko_basket,monthly,2025-08-31,3182796.7396669216,22581715.951642107,-2803443.5334447026
RKO-BASKET  Call-UO  2M  45Δ/H@15Δ,rko_basket,monthly,2025-09-30,-606259.3141839247,21975456.637458187,-3409702.8476286232
RKO-BASKET  Call-UO  2M  45Δ/H@15Δ,rko_basket,monthly,2025-10-31,3447719.539344268,25423176.176802456,0.0
RKO-BASKET  Call-UO  2M  45Δ/H@15Δ,rko_basket,monthly,2025-11-30,1332458.1394115584,26755634.31621402,-64360.46913745999
RKO-BASKET  Call-UO  2M  45Δ/H@15Δ,rko_basket,monthly,2025-12-31,1035351.1172970122,27790985.433511034,-127943.094678808
RKO-BASKET  Call-UO  2M  45Δ/H@15Δ,rko_basket,monthly,2026-01-31,648471.5877739423,28439457.021284975,-448230.9731963128
RKO-BASKET  Call-UO  2M  45Δ/H@15Δ,rko_basket,monthly,2026-02-28,-713835.2062599756,27725621.815025,-1162066.1794562861
RKO-BASKET  Call-UO  2M  45Δ/H@15Δ,rko_basket,monthly,2026-03-31,988498.7996107475,28714120.614635754,-173567.37984553352
RKO-BASKET  Call-UO  2M  45Δ/H@15Δ,rko_basket,monthly,2026-04-30,-522910.2650627558,28191210.349573,-732234.5374575406
RKO-BASKET  Call-UO  2M  45Δ/H@15Δ,rko_basket,monthly,2026-05-31,-358800.8323257484,27832409.517247256,-1091035.369783286
RKO-BASKET  Call-UO  2M  45Δ/H@15Δ,rko_basket,annual,2023-12-31,9322709.608579775,9322709.608579773,-1946926.0658812746
RKO-BASKET  Call-UO  2M  45Δ/H@15Δ,rko_basket,annual,2024-12-31,12812723.83053698,22135433.439116765,0.0
RKO-BASKET  Call-UO  2M  45Δ/H@15Δ,rko_basket,annual,2025-12-31,5655551.994394265,27790985.433511034,-127943.094678808
RKO-BASKET  Call-UO  2M  45Δ/H@15Δ,rko_basket,annual,2026-12-31,41424.08373620991,27832409.517247256,-1091035.369783286
RKO-BASKET  Call-UO  2M  45Δ/H@10Δ,rko_basket,monthly,2023-03-31,1723277.3922687385,1723277.3922687385,-129587.82373665902
RKO-BASKET  Call-UO  2M  45Δ/H@10Δ,rko_basket,monthly,2023-04-30,-279687.0271888097,1443590.365079929,-489746.47279424174
RKO-BASKET  Call-UO  2M  45Δ/H@10Δ,rko_basket,monthly,2023-05-31,1084785.6038293766,2528375.968909306,0.0
RKO-BASKET  Call-UO  2M  45Δ/H@10Δ,rko_basket,monthly,2023-06-30,1660315.9673774908,4188691.9362867973,0.0
RKO-BASKET  Call-UO  2M  45Δ/H@10Δ,rko_basket,monthly,2023-07-31,1447825.9996341115,5636517.935920909,0.0
RKO-BASKET  Call-UO  2M  45Δ/H@10Δ,rko_basket,monthly,2023-08-31,3483774.47974342,9120292.41566433,0.0
RKO-BASKET  Call-UO  2M  45Δ/H@10Δ,rko_basket,monthly,2023-09-30,4924072.407164366,14044364.822828699,0.0
RKO-BASKET  Call-UO  2M  45Δ/H@10Δ,rko_basket,monthly,2023-10-31,3709653.8137487574,17754018.636577457,0.0
RKO-BASKET  Call-UO  2M  45Δ/H@10Δ,rko_basket,monthly,2023-11-30,-471292.19402454613,17282726.442552913,-1172907.3677199595
RKO-BASKET  Call-UO  2M  45Δ/H@10Δ,rko_basket,monthly,2023-12-31,-1662629.6754826626,15620096.76707025,-2835537.043202622
RKO-BASKET  Call-UO  2M  45Δ/H@10Δ,rko_basket,monthly,2024-01-31,-877183.5433649353,14742913.223705314,-3712720.5865675583
RKO-BASKET  Call-UO  2M  45Δ/H@10Δ,rko_basket,monthly,2024-02-29,2688351.284899792,17431264.508605108,-1024369.3016677648
RKO-BASKET  Call-UO  2M  45Δ/H@10Δ,rko_basket,monthly,2024-03-31,2976642.3565962748,20407906.865201384,0.0
RKO-BASKET  Call-UO  2M  45Δ/H@10Δ,rko_basket,monthly,2024-04-30,2493563.4192169704,22901470.284418344,0.0
RKO-BASKET  Call-UO  2M  45Δ/H@10Δ,rko_basket,monthly,2024-05-31,656434.1934767682,23557904.477895115,0.0
RKO-BASKET  Call-UO  2M  45Δ/H@10Δ,rko_basket,monthly,2024-06-30,-386321.57567809836,23171582.902217012,-409763.8410541229
RKO-BASKET  Call-UO  2M  45Δ/H@10Δ,rko_basket,monthly,2024-07-31,1783946.674433796,24955529.576650806,0.0
RKO-BASKET  Call-UO  2M  45Δ/H@10Δ,rko_basket,monthly,2024-08-31,-598591.8518475676,24356937.72480324,-816190.8521313891
RKO-BASKET  Call-UO  2M  45Δ/H@10Δ,rko_basket,monthly,2024-09-30,-1352058.7417060817,23004878.983097155,-2168249.5938374735
RKO-BASKET  Call-UO  2M  45Δ/H@10Δ,rko_basket,monthly,2024-10-31,-500954.6033819244,22503924.37971524,-2669204.1972193867
RKO-BASKET  Call-UO  2M  45Δ/H@10Δ,rko_basket,monthly,2024-11-30,3266448.779513243,25770373.159228485,0.0
RKO-BASKET  Call-UO  2M  45Δ/H@10Δ,rko_basket,monthly,2024-12-31,6037090.442603947,31807463.60183243,0.0
RKO-BASKET  Call-UO  2M  45Δ/H@10Δ,rko_basket,monthly,2025-01-31,4049127.380305205,35856590.98213765,0.0
RKO-BASKET  Call-UO  2M  45Δ/H@10Δ,rko_basket,monthly,2025-02-28,-584122.9551917361,35272468.02694592,-1288154.5874966457
RKO-BASKET  Call-UO  2M  45Δ/H@10Δ,rko_basket,monthly,2025-03-31,-1383685.8012760251,33888782.225669906,-2671840.388772659
RKO-BASKET  Call-UO  2M  45Δ/H@10Δ,rko_basket,monthly,2025-04-30,-1221332.7266854648,32667449.49898445,-3893173.115458116
RKO-BASKET  Call-UO  2M  45Δ/H@10Δ,rko_basket,monthly,2025-05-31,-2070516.4792462932,30596933.019738156,-5963689.594704408
RKO-BASKET  Call-UO  2M  45Δ/H@10Δ,rko_basket,monthly,2025-06-30,-1727234.1355101317,28869698.884228025,-7690923.73021454
RKO-BASKET  Call-UO  2M  45Δ/H@10Δ,rko_basket,monthly,2025-07-31,-1945858.2072697678,26923840.676958263,-9636781.937484302
RKO-BASKET  Call-UO  2M  45Δ/H@10Δ,rko_basket,monthly,2025-08-31,3785193.919569397,30709034.59652766,-5851588.017914906
RKO-BASKET  Call-UO  2M  45Δ/H@10Δ,rko_basket,monthly,2025-09-30,4208999.101577054,34918033.6981047,-1642588.9163378626
RKO-BASKET  Call-UO  2M  45Δ/H@10Δ,rko_basket,monthly,2025-10-31,3208252.9325933238,38126286.63069802,0.0
RKO-BASKET  Call-UO  2M  45Δ/H@10Δ,rko_basket,monthly,2025-11-30,3525323.1552512683,41651609.78594929,0.0
RKO-BASKET  Call-UO  2M  45Δ/H@10Δ,rko_basket,monthly,2025-12-31,2950771.873042854,44602381.658992134,0.0
RKO-BASKET  Call-UO  2M  45Δ/H@10Δ,rko_basket,monthly,2026-01-31,101399.8550549675,44703781.51404711,-585520.4716079906
RKO-BASKET  Call-UO  2M  45Δ/H@10Δ,rko_basket,monthly,2026-02-28,-1200708.1215588325,43503073.39248826,-1786228.5931668356
RKO-BASKET  Call-UO  2M  45Δ/H@10Δ,rko_basket,monthly,2026-03-31,2156105.0845878744,45659178.47707614,0.0
RKO-BASKET  Call-UO  2M  45Δ/H@10Δ,rko_basket,monthly,2026-04-30,-413643.2390881587,45245535.23798798,-964178.6719417498
RKO-BASKET  Call-UO  2M  45Δ/H@10Δ,rko_basket,monthly,2026-05-31,-177688.04023310827,45067847.19775487,-1141866.7121748626
RKO-BASKET  Call-UO  2M  45Δ/H@10Δ,rko_basket,annual,2023-12-31,15620096.767070243,15620096.76707025,-2835537.043202622
RKO-BASKET  Call-UO  2M  45Δ/H@10Δ,rko_basket,annual,2024-12-31,16187366.834762184,31807463.60183243,0.0
RKO-BASKET  Call-UO  2M  45Δ/H@10Δ,rko_basket,annual,2025-12-31,12794918.057159683,44602381.658992134,0.0
RKO-BASKET  Call-UO  2M  45Δ/H@10Δ,rko_basket,annual,2026-12-31,465465.5387627424,45067847.19775487,-1141866.7121748626
RKO-BASKET  Call-UO  2M  45Δ/H@5Δ,rko_basket,monthly,2023-03-31,4439765.797224018,4439765.797224018,0.0
RKO-BASKET  Call-UO  2M  45Δ/H@5Δ,rko_basket,monthly,2023-04-30,244566.8557197413,4684332.652943758,-791539.9226425234
RKO-BASKET  Call-UO  2M  45Δ/H@5Δ,rko_basket,monthly,2023-05-31,2431932.5039986717,7116265.156942431,0.0
RKO-BASKET  Call-UO  2M  45Δ/H@5Δ,rko_basket,monthly,2023-06-30,2378787.849640882,9495053.006583316,0.0
RKO-BASKET  Call-UO  2M  45Δ/H@5Δ,rko_basket,monthly,2023-07-31,2930016.3406671565,12425069.347250475,0.0
RKO-BASKET  Call-UO  2M  45Δ/H@5Δ,rko_basket,monthly,2023-08-31,6906834.401181028,19331903.7484315,0.0
RKO-BASKET  Call-UO  2M  45Δ/H@5Δ,rko_basket,monthly,2023-09-30,9155583.478756275,28487487.227187775,0.0
RKO-BASKET  Call-UO  2M  45Δ/H@5Δ,rko_basket,monthly,2023-10-31,4686144.543607048,33173631.770794824,0.0
RKO-BASKET  Call-UO  2M  45Δ/H@5Δ,rko_basket,monthly,2023-11-30,-1028453.7002711924,32145178.070523627,-1639083.540094547
RKO-BASKET  Call-UO  2M  45Δ/H@5Δ,rko_basket,monthly,2023-12-31,-2032279.900313375,30112898.170210257,-3671363.440407917
RKO-BASKET  Call-UO  2M  45Δ/H@5Δ,rko_basket,monthly,2024-01-31,-1254855.269134261,28858042.901075996,-4926218.709542178
RKO-BASKET  Call-UO  2M  45Δ/H@5Δ,rko_basket,monthly,2024-02-29,3082212.3072335673,31940255.208309565,-1844006.4023086093
RKO-BASKET  Call-UO  2M  45Δ/H@5Δ,rko_basket,monthly,2024-03-31,2412193.7025188045,34352448.91082837,0.0
RKO-BASKET  Call-UO  2M  45Δ/H@5Δ,rko_basket,monthly,2024-04-30,4098431.555906542,38450880.46673491,0.0
RKO-BASKET  Call-UO  2M  45Δ/H@5Δ,rko_basket,monthly,2024-05-31,1638111.216288452,40088991.68302338,0.0
RKO-BASKET  Call-UO  2M  45Δ/H@5Δ,rko_basket,monthly,2024-06-30,-441921.7103255557,39647069.972697824,-459612.1395657286
RKO-BASKET  Call-UO  2M  45Δ/H@5Δ,rko_basket,monthly,2024-07-31,1544372.8594838232,41191442.83218164,0.0
RKO-BASKET  Call-UO  2M  45Δ/H@5Δ,rko_basket,monthly,2024-08-31,-842772.9362207543,40348669.89596087,-980517.169468902
RKO-BASKET  Call-UO  2M  45Δ/H@5Δ,rko_basket,monthly,2024-09-30,-1677905.5426370436,38670764.35332382,-2658422.712105952
RKO-BASKET  Call-UO  2M  45Δ/H@5Δ,rko_basket,monthly,2024-10-31,-1331273.6890947523,37339490.664229065,-3989696.4012007043
RKO-BASKET  Call-UO  2M  45Δ/H@5Δ,rko_basket,monthly,2024-11-30,4934814.323072222,42274304.98730129,0.0
RKO-BASKET  Call-UO  2M  45Δ/H@5Δ,rko_basket,monthly,2024-12-31,10195084.415016713,52469389.402318,0.0
RKO-BASKET  Call-UO  2M  45Δ/H@5Δ,rko_basket,monthly,2025-01-31,6754078.657471096,59223468.0597891,0.0
RKO-BASKET  Call-UO  2M  45Δ/H@5Δ,rko_basket,monthly,2025-02-28,-791655.3618970452,58431812.69789206,-1283049.9648184925
RKO-BASKET  Call-UO  2M  45Δ/H@5Δ,rko_basket,monthly,2025-03-31,-1604876.8642293357,56826935.833662726,-2887926.829047829
RKO-BASKET  Call-UO  2M  45Δ/H@5Δ,rko_basket,monthly,2025-04-30,-1358555.248045289,55468380.58561743,-4246482.077093124
RKO-BASKET  Call-UO  2M  45Δ/H@5Δ,rko_basket,monthly,2025-05-31,-2712350.57689589,52756030.008721545,-6958832.65398901
RKO-BASKET  Call-UO  2M  45Δ/H@5Δ,rko_basket,monthly,2025-06-30,-2489263.0617644293,50266766.94695712,-9448095.715753436
RKO-BASKET  Call-UO  2M  45Δ/H@5Δ,rko_basket,monthly,2025-07-31,-3272285.4040820235,46994481.54287509,-12720381.119835466
RKO-BASKET  Call-UO  2M  45Δ/H@5Δ,rko_basket,monthly,2025-08-31,2823843.6751444484,49818325.21801954,-9896537.444691017
RKO-BASKET  Call-UO  2M  45Δ/H@5Δ,rko_basket,monthly,2025-09-30,9157949.482607653,58976274.7006272,-738587.9620833546
RKO-BASKET  Call-UO  2M  45Δ/H@5Δ,rko_basket,monthly,2025-10-31,2337717.3422171874,61313992.042844385,0.0
RKO-BASKET  Call-UO  2M  45Δ/H@5Δ,rko_basket,monthly,2025-11-30,4705657.858683915,66019649.9015283,0.0
RKO-BASKET  Call-UO  2M  45Δ/H@5Δ,rko_basket,monthly,2025-12-31,2787649.6403567954,68807299.54188511,0.0
RKO-BASKET  Call-UO  2M  45Δ/H@5Δ,rko_basket,monthly,2026-01-31,2157014.164920959,70964313.70680605,0.0
RKO-BASKET  Call-UO  2M  45Δ/H@5Δ,rko_basket,monthly,2026-02-28,-1810661.6385330912,69153652.06827295,-1815972.8231987208
RKO-BASKET  Call-UO  2M  45Δ/H@5Δ,rko_basket,monthly,2026-03-31,2381296.5518766823,71534948.62014964,0.0
RKO-BASKET  Call-UO  2M  45Δ/H@5Δ,rko_basket,monthly,2026-04-30,597707.0255975764,72132655.6457472,-122309.77274742723
RKO-BASKET  Call-UO  2M  45Δ/H@5Δ,rko_basket,monthly,2026-05-31,261479.0862404906,72394134.73198768,0.0
RKO-BASKET  Call-UO  2M  45Δ/H@5Δ,rko_basket,annual,2023-12-31,30112898.17021025,30112898.170210257,-3671363.440407917
RKO-BASKET  Call-UO  2M  45Δ/H@5Δ,rko_basket,annual,2024-12-31,22356491.23210776,52469389.402318,0.0
RKO-BASKET  Call-UO  2M  45Δ/H@5Δ,rko_basket,annual,2025-12-31,16337910.139567085,68807299.54188511,0.0
RKO-BASKET  Call-UO  2M  45Δ/H@5Δ,rko_basket,annual,2026-12-31,3586835.1901026173,72394134.73198768,0.0
RKO-BASKET  Call-UO  2M  40Δ/H@20Δ,rko_basket,monthly,2023-03-31,301951.3416027465,301951.3416027465,-189992.86484008725
RKO-BASKET  Call-UO  2M  40Δ/H@20Δ,rko_basket,monthly,2023-04-30,-471789.61728408496,-169838.27568133842,-661782.4821241722
RKO-BASKET  Call-UO  2M  40Δ/H@20Δ,rko_basket,monthly,2023-05-31,372928.74839082314,203090.47270948472,-288853.733733349
RKO-BASKET  Call-UO  2M  40Δ/H@20Δ,rko_basket,monthly,2023-06-30,-105183.1704412142,97907.30226827053,-394036.90417456324
RKO-BASKET  Call-UO  2M  40Δ/H@20Δ,rko_basket,monthly,2023-07-31,-314359.27033380314,-216451.96806553256,-708396.1745083663
RKO-BASKET  Call-UO  2M  40Δ/H@20Δ,rko_basket,monthly,2023-08-31,233839.01908204888,17387.051016516314,-474557.1554263175
RKO-BASKET  Call-UO  2M  40Δ/H@20Δ,rko_basket,monthly,2023-09-30,501232.4096508519,518619.46066736826,0.0
RKO-BASKET  Call-UO  2M  40Δ/H@20Δ,rko_basket,monthly,2023-10-31,1394482.5151884477,1913101.9758558157,-19225.45313483104
RKO-BASKET  Call-UO  2M  40Δ/H@20Δ,rko_basket,monthly,2023-11-30,-173706.34690731385,1739395.628948501,-309913.35389624233
RKO-BASKET  Call-UO  2M  40Δ/H@20Δ,rko_basket,monthly,2023-12-31,-518787.6177834992,1220608.0111650017,-828700.9716797417
RKO-BASKET  Call-UO  2M  40Δ/H@20Δ,rko_basket,monthly,2024-01-31,-205069.58052769088,1015538.4306373106,-1033770.5522074328
RKO-BASKET  Call-UO  2M  40Δ/H@20Δ,rko_basket,monthly,2024-02-29,489718.1840108624,1505256.6146481733,-544052.3681965701
RKO-BASKET  Call-UO  2M  40Δ/H@20Δ,rko_basket,monthly,2024-03-31,1360174.8758638534,2865431.4905120265,0.0
RKO-BASKET  Call-UO  2M  40Δ/H@20Δ,rko_basket,monthly,2024-04-30,217612.9613483815,3083044.4518604083,-114798.32922192058
RKO-BASKET  Call-UO  2M  40Δ/H@20Δ,rko_basket,monthly,2024-05-31,-171733.9070063749,2911310.544854033,-286532.23622829607
RKO-BASKET  Call-UO  2M  40Δ/H@20Δ,rko_basket,monthly,2024-06-30,-12891.42273797228,2898419.1221160605,-299423.6589662684
RKO-BASKET  Call-UO  2M  40Δ/H@20Δ,rko_basket,monthly,2024-07-31,57226.053243304676,2955645.175359364,-242197.60572296474
RKO-BASKET  Call-UO  2M  40Δ/H@20Δ,rko_basket,monthly,2024-08-31,-87099.29873020526,2868545.876629159,-329296.90445317
RKO-BASKET  Call-UO  2M  40Δ/H@20Δ,rko_basket,monthly,2024-09-30,-386415.30575064063,2482130.5708785183,-715712.2102038106
RKO-BASKET  Call-UO  2M  40Δ/H@20Δ,rko_basket,monthly,2024-10-31,-183213.68420173376,2298916.8866767846,-898925.8944055443
RKO-BASKET  Call-UO  2M  40Δ/H@20Δ,rko_basket,monthly,2024-11-30,1151767.0237286978,3450683.9104054826,0.0
RKO-BASKET  Call-UO  2M  40Δ/H@20Δ,rko_basket,monthly,2024-12-31,921682.5874026318,4372366.497808116,0.0
RKO-BASKET  Call-UO  2M  40Δ/H@20Δ,rko_basket,monthly,2025-01-31,1118801.7402505486,5491168.238058664,-187499.05788908526
RKO-BASKET  Call-UO  2M  40Δ/H@20Δ,rko_basket,monthly,2025-02-28,-154805.95131984365,5336362.28673882,-342305.0092089288
RKO-BASKET  Call-UO  2M  40Δ/H@20Δ,rko_basket,monthly,2025-03-31,-431724.93121127354,4904637.355527545,-774029.9404202038
RKO-BASKET  Call-UO  2M  40Δ/H@20Δ,rko_basket,monthly,2025-04-30,-474480.0887974455,4430157.266730099,-1248510.0292176502
RKO-BASKET  Call-UO  2M  40Δ/H@20Δ,rko_basket,monthly,2025-05-31,-585020.998733107,3845136.2679969915,-1833531.0279507576
RKO-BASKET  Call-UO  2M  40Δ/H@20Δ,rko_basket,monthly,2025-06-30,-375856.107863881,3469280.1601331104,-2209387.135814639
RKO-BASKET  Call-UO  2M  40Δ/H@20Δ,rko_basket,monthly,2025-07-31,-333146.4795852076,3136133.6805479024,-2542533.615399847
RKO-BASKET  Call-UO  2M  40Δ/H@20Δ,rko_basket,monthly,2025-08-31,848576.4721954714,3984710.152743373,-1693957.143204376
RKO-BASKET  Call-UO  2M  40Δ/H@20Δ,rko_basket,monthly,2025-09-30,-568607.9037512182,3416102.2489921553,-2262565.046955594
RKO-BASKET  Call-UO  2M  40Δ/H@20Δ,rko_basket,monthly,2025-10-31,1521601.9743165334,4937704.22330869,-740963.0726390593
RKO-BASKET  Call-UO  2M  40Δ/H@20Δ,rko_basket,monthly,2025-11-30,318823.1358523276,5256527.3591610165,-422139.93678673264
RKO-BASKET  Call-UO  2M  40Δ/H@20Δ,rko_basket,monthly,2025-12-31,-389504.3148519315,4867023.044309084,-811644.2516386649
RKO-BASKET  Call-UO  2M  40Δ/H@20Δ,rko_basket,monthly,2026-01-31,504660.7501865219,5371683.794495606,-306983.5014521433
RKO-BASKET  Call-UO  2M  40Δ/H@20Δ,rko_basket,monthly,2026-02-28,-332710.9967975623,5038972.797698044,-639694.498249705
RKO-BASKET  Call-UO  2M  40Δ/H@20Δ,rko_basket,monthly,2026-03-31,180156.2016292995,5219128.999327344,-459538.2966204053
RKO-BASKET  Call-UO  2M  40Δ/H@20Δ,rko_basket,monthly,2026-04-30,-212727.589228192,5006401.410099152,-672265.8858485976
RKO-BASKET  Call-UO  2M  40Δ/H@20Δ,rko_basket,monthly,2026-05-31,-162027.4600623919,4844373.9500367595,-834293.3459109897
RKO-BASKET  Call-UO  2M  40Δ/H@20Δ,rko_basket,annual,2023-12-31,1220608.0111650028,1220608.0111650017,-828700.9716797417
RKO-BASKET  Call-UO  2M  40Δ/H@20Δ,rko_basket,annual,2024-12-31,3151758.486643114,4372366.497808116,0.0
RKO-BASKET  Call-UO  2M  40Δ/H@20Δ,rko_basket,annual,2025-12-31,494656.546500973,4867023.044309084,-811644.2516386649
RKO-BASKET  Call-UO  2M  40Δ/H@20Δ,rko_basket,annual,2026-12-31,-22649.094272324724,4844373.9500367595,-834293.3459109897
RKO-BASKET  Call-UO  2M  40Δ/H@15Δ,rko_basket,monthly,2023-03-31,340469.3339995731,340469.33399957314,-184600.29333603685
RKO-BASKET  Call-UO  2M  40Δ/H@15Δ,rko_basket,monthly,2023-04-30,-532174.6663795984,-191705.3323800253,-716774.9597156353
RKO-BASKET  Call-UO  2M  40Δ/H@15Δ,rko_basket,monthly,2023-05-31,620021.0520358474,428315.71965582226,-96753.90767978772
RKO-BASKET  Call-UO  2M  40Δ/H@15Δ,rko_basket,monthly,2023-06-30,763465.8439653171,1191781.5636211394,0.0
RKO-BASKET  Call-UO  2M  40Δ/H@15Δ,rko_basket,monthly,2023-07-31,718530.7868039922,1910312.3504251316,0.0
RKO-BASKET  Call-UO  2M  40Δ/H@15Δ,rko_basket,monthly,2023-08-31,764470.7667529008,2674783.117178032,-41691.30592114525
RKO-BASKET  Call-UO  2M  40Δ/H@15Δ,rko_basket,monthly,2023-09-30,1920571.7750716782,4595354.892249709,0.0
RKO-BASKET  Call-UO  2M  40Δ/H@15Δ,rko_basket,monthly,2023-10-31,2061532.8412077373,6656887.733457447,0.0
RKO-BASKET  Call-UO  2M  40Δ/H@15Δ,rko_basket,monthly,2023-11-30,-192131.16132406646,6464756.572133379,-595636.0418996979
RKO-BASKET  Call-UO  2M  40Δ/H@15Δ,rko_basket,monthly,2023-12-31,-843577.647951314,5621178.924182065,-1439213.689851012
RKO-BASKET  Call-UO  2M  40Δ/H@15Δ,rko_basket,monthly,2024-01-31,-338667.23325436586,5282511.6909277,-1777880.9231053768
RKO-BASKET  Call-UO  2M  40Δ/H@15Δ,rko_basket,monthly,2024-02-29,2077109.5558188788,7359621.246746579,0.0
RKO-BASKET  Call-UO  2M  40Δ/H@15Δ,rko_basket,monthly,2024-03-31,1954944.536047914,9314565.782794494,0.0
RKO-BASKET  Call-UO  2M  40Δ/H@15Δ,rko_basket,monthly,2024-04-30,1574038.5482895372,10888604.331084033,0.0
RKO-BASKET  Call-UO  2M  40Δ/H@15Δ,rko_basket,monthly,2024-05-31,9815.210670784763,10898419.541754818,0.0
RKO-BASKET  Call-UO  2M  40Δ/H@15Δ,rko_basket,monthly,2024-06-30,-203128.49599372526,10695291.045761093,-218400.99082774483
RKO-BASKET  Call-UO  2M  40Δ/H@15Δ,rko_basket,monthly,2024-07-31,587725.1605205205,11283016.206281614,0.0
RKO-BASKET  Call-UO  2M  40Δ/H@15Δ,rko_basket,monthly,2024-08-31,-313135.0436362827,10969881.16264533,-472581.67273409665
RKO-BASKET  Call-UO  2M  40Δ/H@15Δ,rko_basket,monthly,2024-09-30,-697152.1659639243,10272728.996681402,-1169733.8386980258
RKO-BASKET  Call-UO  2M  40Δ/H@15Δ,rko_basket,monthly,2024-10-31,-249727.51228692202,10023001.48439448,-1419461.3509849478
RKO-BASKET  Call-UO  2M  40Δ/H@15Δ,rko_basket,monthly,2024-11-30,1609711.2018768396,11632712.686271317,0.0
RKO-BASKET  Call-UO  2M  40Δ/H@15Δ,rko_basket,monthly,2024-12-31,2679354.087086136,14312066.773357455,0.0
RKO-BASKET  Call-UO  2M  40Δ/H@15Δ,rko_basket,monthly,2025-01-31,1901695.7871026301,16213762.560460083,-103077.10770060681
RKO-BASKET  Call-UO  2M  40Δ/H@15Δ,rko_basket,monthly,2025-02-28,-404578.904753253,15809183.65570683,-645012.542934563
RKO-BASKET  Call-UO  2M  40Δ/H@15Δ,rko_basket,monthly,2025-03-31,-776067.8815098024,15033115.774197025,-1421080.424444368
RKO-BASKET  Call-UO  2M  40Δ/H@15Δ,rko_basket,monthly,2025-04-30,-629617.0930382482,14403498.68115878,-2050697.5174826141
RKO-BASKET  Call-UO  2M  40Δ/H@15Δ,rko_basket,monthly,2025-05-31,-987058.0131196274,13416440.66803915,-3037755.530602243
RKO-BASKET  Call-UO  2M  40Δ/H@15Δ,rko_basket,monthly,2025-06-30,-674248.1682085885,12742192.499830563,-3712003.6988108307
RKO-BASKET  Call-UO  2M  40Δ/H@15Δ,rko_basket,monthly,2025-07-31,-737173.0979583794,12005019.401872184,-4449176.796769209
RKO-BASKET  Call-UO  2M  40Δ/H@15Δ,rko_basket,monthly,2025-08-31,2147807.8696085927,14152827.271480776,-2301368.927160617
RKO-BASKET  Call-UO  2M  40Δ/H@15Δ,rko_basket,monthly,2025-09-30,-481566.3083836472,13671260.96309713,-2782935.2355442625
RKO-BASKET  Call-UO  2M  40Δ/H@15Δ,rko_basket,monthly,2025-10-31,2328570.5979242926,15999831.561021421,-454364.6376199722
RKO-BASKET  Call-UO  2M  40Δ/H@15Δ,rko_basket,monthly,2025-11-30,863289.4744850333,16863121.035506453,-118157.33628117666
RKO-BASKET  Call-UO  2M  40Δ/H@15Δ,rko_basket,monthly,2025-12-31,945190.2832434161,17808311.318749864,-88897.7763607353
RKO-BASKET  Call-UO  2M  40Δ/H@15Δ,rko_basket,monthly,2026-01-31,484570.46363881277,18292881.782388683,-383708.0759010948
RKO-BASKET  Call-UO  2M  40Δ/H@15Δ,rko_basket,monthly,2026-02-28,-727088.1979365505,17565793.584452134,-1110796.2738376446
RKO-BASKET  Call-UO  2M  40Δ/H@15Δ,rko_basket,monthly,2026-03-31,536063.6445085021,18101857.228960637,-574732.6293291412
RKO-BASKET  Call-UO  2M  40Δ/H@15Δ,rko_basket,monthly,2026-04-30,-504712.4834443334,17597144.745516304,-1079445.1127734743
RKO-BASKET  Call-UO  2M  40Δ/H@15Δ,rko_basket,monthly,2026-05-31,-260858.95269666403,17336285.79281964,-1340304.0654701367
RKO-BASKET  Call-UO  2M  40Δ/H@15Δ,rko_basket,annual,2023-12-31,5621178.924182068,5621178.924182065,-1439213.689851012
RKO-BASKET  Call-UO  2M  40Δ/H@15Δ,rko_basket,annual,2024-12-31,8690887.84917539,14312066.773357455,0.0
RKO-BASKET  Call-UO  2M  40Δ/H@15Δ,rko_basket,annual,2025-12-31,3496244.5453924187,17808311.318749864,-88897.7763607353
RKO-BASKET  Call-UO  2M  40Δ/H@15Δ,rko_basket,annual,2026-12-31,-472025.52593023307,17336285.79281964,-1340304.0654701367
RKO-BASKET  Call-UO  2M  40Δ/H@10Δ,rko_basket,monthly,2023-03-31,1006297.9410008374,1006297.9410008371,-224463.7931776147
RKO-BASKET  Call-UO  2M  40Δ/H@10Δ,rko_basket,monthly,2023-04-30,-617509.7111720019,388788.22982883523,-841973.5043496166
RKO-BASKET  Call-UO  2M  40Δ/H@10Δ,rko_basket,monthly,2023-05-31,762602.2836763777,1151390.5135052132,-79371.22067323863
RKO-BASKET  Call-UO  2M  40Δ/H@10Δ,rko_basket,monthly,2023-06-30,855494.9907592786,2006885.504264492,0.0
RKO-BASKET  Call-UO  2M  40Δ/H@10Δ,rko_basket,monthly,2023-07-31,1159619.6253057504,3166505.129570242,0.0
RKO-BASKET  Call-UO  2M  40Δ/H@10Δ,rko_basket,monthly,2023-08-31,2669113.2193349656,5835618.3489052085,0.0
RKO-BASKET  Call-UO  2M  40Δ/H@10Δ,rko_basket,monthly,2023-09-30,4118888.450684248,9954506.799589459,0.0
RKO-BASKET  Call-UO  2M  40Δ/H@10Δ,rko_basket,monthly,2023-10-31,2405911.342332972,12360418.141922431,0.0
RKO-BASKET  Call-UO  2M  40Δ/H@10Δ,rko_basket,monthly,2023-11-30,-493570.0720703749,11866848.069852056,-963704.230856251
RKO-BASKET  Call-UO  2M  40Δ/H@10Δ,rko_basket,monthly,2023-12-31,-1214474.7425688808,10652373.327283174,-2178178.973425133
RKO-BASKET  Call-UO  2M  40Δ/H@10Δ,rko_basket,monthly,2024-01-31,-754375.7462581334,9897997.581025042,-2932554.7196832653
RKO-BASKET  Call-UO  2M  40Δ/H@10Δ,rko_basket,monthly,2024-02-29,1967402.9631895921,11865400.544214634,-965151.7564936727
RKO-BASKET  Call-UO  2M  40Δ/H@10Δ,rko_basket,monthly,2024-03-31,1997301.3089772703,13862701.853191903,0.0
RKO-BASKET  Call-UO  2M  40Δ/H@10Δ,rko_basket,monthly,2024-04-30,1881249.7345420169,15743951.587733919,0.0
RKO-BASKET  Call-UO  2M  40Δ/H@10Δ,rko_basket,monthly,2024-05-31,299042.1900905263,16042993.777824447,0.0
RKO-BASKET  Call-UO  2M  40Δ/H@10Δ,rko_basket,monthly,2024-06-30,-464216.4358918478,15578777.3419326,-465130.1684823055
RKO-BASKET  Call-UO  2M  40Δ/H@10Δ,rko_basket,monthly,2024-07-31,1378840.529533982,16957617.87146658,0.0
RKO-BASKET  Call-UO  2M  40Δ/H@10Δ,rko_basket,monthly,2024-08-31,-659283.1473937442,16298334.724072833,-720867.2563678734
RKO-BASKET  Call-UO  2M  40Δ/H@10Δ,rko_basket,monthly,2024-09-30,-1058246.8110050447,15240087.913067788,-1779114.0673729181
RKO-BASKET  Call-UO  2M  40Δ/H@10Δ,rko_basket,monthly,2024-10-31,-512643.7236922399,14727444.189375548,-2291757.7910651583
RKO-BASKET  Call-UO  2M  40Δ/H@10Δ,rko_basket,monthly,2024-11-30,2513300.507200899,17240744.696576446,0.0
RKO-BASKET  Call-UO  2M  40Δ/H@10Δ,rko_basket,monthly,2024-12-31,4829479.917245015,22070224.61382146,0.0
RKO-BASKET  Call-UO  2M  40Δ/H@10Δ,rko_basket,monthly,2025-01-31,3052867.4528809325,25123092.0667024,-192066.4388096705
RKO-BASKET  Call-UO  2M  40Δ/H@10Δ,rko_basket,monthly,2025-02-28,-776235.5243892283,24346856.542313162,-1056775.7419055216
RKO-BASKET  Call-UO  2M  40Δ/H@10Δ,rko_basket,monthly,2025-03-31,-1138658.3034985284,23208198.23881464,-2195434.045404043
RKO-BASKET  Call-UO  2M  40Δ/H@10Δ,rko_basket,monthly,2025-04-30,-987575.4304630861,22220622.808351558,-3183009.475867126
RKO-BASKET  Call-UO  2M  40Δ/H@10Δ,rko_basket,monthly,2025-05-31,-1517164.7873607366,20703458.02099082,-4700174.263227865
RKO-BASKET  Call-UO  2M  40Δ/H@10Δ,rko_basket,monthly,2025-06-30,-1264016.8539617562,19439441.16702906,-5964191.117189623
RKO-BASKET  Call-UO  2M  40Δ/H@10Δ,rko_basket,monthly,2025-07-31,-1561014.7076392828,17878426.459389783,-7525205.8248289
RKO-BASKET  Call-UO  2M  40Δ/H@10Δ,rko_basket,monthly,2025-08-31,2658147.808555185,20536574.26794496,-4867058.016273722
RKO-BASKET  Call-UO  2M  40Δ/H@10Δ,rko_basket,monthly,2025-09-30,3494850.6009997316,24031424.868944693,-1372207.4152739905
RKO-BASKET  Call-UO  2M  40Δ/H@10Δ,rko_basket,monthly,2025-10-31,2154149.9887900744,26185574.85773477,0.0
RKO-BASKET  Call-UO  2M  40Δ/H@10Δ,rko_basket,monthly,2025-11-30,2775487.6493554083,28961062.50709018,0.0
RKO-BASKET  Call-UO  2M  40Δ/H@10Δ,rko_basket,monthly,2025-12-31,2554870.4083620193,31515932.915452205,0.0
RKO-BASKET  Call-UO  2M  40Δ/H@10Δ,rko_basket,monthly,2026-01-31,47317.96060179031,31563250.876053996,-530097.5746792182
RKO-BASKET  Call-UO  2M  40Δ/H@10Δ,rko_basket,monthly,2026-02-28,-1153705.1222421122,30409545.75381189,-1683802.6969213262
RKO-BASKET  Call-UO  2M  40Δ/H@10Δ,rko_basket,monthly,2026-03-31,1545793.7077035515,31955339.46151544,-138008.98921777308
RKO-BASKET  Call-UO  2M  40Δ/H@10Δ,rko_basket,monthly,2026-04-30,-488552.69107640896,31466786.77043903,-883057.530515179
RKO-BASKET  Call-UO  2M  40Δ/H@10Δ,rko_basket,monthly,2026-05-31,-114001.02114835108,31352785.749290675,-997058.5516635329
RKO-BASKET  Call-UO  2M  40Δ/H@10Δ,rko_basket,annual,2023-12-31,10652373.327283174,10652373.327283174,-2178178.973425133
RKO-BASKET  Call-UO  2M  40Δ/H@10Δ,rko_basket,annual,2024-12-31,11417851.286538292,22070224.61382146,0.0
RKO-BASKET  Call-UO  2M  40Δ/H@10Δ,rko_basket,annual,2025-12-31,9445708.301630734,31515932.915452205,0.0
RKO-BASKET  Call-UO  2M  40Δ/H@10Δ,rko_basket,annual,2026-12-31,-163147.1661615305,31352785.749290675,-997058.5516635329
RKO-BASKET  Call-UO  2M  40Δ/H@5Δ,rko_basket,monthly,2023-03-31,3147219.186479364,3147219.1864793636,0.0
RKO-BASKET  Call-UO  2M  40Δ/H@5Δ,rko_basket,monthly,2023-04-30,-215547.0045625719,2931672.1819167915,-927873.4215044728
RKO-BASKET  Call-UO  2M  40Δ/H@5Δ,rko_basket,monthly,2023-05-31,1999899.2498454668,4931571.431762257,0.0
RKO-BASKET  Call-UO  2M  40Δ/H@5Δ,rko_basket,monthly,2023-06-30,1517559.22319626,6449130.654958515,0.0
RKO-BASKET  Call-UO  2M  40Δ/H@5Δ,rko_basket,monthly,2023-07-31,2401125.451864555,8850256.106823068,0.0
RKO-BASKET  Call-UO  2M  40Δ/H@5Δ,rko_basket,monthly,2023-08-31,5761946.311646411,14612202.41846948,0.0
RKO-BASKET  Call-UO  2M  40Δ/H@5Δ,rko_basket,monthly,2023-09-30,7843080.53004943,22455282.948518913,0.0
RKO-BASKET  Call-UO  2M  40Δ/H@5Δ,rko_basket,monthly,2023-10-31,3262442.11217933,25717725.06069825,0.0
RKO-BASKET  Call-UO  2M  40Δ/H@5Δ,rko_basket,monthly,2023-11-30,-964648.6795193425,24753076.3811789,-1362346.6166286506
RKO-BASKET  Call-UO  2M  40Δ/H@5Δ,rko_basket,monthly,2023-12-31,-1526368.6150120674,23226707.766166836,-2888715.231640715
RKO-BASKET  Call-UO  2M  40Δ/H@5Δ,rko_basket,monthly,2024-01-31,-1077243.605155435,22149464.161011398,-3965958.8367961533
RKO-BASKET  Call-UO  2M  40Δ/H@5Δ,rko_basket,monthly,2024-02-29,2307620.357160248,24457084.518171653,-1658338.479635898
RKO-BASKET  Call-UO  2M  40Δ/H@5Δ,rko_basket,monthly,2024-03-31,1511756.2313424032,25968840.74951405,-146582.2482935004
RKO-BASKET  Call-UO  2M  40Δ/H@5Δ,rko_basket,monthly,2024-04-30,3314096.8614663137,29282937.61098037,0.0
RKO-BASKET  Call-UO  2M  40Δ/H@5Δ,rko_basket,monthly,2024-05-31,1061579.9025272576,30344517.51350763,-5220.125193558633
RKO-BASKET  Call-UO  2M  40Δ/H@5Δ,rko_basket,monthly,2024-06-30,-523346.92351171194,29821170.58999592,-528567.0487052687
RKO-BASKET  Call-UO  2M  40Δ/H@5Δ,rko_basket,monthly,2024-07-31,1154480.804848814,30975651.39484473,0.0
RKO-BASKET  Call-UO  2M  40Δ/H@5Δ,rko_basket,monthly,2024-08-31,-902790.4934277182,30072860.901417013,-925802.031060867
RKO-BASKET  Call-UO  2M  40Δ/H@5Δ,rko_basket,monthly,2024-09-30,-1367139.8187171386,28705721.082699873,-2292941.8497780077
RKO-BASKET  Call-UO  2M  40Δ/H@5Δ,rko_basket,monthly,2024-10-31,-1248559.9545527147,27457161.12814716,-3541501.8043307215
RKO-BASKET  Call-UO  2M  40Δ/H@5Δ,rko_basket,monthly,2024-11-30,4037171.336419002,31494332.464566156,0.0
RKO-BASKET  Call-UO  2M  40Δ/H@5Δ,rko_basket,monthly,2024-12-31,8577461.989935301,40071794.454501465,0.0
RKO-BASKET  Call-UO  2M  40Δ/H@5Δ,rko_basket,monthly,2025-01-31,5507087.816975547,45578882.271477014,-235825.8594576791
RKO-BASKET  Call-UO  2M  40Δ/H@5Δ,rko_basket,monthly,2025-02-28,-966495.0268852348,44612387.24459177,-1202320.8863429204
RKO-BASKET  Call-UO  2M  40Δ/H@5Δ,rko_basket,monthly,2025-03-31,-1358100.6159289812,43254286.62866279,-2560421.5022719055
RKO-BASKET  Call-UO  2M  40Δ/H@5Δ,rko_basket,monthly,2025-04-30,-1209332.5223167236,42044954.10634607,-3769754.024588622
RKO-BASKET  Call-UO  2M  40Δ/H@5Δ,rko_basket,monthly,2025-05-31,-2107686.3932995894,39937267.71304647,-5877440.417888224
RKO-BASKET  Call-UO  2M  40Δ/H@5Δ,rko_basket,monthly,2025-06-30,-1917329.4234056019,38019938.28964087,-7794769.841293819
RKO-BASKET  Call-UO  2M  40Δ/H@5Δ,rko_basket,monthly,2025-07-31,-2713956.3012357135,35305981.98840516,-10508726.142529532
RKO-BASKET  Call-UO  2M  40Δ/H@5Δ,rko_basket,monthly,2025-08-31,1817631.1945212656,37123613.18292643,-8691094.948008262
RKO-BASKET  Call-UO  2M  40Δ/H@5Δ,rko_basket,monthly,2025-09-30,7894808.287126304,45018421.47005273,-796286.6608819664
RKO-BASKET  Call-UO  2M  40Δ/H@5Δ,rko_basket,monthly,2025-10-31,1399962.9733662556,46418384.44341897,-6836.318455778062
RKO-BASKET  Call-UO  2M  40Δ/H@5Δ,rko_basket,monthly,2025-11-30,3837299.676073125,50255684.119492106,0.0
RKO-BASKET  Call-UO  2M  40Δ/H@5Δ,rko_basket,monthly,2025-12-31,2399379.5282827257,52655063.64777484,0.0
RKO-BASKET  Call-UO  2M  40Δ/H@5Δ,rko_basket,monthly,2026-01-31,1829423.1841522544,54484486.83192709,0.0
RKO-BASKET  Call-UO  2M  40Δ/H@5Δ,rko_basket,monthly,2026-02-28,-1681817.677174346,52802669.15475277,-1681817.6771743223
RKO-BASKET  Call-UO  2M  40Δ/H@5Δ,rko_basket,monthly,2026-03-31,1751422.0905646456,54554091.245317414,0.0
RKO-BASKET  Call-UO  2M  40Δ/H@5Δ,rko_basket,monthly,2026-04-30,240593.29756872565,54794684.542886145,-312353.7524028197
RKO-BASKET  Call-UO  2M  40Δ/H@5Δ,rko_basket,monthly,2026-05-31,255763.46829940611,55050448.01118554,-56590.28410342336
RKO-BASKET  Call-UO  2M  40Δ/H@5Δ,rko_basket,annual,2023-12-31,23226707.766166836,23226707.766166836,-2888715.231640715
RKO-BASKET  Call-UO  2M  40Δ/H@5Δ,rko_basket,annual,2024-12-31,16845086.68833462,40071794.454501465,0.0
RKO-BASKET  Call-UO  2M  40Δ/H@5Δ,rko_basket,annual,2025-12-31,12583269.193273379,52655063.64777484,0.0
RKO-BASKET  Call-UO  2M  40Δ/H@5Δ,rko_basket,annual,2026-12-31,2395384.3634106857,55050448.01118554,-56590.28410342336
RKO-BASKET  Call-UO  2M  35Δ/H@20Δ,rko_basket,monthly,2023-03-31,31289.60636668354,31289.606366683554,-131286.3601626234
RKO-BASKET  Call-UO  2M  35Δ/H@20Δ,rko_basket,monthly,2023-04-30,-338165.20138987096,-306875.59502318746,-469451.5615524944
RKO-BASKET  Call-UO  2M  35Δ/H@20Δ,rko_basket,monthly,2023-05-31,156554.72125902216,-150320.87376416536,-312896.8402934723
RKO-BASKET  Call-UO  2M  35Δ/H@20Δ,rko_basket,monthly,2023-06-30,-276720.59472438914,-427041.4684885545,-589617.4350178614
RKO-BASKET  Call-UO  2M  35Δ/H@20Δ,rko_basket,monthly,2023-07-31,-216602.6444783139,-643644.1129668684,-806220.0794961754
RKO-BASKET  Call-UO  2M  35Δ/H@20Δ,rko_basket,monthly,2023-08-31,29731.55106334474,-613912.5619035235,-776488.5284328305
RKO-BASKET  Call-UO  2M  35Δ/H@20Δ,rko_basket,monthly,2023-09-30,250835.68196403034,-363076.8799394931,-525652.8464688
RKO-BASKET  Call-UO  2M  35Δ/H@20Δ,rko_basket,monthly,2023-10-31,635027.2483957616,271950.3684562685,-16098.491827258025
RKO-BASKET  Call-UO  2M  35Δ/H@20Δ,rko_basket,monthly,2023-11-30,-224095.79440412892,47854.57405213968,-261579.48629238087
RKO-BASKET  Call-UO  2M  35Δ/H@20Δ,rko_basket,monthly,2023-12-31,-331790.6938048623,-283936.1197527227,-593370.1800972433
RKO-BASKET  Call-UO  2M  35Δ/H@20Δ,rko_basket,monthly,2024-01-31,-223570.97870730975,-507507.09846003243,-816941.158804553
RKO-BASKET  Call-UO  2M  35Δ/H@20Δ,rko_basket,monthly,2024-02-29,162340.82271037027,-345166.2757496622,-654600.3360941827
RKO-BASKET  Call-UO  2M  35Δ/H@20Δ,rko_basket,monthly,2024-03-31,627654.6393434076,282488.36359374545,-26945.696750775096
RKO-BASKET  Call-UO  2M  35Δ/H@20Δ,rko_basket,monthly,2024-04-30,24049.603238581203,306537.96683232667,-117484.13831554662
RKO-BASKET  Call-UO  2M  35Δ/H@20Δ,rko_basket,monthly,2024-05-31,-137352.9711227003,169184.9957096263,-254837.109438247
RKO-BASKET  Call-UO  2M  35Δ/H@20Δ,rko_basket,monthly,2024-06-30,-78260.19541715675,90924.80029246956,-333097.3048554037
RKO-BASKET  Call-UO  2M  35Δ/H@20Δ,rko_basket,monthly,2024-07-31,-27593.22499295299,63331.57529951658,-360690.52984835673
RKO-BASKET  Call-UO  2M  35Δ/H@20Δ,rko_basket,monthly,2024-08-31,-192864.28489244502,-129532.70959292843,-553554.8147408017
RKO-BASKET  Call-UO  2M  35Δ/H@20Δ,rko_basket,monthly,2024-09-30,-314806.76223282714,-444339.4718257555,-868361.5769736287
RKO-BASKET  Call-UO  2M  35Δ/H@20Δ,rko_basket,monthly,2024-10-31,-275562.6825992835,-719902.1544250391,-1143924.2595729125
RKO-BASKET  Call-UO  2M  35Δ/H@20Δ,rko_basket,monthly,2024-11-30,606647.7849382694,-113254.36948676954,-537276.4746346428
RKO-BASKET  Call-UO  2M  35Δ/H@20Δ,rko_basket,monthly,2024-12-31,446716.9462844984,333462.57679772883,-90559.52835014445
RKO-BASKET  Call-UO  2M  35Δ/H@20Δ,rko_basket,monthly,2025-01-31,762938.9236489766,1096401.5004467051,-172149.21612583753
RKO-BASKET  Call-UO  2M  35Δ/H@20Δ,rko_basket,monthly,2025-02-28,-265034.09740086296,831367.4030458423,-437183.31352670037
RKO-BASKET  Call-UO  2M  35Δ/H@20Δ,rko_basket,monthly,2025-03-31,-312463.7309816021,518903.6720642402,-749647.0445083025
RKO-BASKET  Call-UO  2M  35Δ/H@20Δ,rko_basket,monthly,2025-04-30,-316019.7669499541,202883.90511428606,-1065666.8114582566
RKO-BASKET  Call-UO  2M  35Δ/H@20Δ,rko_basket,monthly,2025-05-31,-375237.1036636438,-172353.19854935777,-1440903.9151219004
RKO-BASKET  Call-UO  2M  35Δ/H@20Δ,rko_basket,monthly,2025-06-30,-231573.67473666643,-403926.8732860241,-1672477.5898585669
RKO-BASKET  Call-UO  2M  35Δ/H@20Δ,rko_basket,monthly,2025-07-31,-280066.44152388064,-683993.3148099048,-1952544.0313824476
RKO-BASKET  Call-UO  2M  35Δ/H@20Δ,rko_basket,monthly,2025-08-31,465306.0302400711,-218687.28456983366,-1487238.0011423763
RKO-BASKET  Call-UO  2M  35Δ/H@20Δ,rko_basket,monthly,2025-09-30,-373539.4289942792,-592226.7135641129,-1860777.4301366555
RKO-BASKET  Call-UO  2M  35Δ/H@20Δ,rko_basket,monthly,2025-10-31,717892.1114732748,125665.39790916193,-1142885.3186633808
RKO-BASKET  Call-UO  2M  35Δ/H@20Δ,rko_basket,monthly,2025-11-30,116004.61467468094,241670.0125838429,-1026880.7039886997
RKO-BASKET  Call-UO  2M  35Δ/H@20Δ,rko_basket,monthly,2025-12-31,-281608.8405704363,-39938.8279865934,-1308489.544559136
RKO-BASKET  Call-UO  2M  35Δ/H@20Δ,rko_basket,monthly,2026-01-31,256112.26912403095,216173.44113743756,-1052377.2754351052
RKO-BASKET  Call-UO  2M  35Δ/H@20Δ,rko_basket,monthly,2026-02-28,-309618.0480301368,-93444.60689269923,-1361995.3234652418
RKO-BASKET  Call-UO  2M  35Δ/H@20Δ,rko_basket,monthly,2026-03-31,-18108.0378473703,-111552.64474006953,-1380103.3613126122
RKO-BASKET  Call-UO  2M  35Δ/H@20Δ,rko_basket,monthly,2026-04-30,-204684.98975352274,-316237.6344935923,-1584788.3510661349
RKO-BASKET  Call-UO  2M  35Δ/H@20Δ,rko_basket,monthly,2026-05-31,-101281.76256970521,-417519.39706329745,-1686070.1136358401
RKO-BASKET  Call-UO  2M  35Δ/H@20Δ,rko_basket,annual,2023-12-31,-283936.1197527228,-283936.1197527227,-593370.1800972433
RKO-BASKET  Call-UO  2M  35Δ/H@20Δ,rko_basket,annual,2024-12-31,617398.6965504513,333462.57679772883,-90559.52835014445
RKO-BASKET  Call-UO  2M  35Δ/H@20Δ,rko_basket,annual,2025-12-31,-373401.4047843221,-39938.8279865934,-1308489.544559136
RKO-BASKET  Call-UO  2M  35Δ/H@20Δ,rko_basket,annual,2026-12-31,-377580.5690767041,-417519.39706329745,-1686070.1136358401
RKO-BASKET  Call-UO  2M  35Δ/H@15Δ,rko_basket,monthly,2023-03-31,25587.438164584164,25587.43816458417,-169375.3442810359
RKO-BASKET  Call-UO  2M  35Δ/H@15Δ,rko_basket,monthly,2023-04-30,-443702.0991332744,-418114.66096869024,-613077.4434143103
RKO-BASKET  Call-UO  2M  35Δ/H@15Δ,rko_basket,monthly,2023-05-31,393888.4966262352,-24226.164342455013,-219188.9467880751
RKO-BASKET  Call-UO  2M  35Δ/H@15Δ,rko_basket,monthly,2023-06-30,286460.49659507396,262234.3322526189,0.0
RKO-BASKET  Call-UO  2M  35Δ/H@15Δ,rko_basket,monthly,2023-07-31,509751.75552383566,771986.0877764545,0.0
RKO-BASKET  Call-UO  2M  35Δ/H@15Δ,rko_basket,monthly,2023-08-31,418965.8101731293,1190951.8979495836,-37979.73165494413
RKO-BASKET  Call-UO  2M  35Δ/H@15Δ,rko_basket,monthly,2023-09-30,1373763.282722756,2564715.180672339,0.0
RKO-BASKET  Call-UO  2M  35Δ/H@15Δ,rko_basket,monthly,2023-10-31,1082355.2216853509,3647070.4023576896,0.0
RKO-BASKET  Call-UO  2M  35Δ/H@15Δ,rko_basket,monthly,2023-11-30,-246677.58635741743,3400392.816000272,-469934.3956322237
RKO-BASKET  Call-UO  2M  35Δ/H@15Δ,rko_basket,monthly,2023-12-31,-559397.6457523116,2840995.17024796,-1029332.0413845358
RKO-BASKET  Call-UO  2M  35Δ/H@15Δ,rko_basket,monthly,2024-01-31,-327298.84356878547,2513696.3266791743,-1356630.8849533214
RKO-BASKET  Call-UO  2M  35Δ/H@15Δ,rko_basket,monthly,2024-02-29,1372172.4034084473,3885868.7300876216,0.0
RKO-BASKET  Call-UO  2M  35Δ/H@15Δ,rko_basket,monthly,2024-03-31,1117205.0723465632,5003073.802434185,0.0
RKO-BASKET  Call-UO  2M  35Δ/H@15Δ,rko_basket,monthly,2024-04-30,1036607.0617274264,6039680.864161611,0.0
RKO-BASKET  Call-UO  2M  35Δ/H@15Δ,rko_basket,monthly,2024-05-31,-47869.35532817835,5991811.508833432,-47869.355328178965
RKO-BASKET  Call-UO  2M  35Δ/H@15Δ,rko_basket,monthly,2024-06-30,-241170.93073271646,5750640.578100717,-289040.2860608939
RKO-BASKET  Call-UO  2M  35Δ/H@15Δ,rko_basket,monthly,2024-07-31,377075.5952203622,6127716.1733210785,0.0
RKO-BASKET  Call-UO  2M  35Δ/H@15Δ,rko_basket,monthly,2024-08-31,-391459.3596179981,5736256.813703081,-416373.9790840773
RKO-BASKET  Call-UO  2M  35Δ/H@15Δ,rko_basket,monthly,2024-09-30,-530089.1727122118,5206167.640990869,-946463.1517962888
RKO-BASKET  Call-UO  2M  35Δ/H@15Δ,rko_basket,monthly,2024-10-31,-303321.4117700495,4902846.2292208215,-1249784.5635663364
RKO-BASKET  Call-UO  2M  35Δ/H@15Δ,rko_basket,monthly,2024-11-30,963447.4324654753,5866293.661686297,-286337.13110086136
RKO-BASKET  Call-UO  2M  35Δ/H@15Δ,rko_basket,monthly,2024-12-31,1878224.8607821553,7744518.522468451,0.0
RKO-BASKET  Call-UO  2M  35Δ/H@15Δ,rko_basket,monthly,2025-01-31,1221429.538734891,8965948.06120334,-250030.8447895907
RKO-BASKET  Call-UO  2M  35Δ/H@15Δ,rko_basket,monthly,2025-02-28,-504713.8467901063,8461234.214413237,-754744.6915796939
RKO-BASKET  Call-UO  2M  35Δ/H@15Δ,rko_basket,monthly,2025-03-31,-570093.6264379183,7891140.5879753195,-1324838.3180176113
RKO-BASKET  Call-UO  2M  35Δ/H@15Δ,rko_basket,monthly,2025-04-30,-424616.45708383527,7466524.130891483,-1749454.7751014475
RKO-BASKET  Call-UO  2M  35Δ/H@15Δ,rko_basket,monthly,2025-05-31,-653532.4602374122,6812991.670654071,-2402987.23533886
RKO-BASKET  Call-UO  2M  35Δ/H@15Δ,rko_basket,monthly,2025-06-30,-448716.4704698264,6364275.200184246,-2851703.705808685
RKO-BASKET  Call-UO  2M  35Δ/H@15Δ,rko_basket,monthly,2025-07-31,-528211.8569551746,5836063.343229069,-3379915.5627638614
RKO-BASKET  Call-UO  2M  35Δ/H@15Δ,rko_basket,monthly,2025-08-31,1482715.1201670256,7318778.463396095,-1897200.442596836
RKO-BASKET  Call-UO  2M  35Δ/H@15Δ,rko_basket,monthly,2025-09-30,-369559.42510743265,6949219.038288662,-2266759.8677042685
RKO-BASKET  Call-UO  2M  35Δ/H@15Δ,rko_basket,monthly,2025-10-31,1298300.715224972,8247519.753513635,-968459.1524792956
RKO-BASKET  Call-UO  2M  35Δ/H@15Δ,rko_basket,monthly,2025-11-30,558011.6413619067,8805531.394875541,-410447.5111173894
RKO-BASKET  Call-UO  2M  35Δ/H@15Δ,rko_basket,monthly,2025-12-31,756378.3693823996,9561909.764257941,-58763.983799694106
RKO-BASKET  Call-UO  2M  35Δ/H@15Δ,rko_basket,monthly,2026-01-31,267398.68238787574,9829308.446645815,-335959.566001242
RKO-BASKET  Call-UO  2M  35Δ/H@15Δ,rko_basket,monthly,2026-02-28,-604398.6153367569,9224909.831309054,-940358.1813380029
RKO-BASKET  Call-UO  2M  35Δ/H@15Δ,rko_basket,monthly,2026-03-31,242732.08182742822,9467641.913136484,-697626.0995105729
RKO-BASKET  Call-UO  2M  35Δ/H@15Δ,rko_basket,monthly,2026-04-30,-438291.6730288549,9029350.240107626,-1135917.7725394312
RKO-BASKET  Call-UO  2M  35Δ/H@15Δ,rko_basket,monthly,2026-05-31,-176885.73884683513,8852464.501260791,-1312803.511386266
RKO-BASKET  Call-UO  2M  35Δ/H@15Δ,rko_basket,annual,2023-12-31,2840995.1702479618,2840995.17024796,-1029332.0413845358
RKO-BASKET  Call-UO  2M  35Δ/H@15Δ,rko_basket,annual,2024-12-31,4903523.35222049,7744518.522468451,0.0
RKO-BASKET  Call-UO  2M  35Δ/H@15Δ,rko_basket,annual,2025-12-31,1817391.2417894893,9561909.764257941,-58763.983799694106
RKO-BASKET  Call-UO  2M  35Δ/H@15Δ,rko_basket,annual,2026-12-31,-709445.2629971431,8852464.501260791,-1312803.511386266
RKO-BASKET  Call-UO  2M  35Δ/H@10Δ,rko_basket,monthly,2023-03-31,487134.79616833763,487134.79616833775,-220768.18907424033
RKO-BASKET  Call-UO  2M  35Δ/H@10Δ,rko_basket,monthly,2023-04-30,-619322.5916618542,-132187.79549351652,-840090.7807360946
RKO-BASKET  Call-UO  2M  35Δ/H@10Δ,rko_basket,monthly,2023-05-31,530976.1227173592,398788.3272238427,-309114.6580187354
RKO-BASKET  Call-UO  2M  35Δ/H@10Δ,rko_basket,monthly,2023-06-30,325575.6066303349,724363.9338541775,0.0
RKO-BASKET  Call-UO  2M  35Δ/H@10Δ,rko_basket,monthly,2023-07-31,825075.2403822413,1549439.174236419,0.0
RKO-BASKET  Call-UO  2M  35Δ/H@10Δ,rko_basket,monthly,2023-08-31,1904129.9851243477,3453569.1593607664,0.0
RKO-BASKET  Call-UO  2M  35Δ/H@10Δ,rko_basket,monthly,2023-09-30,3226235.7595374677,6679804.918898234,0.0
RKO-BASKET  Call-UO  2M  35Δ/H@10Δ,rko_basket,monthly,2023-10-31,1356437.3744574178,8036242.293355653,0.0
RKO-BASKET  Call-UO  2M  35Δ/H@10Δ,rko_basket,monthly,2023-11-30,-503852.91589660774,7532389.3774590455,-765844.4288321594
RKO-BASKET  Call-UO  2M  35Δ/H@10Δ,rko_basket,monthly,2023-12-31,-854246.2559748722,6678143.121484173,-1620090.6848070314
RKO-BASKET  Call-UO  2M  35Δ/H@10Δ,rko_basket,monthly,2024-01-31,-656773.192177823,6021369.929306352,-2276863.8769848533
RKO-BASKET  Call-UO  2M  35Δ/H@10Δ,rko_basket,monthly,2024-02-29,1288764.0309721353,7310133.960278487,-988099.846012718
RKO-BASKET  Call-UO  2M  35Δ/H@10Δ,rko_basket,monthly,2024-03-31,1116019.2849270182,8426153.245205505,0.0
RKO-BASKET  Call-UO  2M  35Δ/H@10Δ,rko_basket,monthly,2024-04-30,1280476.7782944678,9706630.023499971,0.0
RKO-BASKET  Call-UO  2M  35Δ/H@10Δ,rko_basket,monthly,2024-05-31,27391.152660333304,9734021.176160306,-12722.113868543878
RKO-BASKET  Call-UO  2M  35Δ/H@10Δ,rko_basket,monthly,2024-06-30,-453285.2666150525,9280735.909545254,-466007.38048359565
RKO-BASKET  Call-UO  2M  35Δ/H@10Δ,rko_basket,monthly,2024-07-31,1007715.8524160788,10288451.761961333,0.0
RKO-BASKET  Call-UO  2M  35Δ/H@10Δ,rko_basket,monthly,2024-08-31,-667854.0748919388,9620597.687069397,-667854.074891936
RKO-BASKET  Call-UO  2M  35Δ/H@10Δ,rko_basket,monthly,2024-09-30,-815287.5819483066,8805310.10512109,-1483141.6568402443
RKO-BASKET  Call-UO  2M  35Δ/H@10Δ,rko_basket,monthly,2024-10-31,-504596.40932862565,8300713.695792462,-1987738.0661688717
RKO-BASKET  Call-UO  2M  35Δ/H@10Δ,rko_basket,monthly,2024-11-30,1730291.0249847735,10031004.720777236,-257447.04118409753
RKO-BASKET  Call-UO  2M  35Δ/H@10Δ,rko_basket,monthly,2024-12-31,3695035.6839025756,13726040.404679812,0.0
RKO-BASKET  Call-UO  2M  35Δ/H@10Δ,rko_basket,monthly,2025-01-31,2138541.6329933708,15864582.037673183,-353300.1931672394
RKO-BASKET  Call-UO  2M  35Δ/H@10Δ,rko_basket,monthly,2025-02-28,-873775.8807563618,14990806.156916821,-1227076.0739236008
RKO-BASKET  Call-UO  2M  35Δ/H@10Δ,rko_basket,monthly,2025-03-31,-867769.7938766085,14123036.363040213,-2094845.8678002097
RKO-BASKET  Call-UO  2M  35Δ/H@10Δ,rko_basket,monthly,2025-04-30,-740265.7258545917,13382770.637185622,-2835111.5936548
RKO-BASKET  Call-UO  2M  35Δ/H@10Δ,rko_basket,monthly,2025-05-31,-1067925.0201441902,12314845.617041433,-3903036.613798989
RKO-BASKET  Call-UO  2M  35Δ/H@10Δ,rko_basket,monthly,2025-06-30,-909884.4254033294,11404961.1916381,-4812921.039202321
RKO-BASKET  Call-UO  2M  35Δ/H@10Δ,rko_basket,monthly,2025-07-31,-1177301.4553650403,10227659.73627306,-5990222.494567363
RKO-BASKET  Call-UO  2M  35Δ/H@10Δ,rko_basket,monthly,2025-08-31,1891702.639446702,12119362.375719763,-4098519.855120659
RKO-BASKET  Call-UO  2M  35Δ/H@10Δ,rko_basket,monthly,2025-09-30,2729189.803858325,14848552.17957809,-1369330.0512623321
RKO-BASKET  Call-UO  2M  35Δ/H@10Δ,rko_basket,monthly,2025-10-31,1183986.1516840965,16032538.331262188,-185343.89957823418
RKO-BASKET  Call-UO  2M  35Δ/H@10Δ,rko_basket,monthly,2025-11-30,2172174.4351138268,18204712.766376015,0.0
RKO-BASKET  Call-UO  2M  35Δ/H@10Δ,rko_basket,monthly,2025-12-31,2043856.4066647196,20248569.173040733,0.0
RKO-BASKET  Call-UO  2M  35Δ/H@10Δ,rko_basket,monthly,2026-01-31,-61428.96181671045,20187140.211224023,-474647.25573377684
RKO-BASKET  Call-UO  2M  35Δ/H@10Δ,rko_basket,monthly,2026-02-28,-973973.1998464545,19213167.01137757,-1448620.4555802308
RKO-BASKET  Call-UO  2M  35Δ/H@10Δ,rko_basket,monthly,2026-03-31,1084896.660344286,20298063.67172186,-363723.7952359393
RKO-BASKET  Call-UO  2M  35Δ/H@10Δ,rko_basket,monthly,2026-04-30,-479028.0714956826,19819035.600226182,-842751.8667316176
RKO-BASKET  Call-UO  2M  35Δ/H@10Δ,rko_basket,monthly,2026-05-31,-66302.76618284867,19752732.834043335,-909054.6329144649
RKO-BASKET  Call-UO  2M  35Δ/H@10Δ,rko_basket,annual,2023-12-31,6678143.121484172,6678143.121484173,-1620090.6848070314
RKO-BASKET  Call-UO  2M  35Δ/H@10Δ,rko_basket,annual,2024-12-31,7047897.283195636,13726040.404679812,0.0
RKO-BASKET  Call-UO  2M  35Δ/H@10Δ,rko_basket,annual,2025-12-31,6522528.768360919,20248569.173040733,0.0
RKO-BASKET  Call-UO  2M  35Δ/H@10Δ,rko_basket,annual,2026-12-31,-495836.33899741026,19752732.834043335,-909054.6329144649
RKO-BASKET  Call-UO  2M  35Δ/H@5Δ,rko_basket,monthly,2023-03-31,2023238.665798528,2023238.665798528,0.0
RKO-BASKET  Call-UO  2M  35Δ/H@5Δ,rko_basket,monthly,2023-04-30,-351752.9829868859,1671485.6828116423,-803069.2295885633
RKO-BASKET  Call-UO  2M  35Δ/H@5Δ,rko_basket,monthly,2023-05-31,1644951.5937189695,3316437.2765306123,0.0
RKO-BASKET  Call-UO  2M  35Δ/H@5Δ,rko_basket,monthly,2023-06-30,920893.1878895935,4237330.464420206,-114512.17766243685
RKO-BASKET  Call-UO  2M  35Δ/H@5Δ,rko_basket,monthly,2023-07-31,1810425.1318153674,6047755.596235574,0.0
RKO-BASKET  Call-UO  2M  35Δ/H@5Δ,rko_basket,monthly,2023-08-31,4647930.694052922,10695686.290288493,0.0
RKO-BASKET  Call-UO  2M  35Δ/H@5Δ,rko_basket,monthly,2023-09-30,6417843.487138112,17113529.777426604,0.0
RKO-BASKET  Call-UO  2M  35Δ/H@5Δ,rko_basket,monthly,2023-10-31,2081310.880729141,19194840.658155747,0.0
RKO-BASKET  Call-UO  2M  35Δ/H@5Δ,rko_basket,monthly,2023-11-30,-893200.9415753726,18301639.716580365,-1099929.9594608247
RKO-BASKET  Call-UO  2M  35Δ/H@5Δ,rko_basket,monthly,2023-12-31,-1112456.243351874,17189183.473228488,-2212386.2028127015
RKO-BASKET  Call-UO  2M  35Δ/H@5Δ,rko_basket,monthly,2024-01-31,-927814.4680112144,16261369.005217275,-3140200.670823915
RKO-BASKET  Call-UO  2M  35Δ/H@5Δ,rko_basket,monthly,2024-02-29,1567703.301963518,17829072.307180792,-1572497.3688603975
RKO-BASKET  Call-UO  2M  35Δ/H@5Δ,rko_basket,monthly,2024-03-31,707408.0884207776,18536480.395601567,-865089.2804396227
RKO-BASKET  Call-UO  2M  35Δ/H@5Δ,rko_basket,monthly,2024-04-30,2531972.909029147,21068453.30463071,0.0
RKO-BASKET  Call-UO  2M  35Δ/H@5Δ,rko_basket,monthly,2024-05-31,563384.843038971,21631838.14766968,-18108.239869259298
RKO-BASKET  Call-UO  2M  35Δ/H@5Δ,rko_basket,monthly,2024-06-30,-523039.80007398635,21108798.347595695,-541148.0399432443
RKO-BASKET  Call-UO  2M  35Δ/H@5Δ,rko_basket,monthly,2024-07-31,795246.6762560857,21904045.023851782,0.0
RKO-BASKET  Call-UO  2M  35Δ/H@5Δ,rko_basket,monthly,2024-08-31,-898457.5898125399,21005587.43403924,-898457.5898125432
RKO-BASKET  Call-UO  2M  35Δ/H@5Δ,rko_basket,monthly,2024-09-30,-1095698.3233012129,19909889.11073802,-1994155.9131137617
RKO-BASKET  Call-UO  2M  35Δ/H@5Δ,rko_basket,monthly,2024-10-31,-1143040.3888079037,18766848.721930113,-3137196.3019216694
RKO-BASKET  Call-UO  2M  35Δ/H@5Δ,rko_basket,monthly,2024-11-30,3093981.4206321873,21860830.142562296,-43214.88128948584
RKO-BASKET  Call-UO  2M  35Δ/H@5Δ,rko_basket,monthly,2024-12-31,7010560.459099019,28871390.601661317,0.0
RKO-BASKET  Call-UO  2M  35Δ/H@5Δ,rko_basket,monthly,2025-01-31,4316172.470360168,33187563.07202148,-415419.9020511247
RKO-BASKET  Call-UO  2M  35Δ/H@5Δ,rko_basket,monthly,2025-02-28,-1058550.6800013955,32129012.392020077,-1473970.5820525289
RKO-BASKET  Call-UO  2M  35Δ/H@5Δ,rko_basket,monthly,2025-03-31,-1092815.4657798037,31036196.926240273,-2566786.0478323326
RKO-BASKET  Call-UO  2M  35Δ/H@5Δ,rko_basket,monthly,2025-04-30,-1053764.3070859942,29982432.619154286,-3620550.3549183197
RKO-BASKET  Call-UO  2M  35Δ/H@5Δ,rko_basket,monthly,2025-05-31,-1564400.611928017,28418032.007226266,-5184950.966846339
RKO-BASKET  Call-UO  2M  35Δ/H@5Δ,rko_basket,monthly,2025-06-30,-1456932.7867189143,26961099.220507357,-6641883.753565248
RKO-BASKET  Call-UO  2M  35Δ/H@5Δ,rko_basket,monthly,2025-07-31,-2155125.700603312,24805973.519904047,-8797009.454168558
RKO-BASKET  Call-UO  2M  35Δ/H@5Δ,rko_basket,monthly,2025-08-31,1173557.6326164792,25979531.152520522,-7623451.821552083
RKO-BASKET  Call-UO  2M  35Δ/H@5Δ,rko_basket,monthly,2025-09-30,6556051.74173935,32535582.894259874,-1067400.0798127316
RKO-BASKET  Call-UO  2M  35Δ/H@5Δ,rko_basket,monthly,2025-10-31,545976.0754789547,33081558.969738826,-521424.0043337792
RKO-BASKET  Call-UO  2M  35Δ/H@5Δ,rko_basket,monthly,2025-11-30,3107723.910354469,36189282.880093284,0.0
RKO-BASKET  Call-UO  2M  35Δ/H@5Δ,rko_basket,monthly,2025-12-31,1893222.840530988,38082505.72062427,0.0
RKO-BASKET  Call-UO  2M  35Δ/H@5Δ,rko_basket,monthly,2026-01-31,1434664.9069533928,39517170.62757766,0.0
RKO-BASKET  Call-UO  2M  35Δ/H@5Δ,rko_basket,monthly,2026-02-28,-1420867.9989024783,38096302.628675185,-1420867.9989024773
RKO-BASKET  Call-UO  2M  35Δ/H@5Δ,rko_basket,monthly,2026-03-31,1266553.2632197533,39362855.89189493,-154314.73568273336
RKO-BASKET  Call-UO  2M  35Δ/H@5Δ,rko_basket,monthly,2026-04-30,-45871.27572899603,39316984.616165936,-409289.0771044344
RKO-BASKET  Call-UO  2M  35Δ/H@5Δ,rko_basket,monthly,2026-05-31,229756.2339105424,39546740.85007648,-179532.84319388866
RKO-BASKET  Call-UO  2M  35Δ/H@5Δ,rko_basket,annual,2023-12-31,17189183.4732285,17189183.473228488,-2212386.2028127015
RKO-BASKET  Call-UO  2M  35Δ/H@5Δ,rko_basket,annual,2024-12-31,11682207.12843285,28871390.601661317,0.0
RKO-BASKET  Call-UO  2M  35Δ/H@5Δ,rko_basket,annual,2025-12-31,9211115.118962971,38082505.72062427,0.0
RKO-BASKET  Call-UO  2M  35Δ/H@5Δ,rko_basket,annual,2026-12-31,1464235.129452214,39546740.85007648,-179532.84319388866
RKO-BASKET  Call-UO  2M  30Δ/H@20Δ,rko_basket,monthly,2023-03-31,-84279.89263198675,-84279.89263198675,-101293.09217984049
RKO-BASKET  Call-UO  2M  30Δ/H@20Δ,rko_basket,monthly,2023-04-30,-212984.74975935023,-297264.64239133697,-314277.8419391907
RKO-BASKET  Call-UO  2M  30Δ/H@20Δ,rko_basket,monthly,2023-05-31,-17079.673134023324,-314344.3155253603,-331357.515073214
RKO-BASKET  Call-UO  2M  30Δ/H@20Δ,rko_basket,monthly,2023-06-30,-222277.03166220538,-536621.3471875655,-553634.5467354193
RKO-BASKET  Call-UO  2M  30Δ/H@20Δ,rko_basket,monthly,2023-07-31,-169668.68482657897,-706290.0320141445,-723303.2315619983
RKO-BASKET  Call-UO  2M  30Δ/H@20Δ,rko_basket,monthly,2023-08-31,-71264.99353230846,-777555.0255464527,-794568.2250943065
RKO-BASKET  Call-UO  2M  30Δ/H@20Δ,rko_basket,monthly,2023-09-30,36617.69586119118,-740937.3296852615,-757950.5292331153
RKO-BASKET  Call-UO  2M  30Δ/H@20Δ,rko_basket,monthly,2023-10-31,201849.24517377355,-539088.0845114877,-556101.2840593415
RKO-BASKET  Call-UO  2M  30Δ/H@20Δ,rko_basket,monthly,2023-11-30,-235345.59430132643,-774433.6788128142,-791446.878360668
RKO-BASKET  Call-UO  2M  30Δ/H@20Δ,rko_basket,monthly,2023-12-31,-219922.0657303418,-994355.7445431561,-1011368.9440910099
RKO-BASKET  Call-UO  2M  30Δ/H@20Δ,rko_basket,monthly,2024-01-31,-206732.14552460084,-1201087.890067757,-1218101.089615611
RKO-BASKET  Call-UO  2M  30Δ/H@20Δ,rko_basket,monthly,2024-02-29,-59221.1063233334,-1260308.9963910908,-1277322.1959389446
RKO-BASKET  Call-UO  2M  30Δ/H@20Δ,rko_basket,monthly,2024-03-31,113721.61144299895,-1146587.3849480918,-1163600.5844959456
RKO-BASKET  Call-UO  2M  30Δ/H@20Δ,rko_basket,monthly,2024-04-30,-104011.2803657208,-1250598.6653138127,-1267611.8648616665
RKO-BASKET  Call-UO  2M  30Δ/H@20Δ,rko_basket,monthly,2024-05-31,-155711.53863850032,-1406310.2039523127,-1423323.4035001665
RKO-BASKET  Call-UO  2M  30Δ/H@20Δ,rko_basket,monthly,2024-06-30,-132910.891200517,-1539221.0951528295,-1556234.2947006833
RKO-BASKET  Call-UO  2M  30Δ/H@20Δ,rko_basket,monthly,2024-07-31,-91431.62424313341,-1630652.7193959623,-1647665.918943816
RKO-BASKET  Call-UO  2M  30Δ/H@20Δ,rko_basket,monthly,2024-08-31,-216630.2832812227,-1847283.0026771848,-1864296.2022250385
RKO-BASKET  Call-UO  2M  30Δ/H@20Δ,rko_basket,monthly,2024-09-30,-221519.81685107137,-2068802.8195282563,-2085816.01907611
RKO-BASKET  Call-UO  2M  30Δ/H@20Δ,rko_basket,monthly,2024-10-31,-235784.64534931618,-2304587.4648775724,-2321600.664425426
RKO-BASKET  Call-UO  2M  30Δ/H@20Δ,rko_basket,monthly,2024-11-30,95440.99155728637,-2209146.4733202853,-2226159.672868139
RKO-BASKET  Call-UO  2M  30Δ/H@20Δ,rko_basket,monthly,2024-12-31,-43524.61679270729,-2252671.0901129935,-2269684.2896608473
RKO-BASKET  Call-UO  2M  30Δ/H@20Δ,rko_basket,monthly,2025-01-31,427899.87315205735,-1824771.2169609363,-1841784.41650879
RKO-BASKET  Call-UO  2M  30Δ/H@20Δ,rko_basket,monthly,2025-02-28,-217936.36417212145,-2042707.5811330576,-2059720.7806809114
RKO-BASKET  Call-UO  2M  30Δ/H@20Δ,rko_basket,monthly,2025-03-31,-217691.36400956547,-2260398.9451426235,-2277412.1446904773
RKO-BASKET  Call-UO  2M  30Δ/H@20Δ,rko_basket,monthly,2025-04-30,-208232.36138203554,-2468631.306524659,-2485644.506072513
RKO-BASKET  Call-UO  2M  30Δ/H@20Δ,rko_basket,monthly,2025-05-31,-249418.971254049,-2718050.277778708,-2735063.4773265617
RKO-BASKET  Call-UO  2M  30Δ/H@20Δ,rko_basket,monthly,2025-06-30,-180234.6264088243,-2898284.9041875317,-2915298.1037353855
RKO-BASKET  Call-UO  2M  30Δ/H@20Δ,rko_basket,monthly,2025-07-31,-258579.0188864253,-3156863.9230739563,-3173877.12262181
RKO-BASKET  Call-UO  2M  30Δ/H@20Δ,rko_basket,monthly,2025-08-31,240533.52686481352,-2916330.396209143,-2933343.595756997
RKO-BASKET  Call-UO  2M  30Δ/H@20Δ,rko_basket,monthly,2025-09-30,-242291.13109605663,-3158621.5273051993,-3175634.726853053
RKO-BASKET  Call-UO  2M  30Δ/H@20Δ,rko_basket,monthly,2025-10-31,129688.71793306165,-3028932.8093721378,-3045946.0089199916
RKO-BASKET  Call-UO  2M  30Δ/H@20Δ,rko_basket,monthly,2025-11-30,2072.823334564022,-3026859.986037574,-3043873.1855854276
RKO-BASKET  Call-UO  2M  30Δ/H@20Δ,rko_basket,monthly,2025-12-31,-207550.94457586334,-3234410.930613437,-3251424.130161291
RKO-BASKET  Call-UO  2M  30Δ/H@20Δ,rko_basket,monthly,2026-01-31,67865.68865833608,-3166545.241955101,-3183558.441502955
RKO-BASKET  Call-UO  2M  30Δ/H@20Δ,rko_basket,monthly,2026-02-28,-236873.36795218178,-3403418.6099072825,-3420431.8094551363
RKO-BASKET  Call-UO  2M  30Δ/H@20Δ,rko_basket,monthly,2026-03-31,-86165.04300706943,-3489583.652914352,-3506596.8524622056
RKO-BASKET  Call-UO  2M  30Δ/H@20Δ,rko_basket,monthly,2026-04-30,-217081.1730428227,-3706664.825957175,-3723678.0255050287
RKO-BASKET  Call-UO  2M  30Δ/H@20Δ,rko_basket,monthly,2026-05-31,-64885.60091817986,-3771550.4268753543,-3788563.626423208
RKO-BASKET  Call-UO  2M  30Δ/H@20Δ,rko_basket,annual,2023-12-31,-994355.7445431567,-994355.7445431561,-1011368.9440910099
RKO-BASKET  Call-UO  2M  30Δ/H@20Δ,rko_basket,annual,2024-12-31,-1258315.345569838,-2252671.0901129935,-2269684.2896608473
RKO-BASKET  Call-UO  2M  30Δ/H@20Δ,rko_basket,annual,2025-12-31,-981739.8405004445,-3234410.930613437,-3251424.130161291
RKO-BASKET  Call-UO  2M  30Δ/H@20Δ,rko_basket,annual,2026-12-31,-537139.4962619176,-3771550.4268753543,-3788563.626423208
RKO-BASKET  Call-UO  2M  30Δ/H@15Δ,rko_basket,monthly,2023-03-31,-110716.76774425629,-110716.7677442563,-171631.08063192037
RKO-BASKET  Call-UO  2M  30Δ/H@15Δ,rko_basket,monthly,2023-04-30,-337739.0441540921,-448455.81189834833,-509370.1247860124
RKO-BASKET  Call-UO  2M  30Δ/H@15Δ,rko_basket,monthly,2023-05-31,193939.82695782167,-254515.98494052663,-315430.2978281907
RKO-BASKET  Call-UO  2M  30Δ/H@15Δ,rko_basket,monthly,2023-06-30,62714.67269406174,-191801.31224646492,-252715.62513412902
RKO-BASKET  Call-UO  2M  30Δ/H@15Δ,rko_basket,monthly,2023-07-31,302079.9933046309,110278.68105816598,0.0
RKO-BASKET  Call-UO  2M  30Δ/H@15Δ,rko_basket,monthly,2023-08-31,154057.91798691257,264336.59904507856,-51419.03346970066
RKO-BASKET  Call-UO  2M  30Δ/H@15Δ,rko_basket,monthly,2023-09-30,831879.3890740519,1096215.9881191305,0.0
RKO-BASKET  Call-UO  2M  30Δ/H@15Δ,rko_basket,monthly,2023-10-31,402010.59455273894,1498226.5826718688,0.0
RKO-BASKET  Call-UO  2M  30Δ/H@15Δ,rko_basket,monthly,2023-11-30,-277683.8451470318,1220542.7375248375,-335134.5908900043
RKO-BASKET  Call-UO  2M  30Δ/H@15Δ,rko_basket,monthly,2023-12-31,-357476.4355060148,863066.302018823,-692611.0263960188
RKO-BASKET  Call-UO  2M  30Δ/H@15Δ,rko_basket,monthly,2024-01-31,-294243.9421502472,568822.3598685758,-986854.968546266
RKO-BASKET  Call-UO  2M  30Δ/H@15Δ,rko_basket,monthly,2024-02-29,730898.5790528868,1299720.9389214625,-255956.38949337928
RKO-BASKET  Call-UO  2M  30Δ/H@15Δ,rko_basket,monthly,2024-03-31,476419.85888178344,1776140.797803246,0.0
RKO-BASKET  Call-UO  2M  30Δ/H@15Δ,rko_basket,monthly,2024-04-30,537054.8928754001,2313195.6906786463,-27640.17191842012
RKO-BASKET  Call-UO  2M  30Δ/H@15Δ,rko_basket,monthly,2024-05-31,-127995.07106091527,2185200.619617731,-155635.2429793356
RKO-BASKET  Call-UO  2M  30Δ/H@15Δ,rko_basket,monthly,2024-06-30,-247641.6982383953,1937558.9213793352,-403276.9412177312
RKO-BASKET  Call-UO  2M  30Δ/H@15Δ,rko_basket,monthly,2024-07-31,167360.3325014211,2104919.253880756,-235916.60871631047
RKO-BASKET  Call-UO  2M  30Δ/H@15Δ,rko_basket,monthly,2024-08-31,-353415.2617525968,1751503.9921281592,-589331.8704689073
RKO-BASKET  Call-UO  2M  30Δ/H@15Δ,rko_basket,monthly,2024-09-30,-350123.7138529726,1401380.2782751862,-939455.5843218802
RKO-BASKET  Call-UO  2M  30Δ/H@15Δ,rko_basket,monthly,2024-10-31,-247134.79661914246,1154245.4816560438,-1186590.3809410227
RKO-BASKET  Call-UO  2M  30Δ/H@15Δ,rko_basket,monthly,2024-11-30,322072.9226631116,1476318.4043191553,-864517.4582779112
RKO-BASKET  Call-UO  2M  30Δ/H@15Δ,rko_basket,monthly,2024-12-31,1021840.8725172919,2498159.276836447,0.0
RKO-BASKET  Call-UO  2M  30Δ/H@15Δ,rko_basket,monthly,2025-01-31,711948.4871646147,3210107.764001062,-173449.52578701032
RKO-BASKET  Call-UO  2M  30Δ/H@15Δ,rko_basket,monthly,2025-02-28,-394356.00001452334,2815751.7639865386,-567805.5258015338
RKO-BASKET  Call-UO  2M  30Δ/H@15Δ,rko_basket,monthly,2025-03-31,-376182.06247673405,2439569.7015098045,-943987.588278268
RKO-BASKET  Call-UO  2M  30Δ/H@15Δ,rko_basket,monthly,2025-04-30,-253070.7249559631,2186498.9765538406,-1197058.313234232
RKO-BASKET  Call-UO  2M  30Δ/H@15Δ,rko_basket,monthly,2025-05-31,-415677.6883739173,1770821.288179923,-1612736.0016081494
RKO-BASKET  Call-UO  2M  30Δ/H@15Δ,rko_basket,monthly,2025-06-30,-314415.17483475443,1456406.1133451683,-1927151.1764429042
RKO-BASKET  Call-UO  2M  30Δ/H@15Δ,rko_basket,monthly,2025-07-31,-373560.9355878524,1082845.1777573158,-2300712.1120307567
RKO-BASKET  Call-UO  2M  30Δ/H@15Δ,rko_basket,monthly,2025-08-31,1002348.3640891779,2085193.5418464942,-1298363.7479415783
RKO-BASKET  Call-UO  2M  30Δ/H@15Δ,rko_basket,monthly,2025-09-30,-234994.7274237271,1850198.814422767,-1533358.4753653056
RKO-BASKET  Call-UO  2M  30Δ/H@15Δ,rko_basket,monthly,2025-10-31,471479.5839790252,2321678.398401791,-1061878.8913862812
RKO-BASKET  Call-UO  2M  30Δ/H@15Δ,rko_basket,monthly,2025-11-30,354824.3459979879,2676502.744399779,-707054.5453882935
RKO-BASKET  Call-UO  2M  30Δ/H@15Δ,rko_basket,monthly,2025-12-31,516089.0546676532,3192591.7990674325,-190965.49072063994
RKO-BASKET  Call-UO  2M  30Δ/H@15Δ,rko_basket,monthly,2026-01-31,88467.2945397814,3281059.0936072133,-236991.4402846261
RKO-BASKET  Call-UO  2M  30Δ/H@15Δ,rko_basket,monthly,2026-02-28,-411474.15085697954,2869584.9427502346,-648465.5911416048
RKO-BASKET  Call-UO  2M  30Δ/H@15Δ,rko_basket,monthly,2026-03-31,65340.84403629612,2934925.786786531,-583124.7471053083
RKO-BASKET  Call-UO  2M  30Δ/H@15Δ,rko_basket,monthly,2026-04-30,-369553.43635206536,2565372.3504344663,-952678.1834573732
RKO-BASKET  Call-UO  2M  30Δ/H@15Δ,rko_basket,monthly,2026-05-31,-110465.31919301354,2454907.0312414523,-1063143.5026503871
RKO-BASKET  Call-UO  2M  30Δ/H@15Δ,rko_basket,annual,2023-12-31,863066.3020188229,863066.302018823,-692611.0263960188
RKO-BASKET  Call-UO  2M  30Δ/H@15Δ,rko_basket,annual,2024-12-31,1635092.9748176252,2498159.276836447,0.0
RKO-BASKET  Call-UO  2M  30Δ/H@15Δ,rko_basket,annual,2025-12-31,694432.5222309873,3192591.7990674325,-190965.49072063994
RKO-BASKET  Call-UO  2M  30Δ/H@15Δ,rko_basket,annual,2026-12-31,-737684.7678259809,2454907.0312414523,-1063143.5026503871
RKO-BASKET  Call-UO  2M  30Δ/H@10Δ,rko_basket,monthly,2023-03-31,174809.53069486126,174809.5306948612,-195150.81723380665
RKO-BASKET  Call-UO  2M  30Δ/H@10Δ,rko_basket,monthly,2023-04-30,-531466.2239557215,-356656.6932608603,-726617.0411895281
RKO-BASKET  Call-UO  2M  30Δ/H@10Δ,rko_basket,monthly,2023-05-31,319213.4701702187,-37443.22309064167,-407403.5710193095
RKO-BASKET  Call-UO  2M  30Δ/H@10Δ,rko_basket,monthly,2023-06-30,68599.41692127843,31156.193830636774,-338804.15409803105
RKO-BASKET  Call-UO  2M  30Δ/H@10Δ,rko_basket,monthly,2023-07-31,513317.8459497224,544474.0397803591,0.0
RKO-BASKET  Call-UO  2M  30Δ/H@10Δ,rko_basket,monthly,2023-08-31,1190724.5758629525,1735198.6156433115,0.0
RKO-BASKET  Call-UO  2M  30Δ/H@10Δ,rko_basket,monthly,2023-09-30,2313113.523437807,4048312.1390811186,0.0
RKO-BASKET  Call-UO  2M  30Δ/H@10Δ,rko_basket,monthly,2023-10-31,595637.9323947597,4643950.071475878,0.0
RKO-BASKET  Call-UO  2M  30Δ/H@10Δ,rko_basket,monthly,2023-11-30,-494202.9865369589,4149747.0849389187,-558549.1290718517
RKO-BASKET  Call-UO  2M  30Δ/H@10Δ,rko_basket,monthly,2023-12-31,-575323.1684676445,3574423.916471274,-1133872.2975394963
RKO-BASKET  Call-UO  2M  30Δ/H@10Δ,rko_basket,monthly,2024-01-31,-536455.5017126739,3037968.4147586008,-1670327.7992521697
RKO-BASKET  Call-UO  2M  30Δ/H@10Δ,rko_basket,monthly,2024-02-29,667971.8610406122,3705940.275799213,-1002355.9382115575
RKO-BASKET  Call-UO  2M  30Δ/H@10Δ,rko_basket,monthly,2024-03-31,468428.1102530597,4174368.3860522727,-533927.8279584977
RKO-BASKET  Call-UO  2M  30Δ/H@10Δ,rko_basket,monthly,2024-04-30,709768.090392322,4884136.476444593,0.0
RKO-BASKET  Call-UO  2M  30Δ/H@10Δ,rko_basket,monthly,2024-05-31,-247461.16129683628,4636675.315147758,-247461.16129683424
RKO-BASKET  Call-UO  2M  30Δ/H@10Δ,rko_basket,monthly,2024-06-30,-407871.6161599609,4228803.698987798,-655332.7774567949
RKO-BASKET  Call-UO  2M  30Δ/H@10Δ,rko_basket,monthly,2024-07-31,625977.0546722175,4854780.753660014,-29355.7227845788
RKO-BASKET  Call-UO  2M  30Δ/H@10Δ,rko_basket,monthly,2024-08-31,-558350.1098104713,4296430.643849542,-587705.8325950503
RKO-BASKET  Call-UO  2M  30Δ/H@10Δ,rko_basket,monthly,2024-09-30,-559125.260542917,3737305.383306625,-1146831.0931379679
RKO-BASKET  Call-UO  2M  30Δ/H@10Δ,rko_basket,monthly,2024-10-31,-394879.70681082754,3342425.676495797,-1541710.7999487957
RKO-BASKET  Call-UO  2M  30Δ/H@10Δ,rko_basket,monthly,2024-11-30,933878.2725655426,4276303.94906134,-607832.527383253
RKO-BASKET  Call-UO  2M  30Δ/H@10Δ,rko_basket,monthly,2024-12-31,2476271.1942118714,6752575.14327321,0.0
RKO-BASKET  Call-UO  2M  30Δ/H@10Δ,rko_basket,monthly,2025-01-31,1404254.883177759,8156830.026450967,-296970.1666860413
RKO-BASKET  Call-UO  2M  30Δ/H@10Δ,rko_basket,monthly,2025-02-28,-724746.6210590345,7432083.405391932,-1021716.7877450762
RKO-BASKET  Call-UO  2M  30Δ/H@10Δ,rko_basket,monthly,2025-03-31,-612326.099635368,6819757.305756564,-1634042.8873804444
RKO-BASKET  Call-UO  2M  30Δ/H@10Δ,rko_basket,monthly,2025-04-30,-499454.42916119733,6320302.87659537,-2133497.316541639
RKO-BASKET  Call-UO  2M  30Δ/H@10Δ,rko_basket,monthly,2025-05-31,-716260.1338567488,5604042.742738619,-2849757.4503983893
RKO-BASKET  Call-UO  2M  30Δ/H@10Δ,rko_basket,monthly,2025-06-30,-648607.3795115022,4955435.363227117,-3498364.829909892
RKO-BASKET  Call-UO  2M  30Δ/H@10Δ,rko_basket,monthly,2025-07-31,-831560.0232805308,4123875.3399465866,-4329924.853190422
RKO-BASKET  Call-UO  2M  30Δ/H@10Δ,rko_basket,monthly,2025-08-31,1327752.7717910588,5451628.111737646,-3002172.0813993625
RKO-BASKET  Call-UO  2M  30Δ/H@10Δ,rko_basket,monthly,2025-09-30,1937499.5107905674,7389127.622528214,-1064672.5706087947
RKO-BASKET  Call-UO  2M  30Δ/H@10Δ,rko_basket,monthly,2025-10-31,408990.68428621354,7798118.3068144275,-655681.8863225812
RKO-BASKET  Call-UO  2M  30Δ/H@10Δ,rko_basket,monthly,2025-11-30,1643236.980829401,9441355.28764383,0.0
RKO-BASKET  Call-UO  2M  30Δ/H@10Δ,rko_basket,monthly,2025-12-31,1474929.1658217397,10916284.453465568,0.0
RKO-BASKET  Call-UO  2M  30Δ/H@10Δ,rko_basket,monthly,2026-01-31,-134611.64970577203,10781672.803759791,-322712.7949786
RKO-BASKET  Call-UO  2M  30Δ/H@10Δ,rko_basket,monthly,2026-02-28,-685230.7412416553,10096442.062518135,-1007943.5362202562
RKO-BASKET  Call-UO  2M  30Δ/H@10Δ,rko_basket,monthly,2026-03-31,724036.9344395328,10820478.996957667,-283906.6017807238
RKO-BASKET  Call-UO  2M  30Δ/H@10Δ,rko_basket,monthly,2026-04-30,-437764.27800159046,10382714.71895608,-721670.8797823116
RKO-BASKET  Call-UO  2M  30Δ/H@10Δ,rko_basket,monthly,2026-05-31,-39421.390433219676,10343293.32852286,-761092.2702155318
RKO-BASKET  Call-UO  2M  30Δ/H@10Δ,rko_basket,annual,2023-12-31,3574423.916471275,3574423.916471274,-1133872.2975394963
RKO-BASKET  Call-UO  2M  30Δ/H@10Δ,rko_basket,annual,2024-12-31,3178151.2268019384,6752575.14327321,0.0
RKO-BASKET  Call-UO  2M  30Δ/H@10Δ,rko_basket,annual,2025-12-31,4163709.3101923577,10916284.453465568,0.0
RKO-BASKET  Call-UO  2M  30Δ/H@10Δ,rko_basket,annual,2026-12-31,-572991.1249427047,10343293.32852286,-761092.2702155318
RKO-BASKET  Call-UO  2M  30Δ/H@5Δ,rko_basket,monthly,2023-03-31,1180795.0050616127,1180795.0050616127,0.0
RKO-BASKET  Call-UO  2M  30Δ/H@5Δ,rko_basket,monthly,2023-04-30,-413670.3940102873,767124.6110513252,-590349.3432525443
RKO-BASKET  Call-UO  2M  30Δ/H@5Δ,rko_basket,monthly,2023-05-31,1293048.361184628,2060172.9722359532,0.0
RKO-BASKET  Call-UO  2M  30Δ/H@5Δ,rko_basket,monthly,2023-06-30,585250.1563742165,2645423.12861017,-251933.0945944572
RKO-BASKET  Call-UO  2M  30Δ/H@5Δ,rko_basket,monthly,2023-07-31,1221497.9143805315,3866921.0429907017,0.0
RKO-BASKET  Call-UO  2M  30Δ/H@5Δ,rko_basket,monthly,2023-08-31,3558678.235184254,7425599.2781749545,0.0
RKO-BASKET  Call-UO  2M  30Δ/H@5Δ,rko_basket,monthly,2023-09-30,4934860.552321355,12360459.83049631,0.0
RKO-BASKET  Call-UO  2M  30Δ/H@5Δ,rko_basket,monthly,2023-10-31,1173666.057066753,13534125.887563061,0.0
RKO-BASKET  Call-UO  2M  30Δ/H@5Δ,rko_basket,monthly,2023-11-30,-804980.8746337146,12729145.012929348,-825208.4064725619
RKO-BASKET  Call-UO  2M  30Δ/H@5Δ,rko_basket,monthly,2023-12-31,-782742.3356838265,11946402.677245522,-1607950.7421563882
RKO-BASKET  Call-UO  2M  30Δ/H@5Δ,rko_basket,monthly,2024-01-31,-757244.7771736714,11189157.900071852,-2365195.5193300582
RKO-BASKET  Call-UO  2M  30Δ/H@5Δ,rko_basket,monthly,2024-02-29,876431.1559329374,12065589.056004789,-1488764.3633971214
RKO-BASKET  Call-UO  2M  30Δ/H@5Δ,rko_basket,monthly,2024-03-31,136253.63742221595,12201842.693427006,-1352510.7259749044
RKO-BASKET  Call-UO  2M  30Δ/H@5Δ,rko_basket,monthly,2024-04-30,1766565.2189457593,13968407.912372766,0.0
RKO-BASKET  Call-UO  2M  30Δ/H@5Δ,rko_basket,monthly,2024-05-31,74024.38419424623,14042432.296567012,-119246.70953825489
RKO-BASKET  Call-UO  2M  30Δ/H@5Δ,rko_basket,monthly,2024-06-30,-492255.2927283214,13550177.00383869,-611502.0022665765
RKO-BASKET  Call-UO  2M  30Δ/H@5Δ,rko_basket,monthly,2024-07-31,436682.01442641334,13986859.0182651,-174819.98784016632
RKO-BASKET  Call-UO  2M  30Δ/H@5Δ,rko_basket,monthly,2024-08-31,-763043.3175032916,13223815.70076181,-937863.3053434566
RKO-BASKET  Call-UO  2M  30Δ/H@5Δ,rko_basket,monthly,2024-09-30,-800253.7037589416,12423561.997002866,-1738117.0091024004
RKO-BASKET  Call-UO  2M  30Δ/H@5Δ,rko_basket,monthly,2024-10-31,-923524.9348961829,11500037.062106684,-2661641.9439985827
RKO-BASKET  Call-UO  2M  30Δ/H@5Δ,rko_basket,monthly,2024-11-30,2119613.582229939,13619650.64433662,-542028.3617686462
RKO-BASKET  Call-UO  2M  30Δ/H@5Δ,rko_basket,monthly,2024-12-31,5318631.793936166,18938282.438272785,0.0
RKO-BASKET  Call-UO  2M  30Δ/H@5Δ,rko_basket,monthly,2025-01-31,3281636.0737476554,22219918.51202044,-348680.983095333
RKO-BASKET  Call-UO  2M  30Δ/H@5Δ,rko_basket,monthly,2025-02-28,-921344.1878242566,21298574.324196182,-1270025.1709195897
RKO-BASKET  Call-UO  2M  30Δ/H@5Δ,rko_basket,monthly,2025-03-31,-852272.5437297163,20446301.780466467,-2122297.7146493047
RKO-BASKET  Call-UO  2M  30Δ/H@5Δ,rko_basket,monthly,2025-04-30,-806898.4603841419,19639403.32008232,-2929196.17503345
RKO-BASKET  Call-UO  2M  30Δ/H@5Δ,rko_basket,monthly,2025-05-31,-1114189.0338570832,18525214.286225244,-4043385.2088905275
RKO-BASKET  Call-UO  2M  30Δ/H@5Δ,rko_basket,monthly,2025-06-30,-1090252.100980313,17434962.18524493,-5133637.309870843
RKO-BASKET  Call-UO  2M  30Δ/H@5Δ,rko_basket,monthly,2025-07-31,-1629916.6339477268,15805045.5512972,-6763553.943818571
RKO-BASKET  Call-UO  2M  30Δ/H@5Δ,rko_basket,monthly,2025-08-31,736087.0160616186,16541132.56735882,-6027466.927756952
RKO-BASKET  Call-UO  2M  30Δ/H@5Δ,rko_basket,monthly,2025-09-30,5154116.832998677,21695249.400357496,-873350.0947582759
RKO-BASKET  Call-UO  2M  30Δ/H@5Δ,rko_basket,monthly,2025-10-31,-111019.76743879996,21584229.632918697,-984369.862197075
RKO-BASKET  Call-UO  2M  30Δ/H@5Δ,rko_basket,monthly,2025-11-30,2441286.3912580945,24025516.02417679,0.0
RKO-BASKET  Call-UO  2M  30Δ/H@5Δ,rko_basket,monthly,2025-12-31,1326076.022629079,25351592.04680587,0.0
RKO-BASKET  Call-UO  2M  30Δ/H@5Δ,rko_basket,monthly,2026-01-31,1056669.9340719264,26408261.980877794,0.0
RKO-BASKET  Call-UO  2M  30Δ/H@5Δ,rko_basket,monthly,2026-02-28,-1050062.8732187538,25358199.10765904,-1050062.8732187562
RKO-BASKET  Call-UO  2M  30Δ/H@5Δ,rko_basket,monthly,2026-03-31,876594.8777876031,26234793.98544664,-173467.99543115497
RKO-BASKET  Call-UO  2M  30Δ/H@5Δ,rko_basket,monthly,2026-04-30,-319354.97099111177,25915439.014455535,-492822.9664222598
RKO-BASKET  Call-UO  2M  30Δ/H@5Δ,rko_basket,monthly,2026-05-31,177030.40893887982,26092469.423394416,-315792.5574833788
RKO-BASKET  Call-UO  2M  30Δ/H@5Δ,rko_basket,annual,2023-12-31,11946402.677245522,11946402.677245522,-1607950.7421563882
RKO-BASKET  Call-UO  2M  30Δ/H@5Δ,rko_basket,annual,2024-12-31,6991879.761027268,18938282.438272785,0.0
RKO-BASKET  Call-UO  2M  30Δ/H@5Δ,rko_basket,annual,2025-12-31,6413309.608533086,25351592.04680587,0.0
RKO-BASKET  Call-UO  2M  30Δ/H@5Δ,rko_basket,annual,2026-12-31,740877.3765885435,26092469.423394416,-315792.5574833788
RKO-BASKET  Call-UO  1M  ATM/H@20Δ,rko_basket,monthly,2023-02-28,509031.08990671113,509031.089906711,-6842.275612429366
RKO-BASKET  Call-UO  1M  ATM/H@20Δ,rko_basket,monthly,2023-03-31,-787855.1741182696,-278824.0842115586,-794697.449730699
RKO-BASKET  Call-UO  1M  ATM/H@20Δ,rko_basket,monthly,2023-04-30,512753.686858098,233929.60264653945,-281943.7628726009
RKO-BASKET  Call-UO  1M  ATM/H@20Δ,rko_basket,monthly,2023-05-31,1943387.6791668427,2177317.281813382,-42250.23109458154
RKO-BASKET  Call-UO  1M  ATM/H@20Δ,rko_basket,monthly,2023-06-30,6062.278606269421,2183379.5604196517,-36187.95248831203
RKO-BASKET  Call-UO  1M  ATM/H@20Δ,rko_basket,monthly,2023-07-31,-401132.0044894225,1782247.555930229,-437319.9569777348
RKO-BASKET  Call-UO  1M  ATM/H@20Δ,rko_basket,monthly,2023-08-31,-319983.17153057794,1462264.384399651,-757303.1285083126
RKO-BASKET  Call-UO  1M  ATM/H@20Δ,rko_basket,monthly,2023-09-30,1628062.2052287688,3090326.5896284194,0.0
RKO-BASKET  Call-UO  1M  ATM/H@20Δ,rko_basket,monthly,2023-10-31,818548.1049912747,3908874.694619694,0.0
RKO-BASKET  Call-UO  1M  ATM/H@20Δ,rko_basket,monthly,2023-11-30,-492635.09961833316,3416239.59500136,-573637.8739602831
RKO-BASKET  Call-UO  1M  ATM/H@20Δ,rko_basket,monthly,2023-12-31,-697956.754835489,2718282.84016587,-1271594.6287957733
RKO-BASKET  Call-UO  1M  ATM/H@20Δ,rko_basket,monthly,2024-01-31,-185061.57562098952,2533221.2645448796,-1456656.2044167635
RKO-BASKET  Call-UO  1M  ATM/H@20Δ,rko_basket,monthly,2024-02-29,1153514.1179198928,3686735.3824647726,-303142.0864968705
RKO-BASKET  Call-UO  1M  ATM/H@20Δ,rko_basket,monthly,2024-03-31,261166.8621977247,3947902.244662497,-41975.22429914586
RKO-BASKET  Call-UO  1M  ATM/H@20Δ,rko_basket,monthly,2024-04-30,-563894.4954319543,3384007.7492305436,-605869.7197310994
RKO-BASKET  Call-UO  1M  ATM/H@20Δ,rko_basket,monthly,2024-05-31,-576727.649022606,2807280.1002079374,-1182597.3687537056
RKO-BASKET  Call-UO  1M  ATM/H@20Δ,rko_basket,monthly,2024-06-30,705693.3035191474,3512973.4037270844,-476904.06523455866
RKO-BASKET  Call-UO  1M  ATM/H@20Δ,rko_basket,monthly,2024-07-31,482635.4077335745,3995608.8114606594,-7726.339152007364
RKO-BASKET  Call-UO  1M  ATM/H@20Δ,rko_basket,monthly,2024-08-31,-133812.47519609448,3861796.3362645647,-241272.8195851273
RKO-BASKET  Call-UO  1M  ATM/H@20Δ,rko_basket,monthly,2024-09-30,-841080.7110063466,3020715.6252582176,-1082353.5305914744
RKO-BASKET  Call-UO  1M  ATM/H@20Δ,rko_basket,monthly,2024-10-31,741043.6251663025,3761759.25042452,-341309.90542517183
RKO-BASKET  Call-UO  1M  ATM/H@20Δ,rko_basket,monthly,2024-11-30,2480621.5233160346,6242380.773740554,0.0
RKO-BASKET  Call-UO  1M  ATM/H@20Δ,rko_basket,monthly,2024-12-31,2045898.734316392,8288279.508056948,0.0
RKO-BASKET  Call-UO  1M  ATM/H@20Δ,rko_basket,monthly,2025-01-31,-203472.48843228156,8084807.019624668,-380418.22677052487
RKO-BASKET  Call-UO  1M  ATM/H@20Δ,rko_basket,monthly,2025-02-28,-847427.0233682127,7237379.996256454,-1227845.2501387391
RKO-BASKET  Call-UO  1M  ATM/H@20Δ,rko_basket,monthly,2025-03-31,325094.75541013794,7562474.75166659,-902750.4947286034
RKO-BASKET  Call-UO  1M  ATM/H@20Δ,rko_basket,monthly,2025-04-30,-691020.3388969898,6871454.4127696,-1593770.8336255932
RKO-BASKET  Call-UO  1M  ATM/H@20Δ,rko_basket,monthly,2025-05-31,-847190.8781932459,6024263.534576354,-2440961.7118188394
RKO-BASKET  Call-UO  1M  ATM/H@20Δ,rko_basket,monthly,2025-06-30,-719084.6419446694,5305178.892631683,-3160046.3537635105
RKO-BASKET  Call-UO  1M  ATM/H@20Δ,rko_basket,monthly,2025-07-31,-15971.332896615408,5289207.559735068,-3176017.686660125
RKO-BASKET  Call-UO  1M  ATM/H@20Δ,rko_basket,monthly,2025-08-31,-723326.1785287247,4565881.381206344,-3899343.865188849
RKO-BASKET  Call-UO  1M  ATM/H@20Δ,rko_basket,monthly,2025-09-30,336168.0894811522,4902049.4706874965,-3563175.7757076966
RKO-BASKET  Call-UO  1M  ATM/H@20Δ,rko_basket,monthly,2025-10-31,1351095.5272919245,6253144.997979419,-2212080.2484157737
RKO-BASKET  Call-UO  1M  ATM/H@20Δ,rko_basket,monthly,2025-11-30,616441.7151881431,6869586.71316756,-1595638.5332276328
RKO-BASKET  Call-UO  1M  ATM/H@20Δ,rko_basket,monthly,2025-12-31,-31640.052635472013,6837946.660532089,-1627278.585863104
RKO-BASKET  Call-UO  1M  ATM/H@20Δ,rko_basket,monthly,2026-01-31,159213.323495241,6997159.984027331,-1468065.2623678623
RKO-BASKET  Call-UO  1M  ATM/H@20Δ,rko_basket,monthly,2026-02-28,-695248.7945244774,6301911.189502855,-2163314.056892338
RKO-BASKET  Call-UO  1M  ATM/H@20Δ,rko_basket,monthly,2026-03-31,-195535.78519367098,6106375.404309182,-2358849.8420860106
RKO-BASKET  Call-UO  1M  ATM/H@20Δ,rko_basket,monthly,2026-04-30,-860131.8005041311,5246243.603805052,-3218981.642590141
RKO-BASKET  Call-UO  1M  ATM/H@20Δ,rko_basket,monthly,2026-05-31,5701.39693092175,5251945.000735974,-3213280.245659219
RKO-BASKET  Call-UO  1M  ATM/H@20Δ,rko_basket,annual,2023-12-31,2718282.8401658726,2718282.84016587,-1271594.6287957733
RKO-BASKET  Call-UO  1M  ATM/H@20Δ,rko_basket,annual,2024-12-31,5569996.667891078,8288279.508056948,0.0
RKO-BASKET  Call-UO  1M  ATM/H@20Δ,rko_basket,annual,2025-12-31,-1450332.847524854,6837946.660532089,-1627278.585863104
RKO-BASKET  Call-UO  1M  ATM/H@20Δ,rko_basket,annual,2026-12-31,-1586001.6597961169,5251945.000735974,-3213280.245659219
RKO-BASKET  Call-UO  1M  ATM/H@15Δ,rko_basket,monthly,2023-02-28,1426659.4952374666,1426659.4952374664,0.0
RKO-BASKET  Call-UO  1M  ATM/H@15Δ,rko_basket,monthly,2023-03-31,-918205.4821637525,508454.01307371387,-918205.4821637525
RKO-BASKET  Call-UO  1M  ATM/H@15Δ,rko_basket,monthly,2023-04-30,53155.01024635363,561609.0233200674,-865050.471917399
RKO-BASKET  Call-UO  1M  ATM/H@15Δ,rko_basket,monthly,2023-05-31,2770409.1421871916,3332018.165507259,0.0
RKO-BASKET  Call-UO  1M  ATM/H@15Δ,rko_basket,monthly,2023-06-30,153766.99701040215,3485785.1625176608,0.0
RKO-BASKET  Call-UO  1M  ATM/H@15Δ,rko_basket,monthly,2023-07-31,-437584.0463083689,3048201.1162092914,-618248.1560367295
RKO-BASKET  Call-UO  1M  ATM/H@15Δ,rko_basket,monthly,2023-08-31,798762.185312283,3846963.301521574,-156167.99505871627
RKO-BASKET  Call-UO  1M  ATM/H@15Δ,rko_basket,monthly,2023-09-30,1863738.505542134,5710701.807063709,0.0
RKO-BASKET  Call-UO  1M  ATM/H@15Δ,rko_basket,monthly,2023-10-31,1646769.7805594003,7357471.587623109,0.0
RKO-BASKET  Call-UO  1M  ATM/H@15Δ,rko_basket,monthly,2023-11-30,-912324.8335816683,6445146.754041441,-979346.6603648607
RKO-BASKET  Call-UO  1M  ATM/H@15Δ,rko_basket,monthly,2023-12-31,-1098638.6067794804,5346508.147261961,-2077985.26714434
RKO-BASKET  Call-UO  1M  ATM/H@15Δ,rko_basket,monthly,2024-01-31,183098.10599705274,5529606.253259014,-1894887.161147287
RKO-BASKET  Call-UO  1M  ATM/H@15Δ,rko_basket,monthly,2024-02-29,1920706.496330187,7450312.7495892,0.0
RKO-BASKET  Call-UO  1M  ATM/H@15Δ,rko_basket,monthly,2024-03-31,606229.6509916061,8056542.400580807,0.0
RKO-BASKET  Call-UO  1M  ATM/H@15Δ,rko_basket,monthly,2024-04-30,-678435.0520964876,7378107.348484318,-772871.0907915207
RKO-BASKET  Call-UO  1M  ATM/H@15Δ,rko_basket,monthly,2024-05-31,-839429.2400922978,6538678.108392019,-1612300.3308838196
RKO-BASKET  Call-UO  1M  ATM/H@15Δ,rko_basket,monthly,2024-06-30,1593972.7479758514,8132650.856367868,-18327.582907970063
RKO-BASKET  Call-UO  1M  ATM/H@15Δ,rko_basket,monthly,2024-07-31,1249600.9185524755,9382251.774920342,0.0
RKO-BASKET  Call-UO  1M  ATM/H@15Δ,rko_basket,monthly,2024-08-31,-296484.7249248818,9085767.049995461,-465648.16809845343
RKO-BASKET  Call-UO  1M  ATM/H@15Δ,rko_basket,monthly,2024-09-30,-1359691.8732783878,7726075.1767170755,-1825340.0413768394
RKO-BASKET  Call-UO  1M  ATM/H@15Δ,rko_basket,monthly,2024-10-31,496136.0243886001,8222211.201105676,-1329204.0169882393
RKO-BASKET  Call-UO  1M  ATM/H@15Δ,rko_basket,monthly,2024-11-30,3863924.4996250486,12086135.700730724,0.0
RKO-BASKET  Call-UO  1M  ATM/H@15Δ,rko_basket,monthly,2024-12-31,3069522.4818834215,15155658.182614148,0.0
RKO-BASKET  Call-UO  1M  ATM/H@15Δ,rko_basket,monthly,2025-01-31,769800.5039117393,15925458.686525889,-212528.26722306572
RKO-BASKET  Call-UO  1M  ATM/H@15Δ,rko_basket,monthly,2025-02-28,-1294194.5497738093,14631264.136752078,-1506722.8169968762
RKO-BASKET  Call-UO  1M  ATM/H@15Δ,rko_basket,monthly,2025-03-31,12815.270604092846,14644079.407356171,-1493907.5463927835
RKO-BASKET  Call-UO  1M  ATM/H@15Δ,rko_basket,monthly,2025-04-30,-704771.3872597213,13939308.020096451,-2198678.9336525034
RKO-BASKET  Call-UO  1M  ATM/H@15Δ,rko_basket,monthly,2025-05-31,-1304460.1021586463,12634847.9179378,-3503139.035811154
RKO-BASKET  Call-UO  1M  ATM/H@15Δ,rko_basket,monthly,2025-06-30,-1122174.132086614,11512673.785851186,-4625313.167897768
RKO-BASKET  Call-UO  1M  ATM/H@15Δ,rko_basket,monthly,2025-07-31,-453644.7620765404,11059029.023774646,-5078957.929974308
RKO-BASKET  Call-UO  1M  ATM/H@15Δ,rko_basket,monthly,2025-08-31,305674.3470673417,11364703.370841987,-4773283.582906967
RKO-BASKET  Call-UO  1M  ATM/H@15Δ,rko_basket,monthly,2025-09-30,595736.3517237188,11960439.722565705,-4177547.2311832495
RKO-BASKET  Call-UO  1M  ATM/H@15Δ,rko_basket,monthly,2025-10-31,2138720.1784665436,14099159.90103225,-2038827.052716704
RKO-BASKET  Call-UO  1M  ATM/H@15Δ,rko_basket,monthly,2025-11-30,1538688.2242981514,15637848.125330403,-500138.828418551
RKO-BASKET  Call-UO  1M  ATM/H@15Δ,rko_basket,monthly,2025-12-31,-90185.36891814935,15547662.75641225,-590324.1973367035
RKO-BASKET  Call-UO  1M  ATM/H@15Δ,rko_basket,monthly,2026-01-31,-349682.4951466295,15197980.261265619,-940006.6924833357
RKO-BASKET  Call-UO  1M  ATM/H@15Δ,rko_basket,monthly,2026-02-28,-1108403.8456401487,14089576.41562547,-2048410.5381234847
RKO-BASKET  Call-UO  1M  ATM/H@15Δ,rko_basket,monthly,2026-03-31,33956.596920899756,14123533.012546374,-2014453.941202581
RKO-BASKET  Call-UO  1M  ATM/H@15Δ,rko_basket,monthly,2026-04-30,-1055151.7381960105,13068381.274350364,-3069605.6793985907
RKO-BASKET  Call-UO  1M  ATM/H@15Δ,rko_basket,monthly,2026-05-31,-76865.41571470656,12991515.858635657,-3146471.095113298
RKO-BASKET  Call-UO  1M  ATM/H@15Δ,rko_basket,annual,2023-12-31,5346508.147261961,5346508.147261961,-2077985.26714434
RKO-BASKET  Call-UO  1M  ATM/H@15Δ,rko_basket,annual,2024-12-31,9809150.035352187,15155658.182614148,0.0
RKO-BASKET  Call-UO  1M  ATM/H@15Δ,rko_basket,annual,2025-12-31,392004.573798107,15547662.75641225,-590324.1973367035
RKO-BASKET  Call-UO  1M  ATM/H@15Δ,rko_basket,annual,2026-12-31,-2556146.897776596,12991515.858635657,-3146471.095113298
RKO-BASKET  Call-UO  1M  ATM/H@10Δ,rko_basket,monthly,2023-02-28,3317195.9121128265,3317195.9121128265,0.0
RKO-BASKET  Call-UO  1M  ATM/H@10Δ,rko_basket,monthly,2023-03-31,11864.39846645674,3329060.3105792827,-545599.0657092724
RKO-BASKET  Call-UO  1M  ATM/H@10Δ,rko_basket,monthly,2023-04-30,-282383.92175620113,3046676.3888230813,-827982.9874654738
RKO-BASKET  Call-UO  1M  ATM/H@10Δ,rko_basket,monthly,2023-05-31,3040850.127958148,6087526.51678123,0.0
RKO-BASKET  Call-UO  1M  ATM/H@10Δ,rko_basket,monthly,2023-06-30,-98929.50916970632,5988597.007611525,-134281.15662534256
RKO-BASKET  Call-UO  1M  ATM/H@10Δ,rko_basket,monthly,2023-07-31,-241840.207102098,5746756.800509428,-616306.2177632479
RKO-BASKET  Call-UO  1M  ATM/H@10Δ,rko_basket,monthly,2023-08-31,1925901.2006374744,7672658.001146901,0.0
RKO-BASKET  Call-UO  1M  ATM/H@10Δ,rko_basket,monthly,2023-09-30,2525793.8033328033,10198451.804479703,0.0
RKO-BASKET  Call-UO  1M  ATM/H@10Δ,rko_basket,monthly,2023-10-31,1828082.5400860936,12026534.344565801,0.0
RKO-BASKET  Call-UO  1M  ATM/H@10Δ,rko_basket,monthly,2023-11-30,-1352991.419302811,10673542.92526299,-1403798.147403393
RKO-BASKET  Call-UO  1M  ATM/H@10Δ,rko_basket,monthly,2023-12-31,-1530720.94177491,9142821.983488077,-2934519.089178305
RKO-BASKET  Call-UO  1M  ATM/H@10Δ,rko_basket,monthly,2024-01-31,980808.0144468652,10123629.997934947,-1953711.0747314356
RKO-BASKET  Call-UO  1M  ATM/H@10Δ,rko_basket,monthly,2024-02-29,2175996.2793590785,12299626.277294023,0.0
RKO-BASKET  Call-UO  1M  ATM/H@10Δ,rko_basket,monthly,2024-03-31,832754.7473384829,13132381.024632508,0.0
RKO-BASKET  Call-UO  1M  ATM/H@10Δ,rko_basket,monthly,2024-04-30,-158368.20469541504,12974012.819937093,-544295.7028711215
RKO-BASKET  Call-UO  1M  ATM/H@10Δ,rko_basket,monthly,2024-05-31,-865659.5585697246,12108353.261367364,-1409955.2614408508
RKO-BASKET  Call-UO  1M  ATM/H@10Δ,rko_basket,monthly,2024-06-30,1652697.5949342246,13761050.856301587,0.0
RKO-BASKET  Call-UO  1M  ATM/H@10Δ,rko_basket,monthly,2024-07-31,1688649.5787146213,15449700.435016211,0.0
RKO-BASKET  Call-UO  1M  ATM/H@10Δ,rko_basket,monthly,2024-08-31,-663174.5646087058,14786525.870407505,-744502.1680349242
RKO-BASKET  Call-UO  1M  ATM/H@10Δ,rko_basket,monthly,2024-09-30,-1987533.294961051,12798992.575446455,-2732035.4629959743
RKO-BASKET  Call-UO  1M  ATM/H@10Δ,rko_basket,monthly,2024-10-31,1002334.9027705834,13801327.478217037,-1729700.5602253918
RKO-BASKET  Call-UO  1M  ATM/H@10Δ,rko_basket,monthly,2024-11-30,4848838.827885925,18650166.306102958,0.0
RKO-BASKET  Call-UO  1M  ATM/H@10Δ,rko_basket,monthly,2024-12-31,4578097.684979587,23228263.991082545,0.0
RKO-BASKET  Call-UO  1M  ATM/H@10Δ,rko_basket,monthly,2025-01-31,2464490.3462016294,25692754.337284178,-469185.5137479231
RKO-BASKET  Call-UO  1M  ATM/H@10Δ,rko_basket,monthly,2025-02-28,-1667204.9770589974,24025549.360225182,-2136390.4908069186
RKO-BASKET  Call-UO  1M  ATM/H@10Δ,rko_basket,monthly,2025-03-31,-414388.6162311841,23611160.743994005,-2550779.1070380956
RKO-BASKET  Call-UO  1M  ATM/H@10Δ,rko_basket,monthly,2025-04-30,-1078171.2617982354,22532989.482195772,-3628950.3688363284
RKO-BASKET  Call-UO  1M  ATM/H@10Δ,rko_basket,monthly,2025-05-31,-1970572.7116848147,20562416.770510964,-5599523.0805211365
RKO-BASKET  Call-UO  1M  ATM/H@10Δ,rko_basket,monthly,2025-06-30,-1874427.7218339224,18687989.04867704,-7473950.802355062
RKO-BASKET  Call-UO  1M  ATM/H@10Δ,rko_basket,monthly,2025-07-31,-990961.6285784205,17697027.420098618,-8464912.430933483
RKO-BASKET  Call-UO  1M  ATM/H@10Δ,rko_basket,monthly,2025-08-31,2820942.532123809,20517969.952222425,-5643969.898809675
RKO-BASKET  Call-UO  1M  ATM/H@10Δ,rko_basket,monthly,2025-09-30,2083775.5711799397,22601745.523402367,-3560194.327629734
RKO-BASKET  Call-UO  1M  ATM/H@10Δ,rko_basket,monthly,2025-10-31,1968222.1050366934,24569967.628439058,-1591972.222593043
RKO-BASKET  Call-UO  1M  ATM/H@10Δ,rko_basket,monthly,2025-11-30,2291697.2518831836,26861664.880322233,0.0
RKO-BASKET  Call-UO  1M  ATM/H@10Δ,rko_basket,monthly,2025-12-31,-151410.13160781396,26710254.748714425,-567080.5077561773
RKO-BASKET  Call-UO  1M  ATM/H@10Δ,rko_basket,monthly,2026-01-31,-614698.9273005065,26095555.82141392,-1181779.4350566827
RKO-BASKET  Call-UO  1M  ATM/H@10Δ,rko_basket,monthly,2026-02-28,-1586824.4296510646,24508731.391762856,-2768603.8647077456
RKO-BASKET  Call-UO  1M  ATM/H@10Δ,rko_basket,monthly,2026-03-31,-84691.91979980642,24424039.471963044,-2853295.7845075577
RKO-BASKET  Call-UO  1M  ATM/H@10Δ,rko_basket,monthly,2026-04-30,-1106050.155536557,23317989.31642649,-3959345.9400441125
RKO-BASKET  Call-UO  1M  ATM/H@10Δ,rko_basket,monthly,2026-05-31,-75303.18172087666,23242686.13470561,-4034649.1217649914
RKO-BASKET  Call-UO  1M  ATM/H@10Δ,rko_basket,annual,2023-12-31,9142821.983488075,9142821.983488077,-2934519.089178305
RKO-BASKET  Call-UO  1M  ATM/H@10Δ,rko_basket,annual,2024-12-31,14085442.007594472,23228263.991082545,0.0
RKO-BASKET  Call-UO  1M  ATM/H@10Δ,rko_basket,annual,2025-12-31,3481990.7576318663,26710254.748714425,-567080.5077561773
RKO-BASKET  Call-UO  1M  ATM/H@10Δ,rko_basket,annual,2026-12-31,-3467568.614008811,23242686.13470561,-4034649.1217649914
RKO-BASKET  Call-UO  1M  ATM/H@5Δ,rko_basket,monthly,2023-02-28,3256413.5391054144,3256413.539105414,0.0
RKO-BASKET  Call-UO  1M  ATM/H@5Δ,rko_basket,monthly,2023-03-31,2025434.219258121,5281847.758363535,-716168.3631359097
RKO-BASKET  Call-UO  1M  ATM/H@5Δ,rko_basket,monthly,2023-04-30,-867395.3235512194,4414452.434812316,-1583563.6866871286
RKO-BASKET  Call-UO  1M  ATM/H@5Δ,rko_basket,monthly,2023-05-31,3507213.501521766,7921665.936334083,0.0
RKO-BASKET  Call-UO  1M  ATM/H@5Δ,rko_basket,monthly,2023-06-30,1583021.0600515038,9504686.996385586,0.0
RKO-BASKET  Call-UO  1M  ATM/H@5Δ,rko_basket,monthly,2023-07-31,1894563.7008277276,11399250.697213313,-323856.4026239887
RKO-BASKET  Call-UO  1M  ATM/H@5Δ,rko_basket,monthly,2023-08-31,3889269.397859594,15288520.095072906,0.0
RKO-BASKET  Call-UO  1M  ATM/H@5Δ,rko_basket,monthly,2023-09-30,3312298.5993359075,18600818.69440881,0.0
RKO-BASKET  Call-UO  1M  ATM/H@5Δ,rko_basket,monthly,2023-10-31,1808652.7143072195,20409471.40871603,0.0
RKO-BASKET  Call-UO  1M  ATM/H@5Δ,rko_basket,monthly,2023-11-30,-1755204.9062357368,18654266.502480287,-1788082.2998838723
RKO-BASKET  Call-UO  1M  ATM/H@5Δ,rko_basket,monthly,2023-12-31,-1897530.321623186,16756736.180857098,-3685612.6215070616
RKO-BASKET  Call-UO  1M  ATM/H@5Δ,rko_basket,monthly,2024-01-31,1422304.8213114562,18179041.002168555,-2263307.8001956046
RKO-BASKET  Call-UO  1M  ATM/H@5Δ,rko_basket,monthly,2024-02-29,2033629.3653088417,20212670.3674774,-229678.434886761
RKO-BASKET  Call-UO  1M  ATM/H@5Δ,rko_basket,monthly,2024-03-31,991152.3737745063,21203822.74125191,0.0
RKO-BASKET  Call-UO  1M  ATM/H@5Δ,rko_basket,monthly,2024-04-30,2685437.4086259496,23889260.149877857,0.0
RKO-BASKET  Call-UO  1M  ATM/H@5Δ,rko_basket,monthly,2024-05-31,-69254.99692742358,23820005.152950432,-775475.255687885
RKO-BASKET  Call-UO  1M  ATM/H@5Δ,rko_basket,monthly,2024-06-30,1457816.1350367346,25277821.287987165,0.0
RKO-BASKET  Call-UO  1M  ATM/H@5Δ,rko_basket,monthly,2024-07-31,1525766.9869321638,26803588.274919327,0.0
RKO-BASKET  Call-UO  1M  ATM/H@5Δ,rko_basket,monthly,2024-08-31,-920597.9646880162,25882990.310231313,-965566.9502260573
RKO-BASKET  Call-UO  1M  ATM/H@5Δ,rko_basket,monthly,2024-09-30,-2662235.915970604,23220754.394260712,-3627802.8661966585
RKO-BASKET  Call-UO  1M  ATM/H@5Δ,rko_basket,monthly,2024-10-31,1328520.62512766,24549275.019388378,-2299282.2410689928
RKO-BASKET  Call-UO  1M  ATM/H@5Δ,rko_basket,monthly,2024-11-30,6274109.499221872,30823384.51861025,0.0
RKO-BASKET  Call-UO  1M  ATM/H@5Δ,rko_basket,monthly,2024-12-31,4731772.3724038815,35555156.89101413,0.0
RKO-BASKET  Call-UO  1M  ATM/H@5Δ,rko_basket,monthly,2025-01-31,4380669.332792245,39935826.223806374,-599170.1879333928
RKO-BASKET  Call-UO  1M  ATM/H@5Δ,rko_basket,monthly,2025-02-28,-1592500.9423824064,38343325.28142396,-2191671.130315803
RKO-BASKET  Call-UO  1M  ATM/H@5Δ,rko_basket,monthly,2025-03-31,-918569.9050729594,37424755.37635101,-3110241.0353887603
RKO-BASKET  Call-UO  1M  ATM/H@5Δ,rko_basket,monthly,2025-04-30,-1623808.4058167406,35800946.97053428,-4734049.441205487
RKO-BASKET  Call-UO  1M  ATM/H@5Δ,rko_basket,monthly,2025-05-31,-2693645.3461678885,33107301.624366388,-7427694.787373379
RKO-BASKET  Call-UO  1M  ATM/H@5Δ,rko_basket,monthly,2025-06-30,-2987074.2559146327,30120227.368451763,-10414769.043288004
RKO-BASKET  Call-UO  1M  ATM/H@5Δ,rko_basket,monthly,2025-07-31,-433536.909388039,29686690.459063724,-10848305.952676043
RKO-BASKET  Call-UO  1M  ATM/H@5Δ,rko_basket,monthly,2025-08-31,6660257.264699707,36346947.72376343,-4188048.687976338
RKO-BASKET  Call-UO  1M  ATM/H@5Δ,rko_basket,monthly,2025-09-30,1459581.0262165423,37806528.749979965,-2728467.661759801
RKO-BASKET  Call-UO  1M  ATM/H@5Δ,rko_basket,monthly,2025-10-31,2470168.7930303197,40276697.543010294,-258298.86872947216
RKO-BASKET  Call-UO  1M  ATM/H@5Δ,rko_basket,monthly,2025-11-30,3359045.296321382,43635742.83933168,0.0
RKO-BASKET  Call-UO  1M  ATM/H@5Δ,rko_basket,monthly,2025-12-31,-38171.64156632028,43597571.19776535,-753576.8118035048
RKO-BASKET  Call-UO  1M  ATM/H@5Δ,rko_basket,monthly,2026-01-31,-440839.9779583109,43156731.21980702,-1194416.7897618338
RKO-BASKET  Call-UO  1M  ATM/H@5Δ,rko_basket,monthly,2026-02-28,-1961740.8224002784,41194990.39740673,-3156157.612162128
RKO-BASKET  Call-UO  1M  ATM/H@5Δ,rko_basket,monthly,2026-03-31,2314492.4947868865,43509482.89219361,-841665.1173752472
RKO-BASKET  Call-UO  1M  ATM/H@5Δ,rko_basket,monthly,2026-04-30,-1083575.1956620414,42425907.69653159,-1925240.3130372688
RKO-BASKET  Call-UO  1M  ATM/H@5Δ,rko_basket,monthly,2026-05-31,-148006.30854389965,42277901.38798768,-2073246.6215811744
RKO-BASKET  Call-UO  1M  ATM/H@5Δ,rko_basket,annual,2023-12-31,16756736.18085711,16756736.180857098,-3685612.6215070616
RKO-BASKET  Call-UO  1M  ATM/H@5Δ,rko_basket,annual,2024-12-31,18798420.710157022,35555156.89101413,0.0
RKO-BASKET  Call-UO  1M  ATM/H@5Δ,rko_basket,annual,2025-12-31,8042414.306751209,43597571.19776535,-753576.8118035048
RKO-BASKET  Call-UO  1M  ATM/H@5Δ,rko_basket,annual,2026-12-31,-1319669.8097776438,42277901.38798768,-2073246.6215811744
RKO-BASKET  Call-UO  1M  45Δ/H@20Δ,rko_basket,monthly,2023-02-28,447164.3929566881,447164.3929566882,0.0
RKO-BASKET  Call-UO  1M  45Δ/H@20Δ,rko_basket,monthly,2023-03-31,-589153.4781711895,-141989.08521450136,-589304.9521210252
RKO-BASKET  Call-UO  1M  45Δ/H@20Δ,rko_basket,monthly,2023-04-30,286683.24478448235,144694.15956998107,-302621.70733654266
RKO-BASKET  Call-UO  1M  45Δ/H@20Δ,rko_basket,monthly,2023-05-31,1387504.499926552,1532198.659496533,-30753.000958484365
RKO-BASKET  Call-UO  1M  45Δ/H@20Δ,rko_basket,monthly,2023-06-30,-48704.462914289325,1483494.1965822438,-79457.46387277357
RKO-BASKET  Call-UO  1M  45Δ/H@20Δ,rko_basket,monthly,2023-07-31,-307731.6806809424,1175762.5159013015,-387189.1445537158
RKO-BASKET  Call-UO  1M  45Δ/H@20Δ,rko_basket,monthly,2023-08-31,-257086.47235967795,918676.0435416236,-644275.6169133937
RKO-BASKET  Call-UO  1M  45Δ/H@20Δ,rko_basket,monthly,2023-09-30,1055029.244882452,1973705.2884240756,0.0
RKO-BASKET  Call-UO  1M  45Δ/H@20Δ,rko_basket,monthly,2023-10-31,393450.6783182147,2367155.9667422906,0.0
RKO-BASKET  Call-UO  1M  45Δ/H@20Δ,rko_basket,monthly,2023-11-30,-496541.91500192706,1870614.0517403642,-537603.0136176925
RKO-BASKET  Call-UO  1M  45Δ/H@20Δ,rko_basket,monthly,2023-12-31,-566823.926236058,1303790.1255043063,-1104426.9398537504
RKO-BASKET  Call-UO  1M  45Δ/H@20Δ,rko_basket,monthly,2024-01-31,-211435.18855808937,1092354.9369462167,-1315862.12841184
RKO-BASKET  Call-UO  1M  45Δ/H@20Δ,rko_basket,monthly,2024-02-29,766367.583772908,1858722.5207191247,-549494.544638932
RKO-BASKET  Call-UO  1M  45Δ/H@20Δ,rko_basket,monthly,2024-03-31,138402.28942994968,1997124.8101490743,-411092.2552089824
RKO-BASKET  Call-UO  1M  45Δ/H@20Δ,rko_basket,monthly,2024-04-30,-441504.4996740218,1555620.3104750526,-852596.7548830041
RKO-BASKET  Call-UO  1M  45Δ/H@20Δ,rko_basket,monthly,2024-05-31,-472994.47061923845,1082625.8398558137,-1325591.225502243
RKO-BASKET  Call-UO  1M  45Δ/H@20Δ,rko_basket,monthly,2024-06-30,514954.78720003087,1597580.6270558445,-810636.4383022122
RKO-BASKET  Call-UO  1M  45Δ/H@20Δ,rko_basket,monthly,2024-07-31,303798.28296797344,1901378.9100238185,-506838.1553342382
RKO-BASKET  Call-UO  1M  45Δ/H@20Δ,rko_basket,monthly,2024-08-31,-108387.47803904617,1792991.4319847722,-615225.6333732845
RKO-BASKET  Call-UO  1M  45Δ/H@20Δ,rko_basket,monthly,2024-09-30,-614607.1471599174,1178384.284824855,-1229832.7805332018
RKO-BASKET  Call-UO  1M  45Δ/H@20Δ,rko_basket,monthly,2024-10-31,395356.0488092411,1573740.3336340964,-834476.7317239603
RKO-BASKET  Call-UO  1M  45Δ/H@20Δ,rko_basket,monthly,2024-11-30,1880897.7143899791,3454638.048024075,0.0
RKO-BASKET  Call-UO  1M  45Δ/H@20Δ,rko_basket,monthly,2024-12-31,1495569.5658204071,4950207.613844483,0.0
RKO-BASKET  Call-UO  1M  45Δ/H@20Δ,rko_basket,monthly,2025-01-31,-125237.011433262,4824970.602411223,-275246.9399870448
RKO-BASKET  Call-UO  1M  45Δ/H@20Δ,rko_basket,monthly,2025-02-28,-647661.5514704491,4177309.050940774,-922908.4914574935
RKO-BASKET  Call-UO  1M  45Δ/H@20Δ,rko_basket,monthly,2025-03-31,166493.34111662125,4343802.392057396,-756415.1503408719
RKO-BASKET  Call-UO  1M  45Δ/H@20Δ,rko_basket,monthly,2025-04-30,-522874.4082274582,3820927.983829939,-1279289.5585683286
RKO-BASKET  Call-UO  1M  45Δ/H@20Δ,rko_basket,monthly,2025-05-31,-606897.772217597,3214030.211612342,-1886187.3307859255
RKO-BASKET  Call-UO  1M  45Δ/H@20Δ,rko_basket,monthly,2025-06-30,-494144.2632357801,2719885.948376562,-2380331.5940217054
RKO-BASKET  Call-UO  1M  45Δ/H@20Δ,rko_basket,monthly,2025-07-31,-99095.086875363,2620790.8615011983,-2479426.680897069
RKO-BASKET  Call-UO  1M  45Δ/H@20Δ,rko_basket,monthly,2025-08-31,-485641.6174033891,2135149.2440978093,-2965068.298300458
RKO-BASKET  Call-UO  1M  45Δ/H@20Δ,rko_basket,monthly,2025-09-30,182201.71106217947,2317350.9551599887,-2782866.5872382787
RKO-BASKET  Call-UO  1M  45Δ/H@20Δ,rko_basket,monthly,2025-10-31,993233.2200165999,3310584.1751765884,-1789633.367221679
RKO-BASKET  Call-UO  1M  45Δ/H@20Δ,rko_basket,monthly,2025-11-30,512373.5564021893,3822957.731578777,-1277259.8108194903
RKO-BASKET  Call-UO  1M  45Δ/H@20Δ,rko_basket,monthly,2025-12-31,-90904.84903872825,3732052.882540049,-1368164.6598582184
RKO-BASKET  Call-UO  1M  45Δ/H@20Δ,rko_basket,monthly,2026-01-31,17102.92797805548,3749155.8105181046,-1351061.7318801628
RKO-BASKET  Call-UO  1M  45Δ/H@20Δ,rko_basket,monthly,2026-02-28,-544987.7025143204,3204168.1080037835,-1896049.434394484
RKO-BASKET  Call-UO  1M  45Δ/H@20Δ,rko_basket,monthly,2026-03-31,-141320.4470063829,3062847.660997401,-2037369.8814008664
RKO-BASKET  Call-UO  1M  45Δ/H@20Δ,rko_basket,monthly,2026-04-30,-632182.9590317289,2430664.7019656724,-2669552.840432595
RKO-BASKET  Call-UO  1M  45Δ/H@20Δ,rko_basket,monthly,2026-05-31,-15785.755003860075,2414878.946961812,-2685338.595436455
RKO-BASKET  Call-UO  1M  45Δ/H@20Δ,rko_basket,annual,2023-12-31,1303790.125504305,1303790.1255043063,-1104426.9398537504
RKO-BASKET  Call-UO  1M  45Δ/H@20Δ,rko_basket,annual,2024-12-31,3646417.488340176,4950207.613844483,0.0
RKO-BASKET  Call-UO  1M  45Δ/H@20Δ,rko_basket,annual,2025-12-31,-1218154.731304437,3732052.882540049,-1368164.6598582184
RKO-BASKET  Call-UO  1M  45Δ/H@20Δ,rko_basket,annual,2026-12-31,-1317173.9355782368,2414878.946961812,-2685338.595436455
RKO-BASKET  Call-UO  1M  45Δ/H@15Δ,rko_basket,monthly,2023-02-28,1261373.533681075,1261373.5336810749,0.0
RKO-BASKET  Call-UO  1M  45Δ/H@15Δ,rko_basket,monthly,2023-03-31,-731104.6472822492,530268.8863988257,-731104.6472822492
RKO-BASKET  Call-UO  1M  45Δ/H@15Δ,rko_basket,monthly,2023-04-30,-91901.79047254304,438367.0959262827,-823006.4377547922
RKO-BASKET  Call-UO  1M  45Δ/H@15Δ,rko_basket,monthly,2023-05-31,2110686.5203442103,2549053.6162704923,0.0
RKO-BASKET  Call-UO  1M  45Δ/H@15Δ,rko_basket,monthly,2023-06-30,82832.523746222,2631886.140016714,0.0
RKO-BASKET  Call-UO  1M  45Δ/H@15Δ,rko_basket,monthly,2023-07-31,-343531.73864601157,2288354.4013707023,-498073.9413297279
RKO-BASKET  Call-UO  1M  45Δ/H@15Δ,rko_basket,monthly,2023-08-31,707908.3283147276,2996262.72968543,-92401.52306718845
RKO-BASKET  Call-UO  1M  45Δ/H@15Δ,rko_basket,monthly,2023-09-30,1261225.7517867654,4257488.481472195,0.0
RKO-BASKET  Call-UO  1M  45Δ/H@15Δ,rko_basket,monthly,2023-10-31,1015404.2838303818,5272892.765302579,0.0
RKO-BASKET  Call-UO  1M  45Δ/H@15Δ,rko_basket,monthly,2023-11-30,-835824.5156371512,4437068.249665428,-865662.7538166754
RKO-BASKET  Call-UO  1M  45Δ/H@15Δ,rko_basket,monthly,2023-12-31,-891904.4603017183,3545163.7893637093,-1757567.214118394
RKO-BASKET  Call-UO  1M  45Δ/H@15Δ,rko_basket,monthly,2024-01-31,84170.98768804448,3629334.7770517534,-1673396.22643035
RKO-BASKET  Call-UO  1M  45Δ/H@15Δ,rko_basket,monthly,2024-02-29,1322798.5235227987,4952133.300574552,-350597.7029075511
RKO-BASKET  Call-UO  1M  45Δ/H@15Δ,rko_basket,monthly,2024-03-31,439736.6306408732,5391869.931215424,0.0
RKO-BASKET  Call-UO  1M  45Δ/H@15Δ,rko_basket,monthly,2024-04-30,-529716.5853413157,4862153.345874108,-612461.0307112373
RKO-BASKET  Call-UO  1M  45Δ/H@15Δ,rko_basket,monthly,2024-05-31,-694942.5740991117,4167210.771774997,-1307403.6048103487
RKO-BASKET  Call-UO  1M  45Δ/H@15Δ,rko_basket,monthly,2024-06-30,1287235.9822993316,5454446.754074328,-20167.622511018068
RKO-BASKET  Call-UO  1M  45Δ/H@15Δ,rko_basket,monthly,2024-07-31,919758.6071356697,6374205.361209996,0.0
RKO-BASKET  Call-UO  1M  45Δ/H@15Δ,rko_basket,monthly,2024-08-31,-267706.08248539513,6106499.2787246015,-369650.59255189914
RKO-BASKET  Call-UO  1M  45Δ/H@15Δ,rko_basket,monthly,2024-09-30,-1026368.605527331,5080130.673197269,-1396019.1980792312
RKO-BASKET  Call-UO  1M  45Δ/H@15Δ,rko_basket,monthly,2024-10-31,216664.89821142456,5296795.571408694,-1179354.299867807
RKO-BASKET  Call-UO  1M  45Δ/H@15Δ,rko_basket,monthly,2024-11-30,3063191.917572466,8359987.488981159,0.0
RKO-BASKET  Call-UO  1M  45Δ/H@15Δ,rko_basket,monthly,2024-12-31,2354089.3701994875,10714076.85918065,0.0
RKO-BASKET  Call-UO  1M  45Δ/H@15Δ,rko_basket,monthly,2025-01-31,670901.1095520956,11384977.968732744,-199369.3970621545
RKO-BASKET  Call-UO  1M  45Δ/H@15Δ,rko_basket,monthly,2025-02-28,-1033984.3699528794,10350993.598779865,-1233353.7670150343
RKO-BASKET  Call-UO  1M  45Δ/H@15Δ,rko_basket,monthly,2025-03-31,-104855.52207562543,10246138.076704234,-1338209.289090665
RKO-BASKET  Call-UO  1M  45Δ/H@15Δ,rko_basket,monthly,2025-04-30,-536876.5729811282,9709261.503723102,-1875085.8620717973
RKO-BASKET  Call-UO  1M  45Δ/H@15Δ,rko_basket,monthly,2025-05-31,-971819.2767158692,8737442.227007234,-2846905.1387876645
RKO-BASKET  Call-UO  1M  45Δ/H@15Δ,rko_basket,monthly,2025-06-30,-827737.1063658979,7909705.120641338,-3674642.2451535612
RKO-BASKET  Call-UO  1M  45Δ/H@15Δ,rko_basket,monthly,2025-07-31,-473957.6922362952,7435747.428405043,-4148599.937389856
RKO-BASKET  Call-UO  1M  45Δ/H@15Δ,rko_basket,monthly,2025-08-31,328383.2787746947,7764130.707179736,-3820216.6586151626
RKO-BASKET  Call-UO  1M  45Δ/H@15Δ,rko_basket,monthly,2025-09-30,429251.4154297386,8193382.122609473,-3390965.243185426
RKO-BASKET  Call-UO  1M  45Δ/H@15Δ,rko_basket,monthly,2025-10-31,1664936.0459474593,9858318.168556934,-1726029.1972379647
RKO-BASKET  Call-UO  1M  45Δ/H@15Δ,rko_basket,monthly,2025-11-30,1302698.2259972906,11161016.394554222,-423330.97124067694
RKO-BASKET  Call-UO  1M  45Δ/H@15Δ,rko_basket,monthly,2025-12-31,-138667.033294563,11022349.361259662,-561998.0045352373
RKO-BASKET  Call-UO  1M  45Δ/H@15Δ,rko_basket,monthly,2026-01-31,-388248.04253348126,10634101.318726178,-950246.0470687207
RKO-BASKET  Call-UO  1M  45Δ/H@15Δ,rko_basket,monthly,2026-02-28,-897607.8520116722,9736493.466714505,-1847853.8990803938
RKO-BASKET  Call-UO  1M  45Δ/H@15Δ,rko_basket,monthly,2026-03-31,37943.09134772813,9774436.558062237,-1809910.8077326622
RKO-BASKET  Call-UO  1M  45Δ/H@15Δ,rko_basket,monthly,2026-04-30,-816771.7635217002,8957664.794540538,-2626682.5712543614
RKO-BASKET  Call-UO  1M  45Δ/H@15Δ,rko_basket,monthly,2026-05-31,-82667.36158566686,8874997.43295487,-2709349.932840029
RKO-BASKET  Call-UO  1M  45Δ/H@15Δ,rko_basket,annual,2023-12-31,3545163.789363709,3545163.7893637093,-1757567.214118394
RKO-BASKET  Call-UO  1M  45Δ/H@15Δ,rko_basket,annual,2024-12-31,7168913.069816942,10714076.85918065,0.0
RKO-BASKET  Call-UO  1M  45Δ/H@15Δ,rko_basket,annual,2025-12-31,308272.50207902066,11022349.361259662,-561998.0045352373
RKO-BASKET  Call-UO  1M  45Δ/H@15Δ,rko_basket,annual,2026-12-31,-2147351.9283047924,8874997.43295487,-2709349.932840029
RKO-BASKET  Call-UO  1M  45Δ/H@10Δ,rko_basket,monthly,2023-02-28,2953707.8376431563,2953707.8376431563,0.0
RKO-BASKET  Call-UO  1M  45Δ/H@10Δ,rko_basket,monthly,2023-03-31,-3470.8115053626243,2950237.026137794,-458839.2292225403
RKO-BASKET  Call-UO  1M  45Δ/H@10Δ,rko_basket,monthly,2023-04-30,-371652.475144155,2578584.550993639,-830491.7043666951
RKO-BASKET  Call-UO  1M  45Δ/H@10Δ,rko_basket,monthly,2023-05-31,2359096.0162685495,4937680.567262187,0.0
RKO-BASKET  Call-UO  1M  45Δ/H@10Δ,rko_basket,monthly,2023-06-30,-160468.46741089085,4777212.099851295,-180932.78074335027
RKO-BASKET  Call-UO  1M  45Δ/H@10Δ,rko_basket,monthly,2023-07-31,-226837.72223108777,4550374.377620207,-552156.735216544
RKO-BASKET  Call-UO  1M  45Δ/H@10Δ,rko_basket,monthly,2023-08-31,1716612.5553295366,6266986.932949743,0.0
RKO-BASKET  Call-UO  1M  45Δ/H@10Δ,rko_basket,monthly,2023-09-30,1849623.5343758413,8116610.467325585,0.0
RKO-BASKET  Call-UO  1M  45Δ/H@10Δ,rko_basket,monthly,2023-10-31,1174202.2169196804,9290812.684245264,0.0
RKO-BASKET  Call-UO  1M  45Δ/H@10Δ,rko_basket,monthly,2023-11-30,-1213370.4576568718,8077442.226588394,-1229451.334263905
RKO-BASKET  Call-UO  1M  45Δ/H@10Δ,rko_basket,monthly,2023-12-31,-1262341.10093561,6815101.125652784,-2491792.435199515
RKO-BASKET  Call-UO  1M  45Δ/H@10Δ,rko_basket,monthly,2024-01-31,753170.827650758,7568271.953303541,-1738621.6075487575
RKO-BASKET  Call-UO  1M  45Δ/H@10Δ,rko_basket,monthly,2024-02-29,1546604.1532386476,9114876.10654219,-192017.45431010798
RKO-BASKET  Call-UO  1M  45Δ/H@10Δ,rko_basket,monthly,2024-03-31,642545.2951464555,9757421.401688647,0.0
RKO-BASKET  Call-UO  1M  45Δ/H@10Δ,rko_basket,monthly,2024-04-30,-71647.78366892309,9685773.618019726,-426546.56650358066
RKO-BASKET  Call-UO  1M  45Δ/H@10Δ,rko_basket,monthly,2024-05-31,-747160.6166675035,8938613.001352224,-1173707.1831710823
RKO-BASKET  Call-UO  1M  45Δ/H@10Δ,rko_basket,monthly,2024-06-30,1343227.0627343794,10281840.064086605,0.0
RKO-BASKET  Call-UO  1M  45Δ/H@10Δ,rko_basket,monthly,2024-07-31,1302959.3196822968,11584799.383768901,0.0
RKO-BASKET  Call-UO  1M  45Δ/H@10Δ,rko_basket,monthly,2024-08-31,-583504.2815831741,11001295.102185732,-616248.3396405298
RKO-BASKET  Call-UO  1M  45Δ/H@10Δ,rko_basket,monthly,2024-09-30,-1558305.3404627154,9442989.76172302,-2174553.6801032424
RKO-BASKET  Call-UO  1M  45Δ/H@10Δ,rko_basket,monthly,2024-10-31,684508.7944998624,10127498.556222884,-1490044.8856033776
RKO-BASKET  Call-UO  1M  45Δ/H@10Δ,rko_basket,monthly,2024-11-30,3943365.7536638184,14070864.3098867,0.0
RKO-BASKET  Call-UO  1M  45Δ/H@10Δ,rko_basket,monthly,2024-12-31,3695394.599082092,17766258.90896879,0.0
RKO-BASKET  Call-UO  1M  45Δ/H@10Δ,rko_basket,monthly,2025-01-31,2169548.4445099314,19935807.353478722,-418510.82675715163
RKO-BASKET  Call-UO  1M  45Δ/H@10Δ,rko_basket,monthly,2025-02-28,-1381204.1643243842,18554603.189154334,-1799714.9910815395
RKO-BASKET  Call-UO  1M  45Δ/H@10Δ,rko_basket,monthly,2025-03-31,-480703.1005261477,18073900.08862819,-2280418.0916076824
RKO-BASKET  Call-UO  1M  45Δ/H@10Δ,rko_basket,monthly,2025-04-30,-880004.5007160093,17193895.587912187,-3160422.592323687
RKO-BASKET  Call-UO  1M  45Δ/H@10Δ,rko_basket,monthly,2025-05-31,-1536930.103555448,15656965.484356742,-4697352.695879132
RKO-BASKET  Call-UO  1M  45Δ/H@10Δ,rko_basket,monthly,2025-06-30,-1483967.6945133014,14172997.789843442,-6181320.390392432
RKO-BASKET  Call-UO  1M  45Δ/H@10Δ,rko_basket,monthly,2025-07-31,-919004.3426292415,13253993.4472142,-7100324.733021675
RKO-BASKET  Call-UO  1M  45Δ/H@10Δ,rko_basket,monthly,2025-08-31,2393568.050685023,15647561.497899223,-4706756.682336651
RKO-BASKET  Call-UO  1M  45Δ/H@10Δ,rko_basket,monthly,2025-09-30,1660075.5851594785,17307637.083058704,-3046681.09717717
RKO-BASKET  Call-UO  1M  45Δ/H@10Δ,rko_basket,monthly,2025-10-31,1523743.3143680806,18831380.397426784,-1522937.7828090899
RKO-BASKET  Call-UO  1M  45Δ/H@10Δ,rko_basket,monthly,2025-11-30,1947725.943555539,20779106.34098232,0.0
RKO-BASKET  Call-UO  1M  45Δ/H@10Δ,rko_basket,monthly,2025-12-31,-187478.97638950817,20591627.364592813,-579832.879744459
RKO-BASKET  Call-UO  1M  45Δ/H@10Δ,rko_basket,monthly,2026-01-31,-599481.5898730992,19992145.774719715,-1179314.4696175568
RKO-BASKET  Call-UO  1M  45Δ/H@10Δ,rko_basket,monthly,2026-02-28,-1314592.1498499736,18677553.62486974,-2493906.6194675304
RKO-BASKET  Call-UO  1M  45Δ/H@10Δ,rko_basket,monthly,2026-03-31,-70125.74324900586,18607427.88162074,-2564032.3627165332
RKO-BASKET  Call-UO  1M  45Δ/H@10Δ,rko_basket,monthly,2026-04-30,-896985.9829287054,17710441.898692027,-3461018.345645245
RKO-BASKET  Call-UO  1M  45Δ/H@10Δ,rko_basket,monthly,2026-05-31,-93769.79289935195,17616672.105792675,-3554788.1385445967
RKO-BASKET  Call-UO  1M  45Δ/H@10Δ,rko_basket,annual,2023-12-31,6815101.125652785,6815101.125652784,-2491792.435199515
RKO-BASKET  Call-UO  1M  45Δ/H@10Δ,rko_basket,annual,2024-12-31,10951157.783315994,17766258.90896879,0.0
RKO-BASKET  Call-UO  1M  45Δ/H@10Δ,rko_basket,annual,2025-12-31,2825368.4556240123,20591627.364592813,-579832.879744459
RKO-BASKET  Call-UO  1M  45Δ/H@10Δ,rko_basket,annual,2026-12-31,-2974955.258800136,17616672.105792675,-3554788.1385445967
RKO-BASKET  Call-UO  1M  45Δ/H@5Δ,rko_basket,monthly,2023-02-28,2921507.2796376375,2921507.279637637,0.0
RKO-BASKET  Call-UO  1M  45Δ/H@5Δ,rko_basket,monthly,2023-03-31,1797538.626102129,4719045.905739766,-648848.5868688673
RKO-BASKET  Call-UO  1M  45Δ/H@5Δ,rko_basket,monthly,2023-04-30,-877628.3040277737,3841417.6017119926,-1526476.8908966403
RKO-BASKET  Call-UO  1M  45Δ/H@5Δ,rko_basket,monthly,2023-05-31,2811678.6513958364,6653096.253107829,0.0
RKO-BASKET  Call-UO  1M  45Δ/H@5Δ,rko_basket,monthly,2023-06-30,1371823.3715789476,8024919.624686777,0.0
RKO-BASKET  Call-UO  1M  45Δ/H@5Δ,rko_basket,monthly,2023-07-31,1649681.0208644238,9674600.6455512,-319661.51624524966
RKO-BASKET  Call-UO  1M  45Δ/H@5Δ,rko_basket,monthly,2023-08-31,3442128.930123916,13116729.575675113,0.0
RKO-BASKET  Call-UO  1M  45Δ/H@5Δ,rko_basket,monthly,2023-09-30,2579268.802089563,15695998.377764676,0.0
RKO-BASKET  Call-UO  1M  45Δ/H@5Δ,rko_basket,monthly,2023-10-31,1171815.9920420537,16867814.369806733,-64460.51414184645
RKO-BASKET  Call-UO  1M  45Δ/H@5Δ,rko_basket,monthly,2023-11-30,-1562297.4415687309,15305516.928238004,-1626757.955710575
RKO-BASKET  Call-UO  1M  45Δ/H@5Δ,rko_basket,monthly,2023-12-31,-1583811.2572928949,13721705.67094511,-3210569.2130034696
RKO-BASKET  Call-UO  1M  45Δ/H@5Δ,rko_basket,monthly,2024-01-31,1150429.547503409,14872135.218448518,-2060139.6655000616
RKO-BASKET  Call-UO  1M  45Δ/H@5Δ,rko_basket,monthly,2024-02-29,1425012.0065517244,16297147.225000242,-635127.6589483377
RKO-BASKET  Call-UO  1M  45Δ/H@5Δ,rko_basket,monthly,2024-03-31,783188.2017057627,17080335.426706005,0.0
RKO-BASKET  Call-UO  1M  45Δ/H@5Δ,rko_basket,monthly,2024-04-30,2478419.68955738,19558755.116263382,0.0
RKO-BASKET  Call-UO  1M  45Δ/H@5Δ,rko_basket,monthly,2024-05-31,-68403.79115032332,19490351.325113054,-659207.2844664156
RKO-BASKET  Call-UO  1M  45Δ/H@5Δ,rko_basket,monthly,2024-06-30,1167816.1436689722,20658167.46878203,0.0
RKO-BASKET  Call-UO  1M  45Δ/H@5Δ,rko_basket,monthly,2024-07-31,1135003.3466361046,21793170.815418135,0.0
RKO-BASKET  Call-UO  1M  45Δ/H@5Δ,rko_basket,monthly,2024-08-31,-831637.1096805315,20961533.705737606,-831637.1096805297
RKO-BASKET  Call-UO  1M  45Δ/H@5Δ,rko_basket,monthly,2024-09-30,-2167251.4315467756,18794282.27419083,-2998888.541227307
RKO-BASKET  Call-UO  1M  45Δ/H@5Δ,rko_basket,monthly,2024-10-31,1003089.9968739299,19797372.271064762,-1995798.5443533733
RKO-BASKET  Call-UO  1M  45Δ/H@5Δ,rko_basket,monthly,2024-11-30,5222110.722556315,25019482.993621077,0.0
RKO-BASKET  Call-UO  1M  45Δ/H@5Δ,rko_basket,monthly,2024-12-31,3832490.0410880167,28851973.034709096,0.0
RKO-BASKET  Call-UO  1M  45Δ/H@5Δ,rko_basket,monthly,2025-01-31,3900331.179647119,32752304.214356214,-529522.7706516944
RKO-BASKET  Call-UO  1M  45Δ/H@5Δ,rko_basket,monthly,2025-02-28,-1361111.6022515595,31391192.612104647,-1890634.3729032613
RKO-BASKET  Call-UO  1M  45Δ/H@5Δ,rko_basket,monthly,2025-03-31,-921652.1823863138,30469540.429718338,-2812286.5552895702
RKO-BASKET  Call-UO  1M  45Δ/H@5Δ,rko_basket,monthly,2025-04-30,-1364228.2906643648,29105312.139053963,-4176514.845953945
RKO-BASKET  Call-UO  1M  45Δ/H@5Δ,rko_basket,monthly,2025-05-31,-2171382.8368540094,26933929.30219996,-6347897.682807948
RKO-BASKET  Call-UO  1M  45Δ/H@5Δ,rko_basket,monthly,2025-06-30,-2471935.865742158,24461993.436457813,-8819833.548550095
RKO-BASKET  Call-UO  1M  45Δ/H@5Δ,rko_basket,monthly,2025-07-31,-388776.61794993165,24073216.818507884,-9208610.166500024
RKO-BASKET  Call-UO  1M  45Δ/H@5Δ,rko_basket,monthly,2025-08-31,5848308.530926267,29921525.349434156,-3360301.635573752
RKO-BASKET  Call-UO  1M  45Δ/H@5Δ,rko_basket,monthly,2025-09-30,1108095.3759357815,31029620.725369934,-2252206.259637974
RKO-BASKET  Call-UO  1M  45Δ/H@5Δ,rko_basket,monthly,2025-10-31,1989095.4181568706,33018716.143526807,-263110.84148110077
RKO-BASKET  Call-UO  1M  45Δ/H@5Δ,rko_basket,monthly,2025-11-30,2908282.0756134707,35926998.21914027,0.0
RKO-BASKET  Call-UO  1M  45Δ/H@5Δ,rko_basket,monthly,2025-12-31,-120621.10089202682,35806377.11824823,-774619.540081948
RKO-BASKET  Call-UO  1M  45Δ/H@5Δ,rko_basket,monthly,2026-01-31,-442862.45557195874,35363514.66267628,-1217481.9956538975
RKO-BASKET  Call-UO  1M  45Δ/H@5Δ,rko_basket,monthly,2026-02-28,-1697877.587852345,33665637.074823946,-2915359.583506234
RKO-BASKET  Call-UO  1M  45Δ/H@5Δ,rko_basket,monthly,2026-03-31,2050438.7778147713,35716075.852638714,-864920.8056914657
RKO-BASKET  Call-UO  1M  45Δ/H@5Δ,rko_basket,monthly,2026-04-30,-957110.5749033232,34758965.27773538,-1822031.3805947974
RKO-BASKET  Call-UO  1M  45Δ/H@5Δ,rko_basket,monthly,2026-05-31,-155568.50429624738,34603396.77343914,-1977599.8848910406
RKO-BASKET  Call-UO  1M  45Δ/H@5Δ,rko_basket,annual,2023-12-31,13721705.670945108,13721705.67094511,-3210569.2130034696
RKO-BASKET  Call-UO  1M  45Δ/H@5Δ,rko_basket,annual,2024-12-31,15130267.363763984,28851973.034709096,0.0
RKO-BASKET  Call-UO  1M  45Δ/H@5Δ,rko_basket,annual,2025-12-31,6954404.083539144,35806377.11824823,-774619.540081948
RKO-BASKET  Call-UO  1M  45Δ/H@5Δ,rko_basket,annual,2026-12-31,-1202980.3448091033,34603396.77343914,-1977599.8848910406
RKO-BASKET  Call-UO  1M  40Δ/H@20Δ,rko_basket,monthly,2023-02-28,366676.5933584751,366676.59335847513,0.0
RKO-BASKET  Call-UO  1M  40Δ/H@20Δ,rko_basket,monthly,2023-03-31,-440556.63164059154,-73880.03828211635,-440556.6316405915
RKO-BASKET  Call-UO  1M  40Δ/H@20Δ,rko_basket,monthly,2023-04-30,114848.00382543117,40967.965543314815,-325708.6278151603
RKO-BASKET  Call-UO  1M  40Δ/H@20Δ,rko_basket,monthly,2023-05-31,818783.1597546,859751.1252979148,-20905.189295364777
RKO-BASKET  Call-UO  1M  40Δ/H@20Δ,rko_basket,monthly,2023-06-30,-77211.86641107866,782539.2588868361,-98117.0557064435
RKO-BASKET  Call-UO  1M  40Δ/H@20Δ,rko_basket,monthly,2023-07-31,-265100.3970110154,517438.86187582085,-363217.4527174588
RKO-BASKET  Call-UO  1M  40Δ/H@20Δ,rko_basket,monthly,2023-08-31,-220811.9997928692,296626.8620829516,-584029.452510328
RKO-BASKET  Call-UO  1M  40Δ/H@20Δ,rko_basket,monthly,2023-09-30,564173.8487228054,860800.710805757,-19855.603787522647
RKO-BASKET  Call-UO  1M  40Δ/H@20Δ,rko_basket,monthly,2023-10-31,83181.23616568503,943981.9469714421,0.0
RKO-BASKET  Call-UO  1M  40Δ/H@20Δ,rko_basket,monthly,2023-11-30,-390214.6978984447,553767.2490729975,-406164.08541058144
RKO-BASKET  Call-UO  1M  40Δ/H@20Δ,rko_basket,monthly,2023-12-31,-398808.08894853893,154959.1601244585,-804972.1743591204
RKO-BASKET  Call-UO  1M  40Δ/H@20Δ,rko_basket,monthly,2024-01-31,-218789.50822309798,-63830.348098639515,-1023761.6825822184
RKO-BASKET  Call-UO  1M  40Δ/H@20Δ,rko_basket,monthly,2024-02-29,391631.1761523548,327800.82805371535,-632130.5064298636
RKO-BASKET  Call-UO  1M  40Δ/H@20Δ,rko_basket,monthly,2024-03-31,21250.384623621325,349051.2126773367,-610880.1218062423
RKO-BASKET  Call-UO  1M  40Δ/H@20Δ,rko_basket,monthly,2024-04-30,-326457.8466046291,22593.36607270751,-937337.9684108715
RKO-BASKET  Call-UO  1M  40Δ/H@20Δ,rko_basket,monthly,2024-05-31,-368807.3376890286,-346213.971616321,-1306145.3060999
RKO-BASKET  Call-UO  1M  40Δ/H@20Δ,rko_basket,monthly,2024-06-30,337346.4111762639,-8867.560440057161,-968798.8949236361
RKO-BASKET  Call-UO  1M  40Δ/H@20Δ,rko_basket,monthly,2024-07-31,113370.74481496835,104503.18437491117,-855428.1501086678
RKO-BASKET  Call-UO  1M  40Δ/H@20Δ,rko_basket,monthly,2024-08-31,-117543.33197846953,-13040.14760355837,-972971.4820871373
RKO-BASKET  Call-UO  1M  40Δ/H@20Δ,rko_basket,monthly,2024-09-30,-425104.5894472394,-438144.7370507978,-1398076.0715343766
RKO-BASKET  Call-UO  1M  40Δ/H@20Δ,rko_basket,monthly,2024-10-31,150604.4578370751,-287540.2792137227,-1247471.6136973016
RKO-BASKET  Call-UO  1M  40Δ/H@20Δ,rko_basket,monthly,2024-11-30,1216051.914534755,928511.6353210325,-31419.69916254643
RKO-BASKET  Call-UO  1M  40Δ/H@20Δ,rko_basket,monthly,2024-12-31,914536.6375582597,1843048.2728792916,0.0
RKO-BASKET  Call-UO  1M  40Δ/H@20Δ,rko_basket,monthly,2025-01-31,-74463.06756611099,1768585.2053131806,-181350.67940150085
RKO-BASKET  Call-UO  1M  40Δ/H@20Δ,rko_basket,monthly,2025-02-28,-459276.81602165214,1309308.3892915284,-640627.495423153
RKO-BASKET  Call-UO  1M  40Δ/H@20Δ,rko_basket,monthly,2025-03-31,65222.73534378235,1374531.12463531,-575404.7600793715
RKO-BASKET  Call-UO  1M  40Δ/H@20Δ,rko_basket,monthly,2025-04-30,-405641.71301840374,968889.411616906,-981046.4730977754
RKO-BASKET  Call-UO  1M  40Δ/H@20Δ,rko_basket,monthly,2025-05-31,-427015.1692042345,541874.2424126714,-1408061.64230201
RKO-BASKET  Call-UO  1M  40Δ/H@20Δ,rko_basket,monthly,2025-06-30,-313410.3181365142,228463.92427615717,-1721471.9604385244
RKO-BASKET  Call-UO  1M  40Δ/H@20Δ,rko_basket,monthly,2025-07-31,-130301.171484863,98162.7527912941,-1851773.1319233873
RKO-BASKET  Call-UO  1M  40Δ/H@20Δ,rko_basket,monthly,2025-08-31,-311186.2321103711,-213023.47931907704,-2162959.3640337586
RKO-BASKET  Call-UO  1M  40Δ/H@20Δ,rko_basket,monthly,2025-09-30,27312.83868281208,-185710.64063626502,-2135646.5253509465
RKO-BASKET  Call-UO  1M  40Δ/H@20Δ,rko_basket,monthly,2025-10-31,606359.9341954009,420649.29355913587,-1529286.5911555456
RKO-BASKET  Call-UO  1M  40Δ/H@20Δ,rko_basket,monthly,2025-11-30,387155.1331350421,807804.4266941779,-1142131.4580205036
RKO-BASKET  Call-UO  1M  40Δ/H@20Δ,rko_basket,monthly,2025-12-31,-145087.0143027244,662717.4123914533,-1287218.4723232281
RKO-BASKET  Call-UO  1M  40Δ/H@20Δ,rko_basket,monthly,2026-01-31,-35248.88854500104,627468.5238464524,-1322467.360868229
RKO-BASKET  Call-UO  1M  40Δ/H@20Δ,rko_basket,monthly,2026-02-28,-422783.00712750497,204685.51671894745,-1745250.3679957339
RKO-BASKET  Call-UO  1M  40Δ/H@20Δ,rko_basket,monthly,2026-03-31,-101800.20538321175,102885.31133573565,-1847050.5733789457
RKO-BASKET  Call-UO  1M  40Δ/H@20Δ,rko_basket,monthly,2026-04-30,-437324.86863701965,-334439.557301284,-2284375.4420159655
RKO-BASKET  Call-UO  1M  40Δ/H@20Δ,rko_basket,monthly,2026-05-31,-32617.45990568656,-367057.01720697054,-2316992.901921652
RKO-BASKET  Call-UO  1M  40Δ/H@20Δ,rko_basket,annual,2023-12-31,154959.16012445826,154959.1601244585,-804972.1743591204
RKO-BASKET  Call-UO  1M  40Δ/H@20Δ,rko_basket,annual,2024-12-31,1688089.1127548337,1843048.2728792916,0.0
RKO-BASKET  Call-UO  1M  40Δ/H@20Δ,rko_basket,annual,2025-12-31,-1180330.8604878366,662717.4123914533,-1287218.4723232281
RKO-BASKET  Call-UO  1M  40Δ/H@20Δ,rko_basket,annual,2026-12-31,-1029774.4295984239,-367057.01720697054,-2316992.901921652
RKO-BASKET  Call-UO  1M  40Δ/H@15Δ,rko_basket,monthly,2023-02-28,1066747.9611891888,1066747.9611891888,0.0
RKO-BASKET  Call-UO  1M  40Δ/H@15Δ,rko_basket,monthly,2023-03-31,-586375.3264517209,480372.6347374678,-586375.3264517209
RKO-BASKET  Call-UO  1M  40Δ/H@15Δ,rko_basket,monthly,2023-04-30,-172223.05233372236,308149.58240374544,-758598.3787854433
RKO-BASKET  Call-UO  1M  40Δ/H@15Δ,rko_basket,monthly,2023-05-31,1427784.2492447775,1735933.8316485225,0.0
RKO-BASKET  Call-UO  1M  40Δ/H@15Δ,rko_basket,monthly,2023-06-30,33648.99334706654,1769582.824995589,0.0
RKO-BASKET  Call-UO  1M  40Δ/H@15Δ,rko_basket,monthly,2023-07-31,-280691.11804710206,1488891.7069484869,-400598.25429897406
RKO-BASKET  Call-UO  1M  40Δ/H@15Δ,rko_basket,monthly,2023-08-31,573977.4147882067,2062869.1217366934,-57337.97504704376
RKO-BASKET  Call-UO  1M  40Δ/H@15Δ,rko_basket,monthly,2023-09-30,733889.9728704874,2796759.094607182,0.0
RKO-BASKET  Call-UO  1M  40Δ/H@15Δ,rko_basket,monthly,2023-10-31,482201.90138357953,3278960.995990762,0.0
RKO-BASKET  Call-UO  1M  40Δ/H@15Δ,rko_basket,monthly,2023-11-30,-647886.794113951,2631074.2018768117,-655377.259258091
RKO-BASKET  Call-UO  1M  40Δ/H@15Δ,rko_basket,monthly,2023-12-31,-644224.4068025481,1986849.7950742634,-1299601.6660606393
RKO-BASKET  Call-UO  1M  40Δ/H@15Δ,rko_basket,monthly,2024-01-31,-7246.27167483091,1979603.5233994324,-1306847.9377354702
RKO-BASKET  Call-UO  1M  40Δ/H@15Δ,rko_basket,monthly,2024-02-29,717275.8483969757,2696879.371796408,-589572.0893384945
RKO-BASKET  Call-UO  1M  40Δ/H@15Δ,rko_basket,monthly,2024-03-31,272350.9921177179,2969230.363914126,-317221.0972207766
RKO-BASKET  Call-UO  1M  40Δ/H@15Δ,rko_basket,monthly,2024-04-30,-390588.51521988225,2578641.848694244,-707809.6124406587
RKO-BASKET  Call-UO  1M  40Δ/H@15Δ,rko_basket,monthly,2024-05-31,-548530.1202864405,2030111.7284078037,-1256339.732727099
RKO-BASKET  Call-UO  1M  40Δ/H@15Δ,rko_basket,monthly,2024-06-30,982998.059113937,3013109.7875217404,-273341.67361316225
RKO-BASKET  Call-UO  1M  40Δ/H@15Δ,rko_basket,monthly,2024-07-31,565728.8285566808,3578838.616078422,0.0
RKO-BASKET  Call-UO  1M  40Δ/H@15Δ,rko_basket,monthly,2024-08-31,-255721.0718570453,3323117.544221376,-286391.4769102894
RKO-BASKET  Call-UO  1M  40Δ/H@15Δ,rko_basket,monthly,2024-09-30,-731511.2367984998,2591606.3074228764,-1017902.7137087891
RKO-BASKET  Call-UO  1M  40Δ/H@15Δ,rko_basket,monthly,2024-10-31,32275.68592696233,2623881.9933498385,-985627.0277818269
RKO-BASKET  Call-UO  1M  40Δ/H@15Δ,rko_basket,monthly,2024-11-30,2176851.6804728466,4800733.673822686,0.0
RKO-BASKET  Call-UO  1M  40Δ/H@15Δ,rko_basket,monthly,2024-12-31,1590759.1335392212,6391492.807361907,-1655.98498355411
RKO-BASKET  Call-UO  1M  40Δ/H@15Δ,rko_basket,monthly,2025-01-31,565184.2976413853,6956677.105003293,-132467.34502745047
RKO-BASKET  Call-UO  1M  40Δ/H@15Δ,rko_basket,monthly,2025-02-28,-755517.4653942601,6201159.639609032,-887984.8104217108
RKO-BASKET  Call-UO  1M  40Δ/H@15Δ,rko_basket,monthly,2025-03-31,-149485.67962722798,6051673.959981805,-1037470.4900489384
RKO-BASKET  Call-UO  1M  40Δ/H@15Δ,rko_basket,monthly,2025-04-30,-420968.5169530938,5630705.443028713,-1458439.0070020305
RKO-BASKET  Call-UO  1M  40Δ/H@15Δ,rko_basket,monthly,2025-05-31,-702201.6345053673,4928503.808523345,-2160640.6415073983
RKO-BASKET  Call-UO  1M  40Δ/H@15Δ,rko_basket,monthly,2025-06-30,-543920.0419491177,4384583.766574225,-2704560.6834565178
RKO-BASKET  Call-UO  1M  40Δ/H@15Δ,rko_basket,monthly,2025-07-31,-428822.8420797565,3955760.9244944686,-3133383.5255362745
RKO-BASKET  Call-UO  1M  40Δ/H@15Δ,rko_basket,monthly,2025-08-31,320725.64351274516,4276486.568007214,-2812657.882023529
RKO-BASKET  Call-UO  1M  40Δ/H@15Δ,rko_basket,monthly,2025-09-30,252618.54244213027,4529105.110449345,-2560039.3395813983
RKO-BASKET  Call-UO  1M  40Δ/H@15Δ,rko_basket,monthly,2025-10-31,1146940.6014808558,5676045.7119301995,-1413098.7381005436
RKO-BASKET  Call-UO  1M  40Δ/H@15Δ,rko_basket,monthly,2025-11-30,1043503.3056814724,6719549.017611672,-369595.432419071
RKO-BASKET  Call-UO  1M  40Δ/H@15Δ,rko_basket,monthly,2025-12-31,-188900.00032732336,6530649.01728435,-558495.4327463936
RKO-BASKET  Call-UO  1M  40Δ/H@15Δ,rko_basket,monthly,2026-01-31,-339017.549204167,6191631.468080182,-897512.9819505615
RKO-BASKET  Call-UO  1M  40Δ/H@15Δ,rko_basket,monthly,2026-02-28,-695213.4640622475,5496418.004017934,-1592726.446012809
RKO-BASKET  Call-UO  1M  40Δ/H@15Δ,rko_basket,monthly,2026-03-31,20048.95509468086,5516466.959112615,-1572677.4909181278
RKO-BASKET  Call-UO  1M  40Δ/H@15Δ,rko_basket,monthly,2026-04-30,-601028.8091461718,4915438.149966442,-2173706.300064301
RKO-BASKET  Call-UO  1M  40Δ/H@15Δ,rko_basket,monthly,2026-05-31,-83824.95759373522,4831613.192372707,-2257531.2576580364
RKO-BASKET  Call-UO  1M  40Δ/H@15Δ,rko_basket,annual,2023-12-31,1986849.7950742617,1986849.7950742634,-1299601.6660606393
RKO-BASKET  Call-UO  1M  40Δ/H@15Δ,rko_basket,annual,2024-12-31,4404643.012287643,6391492.807361907,-1655.98498355411
RKO-BASKET  Call-UO  1M  40Δ/H@15Δ,rko_basket,annual,2025-12-31,139156.20992244236,6530649.01728435,-558495.4327463936
RKO-BASKET  Call-UO  1M  40Δ/H@15Δ,rko_basket,annual,2026-12-31,-1699035.8249116407,4831613.192372707,-2257531.2576580364
RKO-BASKET  Call-UO  1M  40Δ/H@10Δ,rko_basket,monthly,2023-02-28,2546381.2386783776,2546381.238678377,0.0
RKO-BASKET  Call-UO  1M  40Δ/H@10Δ,rko_basket,monthly,2023-03-31,-39611.20988965944,2506770.0287887175,-410119.859883673
RKO-BASKET  Call-UO  1M  40Δ/H@10Δ,rko_basket,monthly,2023-04-30,-396455.51770052005,2110314.5110881976,-806575.3775841929
RKO-BASKET  Call-UO  1M  40Δ/H@10Δ,rko_basket,monthly,2023-05-31,1650231.489207819,3760546.0002960167,0.0
RKO-BASKET  Call-UO  1M  40Δ/H@10Δ,rko_basket,monthly,2023-06-30,-185004.1581996925,3575541.8420963245,-195338.4976168694
RKO-BASKET  Call-UO  1M  40Δ/H@10Δ,rko_basket,monthly,2023-07-31,-215371.8708740974,3360169.971222227,-474446.51542600803
RKO-BASKET  Call-UO  1M  40Δ/H@10Δ,rko_basket,monthly,2023-08-31,1453363.9789921828,4813533.95021441,0.0
RKO-BASKET  Call-UO  1M  40Δ/H@10Δ,rko_basket,monthly,2023-09-30,1240648.3533834622,6054182.303597872,0.0
RKO-BASKET  Call-UO  1M  40Δ/H@10Δ,rko_basket,monthly,2023-10-31,614002.9067011607,6668185.210299034,-74202.32677034382
RKO-BASKET  Call-UO  1M  40Δ/H@10Δ,rko_basket,monthly,2023-11-30,-960093.9552260858,5708091.255072948,-1034296.2819964299
RKO-BASKET  Call-UO  1M  40Δ/H@10Δ,rko_basket,monthly,2023-12-31,-950396.5951580978,4757694.65991485,-1984692.8771545272
RKO-BASKET  Call-UO  1M  40Δ/H@10Δ,rko_basket,monthly,2024-01-31,521815.14985259925,5279509.80976745,-1462877.7273019273
RKO-BASKET  Call-UO  1M  40Δ/H@10Δ,rko_basket,monthly,2024-02-29,905253.7422573293,6184763.552024782,-557623.9850445958
RKO-BASKET  Call-UO  1M  40Δ/H@10Δ,rko_basket,monthly,2024-03-31,448968.370606851,6633731.922631631,-108655.61443774682
RKO-BASKET  Call-UO  1M  40Δ/H@10Δ,rko_basket,monthly,2024-04-30,701.6980517678894,6634433.620683398,-307783.61216235906
RKO-BASKET  Call-UO  1M  40Δ/H@10Δ,rko_basket,monthly,2024-05-31,-613924.4190212488,6020509.201662149,-921708.0311836079
RKO-BASKET  Call-UO  1M  40Δ/H@10Δ,rko_basket,monthly,2024-06-30,1035645.6924926892,7056154.894154837,0.0
RKO-BASKET  Call-UO  1M  40Δ/H@10Δ,rko_basket,monthly,2024-07-31,889452.2644950923,7945607.158649933,0.0
RKO-BASKET  Call-UO  1M  40Δ/H@10Δ,rko_basket,monthly,2024-08-31,-518095.2890844174,7427511.869565515,-518095.28908441775
RKO-BASKET  Call-UO  1M  40Δ/H@10Δ,rko_basket,monthly,2024-09-30,-1164890.738549146,6262621.131016369,-1682986.0276335636
RKO-BASKET  Call-UO  1M  40Δ/H@10Δ,rko_basket,monthly,2024-10-31,455535.317551045,6718156.448567414,-1227450.7100825189
RKO-BASKET  Call-UO  1M  40Δ/H@10Δ,rko_basket,monthly,2024-11-30,2941106.1604179023,9659262.608985316,0.0
RKO-BASKET  Call-UO  1M  40Δ/H@10Δ,rko_basket,monthly,2024-12-31,2750844.5190881095,12410107.128073424,0.0
RKO-BASKET  Call-UO  1M  40Δ/H@10Δ,rko_basket,monthly,2025-01-31,1854027.540301126,14264134.668374553,-313145.2900845744
RKO-BASKET  Call-UO  1M  40Δ/H@10Δ,rko_basket,monthly,2025-02-28,-1060781.9386599397,13203352.729714613,-1373927.2287445143
RKO-BASKET  Call-UO  1M  40Δ/H@10Δ,rko_basket,monthly,2025-03-31,-459450.6574875164,12743902.072227098,-1833377.8862320296
RKO-BASKET  Call-UO  1M  40Δ/H@10Δ,rko_basket,monthly,2025-04-30,-717653.1360044618,12026248.936222635,-2551031.0222364925
RKO-BASKET  Call-UO  1M  40Δ/H@10Δ,rko_basket,monthly,2025-05-31,-1164322.9290002622,10861926.00722237,-3715353.9512367584
RKO-BASKET  Call-UO  1M  40Δ/H@10Δ,rko_basket,monthly,2025-06-30,-1103298.5950459384,9758627.412176434,-4818652.546282694
RKO-BASKET  Call-UO  1M  40Δ/H@10Δ,rko_basket,monthly,2025-07-31,-777806.1046767195,8980821.307499714,-5596458.6509594135
RKO-BASKET  Call-UO  1M  40Δ/H@10Δ,rko_basket,monthly,2025-08-31,1932289.294985827,10913110.60248554,-3664169.3559735883
RKO-BASKET  Call-UO  1M  40Δ/H@10Δ,rko_basket,monthly,2025-09-30,1257496.6324514807,12170607.234937023,-2406672.7235221043
RKO-BASKET  Call-UO  1M  40Δ/H@10Δ,rko_basket,monthly,2025-10-31,1033448.1528754135,13204055.387812437,-1373224.5706466902
RKO-BASKET  Call-UO  1M  40Δ/H@10Δ,rko_basket,monthly,2025-11-30,1577024.2586954993,14781079.646507934,0.0
RKO-BASKET  Call-UO  1M  40Δ/H@10Δ,rko_basket,monthly,2025-12-31,-217475.97168747536,14563603.674820459,-569092.8502260149
RKO-BASKET  Call-UO  1M  40Δ/H@10Δ,rko_basket,monthly,2026-01-31,-496098.98999016517,14067504.684830293,-1065191.8402161803
RKO-BASKET  Call-UO  1M  40Δ/H@10Δ,rko_basket,monthly,2026-02-28,-1049775.160873932,13017729.523956362,-2114967.001090111
RKO-BASKET  Call-UO  1M  40Δ/H@10Δ,rko_basket,monthly,2026-03-31,-70919.78963472524,12946809.734321639,-2185886.7907248344
RKO-BASKET  Call-UO  1M  40Δ/H@10Δ,rko_basket,monthly,2026-04-30,-702885.023746157,12243924.710575482,-2888771.8144709915
RKO-BASKET  Call-UO  1M  40Δ/H@10Δ,rko_basket,monthly,2026-05-31,-108744.89430818755,12135179.816267295,-2997516.7087791786
RKO-BASKET  Call-UO  1M  40Δ/H@10Δ,rko_basket,annual,2023-12-31,4757694.659914849,4757694.65991485,-1984692.8771545272
RKO-BASKET  Call-UO  1M  40Δ/H@10Δ,rko_basket,annual,2024-12-31,7652412.468158573,12410107.128073424,0.0
RKO-BASKET  Call-UO  1M  40Δ/H@10Δ,rko_basket,annual,2025-12-31,2153496.5467470335,14563603.674820459,-569092.8502260149
RKO-BASKET  Call-UO  1M  40Δ/H@10Δ,rko_basket,annual,2026-12-31,-2428423.858553167,12135179.816267295,-2997516.7087791786
RKO-BASKET  Call-UO  1M  40Δ/H@5Δ,rko_basket,monthly,2023-02-28,2538797.460320259,2538797.460320259,0.0
RKO-BASKET  Call-UO  1M  40Δ/H@5Δ,rko_basket,monthly,2023-03-31,1531987.1776293088,4070784.6379495687,-570946.7465409539
RKO-BASKET  Call-UO  1M  40Δ/H@5Δ,rko_basket,monthly,2023-04-30,-824371.3036274714,3246413.334322098,-1395318.0501684244
RKO-BASKET  Call-UO  1M  40Δ/H@5Δ,rko_basket,monthly,2023-05-31,2083164.7666793119,5329578.101001409,0.0
RKO-BASKET  Call-UO  1M  40Δ/H@5Δ,rko_basket,monthly,2023-06-30,1183203.9801998567,6512782.0812012665,0.0
RKO-BASKET  Call-UO  1M  40Δ/H@5Δ,rko_basket,monthly,2023-07-31,1380874.0043951888,7893656.085596457,-297390.0864401413
RKO-BASKET  Call-UO  1M  40Δ/H@5Δ,rko_basket,monthly,2023-08-31,2920300.7506768955,10813956.836273354,0.0
RKO-BASKET  Call-UO  1M  40Δ/H@5Δ,rko_basket,monthly,2023-09-30,1905157.3679815868,12719114.204254938,0.0
RKO-BASKET  Call-UO  1M  40Δ/H@5Δ,rko_basket,monthly,2023-10-31,625638.6216225222,13344752.825877458,-172625.89297086187
RKO-BASKET  Call-UO  1M  40Δ/H@5Δ,rko_basket,monthly,2023-11-30,-1256619.6172896635,12088133.208587794,-1429245.510260526
RKO-BASKET  Call-UO  1M  40Δ/H@5Δ,rko_basket,monthly,2023-12-31,-1226739.5100271916,10861393.698560601,-2655985.0202877186
RKO-BASKET  Call-UO  1M  40Δ/H@5Δ,rko_basket,monthly,2024-01-31,868453.837994393,11729847.536554992,-1787531.1822933275
RKO-BASKET  Call-UO  1M  40Δ/H@5Δ,rko_basket,monthly,2024-02-29,802493.7078163032,12532341.244371299,-985037.474477021
RKO-BASKET  Call-UO  1M  40Δ/H@5Δ,rko_basket,monthly,2024-03-31,568908.0751087032,13101249.319479998,-416129.3993683215
RKO-BASKET  Call-UO  1M  40Δ/H@5Δ,rko_basket,monthly,2024-04-30,2235693.638693097,15336942.958173094,0.0
RKO-BASKET  Call-UO  1M  40Δ/H@5Δ,rko_basket,monthly,2024-05-31,-69052.73873411908,15267890.219438974,-546016.5539376531
RKO-BASKET  Call-UO  1M  40Δ/H@5Δ,rko_basket,monthly,2024-06-30,869142.8752546441,16137033.09469362,0.0
RKO-BASKET  Call-UO  1M  40Δ/H@5Δ,rko_basket,monthly,2024-07-31,722565.9849684031,16859599.07966202,0.0
RKO-BASKET  Call-UO  1M  40Δ/H@5Δ,rko_basket,monthly,2024-08-31,-752174.6531878621,16107424.42647416,-752174.6531878617
RKO-BASKET  Call-UO  1M  40Δ/H@5Δ,rko_basket,monthly,2024-09-30,-1706389.589326906,14401034.837147253,-2458564.2425147686
RKO-BASKET  Call-UO  1M  40Δ/H@5Δ,rko_basket,monthly,2024-10-31,756232.2425625913,15157267.079709847,-1702331.9999521747
RKO-BASKET  Call-UO  1M  40Δ/H@5Δ,rko_basket,monthly,2024-11-30,4059244.7397471387,19216511.819456987,0.0
RKO-BASKET  Call-UO  1M  40Δ/H@5Δ,rko_basket,monthly,2024-12-31,2864324.156211497,22080835.975668486,0.0
RKO-BASKET  Call-UO  1M  40Δ/H@5Δ,rko_basket,monthly,2025-01-31,3382637.0199638824,25463472.99563237,-405860.3554538898
RKO-BASKET  Call-UO  1M  40Δ/H@5Δ,rko_basket,monthly,2025-02-28,-1090017.7871277016,24373455.208504677,-1495878.142581582
RKO-BASKET  Call-UO  1M  40Δ/H@5Δ,rko_basket,monthly,2025-03-31,-836949.9117180473,23536505.29678662,-2332828.0542996377
RKO-BASKET  Call-UO  1M  40Δ/H@5Δ,rko_basket,monthly,2025-04-30,-1141134.6748919212,22395370.621894706,-3473962.729191553
RKO-BASKET  Call-UO  1M  40Δ/H@5Δ,rko_basket,monthly,2025-05-31,-1709372.6453591932,20685997.976535514,-5183335.374550745
RKO-BASKET  Call-UO  1M  40Δ/H@5Δ,rko_basket,monthly,2025-06-30,-1962222.0791623902,18723775.89737312,-7145557.453713138
RKO-BASKET  Call-UO  1M  40Δ/H@5Δ,rko_basket,monthly,2025-07-31,-278717.39966779156,18445058.49770533,-7424274.85338093
RKO-BASKET  Call-UO  1M  40Δ/H@5Δ,rko_basket,monthly,2025-08-31,4977976.178353361,23423034.676058695,-2446298.675027564
RKO-BASKET  Call-UO  1M  40Δ/H@5Δ,rko_basket,monthly,2025-09-30,779108.194554247,24202142.87061294,-1667190.4804733172
RKO-BASKET  Call-UO  1M  40Δ/H@5Δ,rko_basket,monthly,2025-10-31,1457599.5677448767,25659742.43835782,-209590.91272844002
RKO-BASKET  Call-UO  1M  40Δ/H@5Δ,rko_basket,monthly,2025-11-30,2423132.010277943,28082874.44863576,0.0
RKO-BASKET  Call-UO  1M  40Δ/H@5Δ,rko_basket,monthly,2025-12-31,-198143.05543728318,27884731.393198486,-766599.8879557252
RKO-BASKET  Call-UO  1M  40Δ/H@5Δ,rko_basket,monthly,2026-01-31,-354725.9364165416,27530005.45678195,-1121325.8243722618
RKO-BASKET  Call-UO  1M  40Δ/H@5Δ,rko_basket,monthly,2026-02-28,-1413271.3383478476,26116734.118434105,-2534597.1627201065
RKO-BASKET  Call-UO  1M  40Δ/H@5Δ,rko_basket,monthly,2026-03-31,1759839.774912558,27876573.893346667,-774757.3878075443
RKO-BASKET  Call-UO  1M  40Δ/H@5Δ,rko_basket,monthly,2026-04-30,-806896.1556826546,27069677.73766401,-1581653.5434902012
RKO-BASKET  Call-UO  1M  40Δ/H@5Δ,rko_basket,monthly,2026-05-31,-160170.79486685034,26909506.942797158,-1741824.3383570537
RKO-BASKET  Call-UO  1M  40Δ/H@5Δ,rko_basket,annual,2023-12-31,10861393.698560603,10861393.698560601,-2655985.0202877186
RKO-BASKET  Call-UO  1M  40Δ/H@5Δ,rko_basket,annual,2024-12-31,11219442.277107883,22080835.975668486,0.0
RKO-BASKET  Call-UO  1M  40Δ/H@5Δ,rko_basket,annual,2025-12-31,5803895.4175299825,27884731.393198486,-766599.8879557252
RKO-BASKET  Call-UO  1M  40Δ/H@5Δ,rko_basket,annual,2026-12-31,-975224.450401336,26909506.942797158,-1741824.3383570537
RKO-BASKET  Call-UO  1M  35Δ/H@20Δ,rko_basket,monthly,2023-02-28,243196.6271896467,243196.6271896467,-3277.699558940745
RKO-BASKET  Call-UO  1M  35Δ/H@20Δ,rko_basket,monthly,2023-03-31,-302160.888852812,-58964.26166316528,-305438.5884117527
RKO-BASKET  Call-UO  1M  35Δ/H@20Δ,rko_basket,monthly,2023-04-30,-28815.137111474265,-87779.39877463947,-334253.7255232269
RKO-BASKET  Call-UO  1M  35Δ/H@20Δ,rko_basket,monthly,2023-05-31,328601.5159988927,240822.11722425322,-14133.629066578287
RKO-BASKET  Call-UO  1M  35Δ/H@20Δ,rko_basket,monthly,2023-06-30,-124717.50819038146,116104.60903387175,-138851.13725695974
RKO-BASKET  Call-UO  1M  35Δ/H@20Δ,rko_basket,monthly,2023-07-31,-240784.63365270768,-124680.02461883592,-379635.7709096674
RKO-BASKET  Call-UO  1M  35Δ/H@20Δ,rko_basket,monthly,2023-08-31,-216815.48795784503,-341495.5125766809,-596451.2588675125
RKO-BASKET  Call-UO  1M  35Δ/H@20Δ,rko_basket,monthly,2023-09-30,195310.28966218026,-146185.2229145007,-401140.9692053322
RKO-BASKET  Call-UO  1M  35Δ/H@20Δ,rko_basket,monthly,2023-10-31,-128333.57756463367,-274518.80047913437,-529474.5467699659
RKO-BASKET  Call-UO  1M  35Δ/H@20Δ,rko_basket,monthly,2023-11-30,-297899.29150413926,-572418.0919832736,-827373.8382741051
RKO-BASKET  Call-UO  1M  35Δ/H@20Δ,rko_basket,monthly,2023-12-31,-271591.5846222358,-844009.6766055094,-1098965.422896341
RKO-BASKET  Call-UO  1M  35Δ/H@20Δ,rko_basket,monthly,2024-01-31,-221195.4317235528,-1065205.1083290621,-1320160.8546198937
RKO-BASKET  Call-UO  1M  35Δ/H@20Δ,rko_basket,monthly,2024-02-29,95539.42998069999,-969665.6783483623,-1224621.4246391938
RKO-BASKET  Call-UO  1M  35Δ/H@20Δ,rko_basket,monthly,2024-03-31,-92041.31476483415,-1061706.9931131965,-1316662.739404028
RKO-BASKET  Call-UO  1M  35Δ/H@20Δ,rko_basket,monthly,2024-04-30,-237875.12155080054,-1299582.1146639967,-1554537.8609548283
RKO-BASKET  Call-UO  1M  35Δ/H@20Δ,rko_basket,monthly,2024-05-31,-273850.7740120479,-1573432.888676045,-1828388.6349668766
RKO-BASKET  Call-UO  1M  35Δ/H@20Δ,rko_basket,monthly,2024-06-30,144768.3808044421,-1428664.507871603,-1683620.2541624345
RKO-BASKET  Call-UO  1M  35Δ/H@20Δ,rko_basket,monthly,2024-07-31,-12351.583449654465,-1441016.0913212572,-1695971.8376120888
RKO-BASKET  Call-UO  1M  35Δ/H@20Δ,rko_basket,monthly,2024-08-31,-124121.79424482239,-1565137.8855660795,-1820093.6318569111
RKO-BASKET  Call-UO  1M  35Δ/H@20Δ,rko_basket,monthly,2024-09-30,-294189.46714112983,-1859327.3527072093,-2114283.098998041
RKO-BASKET  Call-UO  1M  35Δ/H@20Δ,rko_basket,monthly,2024-10-31,-35536.29451686241,-1894863.6472240714,-2149819.393514903
RKO-BASKET  Call-UO  1M  35Δ/H@20Δ,rko_basket,monthly,2024-11-30,571287.4553827856,-1323576.1918412857,-1578531.9381321173
RKO-BASKET  Call-UO  1M  35Δ/H@20Δ,rko_basket,monthly,2024-12-31,388452.5743456672,-935123.6174956188,-1190079.3637864504
RKO-BASKET  Call-UO  1M  35Δ/H@20Δ,rko_basket,monthly,2025-01-31,-63485.764126840215,-998609.3816224592,-1253565.1279132906
RKO-BASKET  Call-UO  1M  35Δ/H@20Δ,rko_basket,monthly,2025-02-28,-306484.71485024504,-1305094.096472704,-1560049.8427635357
RKO-BASKET  Call-UO  1M  35Δ/H@20Δ,rko_basket,monthly,2025-03-31,-10935.684301626487,-1316029.780774331,-1570985.5270651625
RKO-BASKET  Call-UO  1M  35Δ/H@20Δ,rko_basket,monthly,2025-04-30,-306169.8015510889,-1622199.5823254194,-1877155.328616251
RKO-BASKET  Call-UO  1M  35Δ/H@20Δ,rko_basket,monthly,2025-05-31,-293902.4495462802,-1916102.0318716997,-2171057.778162531
RKO-BASKET  Call-UO  1M  35Δ/H@20Δ,rko_basket,monthly,2025-06-30,-210560.85753678606,-2126662.8894084855,-2381618.635699317
RKO-BASKET  Call-UO  1M  35Δ/H@20Δ,rko_basket,monthly,2025-07-31,-111612.85542753112,-2238275.744836016,-2493231.4911268475
RKO-BASKET  Call-UO  1M  35Δ/H@20Δ,rko_basket,monthly,2025-08-31,-197184.13394721225,-2435459.878783229,-2690415.62507406
RKO-BASKET  Call-UO  1M  35Δ/H@20Δ,rko_basket,monthly,2025-09-30,-55985.612663519954,-2491445.4914467484,-2746401.2377375797
RKO-BASKET  Call-UO  1M  35Δ/H@20Δ,rko_basket,monthly,2025-10-31,271612.83358737995,-2219832.6578593682,-2474788.4041501996
RKO-BASKET  Call-UO  1M  35Δ/H@20Δ,rko_basket,monthly,2025-11-30,230249.5949460782,-1989583.06291329,-2244538.8092041216
RKO-BASKET  Call-UO  1M  35Δ/H@20Δ,rko_basket,monthly,2025-12-31,-222030.0606484865,-2211613.123561777,-2466568.8698526085
RKO-BASKET  Call-UO  1M  35Δ/H@20Δ,rko_basket,monthly,2026-01-31,-66800.45011730373,-2278413.5736790807,-2533369.319969912
RKO-BASKET  Call-UO  1M  35Δ/H@20Δ,rko_basket,monthly,2026-02-28,-291293.6575194047,-2569707.231198485,-2824662.9774893164
RKO-BASKET  Call-UO  1M  35Δ/H@20Δ,rko_basket,monthly,2026-03-31,-79728.89877558957,-2649436.129974074,-2904391.8762649056
RKO-BASKET  Call-UO  1M  35Δ/H@20Δ,rko_basket,monthly,2026-04-30,-320348.40318492707,-2969784.5331590013,-3224740.2794498326
RKO-BASKET  Call-UO  1M  35Δ/H@20Δ,rko_basket,monthly,2026-05-31,-49395.39265059197,-3019179.925809593,-3274135.6721004243
RKO-BASKET  Call-UO  1M  35Δ/H@20Δ,rko_basket,annual,2023-12-31,-844009.6766055095,-844009.6766055094,-1098965.422896341
RKO-BASKET  Call-UO  1M  35Δ/H@20Δ,rko_basket,annual,2024-12-31,-91113.94089010962,-935123.6174956188,-1190079.3637864504
RKO-BASKET  Call-UO  1M  35Δ/H@20Δ,rko_basket,annual,2025-12-31,-1276489.5060661586,-2211613.123561777,-2466568.8698526085
RKO-BASKET  Call-UO  1M  35Δ/H@20Δ,rko_basket,annual,2026-12-31,-807566.802247817,-3019179.925809593,-3274135.6721004243
RKO-BASKET  Call-UO  1M  35Δ/H@15Δ,rko_basket,monthly,2023-02-28,817659.8099827731,817659.8099827731,0.0
RKO-BASKET  Call-UO  1M  35Δ/H@15Δ,rko_basket,monthly,2023-03-31,-445660.67095024715,371999.13903252594,-445660.6709502472
RKO-BASKET  Call-UO  1M  35Δ/H@15Δ,rko_basket,monthly,2023-04-30,-228998.63040080055,143000.50863172542,-674659.3013510477
RKO-BASKET  Call-UO  1M  35Δ/H@15Δ,rko_basket,monthly,2023-05-31,813115.3044052065,956115.8130369319,0.0
RKO-BASKET  Call-UO  1M  35Δ/H@15Δ,rko_basket,monthly,2023-06-30,-41097.79335109964,915018.0196858324,-41097.79335109948
RKO-BASKET  Call-UO  1M  35Δ/H@15Δ,rko_basket,monthly,2023-07-31,-229740.20689210112,685277.8127937315,-327506.7990594902
RKO-BASKET  Call-UO  1M  35Δ/H@15Δ,rko_basket,monthly,2023-08-31,392539.93270934577,1077817.745503077,-66701.34144929587
RKO-BASKET  Call-UO  1M  35Δ/H@15Δ,rko_basket,monthly,2023-09-30,342223.08604038134,1420040.8315434584,0.0
RKO-BASKET  Call-UO  1M  35Δ/H@15Δ,rko_basket,monthly,2023-10-31,81113.51675397388,1501154.3482974323,-79640.25309188082
RKO-BASKET  Call-UO  1M  35Δ/H@15Δ,rko_basket,monthly,2023-11-30,-477682.27240247966,1023472.0758949531,-557322.52549436
RKO-BASKET  Call-UO  1M  35Δ/H@15Δ,rko_basket,monthly,2023-12-31,-441597.8313571678,581874.2445377854,-998920.3568515277
RKO-BASKET  Call-UO  1M  35Δ/H@15Δ,rko_basket,monthly,2024-01-31,-88696.25954018872,493177.9849975967,-1087616.6163917165
RKO-BASKET  Call-UO  1M  35Δ/H@15Δ,rko_basket,monthly,2024-02-29,190817.2446511926,683995.229648789,-896799.3717405241
RKO-BASKET  Call-UO  1M  35Δ/H@15Δ,rko_basket,monthly,2024-03-31,101361.72423372793,785356.9538825168,-795437.6475067963
RKO-BASKET  Call-UO  1M  35Δ/H@15Δ,rko_basket,monthly,2024-04-30,-283379.3356954368,501977.61818708014,-1078816.983202233
RKO-BASKET  Call-UO  1M  35Δ/H@15Δ,rko_basket,monthly,2024-05-31,-412953.48039776605,89024.1377893141,-1491770.463599999
RKO-BASKET  Call-UO  1M  35Δ/H@15Δ,rko_basket,monthly,2024-06-30,654039.787180135,743063.9249694492,-837730.676419864
RKO-BASKET  Call-UO  1M  35Δ/H@15Δ,rko_basket,monthly,2024-07-31,275231.5204483121,1018295.4454177611,-562499.155971552
RKO-BASKET  Call-UO  1M  35Δ/H@15Δ,rko_basket,monthly,2024-08-31,-240109.8954251976,778185.5499925634,-802609.0513967497
RKO-BASKET  Call-UO  1M  35Δ/H@15Δ,rko_basket,monthly,2024-09-30,-503368.5935928812,274816.9563996821,-1305977.6449896311
RKO-BASKET  Call-UO  1M  35Δ/H@15Δ,rko_basket,monthly,2024-10-31,-105378.35119668348,169438.60520299862,-1411355.9961863146
RKO-BASKET  Call-UO  1M  35Δ/H@15Δ,rko_basket,monthly,2024-11-30,1290804.0074889767,1460242.6126919752,-120551.98869733792
RKO-BASKET  Call-UO  1M  35Δ/H@15Δ,rko_basket,monthly,2024-12-31,873886.0009600368,2334128.613652013,-13120.317635503132
RKO-BASKET  Call-UO  1M  35Δ/H@15Δ,rko_basket,monthly,2025-01-31,418835.76093813905,2752964.3745901524,-80271.88809517864
RKO-BASKET  Call-UO  1M  35Δ/H@15Δ,rko_basket,monthly,2025-02-28,-512180.38794130046,2240783.9866488515,-592452.2760364795
RKO-BASKET  Call-UO  1M  35Δ/H@15Δ,rko_basket,monthly,2025-03-31,-163903.43704359134,2076880.5496052601,-756355.7130800709
RKO-BASKET  Call-UO  1M  35Δ/H@15Δ,rko_basket,monthly,2025-04-30,-315611.3320299638,1761269.217575296,-1071967.045110035
RKO-BASKET  Call-UO  1M  35Δ/H@15Δ,rko_basket,monthly,2025-05-31,-487447.96986570174,1273821.2477095947,-1559415.0149757364
RKO-BASKET  Call-UO  1M  35Δ/H@15Δ,rko_basket,monthly,2025-06-30,-350231.1068987116,923590.1408108829,-1909646.1218744481
RKO-BASKET  Call-UO  1M  35Δ/H@15Δ,rko_basket,monthly,2025-07-31,-302450.13453515276,621140.0062757303,-2212096.256409601
RKO-BASKET  Call-UO  1M  35Δ/H@15Δ,rko_basket,monthly,2025-08-31,292537.57711904135,913677.5833947716,-1919558.6792905596
RKO-BASKET  Call-UO  1M  35Δ/H@15Δ,rko_basket,monthly,2025-09-30,134574.91181721783,1048252.4952119896,-1784983.7674733414
RKO-BASKET  Call-UO  1M  35Δ/H@15Δ,rko_basket,monthly,2025-10-31,667204.2627556162,1715456.7579676055,-1117779.5047177256
RKO-BASKET  Call-UO  1M  35Δ/H@15Δ,rko_basket,monthly,2025-11-30,749348.8888939572,2464805.646861562,-368430.615823769
RKO-BASKET  Call-UO  1M  35Δ/H@15Δ,rko_basket,monthly,2025-12-31,-264192.2203162922,2200613.4265452693,-632622.8361400617
RKO-BASKET  Call-UO  1M  35Δ/H@15Δ,rko_basket,monthly,2026-01-31,-275834.425774153,1924779.0007711158,-908457.2619142153
RKO-BASKET  Call-UO  1M  35Δ/H@15Δ,rko_basket,monthly,2026-02-28,-479077.741875359,1445701.2588957571,-1387535.003789574
RKO-BASKET  Call-UO  1M  35Δ/H@15Δ,rko_basket,monthly,2026-03-31,-13780.417438945366,1431920.8414568114,-1401315.4212285196
RKO-BASKET  Call-UO  1M  35Δ/H@15Δ,rko_basket,monthly,2026-04-30,-449985.13065716147,981935.71079965,-1851300.551885681
RKO-BASKET  Call-UO  1M  35Δ/H@15Δ,rko_basket,monthly,2026-05-31,-85551.79586437598,896383.914935274,-1936852.347750057
RKO-BASKET  Call-UO  1M  35Δ/H@15Δ,rko_basket,annual,2023-12-31,581874.2445377846,581874.2445377854,-998920.3568515277
RKO-BASKET  Call-UO  1M  35Δ/H@15Δ,rko_basket,annual,2024-12-31,1752254.3691142271,2334128.613652013,-13120.317635503132
RKO-BASKET  Call-UO  1M  35Δ/H@15Δ,rko_basket,annual,2025-12-31,-133515.18710674215,2200613.4265452693,-632622.8361400617
RKO-BASKET  Call-UO  1M  35Δ/H@15Δ,rko_basket,annual,2026-12-31,-1304229.5116099948,896383.914935274,-1936852.347750057
RKO-BASKET  Call-UO  1M  35Δ/H@10Δ,rko_basket,monthly,2023-02-28,2073718.3461864726,2073718.3461864726,0.0
RKO-BASKET  Call-UO  1M  35Δ/H@10Δ,rko_basket,monthly,2023-03-31,-43449.46628068121,2030268.8799057913,-316092.17848935607
RKO-BASKET  Call-UO  1M  35Δ/H@10Δ,rko_basket,monthly,2023-04-30,-399877.2995555751,1630391.5803502162,-715969.4780449311
RKO-BASKET  Call-UO  1M  35Δ/H@10Δ,rko_basket,monthly,2023-05-31,1005971.4785170066,2636363.0588672236,0.0
RKO-BASKET  Call-UO  1M  35Δ/H@10Δ,rko_basket,monthly,2023-06-30,-220214.24193772866,2416148.816929495,-220214.2419377286
RKO-BASKET  Call-UO  1M  35Δ/H@10Δ,rko_basket,monthly,2023-07-31,-197842.98406454053,2218305.832864954,-418057.2260022694
RKO-BASKET  Call-UO  1M  35Δ/H@10Δ,rko_basket,monthly,2023-08-31,1133750.6915145272,3352056.5243794816,0.0
RKO-BASKET  Call-UO  1M  35Δ/H@10Δ,rko_basket,monthly,2023-09-30,760631.3122289998,4112687.836608481,0.0
RKO-BASKET  Call-UO  1M  35Δ/H@10Δ,rko_basket,monthly,2023-10-31,181377.56234228116,4294065.398950761,-148680.25840829033
RKO-BASKET  Call-UO  1M  35Δ/H@10Δ,rko_basket,monthly,2023-11-30,-724537.7772526515,3569527.6216981094,-873218.0356609421
RKO-BASKET  Call-UO  1M  35Δ/H@10Δ,rko_basket,monthly,2023-12-31,-683183.0740334112,2886344.547664698,-1556401.1096943533
RKO-BASKET  Call-UO  1M  35Δ/H@10Δ,rko_basket,monthly,2024-01-31,291812.3333972335,3178156.881061931,-1264588.7762971204
RKO-BASKET  Call-UO  1M  35Δ/H@10Δ,rko_basket,monthly,2024-02-29,338387.23515134485,3516544.1162132756,-926201.5411457759
RKO-BASKET  Call-UO  1M  35Δ/H@10Δ,rko_basket,monthly,2024-03-31,249297.0780092586,3765841.1942225336,-676904.4631365179
RKO-BASKET  Call-UO  1M  35Δ/H@10Δ,rko_basket,monthly,2024-04-30,37688.42355873404,3803529.6177812675,-639216.039577784
RKO-BASKET  Call-UO  1M  35Δ/H@10Δ,rko_basket,monthly,2024-05-31,-484769.31553045654,3318760.302250811,-1123985.3551082406
RKO-BASKET  Call-UO  1M  35Δ/H@10Δ,rko_basket,monthly,2024-06-30,702613.3056626251,4021373.6079134364,-421372.04944561515
RKO-BASKET  Call-UO  1M  35Δ/H@10Δ,rko_basket,monthly,2024-07-31,537332.6752835,4558706.283196936,0.0
RKO-BASKET  Call-UO  1M  35Δ/H@10Δ,rko_basket,monthly,2024-08-31,-448356.1422052491,4110350.1409916873,-448356.14220524905
RKO-BASKET  Call-UO  1M  35Δ/H@10Δ,rko_basket,monthly,2024-09-30,-839837.6794657975,3270512.46152589,-1288193.8216710463
RKO-BASKET  Call-UO  1M  35Δ/H@10Δ,rko_basket,monthly,2024-10-31,265733.94117799576,3536246.402703886,-1022459.8804930504
RKO-BASKET  Call-UO  1M  35Δ/H@10Δ,rko_basket,monthly,2024-11-30,1928829.8200110726,5465076.222714959,0.0
RKO-BASKET  Call-UO  1M  35Δ/H@10Δ,rko_basket,monthly,2024-12-31,1840906.4080673603,7305982.630782317,0.0
RKO-BASKET  Call-UO  1M  35Δ/H@10Δ,rko_basket,monthly,2025-01-31,1487145.7104073055,8793128.341189623,-219498.3392458763
RKO-BASKET  Call-UO  1M  35Δ/H@10Δ,rko_basket,monthly,2025-02-28,-746990.5655940729,8046137.77559555,-966488.9048399488
RKO-BASKET  Call-UO  1M  35Δ/H@10Δ,rko_basket,monthly,2025-03-31,-405383.97406761197,7640753.801527937,-1371872.8789075622
RKO-BASKET  Call-UO  1M  35Δ/H@10Δ,rko_basket,monthly,2025-04-30,-568960.2503303073,7071793.55119763,-1940833.1292378688
RKO-BASKET  Call-UO  1M  35Δ/H@10Δ,rko_basket,monthly,2025-05-31,-847877.9528270893,6223915.59837054,-2788711.082064959
RKO-BASKET  Call-UO  1M  35Δ/H@10Δ,rko_basket,monthly,2025-06-30,-804647.692547429,5419267.90582311,-3593358.7746123895
RKO-BASKET  Call-UO  1M  35Δ/H@10Δ,rko_basket,monthly,2025-07-31,-557252.4919134281,4862015.41390968,-4150611.266525819
RKO-BASKET  Call-UO  1M  35Δ/H@10Δ,rko_basket,monthly,2025-08-31,1516532.873704649,6378548.287614329,-2634078.3928211704
RKO-BASKET  Call-UO  1M  35Δ/H@10Δ,rko_basket,monthly,2025-09-30,904672.095553107,7283220.383167436,-1729406.2972680628
RKO-BASKET  Call-UO  1M  35Δ/H@10Δ,rko_basket,monthly,2025-10-31,577461.299720785,7860681.682888221,-1151944.9975472782
RKO-BASKET  Call-UO  1M  35Δ/H@10Δ,rko_basket,monthly,2025-11-30,1185469.5380320793,9046151.2209203,0.0
RKO-BASKET  Call-UO  1M  35Δ/H@10Δ,rko_basket,monthly,2025-12-31,-275256.65107447846,8770894.569845822,-567872.7543028537
RKO-BASKET  Call-UO  1M  35Δ/H@10Δ,rko_basket,monthly,2026-01-31,-380427.1318780333,8390467.437967788,-948299.886180887
RKO-BASKET  Call-UO  1M  35Δ/H@10Δ,rko_basket,monthly,2026-02-28,-764374.8461505934,7626092.5918171955,-1712674.73233148
RKO-BASKET  Call-UO  1M  35Δ/H@10Δ,rko_basket,monthly,2026-03-31,-86421.35899544402,7539671.2328217495,-1799096.091326926
RKO-BASKET  Call-UO  1M  35Δ/H@10Δ,rko_basket,monthly,2026-04-30,-546955.3332541153,6992715.899567634,-2346051.4245810416
RKO-BASKET  Call-UO  1M  35Δ/H@10Δ,rko_basket,monthly,2026-05-31,-125374.66399136127,6867341.235576273,-2471426.0885724025
RKO-BASKET  Call-UO  1M  35Δ/H@10Δ,rko_basket,annual,2023-12-31,2886344.547664699,2886344.547664698,-1556401.1096943533
RKO-BASKET  Call-UO  1M  35Δ/H@10Δ,rko_basket,annual,2024-12-31,4419638.083117622,7305982.630782317,0.0
RKO-BASKET  Call-UO  1M  35Δ/H@10Δ,rko_basket,annual,2025-12-31,1464911.939063509,8770894.569845822,-567872.7543028537
RKO-BASKET  Call-UO  1M  35Δ/H@10Δ,rko_basket,annual,2026-12-31,-1903553.3342695474,6867341.235576273,-2471426.0885724025
RKO-BASKET  Call-UO  1M  35Δ/H@5Δ,rko_basket,monthly,2023-02-28,2085741.5883360086,2085741.5883360084,0.0
RKO-BASKET  Call-UO  1M  35Δ/H@5Δ,rko_basket,monthly,2023-03-31,1298118.444886116,3383860.033222125,-449099.95008935034
RKO-BASKET  Call-UO  1M  35Δ/H@5Δ,rko_basket,monthly,2023-04-30,-753256.0507137211,2630603.982508404,-1202356.000803071
RKO-BASKET  Call-UO  1M  35Δ/H@5Δ,rko_basket,monthly,2023-05-31,1413264.3436849634,4043868.3261933676,0.0
RKO-BASKET  Call-UO  1M  35Δ/H@5Δ,rko_basket,monthly,2023-06-30,973120.7929669886,5016989.119160356,0.0
RKO-BASKET  Call-UO  1M  35Δ/H@5Δ,rko_basket,monthly,2023-07-31,1104124.1645597096,6121113.283720066,-282503.94908528123
RKO-BASKET  Call-UO  1M  35Δ/H@5Δ,rko_basket,monthly,2023-08-31,2327446.8423762945,8448560.12609636,0.0
RKO-BASKET  Call-UO  1M  35Δ/H@5Δ,rko_basket,monthly,2023-09-30,1352790.9165402264,9801351.042636584,0.0
RKO-BASKET  Call-UO  1M  35Δ/H@5Δ,rko_basket,monthly,2023-10-31,203048.13525669518,10004399.177893277,-295767.494235307
RKO-BASKET  Call-UO  1M  35Δ/H@5Δ,rko_basket,monthly,2023-11-30,-971315.2254325043,9033083.952460771,-1267082.7196678128
RKO-BASKET  Call-UO  1M  35Δ/H@5Δ,rko_basket,monthly,2023-12-31,-915964.0502965308,8117119.9021642385,-2183046.7699643457
RKO-BASKET  Call-UO  1M  35Δ/H@5Δ,rko_basket,monthly,2024-01-31,582556.3238406966,8699676.226004936,-1600490.4461236484
RKO-BASKET  Call-UO  1M  35Δ/H@5Δ,rko_basket,monthly,2024-02-29,251817.65136753663,8951493.87737247,-1348672.7947561145
RKO-BASKET  Call-UO  1M  35Δ/H@5Δ,rko_basket,monthly,2024-03-31,346034.2535171451,9297528.130889617,-1002638.5412389673
RKO-BASKET  Call-UO  1M  35Δ/H@5Δ,rko_basket,monthly,2024-04-30,1943975.720983647,11241503.851873264,0.0
RKO-BASKET  Call-UO  1M  35Δ/H@5Δ,rko_basket,monthly,2024-05-31,-76602.99374011075,11164900.858133152,-435912.12544761226
RKO-BASKET  Call-UO  1M  35Δ/H@5Δ,rko_basket,monthly,2024-06-30,544925.7483702917,11709826.606503446,0.0
RKO-BASKET  Call-UO  1M  35Δ/H@5Δ,rko_basket,monthly,2024-07-31,379323.99843587313,12089150.604939317,0.0
RKO-BASKET  Call-UO  1M  35Δ/H@5Δ,rko_basket,monthly,2024-08-31,-660220.4166546508,11428930.188284663,-660220.4166546538
RKO-BASKET  Call-UO  1M  35Δ/H@5Δ,rko_basket,monthly,2024-09-30,-1308089.4142991605,10120840.773985503,-1968309.830953814
RKO-BASKET  Call-UO  1M  35Δ/H@5Δ,rko_basket,monthly,2024-10-31,545823.5537500605,10666664.327735566,-1422486.2772037517
RKO-BASKET  Call-UO  1M  35Δ/H@5Δ,rko_basket,monthly,2024-11-30,2875044.3824375877,13541708.710173152,0.0
RKO-BASKET  Call-UO  1M  35Δ/H@5Δ,rko_basket,monthly,2024-12-31,1919629.7666656084,15461338.47683876,0.0
RKO-BASKET  Call-UO  1M  35Δ/H@5Δ,rko_basket,monthly,2025-01-31,2792208.34768253,18253546.824521292,-297031.307558354
RKO-BASKET  Call-UO  1M  35Δ/H@5Δ,rko_basket,monthly,2025-02-28,-824479.3224865095,17429067.502034783,-1121510.6300448626
RKO-BASKET  Call-UO  1M  35Δ/H@5Δ,rko_basket,monthly,2025-03-31,-720658.672617741,16708408.829417046,-1842169.3026625998
RKO-BASKET  Call-UO  1M  35Δ/H@5Δ,rko_basket,monthly,2025-04-30,-934180.3632553108,15774228.466161732,-2776349.6659179144
RKO-BASKET  Call-UO  1M  35Δ/H@5Δ,rko_basket,monthly,2025-05-31,-1304893.9435603735,14469334.522601362,-4081243.6094782837
RKO-BASKET  Call-UO  1M  35Δ/H@5Δ,rko_basket,monthly,2025-06-30,-1533021.3716844432,12936313.150916921,-5614264.981162725
RKO-BASKET  Call-UO  1M  35Δ/H@5Δ,rko_basket,monthly,2025-07-31,-92721.6519487775,12843591.498968143,-5706986.633111503
RKO-BASKET  Call-UO  1M  35Δ/H@5Δ,rko_basket,monthly,2025-08-31,4135947.4421893796,16979538.941157524,-1571039.1909221224
RKO-BASKET  Call-UO  1M  35Δ/H@5Δ,rko_basket,monthly,2025-09-30,499709.30676151795,17479248.247919038,-1071329.884160608
RKO-BASKET  Call-UO  1M  35Δ/H@5Δ,rko_basket,monthly,2025-10-31,956155.347784695,18435403.595703736,-115174.53637591004
RKO-BASKET  Call-UO  1M  35Δ/H@5Δ,rko_basket,monthly,2025-11-30,1911054.974892625,20346458.570596367,0.0
RKO-BASKET  Call-UO  1M  35Δ/H@5Δ,rko_basket,monthly,2025-12-31,-280688.8632237186,20065769.70737265,-763652.5299390852
RKO-BASKET  Call-UO  1M  35Δ/H@5Δ,rko_basket,monthly,2026-01-31,-247886.82181072843,19817882.885561913,-1011539.3517498225
RKO-BASKET  Call-UO  1M  35Δ/H@5Δ,rko_basket,monthly,2026-02-28,-1073448.0425581015,18744434.843003813,-2084987.3943079226
RKO-BASKET  Call-UO  1M  35Δ/H@5Δ,rko_basket,monthly,2026-03-31,1453231.334379151,20197666.177382965,-631756.0599287711
RKO-BASKET  Call-UO  1M  35Δ/H@5Δ,rko_basket,monthly,2026-04-30,-664737.8365384301,19532928.340844534,-1296493.8964672014
RKO-BASKET  Call-UO  1M  35Δ/H@5Δ,rko_basket,monthly,2026-05-31,-167201.52318213996,19365726.817662396,-1463695.4196493402
RKO-BASKET  Call-UO  1M  35Δ/H@5Δ,rko_basket,annual,2023-12-31,8117119.902164246,8117119.9021642385,-2183046.7699643457
RKO-BASKET  Call-UO  1M  35Δ/H@5Δ,rko_basket,annual,2024-12-31,7344218.574674524,15461338.47683876,0.0
RKO-BASKET  Call-UO  1M  35Δ/H@5Δ,rko_basket,annual,2025-12-31,4604431.230533873,20065769.70737265,-763652.5299390852
RKO-BASKET  Call-UO  1M  35Δ/H@5Δ,rko_basket,annual,2026-12-31,-700042.8897102489,19365726.817662396,-1463695.4196493402
RKO-BASKET  Call-UO  1M  30Δ/H@20Δ,rko_basket,monthly,2023-02-28,75915.02637303855,75915.02637303856,-21988.704437282344
RKO-BASKET  Call-UO  1M  30Δ/H@20Δ,rko_basket,monthly,2023-03-31,-211152.20553191678,-135237.17915887822,-233140.90996919913
RKO-BASKET  Call-UO  1M  30Δ/H@20Δ,rko_basket,monthly,2023-04-30,-148165.3094191008,-283402.48857797903,-381306.21938829997
RKO-BASKET  Call-UO  1M  30Δ/H@20Δ,rko_basket,monthly,2023-05-31,8953.699634970337,-274448.7889430087,-372352.5197533296
RKO-BASKET  Call-UO  1M  30Δ/H@20Δ,rko_basket,monthly,2023-06-30,-167633.15893638815,-442081.9478793969,-539985.6786897178
RKO-BASKET  Call-UO  1M  30Δ/H@20Δ,rko_basket,monthly,2023-07-31,-191717.15431653959,-633799.1021959365,-731702.8330062574
RKO-BASKET  Call-UO  1M  30Δ/H@20Δ,rko_basket,monthly,2023-08-31,-216287.4847994194,-850086.5869953561,-947990.3178056771
RKO-BASKET  Call-UO  1M  30Δ/H@20Δ,rko_basket,monthly,2023-09-30,-30615.24248254487,-880701.8294779009,-978605.5602882218
RKO-BASKET  Call-UO  1M  30Δ/H@20Δ,rko_basket,monthly,2023-10-31,-179927.9397305914,-1060629.769208492,-1158533.500018813
RKO-BASKET  Call-UO  1M  30Δ/H@20Δ,rko_basket,monthly,2023-11-30,-226102.98936137967,-1286732.758569872,-1384636.489380193
RKO-BASKET  Call-UO  1M  30Δ/H@20Δ,rko_basket,monthly,2023-12-31,-195406.25286729066,-1482139.0114371625,-1580042.7422474835
RKO-BASKET  Call-UO  1M  30Δ/H@20Δ,rko_basket,monthly,2024-01-31,-209917.22428427576,-1692056.2357214384,-1789959.9665317594
RKO-BASKET  Call-UO  1M  30Δ/H@20Δ,rko_basket,monthly,2024-02-29,-97931.92247487634,-1789988.1581963145,-1887891.8890066354
RKO-BASKET  Call-UO  1M  30Δ/H@20Δ,rko_basket,monthly,2024-03-31,-144961.4320843857,-1934949.5902807007,-2032853.3210910216
RKO-BASKET  Call-UO  1M  30Δ/H@20Δ,rko_basket,monthly,2024-04-30,-193692.63103245347,-2128642.2213131543,-2226545.9521234753
RKO-BASKET  Call-UO  1M  30Δ/H@20Δ,rko_basket,monthly,2024-05-31,-206633.9829957136,-2335276.204308868,-2433179.935119189
RKO-BASKET  Call-UO  1M  30Δ/H@20Δ,rko_basket,monthly,2024-06-30,-31416.391567036786,-2366692.5958759044,-2464596.3266862254
RKO-BASKET  Call-UO  1M  30Δ/H@20Δ,rko_basket,monthly,2024-07-31,-130588.21899492251,-2497280.814870827,-2595184.545681148
RKO-BASKET  Call-UO  1M  30Δ/H@20Δ,rko_basket,monthly,2024-08-31,-131839.47321411734,-2629120.2880849442,-2727024.018895265
RKO-BASKET  Call-UO  1M  30Δ/H@20Δ,rko_basket,monthly,2024-09-30,-209818.21923436056,-2838938.5073193046,-2936842.2381296256
RKO-BASKET  Call-UO  1M  30Δ/H@20Δ,rko_basket,monthly,2024-10-31,-151909.12588800385,-2990847.6332073077,-3088751.3640176286
RKO-BASKET  Call-UO  1M  30Δ/H@20Δ,rko_basket,monthly,2024-11-30,66966.84600111097,-2923880.7872061967,-3021784.5180165176
RKO-BASKET  Call-UO  1M  30Δ/H@20Δ,rko_basket,monthly,2024-12-31,25135.25460973713,-2898745.5325964596,-2996649.2634067805
RKO-BASKET  Call-UO  1M  30Δ/H@20Δ,rko_basket,monthly,2025-01-31,-116513.20611970681,-3015258.738716166,-3113162.469526487
RKO-BASKET  Call-UO  1M  30Δ/H@20Δ,rko_basket,monthly,2025-02-28,-214283.68303519968,-3229542.421751365,-3327446.152561686
RKO-BASKET  Call-UO  1M  30Δ/H@20Δ,rko_basket,monthly,2025-03-31,-90101.07402116792,-3319643.495772533,-3417547.226582854
RKO-BASKET  Call-UO  1M  30Δ/H@20Δ,rko_basket,monthly,2025-04-30,-221862.42436632255,-3541505.920138856,-3639409.650949177
RKO-BASKET  Call-UO  1M  30Δ/H@20Δ,rko_basket,monthly,2025-05-31,-214251.8752457279,-3755757.7953845845,-3853661.5261949054
RKO-BASKET  Call-UO  1M  30Δ/H@20Δ,rko_basket,monthly,2025-06-30,-166402.47219468316,-3922160.2675792673,-4020063.998389588
RKO-BASKET  Call-UO  1M  30Δ/H@20Δ,rko_basket,monthly,2025-07-31,-123295.95462118,-4045456.2222004468,-4143359.9530107677
RKO-BASKET  Call-UO  1M  30Δ/H@20Δ,rko_basket,monthly,2025-08-31,-149272.52024082374,-4194728.7424412705,-4292632.473251591
RKO-BASKET  Call-UO  1M  30Δ/H@20Δ,rko_basket,monthly,2025-09-30,-119150.90104690345,-4313879.643488172,-4411783.374298493
RKO-BASKET  Call-UO  1M  30Δ/H@20Δ,rko_basket,monthly,2025-10-31,46590.200113581195,-4267289.44337459,-4365193.174184911
RKO-BASKET  Call-UO  1M  30Δ/H@20Δ,rko_basket,monthly,2025-11-30,60431.62681884717,-4206857.816555743,-4304761.547366064
RKO-BASKET  Call-UO  1M  30Δ/H@20Δ,rko_basket,monthly,2025-12-31,-217086.27502644996,-4423944.091582192,-4521847.822392513
RKO-BASKET  Call-UO  1M  30Δ/H@20Δ,rko_basket,monthly,2026-01-31,-124834.94944074666,-4548779.041022939,-4646682.77183326
RKO-BASKET  Call-UO  1M  30Δ/H@20Δ,rko_basket,monthly,2026-02-28,-211542.27275564696,-4760321.313778585,-4858225.044588906
RKO-BASKET  Call-UO  1M  30Δ/H@20Δ,rko_basket,monthly,2026-03-31,-94516.9688533048,-4854838.282631891,-4952742.013442212
RKO-BASKET  Call-UO  1M  30Δ/H@20Δ,rko_basket,monthly,2026-04-30,-233073.50792647997,-5087911.790558369,-5185815.52136869
RKO-BASKET  Call-UO  1M  30Δ/H@20Δ,rko_basket,monthly,2026-05-31,-43945.851057190965,-5131857.641615559,-5229761.37242588
RKO-BASKET  Call-UO  1M  30Δ/H@20Δ,rko_basket,annual,2023-12-31,-1482139.0114371625,-1482139.0114371625,-1580042.7422474835
RKO-BASKET  Call-UO  1M  30Δ/H@20Δ,rko_basket,annual,2024-12-31,-1416606.5211592978,-2898745.5325964596,-2996649.2634067805
RKO-BASKET  Call-UO  1M  30Δ/H@20Δ,rko_basket,annual,2025-12-31,-1525198.5589857367,-4423944.091582192,-4521847.822392513
RKO-BASKET  Call-UO  1M  30Δ/H@20Δ,rko_basket,annual,2026-12-31,-707913.5500333693,-5131857.641615559,-5229761.37242588
RKO-BASKET  Call-UO  1M  30Δ/H@15Δ,rko_basket,monthly,2023-02-28,505975.26140907593,505975.26140907593,0.0
RKO-BASKET  Call-UO  1M  30Δ/H@15Δ,rko_basket,monthly,2023-03-31,-325441.50086847803,180533.76054059772,-325441.5008684782
RKO-BASKET  Call-UO  1M  30Δ/H@15Δ,rko_basket,monthly,2023-04-30,-268653.8594758306,-88120.09893523292,-594095.3603443089
RKO-BASKET  Call-UO  1M  30Δ/H@15Δ,rko_basket,monthly,2023-05-31,352041.2275456382,263921.1286104053,-242054.13279867062
RKO-BASKET  Call-UO  1M  30Δ/H@15Δ,rko_basket,monthly,2023-06-30,-104549.01537510366,159372.11323530163,-346603.1481737743
RKO-BASKET  Call-UO  1M  30Δ/H@15Δ,rko_basket,monthly,2023-07-31,-162341.2128405309,-2969.0996052292685,-508944.3610143052
RKO-BASKET  Call-UO  1M  30Δ/H@15Δ,rko_basket,monthly,2023-08-31,195949.2626390294,192980.16303380005,-312995.09837527585
RKO-BASKET  Call-UO  1M  30Δ/H@15Δ,rko_basket,monthly,2023-09-30,81693.90469527483,274674.06772907486,-231301.19368000107
RKO-BASKET  Call-UO  1M  30Δ/H@15Δ,rko_basket,monthly,2023-10-31,-119158.04578593347,155516.02194314147,-350459.23946593446
RKO-BASKET  Call-UO  1M  30Δ/H@15Δ,rko_basket,monthly,2023-11-30,-334245.98079478403,-178729.95885164253,-684705.2202607185
RKO-BASKET  Call-UO  1M  30Δ/H@15Δ,rko_basket,monthly,2023-12-31,-296813.461485478,-475543.42033712054,-981518.6817461965
RKO-BASKET  Call-UO  1M  30Δ/H@15Δ,rko_basket,monthly,2024-01-31,-138726.98877673753,-614270.4091138581,-1120245.670522934
RKO-BASKET  Call-UO  1M  30Δ/H@15Δ,rko_basket,monthly,2024-02-29,-144880.55287977506,-759150.9619936332,-1265126.2234027092
RKO-BASKET  Call-UO  1M  30Δ/H@15Δ,rko_basket,monthly,2024-03-31,-21119.173189941524,-780270.1351835744,-1286245.3965926503
RKO-BASKET  Call-UO  1M  30Δ/H@15Δ,rko_basket,monthly,2024-04-30,-224331.19990983786,-1004601.3350934124,-1510576.5965024885
RKO-BASKET  Call-UO  1M  30Δ/H@15Δ,rko_basket,monthly,2024-05-31,-295004.9143081731,-1299606.2494015854,-1805581.5108106614
RKO-BASKET  Call-UO  1M  30Δ/H@15Δ,rko_basket,monthly,2024-06-30,325148.27136953006,-974457.9780320554,-1480433.2394411312
RKO-BASKET  Call-UO  1M  30Δ/H@15Δ,rko_basket,monthly,2024-07-31,34081.13554343753,-940376.8424886181,-1446352.103897694
RKO-BASKET  Call-UO  1M  30Δ/H@15Δ,rko_basket,monthly,2024-08-31,-209296.75490310008,-1149673.5973917183,-1655648.8588007942
RKO-BASKET  Call-UO  1M  30Δ/H@15Δ,rko_basket,monthly,2024-09-30,-332809.37737362075,-1482482.974765339,-1988458.2361744149
RKO-BASKET  Call-UO  1M  30Δ/H@15Δ,rko_basket,monthly,2024-10-31,-190094.99117858007,-1672577.9659439193,-2178553.2273529954
RKO-BASKET  Call-UO  1M  30Δ/H@15Δ,rko_basket,monthly,2024-11-30,514779.2821117212,-1157798.6838321977,-1663773.9452412736
RKO-BASKET  Call-UO  1M  30Δ/H@15Δ,rko_basket,monthly,2024-12-31,311477.5225503022,-846321.1612818955,-1352296.4226909713
RKO-BASKET  Call-UO  1M  30Δ/H@15Δ,rko_basket,monthly,2025-01-31,193022.89455231465,-653298.2667295807,-1159273.5281386566
RKO-BASKET  Call-UO  1M  30Δ/H@15Δ,rko_basket,monthly,2025-02-28,-337603.22769088496,-990901.4944204657,-1496876.7558295415
RKO-BASKET  Call-UO  1M  30Δ/H@15Δ,rko_basket,monthly,2025-03-31,-181078.13251161063,-1171979.6269320762,-1677954.888341152
RKO-BASKET  Call-UO  1M  30Δ/H@15Δ,rko_basket,monthly,2025-04-30,-218967.998655446,-1390947.625587522,-1896922.886996598
RKO-BASKET  Call-UO  1M  30Δ/H@15Δ,rko_basket,monthly,2025-05-31,-337940.96034199855,-1728888.585929521,-2234863.847338597
RKO-BASKET  Call-UO  1M  30Δ/H@15Δ,rko_basket,monthly,2025-06-30,-236632.9971490314,-1965521.5830785518,-2471496.844487628
RKO-BASKET  Call-UO  1M  30Δ/H@15Δ,rko_basket,monthly,2025-07-31,-217493.7705605555,-2183015.3536391063,-2688990.615048182
RKO-BASKET  Call-UO  1M  30Δ/H@15Δ,rko_basket,monthly,2025-08-31,223060.36397371595,-1959954.9896653905,-2465930.2510744664
RKO-BASKET  Call-UO  1M  30Δ/H@15Δ,rko_basket,monthly,2025-09-30,17247.012592226256,-1942707.9770731642,-2448683.23848224
RKO-BASKET  Call-UO  1M  30Δ/H@15Δ,rko_basket,monthly,2025-10-31,312632.9336734419,-1630075.043399722,-2136050.3048087982
RKO-BASKET  Call-UO  1M  30Δ/H@15Δ,rko_basket,monthly,2025-11-30,454205.9756748427,-1175869.0677248796,-1681844.3291339555
RKO-BASKET  Call-UO  1M  30Δ/H@15Δ,rko_basket,monthly,2025-12-31,-239608.25565958166,-1415477.3233844612,-1921452.5847935372
RKO-BASKET  Call-UO  1M  30Δ/H@15Δ,rko_basket,monthly,2026-01-31,-248865.60567631782,-1664342.929060779,-2170318.190469855
RKO-BASKET  Call-UO  1M  30Δ/H@15Δ,rko_basket,monthly,2026-02-28,-323072.42038760375,-1987415.3494483826,-2493390.610857459
RKO-BASKET  Call-UO  1M  30Δ/H@15Δ,rko_basket,monthly,2026-03-31,-70852.67774927268,-2058268.027197655,-2564243.288606731
RKO-BASKET  Call-UO  1M  30Δ/H@15Δ,rko_basket,monthly,2026-04-30,-331814.54802133085,-2390082.5752189863,-2896057.836628062
RKO-BASKET  Call-UO  1M  30Δ/H@15Δ,rko_basket,monthly,2026-05-31,-66059.20787963089,-2456141.783098617,-2962117.044507693
RKO-BASKET  Call-UO  1M  30Δ/H@15Δ,rko_basket,annual,2023-12-31,-475543.42033712036,-475543.42033712054,-981518.6817461965
RKO-BASKET  Call-UO  1M  30Δ/H@15Δ,rko_basket,annual,2024-12-31,-370777.74094477494,-846321.1612818955,-1352296.4226909713
RKO-BASKET  Call-UO  1M  30Δ/H@15Δ,rko_basket,annual,2025-12-31,-569156.1621025673,-1415477.3233844612,-1921452.5847935372
RKO-BASKET  Call-UO  1M  30Δ/H@15Δ,rko_basket,annual,2026-12-31,-1040664.459714156,-2456141.783098617,-2962117.044507693
RKO-BASKET  Call-UO  1M  30Δ/H@10Δ,rko_basket,monthly,2023-02-28,1521412.8456170277,1521412.845617028,0.0
RKO-BASKET  Call-UO  1M  30Δ/H@10Δ,rko_basket,monthly,2023-03-31,-52394.947603695226,1469017.8980133329,-270760.78323455947
RKO-BASKET  Call-UO  1M  30Δ/H@10Δ,rko_basket,monthly,2023-04-30,-388614.73284686543,1080403.1651664674,-659375.5160814249
RKO-BASKET  Call-UO  1M  30Δ/H@10Δ,rko_basket,monthly,2023-05-31,509976.9105661979,1590380.0757326656,-149398.60551522672
RKO-BASKET  Call-UO  1M  30Δ/H@10Δ,rko_basket,monthly,2023-06-30,-243545.3924727983,1346834.6832598671,-392943.9979880252
RKO-BASKET  Call-UO  1M  30Δ/H@10Δ,rko_basket,monthly,2023-07-31,-134796.3483667889,1212038.3348930785,-527740.3463548138
RKO-BASKET  Call-UO  1M  30Δ/H@10Δ,rko_basket,monthly,2023-08-31,785302.2528722389,1997340.5877653172,-15608.878801255254
RKO-BASKET  Call-UO  1M  30Δ/H@10Δ,rko_basket,monthly,2023-09-30,401705.8407070496,2399046.4284723666,0.0
RKO-BASKET  Call-UO  1M  30Δ/H@10Δ,rko_basket,monthly,2023-10-31,-57087.9775099759,2341958.4509623917,-168412.69576745806
RKO-BASKET  Call-UO  1M  30Δ/H@10Δ,rko_basket,monthly,2023-11-30,-515486.0206733414,1826472.43028905,-683898.7164407996
RKO-BASKET  Call-UO  1M  30Δ/H@10Δ,rko_basket,monthly,2023-12-31,-473508.9309568251,1352963.4993322254,-1157407.6473976243
RKO-BASKET  Call-UO  1M  30Δ/H@10Δ,rko_basket,monthly,2024-01-31,90227.99040459945,1443191.4897368245,-1067179.6569930252
RKO-BASKET  Call-UO  1M  30Δ/H@10Δ,rko_basket,monthly,2024-02-29,-45290.484403341914,1397901.005333483,-1112470.1413963668
RKO-BASKET  Call-UO  1M  30Δ/H@10Δ,rko_basket,monthly,2024-03-31,93825.93197376323,1491726.937307246,-1018644.2094226037
RKO-BASKET  Call-UO  1M  30Δ/H@10Δ,rko_basket,monthly,2024-04-30,20342.224915699808,1512069.1622229458,-998301.9845069039
RKO-BASKET  Call-UO  1M  30Δ/H@10Δ,rko_basket,monthly,2024-05-31,-360072.045405195,1151997.116817751,-1358374.0299120988
RKO-BASKET  Call-UO  1M  30Δ/H@10Δ,rko_basket,monthly,2024-06-30,367915.9861002166,1519913.1029179676,-990458.0438118821
RKO-BASKET  Call-UO  1M  30Δ/H@10Δ,rko_basket,monthly,2024-07-31,241990.27440241486,1761903.3773203827,-748467.769409467
RKO-BASKET  Call-UO  1M  30Δ/H@10Δ,rko_basket,monthly,2024-08-31,-362618.7871554841,1399284.590164899,-1111086.5565649508
RKO-BASKET  Call-UO  1M  30Δ/H@10Δ,rko_basket,monthly,2024-09-30,-574568.2826885663,824716.3074763324,-1685654.8392535173
RKO-BASKET  Call-UO  1M  30Δ/H@10Δ,rko_basket,monthly,2024-10-31,116871.58414821894,941587.8916245516,-1568783.255105298
RKO-BASKET  Call-UO  1M  30Δ/H@10Δ,rko_basket,monthly,2024-11-30,1010927.85430833,1952515.7459328813,-557855.4007969685
RKO-BASKET  Call-UO  1M  30Δ/H@10Δ,rko_basket,monthly,2024-12-31,1066942.3655819125,3019458.1115147932,0.0
RKO-BASKET  Call-UO  1M  30Δ/H@10Δ,rko_basket,monthly,2025-01-31,1023444.4449354142,4042902.5564502077,-161670.8447470395
RKO-BASKET  Call-UO  1M  30Δ/H@10Δ,rko_basket,monthly,2025-02-28,-503711.37232399225,3539191.184126216,-665382.2170710312
RKO-BASKET  Call-UO  1M  30Δ/H@10Δ,rko_basket,monthly,2025-03-31,-355476.40753698215,3183714.7765892344,-1020858.6246080128
RKO-BASKET  Call-UO  1M  30Δ/H@10Δ,rko_basket,monthly,2025-04-30,-433203.9827595302,2750510.7938297032,-1454062.607367544
RKO-BASKET  Call-UO  1M  30Δ/H@10Δ,rko_basket,monthly,2025-05-31,-598342.0743752876,2152168.719454416,-2052404.6817428311
RKO-BASKET  Call-UO  1M  30Δ/H@10Δ,rko_basket,monthly,2025-06-30,-576640.7524911119,1575527.9669633042,-2629045.434233943
RKO-BASKET  Call-UO  1M  30Δ/H@10Δ,rko_basket,monthly,2025-07-31,-382451.38826046133,1193076.5787028428,-3011496.8224944044
RKO-BASKET  Call-UO  1M  30Δ/H@10Δ,rko_basket,monthly,2025-08-31,1112560.9328493718,2305637.511552215,-1898935.8896450321
RKO-BASKET  Call-UO  1M  30Δ/H@10Δ,rko_basket,monthly,2025-09-30,550498.144253442,2856135.6558056576,-1348437.7453915896
RKO-BASKET  Call-UO  1M  30Δ/H@10Δ,rko_basket,monthly,2025-10-31,240315.25635984508,3096450.912165504,-1108122.4890317433
RKO-BASKET  Call-UO  1M  30Δ/H@10Δ,rko_basket,monthly,2025-11-30,784775.8536411385,3881226.7658066424,-323346.63539060485
RKO-BASKET  Call-UO  1M  30Δ/H@10Δ,rko_basket,monthly,2025-12-31,-237963.5896473487,3643263.1761592934,-561310.2250379538
RKO-BASKET  Call-UO  1M  30Δ/H@10Δ,rko_basket,monthly,2026-01-31,-303758.63925108605,3339504.5369082075,-865068.8642890397
RKO-BASKET  Call-UO  1M  30Δ/H@10Δ,rko_basket,monthly,2026-02-28,-530352.8277243376,2809151.70918387,-1395421.6920133773
RKO-BASKET  Call-UO  1M  30Δ/H@10Δ,rko_basket,monthly,2026-03-31,-119624.85955233197,2689526.8496315363,-1515046.551565711
RKO-BASKET  Call-UO  1M  30Δ/H@10Δ,rko_basket,monthly,2026-04-30,-408867.3320151672,2280659.517616369,-1923913.8835808784
RKO-BASKET  Call-UO  1M  30Δ/H@10Δ,rko_basket,monthly,2026-05-31,-99481.50697367375,2181178.0106426952,-2023395.390554552
RKO-BASKET  Call-UO  1M  30Δ/H@10Δ,rko_basket,annual,2023-12-31,1352963.4993322238,1352963.4993322254,-1157407.6473976243
RKO-BASKET  Call-UO  1M  30Δ/H@10Δ,rko_basket,annual,2024-12-31,1666494.6121825683,3019458.1115147932,0.0
RKO-BASKET  Call-UO  1M  30Δ/H@10Δ,rko_basket,annual,2025-12-31,623805.0646444974,3643263.1761592934,-561310.2250379538
RKO-BASKET  Call-UO  1M  30Δ/H@10Δ,rko_basket,annual,2026-12-31,-1462085.1655165965,2181178.0106426952,-2023395.390554552
RKO-BASKET  Call-UO  1M  30Δ/H@5Δ,rko_basket,monthly,2023-02-28,1547995.4991672772,1547995.4991672775,0.0
RKO-BASKET  Call-UO  1M  30Δ/H@5Δ,rko_basket,monthly,2023-03-31,1064296.936934034,2612292.4361013114,-346756.116258807
RKO-BASKET  Call-UO  1M  30Δ/H@5Δ,rko_basket,monthly,2023-04-30,-670072.5964136104,1942219.839687701,-1016828.7126724173
RKO-BASKET  Call-UO  1M  30Δ/H@5Δ,rko_basket,monthly,2023-05-31,884758.2289045674,2826978.068592268,-132070.48376785032
RKO-BASKET  Call-UO  1M  30Δ/H@5Δ,rko_basket,monthly,2023-06-30,760180.0145015607,3587158.0830938295,0.0
RKO-BASKET  Call-UO  1M  30Δ/H@5Δ,rko_basket,monthly,2023-07-31,852111.0982464557,4439269.1813402865,-221435.9596423721
RKO-BASKET  Call-UO  1M  30Δ/H@5Δ,rko_basket,monthly,2023-08-31,1684572.0199295247,6123841.20126981,0.0
RKO-BASKET  Call-UO  1M  30Δ/H@5Δ,rko_basket,monthly,2023-09-30,912088.071269647,7035929.272539459,-2823.072658844292
RKO-BASKET  Call-UO  1M  30Δ/H@5Δ,rko_basket,monthly,2023-10-31,-29728.539777579397,7006200.7327618785,-368483.72690298315
RKO-BASKET  Call-UO  1M  30Δ/H@5Δ,rko_basket,monthly,2023-11-30,-714814.1154385387,6291386.617323339,-1083297.8423415227
RKO-BASKET  Call-UO  1M  30Δ/H@5Δ,rko_basket,monthly,2023-12-31,-667619.1844712669,5623767.432852072,-1750917.02681279
RKO-BASKET  Call-UO  1M  30Δ/H@5Δ,rko_basket,monthly,2024-01-31,317238.8496517171,5941006.282503789,-1433678.1771610724
RKO-BASKET  Call-UO  1M  30Δ/H@5Δ,rko_basket,monthly,2024-02-29,-118216.0399448348,5822790.242558954,-1551894.2171059074
RKO-BASKET  Call-UO  1M  30Δ/H@5Δ,rko_basket,monthly,2024-03-31,164387.56251555367,5987177.8050745055,-1387506.6545903562
RKO-BASKET  Call-UO  1M  30Δ/H@5Δ,rko_basket,monthly,2024-04-30,1575704.7298895966,7562882.534964101,0.0
RKO-BASKET  Call-UO  1M  30Δ/H@5Δ,rko_basket,monthly,2024-05-31,-87806.6454372778,7475075.889526823,-331431.5562849771
RKO-BASKET  Call-UO  1M  30Δ/H@5Δ,rko_basket,monthly,2024-06-30,227340.65731219278,7702416.546839014,-104090.89897278603
RKO-BASKET  Call-UO  1M  30Δ/H@5Δ,rko_basket,monthly,2024-07-31,101666.59761414272,7804083.144453157,-2424.301358642988
RKO-BASKET  Call-UO  1M  30Δ/H@5Δ,rko_basket,monthly,2024-08-31,-544567.0076213473,7259516.136831809,-546991.3089799909
RKO-BASKET  Call-UO  1M  30Δ/H@5Δ,rko_basket,monthly,2024-09-30,-961242.6593112908,6298273.477520518,-1508233.9682912817
RKO-BASKET  Call-UO  1M  30Δ/H@5Δ,rko_basket,monthly,2024-10-31,375858.9486591944,6674132.426179712,-1132375.019632088
RKO-BASKET  Call-UO  1M  30Δ/H@5Δ,rko_basket,monthly,2024-11-30,1767228.180070861,8441360.606250573,0.0
RKO-BASKET  Call-UO  1M  30Δ/H@5Δ,rko_basket,monthly,2024-12-31,1106198.2582889704,9547558.86453954,0.0
RKO-BASKET  Call-UO  1M  30Δ/H@5Δ,rko_basket,monthly,2025-01-31,2091247.6528953053,11638806.517434847,-226959.0942356307
RKO-BASKET  Call-UO  1M  30Δ/H@5Δ,rko_basket,monthly,2025-02-28,-618289.8558899104,11020516.661544938,-845248.9501255397
RKO-BASKET  Call-UO  1M  30Δ/H@5Δ,rko_basket,monthly,2025-03-31,-609019.8997444843,10411496.761800451,-1454268.849870026
RKO-BASKET  Call-UO  1M  30Δ/H@5Δ,rko_basket,monthly,2025-04-30,-742157.6276516973,9669339.134148756,-2196426.4775217213
RKO-BASKET  Call-UO  1M  30Δ/H@5Δ,rko_basket,monthly,2025-05-31,-967489.5088464136,8701849.625302339,-3163915.9863681383
RKO-BASKET  Call-UO  1M  30Δ/H@5Δ,rko_basket,monthly,2025-06-30,-1171042.334149129,7530807.29115321,-4334958.320517267
RKO-BASKET  Call-UO  1M  30Δ/H@5Δ,rko_basket,monthly,2025-07-31,43168.397315179696,7573975.688468391,-4291789.923202086
RKO-BASKET  Call-UO  1M  30Δ/H@5Δ,rko_basket,monthly,2025-08-31,3278876.6615454024,10852852.350013793,-1012913.2616566848
RKO-BASKET  Call-UO  1M  30Δ/H@5Δ,rko_basket,monthly,2025-09-30,220103.4815264771,11072955.831540266,-792809.7801302113
RKO-BASKET  Call-UO  1M  30Δ/H@5Δ,rko_basket,monthly,2025-10-31,567773.6041006016,11640729.43564087,-225036.17602960765
RKO-BASKET  Call-UO  1M  30Δ/H@5Δ,rko_basket,monthly,2025-11-30,1386146.9471810632,13026876.38282193,0.0
RKO-BASKET  Call-UO  1M  30Δ/H@5Δ,rko_basket,monthly,2025-12-31,-237795.31014144217,12789081.072680485,-612846.6003286093
RKO-BASKET  Call-UO  1M  30Δ/H@5Δ,rko_basket,monthly,2026-01-31,-183239.18191647128,12605841.890764013,-796085.7822450809
RKO-BASKET  Call-UO  1M  30Δ/H@5Δ,rko_basket,monthly,2026-02-28,-782328.1746036547,11823513.71616036,-1578413.9568487331
RKO-BASKET  Call-UO  1M  30Δ/H@5Δ,rko_basket,monthly,2026-03-31,1119071.3479370964,12942585.064097457,-459342.6089116372
RKO-BASKET  Call-UO  1M  30Δ/H@5Δ,rko_basket,monthly,2026-04-30,-524500.3353595769,12418084.72873788,-983842.9442712143
RKO-BASKET  Call-UO  1M  30Δ/H@5Δ,rko_basket,monthly,2026-05-31,-132363.94590590344,12285720.782831974,-1116206.8901771195
RKO-BASKET  Call-UO  1M  30Δ/H@5Δ,rko_basket,annual,2023-12-31,5623767.432852072,5623767.432852072,-1750917.02681279
RKO-BASKET  Call-UO  1M  30Δ/H@5Δ,rko_basket,annual,2024-12-31,3923791.431687478,9547558.86453954,0.0
RKO-BASKET  Call-UO  1M  30Δ/H@5Δ,rko_basket,annual,2025-12-31,3241522.2081409525,12789081.072680485,-612846.6003286093
RKO-BASKET  Call-UO  1M  30Δ/H@5Δ,rko_basket,annual,2026-12-31,-503360.2898485099,12285720.782831974,-1116206.8901771195
RKO-BASKET  Call-UO  6W  ATM/H@20Δ,rko_basket,monthly,2023-02-28,678601.8014289963,678601.8014289963,0.0
RKO-BASKET  Call-UO  6W  ATM/H@20Δ,rko_basket,monthly,2023-03-31,-676344.2620920028,2257.539336993337,-727300.8274288974
RKO-BASKET  Call-UO  6W  ATM/H@20Δ,rko_basket,monthly,2023-04-30,-393297.9638438084,-391040.42450681515,-1120598.791272706
RKO-BASKET  Call-UO  6W  ATM/H@20Δ,rko_basket,monthly,2023-05-31,3097427.587856818,2706387.1633500033,0.0
RKO-BASKET  Call-UO  6W  ATM/H@20Δ,rko_basket,monthly,2023-06-30,363060.3859930475,3069447.549343051,0.0
RKO-BASKET  Call-UO  6W  ATM/H@20Δ,rko_basket,monthly,2023-07-31,-551841.4563439157,2517606.092999135,-763481.04912055
RKO-BASKET  Call-UO  6W  ATM/H@20Δ,rko_basket,monthly,2023-08-31,375094.2064189526,2892700.2994180876,-388386.8427015976
RKO-BASKET  Call-UO  6W  ATM/H@20Δ,rko_basket,monthly,2023-09-30,1229464.9442761184,4122165.243694206,0.0
RKO-BASKET  Call-UO  6W  ATM/H@20Δ,rko_basket,monthly,2023-10-31,2181081.7983939988,6303247.042088204,0.0
RKO-BASKET  Call-UO  6W  ATM/H@20Δ,rko_basket,monthly,2023-11-30,-578989.9729846941,5724257.06910351,-726859.8428578051
RKO-BASKET  Call-UO  6W  ATM/H@20Δ,rko_basket,monthly,2023-12-31,-923013.0484883095,4801244.020615202,-1649872.8913461128
RKO-BASKET  Call-UO  6W  ATM/H@20Δ,rko_basket,monthly,2024-01-31,312815.2435087062,5114059.264123908,-1337057.647837407
RKO-BASKET  Call-UO  6W  ATM/H@20Δ,rko_basket,monthly,2024-02-29,1298189.197173758,6412248.461297666,-38868.45066364948
RKO-BASKET  Call-UO  6W  ATM/H@20Δ,rko_basket,monthly,2024-03-31,1331104.9909421331,7743353.4522398,0.0
RKO-BASKET  Call-UO  6W  ATM/H@20Δ,rko_basket,monthly,2024-04-30,16799.723514299127,7760153.1757541,-381603.8637191728
RKO-BASKET  Call-UO  6W  ATM/H@20Δ,rko_basket,monthly,2024-05-31,-649120.2698285261,7111032.905925576,-1030724.1335476972
RKO-BASKET  Call-UO  6W  ATM/H@20Δ,rko_basket,monthly,2024-06-30,-73132.95352161993,7037899.952403958,-1103857.087069315
RKO-BASKET  Call-UO  6W  ATM/H@20Δ,rko_basket,monthly,2024-07-31,595270.3746161626,7633170.327020121,-508586.71245315205
RKO-BASKET  Call-UO  6W  ATM/H@20Δ,rko_basket,monthly,2024-08-31,-181368.67089003534,7451801.656130086,-689955.3833431872
RKO-BASKET  Call-UO  6W  ATM/H@20Δ,rko_basket,monthly,2024-09-30,-761564.2392689274,6690237.416861158,-1451519.622612115
RKO-BASKET  Call-UO  6W  ATM/H@20Δ,rko_basket,monthly,2024-10-31,1433282.5722725082,8123519.989133665,-18237.050339607522
RKO-BASKET  Call-UO  6W  ATM/H@20Δ,rko_basket,monthly,2024-11-30,1840767.9447845414,9964287.933918206,0.0
RKO-BASKET  Call-UO  6W  ATM/H@20Δ,rko_basket,monthly,2024-12-31,2574045.710100875,12538333.644019084,0.0
RKO-BASKET  Call-UO  6W  ATM/H@20Δ,rko_basket,monthly,2025-01-31,219014.99874939516,12757348.64276848,-469695.9908191245
RKO-BASKET  Call-UO  6W  ATM/H@20Δ,rko_basket,monthly,2025-02-28,-571406.6598458893,12185941.982922593,-1041102.6506650113
RKO-BASKET  Call-UO  6W  ATM/H@20Δ,rko_basket,monthly,2025-03-31,199079.2823959407,12385021.265318532,-842023.3682690728
RKO-BASKET  Call-UO  6W  ATM/H@20Δ,rko_basket,monthly,2025-04-30,-359271.9472202386,12025749.318098294,-1201295.3154893108
RKO-BASKET  Call-UO  6W  ATM/H@20Δ,rko_basket,monthly,2025-05-31,-1048836.9398831953,10976912.378215095,-2250132.2553725094
RKO-BASKET  Call-UO  6W  ATM/H@20Δ,rko_basket,monthly,2025-06-30,-519467.1363321685,10457445.241882926,-2769599.3917046785
RKO-BASKET  Call-UO  6W  ATM/H@20Δ,rko_basket,monthly,2025-07-31,204705.9213369459,10662151.163219865,-2564893.470367739
RKO-BASKET  Call-UO  6W  ATM/H@20Δ,rko_basket,monthly,2025-08-31,718244.4846258757,11380395.647845736,-1846648.9857418686
RKO-BASKET  Call-UO  6W  ATM/H@20Δ,rko_basket,monthly,2025-09-30,-46045.892914356424,11334349.754931377,-1892694.8786562271
RKO-BASKET  Call-UO  6W  ATM/H@20Δ,rko_basket,monthly,2025-10-31,1599527.657714951,12933877.412646325,-293167.2209412791
RKO-BASKET  Call-UO  6W  ATM/H@20Δ,rko_basket,monthly,2025-11-30,211064.8225988038,13144942.23524513,-307280.5235313196
RKO-BASKET  Call-UO  6W  ATM/H@20Δ,rko_basket,monthly,2025-12-31,-149196.1709928342,12995746.064252298,-456476.69452415034
RKO-BASKET  Call-UO  6W  ATM/H@20Δ,rko_basket,monthly,2026-01-31,779355.057603935,13775101.121856237,-94762.48078987002
RKO-BASKET  Call-UO  6W  ATM/H@20Δ,rko_basket,monthly,2026-02-28,-639751.5459930641,13135349.575863173,-734514.0267829336
RKO-BASKET  Call-UO  6W  ATM/H@20Δ,rko_basket,monthly,2026-03-31,325537.80174074054,13460887.377603915,-408976.22504219227
RKO-BASKET  Call-UO  6W  ATM/H@20Δ,rko_basket,monthly,2026-04-30,-997113.6506679532,12463773.72693596,-1406089.8757101465
RKO-BASKET  Call-UO  6W  ATM/H@20Δ,rko_basket,monthly,2026-05-31,-82885.33109659026,12380888.395839369,-1488975.206806738
RKO-BASKET  Call-UO  6W  ATM/H@20Δ,rko_basket,annual,2023-12-31,4801244.020615201,4801244.020615202,-1649872.8913461128
RKO-BASKET  Call-UO  6W  ATM/H@20Δ,rko_basket,annual,2024-12-31,7737089.623403875,12538333.644019084,0.0
RKO-BASKET  Call-UO  6W  ATM/H@20Δ,rko_basket,annual,2025-12-31,457412.42023323005,12995746.064252298,-456476.69452415034
RKO-BASKET  Call-UO  6W  ATM/H@20Δ,rko_basket,annual,2026-12-31,-614857.668412932,12380888.395839369,-1488975.206806738
RKO-BASKET  Call-UO  6W  ATM/H@15Δ,rko_basket,monthly,2023-02-28,654782.6472797099,654782.6472797099,0.0
RKO-BASKET  Call-UO  6W  ATM/H@15Δ,rko_basket,monthly,2023-03-31,-677503.1237542548,-22720.476474544703,-931650.7540943063
RKO-BASKET  Call-UO  6W  ATM/H@15Δ,rko_basket,monthly,2023-04-30,-839994.3089825058,-862714.7854570503,-1771645.0630768118
RKO-BASKET  Call-UO  6W  ATM/H@15Δ,rko_basket,monthly,2023-05-31,2898193.8147594165,2035479.0293023663,0.0
RKO-BASKET  Call-UO  6W  ATM/H@15Δ,rko_basket,monthly,2023-06-30,431307.5961386382,2466786.6254410045,0.0
RKO-BASKET  Call-UO  6W  ATM/H@15Δ,rko_basket,monthly,2023-07-31,-700886.3532724231,1765900.2721685814,-1080504.316984993
RKO-BASKET  Call-UO  6W  ATM/H@15Δ,rko_basket,monthly,2023-08-31,1285218.7925399824,3051119.0647085635,-67193.05022532633
RKO-BASKET  Call-UO  6W  ATM/H@15Δ,rko_basket,monthly,2023-09-30,2038540.510856115,5089659.575564678,0.0
RKO-BASKET  Call-UO  6W  ATM/H@15Δ,rko_basket,monthly,2023-10-31,3800654.6707627727,8890314.24632745,0.0
RKO-BASKET  Call-UO  6W  ATM/H@15Δ,rko_basket,monthly,2023-11-30,-892427.6473405542,7997886.598986892,-1119349.395495724
RKO-BASKET  Call-UO  6W  ATM/H@15Δ,rko_basket,monthly,2023-12-31,-1365842.58409126,6632044.014895631,-2485191.979586985
RKO-BASKET  Call-UO  6W  ATM/H@15Δ,rko_basket,monthly,2024-01-31,198861.73796670197,6830905.752862333,-2286330.2416202826
RKO-BASKET  Call-UO  6W  ATM/H@15Δ,rko_basket,monthly,2024-02-29,1785537.7237655215,8616443.47662785,-500792.51785476506
RKO-BASKET  Call-UO  6W  ATM/H@15Δ,rko_basket,monthly,2024-03-31,1325967.1370092463,9942410.613637103,0.0
RKO-BASKET  Call-UO  6W  ATM/H@15Δ,rko_basket,monthly,2024-04-30,-96895.39282025976,9845515.220816841,-517506.47656731866
RKO-BASKET  Call-UO  6W  ATM/H@15Δ,rko_basket,monthly,2024-05-31,-1003704.9110969703,8841810.309719875,-1521211.3876642846
RKO-BASKET  Call-UO  6W  ATM/H@15Δ,rko_basket,monthly,2024-06-30,480014.097799776,9321824.407519648,-1041197.2898645122
RKO-BASKET  Call-UO  6W  ATM/H@15Δ,rko_basket,monthly,2024-07-31,2435052.3409738597,11756876.748493508,-39058.08833313733
RKO-BASKET  Call-UO  6W  ATM/H@15Δ,rko_basket,monthly,2024-08-31,-449303.9312281041,11307572.817265403,-488362.0195612423
RKO-BASKET  Call-UO  6W  ATM/H@15Δ,rko_basket,monthly,2024-09-30,-1256043.4412290729,10051529.376036335,-1744405.46079031
RKO-BASKET  Call-UO  6W  ATM/H@15Δ,rko_basket,monthly,2024-10-31,1029227.0763658925,11080756.452402228,-715178.3844244163
RKO-BASKET  Call-UO  6W  ATM/H@15Δ,rko_basket,monthly,2024-11-30,2119993.980777732,13200750.433179958,0.0
RKO-BASKET  Call-UO  6W  ATM/H@15Δ,rko_basket,monthly,2024-12-31,5803347.109318625,19004097.54249858,0.0
RKO-BASKET  Call-UO  6W  ATM/H@15Δ,rko_basket,monthly,2025-01-31,1568584.3920676096,20572681.934566185,-189427.82245617732
RKO-BASKET  Call-UO  6W  ATM/H@15Δ,rko_basket,monthly,2025-02-28,-1038057.8914987077,19534624.043067485,-1227485.713954877
RKO-BASKET  Call-UO  6W  ATM/H@15Δ,rko_basket,monthly,2025-03-31,-278748.75563056953,19255875.287436914,-1506234.4695854485
RKO-BASKET  Call-UO  6W  ATM/H@15Δ,rko_basket,monthly,2025-04-30,-48714.76421216734,19207160.52322475,-1554949.2337976135
RKO-BASKET  Call-UO  6W  ATM/H@15Δ,rko_basket,monthly,2025-05-31,-1605227.3104410293,17601933.212783713,-3160176.5442386493
RKO-BASKET  Call-UO  6W  ATM/H@15Δ,rko_basket,monthly,2025-06-30,-1004070.2780182102,16597862.934765505,-4164246.8222568575
RKO-BASKET  Call-UO  6W  ATM/H@15Δ,rko_basket,monthly,2025-07-31,-606488.0115681567,15991374.92319735,-4770734.833825013
RKO-BASKET  Call-UO  6W  ATM/H@15Δ,rko_basket,monthly,2025-08-31,1411623.533383869,17402998.456581213,-3359111.3004411496
RKO-BASKET  Call-UO  6W  ATM/H@15Δ,rko_basket,monthly,2025-09-30,887018.1837522618,18290016.640333466,-2472093.116688896
RKO-BASKET  Call-UO  6W  ATM/H@15Δ,rko_basket,monthly,2025-10-31,2074113.7364840335,20364130.376817495,-397979.3802048676
RKO-BASKET  Call-UO  6W  ATM/H@15Δ,rko_basket,monthly,2025-11-30,2340435.858652576,22704566.235470064,-149440.4024464786
RKO-BASKET  Call-UO  6W  ATM/H@15Δ,rko_basket,monthly,2025-12-31,376928.80077624694,23081495.036246307,-43825.600056670606
RKO-BASKET  Call-UO  6W  ATM/H@15Δ,rko_basket,monthly,2026-01-31,444082.1343202746,23525577.170566577,-73805.71543950215
RKO-BASKET  Call-UO  6W  ATM/H@15Δ,rko_basket,monthly,2026-02-28,-1121498.9167855948,22404078.253780976,-1195304.6322251037
RKO-BASKET  Call-UO  6W  ATM/H@15Δ,rko_basket,monthly,2026-03-31,1059911.9800835503,23463990.23386452,-135392.65214155987
RKO-BASKET  Call-UO  6W  ATM/H@15Δ,rko_basket,monthly,2026-04-30,-1290394.347101867,22173595.886762664,-1425786.999243416
RKO-BASKET  Call-UO  6W  ATM/H@15Δ,rko_basket,monthly,2026-05-31,-162755.03920191224,22010840.84756075,-1588542.0384453312
RKO-BASKET  Call-UO  6W  ATM/H@15Δ,rko_basket,annual,2023-12-31,6632044.014895637,6632044.014895631,-2485191.979586985
RKO-BASKET  Call-UO  6W  ATM/H@15Δ,rko_basket,annual,2024-12-31,12372053.527602948,19004097.54249858,0.0
RKO-BASKET  Call-UO  6W  ATM/H@15Δ,rko_basket,annual,2025-12-31,4077397.4937477564,23081495.036246307,-43825.600056670606
RKO-BASKET  Call-UO  6W  ATM/H@15Δ,rko_basket,annual,2026-12-31,-1070654.1886855492,22010840.84756075,-1588542.0384453312
RKO-BASKET  Call-UO  6W  ATM/H@10Δ,rko_basket,monthly,2023-02-28,1215139.722746607,1215139.722746607,0.0
RKO-BASKET  Call-UO  6W  ATM/H@10Δ,rko_basket,monthly,2023-03-31,749104.9249856583,1964244.6477322653,-183235.49607159197
RKO-BASKET  Call-UO  6W  ATM/H@10Δ,rko_basket,monthly,2023-04-30,-1407623.6271487812,556621.0205834841,-1590859.1232203732
RKO-BASKET  Call-UO  6W  ATM/H@10Δ,rko_basket,monthly,2023-05-31,3334554.862577894,3891175.883161377,0.0
RKO-BASKET  Call-UO  6W  ATM/H@10Δ,rko_basket,monthly,2023-06-30,877949.6967560848,4769125.579917462,0.0
RKO-BASKET  Call-UO  6W  ATM/H@10Δ,rko_basket,monthly,2023-07-31,952904.4230604856,5722030.002977949,0.0
RKO-BASKET  Call-UO  6W  ATM/H@10Δ,rko_basket,monthly,2023-08-31,2858368.603281799,8580398.60625975,-61228.868593711406
RKO-BASKET  Call-UO  6W  ATM/H@10Δ,rko_basket,monthly,2023-09-30,3327076.150903109,11907474.757162858,0.0
RKO-BASKET  Call-UO  6W  ATM/H@10Δ,rko_basket,monthly,2023-10-31,3653752.486926081,15561227.24408894,0.0
RKO-BASKET  Call-UO  6W  ATM/H@10Δ,rko_basket,monthly,2023-11-30,-1394399.0731080016,14166828.170980938,-1565521.4402817301
RKO-BASKET  Call-UO  6W  ATM/H@10Δ,rko_basket,monthly,2023-12-31,-1787420.7233159402,12379407.447665,-3352942.1635976676
RKO-BASKET  Call-UO  6W  ATM/H@10Δ,rko_basket,monthly,2024-01-31,32625.8859201358,12412033.333585136,-3320316.2776775323
RKO-BASKET  Call-UO  6W  ATM/H@10Δ,rko_basket,monthly,2024-02-29,2947686.401346862,15359719.734931998,-372629.87633066997
RKO-BASKET  Call-UO  6W  ATM/H@10Δ,rko_basket,monthly,2024-03-31,1324285.9839487877,16684005.718880786,0.0
RKO-BASKET  Call-UO  6W  ATM/H@10Δ,rko_basket,monthly,2024-04-30,1708008.0432881918,18392013.762168974,-362328.9403867498
RKO-BASKET  Call-UO  6W  ATM/H@10Δ,rko_basket,monthly,2024-05-31,-156879.70304525082,18235134.05912372,-519208.6434320025
RKO-BASKET  Call-UO  6W  ATM/H@10Δ,rko_basket,monthly,2024-06-30,521109.4844721713,18756243.543595895,0.0
RKO-BASKET  Call-UO  6W  ATM/H@10Δ,rko_basket,monthly,2024-07-31,2447130.6492566494,21203374.192852546,0.0
RKO-BASKET  Call-UO  6W  ATM/H@10Δ,rko_basket,monthly,2024-08-31,-563570.2032154988,20639803.989637043,-770511.3369092792
RKO-BASKET  Call-UO  6W  ATM/H@10Δ,rko_basket,monthly,2024-09-30,-1815189.4273691033,18824614.562267937,-2585700.764278386
RKO-BASKET  Call-UO  6W  ATM/H@10Δ,rko_basket,monthly,2024-10-31,344037.4110033419,19168651.973271277,-2241663.3532750458
RKO-BASKET  Call-UO  6W  ATM/H@10Δ,rko_basket,monthly,2024-11-30,2847615.949215828,22016267.92248711,0.0
RKO-BASKET  Call-UO  6W  ATM/H@10Δ,rko_basket,monthly,2024-12-31,9026149.89695926,31042417.81944637,0.0
RKO-BASKET  Call-UO  6W  ATM/H@10Δ,rko_basket,monthly,2025-01-31,3475567.974373264,34517985.79381964,-341108.5977520719
RKO-BASKET  Call-UO  6W  ATM/H@10Δ,rko_basket,monthly,2025-02-28,-1670260.6416889748,32847725.15213066,-2011369.2394410558
RKO-BASKET  Call-UO  6W  ATM/H@10Δ,rko_basket,monthly,2025-03-31,-550040.7010648665,32297684.451065794,-2561409.940505922
RKO-BASKET  Call-UO  6W  ATM/H@10Δ,rko_basket,monthly,2025-04-30,-503445.6648349459,31794238.786230844,-3064855.605340872
RKO-BASKET  Call-UO  6W  ATM/H@10Δ,rko_basket,monthly,2025-05-31,-2253498.5717798267,29540740.21445102,-5318354.177120697
RKO-BASKET  Call-UO  6W  ATM/H@10Δ,rko_basket,monthly,2025-06-30,-2064482.147895703,27476258.06655531,-7382836.325016405
RKO-BASKET  Call-UO  6W  ATM/H@10Δ,rko_basket,monthly,2025-07-31,-1768965.2670152835,25707292.799540024,-9151801.592031691
RKO-BASKET  Call-UO  6W  ATM/H@10Δ,rko_basket,monthly,2025-08-31,3892627.426057434,29599920.225597452,-5259174.165974263
RKO-BASKET  Call-UO  6W  ATM/H@10Δ,rko_basket,monthly,2025-09-30,1631846.904819423,31231767.130416874,-3627327.2611548416
RKO-BASKET  Call-UO  6W  ATM/H@10Δ,rko_basket,monthly,2025-10-31,2431534.429443784,33663301.559860654,-1195792.8317110613
RKO-BASKET  Call-UO  6W  ATM/H@10Δ,rko_basket,monthly,2025-11-30,3759834.8441234413,37423136.40398409,0.0
RKO-BASKET  Call-UO  6W  ATM/H@10Δ,rko_basket,monthly,2025-12-31,1371626.6025339682,38794763.00651806,-176382.3776587993
RKO-BASKET  Call-UO  6W  ATM/H@10Δ,rko_basket,monthly,2026-01-31,162374.27384425089,38957137.28036231,-149925.290268898
RKO-BASKET  Call-UO  6W  ATM/H@10Δ,rko_basket,monthly,2026-02-28,-1237245.1790359411,37719892.10132637,-1387170.4693048373
RKO-BASKET  Call-UO  6W  ATM/H@10Δ,rko_basket,monthly,2026-03-31,1337042.157681675,39056934.25900803,-50128.31162317842
RKO-BASKET  Call-UO  6W  ATM/H@10Δ,rko_basket,monthly,2026-04-30,-533104.2868751723,38523829.97213287,-583232.598498337
RKO-BASKET  Call-UO  6W  ATM/H@10Δ,rko_basket,monthly,2026-05-31,-279310.2665999583,38244519.7055329,-862542.865098305
RKO-BASKET  Call-UO  6W  ATM/H@10Δ,rko_basket,annual,2023-12-31,12379407.447664995,12379407.447665,-3352942.1635976676
RKO-BASKET  Call-UO  6W  ATM/H@10Δ,rko_basket,annual,2024-12-31,18663010.371781375,31042417.81944637,0.0
RKO-BASKET  Call-UO  6W  ATM/H@10Δ,rko_basket,annual,2025-12-31,7752345.187071715,38794763.00651806,-176382.3776587993
RKO-BASKET  Call-UO  6W  ATM/H@10Δ,rko_basket,annual,2026-12-31,-550243.300985146,38244519.7055329,-862542.865098305
RKO-BASKET  Call-UO  6W  ATM/H@5Δ,rko_basket,monthly,2023-02-28,1496272.334875341,1496272.334875341,0.0
RKO-BASKET  Call-UO  6W  ATM/H@5Δ,rko_basket,monthly,2023-03-31,3991185.741685403,5487458.076560744,-183119.85562728997
RKO-BASKET  Call-UO  6W  ATM/H@5Δ,rko_basket,monthly,2023-04-30,-2015791.9890294792,3471666.0875312644,-2198911.8446567697
RKO-BASKET  Call-UO  6W  ATM/H@5Δ,rko_basket,monthly,2023-05-31,4005240.372216311,7476906.459747575,0.0
RKO-BASKET  Call-UO  6W  ATM/H@5Δ,rko_basket,monthly,2023-06-30,1019710.5404452175,8496617.000192793,0.0
RKO-BASKET  Call-UO  6W  ATM/H@5Δ,rko_basket,monthly,2023-07-31,2499699.7705840115,10996316.7707768,0.0
RKO-BASKET  Call-UO  6W  ATM/H@5Δ,rko_basket,monthly,2023-08-31,5532130.458222649,16528447.22899945,0.0
RKO-BASKET  Call-UO  6W  ATM/H@5Δ,rko_basket,monthly,2023-09-30,5581640.612937395,22110087.841936845,0.0
RKO-BASKET  Call-UO  6W  ATM/H@5Δ,rko_basket,monthly,2023-10-31,3434688.5787960775,25544776.420732927,0.0
RKO-BASKET  Call-UO  6W  ATM/H@5Δ,rko_basket,monthly,2023-11-30,-1907350.1951232646,23637426.225609668,-2033982.7932413928
RKO-BASKET  Call-UO  6W  ATM/H@5Δ,rko_basket,monthly,2023-12-31,-2061328.4662043299,21576097.75940533,-4095311.2594457306
RKO-BASKET  Call-UO  6W  ATM/H@5Δ,rko_basket,monthly,2024-01-31,-603432.3926889043,20972665.366716433,-4698743.652134627
RKO-BASKET  Call-UO  6W  ATM/H@5Δ,rko_basket,monthly,2024-02-29,3702854.911729516,24675520.278445948,-995888.7404051125
RKO-BASKET  Call-UO  6W  ATM/H@5Δ,rko_basket,monthly,2024-03-31,880498.9571912785,25556019.235637225,-115389.78321383521
RKO-BASKET  Call-UO  6W  ATM/H@5Δ,rko_basket,monthly,2024-04-30,3500905.024233,29056924.259870216,0.0
RKO-BASKET  Call-UO  6W  ATM/H@5Δ,rko_basket,monthly,2024-05-31,693838.2046068341,29750762.464477047,-476682.6321546808
RKO-BASKET  Call-UO  6W  ATM/H@5Δ,rko_basket,monthly,2024-06-30,640707.4434437735,30391469.90792081,0.0
RKO-BASKET  Call-UO  6W  ATM/H@5Δ,rko_basket,monthly,2024-07-31,2217348.4744263156,32608818.382347126,0.0
RKO-BASKET  Call-UO  6W  ATM/H@5Δ,rko_basket,monthly,2024-08-31,-789675.9316389975,31819142.450708125,-966792.3458492979
RKO-BASKET  Call-UO  6W  ATM/H@5Δ,rko_basket,monthly,2024-09-30,-2373335.9658553735,29445806.484852742,-3340128.3117046803
RKO-BASKET  Call-UO  6W  ATM/H@5Δ,rko_basket,monthly,2024-10-31,375845.49870706134,29821651.983559806,-2964282.812997617
RKO-BASKET  Call-UO  6W  ATM/H@5Δ,rko_basket,monthly,2024-11-30,5455594.606016468,35277246.58957627,0.0
RKO-BASKET  Call-UO  6W  ATM/H@5Δ,rko_basket,monthly,2024-12-31,8282185.9218114205,43559432.511387706,0.0
RKO-BASKET  Call-UO  6W  ATM/H@5Δ,rko_basket,monthly,2025-01-31,4861381.229406076,48420813.74079378,-198288.45657340437
RKO-BASKET  Call-UO  6W  ATM/H@5Δ,rko_basket,monthly,2025-02-28,-2079260.72777119,46341553.01302258,-2277549.1843446046
RKO-BASKET  Call-UO  6W  ATM/H@5Δ,rko_basket,monthly,2025-03-31,-1135144.5625925756,45206408.45042998,-3412693.7469372004
RKO-BASKET  Call-UO  6W  ATM/H@5Δ,rko_basket,monthly,2025-04-30,-536902.1477954743,44669506.30263451,-3949595.8947326764
RKO-BASKET  Call-UO  6W  ATM/H@5Δ,rko_basket,monthly,2025-05-31,-2946673.6777798436,41722832.62485467,-6896269.572512515
RKO-BASKET  Call-UO  6W  ATM/H@5Δ,rko_basket,monthly,2025-06-30,-3203125.1818102854,38519707.44304438,-10099394.754322805
RKO-BASKET  Call-UO  6W  ATM/H@5Δ,rko_basket,monthly,2025-07-31,-2878010.667036903,35641696.77600747,-12977405.42135971
RKO-BASKET  Call-UO  6W  ATM/H@5Δ,rko_basket,monthly,2025-08-31,8452591.04598777,44094287.82199525,-4524814.375371933
RKO-BASKET  Call-UO  6W  ATM/H@5Δ,rko_basket,monthly,2025-09-30,3994336.2008840935,48088624.022879355,-530478.1744878292
RKO-BASKET  Call-UO  6W  ATM/H@5Δ,rko_basket,monthly,2025-10-31,2634993.7641605833,50723617.78703995,0.0
RKO-BASKET  Call-UO  6W  ATM/H@5Δ,rko_basket,monthly,2025-11-30,3927902.754093263,54651520.54113321,0.0
RKO-BASKET  Call-UO  6W  ATM/H@5Δ,rko_basket,monthly,2025-12-31,1585707.8867663178,56237228.42789953,-309854.9004345983
RKO-BASKET  Call-UO  6W  ATM/H@5Δ,rko_basket,monthly,2026-01-31,-30904.337653957657,56206324.09024559,-340759.23808854073
RKO-BASKET  Call-UO  6W  ATM/H@5Δ,rko_basket,monthly,2026-02-28,-1524308.5681883306,54682015.52205727,-1865067.8062768579
RKO-BASKET  Call-UO  6W  ATM/H@5Δ,rko_basket,monthly,2026-03-31,1920649.3512134422,56602664.87327071,-68380.64349403977
RKO-BASKET  Call-UO  6W  ATM/H@5Δ,rko_basket,monthly,2026-04-30,445731.61530628166,57048396.48857699,-172244.73016650975
RKO-BASKET  Call-UO  6W  ATM/H@5Δ,rko_basket,monthly,2026-05-31,-358024.3815578763,56690372.10701911,-530269.1117243916
RKO-BASKET  Call-UO  6W  ATM/H@5Δ,rko_basket,annual,2023-12-31,21576097.759405334,21576097.75940533,-4095311.2594457306
RKO-BASKET  Call-UO  6W  ATM/H@5Δ,rko_basket,annual,2024-12-31,21983334.75198239,43559432.511387706,0.0
RKO-BASKET  Call-UO  6W  ATM/H@5Δ,rko_basket,annual,2025-12-31,12677795.91651183,56237228.42789953,-309854.9004345983
RKO-BASKET  Call-UO  6W  ATM/H@5Δ,rko_basket,annual,2026-12-31,453143.6791195594,56690372.10701911,-530269.1117243916
RKO-BASKET  Call-UO  6W  45Δ/H@20Δ,rko_basket,monthly,2023-02-28,493559.9365364567,493559.9365364567,0.0
RKO-BASKET  Call-UO  6W  45Δ/H@20Δ,rko_basket,monthly,2023-03-31,-564325.7455354495,-70765.80899899274,-596786.481923414
RKO-BASKET  Call-UO  6W  45Δ/H@20Δ,rko_basket,monthly,2023-04-30,-371150.3346228797,-441916.1436218723,-967936.8165462936
RKO-BASKET  Call-UO  6W  45Δ/H@20Δ,rko_basket,monthly,2023-05-31,2216937.755981199,1775021.6123593268,0.0
RKO-BASKET  Call-UO  6W  45Δ/H@20Δ,rko_basket,monthly,2023-06-30,168500.6579927915,1943522.270352118,0.0
RKO-BASKET  Call-UO  6W  45Δ/H@20Δ,rko_basket,monthly,2023-07-31,-405235.00259548833,1538287.2677566297,-563213.6613120949
RKO-BASKET  Call-UO  6W  45Δ/H@20Δ,rko_basket,monthly,2023-08-31,288233.8917888777,1826521.1595455075,-274979.7695232171
RKO-BASKET  Call-UO  6W  45Δ/H@20Δ,rko_basket,monthly,2023-09-30,867606.1175368581,2694127.277082366,0.0
RKO-BASKET  Call-UO  6W  45Δ/H@20Δ,rko_basket,monthly,2023-10-31,1453323.7967006713,4147451.0737830373,0.0
RKO-BASKET  Call-UO  6W  45Δ/H@20Δ,rko_basket,monthly,2023-11-30,-506764.087800261,3640686.9859827766,-568324.7419887753
RKO-BASKET  Call-UO  6W  45Δ/H@20Δ,rko_basket,monthly,2023-12-31,-676860.3095024251,2963826.6764803515,-1245185.0514912005
RKO-BASKET  Call-UO  6W  45Δ/H@20Δ,rko_basket,monthly,2024-01-31,126537.33054272526,3090364.007023076,-1118647.7209484759
RKO-BASKET  Call-UO  6W  45Δ/H@20Δ,rko_basket,monthly,2024-02-29,931665.9952917437,4022030.002314819,-186981.72565673292
RKO-BASKET  Call-UO  6W  45Δ/H@20Δ,rko_basket,monthly,2024-03-31,782791.0067741899,4804821.009089009,0.0
RKO-BASKET  Call-UO  6W  45Δ/H@20Δ,rko_basket,monthly,2024-04-30,39234.327647572165,4844055.3367365785,-275217.1395849539
RKO-BASKET  Call-UO  6W  45Δ/H@20Δ,rko_basket,monthly,2024-05-31,-547457.2002871475,4296598.136449432,-822674.3398721004
RKO-BASKET  Call-UO  6W  45Δ/H@20Δ,rko_basket,monthly,2024-06-30,-119313.24145107894,4177284.894998352,-941987.5813231803
RKO-BASKET  Call-UO  6W  45Δ/H@20Δ,rko_basket,monthly,2024-07-31,325677.18913135777,4502962.084129711,-616310.3921918217
RKO-BASKET  Call-UO  6W  45Δ/H@20Δ,rko_basket,monthly,2024-08-31,-140067.6597844787,4362894.424345231,-756378.0519763017
RKO-BASKET  Call-UO  6W  45Δ/H@20Δ,rko_basket,monthly,2024-09-30,-576049.4094659488,3786845.0148792807,-1332427.4614422517
RKO-BASKET  Call-UO  6W  45Δ/H@20Δ,rko_basket,monthly,2024-10-31,780011.9013148894,4566856.916194172,-552415.5601273607
RKO-BASKET  Call-UO  6W  45Δ/H@20Δ,rko_basket,monthly,2024-11-30,1386464.5933588564,5953321.509553028,0.0
RKO-BASKET  Call-UO  6W  45Δ/H@20Δ,rko_basket,monthly,2024-12-31,1994243.2055485274,7947564.715101557,0.0
RKO-BASKET  Call-UO  6W  45Δ/H@20Δ,rko_basket,monthly,2025-01-31,205057.88198938733,8152622.597090944,-367985.80516028684
RKO-BASKET  Call-UO  6W  45Δ/H@20Δ,rko_basket,monthly,2025-02-28,-504583.2416687741,7648039.35542217,-872569.0468290607
RKO-BASKET  Call-UO  6W  45Δ/H@20Δ,rko_basket,monthly,2025-03-31,-8078.713954251725,7639960.64146792,-880647.760783311
RKO-BASKET  Call-UO  6W  45Δ/H@20Δ,rko_basket,monthly,2025-04-30,-288724.94076075533,7351235.700707163,-1169372.7015440678
RKO-BASKET  Call-UO  6W  45Δ/H@20Δ,rko_basket,monthly,2025-05-31,-735654.1836011229,6615581.5171060385,-1905026.885145192
RKO-BASKET  Call-UO  6W  45Δ/H@20Δ,rko_basket,monthly,2025-06-30,-409897.40772354486,6205684.109382493,-2314924.292868737
RKO-BASKET  Call-UO  6W  45Δ/H@20Δ,rko_basket,monthly,2025-07-31,-108291.03667101203,6097393.072711484,-2423215.329539747
RKO-BASKET  Call-UO  6W  45Δ/H@20Δ,rko_basket,monthly,2025-08-31,523342.63416635414,6620735.706877837,-1899872.6953733936
RKO-BASKET  Call-UO  6W  45Δ/H@20Δ,rko_basket,monthly,2025-09-30,-58994.26694825452,6561741.439929583,-1958866.9623216474
RKO-BASKET  Call-UO  6W  45Δ/H@20Δ,rko_basket,monthly,2025-10-31,1109445.196827633,7671186.6367572155,-849421.7654940151
RKO-BASKET  Call-UO  6W  45Δ/H@20Δ,rko_basket,monthly,2025-11-30,215349.85735893954,7886536.494116154,-634071.908135077
RKO-BASKET  Call-UO  6W  45Δ/H@20Δ,rko_basket,monthly,2025-12-31,-92569.59697268084,7793966.897143473,-726641.5051077576
RKO-BASKET  Call-UO  6W  45Δ/H@20Δ,rko_basket,monthly,2026-01-31,469777.00062795694,8263743.897771427,-256864.50447980314
RKO-BASKET  Call-UO  6W  45Δ/H@20Δ,rko_basket,monthly,2026-02-28,-561551.7337819047,7702192.1639895225,-818416.2382617081
RKO-BASKET  Call-UO  6W  45Δ/H@20Δ,rko_basket,monthly,2026-03-31,182656.17075064167,7884848.334740163,-635760.0675110677
RKO-BASKET  Call-UO  6W  45Δ/H@20Δ,rko_basket,monthly,2026-04-30,-720027.629741369,7164820.704998795,-1355787.6972524356
RKO-BASKET  Call-UO  6W  45Δ/H@20Δ,rko_basket,monthly,2026-05-31,-84848.64774918466,7079972.057249609,-1440636.3450016212
RKO-BASKET  Call-UO  6W  45Δ/H@20Δ,rko_basket,annual,2023-12-31,2963826.6764803506,2963826.6764803515,-1245185.0514912005
RKO-BASKET  Call-UO  6W  45Δ/H@20Δ,rko_basket,annual,2024-12-31,4983738.038621208,7947564.715101557,0.0
RKO-BASKET  Call-UO  6W  45Δ/H@20Δ,rko_basket,annual,2025-12-31,-153597.81795808225,7793966.897143473,-726641.5051077576
RKO-BASKET  Call-UO  6W  45Δ/H@20Δ,rko_basket,annual,2026-12-31,-713994.8398938598,7079972.057249609,-1440636.3450016212
RKO-BASKET  Call-UO  6W  45Δ/H@15Δ,rko_basket,monthly,2023-02-28,479731.1886788034,479731.1886788034,0.0
RKO-BASKET  Call-UO  6W  45Δ/H@15Δ,rko_basket,monthly,2023-03-31,-678313.1923490408,-198582.0036702375,-880498.9923610569
RKO-BASKET  Call-UO  6W  45Δ/H@15Δ,rko_basket,monthly,2023-04-30,-770590.1091640082,-969172.1128342455,-1651089.101525065
RKO-BASKET  Call-UO  6W  45Δ/H@15Δ,rko_basket,monthly,2023-05-31,2071689.7662906821,1102517.6534564367,0.0
RKO-BASKET  Call-UO  6W  45Δ/H@15Δ,rko_basket,monthly,2023-06-30,223667.0067605137,1326184.6602169506,0.0
RKO-BASKET  Call-UO  6W  45Δ/H@15Δ,rko_basket,monthly,2023-07-31,-514609.95010375226,811574.7101131983,-821893.4923397372
RKO-BASKET  Call-UO  6W  45Δ/H@15Δ,rko_basket,monthly,2023-08-31,993201.1519457039,1804775.8620589022,-49815.93423237791
RKO-BASKET  Call-UO  6W  45Δ/H@15Δ,rko_basket,monthly,2023-09-30,1574229.7195021217,3379005.5815610234,0.0
RKO-BASKET  Call-UO  6W  45Δ/H@15Δ,rko_basket,monthly,2023-10-31,2766050.3871285827,6145055.9686896065,0.0
RKO-BASKET  Call-UO  6W  45Δ/H@15Δ,rko_basket,monthly,2023-11-30,-753115.2570320098,5391940.711657598,-895678.5742604351
RKO-BASKET  Call-UO  6W  45Δ/H@15Δ,rko_basket,monthly,2023-12-31,-1037204.4725456296,4354736.239111969,-1932883.0468060635
RKO-BASKET  Call-UO  6W  45Δ/H@15Δ,rko_basket,monthly,2024-01-31,35701.194233266266,4390437.433345235,-1897181.8525727978
RKO-BASKET  Call-UO  6W  45Δ/H@15Δ,rko_basket,monthly,2024-02-29,1349004.7327576317,5739442.166102868,-548177.1198151652
RKO-BASKET  Call-UO  6W  45Δ/H@15Δ,rko_basket,monthly,2024-03-31,790526.2622343833,6529968.428337252,-3933.233984671533
RKO-BASKET  Call-UO  6W  45Δ/H@15Δ,rko_basket,monthly,2024-04-30,-35935.49345948268,6494032.934877768,-372807.4836458815
RKO-BASKET  Call-UO  6W  45Δ/H@15Δ,rko_basket,monthly,2024-05-31,-855400.7176016548,5638632.217276112,-1228208.2012475375
RKO-BASKET  Call-UO  6W  45Δ/H@15Δ,rko_basket,monthly,2024-06-30,375710.14230606006,6014342.359582174,-852498.058941476
RKO-BASKET  Call-UO  6W  45Δ/H@15Δ,rko_basket,monthly,2024-07-31,1859270.886535931,7873613.246118105,-33501.49842905905
RKO-BASKET  Call-UO  6W  45Δ/H@15Δ,rko_basket,monthly,2024-08-31,-368334.1191318496,7505279.126986256,-401835.6175609082
RKO-BASKET  Call-UO  6W  45Δ/H@15Δ,rko_basket,monthly,2024-09-30,-971551.6201475073,6533727.506838749,-1373387.237708415
RKO-BASKET  Call-UO  6W  45Δ/H@15Δ,rko_basket,monthly,2024-10-31,472335.9772341388,7006063.484072888,-901051.2604742758
RKO-BASKET  Call-UO  6W  45Δ/H@15Δ,rko_basket,monthly,2024-11-30,1660307.1242681,8666370.608340988,0.0
RKO-BASKET  Call-UO  6W  45Δ/H@15Δ,rko_basket,monthly,2024-12-31,4764597.425292675,13430968.033633664,0.0
RKO-BASKET  Call-UO  6W  45Δ/H@15Δ,rko_basket,monthly,2025-01-31,1236392.1600163444,14667360.193650007,-205469.04544107802
RKO-BASKET  Call-UO  6W  45Δ/H@15Δ,rko_basket,monthly,2025-02-28,-897301.4490619216,13770058.744588088,-1102770.494502997
RKO-BASKET  Call-UO  6W  45Δ/H@15Δ,rko_basket,monthly,2025-03-31,-414162.6465074582,13355896.098080637,-1516933.1410104483
RKO-BASKET  Call-UO  6W  45Δ/H@15Δ,rko_basket,monthly,2025-04-30,-36651.79899271723,13319244.299087921,-1553584.940003164
RKO-BASKET  Call-UO  6W  45Δ/H@15Δ,rko_basket,monthly,2025-05-31,-1181802.7411389663,12137441.557948953,-2735387.6811421327
RKO-BASKET  Call-UO  6W  45Δ/H@15Δ,rko_basket,monthly,2025-06-30,-772551.9542456407,11364889.60370331,-3507939.6353877746
RKO-BASKET  Call-UO  6W  45Δ/H@15Δ,rko_basket,monthly,2025-07-31,-766637.8926579766,10598251.711045332,-4274577.528045753
RKO-BASKET  Call-UO  6W  45Δ/H@15Δ,rko_basket,monthly,2025-08-31,1038633.4093547472,11636885.120400079,-3235944.1186910067
RKO-BASKET  Call-UO  6W  45Δ/H@15Δ,rko_basket,monthly,2025-09-30,600952.9690259396,12237838.089426016,-2634991.149665069
RKO-BASKET  Call-UO  6W  45Δ/H@15Δ,rko_basket,monthly,2025-10-31,1497692.2650279216,13735530.354453942,-1137298.8846371435
RKO-BASKET  Call-UO  6W  45Δ/H@15Δ,rko_basket,monthly,2025-11-30,2065764.75915481,15801295.11360875,-110633.81334268674
RKO-BASKET  Call-UO  6W  45Δ/H@15Δ,rko_basket,monthly,2025-12-31,358610.6083883118,16159905.721997064,-79009.56537928991
RKO-BASKET  Call-UO  6W  45Δ/H@15Δ,rko_basket,monthly,2026-01-31,219562.82134210994,16379468.543339176,-54616.67242393829
RKO-BASKET  Call-UO  6W  45Δ/H@15Δ,rko_basket,monthly,2026-02-28,-946361.2852041982,15433107.25813498,-1000977.9576281346
RKO-BASKET  Call-UO  6W  45Δ/H@15Δ,rko_basket,monthly,2026-03-31,798006.3139965668,16231113.572131548,-202971.64363156632
RKO-BASKET  Call-UO  6W  45Δ/H@15Δ,rko_basket,monthly,2026-04-30,-1007722.5048086207,15223391.06732293,-1210694.148440184
RKO-BASKET  Call-UO  6W  45Δ/H@15Δ,rko_basket,monthly,2026-05-31,-167872.85873630518,15055518.208586626,-1378567.0071764886
RKO-BASKET  Call-UO  6W  45Δ/H@15Δ,rko_basket,annual,2023-12-31,4354736.239111966,4354736.239111969,-1932883.0468060635
RKO-BASKET  Call-UO  6W  45Δ/H@15Δ,rko_basket,annual,2024-12-31,9076231.794521693,13430968.033633664,0.0
RKO-BASKET  Call-UO  6W  45Δ/H@15Δ,rko_basket,annual,2025-12-31,2728937.6883633942,16159905.721997064,-79009.56537928991
RKO-BASKET  Call-UO  6W  45Δ/H@15Δ,rko_basket,annual,2026-12-31,-1104387.5134104474,15055518.208586626,-1378567.0071764886
RKO-BASKET  Call-UO  6W  45Δ/H@10Δ,rko_basket,monthly,2023-02-28,986514.5862987712,986514.5862987711,0.0
RKO-BASKET  Call-UO  6W  45Δ/H@10Δ,rko_basket,monthly,2023-03-31,431345.7154947163,1417860.301793487,-354245.6890161892
RKO-BASKET  Call-UO  6W  45Δ/H@10Δ,rko_basket,monthly,2023-04-30,-1255115.4898113592,162744.81198212787,-1609361.1788275484
RKO-BASKET  Call-UO  6W  45Δ/H@10Δ,rko_basket,monthly,2023-05-31,2462397.1559035955,2625141.9678857233,0.0
RKO-BASKET  Call-UO  6W  45Δ/H@10Δ,rko_basket,monthly,2023-06-30,581438.0832877852,3206580.051173508,0.0
RKO-BASKET  Call-UO  6W  45Δ/H@10Δ,rko_basket,monthly,2023-07-31,882723.0875166028,4089303.138690111,0.0
RKO-BASKET  Call-UO  6W  45Δ/H@10Δ,rko_basket,monthly,2023-08-31,2393330.2690305603,6482633.407720672,-46300.07867675554
RKO-BASKET  Call-UO  6W  45Δ/H@10Δ,rko_basket,monthly,2023-09-30,2706082.1106444756,9188715.518365147,0.0
RKO-BASKET  Call-UO  6W  45Δ/H@10Δ,rko_basket,monthly,2023-10-31,2646480.239279267,11835195.757644407,0.0
RKO-BASKET  Call-UO  6W  45Δ/H@10Δ,rko_basket,monthly,2023-11-30,-1181969.8466422595,10653225.911002146,-1289645.146375915
RKO-BASKET  Call-UO  6W  45Δ/H@10Δ,rko_basket,monthly,2023-12-31,-1402896.1017818055,9250329.80922034,-2692541.248157721
RKO-BASKET  Call-UO  6W  45Δ/H@10Δ,rko_basket,monthly,2024-01-31,-122163.84015403029,9128165.969066307,-2814705.088311754
RKO-BASKET  Call-UO  6W  45Δ/H@10Δ,rko_basket,monthly,2024-02-29,2339536.568743277,11467702.53780958,-475168.51956848055
RKO-BASKET  Call-UO  6W  45Δ/H@10Δ,rko_basket,monthly,2024-03-31,791863.0675228329,12259565.605332416,0.0
RKO-BASKET  Call-UO  6W  45Δ/H@10Δ,rko_basket,monthly,2024-04-30,1542355.2587044486,13801920.86403687,-238463.84366487898
RKO-BASKET  Call-UO  6W  45Δ/H@10Δ,rko_basket,monthly,2024-05-31,-248130.17075475474,13553790.69328211,-486594.0144196376
RKO-BASKET  Call-UO  6W  45Δ/H@10Δ,rko_basket,monthly,2024-06-30,418918.7211402288,13972709.414422344,-67675.29327940382
RKO-BASKET  Call-UO  6W  45Δ/H@10Δ,rko_basket,monthly,2024-07-31,1866615.0593657282,15839324.473788068,0.0
RKO-BASKET  Call-UO  6W  45Δ/H@10Δ,rko_basket,monthly,2024-08-31,-468070.956546197,15371253.517241871,-638039.3356333543
RKO-BASKET  Call-UO  6W  45Δ/H@10Δ,rko_basket,monthly,2024-09-30,-1447688.0485233366,13923565.468718532,-2085727.3841566928
RKO-BASKET  Call-UO  6W  45Δ/H@10Δ,rko_basket,monthly,2024-10-31,-105852.7602426256,13817712.70847591,-2191580.144399315
RKO-BASKET  Call-UO  6W  45Δ/H@10Δ,rko_basket,monthly,2024-11-30,2323898.3767159404,16141611.085191846,0.0
RKO-BASKET  Call-UO  6W  45Δ/H@10Δ,rko_basket,monthly,2024-12-31,7624348.493623544,23765959.578815386,0.0
RKO-BASKET  Call-UO  6W  45Δ/H@10Δ,rko_basket,monthly,2025-01-31,2860679.051998944,26626638.63081432,-353903.2931980528
RKO-BASKET  Call-UO  6W  45Δ/H@10Δ,rko_basket,monthly,2025-02-28,-1436751.9372945314,25189886.693519786,-1790655.2304925881
RKO-BASKET  Call-UO  6W  45Δ/H@10Δ,rko_basket,monthly,2025-03-31,-715999.3838563827,24473887.309663408,-2506654.6143489666
RKO-BASKET  Call-UO  6W  45Δ/H@10Δ,rko_basket,monthly,2025-04-30,-473210.58219153737,24000676.727471866,-2979865.1965405084
RKO-BASKET  Call-UO  6W  45Δ/H@10Δ,rko_basket,monthly,2025-05-31,-1733274.2413103664,22267402.486161496,-4713139.437850878
RKO-BASKET  Call-UO  6W  45Δ/H@10Δ,rko_basket,monthly,2025-06-30,-1673683.8368889878,20593718.649272505,-6386823.274739869
RKO-BASKET  Call-UO  6W  45Δ/H@10Δ,rko_basket,monthly,2025-07-31,-1759129.5261350549,18834589.123137444,-8145952.80087493
RKO-BASKET  Call-UO  6W  45Δ/H@10Δ,rko_basket,monthly,2025-08-31,3207808.2766995654,22042397.399837006,-4938144.524175368
RKO-BASKET  Call-UO  6W  45Δ/H@10Δ,rko_basket,monthly,2025-09-30,1165609.750372072,23208007.15020908,-3772534.7738032937
RKO-BASKET  Call-UO  6W  45Δ/H@10Δ,rko_basket,monthly,2025-10-31,1829854.8393190484,25037861.98952813,-1942679.9344842434
RKO-BASKET  Call-UO  6W  45Δ/H@10Δ,rko_basket,monthly,2025-11-30,3296915.1834745235,28334777.173002657,0.0
RKO-BASKET  Call-UO  6W  45Δ/H@10Δ,rko_basket,monthly,2025-12-31,1189506.8116301987,29524283.984632846,-200767.6202970259
RKO-BASKET  Call-UO  6W  45Δ/H@10Δ,rko_basket,monthly,2026-01-31,-46132.70882097536,29478151.275811877,-246900.32911799476
RKO-BASKET  Call-UO  6W  45Δ/H@10Δ,rko_basket,monthly,2026-02-28,-1154322.3501141781,28323828.925697695,-1401222.6792321764
RKO-BASKET  Call-UO  6W  45Δ/H@10Δ,rko_basket,monthly,2026-03-31,1017466.4373509166,29341295.363048613,-383756.2418812588
RKO-BASKET  Call-UO  6W  45Δ/H@10Δ,rko_basket,monthly,2026-04-30,-445031.66292745154,28896263.700121157,-828787.904808715
RKO-BASKET  Call-UO  6W  45Δ/H@10Δ,rko_basket,monthly,2026-05-31,-268648.9183858419,28627614.781735316,-1097436.823194556
RKO-BASKET  Call-UO  6W  45Δ/H@10Δ,rko_basket,annual,2023-12-31,9250329.80922035,9250329.80922034,-2692541.248157721
RKO-BASKET  Call-UO  6W  45Δ/H@10Δ,rko_basket,annual,2024-12-31,14515629.769595055,23765959.578815386,0.0
RKO-BASKET  Call-UO  6W  45Δ/H@10Δ,rko_basket,annual,2025-12-31,5758324.405817491,29524283.984632846,-200767.6202970259
RKO-BASKET  Call-UO  6W  45Δ/H@10Δ,rko_basket,annual,2026-12-31,-896669.2028975304,28627614.781735316,-1097436.823194556
RKO-BASKET  Call-UO  6W  45Δ/H@5Δ,rko_basket,monthly,2023-02-28,1258382.8318002564,1258382.8318002564,0.0
RKO-BASKET  Call-UO  6W  45Δ/H@5Δ,rko_basket,monthly,2023-03-31,3239348.001465639,4497730.833265896,-269840.65815966204
RKO-BASKET  Call-UO  6W  45Δ/H@5Δ,rko_basket,monthly,2023-04-30,-1781148.9582663057,2716581.8749995898,-2050989.6164259682
RKO-BASKET  Call-UO  6W  45Δ/H@5Δ,rko_basket,monthly,2023-05-31,3098617.679911911,5815199.554911501,0.0
RKO-BASKET  Call-UO  6W  45Δ/H@5Δ,rko_basket,monthly,2023-06-30,687531.0974673019,6502730.652378803,0.0
RKO-BASKET  Call-UO  6W  45Δ/H@5Δ,rko_basket,monthly,2023-07-31,2182763.6707444456,8685494.323123252,0.0
RKO-BASKET  Call-UO  6W  45Δ/H@5Δ,rko_basket,monthly,2023-08-31,4825889.704734912,13511384.027858162,0.0
RKO-BASKET  Call-UO  6W  45Δ/H@5Δ,rko_basket,monthly,2023-09-30,4722796.036469291,18234180.064327456,0.0
RKO-BASKET  Call-UO  6W  45Δ/H@5Δ,rko_basket,monthly,2023-10-31,2450771.395687379,20684951.460014842,0.0
RKO-BASKET  Call-UO  6W  45Δ/H@5Δ,rko_basket,monthly,2023-11-30,-1627816.607304595,19057134.852710247,-1714361.3076963313
RKO-BASKET  Call-UO  6W  45Δ/H@5Δ,rko_basket,monthly,2023-12-31,-1640985.5401367594,17416149.312573485,-3355346.8478330933
RKO-BASKET  Call-UO  6W  45Δ/H@5Δ,rko_basket,monthly,2024-01-31,-681130.5427939765,16735018.76977951,-4036477.3906270675
RKO-BASKET  Call-UO  6W  45Δ/H@5Δ,rko_basket,monthly,2024-02-29,3034996.93626207,19770015.706041586,-1001480.4543649927
RKO-BASKET  Call-UO  6W  45Δ/H@5Δ,rko_basket,monthly,2024-03-31,401467.9479093567,20171483.65395094,-600012.5064556375
RKO-BASKET  Call-UO  6W  45Δ/H@5Δ,rko_basket,monthly,2024-04-30,3157654.2191427075,23329137.873093653,0.0
RKO-BASKET  Call-UO  6W  45Δ/H@5Δ,rko_basket,monthly,2024-05-31,478672.7754580587,23807810.64855172,-494002.1067426838
RKO-BASKET  Call-UO  6W  45Δ/H@5Δ,rko_basket,monthly,2024-06-30,532124.8969714075,24339935.545523122,0.0
RKO-BASKET  Call-UO  6W  45Δ/H@5Δ,rko_basket,monthly,2024-07-31,1646379.6208793148,25986315.166402437,0.0
RKO-BASKET  Call-UO  6W  45Δ/H@5Δ,rko_basket,monthly,2024-08-31,-692149.7335972212,25294165.432805207,-829599.7789574675
RKO-BASKET  Call-UO  6W  45Δ/H@5Δ,rko_basket,monthly,2024-09-30,-1964410.3079257736,23329755.124879435,-2794010.0868832394
RKO-BASKET  Call-UO  6W  45Δ/H@5Δ,rko_basket,monthly,2024-10-31,-55239.41789755929,23274515.706981875,-2849249.504780799
RKO-BASKET  Call-UO  6W  45Δ/H@5Δ,rko_basket,monthly,2024-11-30,4716015.4285248,27990531.135506682,0.0
RKO-BASKET  Call-UO  6W  45Δ/H@5Δ,rko_basket,monthly,2024-12-31,6979939.334164869,34970470.469671555,0.0
RKO-BASKET  Call-UO  6W  45Δ/H@5Δ,rko_basket,monthly,2025-01-31,4116138.007279541,39086608.4769511,-215644.69056088477
RKO-BASKET  Call-UO  6W  45Δ/H@5Δ,rko_basket,monthly,2025-02-28,-1797035.77931161,37289572.69763948,-2012680.4698725045
RKO-BASKET  Call-UO  6W  45Δ/H@5Δ,rko_basket,monthly,2025-03-31,-1236542.8607014879,36053029.836937994,-3249223.330573991
RKO-BASKET  Call-UO  6W  45Δ/H@5Δ,rko_basket,monthly,2025-04-30,-543642.9321253111,35509386.90481267,-3792866.2626993135
RKO-BASKET  Call-UO  6W  45Δ/H@5Δ,rko_basket,monthly,2025-05-31,-2339712.689958549,33169674.21485412,-6132578.9526578635
RKO-BASKET  Call-UO  6W  45Δ/H@5Δ,rko_basket,monthly,2025-06-30,-2682683.2982726,30486990.916581523,-8815262.250930462
RKO-BASKET  Call-UO  6W  45Δ/H@5Δ,rko_basket,monthly,2025-07-31,-2748337.7794151464,27738653.13716638,-11563600.030345604
RKO-BASKET  Call-UO  6W  45Δ/H@5Δ,rko_basket,monthly,2025-08-31,7291689.086245967,35030342.22341234,-4271910.944099642
RKO-BASKET  Call-UO  6W  45Δ/H@5Δ,rko_basket,monthly,2025-09-30,3319742.7447449965,38350084.96815735,-952168.1993546337
RKO-BASKET  Call-UO  6W  45Δ/H@5Δ,rko_basket,monthly,2025-10-31,2028058.501578539,40378143.4697359,0.0
RKO-BASKET  Call-UO  6W  45Δ/H@5Δ,rko_basket,monthly,2025-11-30,3453736.853778129,43831880.32351402,0.0
RKO-BASKET  Call-UO  6W  45Δ/H@5Δ,rko_basket,monthly,2025-12-31,1395770.6205922547,45227650.94410628,-320308.8467676863
RKO-BASKET  Call-UO  6W  45Δ/H@5Δ,rko_basket,monthly,2026-01-31,-239885.91253948232,44987765.03156681,-560194.7593071535
RKO-BASKET  Call-UO  6W  45Δ/H@5Δ,rko_basket,monthly,2026-02-28,-1467650.7984998254,43520114.233067,-2027845.5578069687
RKO-BASKET  Call-UO  6W  45Δ/H@5Δ,rko_basket,monthly,2026-03-31,1544147.5335511798,45064261.7666182,-483698.02425576746
RKO-BASKET  Call-UO  6W  45Δ/H@5Δ,rko_basket,monthly,2026-04-30,372369.31789337756,45436631.08451157,-190375.9430160001
RKO-BASKET  Call-UO  6W  45Δ/H@5Δ,rko_basket,monthly,2026-05-31,-334489.4385499273,45102141.64596164,-524865.3815659285
RKO-BASKET  Call-UO  6W  45Δ/H@5Δ,rko_basket,annual,2023-12-31,17416149.312573478,17416149.312573485,-3355346.8478330933
RKO-BASKET  Call-UO  6W  45Δ/H@5Δ,rko_basket,annual,2024-12-31,17554321.157098055,34970470.469671555,0.0
RKO-BASKET  Call-UO  6W  45Δ/H@5Δ,rko_basket,annual,2025-12-31,10257180.474434722,45227650.94410628,-320308.8467676863
RKO-BASKET  Call-UO  6W  45Δ/H@5Δ,rko_basket,annual,2026-12-31,-125509.29814467765,45102141.64596164,-524865.3815659285
RKO-BASKET  Call-UO  6W  40Δ/H@20Δ,rko_basket,monthly,2023-02-28,325632.44496774377,325632.44496774377,0.0
RKO-BASKET  Call-UO  6W  40Δ/H@20Δ,rko_basket,monthly,2023-03-31,-481217.96970648033,-155585.52473873668,-483908.1395895104
RKO-BASKET  Call-UO  6W  40Δ/H@20Δ,rko_basket,monthly,2023-04-30,-307649.04552684823,-463234.5702655849,-791557.1851163586
RKO-BASKET  Call-UO  6W  40Δ/H@20Δ,rko_basket,monthly,2023-05-31,1279390.917297617,816156.3470320321,-21705.108725436614
RKO-BASKET  Call-UO  6W  40Δ/H@20Δ,rko_basket,monthly,2023-06-30,7942.965197998252,824099.3122300302,-13762.143527438515
RKO-BASKET  Call-UO  6W  40Δ/H@20Δ,rko_basket,monthly,2023-07-31,-294774.27439312247,529325.0378369075,-391214.37215209345
RKO-BASKET  Call-UO  6W  40Δ/H@20Δ,rko_basket,monthly,2023-08-31,174950.9078320002,704275.9456689078,-216263.46432009316
RKO-BASKET  Call-UO  6W  40Δ/H@20Δ,rko_basket,monthly,2023-09-30,488177.10484403744,1192453.0505129455,0.0
RKO-BASKET  Call-UO  6W  40Δ/H@20Δ,rko_basket,monthly,2023-10-31,794742.3290783728,1987195.3795913185,0.0
RKO-BASKET  Call-UO  6W  40Δ/H@20Δ,rko_basket,monthly,2023-11-30,-407593.8920117269,1579601.487579592,-409263.6972112276
RKO-BASKET  Call-UO  6W  40Δ/H@20Δ,rko_basket,monthly,2023-12-31,-457866.02094264294,1121735.4666369492,-867129.7181538704
RKO-BASKET  Call-UO  6W  40Δ/H@20Δ,rko_basket,monthly,2024-01-31,5968.326909690535,1127703.7935466394,-861161.3912441803
RKO-BASKET  Call-UO  6W  40Δ/H@20Δ,rko_basket,monthly,2024-02-29,553037.7044043695,1680741.4979510084,-308123.6868398113
RKO-BASKET  Call-UO  6W  40Δ/H@20Δ,rko_basket,monthly,2024-03-31,250802.40566392255,1931543.9036149308,-57321.28117588884
RKO-BASKET  Call-UO  6W  40Δ/H@20Δ,rko_basket,monthly,2024-04-30,8055.9862468732845,1939599.8898618042,-192062.72194032953
RKO-BASKET  Call-UO  6W  40Δ/H@20Δ,rko_basket,monthly,2024-05-31,-415824.8423285418,1523775.0475332628,-607887.564268871
RKO-BASKET  Call-UO  6W  40Δ/H@20Δ,rko_basket,monthly,2024-06-30,-130420.13873602003,1393354.9087972427,-738307.703004891
RKO-BASKET  Call-UO  6W  40Δ/H@20Δ,rko_basket,monthly,2024-07-31,105808.76926779654,1499163.678065039,-632498.9337370947
RKO-BASKET  Call-UO  6W  40Δ/H@20Δ,rko_basket,monthly,2024-08-31,-128571.72974854845,1370591.94831649,-761070.6634856437
RKO-BASKET  Call-UO  6W  40Δ/H@20Δ,rko_basket,monthly,2024-09-30,-434600.51897517155,935991.4293413181,-1195671.1824608156
RKO-BASKET  Call-UO  6W  40Δ/H@20Δ,rko_basket,monthly,2024-10-31,287437.77975570515,1223429.2090970234,-908233.4027051104
RKO-BASKET  Call-UO  6W  40Δ/H@20Δ,rko_basket,monthly,2024-11-30,844061.7313657512,2067490.9404627741,-64171.6713393596
RKO-BASKET  Call-UO  6W  40Δ/H@20Δ,rko_basket,monthly,2024-12-31,1285446.6260767223,3352937.566539496,0.0
RKO-BASKET  Call-UO  6W  40Δ/H@20Δ,rko_basket,monthly,2025-01-31,151297.57236667225,3504235.1389061674,-255895.80753738573
RKO-BASKET  Call-UO  6W  40Δ/H@20Δ,rko_basket,monthly,2025-02-28,-393473.4320587254,3110761.7068474423,-649369.2395961108
RKO-BASKET  Call-UO  6W  40Δ/H@20Δ,rko_basket,monthly,2025-03-31,-157756.92712339063,2953004.779724052,-807126.1667195009
RKO-BASKET  Call-UO  6W  40Δ/H@20Δ,rko_basket,monthly,2025-04-30,-247965.4412431607,2705039.3384808907,-1055091.6079626624
RKO-BASKET  Call-UO  6W  40Δ/H@20Δ,rko_basket,monthly,2025-05-31,-488200.4787367257,2216838.859744165,-1543292.086699388
RKO-BASKET  Call-UO  6W  40Δ/H@20Δ,rko_basket,monthly,2025-06-30,-283462.25527895975,1933376.6044652055,-1826754.3419783476
RKO-BASKET  Call-UO  6W  40Δ/H@20Δ,rko_basket,monthly,2025-07-31,-248936.63281566242,1684439.971649543,-2075690.9747940102
RKO-BASKET  Call-UO  6W  40Δ/H@20Δ,rko_basket,monthly,2025-08-31,270554.4836033016,1954994.455252845,-1805136.491190708
RKO-BASKET  Call-UO  6W  40Δ/H@20Δ,rko_basket,monthly,2025-09-30,-80733.6346385744,1874260.8206142709,-1885870.1258292822
RKO-BASKET  Call-UO  6W  40Δ/H@20Δ,rko_basket,monthly,2025-10-31,680126.6667168242,2554387.487331094,-1205743.4591124589
RKO-BASKET  Call-UO  6W  40Δ/H@20Δ,rko_basket,monthly,2025-11-30,174834.9889592525,2729222.4762903475,-1030908.4701532056
RKO-BASKET  Call-UO  6W  40Δ/H@20Δ,rko_basket,monthly,2025-12-31,-96469.12633172199,2632753.3499586247,-1127377.5964849284
RKO-BASKET  Call-UO  6W  40Δ/H@20Δ,rko_basket,monthly,2026-01-31,190759.1691072092,2823512.5190658337,-936618.4273777194
RKO-BASKET  Call-UO  6W  40Δ/H@20Δ,rko_basket,monthly,2026-02-28,-407716.9196937177,2415795.5993721155,-1344335.3470714376
RKO-BASKET  Call-UO  6W  40Δ/H@20Δ,rko_basket,monthly,2026-03-31,79023.73390476781,2494819.3332768837,-1265311.6131666694
RKO-BASKET  Call-UO  6W  40Δ/H@20Δ,rko_basket,monthly,2026-04-30,-479383.67318044615,2015435.6600964367,-1744695.2863471163
RKO-BASKET  Call-UO  6W  40Δ/H@20Δ,rko_basket,monthly,2026-05-31,-97214.02235603219,1918221.6377404048,-1841909.3087031483
RKO-BASKET  Call-UO  6W  40Δ/H@20Δ,rko_basket,annual,2023-12-31,1121735.4666369488,1121735.4666369492,-867129.7181538704
RKO-BASKET  Call-UO  6W  40Δ/H@20Δ,rko_basket,annual,2024-12-31,2231202.0999025493,3352937.566539496,0.0
RKO-BASKET  Call-UO  6W  40Δ/H@20Δ,rko_basket,annual,2025-12-31,-720184.2165808706,2632753.3499586247,-1127377.5964849284
RKO-BASKET  Call-UO  6W  40Δ/H@20Δ,rko_basket,annual,2026-12-31,-714531.712218219,1918221.6377404048,-1841909.3087031483
RKO-BASKET  Call-UO  6W  40Δ/H@15Δ,rko_basket,monthly,2023-02-28,319721.5189749702,319721.51897497015,-5571.159074554744
RKO-BASKET  Call-UO  6W  40Δ/H@15Δ,rko_basket,monthly,2023-03-31,-647445.9399598467,-327724.42098487646,-783456.5361620297
RKO-BASKET  Call-UO  6W  40Δ/H@15Δ,rko_basket,monthly,2023-04-30,-628913.8022926765,-956638.223277553,-1412370.3384547061
RKO-BASKET  Call-UO  6W  40Δ/H@15Δ,rko_basket,monthly,2023-05-31,1186929.4168578316,230291.19358027863,-225440.92159687463
RKO-BASKET  Call-UO  6W  40Δ/H@15Δ,rko_basket,monthly,2023-06-30,45265.27897985242,275556.472560131,-180175.64261702227
RKO-BASKET  Call-UO  6W  40Δ/H@15Δ,rko_basket,monthly,2023-07-31,-362411.49890926614,-86855.0263491351,-590025.6035129292
RKO-BASKET  Call-UO  6W  40Δ/H@15Δ,rko_basket,monthly,2023-08-31,691160.2431093773,604305.2167602421,-47732.62309395289
RKO-BASKET  Call-UO  6W  40Δ/H@15Δ,rko_basket,monthly,2023-09-30,1077525.1922061667,1681830.4089664088,0.0
RKO-BASKET  Call-UO  6W  40Δ/H@15Δ,rko_basket,monthly,2023-10-31,1768824.3984132162,3450654.8073796257,0.0
RKO-BASKET  Call-UO  6W  40Δ/H@15Δ,rko_basket,monthly,2023-11-30,-586316.1915405397,2864338.6158390874,-665455.9002910331
RKO-BASKET  Call-UO  6W  40Δ/H@15Δ,rko_basket,monthly,2023-12-31,-732286.0563120389,2132052.559527048,-1397741.9566030726
RKO-BASKET  Call-UO  6W  40Δ/H@15Δ,rko_basket,monthly,2024-01-31,-67138.49888572005,2064914.0606413283,-1464880.4554887922
RKO-BASKET  Call-UO  6W  40Δ/H@15Δ,rko_basket,monthly,2024-02-29,887247.4357794413,2952161.4964207686,-577633.0197093519
RKO-BASKET  Call-UO  6W  40Δ/H@15Δ,rko_basket,monthly,2024-03-31,267030.58103554486,3219192.0774563137,-310602.43867380684
RKO-BASKET  Call-UO  6W  40Δ/H@15Δ,rko_basket,monthly,2024-04-30,-30780.416506121237,3188411.660950192,-341382.8551799287
RKO-BASKET  Call-UO  6W  40Δ/H@15Δ,rko_basket,monthly,2024-05-31,-661698.8996396626,2526712.761310529,-1003081.7548195915
RKO-BASKET  Call-UO  6W  40Δ/H@15Δ,rko_basket,monthly,2024-06-30,299062.71200352965,2825775.473314059,-704019.0428160615
RKO-BASKET  Call-UO  6W  40Δ/H@15Δ,rko_basket,monthly,2024-07-31,1313357.9464127694,4139133.419726829,-30912.40334176412
RKO-BASKET  Call-UO  6W  40Δ/H@15Δ,rko_basket,monthly,2024-08-31,-317746.6036885293,3821386.816038299,-348659.0070302943
RKO-BASKET  Call-UO  6W  40Δ/H@15Δ,rko_basket,monthly,2024-09-30,-730332.6655051045,3091054.1505331947,-1078991.6725353985
RKO-BASKET  Call-UO  6W  40Δ/H@15Δ,rko_basket,monthly,2024-10-31,72659.68482441695,3163713.8353576115,-1006331.9877109816
RKO-BASKET  Call-UO  6W  40Δ/H@15Δ,rko_basket,monthly,2024-11-30,1102807.8979329208,4266521.733290532,0.0
RKO-BASKET  Call-UO  6W  40Δ/H@15Δ,rko_basket,monthly,2024-12-31,3551723.1479278384,7818244.88121837,0.0
RKO-BASKET  Call-UO  6W  40Δ/H@15Δ,rko_basket,monthly,2025-01-31,867876.8843360327,8686121.765554402,-247170.00825898536
RKO-BASKET  Call-UO  6W  40Δ/H@15Δ,rko_basket,monthly,2025-02-28,-713184.2547220882,7972937.5108323125,-960354.2629810749
RKO-BASKET  Call-UO  6W  40Δ/H@15Δ,rko_basket,monthly,2025-03-31,-464063.9207801718,7508873.590052141,-1424418.1837612465
RKO-BASKET  Call-UO  6W  40Δ/H@15Δ,rko_basket,monthly,2025-04-30,-44934.40409153206,7463939.185960609,-1469352.5878527788
RKO-BASKET  Call-UO  6W  40Δ/H@15Δ,rko_basket,monthly,2025-05-31,-823694.5292680254,6640244.656692585,-2293047.1171208024
RKO-BASKET  Call-UO  6W  40Δ/H@15Δ,rko_basket,monthly,2025-06-30,-528791.6779911926,6111452.978701391,-2821838.795111996
RKO-BASKET  Call-UO  6W  40Δ/H@15Δ,rko_basket,monthly,2025-07-31,-757667.195536985,5353785.783164406,-3579505.990648981
RKO-BASKET  Call-UO  6W  40Δ/H@15Δ,rko_basket,monthly,2025-08-31,603271.311747929,5957057.094912334,-2976234.678901053
RKO-BASKET  Call-UO  6W  40Δ/H@15Δ,rko_basket,monthly,2025-09-30,317300.3942095066,6274357.48912184,-2658934.284691547
RKO-BASKET  Call-UO  6W  40Δ/H@15Δ,rko_basket,monthly,2025-10-31,973051.632586208,7247409.121708048,-1685882.6521053398
RKO-BASKET  Call-UO  6W  40Δ/H@15Δ,rko_basket,monthly,2025-11-30,1719174.1013976755,8966583.223105725,-77673.08753580414
RKO-BASKET  Call-UO  6W  40Δ/H@15Δ,rko_basket,monthly,2025-12-31,307256.52278560225,9273839.745891327,-129403.77105215937
RKO-BASKET  Call-UO  6W  40Δ/H@15Δ,rko_basket,monthly,2026-01-31,22302.14840494815,9296141.894296274,-107101.62264721282
RKO-BASKET  Call-UO  6W  40Δ/H@15Δ,rko_basket,monthly,2026-02-28,-696296.2286996262,8599845.665596645,-803397.8513468411
RKO-BASKET  Call-UO  6W  40Δ/H@15Δ,rko_basket,monthly,2026-03-31,560420.8035153969,9160266.46911204,-242977.04783144593
RKO-BASKET  Call-UO  6W  40Δ/H@15Δ,rko_basket,monthly,2026-04-30,-723028.8933924156,8437237.575719621,-966005.9412238654
RKO-BASKET  Call-UO  6W  40Δ/H@15Δ,rko_basket,monthly,2026-05-31,-177092.99690981538,8260144.578809804,-1143098.9381336821
RKO-BASKET  Call-UO  6W  40Δ/H@15Δ,rko_basket,annual,2023-12-31,2132052.5595270465,2132052.559527048,-1397741.9566030726
RKO-BASKET  Call-UO  6W  40Δ/H@15Δ,rko_basket,annual,2024-12-31,5686192.321691324,7818244.88121837,0.0
RKO-BASKET  Call-UO  6W  40Δ/H@15Δ,rko_basket,annual,2025-12-31,1455594.8646729589,9273839.745891327,-129403.77105215937
RKO-BASKET  Call-UO  6W  40Δ/H@15Δ,rko_basket,annual,2026-12-31,-1013695.1670815122,8260144.578809804,-1143098.9381336821
RKO-BASKET  Call-UO  6W  40Δ/H@10Δ,rko_basket,monthly,2023-02-28,767289.4947060924,767289.4947060924,0.0
RKO-BASKET  Call-UO  6W  40Δ/H@10Δ,rko_basket,monthly,2023-03-31,163049.20979930632,930338.7045053993,-453970.0891427919
RKO-BASKET  Call-UO  6W  40Δ/H@10Δ,rko_basket,monthly,2023-04-30,-1027626.5700778319,-97287.86557243273,-1481596.659220624
RKO-BASKET  Call-UO  6W  40Δ/H@10Δ,rko_basket,monthly,2023-05-31,1524975.3430364837,1427687.4774640508,0.0
RKO-BASKET  Call-UO  6W  40Δ/H@10Δ,rko_basket,monthly,2023-06-30,305186.9627591036,1732874.4402231541,0.0
RKO-BASKET  Call-UO  6W  40Δ/H@10Δ,rko_basket,monthly,2023-07-31,760053.9898531974,2492928.4300763514,0.0
RKO-BASKET  Call-UO  6W  40Δ/H@10Δ,rko_basket,monthly,2023-08-31,1900881.138251775,4393809.568328127,-55014.545944176614
RKO-BASKET  Call-UO  6W  40Δ/H@10Δ,rko_basket,monthly,2023-09-30,2035965.5687896318,6429775.137117758,0.0
RKO-BASKET  Call-UO  6W  40Δ/H@10Δ,rko_basket,monthly,2023-10-31,1675142.3476733342,8104917.484791093,0.0
RKO-BASKET  Call-UO  6W  40Δ/H@10Δ,rko_basket,monthly,2023-11-30,-938890.5285343039,7166026.956256789,-1001469.4447669992
RKO-BASKET  Call-UO  6W  40Δ/H@10Δ,rko_basket,monthly,2023-12-31,-1037963.3913316324,6128063.564925156,-2039432.8360986328
RKO-BASKET  Call-UO  6W  40Δ/H@10Δ,rko_basket,monthly,2024-01-31,-218882.17851632746,5909181.38640883,-2258315.0146149583
RKO-BASKET  Call-UO  6W  40Δ/H@10Δ,rko_basket,monthly,2024-02-29,1689260.5153704074,7598441.901779238,-569054.4992445502
RKO-BASKET  Call-UO  6W  40Δ/H@10Δ,rko_basket,monthly,2024-03-31,283846.5005661976,7882288.402345437,-285207.99867835175
RKO-BASKET  Call-UO  6W  40Δ/H@10Δ,rko_basket,monthly,2024-04-30,1300954.321009087,9183242.723354524,-155727.2411306724
RKO-BASKET  Call-UO  6W  40Δ/H@10Δ,rko_basket,monthly,2024-05-31,-272625.92270584684,8910616.80064868,-428353.16383651644
RKO-BASKET  Call-UO  6W  40Δ/H@10Δ,rko_basket,monthly,2024-06-30,344302.440029526,9254919.240678204,-84050.72380699217
RKO-BASKET  Call-UO  6W  40Δ/H@10Δ,rko_basket,monthly,2024-07-31,1315118.583404012,10570037.82408222,0.0
RKO-BASKET  Call-UO  6W  40Δ/H@10Δ,rko_basket,monthly,2024-08-31,-402296.95026259037,10167740.87381963,-528455.4152354132
RKO-BASKET  Call-UO  6W  40Δ/H@10Δ,rko_basket,monthly,2024-09-30,-1119652.5913178248,9048088.282501802,-1648108.006553242
RKO-BASKET  Call-UO  6W  40Δ/H@10Δ,rko_basket,monthly,2024-10-31,-394787.57806121575,8653300.704440586,-2042895.5846144576
RKO-BASKET  Call-UO  6W  40Δ/H@10Δ,rko_basket,monthly,2024-11-30,1692811.7552437037,10346112.459684284,-350083.8293707594
RKO-BASKET  Call-UO  6W  40Δ/H@10Δ,rko_basket,monthly,2024-12-31,6015053.569488235,16361166.029172521,0.0
RKO-BASKET  Call-UO  6W  40Δ/H@10Δ,rko_basket,monthly,2025-01-31,2207915.5825153817,18569081.611687902,-369949.43239669874
RKO-BASKET  Call-UO  6W  40Δ/H@10Δ,rko_basket,monthly,2025-02-28,-1156740.1899028723,17412341.421785034,-1526689.6222995669
RKO-BASKET  Call-UO  6W  40Δ/H@10Δ,rko_basket,monthly,2025-03-31,-778955.0622613354,16633386.3595237,-2305644.6845609006
RKO-BASKET  Call-UO  6W  40Δ/H@10Δ,rko_basket,monthly,2025-04-30,-434665.41382903943,16198720.945694653,-2740310.098389948
RKO-BASKET  Call-UO  6W  40Δ/H@10Δ,rko_basket,monthly,2025-05-31,-1275240.6162681319,14923480.329426518,-4015550.7146580834
RKO-BASKET  Call-UO  6W  40Δ/H@10Δ,rko_basket,monthly,2025-06-30,-1264450.0996199613,13659030.22980656,-5280000.814278042
RKO-BASKET  Call-UO  6W  40Δ/H@10Δ,rko_basket,monthly,2025-07-31,-1571819.1324784332,12087211.097328126,-6851819.946756475
RKO-BASKET  Call-UO  6W  40Δ/H@10Δ,rko_basket,monthly,2025-08-31,2434970.5743235433,14522181.671651665,-4416849.372432936
RKO-BASKET  Call-UO  6W  40Δ/H@10Δ,rko_basket,monthly,2025-09-30,712662.4250572305,15234844.096708896,-3704186.9473757055
RKO-BASKET  Call-UO  6W  40Δ/H@10Δ,rko_basket,monthly,2025-10-31,1274106.3056340315,16508950.402342921,-2430080.64174168
RKO-BASKET  Call-UO  6W  40Δ/H@10Δ,rko_basket,monthly,2025-11-30,2746442.5218515373,19255392.92419446,0.0
RKO-BASKET  Call-UO  6W  40Δ/H@10Δ,rko_basket,monthly,2025-12-31,960765.5474664468,20216158.4716609,-229264.46443776786
RKO-BASKET  Call-UO  6W  40Δ/H@10Δ,rko_basket,monthly,2026-01-31,-229107.96017658545,19987050.511484314,-458372.42461435497
RKO-BASKET  Call-UO  6W  40Δ/H@10Δ,rko_basket,monthly,2026-02-28,-944014.5763842245,19043035.935100093,-1402387.0009985752
RKO-BASKET  Call-UO  6W  40Δ/H@10Δ,rko_basket,monthly,2026-03-31,716121.3824848827,19759157.317584973,-686265.6185136959
RKO-BASKET  Call-UO  6W  40Δ/H@10Δ,rko_basket,monthly,2026-04-30,-320353.961509921,19438803.356075056,-1006619.5800236128
RKO-BASKET  Call-UO  6W  40Δ/H@10Δ,rko_basket,monthly,2026-05-31,-261538.30599437168,19177265.05008069,-1268157.8860179782
RKO-BASKET  Call-UO  6W  40Δ/H@10Δ,rko_basket,annual,2023-12-31,6128063.5649251565,6128063.564925156,-2039432.8360986328
RKO-BASKET  Call-UO  6W  40Δ/H@10Δ,rko_basket,annual,2024-12-31,10233102.464247363,16361166.029172521,0.0
RKO-BASKET  Call-UO  6W  40Δ/H@10Δ,rko_basket,annual,2025-12-31,3854992.4424883975,20216158.4716609,-229264.46443776786
RKO-BASKET  Call-UO  6W  40Δ/H@10Δ,rko_basket,annual,2026-12-31,-1038893.42158022,19177265.05008069,-1268157.8860179782
RKO-BASKET  Call-UO  6W  40Δ/H@5Δ,rko_basket,monthly,2023-02-28,1025282.7439427923,1025282.7439427923,0.0
RKO-BASKET  Call-UO  6W  40Δ/H@5Δ,rko_basket,monthly,2023-03-31,2511653.889041926,3536936.6329847183,-359885.0941262995
RKO-BASKET  Call-UO  6W  40Δ/H@5Δ,rko_basket,monthly,2023-04-30,-1471814.3100009712,2065122.322983747,-1831699.4041272707
RKO-BASKET  Call-UO  6W  40Δ/H@5Δ,rko_basket,monthly,2023-05-31,2117247.7065631934,4182370.0295469407,0.0
RKO-BASKET  Call-UO  6W  40Δ/H@5Δ,rko_basket,monthly,2023-06-30,367122.54002934,4549492.569576281,0.0
RKO-BASKET  Call-UO  6W  40Δ/H@5Δ,rko_basket,monthly,2023-07-31,1787901.8362684082,6337394.4058446875,0.0
RKO-BASKET  Call-UO  6W  40Δ/H@5Δ,rko_basket,monthly,2023-08-31,4066927.726974354,10404322.132819042,0.0
RKO-BASKET  Call-UO  6W  40Δ/H@5Δ,rko_basket,monthly,2023-09-30,3789532.2398971883,14193854.372716224,0.0
RKO-BASKET  Call-UO  6W  40Δ/H@5Δ,rko_basket,monthly,2023-10-31,1499313.6391338932,15693168.011850117,0.0
RKO-BASKET  Call-UO  6W  40Δ/H@5Δ,rko_basket,monthly,2023-11-30,-1317025.1755932462,14376142.83625687,-1361666.7447484937
RKO-BASKET  Call-UO  6W  40Δ/H@5Δ,rko_basket,monthly,2023-12-31,-1241320.0539820003,13134822.782274865,-2602986.798730498
RKO-BASKET  Call-UO  6W  40Δ/H@5Δ,rko_basket,monthly,2024-01-31,-698839.7777268649,12435983.00454799,-3301826.576457372
RKO-BASKET  Call-UO  6W  40Δ/H@5Δ,rko_basket,monthly,2024-02-29,2316483.5853174413,14752466.589865433,-985342.9911399297
RKO-BASKET  Call-UO  6W  40Δ/H@5Δ,rko_basket,monthly,2024-03-31,-51760.29799655732,14700706.29186888,-1037103.2891364824
RKO-BASKET  Call-UO  6W  40Δ/H@5Δ,rko_basket,monthly,2024-04-30,2721697.796695093,17422404.088563964,0.0
RKO-BASKET  Call-UO  6W  40Δ/H@5Δ,rko_basket,monthly,2024-05-31,316003.92750374466,17738408.0160677,-455126.80376568064
RKO-BASKET  Call-UO  6W  40Δ/H@5Δ,rko_basket,monthly,2024-06-30,430829.8766430308,18169237.892710727,-24296.92712265253
RKO-BASKET  Call-UO  6W  40Δ/H@5Δ,rko_basket,monthly,2024-07-31,1103660.4034138743,19272898.2961246,0.0
RKO-BASKET  Call-UO  6W  40Δ/H@5Δ,rko_basket,monthly,2024-08-31,-620013.7129723754,18652884.583152216,-713699.7738925852
RKO-BASKET  Call-UO  6W  40Δ/H@5Δ,rko_basket,monthly,2024-09-30,-1584035.9073263342,17068848.675825886,-2297735.6812189147
RKO-BASKET  Call-UO  6W  40Δ/H@5Δ,rko_basket,monthly,2024-10-31,-339190.95761027694,16729657.718215609,-2636926.638829192
RKO-BASKET  Call-UO  6W  40Δ/H@5Δ,rko_basket,monthly,2024-11-30,3847655.0762653863,20577312.794480994,0.0
RKO-BASKET  Call-UO  6W  40Δ/H@5Δ,rko_basket,monthly,2024-12-31,5471922.807025726,26049235.601506714,0.0
RKO-BASKET  Call-UO  6W  40Δ/H@5Δ,rko_basket,monthly,2025-01-31,3315870.7564179846,29365106.3579247,-239767.8035712093
RKO-BASKET  Call-UO  6W  40Δ/H@5Δ,rko_basket,monthly,2025-02-28,-1469418.6890995284,27895687.668825176,-1709186.4926707335
RKO-BASKET  Call-UO  6W  40Δ/H@5Δ,rko_basket,monthly,2025-03-31,-1235040.7161714958,26660646.952653684,-2944227.2088422254
RKO-BASKET  Call-UO  6W  40Δ/H@5Δ,rko_basket,monthly,2025-04-30,-549242.9355384244,26111404.01711526,-3493470.1443806477
RKO-BASKET  Call-UO  6W  40Δ/H@5Δ,rko_basket,monthly,2025-05-31,-1793775.1832610928,24317628.833854172,-5287245.327641737
RKO-BASKET  Call-UO  6W  40Δ/H@5Δ,rko_basket,monthly,2025-06-30,-2138431.3316659173,22179197.502188258,-7425676.659307651
RKO-BASKET  Call-UO  6W  40Δ/H@5Δ,rko_basket,monthly,2025-07-31,-2435467.485294561,19743730.016893703,-9861144.144602206
RKO-BASKET  Call-UO  6W  40Δ/H@5Δ,rko_basket,monthly,2025-08-31,6005724.983503339,25749455.000397045,-3855419.161098864
RKO-BASKET  Call-UO  6W  40Δ/H@5Δ,rko_basket,monthly,2025-09-30,2640159.1309660287,28389614.13136307,-1215260.0301328376
RKO-BASKET  Call-UO  6W  40Δ/H@5Δ,rko_basket,monthly,2025-10-31,1463533.7133605133,29853147.844723586,0.0
RKO-BASKET  Call-UO  6W  40Δ/H@5Δ,rko_basket,monthly,2025-11-30,2888813.4267164,32741961.271439984,0.0
RKO-BASKET  Call-UO  6W  40Δ/H@5Δ,rko_basket,monthly,2025-12-31,1156245.8499131433,33898207.12135311,-343577.37837845087
RKO-BASKET  Call-UO  6W  40Δ/H@5Δ,rko_basket,monthly,2026-01-31,-426163.0211026232,33472044.100250494,-769740.3994810693
RKO-BASKET  Call-UO  6W  40Δ/H@5Δ,rko_basket,monthly,2026-02-28,-1281979.1950381827,32190064.90521231,-2051719.5945192538
RKO-BASKET  Call-UO  6W  40Δ/H@5Δ,rko_basket,monthly,2026-03-31,1179116.3106314423,33369181.215843756,-872603.2838878073
RKO-BASKET  Call-UO  6W  40Δ/H@5Δ,rko_basket,monthly,2026-04-30,325303.8940274767,33694485.10987123,-547299.389860332
RKO-BASKET  Call-UO  6W  40Δ/H@5Δ,rko_basket,monthly,2026-05-31,-315575.000825365,33378910.109045867,-862874.3906856962
RKO-BASKET  Call-UO  6W  40Δ/H@5Δ,rko_basket,annual,2023-12-31,13134822.782274878,13134822.782274865,-2602986.798730498
RKO-BASKET  Call-UO  6W  40Δ/H@5Δ,rko_basket,annual,2024-12-31,12914412.819231888,26049235.601506714,0.0
RKO-BASKET  Call-UO  6W  40Δ/H@5Δ,rko_basket,annual,2025-12-31,7848971.519846389,33898207.12135311,-343577.37837845087
RKO-BASKET  Call-UO  6W  40Δ/H@5Δ,rko_basket,annual,2026-12-31,-519297.01230725175,33378910.109045867,-862874.3906856962
RKO-BASKET  Call-UO  6W  35Δ/H@20Δ,rko_basket,monthly,2023-02-28,170368.0096878254,170368.00968782543,-3510.101930712699
RKO-BASKET  Call-UO  6W  35Δ/H@20Δ,rko_basket,monthly,2023-03-31,-348838.4130330149,-178470.40334518952,-352348.5149637277
RKO-BASKET  Call-UO  6W  35Δ/H@20Δ,rko_basket,monthly,2023-04-30,-277272.1234185662,-455742.5267637557,-629620.6383822939
RKO-BASKET  Call-UO  6W  35Δ/H@20Δ,rko_basket,monthly,2023-05-31,475795.50183804164,20052.975074285954,-153825.13654425216
RKO-BASKET  Call-UO  6W  35Δ/H@20Δ,rko_basket,monthly,2023-06-30,-147950.4403988717,-127897.46532458578,-301775.5769431239
RKO-BASKET  Call-UO  6W  35Δ/H@20Δ,rko_basket,monthly,2023-07-31,-205577.2531090557,-333474.7184336415,-507352.83005217963
RKO-BASKET  Call-UO  6W  35Δ/H@20Δ,rko_basket,monthly,2023-08-31,41846.98865510736,-291627.7297785341,-465505.8413970722
RKO-BASKET  Call-UO  6W  35Δ/H@20Δ,rko_basket,monthly,2023-09-30,131838.59041363627,-159789.1393648979,-333667.250983436
RKO-BASKET  Call-UO  6W  35Δ/H@20Δ,rko_basket,monthly,2023-10-31,219083.6654623815,59294.52609748357,-114583.58552105456
RKO-BASKET  Call-UO  6W  35Δ/H@20Δ,rko_basket,monthly,2023-11-30,-298296.96164298727,-239002.4355455037,-412880.5471640418
RKO-BASKET  Call-UO  6W  35Δ/H@20Δ,rko_basket,monthly,2023-12-31,-303741.5337324968,-542743.9692780004,-716622.0808965386
RKO-BASKET  Call-UO  6W  35Δ/H@20Δ,rko_basket,monthly,2024-01-31,-82154.80091618687,-624898.7701941873,-798776.8818127254
RKO-BASKET  Call-UO  6W  35Δ/H@20Δ,rko_basket,monthly,2024-02-29,184526.88327258575,-440371.8869216014,-614249.9985401395
RKO-BASKET  Call-UO  6W  35Δ/H@20Δ,rko_basket,monthly,2024-03-31,-8297.356498605646,-448669.243420207,-622547.3550387451
RKO-BASKET  Call-UO  6W  35Δ/H@20Δ,rko_basket,monthly,2024-04-30,-56791.35792061807,-505460.601340825,-679338.7129593631
RKO-BASKET  Call-UO  6W  35Δ/H@20Δ,rko_basket,monthly,2024-05-31,-295891.1661412349,-801351.7674820599,-975229.879100598
RKO-BASKET  Call-UO  6W  35Δ/H@20Δ,rko_basket,monthly,2024-06-30,-145395.45347270803,-946747.2209547678,-1120625.3325733058
RKO-BASKET  Call-UO  6W  35Δ/H@20Δ,rko_basket,monthly,2024-07-31,-59330.89637830522,-1006078.117333073,-1179956.228951611
RKO-BASKET  Call-UO  6W  35Δ/H@20Δ,rko_basket,monthly,2024-08-31,-151365.2802358878,-1157443.3975689607,-1331321.5091874988
RKO-BASKET  Call-UO  6W  35Δ/H@20Δ,rko_basket,monthly,2024-09-30,-294080.3824129107,-1451523.7799818711,-1625401.8916004093
RKO-BASKET  Call-UO  6W  35Δ/H@20Δ,rko_basket,monthly,2024-10-31,-18583.01701713122,-1470106.7969990026,-1643984.9086175407
RKO-BASKET  Call-UO  6W  35Δ/H@20Δ,rko_basket,monthly,2024-11-30,319344.0617658916,-1150762.735233111,-1324640.8468516492
RKO-BASKET  Call-UO  6W  35Δ/H@20Δ,rko_basket,monthly,2024-12-31,609565.1625592328,-541197.5726738783,-715075.6842924164
RKO-BASKET  Call-UO  6W  35Δ/H@20Δ,rko_basket,monthly,2025-01-31,40181.74262824579,-501015.83004563244,-674893.9416641706
RKO-BASKET  Call-UO  6W  35Δ/H@20Δ,rko_basket,monthly,2025-02-28,-288786.50182903593,-789802.3318746684,-963680.4434932065
RKO-BASKET  Call-UO  6W  35Δ/H@20Δ,rko_basket,monthly,2025-03-31,-188969.67791037072,-978772.0097850389,-1152650.121403577
RKO-BASKET  Call-UO  6W  35Δ/H@20Δ,rko_basket,monthly,2025-04-30,-200915.79681562044,-1179687.8066006594,-1353565.9182191975
RKO-BASKET  Call-UO  6W  35Δ/H@20Δ,rko_basket,monthly,2025-05-31,-317424.6432151871,-1497112.4498158465,-1670990.5614343847
RKO-BASKET  Call-UO  6W  35Δ/H@20Δ,rko_basket,monthly,2025-06-30,-203264.46457191434,-1700376.9143877607,-1874255.0260062988
RKO-BASKET  Call-UO  6W  35Δ/H@20Δ,rko_basket,monthly,2025-07-31,-245441.15167331483,-1945818.066061075,-2119696.177679613
RKO-BASKET  Call-UO  6W  35Δ/H@20Δ,rko_basket,monthly,2025-08-31,28486.76443328363,-1917331.3016277922,-2091209.4132463303
RKO-BASKET  Call-UO  6W  35Δ/H@20Δ,rko_basket,monthly,2025-09-30,-96486.88751546846,-2013818.189143261,-2187696.300761799
RKO-BASKET  Call-UO  6W  35Δ/H@20Δ,rko_basket,monthly,2025-10-31,310043.2799021798,-1703774.9092410812,-1877653.0208596194
RKO-BASKET  Call-UO  6W  35Δ/H@20Δ,rko_basket,monthly,2025-11-30,128573.88607941369,-1575201.023161667,-1749079.134780205
RKO-BASKET  Call-UO  6W  35Δ/H@20Δ,rko_basket,monthly,2025-12-31,-90225.70378400113,-1665426.726945668,-1839304.8385642061
RKO-BASKET  Call-UO  6W  35Δ/H@20Δ,rko_basket,monthly,2026-01-31,-10439.02781973959,-1675865.754765407,-1849743.866383945
RKO-BASKET  Call-UO  6W  35Δ/H@20Δ,rko_basket,monthly,2026-02-28,-280355.6198982549,-1956221.374663662,-2130099.4862822
RKO-BASKET  Call-UO  6W  35Δ/H@20Δ,rko_basket,monthly,2026-03-31,-51525.122538451506,-2007746.4972021133,-2181624.608820651
RKO-BASKET  Call-UO  6W  35Δ/H@20Δ,rko_basket,monthly,2026-04-30,-313247.10989006545,-2320993.6070921794,-2494871.7187107173
RKO-BASKET  Call-UO  6W  35Δ/H@20Δ,rko_basket,monthly,2026-05-31,-89301.49241455097,-2410295.09950673,-2584173.211125268
RKO-BASKET  Call-UO  6W  35Δ/H@20Δ,rko_basket,annual,2023-12-31,-542743.9692780004,-542743.9692780004,-716622.0808965386
RKO-BASKET  Call-UO  6W  35Δ/H@20Δ,rko_basket,annual,2024-12-31,1546.39660412175,-541197.5726738783,-715075.6842924164
RKO-BASKET  Call-UO  6W  35Δ/H@20Δ,rko_basket,annual,2025-12-31,-1124229.15427179,-1665426.726945668,-1839304.8385642061
RKO-BASKET  Call-UO  6W  35Δ/H@20Δ,rko_basket,annual,2026-12-31,-744868.3725610625,-2410295.09950673,-2584173.211125268
RKO-BASKET  Call-UO  6W  35Δ/H@15Δ,rko_basket,monthly,2023-02-28,168056.53964523863,168056.5396452386,-15687.812926523504
RKO-BASKET  Call-UO  6W  35Δ/H@15Δ,rko_basket,monthly,2023-03-31,-474236.97289374744,-306180.4332485088,-536524.601398142
RKO-BASKET  Call-UO  6W  35Δ/H@15Δ,rko_basket,monthly,2023-04-30,-501954.7033338706,-808135.1365823793,-1038479.3047320127
RKO-BASKET  Call-UO  6W  35Δ/H@15Δ,rko_basket,monthly,2023-05-31,429566.4603698088,-378568.67621257063,-608912.844362204
RKO-BASKET  Call-UO  6W  35Δ/H@15Δ,rko_basket,monthly,2023-06-30,-135415.7351072919,-513984.4113198627,-744328.579469496
RKO-BASKET  Call-UO  6W  35Δ/H@15Δ,rko_basket,monthly,2023-07-31,-237249.3447987111,-751233.7561185738,-981577.9242682072
RKO-BASKET  Call-UO  6W  35Δ/H@15Δ,rko_basket,monthly,2023-08-31,382272.3920288409,-368961.36408973305,-599305.5322393663
RKO-BASKET  Call-UO  6W  35Δ/H@15Δ,rko_basket,monthly,2023-09-30,590635.0650726601,221673.70098292708,-8670.467166706221
RKO-BASKET  Call-UO  6W  35Δ/H@15Δ,rko_basket,monthly,2023-10-31,833605.5526395225,1055279.2536224497,0.0
RKO-BASKET  Call-UO  6W  35Δ/H@15Δ,rko_basket,monthly,2023-11-30,-414750.83886074665,640528.4147617031,-469509.6586326781
RKO-BASKET  Call-UO  6W  35Δ/H@15Δ,rko_basket,monthly,2023-12-31,-495561.2096636043,144967.2050980988,-965070.8682962824
RKO-BASKET  Call-UO  6W  35Δ/H@15Δ,rko_basket,monthly,2024-01-31,-148053.60035037037,-3086.3952522715226,-1113124.4686466528
RKO-BASKET  Call-UO  6W  35Δ/H@15Δ,rko_basket,monthly,2024-02-29,421651.15446954407,418564.75921727257,-691473.3141771087
RKO-BASKET  Call-UO  6W  35Δ/H@15Δ,rko_basket,monthly,2024-03-31,8539.615497218449,427104.3747144911,-682933.6986798901
RKO-BASKET  Call-UO  6W  35Δ/H@15Δ,rko_basket,monthly,2024-04-30,-66273.58323600715,360830.7914784839,-749207.2819158973
RKO-BASKET  Call-UO  6W  35Δ/H@15Δ,rko_basket,monthly,2024-05-31,-468861.4500392333,-108030.65856074946,-1218068.7319551306
RKO-BASKET  Call-UO  6W  35Δ/H@15Δ,rko_basket,monthly,2024-06-30,211318.18059734584,103287.52203659638,-1006750.5513577848
RKO-BASKET  Call-UO  6W  35Δ/H@15Δ,rko_basket,monthly,2024-07-31,812669.3509672297,915956.8730038261,-194081.20039055508
RKO-BASKET  Call-UO  6W  35Δ/H@15Δ,rko_basket,monthly,2024-08-31,-306661.193239286,609295.67976454,-500742.39362984116
RKO-BASKET  Call-UO  6W  35Δ/H@15Δ,rko_basket,monthly,2024-09-30,-497103.4294308311,112192.25033370889,-997845.8230606723
RKO-BASKET  Call-UO  6W  35Δ/H@15Δ,rko_basket,monthly,2024-10-31,-152998.39688685752,-40806.14655314865,-1150844.21994753
RKO-BASKET  Call-UO  6W  35Δ/H@15Δ,rko_basket,monthly,2024-11-30,549137.9262986523,508331.77974550374,-601706.2936488774
RKO-BASKET  Call-UO  6W  35Δ/H@15Δ,rko_basket,monthly,2024-12-31,2339078.9725873508,2847410.752332854,0.0
RKO-BASKET  Call-UO  6W  35Δ/H@15Δ,rko_basket,monthly,2025-01-31,521192.7392699563,3368603.49160281,-235954.3872901164
RKO-BASKET  Call-UO  6W  35Δ/H@15Δ,rko_basket,monthly,2025-02-28,-524243.5364143291,2844359.95518848,-760197.9237044463
RKO-BASKET  Call-UO  6W  35Δ/H@15Δ,rko_basket,monthly,2025-03-31,-401388.55987663736,2442971.3953118427,-1161586.4835810838
RKO-BASKET  Call-UO  6W  35Δ/H@15Δ,rko_basket,monthly,2025-04-30,-59467.72727720192,2383503.6680346415,-1221054.210858285
RKO-BASKET  Call-UO  6W  35Δ/H@15Δ,rko_basket,monthly,2025-05-31,-549141.6075583044,1834362.0604763364,-1770195.81841659
RKO-BASKET  Call-UO  6W  35Δ/H@15Δ,rko_basket,monthly,2025-06-30,-346099.0121231198,1488263.0483532166,-2116294.83053971
RKO-BASKET  Call-UO  6W  35Δ/H@15Δ,rko_basket,monthly,2025-07-31,-610880.5355420919,877382.5128111247,-2727175.3660818017
RKO-BASKET  Call-UO  6W  35Δ/H@15Δ,rko_basket,monthly,2025-08-31,208828.58547220295,1086211.0982833274,-2518346.7806095993
RKO-BASKET  Call-UO  6W  35Δ/H@15Δ,rko_basket,monthly,2025-09-30,70105.86921070403,1156316.9674940314,-2448240.911398895
RKO-BASKET  Call-UO  6W  35Δ/H@15Δ,rko_basket,monthly,2025-10-31,513279.2994873983,1669596.2669814301,-1934961.6119114964
RKO-BASKET  Call-UO  6W  35Δ/H@15Δ,rko_basket,monthly,2025-11-30,1355096.5902825492,3024692.8572639795,-579865.021628947
RKO-BASKET  Call-UO  6W  35Δ/H@15Δ,rko_basket,monthly,2025-12-31,251919.05839464167,3276611.915658621,-327945.9632343054
RKO-BASKET  Call-UO  6W  35Δ/H@15Δ,rko_basket,monthly,2026-01-31,-106849.24826351626,3169762.667395105,-434795.2114978214
RKO-BASKET  Call-UO  6W  35Δ/H@15Δ,rko_basket,monthly,2026-02-28,-479096.0980436242,2690666.569351481,-913891.3095414457
RKO-BASKET  Call-UO  6W  35Δ/H@15Δ,rko_basket,monthly,2026-03-31,279966.9488721457,2970633.518223627,-633924.3606692995
RKO-BASKET  Call-UO  6W  35Δ/H@15Δ,rko_basket,monthly,2026-04-30,-495996.16677521303,2474637.3514484144,-1129920.5274445121
RKO-BASKET  Call-UO  6W  35Δ/H@15Δ,rko_basket,monthly,2026-05-31,-148367.25287237135,2326270.0985760433,-1278287.7803168832
RKO-BASKET  Call-UO  6W  35Δ/H@15Δ,rko_basket,annual,2023-12-31,144967.20509809884,144967.2050980988,-965070.8682962824
RKO-BASKET  Call-UO  6W  35Δ/H@15Δ,rko_basket,annual,2024-12-31,2702443.547234756,2847410.752332854,0.0
RKO-BASKET  Call-UO  6W  35Δ/H@15Δ,rko_basket,annual,2025-12-31,429201.16332576796,3276611.915658621,-327945.9632343054
RKO-BASKET  Call-UO  6W  35Δ/H@15Δ,rko_basket,annual,2026-12-31,-950341.8170825791,2326270.0985760433,-1278287.7803168832
RKO-BASKET  Call-UO  6W  35Δ/H@10Δ,rko_basket,monthly,2023-02-28,552427.139840291,552427.139840291,0.0
RKO-BASKET  Call-UO  6W  35Δ/H@10Δ,rko_basket,monthly,2023-03-31,48062.578004076735,600489.7178443677,-398319.90857527475
RKO-BASKET  Call-UO  6W  35Δ/H@10Δ,rko_basket,monthly,2023-04-30,-815895.7327623423,-215406.01491797456,-1214215.641337617
RKO-BASKET  Call-UO  6W  35Δ/H@10Δ,rko_basket,monthly,2023-05-31,709257.1726856893,493851.1577677147,-504958.4686519278
RKO-BASKET  Call-UO  6W  35Δ/H@10Δ,rko_basket,monthly,2023-06-30,21138.92819165581,514990.08595937054,-483819.54046027194
RKO-BASKET  Call-UO  6W  35Δ/H@10Δ,rko_basket,monthly,2023-07-31,597550.0990739594,1112540.1850333302,0.0
RKO-BASKET  Call-UO  6W  35Δ/H@10Δ,rko_basket,monthly,2023-08-31,1390950.0351586293,2503490.2201919593,-83332.5822774563
RKO-BASKET  Call-UO  6W  35Δ/H@10Δ,rko_basket,monthly,2023-09-30,1365088.0737560543,3868578.2939480143,-19553.282551026437
RKO-BASKET  Call-UO  6W  35Δ/H@10Δ,rko_basket,monthly,2023-10-31,762215.0603716878,4630793.354319701,0.0
RKO-BASKET  Call-UO  6W  35Δ/H@10Δ,rko_basket,monthly,2023-11-30,-691878.5730800099,3938914.7812396903,-733636.0867878376
RKO-BASKET  Call-UO  6W  35Δ/H@10Δ,rko_basket,monthly,2023-12-31,-739830.2274748184,3199084.5537648723,-1473466.3142626556
RKO-BASKET  Call-UO  6W  35Δ/H@10Δ,rko_basket,monthly,2024-01-31,-297505.220833232,2901579.33293164,-1770971.5350958877
RKO-BASKET  Call-UO  6W  35Δ/H@10Δ,rko_basket,monthly,2024-02-29,1024793.7301586269,3926373.0630902667,-746177.8049372612
RKO-BASKET  Call-UO  6W  35Δ/H@10Δ,rko_basket,monthly,2024-03-31,38409.62046366691,3964782.6835539346,-707768.1844735933
RKO-BASKET  Call-UO  6W  35Δ/H@10Δ,rko_basket,monthly,2024-04-30,1008444.3288592111,4973227.012413145,-122157.15485105943
RKO-BASKET  Call-UO  6W  35Δ/H@10Δ,rko_basket,monthly,2024-05-31,-250098.26390057988,4723128.748512568,-372255.4187516365
RKO-BASKET  Call-UO  6W  35Δ/H@10Δ,rko_basket,monthly,2024-06-30,258411.9799546809,4981540.728467249,-113843.43879695516
RKO-BASKET  Call-UO  6W  35Δ/H@10Δ,rko_basket,monthly,2024-07-31,807886.7994529956,5789427.527920244,0.0
RKO-BASKET  Call-UO  6W  35Δ/H@10Δ,rko_basket,monthly,2024-08-31,-376316.2308883703,5413111.297031874,-468542.9888107553
RKO-BASKET  Call-UO  6W  35Δ/H@10Δ,rko_basket,monthly,2024-09-30,-800770.6238577191,4612340.673174152,-1269313.612668477
RKO-BASKET  Call-UO  6W  35Δ/H@10Δ,rko_basket,monthly,2024-10-31,-512811.02787378273,4099529.6453003692,-1782124.64054226
RKO-BASKET  Call-UO  6W  35Δ/H@10Δ,rko_basket,monthly,2024-11-30,1056734.8813221192,5156264.526622488,-725389.759220141
RKO-BASKET  Call-UO  6W  35Δ/H@10Δ,rko_basket,monthly,2024-12-31,4383858.031513444,9540122.558135932,0.0
RKO-BASKET  Call-UO  6W  35Δ/H@10Δ,rko_basket,monthly,2025-01-31,1564581.0939197203,11104703.652055655,-371020.3538792357
RKO-BASKET  Call-UO  6W  35Δ/H@10Δ,rko_basket,monthly,2025-02-28,-872827.0285389589,10231876.623516697,-1243847.382418193
RKO-BASKET  Call-UO  6W  35Δ/H@10Δ,rko_basket,monthly,2025-03-31,-685274.1201381017,9546602.503378598,-1929121.5025562923
RKO-BASKET  Call-UO  6W  35Δ/H@10Δ,rko_basket,monthly,2025-04-30,-374578.50866045745,9172023.994718142,-2303700.0112167485
RKO-BASKET  Call-UO  6W  35Δ/H@10Δ,rko_basket,monthly,2025-05-31,-902056.5629134014,8269967.431804742,-3205756.5741301486
RKO-BASKET  Call-UO  6W  35Δ/H@10Δ,rko_basket,monthly,2025-06-30,-918145.9920776286,7351821.439727114,-4123902.566207777
RKO-BASKET  Call-UO  6W  35Δ/H@10Δ,rko_basket,monthly,2025-07-31,-1246880.9590198533,6104940.48070726,-5370783.5252276305
RKO-BASKET  Call-UO  6W  35Δ/H@10Δ,rko_basket,monthly,2025-08-31,1685095.8077636743,7790036.288470936,-3685687.7174639544
RKO-BASKET  Call-UO  6W  35Δ/H@10Δ,rko_basket,monthly,2025-09-30,310642.8159703425,8100679.104441278,-3375044.9014936127
RKO-BASKET  Call-UO  6W  35Δ/H@10Δ,rko_basket,monthly,2025-10-31,776013.7839686744,8876692.888409954,-2599031.117524937
RKO-BASKET  Call-UO  6W  35Δ/H@10Δ,rko_basket,monthly,2025-11-30,2176869.740632825,11053562.629042774,-422161.3768921159
RKO-BASKET  Call-UO  6W  35Δ/H@10Δ,rko_basket,monthly,2025-12-31,729487.0462362457,11783049.675279021,-190327.7855078373
RKO-BASKET  Call-UO  6W  35Δ/H@10Δ,rko_basket,monthly,2026-01-31,-334841.2588540465,11448208.416424975,-525169.0443618838
RKO-BASKET  Call-UO  6W  35Δ/H@10Δ,rko_basket,monthly,2026-02-28,-702936.1298118425,10745272.286613131,-1228105.1741737276
RKO-BASKET  Call-UO  6W  35Δ/H@10Δ,rko_basket,monthly,2026-03-31,371179.2471364657,11116451.5337496,-856925.9270372577
RKO-BASKET  Call-UO  6W  35Δ/H@10Δ,rko_basket,monthly,2026-04-30,-209290.9414598371,10907160.592289764,-1066216.8684970941
RKO-BASKET  Call-UO  6W  35Δ/H@10Δ,rko_basket,monthly,2026-05-31,-216250.74140272132,10690909.850887043,-1282467.6098998152
RKO-BASKET  Call-UO  6W  35Δ/H@10Δ,rko_basket,annual,2023-12-31,3199084.5537648727,3199084.5537648723,-1473466.3142626556
RKO-BASKET  Call-UO  6W  35Δ/H@10Δ,rko_basket,annual,2024-12-31,6341038.004371061,9540122.558135932,0.0
RKO-BASKET  Call-UO  6W  35Δ/H@10Δ,rko_basket,annual,2025-12-31,2242927.117143081,11783049.675279021,-190327.7855078373
RKO-BASKET  Call-UO  6W  35Δ/H@10Δ,rko_basket,annual,2026-12-31,-1092139.8243919818,10690909.850887043,-1282467.6098998152
RKO-BASKET  Call-UO  6W  35Δ/H@5Δ,rko_basket,monthly,2023-02-28,791949.6457273256,791949.6457273255,0.0
RKO-BASKET  Call-UO  6W  35Δ/H@5Δ,rko_basket,monthly,2023-03-31,1934570.2971089853,2726519.9428363116,-375807.4362296886
RKO-BASKET  Call-UO  6W  35Δ/H@5Δ,rko_basket,monthly,2023-04-30,-1182401.466154708,1544118.4766816031,-1558208.902384397
RKO-BASKET  Call-UO  6W  35Δ/H@5Δ,rko_basket,monthly,2023-05-31,1248838.8988740735,2792957.3755556764,-309370.0035103238
RKO-BASKET  Call-UO  6W  35Δ/H@5Δ,rko_basket,monthly,2023-06-30,31617.809276717126,2824575.184832393,-277752.19423360704
RKO-BASKET  Call-UO  6W  35Δ/H@5Δ,rko_basket,monthly,2023-07-31,1346087.269781836,4170662.4546142286,0.0
RKO-BASKET  Call-UO  6W  35Δ/H@5Δ,rko_basket,monthly,2023-08-31,3275250.0159939537,7445912.470608183,0.0
RKO-BASKET  Call-UO  6W  35Δ/H@5Δ,rko_basket,monthly,2023-09-30,2840299.1160959913,10286211.586704174,-62820.41008845903
RKO-BASKET  Call-UO  6W  35Δ/H@5Δ,rko_basket,monthly,2023-10-31,600983.2823804581,10887194.86908463,0.0
RKO-BASKET  Call-UO  6W  35Δ/H@5Δ,rko_basket,monthly,2023-11-30,-1005313.9216418699,9881880.94744276,-1032193.4739655387
RKO-BASKET  Call-UO  6W  35Δ/H@5Δ,rko_basket,monthly,2023-12-31,-911043.1258319331,8970837.821610825,-1943236.5997974742
RKO-BASKET  Call-UO  6W  35Δ/H@5Δ,rko_basket,monthly,2024-01-31,-700432.287461804,8270405.534149022,-2643668.8872592775
RKO-BASKET  Call-UO  6W  35Δ/H@5Δ,rko_basket,monthly,2024-02-29,1577759.5198584483,9848165.05400747,-1065909.3674008287
RKO-BASKET  Call-UO  6W  35Δ/H@5Δ,rko_basket,monthly,2024-03-31,-243674.16496426956,9604490.889043203,-1309583.5323650967
RKO-BASKET  Call-UO  6W  35Δ/H@5Δ,rko_basket,monthly,2024-04-30,2225850.3540076995,11830341.243050897,0.0
RKO-BASKET  Call-UO  6W  35Δ/H@5Δ,rko_basket,monthly,2024-05-31,198756.97384577343,12029098.216896666,-390331.3315184582
RKO-BASKET  Call-UO  6W  35Δ/H@5Δ,rko_basket,monthly,2024-06-30,319228.7376450738,12348326.954541743,-71102.59387338161
RKO-BASKET  Call-UO  6W  35Δ/H@5Δ,rko_basket,monthly,2024-07-31,608601.3451448678,12956928.299686609,0.0
RKO-BASKET  Call-UO  6W  35Δ/H@5Δ,rko_basket,monthly,2024-08-31,-577898.1095771053,12379030.190109504,-654846.7974273935
RKO-BASKET  Call-UO  6W  35Δ/H@5Δ,rko_basket,monthly,2024-09-30,-1204861.2922184693,11174168.897891032,-1859708.0896458663
RKO-BASKET  Call-UO  6W  35Δ/H@5Δ,rko_basket,monthly,2024-10-31,-458500.00901018135,10715668.888880847,-2318208.098656051
RKO-BASKET  Call-UO  6W  35Δ/H@5Δ,rko_basket,monthly,2024-11-30,2960457.837781214,13676126.726662062,0.0
RKO-BASKET  Call-UO  6W  35Δ/H@5Δ,rko_basket,monthly,2024-12-31,3934414.0680019064,17610540.794663977,0.0
RKO-BASKET  Call-UO  6W  35Δ/H@5Δ,rko_basket,monthly,2025-01-31,2502867.258204879,20113408.052868843,-250516.42665948346
RKO-BASKET  Call-UO  6W  35Δ/H@5Δ,rko_basket,monthly,2025-02-28,-1140350.0088662389,18973058.044002596,-1390866.4355257303
RKO-BASKET  Call-UO  6W  35Δ/H@5Δ,rko_basket,monthly,2025-03-31,-1075162.0996807904,17897895.944321804,-2466028.535206523
RKO-BASKET  Call-UO  6W  35Δ/H@5Δ,rko_basket,monthly,2025-04-30,-539992.3002677499,17357903.64405406,-3006020.8354742676
RKO-BASKET  Call-UO  6W  35Δ/H@5Δ,rko_basket,monthly,2025-05-31,-1334963.0954125419,16022940.54864152,-4340983.930886807
RKO-BASKET  Call-UO  6W  35Δ/H@5Δ,rko_basket,monthly,2025-06-30,-1656623.8320780622,14366316.716563461,-5997607.762964865
RKO-BASKET  Call-UO  6W  35Δ/H@5Δ,rko_basket,monthly,2025-07-31,-1983249.0033406832,12383067.713222781,-7980856.766305545
RKO-BASKET  Call-UO  6W  35Δ/H@5Δ,rko_basket,monthly,2025-08-31,4721296.700821628,17104364.41404441,-3259560.0654839166
RKO-BASKET  Call-UO  6W  35Δ/H@5Δ,rko_basket,monthly,2025-09-30,1999919.5871546655,19104284.001199078,-1259640.4783292487
RKO-BASKET  Call-UO  6W  35Δ/H@5Δ,rko_basket,monthly,2025-10-31,952831.9416436646,20057115.94284274,-306808.536685586
RKO-BASKET  Call-UO  6W  35Δ/H@5Δ,rko_basket,monthly,2025-11-30,2301685.408515928,22358801.35135867,0.0
RKO-BASKET  Call-UO  6W  35Δ/H@5Δ,rko_basket,monthly,2025-12-31,911397.6980592695,23270199.04941794,-307531.8038518429
RKO-BASKET  Call-UO  6W  35Δ/H@5Δ,rko_basket,monthly,2026-01-31,-530321.5503204132,22739877.499097526,-837853.3541722558
RKO-BASKET  Call-UO  6W  35Δ/H@5Δ,rko_basket,monthly,2026-02-28,-1023814.8953424117,21716062.603755113,-1861668.2495146692
RKO-BASKET  Call-UO  6W  35Δ/H@5Δ,rko_basket,monthly,2026-03-31,764974.9571060971,22481037.560861208,-1096693.2924085744
RKO-BASKET  Call-UO  6W  35Δ/H@5Δ,rko_basket,monthly,2026-04-30,253682.57077210542,22734720.13163331,-843010.7216364704
RKO-BASKET  Call-UO  6W  35Δ/H@5Δ,rko_basket,monthly,2026-05-31,-259932.58171833135,22474787.549914982,-1102943.3033547997
RKO-BASKET  Call-UO  6W  35Δ/H@5Δ,rko_basket,annual,2023-12-31,8970837.821610829,8970837.821610825,-1943236.5997974742
RKO-BASKET  Call-UO  6W  35Δ/H@5Δ,rko_basket,annual,2024-12-31,8639702.973053154,17610540.794663977,0.0
RKO-BASKET  Call-UO  6W  35Δ/H@5Δ,rko_basket,annual,2025-12-31,5659658.254753968,23270199.04941794,-307531.8038518429
RKO-BASKET  Call-UO  6W  35Δ/H@5Δ,rko_basket,annual,2026-12-31,-795411.4995029536,22474787.549914982,-1102943.3033547997
RKO-BASKET  Call-UO  6W  30Δ/H@20Δ,rko_basket,monthly,2023-02-28,50736.34962475838,50736.34962475838,-11042.11647593588
RKO-BASKET  Call-UO  6W  30Δ/H@20Δ,rko_basket,monthly,2023-03-31,-231368.08243255367,-180631.73280779528,-242410.19890848955
RKO-BASKET  Call-UO  6W  30Δ/H@20Δ,rko_basket,monthly,2023-04-30,-210509.0412627652,-391140.7740705605,-452919.2401712548
RKO-BASKET  Call-UO  6W  30Δ/H@20Δ,rko_basket,monthly,2023-05-31,108228.47805266987,-282912.29601789056,-344690.7621185848
RKO-BASKET  Call-UO  6W  30Δ/H@20Δ,rko_basket,monthly,2023-06-30,-196066.61021226915,-478978.9062301598,-540757.3723308541
RKO-BASKET  Call-UO  6W  30Δ/H@20Δ,rko_basket,monthly,2023-07-31,-162982.49470348327,-641961.400933643,-703739.8670343373
RKO-BASKET  Call-UO  6W  30Δ/H@20Δ,rko_basket,monthly,2023-08-31,-55778.94219305935,-697740.3431267022,-759518.8092273965
RKO-BASKET  Call-UO  6W  30Δ/H@20Δ,rko_basket,monthly,2023-09-30,-94076.06760962182,-791816.4107363241,-853594.8768370184
RKO-BASKET  Call-UO  6W  30Δ/H@20Δ,rko_basket,monthly,2023-10-31,-79288.10753689443,-871104.5182732185,-932882.9843739128
RKO-BASKET  Call-UO  6W  30Δ/H@20Δ,rko_basket,monthly,2023-11-30,-215385.4064395928,-1086489.9247128114,-1148268.3908135057
RKO-BASKET  Call-UO  6W  30Δ/H@20Δ,rko_basket,monthly,2023-12-31,-211591.08774507116,-1298081.0124578823,-1359859.4785585767
RKO-BASKET  Call-UO  6W  30Δ/H@20Δ,rko_basket,monthly,2024-01-31,-171917.9628369796,-1469998.975294862,-1531777.441395556
RKO-BASKET  Call-UO  6W  30Δ/H@20Δ,rko_basket,monthly,2024-02-29,-90215.53916566077,-1560214.5144605227,-1621992.9805612168
RKO-BASKET  Call-UO  6W  30Δ/H@20Δ,rko_basket,monthly,2024-03-31,-83190.79501851989,-1643405.3094790427,-1705183.775579737
RKO-BASKET  Call-UO  6W  30Δ/H@20Δ,rko_basket,monthly,2024-04-30,-133655.2343203129,-1777060.5437993559,-1838839.0099000502
RKO-BASKET  Call-UO  6W  30Δ/H@20Δ,rko_basket,monthly,2024-05-31,-212494.91807420476,-1989555.4618735607,-2051333.9279742548
RKO-BASKET  Call-UO  6W  30Δ/H@20Δ,rko_basket,monthly,2024-06-30,-135046.1673976419,-2124601.629271203,-2186380.0953718973
RKO-BASKET  Call-UO  6W  30Δ/H@20Δ,rko_basket,monthly,2024-07-31,-167969.65754848838,-2292571.2868196913,-2354349.7529203855
RKO-BASKET  Call-UO  6W  30Δ/H@20Δ,rko_basket,monthly,2024-08-31,-181180.24472487508,-2473751.531544567,-2535529.997645261
RKO-BASKET  Call-UO  6W  30Δ/H@20Δ,rko_basket,monthly,2024-09-30,-207120.82943215544,-2680872.360976723,-2742650.827077417
RKO-BASKET  Call-UO  6W  30Δ/H@20Δ,rko_basket,monthly,2024-10-31,-146766.69073121276,-2827639.051707935,-2889417.517808629
RKO-BASKET  Call-UO  6W  30Δ/H@20Δ,rko_basket,monthly,2024-11-30,54321.962324958586,-2773317.089382976,-2835095.55548367
RKO-BASKET  Call-UO  6W  30Δ/H@20Δ,rko_basket,monthly,2024-12-31,103078.67775512565,-2670238.4116278496,-2732016.8777285437
RKO-BASKET  Call-UO  6W  30Δ/H@20Δ,rko_basket,monthly,2025-01-31,-87819.1639372888,-2758057.575565139,-2819836.041665833
RKO-BASKET  Call-UO  6W  30Δ/H@20Δ,rko_basket,monthly,2025-02-28,-212646.53442890922,-2970704.109994048,-3032482.576094742
RKO-BASKET  Call-UO  6W  30Δ/H@20Δ,rko_basket,monthly,2025-03-31,-161236.50980937952,-3131940.6198034263,-3193719.0859041205
RKO-BASKET  Call-UO  6W  30Δ/H@20Δ,rko_basket,monthly,2025-04-30,-181067.05751530023,-3313007.677318726,-3374786.1434194203
RKO-BASKET  Call-UO  6W  30Δ/H@20Δ,rko_basket,monthly,2025-05-31,-215091.1133695129,-3528098.790688239,-3589877.256788933
RKO-BASKET  Call-UO  6W  30Δ/H@20Δ,rko_basket,monthly,2025-06-30,-152741.91195017446,-3680840.7026384147,-3742619.168739109
RKO-BASKET  Call-UO  6W  30Δ/H@20Δ,rko_basket,monthly,2025-07-31,-220753.83697587924,-3901594.5396142933,-3963373.0057149874
RKO-BASKET  Call-UO  6W  30Δ/H@20Δ,rko_basket,monthly,2025-08-31,-137042.90462172628,-4038637.4442360187,-4100415.910336713
RKO-BASKET  Call-UO  6W  30Δ/H@20Δ,rko_basket,monthly,2025-09-30,-136032.11719204596,-4174669.561428065,-4236448.027528759
RKO-BASKET  Call-UO  6W  30Δ/H@20Δ,rko_basket,monthly,2025-10-31,39042.069577666334,-4135627.491850399,-4197405.957951093
RKO-BASKET  Call-UO  6W  30Δ/H@20Δ,rko_basket,monthly,2025-11-30,35642.808728514,-4099984.6831218842,-4161763.1492225784
RKO-BASKET  Call-UO  6W  30Δ/H@20Δ,rko_basket,monthly,2025-12-31,-117459.78250256882,-4217444.465624453,-4279222.931725147
RKO-BASKET  Call-UO  6W  30Δ/H@20Δ,rko_basket,monthly,2026-01-31,-149645.24894737813,-4367089.714571831,-4428868.180672525
RKO-BASKET  Call-UO  6W  30Δ/H@20Δ,rko_basket,monthly,2026-02-28,-196045.11558628522,-4563134.830158114,-4624913.296258809
RKO-BASKET  Call-UO  6W  30Δ/H@20Δ,rko_basket,monthly,2026-03-31,-164547.91576582097,-4727682.745923938,-4789461.212024633
RKO-BASKET  Call-UO  6W  30Δ/H@20Δ,rko_basket,monthly,2026-04-30,-213670.83131697308,-4941353.577240911,-5003132.043341606
RKO-BASKET  Call-UO  6W  30Δ/H@20Δ,rko_basket,monthly,2026-05-31,-62294.49360341196,-5003648.0708443215,-5065426.536945016
RKO-BASKET  Call-UO  6W  30Δ/H@20Δ,rko_basket,annual,2023-12-31,-1298081.0124578825,-1298081.0124578823,-1359859.4785585767
RKO-BASKET  Call-UO  6W  30Δ/H@20Δ,rko_basket,annual,2024-12-31,-1372157.3991699673,-2670238.4116278496,-2732016.8777285437
RKO-BASKET  Call-UO  6W  30Δ/H@20Δ,rko_basket,annual,2025-12-31,-1547206.053996605,-4217444.465624453,-4279222.931725147
RKO-BASKET  Call-UO  6W  30Δ/H@20Δ,rko_basket,annual,2026-12-31,-786203.6052198694,-5003648.0708443215,-5065426.536945016
RKO-BASKET  Call-UO  6W  30Δ/H@15Δ,rko_basket,monthly,2023-02-28,44645.59992410893,44645.59992410893,-18393.174331634058
RKO-BASKET  Call-UO  6W  30Δ/H@15Δ,rko_basket,monthly,2023-03-31,-311507.0974767652,-266861.4975526562,-342393.3581681426
RKO-BASKET  Call-UO  6W  30Δ/H@15Δ,rko_basket,monthly,2023-04-30,-346146.49149588216,-613007.9890485383,-688539.8496640247
RKO-BASKET  Call-UO  6W  30Δ/H@15Δ,rko_basket,monthly,2023-05-31,97527.19798734624,-515480.79106119194,-591012.6516766783
RKO-BASKET  Call-UO  6W  30Δ/H@15Δ,rko_basket,monthly,2023-06-30,-205735.57059387284,-721216.3616550647,-796748.2222705511
RKO-BASKET  Call-UO  6W  30Δ/H@15Δ,rko_basket,monthly,2023-07-31,-168035.49185003317,-889251.8535050977,-964783.7141205841
RKO-BASKET  Call-UO  6W  30Δ/H@15Δ,rko_basket,monthly,2023-08-31,143805.87385940435,-745445.9796456934,-820977.8402611798
RKO-BASKET  Call-UO  6W  30Δ/H@15Δ,rko_basket,monthly,2023-09-30,227088.85665335157,-518357.1229923419,-593888.9836078283
RKO-BASKET  Call-UO  6W  30Δ/H@15Δ,rko_basket,monthly,2023-10-31,214813.60446631437,-303543.51852602756,-379075.37914151396
RKO-BASKET  Call-UO  6W  30Δ/H@15Δ,rko_basket,monthly,2023-11-30,-278007.21064153523,-581550.7291675629,-657082.5897830493
RKO-BASKET  Call-UO  6W  30Δ/H@15Δ,rko_basket,monthly,2023-12-31,-327063.39307698415,-908614.122244547,-984145.9828600334
RKO-BASKET  Call-UO  6W  30Δ/H@15Δ,rko_basket,monthly,2024-01-31,-246930.04500973836,-1155544.1672542857,-1231076.027869772
RKO-BASKET  Call-UO  6W  30Δ/H@15Δ,rko_basket,monthly,2024-02-29,27917.180727763487,-1127626.986526522,-1203158.8471420084
RKO-BASKET  Call-UO  6W  30Δ/H@15Δ,rko_basket,monthly,2024-03-31,-77847.59360595992,-1205474.5801324819,-1281006.4407479682
RKO-BASKET  Call-UO  6W  30Δ/H@15Δ,rko_basket,monthly,2024-04-30,-124445.08903038103,-1329919.669162863,-1405451.5297783492
RKO-BASKET  Call-UO  6W  30Δ/H@15Δ,rko_basket,monthly,2024-05-31,-317309.4997960272,-1647229.1689588905,-1722761.0295743768
RKO-BASKET  Call-UO  6W  30Δ/H@15Δ,rko_basket,monthly,2024-06-30,136145.906789132,-1511083.2621697583,-1586615.1227852446
RKO-BASKET  Call-UO  6W  30Δ/H@15Δ,rko_basket,monthly,2024-07-31,395351.36242478737,-1115731.8997449714,-1191263.7603604577
RKO-BASKET  Call-UO  6W  30Δ/H@15Δ,rko_basket,monthly,2024-08-31,-288339.0647469152,-1404070.9644918866,-1479602.8251073728
RKO-BASKET  Call-UO  6W  30Δ/H@15Δ,rko_basket,monthly,2024-09-30,-327254.093573723,-1731325.0580656093,-1806856.9186810956
RKO-BASKET  Call-UO  6W  30Δ/H@15Δ,rko_basket,monthly,2024-10-31,-218172.48395191508,-1949497.5420175244,-2025029.4026330106
RKO-BASKET  Call-UO  6W  30Δ/H@15Δ,rko_basket,monthly,2024-11-30,234473.76763697492,-1715023.7743805496,-1790555.6349960358
RKO-BASKET  Call-UO  6W  30Δ/H@15Δ,rko_basket,monthly,2024-12-31,1245108.046718483,-469915.7276620667,-545447.5882775531
RKO-BASKET  Call-UO  6W  30Δ/H@15Δ,rko_basket,monthly,2025-01-31,221062.3801955175,-248853.34746654914,-324385.20808203553
RKO-BASKET  Call-UO  6W  30Δ/H@15Δ,rko_basket,monthly,2025-02-28,-355329.4202649383,-604182.7677314874,-679714.6283469738
RKO-BASKET  Call-UO  6W  30Δ/H@15Δ,rko_basket,monthly,2025-03-31,-288392.0718646104,-892574.839596098,-968106.7002115845
RKO-BASKET  Call-UO  6W  30Δ/H@15Δ,rko_basket,monthly,2025-04-30,-118542.07467616048,-1011116.9142722586,-1086648.774887745
RKO-BASKET  Call-UO  6W  30Δ/H@15Δ,rko_basket,monthly,2025-05-31,-353080.02645690733,-1364196.940729166,-1439728.8013446522
RKO-BASKET  Call-UO  6W  30Δ/H@15Δ,rko_basket,monthly,2025-06-30,-214189.1074394663,-1578386.0481686324,-1653917.9087841187
RKO-BASKET  Call-UO  6W  30Δ/H@15Δ,rko_basket,monthly,2025-07-31,-448127.1967865584,-2026513.244955191,-2102045.105570677
RKO-BASKET  Call-UO  6W  30Δ/H@15Δ,rko_basket,monthly,2025-08-31,-17608.11719436634,-2044121.3621495569,-2119653.2227650434
RKO-BASKET  Call-UO  6W  30Δ/H@15Δ,rko_basket,monthly,2025-09-30,-93179.71394007612,-2137301.0760896327,-2212832.936705119
RKO-BASKET  Call-UO  6W  30Δ/H@15Δ,rko_basket,monthly,2025-10-31,137860.0876102138,-1999440.9884794182,-2074972.8490949045
RKO-BASKET  Call-UO  6W  30Δ/H@15Δ,rko_basket,monthly,2025-11-30,938448.9714580907,-1060992.0170213277,-1136523.877636814
RKO-BASKET  Call-UO  6W  30Δ/H@15Δ,rko_basket,monthly,2025-12-31,141059.0718687553,-919932.9451525726,-995464.805768059
RKO-BASKET  Call-UO  6W  30Δ/H@15Δ,rko_basket,monthly,2026-01-31,-187971.682302943,-1107904.6274555156,-1183436.4880710018
RKO-BASKET  Call-UO  6W  30Δ/H@15Δ,rko_basket,monthly,2026-02-28,-314070.23219483515,-1421974.8596503509,-1497506.7202658372
RKO-BASKET  Call-UO  6W  30Δ/H@15Δ,rko_basket,monthly,2026-03-31,1080.5433638552058,-1420894.3162864954,-1496426.1769019817
RKO-BASKET  Call-UO  6W  30Δ/H@15Δ,rko_basket,monthly,2026-04-30,-339994.0760244483,-1760888.3923109437,-1836420.25292643
RKO-BASKET  Call-UO  6W  30Δ/H@15Δ,rko_basket,monthly,2026-05-31,-98399.80778055452,-1859288.2000914982,-1934820.0607069845
RKO-BASKET  Call-UO  6W  30Δ/H@15Δ,rko_basket,annual,2023-12-31,-908614.1222445472,-908614.122244547,-984145.9828600334
RKO-BASKET  Call-UO  6W  30Δ/H@15Δ,rko_basket,annual,2024-12-31,438698.39458248107,-469915.7276620667,-545447.5882775531
RKO-BASKET  Call-UO  6W  30Δ/H@15Δ,rko_basket,annual,2025-12-31,-450017.21749050636,-919932.9451525726,-995464.805768059
RKO-BASKET  Call-UO  6W  30Δ/H@15Δ,rko_basket,annual,2026-12-31,-939355.2549389257,-1859288.2000914982,-1934820.0607069845
RKO-BASKET  Call-UO  6W  30Δ/H@10Δ,rko_basket,monthly,2023-02-28,359725.39441066154,359725.3944106616,0.0
RKO-BASKET  Call-UO  6W  30Δ/H@10Δ,rko_basket,monthly,2023-03-31,5693.195581551008,365418.58999221254,-313731.0174184653
RKO-BASKET  Call-UO  6W  30Δ/H@10Δ,rko_basket,monthly,2023-04-30,-575923.0092578372,-210504.41926562472,-889654.0266763025
RKO-BASKET  Call-UO  6W  30Δ/H@10Δ,rko_basket,monthly,2023-05-31,310505.3996935825,100000.98042795784,-579148.62698272
RKO-BASKET  Call-UO  6W  30Δ/H@10Δ,rko_basket,monthly,2023-06-30,-141109.88508180768,-41108.904653849866,-720258.5120645277
RKO-BASKET  Call-UO  6W  30Δ/H@10Δ,rko_basket,monthly,2023-07-31,395235.1178664506,354126.2132126008,-325023.39419807703
RKO-BASKET  Call-UO  6W  30Δ/H@10Δ,rko_basket,monthly,2023-08-31,934792.464613364,1288918.6778259648,-99724.29658909445
RKO-BASKET  Call-UO  6W  30Δ/H@10Δ,rko_basket,monthly,2023-09-30,801234.4994152084,2090153.1772411726,-81901.96590696648
RKO-BASKET  Call-UO  6W  30Δ/H@10Δ,rko_basket,monthly,2023-10-31,160889.39686589834,2251042.5741070705,0.0
RKO-BASKET  Call-UO  6W  30Δ/H@10Δ,rko_basket,monthly,2023-11-30,-480298.70955438784,1770743.8645526832,-509513.07848466095
RKO-BASKET  Call-UO  6W  30Δ/H@10Δ,rko_basket,monthly,2023-12-31,-508217.58927298954,1262526.2752796935,-1017730.6677576506
RKO-BASKET  Call-UO  6W  30Δ/H@10Δ,rko_basket,monthly,2024-01-31,-385317.2263381742,877209.0489415198,-1403047.8940958243
RKO-BASKET  Call-UO  6W  30Δ/H@10Δ,rko_basket,monthly,2024-02-29,415081.6919798579,1292290.7409213777,-987966.2021159665
RKO-BASKET  Call-UO  6W  30Δ/H@10Δ,rko_basket,monthly,2024-03-31,-38778.37415230014,1253512.3667690777,-1026744.5762682664
RKO-BASKET  Call-UO  6W  30Δ/H@10Δ,rko_basket,monthly,2024-04-30,675583.9442276332,1929096.3109967113,-351160.6320406329
RKO-BASKET  Call-UO  6W  30Δ/H@10Δ,rko_basket,monthly,2024-05-31,-233487.68235402755,1695608.628642684,-584648.3143946601
RKO-BASKET  Call-UO  6W  30Δ/H@10Δ,rko_basket,monthly,2024-06-30,184312.46365985382,1879921.0923025378,-400335.8507348064
RKO-BASKET  Call-UO  6W  30Δ/H@10Δ,rko_basket,monthly,2024-07-31,381796.1323794337,2261717.2246819716,-18539.718355372548
RKO-BASKET  Call-UO  6W  30Δ/H@10Δ,rko_basket,monthly,2024-08-31,-344105.3919740256,1917611.8327079455,-410954.10991683346
RKO-BASKET  Call-UO  6W  30Δ/H@10Δ,rko_basket,monthly,2024-09-30,-546706.5757102836,1370905.256997662,-957660.685627117
RKO-BASKET  Call-UO  6W  30Δ/H@10Δ,rko_basket,monthly,2024-10-31,-474726.060490331,896179.1965073304,-1432386.7461174484
RKO-BASKET  Call-UO  6W  30Δ/H@10Δ,rko_basket,monthly,2024-11-30,646095.7484227519,1542274.9449300824,-786290.9976946965
RKO-BASKET  Call-UO  6W  30Δ/H@10Δ,rko_basket,monthly,2024-12-31,2836802.108399523,4379077.053329606,0.0
RKO-BASKET  Call-UO  6W  30Δ/H@10Δ,rko_basket,monthly,2025-01-31,966985.482590591,5346062.535920196,-299963.42098603025
RKO-BASKET  Call-UO  6W  30Δ/H@10Δ,rko_basket,monthly,2025-02-28,-609758.784863932,4736303.751056265,-909722.2058499614
RKO-BASKET  Call-UO  6W  30Δ/H@10Δ,rko_basket,monthly,2025-03-31,-502461.56196455774,4233842.1890917085,-1412183.767814518
RKO-BASKET  Call-UO  6W  30Δ/H@10Δ,rko_basket,monthly,2025-04-30,-362460.6593896974,3871381.5297020115,-1774644.427204215
RKO-BASKET  Call-UO  6W  30Δ/H@10Δ,rko_basket,monthly,2025-05-31,-608813.0616735417,3262568.4680284704,-2383457.488877756
RKO-BASKET  Call-UO  6W  30Δ/H@10Δ,rko_basket,monthly,2025-06-30,-625638.3576175313,2636930.1104109394,-3009095.846495287
RKO-BASKET  Call-UO  6W  30Δ/H@10Δ,rko_basket,monthly,2025-07-31,-907513.0554748545,1729417.054936084,-3916608.9019701425
RKO-BASKET  Call-UO  6W  30Δ/H@10Δ,rko_basket,monthly,2025-08-31,1106555.200723592,2835972.255659676,-2810053.7012465503
RKO-BASKET  Call-UO  6W  30Δ/H@10Δ,rko_basket,monthly,2025-09-30,40894.944947762495,2876867.200607439,-2769158.7562987874
RKO-BASKET  Call-UO  6W  30Δ/H@10Δ,rko_basket,monthly,2025-10-31,350654.96431464504,3227522.1649220837,-2418503.7919841427
RKO-BASKET  Call-UO  6W  30Δ/H@10Δ,rko_basket,monthly,2025-11-30,1554698.2829874957,4782220.44790958,-863805.5089966469
RKO-BASKET  Call-UO  6W  30Δ/H@10Δ,rko_basket,monthly,2025-12-31,453894.0815229494,5236114.52943253,-409911.4274736969
RKO-BASKET  Call-UO  6W  30Δ/H@10Δ,rko_basket,monthly,2026-01-31,-360129.88653352833,4875984.642899001,-770041.3140072254
RKO-BASKET  Call-UO  6W  30Δ/H@10Δ,rko_basket,monthly,2026-02-28,-476963.9557566057,4399020.687142398,-1247005.2697638283
RKO-BASKET  Call-UO  6W  30Δ/H@10Δ,rko_basket,monthly,2026-03-31,34465.35268778225,4433486.039830179,-1212539.9170760475
RKO-BASKET  Call-UO  6W  30Δ/H@10Δ,rko_basket,monthly,2026-04-30,-178484.7491270766,4255001.290703102,-1391024.6662031244
RKO-BASKET  Call-UO  6W  30Δ/H@10Δ,rko_basket,monthly,2026-05-31,-149238.17028832398,4105763.1204147777,-1540262.8364914488
RKO-BASKET  Call-UO  6W  30Δ/H@10Δ,rko_basket,annual,2023-12-31,1262526.275279694,1262526.2752796935,-1017730.6677576506
RKO-BASKET  Call-UO  6W  30Δ/H@10Δ,rko_basket,annual,2024-12-31,3116550.778049912,4379077.053329606,0.0
RKO-BASKET  Call-UO  6W  30Δ/H@10Δ,rko_basket,annual,2025-12-31,857037.4761029208,5236114.52943253,-409911.4274736969
RKO-BASKET  Call-UO  6W  30Δ/H@10Δ,rko_basket,annual,2026-12-31,-1130351.4090177524,4105763.1204147777,-1540262.8364914488
RKO-BASKET  Call-UO  6W  30Δ/H@5Δ,rko_basket,monthly,2023-02-28,575576.076802542,575576.076802542,0.0
RKO-BASKET  Call-UO  6W  30Δ/H@5Δ,rko_basket,monthly,2023-03-31,1450332.430539693,2025908.5073422347,-298872.6236530775
RKO-BASKET  Call-UO  6W  30Δ/H@5Δ,rko_basket,monthly,2023-04-30,-867875.0697168245,1158033.4376254103,-1166747.693369902
RKO-BASKET  Call-UO  6W  30Δ/H@5Δ,rko_basket,monthly,2023-05-31,786997.6827796568,1945031.1204050675,-379750.0105902448
RKO-BASKET  Call-UO  6W  30Δ/H@5Δ,rko_basket,monthly,2023-06-30,-185886.50672326624,1759144.613681801,-565636.5173135113
RKO-BASKET  Call-UO  6W  30Δ/H@5Δ,rko_basket,monthly,2023-07-31,884722.0078363059,2643866.6215181067,0.0
RKO-BASKET  Call-UO  6W  30Δ/H@5Δ,rko_basket,monthly,2023-08-31,2515515.170681892,5159381.792199999,0.0
RKO-BASKET  Call-UO  6W  30Δ/H@5Δ,rko_basket,monthly,2023-09-30,1976171.0428205577,7135552.835020557,-152071.85028493125
RKO-BASKET  Call-UO  6W  30Δ/H@5Δ,rko_basket,monthly,2023-10-31,8566.977808384258,7144119.81282894,-143504.87247654796
RKO-BASKET  Call-UO  6W  30Δ/H@5Δ,rko_basket,monthly,2023-11-30,-731117.836507585,6413001.976321354,-874622.7089841347
RKO-BASKET  Call-UO  6W  30Δ/H@5Δ,rko_basket,monthly,2023-12-31,-650426.577260477,5762575.399060877,-1525049.2862446113
RKO-BASKET  Call-UO  6W  30Δ/H@5Δ,rko_basket,monthly,2024-01-31,-713312.5311587907,5049262.867902087,-2238361.8174034012
RKO-BASKET  Call-UO  6W  30Δ/H@5Δ,rko_basket,monthly,2024-02-29,885934.8654514983,5935197.733353586,-1352426.9519519024
RKO-BASKET  Call-UO  6W  30Δ/H@5Δ,rko_basket,monthly,2024-03-31,-267661.8099142286,5667535.923439358,-1620088.76186613
RKO-BASKET  Call-UO  6W  30Δ/H@5Δ,rko_basket,monthly,2024-04-30,1676250.9442703854,7343786.867709744,0.0
RKO-BASKET  Call-UO  6W  30Δ/H@5Δ,rko_basket,monthly,2024-05-31,75896.74125915226,7419683.608968896,-316570.37030565925
RKO-BASKET  Call-UO  6W  30Δ/H@5Δ,rko_basket,monthly,2024-06-30,226589.51032690564,7646273.119295801,-89980.85997875407
RKO-BASKET  Call-UO  6W  30Δ/H@5Δ,rko_basket,monthly,2024-07-31,205111.84910458158,7851384.9684003815,0.0
RKO-BASKET  Call-UO  6W  30Δ/H@5Δ,rko_basket,monthly,2024-08-31,-520392.88927446445,7330992.0791259175,-573481.2861398179
RKO-BASKET  Call-UO  6W  30Δ/H@5Δ,rko_basket,monthly,2024-09-30,-881842.6466560904,6449149.432469827,-1455323.9327959083
RKO-BASKET  Call-UO  6W  30Δ/H@5Δ,rko_basket,monthly,2024-10-31,-417182.56183350756,6031966.870636321,-1872506.4946294148
RKO-BASKET  Call-UO  6W  30Δ/H@5Δ,rko_basket,monthly,2024-11-30,2276545.5126826838,8308512.383319003,0.0
RKO-BASKET  Call-UO  6W  30Δ/H@5Δ,rko_basket,monthly,2024-12-31,2477909.9313003165,10786422.314619318,0.0
RKO-BASKET  Call-UO  6W  30Δ/H@5Δ,rko_basket,monthly,2025-01-31,1725474.2844659395,12511896.599085256,-214368.23982868344
RKO-BASKET  Call-UO  6W  30Δ/H@5Δ,rko_basket,monthly,2025-02-28,-825721.2275790669,11686175.371506188,-1040089.4674077518
RKO-BASKET  Call-UO  6W  30Δ/H@5Δ,rko_basket,monthly,2025-03-31,-815449.8502024304,10870725.52130376,-1855539.31761018
RKO-BASKET  Call-UO  6W  30Δ/H@5Δ,rko_basket,monthly,2025-04-30,-565621.4922054813,10305104.029098283,-2421160.8098156564
RKO-BASKET  Call-UO  6W  30Δ/H@5Δ,rko_basket,monthly,2025-05-31,-957189.6398672453,9347914.389231037,-3378350.4496829025
RKO-BASKET  Call-UO  6W  30Δ/H@5Δ,rko_basket,monthly,2025-06-30,-1226220.3918804175,8121693.997350619,-4604570.841563321
RKO-BASKET  Call-UO  6W  30Δ/H@5Δ,rko_basket,monthly,2025-07-31,-1512489.2765801593,6609204.7207704615,-6117060.118143478
RKO-BASKET  Call-UO  6W  30Δ/H@5Δ,rko_basket,monthly,2025-08-31,3583428.6197990444,10192633.340569505,-2533631.4983444344
RKO-BASKET  Call-UO  6W  30Δ/H@5Δ,rko_basket,monthly,2025-09-30,1474779.3463838138,11667412.68695332,-1058852.1519606207
RKO-BASKET  Call-UO  6W  30Δ/H@5Δ,rko_basket,monthly,2025-10-31,510120.47056428384,12177533.1575176,-548731.6813963391
RKO-BASKET  Call-UO  6W  30Δ/H@5Δ,rko_basket,monthly,2025-11-30,1658032.5546748305,13835565.712192433,0.0
RKO-BASKET  Call-UO  6W  30Δ/H@5Δ,rko_basket,monthly,2025-12-31,618988.5767697755,14454554.28896221,-263693.928182086
RKO-BASKET  Call-UO  6W  30Δ/H@5Δ,rko_basket,monthly,2026-01-31,-533426.7645315066,13921127.524430707,-797120.6927135885
RKO-BASKET  Call-UO  6W  30Δ/H@5Δ,rko_basket,monthly,2026-02-28,-738518.7159364565,13182608.808494247,-1535639.408650048
RKO-BASKET  Call-UO  6W  30Δ/H@5Δ,rko_basket,monthly,2026-03-31,351843.46258026466,13534452.271074513,-1183795.9460697826
RKO-BASKET  Call-UO  6W  30Δ/H@5Δ,rko_basket,monthly,2026-04-30,126807.08072002511,13661259.351794539,-1056988.8653497566
RKO-BASKET  Call-UO  6W  30Δ/H@5Δ,rko_basket,monthly,2026-05-31,-183740.35139400454,13477519.000400532,-1240729.2167437635
RKO-BASKET  Call-UO  6W  30Δ/H@5Δ,rko_basket,annual,2023-12-31,5762575.399060879,5762575.399060877,-1525049.2862446113
RKO-BASKET  Call-UO  6W  30Δ/H@5Δ,rko_basket,annual,2024-12-31,5023846.915558442,10786422.314619318,0.0
RKO-BASKET  Call-UO  6W  30Δ/H@5Δ,rko_basket,annual,2025-12-31,3668131.9743428873,14454554.28896221,-263693.928182086
RKO-BASKET  Call-UO  6W  30Δ/H@5Δ,rko_basket,annual,2026-12-31,-977035.2885616778,13477519.000400532,-1240729.2167437635
RKO-BASKET  Call-UO  10W  ATM/H@20Δ,rko_basket,monthly,2023-03-31,111860.2540403188,111860.2540403188,0.0
RKO-BASKET  Call-UO  10W  ATM/H@20Δ,rko_basket,monthly,2023-04-30,-494.49231763830176,111365.76172268056,-16899.221965842706
RKO-BASKET  Call-UO  10W  ATM/H@20Δ,rko_basket,monthly,2023-05-31,1293846.042255611,1405211.8039782913,0.0
RKO-BASKET  Call-UO  10W  ATM/H@20Δ,rko_basket,monthly,2023-06-30,1230899.8032477142,2636111.607226006,0.0
RKO-BASKET  Call-UO  10W  ATM/H@20Δ,rko_basket,monthly,2023-07-31,628299.9541371241,3264411.5613631303,-289335.7938641994
RKO-BASKET  Call-UO  10W  ATM/H@20Δ,rko_basket,monthly,2023-08-31,-265856.0654187967,2998555.495944335,-555191.8592829946
RKO-BASKET  Call-UO  10W  ATM/H@20Δ,rko_basket,monthly,2023-09-30,2237284.332271648,5235839.828215984,0.0
RKO-BASKET  Call-UO  10W  ATM/H@20Δ,rko_basket,monthly,2023-10-31,2622359.8440858596,7858199.672301841,0.0
RKO-BASKET  Call-UO  10W  ATM/H@20Δ,rko_basket,monthly,2023-11-30,1127735.629619543,8985935.301921384,-605053.6829163712
RKO-BASKET  Call-UO  10W  ATM/H@20Δ,rko_basket,monthly,2023-12-31,-1145332.7605661277,7840602.541355261,-1750386.443482495
RKO-BASKET  Call-UO  10W  ATM/H@20Δ,rko_basket,monthly,2024-01-31,-940225.9003792754,6900376.640975984,-2690612.3438617717
RKO-BASKET  Call-UO  10W  ATM/H@20Δ,rko_basket,monthly,2024-02-29,2061020.6805765543,8961397.32155254,-629591.6632852163
RKO-BASKET  Call-UO  10W  ATM/H@20Δ,rko_basket,monthly,2024-03-31,3630175.2827026593,12591572.604255196,0.0
RKO-BASKET  Call-UO  10W  ATM/H@20Δ,rko_basket,monthly,2024-04-30,1365867.8545512592,13957440.458806459,-107873.88251878135
RKO-BASKET  Call-UO  10W  ATM/H@20Δ,rko_basket,monthly,2024-05-31,-388919.8001480599,13568520.658658396,-496793.68266684376
RKO-BASKET  Call-UO  10W  ATM/H@20Δ,rko_basket,monthly,2024-06-30,757745.1633901458,14326265.822048543,0.0
RKO-BASKET  Call-UO  10W  ATM/H@20Δ,rko_basket,monthly,2024-07-31,1045486.5211055207,15371752.343154062,0.0
RKO-BASKET  Call-UO  10W  ATM/H@20Δ,rko_basket,monthly,2024-08-31,-151395.8417764232,15220356.50137764,-348634.2352778502
RKO-BASKET  Call-UO  10W  ATM/H@20Δ,rko_basket,monthly,2024-09-30,-684418.5850415854,14535937.91633606,-1033052.8203194309
RKO-BASKET  Call-UO  10W  ATM/H@20Δ,rko_basket,monthly,2024-10-31,-206410.98355421418,14329526.932781845,-1239463.8038736451
RKO-BASKET  Call-UO  10W  ATM/H@20Δ,rko_basket,monthly,2024-11-30,1735973.6203174102,16065500.553099258,0.0
RKO-BASKET  Call-UO  10W  ATM/H@20Δ,rko_basket,monthly,2024-12-31,1963728.351338747,18029228.904438004,0.0
RKO-BASKET  Call-UO  10W  ATM/H@20Δ,rko_basket,monthly,2025-01-31,967313.7706881166,18996542.675126124,-3231.711370971054
RKO-BASKET  Call-UO  10W  ATM/H@20Δ,rko_basket,monthly,2025-02-28,1132065.0561276623,20128607.731253795,-39783.36591893807
RKO-BASKET  Call-UO  10W  ATM/H@20Δ,rko_basket,monthly,2025-03-31,-569310.7904867498,19559296.940767057,-609094.1564056762
RKO-BASKET  Call-UO  10W  ATM/H@20Δ,rko_basket,monthly,2025-04-30,-579679.810952859,18979617.12981419,-1188773.9673585445
RKO-BASKET  Call-UO  10W  ATM/H@20Δ,rko_basket,monthly,2025-05-31,-1244065.4724626087,17735551.65735157,-2432839.439821165
RKO-BASKET  Call-UO  10W  ATM/H@20Δ,rko_basket,monthly,2025-06-30,-1184521.975210688,16551029.682140876,-3617361.415031858
RKO-BASKET  Call-UO  10W  ATM/H@20Δ,rko_basket,monthly,2025-07-31,-451121.57985766145,16099908.102283215,-4068482.9948895182
RKO-BASKET  Call-UO  10W  ATM/H@20Δ,rko_basket,monthly,2025-08-31,1767567.4239230894,17867475.526206303,-2300915.57096643
RKO-BASKET  Call-UO  10W  ATM/H@20Δ,rko_basket,monthly,2025-09-30,-417485.5893558184,17449989.936850484,-2718401.160322249
RKO-BASKET  Call-UO  10W  ATM/H@20Δ,rko_basket,monthly,2025-10-31,4257501.356564982,21707491.29341547,0.0
RKO-BASKET  Call-UO  10W  ATM/H@20Δ,rko_basket,monthly,2025-11-30,2430838.938848938,24138330.232264392,0.0
RKO-BASKET  Call-UO  10W  ATM/H@20Δ,rko_basket,monthly,2025-12-31,-616809.465961114,23521520.76630328,-747756.6599681936
RKO-BASKET  Call-UO  10W  ATM/H@20Δ,rko_basket,monthly,2026-01-31,359735.41079296556,23881256.17709624,-388021.2491752319
RKO-BASKET  Call-UO  10W  ATM/H@20Δ,rko_basket,monthly,2026-02-28,-201214.44211794622,23680041.734978296,-589235.6912931763
RKO-BASKET  Call-UO  10W  ATM/H@20Δ,rko_basket,monthly,2026-03-31,1215415.5642369739,24895457.299215265,0.0
RKO-BASKET  Call-UO  10W  ATM/H@20Δ,rko_basket,monthly,2026-04-30,-262216.364951637,24633240.934263628,-684468.4049578495
RKO-BASKET  Call-UO  10W  ATM/H@20Δ,rko_basket,monthly,2026-05-31,-215671.49501777202,24417569.439245854,-900139.8999756239
RKO-BASKET  Call-UO  10W  ATM/H@20Δ,rko_basket,annual,2023-12-31,7840602.541355256,7840602.541355261,-1750386.443482495
RKO-BASKET  Call-UO  10W  ATM/H@20Δ,rko_basket,annual,2024-12-31,10188626.363082739,18029228.904438004,0.0
RKO-BASKET  Call-UO  10W  ATM/H@20Δ,rko_basket,annual,2025-12-31,5492291.861865289,23521520.76630328,-747756.6599681936
RKO-BASKET  Call-UO  10W  ATM/H@20Δ,rko_basket,annual,2026-12-31,896048.6729425843,24417569.439245854,-900139.8999756239
RKO-BASKET  Call-UO  10W  ATM/H@15Δ,rko_basket,monthly,2023-03-31,-349572.59185399086,-349572.591853991,-312869.4243374099
RKO-BASKET  Call-UO  10W  ATM/H@15Δ,rko_basket,monthly,2023-04-30,1050374.9850169753,700802.3931629842,0.0
RKO-BASKET  Call-UO  10W  ATM/H@15Δ,rko_basket,monthly,2023-05-31,733813.5917474942,1434615.9849104783,0.0
RKO-BASKET  Call-UO  10W  ATM/H@15Δ,rko_basket,monthly,2023-06-30,2828665.188850484,4263281.173760963,0.0
RKO-BASKET  Call-UO  10W  ATM/H@15Δ,rko_basket,monthly,2023-07-31,2010698.376462591,6273979.5502235545,-86522.55172886793
RKO-BASKET  Call-UO  10W  ATM/H@15Δ,rko_basket,monthly,2023-08-31,309384.19840578525,6583363.748629342,0.0
RKO-BASKET  Call-UO  10W  ATM/H@15Δ,rko_basket,monthly,2023-09-30,3373959.1862678686,9957322.934897212,0.0
RKO-BASKET  Call-UO  10W  ATM/H@15Δ,rko_basket,monthly,2023-10-31,3446579.718329196,13403902.653226413,0.0
RKO-BASKET  Call-UO  10W  ATM/H@15Δ,rko_basket,monthly,2023-11-30,814350.2199135699,14218252.873139981,-938706.1509834621
RKO-BASKET  Call-UO  10W  ATM/H@15Δ,rko_basket,monthly,2023-12-31,-1697759.0574987403,12520493.815641245,-2636465.2084821984
RKO-BASKET  Call-UO  10W  ATM/H@15Δ,rko_basket,monthly,2024-01-31,-1586362.6514910783,10934131.16415017,-4222827.859973274
RKO-BASKET  Call-UO  10W  ATM/H@15Δ,rko_basket,monthly,2024-02-29,2929551.498108959,13863682.662259128,-1293276.3618643153
RKO-BASKET  Call-UO  10W  ATM/H@15Δ,rko_basket,monthly,2024-03-31,5343715.004529651,19207397.666788775,0.0
RKO-BASKET  Call-UO  10W  ATM/H@15Δ,rko_basket,monthly,2024-04-30,4231416.621682557,23438814.288471326,0.0
RKO-BASKET  Call-UO  10W  ATM/H@15Δ,rko_basket,monthly,2024-05-31,-192422.24418910348,23246392.044282235,-424001.65694963187
RKO-BASKET  Call-UO  10W  ATM/H@15Δ,rko_basket,monthly,2024-06-30,1107443.8113556346,24353835.85563787,-718.9567379914224
RKO-BASKET  Call-UO  10W  ATM/H@15Δ,rko_basket,monthly,2024-07-31,1584984.032227363,25938819.887865238,0.0
RKO-BASKET  Call-UO  10W  ATM/H@15Δ,rko_basket,monthly,2024-08-31,-44703.08470987571,25894116.803155363,-705829.0269398205
RKO-BASKET  Call-UO  10W  ATM/H@15Δ,rko_basket,monthly,2024-09-30,-1209432.247022594,24684684.556132764,-1915261.2739624195
RKO-BASKET  Call-UO  10W  ATM/H@15Δ,rko_basket,monthly,2024-10-31,-579890.5954273142,24104793.960705448,-2495151.869389735
RKO-BASKET  Call-UO  10W  ATM/H@15Δ,rko_basket,monthly,2024-11-30,2165823.506071019,26270617.46677647,-329328.3633187115
RKO-BASKET  Call-UO  10W  ATM/H@15Δ,rko_basket,monthly,2024-12-31,3950957.601521686,30221575.068298157,0.0
RKO-BASKET  Call-UO  10W  ATM/H@15Δ,rko_basket,monthly,2025-01-31,2699323.884495817,32920898.952793974,0.0
RKO-BASKET  Call-UO  10W  ATM/H@15Δ,rko_basket,monthly,2025-02-28,1125154.6177160244,34046053.570510015,-236214.28136796504
RKO-BASKET  Call-UO  10W  ATM/H@15Δ,rko_basket,monthly,2025-03-31,-1315322.619169912,32730730.9513401,-1551536.9005378783
RKO-BASKET  Call-UO  10W  ATM/H@15Δ,rko_basket,monthly,2025-04-30,-321066.3546827653,32409664.596657336,-1872603.2552206442
RKO-BASKET  Call-UO  10W  ATM/H@15Δ,rko_basket,monthly,2025-05-31,-1900611.8913877807,30509052.705269556,-3773215.1466084234
RKO-BASKET  Call-UO  10W  ATM/H@15Δ,rko_basket,monthly,2025-06-30,-1862894.8156224785,28646157.889647074,-5636109.962230906
RKO-BASKET  Call-UO  10W  ATM/H@15Δ,rko_basket,monthly,2025-07-31,-1161538.1024437456,27484619.787203327,-6797648.064674653
RKO-BASKET  Call-UO  10W  ATM/H@15Δ,rko_basket,monthly,2025-08-31,3182533.291262664,30667153.07846599,-3615114.773411989
RKO-BASKET  Call-UO  10W  ATM/H@15Δ,rko_basket,monthly,2025-09-30,1722636.002329276,32389789.08079527,-1892478.7710827105
RKO-BASKET  Call-UO  10W  ATM/H@15Δ,rko_basket,monthly,2025-10-31,5495570.55199745,37885359.632792726,0.0
RKO-BASKET  Call-UO  10W  ATM/H@15Δ,rko_basket,monthly,2025-11-30,2546011.7934600925,40431371.42625281,0.0
RKO-BASKET  Call-UO  10W  ATM/H@15Δ,rko_basket,monthly,2025-12-31,1727726.5971495812,42159098.023402415,0.0
RKO-BASKET  Call-UO  10W  ATM/H@15Δ,rko_basket,monthly,2026-01-31,1430069.6941114254,43589167.71751383,-299398.62718944997
RKO-BASKET  Call-UO  10W  ATM/H@15Δ,rko_basket,monthly,2026-02-28,-762821.5318659692,42826346.18564786,-1062220.1590554193
RKO-BASKET  Call-UO  10W  ATM/H@15Δ,rko_basket,monthly,2026-03-31,1049974.8104003821,43876320.99604824,-12245.348655037582
RKO-BASKET  Call-UO  10W  ATM/H@15Δ,rko_basket,monthly,2026-04-30,-585622.4009848423,43290698.5950634,-1005576.5154681653
RKO-BASKET  Call-UO  10W  ATM/H@15Δ,rko_basket,monthly,2026-05-31,-298074.88798971305,42992623.707073696,-1303651.4034578726
RKO-BASKET  Call-UO  10W  ATM/H@15Δ,rko_basket,annual,2023-12-31,12520493.815641234,12520493.815641245,-2636465.2084821984
RKO-BASKET  Call-UO  10W  ATM/H@15Δ,rko_basket,annual,2024-12-31,17701081.252656903,30221575.068298157,0.0
RKO-BASKET  Call-UO  10W  ATM/H@15Δ,rko_basket,annual,2025-12-31,11937522.955104223,42159098.023402415,0.0
RKO-BASKET  Call-UO  10W  ATM/H@15Δ,rko_basket,annual,2026-12-31,833525.6836712828,42992623.707073696,-1303651.4034578726
RKO-BASKET  Call-UO  10W  ATM/H@10Δ,rko_basket,monthly,2023-03-31,350507.7847345586,350507.78473455866,0.0
RKO-BASKET  Call-UO  10W  ATM/H@10Δ,rko_basket,monthly,2023-04-30,2068991.4990445974,2419499.2837791564,0.0
RKO-BASKET  Call-UO  10W  ATM/H@10Δ,rko_basket,monthly,2023-05-31,1932107.1373425582,4351606.421121715,0.0
RKO-BASKET  Call-UO  10W  ATM/H@10Δ,rko_basket,monthly,2023-06-30,2669271.9382081237,7020878.35932984,0.0
RKO-BASKET  Call-UO  10W  ATM/H@10Δ,rko_basket,monthly,2023-07-31,1763923.187361004,8784801.546690848,0.0
RKO-BASKET  Call-UO  10W  ATM/H@10Δ,rko_basket,monthly,2023-08-31,2857962.1033973265,11642763.65008817,0.0
RKO-BASKET  Call-UO  10W  ATM/H@10Δ,rko_basket,monthly,2023-09-30,6566727.704551936,18209491.354640108,0.0
RKO-BASKET  Call-UO  10W  ATM/H@10Δ,rko_basket,monthly,2023-10-31,5862971.317285475,24072462.671925586,0.0
RKO-BASKET  Call-UO  10W  ATM/H@10Δ,rko_basket,monthly,2023-11-30,391063.1593766428,24463525.83130222,-1292699.9507763088
RKO-BASKET  Call-UO  10W  ATM/H@10Δ,rko_basket,monthly,2023-12-31,-2263517.715979502,22200008.115322713,-3556217.666755814
RKO-BASKET  Call-UO  10W  ATM/H@10Δ,rko_basket,monthly,2024-01-31,-2194173.0154729844,20005835.09984973,-5750390.682228796
RKO-BASKET  Call-UO  10W  ATM/H@10Δ,rko_basket,monthly,2024-02-29,2668193.1229290953,22674028.222778827,-3082197.5592997
RKO-BASKET  Call-UO  10W  ATM/H@10Δ,rko_basket,monthly,2024-03-31,5304676.166840901,27978704.389619723,0.0
RKO-BASKET  Call-UO  10W  ATM/H@10Δ,rko_basket,monthly,2024-04-30,6282511.65504026,34261216.04465999,0.0
RKO-BASKET  Call-UO  10W  ATM/H@10Δ,rko_basket,monthly,2024-05-31,1386748.7940061372,35647964.838666126,0.0
RKO-BASKET  Call-UO  10W  ATM/H@10Δ,rko_basket,monthly,2024-06-30,1211616.5525430527,36859581.39120917,-56786.2602622509
RKO-BASKET  Call-UO  10W  ATM/H@10Δ,rko_basket,monthly,2024-07-31,1875782.0263722343,38735363.41758141,0.0
RKO-BASKET  Call-UO  10W  ATM/H@10Δ,rko_basket,monthly,2024-08-31,-540135.0291102078,38195228.38847121,-1071982.5944408923
RKO-BASKET  Call-UO  10W  ATM/H@10Δ,rko_basket,monthly,2024-09-30,-1712327.2128079208,36482901.17566329,-2784309.8072488084
RKO-BASKET  Call-UO  10W  ATM/H@10Δ,rko_basket,monthly,2024-10-31,-1382822.803879618,35100078.37178367,-4167132.6111284345
RKO-BASKET  Call-UO  10W  ATM/H@10Δ,rko_basket,monthly,2024-11-30,4684036.881766613,39784115.25355029,0.0
RKO-BASKET  Call-UO  10W  ATM/H@10Δ,rko_basket,monthly,2024-12-31,5798202.949131683,45582318.20268199,0.0
RKO-BASKET  Call-UO  10W  ATM/H@10Δ,rko_basket,monthly,2025-01-31,5648160.171759912,51230478.3744419,0.0
RKO-BASKET  Call-UO  10W  ATM/H@10Δ,rko_basket,monthly,2025-02-28,701667.4509117644,51932145.825353675,-555190.9680099413
RKO-BASKET  Call-UO  10W  ATM/H@10Δ,rko_basket,monthly,2025-03-31,-1453467.9160713204,50478677.90928235,-2008658.8840812668
RKO-BASKET  Call-UO  10W  ATM/H@10Δ,rko_basket,monthly,2025-04-30,-658367.8661353954,49820310.04314696,-2667026.7502166554
RKO-BASKET  Call-UO  10W  ATM/H@10Δ,rko_basket,monthly,2025-05-31,-2650271.194315469,47170038.84883149,-5317297.944532126
RKO-BASKET  Call-UO  10W  ATM/H@10Δ,rko_basket,monthly,2025-06-30,-2625485.6654498125,44544553.18338167,-7942783.609981947
RKO-BASKET  Call-UO  10W  ATM/H@10Δ,rko_basket,monthly,2025-07-31,-2572395.655918649,41972157.52746303,-10515179.26590059
RKO-BASKET  Call-UO  10W  ATM/H@10Δ,rko_basket,monthly,2025-08-31,3632734.7385665677,45604892.2660296,-6882444.52733402
RKO-BASKET  Call-UO  10W  ATM/H@10Δ,rko_basket,monthly,2025-09-30,7261761.9762306195,52866654.2422602,0.0
RKO-BASKET  Call-UO  10W  ATM/H@10Δ,rko_basket,monthly,2025-10-31,6776813.791831674,59643468.034091875,0.0
RKO-BASKET  Call-UO  10W  ATM/H@10Δ,rko_basket,monthly,2025-11-30,5429362.480724041,65072830.514815904,0.0
RKO-BASKET  Call-UO  10W  ATM/H@10Δ,rko_basket,monthly,2025-12-31,4670834.031088071,69743664.54590398,0.0
RKO-BASKET  Call-UO  10W  ATM/H@10Δ,rko_basket,monthly,2026-01-31,855603.8932769756,70599268.43918097,-536007.4322957247
RKO-BASKET  Call-UO  10W  ATM/H@10Δ,rko_basket,monthly,2026-02-28,-1575809.3355834922,69023459.10359746,-2111816.7678792328
RKO-BASKET  Call-UO  10W  ATM/H@10Δ,rko_basket,monthly,2026-03-31,1505279.735467799,70528738.8390653,-606537.0324113965
RKO-BASKET  Call-UO  10W  ATM/H@10Δ,rko_basket,monthly,2026-04-30,-820922.9243289328,69707815.91473636,-1427459.9567403346
RKO-BASKET  Call-UO  10W  ATM/H@10Δ,rko_basket,monthly,2026-05-31,-495818.8965401279,69211997.01819623,-1923278.8532804698
RKO-BASKET  Call-UO  10W  ATM/H@10Δ,rko_basket,annual,2023-12-31,22200008.11532272,22200008.115322713,-3556217.666755814
RKO-BASKET  Call-UO  10W  ATM/H@10Δ,rko_basket,annual,2024-12-31,23382310.087359246,45582318.20268199,0.0
RKO-BASKET  Call-UO  10W  ATM/H@10Δ,rko_basket,annual,2025-12-31,24161346.343222003,69743664.54590398,0.0
RKO-BASKET  Call-UO  10W  ATM/H@10Δ,rko_basket,annual,2026-12-31,-531667.5277077785,69211997.01819623,-1923278.8532804698
RKO-BASKET  Call-UO  10W  ATM/H@5Δ,rko_basket,monthly,2023-03-31,1227226.8632578906,1227226.8632578908,0.0
RKO-BASKET  Call-UO  10W  ATM/H@5Δ,rko_basket,monthly,2023-04-30,4904551.645038261,6131778.508296151,0.0
RKO-BASKET  Call-UO  10W  ATM/H@5Δ,rko_basket,monthly,2023-05-31,1995915.4429434794,8127693.95123963,0.0
RKO-BASKET  Call-UO  10W  ATM/H@5Δ,rko_basket,monthly,2023-06-30,5305959.635287074,13433653.586526703,0.0
RKO-BASKET  Call-UO  10W  ATM/H@5Δ,rko_basket,monthly,2023-07-31,1809713.5745219297,15243367.16104863,0.0
RKO-BASKET  Call-UO  10W  ATM/H@5Δ,rko_basket,monthly,2023-08-31,9898547.252123982,25141914.413172618,0.0
RKO-BASKET  Call-UO  10W  ATM/H@5Δ,rko_basket,monthly,2023-09-30,10083010.06169932,35224924.47487194,0.0
RKO-BASKET  Call-UO  10W  ATM/H@5Δ,rko_basket,monthly,2023-10-31,8421682.654191813,43646607.12906374,0.0
RKO-BASKET  Call-UO  10W  ATM/H@5Δ,rko_basket,monthly,2023-11-30,-266577.4063077431,43380029.722756,-1644869.8413608372
RKO-BASKET  Call-UO  10W  ATM/H@5Δ,rko_basket,monthly,2023-12-31,-2776922.247684751,40603107.475071244,-4421792.089045592
RKO-BASKET  Call-UO  10W  ATM/H@5Δ,rko_basket,monthly,2024-01-31,-2577864.620698908,38025242.854372345,-6999656.709744491
RKO-BASKET  Call-UO  10W  ATM/H@5Δ,rko_basket,monthly,2024-02-29,2029347.7874935155,40054590.64186586,-4970308.922250979
RKO-BASKET  Call-UO  10W  ATM/H@5Δ,rko_basket,monthly,2024-03-31,5040659.433239954,45095250.07510582,0.0
RKO-BASKET  Call-UO  10W  ATM/H@5Δ,rko_basket,monthly,2024-04-30,7157345.305508589,52252595.3806144,0.0
RKO-BASKET  Call-UO  10W  ATM/H@5Δ,rko_basket,monthly,2024-05-31,5004075.195311107,57256670.57592551,0.0
RKO-BASKET  Call-UO  10W  ATM/H@5Δ,rko_basket,monthly,2024-06-30,1027782.9808284102,58284453.55675392,-102279.63172587007
RKO-BASKET  Call-UO  10W  ATM/H@5Δ,rko_basket,monthly,2024-07-31,1604359.5493941905,59888813.1061481,0.0
RKO-BASKET  Call-UO  10W  ATM/H@5Δ,rko_basket,monthly,2024-08-31,-789086.5242332162,59099726.58191488,-1258720.234216012
RKO-BASKET  Call-UO  10W  ATM/H@5Δ,rko_basket,monthly,2024-09-30,-2009965.6370781525,57089760.944836736,-3268685.8712941557
RKO-BASKET  Call-UO  10W  ATM/H@5Δ,rko_basket,monthly,2024-10-31,-2140018.3638309566,54949742.58100577,-5408704.235125124
RKO-BASKET  Call-UO  10W  ATM/H@5Δ,rko_basket,monthly,2024-11-30,6710172.373004488,61659914.95401026,0.0
RKO-BASKET  Call-UO  10W  ATM/H@5Δ,rko_basket,monthly,2024-12-31,9833476.690979183,71493391.64498945,0.0
RKO-BASKET  Call-UO  10W  ATM/H@5Δ,rko_basket,monthly,2025-01-31,10215866.288699131,81709257.93368855,0.0
RKO-BASKET  Call-UO  10W  ATM/H@5Δ,rko_basket,monthly,2025-02-28,-11133.53202872575,81698124.40165985,-962193.4396328479
RKO-BASKET  Call-UO  10W  ATM/H@5Δ,rko_basket,monthly,2025-03-31,-2248329.0875438657,79449795.31411594,-3210522.5271767527
RKO-BASKET  Call-UO  10W  ATM/H@5Δ,rko_basket,monthly,2025-04-30,-1410505.2475336813,78039290.06658226,-4621027.774710432
RKO-BASKET  Call-UO  10W  ATM/H@5Δ,rko_basket,monthly,2025-05-31,-3296913.2602571677,74742376.8063251,-7917941.034967601
RKO-BASKET  Call-UO  10W  ATM/H@5Δ,rko_basket,monthly,2025-06-30,-3396488.882220254,71345887.92410485,-11314429.91718784
RKO-BASKET  Call-UO  10W  ATM/H@5Δ,rko_basket,monthly,2025-07-31,-4027500.706958197,67318387.21714665,-15341930.624146044
RKO-BASKET  Call-UO  10W  ATM/H@5Δ,rko_basket,monthly,2025-08-31,2408176.805693905,69726564.02284057,-12933753.81845212
RKO-BASKET  Call-UO  10W  ATM/H@5Δ,rko_basket,monthly,2025-09-30,10446158.835021935,80172722.85786252,-2487594.983430177
RKO-BASKET  Call-UO  10W  ATM/H@5Δ,rko_basket,monthly,2025-10-31,5711125.046437315,85883847.90429984,0.0
RKO-BASKET  Call-UO  10W  ATM/H@5Δ,rko_basket,monthly,2025-11-30,6239710.962160217,92123558.86646006,0.0
RKO-BASKET  Call-UO  10W  ATM/H@5Δ,rko_basket,monthly,2025-12-31,4822463.961282503,96946022.82774256,0.0
RKO-BASKET  Call-UO  10W  ATM/H@5Δ,rko_basket,monthly,2026-01-31,1800096.443920999,98746119.27166358,-509139.23926877975
RKO-BASKET  Call-UO  10W  ATM/H@5Δ,rko_basket,monthly,2026-02-28,-1611989.4305937744,97134129.84106982,-2121128.6698625386
RKO-BASKET  Call-UO  10W  ATM/H@5Δ,rko_basket,monthly,2026-03-31,1295305.8966356402,98429435.73770548,-825822.7732268721
RKO-BASKET  Call-UO  10W  ATM/H@5Δ,rko_basket,monthly,2026-04-30,864625.0023071275,99294060.7400126,-482446.6663222462
RKO-BASKET  Call-UO  10W  ATM/H@5Δ,rko_basket,monthly,2026-05-31,-99335.30441664306,99194725.43559596,-581781.9707388878
RKO-BASKET  Call-UO  10W  ATM/H@5Δ,rko_basket,annual,2023-12-31,40603107.47507126,40603107.475071244,-4421792.089045592
RKO-BASKET  Call-UO  10W  ATM/H@5Δ,rko_basket,annual,2024-12-31,30890284.169918202,71493391.64498945,0.0
RKO-BASKET  Call-UO  10W  ATM/H@5Δ,rko_basket,annual,2025-12-31,25452631.182753116,96946022.82774256,0.0
RKO-BASKET  Call-UO  10W  ATM/H@5Δ,rko_basket,annual,2026-12-31,2248702.6078533493,99194725.43559596,-581781.9707388878
RKO-BASKET  Call-UO  10W  45Δ/H@20Δ,rko_basket,monthly,2023-03-31,-224056.70425412632,-224056.70425412626,-196259.8473227521
RKO-BASKET  Call-UO  10W  45Δ/H@20Δ,rko_basket,monthly,2023-04-30,21032.033099257416,-203024.6711548689,-175227.81422349473
RKO-BASKET  Call-UO  10W  45Δ/H@20Δ,rko_basket,monthly,2023-05-31,527859.1223477791,324834.4511929102,0.0
RKO-BASKET  Call-UO  10W  45Δ/H@20Δ,rko_basket,monthly,2023-06-30,913105.5670982774,1237940.018291188,0.0
RKO-BASKET  Call-UO  10W  45Δ/H@20Δ,rko_basket,monthly,2023-07-31,570816.0887878041,1808756.1070789918,-146787.23121217825
RKO-BASKET  Call-UO  10W  45Δ/H@20Δ,rko_basket,monthly,2023-08-31,-284166.4101127321,1524589.6969662595,-430953.64132491057
RKO-BASKET  Call-UO  10W  45Δ/H@20Δ,rko_basket,monthly,2023-09-30,1810025.9004208657,3334615.5973871252,0.0
RKO-BASKET  Call-UO  10W  45Δ/H@20Δ,rko_basket,monthly,2023-10-31,1946025.3224478723,5280640.9198349975,0.0
RKO-BASKET  Call-UO  10W  45Δ/H@20Δ,rko_basket,monthly,2023-11-30,709871.7003302396,5990512.620165236,-475534.6809216654
RKO-BASKET  Call-UO  10W  45Δ/H@20Δ,rko_basket,monthly,2023-12-31,-822867.3342965764,5167645.285868661,-1298402.0152182411
RKO-BASKET  Call-UO  10W  45Δ/H@20Δ,rko_basket,monthly,2024-01-31,-707951.039781088,4459694.246087574,-2006353.0549993273
RKO-BASKET  Call-UO  10W  45Δ/H@20Δ,rko_basket,monthly,2024-02-29,1532702.6397200373,5992396.885807612,-473650.4152792897
RKO-BASKET  Call-UO  10W  45Δ/H@20Δ,rko_basket,monthly,2024-03-31,2917432.619198872,8909829.505006481,0.0
RKO-BASKET  Call-UO  10W  45Δ/H@20Δ,rko_basket,monthly,2024-04-30,1105645.5155744283,10015475.02058091,-86928.68570031971
RKO-BASKET  Call-UO  10W  45Δ/H@20Δ,rko_basket,monthly,2024-05-31,-284886.7040961461,9730588.316484762,-371815.3897964675
RKO-BASKET  Call-UO  10W  45Δ/H@20Δ,rko_basket,monthly,2024-06-30,397159.433649569,10127747.75013433,0.0
RKO-BASKET  Call-UO  10W  45Δ/H@20Δ,rko_basket,monthly,2024-07-31,807147.7432945574,10934895.493428888,0.0
RKO-BASKET  Call-UO  10W  45Δ/H@20Δ,rko_basket,monthly,2024-08-31,-195913.68035048695,10738981.813078405,-319449.14851238765
RKO-BASKET  Call-UO  10W  45Δ/H@20Δ,rko_basket,monthly,2024-09-30,-531712.1963137216,10207269.616764685,-851161.3448261078
RKO-BASKET  Call-UO  10W  45Δ/H@20Δ,rko_basket,monthly,2024-10-31,-342906.981709607,9864362.635055078,-1194068.3265357148
RKO-BASKET  Call-UO  10W  45Δ/H@20Δ,rko_basket,monthly,2024-11-30,1103934.6340172563,10968297.26907233,-90133.69251846336
RKO-BASKET  Call-UO  10W  45Δ/H@20Δ,rko_basket,monthly,2024-12-31,1561188.9609022464,12529486.229974579,0.0
RKO-BASKET  Call-UO  10W  45Δ/H@20Δ,rko_basket,monthly,2025-01-31,650817.0168482945,13180303.246822871,-185582.3913339693
RKO-BASKET  Call-UO  10W  45Δ/H@20Δ,rko_basket,monthly,2025-02-28,537114.9346832376,13717418.181506108,-105024.71225016192
RKO-BASKET  Call-UO  10W  45Δ/H@20Δ,rko_basket,monthly,2025-03-31,-684161.9691280902,13033256.21237802,-789186.6813782509
RKO-BASKET  Call-UO  10W  45Δ/H@20Δ,rko_basket,monthly,2025-04-30,-493373.1436688245,12539883.068709195,-1282559.8250470757
RKO-BASKET  Call-UO  10W  45Δ/H@20Δ,rko_basket,monthly,2025-05-31,-874574.0187331463,11665309.049976047,-2157133.8437802233
RKO-BASKET  Call-UO  10W  45Δ/H@20Δ,rko_basket,monthly,2025-06-30,-858511.6257815096,10806797.424194539,-3015645.4695617314
RKO-BASKET  Call-UO  10W  45Δ/H@20Δ,rko_basket,monthly,2025-07-31,-416245.9476125216,10390551.476582013,-3431891.4171742573
RKO-BASKET  Call-UO  10W  45Δ/H@20Δ,rko_basket,monthly,2025-08-31,1030291.7948175119,11420843.271399528,-2401599.6223567426
RKO-BASKET  Call-UO  10W  45Δ/H@20Δ,rko_basket,monthly,2025-09-30,-254868.43121503812,11165974.840184493,-2656468.0535717774
RKO-BASKET  Call-UO  10W  45Δ/H@20Δ,rko_basket,monthly,2025-10-31,3436705.3832886666,14602680.22347316,0.0
RKO-BASKET  Call-UO  10W  45Δ/H@20Δ,rko_basket,monthly,2025-11-30,1684836.4706726656,16287516.694145823,0.0
RKO-BASKET  Call-UO  10W  45Δ/H@20Δ,rko_basket,monthly,2025-12-31,-382845.62493548496,15904671.069210343,-507941.83210251667
RKO-BASKET  Call-UO  10W  45Δ/H@20Δ,rko_basket,monthly,2026-01-31,342603.59769361455,16247274.666903956,-165338.23440890387
RKO-BASKET  Call-UO  10W  45Δ/H@20Δ,rko_basket,monthly,2026-02-28,-397566.1136479026,15849708.553256055,-562904.3480568044
RKO-BASKET  Call-UO  10W  45Δ/H@20Δ,rko_basket,monthly,2026-03-31,753486.6478609198,16603195.201116977,0.0
RKO-BASKET  Call-UO  10W  45Δ/H@20Δ,rko_basket,monthly,2026-04-30,-269972.77817530633,16333222.422941674,-586719.860073287
RKO-BASKET  Call-UO  10W  45Δ/H@20Δ,rko_basket,monthly,2026-05-31,-187373.10353650944,16145849.319405165,-774092.963609796
RKO-BASKET  Call-UO  10W  45Δ/H@20Δ,rko_basket,annual,2023-12-31,5167645.285868661,5167645.285868661,-1298402.0152182411
RKO-BASKET  Call-UO  10W  45Δ/H@20Δ,rko_basket,annual,2024-12-31,7361840.944105918,12529486.229974579,0.0
RKO-BASKET  Call-UO  10W  45Δ/H@20Δ,rko_basket,annual,2025-12-31,3375184.839235761,15904671.069210343,-507941.83210251667
RKO-BASKET  Call-UO  10W  45Δ/H@20Δ,rko_basket,annual,2026-12-31,241178.250194816,16145849.319405165,-774092.963609796
RKO-BASKET  Call-UO  10W  45Δ/H@15Δ,rko_basket,monthly,2023-03-31,-615616.0029584799,-615616.0029584799,-568785.7287312002
RKO-BASKET  Call-UO  10W  45Δ/H@15Δ,rko_basket,monthly,2023-04-30,735059.0963514606,119443.09339298053,0.0
RKO-BASKET  Call-UO  10W  45Δ/H@15Δ,rko_basket,monthly,2023-05-31,69931.71183854643,189374.80523152702,-158121.65889099246
RKO-BASKET  Call-UO  10W  45Δ/H@15Δ,rko_basket,monthly,2023-06-30,2199507.3790807603,2388882.1843122873,0.0
RKO-BASKET  Call-UO  10W  45Δ/H@15Δ,rko_basket,monthly,2023-07-31,1655926.0982826734,4044808.28259496,-64073.61761575332
RKO-BASKET  Call-UO  10W  45Δ/H@15Δ,rko_basket,monthly,2023-08-31,204177.9473530649,4248986.229948025,0.0
RKO-BASKET  Call-UO  10W  45Δ/H@15Δ,rko_basket,monthly,2023-09-30,2754534.240565048,7003520.470513072,0.0
RKO-BASKET  Call-UO  10W  45Δ/H@15Δ,rko_basket,monthly,2023-10-31,2650619.414172236,9654139.884685308,0.0
RKO-BASKET  Call-UO  10W  45Δ/H@15Δ,rko_basket,monthly,2023-11-30,423993.9876623756,10078133.872347685,-748243.3374224938
RKO-BASKET  Call-UO  10W  45Δ/H@15Δ,rko_basket,monthly,2023-12-31,-1275453.2474440269,8802680.624903657,-2023696.5848665219
RKO-BASKET  Call-UO  10W  45Δ/H@15Δ,rko_basket,monthly,2024-01-31,-1237650.2083456472,7565030.416558012,-3261346.793212166
RKO-BASKET  Call-UO  10W  45Δ/H@15Δ,rko_basket,monthly,2024-02-29,2273665.085489198,9838695.50204721,-987681.7077229694
RKO-BASKET  Call-UO  10W  45Δ/H@15Δ,rko_basket,monthly,2024-03-31,4341828.442127876,14180523.944175083,0.0
RKO-BASKET  Call-UO  10W  45Δ/H@15Δ,rko_basket,monthly,2024-04-30,3571545.782970119,17752069.72714519,0.0
RKO-BASKET  Call-UO  10W  45Δ/H@15Δ,rko_basket,monthly,2024-05-31,-180757.4244881695,17571312.302657023,-329151.1258680895
RKO-BASKET  Call-UO  10W  45Δ/H@15Δ,rko_basket,monthly,2024-06-30,596626.7143959241,18167939.017052952,-23783.039782572538
RKO-BASKET  Call-UO  10W  45Δ/H@15Δ,rko_basket,monthly,2024-07-31,1229077.508825247,19397016.52587819,0.0
RKO-BASKET  Call-UO  10W  45Δ/H@15Δ,rko_basket,monthly,2024-08-31,-104899.50629925195,19292117.01957894,-645601.4947584756
RKO-BASKET  Call-UO  10W  45Δ/H@15Δ,rko_basket,monthly,2024-09-30,-959643.7970461524,18332473.22253279,-1605245.2918046266
RKO-BASKET  Call-UO  10W  45Δ/H@15Δ,rko_basket,monthly,2024-10-31,-624231.7575856029,17708241.46494719,-2229477.0493902266
RKO-BASKET  Call-UO  10W  45Δ/H@15Δ,rko_basket,monthly,2024-11-30,1519275.5919719432,19227517.05691913,-710201.4574182853
RKO-BASKET  Call-UO  10W  45Δ/H@15Δ,rko_basket,monthly,2024-12-31,3319710.4088505087,22547227.465769634,0.0
RKO-BASKET  Call-UO  10W  45Δ/H@15Δ,rko_basket,monthly,2025-01-31,2069840.1381665345,24617067.603936173,0.0
RKO-BASKET  Call-UO  10W  45Δ/H@15Δ,rko_basket,monthly,2025-02-28,441217.3003263151,25058284.90426249,-378937.0856127851
RKO-BASKET  Call-UO  10W  45Δ/H@15Δ,rko_basket,monthly,2025-03-31,-1290328.9681767048,23767955.936085783,-1669266.0537894927
RKO-BASKET  Call-UO  10W  45Δ/H@15Δ,rko_basket,monthly,2025-04-30,-383493.7538125726,23384462.1822732,-2052759.807602074
RKO-BASKET  Call-UO  10W  45Δ/H@15Δ,rko_basket,monthly,2025-05-31,-1405220.3968091202,21979241.78546408,-3457980.2044111975
RKO-BASKET  Call-UO  10W  45Δ/H@15Δ,rko_basket,monthly,2025-06-30,-1407128.9706261987,20572112.814837873,-4865109.175037403
RKO-BASKET  Call-UO  10W  45Δ/H@15Δ,rko_basket,monthly,2025-07-31,-1017630.8880837533,19554481.926754117,-5882740.063121159
RKO-BASKET  Call-UO  10W  45Δ/H@15Δ,rko_basket,monthly,2025-08-31,2281208.486964283,21835690.413718402,-3601531.5761568733
RKO-BASKET  Call-UO  10W  45Δ/H@15Δ,rko_basket,monthly,2025-09-30,1530956.1281263519,23366646.54184475,-2070575.448030524
RKO-BASKET  Call-UO  10W  45Δ/H@15Δ,rko_basket,monthly,2025-10-31,4459808.589452276,27826455.131297026,0.0
RKO-BASKET  Call-UO  10W  45Δ/H@15Δ,rko_basket,monthly,2025-11-30,1827433.2010569333,29653888.332353957,0.0
RKO-BASKET  Call-UO  10W  45Δ/H@15Δ,rko_basket,monthly,2025-12-31,1608719.7639207114,31262608.096274666,0.0
RKO-BASKET  Call-UO  10W  45Δ/H@15Δ,rko_basket,monthly,2026-01-31,1320671.0427742144,32583279.139048878,-272234.1422322802
RKO-BASKET  Call-UO  10W  45Δ/H@15Δ,rko_basket,monthly,2026-02-28,-923626.8224353017,31659652.316613577,-1195860.964667581
RKO-BASKET  Call-UO  10W  45Δ/H@15Δ,rko_basket,monthly,2026-03-31,636175.6025641437,32295827.919177722,-559685.3621034361
RKO-BASKET  Call-UO  10W  45Δ/H@15Δ,rko_basket,monthly,2026-04-30,-568719.0745355334,31727108.84464219,-1128404.43663897
RKO-BASKET  Call-UO  10W  45Δ/H@15Δ,rko_basket,monthly,2026-05-31,-302947.6784172088,31424161.166224983,-1431352.1150561757
RKO-BASKET  Call-UO  10W  45Δ/H@15Δ,rko_basket,annual,2023-12-31,8802680.624903658,8802680.624903657,-2023696.5848665219
RKO-BASKET  Call-UO  10W  45Δ/H@15Δ,rko_basket,annual,2024-12-31,13744546.840865992,22547227.465769634,0.0
RKO-BASKET  Call-UO  10W  45Δ/H@15Δ,rko_basket,annual,2025-12-31,8715380.630505055,31262608.096274666,0.0
RKO-BASKET  Call-UO  10W  45Δ/H@15Δ,rko_basket,annual,2026-12-31,161553.0699503143,31424161.166224983,-1431352.1150561757
RKO-BASKET  Call-UO  10W  45Δ/H@10Δ,rko_basket,monthly,2023-03-31,-165674.01929806842,-165674.01929806836,-101104.98290231108
RKO-BASKET  Call-UO  10W  45Δ/H@10Δ,rko_basket,monthly,2023-04-30,1463499.4084508675,1297825.389152799,0.0
RKO-BASKET  Call-UO  10W  45Δ/H@10Δ,rko_basket,monthly,2023-05-31,1164826.4937590484,2462651.882911848,0.0
RKO-BASKET  Call-UO  10W  45Δ/H@10Δ,rko_basket,monthly,2023-06-30,2048336.121467057,4510988.004378905,0.0
RKO-BASKET  Call-UO  10W  45Δ/H@10Δ,rko_basket,monthly,2023-07-31,1425351.8367807365,5936339.841159639,0.0
RKO-BASKET  Call-UO  10W  45Δ/H@10Δ,rko_basket,monthly,2023-08-31,2460362.160345252,8396702.001504889,0.0
RKO-BASKET  Call-UO  10W  45Δ/H@10Δ,rko_basket,monthly,2023-09-30,5603476.467549502,14000178.469054392,0.0
RKO-BASKET  Call-UO  10W  45Δ/H@10Δ,rko_basket,monthly,2023-10-31,4793449.497588986,18793627.966643374,0.0
RKO-BASKET  Call-UO  10W  45Δ/H@10Δ,rko_basket,monthly,2023-11-30,22699.731265396724,18816327.69790877,-1053056.5400411189
RKO-BASKET  Call-UO  10W  45Δ/H@10Δ,rko_basket,monthly,2023-12-31,-1764132.9638669298,17052194.73404184,-2817189.5039080493
RKO-BASKET  Call-UO  10W  45Δ/H@10Δ,rko_basket,monthly,2024-01-31,-1767570.901664756,15284623.832377082,-4584760.405572807
RKO-BASKET  Call-UO  10W  45Δ/H@10Δ,rko_basket,monthly,2024-02-29,2046652.7481588563,17331276.580535937,-2538107.657413952
RKO-BASKET  Call-UO  10W  45Δ/H@10Δ,rko_basket,monthly,2024-03-31,4294016.184108311,21625292.764644247,0.0
RKO-BASKET  Call-UO  10W  45Δ/H@10Δ,rko_basket,monthly,2024-04-30,5396380.298512044,27021673.06315629,0.0
RKO-BASKET  Call-UO  10W  45Δ/H@10Δ,rko_basket,monthly,2024-05-31,1136134.6303927985,28157807.69354909,0.0
RKO-BASKET  Call-UO  10W  45Δ/H@10Δ,rko_basket,monthly,2024-06-30,594085.0138408679,28751892.70738996,-126748.51489187405
RKO-BASKET  Call-UO  10W  45Δ/H@10Δ,rko_basket,monthly,2024-07-31,1456518.1953364138,30208410.902726367,0.0
RKO-BASKET  Call-UO  10W  45Δ/H@10Δ,rko_basket,monthly,2024-08-31,-536079.3564230165,29672331.546303354,-973342.4337090291
RKO-BASKET  Call-UO  10W  45Δ/H@10Δ,rko_basket,monthly,2024-09-30,-1395830.7059660233,28276500.840337332,-2369173.139675051
RKO-BASKET  Call-UO  10W  45Δ/H@10Δ,rko_basket,monthly,2024-10-31,-1310690.7290748283,26965810.1112625,-3679863.868749883
RKO-BASKET  Call-UO  10W  45Δ/H@10Δ,rko_basket,monthly,2024-11-30,3787104.4774981956,30752914.5887607,0.0
RKO-BASKET  Call-UO  10W  45Δ/H@10Δ,rko_basket,monthly,2024-12-31,5011894.7848450495,35764809.37360574,0.0
RKO-BASKET  Call-UO  10W  45Δ/H@10Δ,rko_basket,monthly,2025-01-31,4625888.75909144,40390698.13269719,0.0
RKO-BASKET  Call-UO  10W  45Δ/H@10Δ,rko_basket,monthly,2025-02-28,-25092.23889343052,40365605.893803775,-744394.2992170602
RKO-BASKET  Call-UO  10W  45Δ/H@10Δ,rko_basket,monthly,2025-03-31,-1447378.1266350609,38918227.767168716,-2191772.42585212
RKO-BASKET  Call-UO  10W  45Δ/H@10Δ,rko_basket,monthly,2025-04-30,-761064.1407950255,38157163.6263737,-2952836.5666471347
RKO-BASKET  Call-UO  10W  45Δ/H@10Δ,rko_basket,monthly,2025-05-31,-2045732.5002994929,36111431.1260742,-4998569.066946633
RKO-BASKET  Call-UO  10W  45Δ/H@10Δ,rko_basket,monthly,2025-06-30,-2060409.5313444543,34051021.59472975,-7058978.598291084
RKO-BASKET  Call-UO  10W  45Δ/H@10Δ,rko_basket,monthly,2025-07-31,-2223734.183532378,31827287.41119737,-9282712.781823464
RKO-BASKET  Call-UO  10W  45Δ/H@10Δ,rko_basket,monthly,2025-08-31,2682879.725411255,34510167.13660863,-6599833.056412205
RKO-BASKET  Call-UO  10W  45Δ/H@10Δ,rko_basket,monthly,2025-09-30,6332720.7783491155,40842887.914957754,-267112.2780630812
RKO-BASKET  Call-UO  10W  45Δ/H@10Δ,rko_basket,monthly,2025-10-31,5598040.967611336,46440928.8825691,0.0
RKO-BASKET  Call-UO  10W  45Δ/H@10Δ,rko_basket,monthly,2025-11-30,4423482.28930807,50864411.17187716,0.0
RKO-BASKET  Call-UO  10W  45Δ/H@10Δ,rko_basket,monthly,2025-12-31,4127836.3542029955,54992247.526080154,0.0
RKO-BASKET  Call-UO  10W  45Δ/H@10Δ,rko_basket,monthly,2026-01-31,835859.8788207889,55828107.40490094,-485776.43358603865
RKO-BASKET  Call-UO  10W  45Δ/H@10Δ,rko_basket,monthly,2026-02-28,-1619311.6255600068,54208795.77934091,-2105088.059146069
RKO-BASKET  Call-UO  10W  45Δ/H@10Δ,rko_basket,monthly,2026-03-31,1058031.4400536644,55266827.219394565,-1047056.6190924123
RKO-BASKET  Call-UO  10W  45Δ/H@10Δ,rko_basket,monthly,2026-04-30,-844167.8102399476,54422659.40915463,-1891224.4293323457
RKO-BASKET  Call-UO  10W  45Δ/H@10Δ,rko_basket,monthly,2026-05-31,-472528.7133597281,53950130.69579491,-2363753.1426920667
RKO-BASKET  Call-UO  10W  45Δ/H@10Δ,rko_basket,annual,2023-12-31,17052194.734041847,17052194.73404184,-2817189.5039080493
RKO-BASKET  Call-UO  10W  45Δ/H@10Δ,rko_basket,annual,2024-12-31,18712614.639563914,35764809.37360574,0.0
RKO-BASKET  Call-UO  10W  45Δ/H@10Δ,rko_basket,annual,2025-12-31,19227438.15247437,54992247.526080154,0.0
RKO-BASKET  Call-UO  10W  45Δ/H@10Δ,rko_basket,annual,2026-12-31,-1042116.8302852293,53950130.69579491,-2363753.1426920667
RKO-BASKET  Call-UO  10W  45Δ/H@5Δ,rko_basket,monthly,2023-03-31,569383.2640637706,569383.2640637708,0.0
RKO-BASKET  Call-UO  10W  45Δ/H@5Δ,rko_basket,monthly,2023-04-30,3840876.8764413963,4410260.140505166,0.0
RKO-BASKET  Call-UO  10W  45Δ/H@5Δ,rko_basket,monthly,2023-05-31,1262015.7009107205,5672275.841415885,0.0
RKO-BASKET  Call-UO  10W  45Δ/H@5Δ,rko_basket,monthly,2023-06-30,4505488.534388439,10177764.375804324,0.0
RKO-BASKET  Call-UO  10W  45Δ/H@5Δ,rko_basket,monthly,2023-07-31,1444095.9385290898,11621860.314333415,0.0
RKO-BASKET  Call-UO  10W  45Δ/H@5Δ,rko_basket,monthly,2023-08-31,8876292.785622744,20498153.099956155,0.0
RKO-BASKET  Call-UO  10W  45Δ/H@5Δ,rko_basket,monthly,2023-09-30,8836846.825016106,29334999.92497225,0.0
RKO-BASKET  Call-UO  10W  45Δ/H@5Δ,rko_basket,monthly,2023-10-31,7117988.575194118,36452988.50016637,0.0
RKO-BASKET  Call-UO  10W  45Δ/H@5Δ,rko_basket,monthly,2023-11-30,-549600.5848033088,35903387.91536308,-1363872.622964114
RKO-BASKET  Call-UO  10W  45Δ/H@5Δ,rko_basket,monthly,2023-12-31,-2209884.50456419,33693503.410798885,-3573757.12752831
RKO-BASKET  Call-UO  10W  45Δ/H@5Δ,rko_basket,monthly,2024-01-31,-2101609.581583484,31591893.829215392,-5675366.709111802
RKO-BASKET  Call-UO  10W  45Δ/H@5Δ,rko_basket,monthly,2024-02-29,1484013.0136835803,33075906.84289898,-4191353.695428215
RKO-BASKET  Call-UO  10W  45Δ/H@5Δ,rko_basket,monthly,2024-03-31,4038088.9688830385,37113995.81178204,-153264.72654515505
RKO-BASKET  Call-UO  10W  45Δ/H@5Δ,rko_basket,monthly,2024-04-30,6219974.117684377,43333969.92946641,0.0
RKO-BASKET  Call-UO  10W  45Δ/H@5Δ,rko_basket,monthly,2024-05-31,4314618.635046583,47648588.564513,0.0
RKO-BASKET  Call-UO  10W  45Δ/H@5Δ,rko_basket,monthly,2024-06-30,436089.18181960506,48084677.74633261,-164770.5392935425
RKO-BASKET  Call-UO  10W  45Δ/H@5Δ,rko_basket,monthly,2024-07-31,1221722.174311726,49306399.920644335,0.0
RKO-BASKET  Call-UO  10W  45Δ/H@5Δ,rko_basket,monthly,2024-08-31,-779774.2013737229,48526625.7192706,-1162050.734747678
RKO-BASKET  Call-UO  10W  45Δ/H@5Δ,rko_basket,monthly,2024-09-30,-1679182.745412651,46847442.97385795,-2841233.480160333
RKO-BASKET  Call-UO  10W  45Δ/H@5Δ,rko_basket,monthly,2024-10-31,-2010818.7576674332,44836624.216190524,-4852052.2378277555
RKO-BASKET  Call-UO  10W  45Δ/H@5Δ,rko_basket,monthly,2024-11-30,5654942.9888612,50491567.20505172,0.0
RKO-BASKET  Call-UO  10W  45Δ/H@5Δ,rko_basket,monthly,2024-12-31,8752401.393087342,59243968.59813906,0.0
RKO-BASKET  Call-UO  10W  45Δ/H@5Δ,rko_basket,monthly,2025-01-31,8833098.265162246,68077066.8633013,-183862.3893340081
RKO-BASKET  Call-UO  10W  45Δ/H@5Δ,rko_basket,monthly,2025-02-28,-649963.0464410691,67427103.81686023,-1120161.3871545792
RKO-BASKET  Call-UO  10W  45Δ/H@5Δ,rko_basket,monthly,2025-03-31,-2156505.1823607073,65270598.63449953,-3276666.5695152804
RKO-BASKET  Call-UO  10W  45Δ/H@5Δ,rko_basket,monthly,2025-04-30,-1418299.164581674,63852299.46991785,-4694965.734096959
RKO-BASKET  Call-UO  10W  45Δ/H@5Δ,rko_basket,monthly,2025-05-31,-2654728.774606061,61197570.69531178,-7349694.508703031
RKO-BASKET  Call-UO  10W  45Δ/H@5Δ,rko_basket,monthly,2025-06-30,-2736284.1353913997,58461286.55992036,-10085978.644094445
RKO-BASKET  Call-UO  10W  45Δ/H@5Δ,rko_basket,monthly,2025-07-31,-3517870.505186835,54943416.05473354,-13603849.14928127
RKO-BASKET  Call-UO  10W  45Δ/H@5Δ,rko_basket,monthly,2025-08-31,1586337.5324084437,56529753.58714198,-12017511.616872825
RKO-BASKET  Call-UO  10W  45Δ/H@5Δ,rko_basket,monthly,2025-09-30,9190867.1147862,65720620.70192819,-2826644.502086617
RKO-BASKET  Call-UO  10W  45Δ/H@5Δ,rko_basket,monthly,2025-10-31,4648939.755816165,70369560.45774435,0.0
RKO-BASKET  Call-UO  10W  45Δ/H@5Δ,rko_basket,monthly,2025-11-30,5164935.197356765,75534495.65510112,0.0
RKO-BASKET  Call-UO  10W  45Δ/H@5Δ,rko_basket,monthly,2025-12-31,4234806.586948707,79769302.24204983,0.0
RKO-BASKET  Call-UO  10W  45Δ/H@5Δ,rko_basket,monthly,2026-01-31,1668292.0315826377,81437594.27363244,-457046.557527259
RKO-BASKET  Call-UO  10W  45Δ/H@5Δ,rko_basket,monthly,2026-02-28,-1702837.5048291057,79734756.76880331,-2159884.0623563826
RKO-BASKET  Call-UO  10W  45Δ/H@5Δ,rko_basket,monthly,2026-03-31,885133.1770702446,80619889.94587359,-1274750.8852861077
RKO-BASKET  Call-UO  10W  45Δ/H@5Δ,rko_basket,monthly,2026-04-30,479619.5408284324,81099509.48670201,-795131.344457686
RKO-BASKET  Call-UO  10W  45Δ/H@5Δ,rko_basket,monthly,2026-05-31,-186339.4933204631,80913169.99338154,-981470.837778151
RKO-BASKET  Call-UO  10W  45Δ/H@5Δ,rko_basket,annual,2023-12-31,33693503.410798885,33693503.410798885,-3573757.12752831
RKO-BASKET  Call-UO  10W  45Δ/H@5Δ,rko_basket,annual,2024-12-31,25550465.187340163,59243968.59813906,0.0
RKO-BASKET  Call-UO  10W  45Δ/H@5Δ,rko_basket,annual,2025-12-31,20525333.64391078,79769302.24204983,0.0
RKO-BASKET  Call-UO  10W  45Δ/H@5Δ,rko_basket,annual,2026-12-31,1143867.7513317459,80913169.99338154,-981470.837778151
RKO-BASKET  Call-UO  10W  40Δ/H@20Δ,rko_basket,monthly,2023-03-31,-299254.10269659676,-299254.10269659676,-275184.9174275903
RKO-BASKET  Call-UO  10W  40Δ/H@20Δ,rko_basket,monthly,2023-04-30,-22952.60824643352,-322206.71094303025,-298137.5256740238
RKO-BASKET  Call-UO  10W  40Δ/H@20Δ,rko_basket,monthly,2023-05-31,88099.46297156201,-234107.2479714682,-210038.06270246173
RKO-BASKET  Call-UO  10W  40Δ/H@20Δ,rko_basket,monthly,2023-06-30,464823.07814055623,230715.83016908797,0.0
RKO-BASKET  Call-UO  10W  40Δ/H@20Δ,rko_basket,monthly,2023-07-31,465408.37186717225,696124.2020362603,-82421.60056519508
RKO-BASKET  Call-UO  10W  40Δ/H@20Δ,rko_basket,monthly,2023-08-31,-327894.21331987495,368229.9887163853,-410315.81388507003
RKO-BASKET  Call-UO  10W  40Δ/H@20Δ,rko_basket,monthly,2023-09-30,1274304.443715573,1642534.4324319586,0.0
RKO-BASKET  Call-UO  10W  40Δ/H@20Δ,rko_basket,monthly,2023-10-31,1240134.0685299716,2882668.5009619296,0.0
RKO-BASKET  Call-UO  10W  40Δ/H@20Δ,rko_basket,monthly,2023-11-30,322906.15513394476,3205574.656095874,-316368.74704185594
RKO-BASKET  Call-UO  10W  40Δ/H@20Δ,rko_basket,monthly,2023-12-31,-536530.324146803,2669044.3319490706,-852899.0711886594
RKO-BASKET  Call-UO  10W  40Δ/H@20Δ,rko_basket,monthly,2024-01-31,-491611.13290877466,2177433.199040295,-1344510.2040974349
RKO-BASKET  Call-UO  10W  40Δ/H@20Δ,rko_basket,monthly,2024-02-29,923742.346237307,3101175.5452776025,-420767.85786012746
RKO-BASKET  Call-UO  10W  40Δ/H@20Δ,rko_basket,monthly,2024-03-31,2022515.791050064,5123691.3363276655,0.0
RKO-BASKET  Call-UO  10W  40Δ/H@20Δ,rko_basket,monthly,2024-04-30,805217.8355084606,5928909.171836126,-65157.06534540467
RKO-BASKET  Call-UO  10W  40Δ/H@20Δ,rko_basket,monthly,2024-05-31,-225018.20860695312,5703890.963229173,-290175.2739523575
RKO-BASKET  Call-UO  10W  40Δ/H@20Δ,rko_basket,monthly,2024-06-30,83250.19874160277,5787141.1619707765,-206925.07521075383
RKO-BASKET  Call-UO  10W  40Δ/H@20Δ,rko_basket,monthly,2024-07-31,532378.0719325894,6319519.233903366,0.0
RKO-BASKET  Call-UO  10W  40Δ/H@20Δ,rko_basket,monthly,2024-08-31,-227903.71937688568,6091615.514526479,-283998.1565693021
RKO-BASKET  Call-UO  10W  40Δ/H@20Δ,rko_basket,monthly,2024-09-30,-425398.788156467,5666216.726370012,-709396.9447257686
RKO-BASKET  Call-UO  10W  40Δ/H@20Δ,rko_basket,monthly,2024-10-31,-297642.1614378085,5368574.564932206,-1007039.1061635753
RKO-BASKET  Call-UO  10W  40Δ/H@20Δ,rko_basket,monthly,2024-11-30,447637.4572714325,5816212.02220364,-559401.648892141
RKO-BASKET  Call-UO  10W  40Δ/H@20Δ,rko_basket,monthly,2024-12-31,1007827.1845735643,6824039.206777204,0.0
RKO-BASKET  Call-UO  10W  40Δ/H@20Δ,rko_basket,monthly,2025-01-31,338790.3404138314,7162829.547191034,-310608.39162170887
RKO-BASKET  Call-UO  10W  40Δ/H@20Δ,rko_basket,monthly,2025-02-28,-36049.61750278118,7126779.9296882525,-346658.00912449043
RKO-BASKET  Call-UO  10W  40Δ/H@20Δ,rko_basket,monthly,2025-03-31,-577587.2370217959,6549192.692666457,-924245.2461462859
RKO-BASKET  Call-UO  10W  40Δ/H@20Δ,rko_basket,monthly,2025-04-30,-403751.2419617792,6145441.450704678,-1327996.488108065
RKO-BASKET  Call-UO  10W  40Δ/H@20Δ,rko_basket,monthly,2025-05-31,-570888.3505214051,5574553.100183274,-1898884.8386294693
RKO-BASKET  Call-UO  10W  40Δ/H@20Δ,rko_basket,monthly,2025-06-30,-566136.7258674849,5008416.374315789,-2465021.564496954
RKO-BASKET  Call-UO  10W  40Δ/H@20Δ,rko_basket,monthly,2025-07-31,-364176.62505138764,4644239.749264401,-2829198.1895483416
RKO-BASKET  Call-UO  10W  40Δ/H@20Δ,rko_basket,monthly,2025-08-31,534881.4450715912,5179121.194335992,-2294316.7444767505
RKO-BASKET  Call-UO  10W  40Δ/H@20Δ,rko_basket,monthly,2025-09-30,-123974.40132713696,5055146.793008855,-2418291.1458038883
RKO-BASKET  Call-UO  10W  40Δ/H@20Δ,rko_basket,monthly,2025-10-31,2494038.5465498967,7549185.339558751,0.0
RKO-BASKET  Call-UO  10W  40Δ/H@20Δ,rko_basket,monthly,2025-11-30,984012.3542272309,8533197.693785982,0.0
RKO-BASKET  Call-UO  10W  40Δ/H@20Δ,rko_basket,monthly,2025-12-31,-201494.60356055474,8331703.09022543,-305858.6160165146
RKO-BASKET  Call-UO  10W  40Δ/H@20Δ,rko_basket,monthly,2026-01-31,255104.9298048254,8586808.020030254,-124806.39956009202
RKO-BASKET  Call-UO  10W  40Δ/H@20Δ,rko_basket,monthly,2026-02-28,-464543.38753415743,8122264.632496099,-589349.7870942475
RKO-BASKET  Call-UO  10W  40Δ/H@20Δ,rko_basket,monthly,2026-03-31,270643.24635930837,8392907.878855407,-318706.5407349393
RKO-BASKET  Call-UO  10W  40Δ/H@20Δ,rko_basket,monthly,2026-04-30,-242910.80984008513,8149997.069015325,-561617.3505750215
RKO-BASKET  Call-UO  10W  40Δ/H@20Δ,rko_basket,monthly,2026-05-31,-146712.20986587068,8003284.859149453,-708329.5604408933
RKO-BASKET  Call-UO  10W  40Δ/H@20Δ,rko_basket,annual,2023-12-31,2669044.3319490715,2669044.3319490706,-852899.0711886594
RKO-BASKET  Call-UO  10W  40Δ/H@20Δ,rko_basket,annual,2024-12-31,4154994.8748281314,6824039.206777204,0.0
RKO-BASKET  Call-UO  10W  40Δ/H@20Δ,rko_basket,annual,2025-12-31,1507663.8834482245,8331703.09022543,-305858.6160165146
RKO-BASKET  Call-UO  10W  40Δ/H@20Δ,rko_basket,annual,2026-12-31,-328418.2310759795,8003284.859149453,-708329.5604408933
RKO-BASKET  Call-UO  10W  40Δ/H@15Δ,rko_basket,monthly,2023-03-31,-600346.6403708477,-600346.6403708477,-561578.8436070177
RKO-BASKET  Call-UO  10W  40Δ/H@15Δ,rko_basket,monthly,2023-04-30,337112.86483512423,-263233.77553572337,-224465.9787718934
RKO-BASKET  Call-UO  10W  40Δ/H@15Δ,rko_basket,monthly,2023-05-31,-261525.43887011672,-524759.2144058401,-485991.4176420102
RKO-BASKET  Call-UO  10W  40Δ/H@15Δ,rko_basket,monthly,2023-06-30,1396382.2330412015,871623.0186353613,0.0
RKO-BASKET  Call-UO  10W  40Δ/H@15Δ,rko_basket,monthly,2023-07-31,1211675.412244351,2083298.430879713,-44143.38064238895
RKO-BASKET  Call-UO  10W  40Δ/H@15Δ,rko_basket,monthly,2023-08-31,56597.69672383854,2139896.127603552,-84650.32263248228
RKO-BASKET  Call-UO  10W  40Δ/H@15Δ,rko_basket,monthly,2023-09-30,1995459.1332600736,4135355.2608636264,0.0
RKO-BASKET  Call-UO  10W  40Δ/H@15Δ,rko_basket,monthly,2023-10-31,1801796.663165952,5937151.924029578,0.0
RKO-BASKET  Call-UO  10W  40Δ/H@15Δ,rko_basket,monthly,2023-11-30,79776.06763947007,6016927.991669048,-523450.72136487346
RKO-BASKET  Call-UO  10W  40Δ/H@15Δ,rko_basket,monthly,2023-12-31,-881110.352188506,5135817.639480542,-1404561.0735533787
RKO-BASKET  Call-UO  10W  40Δ/H@15Δ,rko_basket,monthly,2024-01-31,-894694.8847104968,4241122.754770047,-2299255.958263874
RKO-BASKET  Call-UO  10W  40Δ/H@15Δ,rko_basket,monthly,2024-02-29,1512420.4864920788,5753543.241262126,-786835.4717717953
RKO-BASKET  Call-UO  10W  40Δ/H@15Δ,rko_basket,monthly,2024-03-31,3111159.5092567513,8864702.750518877,0.0
RKO-BASKET  Call-UO  10W  40Δ/H@15Δ,rko_basket,monthly,2024-04-30,2811371.295548165,11676074.046067039,0.0
RKO-BASKET  Call-UO  10W  40Δ/H@15Δ,rko_basket,monthly,2024-05-31,-222906.93831543397,11453167.107751606,-253730.63223507442
RKO-BASKET  Call-UO  10W  40Δ/H@15Δ,rko_basket,monthly,2024-06-30,115678.40612152581,11568845.513873138,-138052.2261135429
RKO-BASKET  Call-UO  10W  40Δ/H@15Δ,rko_basket,monthly,2024-07-31,871571.6806111109,12440417.194484249,0.0
RKO-BASKET  Call-UO  10W  40Δ/H@15Δ,rko_basket,monthly,2024-08-31,-148388.04373590718,12292029.15074834,-541740.7592405956
RKO-BASKET  Call-UO  10W  40Δ/H@15Δ,rko_basket,monthly,2024-09-30,-749112.617036833,11542916.533711504,-1290853.3762774318
RKO-BASKET  Call-UO  10W  40Δ/H@15Δ,rko_basket,monthly,2024-10-31,-486146.6218643433,11056769.911847163,-1776999.998141773
RKO-BASKET  Call-UO  10W  40Δ/H@15Δ,rko_basket,monthly,2024-11-30,833798.9069025414,11890568.818749705,-943201.0912392307
RKO-BASKET  Call-UO  10W  40Δ/H@15Δ,rko_basket,monthly,2024-12-31,2499472.1707763877,14390040.989526095,0.0
RKO-BASKET  Call-UO  10W  40Δ/H@15Δ,rko_basket,monthly,2025-01-31,1407378.1126656,15797419.102191694,-182983.40329598635
RKO-BASKET  Call-UO  10W  40Δ/H@15Δ,rko_basket,monthly,2025-02-28,-223629.37318568202,15573789.72900601,-480722.8594800588
RKO-BASKET  Call-UO  10W  40Δ/H@15Δ,rko_basket,monthly,2025-03-31,-1037287.7526459018,14536501.976360103,-1518010.6121259648
RKO-BASKET  Call-UO  10W  40Δ/H@15Δ,rko_basket,monthly,2025-04-30,-401865.8928059746,14134636.083554126,-1919876.5049319416
RKO-BASKET  Call-UO  10W  40Δ/H@15Δ,rko_basket,monthly,2025-05-31,-970623.642579329,13164012.440974796,-2890500.1475112718
RKO-BASKET  Call-UO  10W  40Δ/H@15Δ,rko_basket,monthly,2025-06-30,-979431.5655855219,12184580.875389278,-3869931.71309679
RKO-BASKET  Call-UO  10W  40Δ/H@15Δ,rko_basket,monthly,2025-07-31,-862489.2556695896,11322091.619719692,-4732420.968766376
RKO-BASKET  Call-UO  10W  40Δ/H@15Δ,rko_basket,monthly,2025-08-31,1586953.9029942548,12909045.522713946,-3145467.065772122
RKO-BASKET  Call-UO  10W  40Δ/H@15Δ,rko_basket,monthly,2025-09-30,1304186.8666914974,14213232.389405439,-1841280.1990806293
RKO-BASKET  Call-UO  10W  40Δ/H@15Δ,rko_basket,monthly,2025-10-31,3307507.867075883,17520740.256481323,0.0
RKO-BASKET  Call-UO  10W  40Δ/H@15Δ,rko_basket,monthly,2025-11-30,1158926.4976549072,18679666.754136235,0.0
RKO-BASKET  Call-UO  10W  40Δ/H@15Δ,rko_basket,monthly,2025-12-31,1405144.5123924415,20084811.266528666,0.0
RKO-BASKET  Call-UO  10W  40Δ/H@15Δ,rko_basket,monthly,2026-01-31,1119322.9638381635,21204134.230366826,-248800.3307854794
RKO-BASKET  Call-UO  10W  40Δ/H@15Δ,rko_basket,monthly,2026-02-28,-879102.3595157189,20325031.870851107,-1127902.6903011985
RKO-BASKET  Call-UO  10W  40Δ/H@15Δ,rko_basket,monthly,2026-03-31,195700.63711648135,20520732.507967576,-932202.0531847291
RKO-BASKET  Call-UO  10W  40Δ/H@15Δ,rko_basket,monthly,2026-04-30,-503314.2280706388,20017418.27989693,-1435516.2812553756
RKO-BASKET  Call-UO  10W  40Δ/H@15Δ,rko_basket,monthly,2026-05-31,-254415.23791112378,19763003.041985806,-1689931.5191664994
RKO-BASKET  Call-UO  10W  40Δ/H@15Δ,rko_basket,annual,2023-12-31,5135817.6394805405,5135817.639480542,-1404561.0735533787
RKO-BASKET  Call-UO  10W  40Δ/H@15Δ,rko_basket,annual,2024-12-31,9254223.350045547,14390040.989526095,0.0
RKO-BASKET  Call-UO  10W  40Δ/H@15Δ,rko_basket,annual,2025-12-31,5694770.277002585,20084811.266528666,0.0
RKO-BASKET  Call-UO  10W  40Δ/H@15Δ,rko_basket,annual,2026-12-31,-321808.22454283666,19763003.041985806,-1689931.5191664994
RKO-BASKET  Call-UO  10W  40Δ/H@10Δ,rko_basket,monthly,2023-03-31,-422797.11677211843,-422797.11677211843,-369156.75695348904
RKO-BASKET  Call-UO  10W  40Δ/H@10Δ,rko_basket,monthly,2023-04-30,745986.8919584907,323189.77518637205,0.0
RKO-BASKET  Call-UO  10W  40Δ/H@10Δ,rko_basket,monthly,2023-05-31,713348.5605344427,1036538.3357208146,0.0
RKO-BASKET  Call-UO  10W  40Δ/H@10Δ,rko_basket,monthly,2023-06-30,1251565.6859932279,2288104.0217140424,0.0
RKO-BASKET  Call-UO  10W  40Δ/H@10Δ,rko_basket,monthly,2023-07-31,1023346.8262188487,3311450.847932891,0.0
RKO-BASKET  Call-UO  10W  40Δ/H@10Δ,rko_basket,monthly,2023-08-31,1979367.2189694452,5290818.066902336,0.0
RKO-BASKET  Call-UO  10W  40Δ/H@10Δ,rko_basket,monthly,2023-09-30,4452528.683225995,9743346.750128333,0.0
RKO-BASKET  Call-UO  10W  40Δ/H@10Δ,rko_basket,monthly,2023-10-31,3630520.77135503,13373867.521483364,0.0
RKO-BASKET  Call-UO  10W  40Δ/H@10Δ,rko_basket,monthly,2023-11-30,-300559.92586746416,13073307.5956159,-774576.2074832357
RKO-BASKET  Call-UO  10W  40Δ/H@10Δ,rko_basket,monthly,2023-12-31,-1285292.4875261649,11788015.108089736,-2059868.6950093992
RKO-BASKET  Call-UO  10W  40Δ/H@10Δ,rko_basket,monthly,2024-01-31,-1337326.3102917734,10450688.797797967,-3397195.005301168
RKO-BASKET  Call-UO  10W  40Δ/H@10Δ,rko_basket,monthly,2024-02-29,1321493.9777150638,11772182.775513032,-2075701.0275861025
RKO-BASKET  Call-UO  10W  40Δ/H@10Δ,rko_basket,monthly,2024-03-31,3050605.460019163,14822788.235532194,0.0
RKO-BASKET  Call-UO  10W  40Δ/H@10Δ,rko_basket,monthly,2024-04-30,4377230.5748236,19200018.810355794,0.0
RKO-BASKET  Call-UO  10W  40Δ/H@10Δ,rko_basket,monthly,2024-05-31,795503.1854311092,19995521.995786905,0.0
RKO-BASKET  Call-UO  10W  40Δ/H@10Δ,rko_basket,monthly,2024-06-30,16989.45427649805,20012511.450063415,-159183.10141645744
RKO-BASKET  Call-UO  10W  40Δ/H@10Δ,rko_basket,monthly,2024-07-31,1026532.3046499139,21039043.754713323,0.0
RKO-BASKET  Call-UO  10W  40Δ/H@10Δ,rko_basket,monthly,2024-08-31,-507764.3099048943,20531279.444808427,-815085.4295790121
RKO-BASKET  Call-UO  10W  40Δ/H@10Δ,rko_basket,monthly,2024-09-30,-1111194.5642444987,19420084.880563926,-1926279.9938235134
RKO-BASKET  Call-UO  10W  40Δ/H@10Δ,rko_basket,monthly,2024-10-31,-1046091.5313084029,18373993.34925552,-2972371.5251319185
RKO-BASKET  Call-UO  10W  40Δ/H@10Δ,rko_basket,monthly,2024-11-30,2814253.4278065185,21188246.777062044,-158118.0973253958
RKO-BASKET  Call-UO  10W  40Δ/H@10Δ,rko_basket,monthly,2024-12-31,4012404.175574514,25200650.952636555,0.0
RKO-BASKET  Call-UO  10W  40Δ/H@10Δ,rko_basket,monthly,2025-01-31,3521877.339239293,28722528.291875847,-261499.638172701
RKO-BASKET  Call-UO  10W  40Δ/H@10Δ,rko_basket,monthly,2025-02-28,-679145.7408556964,28043382.551020153,-940645.3790283948
RKO-BASKET  Call-UO  10W  40Δ/H@10Δ,rko_basket,monthly,2025-03-31,-1219960.2889133147,26823422.262106836,-2160605.667941712
RKO-BASKET  Call-UO  10W  40Δ/H@10Δ,rko_basket,monthly,2025-04-30,-782236.3724831848,26041185.889623653,-2942842.0404248945
RKO-BASKET  Call-UO  10W  40Δ/H@10Δ,rko_basket,monthly,2025-05-31,-1494860.5373757824,24546325.352247875,-4437702.5778006725
RKO-BASKET  Call-UO  10W  40Δ/H@10Δ,rko_basket,monthly,2025-06-30,-1515591.4476210747,23030733.9046268,-5953294.025421746
RKO-BASKET  Call-UO  10W  40Δ/H@10Δ,rko_basket,monthly,2025-07-31,-1847982.6209042033,21182751.283722594,-7801276.646325953
RKO-BASKET  Call-UO  10W  40Δ/H@10Δ,rko_basket,monthly,2025-08-31,1930803.0940626045,23113554.3777852,-5870473.552263349
RKO-BASKET  Call-UO  10W  40Δ/H@10Δ,rko_basket,monthly,2025-09-30,5282010.661854422,28395565.039639622,-588462.8904089257
RKO-BASKET  Call-UO  10W  40Δ/H@10Δ,rko_basket,monthly,2025-10-31,4281937.070446017,32677502.110085636,0.0
RKO-BASKET  Call-UO  10W  40Δ/H@10Δ,rko_basket,monthly,2025-11-30,3432252.009063263,36109754.119148895,0.0
RKO-BASKET  Call-UO  10W  40Δ/H@10Δ,rko_basket,monthly,2025-12-31,3481813.2448874013,39591567.36403629,0.0
RKO-BASKET  Call-UO  10W  40Δ/H@10Δ,rko_basket,monthly,2026-01-31,729631.2916567366,40321198.65569304,-431574.58575632423
RKO-BASKET  Call-UO  10W  40Δ/H@10Δ,rko_basket,monthly,2026-02-28,-1449628.9269514577,38871569.72874158,-1881203.5127077848
RKO-BASKET  Call-UO  10W  40Δ/H@10Δ,rko_basket,monthly,2026-03-31,577545.676645993,39449115.405387565,-1303657.836061798
RKO-BASKET  Call-UO  10W  40Δ/H@10Δ,rko_basket,monthly,2026-04-30,-797196.4407035108,38651918.964684054,-2100854.2767653093
RKO-BASKET  Call-UO  10W  40Δ/H@10Δ,rko_basket,monthly,2026-05-31,-393955.7188189924,38257963.24586506,-2494809.9955843017
RKO-BASKET  Call-UO  10W  40Δ/H@10Δ,rko_basket,annual,2023-12-31,11788015.108089734,11788015.108089736,-2059868.6950093992
RKO-BASKET  Call-UO  10W  40Δ/H@10Δ,rko_basket,annual,2024-12-31,13412635.844546812,25200650.952636555,0.0
RKO-BASKET  Call-UO  10W  40Δ/H@10Δ,rko_basket,annual,2025-12-31,14390916.411399744,39591567.36403629,0.0
RKO-BASKET  Call-UO  10W  40Δ/H@10Δ,rko_basket,annual,2026-12-31,-1333604.1181712311,38257963.24586506,-2494809.9955843017
RKO-BASKET  Call-UO  10W  40Δ/H@5Δ,rko_basket,monthly,2023-03-31,147915.37467827532,147915.37467827537,0.0
RKO-BASKET  Call-UO  10W  40Δ/H@5Δ,rko_basket,monthly,2023-04-30,2603744.7641657097,2751660.1388439857,-20857.19758996507
RKO-BASKET  Call-UO  10W  40Δ/H@5Δ,rko_basket,monthly,2023-05-31,837877.5227784478,3589537.661622433,0.0
RKO-BASKET  Call-UO  10W  40Δ/H@5Δ,rko_basket,monthly,2023-06-30,3498757.5284982333,7088295.190120666,0.0
RKO-BASKET  Call-UO  10W  40Δ/H@5Δ,rko_basket,monthly,2023-07-31,1031120.3753040467,8119415.565424714,0.0
RKO-BASKET  Call-UO  10W  40Δ/H@5Δ,rko_basket,monthly,2023-08-31,7681648.183325836,15801063.748750553,0.0
RKO-BASKET  Call-UO  10W  40Δ/H@5Δ,rko_basket,monthly,2023-09-30,7358809.1323292265,23159872.881079786,0.0
RKO-BASKET  Call-UO  10W  40Δ/H@5Δ,rko_basket,monthly,2023-10-31,5682098.629544867,28841971.51062466,0.0
RKO-BASKET  Call-UO  10W  40Δ/H@5Δ,rko_basket,monthly,2023-11-30,-783508.8907513176,28058462.61987335,-1051252.524492614
RKO-BASKET  Call-UO  10W  40Δ/H@5Δ,rko_basket,monthly,2023-12-31,-1660913.2494694188,26397549.370403927,-2712165.773962036
RKO-BASKET  Call-UO  10W  40Δ/H@5Δ,rko_basket,monthly,2024-01-31,-1621275.7754743146,24776273.594929613,-4333441.549436349
RKO-BASKET  Call-UO  10W  40Δ/H@5Δ,rko_basket,monthly,2024-02-29,839611.1985103888,25615884.793439995,-3493830.350925967
RKO-BASKET  Call-UO  10W  40Δ/H@5Δ,rko_basket,monthly,2024-03-31,2798896.50382052,28414781.297260515,-694933.8471054472
RKO-BASKET  Call-UO  10W  40Δ/H@5Δ,rko_basket,monthly,2024-04-30,5138266.2183163045,33553047.51557682,0.0
RKO-BASKET  Call-UO  10W  40Δ/H@5Δ,rko_basket,monthly,2024-05-31,3473423.2410332575,37026470.75661007,0.0
RKO-BASKET  Call-UO  10W  40Δ/H@5Δ,rko_basket,monthly,2024-06-30,-116314.28088820001,36910156.47572188,-201503.91855160892
RKO-BASKET  Call-UO  10W  40Δ/H@5Δ,rko_basket,monthly,2024-07-31,806806.0617702745,37716962.53749214,0.0
RKO-BASKET  Call-UO  10W  40Δ/H@5Δ,rko_basket,monthly,2024-08-31,-748149.9552963591,36968812.58219578,-1003649.3782171458
RKO-BASKET  Call-UO  10W  40Δ/H@5Δ,rko_basket,monthly,2024-09-30,-1385908.8651877167,35582903.71700807,-2389558.243404858
RKO-BASKET  Call-UO  10W  40Δ/H@5Δ,rko_basket,monthly,2024-10-31,-1676260.5439075353,33906643.17310054,-4065818.7873123884
RKO-BASKET  Call-UO  10W  40Δ/H@5Δ,rko_basket,monthly,2024-11-30,4494980.640135405,38401623.81323595,0.0
RKO-BASKET  Call-UO  10W  40Δ/H@5Δ,rko_basket,monthly,2024-12-31,7416527.765071089,45818151.57830705,0.0
RKO-BASKET  Call-UO  10W  40Δ/H@5Δ,rko_basket,monthly,2025-01-31,7319584.472522573,53137736.05082962,-479848.67436490953
RKO-BASKET  Call-UO  10W  40Δ/H@5Δ,rko_basket,monthly,2025-02-28,-1213726.332542255,51924009.71828737,-1693575.0069071576
RKO-BASKET  Call-UO  10W  40Δ/H@5Δ,rko_basket,monthly,2025-03-31,-1836417.4331815392,50087592.28510583,-3529992.440088697
RKO-BASKET  Call-UO  10W  40Δ/H@5Δ,rko_basket,monthly,2025-04-30,-1340755.6653517717,48746836.61975405,-4870748.105440475
RKO-BASKET  Call-UO  10W  40Δ/H@5Δ,rko_basket,monthly,2025-05-31,-2033061.616158287,46713775.00359577,-6903809.721598759
RKO-BASKET  Call-UO  10W  40Δ/H@5Δ,rko_basket,monthly,2025-06-30,-2092336.55664004,44621438.446955726,-8996146.278238803
RKO-BASKET  Call-UO  10W  40Δ/H@5Δ,rko_basket,monthly,2025-07-31,-2968873.957454517,41652564.4895012,-11965020.235693328
RKO-BASKET  Call-UO  10W  40Δ/H@5Δ,rko_basket,monthly,2025-08-31,972970.5220393097,42625535.01154051,-10992049.713654019
RKO-BASKET  Call-UO  10W  40Δ/H@5Δ,rko_basket,monthly,2025-09-30,7773808.280266035,50399343.29180656,-3218241.4333879724
RKO-BASKET  Call-UO  10W  40Δ/H@5Δ,rko_basket,monthly,2025-10-31,3457970.2347726524,53857313.52657919,0.0
RKO-BASKET  Call-UO  10W  40Δ/H@5Δ,rko_basket,monthly,2025-11-30,4094248.7253803243,57951562.25195952,0.0
RKO-BASKET  Call-UO  10W  40Δ/H@5Δ,rko_basket,monthly,2025-12-31,3536155.912493724,61487718.16445325,0.0
RKO-BASKET  Call-UO  10W  40Δ/H@5Δ,rko_basket,monthly,2026-01-31,1436010.1658099038,62923728.33026315,-408215.8890237585
RKO-BASKET  Call-UO  10W  40Δ/H@5Δ,rko_basket,monthly,2026-02-28,-1588390.0692710984,61335338.26099205,-1996605.958294861
RKO-BASKET  Call-UO  10W  40Δ/H@5Δ,rko_basket,monthly,2026-03-31,441390.24557140114,61776728.50656345,-1555215.7127234638
RKO-BASKET  Call-UO  10W  40Δ/H@5Δ,rko_basket,monthly,2026-04-30,182916.37531294435,61959644.88187637,-1372299.3374105394
RKO-BASKET  Call-UO  10W  40Δ/H@5Δ,rko_basket,monthly,2026-05-31,-229587.0424368289,61730057.83943955,-1601886.3798473626
RKO-BASKET  Call-UO  10W  40Δ/H@5Δ,rko_basket,annual,2023-12-31,26397549.370403904,26397549.370403927,-2712165.773962036
RKO-BASKET  Call-UO  10W  40Δ/H@5Δ,rko_basket,annual,2024-12-31,19420602.207903113,45818151.57830705,0.0
RKO-BASKET  Call-UO  10W  40Δ/H@5Δ,rko_basket,annual,2025-12-31,15669566.58614621,61487718.16445325,0.0
RKO-BASKET  Call-UO  10W  40Δ/H@5Δ,rko_basket,annual,2026-12-31,242339.67498632212,61730057.83943955,-1601886.3798473626
RKO-BASKET  Call-UO  10W  35Δ/H@20Δ,rko_basket,monthly,2023-03-31,-278244.62105904904,-278244.6210590491,-263648.33269106323
RKO-BASKET  Call-UO  10W  35Δ/H@20Δ,rko_basket,monthly,2023-04-30,-147967.20039391087,-426211.82145295996,-411615.5330849741
RKO-BASKET  Call-UO  10W  35Δ/H@20Δ,rko_basket,monthly,2023-05-31,-122465.06677320282,-548676.8882261629,-534080.599858177
RKO-BASKET  Call-UO  10W  35Δ/H@20Δ,rko_basket,monthly,2023-06-30,128773.89512304035,-419902.99310312275,-405306.7047351369
RKO-BASKET  Call-UO  10W  35Δ/H@20Δ,rko_basket,monthly,2023-07-31,273736.8620353344,-146166.13106778837,-131569.84269980254
RKO-BASKET  Call-UO  10W  35Δ/H@20Δ,rko_basket,monthly,2023-08-31,-316214.38184483524,-462380.51291262364,-447784.2245446378
RKO-BASKET  Call-UO  10W  35Δ/H@20Δ,rko_basket,monthly,2023-09-30,703276.6154850526,240896.10257242894,0.0
RKO-BASKET  Call-UO  10W  35Δ/H@20Δ,rko_basket,monthly,2023-10-31,580758.367949947,821654.4705223761,0.0
RKO-BASKET  Call-UO  10W  35Δ/H@20Δ,rko_basket,monthly,2023-11-30,56204.949145263214,877859.4196676393,-199838.62628649944
RKO-BASKET  Call-UO  10W  35Δ/H@20Δ,rko_basket,monthly,2023-12-31,-339246.9340143962,538612.4856532431,-539085.5603008956
RKO-BASKET  Call-UO  10W  35Δ/H@20Δ,rko_basket,monthly,2024-01-31,-347595.69295507146,191016.7926981717,-886681.253255967
RKO-BASKET  Call-UO  10W  35Δ/H@20Δ,rko_basket,monthly,2024-02-29,460825.0297173485,651841.8224155203,-425856.2235386184
RKO-BASKET  Call-UO  10W  35Δ/H@20Δ,rko_basket,monthly,2024-03-31,1063009.7734450402,1714851.5958605607,0.0
RKO-BASKET  Call-UO  10W  35Δ/H@20Δ,rko_basket,monthly,2024-04-30,462430.98491610104,2177282.580776662,-43497.04039251013
RKO-BASKET  Call-UO  10W  35Δ/H@20Δ,rko_basket,monthly,2024-05-31,-212033.52116646315,1965249.0596101987,-255530.5615589735
RKO-BASKET  Call-UO  10W  35Δ/H@20Δ,rko_basket,monthly,2024-06-30,-117311.68361514213,1847937.375995057,-372842.2451741153
RKO-BASKET  Call-UO  10W  35Δ/H@20Δ,rko_basket,monthly,2024-07-31,302033.6385085801,2149971.0145036373,-70808.6066655349
RKO-BASKET  Call-UO  10W  35Δ/H@20Δ,rko_basket,monthly,2024-08-31,-237264.6444146866,1912706.3700889503,-308073.25108022196
RKO-BASKET  Call-UO  10W  35Δ/H@20Δ,rko_basket,monthly,2024-09-30,-324240.97663295106,1588465.3934559987,-632314.2277131735
RKO-BASKET  Call-UO  10W  35Δ/H@20Δ,rko_basket,monthly,2024-10-31,-248795.09987438068,1339670.293581618,-881109.3275875542
RKO-BASKET  Call-UO  10W  35Δ/H@20Δ,rko_basket,monthly,2024-11-30,28941.44684253249,1368611.740424151,-852167.8807450212
RKO-BASKET  Call-UO  10W  35Δ/H@20Δ,rko_basket,monthly,2024-12-31,430759.867983123,1799371.6084072744,-421408.0127618979
RKO-BASKET  Call-UO  10W  35Δ/H@20Δ,rko_basket,monthly,2025-01-31,140606.01705203776,1939977.6254593118,-280801.99570986046
RKO-BASKET  Call-UO  10W  35Δ/H@20Δ,rko_basket,monthly,2025-02-28,-250979.10006028943,1688998.5253990225,-531781.0957701497
RKO-BASKET  Call-UO  10W  35Δ/H@20Δ,rko_basket,monthly,2025-03-31,-385795.9987238407,1303202.5266751817,-917577.0944939905
RKO-BASKET  Call-UO  10W  35Δ/H@20Δ,rko_basket,monthly,2025-04-30,-319822.9717962587,983379.5548789231,-1237400.0662902491
RKO-BASKET  Call-UO  10W  35Δ/H@20Δ,rko_basket,monthly,2025-05-31,-361228.7397042111,622150.8151747119,-1598628.8059944604
RKO-BASKET  Call-UO  10W  35Δ/H@20Δ,rko_basket,monthly,2025-06-30,-350189.8968844355,271960.9182902764,-1948818.702878896
RKO-BASKET  Call-UO  10W  35Δ/H@20Δ,rko_basket,monthly,2025-07-31,-307943.1142112806,-35982.19592100427,-2256761.8170901765
RKO-BASKET  Call-UO  10W  35Δ/H@20Δ,rko_basket,monthly,2025-08-31,276241.85015373613,240259.65423273185,-1980519.9669364404
RKO-BASKET  Call-UO  10W  35Δ/H@20Δ,rko_basket,monthly,2025-09-30,-97184.7018443865,143074.95238834538,-2077704.668780827
RKO-BASKET  Call-UO  10W  35Δ/H@20Δ,rko_basket,monthly,2025-10-31,1493133.153211369,1636208.1055997144,-584571.5155694578
RKO-BASKET  Call-UO  10W  35Δ/H@20Δ,rko_basket,monthly,2025-11-30,408468.1245259837,2044676.2301256978,-176103.39104347443
RKO-BASKET  Call-UO  10W  35Δ/H@20Δ,rko_basket,monthly,2025-12-31,-112187.19072270341,1932489.0394029948,-288290.58176617743
RKO-BASKET  Call-UO  10W  35Δ/H@20Δ,rko_basket,monthly,2026-01-31,134867.4574364749,2067356.4968394698,-153423.12432970246
RKO-BASKET  Call-UO  10W  35Δ/H@20Δ,rko_basket,monthly,2026-02-28,-349942.9887840915,1717413.5080553787,-503366.11311379354
RKO-BASKET  Call-UO  10W  35Δ/H@20Δ,rko_basket,monthly,2026-03-31,-145269.91751926145,1572143.5905361169,-648636.0306330554
RKO-BASKET  Call-UO  10W  35Δ/H@20Δ,rko_basket,monthly,2026-04-30,-222024.44034905612,1350119.1501870605,-870660.4709821118
RKO-BASKET  Call-UO  10W  35Δ/H@20Δ,rko_basket,monthly,2026-05-31,-93069.47134143705,1257049.6788456235,-963729.9423235487
RKO-BASKET  Call-UO  10W  35Δ/H@20Δ,rko_basket,annual,2023-12-31,538612.4856532434,538612.4856532431,-539085.5603008956
RKO-BASKET  Call-UO  10W  35Δ/H@20Δ,rko_basket,annual,2024-12-31,1260759.1227540304,1799371.6084072744,-421408.0127618979
RKO-BASKET  Call-UO  10W  35Δ/H@20Δ,rko_basket,annual,2025-12-31,133117.43099572056,1932489.0394029948,-288290.58176617743
RKO-BASKET  Call-UO  10W  35Δ/H@20Δ,rko_basket,annual,2026-12-31,-675439.3605573712,1257049.6788456235,-963729.9423235487
RKO-BASKET  Call-UO  10W  35Δ/H@15Δ,rko_basket,monthly,2023-03-31,-491172.91320623114,-491172.91320623114,-466130.7158753134
RKO-BASKET  Call-UO  10W  35Δ/H@15Δ,rko_basket,monthly,2023-04-30,-46814.32254619826,-537987.2357524296,-512945.0384215118
RKO-BASKET  Call-UO  10W  35Δ/H@15Δ,rko_basket,monthly,2023-05-31,-370346.93160383124,-908334.1673562608,-883291.970025343
RKO-BASKET  Call-UO  10W  35Δ/H@15Δ,rko_basket,monthly,2023-06-30,714821.5633702882,-193512.60398597253,-168470.40665505477
RKO-BASKET  Call-UO  10W  35Δ/H@15Δ,rko_basket,monthly,2023-07-31,686666.9149062794,493154.31092030695,-29009.63660185819
RKO-BASKET  Call-UO  10W  35Δ/H@15Δ,rko_basket,monthly,2023-08-31,-48764.586957720545,444389.7239625863,-173043.41075776116
RKO-BASKET  Call-UO  10W  35Δ/H@15Δ,rko_basket,monthly,2023-09-30,1183442.0185418194,1627831.7425044058,0.0
RKO-BASKET  Call-UO  10W  35Δ/H@15Δ,rko_basket,monthly,2023-10-31,983011.4432451976,2610843.1857496034,0.0
RKO-BASKET  Call-UO  10W  35Δ/H@15Δ,rko_basket,monthly,2023-11-30,-136340.75071493737,2474502.4350346667,-344415.77039436717
RKO-BASKET  Call-UO  10W  35Δ/H@15Δ,rko_basket,monthly,2023-12-31,-580451.9593591596,1894050.4756755072,-924867.7297535266
RKO-BASKET  Call-UO  10W  35Δ/H@15Δ,rko_basket,monthly,2024-01-31,-629201.8046713514,1264848.6710041557,-1554069.5344248782
RKO-BASKET  Call-UO  10W  35Δ/H@15Δ,rko_basket,monthly,2024-02-29,879566.5813222222,2144415.252326378,-674502.9531026557
RKO-BASKET  Call-UO  10W  35Δ/H@15Δ,rko_basket,monthly,2024-03-31,1812621.6771029837,3957036.929429362,0.0
RKO-BASKET  Call-UO  10W  35Δ/H@15Δ,rko_basket,monthly,2024-04-30,1981528.1808221,5938565.110251463,0.0
RKO-BASKET  Call-UO  10W  35Δ/H@15Δ,rko_basket,monthly,2024-05-31,-289512.1963086274,5649052.913942838,-295806.1976152696
RKO-BASKET  Call-UO  10W  35Δ/H@15Δ,rko_basket,monthly,2024-06-30,-205086.88203266595,5443966.031910172,-500893.0796479359
RKO-BASKET  Call-UO  10W  35Δ/H@15Δ,rko_basket,monthly,2024-07-31,560412.5771967587,6004378.609106931,0.0
RKO-BASKET  Call-UO  10W  35Δ/H@15Δ,rko_basket,monthly,2024-08-31,-178767.79381615377,5825610.815290779,-410385.8358528195
RKO-BASKET  Call-UO  10W  35Δ/H@15Δ,rko_basket,monthly,2024-09-30,-549186.9292761848,5276423.886014592,-959572.7651290065
RKO-BASKET  Call-UO  10W  35Δ/H@15Δ,rko_basket,monthly,2024-10-31,-357146.6565056627,4919277.22950893,-1316719.4216346685
RKO-BASKET  Call-UO  10W  35Δ/H@15Δ,rko_basket,monthly,2024-11-30,367266.461044482,5286543.690553411,-949452.9605901875
RKO-BASKET  Call-UO  10W  35Δ/H@15Δ,rko_basket,monthly,2024-12-31,1629532.9463273913,6916076.636880801,0.0
RKO-BASKET  Call-UO  10W  35Δ/H@15Δ,rko_basket,monthly,2025-01-31,916577.2101579417,7832653.847038741,-263889.69502169825
RKO-BASKET  Call-UO  10W  35Δ/H@15Δ,rko_basket,monthly,2025-02-28,-497144.4032048721,7335509.44383387,-761034.0982265696
RKO-BASKET  Call-UO  10W  35Δ/H@15Δ,rko_basket,monthly,2025-03-31,-706677.6345100243,6628831.809323846,-1467711.732736593
RKO-BASKET  Call-UO  10W  35Δ/H@15Δ,rko_basket,monthly,2025-04-30,-344667.6336881776,6284164.1756356675,-1812379.366424772
RKO-BASKET  Call-UO  10W  35Δ/H@15Δ,rko_basket,monthly,2025-05-31,-638073.5424886645,5646090.633147001,-2450452.908913438
RKO-BASKET  Call-UO  10W  35Δ/H@15Δ,rko_basket,monthly,2025-06-30,-636187.9329824093,5009902.70016459,-3086640.8418958494
RKO-BASKET  Call-UO  10W  35Δ/H@15Δ,rko_basket,monthly,2025-07-31,-716208.970715903,4293693.729448688,-3802849.8126117513
RKO-BASKET  Call-UO  10W  35Δ/H@15Δ,rko_basket,monthly,2025-08-31,1098693.6658468097,5392387.395295498,-2704156.1467649415
RKO-BASKET  Call-UO  10W  35Δ/H@15Δ,rko_basket,monthly,2025-09-30,992425.4788572008,6384812.8741527,-1711730.667907739
RKO-BASKET  Call-UO  10W  35Δ/H@15Δ,rko_basket,monthly,2025-10-31,2075734.3320388985,8460547.206191598,-5419.679472954944
RKO-BASKET  Call-UO  10W  35Δ/H@15Δ,rko_basket,monthly,2025-11-30,600241.0548862054,9060788.261077803,0.0
RKO-BASKET  Call-UO  10W  35Δ/H@15Δ,rko_basket,monthly,2025-12-31,1077236.0392165629,10138024.30029437,0.0
RKO-BASKET  Call-UO  10W  35Δ/H@15Δ,rko_basket,monthly,2026-01-31,863577.1183024577,11001601.418596826,-197100.17847060598
RKO-BASKET  Call-UO  10W  35Δ/H@15Δ,rko_basket,monthly,2026-02-28,-647682.8353818371,10353918.58321499,-844783.0138524417
RKO-BASKET  Call-UO  10W  35Δ/H@15Δ,rko_basket,monthly,2026-03-31,-191113.09146620138,10162805.49174879,-1035896.1053186432
RKO-BASKET  Call-UO  10W  35Δ/H@15Δ,rko_basket,monthly,2026-04-30,-454220.6117667649,9708584.879982023,-1490116.71708541
RKO-BASKET  Call-UO  10W  35Δ/H@15Δ,rko_basket,monthly,2026-05-31,-167384.4321731366,9541200.447808886,-1657501.1492585465
RKO-BASKET  Call-UO  10W  35Δ/H@15Δ,rko_basket,annual,2023-12-31,1894050.4756755068,1894050.4756755072,-924867.7297535266
RKO-BASKET  Call-UO  10W  35Δ/H@15Δ,rko_basket,annual,2024-12-31,5022026.161205292,6916076.636880801,0.0
RKO-BASKET  Call-UO  10W  35Δ/H@15Δ,rko_basket,annual,2025-12-31,3221947.663413568,10138024.30029437,0.0
RKO-BASKET  Call-UO  10W  35Δ/H@15Δ,rko_basket,annual,2026-12-31,-596823.8524854822,9541200.447808886,-1657501.1492585465
RKO-BASKET  Call-UO  10W  35Δ/H@10Δ,rko_basket,monthly,2023-03-31,-501747.77335520834,-501747.7733552084,-464733.21333721443
RKO-BASKET  Call-UO  10W  35Δ/H@10Δ,rko_basket,monthly,2023-04-30,130153.57986477966,-371594.1934904286,-334579.63347243465
RKO-BASKET  Call-UO  10W  35Δ/H@10Δ,rko_basket,monthly,2023-05-31,475550.31047939823,103956.11698896992,0.0
RKO-BASKET  Call-UO  10W  35Δ/H@10Δ,rko_basket,monthly,2023-06-30,573589.7903386194,677545.9073275892,0.0
RKO-BASKET  Call-UO  10W  35Δ/H@10Δ,rko_basket,monthly,2023-07-31,540772.8135958842,1218318.7209234734,0.0
RKO-BASKET  Call-UO  10W  35Δ/H@10Δ,rko_basket,monthly,2023-08-31,1525151.8330764752,2743470.553999949,0.0
RKO-BASKET  Call-UO  10W  35Δ/H@10Δ,rko_basket,monthly,2023-09-30,3231026.838747478,5974497.392747426,0.0
RKO-BASKET  Call-UO  10W  35Δ/H@10Δ,rko_basket,monthly,2023-10-31,2481415.2768266927,8455912.66957412,0.0
RKO-BASKET  Call-UO  10W  35Δ/H@10Δ,rko_basket,monthly,2023-11-30,-485623.0724058855,7970289.597168231,-632375.8428322151
RKO-BASKET  Call-UO  10W  35Δ/H@10Δ,rko_basket,monthly,2023-12-31,-900399.866969233,7069889.730198998,-1532775.7098014485
RKO-BASKET  Call-UO  10W  35Δ/H@10Δ,rko_basket,monthly,2024-01-31,-982706.6287229743,6087183.101476023,-2515482.3385244235
RKO-BASKET  Call-UO  10W  35Δ/H@10Δ,rko_basket,monthly,2024-02-29,722086.0037265038,6809269.105202526,-1793396.3347979207
RKO-BASKET  Call-UO  10W  35Δ/H@10Δ,rko_basket,monthly,2024-03-31,1734855.3479804513,8544124.453182975,-58540.98681747168
RKO-BASKET  Call-UO  10W  35Δ/H@10Δ,rko_basket,monthly,2024-04-30,3275381.2085614353,11819505.661744408,0.0
RKO-BASKET  Call-UO  10W  35Δ/H@10Δ,rko_basket,monthly,2024-05-31,417462.10798865295,12236967.769733062,0.0
RKO-BASKET  Call-UO  10W  35Δ/H@10Δ,rko_basket,monthly,2024-06-30,-337791.57813236024,11899176.1916007,-408575.1628073212
RKO-BASKET  Call-UO  10W  35Δ/H@10Δ,rko_basket,monthly,2024-07-31,639430.8964345308,12538607.088035233,0.0
RKO-BASKET  Call-UO  10W  35Δ/H@10Δ,rko_basket,monthly,2024-08-31,-465132.6569729585,12073474.431062277,-636562.618761003
RKO-BASKET  Call-UO  10W  35Δ/H@10Δ,rko_basket,monthly,2024-09-30,-836472.0535105913,11237002.377551688,-1473034.6722715925
RKO-BASKET  Call-UO  10W  35Δ/H@10Δ,rko_basket,monthly,2024-10-31,-792893.2869918228,10444109.090559866,-2265927.959263414
RKO-BASKET  Call-UO  10W  35Δ/H@10Δ,rko_basket,monthly,2024-11-30,2042271.0896020134,12486380.180161882,-223656.86966139823
RKO-BASKET  Call-UO  10W  35Δ/H@10Δ,rko_basket,monthly,2024-12-31,2949144.954299285,15435525.134461168,0.0
RKO-BASKET  Call-UO  10W  35Δ/H@10Δ,rko_basket,monthly,2025-01-31,2635993.248975684,18071518.383436855,-366445.3762161359
RKO-BASKET  Call-UO  10W  35Δ/H@10Δ,rko_basket,monthly,2025-02-28,-895671.0089679327,17175847.37446892,-1262116.385184072
RKO-BASKET  Call-UO  10W  35Δ/H@10Δ,rko_basket,monthly,2025-03-31,-911282.1233896182,16264565.251079297,-2173398.508573694
RKO-BASKET  Call-UO  10W  35Δ/H@10Δ,rko_basket,monthly,2025-04-30,-692760.0197837228,15571805.231295573,-2866158.5283574183
RKO-BASKET  Call-UO  10W  35Δ/H@10Δ,rko_basket,monthly,2025-05-31,-1047936.6862276817,14523868.54506789,-3914095.214585101
RKO-BASKET  Call-UO  10W  35Δ/H@10Δ,rko_basket,monthly,2025-06-30,-1056368.6991851735,13467499.845882721,-4970463.91377027
RKO-BASKET  Call-UO  10W  35Δ/H@10Δ,rko_basket,monthly,2025-07-31,-1483286.3822462605,11984213.46363646,-6453750.296016531
RKO-BASKET  Call-UO  10W  35Δ/H@10Δ,rko_basket,monthly,2025-08-31,1375364.6317009567,13359578.095337413,-5078385.664315578
RKO-BASKET  Call-UO  10W  35Δ/H@10Δ,rko_basket,monthly,2025-09-30,4107554.6380083864,17467132.733345803,-970831.026307188
RKO-BASKET  Call-UO  10W  35Δ/H@10Δ,rko_basket,monthly,2025-10-31,2872498.272681344,20339631.006027147,0.0
RKO-BASKET  Call-UO  10W  35Δ/H@10Δ,rko_basket,monthly,2025-11-30,2531338.5522173652,22870969.55824451,0.0
RKO-BASKET  Call-UO  10W  35Δ/H@10Δ,rko_basket,monthly,2025-12-31,2703222.8432520707,25574192.40149658,0.0
RKO-BASKET  Call-UO  10W  35Δ/H@10Δ,rko_basket,monthly,2026-01-31,566835.8015921047,26141028.20308869,-339859.52210254595
RKO-BASKET  Call-UO  10W  35Δ/H@10Δ,rko_basket,monthly,2026-02-28,-1093870.5572931087,25047157.645795576,-1433730.0793956593
RKO-BASKET  Call-UO  10W  35Δ/H@10Δ,rko_basket,monthly,2026-03-31,144200.13786826024,25191357.783663828,-1289529.9415274076
RKO-BASKET  Call-UO  10W  35Δ/H@10Δ,rko_basket,monthly,2026-04-30,-712677.8336430024,24478679.950020824,-2002207.775170412
RKO-BASKET  Call-UO  10W  35Δ/H@10Δ,rko_basket,monthly,2026-05-31,-276957.8703035483,24201722.079717275,-2279165.645473961
RKO-BASKET  Call-UO  10W  35Δ/H@10Δ,rko_basket,annual,2023-12-31,7069889.730199001,7069889.730198998,-1532775.7098014485
RKO-BASKET  Call-UO  10W  35Δ/H@10Δ,rko_basket,annual,2024-12-31,8365635.404262166,15435525.134461168,0.0
RKO-BASKET  Call-UO  10W  35Δ/H@10Δ,rko_basket,annual,2025-12-31,10138667.267035417,25574192.40149658,0.0
RKO-BASKET  Call-UO  10W  35Δ/H@10Δ,rko_basket,annual,2026-12-31,-1372470.3217792944,24201722.079717275,-2279165.645473961
RKO-BASKET  Call-UO  10W  35Δ/H@5Δ,rko_basket,monthly,2023-03-31,-107837.87075905783,-107837.87075905777,-62027.689639170756
RKO-BASKET  Call-UO  10W  35Δ/H@5Δ,rko_basket,monthly,2023-04-30,1441167.0324751113,1333329.1617160535,-85667.89540625154
RKO-BASKET  Call-UO  10W  35Δ/H@5Δ,rko_basket,monthly,2023-05-31,617631.1163401713,1950960.2780562248,0.0
RKO-BASKET  Call-UO  10W  35Δ/H@5Δ,rko_basket,monthly,2023-06-30,2594392.976683173,4545353.254739397,0.0
RKO-BASKET  Call-UO  10W  35Δ/H@5Δ,rko_basket,monthly,2023-07-31,534013.1720851203,5079366.426824518,0.0
RKO-BASKET  Call-UO  10W  35Δ/H@5Δ,rko_basket,monthly,2023-08-31,6480012.470847528,11559378.897672048,0.0
RKO-BASKET  Call-UO  10W  35Δ/H@5Δ,rko_basket,monthly,2023-09-30,5791403.398989017,17350782.296661068,0.0
RKO-BASKET  Call-UO  10W  35Δ/H@5Δ,rko_basket,monthly,2023-10-31,4242056.840261944,21592839.136923,-48312.725929465145
RKO-BASKET  Call-UO  10W  35Δ/H@5Δ,rko_basket,monthly,2023-11-30,-884098.9122772417,20708740.22464576,-993087.2025440149
RKO-BASKET  Call-UO  10W  35Δ/H@5Δ,rko_basket,monthly,2023-12-31,-1210381.591741799,19498358.632903967,-2203468.7942858078
RKO-BASKET  Call-UO  10W  35Δ/H@5Δ,rko_basket,monthly,2024-01-31,-1220728.2928762352,18277630.34002773,-3424197.087162044
RKO-BASKET  Call-UO  10W  35Δ/H@5Δ,rko_basket,monthly,2024-02-29,318006.0758172438,18595636.415844962,-3106191.011344813
RKO-BASKET  Call-UO  10W  35Δ/H@5Δ,rko_basket,monthly,2024-03-31,1482405.2504492642,20078041.666294232,-1623785.7608955428
RKO-BASKET  Call-UO  10W  35Δ/H@5Δ,rko_basket,monthly,2024-04-30,3966855.78314823,24044897.44944247,0.0
RKO-BASKET  Call-UO  10W  35Δ/H@5Δ,rko_basket,monthly,2024-05-31,2573700.6475374787,26618598.096979946,-4601.678076032549
RKO-BASKET  Call-UO  10W  35Δ/H@5Δ,rko_basket,monthly,2024-06-30,-450132.256092286,26168465.840887666,-505851.9040649943
RKO-BASKET  Call-UO  10W  35Δ/H@5Δ,rko_basket,monthly,2024-07-31,426613.0686846155,26595078.90957228,-79238.83538037911
RKO-BASKET  Call-UO  10W  35Δ/H@5Δ,rko_basket,monthly,2024-08-31,-693992.5822091227,25901086.327363163,-824769.056826897
RKO-BASKET  Call-UO  10W  35Δ/H@5Δ,rko_basket,monthly,2024-09-30,-1090425.6313907786,24810660.695972387,-1915194.6882176735
RKO-BASKET  Call-UO  10W  35Δ/H@5Δ,rko_basket,monthly,2024-10-31,-1343299.8724723838,23467360.823499996,-3258494.560690064
RKO-BASKET  Call-UO  10W  35Δ/H@5Δ,rko_basket,monthly,2024-11-30,3511864.8381869565,26979225.661686942,0.0
RKO-BASKET  Call-UO  10W  35Δ/H@5Δ,rko_basket,monthly,2024-12-31,5997140.492112998,32976366.153799936,0.0
RKO-BASKET  Call-UO  10W  35Δ/H@5Δ,rko_basket,monthly,2025-01-31,5995870.569971466,38972236.72377143,-592013.6285251975
RKO-BASKET  Call-UO  10W  35Δ/H@5Δ,rko_basket,monthly,2025-02-28,-1353062.1955346786,37619174.52823673,-1945075.8240598962
RKO-BASKET  Call-UO  10W  35Δ/H@5Δ,rko_basket,monthly,2025-03-31,-1426419.376434684,36192755.151802056,-3371495.2004945725
RKO-BASKET  Call-UO  10W  35Δ/H@5Δ,rko_basket,monthly,2025-04-30,-1156282.484382286,35036472.667419754,-4527777.684876874
RKO-BASKET  Call-UO  10W  35Δ/H@5Δ,rko_basket,monthly,2025-05-31,-1516141.5344201387,33520331.13299963,-6043919.219296999
RKO-BASKET  Call-UO  10W  35Δ/H@5Δ,rko_basket,monthly,2025-06-30,-1537276.9168684275,31983054.216131195,-7581196.136165433
RKO-BASKET  Call-UO  10W  35Δ/H@5Δ,rko_basket,monthly,2025-07-31,-2430655.502850768,29552398.713280432,-10011851.639016196
RKO-BASKET  Call-UO  10W  35Δ/H@5Δ,rko_basket,monthly,2025-08-31,557991.182743082,30110389.896023516,-9453860.456273112
RKO-BASKET  Call-UO  10W  35Δ/H@5Δ,rko_basket,monthly,2025-09-30,6215633.789014956,36326023.68503847,-3238226.6672581583
RKO-BASKET  Call-UO  10W  35Δ/H@5Δ,rko_basket,monthly,2025-10-31,2173903.0572512113,38499926.74228969,-1064323.610006936
RKO-BASKET  Call-UO  10W  35Δ/H@5Δ,rko_basket,monthly,2025-11-30,3107110.2798928083,41607037.022182494,0.0
RKO-BASKET  Call-UO  10W  35Δ/H@5Δ,rko_basket,monthly,2025-12-31,2699406.6943233046,44306443.716505796,0.0
RKO-BASKET  Call-UO  10W  35Δ/H@5Δ,rko_basket,monthly,2026-01-31,1139881.3298881033,45446325.0463939,-329610.23815718293
RKO-BASKET  Call-UO  10W  35Δ/H@5Δ,rko_basket,monthly,2026-02-28,-1293025.6126133497,44153299.43378055,-1622635.850770533
RKO-BASKET  Call-UO  10W  35Δ/H@5Δ,rko_basket,monthly,2026-03-31,42123.63036207176,44195423.064142615,-1580512.2204084694
RKO-BASKET  Call-UO  10W  35Δ/H@5Δ,rko_basket,monthly,2026-04-30,-77772.75383973445,44117650.310302876,-1658284.974248208
RKO-BASKET  Call-UO  10W  35Δ/H@5Δ,rko_basket,monthly,2026-05-31,-234862.43211112736,43882787.878191754,-1893147.4063593298
RKO-BASKET  Call-UO  10W  35Δ/H@5Δ,rko_basket,annual,2023-12-31,19498358.632903967,19498358.632903967,-2203468.7942858078
RKO-BASKET  Call-UO  10W  35Δ/H@5Δ,rko_basket,annual,2024-12-31,13478007.52089598,32976366.153799936,0.0
RKO-BASKET  Call-UO  10W  35Δ/H@5Δ,rko_basket,annual,2025-12-31,11330077.562705847,44306443.716505796,0.0
RKO-BASKET  Call-UO  10W  35Δ/H@5Δ,rko_basket,annual,2026-12-31,-423655.8383140365,43882787.878191754,-1893147.4063593298
RKO-BASKET  Call-UO  10W  30Δ/H@20Δ,rko_basket,monthly,2023-03-31,-173105.62906562706,-173105.62906562706,-164171.1926910865
RKO-BASKET  Call-UO  10W  30Δ/H@20Δ,rko_basket,monthly,2023-04-30,-210838.48379325142,-383944.1128588785,-375009.67648433795
RKO-BASKET  Call-UO  10W  30Δ/H@20Δ,rko_basket,monthly,2023-05-31,-198953.75238224416,-582897.8652411228,-573963.4288665822
RKO-BASKET  Call-UO  10W  30Δ/H@20Δ,rko_basket,monthly,2023-06-30,-96890.5701128888,-679788.4353540117,-670853.9989794712
RKO-BASKET  Call-UO  10W  30Δ/H@20Δ,rko_basket,monthly,2023-07-31,14600.11681118648,-665188.3185428254,-656253.8821682849
RKO-BASKET  Call-UO  10W  30Δ/H@20Δ,rko_basket,monthly,2023-08-31,-246255.64537256848,-911443.9639153938,-902509.5275408532
RKO-BASKET  Call-UO  10W  30Δ/H@20Δ,rko_basket,monthly,2023-09-30,192192.1267246986,-719251.8371906952,-710317.4008161547
RKO-BASKET  Call-UO  10W  30Δ/H@20Δ,rko_basket,monthly,2023-10-31,9829.994026770331,-709421.8431639248,-700487.4067893842
RKO-BASKET  Call-UO  10W  30Δ/H@20Δ,rko_basket,monthly,2023-11-30,-122189.52164487525,-831611.3648087999,-822676.9284342594
RKO-BASKET  Call-UO  10W  30Δ/H@20Δ,rko_basket,monthly,2023-12-31,-221187.33969411344,-1052798.7045029134,-1043864.2681283728
RKO-BASKET  Call-UO  10W  30Δ/H@20Δ,rko_basket,monthly,2024-01-31,-246058.32849022653,-1298857.03299314,-1289922.5966185995
RKO-BASKET  Call-UO  10W  30Δ/H@20Δ,rko_basket,monthly,2024-02-29,88812.65208072597,-1210044.3809124138,-1201109.9445378734
RKO-BASKET  Call-UO  10W  30Δ/H@20Δ,rko_basket,monthly,2024-03-31,300959.03071048105,-909085.350201933,-900150.9138273924
RKO-BASKET  Call-UO  10W  30Δ/H@20Δ,rko_basket,monthly,2024-04-30,106502.59965909434,-802582.7505428385,-793648.3141682979
RKO-BASKET  Call-UO  10W  30Δ/H@20Δ,rko_basket,monthly,2024-05-31,-206496.80673064987,-1009079.5572734887,-1000145.1208989482
RKO-BASKET  Call-UO  10W  30Δ/H@20Δ,rko_basket,monthly,2024-06-30,-174553.98046533315,-1183633.5377388215,-1174699.101364281
RKO-BASKET  Call-UO  10W  30Δ/H@20Δ,rko_basket,monthly,2024-07-31,60495.38583533993,-1123138.151903481,-1114203.7155289405
RKO-BASKET  Call-UO  10W  30Δ/H@20Δ,rko_basket,monthly,2024-08-31,-211476.19303210854,-1334614.34493559,-1325679.9085610495
RKO-BASKET  Call-UO  10W  30Δ/H@20Δ,rko_basket,monthly,2024-09-30,-221006.5790306765,-1555620.9239662667,-1546686.4875917262
RKO-BASKET  Call-UO  10W  30Δ/H@20Δ,rko_basket,monthly,2024-10-31,-203909.74074448072,-1759530.6647107473,-1750596.2283362069
RKO-BASKET  Call-UO  10W  30Δ/H@20Δ,rko_basket,monthly,2024-11-30,-152650.91254357717,-1912181.577254324,-1903247.1408797835
RKO-BASKET  Call-UO  10W  30Δ/H@20Δ,rko_basket,monthly,2024-12-31,-10687.274422486667,-1922868.8516768103,-1913934.4153022699
RKO-BASKET  Call-UO  10W  30Δ/H@20Δ,rko_basket,monthly,2025-01-31,-29548.755127005945,-1952417.6068038167,-1943483.1704292763
RKO-BASKET  Call-UO  10W  30Δ/H@20Δ,rko_basket,monthly,2025-02-28,-232897.3987867745,-2185315.0055905916,-2176380.569216051
RKO-BASKET  Call-UO  10W  30Δ/H@20Δ,rko_basket,monthly,2025-03-31,-242449.94907755393,-2427764.954668147,-2418830.5182936066
RKO-BASKET  Call-UO  10W  30Δ/H@20Δ,rko_basket,monthly,2025-04-30,-231548.28844393295,-2659313.2431120803,-2650378.80673754
RKO-BASKET  Call-UO  10W  30Δ/H@20Δ,rko_basket,monthly,2025-05-31,-235443.95216321148,-2894757.1952752927,-2885822.7589007523
RKO-BASKET  Call-UO  10W  30Δ/H@20Δ,rko_basket,monthly,2025-06-30,-220957.14161821266,-3115714.3368935054,-3106779.900518965
RKO-BASKET  Call-UO  10W  30Δ/H@20Δ,rko_basket,monthly,2025-07-31,-207054.11929822792,-3322768.4561917335,-3313834.019817193
RKO-BASKET  Call-UO  10W  30Δ/H@20Δ,rko_basket,monthly,2025-08-31,90673.24397642663,-3232095.2122153076,-3223160.775840767
RKO-BASKET  Call-UO  10W  30Δ/H@20Δ,rko_basket,monthly,2025-09-30,-141674.19664810874,-3373769.408863417,-3364834.9724888764
RKO-BASKET  Call-UO  10W  30Δ/H@20Δ,rko_basket,monthly,2025-10-31,553492.6596744854,-2820276.749188931,-2811342.3128143908
RKO-BASKET  Call-UO  10W  30Δ/H@20Δ,rko_basket,monthly,2025-11-30,140275.84951423312,-2680000.8996746987,-2671066.4633001583
RKO-BASKET  Call-UO  10W  30Δ/H@20Δ,rko_basket,monthly,2025-12-31,-101806.35669100069,-2781807.2563656988,-2772872.8199911583
RKO-BASKET  Call-UO  10W  30Δ/H@20Δ,rko_basket,monthly,2026-01-31,-30445.15025137706,-2812252.406617076,-2803317.9702425357
RKO-BASKET  Call-UO  10W  30Δ/H@20Δ,rko_basket,monthly,2026-02-28,-225145.9057379874,-3037398.312355063,-3028463.8759805225
RKO-BASKET  Call-UO  10W  30Δ/H@20Δ,rko_basket,monthly,2026-03-31,-224010.52977558217,-3261408.8421306447,-3252474.4057561043
RKO-BASKET  Call-UO  10W  30Δ/H@20Δ,rko_basket,monthly,2026-04-30,-218887.82955135818,-3480296.671682003,-3471362.2353074625
RKO-BASKET  Call-UO  10W  30Δ/H@20Δ,rko_basket,monthly,2026-05-31,-60804.458333003735,-3541101.1300150063,-3532166.693640466
RKO-BASKET  Call-UO  10W  30Δ/H@20Δ,rko_basket,annual,2023-12-31,-1052798.7045029132,-1052798.7045029134,-1043864.2681283728
RKO-BASKET  Call-UO  10W  30Δ/H@20Δ,rko_basket,annual,2024-12-31,-870070.1471738978,-1922868.8516768103,-1913934.4153022699
RKO-BASKET  Call-UO  10W  30Δ/H@20Δ,rko_basket,annual,2025-12-31,-858938.4046888836,-2781807.2563656988,-2772872.8199911583
RKO-BASKET  Call-UO  10W  30Δ/H@20Δ,rko_basket,annual,2026-12-31,-759293.8736493086,-3541101.1300150063,-3532166.693640466
RKO-BASKET  Call-UO  10W  30Δ/H@15Δ,rko_basket,monthly,2023-03-31,-303042.46191847423,-303042.4619184743,-287698.17159225204
RKO-BASKET  Call-UO  10W  30Δ/H@15Δ,rko_basket,monthly,2023-04-30,-276460.0550172153,-579502.5169356896,-564158.2266094674
RKO-BASKET  Call-UO  10W  30Δ/H@15Δ,rko_basket,monthly,2023-05-31,-356720.1075043462,-936222.6244400353,-920878.3341138131
RKO-BASKET  Call-UO  10W  30Δ/H@15Δ,rko_basket,monthly,2023-06-30,200117.0964953596,-736105.5279446758,-720761.2376184536
RKO-BASKET  Call-UO  10W  30Δ/H@15Δ,rko_basket,monthly,2023-07-31,196574.02960148235,-539531.4983431933,-524187.20801697107
RKO-BASKET  Call-UO  10W  30Δ/H@15Δ,rko_basket,monthly,2023-08-31,-90652.966768251,-630184.4651114442,-614840.174785222
RKO-BASKET  Call-UO  10W  30Δ/H@15Δ,rko_basket,monthly,2023-09-30,430939.36088652286,-199245.10422492132,-183900.81389869907
RKO-BASKET  Call-UO  10W  30Δ/H@15Δ,rko_basket,monthly,2023-10-31,226432.18435979707,27187.080134875705,-98959.20713173761
RKO-BASKET  Call-UO  10W  30Δ/H@15Δ,rko_basket,monthly,2023-11-30,-248631.91571660628,-221444.8355817306,-347591.1228483439
RKO-BASKET  Call-UO  10W  30Δ/H@15Δ,rko_basket,monthly,2023-12-31,-366869.65706267324,-588314.492644404,-714460.7799110173
RKO-BASKET  Call-UO  10W  30Δ/H@15Δ,rko_basket,monthly,2024-01-31,-415542.83904932777,-1003857.3316937317,-1130003.618960345
RKO-BASKET  Call-UO  10W  30Δ/H@15Δ,rko_basket,monthly,2024-02-29,309330.8142102489,-694526.517483483,-820672.8047500963
RKO-BASKET  Call-UO  10W  30Δ/H@15Δ,rko_basket,monthly,2024-03-31,729275.1141108273,34748.59662734449,-91397.69063926884
RKO-BASKET  Call-UO  10W  30Δ/H@15Δ,rko_basket,monthly,2024-04-30,1094961.7541877867,1129710.3508151316,0.0
RKO-BASKET  Call-UO  10W  30Δ/H@15Δ,rko_basket,monthly,2024-05-31,-305252.7179851269,824457.6328300049,-305252.71798512666
RKO-BASKET  Call-UO  10W  30Δ/H@15Δ,rko_basket,monthly,2024-06-30,-259036.45447204693,565421.1783579579,-564289.1724571737
RKO-BASKET  Call-UO  10W  30Δ/H@15Δ,rko_basket,monthly,2024-07-31,227963.21765811977,793384.3960160777,-336325.95479905384
RKO-BASKET  Call-UO  10W  30Δ/H@15Δ,rko_basket,monthly,2024-08-31,-189506.4976996681,603877.8983164098,-525832.4524987218
RKO-BASKET  Call-UO  10W  30Δ/H@15Δ,rko_basket,monthly,2024-09-30,-355784.02212045155,248093.87619595812,-881616.4746191734
RKO-BASKET  Call-UO  10W  30Δ/H@15Δ,rko_basket,monthly,2024-10-31,-249767.0556095122,-1673.179413554124,-1131383.5302286856
RKO-BASKET  Call-UO  10W  30Δ/H@15Δ,rko_basket,monthly,2024-11-30,110692.81087931932,109019.63146576515,-1020690.7193493664
RKO-BASKET  Call-UO  10W  30Δ/H@15Δ,rko_basket,monthly,2024-12-31,854950.8778293016,963970.5092950669,-165739.84152006463
RKO-BASKET  Call-UO  10W  30Δ/H@15Δ,rko_basket,monthly,2025-01-31,516587.8691008447,1480558.3783959115,-187805.58042871184
RKO-BASKET  Call-UO  10W  30Δ/H@15Δ,rko_basket,monthly,2025-02-28,-412878.56101614056,1067679.817379771,-600684.1414448523
RKO-BASKET  Call-UO  10W  30Δ/H@15Δ,rko_basket,monthly,2025-03-31,-436060.4284209218,631619.3889588495,-1036744.5698657739
RKO-BASKET  Call-UO  10W  30Δ/H@15Δ,rko_basket,monthly,2025-04-30,-240615.7725902535,391003.61636859603,-1277360.3424560274
RKO-BASKET  Call-UO  10W  30Δ/H@15Δ,rko_basket,monthly,2025-05-31,-400958.75495699974,-9955.138588403697,-1678319.097413027
RKO-BASKET  Call-UO  10W  30Δ/H@15Δ,rko_basket,monthly,2025-06-30,-391613.19433240255,-401568.3329208063,-2069932.2917454296
RKO-BASKET  Call-UO  10W  30Δ/H@15Δ,rko_basket,monthly,2025-07-31,-467186.15825558145,-868754.491176388,-2537118.4500010116
RKO-BASKET  Call-UO  10W  30Δ/H@15Δ,rko_basket,monthly,2025-08-31,669682.1225444735,-199072.36863191455,-1867436.3274565379
RKO-BASKET  Call-UO  10W  30Δ/H@15Δ,rko_basket,monthly,2025-09-30,630444.5422077114,431372.1735757971,-1236991.7852488263
RKO-BASKET  Call-UO  10W  30Δ/H@15Δ,rko_basket,monthly,2025-10-31,870781.8305262042,1302154.0041020014,-366209.95472262194
RKO-BASKET  Call-UO  10W  30Δ/H@15Δ,rko_basket,monthly,2025-11-30,324070.89286859473,1626224.8969705962,-42139.06185402721
RKO-BASKET  Call-UO  10W  30Δ/H@15Δ,rko_basket,monthly,2025-12-31,646676.6066885348,2272901.5036591305,0.0
RKO-BASKET  Call-UO  10W  30Δ/H@15Δ,rko_basket,monthly,2026-01-31,530659.6035681393,2803561.1072272696,-129430.15608586697
RKO-BASKET  Call-UO  10W  30Δ/H@15Δ,rko_basket,monthly,2026-02-28,-401284.72937427834,2402276.377852991,-530714.8854601453
RKO-BASKET  Call-UO  10W  30Δ/H@15Δ,rko_basket,monthly,2026-03-31,-260161.0367880178,2142115.341064974,-790875.9222481623
RKO-BASKET  Call-UO  10W  30Δ/H@15Δ,rko_basket,monthly,2026-04-30,-393177.17066493904,1748938.1704000356,-1184053.092913101
RKO-BASKET  Call-UO  10W  30Δ/H@15Δ,rko_basket,monthly,2026-05-31,-105016.4652800725,1643921.7051199635,-1289069.558193173
RKO-BASKET  Call-UO  10W  30Δ/H@15Δ,rko_basket,annual,2023-12-31,-588314.4926444043,-588314.492644404,-714460.7799110173
RKO-BASKET  Call-UO  10W  30Δ/H@15Δ,rko_basket,annual,2024-12-31,1552285.0019394702,963970.5092950669,-165739.84152006463
RKO-BASKET  Call-UO  10W  30Δ/H@15Δ,rko_basket,annual,2025-12-31,1308930.994364064,2272901.5036591305,0.0
RKO-BASKET  Call-UO  10W  30Δ/H@15Δ,rko_basket,annual,2026-12-31,-628979.7985391684,1643921.7051199635,-1289069.558193173
RKO-BASKET  Call-UO  10W  30Δ/H@10Δ,rko_basket,monthly,2023-03-31,-411122.8215384571,-411122.8215384571,-386792.3326380361
RKO-BASKET  Call-UO  10W  30Δ/H@10Δ,rko_basket,monthly,2023-04-30,-322665.9359636479,-733788.7575021051,-709458.268601684
RKO-BASKET  Call-UO  10W  30Δ/H@10Δ,rko_basket,monthly,2023-05-31,346969.4427536679,-386819.3147484374,-362488.8258480163
RKO-BASKET  Call-UO  10W  30Δ/H@10Δ,rko_basket,monthly,2023-06-30,58623.65393759805,-328195.66081083927,-303865.1719104182
RKO-BASKET  Call-UO  10W  30Δ/H@10Δ,rko_basket,monthly,2023-07-31,92881.77555866145,-235313.88525217766,-210983.39635175662
RKO-BASKET  Call-UO  10W  30Δ/H@10Δ,rko_basket,monthly,2023-08-31,1109961.2610959138,874647.3758437362,0.0
RKO-BASKET  Call-UO  10W  30Δ/H@10Δ,rko_basket,monthly,2023-09-30,2040910.240319102,2915557.6161628384,0.0
RKO-BASKET  Call-UO  10W  30Δ/H@10Δ,rko_basket,monthly,2023-10-31,1369106.6940867743,4284664.310249614,-185111.95557611156
RKO-BASKET  Call-UO  10W  30Δ/H@10Δ,rko_basket,monthly,2023-11-30,-519479.48852146044,3765184.821728153,-704591.444097572
RKO-BASKET  Call-UO  10W  30Δ/H@10Δ,rko_basket,monthly,2023-12-31,-602307.1543149315,3162877.667413221,-1306898.598412504
RKO-BASKET  Call-UO  10W  30Δ/H@10Δ,rko_basket,monthly,2024-01-31,-677609.9489390856,2485267.7184741357,-1984508.5473515894
RKO-BASKET  Call-UO  10W  30Δ/H@10Δ,rko_basket,monthly,2024-02-29,180989.8823194246,2666257.6007935596,-1803518.6650321656
RKO-BASKET  Call-UO  10W  30Δ/H@10Δ,rko_basket,monthly,2024-03-31,654482.3657676264,3320739.9665611857,-1149036.2992645395
RKO-BASKET  Call-UO  10W  30Δ/H@10Δ,rko_basket,monthly,2024-04-30,2095679.7644820737,5416419.73104326,0.0
RKO-BASKET  Call-UO  10W  30Δ/H@10Δ,rko_basket,monthly,2024-05-31,85063.61947574592,5501483.350519004,-17712.618853066117
RKO-BASKET  Call-UO  10W  30Δ/H@10Δ,rko_basket,monthly,2024-06-30,-388112.16973288043,5113371.180786124,-417338.6886646673
RKO-BASKET  Call-UO  10W  30Δ/H@10Δ,rko_basket,monthly,2024-07-31,226886.0088341445,5340257.1896202685,-190452.6798305232
RKO-BASKET  Call-UO  10W  30Δ/H@10Δ,rko_basket,monthly,2024-08-31,-401346.5313996763,4938910.658220594,-591799.2112301979
RKO-BASKET  Call-UO  10W  30Δ/H@10Δ,rko_basket,monthly,2024-09-30,-567360.5111181949,4371550.147102397,-1159159.7223483948
RKO-BASKET  Call-UO  10W  30Δ/H@10Δ,rko_basket,monthly,2024-10-31,-564010.7466751088,3807539.400427289,-1723170.469023503
RKO-BASKET  Call-UO  10W  30Δ/H@10Δ,rko_basket,monthly,2024-11-30,1451726.1940641203,5259265.594491409,-271444.2749593826
RKO-BASKET  Call-UO  10W  30Δ/H@10Δ,rko_basket,monthly,2024-12-31,1959542.8971271617,7218808.49161857,0.0
RKO-BASKET  Call-UO  10W  30Δ/H@10Δ,rko_basket,monthly,2025-01-31,1844528.1063012597,9063336.597919833,-341943.84656452946
RKO-BASKET  Call-UO  10W  30Δ/H@10Δ,rko_basket,monthly,2025-02-28,-731265.8829993034,8332070.714920534,-1073209.7295638286
RKO-BASKET  Call-UO  10W  30Δ/H@10Δ,rko_basket,monthly,2025-03-31,-645013.709356216,7687057.005564319,-1718223.4389200434
RKO-BASKET  Call-UO  10W  30Δ/H@10Δ,rko_basket,monthly,2025-04-30,-513309.53831923794,7173747.46724508,-2231532.977239283
RKO-BASKET  Call-UO  10W  30Δ/H@10Δ,rko_basket,monthly,2025-05-31,-698350.7383482149,6475396.728896863,-2929883.7155874996
RKO-BASKET  Call-UO  10W  30Δ/H@10Δ,rko_basket,monthly,2025-06-30,-697019.7337991155,5778376.99509775,-3626903.4493866125
RKO-BASKET  Call-UO  10W  30Δ/H@10Δ,rko_basket,monthly,2025-07-31,-1019529.1773376648,4758847.817760087,-4646432.626724276
RKO-BASKET  Call-UO  10W  30Δ/H@10Δ,rko_basket,monthly,2025-08-31,862348.3262346772,5621196.143994765,-3784084.300489597
RKO-BASKET  Call-UO  10W  30Δ/H@10Δ,rko_basket,monthly,2025-09-30,2819039.0758766513,8440235.219871417,-965045.2246129457
RKO-BASKET  Call-UO  10W  30Δ/H@10Δ,rko_basket,monthly,2025-10-31,1466933.0200709065,9907168.239942322,0.0
RKO-BASKET  Call-UO  10W  30Δ/H@10Δ,rko_basket,monthly,2025-11-30,1881654.4069743787,11788822.646916697,0.0
RKO-BASKET  Call-UO  10W  30Δ/H@10Δ,rko_basket,monthly,2025-12-31,1826422.4359816168,13615245.082898315,0.0
RKO-BASKET  Call-UO  10W  30Δ/H@10Δ,rko_basket,monthly,2026-01-31,322958.7032777221,13938203.786176037,-276442.67184778675
RKO-BASKET  Call-UO  10W  30Δ/H@10Δ,rko_basket,monthly,2026-02-28,-724535.9221031871,13213667.864072848,-1000978.5939509757
RKO-BASKET  Call-UO  10W  30Δ/H@10Δ,rko_basket,monthly,2026-03-31,18037.330670422343,13231705.194743274,-982941.26328055
RKO-BASKET  Call-UO  10W  30Δ/H@10Δ,rko_basket,monthly,2026-04-30,-578499.0873569299,12653206.107386345,-1561440.3506374788
RKO-BASKET  Call-UO  10W  30Δ/H@10Δ,rko_basket,monthly,2026-05-31,-184771.17011201166,12468434.937274331,-1746211.5207494926
RKO-BASKET  Call-UO  10W  30Δ/H@10Δ,rko_basket,annual,2023-12-31,3162877.6674132207,3162877.667413221,-1306898.598412504
RKO-BASKET  Call-UO  10W  30Δ/H@10Δ,rko_basket,annual,2024-12-31,4055930.8242053515,7218808.49161857,0.0
RKO-BASKET  Call-UO  10W  30Δ/H@10Δ,rko_basket,annual,2025-12-31,6396436.591279738,13615245.082898315,0.0
RKO-BASKET  Call-UO  10W  30Δ/H@10Δ,rko_basket,annual,2026-12-31,-1146810.145623984,12468434.937274331,-1746211.5207494926
RKO-BASKET  Call-UO  10W  30Δ/H@5Δ,rko_basket,monthly,2023-03-31,-210294.21872924475,-210294.21872924475,-179055.36768134983
RKO-BASKET  Call-UO  10W  30Δ/H@5Δ,rko_basket,monthly,2023-04-30,431483.0852915608,221188.86656231602,-223478.0164278078
RKO-BASKET  Call-UO  10W  30Δ/H@5Δ,rko_basket,monthly,2023-05-31,496665.9987601526,717854.8653224688,0.0
RKO-BASKET  Call-UO  10W  30Δ/H@5Δ,rko_basket,monthly,2023-06-30,1831517.7220205804,2549372.5873430492,0.0
RKO-BASKET  Call-UO  10W  30Δ/H@5Δ,rko_basket,monthly,2023-07-31,63715.94795913187,2613088.535302181,0.0
RKO-BASKET  Call-UO  10W  30Δ/H@5Δ,rko_basket,monthly,2023-08-31,5267104.974251386,7880193.509553567,0.0
RKO-BASKET  Call-UO  10W  30Δ/H@5Δ,rko_basket,monthly,2023-09-30,4228798.756851482,12108992.266405055,0.0
RKO-BASKET  Call-UO  10W  30Δ/H@5Δ,rko_basket,monthly,2023-10-31,2813933.000833736,14922925.267238792,-287782.6944558844
RKO-BASKET  Call-UO  10W  30Δ/H@5Δ,rko_basket,monthly,2023-11-30,-837100.722750967,14085824.544487823,-1124883.4172068536
RKO-BASKET  Call-UO  10W  30Δ/H@5Δ,rko_basket,monthly,2023-12-31,-849968.8955773388,13235855.648910483,-1974852.312784193
RKO-BASKET  Call-UO  10W  30Δ/H@5Δ,rko_basket,monthly,2024-01-31,-872233.2743537138,12363622.374556769,-2847085.5871379077
RKO-BASKET  Call-UO  10W  30Δ/H@5Δ,rko_basket,monthly,2024-02-29,-146663.4235094458,12216958.951047326,-2993749.010647351
RKO-BASKET  Call-UO  10W  30Δ/H@5Δ,rko_basket,monthly,2024-03-31,396186.4538292122,12613145.404876538,-2597562.556818139
RKO-BASKET  Call-UO  10W  30Δ/H@5Δ,rko_basket,monthly,2024-04-30,2708835.896391133,15321981.301267669,0.0
RKO-BASKET  Call-UO  10W  30Δ/H@5Δ,rko_basket,monthly,2024-05-31,1691743.0976641218,17013724.398931798,-24016.58555352688
RKO-BASKET  Call-UO  10W  30Δ/H@5Δ,rko_basket,monthly,2024-06-30,-487060.6823649434,16526663.716566853,-511077.26791847125
RKO-BASKET  Call-UO  10W  30Δ/H@5Δ,rko_basket,monthly,2024-07-31,33311.789612879664,16559975.506179731,-477765.47830559313
RKO-BASKET  Call-UO  10W  30Δ/H@5Δ,rko_basket,monthly,2024-08-31,-605557.0097810185,15954418.496398713,-1083322.488086611
RKO-BASKET  Call-UO  10W  30Δ/H@5Δ,rko_basket,monthly,2024-09-30,-789001.9604433734,15165416.535955342,-1872324.448529983
RKO-BASKET  Call-UO  10W  30Δ/H@5Δ,rko_basket,monthly,2024-10-31,-1021873.1423080221,14143543.393647322,-2894197.590838002
RKO-BASKET  Call-UO  10W  30Δ/H@5Δ,rko_basket,monthly,2024-11-30,2694800.2658534567,16838343.659500778,-199397.32498454675
RKO-BASKET  Call-UO  10W  30Δ/H@5Δ,rko_basket,monthly,2024-12-31,4615012.827350689,21453356.486851476,0.0
RKO-BASKET  Call-UO  10W  30Δ/H@5Δ,rko_basket,monthly,2025-01-31,4726046.820763009,26179403.307614483,-505662.7073524967
RKO-BASKET  Call-UO  10W  30Δ/H@5Δ,rko_basket,monthly,2025-02-28,-1120956.1672038587,25058447.140410624,-1626618.8745563552
RKO-BASKET  Call-UO  10W  30Δ/H@5Δ,rko_basket,monthly,2025-03-31,-1069298.0321506767,23989149.10825995,-2695916.90670703
RKO-BASKET  Call-UO  10W  30Δ/H@5Δ,rko_basket,monthly,2025-04-30,-884331.6509628501,23104817.45729711,-3580248.5576698706
RKO-BASKET  Call-UO  10W  30Δ/H@5Δ,rko_basket,monthly,2025-05-31,-1088072.256255819,22016745.2010413,-4668320.81392568
RKO-BASKET  Call-UO  10W  30Δ/H@5Δ,rko_basket,monthly,2025-06-30,-1083916.2240740694,20932828.976967223,-5752237.037999757
RKO-BASKET  Call-UO  10W  30Δ/H@5Δ,rko_basket,monthly,2025-07-31,-1790498.2327788572,19142330.744188365,-7542735.270778615
RKO-BASKET  Call-UO  10W  30Δ/H@5Δ,rko_basket,monthly,2025-08-31,189986.7720113168,19332317.51619968,-7352748.498767301
RKO-BASKET  Call-UO  10W  30Δ/H@5Δ,rko_basket,monthly,2025-09-30,4517260.565271979,23849578.081471656,-2835487.933495324
RKO-BASKET  Call-UO  10W  30Δ/H@5Δ,rko_basket,monthly,2025-10-31,896191.9362134974,24745770.01768516,-1939295.9972818196
RKO-BASKET  Call-UO  10W  30Δ/H@5Δ,rko_basket,monthly,2025-11-30,2361786.419291799,27107556.43697696,0.0
RKO-BASKET  Call-UO  10W  30Δ/H@5Δ,rko_basket,monthly,2025-12-31,1784011.5901208364,28891568.027097795,0.0
RKO-BASKET  Call-UO  10W  30Δ/H@5Δ,rko_basket,monthly,2026-01-31,752376.6960752918,29643944.72317309,-255195.92315062135
RKO-BASKET  Call-UO  10W  30Δ/H@5Δ,rko_basket,monthly,2026-02-28,-957437.4523342861,28686507.2708388,-1212633.3754849099
RKO-BASKET  Call-UO  10W  30Δ/H@5Δ,rko_basket,monthly,2026-03-31,-52158.22642429995,28634349.0444145,-1264791.601909209
RKO-BASKET  Call-UO  10W  30Δ/H@5Δ,rko_basket,monthly,2026-04-30,-243719.62271519692,28390629.421699297,-1508511.224624414
RKO-BASKET  Call-UO  10W  30Δ/H@5Δ,rko_basket,monthly,2026-05-31,-227112.24632887426,28163517.175370425,-1735623.4709532857
RKO-BASKET  Call-UO  10W  30Δ/H@5Δ,rko_basket,annual,2023-12-31,13235855.64891048,13235855.648910483,-1974852.312784193
RKO-BASKET  Call-UO  10W  30Δ/H@5Δ,rko_basket,annual,2024-12-31,8217500.837940975,21453356.486851476,0.0
RKO-BASKET  Call-UO  10W  30Δ/H@5Δ,rko_basket,annual,2025-12-31,7438211.540246306,28891568.027097795,0.0
RKO-BASKET  Call-UO  10W  30Δ/H@5Δ,rko_basket,annual,2026-12-31,-728050.8517273653,28163517.175370425,-1735623.4709532857
RKO-BASKET  Call-UO  3M  ATM/H@20Δ,rko_basket,monthly,2023-03-31,-61667.53998317772,-61667.53998317772,0.0
RKO-BASKET  Call-UO  3M  ATM/H@20Δ,rko_basket,monthly,2023-04-30,-591213.6503049566,-652881.1902881343,-591213.6503049566
RKO-BASKET  Call-UO  3M  ATM/H@20Δ,rko_basket,monthly,2023-05-31,1972829.4590000426,1319948.2687119085,-10998.504905874608
RKO-BASKET  Call-UO  3M  ATM/H@20Δ,rko_basket,monthly,2023-06-30,1458889.4313466537,2778837.700058562,0.0
RKO-BASKET  Call-UO  3M  ATM/H@20Δ,rko_basket,monthly,2023-07-31,1494537.4228853781,4273375.122943941,0.0
RKO-BASKET  Call-UO  3M  ATM/H@20Δ,rko_basket,monthly,2023-08-31,252715.0491720591,4526090.172116,-178531.78365795407
RKO-BASKET  Call-UO  3M  ATM/H@20Δ,rko_basket,monthly,2023-09-30,1159369.1154891048,5685459.287605106,0.0
RKO-BASKET  Call-UO  3M  ATM/H@20Δ,rko_basket,monthly,2023-10-31,1266556.7851492565,6952016.072754365,0.0
RKO-BASKET  Call-UO  3M  ATM/H@20Δ,rko_basket,monthly,2023-11-30,609523.122792186,7561539.195546553,-494391.602583996
RKO-BASKET  Call-UO  3M  ATM/H@20Δ,rko_basket,monthly,2023-12-31,-1209455.0342911114,6352084.161255441,-1703846.636875108
RKO-BASKET  Call-UO  3M  ATM/H@20Δ,rko_basket,monthly,2024-01-31,-1462780.2559400669,4889303.905315373,-3166626.8928151755
RKO-BASKET  Call-UO  3M  ATM/H@20Δ,rko_basket,monthly,2024-02-29,866489.1468100194,5755793.0521253925,-2300137.746005156
RKO-BASKET  Call-UO  3M  ATM/H@20Δ,rko_basket,monthly,2024-03-31,1927626.7150191562,7683419.76714455,-372511.0309859989
RKO-BASKET  Call-UO  3M  ATM/H@20Δ,rko_basket,monthly,2024-04-30,-349309.69919357414,7334110.067950972,-721820.7301795762
RKO-BASKET  Call-UO  3M  ATM/H@20Δ,rko_basket,monthly,2024-05-31,133173.6693857523,7467283.737336726,-588647.0607938226
RKO-BASKET  Call-UO  3M  ATM/H@20Δ,rko_basket,monthly,2024-06-30,575101.1077061284,8042384.845042852,-13545.953087696806
RKO-BASKET  Call-UO  3M  ATM/H@20Δ,rko_basket,monthly,2024-07-31,2429740.604647263,10472125.449690115,0.0
RKO-BASKET  Call-UO  3M  ATM/H@20Δ,rko_basket,monthly,2024-08-31,-220834.2086290083,10251291.241061108,-437727.95799434185
RKO-BASKET  Call-UO  3M  ATM/H@20Δ,rko_basket,monthly,2024-09-30,-889690.5261952516,9361600.71486586,-1327418.4841895904
RKO-BASKET  Call-UO  3M  ATM/H@20Δ,rko_basket,monthly,2024-10-31,-878325.1279874573,8483275.586878402,-2205743.612177048
RKO-BASKET  Call-UO  3M  ATM/H@20Δ,rko_basket,monthly,2024-11-30,2462682.7065891144,10945958.29346752,0.0
RKO-BASKET  Call-UO  3M  ATM/H@20Δ,rko_basket,monthly,2024-12-31,2526333.881856675,13472292.175324196,-74853.67955525406
RKO-BASKET  Call-UO  3M  ATM/H@20Δ,rko_basket,monthly,2025-01-31,2512834.8457477456,15985127.02107194,-48587.24652395584
RKO-BASKET  Call-UO  3M  ATM/H@20Δ,rko_basket,monthly,2025-02-28,1276485.2268659552,17261612.247937895,0.0
RKO-BASKET  Call-UO  3M  ATM/H@20Δ,rko_basket,monthly,2025-03-31,1050906.070755741,18312518.318693645,0.0
RKO-BASKET  Call-UO  3M  ATM/H@20Δ,rko_basket,monthly,2025-04-30,-1042194.0951559182,17270324.223537724,-1042194.0951559208
RKO-BASKET  Call-UO  3M  ATM/H@20Δ,rko_basket,monthly,2025-05-31,-1356598.8736216314,15913725.349916097,-2398792.9687775485
RKO-BASKET  Call-UO  3M  ATM/H@20Δ,rko_basket,monthly,2025-06-30,-1405849.9307861542,14507875.419129943,-3804642.899563702
RKO-BASKET  Call-UO  3M  ATM/H@20Δ,rko_basket,monthly,2025-07-31,-929696.7015497829,13578178.717580158,-4734339.601113487
RKO-BASKET  Call-UO  3M  ATM/H@20Δ,rko_basket,monthly,2025-08-31,1505135.1595729657,15083313.877153125,-3229204.4415405206
RKO-BASKET  Call-UO  3M  ATM/H@20Δ,rko_basket,monthly,2025-09-30,3513046.9698698283,18596360.847022958,0.0
RKO-BASKET  Call-UO  3M  ATM/H@20Δ,rko_basket,monthly,2025-10-31,1112423.7220216705,19708784.569044627,0.0
RKO-BASKET  Call-UO  3M  ATM/H@20Δ,rko_basket,monthly,2025-11-30,4080124.133962575,23788908.7030072,0.0
RKO-BASKET  Call-UO  3M  ATM/H@20Δ,rko_basket,monthly,2025-12-31,666761.8257029555,24455670.528710153,-831021.0965817608
RKO-BASKET  Call-UO  3M  ATM/H@20Δ,rko_basket,monthly,2026-01-31,-770699.3182003339,23684971.210509814,-1601720.4147820994
RKO-BASKET  Call-UO  3M  ATM/H@20Δ,rko_basket,monthly,2026-02-28,604059.7048698436,24289030.91537966,-997660.7099122554
RKO-BASKET  Call-UO  3M  ATM/H@20Δ,rko_basket,monthly,2026-03-31,2980307.4496163027,27269338.364995968,0.0
RKO-BASKET  Call-UO  3M  ATM/H@20Δ,rko_basket,monthly,2026-04-30,-142592.3361954924,27126746.028800476,-705640.2761455178
RKO-BASKET  Call-UO  3M  ATM/H@20Δ,rko_basket,monthly,2026-05-31,-368403.8240698563,26758342.204730615,-1074044.1002153791
RKO-BASKET  Call-UO  3M  ATM/H@20Δ,rko_basket,annual,2023-12-31,6352084.161255435,6352084.161255441,-1703846.636875108
RKO-BASKET  Call-UO  3M  ATM/H@20Δ,rko_basket,annual,2024-12-31,7120208.014068751,13472292.175324196,-74853.67955525406
RKO-BASKET  Call-UO  3M  ATM/H@20Δ,rko_basket,annual,2025-12-31,10983378.35338595,24455670.528710153,-831021.0965817608
RKO-BASKET  Call-UO  3M  ATM/H@20Δ,rko_basket,annual,2026-12-31,2302671.676020464,26758342.204730615,-1074044.1002153791
RKO-BASKET  Call-UO  3M  ATM/H@15Δ,rko_basket,monthly,2023-03-31,-86664.71286215042,-86664.71286215042,0.0
RKO-BASKET  Call-UO  3M  ATM/H@15Δ,rko_basket,monthly,2023-04-30,-745801.8271576569,-832466.5400198075,-745801.8271576571
RKO-BASKET  Call-UO  3M  ATM/H@15Δ,rko_basket,monthly,2023-05-31,4072253.158573341,3239786.618553534,0.0
RKO-BASKET  Call-UO  3M  ATM/H@15Δ,rko_basket,monthly,2023-06-30,2153095.4155249223,5392882.034078456,0.0
RKO-BASKET  Call-UO  3M  ATM/H@15Δ,rko_basket,monthly,2023-07-31,2796891.4265266852,8189773.460605141,0.0
RKO-BASKET  Call-UO  3M  ATM/H@15Δ,rko_basket,monthly,2023-08-31,819541.7936437763,9009315.254248917,-374530.24270773865
RKO-BASKET  Call-UO  3M  ATM/H@15Δ,rko_basket,monthly,2023-09-30,2730167.2109495765,11739482.465198494,0.0
RKO-BASKET  Call-UO  3M  ATM/H@15Δ,rko_basket,monthly,2023-10-31,2245261.2283351975,13984743.693533694,0.0
RKO-BASKET  Call-UO  3M  ATM/H@15Δ,rko_basket,monthly,2023-11-30,862944.9372421021,14847688.630775794,-917512.9784644376
RKO-BASKET  Call-UO  3M  ATM/H@15Δ,rko_basket,monthly,2023-12-31,-1838096.3471489185,13009592.283626877,-2755609.3256133553
RKO-BASKET  Call-UO  3M  ATM/H@15Δ,rko_basket,monthly,2024-01-31,-2144320.3812726336,10865271.902354244,-4899929.706885988
RKO-BASKET  Call-UO  3M  ATM/H@15Δ,rko_basket,monthly,2024-02-29,444455.73707041115,11309727.639424654,-4455473.969815578
RKO-BASKET  Call-UO  3M  ATM/H@15Δ,rko_basket,monthly,2024-03-31,3127311.3231177614,14437038.962542418,-1328162.6466978136
RKO-BASKET  Call-UO  3M  ATM/H@15Δ,rko_basket,monthly,2024-04-30,6710424.010942056,21147462.97348447,0.0
RKO-BASKET  Call-UO  3M  ATM/H@15Δ,rko_basket,monthly,2024-05-31,1009278.8608372865,22156741.834321752,0.0
RKO-BASKET  Call-UO  3M  ATM/H@15Δ,rko_basket,monthly,2024-06-30,2791258.4963654033,24948000.330687158,0.0
RKO-BASKET  Call-UO  3M  ATM/H@15Δ,rko_basket,monthly,2024-07-31,2103635.9747916632,27051636.305478822,0.0
RKO-BASKET  Call-UO  3M  ATM/H@15Δ,rko_basket,monthly,2024-08-31,-794224.1088184286,26257412.196660396,-874376.9735896103
RKO-BASKET  Call-UO  3M  ATM/H@15Δ,rko_basket,monthly,2024-09-30,-1483046.2758196546,24774365.920840736,-2357423.2494092695
RKO-BASKET  Call-UO  3M  ATM/H@15Δ,rko_basket,monthly,2024-10-31,-1532428.9476732688,23241936.973167464,-3889852.197082542
RKO-BASKET  Call-UO  3M  ATM/H@15Δ,rko_basket,monthly,2024-11-30,3855990.284752406,27097927.257919878,-33861.91233012825
RKO-BASKET  Call-UO  3M  ATM/H@15Δ,rko_basket,monthly,2024-12-31,2145637.315794821,29243564.573714703,0.0
RKO-BASKET  Call-UO  3M  ATM/H@15Δ,rko_basket,monthly,2025-01-31,1822215.5859261267,31065780.159640826,-74536.72780928761
RKO-BASKET  Call-UO  3M  ATM/H@15Δ,rko_basket,monthly,2025-02-28,2243616.546036236,33309396.705677055,0.0
RKO-BASKET  Call-UO  3M  ATM/H@15Δ,rko_basket,monthly,2025-03-31,239440.88913488216,33548837.594811924,-97212.0836815834
RKO-BASKET  Call-UO  3M  ATM/H@15Δ,rko_basket,monthly,2025-04-30,-1345256.030308911,32203581.564503018,-1442468.1139904894
RKO-BASKET  Call-UO  3M  ATM/H@15Δ,rko_basket,monthly,2025-05-31,-2035261.701680533,30168319.862822484,-3477729.815671023
RKO-BASKET  Call-UO  3M  ATM/H@15Δ,rko_basket,monthly,2025-06-30,-2133394.8799697147,28034924.982852764,-5611124.695640743
RKO-BASKET  Call-UO  3M  ATM/H@15Δ,rko_basket,monthly,2025-07-31,-1810010.0833504782,26224914.899502277,-7421134.77899123
RKO-BASKET  Call-UO  3M  ATM/H@15Δ,rko_basket,monthly,2025-08-31,1957063.4777655113,28181978.377267785,-5464071.301225722
RKO-BASKET  Call-UO  3M  ATM/H@15Δ,rko_basket,monthly,2025-09-30,5249285.687824348,33431264.06509213,-214785.6134013757
RKO-BASKET  Call-UO  3M  ATM/H@15Δ,rko_basket,monthly,2025-10-31,8306324.968234983,41737589.03332712,0.0
RKO-BASKET  Call-UO  3M  ATM/H@15Δ,rko_basket,monthly,2025-11-30,7555281.218394472,49292870.2517216,0.0
RKO-BASKET  Call-UO  3M  ATM/H@15Δ,rko_basket,monthly,2025-12-31,2696410.994018027,51989281.24573961,-206159.2649575472
RKO-BASKET  Call-UO  3M  ATM/H@15Δ,rko_basket,monthly,2026-01-31,3081602.266531997,55070883.512271605,0.0
RKO-BASKET  Call-UO  3M  ATM/H@15Δ,rko_basket,monthly,2026-02-28,-32095.7188518647,55038787.79341974,-905747.9994058013
RKO-BASKET  Call-UO  3M  ATM/H@15Δ,rko_basket,monthly,2026-03-31,2743328.20001367,57782115.993433416,0.0
RKO-BASKET  Call-UO  3M  ATM/H@15Δ,rko_basket,monthly,2026-04-30,-764832.1484701443,57017283.84496325,-1236982.1188709438
RKO-BASKET  Call-UO  3M  ATM/H@15Δ,rko_basket,monthly,2026-05-31,-513772.8089461324,56503511.03601712,-1750754.9278170764
RKO-BASKET  Call-UO  3M  ATM/H@15Δ,rko_basket,annual,2023-12-31,13009592.283626875,13009592.283626877,-2755609.3256133553
RKO-BASKET  Call-UO  3M  ATM/H@15Δ,rko_basket,annual,2024-12-31,16233972.290087823,29243564.573714703,0.0
RKO-BASKET  Call-UO  3M  ATM/H@15Δ,rko_basket,annual,2025-12-31,22745716.67202495,51989281.24573961,-206159.2649575472
RKO-BASKET  Call-UO  3M  ATM/H@15Δ,rko_basket,annual,2026-12-31,4514229.790277526,56503511.03601712,-1750754.9278170764
RKO-BASKET  Call-UO  3M  ATM/H@10Δ,rko_basket,monthly,2023-03-31,-106548.31227727773,-106548.31227727773,0.0
RKO-BASKET  Call-UO  3M  ATM/H@10Δ,rko_basket,monthly,2023-04-30,3136253.1102138925,3029704.7979366146,0.0
RKO-BASKET  Call-UO  3M  ATM/H@10Δ,rko_basket,monthly,2023-05-31,5914100.5025330875,8943805.3004697,0.0
RKO-BASKET  Call-UO  3M  ATM/H@10Δ,rko_basket,monthly,2023-06-30,2752610.2298330767,11696415.530302772,0.0
RKO-BASKET  Call-UO  3M  ATM/H@10Δ,rko_basket,monthly,2023-07-31,2339606.2072848557,14036021.73758763,0.0
RKO-BASKET  Call-UO  3M  ATM/H@10Δ,rko_basket,monthly,2023-08-31,3041736.5978172873,17077758.33540492,-579789.5210155696
RKO-BASKET  Call-UO  3M  ATM/H@10Δ,rko_basket,monthly,2023-09-30,5908279.252315822,22986037.587720726,0.0
RKO-BASKET  Call-UO  3M  ATM/H@10Δ,rko_basket,monthly,2023-10-31,7541530.202756088,30527567.790476818,0.0
RKO-BASKET  Call-UO  3M  ATM/H@10Δ,rko_basket,monthly,2023-11-30,1663135.263547523,32190703.05402434,-1350184.753040053
RKO-BASKET  Call-UO  3M  ATM/H@10Δ,rko_basket,monthly,2023-12-31,-2470975.015988546,29719728.0380358,-3821159.769028593
RKO-BASKET  Call-UO  3M  ATM/H@10Δ,rko_basket,monthly,2024-01-31,-2780112.876480547,26939615.161555246,-6601272.645509146
RKO-BASKET  Call-UO  3M  ATM/H@10Δ,rko_basket,monthly,2024-02-29,-265449.25654082454,26674165.90501442,-6866721.90204997
RKO-BASKET  Call-UO  3M  ATM/H@10Δ,rko_basket,monthly,2024-03-31,5429037.31259744,32103203.217611853,-1437684.5894525386
RKO-BASKET  Call-UO  3M  ATM/H@10Δ,rko_basket,monthly,2024-04-30,11413033.135273669,43516236.35288551,0.0
RKO-BASKET  Call-UO  3M  ATM/H@10Δ,rko_basket,monthly,2024-05-31,2492037.5407550554,46008273.893640555,0.0
RKO-BASKET  Call-UO  3M  ATM/H@10Δ,rko_basket,monthly,2024-06-30,4211227.156397858,50219501.05003842,0.0
RKO-BASKET  Call-UO  3M  ATM/H@10Δ,rko_basket,monthly,2024-07-31,1711680.5787551554,51931181.628793575,-23734.278638079762
RKO-BASKET  Call-UO  3M  ATM/H@10Δ,rko_basket,monthly,2024-08-31,-1383151.7518537275,50548029.87693984,-1406886.030491814
RKO-BASKET  Call-UO  3M  ATM/H@10Δ,rko_basket,monthly,2024-09-30,-2016433.832935153,48531596.04400468,-3423319.863426976
RKO-BASKET  Call-UO  3M  ATM/H@10Δ,rko_basket,monthly,2024-10-31,-2170476.1892092736,46361119.85479542,-5593796.052636236
RKO-BASKET  Call-UO  3M  ATM/H@10Δ,rko_basket,monthly,2024-11-30,4410815.613402265,50771935.468197696,-1182980.4392339587
RKO-BASKET  Call-UO  3M  ATM/H@10Δ,rko_basket,monthly,2024-12-31,4004222.346932777,54776157.815130495,0.0
RKO-BASKET  Call-UO  3M  ATM/H@10Δ,rko_basket,monthly,2025-01-31,5022301.024198927,59798458.83932942,0.0
RKO-BASKET  Call-UO  3M  ATM/H@10Δ,rko_basket,monthly,2025-02-28,2608445.942550943,62406904.78188035,0.0
RKO-BASKET  Call-UO  3M  ATM/H@10Δ,rko_basket,monthly,2025-03-31,-692286.3298007175,61714618.45207963,-739146.9669026211
RKO-BASKET  Call-UO  3M  ATM/H@10Δ,rko_basket,monthly,2025-04-30,-1974206.6312134746,59740411.82086614,-2713353.5981161147
RKO-BASKET  Call-UO  3M  ATM/H@10Δ,rko_basket,monthly,2025-05-31,-2798947.842372895,56941463.97849324,-5512301.440489009
RKO-BASKET  Call-UO  3M  ATM/H@10Δ,rko_basket,monthly,2025-06-30,-2898321.5592686813,54043142.41922457,-8410622.999757685
RKO-BASKET  Call-UO  3M  ATM/H@10Δ,rko_basket,monthly,2025-07-31,-2497355.9451128375,51545786.474111736,-10907978.944870517
RKO-BASKET  Call-UO  3M  ATM/H@10Δ,rko_basket,monthly,2025-08-31,1359753.7495654277,52905540.223677166,-9548225.195305087
RKO-BASKET  Call-UO  3M  ATM/H@10Δ,rko_basket,monthly,2025-09-30,6689239.588575924,59594779.812253095,-2858985.6067291573
RKO-BASKET  Call-UO  3M  ATM/H@10Δ,rko_basket,monthly,2025-10-31,13182877.308473146,72777657.12072626,0.0
RKO-BASKET  Call-UO  3M  ATM/H@10Δ,rko_basket,monthly,2025-11-30,9256906.858017264,82034563.97874355,0.0
RKO-BASKET  Call-UO  3M  ATM/H@10Δ,rko_basket,monthly,2025-12-31,6602016.673118153,88636580.65186173,0.0
RKO-BASKET  Call-UO  3M  ATM/H@10Δ,rko_basket,monthly,2026-01-31,3277696.551903892,91914277.20376562,0.0
RKO-BASKET  Call-UO  3M  ATM/H@10Δ,rko_basket,monthly,2026-02-28,-607339.1031194895,91306938.10064615,-1108864.7663489878
RKO-BASKET  Call-UO  3M  ATM/H@10Δ,rko_basket,monthly,2026-03-31,1981072.1744128272,93288010.27505895,0.0
RKO-BASKET  Call-UO  3M  ATM/H@10Δ,rko_basket,monthly,2026-04-30,-54167.92678573198,93233842.3482732,-324365.69869090617
RKO-BASKET  Call-UO  3M  ATM/H@10Δ,rko_basket,monthly,2026-05-31,-587723.0238484775,92646119.32442471,-912088.7225393951
RKO-BASKET  Call-UO  3M  ATM/H@10Δ,rko_basket,annual,2023-12-31,29719728.03803581,29719728.0380358,-3821159.769028593
RKO-BASKET  Call-UO  3M  ATM/H@10Δ,rko_basket,annual,2024-12-31,25056429.777094692,54776157.815130495,0.0
RKO-BASKET  Call-UO  3M  ATM/H@10Δ,rko_basket,annual,2025-12-31,33860422.83673117,88636580.65186173,0.0
RKO-BASKET  Call-UO  3M  ATM/H@10Δ,rko_basket,annual,2026-12-31,4009538.67256302,92646119.32442471,-912088.7225393951
RKO-BASKET  Call-UO  3M  ATM/H@5Δ,rko_basket,monthly,2023-03-31,-117800.76827344783,-117800.76827344783,0.0
RKO-BASKET  Call-UO  3M  ATM/H@5Δ,rko_basket,monthly,2023-04-30,3845148.985671625,3727348.2173981774,0.0
RKO-BASKET  Call-UO  3M  ATM/H@5Δ,rko_basket,monthly,2023-05-31,6531754.548991219,10259102.7663894,0.0
RKO-BASKET  Call-UO  3M  ATM/H@5Δ,rko_basket,monthly,2023-06-30,5747183.55819397,16006286.324583372,0.0
RKO-BASKET  Call-UO  3M  ATM/H@5Δ,rko_basket,monthly,2023-07-31,1964576.3492162854,17970862.673799653,0.0
RKO-BASKET  Call-UO  3M  ATM/H@5Δ,rko_basket,monthly,2023-08-31,9940660.658041712,27911523.331841365,0.0
RKO-BASKET  Call-UO  3M  ATM/H@5Δ,rko_basket,monthly,2023-09-30,14647148.906599184,42558672.238440536,0.0
RKO-BASKET  Call-UO  3M  ATM/H@5Δ,rko_basket,monthly,2023-10-31,13809502.00133763,56368174.23977815,0.0
RKO-BASKET  Call-UO  3M  ATM/H@5Δ,rko_basket,monthly,2023-11-30,1721813.2925187247,58089987.53229687,-1753009.5253020972
RKO-BASKET  Call-UO  3M  ATM/H@5Δ,rko_basket,monthly,2023-12-31,-3030911.9429467316,55059075.58935015,-4783921.468248822
RKO-BASKET  Call-UO  3M  ATM/H@5Δ,rko_basket,monthly,2024-01-31,-3232838.5169351334,51826237.07241502,-8016759.985183954
RKO-BASKET  Call-UO  3M  ATM/H@5Δ,rko_basket,monthly,2024-02-29,-724891.8280026923,51101345.24441232,-8741651.813186653
RKO-BASKET  Call-UO  3M  ATM/H@5Δ,rko_basket,monthly,2024-03-31,4741508.339937935,55842853.58435025,-4000143.47324872
RKO-BASKET  Call-UO  3M  ATM/H@5Δ,rko_basket,monthly,2024-04-30,11949773.57284129,67792627.15719154,0.0
RKO-BASKET  Call-UO  3M  ATM/H@5Δ,rko_basket,monthly,2024-05-31,5171368.7040819945,72963995.86127351,0.0
RKO-BASKET  Call-UO  3M  ATM/H@5Δ,rko_basket,monthly,2024-06-30,7209033.491241571,80173029.35251506,0.0
RKO-BASKET  Call-UO  3M  ATM/H@5Δ,rko_basket,monthly,2024-07-31,1523403.6686954885,81696433.02121054,-34151.83170965314
RKO-BASKET  Call-UO  3M  ATM/H@5Δ,rko_basket,monthly,2024-08-31,-1698395.256375446,79998037.76483512,-1732547.0880850703
RKO-BASKET  Call-UO  3M  ATM/H@5Δ,rko_basket,monthly,2024-09-30,-2264381.901099557,77733655.86373554,-3996928.989184648
RKO-BASKET  Call-UO  3M  ATM/H@5Δ,rko_basket,monthly,2024-10-31,-2572718.6996851834,75160937.16405036,-6569647.688869834
RKO-BASKET  Call-UO  3M  ATM/H@5Δ,rko_basket,monthly,2024-11-30,6112262.044804668,81273199.208855,-457385.6440651864
RKO-BASKET  Call-UO  3M  ATM/H@5Δ,rko_basket,monthly,2024-12-31,9952189.542279633,91225388.75113465,0.0
RKO-BASKET  Call-UO  3M  ATM/H@5Δ,rko_basket,monthly,2025-01-31,11332703.420828007,102558092.17196265,0.0
RKO-BASKET  Call-UO  3M  ATM/H@5Δ,rko_basket,monthly,2025-02-28,2966106.83724896,105524199.00921161,-349340.8802307695
RKO-BASKET  Call-UO  3M  ATM/H@5Δ,rko_basket,monthly,2025-03-31,-1341115.539974228,104183083.46923736,-1690456.4202050269
RKO-BASKET  Call-UO  3M  ATM/H@5Δ,rko_basket,monthly,2025-04-30,-2801768.5224625403,101381314.94677484,-4492224.942667544
RKO-BASKET  Call-UO  3M  ATM/H@5Δ,rko_basket,monthly,2025-05-31,-3583260.2840131773,97798054.66276167,-8075485.226680711
RKO-BASKET  Call-UO  3M  ATM/H@5Δ,rko_basket,monthly,2025-06-30,-3629512.6322678877,94168542.03049377,-11704997.858948618
RKO-BASKET  Call-UO  3M  ATM/H@5Δ,rko_basket,monthly,2025-07-31,-3465761.417697463,90702780.61279629,-15170759.276646093
RKO-BASKET  Call-UO  3M  ATM/H@5Δ,rko_basket,monthly,2025-08-31,-211533.14156533265,90491247.47123097,-15382292.418211415
RKO-BASKET  Call-UO  3M  ATM/H@5Δ,rko_basket,monthly,2025-09-30,5336573.7921455335,95827821.26337647,-10045718.62606591
RKO-BASKET  Call-UO  3M  ATM/H@5Δ,rko_basket,monthly,2025-10-31,13154367.9756546,108982189.23903109,0.0
RKO-BASKET  Call-UO  3M  ATM/H@5Δ,rko_basket,monthly,2025-11-30,8211753.69196966,117193942.93100075,0.0
RKO-BASKET  Call-UO  3M  ATM/H@5Δ,rko_basket,monthly,2025-12-31,7397464.37947977,124591407.3104805,0.0
RKO-BASKET  Call-UO  3M  ATM/H@5Δ,rko_basket,monthly,2026-01-31,3723856.6424592473,128315263.95293976,0.0
RKO-BASKET  Call-UO  3M  ATM/H@5Δ,rko_basket,monthly,2026-02-28,-418387.7401036145,127896876.21283613,-952536.2630218565
RKO-BASKET  Call-UO  3M  ATM/H@5Δ,rko_basket,monthly,2026-03-31,1522522.7665565514,129419398.97939268,0.0
RKO-BASKET  Call-UO  3M  ATM/H@5Δ,rko_basket,monthly,2026-04-30,-191535.4439757825,129227863.5354169,-297604.70293085277
RKO-BASKET  Call-UO  3M  ATM/H@5Δ,rko_basket,monthly,2026-05-31,-754099.2298497097,128473764.3055672,-1051703.932780549
RKO-BASKET  Call-UO  3M  ATM/H@5Δ,rko_basket,annual,2023-12-31,55059075.58935017,55059075.58935015,-4783921.468248822
RKO-BASKET  Call-UO  3M  ATM/H@5Δ,rko_basket,annual,2024-12-31,36166313.16178457,91225388.75113465,0.0
RKO-BASKET  Call-UO  3M  ATM/H@5Δ,rko_basket,annual,2025-12-31,33366018.5593459,124591407.3104805,0.0
RKO-BASKET  Call-UO  3M  ATM/H@5Δ,rko_basket,annual,2026-12-31,3882356.995086692,128473764.3055672,-1051703.932780549
RKO-BASKET  Call-UO  3M  45Δ/H@20Δ,rko_basket,monthly,2023-03-31,-42870.12301750629,-42870.12301750629,0.0
RKO-BASKET  Call-UO  3M  45Δ/H@20Δ,rko_basket,monthly,2023-04-30,-614668.6667925935,-657538.7898100999,-614668.6667925935
RKO-BASKET  Call-UO  3M  45Δ/H@20Δ,rko_basket,monthly,2023-05-31,1379849.9044870986,722311.1146769987,-25964.191392865032
RKO-BASKET  Call-UO  3M  45Δ/H@20Δ,rko_basket,monthly,2023-06-30,924984.0754875264,1647295.1901645248,0.0
RKO-BASKET  Call-UO  3M  45Δ/H@20Δ,rko_basket,monthly,2023-07-31,1381648.4784220234,3028943.668586548,0.0
RKO-BASKET  Call-UO  3M  45Δ/H@20Δ,rko_basket,monthly,2023-08-31,52382.12942134549,3081325.798007894,-183011.80349363154
RKO-BASKET  Call-UO  3M  45Δ/H@20Δ,rko_basket,monthly,2023-09-30,904987.0108759603,3986312.808883855,0.0
RKO-BASKET  Call-UO  3M  45Δ/H@20Δ,rko_basket,monthly,2023-10-31,1069462.7835988274,5055775.592482683,0.0
RKO-BASKET  Call-UO  3M  45Δ/H@20Δ,rko_basket,monthly,2023-11-30,273714.99950574245,5329490.591988425,-470357.13145630807
RKO-BASKET  Call-UO  3M  45Δ/H@20Δ,rko_basket,monthly,2023-12-31,-906705.962038484,4422784.6299499385,-1377063.0934947943
RKO-BASKET  Call-UO  3M  45Δ/H@20Δ,rko_basket,monthly,2024-01-31,-1036938.4002586628,3385846.229691275,-2414001.493753458
RKO-BASKET  Call-UO  3M  45Δ/H@20Δ,rko_basket,monthly,2024-02-29,573875.1335789578,3959721.363270233,-1840126.3601745
RKO-BASKET  Call-UO  3M  45Δ/H@20Δ,rko_basket,monthly,2024-03-31,1416509.1374115334,5376230.500681765,-423617.22276296746
RKO-BASKET  Call-UO  3M  45Δ/H@20Δ,rko_basket,monthly,2024-04-30,-204118.7743404164,5172111.72634135,-627735.9971033828
RKO-BASKET  Call-UO  3M  45Δ/H@20Δ,rko_basket,monthly,2024-05-31,-67333.82082395875,5104777.905517391,-695069.8179273419
RKO-BASKET  Call-UO  3M  45Δ/H@20Δ,rko_basket,monthly,2024-06-30,462104.11714469956,5566882.02266209,-232965.7007826427
RKO-BASKET  Call-UO  3M  45Δ/H@20Δ,rko_basket,monthly,2024-07-31,1611301.8245632348,7178183.847225324,0.0
RKO-BASKET  Call-UO  3M  45Δ/H@20Δ,rko_basket,monthly,2024-08-31,-350818.15835971077,6827365.688865614,-447299.99771932606
RKO-BASKET  Call-UO  3M  45Δ/H@20Δ,rko_basket,monthly,2024-09-30,-726694.1398909476,6100671.548974668,-1173994.1376102725
RKO-BASKET  Call-UO  3M  45Δ/H@20Δ,rko_basket,monthly,2024-10-31,-782708.2476448943,5317963.301329774,-1956702.3852551663
RKO-BASKET  Call-UO  3M  45Δ/H@20Δ,rko_basket,monthly,2024-11-30,1683015.1111409625,7000978.412470737,-273687.27411420364
RKO-BASKET  Call-UO  3M  45Δ/H@20Δ,rko_basket,monthly,2024-12-31,1973924.383669685,8974902.796140421,-52566.75141806714
RKO-BASKET  Call-UO  3M  45Δ/H@20Δ,rko_basket,monthly,2025-01-31,2106352.715876702,11081255.512017123,-34270.79771117866
RKO-BASKET  Call-UO  3M  45Δ/H@20Δ,rko_basket,monthly,2025-02-28,563555.7352654937,11644811.247282617,-16757.261360060424
RKO-BASKET  Call-UO  3M  45Δ/H@20Δ,rko_basket,monthly,2025-03-31,640011.9866067878,12284823.233889403,0.0
RKO-BASKET  Call-UO  3M  45Δ/H@20Δ,rko_basket,monthly,2025-04-30,-833693.8167937176,11451129.417095682,-833693.8167937212
RKO-BASKET  Call-UO  3M  45Δ/H@20Δ,rko_basket,monthly,2025-05-31,-952646.3514728522,10498483.065622827,-1786340.1682665758
RKO-BASKET  Call-UO  3M  45Δ/H@20Δ,rko_basket,monthly,2025-06-30,-996726.1755732294,9501756.890049601,-2783066.343839802
RKO-BASKET  Call-UO  3M  45Δ/H@20Δ,rko_basket,monthly,2025-07-31,-661166.1225037711,8840590.767545832,-3444232.4663435705
RKO-BASKET  Call-UO  3M  45Δ/H@20Δ,rko_basket,monthly,2025-08-31,723876.5479181161,9564467.315463949,-2720355.918425454
RKO-BASKET  Call-UO  3M  45Δ/H@20Δ,rko_basket,monthly,2025-09-30,2356307.4802798023,11920774.79574375,-364048.4381456524
RKO-BASKET  Call-UO  3M  45Δ/H@20Δ,rko_basket,monthly,2025-10-31,913925.9891207379,12834700.784864485,0.0
RKO-BASKET  Call-UO  3M  45Δ/H@20Δ,rko_basket,monthly,2025-11-30,3421153.740076419,16255854.524940902,0.0
RKO-BASKET  Call-UO  3M  45Δ/H@20Δ,rko_basket,monthly,2025-12-31,668135.1072394946,16923989.632180396,-584250.6709142253
RKO-BASKET  Call-UO  3M  45Δ/H@20Δ,rko_basket,monthly,2026-01-31,-478298.160483896,16445691.471696502,-1062548.8313981201
RKO-BASKET  Call-UO  3M  45Δ/H@20Δ,rko_basket,monthly,2026-02-28,462021.50334968703,16907712.975046188,-600527.3280484341
RKO-BASKET  Call-UO  3M  45Δ/H@20Δ,rko_basket,monthly,2026-03-31,2217463.945646621,19125176.92069281,0.0
RKO-BASKET  Call-UO  3M  45Δ/H@20Δ,rko_basket,monthly,2026-04-30,-271238.0880419171,18853938.832650885,-680495.1679527797
RKO-BASKET  Call-UO  3M  45Δ/H@20Δ,rko_basket,monthly,2026-05-31,-290048.4894237892,18563890.343227096,-970543.6573765688
RKO-BASKET  Call-UO  3M  45Δ/H@20Δ,rko_basket,annual,2023-12-31,4422784.629949939,4422784.6299499385,-1377063.0934947943
RKO-BASKET  Call-UO  3M  45Δ/H@20Δ,rko_basket,annual,2024-12-31,4552118.166190483,8974902.796140421,-52566.75141806714
RKO-BASKET  Call-UO  3M  45Δ/H@20Δ,rko_basket,annual,2025-12-31,7949086.836039983,16923989.632180396,-584250.6709142253
RKO-BASKET  Call-UO  3M  45Δ/H@20Δ,rko_basket,annual,2026-12-31,1639900.7110467057,18563890.343227096,-970543.6573765688
RKO-BASKET  Call-UO  3M  45Δ/H@15Δ,rko_basket,monthly,2023-03-31,-63750.706669234205,-63750.706669234205,0.0
RKO-BASKET  Call-UO  3M  45Δ/H@15Δ,rko_basket,monthly,2023-04-30,-818791.4190309431,-882542.1257001773,-818791.4190309431
RKO-BASKET  Call-UO  3M  45Δ/H@15Δ,rko_basket,monthly,2023-05-31,3124826.272044787,2242284.14634461,0.0
RKO-BASKET  Call-UO  3M  45Δ/H@15Δ,rko_basket,monthly,2023-06-30,1558412.00837045,3800696.1547150603,0.0
RKO-BASKET  Call-UO  3M  45Δ/H@15Δ,rko_basket,monthly,2023-07-31,2406771.746220133,6207467.900935191,0.0
RKO-BASKET  Call-UO  3M  45Δ/H@15Δ,rko_basket,monthly,2023-08-31,535262.4142351837,6742730.315170376,-351662.35007690545
RKO-BASKET  Call-UO  3M  45Δ/H@15Δ,rko_basket,monthly,2023-09-30,2277293.8502503294,9020024.165420707,0.0
RKO-BASKET  Call-UO  3M  45Δ/H@15Δ,rko_basket,monthly,2023-10-31,1917959.0132989478,10937983.178719653,0.0
RKO-BASKET  Call-UO  3M  45Δ/H@15Δ,rko_basket,monthly,2023-11-30,476617.88520552946,11414601.063925184,-818780.5222088192
RKO-BASKET  Call-UO  3M  45Δ/H@15Δ,rko_basket,monthly,2023-12-31,-1425359.4400987218,9989241.62382646,-2244139.9623075426
RKO-BASKET  Call-UO  3M  45Δ/H@15Δ,rko_basket,monthly,2024-01-31,-1601383.447151617,8387858.176674844,-3845523.4094591597
RKO-BASKET  Call-UO  3M  45Δ/H@15Δ,rko_basket,monthly,2024-02-29,231081.28896385047,8618939.465638695,-3614442.120495308
RKO-BASKET  Call-UO  3M  45Δ/H@15Δ,rko_basket,monthly,2024-03-31,2457851.3673794256,11076790.83301812,-1156590.753115883
RKO-BASKET  Call-UO  3M  45Δ/H@15Δ,rko_basket,monthly,2024-04-30,5960532.5949129965,17037323.427931122,0.0
RKO-BASKET  Call-UO  3M  45Δ/H@15Δ,rko_basket,monthly,2024-05-31,572705.2100760023,17610028.638007123,0.0
RKO-BASKET  Call-UO  3M  45Δ/H@15Δ,rko_basket,monthly,2024-06-30,2353113.430133824,19963142.068140946,0.0
RKO-BASKET  Call-UO  3M  45Δ/H@15Δ,rko_basket,monthly,2024-07-31,1299478.870246713,21262620.93838766,-33311.9080359526
RKO-BASKET  Call-UO  3M  45Δ/H@15Δ,rko_basket,monthly,2024-08-31,-854502.193236884,20408118.74515077,-887814.10127284
RKO-BASKET  Call-UO  3M  45Δ/H@15Δ,rko_basket,monthly,2024-09-30,-1214385.7143231174,19193733.030827664,-2102199.815595947
RKO-BASKET  Call-UO  3M  45Δ/H@15Δ,rko_basket,monthly,2024-10-31,-1317845.937677583,17875887.093150076,-3420045.7532735355
RKO-BASKET  Call-UO  3M  45Δ/H@15Δ,rko_basket,monthly,2024-11-30,2954624.398541426,20830511.49169151,-465421.3547320999
RKO-BASKET  Call-UO  3M  45Δ/H@15Δ,rko_basket,monthly,2024-12-31,1694392.582339014,22524904.07403053,0.0
RKO-BASKET  Call-UO  3M  45Δ/H@15Δ,rko_basket,monthly,2025-01-31,1545432.029398049,24070336.103428572,-55316.907699510455
RKO-BASKET  Call-UO  3M  45Δ/H@15Δ,rko_basket,monthly,2025-02-28,1253438.209666514,25323774.313095085,-63700.78470914811
RKO-BASKET  Call-UO  3M  45Δ/H@15Δ,rko_basket,monthly,2025-03-31,-48474.19682841835,25275300.116266664,-156816.44040857255
RKO-BASKET  Call-UO  3M  45Δ/H@15Δ,rko_basket,monthly,2025-04-30,-1197477.5215813261,24077822.594685335,-1354293.961989902
RKO-BASKET  Call-UO  3M  45Δ/H@15Δ,rko_basket,monthly,2025-05-31,-1524611.6529591682,22553210.941726167,-2878905.61494907
RKO-BASKET  Call-UO  3M  45Δ/H@15Δ,rko_basket,monthly,2025-06-30,-1590032.3408734193,20963178.60085275,-4468937.955822486
RKO-BASKET  Call-UO  3M  45Δ/H@15Δ,rko_basket,monthly,2025-07-31,-1376184.5588251804,19586994.042027567,-5845122.51464767
RKO-BASKET  Call-UO  3M  45Δ/H@15Δ,rko_basket,monthly,2025-08-31,1179002.0383416098,20765996.080369174,-4666120.476306062
RKO-BASKET  Call-UO  3M  45Δ/H@15Δ,rko_basket,monthly,2025-09-30,3884100.7694351673,24650096.849804334,-782019.7068709023
RKO-BASKET  Call-UO  3M  45Δ/H@15Δ,rko_basket,monthly,2025-10-31,7144373.338684214,31794470.18848855,0.0
RKO-BASKET  Call-UO  3M  45Δ/H@15Δ,rko_basket,monthly,2025-11-30,6507428.091577731,38301898.28006628,0.0
RKO-BASKET  Call-UO  3M  45Δ/H@15Δ,rko_basket,monthly,2025-12-31,2425642.935602485,40727541.21566875,-45429.50614027679
RKO-BASKET  Call-UO  3M  45Δ/H@15Δ,rko_basket,monthly,2026-01-31,2844566.2003713385,43572107.41604009,0.0
RKO-BASKET  Call-UO  3M  45Δ/H@15Δ,rko_basket,monthly,2026-02-28,-35096.05819917479,43537011.35784091,-778858.2038748041
RKO-BASKET  Call-UO  3M  45Δ/H@15Δ,rko_basket,monthly,2026-03-31,2036059.8923483328,45573071.25018924,0.0
RKO-BASKET  Call-UO  3M  45Δ/H@15Δ,rko_basket,monthly,2026-04-30,-799499.7006064842,44773571.54958279,-1133694.6090391278
RKO-BASKET  Call-UO  3M  45Δ/H@15Δ,rko_basket,monthly,2026-05-31,-423359.8179022638,44350211.73168053,-1557054.4269413874
RKO-BASKET  Call-UO  3M  45Δ/H@15Δ,rko_basket,annual,2023-12-31,9989241.62382646,9989241.62382646,-2244139.9623075426
RKO-BASKET  Call-UO  3M  45Δ/H@15Δ,rko_basket,annual,2024-12-31,12535662.45020405,22524904.07403053,0.0
RKO-BASKET  Call-UO  3M  45Δ/H@15Δ,rko_basket,annual,2025-12-31,18202637.141638257,40727541.21566875,-45429.50614027679
RKO-BASKET  Call-UO  3M  45Δ/H@15Δ,rko_basket,annual,2026-12-31,3622670.5160117485,44350211.73168053,-1557054.4269413874
RKO-BASKET  Call-UO  3M  45Δ/H@10Δ,rko_basket,monthly,2023-03-31,-81265.09996453948,-81265.09996453948,0.0
RKO-BASKET  Call-UO  3M  45Δ/H@10Δ,rko_basket,monthly,2023-04-30,2382846.9502467834,2301581.8502822435,0.0
RKO-BASKET  Call-UO  3M  45Δ/H@10Δ,rko_basket,monthly,2023-05-31,4733322.678746548,7034904.529028791,0.0
RKO-BASKET  Call-UO  3M  45Δ/H@10Δ,rko_basket,monthly,2023-06-30,2116169.0512407403,9151073.58026953,0.0
RKO-BASKET  Call-UO  3M  45Δ/H@10Δ,rko_basket,monthly,2023-07-31,1962996.8574981655,11114070.437767697,0.0
RKO-BASKET  Call-UO  3M  45Δ/H@10Δ,rko_basket,monthly,2023-08-31,2535583.9138441416,13649654.35161184,-545561.2298963349
RKO-BASKET  Call-UO  3M  45Δ/H@10Δ,rko_basket,monthly,2023-09-30,5125230.7278823415,18774885.07949418,0.0
RKO-BASKET  Call-UO  3M  45Δ/H@10Δ,rko_basket,monthly,2023-10-31,6637186.4206170635,25412071.50011125,0.0
RKO-BASKET  Call-UO  3M  45Δ/H@10Δ,rko_basket,monthly,2023-11-30,1143540.839278889,26555612.33939014,-1212519.8160379604
RKO-BASKET  Call-UO  3M  45Δ/H@10Δ,rko_basket,monthly,2023-12-31,-1974841.329146704,24580771.010243434,-3187361.145184666
RKO-BASKET  Call-UO  3M  45Δ/H@10Δ,rko_basket,monthly,2024-01-31,-2157475.102843784,22423295.907399647,-5344836.248028453
RKO-BASKET  Call-UO  3M  45Δ/H@10Δ,rko_basket,monthly,2024-02-29,-389336.4246663111,22033959.482733343,-5734172.672694758
RKO-BASKET  Call-UO  3M  45Δ/H@10Δ,rko_basket,monthly,2024-03-31,4524162.232340479,26558121.71507382,-1210010.4403542802
RKO-BASKET  Call-UO  3M  45Δ/H@10Δ,rko_basket,monthly,2024-04-30,10201223.808969868,36759345.524043694,0.0
RKO-BASKET  Call-UO  3M  45Δ/H@10Δ,rko_basket,monthly,2024-05-31,1781308.6087944105,38540654.13283811,0.0
RKO-BASKET  Call-UO  3M  45Δ/H@10Δ,rko_basket,monthly,2024-06-30,3555506.16203858,42096160.29487669,0.0
RKO-BASKET  Call-UO  3M  45Δ/H@10Δ,rko_basket,monthly,2024-07-31,941948.5142962529,43038108.809172936,-253647.4279840812
RKO-BASKET  Call-UO  3M  45Δ/H@10Δ,rko_basket,monthly,2024-08-31,-1368851.7613477826,41669257.04782516,-1622499.1893318594
RKO-BASKET  Call-UO  3M  45Δ/H@10Δ,rko_basket,monthly,2024-09-30,-1680414.285004729,39988842.762820445,-3302913.474336572
RKO-BASKET  Call-UO  3M  45Δ/H@10Δ,rko_basket,monthly,2024-10-31,-1871588.755632069,38117254.00718838,-5174502.229968637
RKO-BASKET  Call-UO  3M  45Δ/H@10Δ,rko_basket,monthly,2024-11-30,3475093.700733387,41592347.70792176,-1699408.5292352587
RKO-BASKET  Call-UO  3M  45Δ/H@10Δ,rko_basket,monthly,2024-12-31,3395800.533862569,44988148.24178433,0.0
RKO-BASKET  Call-UO  3M  45Δ/H@10Δ,rko_basket,monthly,2025-01-31,4334951.33139355,49323099.573177874,0.0
RKO-BASKET  Call-UO  3M  45Δ/H@10Δ,rko_basket,monthly,2025-02-28,1516479.074955253,50839578.648133144,-474406.142379567
RKO-BASKET  Call-UO  3M  45Δ/H@10Δ,rko_basket,monthly,2025-03-31,-852205.2843098596,49987373.36382327,-1326611.4266894385
RKO-BASKET  Call-UO  3M  45Δ/H@10Δ,rko_basket,monthly,2025-04-30,-1768464.129964131,48218909.233859144,-3095075.5566535667
RKO-BASKET  Call-UO  3M  45Δ/H@10Δ,rko_basket,monthly,2025-05-31,-2190679.5725785834,46028229.66128056,-5285755.129232153
RKO-BASKET  Call-UO  3M  45Δ/H@10Δ,rko_basket,monthly,2025-06-30,-2266096.17743091,43762133.48384967,-7551851.306663044
RKO-BASKET  Call-UO  3M  45Δ/H@10Δ,rko_basket,monthly,2025-07-31,-1957231.6909579479,41804901.79289173,-9509082.997620977
RKO-BASKET  Call-UO  3M  45Δ/H@10Δ,rko_basket,monthly,2025-08-31,702493.6311700623,42507395.42406178,-8806589.366450928
RKO-BASKET  Call-UO  3M  45Δ/H@10Δ,rko_basket,monthly,2025-09-30,5215617.072824747,47723012.49688654,-3590972.2936261743
RKO-BASKET  Call-UO  3M  45Δ/H@10Δ,rko_basket,monthly,2025-10-31,11494615.613999078,59217628.11088561,0.0
RKO-BASKET  Call-UO  3M  45Δ/H@10Δ,rko_basket,monthly,2025-11-30,7993673.0037186975,67211301.11460432,0.0
RKO-BASKET  Call-UO  3M  45Δ/H@10Δ,rko_basket,monthly,2025-12-31,5728653.982153508,72939955.09675783,0.0
RKO-BASKET  Call-UO  3M  45Δ/H@10Δ,rko_basket,monthly,2026-01-31,2937550.441797281,75877505.5385551,0.0
RKO-BASKET  Call-UO  3M  45Δ/H@10Δ,rko_basket,monthly,2026-02-28,-557286.4030032005,75320219.13555185,-1009520.24669227
RKO-BASKET  Call-UO  3M  45Δ/H@10Δ,rko_basket,monthly,2026-03-31,1390870.6131665572,76711089.74871841,0.0
RKO-BASKET  Call-UO  3M  45Δ/H@10Δ,rko_basket,monthly,2026-04-30,-215277.48971959413,76495812.25899883,-376302.0429523289
RKO-BASKET  Call-UO  3M  45Δ/H@10Δ,rko_basket,monthly,2026-05-31,-533407.460646255,75962404.79835258,-909709.5035985708
RKO-BASKET  Call-UO  3M  45Δ/H@10Δ,rko_basket,annual,2023-12-31,24580771.010243427,24580771.010243434,-3187361.145184666
RKO-BASKET  Call-UO  3M  45Δ/H@10Δ,rko_basket,annual,2024-12-31,20407377.23154087,44988148.24178433,0.0
RKO-BASKET  Call-UO  3M  45Δ/H@10Δ,rko_basket,annual,2025-12-31,27951806.854973465,72939955.09675783,0.0
RKO-BASKET  Call-UO  3M  45Δ/H@10Δ,rko_basket,annual,2026-12-31,3022449.7015947886,75962404.79835258,-909709.5035985708
RKO-BASKET  Call-UO  3M  45Δ/H@5Δ,rko_basket,monthly,2023-03-31,-90479.90118417771,-90479.90118417771,0.0
RKO-BASKET  Call-UO  3M  45Δ/H@5Δ,rko_basket,monthly,2023-04-30,3013981.7665183367,2923501.865334159,0.0
RKO-BASKET  Call-UO  3M  45Δ/H@5Δ,rko_basket,monthly,2023-05-31,5291413.360996371,8214915.226330531,0.0
RKO-BASKET  Call-UO  3M  45Δ/H@5Δ,rko_basket,monthly,2023-06-30,4906750.114929523,13121665.341260053,0.0
RKO-BASKET  Call-UO  3M  45Δ/H@5Δ,rko_basket,monthly,2023-07-31,1642807.6114658902,14764472.952725945,0.0
RKO-BASKET  Call-UO  3M  45Δ/H@5Δ,rko_basket,monthly,2023-08-31,8864576.787114995,23629049.739840936,0.0
RKO-BASKET  Call-UO  3M  45Δ/H@5Δ,rko_basket,monthly,2023-09-30,13137196.720218748,36766246.46005969,0.0
RKO-BASKET  Call-UO  3M  45Δ/H@5Δ,rko_basket,monthly,2023-10-31,12371576.539616052,49137822.999675736,0.0
RKO-BASKET  Call-UO  3M  45Δ/H@5Δ,rko_basket,monthly,2023-11-30,1191671.4552324708,50329494.4549082,-1588394.5616753846
RKO-BASKET  Call-UO  3M  45Δ/H@5Δ,rko_basket,monthly,2023-12-31,-2461645.4702270688,47867848.98468113,-4050040.031902455
RKO-BASKET  Call-UO  3M  45Δ/H@5Δ,rko_basket,monthly,2024-01-31,-2548985.0611003796,45318863.923580736,-6599025.093002848
RKO-BASKET  Call-UO  3M  45Δ/H@5Δ,rko_basket,monthly,2024-02-29,-792118.8362742539,44526745.08730648,-7391143.929277107
RKO-BASKET  Call-UO  3M  45Δ/H@5Δ,rko_basket,monthly,2024-03-31,3916356.1016738657,48443101.18898034,-3474787.8276032433
RKO-BASKET  Call-UO  3M  45Δ/H@5Δ,rko_basket,monthly,2024-04-30,10714368.174000386,59157469.36298074,0.0
RKO-BASKET  Call-UO  3M  45Δ/H@5Δ,rko_basket,monthly,2024-05-31,4138154.4615076506,63295623.82448838,0.0
RKO-BASKET  Call-UO  3M  45Δ/H@5Δ,rko_basket,monthly,2024-06-30,6203861.3565601865,69499485.18104856,0.0
RKO-BASKET  Call-UO  3M  45Δ/H@5Δ,rko_basket,monthly,2024-07-31,782106.8545869266,70281592.0356355,-336203.68881978095
RKO-BASKET  Call-UO  3M  45Δ/H@5Δ,rko_basket,monthly,2024-08-31,-1643701.624709179,68637890.41092633,-1979905.313528955
RKO-BASKET  Call-UO  3M  45Δ/H@5Δ,rko_basket,monthly,2024-09-30,-1931467.0400641027,66706423.37086224,-3911372.353593044
RKO-BASKET  Call-UO  3M  45Δ/H@5Δ,rko_basket,monthly,2024-10-31,-2248097.420756327,64458325.95010592,-6159469.774349362
RKO-BASKET  Call-UO  3M  45Δ/H@5Δ,rko_basket,monthly,2024-11-30,5045323.1602653805,69503649.1103713,-1114146.6140839756
RKO-BASKET  Call-UO  3M  45Δ/H@5Δ,rko_basket,monthly,2024-12-31,8872104.651428768,78375753.7618001,0.0
RKO-BASKET  Call-UO  3M  45Δ/H@5Δ,rko_basket,monthly,2025-01-31,10060225.430692846,88435979.19249295,0.0
RKO-BASKET  Call-UO  3M  45Δ/H@5Δ,rko_basket,monthly,2025-02-28,1829572.112909457,90265551.30540241,-976182.9661970437
RKO-BASKET  Call-UO  3M  45Δ/H@5Δ,rko_basket,monthly,2025-03-31,-1454084.3182582895,88811466.98714411,-2430267.284455344
RKO-BASKET  Call-UO  3M  45Δ/H@5Δ,rko_basket,monthly,2025-04-30,-2492672.483251076,86318794.50389303,-4922939.767706424
RKO-BASKET  Call-UO  3M  45Δ/H@5Δ,rko_basket,monthly,2025-05-31,-2877016.658272447,83441777.84562059,-7799956.425978869
RKO-BASKET  Call-UO  3M  45Δ/H@5Δ,rko_basket,monthly,2025-06-30,-2931711.1749066054,80510066.67071398,-10731667.60088548
RKO-BASKET  Call-UO  3M  45Δ/H@5Δ,rko_basket,monthly,2025-07-31,-2810111.3070242326,77699955.36368975,-13541778.907909706
RKO-BASKET  Call-UO  3M  45Δ/H@5Δ,rko_basket,monthly,2025-08-31,-702685.6682699992,76997269.69541973,-14244464.576179728
RKO-BASKET  Call-UO  3M  45Δ/H@5Δ,rko_basket,monthly,2025-09-30,4000406.5006412575,80997676.19606099,-10244058.075538471
RKO-BASKET  Call-UO  3M  45Δ/H@5Δ,rko_basket,monthly,2025-10-31,11493245.534632627,92490921.73069362,0.0
RKO-BASKET  Call-UO  3M  45Δ/H@5Δ,rko_basket,monthly,2025-11-30,7060672.17714458,99551593.90783821,0.0
RKO-BASKET  Call-UO  3M  45Δ/H@5Δ,rko_basket,monthly,2025-12-31,6375633.396870775,105927227.304709,0.0
RKO-BASKET  Call-UO  3M  45Δ/H@5Δ,rko_basket,monthly,2026-01-31,3353452.1903228275,109280679.49503182,0.0
RKO-BASKET  Call-UO  3M  45Δ/H@5Δ,rko_basket,monthly,2026-02-28,-413944.44080371613,108866735.05422811,-908646.3486172706
RKO-BASKET  Call-UO  3M  45Δ/H@5Δ,rko_basket,monthly,2026-03-31,995972.6457443843,109862707.69997251,-19109.707607373595
RKO-BASKET  Call-UO  3M  45Δ/H@5Δ,rko_basket,monthly,2026-04-30,-341731.24166832713,109520976.45830415,-360840.94927573204
RKO-BASKET  Call-UO  3M  45Δ/H@5Δ,rko_basket,monthly,2026-05-31,-697106.9378622295,108823869.5204419,-1057947.8871379793
RKO-BASKET  Call-UO  3M  45Δ/H@5Δ,rko_basket,annual,2023-12-31,47867848.98468114,47867848.98468113,-4050040.031902455
RKO-BASKET  Call-UO  3M  45Δ/H@5Δ,rko_basket,annual,2024-12-31,30507904.77711892,78375753.7618001,0.0
RKO-BASKET  Call-UO  3M  45Δ/H@5Δ,rko_basket,annual,2025-12-31,27551473.542908892,105927227.304709,0.0
RKO-BASKET  Call-UO  3M  45Δ/H@5Δ,rko_basket,annual,2026-12-31,2896642.215732939,108823869.5204419,-1057947.8871379793
RKO-BASKET  Call-UO  3M  40Δ/H@20Δ,rko_basket,monthly,2023-03-31,-26938.02416468088,-26938.02416468088,0.0
RKO-BASKET  Call-UO  3M  40Δ/H@20Δ,rko_basket,monthly,2023-04-30,-434315.45197320136,-461253.4761378821,-434315.45197320124
RKO-BASKET  Call-UO  3M  40Δ/H@20Δ,rko_basket,monthly,2023-05-31,774186.4804201773,312933.00428229524,-25452.176518170803
RKO-BASKET  Call-UO  3M  40Δ/H@20Δ,rko_basket,monthly,2023-06-30,540689.3991176924,853622.4033999876,0.0
RKO-BASKET  Call-UO  3M  40Δ/H@20Δ,rko_basket,monthly,2023-07-31,1172114.3130395068,2025736.7164394946,0.0
RKO-BASKET  Call-UO  3M  40Δ/H@20Δ,rko_basket,monthly,2023-08-31,-77089.03241887706,1948647.6840206173,-161536.22002532636
RKO-BASKET  Call-UO  3M  40Δ/H@20Δ,rko_basket,monthly,2023-09-30,601633.897058638,2550281.5810792553,0.0
RKO-BASKET  Call-UO  3M  40Δ/H@20Δ,rko_basket,monthly,2023-10-31,736721.0395351931,3287002.620614449,0.0
RKO-BASKET  Call-UO  3M  40Δ/H@20Δ,rko_basket,monthly,2023-11-30,64782.93977257598,3351785.560387025,-383898.996075124
RKO-BASKET  Call-UO  3M  40Δ/H@20Δ,rko_basket,monthly,2023-12-31,-595669.2627654804,2756116.2976215445,-979568.2588406047
RKO-BASKET  Call-UO  3M  40Δ/H@20Δ,rko_basket,monthly,2024-01-31,-663638.3442232334,2092477.9533983115,-1643206.6030638376
RKO-BASKET  Call-UO  3M  40Δ/H@20Δ,rko_basket,monthly,2024-02-29,279539.1979542874,2372017.151352599,-1363667.4051095503
RKO-BASKET  Call-UO  3M  40Δ/H@20Δ,rko_basket,monthly,2024-03-31,959761.7393693922,3331778.890721991,-403905.66574015794
RKO-BASKET  Call-UO  3M  40Δ/H@20Δ,rko_basket,monthly,2024-04-30,-79719.02151343263,3252059.8692085575,-483624.6872535916
RKO-BASKET  Call-UO  3M  40Δ/H@20Δ,rko_basket,monthly,2024-05-31,-208625.1991822541,3043434.6700263033,-692249.8864358459
RKO-BASKET  Call-UO  3M  40Δ/H@20Δ,rko_basket,monthly,2024-06-30,275573.7868914834,3319008.4569177874,-416676.0995443617
RKO-BASKET  Call-UO  3M  40Δ/H@20Δ,rko_basket,monthly,2024-07-31,791409.270148062,4110417.7270658477,-125190.039194752
RKO-BASKET  Call-UO  3M  40Δ/H@20Δ,rko_basket,monthly,2024-08-31,-385073.726149358,3725344.0009164894,-510263.7653441103
RKO-BASKET  Call-UO  3M  40Δ/H@20Δ,rko_basket,monthly,2024-09-30,-520545.540501156,3204798.460415335,-1030809.3058452648
RKO-BASKET  Call-UO  3M  40Δ/H@20Δ,rko_basket,monthly,2024-10-31,-590610.0391465041,2614188.4212688305,-1621419.3449917692
RKO-BASKET  Call-UO  3M  40Δ/H@20Δ,rko_basket,monthly,2024-11-30,956177.8279033009,3570366.249172132,-665241.5170884677
RKO-BASKET  Call-UO  3M  40Δ/H@20Δ,rko_basket,monthly,2024-12-31,1253239.0757744354,4823605.324946568,-33403.90912532434
RKO-BASKET  Call-UO  3M  40Δ/H@20Δ,rko_basket,monthly,2025-01-31,1490196.5622285395,6313801.8871751055,-22064.003225316294
RKO-BASKET  Call-UO  3M  40Δ/H@20Δ,rko_basket,monthly,2025-02-28,-65184.83880157764,6248617.04837353,-257941.8865643777
RKO-BASKET  Call-UO  3M  40Δ/H@20Δ,rko_basket,monthly,2025-03-31,141833.90414724467,6390450.952520775,-116107.9824171327
RKO-BASKET  Call-UO  3M  40Δ/H@20Δ,rko_basket,monthly,2025-04-30,-601332.2050761855,5789118.747444589,-717440.1874933187
RKO-BASKET  Call-UO  3M  40Δ/H@20Δ,rko_basket,monthly,2025-05-31,-611295.179505576,5177823.567939012,-1328735.366998895
RKO-BASKET  Call-UO  3M  40Δ/H@20Δ,rko_basket,monthly,2025-06-30,-639908.996725461,4537914.571213551,-1968644.3637243565
RKO-BASKET  Call-UO  3M  40Δ/H@20Δ,rko_basket,monthly,2025-07-31,-467952.49643535307,4069962.0747781983,-2436596.860159709
RKO-BASKET  Call-UO  3M  40Δ/H@20Δ,rko_basket,monthly,2025-08-31,225407.1846382985,4295369.259416497,-2211189.67552141
RKO-BASKET  Call-UO  3M  40Δ/H@20Δ,rko_basket,monthly,2025-09-30,1312190.0063460849,5607559.265762582,-898999.669175325
RKO-BASKET  Call-UO  3M  40Δ/H@20Δ,rko_basket,monthly,2025-10-31,730545.0675447462,6338104.333307327,-168454.6016305806
RKO-BASKET  Call-UO  3M  40Δ/H@20Δ,rko_basket,monthly,2025-11-30,2555852.0332123684,8893956.366519697,0.0
RKO-BASKET  Call-UO  3M  40Δ/H@20Δ,rko_basket,monthly,2025-12-31,543791.4419547844,9437747.808474477,-376472.7869236972
RKO-BASKET  Call-UO  3M  40Δ/H@20Δ,rko_basket,monthly,2026-01-31,-252959.60900820102,9184788.199466277,-629432.3959318977
RKO-BASKET  Call-UO  3M  40Δ/H@20Δ,rko_basket,monthly,2026-02-28,223091.36261497583,9407879.562081253,-406341.03331692144
RKO-BASKET  Call-UO  3M  40Δ/H@20Δ,rko_basket,monthly,2026-03-31,1278026.4716589814,10685906.033740234,0.0
RKO-BASKET  Call-UO  3M  40Δ/H@20Δ,rko_basket,monthly,2026-04-30,-297080.23108106037,10388825.802659173,-508659.61887406744
RKO-BASKET  Call-UO  3M  40Δ/H@20Δ,rko_basket,monthly,2026-05-31,-186099.59311437787,10202726.209544795,-694759.2119884454
RKO-BASKET  Call-UO  3M  40Δ/H@20Δ,rko_basket,annual,2023-12-31,2756116.297621544,2756116.2976215445,-979568.2588406047
RKO-BASKET  Call-UO  3M  40Δ/H@20Δ,rko_basket,annual,2024-12-31,2067489.0273250232,4823605.324946568,-33403.90912532434
RKO-BASKET  Call-UO  3M  40Δ/H@20Δ,rko_basket,annual,2025-12-31,4614142.483527913,9437747.808474477,-376472.7869236972
RKO-BASKET  Call-UO  3M  40Δ/H@20Δ,rko_basket,annual,2026-12-31,764978.401070318,10202726.209544795,-694759.2119884454
RKO-BASKET  Call-UO  3M  40Δ/H@15Δ,rko_basket,monthly,2023-03-31,-43178.60088055217,-43178.60088055217,0.0
RKO-BASKET  Call-UO  3M  40Δ/H@15Δ,rko_basket,monthly,2023-04-30,-698426.6375844809,-741605.238465033,-698426.6375844808
RKO-BASKET  Call-UO  3M  40Δ/H@15Δ,rko_basket,monthly,2023-05-31,2191731.4749164362,1450126.2364514032,0.0
RKO-BASKET  Call-UO  3M  40Δ/H@15Δ,rko_basket,monthly,2023-06-30,1097220.150823441,2547346.3872748446,0.0
RKO-BASKET  Call-UO  3M  40Δ/H@15Δ,rko_basket,monthly,2023-07-31,1898527.9677386275,4445874.355013473,0.0
RKO-BASKET  Call-UO  3M  40Δ/H@15Δ,rko_basket,monthly,2023-08-31,304051.77592054976,4749926.1309340205,-299569.7262605233
RKO-BASKET  Call-UO  3M  40Δ/H@15Δ,rko_basket,monthly,2023-09-30,1735723.6576732027,6485649.788607223,0.0
RKO-BASKET  Call-UO  3M  40Δ/H@15Δ,rko_basket,monthly,2023-10-31,1425648.3427399788,7911298.131347201,0.0
RKO-BASKET  Call-UO  3M  40Δ/H@15Δ,rko_basket,monthly,2023-11-30,200655.87667601526,8111954.008023216,-660904.1690026028
RKO-BASKET  Call-UO  3M  40Δ/H@15Δ,rko_basket,monthly,2023-12-31,-990887.3017411187,7121066.706282098,-1651791.4707437214
RKO-BASKET  Call-UO  3M  40Δ/H@15Δ,rko_basket,monthly,2024-01-31,-1095293.4968565307,6025773.209425566,-2747084.9676002534
RKO-BASKET  Call-UO  3M  40Δ/H@15Δ,rko_basket,monthly,2024-02-29,23080.463810453308,6048853.673236019,-2724004.5037898
RKO-BASKET  Call-UO  3M  40Δ/H@15Δ,rko_basket,monthly,2024-03-31,1806737.9931446742,7855591.666380693,-917266.510645126
RKO-BASKET  Call-UO  3M  40Δ/H@15Δ,rko_basket,monthly,2024-04-30,5026940.427518522,12882532.093899213,0.0
RKO-BASKET  Call-UO  3M  40Δ/H@15Δ,rko_basket,monthly,2024-05-31,188335.21482074188,13070867.308719954,0.0
RKO-BASKET  Call-UO  3M  40Δ/H@15Δ,rko_basket,monthly,2024-06-30,1778486.187259478,14849353.49597943,0.0
RKO-BASKET  Call-UO  3M  40Δ/H@15Δ,rko_basket,monthly,2024-07-31,498652.64165998984,15348006.137639416,-359869.6103086937
RKO-BASKET  Call-UO  3M  40Δ/H@15Δ,rko_basket,monthly,2024-08-31,-780192.4479034948,14567813.689735923,-1140062.0582121871
RKO-BASKET  Call-UO  3M  40Δ/H@15Δ,rko_basket,monthly,2024-09-30,-890248.6570546973,13677565.032681225,-2030310.7152668852
RKO-BASKET  Call-UO  3M  40Δ/H@15Δ,rko_basket,monthly,2024-10-31,-994254.9884908387,12683310.044190386,-3024565.703757724
RKO-BASKET  Call-UO  3M  40Δ/H@15Δ,rko_basket,monthly,2024-11-30,2071991.027410802,14755301.071601188,-952574.6763469223
RKO-BASKET  Call-UO  3M  40Δ/H@15Δ,rko_basket,monthly,2024-12-31,1078068.719977442,15833369.791578626,0.0
RKO-BASKET  Call-UO  3M  40Δ/H@15Δ,rko_basket,monthly,2025-01-31,1066629.7519214477,16899999.54350008,-37870.73594420031
RKO-BASKET  Call-UO  3M  40Δ/H@15Δ,rko_basket,monthly,2025-02-28,386245.4990329931,17286245.042533074,-553297.1971670166
RKO-BASKET  Call-UO  3M  40Δ/H@15Δ,rko_basket,monthly,2025-03-31,-392753.3827837485,16893491.65974933,-946050.579950761
RKO-BASKET  Call-UO  3M  40Δ/H@15Δ,rko_basket,monthly,2025-04-30,-1008438.8217533368,15885052.837995995,-1954489.4017040953
RKO-BASKET  Call-UO  3M  40Δ/H@15Δ,rko_basket,monthly,2025-05-31,-1044094.1282358881,14840958.709760107,-2998583.529939983
RKO-BASKET  Call-UO  3M  40Δ/H@15Δ,rko_basket,monthly,2025-06-30,-1088688.5304208603,13752270.179339245,-4087272.060360845
RKO-BASKET  Call-UO  3M  40Δ/H@15Δ,rko_basket,monthly,2025-07-31,-1006010.3178162149,12746259.861523028,-5093282.378177062
RKO-BASKET  Call-UO  3M  40Δ/H@15Δ,rko_basket,monthly,2025-08-31,663969.9715969638,13410229.833119992,-4429312.406580098
RKO-BASKET  Call-UO  3M  40Δ/H@15Δ,rko_basket,monthly,2025-09-30,2581983.828977124,15992213.662097113,-1847328.577602977
RKO-BASKET  Call-UO  3M  40Δ/H@15Δ,rko_basket,monthly,2025-10-31,5867344.617681148,21859558.27977826,0.0
RKO-BASKET  Call-UO  3M  40Δ/H@15Δ,rko_basket,monthly,2025-11-30,5182080.403995765,27041638.68377403,0.0
RKO-BASKET  Call-UO  3M  40Δ/H@15Δ,rko_basket,monthly,2025-12-31,1983035.3773312739,29024674.0611053,0.0
RKO-BASKET  Call-UO  3M  40Δ/H@15Δ,rko_basket,monthly,2026-01-31,2479047.2351433393,31503721.29624865,0.0
RKO-BASKET  Call-UO  3M  40Δ/H@15Δ,rko_basket,monthly,2026-02-28,-132551.34090169106,31371169.95534696,-701043.5532703064
RKO-BASKET  Call-UO  3M  40Δ/H@15Δ,rko_basket,monthly,2026-03-31,1144541.9629848762,32515711.91833184,0.0
RKO-BASKET  Call-UO  3M  40Δ/H@15Δ,rko_basket,monthly,2026-04-30,-732436.5401113108,31783275.37822052,-883821.7079045326
RKO-BASKET  Call-UO  3M  40Δ/H@15Δ,rko_basket,monthly,2026-05-31,-297931.03670720936,31485344.34151331,-1181752.7446117438
RKO-BASKET  Call-UO  3M  40Δ/H@15Δ,rko_basket,annual,2023-12-31,7121066.7062821,7121066.706282098,-1651791.4707437214
RKO-BASKET  Call-UO  3M  40Δ/H@15Δ,rko_basket,annual,2024-12-31,8712303.085296541,15833369.791578626,0.0
RKO-BASKET  Call-UO  3M  40Δ/H@15Δ,rko_basket,annual,2025-12-31,13191304.269526668,29024674.0611053,0.0
RKO-BASKET  Call-UO  3M  40Δ/H@15Δ,rko_basket,annual,2026-12-31,2460670.2804080043,31485344.34151331,-1181752.7446117438
RKO-BASKET  Call-UO  3M  40Δ/H@10Δ,rko_basket,monthly,2023-03-31,-58038.241427543646,-58038.241427543646,0.0
RKO-BASKET  Call-UO  3M  40Δ/H@10Δ,rko_basket,monthly,2023-04-30,1751061.0020574706,1693022.760629927,0.0
RKO-BASKET  Call-UO  3M  40Δ/H@10Δ,rko_basket,monthly,2023-05-31,3529457.4494942483,5222480.210124175,0.0
RKO-BASKET  Call-UO  3M  40Δ/H@10Δ,rko_basket,monthly,2023-06-30,1602220.81588634,6824701.026010516,0.0
RKO-BASKET  Call-UO  3M  40Δ/H@10Δ,rko_basket,monthly,2023-07-31,1501747.4014601982,8326448.427470714,0.0
RKO-BASKET  Call-UO  3M  40Δ/H@10Δ,rko_basket,monthly,2023-08-31,2043805.5948316725,10370254.022302385,-472801.3428823408
RKO-BASKET  Call-UO  3M  40Δ/H@10Δ,rko_basket,monthly,2023-09-30,4194481.898271517,14564735.920573905,0.0
RKO-BASKET  Call-UO  3M  40Δ/H@10Δ,rko_basket,monthly,2023-10-31,5463584.25967119,20028320.180245094,0.0
RKO-BASKET  Call-UO  3M  40Δ/H@10Δ,rko_basket,monthly,2023-11-30,706827.8591114219,20735148.03935652,-994164.3108224608
RKO-BASKET  Call-UO  3M  40Δ/H@10Δ,rko_basket,monthly,2023-12-31,-1445690.461493935,19289457.577862583,-2439854.7723163962
RKO-BASKET  Call-UO  3M  40Δ/H@10Δ,rko_basket,monthly,2024-01-31,-1559554.3498865122,17729903.227976076,-3999409.122202903
RKO-BASKET  Call-UO  3M  40Δ/H@10Δ,rko_basket,monthly,2024-02-29,-493543.69365571474,17236359.53432036,-4492952.815858621
RKO-BASKET  Call-UO  3M  40Δ/H@10Δ,rko_basket,monthly,2024-03-31,3594224.3185726665,20830583.852893017,-898728.4972859621
RKO-BASKET  Call-UO  3M  40Δ/H@10Δ,rko_basket,monthly,2024-04-30,8723298.310520068,29553882.16341309,0.0
RKO-BASKET  Call-UO  3M  40Δ/H@10Δ,rko_basket,monthly,2024-05-31,1074203.4920926522,30628085.655505743,0.0
RKO-BASKET  Call-UO  3M  40Δ/H@10Δ,rko_basket,monthly,2024-06-30,2724252.8292407733,33352338.484746523,0.0
RKO-BASKET  Call-UO  3M  40Δ/H@10Δ,rko_basket,monthly,2024-07-31,181728.85372985632,33534067.338476382,-593697.4842009619
RKO-BASKET  Call-UO  3M  40Δ/H@10Δ,rko_basket,monthly,2024-08-31,-1208291.7651016722,32325775.573374707,-1801989.2493026368
RKO-BASKET  Call-UO  3M  40Δ/H@10Δ,rko_basket,monthly,2024-09-30,-1278476.11003734,31047299.463337366,-3080465.3593399785
RKO-BASKET  Call-UO  3M  40Δ/H@10Δ,rko_basket,monthly,2024-10-31,-1451738.0406720391,29595561.422665324,-4532203.40001202
RKO-BASKET  Call-UO  3M  40Δ/H@10Δ,rko_basket,monthly,2024-11-30,2546224.8348301975,32141786.25749552,-1985978.5651818253
RKO-BASKET  Call-UO  3M  40Δ/H@10Δ,rko_basket,monthly,2024-12-31,2591388.783591149,34733175.041086674,0.0
RKO-BASKET  Call-UO  3M  40Δ/H@10Δ,rko_basket,monthly,2025-01-31,3376385.023621169,38109560.06470783,0.0
RKO-BASKET  Call-UO  3M  40Δ/H@10Δ,rko_basket,monthly,2025-02-28,532967.3262050283,38642527.39091286,-976866.3928227723
RKO-BASKET  Call-UO  3M  40Δ/H@10Δ,rko_basket,monthly,2025-03-31,-1055470.2652368364,37587057.125676036,-2032336.658059597
RKO-BASKET  Call-UO  3M  40Δ/H@10Δ,rko_basket,monthly,2025-04-30,-1518665.2819163126,36068391.84375973,-3551001.9399759024
RKO-BASKET  Call-UO  3M  40Δ/H@10Δ,rko_basket,monthly,2025-05-31,-1590881.4866339674,34477510.35712578,-5141883.426609851
RKO-BASKET  Call-UO  3M  40Δ/H@10Δ,rko_basket,monthly,2025-06-30,-1644434.0956610995,32833076.261464696,-6786317.5222709365
RKO-BASKET  Call-UO  3M  40Δ/H@10Δ,rko_basket,monthly,2025-07-31,-1470966.7521044267,31362109.50936027,-8257284.274375364
RKO-BASKET  Call-UO  3M  40Δ/H@10Δ,rko_basket,monthly,2025-08-31,318718.64722165634,31680828.15658192,-7938565.627153713
RKO-BASKET  Call-UO  3M  40Δ/H@10Δ,rko_basket,monthly,2025-09-30,3785714.8831036976,35466543.039685614,-4152850.7440500185
RKO-BASKET  Call-UO  3M  40Δ/H@10Δ,rko_basket,monthly,2025-10-31,9609838.100269891,45076381.1399555,0.0
RKO-BASKET  Call-UO  3M  40Δ/H@10Δ,rko_basket,monthly,2025-11-30,6418570.69861917,51494951.83857467,0.0
RKO-BASKET  Call-UO  3M  40Δ/H@10Δ,rko_basket,monthly,2025-12-31,4670709.086460213,56165660.92503488,0.0
RKO-BASKET  Call-UO  3M  40Δ/H@10Δ,rko_basket,monthly,2026-01-31,2489080.817693396,58654741.742728285,0.0
RKO-BASKET  Call-UO  3M  40Δ/H@10Δ,rko_basket,monthly,2026-02-28,-598746.6036474268,58055995.13908086,-952653.110005796
RKO-BASKET  Call-UO  3M  40Δ/H@10Δ,rko_basket,monthly,2026-03-31,625968.254063997,58681963.39314483,-326684.8559418246
RKO-BASKET  Call-UO  3M  40Δ/H@10Δ,rko_basket,monthly,2026-04-30,-293703.1141438304,58388260.279001005,-620387.9700856507
RKO-BASKET  Call-UO  3M  40Δ/H@10Δ,rko_basket,monthly,2026-05-31,-437527.87386364443,57950732.40513736,-1057915.8439492956
RKO-BASKET  Call-UO  3M  40Δ/H@10Δ,rko_basket,annual,2023-12-31,19289457.57786258,19289457.577862583,-2439854.7723163962
RKO-BASKET  Call-UO  3M  40Δ/H@10Δ,rko_basket,annual,2024-12-31,15443717.463224085,34733175.041086674,0.0
RKO-BASKET  Call-UO  3M  40Δ/H@10Δ,rko_basket,annual,2025-12-31,21432485.883948185,56165660.92503488,0.0
RKO-BASKET  Call-UO  3M  40Δ/H@10Δ,rko_basket,annual,2026-12-31,1785071.4801024913,57950732.40513736,-1057915.8439492956
RKO-BASKET  Call-UO  3M  40Δ/H@5Δ,rko_basket,monthly,2023-03-31,-65328.24331177063,-65328.24331177063,0.0
RKO-BASKET  Call-UO  3M  40Δ/H@5Δ,rko_basket,monthly,2023-04-30,2283309.1388864787,2217980.8955747085,0.0
RKO-BASKET  Call-UO  3M  40Δ/H@5Δ,rko_basket,monthly,2023-05-31,4009546.018037598,6227526.913612307,0.0
RKO-BASKET  Call-UO  3M  40Δ/H@5Δ,rko_basket,monthly,2023-06-30,4144732.8788399287,10372259.792452237,0.0
RKO-BASKET  Call-UO  3M  40Δ/H@5Δ,rko_basket,monthly,2023-07-31,1236951.6572727917,11609211.449725023,0.0
RKO-BASKET  Call-UO  3M  40Δ/H@5Δ,rko_basket,monthly,2023-08-31,7695801.557865992,19305013.007591013,0.0
RKO-BASKET  Call-UO  3M  40Δ/H@5Δ,rko_basket,monthly,2023-09-30,11346644.7579847,30651657.765575707,0.0
RKO-BASKET  Call-UO  3M  40Δ/H@5Δ,rko_basket,monthly,2023-10-31,10562622.46441252,41214280.22998821,0.0
RKO-BASKET  Call-UO  3M  40Δ/H@5Δ,rko_basket,monthly,2023-11-30,733190.4040488492,41947470.634037055,-1309489.3295535147
RKO-BASKET  Call-UO  3M  40Δ/H@5Δ,rko_basket,monthly,2023-12-31,-1854361.2617059334,40093109.37233113,-3163850.5912594423
RKO-BASKET  Call-UO  3M  40Δ/H@5Δ,rko_basket,monthly,2024-01-31,-1887161.8661551354,38205947.50617599,-5051012.457414582
RKO-BASKET  Call-UO  3M  40Δ/H@5Δ,rko_basket,monthly,2024-02-29,-836455.0582409545,37369492.44793504,-5887467.5156555325
RKO-BASKET  Call-UO  3M  40Δ/H@5Δ,rko_basket,monthly,2024-03-31,3073537.5744226924,40443030.022357725,-2813929.941232845
RKO-BASKET  Call-UO  3M  40Δ/H@5Δ,rko_basket,monthly,2024-04-30,9202651.358229905,49645681.380587615,0.0
RKO-BASKET  Call-UO  3M  40Δ/H@5Δ,rko_basket,monthly,2024-05-31,3049035.719201435,52694717.09978903,0.0
RKO-BASKET  Call-UO  3M  40Δ/H@5Δ,rko_basket,monthly,2024-06-30,4957981.868902838,57652698.96869188,0.0
RKO-BASKET  Call-UO  3M  40Δ/H@5Δ,rko_basket,monthly,2024-07-31,44011.65549856347,57696710.62419044,-677024.6185457334
RKO-BASKET  Call-UO  3M  40Δ/H@5Δ,rko_basket,monthly,2024-08-31,-1463840.3194005033,56232870.30478994,-2140864.9379462376
RKO-BASKET  Call-UO  3M  40Δ/H@5Δ,rko_basket,monthly,2024-09-30,-1533326.6579368839,54699543.64685304,-3674191.5958831385
RKO-BASKET  Call-UO  3M  40Δ/H@5Δ,rko_basket,monthly,2024-10-31,-1812428.9454446076,52887114.70140844,-5486620.541327737
RKO-BASKET  Call-UO  3M  40Δ/H@5Δ,rko_basket,monthly,2024-11-30,3960847.5470940536,56847962.24850247,-1525772.994233705
RKO-BASKET  Call-UO  3M  40Δ/H@5Δ,rko_basket,monthly,2024-12-31,7515393.632184992,64363355.88068745,0.0
RKO-BASKET  Call-UO  3M  40Δ/H@5Δ,rko_basket,monthly,2025-01-31,8419055.757581132,72782411.63826856,0.0
RKO-BASKET  Call-UO  3M  40Δ/H@5Δ,rko_basket,monthly,2025-02-28,786172.4289480767,73568584.06721665,-1405348.1093815863
RKO-BASKET  Call-UO  3M  40Δ/H@5Δ,rko_basket,monthly,2025-03-31,-1608372.5853206043,71960211.48189606,-3013720.6947021782
RKO-BASKET  Call-UO  3M  40Δ/H@5Δ,rko_basket,monthly,2025-04-30,-2132871.8375496706,69827339.64434637,-5146592.532251865
RKO-BASKET  Call-UO  3M  40Δ/H@5Δ,rko_basket,monthly,2025-05-31,-2173147.226621142,67654192.41772522,-7319739.758873016
RKO-BASKET  Call-UO  3M  40Δ/H@5Δ,rko_basket,monthly,2025-06-30,-2208400.7064826684,65445791.71124257,-9528140.465355664
RKO-BASKET  Call-UO  3M  40Δ/H@5Δ,rko_basket,monthly,2025-07-31,-2200028.8554924,63245762.85575018,-11728169.320848055
RKO-BASKET  Call-UO  3M  40Δ/H@5Δ,rko_basket,monthly,2025-08-31,-901675.868817655,62344086.98693252,-12629845.189665712
RKO-BASKET  Call-UO  3M  40Δ/H@5Δ,rko_basket,monthly,2025-09-30,2723428.4066037354,65067515.393536255,-9906416.783061981
RKO-BASKET  Call-UO  3M  40Δ/H@5Δ,rko_basket,monthly,2025-10-31,9635047.225839373,74702562.6193756,-271369.55722263455
RKO-BASKET  Call-UO  3M  40Δ/H@5Δ,rko_basket,monthly,2025-11-30,5609043.591455934,80311606.21083155,0.0
RKO-BASKET  Call-UO  3M  40Δ/H@5Δ,rko_basket,monthly,2025-12-31,5146023.055109455,85457629.265941,0.0
RKO-BASKET  Call-UO  3M  40Δ/H@5Δ,rko_basket,monthly,2026-01-31,2867403.566954974,88325032.83289596,0.0
RKO-BASKET  Call-UO  3M  40Δ/H@5Δ,rko_basket,monthly,2026-02-28,-510070.38145752624,87814962.45143846,-929236.0821734071
RKO-BASKET  Call-UO  3M  40Δ/H@5Δ,rko_basket,monthly,2026-03-31,298473.206881887,88113435.65832034,-630762.8752915263
RKO-BASKET  Call-UO  3M  40Δ/H@5Δ,rko_basket,monthly,2026-04-30,-412781.12753065623,87700654.5307897,-1043544.0028221607
RKO-BASKET  Call-UO  3M  40Δ/H@5Δ,rko_basket,monthly,2026-05-31,-599528.3288340039,87101126.2019557,-1643072.331656158
RKO-BASKET  Call-UO  3M  40Δ/H@5Δ,rko_basket,annual,2023-12-31,40093109.37233116,40093109.37233113,-3163850.5912594423
RKO-BASKET  Call-UO  3M  40Δ/H@5Δ,rko_basket,annual,2024-12-31,24270246.508356396,64363355.88068745,0.0
RKO-BASKET  Call-UO  3M  40Δ/H@5Δ,rko_basket,annual,2025-12-31,21094273.385253567,85457629.265941,0.0
RKO-BASKET  Call-UO  3M  40Δ/H@5Δ,rko_basket,annual,2026-12-31,1643496.9360146748,87101126.2019557,-1643072.331656158
RKO-BASKET  Call-UO  3M  35Δ/H@20Δ,rko_basket,monthly,2023-03-31,-15972.335968576312,-15972.335968576312,0.0
RKO-BASKET  Call-UO  3M  35Δ/H@20Δ,rko_basket,monthly,2023-04-30,-241327.4206083808,-257299.75657695718,-241327.42060838087
RKO-BASKET  Call-UO  3M  35Δ/H@20Δ,rko_basket,monthly,2023-05-31,274812.23415790166,17512.477580944476,-15263.287801190098
RKO-BASKET  Call-UO  3M  35Δ/H@20Δ,rko_basket,monthly,2023-06-30,275736.3029808169,293248.78056176135,0.0
RKO-BASKET  Call-UO  3M  35Δ/H@20Δ,rko_basket,monthly,2023-07-31,832953.4513582313,1126202.2319199925,0.0
RKO-BASKET  Call-UO  3M  35Δ/H@20Δ,rko_basket,monthly,2023-08-31,-93273.14640642394,1032929.0855135685,-131170.65724419267
RKO-BASKET  Call-UO  3M  35Δ/H@20Δ,rko_basket,monthly,2023-09-30,248592.8803026753,1281521.965816244,0.0
RKO-BASKET  Call-UO  3M  35Δ/H@20Δ,rko_basket,monthly,2023-10-31,328431.5006300032,1609953.4664462474,-16825.56614451506
RKO-BASKET  Call-UO  3M  35Δ/H@20Δ,rko_basket,monthly,2023-11-30,-90654.20110765588,1519299.2653385915,-256766.90534449276
RKO-BASKET  Call-UO  3M  35Δ/H@20Δ,rko_basket,monthly,2023-12-31,-366230.1898714495,1153069.0754671423,-622997.095215942
RKO-BASKET  Call-UO  3M  35Δ/H@20Δ,rko_basket,monthly,2024-01-31,-406788.43869327166,746280.6367738709,-1029785.5339092134
RKO-BASKET  Call-UO  3M  35Δ/H@20Δ,rko_basket,monthly,2024-02-29,76394.51353733386,822675.1503112046,-953391.0203718797
RKO-BASKET  Call-UO  3M  35Δ/H@20Δ,rko_basket,monthly,2024-03-31,501992.7652624644,1324667.9155736691,-451398.25510941516
RKO-BASKET  Call-UO  3M  35Δ/H@20Δ,rko_basket,monthly,2024-04-30,-70280.35140722772,1254387.5641664413,-521678.60651664296
RKO-BASKET  Call-UO  3M  35Δ/H@20Δ,rko_basket,monthly,2024-05-31,-260967.0570239944,993420.507142447,-782645.6635406372
RKO-BASKET  Call-UO  3M  35Δ/H@20Δ,rko_basket,monthly,2024-06-30,62197.54361176363,1055618.050754211,-720448.1199288734
RKO-BASKET  Call-UO  3M  35Δ/H@20Δ,rko_basket,monthly,2024-07-31,300212.1917324219,1355830.2424866327,-420235.9281964516
RKO-BASKET  Call-UO  3M  35Δ/H@20Δ,rko_basket,monthly,2024-08-31,-349010.4331367365,1006819.8093498959,-769246.3613331884
RKO-BASKET  Call-UO  3M  35Δ/H@20Δ,rko_basket,monthly,2024-09-30,-340415.53433144017,666404.2750184558,-1109661.8956646286
RKO-BASKET  Call-UO  3M  35Δ/H@20Δ,rko_basket,monthly,2024-10-31,-378118.98490133515,288285.2901171206,-1487780.8805659637
RKO-BASKET  Call-UO  3M  35Δ/H@20Δ,rko_basket,monthly,2024-11-30,335416.5922674181,623701.8823845385,-1152364.2882985459
RKO-BASKET  Call-UO  3M  35Δ/H@20Δ,rko_basket,monthly,2024-12-31,600194.0711505589,1223895.9535350974,-552170.2171479869
RKO-BASKET  Call-UO  3M  35Δ/H@20Δ,rko_basket,monthly,2025-01-31,702371.0890154307,1926267.0425505282,-15758.268204055028
RKO-BASKET  Call-UO  3M  35Δ/H@20Δ,rko_basket,monthly,2025-02-28,-252910.5578279208,1673356.484722607,-276516.79755739705
RKO-BASKET  Call-UO  3M  35Δ/H@20Δ,rko_basket,monthly,2025-03-31,-296366.2919881157,1376990.1927344915,-572883.0895455126
RKO-BASKET  Call-UO  3M  35Δ/H@20Δ,rko_basket,monthly,2025-04-30,-399223.40623165766,977766.7865028341,-972106.49577717
RKO-BASKET  Call-UO  3M  35Δ/H@20Δ,rko_basket,monthly,2025-05-31,-375482.85276233114,602283.9337405028,-1347589.3485395014
RKO-BASKET  Call-UO  3M  35Δ/H@20Δ,rko_basket,monthly,2025-06-30,-393935.313440775,208348.62029972774,-1741524.6619802765
RKO-BASKET  Call-UO  3M  35Δ/H@20Δ,rko_basket,monthly,2025-07-31,-307327.4120621267,-98978.7917623989,-2048852.0740424031
RKO-BASKET  Call-UO  3M  35Δ/H@20Δ,rko_basket,monthly,2025-08-31,-84632.08661154455,-183610.87837394347,-2133484.1606539474
RKO-BASKET  Call-UO  3M  35Δ/H@20Δ,rko_basket,monthly,2025-09-30,365406.3182530111,181795.43987906765,-1768077.8424009364
RKO-BASKET  Call-UO  3M  35Δ/H@20Δ,rko_basket,monthly,2025-10-31,420641.78272624454,602437.2226053122,-1347436.0596746919
RKO-BASKET  Call-UO  3M  35Δ/H@20Δ,rko_basket,monthly,2025-11-30,1704060.1289250609,2306497.3515303726,0.0
RKO-BASKET  Call-UO  3M  35Δ/H@20Δ,rko_basket,monthly,2025-12-31,289100.2862078068,2595597.6377381794,-232821.66281014774
RKO-BASKET  Call-UO  3M  35Δ/H@20Δ,rko_basket,monthly,2026-01-31,-130007.04718126083,2465590.590556918,-362828.709991409
RKO-BASKET  Call-UO  3M  35Δ/H@20Δ,rko_basket,monthly,2026-02-28,66190.63747411784,2531781.2280310364,-296638.0725172907
RKO-BASKET  Call-UO  3M  35Δ/H@20Δ,rko_basket,monthly,2026-03-31,383951.89598800486,2915733.1240190417,0.0
RKO-BASKET  Call-UO  3M  35Δ/H@20Δ,rko_basket,monthly,2026-04-30,-331462.62080656405,2584270.503212478,-339772.2703254153
RKO-BASKET  Call-UO  3M  35Δ/H@20Δ,rko_basket,monthly,2026-05-31,-113989.38527636536,2470281.1179361125,-453761.65560178086
RKO-BASKET  Call-UO  3M  35Δ/H@20Δ,rko_basket,annual,2023-12-31,1153069.075467142,1153069.0754671423,-622997.095215942
RKO-BASKET  Call-UO  3M  35Δ/H@20Δ,rko_basket,annual,2024-12-31,70826.87806795521,1223895.9535350974,-552170.2171479869
RKO-BASKET  Call-UO  3M  35Δ/H@20Δ,rko_basket,annual,2025-12-31,1371701.6842030825,2595597.6377381794,-232821.66281014774
RKO-BASKET  Call-UO  3M  35Δ/H@20Δ,rko_basket,annual,2026-12-31,-125316.51980206757,2470281.1179361125,-453761.65560178086
RKO-BASKET  Call-UO  3M  35Δ/H@15Δ,rko_basket,monthly,2023-03-31,-27600.52757323809,-27600.52757323809,0.0
RKO-BASKET  Call-UO  3M  35Δ/H@15Δ,rko_basket,monthly,2023-04-30,-527149.0806454555,-554749.6082186936,-527149.0806454555
RKO-BASKET  Call-UO  3M  35Δ/H@15Δ,rko_basket,monthly,2023-05-31,1399469.2324850697,844719.624266376,0.0
RKO-BASKET  Call-UO  3M  35Δ/H@15Δ,rko_basket,monthly,2023-06-30,741825.0397149593,1586544.6639813352,0.0
RKO-BASKET  Call-UO  3M  35Δ/H@15Δ,rko_basket,monthly,2023-07-31,1244236.0327033654,2830780.6966847,0.0
RKO-BASKET  Call-UO  3M  35Δ/H@15Δ,rko_basket,monthly,2023-08-31,183431.1424623823,3014211.8391470816,-238471.96315122768
RKO-BASKET  Call-UO  3M  35Δ/H@15Δ,rko_basket,monthly,2023-09-30,1126233.4069033072,4140445.246050388,-3353.264943161048
RKO-BASKET  Call-UO  3M  35Δ/H@15Δ,rko_basket,monthly,2023-10-31,840676.9665825485,4981122.2126329355,0.0
RKO-BASKET  Call-UO  3M  35Δ/H@15Δ,rko_basket,monthly,2023-11-30,-36683.55541945693,4944438.657213478,-456290.26104480587
RKO-BASKET  Call-UO  3M  35Δ/H@15Δ,rko_basket,monthly,2023-12-31,-643149.8675773598,4301288.789636118,-1099440.1286221659
RKO-BASKET  Call-UO  3M  35Δ/H@15Δ,rko_basket,monthly,2024-01-31,-710190.8798071444,3591097.9098289735,-1809631.0084293108
RKO-BASKET  Call-UO  3M  35Δ/H@15Δ,rko_basket,monthly,2024-02-29,-102739.19324327091,3488358.7165857027,-1912370.2016725815
RKO-BASKET  Call-UO  3M  35Δ/H@15Δ,rko_basket,monthly,2024-03-31,1133628.7047570057,4621987.421342707,-778741.496915577
RKO-BASKET  Call-UO  3M  35Δ/H@15Δ,rko_basket,monthly,2024-04-30,3925842.6742143906,8547830.095557095,0.0
RKO-BASKET  Call-UO  3M  35Δ/H@15Δ,rko_basket,monthly,2024-05-31,-59725.25536402714,8488104.840193067,-59725.25536402874
RKO-BASKET  Call-UO  3M  35Δ/H@15Δ,rko_basket,monthly,2024-06-30,1155496.8666229656,9643601.70681603,0.0
RKO-BASKET  Call-UO  3M  35Δ/H@15Δ,rko_basket,monthly,2024-07-31,54788.95978054861,9698390.66659658,-383913.0201866254
RKO-BASKET  Call-UO  3M  35Δ/H@15Δ,rko_basket,monthly,2024-08-31,-623962.0071940469,9074428.659402534,-1007875.0273806714
RKO-BASKET  Call-UO  3M  35Δ/H@15Δ,rko_basket,monthly,2024-09-30,-597989.2714472986,8476439.387955235,-1605864.2988279704
RKO-BASKET  Call-UO  3M  35Δ/H@15Δ,rko_basket,monthly,2024-10-31,-657945.0679097968,7818494.3200454395,-2263809.366737766
RKO-BASKET  Call-UO  3M  35Δ/H@15Δ,rko_basket,monthly,2024-11-30,1270030.619087015,9088524.939132458,-993778.7476507481
RKO-BASKET  Call-UO  3M  35Δ/H@15Δ,rko_basket,monthly,2024-12-31,514458.4034751734,9602983.342607629,-479320.34417557716
RKO-BASKET  Call-UO  3M  35Δ/H@15Δ,rko_basket,monthly,2025-01-31,403206.8138149825,10006190.15642261,-76113.53036059625
RKO-BASKET  Call-UO  3M  35Δ/H@15Δ,rko_basket,monthly,2025-02-28,23201.402782593235,10029391.559205204,-528675.5206455328
RKO-BASKET  Call-UO  3M  35Δ/H@15Δ,rko_basket,monthly,2025-03-31,-669935.3626617839,9359456.19654342,-1198610.8833073173
RKO-BASKET  Call-UO  3M  35Δ/H@15Δ,rko_basket,monthly,2025-04-30,-729974.7201441014,8629481.476399316,-1928585.6034514215
RKO-BASKET  Call-UO  3M  35Δ/H@15Δ,rko_basket,monthly,2025-05-31,-676763.7990336772,7952717.6773656355,-2605349.4024851015
RKO-BASKET  Call-UO  3M  35Δ/H@15Δ,rko_basket,monthly,2025-06-30,-706101.5540557167,7246616.123309917,-3311450.95654082
RKO-BASKET  Call-UO  3M  35Δ/H@15Δ,rko_basket,monthly,2025-07-31,-679155.4030616283,6567460.720248289,-3990606.3596024476
RKO-BASKET  Call-UO  3M  35Δ/H@15Δ,rko_basket,monthly,2025-08-31,307075.9824243963,6874536.702672687,-3683530.3771780496
RKO-BASKET  Call-UO  3M  35Δ/H@15Δ,rko_basket,monthly,2025-09-30,1337997.9001254868,8212534.602798174,-2345532.477052563
RKO-BASKET  Call-UO  3M  35Δ/H@15Δ,rko_basket,monthly,2025-10-31,4415208.88822622,12627743.491024397,0.0
RKO-BASKET  Call-UO  3M  35Δ/H@15Δ,rko_basket,monthly,2025-11-30,3829334.9745828006,16457078.465607198,0.0
RKO-BASKET  Call-UO  3M  35Δ/H@15Δ,rko_basket,monthly,2025-12-31,1374146.5889570045,17831225.054564204,0.0
RKO-BASKET  Call-UO  3M  35Δ/H@15Δ,rko_basket,monthly,2026-01-31,1972495.6840447295,19803720.73860893,0.0
RKO-BASKET  Call-UO  3M  35Δ/H@15Δ,rko_basket,monthly,2026-02-28,-164259.73245161708,19639461.006157316,-538021.432571914
RKO-BASKET  Call-UO  3M  35Δ/H@15Δ,rko_basket,monthly,2026-03-31,280108.25034785457,19919569.25650517,-257913.18222406134
RKO-BASKET  Call-UO  3M  35Δ/H@15Δ,rko_basket,monthly,2026-04-30,-662934.1712868689,19256635.085218303,-920847.3535109274
RKO-BASKET  Call-UO  3M  35Δ/H@15Δ,rko_basket,monthly,2026-05-31,-208679.59564768308,19047955.48957062,-1129526.949158609
RKO-BASKET  Call-UO  3M  35Δ/H@15Δ,rko_basket,annual,2023-12-31,4301288.789636122,4301288.789636118,-1099440.1286221659
RKO-BASKET  Call-UO  3M  35Δ/H@15Δ,rko_basket,annual,2024-12-31,5301694.552971514,9602983.342607629,-479320.34417557716
RKO-BASKET  Call-UO  3M  35Δ/H@15Δ,rko_basket,annual,2025-12-31,8228241.711956576,17831225.054564204,0.0
RKO-BASKET  Call-UO  3M  35Δ/H@15Δ,rko_basket,annual,2026-12-31,1216730.435006415,19047955.48957062,-1129526.949158609
RKO-BASKET  Call-UO  3M  35Δ/H@10Δ,rko_basket,monthly,2023-03-31,-39724.39472743981,-39724.39472743981,0.0
RKO-BASKET  Call-UO  3M  35Δ/H@10Δ,rko_basket,monthly,2023-04-30,1147906.9707179128,1108182.575990473,0.0
RKO-BASKET  Call-UO  3M  35Δ/H@10Δ,rko_basket,monthly,2023-05-31,2454432.7372438502,3562615.3132343236,0.0
RKO-BASKET  Call-UO  3M  35Δ/H@10Δ,rko_basket,monthly,2023-06-30,1188428.9136047193,4751044.226839044,0.0
RKO-BASKET  Call-UO  3M  35Δ/H@10Δ,rko_basket,monthly,2023-07-31,925316.1460191831,5676360.372858224,0.0
RKO-BASKET  Call-UO  3M  35Δ/H@10Δ,rko_basket,monthly,2023-08-31,1651653.9018365254,7328014.274694751,-400919.44318630453
RKO-BASKET  Call-UO  3M  35Δ/H@10Δ,rko_basket,monthly,2023-09-30,3178915.972591427,10506930.247286176,0.0
RKO-BASKET  Call-UO  3M  35Δ/H@10Δ,rko_basket,monthly,2023-10-31,4169262.269709913,14676192.516996093,0.0
RKO-BASKET  Call-UO  3M  35Δ/H@10Δ,rko_basket,monthly,2023-11-30,298184.8839249392,14974377.400921032,-719565.8196905721
RKO-BASKET  Call-UO  3M  35Δ/H@10Δ,rko_basket,monthly,2023-12-31,-1003556.4018892068,13970820.999031827,-1723122.221579777
RKO-BASKET  Call-UO  3M  35Δ/H@10Δ,rko_basket,monthly,2024-01-31,-1081383.1309882668,12889437.868043557,-2804505.352568047
RKO-BASKET  Call-UO  3M  35Δ/H@10Δ,rko_basket,monthly,2024-02-29,-513878.69089510426,12375559.177148458,-3318384.0434631463
RKO-BASKET  Call-UO  3M  35Δ/H@10Δ,rko_basket,monthly,2024-03-31,2628203.406467152,15003762.583615609,-690180.6369959954
RKO-BASKET  Call-UO  3M  35Δ/H@10Δ,rko_basket,monthly,2024-04-30,7053752.72628747,22057515.309903078,0.0
RKO-BASKET  Call-UO  3M  35Δ/H@10Δ,rko_basket,monthly,2024-05-31,499307.9468683231,22556823.256771393,0.0
RKO-BASKET  Call-UO  3M  35Δ/H@10Δ,rko_basket,monthly,2024-06-30,1845546.903380989,24402370.160152387,0.0
RKO-BASKET  Call-UO  3M  35Δ/H@10Δ,rko_basket,monthly,2024-07-31,-219452.74698852428,24182917.413163856,-574216.1842681654
RKO-BASKET  Call-UO  3M  35Δ/H@10Δ,rko_basket,monthly,2024-08-31,-964603.731206201,23218313.681957655,-1538819.9154743664
RKO-BASKET  Call-UO  3M  35Δ/H@10Δ,rko_basket,monthly,2024-09-30,-907362.9015917802,22310950.78036587,-2446182.8170661516
RKO-BASKET  Call-UO  3M  35Δ/H@10Δ,rko_basket,monthly,2024-10-31,-1019208.112958886,21291742.667406984,-3465390.9300250374
RKO-BASKET  Call-UO  3M  35Δ/H@10Δ,rko_basket,monthly,2024-11-30,1687689.860143211,22979432.527550187,-1777701.069881834
RKO-BASKET  Call-UO  3M  35Δ/H@10Δ,rko_basket,monthly,2024-12-31,1825200.8443843424,24804633.371934533,0.0
RKO-BASKET  Call-UO  3M  35Δ/H@10Δ,rko_basket,monthly,2025-01-31,2206952.312331049,27011585.68426559,0.0
RKO-BASKET  Call-UO  3M  35Δ/H@10Δ,rko_basket,monthly,2025-02-28,108970.67103731135,27120556.355302893,-846340.7068022788
RKO-BASKET  Call-UO  3M  35Δ/H@10Δ,rko_basket,monthly,2025-03-31,-1192587.2765342072,25927969.078768685,-2038927.983336486
RKO-BASKET  Call-UO  3M  35Δ/H@10Δ,rko_basket,monthly,2025-04-30,-1179246.038207608,24748723.040561076,-3218174.021544095
RKO-BASKET  Call-UO  3M  35Δ/H@10Δ,rko_basket,monthly,2025-05-31,-1105906.3593390582,23642816.681222025,-4324080.380883146
RKO-BASKET  Call-UO  3M  35Δ/H@10Δ,rko_basket,monthly,2025-06-30,-1142844.157840923,22499972.523381107,-5466924.538724065
RKO-BASKET  Call-UO  3M  35Δ/H@10Δ,rko_basket,monthly,2025-07-31,-1030504.6102838025,21469467.91309729,-6497429.149007883
RKO-BASKET  Call-UO  3M  35Δ/H@10Δ,rko_basket,monthly,2025-08-31,86879.52403496424,21556347.43713225,-6410549.624972921
RKO-BASKET  Call-UO  3M  35Δ/H@10Δ,rko_basket,monthly,2025-09-30,2401414.6971804295,23957762.13431269,-4009134.927792482
RKO-BASKET  Call-UO  3M  35Δ/H@10Δ,rko_basket,monthly,2025-10-31,7517330.285706656,31475092.42001934,0.0
RKO-BASKET  Call-UO  3M  35Δ/H@10Δ,rko_basket,monthly,2025-11-30,4799199.558481538,36274291.97850087,0.0
RKO-BASKET  Call-UO  3M  35Δ/H@10Δ,rko_basket,monthly,2025-12-31,3469916.4235750837,39744208.402075954,0.0
RKO-BASKET  Call-UO  3M  35Δ/H@10Δ,rko_basket,monthly,2026-01-31,1928030.276736371,41672238.67881231,0.0
RKO-BASKET  Call-UO  3M  35Δ/H@10Δ,rko_basket,monthly,2026-02-28,-579027.3089605815,41093211.36985174,-824389.8313580453
RKO-BASKET  Call-UO  3M  35Δ/H@10Δ,rko_basket,monthly,2026-03-31,-114094.96928726586,40979116.40056448,-938484.8006453067
RKO-BASKET  Call-UO  3M  35Δ/H@10Δ,rko_basket,monthly,2026-04-30,-380830.02429403143,40598286.376270436,-1319314.8249393478
RKO-BASKET  Call-UO  3M  35Δ/H@10Δ,rko_basket,monthly,2026-05-31,-359692.5760771778,40238593.80019326,-1679007.401016526
RKO-BASKET  Call-UO  3M  35Δ/H@10Δ,rko_basket,annual,2023-12-31,13970820.999031823,13970820.999031827,-1723122.221579777
RKO-BASKET  Call-UO  3M  35Δ/H@10Δ,rko_basket,annual,2024-12-31,10833812.372902725,24804633.371934533,0.0
RKO-BASKET  Call-UO  3M  35Δ/H@10Δ,rko_basket,annual,2025-12-31,14939575.030141432,39744208.402075954,0.0
RKO-BASKET  Call-UO  3M  35Δ/H@10Δ,rko_basket,annual,2026-12-31,494385.39811731456,40238593.80019326,-1679007.401016526
RKO-BASKET  Call-UO  3M  35Δ/H@5Δ,rko_basket,monthly,2023-03-31,-45434.58908080606,-45434.58908080606,0.0
RKO-BASKET  Call-UO  3M  35Δ/H@5Δ,rko_basket,monthly,2023-04-30,1567901.4855071711,1522466.896426365,0.0
RKO-BASKET  Call-UO  3M  35Δ/H@5Δ,rko_basket,monthly,2023-05-31,2843650.063464498,4366116.959890863,0.0
RKO-BASKET  Call-UO  3M  35Δ/H@5Δ,rko_basket,monthly,2023-06-30,3461084.257376845,7827201.217267708,0.0
RKO-BASKET  Call-UO  3M  35Δ/H@5Δ,rko_basket,monthly,2023-07-31,709401.0911464978,8536602.308414204,0.0
RKO-BASKET  Call-UO  3M  35Δ/H@5Δ,rko_basket,monthly,2023-08-31,6592652.32693075,15129254.635344949,0.0
RKO-BASKET  Call-UO  3M  35Δ/H@5Δ,rko_basket,monthly,2023-09-30,9432013.428607015,24561268.06395197,0.0
RKO-BASKET  Call-UO  3M  35Δ/H@5Δ,rko_basket,monthly,2023-10-31,8601258.618391566,33162526.68234353,0.0
RKO-BASKET  Call-UO  3M  35Δ/H@5Δ,rko_basket,monthly,2023-11-30,291912.2851948562,33454438.96753839,-993851.4725044407
RKO-BASKET  Call-UO  3M  35Δ/H@5Δ,rko_basket,monthly,2023-12-31,-1339668.356252498,32114770.61128589,-2333519.8287569396
RKO-BASKET  Call-UO  3M  35Δ/H@5Δ,rko_basket,monthly,2024-01-31,-1351202.2589403163,30763568.35234557,-3684722.08769726
RKO-BASKET  Call-UO  3M  35Δ/H@5Δ,rko_basket,monthly,2024-02-29,-801401.5459693165,29962166.806376252,-4486123.633666579
RKO-BASKET  Call-UO  3M  35Δ/H@5Δ,rko_basket,monthly,2024-03-31,2191114.8310999908,32153281.63747624,-2295008.8025665917
RKO-BASKET  Call-UO  3M  35Δ/H@5Δ,rko_basket,monthly,2024-04-30,7491293.7330714315,39644575.370547675,0.0
RKO-BASKET  Call-UO  3M  35Δ/H@5Δ,rko_basket,monthly,2024-05-31,2073675.7938301486,41718251.16437782,0.0
RKO-BASKET  Call-UO  3M  35Δ/H@5Δ,rko_basket,monthly,2024-06-30,3645871.513828245,45364122.678206064,0.0
RKO-BASKET  Call-UO  3M  35Δ/H@5Δ,rko_basket,monthly,2024-07-31,-345139.44681869686,45018983.231387384,-654139.175968036
RKO-BASKET  Call-UO  3M  35Δ/H@5Δ,rko_basket,monthly,2024-08-31,-1210720.2546443776,43808262.97674303,-1864859.4306123927
RKO-BASKET  Call-UO  3M  35Δ/H@5Δ,rko_basket,monthly,2024-09-30,-1151228.0394466266,42657034.9372964,-3016087.4700590223
RKO-BASKET  Call-UO  3M  35Δ/H@5Δ,rko_basket,monthly,2024-10-31,-1350475.7145062052,41306559.22279021,-4366563.184565209
RKO-BASKET  Call-UO  3M  35Δ/H@5Δ,rko_basket,monthly,2024-11-30,2933678.8689767914,44240238.091767,-1432884.3155884221
RKO-BASKET  Call-UO  3M  35Δ/H@5Δ,rko_basket,monthly,2024-12-31,6158095.98366664,50398334.075433634,0.0
RKO-BASKET  Call-UO  3M  35Δ/H@5Δ,rko_basket,monthly,2025-01-31,6532467.7833883455,56930801.85882197,0.0
RKO-BASKET  Call-UO  3M  35Δ/H@5Δ,rko_basket,monthly,2025-02-28,283317.26908690913,57214119.127908885,-1240160.0736485347
RKO-BASKET  Call-UO  3M  35Δ/H@5Δ,rko_basket,monthly,2025-03-31,-1690490.6370127315,55523628.49089616,-2930650.7106612623
RKO-BASKET  Call-UO  3M  35Δ/H@5Δ,rko_basket,monthly,2025-04-30,-1689655.0393531704,53833973.45154298,-4620305.750014439
RKO-BASKET  Call-UO  3M  35Δ/H@5Δ,rko_basket,monthly,2025-05-31,-1588458.5532844304,52245514.898258545,-6208764.303298876
RKO-BASKET  Call-UO  3M  35Δ/H@5Δ,rko_basket,monthly,2025-06-30,-1609986.8969145333,50635528.001344025,-7818751.200213395
RKO-BASKET  Call-UO  3M  35Δ/H@5Δ,rko_basket,monthly,2025-07-31,-1639619.9370702477,48995908.06427376,-9458371.13728366
RKO-BASKET  Call-UO  3M  35Δ/H@5Δ,rko_basket,monthly,2025-08-31,-947524.5867787168,48048383.47749505,-10405895.724062368
RKO-BASKET  Call-UO  3M  35Δ/H@5Δ,rko_basket,monthly,2025-09-30,1493754.8994355518,49542138.376930594,-8912140.824626826
RKO-BASKET  Call-UO  3M  35Δ/H@5Δ,rko_basket,monthly,2025-10-31,7565658.033529832,57107796.41046043,-1346482.7910969928
RKO-BASKET  Call-UO  3M  35Δ/H@5Δ,rko_basket,monthly,2025-11-30,4113225.105286748,61221021.51574718,0.0
RKO-BASKET  Call-UO  3M  35Δ/H@5Δ,rko_basket,monthly,2025-12-31,3763011.3283192995,64984032.844066486,0.0
RKO-BASKET  Call-UO  3M  35Δ/H@5Δ,rko_basket,monthly,2026-01-31,2263889.677886534,67247922.52195302,0.0
RKO-BASKET  Call-UO  3M  35Δ/H@5Δ,rko_basket,monthly,2026-02-28,-550134.4492355407,66697788.072717465,-857960.1829911694
RKO-BASKET  Call-UO  3M  35Δ/H@5Δ,rko_basket,monthly,2026-03-31,-375779.63942335267,66322008.43329413,-1233739.8224145025
RKO-BASKET  Call-UO  3M  35Δ/H@5Δ,rko_basket,monthly,2026-04-30,-497266.5054373055,65824741.92785683,-1731006.327851802
RKO-BASKET  Call-UO  3M  35Δ/H@5Δ,rko_basket,monthly,2026-05-31,-517725.0218926639,65307016.90596417,-2248731.3497444615
RKO-BASKET  Call-UO  3M  35Δ/H@5Δ,rko_basket,annual,2023-12-31,32114770.611285895,32114770.61128589,-2333519.8287569396
RKO-BASKET  Call-UO  3M  35Δ/H@5Δ,rko_basket,annual,2024-12-31,18283563.46414771,50398334.075433634,0.0
RKO-BASKET  Call-UO  3M  35Δ/H@5Δ,rko_basket,annual,2025-12-31,14585698.768632855,64984032.844066486,0.0
RKO-BASKET  Call-UO  3M  35Δ/H@5Δ,rko_basket,annual,2026-12-31,322984.06189767126,65307016.90596417,-2248731.3497444615
RKO-BASKET  Call-UO  3M  30Δ/H@20Δ,rko_basket,monthly,2023-03-31,-9409.198937472334,-9409.198937472334,0.0
RKO-BASKET  Call-UO  3M  30Δ/H@20Δ,rko_basket,monthly,2023-04-30,-166205.8264884289,-175615.0254259013,-166205.82648842895
RKO-BASKET  Call-UO  3M  30Δ/H@20Δ,rko_basket,monthly,2023-05-31,-3522.426986543922,-179137.45241244521,-169728.25347497288
RKO-BASKET  Call-UO  3M  30Δ/H@20Δ,rko_basket,monthly,2023-06-30,-67017.4336266864,-246154.88603913158,-236745.68710165925
RKO-BASKET  Call-UO  3M  30Δ/H@20Δ,rko_basket,monthly,2023-07-31,392988.01429730497,146833.12825817335,0.0
RKO-BASKET  Call-UO  3M  30Δ/H@20Δ,rko_basket,monthly,2023-08-31,-111357.54482358388,35475.58343458951,-111357.54482358384
RKO-BASKET  Call-UO  3M  30Δ/H@20Δ,rko_basket,monthly,2023-09-30,-38735.73471191185,-3260.1512773223476,-150093.2795354957
RKO-BASKET  Call-UO  3M  30Δ/H@20Δ,rko_basket,monthly,2023-10-31,-90608.50791498796,-93868.6591923103,-240701.78745048365
RKO-BASKET  Call-UO  3M  30Δ/H@20Δ,rko_basket,monthly,2023-11-30,-193000.64765400742,-286869.3068463178,-433702.43510449113
RKO-BASKET  Call-UO  3M  30Δ/H@20Δ,rko_basket,monthly,2023-12-31,-229041.27381147546,-515910.5806577933,-662743.7089159667
RKO-BASKET  Call-UO  3M  30Δ/H@20Δ,rko_basket,monthly,2024-01-31,-253343.30071526975,-769253.8813730632,-916087.0096312365
RKO-BASKET  Call-UO  3M  30Δ/H@20Δ,rko_basket,monthly,2024-02-29,-88201.99460586676,-857455.87597893,-1004289.0042371034
RKO-BASKET  Call-UO  3M  30Δ/H@20Δ,rko_basket,monthly,2024-03-31,111665.82598025548,-745790.0499986747,-892623.178256848
RKO-BASKET  Call-UO  3M  30Δ/H@20Δ,rko_basket,monthly,2024-04-30,-127302.86930317525,-873092.9193018501,-1019926.0475600235
RKO-BASKET  Call-UO  3M  30Δ/H@20Δ,rko_basket,monthly,2024-05-31,-196142.40772746303,-1069235.327029313,-1216068.4552874863
RKO-BASKET  Call-UO  3M  30Δ/H@20Δ,rko_basket,monthly,2024-06-30,-130406.5318962029,-1199641.8589255158,-1346474.9871836891
RKO-BASKET  Call-UO  3M  30Δ/H@20Δ,rko_basket,monthly,2024-07-31,-26095.465341395957,-1225737.3242669117,-1372570.452525085
RKO-BASKET  Call-UO  3M  30Δ/H@20Δ,rko_basket,monthly,2024-08-31,-236479.39851163782,-1462216.7227785492,-1609049.8510367225
RKO-BASKET  Call-UO  3M  30Δ/H@20Δ,rko_basket,monthly,2024-09-30,-229104.8672406251,-1691321.5900191737,-1838154.718277347
RKO-BASKET  Call-UO  3M  30Δ/H@20Δ,rko_basket,monthly,2024-10-31,-246281.67977979308,-1937603.269798967,-2084436.3980571404
RKO-BASKET  Call-UO  3M  30Δ/H@20Δ,rko_basket,monthly,2024-11-30,-80588.28581933067,-2018191.555618298,-2165024.6838764716
RKO-BASKET  Call-UO  3M  30Δ/H@20Δ,rko_basket,monthly,2024-12-31,129527.86402368147,-1888663.6915946172,-2035496.8198527906
RKO-BASKET  Call-UO  3M  30Δ/H@20Δ,rko_basket,monthly,2025-01-31,27529.16615114512,-1861134.5254434722,-2007967.6537016456
RKO-BASKET  Call-UO  3M  30Δ/H@20Δ,rko_basket,monthly,2025-02-28,-257730.2063526794,-2118864.7317961515,-2265697.860054325
RKO-BASKET  Call-UO  3M  30Δ/H@20Δ,rko_basket,monthly,2025-03-31,-258099.35283140646,-2376964.0846275575,-2523797.212885731
RKO-BASKET  Call-UO  3M  30Δ/H@20Δ,rko_basket,monthly,2025-04-30,-242932.09929671907,-2619896.183924276,-2766729.3121824493
RKO-BASKET  Call-UO  3M  30Δ/H@20Δ,rko_basket,monthly,2025-05-31,-233848.29136234667,-2853744.4752866225,-3000577.603544796
RKO-BASKET  Call-UO  3M  30Δ/H@20Δ,rko_basket,monthly,2025-06-30,-246570.1222918273,-3100314.5975784506,-3247147.725836624
RKO-BASKET  Call-UO  3M  30Δ/H@20Δ,rko_basket,monthly,2025-07-31,-202430.3656954859,-3302744.963273936,-3449578.0915321093
RKO-BASKET  Call-UO  3M  30Δ/H@20Δ,rko_basket,monthly,2025-08-31,-172238.3805166839,-3474983.3437906206,-3621816.472048794
RKO-BASKET  Call-UO  3M  30Δ/H@20Δ,rko_basket,monthly,2025-09-30,-123172.42012920415,-3598155.7639198247,-3744988.892177998
RKO-BASKET  Call-UO  3M  30Δ/H@20Δ,rko_basket,monthly,2025-10-31,79437.81005350425,-3518717.9538663193,-3665551.0821244926
RKO-BASKET  Call-UO  3M  30Δ/H@20Δ,rko_basket,monthly,2025-11-30,842200.992789523,-2676516.9610767965,-2823350.08933497
RKO-BASKET  Call-UO  3M  30Δ/H@20Δ,rko_basket,monthly,2025-12-31,-22623.69132250727,-2699140.6523993043,-2845973.7806574777
RKO-BASKET  Call-UO  3M  30Δ/H@20Δ,rko_basket,monthly,2026-01-31,-101249.05066777406,-2800389.703067079,-2947222.8313252525
RKO-BASKET  Call-UO  3M  30Δ/H@20Δ,rko_basket,monthly,2026-02-28,-57373.08529664111,-2857762.7883637203,-3004595.9166218936
RKO-BASKET  Call-UO  3M  30Δ/H@20Δ,rko_basket,monthly,2026-03-31,-76523.26799150706,-2934286.0563552273,-3081119.1846134006
RKO-BASKET  Call-UO  3M  30Δ/H@20Δ,rko_basket,monthly,2026-04-30,-258851.8458354157,-3193137.9021906424,-3339971.030448816
RKO-BASKET  Call-UO  3M  30Δ/H@20Δ,rko_basket,monthly,2026-05-31,-70595.09028287772,-3263732.99247352,-3410566.120731693
RKO-BASKET  Call-UO  3M  30Δ/H@20Δ,rko_basket,annual,2023-12-31,-515910.5806577932,-515910.5806577933,-662743.7089159667
RKO-BASKET  Call-UO  3M  30Δ/H@20Δ,rko_basket,annual,2024-12-31,-1372753.1109368235,-1888663.6915946172,-2035496.8198527906
RKO-BASKET  Call-UO  3M  30Δ/H@20Δ,rko_basket,annual,2025-12-31,-810476.9608046878,-2699140.6523993043,-2845973.7806574777
RKO-BASKET  Call-UO  3M  30Δ/H@20Δ,rko_basket,annual,2026-12-31,-564592.3400742157,-3263732.99247352,-3410566.120731693
RKO-BASKET  Call-UO  3M  30Δ/H@15Δ,rko_basket,monthly,2023-03-31,-16600.209914331117,-16600.209914331117,0.0
RKO-BASKET  Call-UO  3M  30Δ/H@15Δ,rko_basket,monthly,2023-04-30,-360578.2710512815,-377178.4809656126,-360578.2710512815
RKO-BASKET  Call-UO  3M  30Δ/H@15Δ,rko_basket,monthly,2023-05-31,796283.0669014222,419104.58593580965,0.0
RKO-BASKET  Call-UO  3M  30Δ/H@15Δ,rko_basket,monthly,2023-06-30,284596.98642975616,703701.5723655656,0.0
RKO-BASKET  Call-UO  3M  30Δ/H@15Δ,rko_basket,monthly,2023-07-31,547548.6367854854,1251250.209151051,0.0
RKO-BASKET  Call-UO  3M  30Δ/H@15Δ,rko_basket,monthly,2023-08-31,82092.95608989811,1333343.165240949,-190731.1587073363
RKO-BASKET  Call-UO  3M  30Δ/H@15Δ,rko_basket,monthly,2023-09-30,552050.9281213144,1885394.0933622627,-17554.79054474528
RKO-BASKET  Call-UO  3M  30Δ/H@15Δ,rko_basket,monthly,2023-10-31,216703.22926318136,2102097.322625444,0.0
RKO-BASKET  Call-UO  3M  30Δ/H@15Δ,rko_basket,monthly,2023-11-30,-209626.5064710032,1892470.8161544402,-366350.28454362345
RKO-BASKET  Call-UO  3M  30Δ/H@15Δ,rko_basket,monthly,2023-12-31,-396470.7193254835,1496000.0968289573,-762821.0038691063
RKO-BASKET  Call-UO  3M  30Δ/H@15Δ,rko_basket,monthly,2024-01-31,-437267.3694641952,1058732.7273647625,-1200088.3733333012
RKO-BASKET  Call-UO  3M  30Δ/H@15Δ,rko_basket,monthly,2024-02-29,-205190.08338313835,853542.643981624,-1405278.4567164397
RKO-BASKET  Call-UO  3M  30Δ/H@15Δ,rko_basket,monthly,2024-03-31,555201.5840921524,1408744.2280737767,-850076.8726242869
RKO-BASKET  Call-UO  3M  30Δ/H@15Δ,rko_basket,monthly,2024-04-30,2673280.968738861,4082025.1968126376,0.0
RKO-BASKET  Call-UO  3M  30Δ/H@15Δ,rko_basket,monthly,2024-05-31,-116031.92704439012,3965993.2697682464,-116031.92704439117
RKO-BASKET  Call-UO  3M  30Δ/H@15Δ,rko_basket,monthly,2024-06-30,544932.5583552651,4510925.828123512,-14342.621155567467
RKO-BASKET  Call-UO  3M  30Δ/H@15Δ,rko_basket,monthly,2024-07-31,-183066.69269737252,4327859.1354261385,-264419.67955846246
RKO-BASKET  Call-UO  3M  30Δ/H@15Δ,rko_basket,monthly,2024-08-31,-401466.84804515826,3926392.2873809817,-665886.5276036193
RKO-BASKET  Call-UO  3M  30Δ/H@15Δ,rko_basket,monthly,2024-09-30,-383912.6973988069,3542479.5899821757,-1049799.2250024253
RKO-BASKET  Call-UO  3M  30Δ/H@15Δ,rko_basket,monthly,2024-10-31,-413664.2742107609,3128815.3157714144,-1463463.4992131866
RKO-BASKET  Call-UO  3M  30Δ/H@15Δ,rko_basket,monthly,2024-11-30,635094.7471149937,3763910.062886408,-828368.7520981929
RKO-BASKET  Call-UO  3M  30Δ/H@15Δ,rko_basket,monthly,2024-12-31,112001.22364239635,3875911.286528803,-716367.528455798
RKO-BASKET  Call-UO  3M  30Δ/H@15Δ,rko_basket,monthly,2025-01-31,-166235.65815377835,3709675.6283750236,-882603.1866095774
RKO-BASKET  Call-UO  3M  30Δ/H@15Δ,rko_basket,monthly,2025-02-28,-145945.65410106603,3563729.9742739582,-1028548.8407106427
RKO-BASKET  Call-UO  3M  30Δ/H@15Δ,rko_basket,monthly,2025-03-31,-483650.90604163945,3080079.068232319,-1512199.7467522821
RKO-BASKET  Call-UO  3M  30Δ/H@15Δ,rko_basket,monthly,2025-04-30,-442978.9894182951,2637100.0788140236,-1955178.7361705774
RKO-BASKET  Call-UO  3M  30Δ/H@15Δ,rko_basket,monthly,2025-05-31,-415018.1106211761,2222081.968192849,-2370196.846791752
RKO-BASKET  Call-UO  3M  30Δ/H@15Δ,rko_basket,monthly,2025-06-30,-434049.56702540995,1788032.4011674386,-2804246.4138171626
RKO-BASKET  Call-UO  3M  30Δ/H@15Δ,rko_basket,monthly,2025-07-31,-423944.95985549584,1364087.4413119429,-3228191.373672658
RKO-BASKET  Call-UO  3M  30Δ/H@15Δ,rko_basket,monthly,2025-08-31,140775.1075225265,1504862.5488344696,-3087416.2661501314
RKO-BASKET  Call-UO  3M  30Δ/H@15Δ,rko_basket,monthly,2025-09-30,558733.0197281117,2063595.5685625814,-2528683.24642202
RKO-BASKET  Call-UO  3M  30Δ/H@15Δ,rko_basket,monthly,2025-10-31,2825293.8627701127,4888889.431332694,0.0
RKO-BASKET  Call-UO  3M  30Δ/H@15Δ,rko_basket,monthly,2025-11-30,2404691.1038745437,7293580.535207238,0.0
RKO-BASKET  Call-UO  3M  30Δ/H@15Δ,rko_basket,monthly,2025-12-31,657440.8126707013,7951021.347877938,0.0
RKO-BASKET  Call-UO  3M  30Δ/H@15Δ,rko_basket,monthly,2026-01-31,1307475.6668620016,9258497.014739946,0.0
RKO-BASKET  Call-UO  3M  30Δ/H@15Δ,rko_basket,monthly,2026-02-28,-185073.47214409162,9073423.542595856,-371108.2657261491
RKO-BASKET  Call-UO  3M  30Δ/H@15Δ,rko_basket,monthly,2026-03-31,-175083.46164934832,8898340.080946507,-546191.727375498
RKO-BASKET  Call-UO  3M  30Δ/H@15Δ,rko_basket,monthly,2026-04-30,-469306.8369772794,8429033.243969226,-1015498.5643527787
RKO-BASKET  Call-UO  3M  30Δ/H@15Δ,rko_basket,monthly,2026-05-31,-131388.82630096073,8297644.417668265,-1146887.3906537397
RKO-BASKET  Call-UO  3M  30Δ/H@15Δ,rko_basket,annual,2023-12-31,1496000.0968289583,1496000.0968289573,-762821.0038691063
RKO-BASKET  Call-UO  3M  30Δ/H@15Δ,rko_basket,annual,2024-12-31,2379911.189699846,3875911.286528803,-716367.528455798
RKO-BASKET  Call-UO  3M  30Δ/H@15Δ,rko_basket,annual,2025-12-31,4075110.061349135,7951021.347877938,0.0
RKO-BASKET  Call-UO  3M  30Δ/H@15Δ,rko_basket,annual,2026-12-31,346623.06979032146,8297644.417668265,-1146887.3906537397
RKO-BASKET  Call-UO  3M  30Δ/H@10Δ,rko_basket,monthly,2023-03-31,-25835.549915323194,-25835.549915323194,0.0
RKO-BASKET  Call-UO  3M  30Δ/H@10Δ,rko_basket,monthly,2023-04-30,572626.4643719879,546790.9144566647,0.0
RKO-BASKET  Call-UO  3M  30Δ/H@10Δ,rko_basket,monthly,2023-05-31,1549509.1953170977,2096300.1097737625,0.0
RKO-BASKET  Call-UO  3M  30Δ/H@10Δ,rko_basket,monthly,2023-06-30,664750.5915780923,2761050.701351854,-110569.98043982033
RKO-BASKET  Call-UO  3M  30Δ/H@10Δ,rko_basket,monthly,2023-07-31,309000.3742928669,3070051.07564472,-122813.62783305533
RKO-BASKET  Call-UO  3M  30Δ/H@10Δ,rko_basket,monthly,2023-08-31,1261092.383872169,4331143.459516889,-312230.0556447897
RKO-BASKET  Call-UO  3M  30Δ/H@10Δ,rko_basket,monthly,2023-09-30,2171513.375541823,6502656.8350587115,0.0
RKO-BASKET  Call-UO  3M  30Δ/H@10Δ,rko_basket,monthly,2023-10-31,2790619.2910498586,9293276.126108568,0.0
RKO-BASKET  Call-UO  3M  30Δ/H@10Δ,rko_basket,monthly,2023-11-30,-46264.9289708167,9247011.197137754,-540250.9691700526
RKO-BASKET  Call-UO  3M  30Δ/H@10Δ,rko_basket,monthly,2023-12-31,-662052.7531509231,8584958.443986831,-1202303.7223209757
RKO-BASKET  Call-UO  3M  30Δ/H@10Δ,rko_basket,monthly,2024-01-31,-713249.3132160589,7871709.130770774,-1915553.0355370333
RKO-BASKET  Call-UO  3M  30Δ/H@10Δ,rko_basket,monthly,2024-02-29,-508787.7446901688,7362921.386080603,-2424340.780227204
RKO-BASKET  Call-UO  3M  30Δ/H@10Δ,rko_basket,monthly,2024-03-31,1733683.9148000283,9096605.30088063,-690656.8654271774
RKO-BASKET  Call-UO  3M  30Δ/H@10Δ,rko_basket,monthly,2024-04-30,5193373.210240588,14289978.511121217,0.0
RKO-BASKET  Call-UO  3M  30Δ/H@10Δ,rko_basket,monthly,2024-05-31,199380.6335656831,14489359.144686904,-136433.33593760803
RKO-BASKET  Call-UO  3M  30Δ/H@10Δ,rko_basket,monthly,2024-06-30,1003869.9971805363,15493229.141867438,-24063.832002788782
RKO-BASKET  Call-UO  3M  30Δ/H@10Δ,rko_basket,monthly,2024-07-31,-401984.0699938644,15091245.07187357,-452455.97334593534
RKO-BASKET  Call-UO  3M  30Δ/H@10Δ,rko_basket,monthly,2024-08-31,-653109.5391002374,14438135.532773329,-1105565.5124461763
RKO-BASKET  Call-UO  3M  30Δ/H@10Δ,rko_basket,monthly,2024-09-30,-612941.4084789482,13825194.124294382,-1718506.9209251236
RKO-BASKET  Call-UO  3M  30Δ/H@10Δ,rko_basket,monthly,2024-10-31,-678527.156572707,13146666.96772167,-2397034.0774978343
RKO-BASKET  Call-UO  3M  30Δ/H@10Δ,rko_basket,monthly,2024-11-30,980749.246236729,14127416.2139584,-1416284.8312611058
RKO-BASKET  Call-UO  3M  30Δ/H@10Δ,rko_basket,monthly,2024-12-31,1197435.8156339773,15324852.029592376,-218849.015627129
RKO-BASKET  Call-UO  3M  30Δ/H@10Δ,rko_basket,monthly,2025-01-31,1090595.7409801208,16415447.770572495,0.0
RKO-BASKET  Call-UO  3M  30Δ/H@10Δ,rko_basket,monthly,2025-02-28,-131389.31719084183,16284058.453381652,-589328.2787620891
RKO-BASKET  Call-UO  3M  30Δ/H@10Δ,rko_basket,monthly,2025-03-31,-866745.3176881863,15417313.135693464,-1456073.5964502767
RKO-BASKET  Call-UO  3M  30Δ/H@10Δ,rko_basket,monthly,2025-04-30,-783043.358276415,14634269.777417049,-2239116.9547266923
RKO-BASKET  Call-UO  3M  30Δ/H@10Δ,rko_basket,monthly,2025-05-31,-727905.9165755737,13906363.860841475,-2967022.8713022657
RKO-BASKET  Call-UO  3M  30Δ/H@10Δ,rko_basket,monthly,2025-06-30,-752834.0677637656,13153529.793077707,-3719856.939066034
RKO-BASKET  Call-UO  3M  30Δ/H@10Δ,rko_basket,monthly,2025-07-31,-665167.0958172951,12488362.697260415,-4385024.034883326
RKO-BASKET  Call-UO  3M  30Δ/H@10Δ,rko_basket,monthly,2025-08-31,34970.22697720953,12523332.924237628,-4350053.807906114
RKO-BASKET  Call-UO  3M  30Δ/H@10Δ,rko_basket,monthly,2025-09-30,1459324.716119634,13982657.64035726,-2890729.0917864814
RKO-BASKET  Call-UO  3M  30Δ/H@10Δ,rko_basket,monthly,2025-10-31,5233270.921332749,19215928.561690003,-3246.2911264188588
RKO-BASKET  Call-UO  3M  30Δ/H@10Δ,rko_basket,monthly,2025-11-30,3079978.13986025,22295906.701550253,0.0
RKO-BASKET  Call-UO  3M  30Δ/H@10Δ,rko_basket,monthly,2025-12-31,2217629.0889023147,24513535.790452566,0.0
RKO-BASKET  Call-UO  3M  30Δ/H@10Δ,rko_basket,monthly,2026-01-31,1212965.962180019,25726501.75263259,-6045.283533871174
RKO-BASKET  Call-UO  3M  30Δ/H@10Δ,rko_basket,monthly,2026-02-28,-553498.0523311979,25173003.700301386,-653519.2084716894
RKO-BASKET  Call-UO  3M  30Δ/H@10Δ,rko_basket,monthly,2026-03-31,-448548.2243690407,24724455.475932352,-1102067.4328407235
RKO-BASKET  Call-UO  3M  30Δ/H@10Δ,rko_basket,monthly,2026-04-30,-346095.9051405379,24378359.570791814,-1448163.3379812613
RKO-BASKET  Call-UO  3M  30Δ/H@10Δ,rko_basket,monthly,2026-05-31,-243330.34751984134,24135029.223271973,-1691493.6855011024
RKO-BASKET  Call-UO  3M  30Δ/H@10Δ,rko_basket,annual,2023-12-31,8584958.443986833,8584958.443986831,-1202303.7223209757
RKO-BASKET  Call-UO  3M  30Δ/H@10Δ,rko_basket,annual,2024-12-31,6739893.585605557,15324852.029592376,-218849.015627129
RKO-BASKET  Call-UO  3M  30Δ/H@10Δ,rko_basket,annual,2025-12-31,9188683.7608602,24513535.790452566,0.0
RKO-BASKET  Call-UO  3M  30Δ/H@10Δ,rko_basket,annual,2026-12-31,-378506.56718059885,24135029.223271973,-1691493.6855011024
RKO-BASKET  Call-UO  3M  30Δ/H@5Δ,rko_basket,monthly,2023-03-31,-30257.45118452145,-30257.45118452145,0.0
RKO-BASKET  Call-UO  3M  30Δ/H@5Δ,rko_basket,monthly,2023-04-30,864918.4144938991,834660.9633093777,0.0
RKO-BASKET  Call-UO  3M  30Δ/H@5Δ,rko_basket,monthly,2023-05-31,1833133.4177692542,2667794.381078632,0.0
RKO-BASKET  Call-UO  3M  30Δ/H@5Δ,rko_basket,monthly,2023-06-30,2639672.6624402646,5307467.043518896,0.0
RKO-BASKET  Call-UO  3M  30Δ/H@5Δ,rko_basket,monthly,2023-07-31,136921.677903623,5444388.721422519,-220389.5587997986
RKO-BASKET  Call-UO  3M  30Δ/H@5Δ,rko_basket,monthly,2023-08-31,5441929.096786206,10886317.818208726,0.0
RKO-BASKET  Call-UO  3M  30Δ/H@5Δ,rko_basket,monthly,2023-09-30,7466617.725147474,18352935.5433562,0.0
RKO-BASKET  Call-UO  3M  30Δ/H@5Δ,rko_basket,monthly,2023-10-31,6509293.836615209,24862229.37997141,0.0
RKO-BASKET  Call-UO  3M  30Δ/H@5Δ,rko_basket,monthly,2023-11-30,-97095.11675895812,24765134.26321245,-803292.5213511176
RKO-BASKET  Call-UO  3M  30Δ/H@5Δ,rko_basket,monthly,2023-12-31,-929849.5808996205,23835284.682312835,-1733142.1022507325
RKO-BASKET  Call-UO  3M  30Δ/H@5Δ,rko_basket,monthly,2024-01-31,-929796.709421515,22905487.972891323,-2662938.811672244
RKO-BASKET  Call-UO  3M  30Δ/H@5Δ,rko_basket,monthly,2024-02-29,-743551.3338280903,22161936.63906323,-3406490.145500336
RKO-BASKET  Call-UO  3M  30Δ/H@5Δ,rko_basket,monthly,2024-03-31,1378533.734093447,23540470.373156678,-2027956.4114068896
RKO-BASKET  Call-UO  3M  30Δ/H@5Δ,rko_basket,monthly,2024-04-30,5580031.186268967,29120501.55942564,0.0
RKO-BASKET  Call-UO  3M  30Δ/H@5Δ,rko_basket,monthly,2024-05-31,1346150.845214785,30466652.40464042,0.0
RKO-BASKET  Call-UO  3M  30Δ/H@5Δ,rko_basket,monthly,2024-06-30,2340586.216922743,32807238.62156316,-32193.145979765803
RKO-BASKET  Call-UO  3M  30Δ/H@5Δ,rko_basket,monthly,2024-07-31,-519388.9647053448,32287849.65685782,-551582.1106851064
RKO-BASKET  Call-UO  3M  30Δ/H@5Δ,rko_basket,monthly,2024-08-31,-875228.1944067397,31412621.462451078,-1426810.3050918467
RKO-BASKET  Call-UO  3M  30Δ/H@5Δ,rko_basket,monthly,2024-09-30,-830911.3346919462,30581710.12775913,-2257721.639783796
RKO-BASKET  Call-UO  3M  30Δ/H@5Δ,rko_basket,monthly,2024-10-31,-965819.9251344526,29615890.202624675,-3223541.56491825
RKO-BASKET  Call-UO  3M  30Δ/H@5Δ,rko_basket,monthly,2024-11-30,2056162.0530159879,31672052.255640667,-1167379.5119022578
RKO-BASKET  Call-UO  3M  30Δ/H@5Δ,rko_basket,monthly,2024-12-31,4896576.041917277,36568628.29755796,0.0
RKO-BASKET  Call-UO  3M  30Δ/H@5Δ,rko_basket,monthly,2025-01-31,4631267.481037263,41199895.778595224,0.0
RKO-BASKET  Call-UO  3M  30Δ/H@5Δ,rko_basket,monthly,2025-02-28,-58092.163501994306,41141803.61509323,-944256.212588191
RKO-BASKET  Call-UO  3M  30Δ/H@5Δ,rko_basket,monthly,2025-03-31,-1323271.8826224024,39818531.732470855,-2267528.095210567
RKO-BASKET  Call-UO  3M  30Δ/H@5Δ,rko_basket,monthly,2025-04-30,-1198631.4425052728,38619900.28996558,-3466159.537715845
RKO-BASKET  Call-UO  3M  30Δ/H@5Δ,rko_basket,monthly,2025-05-31,-1113765.0958037968,37506135.19416178,-4579924.633519642
RKO-BASKET  Call-UO  3M  30Δ/H@5Δ,rko_basket,monthly,2025-06-30,-1126504.4237616106,36379630.77040018,-5706429.057281241
RKO-BASKET  Call-UO  3M  30Δ/H@5Δ,rko_basket,monthly,2025-07-31,-1156258.0519584948,35223372.7184417,-6862687.10923972
RKO-BASKET  Call-UO  3M  30Δ/H@5Δ,rko_basket,monthly,2025-08-31,-809271.1867239323,34414101.53171776,-7671958.29596366
RKO-BASKET  Call-UO  3M  30Δ/H@5Δ,rko_basket,monthly,2025-09-30,711338.9187221921,35125440.45043995,-6960619.37724147
RKO-BASKET  Call-UO  3M  30Δ/H@5Δ,rko_basket,monthly,2025-10-31,5301390.6067565065,40426831.05719646,-1659228.7704849616
RKO-BASKET  Call-UO  3M  30Δ/H@5Δ,rko_basket,monthly,2025-11-30,2519866.40658091,42946697.46377738,0.0
RKO-BASKET  Call-UO  3M  30Δ/H@5Δ,rko_basket,monthly,2025-12-31,2330984.9509808426,45277682.41475822,0.0
RKO-BASKET  Call-UO  3M  30Δ/H@5Δ,rko_basket,monthly,2026-01-31,1500152.0978221435,46777834.51258035,0.0
RKO-BASKET  Call-UO  3M  30Δ/H@5Δ,rko_basket,monthly,2026-02-28,-590850.1111610753,46186984.40141927,-772638.932097964
RKO-BASKET  Call-UO  3M  30Δ/H@5Δ,rko_basket,monthly,2026-03-31,-644838.9308779193,45542145.47054133,-1417477.8629759029
RKO-BASKET  Call-UO  3M  30Δ/H@5Δ,rko_basket,monthly,2026-04-30,-464796.56405489694,45077348.90648643,-1882274.4270308018
RKO-BASKET  Call-UO  3M  30Δ/H@5Δ,rko_basket,monthly,2026-05-31,-372489.40157922,44704859.50490721,-2254763.828610018
RKO-BASKET  Call-UO  3M  30Δ/H@5Δ,rko_basket,annual,2023-12-31,23835284.682312828,23835284.682312835,-1733142.1022507325
RKO-BASKET  Call-UO  3M  30Δ/H@5Δ,rko_basket,annual,2024-12-31,12733343.615245117,36568628.29755796,0.0
RKO-BASKET  Call-UO  3M  30Δ/H@5Δ,rko_basket,annual,2025-12-31,8709054.11720021,45277682.41475822,0.0
RKO-BASKET  Call-UO  3M  30Δ/H@5Δ,rko_basket,annual,2026-12-31,-572822.9098509683,44704859.50490721,-2254763.828610018
