strategy_name,strategy_type,period_type,period_end,pnl_usd,equity_usd,drawdown_usd,state_a,state_b
WO[USDJPY Cuo ATM/H@20Δ  ∧  USDKRW Cuo ATM/H@20Δ]  2M,worst_of,monthly,2023-03-31,-251483.86044047377,-251483.8604404738,-214219.43831059677,,
WO[USDJPY Cuo ATM/H@20Δ  ∧  USDKRW Cuo ATM/H@20Δ]  2M,worst_of,monthly,2023-04-30,141142.9089309625,-110340.95150951139,-73076.52937963436,,
WO[USDJPY Cuo ATM/H@20Δ  ∧  USDKRW Cuo ATM/H@20Δ]  2M,worst_of,monthly,2023-05-31,545407.0294626,435066.0779530887,-84356.96494130197,,
WO[USDJPY Cuo ATM/H@20Δ  ∧  USDKRW Cuo ATM/H@20Δ]  2M,worst_of,monthly,2023-06-30,-256173.76560389728,178892.3123491915,-340530.7305451991,,
WO[USDJPY Cuo ATM/H@20Δ  ∧  USDKRW Cuo ATM/H@20Δ]  2M,worst_of,monthly,2023-07-31,-194087.9167960124,-15195.604446820882,-534618.6473412116,,
WO[USDJPY Cuo ATM/H@20Δ  ∧  USDKRW Cuo ATM/H@20Δ]  2M,worst_of,monthly,2023-08-31,53434.11444201715,38238.50999519626,-481184.5328991944,,
WO[USDJPY Cuo ATM/H@20Δ  ∧  USDKRW Cuo ATM/H@20Δ]  2M,worst_of,monthly,2023-09-30,-117188.82212005681,-78950.31212486056,-598373.3550192512,,
WO[USDJPY Cuo ATM/H@20Δ  ∧  USDKRW Cuo ATM/H@20Δ]  2M,worst_of,monthly,2023-10-31,-184330.53482292878,-263280.8469477893,-782703.88984218,,
WO[USDJPY Cuo ATM/H@20Δ  ∧  USDKRW Cuo ATM/H@20Δ]  2M,worst_of,monthly,2023-11-30,-177362.0257258119,-440642.87267360114,-960065.9155679918,,
WO[USDJPY Cuo ATM/H@20Δ  ∧  USDKRW Cuo ATM/H@20Δ]  2M,worst_of,monthly,2023-12-31,-176632.68382957453,-617275.5565031755,-1136698.5993975662,,
WO[USDJPY Cuo ATM/H@20Δ  ∧  USDKRW Cuo ATM/H@20Δ]  2M,worst_of,monthly,2024-01-31,-177754.74873831062,-795030.3052414862,-1314453.348135877,,
WO[USDJPY Cuo ATM/H@20Δ  ∧  USDKRW Cuo ATM/H@20Δ]  2M,worst_of,monthly,2024-02-29,333310.15775949316,-461720.14748199296,-981143.1903763836,,
WO[USDJPY Cuo ATM/H@20Δ  ∧  USDKRW Cuo ATM/H@20Δ]  2M,worst_of,monthly,2024-03-31,-165295.36954643397,-627015.5170284269,-1146438.5599228176,,
WO[USDJPY Cuo ATM/H@20Δ  ∧  USDKRW Cuo ATM/H@20Δ]  2M,worst_of,monthly,2024-04-30,-6527.340374856608,-633542.8574032836,-1152965.9002976744,,
WO[USDJPY Cuo ATM/H@20Δ  ∧  USDKRW Cuo ATM/H@20Δ]  2M,worst_of,monthly,2024-05-31,-182207.3692969351,-815750.2267002185,-1335173.2695946093,,
WO[USDJPY Cuo ATM/H@20Δ  ∧  USDKRW Cuo ATM/H@20Δ]  2M,worst_of,monthly,2024-06-30,-64879.575332354725,-880629.8020325734,-1400052.844926964,,
WO[USDJPY Cuo ATM/H@20Δ  ∧  USDKRW Cuo ATM/H@20Δ]  2M,worst_of,monthly,2024-07-31,-155426.20419317804,-1036056.0062257516,-1555479.0491201421,,
WO[USDJPY Cuo ATM/H@20Δ  ∧  USDKRW Cuo ATM/H@20Δ]  2M,worst_of,monthly,2024-08-31,-189815.78978234896,-1225871.7960081003,-1745294.838902491,,
WO[USDJPY Cuo ATM/H@20Δ  ∧  USDKRW Cuo ATM/H@20Δ]  2M,worst_of,monthly,2024-09-30,-183659.27180139202,-1409531.0678094921,-1928954.1107038828,,
WO[USDJPY Cuo ATM/H@20Δ  ∧  USDKRW Cuo ATM/H@20Δ]  2M,worst_of,monthly,2024-10-31,-17500.094383626398,-1427031.1621931184,-1946454.205087509,,
WO[USDJPY Cuo ATM/H@20Δ  ∧  USDKRW Cuo ATM/H@20Δ]  2M,worst_of,monthly,2024-11-30,-163810.33946913155,-1590841.5016622497,-2110264.54455664,,
WO[USDJPY Cuo ATM/H@20Δ  ∧  USDKRW Cuo ATM/H@20Δ]  2M,worst_of,monthly,2024-12-31,-202642.04164374497,-1793483.5433059947,-2312906.5862003854,,
WO[USDJPY Cuo ATM/H@20Δ  ∧  USDKRW Cuo ATM/H@20Δ]  2M,worst_of,monthly,2025-01-31,-223605.72210354955,-2017089.265409544,-2536512.3083039345,,
WO[USDJPY Cuo ATM/H@20Δ  ∧  USDKRW Cuo ATM/H@20Δ]  2M,worst_of,monthly,2025-02-28,-196938.78398267593,-2214028.0493922206,-2733451.092286611,,
WO[USDJPY Cuo ATM/H@20Δ  ∧  USDKRW Cuo ATM/H@20Δ]  2M,worst_of,monthly,2025-03-31,-167493.08850134342,-2381521.137893564,-2900944.1807879545,,
WO[USDJPY Cuo ATM/H@20Δ  ∧  USDKRW Cuo ATM/H@20Δ]  2M,worst_of,monthly,2025-04-30,-176307.74961315765,-2557828.887506721,-3077251.930401112,,
WO[USDJPY Cuo ATM/H@20Δ  ∧  USDKRW Cuo ATM/H@20Δ]  2M,worst_of,monthly,2025-05-31,-211162.26799237446,-2768991.155499095,-3288414.1983934855,,
WO[USDJPY Cuo ATM/H@20Δ  ∧  USDKRW Cuo ATM/H@20Δ]  2M,worst_of,monthly,2025-06-30,-218804.01153462246,-2987795.1670337175,-3507218.2099281084,,
WO[USDJPY Cuo ATM/H@20Δ  ∧  USDKRW Cuo ATM/H@20Δ]  2M,worst_of,monthly,2025-07-31,-28664.756313827915,-3016459.9233475444,-3535882.9662419353,,
WO[USDJPY Cuo ATM/H@20Δ  ∧  USDKRW Cuo ATM/H@20Δ]  2M,worst_of,monthly,2025-08-31,-194337.70247724376,-3210797.6258247877,-3730220.668719178,,
WO[USDJPY Cuo ATM/H@20Δ  ∧  USDKRW Cuo ATM/H@20Δ]  2M,worst_of,monthly,2025-09-30,874225.4306610293,-2336572.195163758,-2855995.238058149,,
WO[USDJPY Cuo ATM/H@20Δ  ∧  USDKRW Cuo ATM/H@20Δ]  2M,worst_of,monthly,2025-10-31,111735.19001623828,-2224837.0051475186,-2744260.048041909,,
WO[USDJPY Cuo ATM/H@20Δ  ∧  USDKRW Cuo ATM/H@20Δ]  2M,worst_of,monthly,2025-11-30,-171691.765916558,-2396528.7710640766,-2915951.813958467,,
WO[USDJPY Cuo ATM/H@20Δ  ∧  USDKRW Cuo ATM/H@20Δ]  2M,worst_of,monthly,2025-12-31,-138983.0122376843,-2535511.783301761,-3054934.826196152,,
WO[USDJPY Cuo ATM/H@20Δ  ∧  USDKRW Cuo ATM/H@20Δ]  2M,worst_of,monthly,2026-01-31,-58253.14672811446,-2593764.930029875,-3113187.972924266,,
WO[USDJPY Cuo ATM/H@20Δ  ∧  USDKRW Cuo ATM/H@20Δ]  2M,worst_of,monthly,2026-02-28,-177766.2037983234,-2771531.1338281985,-3290954.176722589,,
WO[USDJPY Cuo ATM/H@20Δ  ∧  USDKRW Cuo ATM/H@20Δ]  2M,worst_of,monthly,2026-03-31,126743.44982202198,-2644787.684006177,-3164210.7269005673,,
WO[USDJPY Cuo ATM/H@20Δ  ∧  USDKRW Cuo ATM/H@20Δ]  2M,worst_of,monthly,2026-04-30,-168430.63683893628,-2813218.320845113,-3332641.3637395035,,
WO[USDJPY Cuo ATM/H@20Δ  ∧  USDKRW Cuo ATM/H@20Δ]  2M,worst_of,monthly,2026-05-31,-65452.63661837963,-2878670.957463493,-3398094.000357884,,
WO[USDJPY Cuo ATM/H@20Δ  ∧  USDKRW Cuo ATM/H@20Δ]  2M,worst_of,annual,2023-12-31,-617275.5565031758,-617275.5565031755,-1136698.5993975662,,
WO[USDJPY Cuo ATM/H@20Δ  ∧  USDKRW Cuo ATM/H@20Δ]  2M,worst_of,annual,2024-12-31,-1176207.9868028199,-1793483.5433059947,-2312906.5862003854,,
WO[USDJPY Cuo ATM/H@20Δ  ∧  USDKRW Cuo ATM/H@20Δ]  2M,worst_of,annual,2025-12-31,-742028.23999577,-2535511.783301761,-3054934.826196152,,
WO[USDJPY Cuo ATM/H@20Δ  ∧  USDKRW Cuo ATM/H@20Δ]  2M,worst_of,annual,2026-12-31,-343159.1741617318,-2878670.957463493,-3398094.000357884,,
WO[USDJPY Cuo ATM/H@20Δ  ∧  USDKRW Cuo ATM/H@20Δ]  1M,worst_of,monthly,2023-02-28,10391.384648268937,10391.384648268933,-99624.49285008534,,
WO[USDJPY Cuo ATM/H@20Δ  ∧  USDKRW Cuo ATM/H@20Δ]  1M,worst_of,monthly,2023-03-31,-171138.7331387721,-160747.34849050318,-270763.22598885745,,
WO[USDJPY Cuo ATM/H@20Δ  ∧  USDKRW Cuo ATM/H@20Δ]  1M,worst_of,monthly,2023-04-30,231195.72794655603,70448.3794560528,-46727.71522953255,,
WO[USDJPY Cuo ATM/H@20Δ  ∧  USDKRW Cuo ATM/H@20Δ]  1M,worst_of,monthly,2023-05-31,-188734.01532744156,-118285.63587138876,-235461.73055697413,,
WO[USDJPY Cuo ATM/H@20Δ  ∧  USDKRW Cuo ATM/H@20Δ]  1M,worst_of,monthly,2023-06-30,-158280.51343667408,-276566.14930806286,-393742.2439936482,,
WO[USDJPY Cuo ATM/H@20Δ  ∧  USDKRW Cuo ATM/H@20Δ]  1M,worst_of,monthly,2023-07-31,-137558.6520189517,-414124.8013270146,-531300.8960125999,,
WO[USDJPY Cuo ATM/H@20Δ  ∧  USDKRW Cuo ATM/H@20Δ]  1M,worst_of,monthly,2023-08-31,-101945.7957434691,-516070.5970704836,-633246.691756069,,
WO[USDJPY Cuo ATM/H@20Δ  ∧  USDKRW Cuo ATM/H@20Δ]  1M,worst_of,monthly,2023-09-30,-98307.42452212171,-614378.0215926054,-731554.1162781907,,
WO[USDJPY Cuo ATM/H@20Δ  ∧  USDKRW Cuo ATM/H@20Δ]  1M,worst_of,monthly,2023-10-31,150596.2505224718,-463781.77107013337,-580957.8657557187,,
WO[USDJPY Cuo ATM/H@20Δ  ∧  USDKRW Cuo ATM/H@20Δ]  1M,worst_of,monthly,2023-11-30,-148188.64607859682,-611970.4171487303,-729146.5118343156,,
WO[USDJPY Cuo ATM/H@20Δ  ∧  USDKRW Cuo ATM/H@20Δ]  1M,worst_of,monthly,2023-12-31,-137542.09212636764,-749512.5092750977,-866688.6039606831,,
WO[USDJPY Cuo ATM/H@20Δ  ∧  USDKRW Cuo ATM/H@20Δ]  1M,worst_of,monthly,2024-01-31,-48824.32782480468,-798336.8370999026,-915512.9317854879,,
WO[USDJPY Cuo ATM/H@20Δ  ∧  USDKRW Cuo ATM/H@20Δ]  1M,worst_of,monthly,2024-02-29,-159763.00645178545,-958099.843551688,-1075275.9382372734,,
WO[USDJPY Cuo ATM/H@20Δ  ∧  USDKRW Cuo ATM/H@20Δ]  1M,worst_of,monthly,2024-03-31,428319.4930304985,-529780.3505211895,-646956.4452067749,,
WO[USDJPY Cuo ATM/H@20Δ  ∧  USDKRW Cuo ATM/H@20Δ]  1M,worst_of,monthly,2024-04-30,-132512.57829497944,-662292.9288161687,-779469.023501754,,
WO[USDJPY Cuo ATM/H@20Δ  ∧  USDKRW Cuo ATM/H@20Δ]  1M,worst_of,monthly,2024-05-31,-115878.9984773782,-778171.927293547,-895348.0219791323,,
WO[USDJPY Cuo ATM/H@20Δ  ∧  USDKRW Cuo ATM/H@20Δ]  1M,worst_of,monthly,2024-06-30,333231.6250419453,-444940.30225160177,-562116.3969371871,,
WO[USDJPY Cuo ATM/H@20Δ  ∧  USDKRW Cuo ATM/H@20Δ]  1M,worst_of,monthly,2024-07-31,-139567.48737831524,-584507.7896299168,-701683.8843155021,,
WO[USDJPY Cuo ATM/H@20Δ  ∧  USDKRW Cuo ATM/H@20Δ]  1M,worst_of,monthly,2024-08-31,-147808.36780983896,-732316.1574397557,-849492.2521253411,,
WO[USDJPY Cuo ATM/H@20Δ  ∧  USDKRW Cuo ATM/H@20Δ]  1M,worst_of,monthly,2024-09-30,-86007.74854246964,-818323.9059822253,-935500.0006678107,,
WO[USDJPY Cuo ATM/H@20Δ  ∧  USDKRW Cuo ATM/H@20Δ]  1M,worst_of,monthly,2024-10-31,-146028.2268706431,-964352.1328528684,-1081528.2275384539,,
WO[USDJPY Cuo ATM/H@20Δ  ∧  USDKRW Cuo ATM/H@20Δ]  1M,worst_of,monthly,2024-11-30,-32865.21454118116,-997217.3473940497,-1114393.442079635,,
WO[USDJPY Cuo ATM/H@20Δ  ∧  USDKRW Cuo ATM/H@20Δ]  1M,worst_of,monthly,2024-12-31,-160321.93297425113,-1157539.2803683004,-1274715.3750538859,,
WO[USDJPY Cuo ATM/H@20Δ  ∧  USDKRW Cuo ATM/H@20Δ]  1M,worst_of,monthly,2025-01-31,-161421.11230855944,-1318960.3926768596,-1436136.4873624449,,
WO[USDJPY Cuo ATM/H@20Δ  ∧  USDKRW Cuo ATM/H@20Δ]  1M,worst_of,monthly,2025-02-28,-139451.65564819268,-1458412.0483250525,-1575588.1430106377,,
WO[USDJPY Cuo ATM/H@20Δ  ∧  USDKRW Cuo ATM/H@20Δ]  1M,worst_of,monthly,2025-03-31,-126496.3817673178,-1584908.4300923697,-1702084.524777955,,
WO[USDJPY Cuo ATM/H@20Δ  ∧  USDKRW Cuo ATM/H@20Δ]  1M,worst_of,monthly,2025-04-30,-158052.8236306149,-1742961.2537229846,-1860137.34840857,,
WO[USDJPY Cuo ATM/H@20Δ  ∧  USDKRW Cuo ATM/H@20Δ]  1M,worst_of,monthly,2025-05-31,-177902.92663785935,-1920864.180360844,-2038040.2750464291,,
WO[USDJPY Cuo ATM/H@20Δ  ∧  USDKRW Cuo ATM/H@20Δ]  1M,worst_of,monthly,2025-06-30,-95365.17628403321,-2016229.356644877,-2133405.4513304625,,
WO[USDJPY Cuo ATM/H@20Δ  ∧  USDKRW Cuo ATM/H@20Δ]  1M,worst_of,monthly,2025-07-31,-130287.49550703682,-2146516.852151914,-2263692.9468374993,,
WO[USDJPY Cuo ATM/H@20Δ  ∧  USDKRW Cuo ATM/H@20Δ]  1M,worst_of,monthly,2025-08-31,-110430.12692405723,-2256946.979075971,-2374123.0737615563,,
WO[USDJPY Cuo ATM/H@20Δ  ∧  USDKRW Cuo ATM/H@20Δ]  1M,worst_of,monthly,2025-09-30,806886.2751176136,-1450060.7039583577,-1567236.798643943,,
WO[USDJPY Cuo ATM/H@20Δ  ∧  USDKRW Cuo ATM/H@20Δ]  1M,worst_of,monthly,2025-10-31,-41560.036130224595,-1491620.7400885823,-1608796.8347741677,,
WO[USDJPY Cuo ATM/H@20Δ  ∧  USDKRW Cuo ATM/H@20Δ]  1M,worst_of,monthly,2025-11-30,-102770.13453394544,-1594390.8746225275,-1711566.9693081127,,
WO[USDJPY Cuo ATM/H@20Δ  ∧  USDKRW Cuo ATM/H@20Δ]  1M,worst_of,monthly,2025-12-31,-59507.56536872586,-1653898.4399912534,-1771074.5346768387,,
WO[USDJPY Cuo ATM/H@20Δ  ∧  USDKRW Cuo ATM/H@20Δ]  1M,worst_of,monthly,2026-01-31,-143459.66017089982,-1797358.1001621531,-1914534.1948477384,,
WO[USDJPY Cuo ATM/H@20Δ  ∧  USDKRW Cuo ATM/H@20Δ]  1M,worst_of,monthly,2026-02-28,-150652.55532221773,-1948010.6554843707,-2065186.7501699561,,
WO[USDJPY Cuo ATM/H@20Δ  ∧  USDKRW Cuo ATM/H@20Δ]  1M,worst_of,monthly,2026-03-31,-114602.78926686254,-2062613.4447512329,-2179789.539436818,,
WO[USDJPY Cuo ATM/H@20Δ  ∧  USDKRW Cuo ATM/H@20Δ]  1M,worst_of,monthly,2026-04-30,-207637.75898185637,-2270251.2037330903,-2387427.2984186755,,
WO[USDJPY Cuo ATM/H@20Δ  ∧  USDKRW Cuo ATM/H@20Δ]  1M,worst_of,monthly,2026-05-31,-43006.668711425926,-2313257.872444516,-2430433.9671301013,,
WO[USDJPY Cuo ATM/H@20Δ  ∧  USDKRW Cuo ATM/H@20Δ]  1M,worst_of,annual,2023-12-31,-749512.509275098,-749512.5092750977,-866688.6039606831,,
WO[USDJPY Cuo ATM/H@20Δ  ∧  USDKRW Cuo ATM/H@20Δ]  1M,worst_of,annual,2024-12-31,-408026.7710932032,-1157539.2803683004,-1274715.3750538859,,
WO[USDJPY Cuo ATM/H@20Δ  ∧  USDKRW Cuo ATM/H@20Δ]  1M,worst_of,annual,2025-12-31,-496359.15962295374,-1653898.4399912534,-1771074.5346768387,,
WO[USDJPY Cuo ATM/H@20Δ  ∧  USDKRW Cuo ATM/H@20Δ]  1M,worst_of,annual,2026-12-31,-659359.4324532624,-2313257.872444516,-2430433.9671301013,,
WO[USDJPY Cuo ATM/H@20Δ  ∧  USDKRW Cuo ATM/H@20Δ]  6W,worst_of,monthly,2023-02-28,254431.86198398296,254431.8619839829,-74732.34622990125,,
WO[USDJPY Cuo ATM/H@20Δ  ∧  USDKRW Cuo ATM/H@20Δ]  6W,worst_of,monthly,2023-03-31,-211007.04722060345,43424.81476337952,-285739.39345050463,,
WO[USDJPY Cuo ATM/H@20Δ  ∧  USDKRW Cuo ATM/H@20Δ]  6W,worst_of,monthly,2023-04-30,60510.5755254721,103935.39028885163,-225228.81792503252,,
WO[USDJPY Cuo ATM/H@20Δ  ∧  USDKRW Cuo ATM/H@20Δ]  6W,worst_of,monthly,2023-05-31,-231291.83289269052,-127356.44260383888,-456520.650817723,,
WO[USDJPY Cuo ATM/H@20Δ  ∧  USDKRW Cuo ATM/H@20Δ]  6W,worst_of,monthly,2023-06-30,-181778.29203824632,-309134.73464208527,-638298.9428559694,,
WO[USDJPY Cuo ATM/H@20Δ  ∧  USDKRW Cuo ATM/H@20Δ]  6W,worst_of,monthly,2023-07-31,-159111.90796370266,-468246.642605788,-797410.8508196722,,
WO[USDJPY Cuo ATM/H@20Δ  ∧  USDKRW Cuo ATM/H@20Δ]  6W,worst_of,monthly,2023-08-31,-6975.148871566207,-475221.7914773542,-804385.9996912384,,
WO[USDJPY Cuo ATM/H@20Δ  ∧  USDKRW Cuo ATM/H@20Δ]  6W,worst_of,monthly,2023-09-30,-167654.01232672087,-642875.8038040752,-972040.0120179594,,
WO[USDJPY Cuo ATM/H@20Δ  ∧  USDKRW Cuo ATM/H@20Δ]  6W,worst_of,monthly,2023-10-31,506320.686680797,-136555.1171232782,-465719.32533716236,,
WO[USDJPY Cuo ATM/H@20Δ  ∧  USDKRW Cuo ATM/H@20Δ]  6W,worst_of,monthly,2023-11-30,-135326.31663201968,-271881.4337552979,-601045.6419691821,,
WO[USDJPY Cuo ATM/H@20Δ  ∧  USDKRW Cuo ATM/H@20Δ]  6W,worst_of,monthly,2023-12-31,-164393.39533539317,-436274.82909069106,-765439.0373045752,,
WO[USDJPY Cuo ATM/H@20Δ  ∧  USDKRW Cuo ATM/H@20Δ]  6W,worst_of,monthly,2024-01-31,217384.36602282783,-218890.46306786325,-548054.6712817474,,
WO[USDJPY Cuo ATM/H@20Δ  ∧  USDKRW Cuo ATM/H@20Δ]  6W,worst_of,monthly,2024-02-29,-148804.44212915318,-367694.90519701643,-696859.1134109006,,
WO[USDJPY Cuo ATM/H@20Δ  ∧  USDKRW Cuo ATM/H@20Δ]  6W,worst_of,monthly,2024-03-31,405657.41796399787,37962.512766981396,-291201.69544690277,,
WO[USDJPY Cuo ATM/H@20Δ  ∧  USDKRW Cuo ATM/H@20Δ]  6W,worst_of,monthly,2024-04-30,484364.34676985006,522326.8595368314,-103524.12211667956,,
WO[USDJPY Cuo ATM/H@20Δ  ∧  USDKRW Cuo ATM/H@20Δ]  6W,worst_of,monthly,2024-05-31,-161951.94816927478,360374.9113675567,-265476.0702859542,,
WO[USDJPY Cuo ATM/H@20Δ  ∧  USDKRW Cuo ATM/H@20Δ]  6W,worst_of,monthly,2024-06-30,30626.302191294693,391001.21355885133,-234849.7680946596,,
WO[USDJPY Cuo ATM/H@20Δ  ∧  USDKRW Cuo ATM/H@20Δ]  6W,worst_of,monthly,2024-07-31,-165734.1060807242,225267.10747812712,-400583.8741753838,,
WO[USDJPY Cuo ATM/H@20Δ  ∧  USDKRW Cuo ATM/H@20Δ]  6W,worst_of,monthly,2024-08-31,-158550.7014823895,66716.40599573766,-559134.5756577733,,
WO[USDJPY Cuo ATM/H@20Δ  ∧  USDKRW Cuo ATM/H@20Δ]  6W,worst_of,monthly,2024-09-30,-149886.9708851872,-83170.56488944957,-709021.5465429605,,
WO[USDJPY Cuo ATM/H@20Δ  ∧  USDKRW Cuo ATM/H@20Δ]  6W,worst_of,monthly,2024-10-31,113199.44950467088,30028.884615221337,-595822.0970382896,,
WO[USDJPY Cuo ATM/H@20Δ  ∧  USDKRW Cuo ATM/H@20Δ]  6W,worst_of,monthly,2024-11-30,-159674.28912896293,-129645.40451374161,-755496.3861672526,,
WO[USDJPY Cuo ATM/H@20Δ  ∧  USDKRW Cuo ATM/H@20Δ]  6W,worst_of,monthly,2024-12-31,-201915.60329935394,-331561.0078130955,-957411.9894666064,,
WO[USDJPY Cuo ATM/H@20Δ  ∧  USDKRW Cuo ATM/H@20Δ]  6W,worst_of,monthly,2025-01-31,-194788.94828200625,-526349.9560951019,-1152200.9377486128,,
WO[USDJPY Cuo ATM/H@20Δ  ∧  USDKRW Cuo ATM/H@20Δ]  6W,worst_of,monthly,2025-02-28,-149440.75457343948,-675790.7106685414,-1301641.6923220523,,
WO[USDJPY Cuo ATM/H@20Δ  ∧  USDKRW Cuo ATM/H@20Δ]  6W,worst_of,monthly,2025-03-31,-141360.43236498878,-817151.14303353,-1443002.124687041,,
WO[USDJPY Cuo ATM/H@20Δ  ∧  USDKRW Cuo ATM/H@20Δ]  6W,worst_of,monthly,2025-04-30,-166492.23646994898,-983643.3795034789,-1609494.3611569898,,
WO[USDJPY Cuo ATM/H@20Δ  ∧  USDKRW Cuo ATM/H@20Δ]  6W,worst_of,monthly,2025-05-31,-189221.41283582346,-1172864.7923393026,-1798715.7739928137,,
WO[USDJPY Cuo ATM/H@20Δ  ∧  USDKRW Cuo ATM/H@20Δ]  6W,worst_of,monthly,2025-06-30,-175548.95850419064,-1348413.750843493,-1974264.7324970039,,
WO[USDJPY Cuo ATM/H@20Δ  ∧  USDKRW Cuo ATM/H@20Δ]  6W,worst_of,monthly,2025-07-31,-171889.1956349361,-1520302.9464784293,-2146153.9281319403,,
WO[USDJPY Cuo ATM/H@20Δ  ∧  USDKRW Cuo ATM/H@20Δ]  6W,worst_of,monthly,2025-08-31,-132914.4110513614,-1653217.3575297913,-2279068.339183302,,
WO[USDJPY Cuo ATM/H@20Δ  ∧  USDKRW Cuo ATM/H@20Δ]  6W,worst_of,monthly,2025-09-30,498346.0843719112,-1154871.2731578802,-1780722.2548113912,,
WO[USDJPY Cuo ATM/H@20Δ  ∧  USDKRW Cuo ATM/H@20Δ]  6W,worst_of,monthly,2025-10-31,-23462.265025349498,-1178333.5381832293,-1804184.51983674,,
WO[USDJPY Cuo ATM/H@20Δ  ∧  USDKRW Cuo ATM/H@20Δ]  6W,worst_of,monthly,2025-11-30,-110519.50249821082,-1288853.04068144,-1914704.022334951,,
WO[USDJPY Cuo ATM/H@20Δ  ∧  USDKRW Cuo ATM/H@20Δ]  6W,worst_of,monthly,2025-12-31,-178086.1824167654,-1466939.2230982054,-2092790.2047517165,,
WO[USDJPY Cuo ATM/H@20Δ  ∧  USDKRW Cuo ATM/H@20Δ]  6W,worst_of,monthly,2026-01-31,-36891.07076980933,-1503830.2938680146,-2129681.2755215256,,
WO[USDJPY Cuo ATM/H@20Δ  ∧  USDKRW Cuo ATM/H@20Δ]  6W,worst_of,monthly,2026-02-28,-133180.51445390124,-1637010.808321916,-2262861.789975427,,
WO[USDJPY Cuo ATM/H@20Δ  ∧  USDKRW Cuo ATM/H@20Δ]  6W,worst_of,monthly,2026-03-31,-162484.57166619648,-1799495.3799881123,-2425346.361641623,,
WO[USDJPY Cuo ATM/H@20Δ  ∧  USDKRW Cuo ATM/H@20Δ]  6W,worst_of,monthly,2026-04-30,-186964.8926407552,-1986460.2726288682,-2612311.254282379,,
WO[USDJPY Cuo ATM/H@20Δ  ∧  USDKRW Cuo ATM/H@20Δ]  6W,worst_of,monthly,2026-05-31,-61905.7756508359,-2048366.048279704,-2674217.029933215,,
WO[USDJPY Cuo ATM/H@20Δ  ∧  USDKRW Cuo ATM/H@20Δ]  6W,worst_of,annual,2023-12-31,-436274.82909069076,-436274.82909069106,-765439.0373045752,,
WO[USDJPY Cuo ATM/H@20Δ  ∧  USDKRW Cuo ATM/H@20Δ]  6W,worst_of,annual,2024-12-31,104713.8212775956,-331561.0078130955,-957411.9894666064,,
WO[USDJPY Cuo ATM/H@20Δ  ∧  USDKRW Cuo ATM/H@20Δ]  6W,worst_of,annual,2025-12-31,-1135378.2152851096,-1466939.2230982054,-2092790.2047517165,,
WO[USDJPY Cuo ATM/H@20Δ  ∧  USDKRW Cuo ATM/H@20Δ]  6W,worst_of,annual,2026-12-31,-581426.8251814982,-2048366.048279704,-2674217.029933215,,
WO[USDJPY Cuo ATM/H@20Δ  ∧  USDKRW Cuo ATM/H@20Δ]  10W,worst_of,monthly,2023-03-31,-194227.3725820874,-194227.37258208744,-180872.3028273088,,
WO[USDJPY Cuo ATM/H@20Δ  ∧  USDKRW Cuo ATM/H@20Δ]  10W,worst_of,monthly,2023-04-30,17812.653232234006,-176414.7193498534,-163059.64959507476,,
WO[USDJPY Cuo ATM/H@20Δ  ∧  USDKRW Cuo ATM/H@20Δ]  10W,worst_of,monthly,2023-05-31,944964.1914956964,768549.4721458431,-77225.58583769109,,
WO[USDJPY Cuo ATM/H@20Δ  ∧  USDKRW Cuo ATM/H@20Δ]  10W,worst_of,monthly,2023-06-30,-264702.40548099123,503847.06666485185,-341927.9913186823,,
WO[USDJPY Cuo ATM/H@20Δ  ∧  USDKRW Cuo ATM/H@20Δ]  10W,worst_of,monthly,2023-07-31,-209132.8406126535,294714.2260521983,-551060.8319313359,,
WO[USDJPY Cuo ATM/H@20Δ  ∧  USDKRW Cuo ATM/H@20Δ]  10W,worst_of,monthly,2023-08-31,-210613.64993744527,84100.57611475304,-761674.4818687811,,
WO[USDJPY Cuo ATM/H@20Δ  ∧  USDKRW Cuo ATM/H@20Δ]  10W,worst_of,monthly,2023-09-30,729294.8362007238,813395.4123154768,-144376.4879598756,,
WO[USDJPY Cuo ATM/H@20Δ  ∧  USDKRW Cuo ATM/H@20Δ]  10W,worst_of,monthly,2023-10-31,-209258.37459707863,604137.0377183984,-353634.86255695403,,
WO[USDJPY Cuo ATM/H@20Δ  ∧  USDKRW Cuo ATM/H@20Δ]  10W,worst_of,monthly,2023-11-30,-202061.91222490522,402075.12549349316,-555696.7747818592,,
WO[USDJPY Cuo ATM/H@20Δ  ∧  USDKRW Cuo ATM/H@20Δ]  10W,worst_of,monthly,2023-12-31,-149841.4110555756,252233.71443791763,-705538.1858374348,,
WO[USDJPY Cuo ATM/H@20Δ  ∧  USDKRW Cuo ATM/H@20Δ]  10W,worst_of,monthly,2024-01-31,-214272.59494350714,37961.11949441045,-919810.780780942,,
WO[USDJPY Cuo ATM/H@20Δ  ∧  USDKRW Cuo ATM/H@20Δ]  10W,worst_of,monthly,2024-02-29,-197973.51253482312,-160012.3930404127,-1117784.293315765,,
WO[USDJPY Cuo ATM/H@20Δ  ∧  USDKRW Cuo ATM/H@20Δ]  10W,worst_of,monthly,2024-03-31,42879.573183379165,-117132.81985703352,-1074904.7201323858,,
WO[USDJPY Cuo ATM/H@20Δ  ∧  USDKRW Cuo ATM/H@20Δ]  10W,worst_of,monthly,2024-04-30,-17927.753148907206,-135060.5730059407,-1092832.4732812932,,
WO[USDJPY Cuo ATM/H@20Δ  ∧  USDKRW Cuo ATM/H@20Δ]  10W,worst_of,monthly,2024-05-31,-179581.1998608876,-314641.77286682825,-1272413.6731421808,,
WO[USDJPY Cuo ATM/H@20Δ  ∧  USDKRW Cuo ATM/H@20Δ]  10W,worst_of,monthly,2024-06-30,-169316.93231792172,-483958.70518475,-1441730.6054601024,,
WO[USDJPY Cuo ATM/H@20Δ  ∧  USDKRW Cuo ATM/H@20Δ]  10W,worst_of,monthly,2024-07-31,-78578.74924690522,-562537.4544316552,-1520309.3547070078,,
WO[USDJPY Cuo ATM/H@20Δ  ∧  USDKRW Cuo ATM/H@20Δ]  10W,worst_of,monthly,2024-08-31,-189384.98683125828,-751922.4412629136,-1709694.341538266,,
WO[USDJPY Cuo ATM/H@20Δ  ∧  USDKRW Cuo ATM/H@20Δ]  10W,worst_of,monthly,2024-09-30,-185114.4884899988,-937036.9297529124,-1894808.8300282648,,
WO[USDJPY Cuo ATM/H@20Δ  ∧  USDKRW Cuo ATM/H@20Δ]  10W,worst_of,monthly,2024-10-31,40554.110837389,-896482.8189155234,-1854254.7191908758,,
WO[USDJPY Cuo ATM/H@20Δ  ∧  USDKRW Cuo ATM/H@20Δ]  10W,worst_of,monthly,2024-11-30,-178872.7379862055,-1075355.556901729,-2033127.4571770814,,
WO[USDJPY Cuo ATM/H@20Δ  ∧  USDKRW Cuo ATM/H@20Δ]  10W,worst_of,monthly,2024-12-31,-203555.96485503862,-1278911.5217567678,-2236683.42203212,,
WO[USDJPY Cuo ATM/H@20Δ  ∧  USDKRW Cuo ATM/H@20Δ]  10W,worst_of,monthly,2025-01-31,-246455.38989532215,-1525366.9116520903,-2483138.8119274424,,
WO[USDJPY Cuo ATM/H@20Δ  ∧  USDKRW Cuo ATM/H@20Δ]  10W,worst_of,monthly,2025-02-28,-212850.61259423464,-1738217.5242463248,-2695989.424521677,,
WO[USDJPY Cuo ATM/H@20Δ  ∧  USDKRW Cuo ATM/H@20Δ]  10W,worst_of,monthly,2025-03-31,-193752.57192194715,-1931970.096168272,-2889741.9964436246,,
WO[USDJPY Cuo ATM/H@20Δ  ∧  USDKRW Cuo ATM/H@20Δ]  10W,worst_of,monthly,2025-04-30,-179557.37808116747,-2111527.4742494393,-3069299.3745247917,,
WO[USDJPY Cuo ATM/H@20Δ  ∧  USDKRW Cuo ATM/H@20Δ]  10W,worst_of,monthly,2025-05-31,-201988.83466398614,-2313516.3089134246,-3271288.209188777,,
WO[USDJPY Cuo ATM/H@20Δ  ∧  USDKRW Cuo ATM/H@20Δ]  10W,worst_of,monthly,2025-06-30,-220671.96872421418,-2534188.2776376395,-3491960.177912992,,
WO[USDJPY Cuo ATM/H@20Δ  ∧  USDKRW Cuo ATM/H@20Δ]  10W,worst_of,monthly,2025-07-31,-231206.49585058072,-2765394.7734882203,-3723166.6737635727,,
WO[USDJPY Cuo ATM/H@20Δ  ∧  USDKRW Cuo ATM/H@20Δ]  10W,worst_of,monthly,2025-08-31,-226156.7266222162,-2991551.5001104367,-3949323.400385789,,
WO[USDJPY Cuo ATM/H@20Δ  ∧  USDKRW Cuo ATM/H@20Δ]  10W,worst_of,monthly,2025-09-30,663179.1026423515,-2328372.397468084,-3286144.2977434364,,
WO[USDJPY Cuo ATM/H@20Δ  ∧  USDKRW Cuo ATM/H@20Δ]  10W,worst_of,monthly,2025-10-31,565856.7440544614,-1762515.6534136233,-2720287.553688976,,
WO[USDJPY Cuo ATM/H@20Δ  ∧  USDKRW Cuo ATM/H@20Δ]  10W,worst_of,monthly,2025-11-30,-185807.72476285676,-1948323.3781764798,-2906095.278451832,,
WO[USDJPY Cuo ATM/H@20Δ  ∧  USDKRW Cuo ATM/H@20Δ]  10W,worst_of,monthly,2025-12-31,-161706.18752701668,-2110029.565703496,-3067801.4659788483,,
WO[USDJPY Cuo ATM/H@20Δ  ∧  USDKRW Cuo ATM/H@20Δ]  10W,worst_of,monthly,2026-01-31,-205395.6389897544,-2315425.2046932504,-3273197.104968603,,
WO[USDJPY Cuo ATM/H@20Δ  ∧  USDKRW Cuo ATM/H@20Δ]  10W,worst_of,monthly,2026-02-28,-166721.13471850593,-2482146.339411755,-3439918.2396871075,,
WO[USDJPY Cuo ATM/H@20Δ  ∧  USDKRW Cuo ATM/H@20Δ]  10W,worst_of,monthly,2026-03-31,-111939.01624548247,-2594085.3556572376,-3551857.25593259,,
WO[USDJPY Cuo ATM/H@20Δ  ∧  USDKRW Cuo ATM/H@20Δ]  10W,worst_of,monthly,2026-04-30,-190905.8987097155,-2784991.2543669534,-3742763.154642306,,
WO[USDJPY Cuo ATM/H@20Δ  ∧  USDKRW Cuo ATM/H@20Δ]  10W,worst_of,monthly,2026-05-31,-59055.32013189252,-2844046.5744988453,-3801818.4747741977,,
WO[USDJPY Cuo ATM/H@20Δ  ∧  USDKRW Cuo ATM/H@20Δ]  10W,worst_of,annual,2023-12-31,252233.71443791737,252233.71443791763,-705538.1858374348,,
WO[USDJPY Cuo ATM/H@20Δ  ∧  USDKRW Cuo ATM/H@20Δ]  10W,worst_of,annual,2024-12-31,-1531145.236194685,-1278911.5217567678,-2236683.42203212,,
WO[USDJPY Cuo ATM/H@20Δ  ∧  USDKRW Cuo ATM/H@20Δ]  10W,worst_of,annual,2025-12-31,-831118.0439467293,-2110029.565703496,-3067801.4659788483,,
WO[USDJPY Cuo ATM/H@20Δ  ∧  USDKRW Cuo ATM/H@20Δ]  10W,worst_of,annual,2026-12-31,-734017.0087953508,-2844046.5744988453,-3801818.4747741977,,
WO[USDJPY Cuo ATM/H@20Δ  ∧  USDKRW Cuo ATM/H@20Δ]  3M,worst_of,monthly,2023-03-31,-14644.517277168638,-14644.517277168638,0.0,,
WO[USDJPY Cuo ATM/H@20Δ  ∧  USDKRW Cuo ATM/H@20Δ]  3M,worst_of,monthly,2023-04-30,-244326.9208449784,-258971.43812214702,-244326.9208449784,,
WO[USDJPY Cuo ATM/H@20Δ  ∧  USDKRW Cuo ATM/H@20Δ]  3M,worst_of,monthly,2023-05-31,1212238.920907023,953267.4827848759,0.0,,
WO[USDJPY Cuo ATM/H@20Δ  ∧  USDKRW Cuo ATM/H@20Δ]  3M,worst_of,monthly,2023-06-30,-75839.50189010272,877427.9808947735,-256321.40332712652,,
WO[USDJPY Cuo ATM/H@20Δ  ∧  USDKRW Cuo ATM/H@20Δ]  3M,worst_of,monthly,2023-07-31,-252715.41777770154,624712.5631170721,-509036.8211048279,,
WO[USDJPY Cuo ATM/H@20Δ  ∧  USDKRW Cuo ATM/H@20Δ]  3M,worst_of,monthly,2023-08-31,-241236.5589122586,383476.0042048136,-750273.3800170864,,
WO[USDJPY Cuo ATM/H@20Δ  ∧  USDKRW Cuo ATM/H@20Δ]  3M,worst_of,monthly,2023-09-30,-211653.6674384864,171822.33676632712,-961927.0474555729,,
WO[USDJPY Cuo ATM/H@20Δ  ∧  USDKRW Cuo ATM/H@20Δ]  3M,worst_of,monthly,2023-10-31,-246501.79073831977,-74679.45397199267,-1208428.8381938927,,
WO[USDJPY Cuo ATM/H@20Δ  ∧  USDKRW Cuo ATM/H@20Δ]  3M,worst_of,monthly,2023-11-30,-228558.92242153836,-303238.37639353104,-1436987.760615431,,
WO[USDJPY Cuo ATM/H@20Δ  ∧  USDKRW Cuo ATM/H@20Δ]  3M,worst_of,monthly,2023-12-31,-187008.99640373915,-490247.3727972703,-1623996.7570191703,,
WO[USDJPY Cuo ATM/H@20Δ  ∧  USDKRW Cuo ATM/H@20Δ]  3M,worst_of,monthly,2024-01-31,-198869.27414655333,-689116.6469438239,-1822866.031165724,,
WO[USDJPY Cuo ATM/H@20Δ  ∧  USDKRW Cuo ATM/H@20Δ]  3M,worst_of,monthly,2024-02-29,496480.3746841762,-192636.27225964767,-1326385.6564815477,,
WO[USDJPY Cuo ATM/H@20Δ  ∧  USDKRW Cuo ATM/H@20Δ]  3M,worst_of,monthly,2024-03-31,-203459.14725883506,-396095.4195184827,-1529844.8037403827,,
WO[USDJPY Cuo ATM/H@20Δ  ∧  USDKRW Cuo ATM/H@20Δ]  3M,worst_of,monthly,2024-04-30,-224806.67697333003,-620902.096491813,-1754651.480713713,,
WO[USDJPY Cuo ATM/H@20Δ  ∧  USDKRW Cuo ATM/H@20Δ]  3M,worst_of,monthly,2024-05-31,-178596.5048116661,-799498.601303479,-1933247.985525379,,
WO[USDJPY Cuo ATM/H@20Δ  ∧  USDKRW Cuo ATM/H@20Δ]  3M,worst_of,monthly,2024-06-30,-182216.05329050386,-981714.6545939831,-2115464.038815883,,
WO[USDJPY Cuo ATM/H@20Δ  ∧  USDKRW Cuo ATM/H@20Δ]  3M,worst_of,monthly,2024-07-31,-211178.71555814715,-1192893.37015213,-2326642.75437403,,
WO[USDJPY Cuo ATM/H@20Δ  ∧  USDKRW Cuo ATM/H@20Δ]  3M,worst_of,monthly,2024-08-31,-187573.97495561017,-1380467.3451077403,-2514216.72932964,,
WO[USDJPY Cuo ATM/H@20Δ  ∧  USDKRW Cuo ATM/H@20Δ]  3M,worst_of,monthly,2024-09-30,-197112.5778424479,-1577579.9229501882,-2711329.307172088,,
WO[USDJPY Cuo ATM/H@20Δ  ∧  USDKRW Cuo ATM/H@20Δ]  3M,worst_of,monthly,2024-10-31,-36014.89258529172,-1613594.8155354797,-2747344.1997573795,,
WO[USDJPY Cuo ATM/H@20Δ  ∧  USDKRW Cuo ATM/H@20Δ]  3M,worst_of,monthly,2024-11-30,-127300.92376618458,-1740895.7393016645,-2874645.1235235645,,
WO[USDJPY Cuo ATM/H@20Δ  ∧  USDKRW Cuo ATM/H@20Δ]  3M,worst_of,monthly,2024-12-31,-200884.16049867572,-1941779.8998003395,-3075529.2840222395,,
WO[USDJPY Cuo ATM/H@20Δ  ∧  USDKRW Cuo ATM/H@20Δ]  3M,worst_of,monthly,2025-01-31,-243636.454931089,-2185416.354731429,-3319165.7389533287,,
WO[USDJPY Cuo ATM/H@20Δ  ∧  USDKRW Cuo ATM/H@20Δ]  3M,worst_of,monthly,2025-02-28,-251863.26279535718,-2437279.6175267864,-3571029.0017486867,,
WO[USDJPY Cuo ATM/H@20Δ  ∧  USDKRW Cuo ATM/H@20Δ]  3M,worst_of,monthly,2025-03-31,-227468.26911921008,-2664747.8866459965,-3798497.2708678963,,
WO[USDJPY Cuo ATM/H@20Δ  ∧  USDKRW Cuo ATM/H@20Δ]  3M,worst_of,monthly,2025-04-30,-196281.79738537566,-2861029.6840313715,-3994779.0682532713,,
WO[USDJPY Cuo ATM/H@20Δ  ∧  USDKRW Cuo ATM/H@20Δ]  3M,worst_of,monthly,2025-05-31,-216544.00407344184,-3077573.6881048125,-4211323.072326712,,
WO[USDJPY Cuo ATM/H@20Δ  ∧  USDKRW Cuo ATM/H@20Δ]  3M,worst_of,monthly,2025-06-30,-227251.41156420246,-3304825.0996690155,-4438574.483890915,,
WO[USDJPY Cuo ATM/H@20Δ  ∧  USDKRW Cuo ATM/H@20Δ]  3M,worst_of,monthly,2025-07-31,-266768.49615975004,-3571593.5958287646,-4705342.980050664,,
WO[USDJPY Cuo ATM/H@20Δ  ∧  USDKRW Cuo ATM/H@20Δ]  3M,worst_of,monthly,2025-08-31,-248982.13056122052,-3820575.7263899855,-4954325.110611886,,
WO[USDJPY Cuo ATM/H@20Δ  ∧  USDKRW Cuo ATM/H@20Δ]  3M,worst_of,monthly,2025-09-30,43188.43431376586,-3777387.2920762203,-4911136.67629812,,
WO[USDJPY Cuo ATM/H@20Δ  ∧  USDKRW Cuo ATM/H@20Δ]  3M,worst_of,monthly,2025-10-31,688060.5478249637,-3089326.7442512563,-4223076.128473156,,
WO[USDJPY Cuo ATM/H@20Δ  ∧  USDKRW Cuo ATM/H@20Δ]  3M,worst_of,monthly,2025-11-30,-217237.30609033076,-3306564.0503415875,-4440313.434563488,,
WO[USDJPY Cuo ATM/H@20Δ  ∧  USDKRW Cuo ATM/H@20Δ]  3M,worst_of,monthly,2025-12-31,-222238.61223341714,-3528802.662575004,-4662552.046796904,,
WO[USDJPY Cuo ATM/H@20Δ  ∧  USDKRW Cuo ATM/H@20Δ]  3M,worst_of,monthly,2026-01-31,-173236.65457308973,-3702039.317148093,-4835788.701369993,,
WO[USDJPY Cuo ATM/H@20Δ  ∧  USDKRW Cuo ATM/H@20Δ]  3M,worst_of,monthly,2026-02-28,-231015.54896558297,-3933054.8661136758,-5066804.250335576,,
WO[USDJPY Cuo ATM/H@20Δ  ∧  USDKRW Cuo ATM/H@20Δ]  3M,worst_of,monthly,2026-03-31,1329703.521877868,-2603351.344235807,-3737100.728457707,,
WO[USDJPY Cuo ATM/H@20Δ  ∧  USDKRW Cuo ATM/H@20Δ]  3M,worst_of,monthly,2026-04-30,-233547.49865611194,-2836898.8428919194,-3970648.2271138197,,
WO[USDJPY Cuo ATM/H@20Δ  ∧  USDKRW Cuo ATM/H@20Δ]  3M,worst_of,monthly,2026-05-31,-65383.08358445627,-2902281.926476375,-4036031.3106982755,,
WO[USDJPY Cuo ATM/H@20Δ  ∧  USDKRW Cuo ATM/H@20Δ]  3M,worst_of,annual,2023-12-31,-490247.3727972706,-490247.3727972703,-1623996.7570191703,,
WO[USDJPY Cuo ATM/H@20Δ  ∧  USDKRW Cuo ATM/H@20Δ]  3M,worst_of,annual,2024-12-31,-1451532.5270030694,-1941779.8998003395,-3075529.2840222395,,
WO[USDJPY Cuo ATM/H@20Δ  ∧  USDKRW Cuo ATM/H@20Δ]  3M,worst_of,annual,2025-12-31,-1587022.7627746651,-3528802.662575004,-4662552.046796904,,
WO[USDJPY Cuo ATM/H@20Δ  ∧  USDKRW Cuo ATM/H@20Δ]  3M,worst_of,annual,2026-12-31,626520.7360986273,-2902281.926476375,-4036031.3106982755,,
WO[USDJPY Cuo ATM/H@15Δ  ∧  USDKRW Cuo ATM/H@15Δ]  2M,worst_of,monthly,2023-03-31,1292745.3955937328,1292745.3955937328,-276942.56880383124,,
WO[USDJPY Cuo ATM/H@15Δ  ∧  USDKRW Cuo ATM/H@15Δ]  2M,worst_of,monthly,2023-04-30,114266.36148425263,1407011.7570779852,-162676.20731957885,,
WO[USDJPY Cuo ATM/H@15Δ  ∧  USDKRW Cuo ATM/H@15Δ]  2M,worst_of,monthly,2023-05-31,808621.5962225932,2215633.3533005784,-106111.3252962972,,
WO[USDJPY Cuo ATM/H@15Δ  ∧  USDKRW Cuo ATM/H@15Δ]  2M,worst_of,monthly,2023-06-30,-382319.6516350891,1833313.7016654892,-488430.9769313864,,
WO[USDJPY Cuo ATM/H@15Δ  ∧  USDKRW Cuo ATM/H@15Δ]  2M,worst_of,monthly,2023-07-31,-290849.43380070786,1542464.2678647812,-779280.4107320944,,
WO[USDJPY Cuo ATM/H@15Δ  ∧  USDKRW Cuo ATM/H@15Δ]  2M,worst_of,monthly,2023-08-31,455929.23086465686,1998393.4987294378,-323351.1798674378,,
WO[USDJPY Cuo ATM/H@15Δ  ∧  USDKRW Cuo ATM/H@15Δ]  2M,worst_of,monthly,2023-09-30,481170.46396639996,2479563.9626958375,-252887.85676902859,,
WO[USDJPY Cuo ATM/H@15Δ  ∧  USDKRW Cuo ATM/H@15Δ]  2M,worst_of,monthly,2023-10-31,1073407.0652558536,3552971.0279516918,-29589.320120085962,,
WO[USDJPY Cuo ATM/H@15Δ  ∧  USDKRW Cuo ATM/H@15Δ]  2M,worst_of,monthly,2023-11-30,-292047.3245703462,3260923.703381346,-321636.64469043165,,
WO[USDJPY Cuo ATM/H@15Δ  ∧  USDKRW Cuo ATM/H@15Δ]  2M,worst_of,monthly,2023-12-31,-279770.3258111258,2981153.3775702207,-601406.970501557,,
WO[USDJPY Cuo ATM/H@15Δ  ∧  USDKRW Cuo ATM/H@15Δ]  2M,worst_of,monthly,2024-01-31,-292483.8502668947,2688669.5273033264,-893890.8207684513,,
WO[USDJPY Cuo ATM/H@15Δ  ∧  USDKRW Cuo ATM/H@15Δ]  2M,worst_of,monthly,2024-02-29,652783.9087020744,3341453.4360054005,-241106.91206637723,,
WO[USDJPY Cuo ATM/H@15Δ  ∧  USDKRW Cuo ATM/H@15Δ]  2M,worst_of,monthly,2024-03-31,203583.91980384805,3545037.355809248,-37522.992262529675,,
WO[USDJPY Cuo ATM/H@15Δ  ∧  USDKRW Cuo ATM/H@15Δ]  2M,worst_of,monthly,2024-04-30,1202754.2576963594,4747791.613505607,-128269.83947732393,,
WO[USDJPY Cuo ATM/H@15Δ  ∧  USDKRW Cuo ATM/H@15Δ]  2M,worst_of,monthly,2024-05-31,-279528.6792059504,4468262.934299657,-407798.51868327335,,
WO[USDJPY Cuo ATM/H@15Δ  ∧  USDKRW Cuo ATM/H@15Δ]  2M,worst_of,monthly,2024-06-30,211442.6060115695,4679705.540311228,-196355.9126717029,,
WO[USDJPY Cuo ATM/H@15Δ  ∧  USDKRW Cuo ATM/H@15Δ]  2M,worst_of,monthly,2024-07-31,-241279.44221793438,4438426.098093293,-437635.3548896378,,
WO[USDJPY Cuo ATM/H@15Δ  ∧  USDKRW Cuo ATM/H@15Δ]  2M,worst_of,monthly,2024-08-31,-285549.01426592615,4152877.0838273675,-723184.369155563,,
WO[USDJPY Cuo ATM/H@15Δ  ∧  USDKRW Cuo ATM/H@15Δ]  2M,worst_of,monthly,2024-09-30,-270930.39612297626,3881946.687704392,-994114.7652785387,,
WO[USDJPY Cuo ATM/H@15Δ  ∧  USDKRW Cuo ATM/H@15Δ]  2M,worst_of,monthly,2024-10-31,187369.37506725822,4069316.0627716505,-806745.39021128,,
WO[USDJPY Cuo ATM/H@15Δ  ∧  USDKRW Cuo ATM/H@15Δ]  2M,worst_of,monthly,2024-11-30,-256400.32015894627,3812915.7426127037,-1063145.7103702268,,
WO[USDJPY Cuo ATM/H@15Δ  ∧  USDKRW Cuo ATM/H@15Δ]  2M,worst_of,monthly,2024-12-31,-313304.7361953967,3499611.006417307,-1376450.4465656234,,
WO[USDJPY Cuo ATM/H@15Δ  ∧  USDKRW Cuo ATM/H@15Δ]  2M,worst_of,monthly,2025-01-31,-339063.11743523896,3160547.888982068,-1715513.5640008627,,
WO[USDJPY Cuo ATM/H@15Δ  ∧  USDKRW Cuo ATM/H@15Δ]  2M,worst_of,monthly,2025-02-28,-273010.7239487998,2887537.165033268,-1988524.2879496627,,
WO[USDJPY Cuo ATM/H@15Δ  ∧  USDKRW Cuo ATM/H@15Δ]  2M,worst_of,monthly,2025-03-31,-245080.45751445252,2642456.7075188155,-2233604.745464115,,
WO[USDJPY Cuo ATM/H@15Δ  ∧  USDKRW Cuo ATM/H@15Δ]  2M,worst_of,monthly,2025-04-30,-264638.4979688113,2377818.209550004,-2498243.2434329265,,
WO[USDJPY Cuo ATM/H@15Δ  ∧  USDKRW Cuo ATM/H@15Δ]  2M,worst_of,monthly,2025-05-31,-316137.4644558406,2061680.745094163,-2814380.707888767,,
WO[USDJPY Cuo ATM/H@15Δ  ∧  USDKRW Cuo ATM/H@15Δ]  2M,worst_of,monthly,2025-06-30,-332751.63147352205,1728929.113620641,-3147132.3393622898,,
WO[USDJPY Cuo ATM/H@15Δ  ∧  USDKRW Cuo ATM/H@15Δ]  2M,worst_of,monthly,2025-07-31,-67886.8920163498,1661042.221604291,-3215019.2313786396,,
WO[USDJPY Cuo ATM/H@15Δ  ∧  USDKRW Cuo ATM/H@15Δ]  2M,worst_of,monthly,2025-08-31,342156.4130177794,2003198.6346220698,-2872862.8183608605,,
WO[USDJPY Cuo ATM/H@15Δ  ∧  USDKRW Cuo ATM/H@15Δ]  2M,worst_of,monthly,2025-09-30,1211561.7678078187,3214760.4024298876,-1661301.050553043,,
WO[USDJPY Cuo ATM/H@15Δ  ∧  USDKRW Cuo ATM/H@15Δ]  2M,worst_of,monthly,2025-10-31,425958.7086698819,3640719.1110997694,-1235342.341883161,,
WO[USDJPY Cuo ATM/H@15Δ  ∧  USDKRW Cuo ATM/H@15Δ]  2M,worst_of,monthly,2025-11-30,-267616.0713273015,3373103.039772467,-1502958.4132104632,,
WO[USDJPY Cuo ATM/H@15Δ  ∧  USDKRW Cuo ATM/H@15Δ]  2M,worst_of,monthly,2025-12-31,-57364.99364760473,3315738.0461248625,-1560323.406858068,,
WO[USDJPY Cuo ATM/H@15Δ  ∧  USDKRW Cuo ATM/H@15Δ]  2M,worst_of,monthly,2026-01-31,197836.4884037706,3513574.5345286326,-1362486.9184542978,,
WO[USDJPY Cuo ATM/H@15Δ  ∧  USDKRW Cuo ATM/H@15Δ]  2M,worst_of,monthly,2026-02-28,-278717.7895811716,3234856.7449474614,-1641204.708035469,,
WO[USDJPY Cuo ATM/H@15Δ  ∧  USDKRW Cuo ATM/H@15Δ]  2M,worst_of,monthly,2026-03-31,233975.58654596645,3468832.331493428,-1407229.1214895025,,
WO[USDJPY Cuo ATM/H@15Δ  ∧  USDKRW Cuo ATM/H@15Δ]  2M,worst_of,monthly,2026-04-30,-268897.16681011044,3199935.164683317,-1676126.2882996136,,
WO[USDJPY Cuo ATM/H@15Δ  ∧  USDKRW Cuo ATM/H@15Δ]  2M,worst_of,monthly,2026-05-31,-99298.72717944153,3100636.437503875,-1775425.0154790557,,
WO[USDJPY Cuo ATM/H@15Δ  ∧  USDKRW Cuo ATM/H@15Δ]  2M,worst_of,annual,2023-12-31,2981153.37757022,2981153.3775702207,-601406.970501557,,
WO[USDJPY Cuo ATM/H@15Δ  ∧  USDKRW Cuo ATM/H@15Δ]  2M,worst_of,annual,2024-12-31,518457.6288470849,3499611.006417307,-1376450.4465656234,,
WO[USDJPY Cuo ATM/H@15Δ  ∧  USDKRW Cuo ATM/H@15Δ]  2M,worst_of,annual,2025-12-31,-183872.9602924413,3315738.0461248625,-1560323.406858068,,
WO[USDJPY Cuo ATM/H@15Δ  ∧  USDKRW Cuo ATM/H@15Δ]  2M,worst_of,annual,2026-12-31,-215101.60862098652,3100636.437503875,-1775425.0154790557,,
WO[USDJPY Cuo ATM/H@15Δ  ∧  USDKRW Cuo ATM/H@15Δ]  1M,worst_of,monthly,2023-02-28,-76406.98283686688,-76406.98283686688,-145170.72857635655,,
WO[USDJPY Cuo ATM/H@15Δ  ∧  USDKRW Cuo ATM/H@15Δ]  1M,worst_of,monthly,2023-03-31,-247314.27431294305,-323721.2571498099,-392485.0028892996,,
WO[USDJPY Cuo ATM/H@15Δ  ∧  USDKRW Cuo ATM/H@15Δ]  1M,worst_of,monthly,2023-04-30,860282.4304698758,536561.173320066,0.0,,
WO[USDJPY Cuo ATM/H@15Δ  ∧  USDKRW Cuo ATM/H@15Δ]  1M,worst_of,monthly,2023-05-31,320710.9545539962,857272.1278740623,-113280.74813008262,,
WO[USDJPY Cuo ATM/H@15Δ  ∧  USDKRW Cuo ATM/H@15Δ]  1M,worst_of,monthly,2023-06-30,-234020.32085013288,623251.8070239291,-347301.0689802158,,
WO[USDJPY Cuo ATM/H@15Δ  ∧  USDKRW Cuo ATM/H@15Δ]  1M,worst_of,monthly,2023-07-31,-207228.3313629069,416023.4756610221,-554529.4003431228,,
WO[USDJPY Cuo ATM/H@15Δ  ∧  USDKRW Cuo ATM/H@15Δ]  1M,worst_of,monthly,2023-08-31,-115878.91069685554,300144.5649641666,-670408.3110399783,,
WO[USDJPY Cuo ATM/H@15Δ  ∧  USDKRW Cuo ATM/H@15Δ]  1M,worst_of,monthly,2023-09-30,583788.6817328106,883933.2466969772,-86619.62930716772,,
WO[USDJPY Cuo ATM/H@15Δ  ∧  USDKRW Cuo ATM/H@15Δ]  1M,worst_of,monthly,2023-10-31,788856.9602694922,1672790.2069664693,0.0,,
WO[USDJPY Cuo ATM/H@15Δ  ∧  USDKRW Cuo ATM/H@15Δ]  1M,worst_of,monthly,2023-11-30,-221991.37438394234,1450798.8325825268,-221991.37438394246,,
WO[USDJPY Cuo ATM/H@15Δ  ∧  USDKRW Cuo ATM/H@15Δ]  1M,worst_of,monthly,2023-12-31,-222351.48402631131,1228447.3485562154,-444342.8584102539,,
WO[USDJPY Cuo ATM/H@15Δ  ∧  USDKRW Cuo ATM/H@15Δ]  1M,worst_of,monthly,2024-01-31,-135021.7238512204,1093425.6247049954,-579364.5822614739,,
WO[USDJPY Cuo ATM/H@15Δ  ∧  USDKRW Cuo ATM/H@15Δ]  1M,worst_of,monthly,2024-02-29,-38095.98226320387,1055329.6424417917,-617460.5645246776,,
WO[USDJPY Cuo ATM/H@15Δ  ∧  USDKRW Cuo ATM/H@15Δ]  1M,worst_of,monthly,2024-03-31,534491.8122218819,1589821.4546636734,-82968.75230279588,,
WO[USDJPY Cuo ATM/H@15Δ  ∧  USDKRW Cuo ATM/H@15Δ]  1M,worst_of,monthly,2024-04-30,161674.07382333648,1751495.5284870102,-163447.16124027176,,
WO[USDJPY Cuo ATM/H@15Δ  ∧  USDKRW Cuo ATM/H@15Δ]  1M,worst_of,monthly,2024-05-31,-183473.39849057893,1568022.129996431,-346920.55973085086,,
WO[USDJPY Cuo ATM/H@15Δ  ∧  USDKRW Cuo ATM/H@15Δ]  1M,worst_of,monthly,2024-06-30,1327718.8078887977,2895740.9378852285,0.0,,
WO[USDJPY Cuo ATM/H@15Δ  ∧  USDKRW Cuo ATM/H@15Δ]  1M,worst_of,monthly,2024-07-31,-205275.26376250992,2690465.674122718,-205275.26376251038,,
WO[USDJPY Cuo ATM/H@15Δ  ∧  USDKRW Cuo ATM/H@15Δ]  1M,worst_of,monthly,2024-08-31,-213634.2313945514,2476831.442728167,-418909.4951570616,,
WO[USDJPY Cuo ATM/H@15Δ  ∧  USDKRW Cuo ATM/H@15Δ]  1M,worst_of,monthly,2024-09-30,-158920.62092368247,2317910.821804484,-577830.1160807447,,
WO[USDJPY Cuo ATM/H@15Δ  ∧  USDKRW Cuo ATM/H@15Δ]  1M,worst_of,monthly,2024-10-31,-226505.43125378445,2091405.3905506986,-804335.5473345299,,
WO[USDJPY Cuo ATM/H@15Δ  ∧  USDKRW Cuo ATM/H@15Δ]  1M,worst_of,monthly,2024-11-30,-852.8577861294762,2090552.5327645694,-805188.4051206592,,
WO[USDJPY Cuo ATM/H@15Δ  ∧  USDKRW Cuo ATM/H@15Δ]  1M,worst_of,monthly,2024-12-31,-242090.05390513915,1848462.4788594302,-1047278.4590257984,,
WO[USDJPY Cuo ATM/H@15Δ  ∧  USDKRW Cuo ATM/H@15Δ]  1M,worst_of,monthly,2025-01-31,-223425.59751827657,1625036.8813411535,-1270704.056544075,,
WO[USDJPY Cuo ATM/H@15Δ  ∧  USDKRW Cuo ATM/H@15Δ]  1M,worst_of,monthly,2025-02-28,-201376.592594786,1423660.2887463677,-1472080.6491388609,,
WO[USDJPY Cuo ATM/H@15Δ  ∧  USDKRW Cuo ATM/H@15Δ]  1M,worst_of,monthly,2025-03-31,-185828.94733186782,1237831.3414145,-1657909.5964707285,,
WO[USDJPY Cuo ATM/H@15Δ  ∧  USDKRW Cuo ATM/H@15Δ]  1M,worst_of,monthly,2025-04-30,-216426.2348555308,1021405.106558969,-1874335.8313262595,,
WO[USDJPY Cuo ATM/H@15Δ  ∧  USDKRW Cuo ATM/H@15Δ]  1M,worst_of,monthly,2025-05-31,-266876.4587499805,754528.6478089886,-2141212.29007624,,
WO[USDJPY Cuo ATM/H@15Δ  ∧  USDKRW Cuo ATM/H@15Δ]  1M,worst_of,monthly,2025-06-30,-211166.76156481067,543361.886244178,-2352379.0516410507,,
WO[USDJPY Cuo ATM/H@15Δ  ∧  USDKRW Cuo ATM/H@15Δ]  1M,worst_of,monthly,2025-07-31,363812.60150349414,907174.4877476721,-1988566.4501375565,,
WO[USDJPY Cuo ATM/H@15Δ  ∧  USDKRW Cuo ATM/H@15Δ]  1M,worst_of,monthly,2025-08-31,-908.1393351765728,906266.3484124955,-1989474.589472733,,
WO[USDJPY Cuo ATM/H@15Δ  ∧  USDKRW Cuo ATM/H@15Δ]  1M,worst_of,monthly,2025-09-30,854261.6164999844,1760527.9649124802,-1135212.9729727483,,
WO[USDJPY Cuo ATM/H@15Δ  ∧  USDKRW Cuo ATM/H@15Δ]  1M,worst_of,monthly,2025-10-31,-120080.61838730413,1640447.346525176,-1255293.5913600526,,
WO[USDJPY Cuo ATM/H@15Δ  ∧  USDKRW Cuo ATM/H@15Δ]  1M,worst_of,monthly,2025-11-30,-152726.67198576662,1487720.6745394096,-1408020.263345819,,
WO[USDJPY Cuo ATM/H@15Δ  ∧  USDKRW Cuo ATM/H@15Δ]  1M,worst_of,monthly,2025-12-31,-62786.85006875532,1424933.8244706544,-1470807.1134145742,,
WO[USDJPY Cuo ATM/H@15Δ  ∧  USDKRW Cuo ATM/H@15Δ]  1M,worst_of,monthly,2026-01-31,-191619.6350296224,1233314.189441032,-1662426.7484441965,,
WO[USDJPY Cuo ATM/H@15Δ  ∧  USDKRW Cuo ATM/H@15Δ]  1M,worst_of,monthly,2026-02-28,-210163.78538170658,1023150.4040593255,-1872590.5338259032,,
WO[USDJPY Cuo ATM/H@15Δ  ∧  USDKRW Cuo ATM/H@15Δ]  1M,worst_of,monthly,2026-03-31,-178952.29475863403,844198.1093006915,-2051542.828584537,,
WO[USDJPY Cuo ATM/H@15Δ  ∧  USDKRW Cuo ATM/H@15Δ]  1M,worst_of,monthly,2026-04-30,-162886.5781722462,681311.5311284452,-2214429.4067567834,,
WO[USDJPY Cuo ATM/H@15Δ  ∧  USDKRW Cuo ATM/H@15Δ]  1M,worst_of,monthly,2026-05-31,-65216.08126112195,616095.4498673232,-2279645.4880179055,,
WO[USDJPY Cuo ATM/H@15Δ  ∧  USDKRW Cuo ATM/H@15Δ]  1M,worst_of,annual,2023-12-31,1228447.3485562159,1228447.3485562154,-444342.8584102539,,
WO[USDJPY Cuo ATM/H@15Δ  ∧  USDKRW Cuo ATM/H@15Δ]  1M,worst_of,annual,2024-12-31,620015.130303216,1848462.4788594302,-1047278.4590257984,,
WO[USDJPY Cuo ATM/H@15Δ  ∧  USDKRW Cuo ATM/H@15Δ]  1M,worst_of,annual,2025-12-31,-423528.6543887764,1424933.8244706544,-1470807.1134145742,,
WO[USDJPY Cuo ATM/H@15Δ  ∧  USDKRW Cuo ATM/H@15Δ]  1M,worst_of,annual,2026-12-31,-808838.3746033312,616095.4498673232,-2279645.4880179055,,
WO[USDJPY Cuo ATM/H@15Δ  ∧  USDKRW Cuo ATM/H@15Δ]  6W,worst_of,monthly,2023-02-28,193546.61815501953,193546.61815501956,-110118.29475947013,,
WO[USDJPY Cuo ATM/H@15Δ  ∧  USDKRW Cuo ATM/H@15Δ]  6W,worst_of,monthly,2023-03-31,-306539.41671666165,-112992.7985616421,-416657.7114761318,,
WO[USDJPY Cuo ATM/H@15Δ  ∧  USDKRW Cuo ATM/H@15Δ]  6W,worst_of,monthly,2023-04-30,249780.91124970178,136788.11268805963,-166876.80022643006,,
WO[USDJPY Cuo ATM/H@15Δ  ∧  USDKRW Cuo ATM/H@15Δ]  6W,worst_of,monthly,2023-05-31,497910.92770218727,634699.0403902468,-187243.9892431395,,
WO[USDJPY Cuo ATM/H@15Δ  ∧  USDKRW Cuo ATM/H@15Δ]  6W,worst_of,monthly,2023-06-30,-272807.22053890245,361891.8198513441,-460051.2097820422,,
WO[USDJPY Cuo ATM/H@15Δ  ∧  USDKRW Cuo ATM/H@15Δ]  6W,worst_of,monthly,2023-07-31,-239529.03425808964,122362.78559325448,-699580.2440401318,,
WO[USDJPY Cuo ATM/H@15Δ  ∧  USDKRW Cuo ATM/H@15Δ]  6W,worst_of,monthly,2023-08-31,106204.31965903434,228567.10525228895,-593375.9243810973,,
WO[USDJPY Cuo ATM/H@15Δ  ∧  USDKRW Cuo ATM/H@15Δ]  6W,worst_of,monthly,2023-09-30,274855.4059559192,503422.5112082082,-318520.5184251781,,
WO[USDJPY Cuo ATM/H@15Δ  ∧  USDKRW Cuo ATM/H@15Δ]  6W,worst_of,monthly,2023-10-31,1762857.1649478623,2266279.6761560705,-24609.982612278312,,
WO[USDJPY Cuo ATM/H@15Δ  ∧  USDKRW Cuo ATM/H@15Δ]  6W,worst_of,monthly,2023-11-30,5570.390965990282,2271850.0671220613,-199925.08817562414,,
WO[USDJPY Cuo ATM/H@15Δ  ∧  USDKRW Cuo ATM/H@15Δ]  6W,worst_of,monthly,2023-12-31,-257987.6286961273,2013862.4384259342,-457912.71687175124,,
WO[USDJPY Cuo ATM/H@15Δ  ∧  USDKRW Cuo ATM/H@15Δ]  6W,worst_of,monthly,2024-01-31,587650.4060479722,2601512.844473907,-77578.66388011351,,
WO[USDJPY Cuo ATM/H@15Δ  ∧  USDKRW Cuo ATM/H@15Δ]  6W,worst_of,monthly,2024-02-29,-225763.95055683868,2375748.893917068,-303342.6144369524,,
WO[USDJPY Cuo ATM/H@15Δ  ∧  USDKRW Cuo ATM/H@15Δ]  6W,worst_of,monthly,2024-03-31,532231.6965612279,2907980.5904782955,0.0,,
WO[USDJPY Cuo ATM/H@15Δ  ∧  USDKRW Cuo ATM/H@15Δ]  6W,worst_of,monthly,2024-04-30,832460.5899457342,3740441.1804240295,-137675.59508924745,,
WO[USDJPY Cuo ATM/H@15Δ  ∧  USDKRW Cuo ATM/H@15Δ]  6W,worst_of,monthly,2024-05-31,-242295.13918715343,3498146.041236876,-379970.7342764009,,
WO[USDJPY Cuo ATM/H@15Δ  ∧  USDKRW Cuo ATM/H@15Δ]  6W,worst_of,monthly,2024-06-30,579878.3916969098,4078024.4329337855,-23426.433307495434,,
WO[USDJPY Cuo ATM/H@15Δ  ∧  USDKRW Cuo ATM/H@15Δ]  6W,worst_of,monthly,2024-07-31,-249073.17421264507,3828951.2587211407,-272499.60752014024,,
WO[USDJPY Cuo ATM/H@15Δ  ∧  USDKRW Cuo ATM/H@15Δ]  6W,worst_of,monthly,2024-08-31,-231344.85742863343,3597606.401292507,-503844.46494877385,,
WO[USDJPY Cuo ATM/H@15Δ  ∧  USDKRW Cuo ATM/H@15Δ]  6W,worst_of,monthly,2024-09-30,-223905.5463627453,3373700.8549297615,-727750.0113115194,,
WO[USDJPY Cuo ATM/H@15Δ  ∧  USDKRW Cuo ATM/H@15Δ]  6W,worst_of,monthly,2024-10-31,886258.3539101713,4259959.208839933,-114999.72578612808,,
WO[USDJPY Cuo ATM/H@15Δ  ∧  USDKRW Cuo ATM/H@15Δ]  6W,worst_of,monthly,2024-11-30,-246547.925825293,4013411.283014642,-361547.6516114194,,
WO[USDJPY Cuo ATM/H@15Δ  ∧  USDKRW Cuo ATM/H@15Δ]  6W,worst_of,monthly,2024-12-31,-256090.85680414873,3757320.4262104933,-617638.5084155682,,
WO[USDJPY Cuo ATM/H@15Δ  ∧  USDKRW Cuo ATM/H@15Δ]  6W,worst_of,monthly,2025-01-31,-278129.6781973855,3479190.748013107,-895768.1866129544,,
WO[USDJPY Cuo ATM/H@15Δ  ∧  USDKRW Cuo ATM/H@15Δ]  6W,worst_of,monthly,2025-02-28,-211335.6723171472,3267855.07569596,-1107103.8589301016,,
WO[USDJPY Cuo ATM/H@15Δ  ∧  USDKRW Cuo ATM/H@15Δ]  6W,worst_of,monthly,2025-03-31,-211656.35667193902,3056198.719024021,-1318760.2156020403,,
WO[USDJPY Cuo ATM/H@15Δ  ∧  USDKRW Cuo ATM/H@15Δ]  6W,worst_of,monthly,2025-04-30,-249277.9902549976,2806920.728769024,-1568038.2058570376,,
WO[USDJPY Cuo ATM/H@15Δ  ∧  USDKRW Cuo ATM/H@15Δ]  6W,worst_of,monthly,2025-05-31,-281123.54035335965,2525797.1884156642,-1849161.7462103972,,
WO[USDJPY Cuo ATM/H@15Δ  ∧  USDKRW Cuo ATM/H@15Δ]  6W,worst_of,monthly,2025-06-30,-287639.5278348148,2238157.66058085,-2136801.2740452113,,
WO[USDJPY Cuo ATM/H@15Δ  ∧  USDKRW Cuo ATM/H@15Δ]  6W,worst_of,monthly,2025-07-31,709079.1378660195,2947236.7984468685,-1427722.136179193,,
WO[USDJPY Cuo ATM/H@15Δ  ∧  USDKRW Cuo ATM/H@15Δ]  6W,worst_of,monthly,2025-08-31,66536.64377018955,3013773.4422170585,-1361185.492409003,,
WO[USDJPY Cuo ATM/H@15Δ  ∧  USDKRW Cuo ATM/H@15Δ]  6W,worst_of,monthly,2025-09-30,778594.6802445393,3792368.122461597,-582590.8121644645,,
WO[USDJPY Cuo ATM/H@15Δ  ∧  USDKRW Cuo ATM/H@15Δ]  6W,worst_of,monthly,2025-10-31,-42907.54998318232,3749460.572478414,-625498.3621476474,,
WO[USDJPY Cuo ATM/H@15Δ  ∧  USDKRW Cuo ATM/H@15Δ]  6W,worst_of,monthly,2025-11-30,-167549.27712142613,3581911.2953569866,-793047.6392690749,,
WO[USDJPY Cuo ATM/H@15Δ  ∧  USDKRW Cuo ATM/H@15Δ]  6W,worst_of,monthly,2025-12-31,49384.21609540745,3631295.511452394,-743663.4231736674,,
WO[USDJPY Cuo ATM/H@15Δ  ∧  USDKRW Cuo ATM/H@15Δ]  6W,worst_of,monthly,2026-01-31,-96793.00695462502,3534502.504497769,-840456.4301282926,,
WO[USDJPY Cuo ATM/H@15Δ  ∧  USDKRW Cuo ATM/H@15Δ]  6W,worst_of,monthly,2026-02-28,-48741.70674681028,3485760.7977509587,-889198.1368751028,,
WO[USDJPY Cuo ATM/H@15Δ  ∧  USDKRW Cuo ATM/H@15Δ]  6W,worst_of,monthly,2026-03-31,130228.11922574148,3615988.9169766996,-758970.0176493619,,
WO[USDJPY Cuo ATM/H@15Δ  ∧  USDKRW Cuo ATM/H@15Δ]  6W,worst_of,monthly,2026-04-30,-280952.96881126193,3335035.9481654377,-1039922.9864606238,,
WO[USDJPY Cuo ATM/H@15Δ  ∧  USDKRW Cuo ATM/H@15Δ]  6W,worst_of,monthly,2026-05-31,-86829.8087416298,3248206.139423807,-1126752.7952022543,,
WO[USDJPY Cuo ATM/H@15Δ  ∧  USDKRW Cuo ATM/H@15Δ]  6W,worst_of,annual,2023-12-31,2013862.4384259335,2013862.4384259342,-457912.71687175124,,
WO[USDJPY Cuo ATM/H@15Δ  ∧  USDKRW Cuo ATM/H@15Δ]  6W,worst_of,annual,2024-12-31,1743457.9877845577,3757320.4262104933,-617638.5084155682,,
WO[USDJPY Cuo ATM/H@15Δ  ∧  USDKRW Cuo ATM/H@15Δ]  6W,worst_of,annual,2025-12-31,-126024.91475809643,3631295.511452394,-743663.4231736674,,
WO[USDJPY Cuo ATM/H@15Δ  ∧  USDKRW Cuo ATM/H@15Δ]  6W,worst_of,annual,2026-12-31,-383089.3720285855,3248206.139423807,-1126752.7952022543,,
WO[USDJPY Cuo ATM/H@15Δ  ∧  USDKRW Cuo ATM/H@15Δ]  10W,worst_of,monthly,2023-03-31,520181.8605240881,520181.8605240882,-187613.999592544,,
WO[USDJPY Cuo ATM/H@15Δ  ∧  USDKRW Cuo ATM/H@15Δ]  10W,worst_of,monthly,2023-04-30,248896.53346064012,769078.3939847283,0.0,,
WO[USDJPY Cuo ATM/H@15Δ  ∧  USDKRW Cuo ATM/H@15Δ]  10W,worst_of,monthly,2023-05-31,1041678.8752843863,1810757.2692691148,-74711.37135388656,,
WO[USDJPY Cuo ATM/H@15Δ  ∧  USDKRW Cuo ATM/H@15Δ]  10W,worst_of,monthly,2023-06-30,-394543.3456920767,1416213.923577038,-469254.7170459633,,
WO[USDJPY Cuo ATM/H@15Δ  ∧  USDKRW Cuo ATM/H@15Δ]  10W,worst_of,monthly,2023-07-31,-316485.07094219036,1099728.852634848,-785739.7879881533,,
WO[USDJPY Cuo ATM/H@15Δ  ∧  USDKRW Cuo ATM/H@15Δ]  10W,worst_of,monthly,2023-08-31,-154776.33643895257,944952.5161958955,-940516.1244271059,,
WO[USDJPY Cuo ATM/H@15Δ  ∧  USDKRW Cuo ATM/H@15Δ]  10W,worst_of,monthly,2023-09-30,1574571.2316300569,2519523.7478259527,-171594.7376999464,,
WO[USDJPY Cuo ATM/H@15Δ  ∧  USDKRW Cuo ATM/H@15Δ]  10W,worst_of,monthly,2023-10-31,220229.92525171593,2739753.673077668,-16115.352025670465,,
WO[USDJPY Cuo ATM/H@15Δ  ∧  USDKRW Cuo ATM/H@15Δ]  10W,worst_of,monthly,2023-11-30,-333464.96904725477,2406288.7040304136,-349580.3210729249,,
WO[USDJPY Cuo ATM/H@15Δ  ∧  USDKRW Cuo ATM/H@15Δ]  10W,worst_of,monthly,2023-12-31,-246345.36733005804,2159943.3367003556,-595925.6884029829,,
WO[USDJPY Cuo ATM/H@15Δ  ∧  USDKRW Cuo ATM/H@15Δ]  10W,worst_of,monthly,2024-01-31,-354341.9373172503,1805601.3993831058,-950267.6257202327,,
WO[USDJPY Cuo ATM/H@15Δ  ∧  USDKRW Cuo ATM/H@15Δ]  10W,worst_of,monthly,2024-02-29,897723.0860622147,2703324.4854453197,-109175.75104881031,,
WO[USDJPY Cuo ATM/H@15Δ  ∧  USDKRW Cuo ATM/H@15Δ]  10W,worst_of,monthly,2024-03-31,15134.572021183267,2718459.057466503,-94041.17902762676,,
WO[USDJPY Cuo ATM/H@15Δ  ∧  USDKRW Cuo ATM/H@15Δ]  10W,worst_of,monthly,2024-04-30,707441.3575796527,3425900.415046156,-191351.53836045694,,
WO[USDJPY Cuo ATM/H@15Δ  ∧  USDKRW Cuo ATM/H@15Δ]  10W,worst_of,monthly,2024-05-31,-285303.5013617089,3140596.9136844473,-476655.03972216556,,
WO[USDJPY Cuo ATM/H@15Δ  ∧  USDKRW Cuo ATM/H@15Δ]  10W,worst_of,monthly,2024-06-30,-254822.16928176233,2885774.7444026857,-731477.2090039272,,
WO[USDJPY Cuo ATM/H@15Δ  ∧  USDKRW Cuo ATM/H@15Δ]  10W,worst_of,monthly,2024-07-31,-104961.05345371767,2780813.690948968,-836438.262457645,,
WO[USDJPY Cuo ATM/H@15Δ  ∧  USDKRW Cuo ATM/H@15Δ]  10W,worst_of,monthly,2024-08-31,-290786.9569877529,2490026.733961215,-1127225.219445398,,
WO[USDJPY Cuo ATM/H@15Δ  ∧  USDKRW Cuo ATM/H@15Δ]  10W,worst_of,monthly,2024-09-30,-273954.86384671926,2216071.8701144955,-1401180.0832921173,,
WO[USDJPY Cuo ATM/H@15Δ  ∧  USDKRW Cuo ATM/H@15Δ]  10W,worst_of,monthly,2024-10-31,430330.060205958,2646401.930320454,-970850.023086159,,
WO[USDJPY Cuo ATM/H@15Δ  ∧  USDKRW Cuo ATM/H@15Δ]  10W,worst_of,monthly,2024-11-30,-281640.70627310814,2364761.2240473446,-1252490.7293592682,,
WO[USDJPY Cuo ATM/H@15Δ  ∧  USDKRW Cuo ATM/H@15Δ]  10W,worst_of,monthly,2024-12-31,-315020.9652867465,2049740.2587605992,-1567511.6946460137,,
WO[USDJPY Cuo ATM/H@15Δ  ∧  USDKRW Cuo ATM/H@15Δ]  10W,worst_of,monthly,2025-01-31,-377351.5973326098,1672388.66142799,-1944863.2919786228,,
WO[USDJPY Cuo ATM/H@15Δ  ∧  USDKRW Cuo ATM/H@15Δ]  10W,worst_of,monthly,2025-02-28,-307274.41989460256,1365114.2415333877,-2252137.711873225,,
WO[USDJPY Cuo ATM/H@15Δ  ∧  USDKRW Cuo ATM/H@15Δ]  10W,worst_of,monthly,2025-03-31,-277252.6442515163,1087861.5972818716,-2529390.356124741,,
WO[USDJPY Cuo ATM/H@15Δ  ∧  USDKRW Cuo ATM/H@15Δ]  10W,worst_of,monthly,2025-04-30,-272477.53146407905,815384.0658177927,-2801867.8875888204,,
WO[USDJPY Cuo ATM/H@15Δ  ∧  USDKRW Cuo ATM/H@15Δ]  10W,worst_of,monthly,2025-05-31,-304833.85330943234,510550.21250836045,-3106701.7408982525,,
WO[USDJPY Cuo ATM/H@15Δ  ∧  USDKRW Cuo ATM/H@15Δ]  10W,worst_of,monthly,2025-06-30,-330920.62276735454,179629.58974100594,-3437622.363665607,,
WO[USDJPY Cuo ATM/H@15Δ  ∧  USDKRW Cuo ATM/H@15Δ]  10W,worst_of,monthly,2025-07-31,-231262.2209642217,-51632.63122321574,-3668884.5846298286,,
WO[USDJPY Cuo ATM/H@15Δ  ∧  USDKRW Cuo ATM/H@15Δ]  10W,worst_of,monthly,2025-08-31,819049.6084263169,767416.9772031012,-2849834.9762035115,,
WO[USDJPY Cuo ATM/H@15Δ  ∧  USDKRW Cuo ATM/H@15Δ]  10W,worst_of,monthly,2025-09-30,1121984.0179723394,1889400.9951754408,-1727850.958231172,,
WO[USDJPY Cuo ATM/H@15Δ  ∧  USDKRW Cuo ATM/H@15Δ]  10W,worst_of,monthly,2025-10-31,2255860.4363775183,4145261.4315529587,-73383.04187189229,,
WO[USDJPY Cuo ATM/H@15Δ  ∧  USDKRW Cuo ATM/H@15Δ]  10W,worst_of,monthly,2025-11-30,-291171.10572340904,3854090.325829549,-364554.14759530174,,
WO[USDJPY Cuo ATM/H@15Δ  ∧  USDKRW Cuo ATM/H@15Δ]  10W,worst_of,monthly,2025-12-31,-249673.82410616463,3604416.5017233836,-614227.9717014674,,
WO[USDJPY Cuo ATM/H@15Δ  ∧  USDKRW Cuo ATM/H@15Δ]  10W,worst_of,monthly,2026-01-31,-109549.67214167924,3494866.829581704,-723777.643843147,,
WO[USDJPY Cuo ATM/H@15Δ  ∧  USDKRW Cuo ATM/H@15Δ]  10W,worst_of,monthly,2026-02-28,-275435.5933547491,3219431.2362269554,-999213.2371978955,,
WO[USDJPY Cuo ATM/H@15Δ  ∧  USDKRW Cuo ATM/H@15Δ]  10W,worst_of,monthly,2026-03-31,578689.3993771354,3798120.6356040915,-420523.8378207595,,
WO[USDJPY Cuo ATM/H@15Δ  ∧  USDKRW Cuo ATM/H@15Δ]  10W,worst_of,monthly,2026-04-30,-306112.698624542,3492007.9369795504,-726636.5364453006,,
WO[USDJPY Cuo ATM/H@15Δ  ∧  USDKRW Cuo ATM/H@15Δ]  10W,worst_of,monthly,2026-05-31,-95111.15894935364,3396896.778030197,-821747.6953946538,,
WO[USDJPY Cuo ATM/H@15Δ  ∧  USDKRW Cuo ATM/H@15Δ]  10W,worst_of,annual,2023-12-31,2159943.3367003547,2159943.3367003556,-595925.6884029829,,
WO[USDJPY Cuo ATM/H@15Δ  ∧  USDKRW Cuo ATM/H@15Δ]  10W,worst_of,annual,2024-12-31,-110203.0779397574,2049740.2587605992,-1567511.6946460137,,
WO[USDJPY Cuo ATM/H@15Δ  ∧  USDKRW Cuo ATM/H@15Δ]  10W,worst_of,annual,2025-12-31,1554676.2429627846,3604416.5017233836,-614227.9717014674,,
WO[USDJPY Cuo ATM/H@15Δ  ∧  USDKRW Cuo ATM/H@15Δ]  10W,worst_of,annual,2026-12-31,-207519.72369318857,3396896.778030197,-821747.6953946538,,
WO[USDJPY Cuo ATM/H@15Δ  ∧  USDKRW Cuo ATM/H@15Δ]  3M,worst_of,monthly,2023-03-31,200085.52680461356,200085.52680461356,0.0,,
WO[USDJPY Cuo ATM/H@15Δ  ∧  USDKRW Cuo ATM/H@15Δ]  3M,worst_of,monthly,2023-04-30,-91435.98698368642,108649.53982092715,-303781.4897519674,,
WO[USDJPY Cuo ATM/H@15Δ  ∧  USDKRW Cuo ATM/H@15Δ]  3M,worst_of,monthly,2023-05-31,1988406.543261637,2097056.083082564,0.0,,
WO[USDJPY Cuo ATM/H@15Δ  ∧  USDKRW Cuo ATM/H@15Δ]  3M,worst_of,monthly,2023-06-30,-218749.3139799516,1878306.7691026118,-371808.04210553574,,
WO[USDJPY Cuo ATM/H@15Δ  ∧  USDKRW Cuo ATM/H@15Δ]  3M,worst_of,monthly,2023-07-31,-387892.97909262707,1490413.790009985,-759701.0211981626,,
WO[USDJPY Cuo ATM/H@15Δ  ∧  USDKRW Cuo ATM/H@15Δ]  3M,worst_of,monthly,2023-08-31,-364730.4055237906,1125683.3844861945,-1124431.426721953,,
WO[USDJPY Cuo ATM/H@15Δ  ∧  USDKRW Cuo ATM/H@15Δ]  3M,worst_of,monthly,2023-09-30,1668512.0723020367,2794195.456788231,0.0,,
WO[USDJPY Cuo ATM/H@15Δ  ∧  USDKRW Cuo ATM/H@15Δ]  3M,worst_of,monthly,2023-10-31,230938.34626877293,3025133.803057003,-347578.59352797735,,
WO[USDJPY Cuo ATM/H@15Δ  ∧  USDKRW Cuo ATM/H@15Δ]  3M,worst_of,monthly,2023-11-30,-390383.42926727526,2634750.373789727,-737962.022795253,,
WO[USDJPY Cuo ATM/H@15Δ  ∧  USDKRW Cuo ATM/H@15Δ]  3M,worst_of,monthly,2023-12-31,-325014.6159587319,2309735.7578309956,-1062976.6387539846,,
WO[USDJPY Cuo ATM/H@15Δ  ∧  USDKRW Cuo ATM/H@15Δ]  3M,worst_of,monthly,2024-01-31,-328810.196321995,1980925.561509001,-1391786.8350759791,,
WO[USDJPY Cuo ATM/H@15Δ  ∧  USDKRW Cuo ATM/H@15Δ]  3M,worst_of,monthly,2024-02-29,1519865.3124109711,3500790.8739199713,-34336.3977899435,,
WO[USDJPY Cuo ATM/H@15Δ  ∧  USDKRW Cuo ATM/H@15Δ]  3M,worst_of,monthly,2024-03-31,532087.4433337612,4032878.3172537335,-257396.0885812384,,
WO[USDJPY Cuo ATM/H@15Δ  ∧  USDKRW Cuo ATM/H@15Δ]  3M,worst_of,monthly,2024-04-30,-376988.14432141796,3655890.172932315,-634384.2329026568,,
WO[USDJPY Cuo ATM/H@15Δ  ∧  USDKRW Cuo ATM/H@15Δ]  3M,worst_of,monthly,2024-05-31,-298511.5159285986,3357378.657003717,-932895.7488312549,,
WO[USDJPY Cuo ATM/H@15Δ  ∧  USDKRW Cuo ATM/H@15Δ]  3M,worst_of,monthly,2024-06-30,-287698.5174125783,3069680.1395911393,-1220594.2662438327,,
WO[USDJPY Cuo ATM/H@15Δ  ∧  USDKRW Cuo ATM/H@15Δ]  3M,worst_of,monthly,2024-07-31,-319263.50450391043,2750416.6350872302,-1539857.7707477417,,
WO[USDJPY Cuo ATM/H@15Δ  ∧  USDKRW Cuo ATM/H@15Δ]  3M,worst_of,monthly,2024-08-31,-298931.0335606732,2451485.601526558,-1838788.804308414,,
WO[USDJPY Cuo ATM/H@15Δ  ∧  USDKRW Cuo ATM/H@15Δ]  3M,worst_of,monthly,2024-09-30,-307249.01662016544,2144236.5849063927,-2146037.820928579,,
WO[USDJPY Cuo ATM/H@15Δ  ∧  USDKRW Cuo ATM/H@15Δ]  3M,worst_of,monthly,2024-10-31,-146218.16001183464,1998018.4248945583,-2292255.9809404137,,
WO[USDJPY Cuo ATM/H@15Δ  ∧  USDKRW Cuo ATM/H@15Δ]  3M,worst_of,monthly,2024-11-30,225825.86243439149,2223844.28732895,-2066430.1185060218,,
WO[USDJPY Cuo ATM/H@15Δ  ∧  USDKRW Cuo ATM/H@15Δ]  3M,worst_of,monthly,2024-12-31,-314535.13330107887,1909309.1540278713,-2380965.2518071006,,
WO[USDJPY Cuo ATM/H@15Δ  ∧  USDKRW Cuo ATM/H@15Δ]  3M,worst_of,monthly,2025-01-31,-377390.3925672325,1531918.7614606388,-2758355.6443743333,,
WO[USDJPY Cuo ATM/H@15Δ  ∧  USDKRW Cuo ATM/H@15Δ]  3M,worst_of,monthly,2025-02-28,-381332.2473070221,1150586.5141536167,-3139687.8916813554,,
WO[USDJPY Cuo ATM/H@15Δ  ∧  USDKRW Cuo ATM/H@15Δ]  3M,worst_of,monthly,2025-03-31,-327035.94611782447,823550.5680357923,-3466723.8377991794,,
WO[USDJPY Cuo ATM/H@15Δ  ∧  USDKRW Cuo ATM/H@15Δ]  3M,worst_of,monthly,2025-04-30,-290950.4773676742,532600.0906681181,-3757674.315166854,,
WO[USDJPY Cuo ATM/H@15Δ  ∧  USDKRW Cuo ATM/H@15Δ]  3M,worst_of,monthly,2025-05-31,-326950.0329681872,205650.0576999308,-4084624.348135041,,
WO[USDJPY Cuo ATM/H@15Δ  ∧  USDKRW Cuo ATM/H@15Δ]  3M,worst_of,monthly,2025-06-30,-341355.3695266738,-135705.311826743,-4425979.717661715,,
WO[USDJPY Cuo ATM/H@15Δ  ∧  USDKRW Cuo ATM/H@15Δ]  3M,worst_of,monthly,2025-07-31,-405399.33677284763,-541104.6485995905,-4831379.054434562,,
WO[USDJPY Cuo ATM/H@15Δ  ∧  USDKRW Cuo ATM/H@15Δ]  3M,worst_of,monthly,2025-08-31,333118.717305304,-207985.93129428662,-4498260.337129259,,
WO[USDJPY Cuo ATM/H@15Δ  ∧  USDKRW Cuo ATM/H@15Δ]  3M,worst_of,monthly,2025-09-30,2859535.9075269136,2651549.976232627,-1638724.429602345,,
WO[USDJPY Cuo ATM/H@15Δ  ∧  USDKRW Cuo ATM/H@15Δ]  3M,worst_of,monthly,2025-10-31,4327738.268818879,6979288.245051504,0.0,,
WO[USDJPY Cuo ATM/H@15Δ  ∧  USDKRW Cuo ATM/H@15Δ]  3M,worst_of,monthly,2025-11-30,-341423.49350889976,6637864.7515426045,-341423.4935088996,,
WO[USDJPY Cuo ATM/H@15Δ  ∧  USDKRW Cuo ATM/H@15Δ]  3M,worst_of,monthly,2025-12-31,-350047.6925504129,6287817.058992193,-691471.186059311,,
WO[USDJPY Cuo ATM/H@15Δ  ∧  USDKRW Cuo ATM/H@15Δ]  3M,worst_of,monthly,2026-01-31,-168280.58825684458,6119536.470735351,-859751.7743161535,,
WO[USDJPY Cuo ATM/H@15Δ  ∧  USDKRW Cuo ATM/H@15Δ]  3M,worst_of,monthly,2026-02-28,324355.02590234985,6443891.496637702,-535396.7484138021,,
WO[USDJPY Cuo ATM/H@15Δ  ∧  USDKRW Cuo ATM/H@15Δ]  3M,worst_of,monthly,2026-03-31,1352405.006422773,7796296.503060475,-71130.48008124717,,
WO[USDJPY Cuo ATM/H@15Δ  ∧  USDKRW Cuo ATM/H@15Δ]  3M,worst_of,monthly,2026-04-30,-374499.7905402606,7421796.712520215,-445630.2706215074,,
WO[USDJPY Cuo ATM/H@15Δ  ∧  USDKRW Cuo ATM/H@15Δ]  3M,worst_of,monthly,2026-05-31,-104177.02929508282,7317619.683225132,-549807.2999165906,,
WO[USDJPY Cuo ATM/H@15Δ  ∧  USDKRW Cuo ATM/H@15Δ]  3M,worst_of,annual,2023-12-31,2309735.7578309975,2309735.7578309956,-1062976.6387539846,,
WO[USDJPY Cuo ATM/H@15Δ  ∧  USDKRW Cuo ATM/H@15Δ]  3M,worst_of,annual,2024-12-31,-400426.6038031286,1909309.1540278713,-2380965.2518071006,,
WO[USDJPY Cuo ATM/H@15Δ  ∧  USDKRW Cuo ATM/H@15Δ]  3M,worst_of,annual,2025-12-31,4378507.904964321,6287817.058992193,-691471.186059311,,
WO[USDJPY Cuo ATM/H@15Δ  ∧  USDKRW Cuo ATM/H@15Δ]  3M,worst_of,annual,2026-12-31,1029802.6242329347,7317619.683225132,-549807.2999165906,,
WO[USDJPY Cuo ATM/H@10Δ  ∧  USDKRW Cuo ATM/H@10Δ]  2M,worst_of,monthly,2023-03-31,1169031.7824340395,1169031.7824340397,-370316.12613638025,,
WO[USDJPY Cuo ATM/H@10Δ  ∧  USDKRW Cuo ATM/H@10Δ]  2M,worst_of,monthly,2023-04-30,231895.118368758,1400926.9008027974,-138421.0077676226,,
WO[USDJPY Cuo ATM/H@10Δ  ∧  USDKRW Cuo ATM/H@10Δ]  2M,worst_of,monthly,2023-05-31,964516.1719388255,2365443.072741623,-121129.99594947416,,
WO[USDJPY Cuo ATM/H@10Δ  ∧  USDKRW Cuo ATM/H@10Δ]  2M,worst_of,monthly,2023-06-30,-515529.058288158,1849914.014453465,-636659.0542376323,,
WO[USDJPY Cuo ATM/H@10Δ  ∧  USDKRW Cuo ATM/H@10Δ]  2M,worst_of,monthly,2023-07-31,-395433.45289536356,1454480.5615581013,-1032092.5071329959,,
WO[USDJPY Cuo ATM/H@10Δ  ∧  USDKRW Cuo ATM/H@10Δ]  2M,worst_of,monthly,2023-08-31,2059975.9252857512,3514456.486843853,0.0,,
WO[USDJPY Cuo ATM/H@10Δ  ∧  USDKRW Cuo ATM/H@10Δ]  2M,worst_of,monthly,2023-09-30,599750.2334648713,4114206.720308724,-355181.7754794629,,
WO[USDJPY Cuo ATM/H@10Δ  ∧  USDKRW Cuo ATM/H@10Δ]  2M,worst_of,monthly,2023-10-31,2201603.0357876876,6315809.7560964115,0.0,,
WO[USDJPY Cuo ATM/H@10Δ  ∧  USDKRW Cuo ATM/H@10Δ]  2M,worst_of,monthly,2023-11-30,-11369.223656348571,6304440.5324400645,-350251.2444522334,,
WO[USDJPY Cuo ATM/H@10Δ  ∧  USDKRW Cuo ATM/H@10Δ]  2M,worst_of,monthly,2023-12-31,-394251.02710083756,5910189.505339227,-744502.2715530712,,
WO[USDJPY Cuo ATM/H@10Δ  ∧  USDKRW Cuo ATM/H@10Δ]  2M,worst_of,monthly,2024-01-31,-69507.73348852778,5840681.7718507,-814010.0050415983,,
WO[USDJPY Cuo ATM/H@10Δ  ∧  USDKRW Cuo ATM/H@10Δ]  2M,worst_of,monthly,2024-02-29,503822.41399671586,6344504.185847415,-310187.59104488324,,
WO[USDJPY Cuo ATM/H@10Δ  ∧  USDKRW Cuo ATM/H@10Δ]  2M,worst_of,monthly,2024-03-31,563195.4385836734,6907699.624431089,0.0,,
WO[USDJPY Cuo ATM/H@10Δ  ∧  USDKRW Cuo ATM/H@10Δ]  2M,worst_of,monthly,2024-04-30,1240718.9750379298,8148418.599469018,-186259.2254669713,,
WO[USDJPY Cuo ATM/H@10Δ  ∧  USDKRW Cuo ATM/H@10Δ]  2M,worst_of,monthly,2024-05-31,-404405.6012053787,7744012.99826364,-590664.8266723491,,
WO[USDJPY Cuo ATM/H@10Δ  ∧  USDKRW Cuo ATM/H@10Δ]  2M,worst_of,monthly,2024-06-30,416101.2502834998,8160114.248547142,-174563.57638884708,,
WO[USDJPY Cuo ATM/H@10Δ  ∧  USDKRW Cuo ATM/H@10Δ]  2M,worst_of,monthly,2024-07-31,143481.5949011715,8303595.843448316,-93875.23881498445,,
WO[USDJPY Cuo ATM/H@10Δ  ∧  USDKRW Cuo ATM/H@10Δ]  2M,worst_of,monthly,2024-08-31,-402441.35001351894,7901154.493434796,-496316.5888285041,,
WO[USDJPY Cuo ATM/H@10Δ  ∧  USDKRW Cuo ATM/H@10Δ]  2M,worst_of,monthly,2024-09-30,-371690.5390711023,7529463.954363692,-868007.1278996086,,
WO[USDJPY Cuo ATM/H@10Δ  ∧  USDKRW Cuo ATM/H@10Δ]  2M,worst_of,monthly,2024-10-31,1642447.7664547535,9171911.720818449,0.0,,
WO[USDJPY Cuo ATM/H@10Δ  ∧  USDKRW Cuo ATM/H@10Δ]  2M,worst_of,monthly,2024-11-30,-378993.5351787182,8792918.185639733,-378993.53517871536,,
WO[USDJPY Cuo ATM/H@10Δ  ∧  USDKRW Cuo ATM/H@10Δ]  2M,worst_of,monthly,2024-12-31,327713.51530638424,9120631.700946119,-53494.61845286563,,
WO[USDJPY Cuo ATM/H@10Δ  ∧  USDKRW Cuo ATM/H@10Δ]  2M,worst_of,monthly,2025-01-31,-485531.027673359,8635100.673272759,-539025.6461262256,,
WO[USDJPY Cuo ATM/H@10Δ  ∧  USDKRW Cuo ATM/H@10Δ]  2M,worst_of,monthly,2025-02-28,187966.59761827276,8823067.270891033,-351059.0485079512,,
WO[USDJPY Cuo ATM/H@10Δ  ∧  USDKRW Cuo ATM/H@10Δ]  2M,worst_of,monthly,2025-03-31,-328090.74331974797,8494976.527571285,-679149.7918276992,,
WO[USDJPY Cuo ATM/H@10Δ  ∧  USDKRW Cuo ATM/H@10Δ]  2M,worst_of,monthly,2025-04-30,-372734.5581533094,8122241.969417976,-1051884.349981008,,
WO[USDJPY Cuo ATM/H@10Δ  ∧  USDKRW Cuo ATM/H@10Δ]  2M,worst_of,monthly,2025-05-31,-444926.850074724,7677315.119343252,-1496811.2000557324,,
WO[USDJPY Cuo ATM/H@10Δ  ∧  USDKRW Cuo ATM/H@10Δ]  2M,worst_of,monthly,2025-06-30,-472543.54370979255,7204771.575633458,-1969354.7437655265,,
WO[USDJPY Cuo ATM/H@10Δ  ∧  USDKRW Cuo ATM/H@10Δ]  2M,worst_of,monthly,2025-07-31,64497.195388599954,7269268.771022057,-1904857.5483769272,,
WO[USDJPY Cuo ATM/H@10Δ  ∧  USDKRW Cuo ATM/H@10Δ]  2M,worst_of,monthly,2025-08-31,2989339.492480828,10258608.263502885,0.0,,
WO[USDJPY Cuo ATM/H@10Δ  ∧  USDKRW Cuo ATM/H@10Δ]  2M,worst_of,monthly,2025-09-30,1860485.4460768132,12119093.7095797,-21886.0495250877,,
WO[USDJPY Cuo ATM/H@10Δ  ∧  USDKRW Cuo ATM/H@10Δ]  2M,worst_of,monthly,2025-10-31,3371642.1586858686,15490735.868265567,0.0,,
WO[USDJPY Cuo ATM/H@10Δ  ∧  USDKRW Cuo ATM/H@10Δ]  2M,worst_of,monthly,2025-11-30,290419.25008014124,15781155.118345706,-313241.50349974073,,
WO[USDJPY Cuo ATM/H@10Δ  ∧  USDKRW Cuo ATM/H@10Δ]  2M,worst_of,monthly,2025-12-31,1988746.422542527,17769901.540888228,-19425.862340182066,,
WO[USDJPY Cuo ATM/H@10Δ  ∧  USDKRW Cuo ATM/H@10Δ]  2M,worst_of,monthly,2026-01-31,297394.28473064216,18067295.82561888,-168941.2376108952,,
WO[USDJPY Cuo ATM/H@10Δ  ∧  USDKRW Cuo ATM/H@10Δ]  2M,worst_of,monthly,2026-02-28,-419845.63609048154,17647450.189528406,-588786.8737013713,,
WO[USDJPY Cuo ATM/H@10Δ  ∧  USDKRW Cuo ATM/H@10Δ]  2M,worst_of,monthly,2026-03-31,627177.8328234367,18274628.022351842,-96806.66798146069,,
WO[USDJPY Cuo ATM/H@10Δ  ∧  USDKRW Cuo ATM/H@10Δ]  2M,worst_of,monthly,2026-04-30,-407458.1454076304,17867169.876944203,-504264.81338910013,,
WO[USDJPY Cuo ATM/H@10Δ  ∧  USDKRW Cuo ATM/H@10Δ]  2M,worst_of,monthly,2026-05-31,-86872.28583443868,17780297.591109764,-591137.0992235392,,
WO[USDJPY Cuo ATM/H@10Δ  ∧  USDKRW Cuo ATM/H@10Δ]  2M,worst_of,annual,2023-12-31,5910189.505339226,5910189.505339227,-744502.2715530712,,
WO[USDJPY Cuo ATM/H@10Δ  ∧  USDKRW Cuo ATM/H@10Δ]  2M,worst_of,annual,2024-12-31,3210442.195606882,9120631.700946119,-53494.61845286563,,
WO[USDJPY Cuo ATM/H@10Δ  ∧  USDKRW Cuo ATM/H@10Δ]  2M,worst_of,annual,2025-12-31,8649269.839942118,17769901.540888228,-19425.862340182066,,
WO[USDJPY Cuo ATM/H@10Δ  ∧  USDKRW Cuo ATM/H@10Δ]  2M,worst_of,annual,2026-12-31,10396.05022152828,17780297.591109764,-591137.0992235392,,
WO[USDJPY Cuo ATM/H@10Δ  ∧  USDKRW Cuo ATM/H@10Δ]  1M,worst_of,monthly,2023-02-28,921500.4041948055,921500.4041948054,-122936.13243398652,,
WO[USDJPY Cuo ATM/H@10Δ  ∧  USDKRW Cuo ATM/H@10Δ]  1M,worst_of,monthly,2023-03-31,-320713.7226113718,600786.6815834338,-443649.8550453582,,
WO[USDJPY Cuo ATM/H@10Δ  ∧  USDKRW Cuo ATM/H@10Δ]  1M,worst_of,monthly,2023-04-30,1027406.7377882266,1628193.4193716603,0.0,,
WO[USDJPY Cuo ATM/H@10Δ  ∧  USDKRW Cuo ATM/H@10Δ]  1M,worst_of,monthly,2023-05-31,1215014.5136005962,2843207.9329722575,-122168.98695077654,,
WO[USDJPY Cuo ATM/H@10Δ  ∧  USDKRW Cuo ATM/H@10Δ]  1M,worst_of,monthly,2023-06-30,-323115.16314793786,2520092.7698243195,-445284.1500987145,,
WO[USDJPY Cuo ATM/H@10Δ  ∧  USDKRW Cuo ATM/H@10Δ]  1M,worst_of,monthly,2023-07-31,-292944.2846773627,2227148.485146956,-738228.434776078,,
WO[USDJPY Cuo ATM/H@10Δ  ∧  USDKRW Cuo ATM/H@10Δ]  1M,worst_of,monthly,2023-08-31,-57048.914272047965,2170099.570874908,-795277.349048126,,
WO[USDJPY Cuo ATM/H@10Δ  ∧  USDKRW Cuo ATM/H@10Δ]  1M,worst_of,monthly,2023-09-30,1238623.206160244,3408722.7770351535,0.0,,
WO[USDJPY Cuo ATM/H@10Δ  ∧  USDKRW Cuo ATM/H@10Δ]  1M,worst_of,monthly,2023-10-31,2100431.519085629,5509154.296120781,0.0,,
WO[USDJPY Cuo ATM/H@10Δ  ∧  USDKRW Cuo ATM/H@10Δ]  1M,worst_of,monthly,2023-11-30,-314848.5747964224,5194305.721324359,-314848.5747964224,,
WO[USDJPY Cuo ATM/H@10Δ  ∧  USDKRW Cuo ATM/H@10Δ]  1M,worst_of,monthly,2023-12-31,-328549.5509829945,4865756.170341365,-643398.1257794164,,
WO[USDJPY Cuo ATM/H@10Δ  ∧  USDKRW Cuo ATM/H@10Δ]  1M,worst_of,monthly,2024-01-31,43531.70506357211,4909287.875404937,-599866.4207158443,,
WO[USDJPY Cuo ATM/H@10Δ  ∧  USDKRW Cuo ATM/H@10Δ]  1M,worst_of,monthly,2024-02-29,119927.74173007747,5029215.617135013,-479938.678985768,,
WO[USDJPY Cuo ATM/H@10Δ  ∧  USDKRW Cuo ATM/H@10Δ]  1M,worst_of,monthly,2024-03-31,450516.8618694069,5479732.479004421,-29421.81711636018,,
WO[USDJPY Cuo ATM/H@10Δ  ∧  USDKRW Cuo ATM/H@10Δ]  1M,worst_of,monthly,2024-04-30,362291.866641576,5842024.345645999,-223197.6743675433,,
WO[USDJPY Cuo ATM/H@10Δ  ∧  USDKRW Cuo ATM/H@10Δ]  1M,worst_of,monthly,2024-05-31,-269296.0985228666,5572728.2471231315,-492493.7728904104,,
WO[USDJPY Cuo ATM/H@10Δ  ∧  USDKRW Cuo ATM/H@10Δ]  1M,worst_of,monthly,2024-06-30,1874388.540744787,7447116.787867919,0.0,,
WO[USDJPY Cuo ATM/H@10Δ  ∧  USDKRW Cuo ATM/H@10Δ]  1M,worst_of,monthly,2024-07-31,-289058.4459493965,7158058.341918523,-289058.4459493952,,
WO[USDJPY Cuo ATM/H@10Δ  ∧  USDKRW Cuo ATM/H@10Δ]  1M,worst_of,monthly,2024-08-31,-293803.8645642201,6864254.477354303,-582862.3105136156,,
WO[USDJPY Cuo ATM/H@10Δ  ∧  USDKRW Cuo ATM/H@10Δ]  1M,worst_of,monthly,2024-09-30,-255032.05888327135,6609222.418471032,-837894.3693968868,,
WO[USDJPY Cuo ATM/H@10Δ  ∧  USDKRW Cuo ATM/H@10Δ]  1M,worst_of,monthly,2024-10-31,-252792.6006914801,6356429.817779552,-1090686.9700883664,,
WO[USDJPY Cuo ATM/H@10Δ  ∧  USDKRW Cuo ATM/H@10Δ]  1M,worst_of,monthly,2024-11-30,200401.25457742746,6556831.07235698,-890285.7155109383,,
WO[USDJPY Cuo ATM/H@10Δ  ∧  USDKRW Cuo ATM/H@10Δ]  1M,worst_of,monthly,2024-12-31,-350611.2669539756,6206219.8054030035,-1240896.9824649151,,
WO[USDJPY Cuo ATM/H@10Δ  ∧  USDKRW Cuo ATM/H@10Δ]  1M,worst_of,monthly,2025-01-31,-289430.7247618225,5916789.08064118,-1530327.7072267383,,
WO[USDJPY Cuo ATM/H@10Δ  ∧  USDKRW Cuo ATM/H@10Δ]  1M,worst_of,monthly,2025-02-28,-271778.9208173726,5645010.159823808,-1802106.6280441107,,
WO[USDJPY Cuo ATM/H@10Δ  ∧  USDKRW Cuo ATM/H@10Δ]  1M,worst_of,monthly,2025-03-31,66273.32442806817,5711283.484251877,-1735833.3036160413,,
WO[USDJPY Cuo ATM/H@10Δ  ∧  USDKRW Cuo ATM/H@10Δ]  1M,worst_of,monthly,2025-04-30,-301872.6664561389,5409410.817795739,-2037705.97007218,,
WO[USDJPY Cuo ATM/H@10Δ  ∧  USDKRW Cuo ATM/H@10Δ]  1M,worst_of,monthly,2025-05-31,-379789.14154386456,5029621.676251875,-2417495.1116160434,,
WO[USDJPY Cuo ATM/H@10Δ  ∧  USDKRW Cuo ATM/H@10Δ]  1M,worst_of,monthly,2025-06-30,-360115.07651882124,4669506.599733053,-2777610.188134866,,
WO[USDJPY Cuo ATM/H@10Δ  ∧  USDKRW Cuo ATM/H@10Δ]  1M,worst_of,monthly,2025-07-31,1690266.1132021907,6359772.712935244,-1087344.0749326749,,
WO[USDJPY Cuo ATM/H@10Δ  ∧  USDKRW Cuo ATM/H@10Δ]  1M,worst_of,monthly,2025-08-31,496260.4188051347,6856033.131740379,-591083.6561275395,,
WO[USDJPY Cuo ATM/H@10Δ  ∧  USDKRW Cuo ATM/H@10Δ]  1M,worst_of,monthly,2025-09-30,751532.5916778495,7607565.723418227,0.0,,
WO[USDJPY Cuo ATM/H@10Δ  ∧  USDKRW Cuo ATM/H@10Δ]  1M,worst_of,monthly,2025-10-31,276388.3981287964,7883954.121547023,-41175.89575864561,,
WO[USDJPY Cuo ATM/H@10Δ  ∧  USDKRW Cuo ATM/H@10Δ]  1M,worst_of,monthly,2025-11-30,-217828.30687642703,7666125.814670596,-259004.20263507217,,
WO[USDJPY Cuo ATM/H@10Δ  ∧  USDKRW Cuo ATM/H@10Δ]  1M,worst_of,monthly,2025-12-31,105892.01723283333,7772017.83190343,-153112.18540223874,,
WO[USDJPY Cuo ATM/H@10Δ  ∧  USDKRW Cuo ATM/H@10Δ]  1M,worst_of,monthly,2026-01-31,-130344.62715444175,7641673.204748991,-283456.8125566775,,
WO[USDJPY Cuo ATM/H@10Δ  ∧  USDKRW Cuo ATM/H@10Δ]  1M,worst_of,monthly,2026-02-28,-177653.92185884065,7464019.28289015,-461110.7344155181,,
WO[USDJPY Cuo ATM/H@10Δ  ∧  USDKRW Cuo ATM/H@10Δ]  1M,worst_of,monthly,2026-03-31,-161469.24721596052,7302550.035674189,-622579.9816314792,,
WO[USDJPY Cuo ATM/H@10Δ  ∧  USDKRW Cuo ATM/H@10Δ]  1M,worst_of,monthly,2026-04-30,-120032.12502692622,7182517.910647262,-742612.1066584066,,
WO[USDJPY Cuo ATM/H@10Δ  ∧  USDKRW Cuo ATM/H@10Δ]  1M,worst_of,monthly,2026-05-31,-83627.66201355265,7098890.248633709,-826239.7686719596,,
WO[USDJPY Cuo ATM/H@10Δ  ∧  USDKRW Cuo ATM/H@10Δ]  1M,worst_of,annual,2023-12-31,4865756.170341364,4865756.170341365,-643398.1257794164,,
WO[USDJPY Cuo ATM/H@10Δ  ∧  USDKRW Cuo ATM/H@10Δ]  1M,worst_of,annual,2024-12-31,1340463.6350616368,6206219.8054030035,-1240896.9824649151,,
WO[USDJPY Cuo ATM/H@10Δ  ∧  USDKRW Cuo ATM/H@10Δ]  1M,worst_of,annual,2025-12-31,1565798.0265004262,7772017.83190343,-153112.18540223874,,
WO[USDJPY Cuo ATM/H@10Δ  ∧  USDKRW Cuo ATM/H@10Δ]  1M,worst_of,annual,2026-12-31,-673127.5832697218,7098890.248633709,-826239.7686719596,,
WO[USDJPY Cuo ATM/H@10Δ  ∧  USDKRW Cuo ATM/H@10Δ]  6W,worst_of,monthly,2023-02-28,1227111.7231842657,1227111.723184266,-62915.72646953841,,
WO[USDJPY Cuo ATM/H@10Δ  ∧  USDKRW Cuo ATM/H@10Δ]  6W,worst_of,monthly,2023-03-31,-411981.41099496494,815130.3121893011,-474897.1374645032,,
WO[USDJPY Cuo ATM/H@10Δ  ∧  USDKRW Cuo ATM/H@10Δ]  6W,worst_of,monthly,2023-04-30,148900.5922190084,964030.9044083094,-325996.5452454949,,
WO[USDJPY Cuo ATM/H@10Δ  ∧  USDKRW Cuo ATM/H@10Δ]  6W,worst_of,monthly,2023-05-31,1542239.1673367838,2506270.0717450944,-194702.89308982668,,
WO[USDJPY Cuo ATM/H@10Δ  ∧  USDKRW Cuo ATM/H@10Δ]  6W,worst_of,monthly,2023-06-30,-374880.1210580428,2131389.9506870504,-569583.0141478707,,
WO[USDJPY Cuo ATM/H@10Δ  ∧  USDKRW Cuo ATM/H@10Δ]  6W,worst_of,monthly,2023-07-31,-334803.8987674853,1796586.0519195648,-904386.9129153562,,
WO[USDJPY Cuo ATM/H@10Δ  ∧  USDKRW Cuo ATM/H@10Δ]  6W,worst_of,monthly,2023-08-31,929568.4543945107,2726154.5063140746,-145836.63960392028,,
WO[USDJPY Cuo ATM/H@10Δ  ∧  USDKRW Cuo ATM/H@10Δ]  6W,worst_of,monthly,2023-09-30,969812.6150302187,3695967.121344293,0.0,,
WO[USDJPY Cuo ATM/H@10Δ  ∧  USDKRW Cuo ATM/H@10Δ]  6W,worst_of,monthly,2023-10-31,3329875.6960692834,7025842.817413576,0.0,,
WO[USDJPY Cuo ATM/H@10Δ  ∧  USDKRW Cuo ATM/H@10Δ]  6W,worst_of,monthly,2023-11-30,-46117.05984991282,6979725.757563665,-266617.62718177494,,
WO[USDJPY Cuo ATM/H@10Δ  ∧  USDKRW Cuo ATM/H@10Δ]  6W,worst_of,monthly,2023-12-31,-376134.93664541165,6603590.820918254,-642752.5638271859,,
WO[USDJPY Cuo ATM/H@10Δ  ∧  USDKRW Cuo ATM/H@10Δ]  6W,worst_of,monthly,2024-01-31,1072777.5805557803,7676368.4014740335,-19067.65782337915,,
WO[USDJPY Cuo ATM/H@10Δ  ∧  USDKRW Cuo ATM/H@10Δ]  6W,worst_of,monthly,2024-02-29,-212213.0663767223,7464155.335097311,-231280.72420010157,,
WO[USDJPY Cuo ATM/H@10Δ  ∧  USDKRW Cuo ATM/H@10Δ]  6W,worst_of,monthly,2024-03-31,424013.4876442782,7888168.822741589,0.0,,
WO[USDJPY Cuo ATM/H@10Δ  ∧  USDKRW Cuo ATM/H@10Δ]  6W,worst_of,monthly,2024-04-30,991394.0640696501,8879562.886811242,-186138.55291376077,,
WO[USDJPY Cuo ATM/H@10Δ  ∧  USDKRW Cuo ATM/H@10Δ]  6W,worst_of,monthly,2024-05-31,-344818.8338887186,8534744.052922523,-530957.3868024796,,
WO[USDJPY Cuo ATM/H@10Δ  ∧  USDKRW Cuo ATM/H@10Δ]  6W,worst_of,monthly,2024-06-30,841321.6745981401,9376065.727520663,-33672.08002952114,,
WO[USDJPY Cuo ATM/H@10Δ  ∧  USDKRW Cuo ATM/H@10Δ]  6W,worst_of,monthly,2024-07-31,57495.96493700066,9433561.692457665,-168899.46452240087,,
WO[USDJPY Cuo ATM/H@10Δ  ∧  USDKRW Cuo ATM/H@10Δ]  6W,worst_of,monthly,2024-08-31,-318458.246602342,9115103.445855323,-487357.7111247424,,
WO[USDJPY Cuo ATM/H@10Δ  ∧  USDKRW Cuo ATM/H@10Δ]  6W,worst_of,monthly,2024-09-30,-316145.9015714389,8798957.54428389,-803503.6126961764,,
WO[USDJPY Cuo ATM/H@10Δ  ∧  USDKRW Cuo ATM/H@10Δ]  6W,worst_of,monthly,2024-10-31,1292632.691431459,10091590.235715352,-132690.7493900787,,
WO[USDJPY Cuo ATM/H@10Δ  ∧  USDKRW Cuo ATM/H@10Δ]  6W,worst_of,monthly,2024-11-30,-228511.42676949195,9863078.808945859,-361202.17615957186,,
WO[USDJPY Cuo ATM/H@10Δ  ∧  USDKRW Cuo ATM/H@10Δ]  6W,worst_of,monthly,2024-12-31,309664.24496784725,10172743.053913707,-87396.36615322344,,
WO[USDJPY Cuo ATM/H@10Δ  ∧  USDKRW Cuo ATM/H@10Δ]  6W,worst_of,monthly,2025-01-31,-372868.94422903453,9799874.10968467,-460265.31038226,,
WO[USDJPY Cuo ATM/H@10Δ  ∧  USDKRW Cuo ATM/H@10Δ]  6W,worst_of,monthly,2025-02-28,-278202.6442285002,9521671.465456175,-738467.9546107557,,
WO[USDJPY Cuo ATM/H@10Δ  ∧  USDKRW Cuo ATM/H@10Δ]  6W,worst_of,monthly,2025-03-31,-295654.46203631425,9226017.00341986,-1034122.416647071,,
WO[USDJPY Cuo ATM/H@10Δ  ∧  USDKRW Cuo ATM/H@10Δ]  6W,worst_of,monthly,2025-04-30,-354472.81580366206,8871544.187616197,-1388595.232450733,,
WO[USDJPY Cuo ATM/H@10Δ  ∧  USDKRW Cuo ATM/H@10Δ]  6W,worst_of,monthly,2025-05-31,-394153.7073020727,8477390.480314124,-1782748.939752806,,
WO[USDJPY Cuo ATM/H@10Δ  ∧  USDKRW Cuo ATM/H@10Δ]  6W,worst_of,monthly,2025-06-30,-429880.8749933728,8047509.605320753,-2212629.8147461778,,
WO[USDJPY Cuo ATM/H@10Δ  ∧  USDKRW Cuo ATM/H@10Δ]  6W,worst_of,monthly,2025-07-31,1402260.9915521855,9449770.596872939,-810368.8231939916,,
WO[USDJPY Cuo ATM/H@10Δ  ∧  USDKRW Cuo ATM/H@10Δ]  6W,worst_of,monthly,2025-08-31,453365.8609305949,9903136.457803536,-357002.96226339415,,
WO[USDJPY Cuo ATM/H@10Δ  ∧  USDKRW Cuo ATM/H@10Δ]  6W,worst_of,monthly,2025-09-30,653108.0718504569,10556244.529653994,0.0,,
WO[USDJPY Cuo ATM/H@10Δ  ∧  USDKRW Cuo ATM/H@10Δ]  6W,worst_of,monthly,2025-10-31,591840.8541224425,11148085.383776436,-188221.91802103445,,
WO[USDJPY Cuo ATM/H@10Δ  ∧  USDKRW Cuo ATM/H@10Δ]  6W,worst_of,monthly,2025-11-30,12283.848977872574,11160369.232754307,-177971.45211355388,,
WO[USDJPY Cuo ATM/H@10Δ  ∧  USDKRW Cuo ATM/H@10Δ]  6W,worst_of,monthly,2025-12-31,1241699.4371613436,12402068.669915648,-109456.19472094625,,
WO[USDJPY Cuo ATM/H@10Δ  ∧  USDKRW Cuo ATM/H@10Δ]  6W,worst_of,monthly,2026-01-31,-197038.27538126218,12205030.394534389,-306494.4701022059,,
WO[USDJPY Cuo ATM/H@10Δ  ∧  USDKRW Cuo ATM/H@10Δ]  6W,worst_of,monthly,2026-02-28,-135637.63810006803,12069392.75643432,-442132.1082022749,,
WO[USDJPY Cuo ATM/H@10Δ  ∧  USDKRW Cuo ATM/H@10Δ]  6W,worst_of,monthly,2026-03-31,466057.5229620093,12535450.279396327,-99593.61579095572,,
WO[USDJPY Cuo ATM/H@10Δ  ∧  USDKRW Cuo ATM/H@10Δ]  6W,worst_of,monthly,2026-04-30,-273827.4760142842,12261622.803382048,-373421.09180523455,,
WO[USDJPY Cuo ATM/H@10Δ  ∧  USDKRW Cuo ATM/H@10Δ]  6W,worst_of,monthly,2026-05-31,-105581.51430158019,12156041.289080469,-479002.606106814,,
WO[USDJPY Cuo ATM/H@10Δ  ∧  USDKRW Cuo ATM/H@10Δ]  6W,worst_of,annual,2023-12-31,6603590.820918254,6603590.820918254,-642752.5638271859,,
WO[USDJPY Cuo ATM/H@10Δ  ∧  USDKRW Cuo ATM/H@10Δ]  6W,worst_of,annual,2024-12-31,3569152.232995442,10172743.053913707,-87396.36615322344,,
WO[USDJPY Cuo ATM/H@10Δ  ∧  USDKRW Cuo ATM/H@10Δ]  6W,worst_of,annual,2025-12-31,2229325.6160019394,12402068.669915648,-109456.19472094625,,
WO[USDJPY Cuo ATM/H@10Δ  ∧  USDKRW Cuo ATM/H@10Δ]  6W,worst_of,annual,2026-12-31,-246027.38083518532,12156041.289080469,-479002.606106814,,
WO[USDJPY Cuo ATM/H@10Δ  ∧  USDKRW Cuo ATM/H@10Δ]  10W,worst_of,monthly,2023-03-31,426609.4995694742,426609.4995694742,-250047.14666368865,,
WO[USDJPY Cuo ATM/H@10Δ  ∧  USDKRW Cuo ATM/H@10Δ]  10W,worst_of,monthly,2023-04-30,1468420.1591222917,1895029.658691766,0.0,,
WO[USDJPY Cuo ATM/H@10Δ  ∧  USDKRW Cuo ATM/H@10Δ]  10W,worst_of,monthly,2023-05-31,1202737.601037168,3097767.259728933,-24102.690595994238,,
WO[USDJPY Cuo ATM/H@10Δ  ∧  USDKRW Cuo ATM/H@10Δ]  10W,worst_of,monthly,2023-06-30,-459365.74378340004,2638401.5159455333,-483468.43437939417,,
WO[USDJPY Cuo ATM/H@10Δ  ∧  USDKRW Cuo ATM/H@10Δ]  10W,worst_of,monthly,2023-07-31,-426278.46459989133,2212123.051345642,-909746.8989792853,,
WO[USDJPY Cuo ATM/H@10Δ  ∧  USDKRW Cuo ATM/H@10Δ]  10W,worst_of,monthly,2023-08-31,687847.0945357552,2899970.145881398,-221899.80444352934,,
WO[USDJPY Cuo ATM/H@10Δ  ∧  USDKRW Cuo ATM/H@10Δ]  10W,worst_of,monthly,2023-09-30,1787666.8738011525,4687637.019682551,-195620.65639941767,,
WO[USDJPY Cuo ATM/H@10Δ  ∧  USDKRW Cuo ATM/H@10Δ]  10W,worst_of,monthly,2023-10-31,1227683.5544431284,5915320.574125678,0.0,,
WO[USDJPY Cuo ATM/H@10Δ  ∧  USDKRW Cuo ATM/H@10Δ]  10W,worst_of,monthly,2023-11-30,-217785.14050199604,5697535.433623684,-352322.7626288049,,
WO[USDJPY Cuo ATM/H@10Δ  ∧  USDKRW Cuo ATM/H@10Δ]  10W,worst_of,monthly,2023-12-31,-346561.65883945493,5350973.774784228,-698884.4214682607,,
WO[USDJPY Cuo ATM/H@10Δ  ∧  USDKRW Cuo ATM/H@10Δ]  10W,worst_of,monthly,2024-01-31,-429393.87041031476,4921579.904373914,-1128278.2918785745,,
WO[USDJPY Cuo ATM/H@10Δ  ∧  USDKRW Cuo ATM/H@10Δ]  10W,worst_of,monthly,2024-02-29,1526938.85519674,6448518.759570652,-160178.59207405802,,
WO[USDJPY Cuo ATM/H@10Δ  ∧  USDKRW Cuo ATM/H@10Δ]  10W,worst_of,monthly,2024-03-31,814231.9373575109,7262750.696928163,0.0,,
WO[USDJPY Cuo ATM/H@10Δ  ∧  USDKRW Cuo ATM/H@10Δ]  10W,worst_of,monthly,2024-04-30,1592895.7606811184,8855646.457609283,-190939.9625320807,,
WO[USDJPY Cuo ATM/H@10Δ  ∧  USDKRW Cuo ATM/H@10Δ]  10W,worst_of,monthly,2024-05-31,-412355.3419790876,8443291.1156302,-603295.3045111634,,
WO[USDJPY Cuo ATM/H@10Δ  ∧  USDKRW Cuo ATM/H@10Δ]  10W,worst_of,monthly,2024-06-30,-134007.5607490075,8309283.554881194,-737302.8652601698,,
WO[USDJPY Cuo ATM/H@10Δ  ∧  USDKRW Cuo ATM/H@10Δ]  10W,worst_of,monthly,2024-07-31,637951.6214999605,8947235.176381152,-101291.30741301738,,
WO[USDJPY Cuo ATM/H@10Δ  ∧  USDKRW Cuo ATM/H@10Δ]  10W,worst_of,monthly,2024-08-31,-412790.61911804107,8534444.557263115,-514081.9265310541,,
WO[USDJPY Cuo ATM/H@10Δ  ∧  USDKRW Cuo ATM/H@10Δ]  10W,worst_of,monthly,2024-09-30,-376093.68253724976,8158350.874725862,-890175.6090683071,,
WO[USDJPY Cuo ATM/H@10Δ  ∧  USDKRW Cuo ATM/H@10Δ]  10W,worst_of,monthly,2024-10-31,981670.0187118404,9140020.893437704,0.0,,
WO[USDJPY Cuo ATM/H@10Δ  ∧  USDKRW Cuo ATM/H@10Δ]  10W,worst_of,monthly,2024-11-30,-416800.57128918223,8723220.322148524,-416800.57128917985,,
WO[USDJPY Cuo ATM/H@10Δ  ∧  USDKRW Cuo ATM/H@10Δ]  10W,worst_of,monthly,2024-12-31,-458421.40555680083,8264798.916591724,-875221.9768459797,,
WO[USDJPY Cuo ATM/H@10Δ  ∧  USDKRW Cuo ATM/H@10Δ]  10W,worst_of,monthly,2025-01-31,-543969.2494251112,7720829.667166614,-1419191.22627109,,
WO[USDJPY Cuo ATM/H@10Δ  ∧  USDKRW Cuo ATM/H@10Δ]  10W,worst_of,monthly,2025-02-28,63892.95708129623,7784722.6242479095,-1355298.2691897945,,
WO[USDJPY Cuo ATM/H@10Δ  ∧  USDKRW Cuo ATM/H@10Δ]  10W,worst_of,monthly,2025-03-31,-364159.4054667,7420563.218781209,-1719457.6746564955,,
WO[USDJPY Cuo ATM/H@10Δ  ∧  USDKRW Cuo ATM/H@10Δ]  10W,worst_of,monthly,2025-04-30,-380727.1138805617,7039836.104900649,-2100184.7885370553,,
WO[USDJPY Cuo ATM/H@10Δ  ∧  USDKRW Cuo ATM/H@10Δ]  10W,worst_of,monthly,2025-05-31,-431214.29645186,6608621.808448789,-2531399.0849889154,,
WO[USDJPY Cuo ATM/H@10Δ  ∧  USDKRW Cuo ATM/H@10Δ]  10W,worst_of,monthly,2025-06-30,-462155.44325897493,6146466.365189812,-2993554.528247892,,
WO[USDJPY Cuo ATM/H@10Δ  ∧  USDKRW Cuo ATM/H@10Δ]  10W,worst_of,monthly,2025-07-31,-333225.78157712554,5813240.583612686,-3326780.309825018,,
WO[USDJPY Cuo ATM/H@10Δ  ∧  USDKRW Cuo ATM/H@10Δ]  10W,worst_of,monthly,2025-08-31,2653326.8717033337,8466567.45531602,-673453.4381216839,,
WO[USDJPY Cuo ATM/H@10Δ  ∧  USDKRW Cuo ATM/H@10Δ]  10W,worst_of,monthly,2025-09-30,3002857.0933342194,11469424.548650244,0.0,,
WO[USDJPY Cuo ATM/H@10Δ  ∧  USDKRW Cuo ATM/H@10Δ]  10W,worst_of,monthly,2025-10-31,4438592.411712356,15908016.960362602,-21257.239036893472,,
WO[USDJPY Cuo ATM/H@10Δ  ∧  USDKRW Cuo ATM/H@10Δ]  10W,worst_of,monthly,2025-11-30,-111525.90830446605,15796491.052058136,-406669.33615819924,,
WO[USDJPY Cuo ATM/H@10Δ  ∧  USDKRW Cuo ATM/H@10Δ]  10W,worst_of,monthly,2025-12-31,1250545.6040346716,17047036.656092815,0.0,,
WO[USDJPY Cuo ATM/H@10Δ  ∧  USDKRW Cuo ATM/H@10Δ]  10W,worst_of,monthly,2026-01-31,1614157.321638672,18661193.977731485,-112013.588861797,,
WO[USDJPY Cuo ATM/H@10Δ  ∧  USDKRW Cuo ATM/H@10Δ]  10W,worst_of,monthly,2026-02-28,-421737.3120792482,18239456.66565225,-533750.9009410329,,
WO[USDJPY Cuo ATM/H@10Δ  ∧  USDKRW Cuo ATM/H@10Δ]  10W,worst_of,monthly,2026-03-31,1774937.7656605148,20014394.431312762,0.0,,
WO[USDJPY Cuo ATM/H@10Δ  ∧  USDKRW Cuo ATM/H@10Δ]  10W,worst_of,monthly,2026-04-30,-463256.64274409774,19551137.78856866,-463256.6427441016,,
WO[USDJPY Cuo ATM/H@10Δ  ∧  USDKRW Cuo ATM/H@10Δ]  10W,worst_of,monthly,2026-05-31,-145231.8255416591,19405905.963027004,-608488.468285758,,
WO[USDJPY Cuo ATM/H@10Δ  ∧  USDKRW Cuo ATM/H@10Δ]  10W,worst_of,annual,2023-12-31,5350973.774784228,5350973.774784228,-698884.4214682607,,
WO[USDJPY Cuo ATM/H@10Δ  ∧  USDKRW Cuo ATM/H@10Δ]  10W,worst_of,annual,2024-12-31,2913825.1418074863,8264798.916591724,-875221.9768459797,,
WO[USDJPY Cuo ATM/H@10Δ  ∧  USDKRW Cuo ATM/H@10Δ]  10W,worst_of,annual,2025-12-31,8782237.739501078,17047036.656092815,0.0,,
WO[USDJPY Cuo ATM/H@10Δ  ∧  USDKRW Cuo ATM/H@10Δ]  10W,worst_of,annual,2026-12-31,2358869.3069341816,19405905.963027004,-608488.468285758,,
WO[USDJPY Cuo ATM/H@10Δ  ∧  USDKRW Cuo ATM/H@10Δ]  3M,worst_of,monthly,2023-03-31,193512.2409603307,193512.2409603307,0.0,,
WO[USDJPY Cuo ATM/H@10Δ  ∧  USDKRW Cuo ATM/H@10Δ]  3M,worst_of,monthly,2023-04-30,633311.7669978756,826824.0079582061,-260021.79249989078,,
WO[USDJPY Cuo ATM/H@10Δ  ∧  USDKRW Cuo ATM/H@10Δ]  3M,worst_of,monthly,2023-05-31,2820495.341725651,3647319.3496838575,0.0,,
WO[USDJPY Cuo ATM/H@10Δ  ∧  USDKRW Cuo ATM/H@10Δ]  3M,worst_of,monthly,2023-06-30,-359932.62667246384,3287386.723011394,-488667.6290233382,,
WO[USDJPY Cuo ATM/H@10Δ  ∧  USDKRW Cuo ATM/H@10Δ]  3M,worst_of,monthly,2023-07-31,-508993.6530335831,2778393.069977811,-997661.2820569212,,
WO[USDJPY Cuo ATM/H@10Δ  ∧  USDKRW Cuo ATM/H@10Δ]  3M,worst_of,monthly,2023-08-31,-367574.4314583785,2410818.638519432,-1365235.7135153003,,
WO[USDJPY Cuo ATM/H@10Δ  ∧  USDKRW Cuo ATM/H@10Δ]  3M,worst_of,monthly,2023-09-30,2337399.1935583293,4748217.832077762,0.0,,
WO[USDJPY Cuo ATM/H@10Δ  ∧  USDKRW Cuo ATM/H@10Δ]  3M,worst_of,monthly,2023-10-31,1324875.9214606823,6073093.753538446,-407854.96073879674,,
WO[USDJPY Cuo ATM/H@10Δ  ∧  USDKRW Cuo ATM/H@10Δ]  3M,worst_of,monthly,2023-11-30,-452219.3569631865,5620874.396575258,-860074.3177019842,,
WO[USDJPY Cuo ATM/H@10Δ  ∧  USDKRW Cuo ATM/H@10Δ]  3M,worst_of,monthly,2023-12-31,-455745.16091450787,5165129.2356607495,-1315819.4786164928,,
WO[USDJPY Cuo ATM/H@10Δ  ∧  USDKRW Cuo ATM/H@10Δ]  3M,worst_of,monthly,2024-01-31,-455491.45658514195,4709637.779075607,-1771310.9352016356,,
WO[USDJPY Cuo ATM/H@10Δ  ∧  USDKRW Cuo ATM/H@10Δ]  3M,worst_of,monthly,2024-02-29,2209013.490502843,6918651.269578451,0.0,,
WO[USDJPY Cuo ATM/H@10Δ  ∧  USDKRW Cuo ATM/H@10Δ]  3M,worst_of,monthly,2024-03-31,1161227.2455624107,8079878.515140863,-151755.77238982078,,
WO[USDJPY Cuo ATM/H@10Δ  ∧  USDKRW Cuo ATM/H@10Δ]  3M,worst_of,monthly,2024-04-30,2377675.2887946903,10457553.803935554,-142255.63668575883,,
WO[USDJPY Cuo ATM/H@10Δ  ∧  USDKRW Cuo ATM/H@10Δ]  3M,worst_of,monthly,2024-05-31,-426455.5927621685,10031098.211173382,-568711.229447931,,
WO[USDJPY Cuo ATM/H@10Δ  ∧  USDKRW Cuo ATM/H@10Δ]  3M,worst_of,monthly,2024-06-30,-408099.91644640843,9622998.294726972,-976811.1458943412,,
WO[USDJPY Cuo ATM/H@10Δ  ∧  USDKRW Cuo ATM/H@10Δ]  3M,worst_of,monthly,2024-07-31,-408198.117980373,9214800.176746601,-1385009.2638747115,,
WO[USDJPY Cuo ATM/H@10Δ  ∧  USDKRW Cuo ATM/H@10Δ]  3M,worst_of,monthly,2024-08-31,-424500.2588270676,8790299.917919533,-1809509.5227017794,,
WO[USDJPY Cuo ATM/H@10Δ  ∧  USDKRW Cuo ATM/H@10Δ]  3M,worst_of,monthly,2024-09-30,-431313.47453894815,8358986.443380586,-2240822.997240727,,
WO[USDJPY Cuo ATM/H@10Δ  ∧  USDKRW Cuo ATM/H@10Δ]  3M,worst_of,monthly,2024-10-31,-270470.67352113134,8088515.7698594555,-2511293.670761857,,
WO[USDJPY Cuo ATM/H@10Δ  ∧  USDKRW Cuo ATM/H@10Δ]  3M,worst_of,monthly,2024-11-30,1384655.5504565148,9473171.320315968,-1126638.1203053445,,
WO[USDJPY Cuo ATM/H@10Δ  ∧  USDKRW Cuo ATM/H@10Δ]  3M,worst_of,monthly,2024-12-31,-460323.1981862371,9012848.122129733,-1586961.31849158,,
WO[USDJPY Cuo ATM/H@10Δ  ∧  USDKRW Cuo ATM/H@10Δ]  3M,worst_of,monthly,2025-01-31,-335366.32203626656,8677481.800093466,-1922327.6405278463,,
WO[USDJPY Cuo ATM/H@10Δ  ∧  USDKRW Cuo ATM/H@10Δ]  3M,worst_of,monthly,2025-02-28,-459292.8101045061,8218188.98998896,-2381620.4506323524,,
WO[USDJPY Cuo ATM/H@10Δ  ∧  USDKRW Cuo ATM/H@10Δ]  3M,worst_of,monthly,2025-03-31,-310118.25037938246,7908070.739609578,-2691738.701011735,,
WO[USDJPY Cuo ATM/H@10Δ  ∧  USDKRW Cuo ATM/H@10Δ]  3M,worst_of,monthly,2025-04-30,-386401.813880358,7521668.925729217,-3078140.5148920957,,
WO[USDJPY Cuo ATM/H@10Δ  ∧  USDKRW Cuo ATM/H@10Δ]  3M,worst_of,monthly,2025-05-31,-459080.7840251298,7062588.141704087,-3537221.2989172256,,
WO[USDJPY Cuo ATM/H@10Δ  ∧  USDKRW Cuo ATM/H@10Δ]  3M,worst_of,monthly,2025-06-30,-476103.6072232585,6586484.534480828,-4013324.906140485,,
WO[USDJPY Cuo ATM/H@10Δ  ∧  USDKRW Cuo ATM/H@10Δ]  3M,worst_of,monthly,2025-07-31,-568891.2166115276,6017593.3178693,-4582216.122752013,,
WO[USDJPY Cuo ATM/H@10Δ  ∧  USDKRW Cuo ATM/H@10Δ]  3M,worst_of,monthly,2025-08-31,519153.22255228594,6536746.540421587,-4063062.9001997253,,
WO[USDJPY Cuo ATM/H@10Δ  ∧  USDKRW Cuo ATM/H@10Δ]  3M,worst_of,monthly,2025-09-30,3966119.8864021376,10502866.426823722,-96943.01379759051,,
WO[USDJPY Cuo ATM/H@10Δ  ∧  USDKRW Cuo ATM/H@10Δ]  3M,worst_of,monthly,2025-10-31,6819142.301032781,17322008.727856502,0.0,,
WO[USDJPY Cuo ATM/H@10Δ  ∧  USDKRW Cuo ATM/H@10Δ]  3M,worst_of,monthly,2025-11-30,2673029.244206061,19995037.972062573,-316957.73954261467,,
WO[USDJPY Cuo ATM/H@10Δ  ∧  USDKRW Cuo ATM/H@10Δ]  3M,worst_of,monthly,2025-12-31,-515285.41771858896,19479752.554343984,-832243.157261204,,
WO[USDJPY Cuo ATM/H@10Δ  ∧  USDKRW Cuo ATM/H@10Δ]  3M,worst_of,monthly,2026-01-31,1650360.760719551,21130113.315063532,0.0,,
WO[USDJPY Cuo ATM/H@10Δ  ∧  USDKRW Cuo ATM/H@10Δ]  3M,worst_of,monthly,2026-02-28,275392.5101507766,21405505.82521432,-384024.1653681323,,
WO[USDJPY Cuo ATM/H@10Δ  ∧  USDKRW Cuo ATM/H@10Δ]  3M,worst_of,monthly,2026-03-31,1697866.355044857,23103372.180259176,-54189.89056453481,,
WO[USDJPY Cuo ATM/H@10Δ  ∧  USDKRW Cuo ATM/H@10Δ]  3M,worst_of,monthly,2026-04-30,168288.0363863799,23271660.216645554,-165483.94301419333,,
WO[USDJPY Cuo ATM/H@10Δ  ∧  USDKRW Cuo ATM/H@10Δ]  3M,worst_of,monthly,2026-05-31,-31171.50561584682,23240488.71102971,-196655.44863003865,,
WO[USDJPY Cuo ATM/H@10Δ  ∧  USDKRW Cuo ATM/H@10Δ]  3M,worst_of,annual,2023-12-31,5165129.2356607495,5165129.2356607495,-1315819.4786164928,,
WO[USDJPY Cuo ATM/H@10Δ  ∧  USDKRW Cuo ATM/H@10Δ]  3M,worst_of,annual,2024-12-31,3847718.886468983,9012848.122129733,-1586961.31849158,,
WO[USDJPY Cuo ATM/H@10Δ  ∧  USDKRW Cuo ATM/H@10Δ]  3M,worst_of,annual,2025-12-31,10466904.432214247,19479752.554343984,-832243.157261204,,
WO[USDJPY Cuo ATM/H@10Δ  ∧  USDKRW Cuo ATM/H@10Δ]  3M,worst_of,annual,2026-12-31,3760736.1566857174,23240488.71102971,-196655.44863003865,,
WO[USDJPY Cuo ATM/H@5Δ  ∧  USDKRW Cuo ATM/H@5Δ]  2M,worst_of,monthly,2023-03-31,3538802.9382944787,3538802.938294479,-225664.47270632256,,
WO[USDJPY Cuo ATM/H@5Δ  ∧  USDKRW Cuo ATM/H@5Δ]  2M,worst_of,monthly,2023-04-30,556344.718050517,4095147.6563449968,-39238.88467877731,,
WO[USDJPY Cuo ATM/H@5Δ  ∧  USDKRW Cuo ATM/H@5Δ]  2M,worst_of,monthly,2023-05-31,2051621.645491959,6146769.301836957,0.0,,
WO[USDJPY Cuo ATM/H@5Δ  ∧  USDKRW Cuo ATM/H@5Δ]  2M,worst_of,monthly,2023-06-30,-268764.7707131273,5878004.531123829,-573042.9425565312,,
WO[USDJPY Cuo ATM/H@5Δ  ∧  USDKRW Cuo ATM/H@5Δ]  2M,worst_of,monthly,2023-07-31,-511601.79824959085,5366402.732874239,-1084644.7408061214,,
WO[USDJPY Cuo ATM/H@5Δ  ∧  USDKRW Cuo ATM/H@5Δ]  2M,worst_of,monthly,2023-08-31,3779862.0651629735,9146264.798037214,0.0,,
WO[USDJPY Cuo ATM/H@5Δ  ∧  USDKRW Cuo ATM/H@5Δ]  2M,worst_of,monthly,2023-09-30,4070400.1885790615,13216664.986616276,0.0,,
WO[USDJPY Cuo ATM/H@5Δ  ∧  USDKRW Cuo ATM/H@5Δ]  2M,worst_of,monthly,2023-10-31,4126203.097774993,17342868.08439127,0.0,,
WO[USDJPY Cuo ATM/H@5Δ  ∧  USDKRW Cuo ATM/H@5Δ]  2M,worst_of,monthly,2023-11-30,16184.681763427452,17359052.766154695,-475227.5626329221,,
WO[USDJPY Cuo ATM/H@5Δ  ∧  USDKRW Cuo ATM/H@5Δ]  2M,worst_of,monthly,2023-12-31,-531410.3955324949,16827642.370622203,-1006637.9581654146,,
WO[USDJPY Cuo ATM/H@5Δ  ∧  USDKRW Cuo ATM/H@5Δ]  2M,worst_of,monthly,2024-01-31,-233139.372726215,16594502.997895986,-1239777.3308916315,,
WO[USDJPY Cuo ATM/H@5Δ  ∧  USDKRW Cuo ATM/H@5Δ]  2M,worst_of,monthly,2024-02-29,2601723.838766113,19196226.836662095,-93702.02833625674,,
WO[USDJPY Cuo ATM/H@5Δ  ∧  USDKRW Cuo ATM/H@5Δ]  2M,worst_of,monthly,2024-03-31,919211.9461995813,20115438.782861676,0.0,,
WO[USDJPY Cuo ATM/H@5Δ  ∧  USDKRW Cuo ATM/H@5Δ]  2M,worst_of,monthly,2024-04-30,2743820.854527197,22859259.637388874,-123554.97460868955,,
WO[USDJPY Cuo ATM/H@5Δ  ∧  USDKRW Cuo ATM/H@5Δ]  2M,worst_of,monthly,2024-05-31,-558438.8864276346,22300820.75096124,-681993.861036323,,
WO[USDJPY Cuo ATM/H@5Δ  ∧  USDKRW Cuo ATM/H@5Δ]  2M,worst_of,monthly,2024-06-30,404223.99088196066,22705044.7418432,-277769.8701543622,,
WO[USDJPY Cuo ATM/H@5Δ  ∧  USDKRW Cuo ATM/H@5Δ]  2M,worst_of,monthly,2024-07-31,1127649.6019213195,23832694.343764525,-128437.52499428019,,
WO[USDJPY Cuo ATM/H@5Δ  ∧  USDKRW Cuo ATM/H@5Δ]  2M,worst_of,monthly,2024-08-31,-542100.233869177,23290594.10989534,-670537.758863464,,
WO[USDJPY Cuo ATM/H@5Δ  ∧  USDKRW Cuo ATM/H@5Δ]  2M,worst_of,monthly,2024-09-30,-482660.4528146394,22807933.6570807,-1153198.2116781063,,
WO[USDJPY Cuo ATM/H@5Δ  ∧  USDKRW Cuo ATM/H@5Δ]  2M,worst_of,monthly,2024-10-31,3491589.1617650934,26299522.818845786,0.0,,
WO[USDJPY Cuo ATM/H@5Δ  ∧  USDKRW Cuo ATM/H@5Δ]  2M,worst_of,monthly,2024-11-30,485602.4261071937,26785125.24495298,-376141.1244092509,,
WO[USDJPY Cuo ATM/H@5Δ  ∧  USDKRW Cuo ATM/H@5Δ]  2M,worst_of,monthly,2024-12-31,5241097.542107819,32026222.787060797,0.0,,
WO[USDJPY Cuo ATM/H@5Δ  ∧  USDKRW Cuo ATM/H@5Δ]  2M,worst_of,monthly,2025-01-31,1499126.9145729067,33525349.701633703,0.0,,
WO[USDJPY Cuo ATM/H@5Δ  ∧  USDKRW Cuo ATM/H@5Δ]  2M,worst_of,monthly,2025-02-28,647924.9243303443,34173274.62596407,-226886.9810893312,,
WO[USDJPY Cuo ATM/H@5Δ  ∧  USDKRW Cuo ATM/H@5Δ]  2M,worst_of,monthly,2025-03-31,-421045.8228247404,33752228.803139314,-647932.803914085,,
WO[USDJPY Cuo ATM/H@5Δ  ∧  USDKRW Cuo ATM/H@5Δ]  2M,worst_of,monthly,2025-04-30,-503932.96226427925,33248295.840875044,-1151865.7661783546,,
WO[USDJPY Cuo ATM/H@5Δ  ∧  USDKRW Cuo ATM/H@5Δ]  2M,worst_of,monthly,2025-05-31,-603720.990336803,32644574.850538243,-1755586.7565151565,,
WO[USDJPY Cuo ATM/H@5Δ  ∧  USDKRW Cuo ATM/H@5Δ]  2M,worst_of,monthly,2025-06-30,-641345.1768524651,32003229.67368578,-2396931.9333676174,,
WO[USDJPY Cuo ATM/H@5Δ  ∧  USDKRW Cuo ATM/H@5Δ]  2M,worst_of,monthly,2025-07-31,-66996.30192164565,31936233.37176414,-2463928.2352892607,,
WO[USDJPY Cuo ATM/H@5Δ  ∧  USDKRW Cuo ATM/H@5Δ]  2M,worst_of,monthly,2025-08-31,2951218.0024338877,34887451.37419802,0.0,,
WO[USDJPY Cuo ATM/H@5Δ  ∧  USDKRW Cuo ATM/H@5Δ]  2M,worst_of,monthly,2025-09-30,1924903.0852698234,36812354.459467836,-30730.771263591945,,
WO[USDJPY Cuo ATM/H@5Δ  ∧  USDKRW Cuo ATM/H@5Δ]  2M,worst_of,monthly,2025-10-31,4550036.889271966,41362391.34873979,0.0,,
WO[USDJPY Cuo ATM/H@5Δ  ∧  USDKRW Cuo ATM/H@5Δ]  2M,worst_of,monthly,2025-11-30,1785085.6743661866,43147477.023105964,-25082.130750484765,,
WO[USDJPY Cuo ATM/H@5Δ  ∧  USDKRW Cuo ATM/H@5Δ]  2M,worst_of,monthly,2025-12-31,3112136.6369759664,46259613.66008194,0.0,,
WO[USDJPY Cuo ATM/H@5Δ  ∧  USDKRW Cuo ATM/H@5Δ]  2M,worst_of,monthly,2026-01-31,109563.41879495284,46369177.07887688,-239230.58351399004,,
WO[USDJPY Cuo ATM/H@5Δ  ∧  USDKRW Cuo ATM/H@5Δ]  2M,worst_of,monthly,2026-02-28,-600099.9151969571,45769077.16367993,-839330.4987109452,,
WO[USDJPY Cuo ATM/H@5Δ  ∧  USDKRW Cuo ATM/H@5Δ]  2M,worst_of,monthly,2026-03-31,2158313.2106243325,47927390.374304265,-35044.350464098155,,
WO[USDJPY Cuo ATM/H@5Δ  ∧  USDKRW Cuo ATM/H@5Δ]  2M,worst_of,monthly,2026-04-30,458874.32061813836,48386264.6949224,-300110.6488297358,,
WO[USDJPY Cuo ATM/H@5Δ  ∧  USDKRW Cuo ATM/H@5Δ]  2M,worst_of,monthly,2026-05-31,-138081.1669927396,48248183.52792966,-438191.81582247466,,
WO[USDJPY Cuo ATM/H@5Δ  ∧  USDKRW Cuo ATM/H@5Δ]  2M,worst_of,annual,2023-12-31,16827642.3706222,16827642.370622203,-1006637.9581654146,,
WO[USDJPY Cuo ATM/H@5Δ  ∧  USDKRW Cuo ATM/H@5Δ]  2M,worst_of,annual,2024-12-31,15198580.416438611,32026222.787060797,0.0,,
WO[USDJPY Cuo ATM/H@5Δ  ∧  USDKRW Cuo ATM/H@5Δ]  2M,worst_of,annual,2025-12-31,14233390.873021148,46259613.66008194,0.0,,
WO[USDJPY Cuo ATM/H@5Δ  ∧  USDKRW Cuo ATM/H@5Δ]  2M,worst_of,annual,2026-12-31,1988569.8678477271,48248183.52792966,-438191.81582247466,,
WO[USDJPY Cuo ATM/H@5Δ  ∧  USDKRW Cuo ATM/H@5Δ]  1M,worst_of,monthly,2023-02-28,1188300.5082075042,1188300.5082075044,-159642.02089072554,,
WO[USDJPY Cuo ATM/H@5Δ  ∧  USDKRW Cuo ATM/H@5Δ]  1M,worst_of,monthly,2023-03-31,-226320.7991778198,961979.7090296848,-385962.8200685452,,
WO[USDJPY Cuo ATM/H@5Δ  ∧  USDKRW Cuo ATM/H@5Δ]  1M,worst_of,monthly,2023-04-30,1161509.0309665713,2123488.7399962563,0.0,,
WO[USDJPY Cuo ATM/H@5Δ  ∧  USDKRW Cuo ATM/H@5Δ]  1M,worst_of,monthly,2023-05-31,1447498.5730498482,3570987.313046104,-163802.10935025848,,
WO[USDJPY Cuo ATM/H@5Δ  ∧  USDKRW Cuo ATM/H@5Δ]  1M,worst_of,monthly,2023-06-30,-429063.61230942886,3141923.7007366754,-592865.7216596869,,
WO[USDJPY Cuo ATM/H@5Δ  ∧  USDKRW Cuo ATM/H@5Δ]  1M,worst_of,monthly,2023-07-31,-399658.0970894081,2742265.6036472674,-992523.8187490948,,
WO[USDJPY Cuo ATM/H@5Δ  ∧  USDKRW Cuo ATM/H@5Δ]  1M,worst_of,monthly,2023-08-31,465823.4262232761,3208089.029870543,-526700.3925258191,,
WO[USDJPY Cuo ATM/H@5Δ  ∧  USDKRW Cuo ATM/H@5Δ]  1M,worst_of,monthly,2023-09-30,1780268.863607305,4988357.893477849,0.0,,
WO[USDJPY Cuo ATM/H@5Δ  ∧  USDKRW Cuo ATM/H@5Δ]  1M,worst_of,monthly,2023-10-31,2204002.1483559646,7192360.041833813,0.0,,
WO[USDJPY Cuo ATM/H@5Δ  ∧  USDKRW Cuo ATM/H@5Δ]  1M,worst_of,monthly,2023-11-30,-431814.0043132166,6760546.037520597,-431814.00431321654,,
WO[USDJPY Cuo ATM/H@5Δ  ∧  USDKRW Cuo ATM/H@5Δ]  1M,worst_of,monthly,2023-12-31,-451200.8287964788,6309345.208724118,-883014.8331096955,,
WO[USDJPY Cuo ATM/H@5Δ  ∧  USDKRW Cuo ATM/H@5Δ]  1M,worst_of,monthly,2024-01-31,2010865.5604040946,8320210.769128212,-25425.73530955892,,
WO[USDJPY Cuo ATM/H@5Δ  ∧  USDKRW Cuo ATM/H@5Δ]  1M,worst_of,monthly,2024-02-29,950657.2229917055,9270867.992119918,-182861.1212760266,,
WO[USDJPY Cuo ATM/H@5Δ  ∧  USDKRW Cuo ATM/H@5Δ]  1M,worst_of,monthly,2024-03-31,348866.0776722513,9619734.069792168,0.0,,
WO[USDJPY Cuo ATM/H@5Δ  ∧  USDKRW Cuo ATM/H@5Δ]  1M,worst_of,monthly,2024-04-30,250132.67373378683,9869866.743525952,-310667.0727649648,,
WO[USDJPY Cuo ATM/H@5Δ  ∧  USDKRW Cuo ATM/H@5Δ]  1M,worst_of,monthly,2024-05-31,-377539.04289804306,9492327.70062791,-688206.1156630069,,
WO[USDJPY Cuo ATM/H@5Δ  ∧  USDKRW Cuo ATM/H@5Δ]  1M,worst_of,monthly,2024-06-30,1974841.259230827,11467168.959858736,0.0,,
WO[USDJPY Cuo ATM/H@5Δ  ∧  USDKRW Cuo ATM/H@5Δ]  1M,worst_of,monthly,2024-07-31,109233.44670435911,11576402.406563094,-167777.45104912855,,
WO[USDJPY Cuo ATM/H@5Δ  ∧  USDKRW Cuo ATM/H@5Δ]  1M,worst_of,monthly,2024-08-31,-388679.7615734656,11187722.644989628,-556457.2126225941,,
WO[USDJPY Cuo ATM/H@5Δ  ∧  USDKRW Cuo ATM/H@5Δ]  1M,worst_of,monthly,2024-09-30,-375230.93263470795,10812491.71235492,-931688.1452573016,,
WO[USDJPY Cuo ATM/H@5Δ  ∧  USDKRW Cuo ATM/H@5Δ]  1M,worst_of,monthly,2024-10-31,264253.82974886027,11076745.54210378,-667434.315508442,,
WO[USDJPY Cuo ATM/H@5Δ  ∧  USDKRW Cuo ATM/H@5Δ]  1M,worst_of,monthly,2024-11-30,3145453.848466016,14222199.390569793,-125961.28891180456,,
WO[USDJPY Cuo ATM/H@5Δ  ∧  USDKRW Cuo ATM/H@5Δ]  1M,worst_of,monthly,2024-12-31,-268267.1159187552,13953932.274651038,-394228.4048305601,,
WO[USDJPY Cuo ATM/H@5Δ  ∧  USDKRW Cuo ATM/H@5Δ]  1M,worst_of,monthly,2025-01-31,1216935.25299097,15170867.527642008,-118749.8399328012,,
WO[USDJPY Cuo ATM/H@5Δ  ∧  USDKRW Cuo ATM/H@5Δ]  1M,worst_of,monthly,2025-02-28,-354417.23704092426,14816450.290601084,-473167.0769737251,,
WO[USDJPY Cuo ATM/H@5Δ  ∧  USDKRW Cuo ATM/H@5Δ]  1M,worst_of,monthly,2025-03-31,-25266.645769363357,14791183.644831723,-498433.7227430865,,
WO[USDJPY Cuo ATM/H@5Δ  ∧  USDKRW Cuo ATM/H@5Δ]  1M,worst_of,monthly,2025-04-30,-423054.6792145426,14368128.96561718,-921488.4019576292,,
WO[USDJPY Cuo ATM/H@5Δ  ∧  USDKRW Cuo ATM/H@5Δ]  1M,worst_of,monthly,2025-05-31,-520692.5944519815,13847436.371165197,-1442180.9964096118,,
WO[USDJPY Cuo ATM/H@5Δ  ∧  USDKRW Cuo ATM/H@5Δ]  1M,worst_of,monthly,2025-06-30,-541216.9765353188,13306219.394629879,-1983397.9729449302,,
WO[USDJPY Cuo ATM/H@5Δ  ∧  USDKRW Cuo ATM/H@5Δ]  1M,worst_of,monthly,2025-07-31,1803146.936474817,15109366.331104694,-180251.03647011518,,
WO[USDJPY Cuo ATM/H@5Δ  ∧  USDKRW Cuo ATM/H@5Δ]  1M,worst_of,monthly,2025-08-31,697370.4004196001,15806736.73152429,-85042.04609121382,,
WO[USDJPY Cuo ATM/H@5Δ  ∧  USDKRW Cuo ATM/H@5Δ]  1M,worst_of,monthly,2025-09-30,619347.9879748594,16426084.719499152,0.0,,
WO[USDJPY Cuo ATM/H@5Δ  ∧  USDKRW Cuo ATM/H@5Δ]  1M,worst_of,monthly,2025-10-31,2348704.4037801325,18774789.123279285,0.0,,
WO[USDJPY Cuo ATM/H@5Δ  ∧  USDKRW Cuo ATM/H@5Δ]  1M,worst_of,monthly,2025-11-30,2176829.063499691,20951618.186778978,0.0,,
WO[USDJPY Cuo ATM/H@5Δ  ∧  USDKRW Cuo ATM/H@5Δ]  1M,worst_of,monthly,2025-12-31,659021.6656794745,21610639.852458455,-163419.8609567359,,
WO[USDJPY Cuo ATM/H@5Δ  ∧  USDKRW Cuo ATM/H@5Δ]  1M,worst_of,monthly,2026-01-31,-267444.85625608277,21343194.99620237,-430864.7172128223,,
WO[USDJPY Cuo ATM/H@5Δ  ∧  USDKRW Cuo ATM/H@5Δ]  1M,worst_of,monthly,2026-02-28,-331018.96518648945,21012176.031015877,-761883.6823993139,,
WO[USDJPY Cuo ATM/H@5Δ  ∧  USDKRW Cuo ATM/H@5Δ]  1M,worst_of,monthly,2026-03-31,339386.34069180297,21351562.37170769,-422497.34170750156,,
WO[USDJPY Cuo ATM/H@5Δ  ∧  USDKRW Cuo ATM/H@5Δ]  1M,worst_of,monthly,2026-04-30,15382.360125534091,21366944.731833227,-407114.9815819636,,
WO[USDJPY Cuo ATM/H@5Δ  ∧  USDKRW Cuo ATM/H@5Δ]  1M,worst_of,monthly,2026-05-31,-100967.5047252835,21265977.227107946,-508082.48630724475,,
WO[USDJPY Cuo ATM/H@5Δ  ∧  USDKRW Cuo ATM/H@5Δ]  1M,worst_of,annual,2023-12-31,6309345.208724118,6309345.208724118,-883014.8331096955,,
WO[USDJPY Cuo ATM/H@5Δ  ∧  USDKRW Cuo ATM/H@5Δ]  1M,worst_of,annual,2024-12-31,7644587.065926929,13953932.274651038,-394228.4048305601,,
WO[USDJPY Cuo ATM/H@5Δ  ∧  USDKRW Cuo ATM/H@5Δ]  1M,worst_of,annual,2025-12-31,7656707.577807414,21610639.852458455,-163419.8609567359,,
WO[USDJPY Cuo ATM/H@5Δ  ∧  USDKRW Cuo ATM/H@5Δ]  1M,worst_of,annual,2026-12-31,-344662.62535051873,21265977.227107946,-508082.48630724475,,
WO[USDJPY Cuo ATM/H@5Δ  ∧  USDKRW Cuo ATM/H@5Δ]  6W,worst_of,monthly,2023-02-28,1659570.60407317,1659570.60407317,-54707.6618539074,,
WO[USDJPY Cuo ATM/H@5Δ  ∧  USDKRW Cuo ATM/H@5Δ]  6W,worst_of,monthly,2023-03-31,-326273.5563296169,1333297.0477435533,-380981.2181835242,,
WO[USDJPY Cuo ATM/H@5Δ  ∧  USDKRW Cuo ATM/H@5Δ]  6W,worst_of,monthly,2023-04-30,30306.942767669854,1363603.9905112234,-350674.27541585406,,
WO[USDJPY Cuo ATM/H@5Δ  ∧  USDKRW Cuo ATM/H@5Δ]  6W,worst_of,monthly,2023-05-31,2725157.8616034035,4088761.8521146267,-10994.222041698173,,
WO[USDJPY Cuo ATM/H@5Δ  ∧  USDKRW Cuo ATM/H@5Δ]  6W,worst_of,monthly,2023-06-30,-493035.6174127559,3595726.2347018714,-504029.83945445344,,
WO[USDJPY Cuo ATM/H@5Δ  ∧  USDKRW Cuo ATM/H@5Δ]  6W,worst_of,monthly,2023-07-31,-400236.53646504064,3195489.6982368305,-904266.3759194943,,
WO[USDJPY Cuo ATM/H@5Δ  ∧  USDKRW Cuo ATM/H@5Δ]  6W,worst_of,monthly,2023-08-31,1118860.218621308,4314349.916858138,-173648.74069437291,,
WO[USDJPY Cuo ATM/H@5Δ  ∧  USDKRW Cuo ATM/H@5Δ]  6W,worst_of,monthly,2023-09-30,2053523.4955395553,6367873.412397693,0.0,,
WO[USDJPY Cuo ATM/H@5Δ  ∧  USDKRW Cuo ATM/H@5Δ]  6W,worst_of,monthly,2023-10-31,3369930.409825573,9737803.822223268,0.0,,
WO[USDJPY Cuo ATM/H@5Δ  ∧  USDKRW Cuo ATM/H@5Δ]  6W,worst_of,monthly,2023-11-30,-157122.6328660229,9580681.189357243,-364800.8022587225,,
WO[USDJPY Cuo ATM/H@5Δ  ∧  USDKRW Cuo ATM/H@5Δ]  6W,worst_of,monthly,2023-12-31,-513380.71431332786,9067300.475043919,-878181.516572047,,
WO[USDJPY Cuo ATM/H@5Δ  ∧  USDKRW Cuo ATM/H@5Δ]  6W,worst_of,monthly,2024-01-31,1823262.9237755423,10890563.398819465,0.0,,
WO[USDJPY Cuo ATM/H@5Δ  ∧  USDKRW Cuo ATM/H@5Δ]  6W,worst_of,monthly,2024-02-29,1881490.297626526,12772053.696445996,-69162.16377237439,,
WO[USDJPY Cuo ATM/H@5Δ  ∧  USDKRW Cuo ATM/H@5Δ]  6W,worst_of,monthly,2024-03-31,283002.25823010976,13055055.954676108,0.0,,
WO[USDJPY Cuo ATM/H@5Δ  ∧  USDKRW Cuo ATM/H@5Δ]  6W,worst_of,monthly,2024-04-30,861251.4064091166,13916307.361085227,-259711.53493217565,,
WO[USDJPY Cuo ATM/H@5Δ  ∧  USDKRW Cuo ATM/H@5Δ]  6W,worst_of,monthly,2024-05-31,-374904.4027259653,13541402.95835926,-634615.9376581423,,
WO[USDJPY Cuo ATM/H@5Δ  ∧  USDKRW Cuo ATM/H@5Δ]  6W,worst_of,monthly,2024-06-30,1231070.982897954,14772473.941257218,0.0,,
WO[USDJPY Cuo ATM/H@5Δ  ∧  USDKRW Cuo ATM/H@5Δ]  6W,worst_of,monthly,2024-07-31,1256218.2048166825,16028692.146073898,-150321.331650896,,
WO[USDJPY Cuo ATM/H@5Δ  ∧  USDKRW Cuo ATM/H@5Δ]  6W,worst_of,monthly,2024-08-31,-420004.22466138296,15608687.921412516,-570325.5563122779,,
WO[USDJPY Cuo ATM/H@5Δ  ∧  USDKRW Cuo ATM/H@5Δ]  6W,worst_of,monthly,2024-09-30,-426528.51489161636,15182159.406520901,-996854.071203893,,
WO[USDJPY Cuo ATM/H@5Δ  ∧  USDKRW Cuo ATM/H@5Δ]  6W,worst_of,monthly,2024-10-31,1946744.638464292,17128904.044985194,-105571.6682310924,,
WO[USDJPY Cuo ATM/H@5Δ  ∧  USDKRW Cuo ATM/H@5Δ]  6W,worst_of,monthly,2024-11-30,2269421.631692733,19398325.676677935,0.0,,
WO[USDJPY Cuo ATM/H@5Δ  ∧  USDKRW Cuo ATM/H@5Δ]  6W,worst_of,monthly,2024-12-31,985278.5027032963,20383604.17938122,-72821.33232889324,,
WO[USDJPY Cuo ATM/H@5Δ  ∧  USDKRW Cuo ATM/H@5Δ]  6W,worst_of,monthly,2025-01-31,554749.0932510156,20938353.27263224,-109477.32797286287,,
WO[USDJPY Cuo ATM/H@5Δ  ∧  USDKRW Cuo ATM/H@5Δ]  6W,worst_of,monthly,2025-02-28,-353930.0552474256,20584423.21738482,-463407.3832202852,,
WO[USDJPY Cuo ATM/H@5Δ  ∧  USDKRW Cuo ATM/H@5Δ]  6W,worst_of,monthly,2025-03-31,-396793.1085938232,20187630.108791005,-860200.4918140993,,
WO[USDJPY Cuo ATM/H@5Δ  ∧  USDKRW Cuo ATM/H@5Δ]  6W,worst_of,monthly,2025-04-30,-486950.03421781625,19700680.074573193,-1347150.5260319114,,
WO[USDJPY Cuo ATM/H@5Δ  ∧  USDKRW Cuo ATM/H@5Δ]  6W,worst_of,monthly,2025-05-31,-533720.9801970467,19166959.094376143,-1880871.506228961,,
WO[USDJPY Cuo ATM/H@5Δ  ∧  USDKRW Cuo ATM/H@5Δ]  6W,worst_of,monthly,2025-06-30,-603558.4475776072,18563400.646798536,-2484429.953806568,,
WO[USDJPY Cuo ATM/H@5Δ  ∧  USDKRW Cuo ATM/H@5Δ]  6W,worst_of,monthly,2025-07-31,1178646.1140637975,19742046.760862328,-1305783.839742776,,
WO[USDJPY Cuo ATM/H@5Δ  ∧  USDKRW Cuo ATM/H@5Δ]  6W,worst_of,monthly,2025-08-31,2007684.8993997008,21749731.66026203,-109579.04393898696,,
WO[USDJPY Cuo ATM/H@5Δ  ∧  USDKRW Cuo ATM/H@5Δ]  6W,worst_of,monthly,2025-09-30,490594.05103531573,22240325.71129735,0.0,,
WO[USDJPY Cuo ATM/H@5Δ  ∧  USDKRW Cuo ATM/H@5Δ]  6W,worst_of,monthly,2025-10-31,4003145.160513776,26243470.87181113,0.0,,
WO[USDJPY Cuo ATM/H@5Δ  ∧  USDKRW Cuo ATM/H@5Δ]  6W,worst_of,monthly,2025-11-30,2766656.534817008,29010127.406628132,0.0,,
WO[USDJPY Cuo ATM/H@5Δ  ∧  USDKRW Cuo ATM/H@5Δ]  6W,worst_of,monthly,2025-12-31,2726645.3190762307,31736772.725704364,-153560.93316745758,,
WO[USDJPY Cuo ATM/H@5Δ  ∧  USDKRW Cuo ATM/H@5Δ]  6W,worst_of,monthly,2026-01-31,-360897.9237023676,31375874.802001998,-514458.85686982423,,
WO[USDJPY Cuo ATM/H@5Δ  ∧  USDKRW Cuo ATM/H@5Δ]  6W,worst_of,monthly,2026-02-28,-269939.606771102,31105935.195230894,-784398.4636409283,,
WO[USDJPY Cuo ATM/H@5Δ  ∧  USDKRW Cuo ATM/H@5Δ]  6W,worst_of,monthly,2026-03-31,2854956.9071042836,33960892.10233518,-58773.83280008286,,
WO[USDJPY Cuo ATM/H@5Δ  ∧  USDKRW Cuo ATM/H@5Δ]  6W,worst_of,monthly,2026-04-30,-323897.1379340152,33636994.96440115,-382670.97073411196,,
WO[USDJPY Cuo ATM/H@5Δ  ∧  USDKRW Cuo ATM/H@5Δ]  6W,worst_of,monthly,2026-05-31,-122466.90834027033,33514528.05606087,-505137.879074391,,
WO[USDJPY Cuo ATM/H@5Δ  ∧  USDKRW Cuo ATM/H@5Δ]  6W,worst_of,annual,2023-12-31,9067300.475043915,9067300.475043919,-878181.516572047,,
WO[USDJPY Cuo ATM/H@5Δ  ∧  USDKRW Cuo ATM/H@5Δ]  6W,worst_of,annual,2024-12-31,11316303.704337288,20383604.17938122,-72821.33232889324,,
WO[USDJPY Cuo ATM/H@5Δ  ∧  USDKRW Cuo ATM/H@5Δ]  6W,worst_of,annual,2025-12-31,11353168.546323124,31736772.725704364,-153560.93316745758,,
WO[USDJPY Cuo ATM/H@5Δ  ∧  USDKRW Cuo ATM/H@5Δ]  6W,worst_of,annual,2026-12-31,1777755.3303565283,33514528.05606087,-505137.879074391,,
WO[USDJPY Cuo ATM/H@5Δ  ∧  USDKRW Cuo ATM/H@5Δ]  10W,worst_of,monthly,2023-03-31,2618515.123858179,2618515.123858179,0.0,,
WO[USDJPY Cuo ATM/H@5Δ  ∧  USDKRW Cuo ATM/H@5Δ]  10W,worst_of,monthly,2023-04-30,1583004.5914813895,4201519.715339569,0.0,,
WO[USDJPY Cuo ATM/H@5Δ  ∧  USDKRW Cuo ATM/H@5Δ]  10W,worst_of,monthly,2023-05-31,1331966.305068288,5533486.020407858,0.0,,
WO[USDJPY Cuo ATM/H@5Δ  ∧  USDKRW Cuo ATM/H@5Δ]  10W,worst_of,monthly,2023-06-30,-10323.041253388641,5523162.9791544685,-480296.5267227376,,
WO[USDJPY Cuo ATM/H@5Δ  ∧  USDKRW Cuo ATM/H@5Δ]  10W,worst_of,monthly,2023-07-31,-545214.3377704927,4977948.641383977,-1025510.8644932294,,
WO[USDJPY Cuo ATM/H@5Δ  ∧  USDKRW Cuo ATM/H@5Δ]  10W,worst_of,monthly,2023-08-31,4066151.031456668,9044099.672840646,0.0,,
WO[USDJPY Cuo ATM/H@5Δ  ∧  USDKRW Cuo ATM/H@5Δ]  10W,worst_of,monthly,2023-09-30,2469101.910504503,11513201.583345154,0.0,,
WO[USDJPY Cuo ATM/H@5Δ  ∧  USDKRW Cuo ATM/H@5Δ]  10W,worst_of,monthly,2023-10-31,4387343.087112959,15900544.670458114,0.0,,
WO[USDJPY Cuo ATM/H@5Δ  ∧  USDKRW Cuo ATM/H@5Δ]  10W,worst_of,monthly,2023-11-30,-235929.0532121442,15664615.617245965,-508271.8624780476,,
WO[USDJPY Cuo ATM/H@5Δ  ∧  USDKRW Cuo ATM/H@5Δ]  10W,worst_of,monthly,2023-12-31,-465656.4667071932,15198959.150538774,-973928.3291852381,,
WO[USDJPY Cuo ATM/H@5Δ  ∧  USDKRW Cuo ATM/H@5Δ]  10W,worst_of,monthly,2024-01-31,-604838.0126310217,14594121.137907758,-1578766.341816254,,
WO[USDJPY Cuo ATM/H@5Δ  ∧  USDKRW Cuo ATM/H@5Δ]  10W,worst_of,monthly,2024-02-29,3033893.851695746,17628014.98960351,0.0,,
WO[USDJPY Cuo ATM/H@5Δ  ∧  USDKRW Cuo ATM/H@5Δ]  10W,worst_of,monthly,2024-03-31,2406611.8756568558,20034626.865260366,0.0,,
WO[USDJPY Cuo ATM/H@5Δ  ∧  USDKRW Cuo ATM/H@5Δ]  10W,worst_of,monthly,2024-04-30,4019700.4975734195,24054327.362833776,-86199.35241246969,,
WO[USDJPY Cuo ATM/H@5Δ  ∧  USDKRW Cuo ATM/H@5Δ]  10W,worst_of,monthly,2024-05-31,-567192.6897070587,23487134.67312672,-653392.0421195254,,
WO[USDJPY Cuo ATM/H@5Δ  ∧  USDKRW Cuo ATM/H@5Δ]  10W,worst_of,monthly,2024-06-30,39894.32447519218,23527028.997601915,-613497.7176443301,,
WO[USDJPY Cuo ATM/H@5Δ  ∧  USDKRW Cuo ATM/H@5Δ]  10W,worst_of,monthly,2024-07-31,977890.3897793983,24504919.387381315,-137962.65494852886,,
WO[USDJPY Cuo ATM/H@5Δ  ∧  USDKRW Cuo ATM/H@5Δ]  10W,worst_of,monthly,2024-08-31,-559020.4184010989,23945898.968980215,-696983.0733496286,,
WO[USDJPY Cuo ATM/H@5Δ  ∧  USDKRW Cuo ATM/H@5Δ]  10W,worst_of,monthly,2024-09-30,-488889.27643362666,23457009.69254659,-1185872.349783253,,
WO[USDJPY Cuo ATM/H@5Δ  ∧  USDKRW Cuo ATM/H@5Δ]  10W,worst_of,monthly,2024-10-31,1643882.9117517006,25100892.604298297,0.0,,
WO[USDJPY Cuo ATM/H@5Δ  ∧  USDKRW Cuo ATM/H@5Δ]  10W,worst_of,monthly,2024-11-30,2975990.119051181,28076882.723349478,-332907.7970410697,,
WO[USDJPY Cuo ATM/H@5Δ  ∧  USDKRW Cuo ATM/H@5Δ]  10W,worst_of,monthly,2024-12-31,1145318.2239509367,29222200.94730041,-106009.8481216617,,
WO[USDJPY Cuo ATM/H@5Δ  ∧  USDKRW Cuo ATM/H@5Δ]  10W,worst_of,monthly,2025-01-31,4406126.954329866,33628327.90163027,0.0,,
WO[USDJPY Cuo ATM/H@5Δ  ∧  USDKRW Cuo ATM/H@5Δ]  10W,worst_of,monthly,2025-02-28,983717.8536225953,34612045.755252875,-187706.93235657364,,
WO[USDJPY Cuo ATM/H@5Δ  ∧  USDKRW Cuo ATM/H@5Δ]  10W,worst_of,monthly,2025-03-31,-459173.10984613595,34152872.64540673,-646880.0422027186,,
WO[USDJPY Cuo ATM/H@5Δ  ∧  USDKRW Cuo ATM/H@5Δ]  10W,worst_of,monthly,2025-04-30,-509343.35245879553,33643529.29294794,-1156223.3946615085,,
WO[USDJPY Cuo ATM/H@5Δ  ∧  USDKRW Cuo ATM/H@5Δ]  10W,worst_of,monthly,2025-05-31,-586037.1124244871,33057492.180523455,-1742260.507085994,,
WO[USDJPY Cuo ATM/H@5Δ  ∧  USDKRW Cuo ATM/H@5Δ]  10W,worst_of,monthly,2025-06-30,-618669.8076025286,32438822.372920927,-2360930.3146885224,,
WO[USDJPY Cuo ATM/H@5Δ  ∧  USDKRW Cuo ATM/H@5Δ]  10W,worst_of,monthly,2025-07-31,-568595.8920842125,31870226.480836708,-2929526.206772741,,
WO[USDJPY Cuo ATM/H@5Δ  ∧  USDKRW Cuo ATM/H@5Δ]  10W,worst_of,monthly,2025-08-31,2414553.6623971434,34284780.14323386,-514972.544375591,,
WO[USDJPY Cuo ATM/H@5Δ  ∧  USDKRW Cuo ATM/H@5Δ]  10W,worst_of,monthly,2025-09-30,2764289.261989773,37049069.40522363,0.0,,
WO[USDJPY Cuo ATM/H@5Δ  ∧  USDKRW Cuo ATM/H@5Δ]  10W,worst_of,monthly,2025-10-31,4599794.71337806,41648864.118601695,0.0,,
WO[USDJPY Cuo ATM/H@5Δ  ∧  USDKRW Cuo ATM/H@5Δ]  10W,worst_of,monthly,2025-11-30,2341854.3475120254,43990718.46611372,-388745.1855643615,,
WO[USDJPY Cuo ATM/H@5Δ  ∧  USDKRW Cuo ATM/H@5Δ]  10W,worst_of,monthly,2025-12-31,2314622.8081124094,46305341.27422612,0.0,,
WO[USDJPY Cuo ATM/H@5Δ  ∧  USDKRW Cuo ATM/H@5Δ]  10W,worst_of,monthly,2026-01-31,1643870.4809222014,47949211.75514834,-157631.12497130036,,
WO[USDJPY Cuo ATM/H@5Δ  ∧  USDKRW Cuo ATM/H@5Δ]  10W,worst_of,monthly,2026-02-28,-608732.1617075974,47340479.593440734,-766363.2866789028,,
WO[USDJPY Cuo ATM/H@5Δ  ∧  USDKRW Cuo ATM/H@5Δ]  10W,worst_of,monthly,2026-03-31,1898792.9802061752,49239272.5736469,0.0,,
WO[USDJPY Cuo ATM/H@5Δ  ∧  USDKRW Cuo ATM/H@5Δ]  10W,worst_of,monthly,2026-04-30,1536973.695868629,50776246.26951553,0.0,,
WO[USDJPY Cuo ATM/H@5Δ  ∧  USDKRW Cuo ATM/H@5Δ]  10W,worst_of,monthly,2026-05-31,-38573.763410253225,50737672.50610528,-177516.6198414266,,
WO[USDJPY Cuo ATM/H@5Δ  ∧  USDKRW Cuo ATM/H@5Δ]  10W,worst_of,annual,2023-12-31,15198959.150538767,15198959.150538774,-973928.3291852381,,
WO[USDJPY Cuo ATM/H@5Δ  ∧  USDKRW Cuo ATM/H@5Δ]  10W,worst_of,annual,2024-12-31,14023241.796761625,29222200.94730041,-106009.8481216617,,
WO[USDJPY Cuo ATM/H@5Δ  ∧  USDKRW Cuo ATM/H@5Δ]  10W,worst_of,annual,2025-12-31,17083140.326925714,46305341.27422612,0.0,,
WO[USDJPY Cuo ATM/H@5Δ  ∧  USDKRW Cuo ATM/H@5Δ]  10W,worst_of,annual,2026-12-31,4432331.231879155,50737672.50610528,-177516.6198414266,,
WO[USDJPY Cuo ATM/H@5Δ  ∧  USDKRW Cuo ATM/H@5Δ]  3M,worst_of,monthly,2023-03-31,187044.37496266828,187044.37496266828,0.0,,
WO[USDJPY Cuo ATM/H@5Δ  ∧  USDKRW Cuo ATM/H@5Δ]  3M,worst_of,monthly,2023-04-30,3973122.8654455706,4160167.240408238,-122882.80664684903,,
WO[USDJPY Cuo ATM/H@5Δ  ∧  USDKRW Cuo ATM/H@5Δ]  3M,worst_of,monthly,2023-05-31,3688977.5770567385,7849144.8174649775,0.0,,
WO[USDJPY Cuo ATM/H@5Δ  ∧  USDKRW Cuo ATM/H@5Δ]  3M,worst_of,monthly,2023-06-30,179198.45603744636,8028343.273502425,0.0,,
WO[USDJPY Cuo ATM/H@5Δ  ∧  USDKRW Cuo ATM/H@5Δ]  3M,worst_of,monthly,2023-07-31,-629993.8086025099,7398349.464899915,-629993.80860251,,
WO[USDJPY Cuo ATM/H@5Δ  ∧  USDKRW Cuo ATM/H@5Δ]  3M,worst_of,monthly,2023-08-31,165760.69901049667,7564110.16391041,-464233.1095920149,,
WO[USDJPY Cuo ATM/H@5Δ  ∧  USDKRW Cuo ATM/H@5Δ]  3M,worst_of,monthly,2023-09-30,5854327.459024968,13418437.622935375,0.0,,
WO[USDJPY Cuo ATM/H@5Δ  ∧  USDKRW Cuo ATM/H@5Δ]  3M,worst_of,monthly,2023-10-31,5296098.284650244,18714535.907585617,0.0,,
WO[USDJPY Cuo ATM/H@5Δ  ∧  USDKRW Cuo ATM/H@5Δ]  3M,worst_of,monthly,2023-11-30,597531.2292202407,19312067.136805855,-492219.30130413175,,
WO[USDJPY Cuo ATM/H@5Δ  ∧  USDKRW Cuo ATM/H@5Δ]  3M,worst_of,monthly,2023-12-31,-606902.008464739,18705165.12834111,-1099121.309768878,,
WO[USDJPY Cuo ATM/H@5Δ  ∧  USDKRW Cuo ATM/H@5Δ]  3M,worst_of,monthly,2024-01-31,-597644.3547294124,18107520.773611695,-1696765.664498292,,
WO[USDJPY Cuo ATM/H@5Δ  ∧  USDKRW Cuo ATM/H@5Δ]  3M,worst_of,monthly,2024-02-29,2029647.9616119952,20137168.735223684,0.0,,
WO[USDJPY Cuo ATM/H@5Δ  ∧  USDKRW Cuo ATM/H@5Δ]  3M,worst_of,monthly,2024-03-31,3573829.882462115,23710998.617685795,0.0,,
WO[USDJPY Cuo ATM/H@5Δ  ∧  USDKRW Cuo ATM/H@5Δ]  3M,worst_of,monthly,2024-04-30,5799660.066127012,29510658.6838128,-130634.4547394067,,
WO[USDJPY Cuo ATM/H@5Δ  ∧  USDKRW Cuo ATM/H@5Δ]  3M,worst_of,monthly,2024-05-31,37998.585824017835,29548657.26963683,-318047.6146967299,,
WO[USDJPY Cuo ATM/H@5Δ  ∧  USDKRW Cuo ATM/H@5Δ]  3M,worst_of,monthly,2024-06-30,-132471.39679815515,29416185.872838672,-450519.01149488613,,
WO[USDJPY Cuo ATM/H@5Δ  ∧  USDKRW Cuo ATM/H@5Δ]  3M,worst_of,monthly,2024-07-31,14430.644805174325,29430616.51764385,-436088.3666897081,,
WO[USDJPY Cuo ATM/H@5Δ  ∧  USDKRW Cuo ATM/H@5Δ]  3M,worst_of,monthly,2024-08-31,-573289.7398306034,28857326.77781325,-1009378.10652031,,
WO[USDJPY Cuo ATM/H@5Δ  ∧  USDKRW Cuo ATM/H@5Δ]  3M,worst_of,monthly,2024-09-30,-574747.9866951391,28282578.791118115,-1584126.0932154432,,
WO[USDJPY Cuo ATM/H@5Δ  ∧  USDKRW Cuo ATM/H@5Δ]  3M,worst_of,monthly,2024-10-31,-404218.8487149153,27878359.9424032,-1988344.9419303574,,
WO[USDJPY Cuo ATM/H@5Δ  ∧  USDKRW Cuo ATM/H@5Δ]  3M,worst_of,monthly,2024-11-30,6212568.3802190125,34090928.32262222,0.0,,
WO[USDJPY Cuo ATM/H@5Δ  ∧  USDKRW Cuo ATM/H@5Δ]  3M,worst_of,monthly,2024-12-31,-349517.91257794906,33741410.41004427,-606514.5249528959,,
WO[USDJPY Cuo ATM/H@5Δ  ∧  USDKRW Cuo ATM/H@5Δ]  3M,worst_of,monthly,2025-01-31,1893273.8959786743,35634684.306022935,0.0,,
WO[USDJPY Cuo ATM/H@5Δ  ∧  USDKRW Cuo ATM/H@5Δ]  3M,worst_of,monthly,2025-02-28,242395.10838842753,35877079.41441136,-230758.5467581004,,
WO[USDJPY Cuo ATM/H@5Δ  ∧  USDKRW Cuo ATM/H@5Δ]  3M,worst_of,monthly,2025-03-31,-405697.86374806927,35471381.550663285,-636456.410506174,,
WO[USDJPY Cuo ATM/H@5Δ  ∧  USDKRW Cuo ATM/H@5Δ]  3M,worst_of,monthly,2025-04-30,-488976.72935299465,34982404.821310304,-1125433.1398591548,,
WO[USDJPY Cuo ATM/H@5Δ  ∧  USDKRW Cuo ATM/H@5Δ]  3M,worst_of,monthly,2025-05-31,-617011.1773266266,34365393.64398368,-1742444.317185782,,
WO[USDJPY Cuo ATM/H@5Δ  ∧  USDKRW Cuo ATM/H@5Δ]  3M,worst_of,monthly,2025-06-30,-635965.4671659402,33729428.17681773,-2378409.784351729,,
WO[USDJPY Cuo ATM/H@5Δ  ∧  USDKRW Cuo ATM/H@5Δ]  3M,worst_of,monthly,2025-07-31,-758449.1469946577,32970979.029823087,-3136858.931346372,,
WO[USDJPY Cuo ATM/H@5Δ  ∧  USDKRW Cuo ATM/H@5Δ]  3M,worst_of,monthly,2025-08-31,262416.98317935085,33233396.013002433,-2874441.948167026,,
WO[USDJPY Cuo ATM/H@5Δ  ∧  USDKRW Cuo ATM/H@5Δ]  3M,worst_of,monthly,2025-09-30,3701950.647218703,36935346.660221145,0.0,,
WO[USDJPY Cuo ATM/H@5Δ  ∧  USDKRW Cuo ATM/H@5Δ]  3M,worst_of,monthly,2025-10-31,6555990.913409285,43491337.57363044,0.0,,
WO[USDJPY Cuo ATM/H@5Δ  ∧  USDKRW Cuo ATM/H@5Δ]  3M,worst_of,monthly,2025-11-30,7477419.709826386,50968757.28345682,0.0,,
WO[USDJPY Cuo ATM/H@5Δ  ∧  USDKRW Cuo ATM/H@5Δ]  3M,worst_of,monthly,2025-12-31,4190760.194790848,55159517.47824766,0.0,,
WO[USDJPY Cuo ATM/H@5Δ  ∧  USDKRW Cuo ATM/H@5Δ]  3M,worst_of,monthly,2026-01-31,3097724.1679569795,58257241.64620464,0.0,,
WO[USDJPY Cuo ATM/H@5Δ  ∧  USDKRW Cuo ATM/H@5Δ]  3M,worst_of,monthly,2026-02-28,61879.79910212885,58319121.445306785,-552784.1739437878,,
WO[USDJPY Cuo ATM/H@5Δ  ∧  USDKRW Cuo ATM/H@5Δ]  3M,worst_of,monthly,2026-03-31,2097079.1287708036,60416200.57407759,0.0,,
WO[USDJPY Cuo ATM/H@5Δ  ∧  USDKRW Cuo ATM/H@5Δ]  3M,worst_of,monthly,2026-04-30,2586620.8700931794,63002821.44417076,0.0,,
WO[USDJPY Cuo ATM/H@5Δ  ∧  USDKRW Cuo ATM/H@5Δ]  3M,worst_of,monthly,2026-05-31,40995.47766188335,63043816.92183264,-107044.14460665733,,
WO[USDJPY Cuo ATM/H@5Δ  ∧  USDKRW Cuo ATM/H@5Δ]  3M,worst_of,annual,2023-12-31,18705165.128341123,18705165.12834111,-1099121.309768878,,
WO[USDJPY Cuo ATM/H@5Δ  ∧  USDKRW Cuo ATM/H@5Δ]  3M,worst_of,annual,2024-12-31,15036245.281703152,33741410.41004427,-606514.5249528959,,
WO[USDJPY Cuo ATM/H@5Δ  ∧  USDKRW Cuo ATM/H@5Δ]  3M,worst_of,annual,2025-12-31,21418107.068203386,55159517.47824766,0.0,,
WO[USDJPY Cuo ATM/H@5Δ  ∧  USDKRW Cuo ATM/H@5Δ]  3M,worst_of,annual,2026-12-31,7884299.443584975,63043816.92183264,-107044.14460665733,,
WO[USDJPY Cuo 45Δ/H@20Δ  ∧  USDKRW Cuo 45Δ/H@20Δ]  2M,worst_of,monthly,2023-03-31,-178552.51212933182,-178552.5121293318,-152185.98468652074,,
WO[USDJPY Cuo 45Δ/H@20Δ  ∧  USDKRW Cuo 45Δ/H@20Δ]  2M,worst_of,monthly,2023-04-30,-49473.826832414976,-228026.33896174678,-201659.81151893572,,
WO[USDJPY Cuo 45Δ/H@20Δ  ∧  USDKRW Cuo 45Δ/H@20Δ]  2M,worst_of,monthly,2023-05-31,339958.35827489535,111932.01931314857,-59886.54572423251,,
WO[USDJPY Cuo 45Δ/H@20Δ  ∧  USDKRW Cuo 45Δ/H@20Δ]  2M,worst_of,monthly,2023-06-30,-183238.83880613928,-71306.81949299069,-243125.38453037175,,
WO[USDJPY Cuo 45Δ/H@20Δ  ∧  USDKRW Cuo 45Δ/H@20Δ]  2M,worst_of,monthly,2023-07-31,-139958.81155147127,-211265.63104446194,-383084.196081843,,
WO[USDJPY Cuo 45Δ/H@20Δ  ∧  USDKRW Cuo 45Δ/H@20Δ]  2M,worst_of,monthly,2023-08-31,-18652.418124384647,-229918.04916884654,-401736.6142062276,,
WO[USDJPY Cuo 45Δ/H@20Δ  ∧  USDKRW Cuo 45Δ/H@20Δ]  2M,worst_of,monthly,2023-09-30,-100129.61288713528,-330047.6620559818,-501866.2270933629,,
WO[USDJPY Cuo 45Δ/H@20Δ  ∧  USDKRW Cuo 45Δ/H@20Δ]  2M,worst_of,monthly,2023-10-31,-134045.34642765354,-464093.0084836354,-635911.5735210164,,
WO[USDJPY Cuo 45Δ/H@20Δ  ∧  USDKRW Cuo 45Δ/H@20Δ]  2M,worst_of,monthly,2023-11-30,-129492.03726905532,-593585.0457526906,-765403.6107900718,,
WO[USDJPY Cuo 45Δ/H@20Δ  ∧  USDKRW Cuo 45Δ/H@20Δ]  2M,worst_of,monthly,2023-12-31,-128408.1284422962,-721993.1741949869,-893811.7392323681,,
WO[USDJPY Cuo 45Δ/H@20Δ  ∧  USDKRW Cuo 45Δ/H@20Δ]  2M,worst_of,monthly,2024-01-31,-130297.72587235847,-852290.9000673457,-1024109.4651047268,,
WO[USDJPY Cuo 45Δ/H@20Δ  ∧  USDKRW Cuo 45Δ/H@20Δ]  2M,worst_of,monthly,2024-02-29,215095.6845052299,-637195.2155621158,-809013.7805994968,,
WO[USDJPY Cuo 45Δ/H@20Δ  ∧  USDKRW Cuo 45Δ/H@20Δ]  2M,worst_of,monthly,2024-03-31,-137274.477500957,-774469.6930630727,-946288.2581004538,,
WO[USDJPY Cuo 45Δ/H@20Δ  ∧  USDKRW Cuo 45Δ/H@20Δ]  2M,worst_of,monthly,2024-04-30,-8447.23394734873,-782916.9270104218,-954735.4920478028,,
WO[USDJPY Cuo 45Δ/H@20Δ  ∧  USDKRW Cuo 45Δ/H@20Δ]  2M,worst_of,monthly,2024-05-31,-135006.4141358486,-917923.3411462702,-1089741.9061836512,,
WO[USDJPY Cuo 45Δ/H@20Δ  ∧  USDKRW Cuo 45Δ/H@20Δ]  2M,worst_of,monthly,2024-06-30,-59250.9223679396,-977174.2635142098,-1148992.828551591,,
WO[USDJPY Cuo 45Δ/H@20Δ  ∧  USDKRW Cuo 45Δ/H@20Δ]  2M,worst_of,monthly,2024-07-31,-113917.11107379655,-1091091.3745880064,-1262909.9396253875,,
WO[USDJPY Cuo 45Δ/H@20Δ  ∧  USDKRW Cuo 45Δ/H@20Δ]  2M,worst_of,monthly,2024-08-31,-139281.4329343224,-1230372.8075223286,-1402191.3725597097,,
WO[USDJPY Cuo 45Δ/H@20Δ  ∧  USDKRW Cuo 45Δ/H@20Δ]  2M,worst_of,monthly,2024-09-30,-135286.57869556246,-1365659.3862178915,-1537477.9512552726,,
WO[USDJPY Cuo 45Δ/H@20Δ  ∧  USDKRW Cuo 45Δ/H@20Δ]  2M,worst_of,monthly,2024-10-31,-2104.3311918337386,-1367763.7174097253,-1539582.2824471064,,
WO[USDJPY Cuo 45Δ/H@20Δ  ∧  USDKRW Cuo 45Δ/H@20Δ]  2M,worst_of,monthly,2024-11-30,-118793.88691374182,-1486557.6043234672,-1658376.1693608484,,
WO[USDJPY Cuo 45Δ/H@20Δ  ∧  USDKRW Cuo 45Δ/H@20Δ]  2M,worst_of,monthly,2024-12-31,-145306.7715770375,-1631864.3759005044,-1803682.9409378855,,
WO[USDJPY Cuo 45Δ/H@20Δ  ∧  USDKRW Cuo 45Δ/H@20Δ]  2M,worst_of,monthly,2025-01-31,-161599.28531457204,-1793463.661215077,-1965282.226252458,,
WO[USDJPY Cuo 45Δ/H@20Δ  ∧  USDKRW Cuo 45Δ/H@20Δ]  2M,worst_of,monthly,2025-02-28,-141237.14454357664,-1934700.805758654,-2106519.370796035,,
WO[USDJPY Cuo 45Δ/H@20Δ  ∧  USDKRW Cuo 45Δ/H@20Δ]  2M,worst_of,monthly,2025-03-31,-120604.22513324514,-2055305.0308918997,-2227123.595929281,,
WO[USDJPY Cuo 45Δ/H@20Δ  ∧  USDKRW Cuo 45Δ/H@20Δ]  2M,worst_of,monthly,2025-04-30,-127806.47597342743,-2183111.506865327,-2354930.0719027077,,
WO[USDJPY Cuo 45Δ/H@20Δ  ∧  USDKRW Cuo 45Δ/H@20Δ]  2M,worst_of,monthly,2025-05-31,-153232.83287133384,-2336344.3397366605,-2508162.9047740414,,
WO[USDJPY Cuo 45Δ/H@20Δ  ∧  USDKRW Cuo 45Δ/H@20Δ]  2M,worst_of,monthly,2025-06-30,-156938.03585986848,-2493282.3755965293,-2665100.9406339102,,
WO[USDJPY Cuo 45Δ/H@20Δ  ∧  USDKRW Cuo 45Δ/H@20Δ]  2M,worst_of,monthly,2025-07-31,-93540.16594240382,-2586822.5415389333,-2758641.106576314,,
WO[USDJPY Cuo 45Δ/H@20Δ  ∧  USDKRW Cuo 45Δ/H@20Δ]  2M,worst_of,monthly,2025-08-31,-139113.92446425773,-2725936.466003191,-2897755.031040572,,
WO[USDJPY Cuo 45Δ/H@20Δ  ∧  USDKRW Cuo 45Δ/H@20Δ]  2M,worst_of,monthly,2025-09-30,509291.4442395698,-2216645.021763622,-2388463.5868010027,,
WO[USDJPY Cuo 45Δ/H@20Δ  ∧  USDKRW Cuo 45Δ/H@20Δ]  2M,worst_of,monthly,2025-10-31,-11371.653691257236,-2228016.675454879,-2399835.24049226,,
WO[USDJPY Cuo 45Δ/H@20Δ  ∧  USDKRW Cuo 45Δ/H@20Δ]  2M,worst_of,monthly,2025-11-30,-125524.60859210936,-2353541.2840469885,-2525359.8490843694,,
WO[USDJPY Cuo 45Δ/H@20Δ  ∧  USDKRW Cuo 45Δ/H@20Δ]  2M,worst_of,monthly,2025-12-31,-101322.45881839634,-2454863.742865385,-2626682.307902766,,
WO[USDJPY Cuo 45Δ/H@20Δ  ∧  USDKRW Cuo 45Δ/H@20Δ]  2M,worst_of,monthly,2026-01-31,-83602.29408670396,-2538466.036952089,-2710284.60198947,,
WO[USDJPY Cuo 45Δ/H@20Δ  ∧  USDKRW Cuo 45Δ/H@20Δ]  2M,worst_of,monthly,2026-02-28,-129467.24048829619,-2667933.277440386,-2839751.842477767,,
WO[USDJPY Cuo 45Δ/H@20Δ  ∧  USDKRW Cuo 45Δ/H@20Δ]  2M,worst_of,monthly,2026-03-31,15831.923259302443,-2652101.3541810834,-2823919.9192184643,,
WO[USDJPY Cuo 45Δ/H@20Δ  ∧  USDKRW Cuo 45Δ/H@20Δ]  2M,worst_of,monthly,2026-04-30,-121891.94067946052,-2773993.2948605446,-2945811.8598979255,,
WO[USDJPY Cuo 45Δ/H@20Δ  ∧  USDKRW Cuo 45Δ/H@20Δ]  2M,worst_of,monthly,2026-05-31,-46655.65367323437,-2820648.9485337785,-2992467.5135711594,,
WO[USDJPY Cuo 45Δ/H@20Δ  ∧  USDKRW Cuo 45Δ/H@20Δ]  2M,worst_of,annual,2023-12-31,-721993.174194987,-721993.1741949869,-893811.7392323681,,
WO[USDJPY Cuo 45Δ/H@20Δ  ∧  USDKRW Cuo 45Δ/H@20Δ]  2M,worst_of,annual,2024-12-31,-909871.2017055169,-1631864.3759005044,-1803682.9409378855,,
WO[USDJPY Cuo 45Δ/H@20Δ  ∧  USDKRW Cuo 45Δ/H@20Δ]  2M,worst_of,annual,2025-12-31,-822999.3669648783,-2454863.742865385,-2626682.307902766,,
WO[USDJPY Cuo 45Δ/H@20Δ  ∧  USDKRW Cuo 45Δ/H@20Δ]  2M,worst_of,annual,2026-12-31,-365785.2056683926,-2820648.9485337785,-2992467.5135711594,,
WO[USDJPY Cuo 45Δ/H@20Δ  ∧  USDKRW Cuo 45Δ/H@20Δ]  1M,worst_of,monthly,2023-02-28,14164.023984011332,14164.023984011335,-71850.49692591628,,
WO[USDJPY Cuo 45Δ/H@20Δ  ∧  USDKRW Cuo 45Δ/H@20Δ]  1M,worst_of,monthly,2023-03-31,-124048.66045942405,-109884.63647541271,-195899.1573853403,,
WO[USDJPY Cuo 45Δ/H@20Δ  ∧  USDKRW Cuo 45Δ/H@20Δ]  1M,worst_of,monthly,2023-04-30,109231.36475292713,-653.271722485566,-86667.79263241318,,
WO[USDJPY Cuo 45Δ/H@20Δ  ∧  USDKRW Cuo 45Δ/H@20Δ]  1M,worst_of,monthly,2023-05-31,-136988.42853845816,-137641.70026094373,-223656.22117087134,,
WO[USDJPY Cuo 45Δ/H@20Δ  ∧  USDKRW Cuo 45Δ/H@20Δ]  1M,worst_of,monthly,2023-06-30,-116033.24548708778,-253674.94574803152,-339689.46665795916,,
WO[USDJPY Cuo 45Δ/H@20Δ  ∧  USDKRW Cuo 45Δ/H@20Δ]  1M,worst_of,monthly,2023-07-31,-101922.266933397,-355597.21268142835,-441611.73359135597,,
WO[USDJPY Cuo 45Δ/H@20Δ  ∧  USDKRW Cuo 45Δ/H@20Δ]  1M,worst_of,monthly,2023-08-31,-84318.11870657906,-439915.3313880073,-525929.8522979349,,
WO[USDJPY Cuo 45Δ/H@20Δ  ∧  USDKRW Cuo 45Δ/H@20Δ]  1M,worst_of,monthly,2023-09-30,-95518.553790385,-535433.8851783923,-621448.4060883198,,
WO[USDJPY Cuo 45Δ/H@20Δ  ∧  USDKRW Cuo 45Δ/H@20Δ]  1M,worst_of,monthly,2023-10-31,95471.5476931134,-439962.3374852787,-525976.8583952063,,
WO[USDJPY Cuo 45Δ/H@20Δ  ∧  USDKRW Cuo 45Δ/H@20Δ]  1M,worst_of,monthly,2023-11-30,-109568.2315367728,-549530.5690220514,-635545.0899319791,,
WO[USDJPY Cuo 45Δ/H@20Δ  ∧  USDKRW Cuo 45Δ/H@20Δ]  1M,worst_of,monthly,2023-12-31,-102547.78372194785,-652078.3527439995,-738092.8736539271,,
WO[USDJPY Cuo 45Δ/H@20Δ  ∧  USDKRW Cuo 45Δ/H@20Δ]  1M,worst_of,monthly,2024-01-31,-48275.21880602638,-700353.5715500257,-786368.0924599534,,
WO[USDJPY Cuo 45Δ/H@20Δ  ∧  USDKRW Cuo 45Δ/H@20Δ]  1M,worst_of,monthly,2024-02-29,-118389.30502945764,-818742.8765794834,-904757.397489411,,
WO[USDJPY Cuo 45Δ/H@20Δ  ∧  USDKRW Cuo 45Δ/H@20Δ]  1M,worst_of,monthly,2024-03-31,247162.97430325547,-571579.9022762278,-657594.4231861555,,
WO[USDJPY Cuo 45Δ/H@20Δ  ∧  USDKRW Cuo 45Δ/H@20Δ]  1M,worst_of,monthly,2024-04-30,-100249.20354023663,-671829.1058164644,-757843.626726392,,
WO[USDJPY Cuo 45Δ/H@20Δ  ∧  USDKRW Cuo 45Δ/H@20Δ]  1M,worst_of,monthly,2024-05-31,-107389.53487196467,-779218.6406884291,-865233.1615983567,,
WO[USDJPY Cuo 45Δ/H@20Δ  ∧  USDKRW Cuo 45Δ/H@20Δ]  1M,worst_of,monthly,2024-06-30,188893.61340492117,-590325.0272835081,-676339.5481934357,,
WO[USDJPY Cuo 45Δ/H@20Δ  ∧  USDKRW Cuo 45Δ/H@20Δ]  1M,worst_of,monthly,2024-07-31,-104679.04250477937,-695004.0697882875,-781018.5906982152,,
WO[USDJPY Cuo 45Δ/H@20Δ  ∧  USDKRW Cuo 45Δ/H@20Δ]  1M,worst_of,monthly,2024-08-31,-111404.59020581185,-806408.6599940994,-892423.1809040271,,
WO[USDJPY Cuo 45Δ/H@20Δ  ∧  USDKRW Cuo 45Δ/H@20Δ]  1M,worst_of,monthly,2024-09-30,-83665.64579939209,-890074.3057934914,-976088.826703419,,
WO[USDJPY Cuo 45Δ/H@20Δ  ∧  USDKRW Cuo 45Δ/H@20Δ]  1M,worst_of,monthly,2024-10-31,-108264.41314050349,-998338.7189339949,-1084353.2398439224,,
WO[USDJPY Cuo 45Δ/H@20Δ  ∧  USDKRW Cuo 45Δ/H@20Δ]  1M,worst_of,monthly,2024-11-30,-30408.180736314833,-1028746.8996703097,-1114761.4205802374,,
WO[USDJPY Cuo 45Δ/H@20Δ  ∧  USDKRW Cuo 45Δ/H@20Δ]  1M,worst_of,monthly,2024-12-31,-117872.97178064467,-1146619.8714509543,-1232634.392360882,,
WO[USDJPY Cuo 45Δ/H@20Δ  ∧  USDKRW Cuo 45Δ/H@20Δ]  1M,worst_of,monthly,2025-01-31,-118393.07571265084,-1265012.9471636056,-1351027.4680735331,,
WO[USDJPY Cuo 45Δ/H@20Δ  ∧  USDKRW Cuo 45Δ/H@20Δ]  1M,worst_of,monthly,2025-02-28,-102250.01843504641,-1367262.9655986521,-1453277.4865085797,,
WO[USDJPY Cuo 45Δ/H@20Δ  ∧  USDKRW Cuo 45Δ/H@20Δ]  1M,worst_of,monthly,2025-03-31,-93939.86010678588,-1461202.8257054382,-1547217.3466153657,,
WO[USDJPY Cuo 45Δ/H@20Δ  ∧  USDKRW Cuo 45Δ/H@20Δ]  1M,worst_of,monthly,2025-04-30,-117042.210644224,-1578245.036349662,-1664259.5572595897,,
WO[USDJPY Cuo 45Δ/H@20Δ  ∧  USDKRW Cuo 45Δ/H@20Δ]  1M,worst_of,monthly,2025-05-31,-129843.13409205718,-1708088.1704417192,-1794102.6913516468,,
WO[USDJPY Cuo 45Δ/H@20Δ  ∧  USDKRW Cuo 45Δ/H@20Δ]  1M,worst_of,monthly,2025-06-30,-91949.79990931996,-1800037.970351039,-1886052.4912609665,,
WO[USDJPY Cuo 45Δ/H@20Δ  ∧  USDKRW Cuo 45Δ/H@20Δ]  1M,worst_of,monthly,2025-07-31,-116138.06946383818,-1916176.039814877,-2002190.5607248046,,
WO[USDJPY Cuo 45Δ/H@20Δ  ∧  USDKRW Cuo 45Δ/H@20Δ]  1M,worst_of,monthly,2025-08-31,-114507.18477503088,-2030683.2245899076,-2116697.7454998353,,
WO[USDJPY Cuo 45Δ/H@20Δ  ∧  USDKRW Cuo 45Δ/H@20Δ]  1M,worst_of,monthly,2025-09-30,518135.0510699481,-1512548.1735199594,-1598562.694429887,,
WO[USDJPY Cuo 45Δ/H@20Δ  ∧  USDKRW Cuo 45Δ/H@20Δ]  1M,worst_of,monthly,2025-10-31,-51573.51654742324,-1564121.6900673825,-1650136.21097731,,
WO[USDJPY Cuo 45Δ/H@20Δ  ∧  USDKRW Cuo 45Δ/H@20Δ]  1M,worst_of,monthly,2025-11-30,-76573.8962692457,-1640695.5863366285,-1726710.107246556,,
WO[USDJPY Cuo 45Δ/H@20Δ  ∧  USDKRW Cuo 45Δ/H@20Δ]  1M,worst_of,monthly,2025-12-31,-92988.01993285371,-1733683.6062694823,-1819698.1271794098,,
WO[USDJPY Cuo 45Δ/H@20Δ  ∧  USDKRW Cuo 45Δ/H@20Δ]  1M,worst_of,monthly,2026-01-31,-107099.3653552166,-1840782.9716246985,-1926797.492534626,,
WO[USDJPY Cuo 45Δ/H@20Δ  ∧  USDKRW Cuo 45Δ/H@20Δ]  1M,worst_of,monthly,2026-02-28,-111704.71078019324,-1952487.6824048916,-2038502.2033148191,,
WO[USDJPY Cuo 45Δ/H@20Δ  ∧  USDKRW Cuo 45Δ/H@20Δ]  1M,worst_of,monthly,2026-03-31,-84918.24217574306,-2037405.9245806346,-2123420.4454905624,,
WO[USDJPY Cuo 45Δ/H@20Δ  ∧  USDKRW Cuo 45Δ/H@20Δ]  1M,worst_of,monthly,2026-04-30,-149637.19566709982,-2187043.1202477342,-2273057.641157662,,
WO[USDJPY Cuo 45Δ/H@20Δ  ∧  USDKRW Cuo 45Δ/H@20Δ]  1M,worst_of,monthly,2026-05-31,-31185.11191871125,-2218228.232166446,-2304242.7530763736,,
WO[USDJPY Cuo 45Δ/H@20Δ  ∧  USDKRW Cuo 45Δ/H@20Δ]  1M,worst_of,annual,2023-12-31,-652078.3527439998,-652078.3527439995,-738092.8736539271,,
WO[USDJPY Cuo 45Δ/H@20Δ  ∧  USDKRW Cuo 45Δ/H@20Δ]  1M,worst_of,annual,2024-12-31,-494541.518706955,-1146619.8714509543,-1232634.392360882,,
WO[USDJPY Cuo 45Δ/H@20Δ  ∧  USDKRW Cuo 45Δ/H@20Δ]  1M,worst_of,annual,2025-12-31,-587063.7348185279,-1733683.6062694823,-1819698.1271794098,,
WO[USDJPY Cuo 45Δ/H@20Δ  ∧  USDKRW Cuo 45Δ/H@20Δ]  1M,worst_of,annual,2026-12-31,-484544.625896964,-2218228.232166446,-2304242.7530763736,,
WO[USDJPY Cuo 45Δ/H@20Δ  ∧  USDKRW Cuo 45Δ/H@20Δ]  6W,worst_of,monthly,2023-02-28,102426.52950893315,102426.52950893312,-53254.92708985992,,
WO[USDJPY Cuo 45Δ/H@20Δ  ∧  USDKRW Cuo 45Δ/H@20Δ]  6W,worst_of,monthly,2023-03-31,-151128.35487486614,-48701.82536593304,-204383.28196472608,,
WO[USDJPY Cuo 45Δ/H@20Δ  ∧  USDKRW Cuo 45Δ/H@20Δ]  6W,worst_of,monthly,2023-04-30,-61240.27772600239,-109942.1030919354,-265623.55969072843,,
WO[USDJPY Cuo 45Δ/H@20Δ  ∧  USDKRW Cuo 45Δ/H@20Δ]  6W,worst_of,monthly,2023-05-31,-165691.2861594549,-275633.38925139036,-431314.8458501834,,
WO[USDJPY Cuo 45Δ/H@20Δ  ∧  USDKRW Cuo 45Δ/H@20Δ]  6W,worst_of,monthly,2023-06-30,-131681.8876963445,-407315.2769477348,-562996.7335465278,,
WO[USDJPY Cuo 45Δ/H@20Δ  ∧  USDKRW Cuo 45Δ/H@20Δ]  6W,worst_of,monthly,2023-07-31,-116265.12892125401,-523580.40586898883,-679261.8624677819,,
WO[USDJPY Cuo 45Δ/H@20Δ  ∧  USDKRW Cuo 45Δ/H@20Δ]  6W,worst_of,monthly,2023-08-31,-41028.69714317176,-564609.1030121606,-720290.5596109537,,
WO[USDJPY Cuo 45Δ/H@20Δ  ∧  USDKRW Cuo 45Δ/H@20Δ]  6W,worst_of,monthly,2023-09-30,-122453.0569575225,-687062.159969683,-842743.6165684761,,
WO[USDJPY Cuo 45Δ/H@20Δ  ∧  USDKRW Cuo 45Δ/H@20Δ]  6W,worst_of,monthly,2023-10-31,404018.58632467175,-283043.57364501146,-438725.0302438045,,
WO[USDJPY Cuo 45Δ/H@20Δ  ∧  USDKRW Cuo 45Δ/H@20Δ]  6W,worst_of,monthly,2023-11-30,-99420.38403646511,-382463.95768147655,-538145.4142802695,,
WO[USDJPY Cuo 45Δ/H@20Δ  ∧  USDKRW Cuo 45Δ/H@20Δ]  6W,worst_of,monthly,2023-12-31,-120980.38038584589,-503444.33806732245,-659125.7946661154,,
WO[USDJPY Cuo 45Δ/H@20Δ  ∧  USDKRW Cuo 45Δ/H@20Δ]  6W,worst_of,monthly,2024-01-31,154410.22716468072,-349034.1109026416,-504715.56750143465,,
WO[USDJPY Cuo 45Δ/H@20Δ  ∧  USDKRW Cuo 45Δ/H@20Δ]  6W,worst_of,monthly,2024-02-29,-108972.0141390263,-458006.1250416679,-613687.581640461,,
WO[USDJPY Cuo 45Δ/H@20Δ  ∧  USDKRW Cuo 45Δ/H@20Δ]  6W,worst_of,monthly,2024-03-31,220021.5487681611,-237984.57627350683,-393666.0328722999,,
WO[USDJPY Cuo 45Δ/H@20Δ  ∧  USDKRW Cuo 45Δ/H@20Δ]  6W,worst_of,monthly,2024-04-30,368012.1006029031,130027.52432939623,-77593.42086407074,,
WO[USDJPY Cuo 45Δ/H@20Δ  ∧  USDKRW Cuo 45Δ/H@20Δ]  6W,worst_of,monthly,2024-05-31,-120267.45107571832,9760.073253677941,-197860.871939789,,
WO[USDJPY Cuo 45Δ/H@20Δ  ∧  USDKRW Cuo 45Δ/H@20Δ]  6W,worst_of,monthly,2024-06-30,24227.31925262302,33987.392506300974,-173633.552687166,,
WO[USDJPY Cuo 45Δ/H@20Δ  ∧  USDKRW Cuo 45Δ/H@20Δ]  6W,worst_of,monthly,2024-07-31,-122725.65085216226,-88738.25834586128,-296359.20353932824,,
WO[USDJPY Cuo 45Δ/H@20Δ  ∧  USDKRW Cuo 45Δ/H@20Δ]  6W,worst_of,monthly,2024-08-31,-118034.01726352223,-206772.27560938348,-414393.22080285044,,
WO[USDJPY Cuo 45Δ/H@20Δ  ∧  USDKRW Cuo 45Δ/H@20Δ]  6W,worst_of,monthly,2024-09-30,-111080.89390091912,-317853.16951030254,-525474.1147037696,,
WO[USDJPY Cuo 45Δ/H@20Δ  ∧  USDKRW Cuo 45Δ/H@20Δ]  6W,worst_of,monthly,2024-10-31,86517.03392179763,-231336.13558850484,-438957.0807819718,,
WO[USDJPY Cuo 45Δ/H@20Δ  ∧  USDKRW Cuo 45Δ/H@20Δ]  6W,worst_of,monthly,2024-11-30,-115909.24178528604,-347245.37737379095,-554866.3225672579,,
WO[USDJPY Cuo 45Δ/H@20Δ  ∧  USDKRW Cuo 45Δ/H@20Δ]  6W,worst_of,monthly,2024-12-31,-145849.57622474723,-493094.9535985383,-700715.8987920053,,
WO[USDJPY Cuo 45Δ/H@20Δ  ∧  USDKRW Cuo 45Δ/H@20Δ]  6W,worst_of,monthly,2025-01-31,-141763.784111682,-634858.7377102204,-842479.6829036874,,
WO[USDJPY Cuo 45Δ/H@20Δ  ∧  USDKRW Cuo 45Δ/H@20Δ]  6W,worst_of,monthly,2025-02-28,-108250.51372623457,-743109.2514364546,-950730.1966299216,,
WO[USDJPY Cuo 45Δ/H@20Δ  ∧  USDKRW Cuo 45Δ/H@20Δ]  6W,worst_of,monthly,2025-03-31,-103166.02646076171,-846275.2778972163,-1053896.223090683,,
WO[USDJPY Cuo 45Δ/H@20Δ  ∧  USDKRW Cuo 45Δ/H@20Δ]  6W,worst_of,monthly,2025-04-30,-122163.93141079062,-968439.2093080069,-1176060.154501474,,
WO[USDJPY Cuo 45Δ/H@20Δ  ∧  USDKRW Cuo 45Δ/H@20Δ]  6W,worst_of,monthly,2025-05-31,-137489.76617683732,-1105928.9754848443,-1313549.9206783113,,
WO[USDJPY Cuo 45Δ/H@20Δ  ∧  USDKRW Cuo 45Δ/H@20Δ]  6W,worst_of,monthly,2025-06-30,-126240.74720371206,-1232169.7226885566,-1439790.6678820236,,
WO[USDJPY Cuo 45Δ/H@20Δ  ∧  USDKRW Cuo 45Δ/H@20Δ]  6W,worst_of,monthly,2025-07-31,-150577.93514413811,-1382747.657832695,-1590368.603026162,,
WO[USDJPY Cuo 45Δ/H@20Δ  ∧  USDKRW Cuo 45Δ/H@20Δ]  6W,worst_of,monthly,2025-08-31,-135571.38858357494,-1518319.0464162696,-1725939.9916097366,,
WO[USDJPY Cuo 45Δ/H@20Δ  ∧  USDKRW Cuo 45Δ/H@20Δ]  6W,worst_of,monthly,2025-09-30,193122.4417373411,-1325196.6046789284,-1532817.5498723953,,
WO[USDJPY Cuo 45Δ/H@20Δ  ∧  USDKRW Cuo 45Δ/H@20Δ]  6W,worst_of,monthly,2025-10-31,-32945.1752964357,-1358141.7799753638,-1565762.7251688307,,
WO[USDJPY Cuo 45Δ/H@20Δ  ∧  USDKRW Cuo 45Δ/H@20Δ]  6W,worst_of,monthly,2025-11-30,-81797.51450655251,-1439939.2944819161,-1647560.239675383,,
WO[USDJPY Cuo 45Δ/H@20Δ  ∧  USDKRW Cuo 45Δ/H@20Δ]  6W,worst_of,monthly,2025-12-31,-130981.56464636594,-1570920.8591282824,-1778541.8043217494,,
WO[USDJPY Cuo 45Δ/H@20Δ  ∧  USDKRW Cuo 45Δ/H@20Δ]  6W,worst_of,monthly,2026-01-31,-71534.94537529908,-1642455.8045035815,-1850076.7496970484,,
WO[USDJPY Cuo 45Δ/H@20Δ  ∧  USDKRW Cuo 45Δ/H@20Δ]  6W,worst_of,monthly,2026-02-28,-97909.07998117447,-1740364.8844847563,-1947985.8296782232,,
WO[USDJPY Cuo 45Δ/H@20Δ  ∧  USDKRW Cuo 45Δ/H@20Δ]  6W,worst_of,monthly,2026-03-31,-120968.79451998959,-1861333.6790047458,-2068954.6241982128,,
WO[USDJPY Cuo 45Δ/H@20Δ  ∧  USDKRW Cuo 45Δ/H@20Δ]  6W,worst_of,monthly,2026-04-30,-134597.9855290364,-1995931.664533783,-2203552.60972725,,
WO[USDJPY Cuo 45Δ/H@20Δ  ∧  USDKRW Cuo 45Δ/H@20Δ]  6W,worst_of,monthly,2026-05-31,-44130.18971674933,-2040061.8542505323,-2247682.7994439993,,
WO[USDJPY Cuo 45Δ/H@20Δ  ∧  USDKRW Cuo 45Δ/H@20Δ]  6W,worst_of,annual,2023-12-31,-503444.3380673223,-503444.33806732245,-659125.7946661154,,
WO[USDJPY Cuo 45Δ/H@20Δ  ∧  USDKRW Cuo 45Δ/H@20Δ]  6W,worst_of,annual,2024-12-31,10349.384468784056,-493094.9535985383,-700715.8987920053,,
WO[USDJPY Cuo 45Δ/H@20Δ  ∧  USDKRW Cuo 45Δ/H@20Δ]  6W,worst_of,annual,2025-12-31,-1077825.9055297445,-1570920.8591282824,-1778541.8043217494,,
WO[USDJPY Cuo 45Δ/H@20Δ  ∧  USDKRW Cuo 45Δ/H@20Δ]  6W,worst_of,annual,2026-12-31,-469140.9951222489,-2040061.8542505323,-2247682.7994439993,,
WO[USDJPY Cuo 45Δ/H@20Δ  ∧  USDKRW Cuo 45Δ/H@20Δ]  10W,worst_of,monthly,2023-03-31,-137673.2055362655,-137673.2055362655,-128229.68538738231,,
WO[USDJPY Cuo 45Δ/H@20Δ  ∧  USDKRW Cuo 45Δ/H@20Δ]  10W,worst_of,monthly,2023-04-30,21143.51258070243,-116529.69295556308,-107086.17280667988,,
WO[USDJPY Cuo 45Δ/H@20Δ  ∧  USDKRW Cuo 45Δ/H@20Δ]  10W,worst_of,monthly,2023-05-31,410395.4428605491,293865.7499049861,-63881.69242791389,,
WO[USDJPY Cuo 45Δ/H@20Δ  ∧  USDKRW Cuo 45Δ/H@20Δ]  10W,worst_of,monthly,2023-06-30,-188789.74530779832,105076.00459718778,-252671.4377357122,,
WO[USDJPY Cuo 45Δ/H@20Δ  ∧  USDKRW Cuo 45Δ/H@20Δ]  10W,worst_of,monthly,2023-07-31,-150306.0443433189,-45230.03974613112,-402977.4820790311,,
WO[USDJPY Cuo 45Δ/H@20Δ  ∧  USDKRW Cuo 45Δ/H@20Δ]  10W,worst_of,monthly,2023-08-31,-152536.80819992014,-197766.84794605125,-555514.2902789513,,
WO[USDJPY Cuo 45Δ/H@20Δ  ∧  USDKRW Cuo 45Δ/H@20Δ]  10W,worst_of,monthly,2023-09-30,523844.8344737737,326077.9865277225,-104408.91691752122,,
WO[USDJPY Cuo 45Δ/H@20Δ  ∧  USDKRW Cuo 45Δ/H@20Δ]  10W,worst_of,monthly,2023-10-31,-151646.8544575465,174431.132070176,-256055.7713750677,,
WO[USDJPY Cuo 45Δ/H@20Δ  ∧  USDKRW Cuo 45Δ/H@20Δ]  10W,worst_of,monthly,2023-11-30,-147450.54685324497,26980.585216931082,-403506.31822831265,,
WO[USDJPY Cuo 45Δ/H@20Δ  ∧  USDKRW Cuo 45Δ/H@20Δ]  10W,worst_of,monthly,2023-12-31,-109152.49680287828,-82171.9115859472,-512658.8150311909,,
WO[USDJPY Cuo 45Δ/H@20Δ  ∧  USDKRW Cuo 45Δ/H@20Δ]  10W,worst_of,monthly,2024-01-31,-156035.34520321697,-238207.2567891642,-668694.160234408,,
WO[USDJPY Cuo 45Δ/H@20Δ  ∧  USDKRW Cuo 45Δ/H@20Δ]  10W,worst_of,monthly,2024-02-29,-144411.64484209756,-382618.90163126186,-813105.8050765055,,
WO[USDJPY Cuo 45Δ/H@20Δ  ∧  USDKRW Cuo 45Δ/H@20Δ]  10W,worst_of,monthly,2024-03-31,-46093.61914583009,-428712.52077709185,-859199.4242223356,,
WO[USDJPY Cuo 45Δ/H@20Δ  ∧  USDKRW Cuo 45Δ/H@20Δ]  10W,worst_of,monthly,2024-04-30,-12351.529107411758,-441064.04988450365,-871550.9533297473,,
WO[USDJPY Cuo 45Δ/H@20Δ  ∧  USDKRW Cuo 45Δ/H@20Δ]  10W,worst_of,monthly,2024-05-31,-132905.26519020647,-573969.3150747101,-1004456.2185199538,,
WO[USDJPY Cuo 45Δ/H@20Δ  ∧  USDKRW Cuo 45Δ/H@20Δ]  10W,worst_of,monthly,2024-06-30,-124255.51934448628,-698224.8344191962,-1128711.7378644398,,
WO[USDJPY Cuo 45Δ/H@20Δ  ∧  USDKRW Cuo 45Δ/H@20Δ]  10W,worst_of,monthly,2024-07-31,-107023.53307615619,-805248.3674953525,-1235735.2709405962,,
WO[USDJPY Cuo 45Δ/H@20Δ  ∧  USDKRW Cuo 45Δ/H@20Δ]  10W,worst_of,monthly,2024-08-31,-138691.49922666445,-943939.8667220172,-1374426.770167261,,
WO[USDJPY Cuo 45Δ/H@20Δ  ∧  USDKRW Cuo 45Δ/H@20Δ]  10W,worst_of,monthly,2024-09-30,-135992.38605530807,-1079932.2527773252,-1510419.1562225688,,
WO[USDJPY Cuo 45Δ/H@20Δ  ∧  USDKRW Cuo 45Δ/H@20Δ]  10W,worst_of,monthly,2024-10-31,-28976.468159273598,-1108908.7209365985,-1539395.624381842,,
WO[USDJPY Cuo 45Δ/H@20Δ  ∧  USDKRW Cuo 45Δ/H@20Δ]  10W,worst_of,monthly,2024-11-30,-129875.63039259212,-1238784.3513291907,-1669271.2547744345,,
WO[USDJPY Cuo 45Δ/H@20Δ  ∧  USDKRW Cuo 45Δ/H@20Δ]  10W,worst_of,monthly,2024-12-31,-146469.0452004147,-1385253.3965296051,-1815740.299974849,,
WO[USDJPY Cuo 45Δ/H@20Δ  ∧  USDKRW Cuo 45Δ/H@20Δ]  10W,worst_of,monthly,2025-01-31,-177129.5274061364,-1562382.9239357421,-1992869.827380986,,
WO[USDJPY Cuo 45Δ/H@20Δ  ∧  USDKRW Cuo 45Δ/H@20Δ]  10W,worst_of,monthly,2025-02-28,-152833.83952221097,-1715216.7634579532,-2145703.666903197,,
WO[USDJPY Cuo 45Δ/H@20Δ  ∧  USDKRW Cuo 45Δ/H@20Δ]  10W,worst_of,monthly,2025-03-31,-138838.51184343887,-1854055.2753013927,-2284542.1787466365,,
WO[USDJPY Cuo 45Δ/H@20Δ  ∧  USDKRW Cuo 45Δ/H@20Δ]  10W,worst_of,monthly,2025-04-30,-129662.70288416339,-1983717.9781855561,-2414204.8816307997,,
WO[USDJPY Cuo 45Δ/H@20Δ  ∧  USDKRW Cuo 45Δ/H@20Δ]  10W,worst_of,monthly,2025-05-31,-146349.02891087026,-2130067.0070964266,-2560553.9105416704,,
WO[USDJPY Cuo 45Δ/H@20Δ  ∧  USDKRW Cuo 45Δ/H@20Δ]  10W,worst_of,monthly,2025-06-30,-158541.04931853182,-2288608.056414958,-2719094.959860202,,
WO[USDJPY Cuo 45Δ/H@20Δ  ∧  USDKRW Cuo 45Δ/H@20Δ]  10W,worst_of,monthly,2025-07-31,-170811.2473547783,-2459419.3037697375,-2889906.2072149813,,
WO[USDJPY Cuo 45Δ/H@20Δ  ∧  USDKRW Cuo 45Δ/H@20Δ]  10W,worst_of,monthly,2025-08-31,-161199.5596636956,-2620618.8634334328,-3051105.7668786766,,
WO[USDJPY Cuo 45Δ/H@20Δ  ∧  USDKRW Cuo 45Δ/H@20Δ]  10W,worst_of,monthly,2025-09-30,315668.8899905065,-2304949.973442926,-2735436.87688817,,
WO[USDJPY Cuo 45Δ/H@20Δ  ∧  USDKRW Cuo 45Δ/H@20Δ]  10W,worst_of,monthly,2025-10-31,286396.34282210306,-2018553.630620823,-2449040.5340660666,,
WO[USDJPY Cuo 45Δ/H@20Δ  ∧  USDKRW Cuo 45Δ/H@20Δ]  10W,worst_of,monthly,2025-11-30,-135107.4844596786,-2153661.1150805023,-2584148.018525746,,
WO[USDJPY Cuo 45Δ/H@20Δ  ∧  USDKRW Cuo 45Δ/H@20Δ]  10W,worst_of,monthly,2025-12-31,-117820.34296394233,-2271481.4580444447,-2701968.3614896885,,
WO[USDJPY Cuo 45Δ/H@20Δ  ∧  USDKRW Cuo 45Δ/H@20Δ]  10W,worst_of,monthly,2026-01-31,-149071.986914857,-2420553.444959301,-2851040.348404545,,
WO[USDJPY Cuo 45Δ/H@20Δ  ∧  USDKRW Cuo 45Δ/H@20Δ]  10W,worst_of,monthly,2026-02-28,-135154.04260967142,-2555707.487568972,-2986194.391014216,,
WO[USDJPY Cuo 45Δ/H@20Δ  ∧  USDKRW Cuo 45Δ/H@20Δ]  10W,worst_of,monthly,2026-03-31,-100903.5505408714,-2656611.0381098446,-3087097.9415550884,,
WO[USDJPY Cuo 45Δ/H@20Δ  ∧  USDKRW Cuo 45Δ/H@20Δ]  10W,worst_of,monthly,2026-04-30,-137615.61669659853,-2794226.6548064435,-3224713.5582516873,,
WO[USDJPY Cuo 45Δ/H@20Δ  ∧  USDKRW Cuo 45Δ/H@20Δ]  10W,worst_of,monthly,2026-05-31,-42644.25181900374,-2836870.9066254473,-3267357.810070691,,
WO[USDJPY Cuo 45Δ/H@20Δ  ∧  USDKRW Cuo 45Δ/H@20Δ]  10W,worst_of,annual,2023-12-31,-82171.91158594735,-82171.9115859472,-512658.8150311909,,
WO[USDJPY Cuo 45Δ/H@20Δ  ∧  USDKRW Cuo 45Δ/H@20Δ]  10W,worst_of,annual,2024-12-31,-1303081.4849436583,-1385253.3965296051,-1815740.299974849,,
WO[USDJPY Cuo 45Δ/H@20Δ  ∧  USDKRW Cuo 45Δ/H@20Δ]  10W,worst_of,annual,2025-12-31,-886228.061514837,-2271481.4580444447,-2701968.3614896885,,
WO[USDJPY Cuo 45Δ/H@20Δ  ∧  USDKRW Cuo 45Δ/H@20Δ]  10W,worst_of,annual,2026-12-31,-565389.4485810021,-2836870.9066254473,-3267357.810070691,,
WO[USDJPY Cuo 45Δ/H@20Δ  ∧  USDKRW Cuo 45Δ/H@20Δ]  3M,worst_of,monthly,2023-03-31,-10369.222781431157,-10369.222781431157,0.0,,
WO[USDJPY Cuo 45Δ/H@20Δ  ∧  USDKRW Cuo 45Δ/H@20Δ]  3M,worst_of,monthly,2023-04-30,-190222.6816654266,-200591.90444685778,-190222.68166542661,,
WO[USDJPY Cuo 45Δ/H@20Δ  ∧  USDKRW Cuo 45Δ/H@20Δ]  3M,worst_of,monthly,2023-05-31,860162.808553078,659570.9041062202,-18559.658695876366,,
WO[USDJPY Cuo 45Δ/H@20Δ  ∧  USDKRW Cuo 45Δ/H@20Δ]  3M,worst_of,monthly,2023-06-30,-160457.93652734894,499112.96757887135,-191509.6376917123,,
WO[USDJPY Cuo 45Δ/H@20Δ  ∧  USDKRW Cuo 45Δ/H@20Δ]  3M,worst_of,monthly,2023-07-31,-181157.85284660434,317955.114732267,-372667.49053831666,,
WO[USDJPY Cuo 45Δ/H@20Δ  ∧  USDKRW Cuo 45Δ/H@20Δ]  3M,worst_of,monthly,2023-08-31,-173652.84733534342,144302.26739692356,-546320.33787366,,
WO[USDJPY Cuo 45Δ/H@20Δ  ∧  USDKRW Cuo 45Δ/H@20Δ]  3M,worst_of,monthly,2023-09-30,-153818.18649865402,-9515.919101730418,-700138.5243723141,,
WO[USDJPY Cuo 45Δ/H@20Δ  ∧  USDKRW Cuo 45Δ/H@20Δ]  3M,worst_of,monthly,2023-10-31,-178486.72775394397,-188002.6468556744,-878625.2521262581,,
WO[USDJPY Cuo 45Δ/H@20Δ  ∧  USDKRW Cuo 45Δ/H@20Δ]  3M,worst_of,monthly,2023-11-30,-166305.7655582437,-354308.412413918,-1044931.0176845016,,
WO[USDJPY Cuo 45Δ/H@20Δ  ∧  USDKRW Cuo 45Δ/H@20Δ]  3M,worst_of,monthly,2023-12-31,-136644.3522471137,-490952.76466103183,-1181575.3699316154,,
WO[USDJPY Cuo 45Δ/H@20Δ  ∧  USDKRW Cuo 45Δ/H@20Δ]  3M,worst_of,monthly,2024-01-31,-144549.8526704191,-635502.617331451,-1326125.2226020347,,
WO[USDJPY Cuo 45Δ/H@20Δ  ∧  USDKRW Cuo 45Δ/H@20Δ]  3M,worst_of,monthly,2024-02-29,266461.5641139763,-369041.0532174748,-1059663.6584880585,,
WO[USDJPY Cuo 45Δ/H@20Δ  ∧  USDKRW Cuo 45Δ/H@20Δ]  3M,worst_of,monthly,2024-03-31,-148047.0812914757,-517088.1345089505,-1207710.7397795343,,
WO[USDJPY Cuo 45Δ/H@20Δ  ∧  USDKRW Cuo 45Δ/H@20Δ]  3M,worst_of,monthly,2024-04-30,-163775.131637649,-680863.2661465994,-1371485.871417183,,
WO[USDJPY Cuo 45Δ/H@20Δ  ∧  USDKRW Cuo 45Δ/H@20Δ]  3M,worst_of,monthly,2024-05-31,-130958.29069360228,-811821.5568402017,-1502444.1621107855,,
WO[USDJPY Cuo 45Δ/H@20Δ  ∧  USDKRW Cuo 45Δ/H@20Δ]  3M,worst_of,monthly,2024-06-30,-134140.40874233854,-945961.9655825404,-1636584.570853124,,
WO[USDJPY Cuo 45Δ/H@20Δ  ∧  USDKRW Cuo 45Δ/H@20Δ]  3M,worst_of,monthly,2024-07-31,-154285.72041254776,-1100247.6859950884,-1790870.291265672,,
WO[USDJPY Cuo 45Δ/H@20Δ  ∧  USDKRW Cuo 45Δ/H@20Δ]  3M,worst_of,monthly,2024-08-31,-137177.76527119594,-1237425.4512662846,-1928048.0565368682,,
WO[USDJPY Cuo 45Δ/H@20Δ  ∧  USDKRW Cuo 45Δ/H@20Δ]  3M,worst_of,monthly,2024-09-30,-144185.42769647078,-1381610.8789627557,-2072233.4842333393,,
WO[USDJPY Cuo 45Δ/H@20Δ  ∧  USDKRW Cuo 45Δ/H@20Δ]  3M,worst_of,monthly,2024-10-31,-110072.10882532585,-1491682.9877880814,-2182305.5930586653,,
WO[USDJPY Cuo 45Δ/H@20Δ  ∧  USDKRW Cuo 45Δ/H@20Δ]  3M,worst_of,monthly,2024-11-30,-107357.16066320254,-1599040.1484512838,-2289662.7537218677,,
WO[USDJPY Cuo 45Δ/H@20Δ  ∧  USDKRW Cuo 45Δ/H@20Δ]  3M,worst_of,monthly,2024-12-31,-145404.9685252613,-1744445.1169765452,-2435067.722247129,,
WO[USDJPY Cuo 45Δ/H@20Δ  ∧  USDKRW Cuo 45Δ/H@20Δ]  3M,worst_of,monthly,2025-01-31,-174875.5515499651,-1919320.6685265107,-2609943.2737970944,,
WO[USDJPY Cuo 45Δ/H@20Δ  ∧  USDKRW Cuo 45Δ/H@20Δ]  3M,worst_of,monthly,2025-02-28,-181405.16150843995,-2100725.8300349503,-2791348.435305534,,
WO[USDJPY Cuo 45Δ/H@20Δ  ∧  USDKRW Cuo 45Δ/H@20Δ]  3M,worst_of,monthly,2025-03-31,-162793.47638300934,-2263519.3064179607,-2954141.9116885443,,
WO[USDJPY Cuo 45Δ/H@20Δ  ∧  USDKRW Cuo 45Δ/H@20Δ]  3M,worst_of,monthly,2025-04-30,-140777.17291385806,-2404296.479331818,-3094919.0846024016,,
WO[USDJPY Cuo 45Δ/H@20Δ  ∧  USDKRW Cuo 45Δ/H@20Δ]  3M,worst_of,monthly,2025-05-31,-156225.67583525303,-2560522.155167071,-3251144.760437655,,
WO[USDJPY Cuo 45Δ/H@20Δ  ∧  USDKRW Cuo 45Δ/H@20Δ]  3M,worst_of,monthly,2025-06-30,-164053.86261148486,-2724576.017778557,-3415198.6230491404,,
WO[USDJPY Cuo 45Δ/H@20Δ  ∧  USDKRW Cuo 45Δ/H@20Δ]  3M,worst_of,monthly,2025-07-31,-190841.9083479446,-2915417.9261265015,-3606040.531397085,,
WO[USDJPY Cuo 45Δ/H@20Δ  ∧  USDKRW Cuo 45Δ/H@20Δ]  3M,worst_of,monthly,2025-08-31,-177082.72893130037,-3092500.655057802,-3783123.2603283855,,
WO[USDJPY Cuo 45Δ/H@20Δ  ∧  USDKRW Cuo 45Δ/H@20Δ]  3M,worst_of,monthly,2025-09-30,-8599.931337177852,-3101100.5863949805,-3791723.191665564,,
WO[USDJPY Cuo 45Δ/H@20Δ  ∧  USDKRW Cuo 45Δ/H@20Δ]  3M,worst_of,monthly,2025-10-31,533783.7747573535,-2567316.811637627,-3257939.4169082106,,
WO[USDJPY Cuo 45Δ/H@20Δ  ∧  USDKRW Cuo 45Δ/H@20Δ]  3M,worst_of,monthly,2025-11-30,-156783.66575013666,-2724100.477387763,-3414723.0826583467,,
WO[USDJPY Cuo 45Δ/H@20Δ  ∧  USDKRW Cuo 45Δ/H@20Δ]  3M,worst_of,monthly,2025-12-31,-161257.56295849185,-2885358.040346255,-3575980.6456168387,,
WO[USDJPY Cuo 45Δ/H@20Δ  ∧  USDKRW Cuo 45Δ/H@20Δ]  3M,worst_of,monthly,2026-01-31,-125427.9405445284,-3010785.9808907844,-3701408.586161368,,
WO[USDJPY Cuo 45Δ/H@20Δ  ∧  USDKRW Cuo 45Δ/H@20Δ]  3M,worst_of,monthly,2026-02-28,-166947.60378993404,-3177733.5846807184,-3868356.189951302,,
WO[USDJPY Cuo 45Δ/H@20Δ  ∧  USDKRW Cuo 45Δ/H@20Δ]  3M,worst_of,monthly,2026-03-31,798126.8109454629,-2379606.773735255,-3070229.3790058387,,
WO[USDJPY Cuo 45Δ/H@20Δ  ∧  USDKRW Cuo 45Δ/H@20Δ]  3M,worst_of,monthly,2026-04-30,-168468.1850824382,-2548074.958817694,-3238697.5640882775,,
WO[USDJPY Cuo 45Δ/H@20Δ  ∧  USDKRW Cuo 45Δ/H@20Δ]  3M,worst_of,monthly,2026-05-31,-47011.07127896644,-2595086.0300966604,-3285708.635367244,,
WO[USDJPY Cuo 45Δ/H@20Δ  ∧  USDKRW Cuo 45Δ/H@20Δ]  3M,worst_of,annual,2023-12-31,-490952.76466103183,-490952.76466103183,-1181575.3699316154,,
WO[USDJPY Cuo 45Δ/H@20Δ  ∧  USDKRW Cuo 45Δ/H@20Δ]  3M,worst_of,annual,2024-12-31,-1253492.3523155125,-1744445.1169765452,-2435067.722247129,,
WO[USDJPY Cuo 45Δ/H@20Δ  ∧  USDKRW Cuo 45Δ/H@20Δ]  3M,worst_of,annual,2025-12-31,-1140912.9233697082,-2885358.040346255,-3575980.6456168387,,
WO[USDJPY Cuo 45Δ/H@20Δ  ∧  USDKRW Cuo 45Δ/H@20Δ]  3M,worst_of,annual,2026-12-31,290272.01024959574,-2595086.0300966604,-3285708.635367244,,
WO[USDJPY Cuo 45Δ/H@15Δ  ∧  USDKRW Cuo 45Δ/H@15Δ]  2M,worst_of,monthly,2023-03-31,1116855.4295498163,1116855.4295498163,-205812.35305084358,,
WO[USDJPY Cuo 45Δ/H@15Δ  ∧  USDKRW Cuo 45Δ/H@15Δ]  2M,worst_of,monthly,2023-04-30,-116963.41744893661,999892.0121008799,-322775.77049977996,,
WO[USDJPY Cuo 45Δ/H@15Δ  ∧  USDKRW Cuo 45Δ/H@15Δ]  2M,worst_of,monthly,2023-05-31,511287.99303460144,1511180.0051354812,-78793.2971673205,,
WO[USDJPY Cuo 45Δ/H@15Δ  ∧  USDKRW Cuo 45Δ/H@15Δ]  2M,worst_of,monthly,2023-06-30,-284793.9354636038,1226386.069671877,-363587.2326309248,,
WO[USDJPY Cuo 45Δ/H@15Δ  ∧  USDKRW Cuo 45Δ/H@15Δ]  2M,worst_of,monthly,2023-07-31,-217881.8440557752,1008504.2256161019,-581469.0766866999,,
WO[USDJPY Cuo 45Δ/H@15Δ  ∧  USDKRW Cuo 45Δ/H@15Δ]  2M,worst_of,monthly,2023-08-31,281992.66093647096,1290496.8865525725,-299476.41575022927,,
WO[USDJPY Cuo 45Δ/H@15Δ  ∧  USDKRW Cuo 45Δ/H@15Δ]  2M,worst_of,monthly,2023-09-30,390028.1606919386,1680525.0472445108,-190129.20873807883,,
WO[USDJPY Cuo 45Δ/H@15Δ  ∧  USDKRW Cuo 45Δ/H@15Δ]  2M,worst_of,monthly,2023-10-31,784515.0830417315,2465040.1302862423,-22244.781643008348,,
WO[USDJPY Cuo 45Δ/H@15Δ  ∧  USDKRW Cuo 45Δ/H@15Δ]  2M,worst_of,monthly,2023-11-30,-219823.69504253764,2245216.435243705,-242068.47668554587,,
WO[USDJPY Cuo 45Δ/H@15Δ  ∧  USDKRW Cuo 45Δ/H@15Δ]  2M,worst_of,monthly,2023-12-31,-210472.60078432475,2034743.8344593795,-452541.07746987115,,
WO[USDJPY Cuo 45Δ/H@15Δ  ∧  USDKRW Cuo 45Δ/H@15Δ]  2M,worst_of,monthly,2024-01-31,-229060.37956412148,1805683.4548952584,-681601.4570339923,,
WO[USDJPY Cuo 45Δ/H@15Δ  ∧  USDKRW Cuo 45Δ/H@15Δ]  2M,worst_of,monthly,2024-02-29,389541.28458030394,2195224.7394755627,-292060.172453688,,
WO[USDJPY Cuo 45Δ/H@15Δ  ∧  USDKRW Cuo 45Δ/H@15Δ]  2M,worst_of,monthly,2024-03-31,60786.13264433077,2256010.872119894,-231274.0398093569,,
WO[USDJPY Cuo 45Δ/H@15Δ  ∧  USDKRW Cuo 45Δ/H@15Δ]  2M,worst_of,monthly,2024-04-30,974644.5297119651,3230655.4018318597,-97274.75266072014,,
WO[USDJPY Cuo 45Δ/H@15Δ  ∧  USDKRW Cuo 45Δ/H@15Δ]  2M,worst_of,monthly,2024-05-31,-212741.9084428656,3017913.4933889946,-310016.66110358527,,
WO[USDJPY Cuo 45Δ/H@15Δ  ∧  USDKRW Cuo 45Δ/H@15Δ]  2M,worst_of,monthly,2024-06-30,117315.34343012613,3135228.83681912,-192701.31767345965,,
WO[USDJPY Cuo 45Δ/H@15Δ  ∧  USDKRW Cuo 45Δ/H@15Δ]  2M,worst_of,monthly,2024-07-31,-182442.8892206205,2952785.9475984997,-375144.20689408015,,
WO[USDJPY Cuo 45Δ/H@15Δ  ∧  USDKRW Cuo 45Δ/H@15Δ]  2M,worst_of,monthly,2024-08-31,-216186.50253912332,2736599.4450593763,-591330.7094332036,,
WO[USDJPY Cuo 45Δ/H@15Δ  ∧  USDKRW Cuo 45Δ/H@15Δ]  2M,worst_of,monthly,2024-09-30,-205670.2016564914,2530929.243402885,-797000.9110896951,,
WO[USDJPY Cuo 45Δ/H@15Δ  ∧  USDKRW Cuo 45Δ/H@15Δ]  2M,worst_of,monthly,2024-10-31,176695.43906570086,2707624.6824685866,-620305.4720239933,,
WO[USDJPY Cuo 45Δ/H@15Δ  ∧  USDKRW Cuo 45Δ/H@15Δ]  2M,worst_of,monthly,2024-11-30,-192679.49899006513,2514945.1834785216,-812984.9710140582,,
WO[USDJPY Cuo 45Δ/H@15Δ  ∧  USDKRW Cuo 45Δ/H@15Δ]  2M,worst_of,monthly,2024-12-31,-233835.73489189695,2281109.4485866246,-1046820.7059059553,,
WO[USDJPY Cuo 45Δ/H@15Δ  ∧  USDKRW Cuo 45Δ/H@15Δ]  2M,worst_of,monthly,2025-01-31,-254115.13081353338,2026994.317773092,-1300935.8367194878,,
WO[USDJPY Cuo 45Δ/H@15Δ  ∧  USDKRW Cuo 45Δ/H@15Δ]  2M,worst_of,monthly,2025-02-28,-206934.21582389425,1820060.1019491977,-1507870.0525433822,,
WO[USDJPY Cuo 45Δ/H@15Δ  ∧  USDKRW Cuo 45Δ/H@15Δ]  2M,worst_of,monthly,2025-03-31,-183165.6875212172,1636894.4144279805,-1691035.7400645993,,
WO[USDJPY Cuo 45Δ/H@15Δ  ∧  USDKRW Cuo 45Δ/H@15Δ]  2M,worst_of,monthly,2025-04-30,-198631.87269934977,1438262.541728631,-1889667.612763949,,
WO[USDJPY Cuo 45Δ/H@15Δ  ∧  USDKRW Cuo 45Δ/H@15Δ]  2M,worst_of,monthly,2025-05-31,-237394.05131122528,1200868.4904174055,-2127061.6640751744,,
WO[USDJPY Cuo 45Δ/H@15Δ  ∧  USDKRW Cuo 45Δ/H@15Δ]  2M,worst_of,monthly,2025-06-30,-248324.98730041954,952543.5031169861,-2375386.6513755936,,
WO[USDJPY Cuo 45Δ/H@15Δ  ∧  USDKRW Cuo 45Δ/H@15Δ]  2M,worst_of,monthly,2025-07-31,-181202.54687403984,771340.9562429466,-2556589.1982496334,,
WO[USDJPY Cuo 45Δ/H@15Δ  ∧  USDKRW Cuo 45Δ/H@15Δ]  2M,worst_of,monthly,2025-08-31,217047.8976487083,988388.8538916548,-2339541.300600925,,
WO[USDJPY Cuo 45Δ/H@15Δ  ∧  USDKRW Cuo 45Δ/H@15Δ]  2M,worst_of,monthly,2025-09-30,676527.263655748,1664916.1175474029,-1663014.036945177,,
WO[USDJPY Cuo 45Δ/H@15Δ  ∧  USDKRW Cuo 45Δ/H@15Δ]  2M,worst_of,monthly,2025-10-31,244755.41047404884,1909671.528021452,-1418258.6264711278,,
WO[USDJPY Cuo 45Δ/H@15Δ  ∧  USDKRW Cuo 45Δ/H@15Δ]  2M,worst_of,monthly,2025-11-30,-201730.10088454222,1707941.4271369097,-1619988.7273556702,,
WO[USDJPY Cuo 45Δ/H@15Δ  ∧  USDKRW Cuo 45Δ/H@15Δ]  2M,worst_of,monthly,2025-12-31,-84214.67203601745,1623726.755100892,-1704203.399391688,,
WO[USDJPY Cuo 45Δ/H@15Δ  ∧  USDKRW Cuo 45Δ/H@15Δ]  2M,worst_of,monthly,2026-01-31,-32523.118584562864,1591203.636516329,-1736726.517976251,,
WO[USDJPY Cuo 45Δ/H@15Δ  ∧  USDKRW Cuo 45Δ/H@15Δ]  2M,worst_of,monthly,2026-02-28,-212145.98877088405,1379057.647745445,-1948872.506747135,,
WO[USDJPY Cuo 45Δ/H@15Δ  ∧  USDKRW Cuo 45Δ/H@15Δ]  2M,worst_of,monthly,2026-03-31,63264.99648842545,1442322.64423387,-1885607.5102587098,,
WO[USDJPY Cuo 45Δ/H@15Δ  ∧  USDKRW Cuo 45Δ/H@15Δ]  2M,worst_of,monthly,2026-04-30,-201435.68232526557,1240886.9619086047,-2087043.1925839751,,
WO[USDJPY Cuo 45Δ/H@15Δ  ∧  USDKRW Cuo 45Δ/H@15Δ]  2M,worst_of,monthly,2026-05-31,-73596.30869404279,1167290.653214562,-2160639.5012780176,,
WO[USDJPY Cuo 45Δ/H@15Δ  ∧  USDKRW Cuo 45Δ/H@15Δ]  2M,worst_of,annual,2023-12-31,2034743.8344593807,2034743.8344593795,-452541.07746987115,,
WO[USDJPY Cuo 45Δ/H@15Δ  ∧  USDKRW Cuo 45Δ/H@15Δ]  2M,worst_of,annual,2024-12-31,246365.61412724247,2281109.4485866246,-1046820.7059059553,,
WO[USDJPY Cuo 45Δ/H@15Δ  ∧  USDKRW Cuo 45Δ/H@15Δ]  2M,worst_of,annual,2025-12-31,-657382.6934857338,1623726.755100892,-1704203.399391688,,
WO[USDJPY Cuo 45Δ/H@15Δ  ∧  USDKRW Cuo 45Δ/H@15Δ]  2M,worst_of,annual,2026-12-31,-456436.1018863298,1167290.653214562,-2160639.5012780176,,
WO[USDJPY Cuo 45Δ/H@15Δ  ∧  USDKRW Cuo 45Δ/H@15Δ]  1M,worst_of,monthly,2023-02-28,-55528.81813446343,-55528.818134463436,-108434.4464242393,,
WO[USDJPY Cuo 45Δ/H@15Δ  ∧  USDKRW Cuo 45Δ/H@15Δ]  1M,worst_of,monthly,2023-03-31,-185142.00201243942,-240670.82014690287,-293576.44843667874,,
WO[USDJPY Cuo 45Δ/H@15Δ  ∧  USDKRW Cuo 45Δ/H@15Δ]  1M,worst_of,monthly,2023-04-30,588449.0066799099,347778.18653300713,0.0,,
WO[USDJPY Cuo 45Δ/H@15Δ  ∧  USDKRW Cuo 45Δ/H@15Δ]  1M,worst_of,monthly,2023-05-31,236562.03764387057,584340.2241768774,-84866.5291212264,,
WO[USDJPY Cuo 45Δ/H@15Δ  ∧  USDKRW Cuo 45Δ/H@15Δ]  1M,worst_of,monthly,2023-06-30,-176338.30222433183,408001.92195254547,-261204.83134555834,,
WO[USDJPY Cuo 45Δ/H@15Δ  ∧  USDKRW Cuo 45Δ/H@15Δ]  1M,worst_of,monthly,2023-07-31,-157074.07895417183,250927.8429983737,-418278.91029973014,,
WO[USDJPY Cuo 45Δ/H@15Δ  ∧  USDKRW Cuo 45Δ/H@15Δ]  1M,worst_of,monthly,2023-08-31,-111842.15643183599,139085.68656653777,-530121.0667315661,,
WO[USDJPY Cuo 45Δ/H@15Δ  ∧  USDKRW Cuo 45Δ/H@15Δ]  1M,worst_of,monthly,2023-09-30,435142.1346837861,574227.8212503238,-94978.93204778002,,
WO[USDJPY Cuo 45Δ/H@15Δ  ∧  USDKRW Cuo 45Δ/H@15Δ]  1M,worst_of,monthly,2023-10-31,501942.9986492785,1076170.8198996023,0.0,,
WO[USDJPY Cuo 45Δ/H@15Δ  ∧  USDKRW Cuo 45Δ/H@15Δ]  1M,worst_of,monthly,2023-11-30,-168095.6147271197,908075.2051724824,-168095.61472711992,,
WO[USDJPY Cuo 45Δ/H@15Δ  ∧  USDKRW Cuo 45Δ/H@15Δ]  1M,worst_of,monthly,2023-12-31,-168599.4427389043,739475.7624335779,-336695.0574660244,,
WO[USDJPY Cuo 45Δ/H@15Δ  ∧  USDKRW Cuo 45Δ/H@15Δ]  1M,worst_of,monthly,2024-01-31,-115998.40797511037,623477.3544584675,-452693.4654411349,,
WO[USDJPY Cuo 45Δ/H@15Δ  ∧  USDKRW Cuo 45Δ/H@15Δ]  1M,worst_of,monthly,2024-02-29,-44357.00632830252,579120.348130165,-497050.4717694373,,
WO[USDJPY Cuo 45Δ/H@15Δ  ∧  USDKRW Cuo 45Δ/H@15Δ]  1M,worst_of,monthly,2024-03-31,280148.03931157757,859268.3874417425,-216902.43245785986,,
WO[USDJPY Cuo 45Δ/H@15Δ  ∧  USDKRW Cuo 45Δ/H@15Δ]  1M,worst_of,monthly,2024-04-30,134747.76501154315,994016.1524532858,-125365.82372501574,,
WO[USDJPY Cuo 45Δ/H@15Δ  ∧  USDKRW Cuo 45Δ/H@15Δ]  1M,worst_of,monthly,2024-05-31,-161073.15826649926,832942.9941867867,-286438.9819915148,,
WO[USDJPY Cuo 45Δ/H@15Δ  ∧  USDKRW Cuo 45Δ/H@15Δ]  1M,worst_of,monthly,2024-06-30,1007148.1923744808,1840091.1865612676,0.0,,
WO[USDJPY Cuo 45Δ/H@15Δ  ∧  USDKRW Cuo 45Δ/H@15Δ]  1M,worst_of,monthly,2024-07-31,-156825.7000429416,1683265.486518326,-156825.7000429416,,
WO[USDJPY Cuo 45Δ/H@15Δ  ∧  USDKRW Cuo 45Δ/H@15Δ]  1M,worst_of,monthly,2024-08-31,-163834.23064882695,1519431.255869499,-320659.93069176865,,
WO[USDJPY Cuo 45Δ/H@15Δ  ∧  USDKRW Cuo 45Δ/H@15Δ]  1M,worst_of,monthly,2024-09-30,-141319.9089145567,1378111.3469549424,-461979.83960632514,,
WO[USDJPY Cuo 45Δ/H@15Δ  ∧  USDKRW Cuo 45Δ/H@15Δ]  1M,worst_of,monthly,2024-10-31,-171719.78885571848,1206391.5580992235,-633699.628462044,,
WO[USDJPY Cuo 45Δ/H@15Δ  ∧  USDKRW Cuo 45Δ/H@15Δ]  1M,worst_of,monthly,2024-11-30,-26751.73389888808,1179639.8242003357,-660451.3623609319,,
WO[USDJPY Cuo 45Δ/H@15Δ  ∧  USDKRW Cuo 45Δ/H@15Δ]  1M,worst_of,monthly,2024-12-31,-182489.58065033116,997150.2435500048,-842940.9430112628,,
WO[USDJPY Cuo 45Δ/H@15Δ  ∧  USDKRW Cuo 45Δ/H@15Δ]  1M,worst_of,monthly,2025-01-31,-168506.48920685792,828643.754343147,-1011447.4322181205,,
WO[USDJPY Cuo 45Δ/H@15Δ  ∧  USDKRW Cuo 45Δ/H@15Δ]  1M,worst_of,monthly,2025-02-28,-151736.37124905636,676907.3830940906,-1163183.8034671769,,
WO[USDJPY Cuo 45Δ/H@15Δ  ∧  USDKRW Cuo 45Δ/H@15Δ]  1M,worst_of,monthly,2025-03-31,-141059.5481749106,535847.8349191799,-1304243.3516420876,,
WO[USDJPY Cuo 45Δ/H@15Δ  ∧  USDKRW Cuo 45Δ/H@15Δ]  1M,worst_of,monthly,2025-04-30,-176435.4508712806,359412.38404789934,-1480678.8025133682,,
WO[USDJPY Cuo 45Δ/H@15Δ  ∧  USDKRW Cuo 45Δ/H@15Δ]  1M,worst_of,monthly,2025-05-31,-200479.1074976768,158933.27655022254,-1681157.9100110452,,
WO[USDJPY Cuo 45Δ/H@15Δ  ∧  USDKRW Cuo 45Δ/H@15Δ]  1M,worst_of,monthly,2025-06-30,-182223.5952946122,-23290.318744389657,-1863381.5053056572,,
WO[USDJPY Cuo 45Δ/H@15Δ  ∧  USDKRW Cuo 45Δ/H@15Δ]  1M,worst_of,monthly,2025-07-31,189396.21288312698,166105.8941387373,-1673985.2924225302,,
WO[USDJPY Cuo 45Δ/H@15Δ  ∧  USDKRW Cuo 45Δ/H@15Δ]  1M,worst_of,monthly,2025-08-31,-97355.15425206139,68750.7398866759,-1771340.4466745916,,
WO[USDJPY Cuo 45Δ/H@15Δ  ∧  USDKRW Cuo 45Δ/H@15Δ]  1M,worst_of,monthly,2025-09-30,553060.1965725234,621810.9364591993,-1218280.2501020683,,
WO[USDJPY Cuo 45Δ/H@15Δ  ∧  USDKRW Cuo 45Δ/H@15Δ]  1M,worst_of,monthly,2025-10-31,-113431.94855111503,508378.98790808424,-1331712.1986531834,,
WO[USDJPY Cuo 45Δ/H@15Δ  ∧  USDKRW Cuo 45Δ/H@15Δ]  1M,worst_of,monthly,2025-11-30,-116079.37756798773,392299.61034009646,-1447791.576221171,,
WO[USDJPY Cuo 45Δ/H@15Δ  ∧  USDKRW Cuo 45Δ/H@15Δ]  1M,worst_of,monthly,2025-12-31,-149315.27854411936,242984.33179597722,-1597106.8547652904,,
WO[USDJPY Cuo 45Δ/H@15Δ  ∧  USDKRW Cuo 45Δ/H@15Δ]  1M,worst_of,monthly,2026-01-31,-166254.79525210138,76729.53654387585,-1763361.6500173917,,
WO[USDJPY Cuo 45Δ/H@15Δ  ∧  USDKRW Cuo 45Δ/H@15Δ]  1M,worst_of,monthly,2026-02-28,-178052.37738290592,-101322.84083903005,-1941414.0274002976,,
WO[USDJPY Cuo 45Δ/H@15Δ  ∧  USDKRW Cuo 45Δ/H@15Δ]  1M,worst_of,monthly,2026-03-31,-135417.98898142754,-236740.82982045755,-2076832.0163817252,,
WO[USDJPY Cuo 45Δ/H@15Δ  ∧  USDKRW Cuo 45Δ/H@15Δ]  1M,worst_of,monthly,2026-04-30,-120290.29296552308,-357031.12278598064,-2197122.309347248,,
WO[USDJPY Cuo 45Δ/H@15Δ  ∧  USDKRW Cuo 45Δ/H@15Δ]  1M,worst_of,monthly,2026-05-31,-48575.45057441909,-405606.5733603997,-2245697.759921667,,
WO[USDJPY Cuo 45Δ/H@15Δ  ∧  USDKRW Cuo 45Δ/H@15Δ]  1M,worst_of,annual,2023-12-31,739475.7624335785,739475.7624335779,-336695.0574660244,,
WO[USDJPY Cuo 45Δ/H@15Δ  ∧  USDKRW Cuo 45Δ/H@15Δ]  1M,worst_of,annual,2024-12-31,257674.4811164264,997150.2435500048,-842940.9430112628,,
WO[USDJPY Cuo 45Δ/H@15Δ  ∧  USDKRW Cuo 45Δ/H@15Δ]  1M,worst_of,annual,2025-12-31,-754165.9117540276,242984.33179597722,-1597106.8547652904,,
WO[USDJPY Cuo 45Δ/H@15Δ  ∧  USDKRW Cuo 45Δ/H@15Δ]  1M,worst_of,annual,2026-12-31,-648590.905156377,-405606.5733603997,-2245697.759921667,,
WO[USDJPY Cuo 45Δ/H@15Δ  ∧  USDKRW Cuo 45Δ/H@15Δ]  6W,worst_of,monthly,2023-02-28,53297.17544728503,53297.17544728506,-81796.99005765675,,
WO[USDJPY Cuo 45Δ/H@15Δ  ∧  USDKRW Cuo 45Δ/H@15Δ]  6W,worst_of,monthly,2023-03-31,-228301.33049297414,-175004.1550456891,-310098.3205506309,,
WO[USDJPY Cuo 45Δ/H@15Δ  ∧  USDKRW Cuo 45Δ/H@15Δ]  6W,worst_of,monthly,2023-04-30,97275.83458751348,-77728.32045817564,-212822.48596311745,,
WO[USDJPY Cuo 45Δ/H@15Δ  ∧  USDKRW Cuo 45Δ/H@15Δ]  6W,worst_of,monthly,2023-05-31,387276.8785636959,309548.5581055202,-139595.76401708374,,
WO[USDJPY Cuo 45Δ/H@15Δ  ∧  USDKRW Cuo 45Δ/H@15Δ]  6W,worst_of,monthly,2023-06-30,-204233.29235095755,105315.2657545627,-343829.05636804126,,
WO[USDJPY Cuo 45Δ/H@15Δ  ∧  USDKRW Cuo 45Δ/H@15Δ]  6W,worst_of,monthly,2023-07-31,-180365.10189458236,-75049.83614001966,-524194.1582626236,,
WO[USDJPY Cuo 45Δ/H@15Δ  ∧  USDKRW Cuo 45Δ/H@15Δ]  6W,worst_of,monthly,2023-08-31,-758.82911401399,-75808.66525403367,-524952.9873766376,,
WO[USDJPY Cuo 45Δ/H@15Δ  ∧  USDKRW Cuo 45Δ/H@15Δ]  6W,worst_of,monthly,2023-09-30,146101.45012215563,70292.78486812193,-378851.53725448204,,
WO[USDJPY Cuo 45Δ/H@15Δ  ∧  USDKRW Cuo 45Δ/H@15Δ]  6W,worst_of,monthly,2023-10-31,1386079.0170183866,1456371.801886509,-18594.963057240937,,
WO[USDJPY Cuo 45Δ/H@15Δ  ∧  USDKRW Cuo 45Δ/H@15Δ]  6W,worst_of,monthly,2023-11-30,24565.884429065394,1480937.6863155738,-150772.8021001038,,
WO[USDJPY Cuo 45Δ/H@15Δ  ∧  USDKRW Cuo 45Δ/H@15Δ]  6W,worst_of,monthly,2023-12-31,-194734.88800816925,1286202.7983074046,-345507.69010827295,,
WO[USDJPY Cuo 45Δ/H@15Δ  ∧  USDKRW Cuo 45Δ/H@15Δ]  6W,worst_of,monthly,2024-01-31,439583.2563273821,1725786.0546347862,-58532.296575578395,,
WO[USDJPY Cuo 45Δ/H@15Δ  ∧  USDKRW Cuo 45Δ/H@15Δ]  6W,worst_of,monthly,2024-02-29,-176949.30927889573,1548836.7453558904,-235481.60585447424,,
WO[USDJPY Cuo 45Δ/H@15Δ  ∧  USDKRW Cuo 45Δ/H@15Δ]  6W,worst_of,monthly,2024-03-31,295641.4605795896,1844478.20593548,0.0,,
WO[USDJPY Cuo 45Δ/H@15Δ  ∧  USDKRW Cuo 45Δ/H@15Δ]  6W,worst_of,monthly,2024-04-30,644933.3938310965,2489411.599766576,-105208.20149634546,,
WO[USDJPY Cuo 45Δ/H@15Δ  ∧  USDKRW Cuo 45Δ/H@15Δ]  6W,worst_of,monthly,2024-05-31,-184208.01520332744,2305203.5845632493,-289416.2166996724,,
WO[USDJPY Cuo 45Δ/H@15Δ  ∧  USDKRW Cuo 45Δ/H@15Δ]  6W,worst_of,monthly,2024-06-30,450118.87357492535,2755322.4581381744,-17750.886437719688,,
WO[USDJPY Cuo 45Δ/H@15Δ  ∧  USDKRW Cuo 45Δ/H@15Δ]  6W,worst_of,monthly,2024-07-31,-189049.00092967422,2566273.4572084993,-206799.88736739475,,
WO[USDJPY Cuo 45Δ/H@15Δ  ∧  USDKRW Cuo 45Δ/H@15Δ]  6W,worst_of,monthly,2024-08-31,-176282.24316976516,2389991.2140387343,-383082.13053715974,,
WO[USDJPY Cuo 45Δ/H@15Δ  ∧  USDKRW Cuo 45Δ/H@15Δ]  6W,worst_of,monthly,2024-09-30,-170085.776233864,2219905.43780487,-553167.9067710242,,
WO[USDJPY Cuo 45Δ/H@15Δ  ∧  USDKRW Cuo 45Δ/H@15Δ]  6W,worst_of,monthly,2024-10-31,674523.9920280046,2894429.4298328743,-86762.8177248002,,
WO[USDJPY Cuo 45Δ/H@15Δ  ∧  USDKRW Cuo 45Δ/H@15Δ]  6W,worst_of,monthly,2024-11-30,-184872.45234946534,2709556.977483409,-271635.27007426554,,
WO[USDJPY Cuo 45Δ/H@15Δ  ∧  USDKRW Cuo 45Δ/H@15Δ]  6W,worst_of,monthly,2024-12-31,-221679.7518961931,2487877.225587215,-493315.0219704597,,
WO[USDJPY Cuo 45Δ/H@15Δ  ∧  USDKRW Cuo 45Δ/H@15Δ]  6W,worst_of,monthly,2025-01-31,-208865.96845664395,2279011.2571305707,-702180.9904271038,,
WO[USDJPY Cuo 45Δ/H@15Δ  ∧  USDKRW Cuo 45Δ/H@15Δ]  6W,worst_of,monthly,2025-02-28,-158308.07746736964,2120703.1796632013,-860489.0678944732,,
WO[USDJPY Cuo 45Δ/H@15Δ  ∧  USDKRW Cuo 45Δ/H@15Δ]  6W,worst_of,monthly,2025-03-31,-159139.58673735042,1961563.5929258508,-1019628.6546318238,,
WO[USDJPY Cuo 45Δ/H@15Δ  ∧  USDKRW Cuo 45Δ/H@15Δ]  6W,worst_of,monthly,2025-04-30,-188016.71080525094,1773546.8821206,-1207645.3654370746,,
WO[USDJPY Cuo 45Δ/H@15Δ  ∧  USDKRW Cuo 45Δ/H@15Δ]  6W,worst_of,monthly,2025-05-31,-210863.3797154208,1562683.5024051794,-1418508.745152495,,
WO[USDJPY Cuo 45Δ/H@15Δ  ∧  USDKRW Cuo 45Δ/H@15Δ]  6W,worst_of,monthly,2025-06-30,-214392.05265104902,1348291.4497541306,-1632900.797803544,,
WO[USDJPY Cuo 45Δ/H@15Δ  ∧  USDKRW Cuo 45Δ/H@15Δ]  6W,worst_of,monthly,2025-07-31,409970.941798678,1758262.3915528087,-1222929.8560048658,,
WO[USDJPY Cuo 45Δ/H@15Δ  ∧  USDKRW Cuo 45Δ/H@15Δ]  6W,worst_of,monthly,2025-08-31,-41119.33731435606,1717143.0542384523,-1264049.1933192222,,
WO[USDJPY Cuo 45Δ/H@15Δ  ∧  USDKRW Cuo 45Δ/H@15Δ]  6W,worst_of,monthly,2025-09-30,375733.09286002803,2092876.1470984807,-888316.1004591938,,
WO[USDJPY Cuo 45Δ/H@15Δ  ∧  USDKRW Cuo 45Δ/H@15Δ]  6W,worst_of,monthly,2025-10-31,-69201.04768883526,2023675.0994096464,-957517.1481480282,,
WO[USDJPY Cuo 45Δ/H@15Δ  ∧  USDKRW Cuo 45Δ/H@15Δ]  6W,worst_of,monthly,2025-11-30,-126927.3997114519,1896747.6996981942,-1084444.5478594804,,
WO[USDJPY Cuo 45Δ/H@15Δ  ∧  USDKRW Cuo 45Δ/H@15Δ]  6W,worst_of,monthly,2025-12-31,50731.82144244442,1947479.5211406383,-1033712.7264170363,,
WO[USDJPY Cuo 45Δ/H@15Δ  ∧  USDKRW Cuo 45Δ/H@15Δ]  6W,worst_of,monthly,2026-01-31,-143493.4074277614,1803986.1137128763,-1177206.1338447982,,
WO[USDJPY Cuo 45Δ/H@15Δ  ∧  USDKRW Cuo 45Δ/H@15Δ]  6W,worst_of,monthly,2026-02-28,-67583.13254505723,1736402.981167819,-1244789.2663898556,,
WO[USDJPY Cuo 45Δ/H@15Δ  ∧  USDKRW Cuo 45Δ/H@15Δ]  6W,worst_of,monthly,2026-03-31,70217.20170569143,1806620.18287351,-1174572.0646841645,,
WO[USDJPY Cuo 45Δ/H@15Δ  ∧  USDKRW Cuo 45Δ/H@15Δ]  6W,worst_of,monthly,2026-04-30,-209047.3771408738,1597572.805732636,-1383619.4418250385,,
WO[USDJPY Cuo 45Δ/H@15Δ  ∧  USDKRW Cuo 45Δ/H@15Δ]  6W,worst_of,monthly,2026-05-31,-64066.09707270999,1533506.708659926,-1447685.5388977486,,
WO[USDJPY Cuo 45Δ/H@15Δ  ∧  USDKRW Cuo 45Δ/H@15Δ]  6W,worst_of,annual,2023-12-31,1286202.7983074049,1286202.7983074046,-345507.69010827295,,
WO[USDJPY Cuo 45Δ/H@15Δ  ∧  USDKRW Cuo 45Δ/H@15Δ]  6W,worst_of,annual,2024-12-31,1201674.427279813,2487877.225587215,-493315.0219704597,,
WO[USDJPY Cuo 45Δ/H@15Δ  ∧  USDKRW Cuo 45Δ/H@15Δ]  6W,worst_of,annual,2025-12-31,-540397.7044465776,1947479.5211406383,-1033712.7264170363,,
WO[USDJPY Cuo 45Δ/H@15Δ  ∧  USDKRW Cuo 45Δ/H@15Δ]  6W,worst_of,annual,2026-12-31,-413972.812480711,1533506.708659926,-1447685.5388977486,,
WO[USDJPY Cuo 45Δ/H@15Δ  ∧  USDKRW Cuo 45Δ/H@15Δ]  10W,worst_of,monthly,2023-03-31,287637.9605331833,287637.96053318324,-153383.04037038365,,
WO[USDJPY Cuo 45Δ/H@15Δ  ∧  USDKRW Cuo 45Δ/H@15Δ]  10W,worst_of,monthly,2023-04-30,106014.25828353708,393652.2188167203,-47368.78208684659,,
WO[USDJPY Cuo 45Δ/H@15Δ  ∧  USDKRW Cuo 45Δ/H@15Δ]  10W,worst_of,monthly,2023-05-31,411598.88634387427,805251.1051605943,-55485.718374355114,,
WO[USDJPY Cuo 45Δ/H@15Δ  ∧  USDKRW Cuo 45Δ/H@15Δ]  10W,worst_of,monthly,2023-06-30,-293809.33111703646,511441.77404355817,-349295.0494913913,,
WO[USDJPY Cuo 45Δ/H@15Δ  ∧  USDKRW Cuo 45Δ/H@15Δ]  10W,worst_of,monthly,2023-07-31,-236761.84558860408,274679.92845495406,-586056.8950799954,,
WO[USDJPY Cuo 45Δ/H@15Δ  ∧  USDKRW Cuo 45Δ/H@15Δ]  10W,worst_of,monthly,2023-08-31,-121748.90611168034,152931.0223432737,-707805.8011916757,,
WO[USDJPY Cuo 45Δ/H@15Δ  ∧  USDKRW Cuo 45Δ/H@15Δ]  10W,worst_of,monthly,2023-09-30,1210487.9931161592,1363419.015459433,-129087.13071353594,,
WO[USDJPY Cuo 45Δ/H@15Δ  ∧  USDKRW Cuo 45Δ/H@15Δ]  10W,worst_of,monthly,2023-10-31,107658.39879068565,1471077.4142501184,-21428.73192285048,,
WO[USDJPY Cuo 45Δ/H@15Δ  ∧  USDKRW Cuo 45Δ/H@15Δ]  10W,worst_of,monthly,2023-11-30,-259112.00785989032,1211965.4063902278,-280540.73978274106,,
WO[USDJPY Cuo 45Δ/H@15Δ  ∧  USDKRW Cuo 45Δ/H@15Δ]  10W,worst_of,monthly,2023-12-31,-185541.96156388684,1026423.4448263416,-466082.7013466273,,
WO[USDJPY Cuo 45Δ/H@15Δ  ∧  USDKRW Cuo 45Δ/H@15Δ]  10W,worst_of,monthly,2024-01-31,-266789.255672234,759634.1891541074,-732871.9570188615,,
WO[USDJPY Cuo 45Δ/H@15Δ  ∧  USDKRW Cuo 45Δ/H@15Δ]  10W,worst_of,monthly,2024-02-29,642218.8789310555,1401853.0680851631,-90653.07808780577,,
WO[USDJPY Cuo 45Δ/H@15Δ  ∧  USDKRW Cuo 45Δ/H@15Δ]  10W,worst_of,monthly,2024-03-31,-97111.9491667693,1304741.118918394,-187765.02725457493,,
WO[USDJPY Cuo 45Δ/H@15Δ  ∧  USDKRW Cuo 45Δ/H@15Δ]  10W,worst_of,monthly,2024-04-30,471805.8908137833,1776547.0097321768,-144527.0644599169,,
WO[USDJPY Cuo 45Δ/H@15Δ  ∧  USDKRW Cuo 45Δ/H@15Δ]  10W,worst_of,monthly,2024-05-31,-217022.24739226708,1559524.7623399096,-361549.3118521841,,
WO[USDJPY Cuo 45Δ/H@15Δ  ∧  USDKRW Cuo 45Δ/H@15Δ]  10W,worst_of,monthly,2024-06-30,-193133.79253440019,1366390.9698055098,-554683.1043865839,,
WO[USDJPY Cuo 45Δ/H@15Δ  ∧  USDKRW Cuo 45Δ/H@15Δ]  10W,worst_of,monthly,2024-07-31,-154937.46538828482,1211453.5044172246,-709620.5697748691,,
WO[USDJPY Cuo 45Δ/H@15Δ  ∧  USDKRW Cuo 45Δ/H@15Δ]  10W,worst_of,monthly,2024-08-31,-220160.55310931828,991292.951307906,-929781.1228841877,,
WO[USDJPY Cuo 45Δ/H@15Δ  ∧  USDKRW Cuo 45Δ/H@15Δ]  10W,worst_of,monthly,2024-09-30,-207854.53744089956,783438.4138670064,-1137635.6603250871,,
WO[USDJPY Cuo 45Δ/H@15Δ  ∧  USDKRW Cuo 45Δ/H@15Δ]  10W,worst_of,monthly,2024-10-31,302277.23196955014,1085715.6458365566,-835358.4283555371,,
WO[USDJPY Cuo 45Δ/H@15Δ  ∧  USDKRW Cuo 45Δ/H@15Δ]  10W,worst_of,monthly,2024-11-30,-212117.88809437584,873597.7577421805,-1047476.3164499132,,
WO[USDJPY Cuo 45Δ/H@15Δ  ∧  USDKRW Cuo 45Δ/H@15Δ]  10W,worst_of,monthly,2024-12-31,-235916.59438510184,637681.1633570787,-1283392.9108350151,,
WO[USDJPY Cuo 45Δ/H@15Δ  ∧  USDKRW Cuo 45Δ/H@15Δ]  10W,worst_of,monthly,2025-01-31,-282277.29340210604,355403.86995497276,-1565670.204237121,,
WO[USDJPY Cuo 45Δ/H@15Δ  ∧  USDKRW Cuo 45Δ/H@15Δ]  10W,worst_of,monthly,2025-02-28,-229469.93930317363,125933.93065179909,-1795140.1435402946,,
WO[USDJPY Cuo 45Δ/H@15Δ  ∧  USDKRW Cuo 45Δ/H@15Δ]  10W,worst_of,monthly,2025-03-31,-206909.02915102622,-80975.09849922713,-2002049.1726913208,,
WO[USDJPY Cuo 45Δ/H@15Δ  ∧  USDKRW Cuo 45Δ/H@15Δ]  10W,worst_of,monthly,2025-04-30,-204228.78305665427,-285203.88155588135,-2206277.955747975,,
WO[USDJPY Cuo 45Δ/H@15Δ  ∧  USDKRW Cuo 45Δ/H@15Δ]  10W,worst_of,monthly,2025-05-31,-228951.11954799696,-514155.00110387814,-2435229.0752959717,,
WO[USDJPY Cuo 45Δ/H@15Δ  ∧  USDKRW Cuo 45Δ/H@15Δ]  10W,worst_of,monthly,2025-06-30,-247389.6490366517,-761544.6501405298,-2682618.7243326236,,
WO[USDJPY Cuo 45Δ/H@15Δ  ∧  USDKRW Cuo 45Δ/H@15Δ]  10W,worst_of,monthly,2025-07-31,-197767.14154517304,-959311.7916857029,-2880385.8658777964,,
WO[USDJPY Cuo 45Δ/H@15Δ  ∧  USDKRW Cuo 45Δ/H@15Δ]  10W,worst_of,monthly,2025-08-31,479806.25429613277,-479505.5373895702,-2400579.611581664,,
WO[USDJPY Cuo 45Δ/H@15Δ  ∧  USDKRW Cuo 45Δ/H@15Δ]  10W,worst_of,monthly,2025-09-30,536750.285675489,57244.74828591876,-1863829.325906175,,
WO[USDJPY Cuo 45Δ/H@15Δ  ∧  USDKRW Cuo 45Δ/H@15Δ]  10W,worst_of,monthly,2025-10-31,1717712.4466881193,1774957.1949740383,-146116.8792180554,,
WO[USDJPY Cuo 45Δ/H@15Δ  ∧  USDKRW Cuo 45Δ/H@15Δ]  10W,worst_of,monthly,2025-11-30,-219070.87151724496,1555886.3234567936,-365187.7507353001,,
WO[USDJPY Cuo 45Δ/H@15Δ  ∧  USDKRW Cuo 45Δ/H@15Δ]  10W,worst_of,monthly,2025-12-31,-187954.98721236223,1367931.3362444313,-553142.7379476624,,
WO[USDJPY Cuo 45Δ/H@15Δ  ∧  USDKRW Cuo 45Δ/H@15Δ]  10W,worst_of,monthly,2026-01-31,-162196.68823964708,1205734.648004784,-715339.4261873097,,
WO[USDJPY Cuo 45Δ/H@15Δ  ∧  USDKRW Cuo 45Δ/H@15Δ]  10W,worst_of,monthly,2026-02-28,-221597.51861343678,984137.1293913479,-936936.9448007458,,
WO[USDJPY Cuo 45Δ/H@15Δ  ∧  USDKRW Cuo 45Δ/H@15Δ]  10W,worst_of,monthly,2026-03-31,323350.8349657843,1307487.964357132,-613586.1098349616,,
WO[USDJPY Cuo 45Δ/H@15Δ  ∧  USDKRW Cuo 45Δ/H@15Δ]  10W,worst_of,monthly,2026-04-30,-229124.20312318046,1078363.7612339512,-842710.3129581425,,
WO[USDJPY Cuo 45Δ/H@15Δ  ∧  USDKRW Cuo 45Δ/H@15Δ]  10W,worst_of,monthly,2026-05-31,-71235.37932263964,1007128.3819113116,-913945.692280782,,
WO[USDJPY Cuo 45Δ/H@15Δ  ∧  USDKRW Cuo 45Δ/H@15Δ]  10W,worst_of,annual,2023-12-31,1026423.4448263414,1026423.4448263416,-466082.7013466273,,
WO[USDJPY Cuo 45Δ/H@15Δ  ∧  USDKRW Cuo 45Δ/H@15Δ]  10W,worst_of,annual,2024-12-31,-388742.281469262,637681.1633570787,-1283392.9108350151,,
WO[USDJPY Cuo 45Δ/H@15Δ  ∧  USDKRW Cuo 45Δ/H@15Δ]  10W,worst_of,annual,2025-12-31,730250.1728873521,1367931.3362444313,-553142.7379476624,,
WO[USDJPY Cuo 45Δ/H@15Δ  ∧  USDKRW Cuo 45Δ/H@15Δ]  10W,worst_of,annual,2026-12-31,-360802.9543331197,1007128.3819113116,-913945.692280782,,
WO[USDJPY Cuo 45Δ/H@15Δ  ∧  USDKRW Cuo 45Δ/H@15Δ]  3M,worst_of,monthly,2023-03-31,141652.63172888508,141652.63172888508,0.0,,
WO[USDJPY Cuo 45Δ/H@15Δ  ∧  USDKRW Cuo 45Δ/H@15Δ]  3M,worst_of,monthly,2023-04-30,-160064.14045212723,-18411.508723242114,-273211.545200819,,
WO[USDJPY Cuo 45Δ/H@15Δ  ∧  USDKRW Cuo 45Δ/H@15Δ]  3M,worst_of,monthly,2023-05-31,1457950.9954718463,1439539.486748604,-29741.096523186658,,
WO[USDJPY Cuo 45Δ/H@15Δ  ∧  USDKRW Cuo 45Δ/H@15Δ]  3M,worst_of,monthly,2023-06-30,-277837.10399341304,1161702.382755191,-307578.2005165997,,
WO[USDJPY Cuo 45Δ/H@15Δ  ∧  USDKRW Cuo 45Δ/H@15Δ]  3M,worst_of,monthly,2023-07-31,-290234.3977788137,871467.9849763776,-597812.5982954132,,
WO[USDJPY Cuo 45Δ/H@15Δ  ∧  USDKRW Cuo 45Δ/H@15Δ]  3M,worst_of,monthly,2023-08-31,-274149.48944708693,597318.4955292908,-871962.0877425,,
WO[USDJPY Cuo 45Δ/H@15Δ  ∧  USDKRW Cuo 45Δ/H@15Δ]  3M,worst_of,monthly,2023-09-30,1460902.056498947,2058220.5520282376,0.0,,
WO[USDJPY Cuo 45Δ/H@15Δ  ∧  USDKRW Cuo 45Δ/H@15Δ]  3M,worst_of,monthly,2023-10-31,223823.35248446124,2282043.9045126988,-262408.11220090603,,
WO[USDJPY Cuo 45Δ/H@15Δ  ∧  USDKRW Cuo 45Δ/H@15Δ]  3M,worst_of,monthly,2023-11-30,-294474.2978791742,1987569.6066335237,-556882.4100800811,,
WO[USDJPY Cuo 45Δ/H@15Δ  ∧  USDKRW Cuo 45Δ/H@15Δ]  3M,worst_of,monthly,2023-12-31,-245643.30639864408,1741926.3002348796,-802525.7164787252,,
WO[USDJPY Cuo 45Δ/H@15Δ  ∧  USDKRW Cuo 45Δ/H@15Δ]  3M,worst_of,monthly,2024-01-31,-248494.19056490567,1493432.1096699734,-1051019.9070436314,,
WO[USDJPY Cuo 45Δ/H@15Δ  ∧  USDKRW Cuo 45Δ/H@15Δ]  3M,worst_of,monthly,2024-02-29,1049178.8379946586,2542610.947664632,-25938.018408436794,,
WO[USDJPY Cuo 45Δ/H@15Δ  ∧  USDKRW Cuo 45Δ/H@15Δ]  3M,worst_of,monthly,2024-03-31,412296.94251077564,2954907.8901754073,-198482.27411772497,,
WO[USDJPY Cuo 45Δ/H@15Δ  ∧  USDKRW Cuo 45Δ/H@15Δ]  3M,worst_of,monthly,2024-04-30,-284917.15935822367,2669990.7308171834,-483399.43347594887,,
WO[USDJPY Cuo 45Δ/H@15Δ  ∧  USDKRW Cuo 45Δ/H@15Δ]  3M,worst_of,monthly,2024-05-31,-226337.76871576687,2443652.9621014157,-709737.2021917165,,
WO[USDJPY Cuo 45Δ/H@15Δ  ∧  USDKRW Cuo 45Δ/H@15Δ]  3M,worst_of,monthly,2024-06-30,-219274.96156996698,2224378.0005314494,-929012.1637616828,,
WO[USDJPY Cuo 45Δ/H@15Δ  ∧  USDKRW Cuo 45Δ/H@15Δ]  3M,worst_of,monthly,2024-07-31,-242183.19756420742,1982194.8029672417,-1171195.3613258905,,
WO[USDJPY Cuo 45Δ/H@15Δ  ∧  USDKRW Cuo 45Δ/H@15Δ]  3M,worst_of,monthly,2024-08-31,-226787.73338025654,1755407.069586985,-1397983.0947061472,,
WO[USDJPY Cuo 45Δ/H@15Δ  ∧  USDKRW Cuo 45Δ/H@15Δ]  3M,worst_of,monthly,2024-09-30,-233273.78785734333,1522133.2817296414,-1631256.882563491,,
WO[USDJPY Cuo 45Δ/H@15Δ  ∧  USDKRW Cuo 45Δ/H@15Δ]  3M,worst_of,monthly,2024-10-31,-199885.00084619358,1322248.2808834477,-1831141.8834096845,,
WO[USDJPY Cuo 45Δ/H@15Δ  ∧  USDKRW Cuo 45Δ/H@15Δ]  3M,worst_of,monthly,2024-11-30,172715.00808630753,1494963.2889697545,-1658426.8753233778,,
WO[USDJPY Cuo 45Δ/H@15Δ  ∧  USDKRW Cuo 45Δ/H@15Δ]  3M,worst_of,monthly,2024-12-31,-237125.24577120144,1257838.043198553,-1895552.1210945793,,
WO[USDJPY Cuo 45Δ/H@15Δ  ∧  USDKRW Cuo 45Δ/H@15Δ]  3M,worst_of,monthly,2025-01-31,-283042.0949103245,974795.948288228,-2178594.2160049044,,
WO[USDJPY Cuo 45Δ/H@15Δ  ∧  USDKRW Cuo 45Δ/H@15Δ]  3M,worst_of,monthly,2025-02-28,-286393.12363215734,688402.8246560706,-2464987.3396370616,,
WO[USDJPY Cuo 45Δ/H@15Δ  ∧  USDKRW Cuo 45Δ/H@15Δ]  3M,worst_of,monthly,2025-03-31,-244105.58899042723,444297.23566564324,-2709092.928627489,,
WO[USDJPY Cuo 45Δ/H@15Δ  ∧  USDKRW Cuo 45Δ/H@15Δ]  3M,worst_of,monthly,2025-04-30,-217622.96414792124,226674.271517722,-2926715.8927754103,,
WO[USDJPY Cuo 45Δ/H@15Δ  ∧  USDKRW Cuo 45Δ/H@15Δ]  3M,worst_of,monthly,2025-05-31,-245554.92433476305,-18880.65281704104,-3172270.8171101734,,
WO[USDJPY Cuo 45Δ/H@15Δ  ∧  USDKRW Cuo 45Δ/H@15Δ]  3M,worst_of,monthly,2025-06-30,-256508.3831539769,-275389.03597101796,-3428779.2002641503,,
WO[USDJPY Cuo 45Δ/H@15Δ  ∧  USDKRW Cuo 45Δ/H@15Δ]  3M,worst_of,monthly,2025-07-31,-303188.3935748612,-578577.4295458792,-3731967.5938390116,,
WO[USDJPY Cuo 45Δ/H@15Δ  ∧  USDKRW Cuo 45Δ/H@15Δ]  3M,worst_of,monthly,2025-08-31,78553.74003262677,-500023.68951325247,-3653413.853806385,,
WO[USDJPY Cuo 45Δ/H@15Δ  ∧  USDKRW Cuo 45Δ/H@15Δ]  3M,worst_of,monthly,2025-09-30,2060872.5494180014,1560848.859904749,-1592541.3043883832,,
WO[USDJPY Cuo 45Δ/H@15Δ  ∧  USDKRW Cuo 45Δ/H@15Δ]  3M,worst_of,monthly,2025-10-31,3528587.173209408,5089436.033114158,0.0,,
WO[USDJPY Cuo 45Δ/H@15Δ  ∧  USDKRW Cuo 45Δ/H@15Δ]  3M,worst_of,monthly,2025-11-30,-256496.10900996104,4832939.924104196,-256496.1090099616,,
WO[USDJPY Cuo 45Δ/H@15Δ  ∧  USDKRW Cuo 45Δ/H@15Δ]  3M,worst_of,monthly,2025-12-31,-263645.55026295007,4569294.3738412475,-520141.6592729101,,
WO[USDJPY Cuo 45Δ/H@15Δ  ∧  USDKRW Cuo 45Δ/H@15Δ]  3M,worst_of,monthly,2026-01-31,-149257.89567502588,4420036.478166222,-669399.554947936,,
WO[USDJPY Cuo 45Δ/H@15Δ  ∧  USDKRW Cuo 45Δ/H@15Δ]  3M,worst_of,monthly,2026-02-28,197256.14226299306,4617292.620429214,-472143.4126849435,,
WO[USDJPY Cuo 45Δ/H@15Δ  ∧  USDKRW Cuo 45Δ/H@15Δ]  3M,worst_of,monthly,2026-03-31,800870.3042797389,5418162.924708953,-53377.916715845466,,
WO[USDJPY Cuo 45Δ/H@15Δ  ∧  USDKRW Cuo 45Δ/H@15Δ]  3M,worst_of,monthly,2026-04-30,-281045.5742968546,5137117.350412101,-334423.49101269804,,
WO[USDJPY Cuo 45Δ/H@15Δ  ∧  USDKRW Cuo 45Δ/H@15Δ]  3M,worst_of,monthly,2026-05-31,-78010.54941670921,5059106.800995391,-412434.04042940773,,
WO[USDJPY Cuo 45Δ/H@15Δ  ∧  USDKRW Cuo 45Δ/H@15Δ]  3M,worst_of,annual,2023-12-31,1741926.3002348805,1741926.3002348796,-802525.7164787252,,
WO[USDJPY Cuo 45Δ/H@15Δ  ∧  USDKRW Cuo 45Δ/H@15Δ]  3M,worst_of,annual,2024-12-31,-484088.25703632366,1257838.043198553,-1895552.1210945793,,
WO[USDJPY Cuo 45Δ/H@15Δ  ∧  USDKRW Cuo 45Δ/H@15Δ]  3M,worst_of,annual,2025-12-31,3311456.330642693,4569294.3738412475,-520141.6592729101,,
WO[USDJPY Cuo 45Δ/H@15Δ  ∧  USDKRW Cuo 45Δ/H@15Δ]  3M,worst_of,annual,2026-12-31,489812.42715414235,5059106.800995391,-412434.04042940773,,
WO[USDJPY Cuo 45Δ/H@10Δ  ∧  USDKRW Cuo 45Δ/H@10Δ]  2M,worst_of,monthly,2023-03-31,1010690.8774366146,1010690.8774366141,-285952.3614210475,,
WO[USDJPY Cuo 45Δ/H@10Δ  ∧  USDKRW Cuo 45Δ/H@10Δ]  2M,worst_of,monthly,2023-04-30,-65402.99680156447,945287.8806350498,-351355.35822261183,,
WO[USDJPY Cuo 45Δ/H@10Δ  ∧  USDKRW Cuo 45Δ/H@10Δ]  2M,worst_of,monthly,2023-05-31,574615.805061812,1519903.6856968622,-93516.18507320364,,
WO[USDJPY Cuo 45Δ/H@10Δ  ∧  USDKRW Cuo 45Δ/H@10Δ]  2M,worst_of,monthly,2023-06-30,-398758.8824175786,1121144.8032792837,-492275.0674907821,,
WO[USDJPY Cuo 45Δ/H@10Δ  ∧  USDKRW Cuo 45Δ/H@10Δ]  2M,worst_of,monthly,2023-07-31,-307356.67540848826,813788.1278707952,-799631.7428992706,,
WO[USDJPY Cuo 45Δ/H@10Δ  ∧  USDKRW Cuo 45Δ/H@10Δ]  2M,worst_of,monthly,2023-08-31,1660820.026788629,2474608.1546594244,-3692.6946601225063,,
WO[USDJPY Cuo 45Δ/H@10Δ  ∧  USDKRW Cuo 45Δ/H@10Δ]  2M,worst_of,monthly,2023-09-30,484177.10889587353,2958785.263555297,-277296.5464181346,,
WO[USDJPY Cuo 45Δ/H@10Δ  ∧  USDKRW Cuo 45Δ/H@10Δ]  2M,worst_of,monthly,2023-10-31,1663789.733494399,4622574.997049697,0.0,,
WO[USDJPY Cuo 45Δ/H@10Δ  ∧  USDKRW Cuo 45Δ/H@10Δ]  2M,worst_of,monthly,2023-11-30,-7401.980824412611,4615173.016225284,-273797.80435202457,,
WO[USDJPY Cuo 45Δ/H@10Δ  ∧  USDKRW Cuo 45Δ/H@10Δ]  2M,worst_of,monthly,2023-12-31,-307969.95114305307,4307203.06508223,-581767.7554950789,,
WO[USDJPY Cuo 45Δ/H@10Δ  ∧  USDKRW Cuo 45Δ/H@10Δ]  2M,worst_of,monthly,2024-01-31,-140493.02593804675,4166710.039144184,-722260.7814331246,,
WO[USDJPY Cuo 45Δ/H@10Δ  ∧  USDKRW Cuo 45Δ/H@10Δ]  2M,worst_of,monthly,2024-02-29,263148.9602308072,4429858.99937499,-459111.8212023182,,
WO[USDJPY Cuo 45Δ/H@10Δ  ∧  USDKRW Cuo 45Δ/H@10Δ]  2M,worst_of,monthly,2024-03-31,265628.95492093894,4695487.9542959295,-193482.866281379,,
WO[USDJPY Cuo 45Δ/H@10Δ  ∧  USDKRW Cuo 45Δ/H@10Δ]  2M,worst_of,monthly,2024-04-30,988206.2208378547,5683694.175133785,-146421.43125769962,,
WO[USDJPY Cuo 45Δ/H@10Δ  ∧  USDKRW Cuo 45Δ/H@10Δ]  2M,worst_of,monthly,2024-05-31,-318636.8038021198,5365057.371331665,-465058.2350598201,,
WO[USDJPY Cuo 45Δ/H@10Δ  ∧  USDKRW Cuo 45Δ/H@10Δ]  2M,worst_of,monthly,2024-06-30,177970.0211326258,5543027.392464291,-287088.21392719354,,
WO[USDJPY Cuo 45Δ/H@10Δ  ∧  USDKRW Cuo 45Δ/H@10Δ]  2M,worst_of,monthly,2024-07-31,-16623.17231506511,5526404.220149225,-303711.3862422602,,
WO[USDJPY Cuo 45Δ/H@10Δ  ∧  USDKRW Cuo 45Δ/H@10Δ]  2M,worst_of,monthly,2024-08-31,-315608.75921908946,5210795.460930135,-619320.1454613497,,
WO[USDJPY Cuo 45Δ/H@10Δ  ∧  USDKRW Cuo 45Δ/H@10Δ]  2M,worst_of,monthly,2024-09-30,-291729.9022159141,4919065.55871422,-911050.0476772645,,
WO[USDJPY Cuo 45Δ/H@10Δ  ∧  USDKRW Cuo 45Δ/H@10Δ]  2M,worst_of,monthly,2024-10-31,1457873.4731635714,6376939.031877792,0.0,,
WO[USDJPY Cuo 45Δ/H@10Δ  ∧  USDKRW Cuo 45Δ/H@10Δ]  2M,worst_of,monthly,2024-11-30,-296474.3847631393,6080464.647114653,-296474.3847631393,,
WO[USDJPY Cuo 45Δ/H@10Δ  ∧  USDKRW Cuo 45Δ/H@10Δ]  2M,worst_of,monthly,2024-12-31,312219.6603570303,6392684.307471681,-41515.241466083564,,
WO[USDJPY Cuo 45Δ/H@10Δ  ∧  USDKRW Cuo 45Δ/H@10Δ]  2M,worst_of,monthly,2025-01-31,-378175.67093401344,6014508.636537668,-419690.91240009665,,
WO[USDJPY Cuo 45Δ/H@10Δ  ∧  USDKRW Cuo 45Δ/H@10Δ]  2M,worst_of,monthly,2025-02-28,10340.169816756226,6024848.806354424,-409350.74258334097,,
WO[USDJPY Cuo 45Δ/H@10Δ  ∧  USDKRW Cuo 45Δ/H@10Δ]  2M,worst_of,monthly,2025-03-31,-254030.08649661252,5770818.719857812,-663380.829079953,,
WO[USDJPY Cuo 45Δ/H@10Δ  ∧  USDKRW Cuo 45Δ/H@10Δ]  2M,worst_of,monthly,2025-04-30,-290346.5875256545,5480472.132332159,-953727.4166056057,,
WO[USDJPY Cuo 45Δ/H@10Δ  ∧  USDKRW Cuo 45Δ/H@10Δ]  2M,worst_of,monthly,2025-05-31,-346586.30412496364,5133885.828207198,-1300313.7207305674,,
WO[USDJPY Cuo 45Δ/H@10Δ  ∧  USDKRW Cuo 45Δ/H@10Δ]  2M,worst_of,monthly,2025-06-30,-367015.92221225344,4766869.905994944,-1667329.6429428207,,
WO[USDJPY Cuo 45Δ/H@10Δ  ∧  USDKRW Cuo 45Δ/H@10Δ]  2M,worst_of,monthly,2025-07-31,-184027.4114245812,4582842.494570362,-1851357.0543674026,,
WO[USDJPY Cuo 45Δ/H@10Δ  ∧  USDKRW Cuo 45Δ/H@10Δ]  2M,worst_of,monthly,2025-08-31,2227309.0840026136,6810151.5785729755,0.0,,
WO[USDJPY Cuo 45Δ/H@10Δ  ∧  USDKRW Cuo 45Δ/H@10Δ]  2M,worst_of,monthly,2025-09-30,1199810.7875302627,8009962.3661032375,-17071.907801279798,,
WO[USDJPY Cuo 45Δ/H@10Δ  ∧  USDKRW Cuo 45Δ/H@10Δ]  2M,worst_of,monthly,2025-10-31,2723129.0240401067,10733091.390143348,0.0,,
WO[USDJPY Cuo 45Δ/H@10Δ  ∧  USDKRW Cuo 45Δ/H@10Δ]  2M,worst_of,monthly,2025-11-30,289325.09875049145,11022416.48889384,-245367.306085933,,
WO[USDJPY Cuo 45Δ/H@10Δ  ∧  USDKRW Cuo 45Δ/H@10Δ]  2M,worst_of,monthly,2025-12-31,1632888.1819686869,12655304.670862528,-15170.181782823056,,
WO[USDJPY Cuo 45Δ/H@10Δ  ∧  USDKRW Cuo 45Δ/H@10Δ]  2M,worst_of,monthly,2026-01-31,-26195.51806643851,12629109.152796088,-141900.89433255978,,
WO[USDJPY Cuo 45Δ/H@10Δ  ∧  USDKRW Cuo 45Δ/H@10Δ]  2M,worst_of,monthly,2026-02-28,-331328.3800215618,12297780.772774527,-473229.2743541207,,
WO[USDJPY Cuo 45Δ/H@10Δ  ∧  USDKRW Cuo 45Δ/H@10Δ]  2M,worst_of,monthly,2026-03-31,315712.49024582055,12613493.263020346,-157516.78410830162,,
WO[USDJPY Cuo 45Δ/H@10Δ  ∧  USDKRW Cuo 45Δ/H@10Δ]  2M,worst_of,monthly,2026-04-30,-318211.6731702255,12295281.589850118,-475728.4572785292,,
WO[USDJPY Cuo 45Δ/H@10Δ  ∧  USDKRW Cuo 45Δ/H@10Δ]  2M,worst_of,monthly,2026-05-31,-101237.57439669516,12194044.015453424,-576966.0316752233,,
WO[USDJPY Cuo 45Δ/H@10Δ  ∧  USDKRW Cuo 45Δ/H@10Δ]  2M,worst_of,annual,2023-12-31,4307203.065082232,4307203.06508223,-581767.7554950789,,
WO[USDJPY Cuo 45Δ/H@10Δ  ∧  USDKRW Cuo 45Δ/H@10Δ]  2M,worst_of,annual,2024-12-31,2085481.2423894538,6392684.307471681,-41515.241466083564,,
WO[USDJPY Cuo 45Δ/H@10Δ  ∧  USDKRW Cuo 45Δ/H@10Δ]  2M,worst_of,annual,2025-12-31,6262620.363390839,12655304.670862528,-15170.181782823056,,
WO[USDJPY Cuo 45Δ/H@10Δ  ∧  USDKRW Cuo 45Δ/H@10Δ]  2M,worst_of,annual,2026-12-31,-461260.6554091004,12194044.015453424,-576966.0316752233,,
WO[USDJPY Cuo 45Δ/H@10Δ  ∧  USDKRW Cuo 45Δ/H@10Δ]  1M,worst_of,monthly,2023-02-28,838343.9937195414,838343.9937195414,-95186.84316763072,,
WO[USDJPY Cuo 45Δ/H@10Δ  ∧  USDKRW Cuo 45Δ/H@10Δ]  1M,worst_of,monthly,2023-03-31,-258923.4893874387,579420.5043321026,-354110.3325550695,,
WO[USDJPY Cuo 45Δ/H@10Δ  ∧  USDKRW Cuo 45Δ/H@10Δ]  1M,worst_of,monthly,2023-04-30,730385.7292583275,1309806.23359043,0.0,,
WO[USDJPY Cuo 45Δ/H@10Δ  ∧  USDKRW Cuo 45Δ/H@10Δ]  1M,worst_of,monthly,2023-05-31,876649.6437191544,2186455.8773095845,-94789.19781839568,,
WO[USDJPY Cuo 45Δ/H@10Δ  ∧  USDKRW Cuo 45Δ/H@10Δ]  1M,worst_of,monthly,2023-06-30,-251742.57279544513,1934713.3045141397,-346531.77061384055,,
WO[USDJPY Cuo 45Δ/H@10Δ  ∧  USDKRW Cuo 45Δ/H@10Δ]  1M,worst_of,monthly,2023-07-31,-229369.40105831524,1705343.9034558244,-575901.1716721558,,
WO[USDJPY Cuo 45Δ/H@10Δ  ∧  USDKRW Cuo 45Δ/H@10Δ]  1M,worst_of,monthly,2023-08-31,-66373.06908589721,1638970.8343699272,-642274.240758053,,
WO[USDJPY Cuo 45Δ/H@10Δ  ∧  USDKRW Cuo 45Δ/H@10Δ]  1M,worst_of,monthly,2023-09-30,966405.5572342476,2605376.391604175,0.0,,
WO[USDJPY Cuo 45Δ/H@10Δ  ∧  USDKRW Cuo 45Δ/H@10Δ]  1M,worst_of,monthly,2023-10-31,1577666.8048024564,4183043.1964066313,0.0,,
WO[USDJPY Cuo 45Δ/H@10Δ  ∧  USDKRW Cuo 45Δ/H@10Δ]  1M,worst_of,monthly,2023-11-30,-246380.48443634945,3936662.711970282,-246380.48443634948,,
WO[USDJPY Cuo 45Δ/H@10Δ  ∧  USDKRW Cuo 45Δ/H@10Δ]  1M,worst_of,monthly,2023-12-31,-257851.14823418064,3678811.563736101,-504231.6326705301,,
WO[USDJPY Cuo 45Δ/H@10Δ  ∧  USDKRW Cuo 45Δ/H@10Δ]  1M,worst_of,monthly,2024-01-31,47301.59343039367,3726113.1571664945,-456930.03924013674,,
WO[USDJPY Cuo 45Δ/H@10Δ  ∧  USDKRW Cuo 45Δ/H@10Δ]  1M,worst_of,monthly,2024-02-29,7845.151600148207,3733958.3087666426,-449084.8876399887,,
WO[USDJPY Cuo 45Δ/H@10Δ  ∧  USDKRW Cuo 45Δ/H@10Δ]  1M,worst_of,monthly,2024-03-31,209583.7877099993,3943542.0964766424,-239501.09992998885,,
WO[USDJPY Cuo 45Δ/H@10Δ  ∧  USDKRW Cuo 45Δ/H@10Δ]  1M,worst_of,monthly,2024-04-30,298605.93394542555,4242148.030422069,-176330.3688622173,,
WO[USDJPY Cuo 45Δ/H@10Δ  ∧  USDKRW Cuo 45Δ/H@10Δ]  1M,worst_of,monthly,2024-05-31,-233364.66534536864,4008783.365076701,-409695.03420758527,,
WO[USDJPY Cuo 45Δ/H@10Δ  ∧  USDKRW Cuo 45Δ/H@10Δ]  1M,worst_of,monthly,2024-06-30,1452662.802301729,5461446.167378431,0.0,,
WO[USDJPY Cuo 45Δ/H@10Δ  ∧  USDKRW Cuo 45Δ/H@10Δ]  1M,worst_of,monthly,2024-07-31,-227401.98052707873,5234044.186851352,-227401.98052707873,,
WO[USDJPY Cuo 45Δ/H@10Δ  ∧  USDKRW Cuo 45Δ/H@10Δ]  1M,worst_of,monthly,2024-08-31,-231589.72743781266,5002454.459413539,-458991.7079648925,,
WO[USDJPY Cuo 45Δ/H@10Δ  ∧  USDKRW Cuo 45Δ/H@10Δ]  1M,worst_of,monthly,2024-09-30,-222258.25273874353,4780196.2066747965,-681249.9607036347,,
WO[USDJPY Cuo 45Δ/H@10Δ  ∧  USDKRW Cuo 45Δ/H@10Δ]  1M,worst_of,monthly,2024-10-31,-212330.78620290942,4567865.420471888,-893580.7469065432,,
WO[USDJPY Cuo 45Δ/H@10Δ  ∧  USDKRW Cuo 45Δ/H@10Δ]  1M,worst_of,monthly,2024-11-30,111276.21394218538,4679141.634414074,-782304.5329643572,,
WO[USDJPY Cuo 45Δ/H@10Δ  ∧  USDKRW Cuo 45Δ/H@10Δ]  1M,worst_of,monthly,2024-12-31,-273568.2372196703,4405573.397194403,-1055872.770184028,,
WO[USDJPY Cuo 45Δ/H@10Δ  ∧  USDKRW Cuo 45Δ/H@10Δ]  1M,worst_of,monthly,2025-01-31,-224550.0804975022,4181023.316696901,-1280422.8506815303,,
WO[USDJPY Cuo 45Δ/H@10Δ  ∧  USDKRW Cuo 45Δ/H@10Δ]  1M,worst_of,monthly,2025-02-28,-211341.00612368694,3969682.3105732133,-1491763.856805218,,
WO[USDJPY Cuo 45Δ/H@10Δ  ∧  USDKRW Cuo 45Δ/H@10Δ]  1M,worst_of,monthly,2025-03-31,-15394.271383176994,3954288.039190036,-1507158.1281883954,,
WO[USDJPY Cuo 45Δ/H@10Δ  ∧  USDKRW Cuo 45Δ/H@10Δ]  1M,worst_of,monthly,2025-04-30,-256476.1028805045,3697811.9363095313,-1763634.2310688999,,
WO[USDJPY Cuo 45Δ/H@10Δ  ∧  USDKRW Cuo 45Δ/H@10Δ]  1M,worst_of,monthly,2025-05-31,-295612.3728893279,3402199.5634202035,-2059246.6039582277,,
WO[USDJPY Cuo 45Δ/H@10Δ  ∧  USDKRW Cuo 45Δ/H@10Δ]  1M,worst_of,monthly,2025-06-30,-307371.8688641945,3094827.694556009,-2366618.472822422,,
WO[USDJPY Cuo 45Δ/H@10Δ  ∧  USDKRW Cuo 45Δ/H@10Δ]  1M,worst_of,monthly,2025-07-31,1223273.4493233534,4318101.143879363,-1143345.0234990679,,
WO[USDJPY Cuo 45Δ/H@10Δ  ∧  USDKRW Cuo 45Δ/H@10Δ]  1M,worst_of,monthly,2025-08-31,203013.25137832438,4521114.395257688,-940331.7721207431,,
WO[USDJPY Cuo 45Δ/H@10Δ  ∧  USDKRW Cuo 45Δ/H@10Δ]  1M,worst_of,monthly,2025-09-30,466783.4358734214,4987897.831131111,-473548.3362473203,,
WO[USDJPY Cuo 45Δ/H@10Δ  ∧  USDKRW Cuo 45Δ/H@10Δ]  1M,worst_of,monthly,2025-10-31,218544.10839300076,5206441.939524111,-255004.22785431985,,
WO[USDJPY Cuo 45Δ/H@10Δ  ∧  USDKRW Cuo 45Δ/H@10Δ]  1M,worst_of,monthly,2025-11-30,-170769.7723952405,5035672.16712887,-425774.0002495609,,
WO[USDJPY Cuo 45Δ/H@10Δ  ∧  USDKRW Cuo 45Δ/H@10Δ]  1M,worst_of,monthly,2025-12-31,-46009.611854332135,4989662.555274538,-471783.6121038934,,
WO[USDJPY Cuo 45Δ/H@10Δ  ∧  USDKRW Cuo 45Δ/H@10Δ]  1M,worst_of,monthly,2026-01-31,-153160.32779514993,4836502.227479388,-624943.9398990432,,
WO[USDJPY Cuo 45Δ/H@10Δ  ∧  USDKRW Cuo 45Δ/H@10Δ]  1M,worst_of,monthly,2026-02-28,-209871.3730231034,4626630.854456283,-834815.312922148,,
WO[USDJPY Cuo 45Δ/H@10Δ  ∧  USDKRW Cuo 45Δ/H@10Δ]  1M,worst_of,monthly,2026-03-31,-171523.55950523686,4455107.294951046,-1006338.8724273853,,
WO[USDJPY Cuo 45Δ/H@10Δ  ∧  USDKRW Cuo 45Δ/H@10Δ]  1M,worst_of,monthly,2026-04-30,-104686.27729345937,4350421.017657587,-1111025.1497208439,,
WO[USDJPY Cuo 45Δ/H@10Δ  ∧  USDKRW Cuo 45Δ/H@10Δ]  1M,worst_of,monthly,2026-05-31,-63966.00612559353,4286455.011531994,-1174991.1558464374,,
WO[USDJPY Cuo 45Δ/H@10Δ  ∧  USDKRW Cuo 45Δ/H@10Δ]  1M,worst_of,annual,2023-12-31,3678811.563736101,3678811.563736101,-504231.6326705301,,
WO[USDJPY Cuo 45Δ/H@10Δ  ∧  USDKRW Cuo 45Δ/H@10Δ]  1M,worst_of,annual,2024-12-31,726761.8334582979,4405573.397194403,-1055872.770184028,,
WO[USDJPY Cuo 45Δ/H@10Δ  ∧  USDKRW Cuo 45Δ/H@10Δ]  1M,worst_of,annual,2025-12-31,584089.1580801342,4989662.555274538,-471783.6121038934,,
WO[USDJPY Cuo 45Δ/H@10Δ  ∧  USDKRW Cuo 45Δ/H@10Δ]  1M,worst_of,annual,2026-12-31,-703207.5437425431,4286455.011531994,-1174991.1558464374,,
WO[USDJPY Cuo 45Δ/H@10Δ  ∧  USDKRW Cuo 45Δ/H@10Δ]  6W,worst_of,monthly,2023-02-28,884557.9466260175,884557.9466260175,-48600.886639663135,,
WO[USDJPY Cuo 45Δ/H@10Δ  ∧  USDKRW Cuo 45Δ/H@10Δ]  6W,worst_of,monthly,2023-03-31,-318216.4973938021,566341.4492322154,-366817.3840334652,,
WO[USDJPY Cuo 45Δ/H@10Δ  ∧  USDKRW Cuo 45Δ/H@10Δ]  6W,worst_of,monthly,2023-04-30,11536.73194826045,577878.1811804757,-355280.65208520484,,
WO[USDJPY Cuo 45Δ/H@10Δ  ∧  USDKRW Cuo 45Δ/H@10Δ]  6W,worst_of,monthly,2023-05-31,1167827.397740493,1745705.5789209688,-150665.0902976594,,
WO[USDJPY Cuo 45Δ/H@10Δ  ∧  USDKRW Cuo 45Δ/H@10Δ]  6W,worst_of,monthly,2023-06-30,-290943.61926434527,1454761.9596566234,-441608.7095620048,,
WO[USDJPY Cuo 45Δ/H@10Δ  ∧  USDKRW Cuo 45Δ/H@10Δ]  6W,worst_of,monthly,2023-07-31,-261101.45841247917,1193660.501244144,-702710.1679744842,,
WO[USDJPY Cuo 45Δ/H@10Δ  ∧  USDKRW Cuo 45Δ/H@10Δ]  6W,worst_of,monthly,2023-08-31,652406.1051405148,1846066.606384659,-113827.08900773362,,
WO[USDJPY Cuo 45Δ/H@10Δ  ∧  USDKRW Cuo 45Δ/H@10Δ]  6W,worst_of,monthly,2023-09-30,665847.7653030833,2511914.371687742,0.0,,
WO[USDJPY Cuo 45Δ/H@10Δ  ∧  USDKRW Cuo 45Δ/H@10Δ]  6W,worst_of,monthly,2023-10-31,2640653.2855223846,5152567.657210125,0.0,,
WO[USDJPY Cuo 45Δ/H@10Δ  ∧  USDKRW Cuo 45Δ/H@10Δ]  6W,worst_of,monthly,2023-11-30,-47706.34895191192,5104861.308258214,-218735.84015669394,,
WO[USDJPY Cuo 45Δ/H@10Δ  ∧  USDKRW Cuo 45Δ/H@10Δ]  6W,worst_of,monthly,2023-12-31,-294301.5339622755,4810559.774295939,-513037.37411896884,,
WO[USDJPY Cuo 45Δ/H@10Δ  ∧  USDKRW Cuo 45Δ/H@10Δ]  6W,worst_of,monthly,2024-01-31,840131.7786696817,5650691.552965621,-14938.525084981695,,
WO[USDJPY Cuo 45Δ/H@10Δ  ∧  USDKRW Cuo 45Δ/H@10Δ]  6W,worst_of,monthly,2024-02-29,-184211.2170631176,5466480.335902503,-199149.7421481004,,
WO[USDJPY Cuo 45Δ/H@10Δ  ∧  USDKRW Cuo 45Δ/H@10Δ]  6W,worst_of,monthly,2024-03-31,204451.70541328753,5670932.041315791,0.0,,
WO[USDJPY Cuo 45Δ/H@10Δ  ∧  USDKRW Cuo 45Δ/H@10Δ]  6W,worst_of,monthly,2024-04-30,792729.7884840138,6463661.829799806,-146902.24450724665,,
WO[USDJPY Cuo 45Δ/H@10Δ  ∧  USDKRW Cuo 45Δ/H@10Δ]  6W,worst_of,monthly,2024-05-31,-270791.7248778233,6192870.104921983,-417693.9693850698,,
WO[USDJPY Cuo 45Δ/H@10Δ  ∧  USDKRW Cuo 45Δ/H@10Δ]  6W,worst_of,monthly,2024-06-30,621560.1996289785,6814430.304550961,-26405.070720733143,,
WO[USDJPY Cuo 45Δ/H@10Δ  ∧  USDKRW Cuo 45Δ/H@10Δ]  6W,worst_of,monthly,2024-07-31,35557.1763729472,6849987.480923909,-156248.24417128228,,
WO[USDJPY Cuo 45Δ/H@10Δ  ∧  USDKRW Cuo 45Δ/H@10Δ]  6W,worst_of,monthly,2024-08-31,-250157.98576780254,6599829.495156109,-406406.2299390817,,
WO[USDJPY Cuo 45Δ/H@10Δ  ∧  USDKRW Cuo 45Δ/H@10Δ]  6W,worst_of,monthly,2024-09-30,-248161.4923985066,6351668.002757601,-654567.7223375896,,
WO[USDJPY Cuo 45Δ/H@10Δ  ∧  USDKRW Cuo 45Δ/H@10Δ]  6W,worst_of,monthly,2024-10-31,1028693.2497551639,7380361.252512766,-103916.2061914336,,
WO[USDJPY Cuo 45Δ/H@10Δ  ∧  USDKRW Cuo 45Δ/H@10Δ]  6W,worst_of,monthly,2024-11-30,-195019.96369147385,7185341.288821293,-298936.1698829066,,
WO[USDJPY Cuo 45Δ/H@10Δ  ∧  USDKRW Cuo 45Δ/H@10Δ]  6W,worst_of,monthly,2024-12-31,119382.24608800188,7304723.534909294,-179553.92379490566,,
WO[USDJPY Cuo 45Δ/H@10Δ  ∧  USDKRW Cuo 45Δ/H@10Δ]  6W,worst_of,monthly,2025-01-31,-289190.2254064358,7015533.309502857,-468744.14920134284,,
WO[USDJPY Cuo 45Δ/H@10Δ  ∧  USDKRW Cuo 45Δ/H@10Δ]  6W,worst_of,monthly,2025-02-28,-215206.63026849483,6800326.679234361,-683950.7794698384,,
WO[USDJPY Cuo 45Δ/H@10Δ  ∧  USDKRW Cuo 45Δ/H@10Δ]  6W,worst_of,monthly,2025-03-31,-230230.2788183789,6570096.400415985,-914181.0582882147,,
WO[USDJPY Cuo 45Δ/H@10Δ  ∧  USDKRW Cuo 45Δ/H@10Δ]  6W,worst_of,monthly,2025-04-30,-276746.7607823648,6293349.63963362,-1190927.8190705795,,
WO[USDJPY Cuo 45Δ/H@10Δ  ∧  USDKRW Cuo 45Δ/H@10Δ]  6W,worst_of,monthly,2025-05-31,-306380.5059810601,5986969.13365256,-1497308.3250516392,,
WO[USDJPY Cuo 45Δ/H@10Δ  ∧  USDKRW Cuo 45Δ/H@10Δ]  6W,worst_of,monthly,2025-06-30,-334318.55948737124,5652650.574165189,-1831626.884539011,,
WO[USDJPY Cuo 45Δ/H@10Δ  ∧  USDKRW Cuo 45Δ/H@10Δ]  6W,worst_of,monthly,2025-07-31,905629.8160041466,6558280.390169337,-925997.0685348623,,
WO[USDJPY Cuo 45Δ/H@10Δ  ∧  USDKRW Cuo 45Δ/H@10Δ]  6W,worst_of,monthly,2025-08-31,217460.77262898732,6775741.162798324,-708536.295905876,,
WO[USDJPY Cuo 45Δ/H@10Δ  ∧  USDKRW Cuo 45Δ/H@10Δ]  6W,worst_of,monthly,2025-09-30,270150.78579821426,7045891.948596538,-438385.5101076616,,
WO[USDJPY Cuo 45Δ/H@10Δ  ∧  USDKRW Cuo 45Δ/H@10Δ]  6W,worst_of,monthly,2025-10-31,439207.382896022,7485099.331492559,-147638.64296223503,,
WO[USDJPY Cuo 45Δ/H@10Δ  ∧  USDKRW Cuo 45Δ/H@10Δ]  6W,worst_of,monthly,2025-11-30,29756.69182109391,7514856.023313654,-139312.10093075782,,
WO[USDJPY Cuo 45Δ/H@10Δ  ∧  USDKRW Cuo 45Δ/H@10Δ]  6W,worst_of,monthly,2025-12-31,991704.4858252215,8506560.509138875,-85527.20455330424,,
WO[USDJPY Cuo 45Δ/H@10Δ  ∧  USDKRW Cuo 45Δ/H@10Δ]  6W,worst_of,monthly,2026-01-31,-250346.68680903537,8256213.822329839,-335873.8913623402,,
WO[USDJPY Cuo 45Δ/H@10Δ  ∧  USDKRW Cuo 45Δ/H@10Δ]  6W,worst_of,monthly,2026-02-28,-156060.98877766254,8100152.833552177,-491934.8801400019,,
WO[USDJPY Cuo 45Δ/H@10Δ  ∧  USDKRW Cuo 45Δ/H@10Δ]  6W,worst_of,monthly,2026-03-31,350982.8566512527,8451135.690203432,-140952.02348874696,,
WO[USDJPY Cuo 45Δ/H@10Δ  ∧  USDKRW Cuo 45Δ/H@10Δ]  6W,worst_of,monthly,2026-04-30,-246954.30606806895,8204181.384135363,-387906.32955681626,,
WO[USDJPY Cuo 45Δ/H@10Δ  ∧  USDKRW Cuo 45Δ/H@10Δ]  6W,worst_of,monthly,2026-05-31,-80248.4399386624,8123932.9441967,-468154.76949547883,,
WO[USDJPY Cuo 45Δ/H@10Δ  ∧  USDKRW Cuo 45Δ/H@10Δ]  6W,worst_of,annual,2023-12-31,4810559.77429594,4810559.774295939,-513037.37411896884,,
WO[USDJPY Cuo 45Δ/H@10Δ  ∧  USDKRW Cuo 45Δ/H@10Δ]  6W,worst_of,annual,2024-12-31,2494163.7606133507,7304723.534909294,-179553.92379490566,,
WO[USDJPY Cuo 45Δ/H@10Δ  ∧  USDKRW Cuo 45Δ/H@10Δ]  6W,worst_of,annual,2025-12-31,1201836.97422958,8506560.509138875,-85527.20455330424,,
WO[USDJPY Cuo 45Δ/H@10Δ  ∧  USDKRW Cuo 45Δ/H@10Δ]  6W,worst_of,annual,2026-12-31,-382627.56494217657,8123932.9441967,-468154.76949547883,,
WO[USDJPY Cuo 45Δ/H@10Δ  ∧  USDKRW Cuo 45Δ/H@10Δ]  10W,worst_of,monthly,2023-03-31,207046.64487332353,207046.64487332356,-212372.27157756517,,
WO[USDJPY Cuo 45Δ/H@10Δ  ∧  USDKRW Cuo 45Δ/H@10Δ]  10W,worst_of,monthly,2023-04-30,1021188.4332507746,1228235.0781240982,0.0,,
WO[USDJPY Cuo 45Δ/H@10Δ  ∧  USDKRW Cuo 45Δ/H@10Δ]  10W,worst_of,monthly,2023-05-31,472336.7558156472,1700571.8339397449,-18613.901899345685,,
WO[USDJPY Cuo 45Δ/H@10Δ  ∧  USDKRW Cuo 45Δ/H@10Δ]  10W,worst_of,monthly,2023-06-30,-408991.34797199763,1291580.4859677474,-427605.24987134314,,
WO[USDJPY Cuo 45Δ/H@10Δ  ∧  USDKRW Cuo 45Δ/H@10Δ]  10W,worst_of,monthly,2023-07-31,-331030.0748502486,960550.4111174992,-758635.3247215913,,
WO[USDJPY Cuo 45Δ/H@10Δ  ∧  USDKRW Cuo 45Δ/H@10Δ]  10W,worst_of,monthly,2023-08-31,560375.2121589815,1520925.6232764802,-198260.1125626103,,
WO[USDJPY Cuo 45Δ/H@10Δ  ∧  USDKRW Cuo 45Δ/H@10Δ]  10W,worst_of,monthly,2023-09-30,1349497.8602516404,2870423.4835281204,-152870.3369814842,,
WO[USDJPY Cuo 45Δ/H@10Δ  ∧  USDKRW Cuo 45Δ/H@10Δ]  10W,worst_of,monthly,2023-10-31,896031.2398557931,3766454.7233839137,0.0,,
WO[USDJPY Cuo 45Δ/H@10Δ  ∧  USDKRW Cuo 45Δ/H@10Δ]  10W,worst_of,monthly,2023-11-30,-229535.73697322942,3536918.9864106835,-325893.36972859595,,
WO[USDJPY Cuo 45Δ/H@10Δ  ∧  USDKRW Cuo 45Δ/H@10Δ]  10W,worst_of,monthly,2023-12-31,-271110.06710811524,3265808.9193025674,-597003.4368367121,,
WO[USDJPY Cuo 45Δ/H@10Δ  ∧  USDKRW Cuo 45Δ/H@10Δ]  10W,worst_of,monthly,2024-01-31,-395981.17904252606,2869827.7402600404,-992984.615879239,,
WO[USDJPY Cuo 45Δ/H@10Δ  ∧  USDKRW Cuo 45Δ/H@10Δ]  10W,worst_of,monthly,2024-02-29,1073007.8488500942,3942835.589110135,-125697.59091039607,,
WO[USDJPY Cuo 45Δ/H@10Δ  ∧  USDKRW Cuo 45Δ/H@10Δ]  10W,worst_of,monthly,2024-03-31,445736.2751599353,4388571.86427007,0.0,,
WO[USDJPY Cuo 45Δ/H@10Δ  ∧  USDKRW Cuo 45Δ/H@10Δ]  10W,worst_of,monthly,2024-04-30,1241826.8967181419,5630398.760988211,-149921.6483113123,,
WO[USDJPY Cuo 45Δ/H@10Δ  ∧  USDKRW Cuo 45Δ/H@10Δ]  10W,worst_of,monthly,2024-05-31,-325069.8879232598,5305328.873064953,-474991.53623457067,,
WO[USDJPY Cuo 45Δ/H@10Δ  ∧  USDKRW Cuo 45Δ/H@10Δ]  10W,worst_of,monthly,2024-06-30,-181282.36598224088,5124046.50708271,-656273.9022168135,,
WO[USDJPY Cuo 45Δ/H@10Δ  ∧  USDKRW Cuo 45Δ/H@10Δ]  10W,worst_of,monthly,2024-07-31,311700.73990080727,5435747.246983517,-344573.1623160066,,
WO[USDJPY Cuo 45Δ/H@10Δ  ∧  USDKRW Cuo 45Δ/H@10Δ]  10W,worst_of,monthly,2024-08-31,-324117.0027246518,5111630.244258866,-668690.1650406579,,
WO[USDJPY Cuo 45Δ/H@10Δ  ∧  USDKRW Cuo 45Δ/H@10Δ]  10W,worst_of,monthly,2024-09-30,-295261.04429260135,4816369.199966265,-963951.2093332587,,
WO[USDJPY Cuo 45Δ/H@10Δ  ∧  USDKRW Cuo 45Δ/H@10Δ]  10W,worst_of,monthly,2024-10-31,790571.3649664363,5606940.564932702,-173379.84436682146,,
WO[USDJPY Cuo 45Δ/H@10Δ  ∧  USDKRW Cuo 45Δ/H@10Δ]  10W,worst_of,monthly,2024-11-30,-326874.3986314366,5280066.166301266,-500254.2429982573,,
WO[USDJPY Cuo 45Δ/H@10Δ  ∧  USDKRW Cuo 45Δ/H@10Δ]  10W,worst_of,monthly,2024-12-31,-357659.660134434,4922406.506166832,-857913.903132692,,
WO[USDJPY Cuo 45Δ/H@10Δ  ∧  USDKRW Cuo 45Δ/H@10Δ]  10W,worst_of,monthly,2025-01-31,-423677.0702203623,4498729.43594647,-1281590.9733530534,,
WO[USDJPY Cuo 45Δ/H@10Δ  ∧  USDKRW Cuo 45Δ/H@10Δ]  10W,worst_of,monthly,2025-02-28,-8841.841926817648,4489887.594019651,-1290432.8152798722,,
WO[USDJPY Cuo 45Δ/H@10Δ  ∧  USDKRW Cuo 45Δ/H@10Δ]  10W,worst_of,monthly,2025-03-31,-281408.2367947543,4208479.357224897,-1571841.052074627,,
WO[USDJPY Cuo 45Δ/H@10Δ  ∧  USDKRW Cuo 45Δ/H@10Δ]  10W,worst_of,monthly,2025-04-30,-296405.6954147641,3912073.661810132,-1868246.7474893914,,
WO[USDJPY Cuo 45Δ/H@10Δ  ∧  USDKRW Cuo 45Δ/H@10Δ]  10W,worst_of,monthly,2025-05-31,-336304.41077442805,3575769.251035704,-2204551.1582638198,,
WO[USDJPY Cuo 45Δ/H@10Δ  ∧  USDKRW Cuo 45Δ/H@10Δ]  10W,worst_of,monthly,2025-06-30,-359110.8453992127,3216658.4056364917,-2563662.003663032,,
WO[USDJPY Cuo 45Δ/H@10Δ  ∧  USDKRW Cuo 45Δ/H@10Δ]  10W,worst_of,monthly,2025-07-31,-331099.99862989865,2885558.407006593,-2894762.0022929306,,
WO[USDJPY Cuo 45Δ/H@10Δ  ∧  USDKRW Cuo 45Δ/H@10Δ]  10W,worst_of,monthly,2025-08-31,1721304.1034794785,4606862.510486071,-1173457.8988134526,,
WO[USDJPY Cuo 45Δ/H@10Δ  ∧  USDKRW Cuo 45Δ/H@10Δ]  10W,worst_of,monthly,2025-09-30,2016284.3648996942,6623146.875385766,0.0,,
WO[USDJPY Cuo 45Δ/H@10Δ  ∧  USDKRW Cuo 45Δ/H@10Δ]  10W,worst_of,monthly,2025-10-31,3568204.9118822035,10191351.78726797,-16625.161829991266,,
WO[USDJPY Cuo 45Δ/H@10Δ  ∧  USDKRW Cuo 45Δ/H@10Δ]  10W,worst_of,monthly,2025-11-30,-60736.817902329,10130614.969365641,-318326.761602886,,
WO[USDJPY Cuo 45Δ/H@10Δ  ∧  USDKRW Cuo 45Δ/H@10Δ]  10W,worst_of,monthly,2025-12-31,1022187.7151721385,11152802.68453778,0.0,,
WO[USDJPY Cuo 45Δ/H@10Δ  ∧  USDKRW Cuo 45Δ/H@10Δ]  10W,worst_of,monthly,2026-01-31,1135147.0834210173,12287949.767958796,-87560.05739171989,,
WO[USDJPY Cuo 45Δ/H@10Δ  ∧  USDKRW Cuo 45Δ/H@10Δ]  10W,worst_of,monthly,2026-02-28,-345328.7753162527,11942620.992642542,-432888.8327079732,,
WO[USDJPY Cuo 45Δ/H@10Δ  ∧  USDKRW Cuo 45Δ/H@10Δ]  10W,worst_of,monthly,2026-03-31,1193387.2845443012,13136008.27718684,0.0,,
WO[USDJPY Cuo 45Δ/H@10Δ  ∧  USDKRW Cuo 45Δ/H@10Δ]  10W,worst_of,monthly,2026-04-30,-361912.2913543229,12774095.98583252,-361912.29135432094,,
WO[USDJPY Cuo 45Δ/H@10Δ  ∧  USDKRW Cuo 45Δ/H@10Δ]  10W,worst_of,monthly,2026-05-31,-113523.78035779961,12660572.20547472,-475436.07171212137,,
WO[USDJPY Cuo 45Δ/H@10Δ  ∧  USDKRW Cuo 45Δ/H@10Δ]  10W,worst_of,annual,2023-12-31,3265808.9193025697,3265808.9193025674,-597003.4368367121,,
WO[USDJPY Cuo 45Δ/H@10Δ  ∧  USDKRW Cuo 45Δ/H@10Δ]  10W,worst_of,annual,2024-12-31,1656597.5868642647,4922406.506166832,-857913.903132692,,
WO[USDJPY Cuo 45Δ/H@10Δ  ∧  USDKRW Cuo 45Δ/H@10Δ]  10W,worst_of,annual,2025-12-31,6230396.178370948,11152802.68453778,0.0,,
WO[USDJPY Cuo 45Δ/H@10Δ  ∧  USDKRW Cuo 45Δ/H@10Δ]  10W,worst_of,annual,2026-12-31,1507769.5209369434,12660572.20547472,-475436.07171212137,,
WO[USDJPY Cuo 45Δ/H@10Δ  ∧  USDKRW Cuo 45Δ/H@10Δ]  3M,worst_of,monthly,2023-03-31,135956.63749526552,135956.63749526552,0.0,,
WO[USDJPY Cuo 45Δ/H@10Δ  ∧  USDKRW Cuo 45Δ/H@10Δ]  3M,worst_of,monthly,2023-04-30,288710.5527229539,424667.19021821953,-201485.7374223976,,
WO[USDJPY Cuo 45Δ/H@10Δ  ∧  USDKRW Cuo 45Δ/H@10Δ]  3M,worst_of,monthly,2023-05-31,2092763.884729409,2517431.0749476277,-39911.882284397725,,
WO[USDJPY Cuo 45Δ/H@10Δ  ∧  USDKRW Cuo 45Δ/H@10Δ]  3M,worst_of,monthly,2023-06-30,-400090.4071508473,2117340.66779678,-440002.28943524556,,
WO[USDJPY Cuo 45Δ/H@10Δ  ∧  USDKRW Cuo 45Δ/H@10Δ]  3M,worst_of,monthly,2023-07-31,-395173.80009194766,1722166.8677048327,-835176.0895271928,,
WO[USDJPY Cuo 45Δ/H@10Δ  ∧  USDKRW Cuo 45Δ/H@10Δ]  3M,worst_of,monthly,2023-08-31,-365489.8528415784,1356677.014863254,-1200665.9423687714,,
WO[USDJPY Cuo 45Δ/H@10Δ  ∧  USDKRW Cuo 45Δ/H@10Δ]  3M,worst_of,monthly,2023-09-30,2051123.286794355,3407800.3016576087,0.0,,
WO[USDJPY Cuo 45Δ/H@10Δ  ∧  USDKRW Cuo 45Δ/H@10Δ]  3M,worst_of,monthly,2023-10-31,1178699.2081398596,4586499.50979747,-319852.8384585455,,
WO[USDJPY Cuo 45Δ/H@10Δ  ∧  USDKRW Cuo 45Δ/H@10Δ]  3M,worst_of,monthly,2023-11-30,-426377.4670089129,4160122.042788559,-746230.3054674561,,
WO[USDJPY Cuo 45Δ/H@10Δ  ∧  USDKRW Cuo 45Δ/H@10Δ]  3M,worst_of,monthly,2023-12-31,-357943.30187466164,3802178.740913897,-1104173.6073421184,,
WO[USDJPY Cuo 45Δ/H@10Δ  ∧  USDKRW Cuo 45Δ/H@10Δ]  3M,worst_of,monthly,2024-01-31,-357578.78334580763,3444599.9575680885,-1461752.3906879267,,
WO[USDJPY Cuo 45Δ/H@10Δ  ∧  USDKRW Cuo 45Δ/H@10Δ]  3M,worst_of,monthly,2024-02-29,1622168.2561168938,5066768.213684983,0.0,,
WO[USDJPY Cuo 45Δ/H@10Δ  ∧  USDKRW Cuo 45Δ/H@10Δ]  3M,worst_of,monthly,2024-03-31,864010.2272032555,5930778.440888237,-119441.11286958121,,
WO[USDJPY Cuo 45Δ/H@10Δ  ∧  USDKRW Cuo 45Δ/H@10Δ]  3M,worst_of,monthly,2024-04-30,2040561.5992001838,7971340.040088419,-111828.09080829006,,
WO[USDJPY Cuo 45Δ/H@10Δ  ∧  USDKRW Cuo 45Δ/H@10Δ]  3M,worst_of,monthly,2024-05-31,-335852.98745476344,7635487.052633654,-447681.0782630546,,
WO[USDJPY Cuo 45Δ/H@10Δ  ∧  USDKRW Cuo 45Δ/H@10Δ]  3M,worst_of,monthly,2024-06-30,-322515.54362233327,7312971.509011321,-770196.6218853882,,
WO[USDJPY Cuo 45Δ/H@10Δ  ∧  USDKRW Cuo 45Δ/H@10Δ]  3M,worst_of,monthly,2024-07-31,-347973.1365117903,6964998.37249953,-1118169.7583971787,,
WO[USDJPY Cuo 45Δ/H@10Δ  ∧  USDKRW Cuo 45Δ/H@10Δ]  3M,worst_of,monthly,2024-08-31,-334412.4772657375,6630585.895233794,-1452582.2356629148,,
WO[USDJPY Cuo 45Δ/H@10Δ  ∧  USDKRW Cuo 45Δ/H@10Δ]  3M,worst_of,monthly,2024-09-30,-339751.76185724,6290834.133376553,-1792333.9975201562,,
WO[USDJPY Cuo 45Δ/H@10Δ  ∧  USDKRW Cuo 45Δ/H@10Δ]  3M,worst_of,monthly,2024-10-31,-306861.8565715987,5983972.276804955,-2099195.854091754,,
WO[USDJPY Cuo 45Δ/H@10Δ  ∧  USDKRW Cuo 45Δ/H@10Δ]  3M,worst_of,monthly,2024-11-30,1072386.0946344722,7056358.371439427,-1026809.7594572818,,
WO[USDJPY Cuo 45Δ/H@10Δ  ∧  USDKRW Cuo 45Δ/H@10Δ]  3M,worst_of,monthly,2024-12-31,-361572.42375059996,6694785.947688827,-1388382.1832078816,,
WO[USDJPY Cuo 45Δ/H@10Δ  ∧  USDKRW Cuo 45Δ/H@10Δ]  3M,worst_of,monthly,2025-01-31,-284204.47712583694,6410581.470562992,-1672586.6603337172,,
WO[USDJPY Cuo 45Δ/H@10Δ  ∧  USDKRW Cuo 45Δ/H@10Δ]  3M,worst_of,monthly,2025-02-28,-401182.39329394535,6009399.077269044,-2073769.0536276652,,
WO[USDJPY Cuo 45Δ/H@10Δ  ∧  USDKRW Cuo 45Δ/H@10Δ]  3M,worst_of,monthly,2025-03-31,-310312.588268192,5699086.489000851,-2384081.6418958576,,
WO[USDJPY Cuo 45Δ/H@10Δ  ∧  USDKRW Cuo 45Δ/H@10Δ]  3M,worst_of,monthly,2025-04-30,-299767.05527822283,5399319.433722629,-2683848.6971740797,,
WO[USDJPY Cuo 45Δ/H@10Δ  ∧  USDKRW Cuo 45Δ/H@10Δ]  3M,worst_of,monthly,2025-05-31,-358404.7670086033,5040914.666714027,-3042253.4641826823,,
WO[USDJPY Cuo 45Δ/H@10Δ  ∧  USDKRW Cuo 45Δ/H@10Δ]  3M,worst_of,monthly,2025-06-30,-371694.7926269121,4669219.874087116,-3413948.256809593,,
WO[USDJPY Cuo 45Δ/H@10Δ  ∧  USDKRW Cuo 45Δ/H@10Δ]  3M,worst_of,monthly,2025-07-31,-443114.0845923163,4226105.789494801,-3857062.3414019076,,
WO[USDJPY Cuo 45Δ/H@10Δ  ∧  USDKRW Cuo 45Δ/H@10Δ]  3M,worst_of,monthly,2025-08-31,161829.4268059404,4387935.216300742,-3695232.914595967,,
WO[USDJPY Cuo 45Δ/H@10Δ  ∧  USDKRW Cuo 45Δ/H@10Δ]  3M,worst_of,monthly,2025-09-30,2892241.9290488875,7280177.145349629,-802990.9855470797,,
WO[USDJPY Cuo 45Δ/H@10Δ  ∧  USDKRW Cuo 45Δ/H@10Δ]  3M,worst_of,monthly,2025-10-31,5649331.071771672,12929508.217121296,0.0,,
WO[USDJPY Cuo 45Δ/H@10Δ  ∧  USDKRW Cuo 45Δ/H@10Δ]  3M,worst_of,monthly,2025-11-30,2396527.7259961637,15326035.943117458,-248293.50904192217,,
WO[USDJPY Cuo 45Δ/H@10Δ  ∧  USDKRW Cuo 45Δ/H@10Δ]  3M,worst_of,monthly,2025-12-31,-404150.3033470955,14921885.639770364,-652443.8123890162,,
WO[USDJPY Cuo 45Δ/H@10Δ  ∧  USDKRW Cuo 45Δ/H@10Δ]  3M,worst_of,monthly,2026-01-31,1239990.3414435242,16161875.981213888,0.0,,
WO[USDJPY Cuo 45Δ/H@10Δ  ∧  USDKRW Cuo 45Δ/H@10Δ]  3M,worst_of,monthly,2026-02-28,125769.03328753935,16287645.01450143,-327845.17873590626,,
WO[USDJPY Cuo 45Δ/H@10Δ  ∧  USDKRW Cuo 45Δ/H@10Δ]  3M,worst_of,monthly,2026-03-31,1068748.2424736386,17356393.25697507,-42497.15541193262,,
WO[USDJPY Cuo 45Δ/H@10Δ  ∧  USDKRW Cuo 45Δ/H@10Δ]  3M,worst_of,monthly,2026-04-30,-89227.53961341047,17267165.717361666,-131724.695025336,,
WO[USDJPY Cuo 45Δ/H@10Δ  ∧  USDKRW Cuo 45Δ/H@10Δ]  3M,worst_of,monthly,2026-05-31,-92910.62550224572,17174255.09185942,-224635.32052758336,,
WO[USDJPY Cuo 45Δ/H@10Δ  ∧  USDKRW Cuo 45Δ/H@10Δ]  3M,worst_of,annual,2023-12-31,3802178.740913895,3802178.740913897,-1104173.6073421184,,
WO[USDJPY Cuo 45Δ/H@10Δ  ∧  USDKRW Cuo 45Δ/H@10Δ]  3M,worst_of,annual,2024-12-31,2892607.206774934,6694785.947688827,-1388382.1832078816,,
WO[USDJPY Cuo 45Δ/H@10Δ  ∧  USDKRW Cuo 45Δ/H@10Δ]  3M,worst_of,annual,2025-12-31,8227099.692081539,14921885.639770364,-652443.8123890162,,
WO[USDJPY Cuo 45Δ/H@10Δ  ∧  USDKRW Cuo 45Δ/H@10Δ]  3M,worst_of,annual,2026-12-31,2252369.452089046,17174255.09185942,-224635.32052758336,,
WO[USDJPY Cuo 45Δ/H@5Δ  ∧  USDKRW Cuo 45Δ/H@5Δ]  2M,worst_of,monthly,2023-03-31,3003782.678094718,3003782.6780947186,-178537.7664822545,,
WO[USDJPY Cuo 45Δ/H@5Δ  ∧  USDKRW Cuo 45Δ/H@5Δ]  2M,worst_of,monthly,2023-04-30,96945.22041401417,3100727.898508732,-144765.01896526339,,
WO[USDJPY Cuo 45Δ/H@5Δ  ∧  USDKRW Cuo 45Δ/H@5Δ]  2M,worst_of,monthly,2023-05-31,1402159.8674473215,4502887.765956054,0.0,,
WO[USDJPY Cuo 45Δ/H@5Δ  ∧  USDKRW Cuo 45Δ/H@5Δ]  2M,worst_of,monthly,2023-06-30,-292223.64857695176,4210664.117379102,-455499.4503424438,,
WO[USDJPY Cuo 45Δ/H@5Δ  ∧  USDKRW Cuo 45Δ/H@5Δ]  2M,worst_of,monthly,2023-07-31,-408566.3989999726,3802097.718379129,-864065.8493424165,,
WO[USDJPY Cuo 45Δ/H@5Δ  ∧  USDKRW Cuo 45Δ/H@5Δ]  2M,worst_of,monthly,2023-08-31,3135399.5785180656,6937497.296897195,-14949.604323228821,,
WO[USDJPY Cuo 45Δ/H@5Δ  ∧  USDKRW Cuo 45Δ/H@5Δ]  2M,worst_of,monthly,2023-09-30,3619175.346092991,10556672.642990189,0.0,,
WO[USDJPY Cuo 45Δ/H@5Δ  ∧  USDKRW Cuo 45Δ/H@5Δ]  2M,worst_of,monthly,2023-10-31,3337529.3378073806,13894201.980797566,0.0,,
WO[USDJPY Cuo 45Δ/H@5Δ  ∧  USDKRW Cuo 45Δ/H@5Δ]  2M,worst_of,monthly,2023-11-30,-5877.402154050596,13888324.578643512,-383441.31085330993,,
WO[USDJPY Cuo 45Δ/H@5Δ  ∧  USDKRW Cuo 45Δ/H@5Δ]  2M,worst_of,monthly,2023-12-31,-428223.90528665803,13460100.673356855,-811665.2161399666,,
WO[USDJPY Cuo 45Δ/H@5Δ  ∧  USDKRW Cuo 45Δ/H@5Δ]  2M,worst_of,monthly,2024-01-31,-284405.719075068,13175694.954281785,-1096070.9352150373,,
WO[USDJPY Cuo 45Δ/H@5Δ  ∧  USDKRW Cuo 45Δ/H@5Δ]  2M,worst_of,monthly,2024-02-29,1999750.6800628242,15175445.634344611,-76038.55839441717,,
WO[USDJPY Cuo 45Δ/H@5Δ  ∧  USDKRW Cuo 45Δ/H@5Δ]  2M,worst_of,monthly,2024-03-31,470931.4222254169,15646377.056570025,-7761.020227229223,,
WO[USDJPY Cuo 45Δ/H@5Δ  ∧  USDKRW Cuo 45Δ/H@5Δ]  2M,worst_of,monthly,2024-04-30,2318975.6012610286,17965352.657831058,-100377.09937559813,,
WO[USDJPY Cuo 45Δ/H@5Δ  ∧  USDKRW Cuo 45Δ/H@5Δ]  2M,worst_of,monthly,2024-05-31,-454212.88013502065,17511139.777696032,-554589.979510624,,
WO[USDJPY Cuo 45Δ/H@5Δ  ∧  USDKRW Cuo 45Δ/H@5Δ]  2M,worst_of,monthly,2024-06-30,130185.48467166965,17641325.262367703,-424404.494838953,,
WO[USDJPY Cuo 45Δ/H@5Δ  ∧  USDKRW Cuo 45Δ/H@5Δ]  2M,worst_of,monthly,2024-07-31,705738.9333991351,18347064.195766836,-104054.87043404207,,
WO[USDJPY Cuo 45Δ/H@5Δ  ∧  USDKRW Cuo 45Δ/H@5Δ]  2M,worst_of,monthly,2024-08-31,-438064.9595104619,17908999.236256372,-542119.8299445063,,
WO[USDJPY Cuo 45Δ/H@5Δ  ∧  USDKRW Cuo 45Δ/H@5Δ]  2M,worst_of,monthly,2024-09-30,-388800.9222154436,17520198.314040933,-930920.7521599457,,
WO[USDJPY Cuo 45Δ/H@5Δ  ∧  USDKRW Cuo 45Δ/H@5Δ]  2M,worst_of,monthly,2024-10-31,3130658.191333741,20650856.505374674,0.0,,
WO[USDJPY Cuo 45Δ/H@5Δ  ∧  USDKRW Cuo 45Δ/H@5Δ]  2M,worst_of,monthly,2024-11-30,461385.6830565849,21112242.18843126,-304741.4546603672,,
WO[USDJPY Cuo 45Δ/H@5Δ  ∧  USDKRW Cuo 45Δ/H@5Δ]  2M,worst_of,monthly,2024-12-31,4527248.933577921,25639491.122009184,0.0,,
WO[USDJPY Cuo 45Δ/H@5Δ  ∧  USDKRW Cuo 45Δ/H@5Δ]  2M,worst_of,monthly,2025-01-31,1261285.3070743615,26900776.42908354,0.0,,
WO[USDJPY Cuo 45Δ/H@5Δ  ∧  USDKRW Cuo 45Δ/H@5Δ]  2M,worst_of,monthly,2025-02-28,325278.0043231352,27226054.43340668,-210921.18213253468,,
WO[USDJPY Cuo 45Δ/H@5Δ  ∧  USDKRW Cuo 45Δ/H@5Δ]  2M,worst_of,monthly,2025-03-31,-334483.213358688,26891571.22004799,-545404.3954912238,,
WO[USDJPY Cuo 45Δ/H@5Δ  ∧  USDKRW Cuo 45Δ/H@5Δ]  2M,worst_of,monthly,2025-04-30,-405088.6764375016,26486482.54361049,-950493.0719287246,,
WO[USDJPY Cuo 45Δ/H@5Δ  ∧  USDKRW Cuo 45Δ/H@5Δ]  2M,worst_of,monthly,2025-05-31,-485317.7371050573,26001164.80650543,-1435810.809033785,,
WO[USDJPY Cuo 45Δ/H@5Δ  ∧  USDKRW Cuo 45Δ/H@5Δ]  2M,worst_of,monthly,2025-06-30,-514848.9049248232,25486315.901580606,-1950659.7139586098,,
WO[USDJPY Cuo 45Δ/H@5Δ  ∧  USDKRW Cuo 45Δ/H@5Δ]  2M,worst_of,monthly,2025-07-31,-340238.0514229834,25146077.850157622,-2290897.7653815933,,
WO[USDJPY Cuo 45Δ/H@5Δ  ∧  USDKRW Cuo 45Δ/H@5Δ]  2M,worst_of,monthly,2025-08-31,2159619.557925518,27305697.408083137,-131278.20745607838,,
WO[USDJPY Cuo 45Δ/H@5Δ  ∧  USDKRW Cuo 45Δ/H@5Δ]  2M,worst_of,monthly,2025-09-30,1240562.9977357667,28546260.405818902,-24844.67044688016,,
WO[USDJPY Cuo 45Δ/H@5Δ  ∧  USDKRW Cuo 45Δ/H@5Δ]  2M,worst_of,monthly,2025-10-31,3767217.500589554,32313477.906408455,0.0,,
WO[USDJPY Cuo 45Δ/H@5Δ  ∧  USDKRW Cuo 45Δ/H@5Δ]  2M,worst_of,monthly,2025-11-30,1634685.9650063661,33948163.87141482,-20311.890147157013,,
WO[USDJPY Cuo 45Δ/H@5Δ  ∧  USDKRW Cuo 45Δ/H@5Δ]  2M,worst_of,monthly,2025-12-31,2596355.2288318537,36544519.10024667,0.0,,
WO[USDJPY Cuo 45Δ/H@5Δ  ∧  USDKRW Cuo 45Δ/H@5Δ]  2M,worst_of,monthly,2026-01-31,-191372.76391248524,36353146.33633418,-257405.827105619,,
WO[USDJPY Cuo 45Δ/H@5Δ  ∧  USDKRW Cuo 45Δ/H@5Δ]  2M,worst_of,monthly,2026-02-28,-490294.19238757214,35862852.1439466,-747700.0194931924,,
WO[USDJPY Cuo 45Δ/H@5Δ  ∧  USDKRW Cuo 45Δ/H@5Δ]  2M,worst_of,monthly,2026-03-31,1576686.6956182804,37439538.83956489,-28499.416867040098,,
WO[USDJPY Cuo 45Δ/H@5Δ  ∧  USDKRW Cuo 45Δ/H@5Δ]  2M,worst_of,monthly,2026-04-30,305602.69623620115,37745141.53580109,-243987.16150711477,,
WO[USDJPY Cuo 45Δ/H@5Δ  ∧  USDKRW Cuo 45Δ/H@5Δ]  2M,worst_of,monthly,2026-05-31,-145821.20992478926,37599320.3258763,-389808.37143190205,,
WO[USDJPY Cuo 45Δ/H@5Δ  ∧  USDKRW Cuo 45Δ/H@5Δ]  2M,worst_of,annual,2023-12-31,13460100.673356859,13460100.673356855,-811665.2161399666,,
WO[USDJPY Cuo 45Δ/H@5Δ  ∧  USDKRW Cuo 45Δ/H@5Δ]  2M,worst_of,annual,2024-12-31,12179390.448652327,25639491.122009184,0.0,,
WO[USDJPY Cuo 45Δ/H@5Δ  ∧  USDKRW Cuo 45Δ/H@5Δ]  2M,worst_of,annual,2025-12-31,10905027.978237502,36544519.10024667,0.0,,
WO[USDJPY Cuo 45Δ/H@5Δ  ∧  USDKRW Cuo 45Δ/H@5Δ]  2M,worst_of,annual,2026-12-31,1054801.225629635,37599320.3258763,-389808.37143190205,,
WO[USDJPY Cuo 45Δ/H@5Δ  ∧  USDKRW Cuo 45Δ/H@5Δ]  1M,worst_of,monthly,2023-02-28,1082275.8821441971,1082275.8821441971,-127050.19412517641,,
WO[USDJPY Cuo 45Δ/H@5Δ  ∧  USDKRW Cuo 45Δ/H@5Δ]  1M,worst_of,monthly,2023-03-31,-242282.4476037412,839993.4345404558,-369332.6417289177,,
WO[USDJPY Cuo 45Δ/H@5Δ  ∧  USDKRW Cuo 45Δ/H@5Δ]  1M,worst_of,monthly,2023-04-30,837413.7390594092,1677407.1735998648,0.0,,
WO[USDJPY Cuo 45Δ/H@5Δ  ∧  USDKRW Cuo 45Δ/H@5Δ]  1M,worst_of,monthly,2023-05-31,1013124.622885128,2690531.796484993,-130987.20493986085,,
WO[USDJPY Cuo 45Δ/H@5Δ  ∧  USDKRW Cuo 45Δ/H@5Δ]  1M,worst_of,monthly,2023-06-30,-344012.19273817865,2346519.6037468147,-474999.39767803904,,
WO[USDJPY Cuo 45Δ/H@5Δ  ∧  USDKRW Cuo 45Δ/H@5Δ]  1M,worst_of,monthly,2023-07-31,-322650.7015676331,2023868.902179181,-797650.0992456726,,
WO[USDJPY Cuo 45Δ/H@5Δ  ∧  USDKRW Cuo 45Δ/H@5Δ]  1M,worst_of,monthly,2023-08-31,370463.18116281915,2394332.083342001,-427186.91808285285,,
WO[USDJPY Cuo 45Δ/H@5Δ  ∧  USDKRW Cuo 45Δ/H@5Δ]  1M,worst_of,monthly,2023-09-30,1419646.1688987836,3813978.252240784,0.0,,
WO[USDJPY Cuo 45Δ/H@5Δ  ∧  USDKRW Cuo 45Δ/H@5Δ]  1M,worst_of,monthly,2023-10-31,1664728.4111901836,5478706.663430967,0.0,,
WO[USDJPY Cuo 45Δ/H@5Δ  ∧  USDKRW Cuo 45Δ/H@5Δ]  1M,worst_of,monthly,2023-11-30,-348609.588320812,5130097.075110155,-348609.5883208122,,
WO[USDJPY Cuo 45Δ/H@5Δ  ∧  USDKRW Cuo 45Δ/H@5Δ]  1M,worst_of,monthly,2023-12-31,-365895.0365937242,4764202.03851643,-714504.6249145372,,
WO[USDJPY Cuo 45Δ/H@5Δ  ∧  USDKRW Cuo 45Δ/H@5Δ]  1M,worst_of,monthly,2024-01-31,1811920.488685444,6576122.527201874,-20638.66026649531,,
WO[USDJPY Cuo 45Δ/H@5Δ  ∧  USDKRW Cuo 45Δ/H@5Δ]  1M,worst_of,monthly,2024-02-29,658639.6119487914,7234762.139150667,-170277.81505768094,,
WO[USDJPY Cuo 45Δ/H@5Δ  ∧  USDKRW Cuo 45Δ/H@5Δ]  1M,worst_of,monthly,2024-03-31,114372.84082702213,7349134.979977688,-55904.974230660126,,
WO[USDJPY Cuo 45Δ/H@5Δ  ∧  USDKRW Cuo 45Δ/H@5Δ]  1M,worst_of,monthly,2024-04-30,200096.08182310083,7549231.061800789,-253154.39911274705,,
WO[USDJPY Cuo 45Δ/H@5Δ  ∧  USDKRW Cuo 45Δ/H@5Δ]  1M,worst_of,monthly,2024-05-31,-327825.17489760625,7221405.8869031845,-580979.5740103517,,
WO[USDJPY Cuo 45Δ/H@5Δ  ∧  USDKRW Cuo 45Δ/H@5Δ]  1M,worst_of,monthly,2024-06-30,1534332.8954714662,8755738.78237465,0.0,,
WO[USDJPY Cuo 45Δ/H@5Δ  ∧  USDKRW Cuo 45Δ/H@5Δ]  1M,worst_of,monthly,2024-07-31,-16044.266028654947,8739694.516345995,-143550.9351995401,,
WO[USDJPY Cuo 45Δ/H@5Δ  ∧  USDKRW Cuo 45Δ/H@5Δ]  1M,worst_of,monthly,2024-08-31,-314329.13274295797,8425365.383603035,-457880.0679425001,,
WO[USDJPY Cuo 45Δ/H@5Δ  ∧  USDKRW Cuo 45Δ/H@5Δ]  1M,worst_of,monthly,2024-09-30,-327793.16968762584,8097572.213915409,-785673.2376301261,,
WO[USDJPY Cuo 45Δ/H@5Δ  ∧  USDKRW Cuo 45Δ/H@5Δ]  1M,worst_of,monthly,2024-10-31,171070.01987875093,8268642.23379416,-614603.2177513745,,
WO[USDJPY Cuo 45Δ/H@5Δ  ∧  USDKRW Cuo 45Δ/H@5Δ]  1M,worst_of,monthly,2024-11-30,2684797.5791304084,10953439.812924568,-101528.46768919379,,
WO[USDJPY Cuo 45Δ/H@5Δ  ∧  USDKRW Cuo 45Δ/H@5Δ]  1M,worst_of,monthly,2024-12-31,-249716.8434588672,10703722.969465703,-351245.3111480586,,
WO[USDJPY Cuo 45Δ/H@5Δ  ∧  USDKRW Cuo 45Δ/H@5Δ]  1M,worst_of,monthly,2025-01-31,987226.6551591544,11690949.624624854,-93793.27125654556,,
WO[USDJPY Cuo 45Δ/H@5Δ  ∧  USDKRW Cuo 45Δ/H@5Δ]  1M,worst_of,monthly,2025-02-28,-282887.1857833768,11408062.438841477,-376680.4570399225,,
WO[USDJPY Cuo 45Δ/H@5Δ  ∧  USDKRW Cuo 45Δ/H@5Δ]  1M,worst_of,monthly,2025-03-31,-95264.71705752467,11312797.721783955,-471945.17409744486,,
WO[USDJPY Cuo 45Δ/H@5Δ  ∧  USDKRW Cuo 45Δ/H@5Δ]  1M,worst_of,monthly,2025-04-30,-362106.3356834066,10950691.386100546,-834051.509780854,,
WO[USDJPY Cuo 45Δ/H@5Δ  ∧  USDKRW Cuo 45Δ/H@5Δ]  1M,worst_of,monthly,2025-05-31,-418693.2430842585,10531998.143016286,-1252744.7528651133,,
WO[USDJPY Cuo 45Δ/H@5Δ  ∧  USDKRW Cuo 45Δ/H@5Δ]  1M,worst_of,monthly,2025-06-30,-467281.32654129644,10064716.816474989,-1720026.0794064105,,
WO[USDJPY Cuo 45Δ/H@5Δ  ∧  USDKRW Cuo 45Δ/H@5Δ]  1M,worst_of,monthly,2025-07-31,1321545.5152940121,11386262.331769004,-398480.56411239505,,
WO[USDJPY Cuo 45Δ/H@5Δ  ∧  USDKRW Cuo 45Δ/H@5Δ]  1M,worst_of,monthly,2025-08-31,346092.01262408786,11732354.344393091,-78896.78901105374,,
WO[USDJPY Cuo 45Δ/H@5Δ  ∧  USDKRW Cuo 45Δ/H@5Δ]  1M,worst_of,monthly,2025-09-30,351046.51602921874,12083400.860422304,0.0,,
WO[USDJPY Cuo 45Δ/H@5Δ  ∧  USDKRW Cuo 45Δ/H@5Δ]  1M,worst_of,monthly,2025-10-31,2040249.1542596412,14123650.014681943,0.0,,
WO[USDJPY Cuo 45Δ/H@5Δ  ∧  USDKRW Cuo 45Δ/H@5Δ]  1M,worst_of,monthly,2025-11-30,1919631.1779842572,16043281.192666197,0.0,,
WO[USDJPY Cuo 45Δ/H@5Δ  ∧  USDKRW Cuo 45Δ/H@5Δ]  1M,worst_of,monthly,2025-12-31,355666.4037130331,16398947.596379232,-194143.49687508866,,
WO[USDJPY Cuo 45Δ/H@5Δ  ∧  USDKRW Cuo 45Δ/H@5Δ]  1M,worst_of,monthly,2026-01-31,-273721.24594881485,16125226.350430414,-467864.74282390624,,
WO[USDJPY Cuo 45Δ/H@5Δ  ∧  USDKRW Cuo 45Δ/H@5Δ]  1M,worst_of,monthly,2026-02-28,-344739.9344253218,15780486.416005095,-812604.6772492249,,
WO[USDJPY Cuo 45Δ/H@5Δ  ∧  USDKRW Cuo 45Δ/H@5Δ]  1M,worst_of,monthly,2026-03-31,189141.7819790513,15969628.197984148,-623462.8952701725,,
WO[USDJPY Cuo 45Δ/H@5Δ  ∧  USDKRW Cuo 45Δ/H@5Δ]  1M,worst_of,monthly,2026-04-30,-27688.42670297739,15941939.77128117,-651151.3219731506,,
WO[USDJPY Cuo 45Δ/H@5Δ  ∧  USDKRW Cuo 45Δ/H@5Δ]  1M,worst_of,monthly,2026-05-31,-78567.34042649058,15863372.430854678,-729718.6623996422,,
WO[USDJPY Cuo 45Δ/H@5Δ  ∧  USDKRW Cuo 45Δ/H@5Δ]  1M,worst_of,annual,2023-12-31,4764202.038516432,4764202.03851643,-714504.6249145372,,
WO[USDJPY Cuo 45Δ/H@5Δ  ∧  USDKRW Cuo 45Δ/H@5Δ]  1M,worst_of,annual,2024-12-31,5939520.930949272,10703722.969465703,-351245.3111480586,,
WO[USDJPY Cuo 45Δ/H@5Δ  ∧  USDKRW Cuo 45Δ/H@5Δ]  1M,worst_of,annual,2025-12-31,5695224.626913542,16398947.596379232,-194143.49687508866,,
WO[USDJPY Cuo 45Δ/H@5Δ  ∧  USDKRW Cuo 45Δ/H@5Δ]  1M,worst_of,annual,2026-12-31,-535575.1655245533,15863372.430854678,-729718.6623996422,,
WO[USDJPY Cuo 45Δ/H@5Δ  ∧  USDKRW Cuo 45Δ/H@5Δ]  6W,worst_of,monthly,2023-02-28,1282993.582071744,1282993.5820717441,-43473.28297648672,,
WO[USDJPY Cuo 45Δ/H@5Δ  ∧  USDKRW Cuo 45Δ/H@5Δ]  6W,worst_of,monthly,2023-03-31,-314213.1524317318,968780.4296400124,-357686.4354082184,,
WO[USDJPY Cuo 45Δ/H@5Δ  ∧  USDKRW Cuo 45Δ/H@5Δ]  6W,worst_of,monthly,2023-04-30,-91189.00331931745,877591.4263206952,-448875.43872753566,,
WO[USDJPY Cuo 45Δ/H@5Δ  ∧  USDKRW Cuo 45Δ/H@5Δ]  6W,worst_of,monthly,2023-05-31,1991519.1943036122,2869110.620624308,-25786.632876846008,,
WO[USDJPY Cuo 45Δ/H@5Δ  ∧  USDKRW Cuo 45Δ/H@5Δ]  6W,worst_of,monthly,2023-06-30,-394762.9729895364,2474347.6476347717,-420549.60586638236,,
WO[USDJPY Cuo 45Δ/H@5Δ  ∧  USDKRW Cuo 45Δ/H@5Δ]  6W,worst_of,monthly,2023-07-31,-356042.8323623813,2118304.8152723904,-776592.4382287636,,
WO[USDJPY Cuo 45Δ/H@5Δ  ∧  USDKRW Cuo 45Δ/H@5Δ]  6W,worst_of,monthly,2023-08-31,822908.045167047,2941212.8604394374,-139915.82505460642,,
WO[USDJPY Cuo 45Δ/H@5Δ  ∧  USDKRW Cuo 45Δ/H@5Δ]  6W,worst_of,monthly,2023-09-30,1572341.521647472,4513554.38208691,0.0,,
WO[USDJPY Cuo 45Δ/H@5Δ  ∧  USDKRW Cuo 45Δ/H@5Δ]  6W,worst_of,monthly,2023-10-31,2660902.4323811485,7174456.814468059,0.0,,
WO[USDJPY Cuo 45Δ/H@5Δ  ∧  USDKRW Cuo 45Δ/H@5Δ]  6W,worst_of,monthly,2023-11-30,-144863.84903518346,7029592.965432875,-310381.17486036196,,
WO[USDJPY Cuo 45Δ/H@5Δ  ∧  USDKRW Cuo 45Δ/H@5Δ]  6W,worst_of,monthly,2023-12-31,-414903.3455742195,6614689.619858654,-725284.5204345826,,
WO[USDJPY Cuo 45Δ/H@5Δ  ∧  USDKRW Cuo 45Δ/H@5Δ]  6W,worst_of,monthly,2024-01-31,1504006.0305628034,8118695.650421456,0.0,,
WO[USDJPY Cuo 45Δ/H@5Δ  ∧  USDKRW Cuo 45Δ/H@5Δ]  6W,worst_of,monthly,2024-02-29,1481108.1635764318,9599803.813997883,-63353.68026082218,,
WO[USDJPY Cuo 45Δ/H@5Δ  ∧  USDKRW Cuo 45Δ/H@5Δ]  6W,worst_of,monthly,2024-03-31,80632.04048568234,9680435.854483567,0.0,,
WO[USDJPY Cuo 45Δ/H@5Δ  ∧  USDKRW Cuo 45Δ/H@5Δ]  6W,worst_of,monthly,2024-04-30,678267.5523095572,10358703.406793127,-211656.85723829828,,
WO[USDJPY Cuo 45Δ/H@5Δ  ∧  USDKRW Cuo 45Δ/H@5Δ]  6W,worst_of,monthly,2024-05-31,-354141.7771251258,10004561.629668001,-565798.634363424,,
WO[USDJPY Cuo 45Δ/H@5Δ  ∧  USDKRW Cuo 45Δ/H@5Δ]  6W,worst_of,monthly,2024-06-30,959065.0088427968,10963626.638510797,0.0,,
WO[USDJPY Cuo 45Δ/H@5Δ  ∧  USDKRW Cuo 45Δ/H@5Δ]  6W,worst_of,monthly,2024-07-31,922857.9396792377,11886484.578190036,-121665.02946167439,,
WO[USDJPY Cuo 45Δ/H@5Δ  ∧  USDKRW Cuo 45Δ/H@5Δ]  6W,worst_of,monthly,2024-08-31,-338764.88938111253,11547719.688808924,-460429.9188427869,,
WO[USDJPY Cuo 45Δ/H@5Δ  ∧  USDKRW Cuo 45Δ/H@5Δ]  6W,worst_of,monthly,2024-09-30,-344858.59391520085,11202861.094893724,-805288.5127579868,,
WO[USDJPY Cuo 45Δ/H@5Δ  ∧  USDKRW Cuo 45Δ/H@5Δ]  6W,worst_of,monthly,2024-10-31,1592975.89515074,12795836.990044463,-85665.80314103886,,
WO[USDJPY Cuo 45Δ/H@5Δ  ∧  USDKRW Cuo 45Δ/H@5Δ]  6W,worst_of,monthly,2024-11-30,1927937.1349164862,14723774.124960948,-10423.220279086381,,
WO[USDJPY Cuo 45Δ/H@5Δ  ∧  USDKRW Cuo 45Δ/H@5Δ]  6W,worst_of,monthly,2024-12-31,655612.7925321134,15379386.917493062,-58724.47861396894,,
WO[USDJPY Cuo 45Δ/H@5Δ  ∧  USDKRW Cuo 45Δ/H@5Δ]  6W,worst_of,monthly,2025-01-31,382080.10298538,15761467.02047844,-121004.07524281368,,
WO[USDJPY Cuo 45Δ/H@5Δ  ∧  USDKRW Cuo 45Δ/H@5Δ]  6W,worst_of,monthly,2025-02-28,-280300.438911575,15481166.581566865,-401304.5141543895,,
WO[USDJPY Cuo 45Δ/H@5Δ  ∧  USDKRW Cuo 45Δ/H@5Δ]  6W,worst_of,monthly,2025-03-31,-318485.3832497627,15162681.198317109,-719789.8974041454,,
WO[USDJPY Cuo 45Δ/H@5Δ  ∧  USDKRW Cuo 45Δ/H@5Δ]  6W,worst_of,monthly,2025-04-30,-392519.1348943318,14770162.063422777,-1112309.0322984774,,
WO[USDJPY Cuo 45Δ/H@5Δ  ∧  USDKRW Cuo 45Δ/H@5Δ]  6W,worst_of,monthly,2025-05-31,-428036.96975335886,14342125.093669415,-1540346.0020518396,,
WO[USDJPY Cuo 45Δ/H@5Δ  ∧  USDKRW Cuo 45Δ/H@5Δ]  6W,worst_of,monthly,2025-06-30,-487397.1101025359,13854727.983566882,-2027743.112154372,,
WO[USDJPY Cuo 45Δ/H@5Δ  ∧  USDKRW Cuo 45Δ/H@5Δ]  6W,worst_of,monthly,2025-07-31,708449.6817273544,14563177.665294232,-1319293.4304270223,,
WO[USDJPY Cuo 45Δ/H@5Δ  ∧  USDKRW Cuo 45Δ/H@5Δ]  6W,worst_of,monthly,2025-08-31,1450268.3376762944,16013446.002970526,-132437.61544754542,,
WO[USDJPY Cuo 45Δ/H@5Δ  ∧  USDKRW Cuo 45Δ/H@5Δ]  6W,worst_of,monthly,2025-09-30,127679.38880054296,16141125.391771065,-40025.84449513629,,
WO[USDJPY Cuo 45Δ/H@5Δ  ∧  USDKRW Cuo 45Δ/H@5Δ]  6W,worst_of,monthly,2025-10-31,3447538.698793796,19588664.090564866,0.0,,
WO[USDJPY Cuo 45Δ/H@5Δ  ∧  USDKRW Cuo 45Δ/H@5Δ]  6W,worst_of,monthly,2025-11-30,2494844.5781713487,22083508.668736212,0.0,,
WO[USDJPY Cuo 45Δ/H@5Δ  ∧  USDKRW Cuo 45Δ/H@5Δ]  6W,worst_of,monthly,2025-12-31,2257490.113158091,24340998.781894296,-124250.86800422892,,
WO[USDJPY Cuo 45Δ/H@5Δ  ∧  USDKRW Cuo 45Δ/H@5Δ]  6W,worst_of,monthly,2026-01-31,-394524.4389697418,23946474.342924554,-518775.3069739714,,
WO[USDJPY Cuo 45Δ/H@5Δ  ∧  USDKRW Cuo 45Δ/H@5Δ]  6W,worst_of,monthly,2026-02-28,-274306.12498343555,23672168.217941117,-793081.4319574088,,
WO[USDJPY Cuo 45Δ/H@5Δ  ∧  USDKRW Cuo 45Δ/H@5Δ]  6W,worst_of,monthly,2026-03-31,2421086.8738081856,26093255.0917493,-47789.48910776898,,
WO[USDJPY Cuo 45Δ/H@5Δ  ∧  USDKRW Cuo 45Δ/H@5Δ]  6W,worst_of,monthly,2026-04-30,-323254.32152634335,25770000.77022295,-371043.8106341176,,
WO[USDJPY Cuo 45Δ/H@5Δ  ∧  USDKRW Cuo 45Δ/H@5Δ]  6W,worst_of,monthly,2026-05-31,-94052.1467495477,25675948.623473406,-465095.95738366246,,
WO[USDJPY Cuo 45Δ/H@5Δ  ∧  USDKRW Cuo 45Δ/H@5Δ]  6W,worst_of,annual,2023-12-31,6614689.619858653,6614689.619858654,-725284.5204345826,,
WO[USDJPY Cuo 45Δ/H@5Δ  ∧  USDKRW Cuo 45Δ/H@5Δ]  6W,worst_of,annual,2024-12-31,8764697.29763441,15379386.917493062,-58724.47861396894,,
WO[USDJPY Cuo 45Δ/H@5Δ  ∧  USDKRW Cuo 45Δ/H@5Δ]  6W,worst_of,annual,2025-12-31,8961611.864401244,24340998.781894296,-124250.86800422892,,
WO[USDJPY Cuo 45Δ/H@5Δ  ∧  USDKRW Cuo 45Δ/H@5Δ]  6W,worst_of,annual,2026-12-31,1334949.8415791173,25675948.623473406,-465095.95738366246,,
WO[USDJPY Cuo 45Δ/H@5Δ  ∧  USDKRW Cuo 45Δ/H@5Δ]  10W,worst_of,monthly,2023-03-31,1822494.2443811547,1822494.244381155,0.0,,
WO[USDJPY Cuo 45Δ/H@5Δ  ∧  USDKRW Cuo 45Δ/H@5Δ]  10W,worst_of,monthly,2023-04-30,1085066.0397129864,2907560.284094141,0.0,,
WO[USDJPY Cuo 45Δ/H@5Δ  ∧  USDKRW Cuo 45Δ/H@5Δ]  10W,worst_of,monthly,2023-05-31,503687.5215239569,3411247.8056180975,0.0,,
WO[USDJPY Cuo 45Δ/H@5Δ  ∧  USDKRW Cuo 45Δ/H@5Δ]  10W,worst_of,monthly,2023-06-30,-175811.31667614967,3235436.4889419475,-457373.9776025689,,
WO[USDJPY Cuo 45Δ/H@5Δ  ∧  USDKRW Cuo 45Δ/H@5Δ]  10W,worst_of,monthly,2023-07-31,-434510.86914000433,2800925.619801943,-891884.8467425732,,
WO[USDJPY Cuo 45Δ/H@5Δ  ∧  USDKRW Cuo 45Δ/H@5Δ]  10W,worst_of,monthly,2023-08-31,3560014.4305060063,6360940.05030795,0.0,,
WO[USDJPY Cuo 45Δ/H@5Δ  ∧  USDKRW Cuo 45Δ/H@5Δ]  10W,worst_of,monthly,2023-09-30,1956672.9119527813,8317612.96226073,0.0,,
WO[USDJPY Cuo 45Δ/H@5Δ  ∧  USDKRW Cuo 45Δ/H@5Δ]  10W,worst_of,monthly,2023-10-31,3695471.920326699,12013084.88258743,0.0,,
WO[USDJPY Cuo 45Δ/H@5Δ  ∧  USDKRW Cuo 45Δ/H@5Δ]  10W,worst_of,monthly,2023-11-30,-274174.0485346229,11738910.834052809,-462863.176850494,,
WO[USDJPY Cuo 45Δ/H@5Δ  ∧  USDKRW Cuo 45Δ/H@5Δ]  10W,worst_of,monthly,2023-12-31,-375637.0736886699,11363273.760364138,-838500.250539165,,
WO[USDJPY Cuo 45Δ/H@5Δ  ∧  USDKRW Cuo 45Δ/H@5Δ]  10W,worst_of,monthly,2024-01-31,-550269.3496363586,10813004.410727775,-1388769.6001755279,,
WO[USDJPY Cuo 45Δ/H@5Δ  ∧  USDKRW Cuo 45Δ/H@5Δ]  10W,worst_of,monthly,2024-02-29,2289565.526469503,13102569.937197281,0.0,,
WO[USDJPY Cuo 45Δ/H@5Δ  ∧  USDKRW Cuo 45Δ/H@5Δ]  10W,worst_of,monthly,2024-03-31,1692442.0415126414,14795011.97870992,0.0,,
WO[USDJPY Cuo 45Δ/H@5Δ  ∧  USDKRW Cuo 45Δ/H@5Δ]  10W,worst_of,monthly,2024-04-30,3385858.244281664,18180870.222991582,-70042.62136445567,,
WO[USDJPY Cuo 45Δ/H@5Δ  ∧  USDKRW Cuo 45Δ/H@5Δ]  10W,worst_of,monthly,2024-05-31,-461535.14063198504,17719335.082359605,-531577.7619964331,,
WO[USDJPY Cuo 45Δ/H@5Δ  ∧  USDKRW Cuo 45Δ/H@5Δ]  10W,worst_of,monthly,2024-06-30,-72426.14889467752,17646908.933464926,-604003.9108911119,,
WO[USDJPY Cuo 45Δ/H@5Δ  ∧  USDKRW Cuo 45Δ/H@5Δ]  10W,worst_of,monthly,2024-07-31,500668.56802185037,18147577.501486782,-134447.60171387717,,
WO[USDJPY Cuo 45Δ/H@5Δ  ∧  USDKRW Cuo 45Δ/H@5Δ]  10W,worst_of,monthly,2024-08-31,-452618.7115068552,17694958.789979924,-587066.3132207356,,
WO[USDJPY Cuo 45Δ/H@5Δ  ∧  USDKRW Cuo 45Δ/H@5Δ]  10W,worst_of,monthly,2024-09-30,-393998.4203477873,17300960.369632136,-981064.7335685231,,
WO[USDJPY Cuo 45Δ/H@5Δ  ∧  USDKRW Cuo 45Δ/H@5Δ]  10W,worst_of,monthly,2024-10-31,1388212.218206511,18689172.587838642,0.0,,
WO[USDJPY Cuo 45Δ/H@5Δ  ∧  USDKRW Cuo 45Δ/H@5Δ]  10W,worst_of,monthly,2024-11-30,2743398.1672010445,21432570.755039684,-270480.1166332662,,
WO[USDJPY Cuo 45Δ/H@5Δ  ∧  USDKRW Cuo 45Δ/H@5Δ]  10W,worst_of,monthly,2024-12-31,1101863.8388419359,22534434.593881626,-85613.30470372364,,
WO[USDJPY Cuo 45Δ/H@5Δ  ∧  USDKRW Cuo 45Δ/H@5Δ]  10W,worst_of,monthly,2025-01-31,3458216.7778764586,25992651.371758085,-73701.98105046153,,
WO[USDJPY Cuo 45Δ/H@5Δ  ∧  USDKRW Cuo 45Δ/H@5Δ]  10W,worst_of,monthly,2025-02-28,605646.8199003655,26598298.191658445,-150635.84635707736,,
WO[USDJPY Cuo 45Δ/H@5Δ  ∧  USDKRW Cuo 45Δ/H@5Δ]  10W,worst_of,monthly,2025-03-31,-363197.89500833035,26235100.296650115,-513833.74136540666,,
WO[USDJPY Cuo 45Δ/H@5Δ  ∧  USDKRW Cuo 45Δ/H@5Δ]  10W,worst_of,monthly,2025-04-30,-408894.0082765871,25826206.288373522,-922727.7496419996,,
WO[USDJPY Cuo 45Δ/H@5Δ  ∧  USDKRW Cuo 45Δ/H@5Δ]  10W,worst_of,monthly,2025-05-31,-471855.3821415931,25354350.906231917,-1394583.1317836046,,
WO[USDJPY Cuo 45Δ/H@5Δ  ∧  USDKRW Cuo 45Δ/H@5Δ]  10W,worst_of,monthly,2025-06-30,-495871.93282396346,24858478.973407958,-1890455.0646075644,,
WO[USDJPY Cuo 45Δ/H@5Δ  ∧  USDKRW Cuo 45Δ/H@5Δ]  10W,worst_of,monthly,2025-07-31,-539367.7642221419,24319111.209185805,-2429822.828829717,,
WO[USDJPY Cuo 45Δ/H@5Δ  ∧  USDKRW Cuo 45Δ/H@5Δ]  10W,worst_of,monthly,2025-08-31,1510235.7356280265,25829346.94481384,-919587.093201682,,
WO[USDJPY Cuo 45Δ/H@5Δ  ∧  USDKRW Cuo 45Δ/H@5Δ]  10W,worst_of,monthly,2025-09-30,1806458.1595565185,27635805.10437037,0.0,,
WO[USDJPY Cuo 45Δ/H@5Δ  ∧  USDKRW Cuo 45Δ/H@5Δ]  10W,worst_of,monthly,2025-10-31,3712434.678105542,31348239.78247592,0.0,,
WO[USDJPY Cuo 45Δ/H@5Δ  ∧  USDKRW Cuo 45Δ/H@5Δ]  10W,worst_of,monthly,2025-11-30,2139446.783703268,33487686.566179197,-315314.67678507045,,
WO[USDJPY Cuo 45Δ/H@5Δ  ∧  USDKRW Cuo 45Δ/H@5Δ]  10W,worst_of,monthly,2025-12-31,1927215.6151680546,35414902.18134726,0.0,,
WO[USDJPY Cuo 45Δ/H@5Δ  ∧  USDKRW Cuo 45Δ/H@5Δ]  10W,worst_of,monthly,2026-01-31,1145547.7437718324,36560449.92511909,-140561.41435530782,,
WO[USDJPY Cuo 45Δ/H@5Δ  ∧  USDKRW Cuo 45Δ/H@5Δ]  10W,worst_of,monthly,2026-02-28,-510347.12727828516,36050102.797840804,-650908.541633591,,
WO[USDJPY Cuo 45Δ/H@5Δ  ∧  USDKRW Cuo 45Δ/H@5Δ]  10W,worst_of,monthly,2026-03-31,1248850.029501564,37298952.82734237,0.0,,
WO[USDJPY Cuo 45Δ/H@5Δ  ∧  USDKRW Cuo 45Δ/H@5Δ]  10W,worst_of,monthly,2026-04-30,1102168.4405064373,38401121.267848805,0.0,,
WO[USDJPY Cuo 45Δ/H@5Δ  ∧  USDKRW Cuo 45Δ/H@5Δ]  10W,worst_of,monthly,2026-05-31,-47911.78046843913,38353209.48738037,-144431.95044125617,,
WO[USDJPY Cuo 45Δ/H@5Δ  ∧  USDKRW Cuo 45Δ/H@5Δ]  10W,worst_of,annual,2023-12-31,11363273.760364138,11363273.760364138,-838500.250539165,,
WO[USDJPY Cuo 45Δ/H@5Δ  ∧  USDKRW Cuo 45Δ/H@5Δ]  10W,worst_of,annual,2024-12-31,11171160.833517486,22534434.593881626,-85613.30470372364,,
WO[USDJPY Cuo 45Δ/H@5Δ  ∧  USDKRW Cuo 45Δ/H@5Δ]  10W,worst_of,annual,2025-12-31,12880467.587465618,35414902.18134726,0.0,,
WO[USDJPY Cuo 45Δ/H@5Δ  ∧  USDKRW Cuo 45Δ/H@5Δ]  10W,worst_of,annual,2026-12-31,2938307.3060331093,38353209.48738037,-144431.95044125617,,
WO[USDJPY Cuo 45Δ/H@5Δ  ∧  USDKRW Cuo 45Δ/H@5Δ]  3M,worst_of,monthly,2023-03-31,130359.53781773675,130359.53781773675,0.0,,
WO[USDJPY Cuo 45Δ/H@5Δ  ∧  USDKRW Cuo 45Δ/H@5Δ]  3M,worst_of,monthly,2023-04-30,3125399.0081646414,3255758.5459823785,-97056.81418195646,,
WO[USDJPY Cuo 45Δ/H@5Δ  ∧  USDKRW Cuo 45Δ/H@5Δ]  3M,worst_of,monthly,2023-05-31,2763934.779547463,6019693.325529841,-49356.612389698625,,
WO[USDJPY Cuo 45Δ/H@5Δ  ∧  USDKRW Cuo 45Δ/H@5Δ]  3M,worst_of,monthly,2023-06-30,-157041.31924595142,5862652.0062838895,-206397.93163564987,,
WO[USDJPY Cuo 45Δ/H@5Δ  ∧  USDKRW Cuo 45Δ/H@5Δ]  3M,worst_of,monthly,2023-07-31,-499915.5132440671,5362736.493039822,-706313.4448797172,,
WO[USDJPY Cuo 45Δ/H@5Δ  ∧  USDKRW Cuo 45Δ/H@5Δ]  3M,worst_of,monthly,2023-08-31,-83266.92744765939,5279469.565592161,-789580.372327378,,
WO[USDJPY Cuo 45Δ/H@5Δ  ∧  USDKRW Cuo 45Δ/H@5Δ]  3M,worst_of,monthly,2023-09-30,5037193.837812145,10316663.403404307,0.0,,
WO[USDJPY Cuo 45Δ/H@5Δ  ∧  USDKRW Cuo 45Δ/H@5Δ]  3M,worst_of,monthly,2023-10-31,4760634.263387234,15077297.666791538,0.0,,
WO[USDJPY Cuo 45Δ/H@5Δ  ∧  USDKRW Cuo 45Δ/H@5Δ]  3M,worst_of,monthly,2023-11-30,446656.30476828833,15523953.971559826,-507651.42910607904,,
WO[USDJPY Cuo 45Δ/H@5Δ  ∧  USDKRW Cuo 45Δ/H@5Δ]  3M,worst_of,monthly,2023-12-31,-490996.88733339455,15032957.084226431,-998648.316439474,,
WO[USDJPY Cuo 45Δ/H@5Δ  ∧  USDKRW Cuo 45Δ/H@5Δ]  3M,worst_of,monthly,2024-01-31,-482565.5899346183,14550391.494291814,-1481213.9063740913,,
WO[USDJPY Cuo 45Δ/H@5Δ  ∧  USDKRW Cuo 45Δ/H@5Δ]  3M,worst_of,monthly,2024-02-29,1463847.3776284144,16014238.871920226,-17366.528745679185,,
WO[USDJPY Cuo 45Δ/H@5Δ  ∧  USDKRW Cuo 45Δ/H@5Δ]  3M,worst_of,monthly,2024-03-31,2898893.1122462745,18913131.9841665,0.0,,
WO[USDJPY Cuo 45Δ/H@5Δ  ∧  USDKRW Cuo 45Δ/H@5Δ]  3M,worst_of,monthly,2024-04-30,5036318.452900694,23949450.437067192,-106071.40699656308,,
WO[USDJPY Cuo 45Δ/H@5Δ  ∧  USDKRW Cuo 45Δ/H@5Δ]  3M,worst_of,monthly,2024-05-31,52921.387924827475,24002371.824992012,-258364.2445172593,,
WO[USDJPY Cuo 45Δ/H@5Δ  ∧  USDKRW Cuo 45Δ/H@5Δ]  3M,worst_of,monthly,2024-06-30,-71715.82423120273,23930656.000760812,-330080.0687484592,,
WO[USDJPY Cuo 45Δ/H@5Δ  ∧  USDKRW Cuo 45Δ/H@5Δ]  3M,worst_of,monthly,2024-07-31,-202160.93335378575,23728495.067407027,-532241.0021022446,,
WO[USDJPY Cuo 45Δ/H@5Δ  ∧  USDKRW Cuo 45Δ/H@5Δ]  3M,worst_of,monthly,2024-08-31,-465583.0354273673,23262912.03197966,-997824.0375296101,,
WO[USDJPY Cuo 45Δ/H@5Δ  ∧  USDKRW Cuo 45Δ/H@5Δ]  3M,worst_of,monthly,2024-09-30,-466036.04226376535,22796875.989715908,-1463860.0797933638,,
WO[USDJPY Cuo 45Δ/H@5Δ  ∧  USDKRW Cuo 45Δ/H@5Δ]  3M,worst_of,monthly,2024-10-31,-424268.13566150033,22372607.854054403,-1888128.215454869,,
WO[USDJPY Cuo 45Δ/H@5Δ  ∧  USDKRW Cuo 45Δ/H@5Δ]  3M,worst_of,monthly,2024-11-30,5374585.638576604,27747193.492631007,0.0,,
WO[USDJPY Cuo 45Δ/H@5Δ  ∧  USDKRW Cuo 45Δ/H@5Δ]  3M,worst_of,monthly,2024-12-31,-290716.9290270168,27456476.56360399,-493200.8029112853,,
WO[USDJPY Cuo 45Δ/H@5Δ  ∧  USDKRW Cuo 45Δ/H@5Δ]  3M,worst_of,monthly,2025-01-31,1454987.9523286098,28911464.515932605,0.0,,
WO[USDJPY Cuo 45Δ/H@5Δ  ∧  USDKRW Cuo 45Δ/H@5Δ]  3M,worst_of,monthly,2025-02-28,-62667.34092986655,28848797.175002735,-361895.10021234304,,
WO[USDJPY Cuo 45Δ/H@5Δ  ∧  USDKRW Cuo 45Δ/H@5Δ]  3M,worst_of,monthly,2025-03-31,-391927.610257327,28456869.564745408,-753822.7104696706,,
WO[USDJPY Cuo 45Δ/H@5Δ  ∧  USDKRW Cuo 45Δ/H@5Δ]  3M,worst_of,monthly,2025-04-30,-388644.5932873846,28068224.971458025,-1142467.3037570529,,
WO[USDJPY Cuo 45Δ/H@5Δ  ∧  USDKRW Cuo 45Δ/H@5Δ]  3M,worst_of,monthly,2025-05-31,-496877.27327624516,27571347.698181782,-1639344.5770332962,,
WO[USDJPY Cuo 45Δ/H@5Δ  ∧  USDKRW Cuo 45Δ/H@5Δ]  3M,worst_of,monthly,2025-06-30,-511697.459859441,27059650.238322344,-2151042.0368927345,,
WO[USDJPY Cuo 45Δ/H@5Δ  ∧  USDKRW Cuo 45Δ/H@5Δ]  3M,worst_of,monthly,2025-07-31,-609470.2723757027,26450179.965946645,-2760512.3092684336,,
WO[USDJPY Cuo 45Δ/H@5Δ  ∧  USDKRW Cuo 45Δ/H@5Δ]  3M,worst_of,monthly,2025-08-31,-66415.75916693866,26383764.206779707,-2826928.068435371,,
WO[USDJPY Cuo 45Δ/H@5Δ  ∧  USDKRW Cuo 45Δ/H@5Δ]  3M,worst_of,monthly,2025-09-30,2658530.1789849475,29042294.38576466,-168397.8894504197,,
WO[USDJPY Cuo 45Δ/H@5Δ  ∧  USDKRW Cuo 45Δ/H@5Δ]  3M,worst_of,monthly,2025-10-31,5417130.139710922,34459424.52547559,0.0,,
WO[USDJPY Cuo 45Δ/H@5Δ  ∧  USDKRW Cuo 45Δ/H@5Δ]  3M,worst_of,monthly,2025-11-30,6781050.343016712,41240474.868492305,0.0,,
WO[USDJPY Cuo 45Δ/H@5Δ  ∧  USDKRW Cuo 45Δ/H@5Δ]  3M,worst_of,monthly,2025-12-31,3806484.4465888184,45046959.31508111,0.0,,
WO[USDJPY Cuo 45Δ/H@5Δ  ∧  USDKRW Cuo 45Δ/H@5Δ]  3M,worst_of,monthly,2026-01-31,2516085.849790876,47563045.16487199,-28604.1002516672,,
WO[USDJPY Cuo 45Δ/H@5Δ  ∧  USDKRW Cuo 45Δ/H@5Δ]  3M,worst_of,monthly,2026-02-28,-62641.50330832083,47500403.661563665,-476852.26122339815,,
WO[USDJPY Cuo 45Δ/H@5Δ  ∧  USDKRW Cuo 45Δ/H@5Δ]  3M,worst_of,monthly,2026-03-31,1391333.944965217,48891737.60652888,0.0,,
WO[USDJPY Cuo 45Δ/H@5Δ  ∧  USDKRW Cuo 45Δ/H@5Δ]  3M,worst_of,monthly,2026-04-30,1756557.977782105,50648295.58431099,0.0,,
WO[USDJPY Cuo 45Δ/H@5Δ  ∧  USDKRW Cuo 45Δ/H@5Δ]  3M,worst_of,monthly,2026-05-31,-64941.27622035898,50583354.308090635,-122144.60443133116,,
WO[USDJPY Cuo 45Δ/H@5Δ  ∧  USDKRW Cuo 45Δ/H@5Δ]  3M,worst_of,annual,2023-12-31,15032957.084226437,15032957.084226431,-998648.316439474,,
WO[USDJPY Cuo 45Δ/H@5Δ  ∧  USDKRW Cuo 45Δ/H@5Δ]  3M,worst_of,annual,2024-12-31,12423519.479377558,27456476.56360399,-493200.8029112853,,
WO[USDJPY Cuo 45Δ/H@5Δ  ∧  USDKRW Cuo 45Δ/H@5Δ]  3M,worst_of,annual,2025-12-31,17590482.751477104,45046959.31508111,0.0,,
WO[USDJPY Cuo 45Δ/H@5Δ  ∧  USDKRW Cuo 45Δ/H@5Δ]  3M,worst_of,annual,2026-12-31,5536394.993009518,50583354.308090635,-122144.60443133116,,
WO[USDJPY Cuo 40Δ/H@20Δ  ∧  USDKRW Cuo 40Δ/H@20Δ]  2M,worst_of,monthly,2023-03-31,-119456.10583952404,-119456.10583952404,-101897.62720247384,,
WO[USDJPY Cuo 40Δ/H@20Δ  ∧  USDKRW Cuo 40Δ/H@20Δ]  2M,worst_of,monthly,2023-04-30,-102223.19995570931,-221679.30579523338,-204120.82715818318,,
WO[USDJPY Cuo 40Δ/H@20Δ  ∧  USDKRW Cuo 40Δ/H@20Δ]  2M,worst_of,monthly,2023-05-31,113159.28911971218,-108520.01667552124,-90961.53803847104,,
WO[USDJPY Cuo 40Δ/H@20Δ  ∧  USDKRW Cuo 40Δ/H@20Δ]  2M,worst_of,monthly,2023-06-30,-123584.0401549341,-232104.05683045537,-214545.57819340518,,
WO[USDJPY Cuo 40Δ/H@20Δ  ∧  USDKRW Cuo 40Δ/H@20Δ]  2M,worst_of,monthly,2023-07-31,-95595.19746180218,-327699.25429225754,-310140.77565520734,,
WO[USDJPY Cuo 40Δ/H@20Δ  ∧  USDKRW Cuo 40Δ/H@20Δ]  2M,worst_of,monthly,2023-08-31,-47723.11165154148,-375422.365943799,-357863.88730674883,,
WO[USDJPY Cuo 40Δ/H@20Δ  ∧  USDKRW Cuo 40Δ/H@20Δ]  2M,worst_of,monthly,2023-09-30,-98561.1907549484,-473983.55669874744,-456425.07806169725,,
WO[USDJPY Cuo 40Δ/H@20Δ  ∧  USDKRW Cuo 40Δ/H@20Δ]  2M,worst_of,monthly,2023-10-31,-92836.16448331704,-566819.7211820645,-549261.2425450144,,
WO[USDJPY Cuo 40Δ/H@20Δ  ∧  USDKRW Cuo 40Δ/H@20Δ]  2M,worst_of,monthly,2023-11-30,-90267.3608771813,-657087.0820592458,-639528.6034221957,,
WO[USDJPY Cuo 40Δ/H@20Δ  ∧  USDKRW Cuo 40Δ/H@20Δ]  2M,worst_of,monthly,2023-12-31,-88807.69361728439,-745894.7756765301,-728336.29703948,,
WO[USDJPY Cuo 40Δ/H@20Δ  ∧  USDKRW Cuo 40Δ/H@20Δ]  2M,worst_of,monthly,2024-01-31,-91465.32503373644,-837360.1007102667,-819801.6220732166,,
WO[USDJPY Cuo 40Δ/H@20Δ  ∧  USDKRW Cuo 40Δ/H@20Δ]  2M,worst_of,monthly,2024-02-29,66780.92586870989,-770579.1748415569,-753020.6962045068,,
WO[USDJPY Cuo 40Δ/H@20Δ  ∧  USDKRW Cuo 40Δ/H@20Δ]  2M,worst_of,monthly,2024-03-31,-95592.6718097721,-866171.846651329,-848613.3680142788,,
WO[USDJPY Cuo 40Δ/H@20Δ  ∧  USDKRW Cuo 40Δ/H@20Δ]  2M,worst_of,monthly,2024-04-30,-22289.161064205102,-888461.0077155341,-870902.5290784839,,
WO[USDJPY Cuo 40Δ/H@20Δ  ∧  USDKRW Cuo 40Δ/H@20Δ]  2M,worst_of,monthly,2024-05-31,-96232.44166182894,-984693.4493773631,-967134.970740313,,
WO[USDJPY Cuo 40Δ/H@20Δ  ∧  USDKRW Cuo 40Δ/H@20Δ]  2M,worst_of,monthly,2024-06-30,-66219.96502012084,-1050913.4143974837,-1033354.9357604336,,
WO[USDJPY Cuo 40Δ/H@20Δ  ∧  USDKRW Cuo 40Δ/H@20Δ]  2M,worst_of,monthly,2024-07-31,-79862.34946059558,-1130775.763858079,-1113217.2852210288,,
WO[USDJPY Cuo 40Δ/H@20Δ  ∧  USDKRW Cuo 40Δ/H@20Δ]  2M,worst_of,monthly,2024-08-31,-97761.65124755818,-1228537.4151056374,-1210978.9364685873,,
WO[USDJPY Cuo 40Δ/H@20Δ  ∧  USDKRW Cuo 40Δ/H@20Δ]  2M,worst_of,monthly,2024-09-30,-95511.7916621027,-1324049.20676774,-1306490.7281306898,,
WO[USDJPY Cuo 40Δ/H@20Δ  ∧  USDKRW Cuo 40Δ/H@20Δ]  2M,worst_of,monthly,2024-10-31,1258.6206058547195,-1322790.5861618854,-1305232.1075248353,,
WO[USDJPY Cuo 40Δ/H@20Δ  ∧  USDKRW Cuo 40Δ/H@20Δ]  2M,worst_of,monthly,2024-11-30,-82017.61732568697,-1404808.203487572,-1387249.724850522,,
WO[USDJPY Cuo 40Δ/H@20Δ  ∧  USDKRW Cuo 40Δ/H@20Δ]  2M,worst_of,monthly,2024-12-31,-98746.02034661565,-1503554.2238341877,-1485995.7451971376,,
WO[USDJPY Cuo 40Δ/H@20Δ  ∧  USDKRW Cuo 40Δ/H@20Δ]  2M,worst_of,monthly,2025-01-31,-111406.8245982025,-1614961.0484323904,-1597402.5697953403,,
WO[USDJPY Cuo 40Δ/H@20Δ  ∧  USDKRW Cuo 40Δ/H@20Δ]  2M,worst_of,monthly,2025-02-28,-96324.68769815465,-1711285.7361305451,-1693727.257493495,,
WO[USDJPY Cuo 40Δ/H@20Δ  ∧  USDKRW Cuo 40Δ/H@20Δ]  2M,worst_of,monthly,2025-03-31,-82932.62422796836,-1794218.3603585134,-1776659.8817214633,,
WO[USDJPY Cuo 40Δ/H@20Δ  ∧  USDKRW Cuo 40Δ/H@20Δ]  2M,worst_of,monthly,2025-04-30,-88804.686976428,-1883023.0473349418,-1865464.5686978917,,
WO[USDJPY Cuo 40Δ/H@20Δ  ∧  USDKRW Cuo 40Δ/H@20Δ]  2M,worst_of,monthly,2025-05-31,-106601.43602962262,-1989624.4833645641,-1972066.004727514,,
WO[USDJPY Cuo 40Δ/H@20Δ  ∧  USDKRW Cuo 40Δ/H@20Δ]  2M,worst_of,monthly,2025-06-30,-107049.65606276621,-2096674.1394273306,-2079115.6607902804,,
WO[USDJPY Cuo 40Δ/H@20Δ  ∧  USDKRW Cuo 40Δ/H@20Δ]  2M,worst_of,monthly,2025-07-31,-106189.77719998235,-2202863.916627313,-2185305.4379902626,,
WO[USDJPY Cuo 40Δ/H@20Δ  ∧  USDKRW Cuo 40Δ/H@20Δ]  2M,worst_of,monthly,2025-08-31,-94414.81243121183,-2297278.7290585246,-2279720.250421474,,
WO[USDJPY Cuo 40Δ/H@20Δ  ∧  USDKRW Cuo 40Δ/H@20Δ]  2M,worst_of,monthly,2025-09-30,195079.22432184394,-2102199.504736681,-2084641.0260996309,,
WO[USDJPY Cuo 40Δ/H@20Δ  ∧  USDKRW Cuo 40Δ/H@20Δ]  2M,worst_of,monthly,2025-10-31,-27189.59855837657,-2129389.1032950575,-2111830.624658007,,
WO[USDJPY Cuo 40Δ/H@20Δ  ∧  USDKRW Cuo 40Δ/H@20Δ]  2M,worst_of,monthly,2025-11-30,-88412.97880610128,-2217802.082101159,-2200243.6034641084,,
WO[USDJPY Cuo 40Δ/H@20Δ  ∧  USDKRW Cuo 40Δ/H@20Δ]  2M,worst_of,monthly,2025-12-31,-71201.02580173299,-2289003.1079028915,-2271444.629265841,,
WO[USDJPY Cuo 40Δ/H@20Δ  ∧  USDKRW Cuo 40Δ/H@20Δ]  2M,worst_of,monthly,2026-01-31,-89853.75269773268,-2378856.8606006242,-2361298.381963574,,
WO[USDJPY Cuo 40Δ/H@20Δ  ∧  USDKRW Cuo 40Δ/H@20Δ]  2M,worst_of,monthly,2026-02-28,-90772.99803010304,-2469629.8586307275,-2452071.379993677,,
WO[USDJPY Cuo 40Δ/H@20Δ  ∧  USDKRW Cuo 40Δ/H@20Δ]  2M,worst_of,monthly,2026-03-31,-25724.72489297529,-2495354.5835237033,-2477796.104886653,,
WO[USDJPY Cuo 40Δ/H@20Δ  ∧  USDKRW Cuo 40Δ/H@20Δ]  2M,worst_of,monthly,2026-04-30,-84755.86928885136,-2580110.452812555,-2562551.9741755044,,
WO[USDJPY Cuo 40Δ/H@20Δ  ∧  USDKRW Cuo 40Δ/H@20Δ]  2M,worst_of,monthly,2026-05-31,-31637.746405151745,-2611748.199217706,-2594189.7205806556,,
WO[USDJPY Cuo 40Δ/H@20Δ  ∧  USDKRW Cuo 40Δ/H@20Δ]  2M,worst_of,annual,2023-12-31,-745894.7756765301,-745894.7756765301,-728336.29703948,,
WO[USDJPY Cuo 40Δ/H@20Δ  ∧  USDKRW Cuo 40Δ/H@20Δ]  2M,worst_of,annual,2024-12-31,-757659.4481576579,-1503554.2238341877,-1485995.7451971376,,
WO[USDJPY Cuo 40Δ/H@20Δ  ∧  USDKRW Cuo 40Δ/H@20Δ]  2M,worst_of,annual,2025-12-31,-785448.8840687034,-2289003.1079028915,-2271444.629265841,,
WO[USDJPY Cuo 40Δ/H@20Δ  ∧  USDKRW Cuo 40Δ/H@20Δ]  2M,worst_of,annual,2026-12-31,-322745.0913148141,-2611748.199217706,-2594189.7205806556,,
WO[USDJPY Cuo 40Δ/H@20Δ  ∧  USDKRW Cuo 40Δ/H@20Δ]  1M,worst_of,monthly,2023-02-28,10613.102629919966,10613.102629919964,-50286.862958348946,,
WO[USDJPY Cuo 40Δ/H@20Δ  ∧  USDKRW Cuo 40Δ/H@20Δ]  1M,worst_of,monthly,2023-03-31,-87632.63035624601,-77019.52772632604,-137919.49331459496,,
WO[USDJPY Cuo 40Δ/H@20Δ  ∧  USDKRW Cuo 40Δ/H@20Δ]  1M,worst_of,monthly,2023-04-30,8718.970057176304,-68300.55766914973,-129200.52325741864,,
WO[USDJPY Cuo 40Δ/H@20Δ  ∧  USDKRW Cuo 40Δ/H@20Δ]  1M,worst_of,monthly,2023-05-31,-96673.48257572002,-164974.04024486974,-225874.00583313865,,
WO[USDJPY Cuo 40Δ/H@20Δ  ∧  USDKRW Cuo 40Δ/H@20Δ]  1M,worst_of,monthly,2023-06-30,-83051.04325038163,-248025.08349525134,-308925.04908352025,,
WO[USDJPY Cuo 40Δ/H@20Δ  ∧  USDKRW Cuo 40Δ/H@20Δ]  1M,worst_of,monthly,2023-07-31,-74145.13358587571,-322170.2170811272,-383070.18266939616,,
WO[USDJPY Cuo 40Δ/H@20Δ  ∧  USDKRW Cuo 40Δ/H@20Δ]  1M,worst_of,monthly,2023-08-31,-80135.98171367761,-402306.19879480486,-463206.1643830738,,
WO[USDJPY Cuo 40Δ/H@20Δ  ∧  USDKRW Cuo 40Δ/H@20Δ]  1M,worst_of,monthly,2023-09-30,-74767.59723949838,-477073.7960343032,-537973.7616225721,,
WO[USDJPY Cuo 40Δ/H@20Δ  ∧  USDKRW Cuo 40Δ/H@20Δ]  1M,worst_of,monthly,2023-10-31,26380.19655997208,-450693.59947433113,-511593.5650626001,,
WO[USDJPY Cuo 40Δ/H@20Δ  ∧  USDKRW Cuo 40Δ/H@20Δ]  1M,worst_of,monthly,2023-11-30,-79366.14844635241,-530059.7479206835,-590959.7135089524,,
WO[USDJPY Cuo 40Δ/H@20Δ  ∧  USDKRW Cuo 40Δ/H@20Δ]  1M,worst_of,monthly,2023-12-31,-75240.74438742375,-605300.4923081071,-666200.457896376,,
WO[USDJPY Cuo 40Δ/H@20Δ  ∧  USDKRW Cuo 40Δ/H@20Δ]  1M,worst_of,monthly,2024-01-31,-58243.489005402815,-663543.9813135098,-724443.9469017787,,
WO[USDJPY Cuo 40Δ/H@20Δ  ∧  USDKRW Cuo 40Δ/H@20Δ]  1M,worst_of,monthly,2024-02-29,-86046.56509916893,-749590.5464126786,-810490.5120009475,,
WO[USDJPY Cuo 40Δ/H@20Δ  ∧  USDKRW Cuo 40Δ/H@20Δ]  1M,worst_of,monthly,2024-03-31,104050.32549916851,-645540.2209135098,-706440.1865017788,,
WO[USDJPY Cuo 40Δ/H@20Δ  ∧  USDKRW Cuo 40Δ/H@20Δ]  1M,worst_of,monthly,2024-04-30,-74986.43563719194,-720526.6565507018,-781426.6221389708,,
WO[USDJPY Cuo 40Δ/H@20Δ  ∧  USDKRW Cuo 40Δ/H@20Δ]  1M,worst_of,monthly,2024-05-31,-78979.29337460254,-799505.9499253045,-860405.9155135734,,
WO[USDJPY Cuo 40Δ/H@20Δ  ∧  USDKRW Cuo 40Δ/H@20Δ]  1M,worst_of,monthly,2024-06-30,69027.35388466662,-730478.5960406379,-791378.5616289069,,
WO[USDJPY Cuo 40Δ/H@20Δ  ∧  USDKRW Cuo 40Δ/H@20Δ]  1M,worst_of,monthly,2024-07-31,-77450.7721918524,-807929.3682324904,-868829.3338207593,,
WO[USDJPY Cuo 40Δ/H@20Δ  ∧  USDKRW Cuo 40Δ/H@20Δ]  1M,worst_of,monthly,2024-08-31,-82978.91272292187,-890908.2809554123,-951808.2465436812,,
WO[USDJPY Cuo 40Δ/H@20Δ  ∧  USDKRW Cuo 40Δ/H@20Δ]  1M,worst_of,monthly,2024-09-30,-76591.99398765826,-967500.2749430706,-1028400.2405313395,,
WO[USDJPY Cuo 40Δ/H@20Δ  ∧  USDKRW Cuo 40Δ/H@20Δ]  1M,worst_of,monthly,2024-10-31,-78741.78808144561,-1046242.0630245161,-1107142.028612785,,
WO[USDJPY Cuo 40Δ/H@20Δ  ∧  USDKRW Cuo 40Δ/H@20Δ]  1M,worst_of,monthly,2024-11-30,-39980.60930262146,-1086222.6723271376,-1147122.6379154064,,
WO[USDJPY Cuo 40Δ/H@20Δ  ∧  USDKRW Cuo 40Δ/H@20Δ]  1M,worst_of,monthly,2024-12-31,-84962.74147482502,-1171185.4138019627,-1232085.3793902316,,
WO[USDJPY Cuo 40Δ/H@20Δ  ∧  USDKRW Cuo 40Δ/H@20Δ]  1M,worst_of,monthly,2025-01-31,-85174.22200661138,-1256359.6358085743,-1317259.601396843,,
WO[USDJPY Cuo 40Δ/H@20Δ  ∧  USDKRW Cuo 40Δ/H@20Δ]  1M,worst_of,monthly,2025-02-28,-73486.65494955042,-1329846.2907581248,-1390746.2563463936,,
WO[USDJPY Cuo 40Δ/H@20Δ  ∧  USDKRW Cuo 40Δ/H@20Δ]  1M,worst_of,monthly,2025-03-31,-68829.61643538557,-1398675.9071935103,-1459575.8727817792,,
WO[USDJPY Cuo 40Δ/H@20Δ  ∧  USDKRW Cuo 40Δ/H@20Δ]  1M,worst_of,monthly,2025-04-30,-85332.9080534042,-1484008.8152469145,-1544908.7808351833,,
WO[USDJPY Cuo 40Δ/H@20Δ  ∧  USDKRW Cuo 40Δ/H@20Δ]  1M,worst_of,monthly,2025-05-31,-92643.6391526913,-1576652.4543996055,-1637552.4199878743,,
WO[USDJPY Cuo 40Δ/H@20Δ  ∧  USDKRW Cuo 40Δ/H@20Δ]  1M,worst_of,monthly,2025-06-30,-84119.83867224758,-1660772.2930718535,-1721672.2586601223,,
WO[USDJPY Cuo 40Δ/H@20Δ  ∧  USDKRW Cuo 40Δ/H@20Δ]  1M,worst_of,monthly,2025-07-31,-95007.00405302926,-1755779.297124883,-1816679.2627131518,,
WO[USDJPY Cuo 40Δ/H@20Δ  ∧  USDKRW Cuo 40Δ/H@20Δ]  1M,worst_of,monthly,2025-08-31,-82175.83725638501,-1837955.1343812684,-1898855.0999695372,,
WO[USDJPY Cuo 40Δ/H@20Δ  ∧  USDKRW Cuo 40Δ/H@20Δ]  1M,worst_of,monthly,2025-09-30,288136.5880629983,-1549818.5463182703,-1610718.511906539,,
WO[USDJPY Cuo 40Δ/H@20Δ  ∧  USDKRW Cuo 40Δ/H@20Δ]  1M,worst_of,monthly,2025-10-31,-52216.36874389011,-1602034.9150621607,-1662934.8806504295,,
WO[USDJPY Cuo 40Δ/H@20Δ  ∧  USDKRW Cuo 40Δ/H@20Δ]  1M,worst_of,monthly,2025-11-30,-56366.026090780746,-1658400.9411529414,-1719300.9067412103,,
WO[USDJPY Cuo 40Δ/H@20Δ  ∧  USDKRW Cuo 40Δ/H@20Δ]  1M,worst_of,monthly,2025-12-31,-84089.48167847957,-1742490.4228314208,-1803390.3884196896,,
WO[USDJPY Cuo 40Δ/H@20Δ  ∧  USDKRW Cuo 40Δ/H@20Δ]  1M,worst_of,monthly,2026-01-31,-78971.33441018316,-1821461.757241604,-1882361.7228298727,,
WO[USDJPY Cuo 40Δ/H@20Δ  ∧  USDKRW Cuo 40Δ/H@20Δ]  1M,worst_of,monthly,2026-02-28,-81608.29793425585,-1903070.0551758595,-1963970.0207641283,,
WO[USDJPY Cuo 40Δ/H@20Δ  ∧  USDKRW Cuo 40Δ/H@20Δ]  1M,worst_of,monthly,2026-03-31,-62065.6598116312,-1965135.7149874906,-2026035.6805757594,,
WO[USDJPY Cuo 40Δ/H@20Δ  ∧  USDKRW Cuo 40Δ/H@20Δ]  1M,worst_of,monthly,2026-04-30,-104812.0193491884,-2069947.7343366786,-2130847.6999249477,,
WO[USDJPY Cuo 40Δ/H@20Δ  ∧  USDKRW Cuo 40Δ/H@20Δ]  1M,worst_of,monthly,2026-05-31,-22029.243371249402,-2091976.977707928,-2152876.943296197,,
WO[USDJPY Cuo 40Δ/H@20Δ  ∧  USDKRW Cuo 40Δ/H@20Δ]  1M,worst_of,annual,2023-12-31,-605300.4923081072,-605300.4923081071,-666200.457896376,,
WO[USDJPY Cuo 40Δ/H@20Δ  ∧  USDKRW Cuo 40Δ/H@20Δ]  1M,worst_of,annual,2024-12-31,-565884.9214938558,-1171185.4138019627,-1232085.3793902316,,
WO[USDJPY Cuo 40Δ/H@20Δ  ∧  USDKRW Cuo 40Δ/H@20Δ]  1M,worst_of,annual,2025-12-31,-571305.0090294568,-1742490.4228314208,-1803390.3884196896,,
WO[USDJPY Cuo 40Δ/H@20Δ  ∧  USDKRW Cuo 40Δ/H@20Δ]  1M,worst_of,annual,2026-12-31,-349486.554876508,-2091976.977707928,-2152876.943296197,,
WO[USDJPY Cuo 40Δ/H@20Δ  ∧  USDKRW Cuo 40Δ/H@20Δ]  6W,worst_of,monthly,2023-02-28,18675.466752720964,18675.466752720975,-36288.16589658733,,
WO[USDJPY Cuo 40Δ/H@20Δ  ∧  USDKRW Cuo 40Δ/H@20Δ]  6W,worst_of,monthly,2023-03-31,-103853.55087900958,-85178.0841262886,-140141.7167755969,,
WO[USDJPY Cuo 40Δ/H@20Δ  ∧  USDKRW Cuo 40Δ/H@20Δ]  6W,worst_of,monthly,2023-04-30,-94734.87943345851,-179912.96355974712,-234876.59620905542,,
WO[USDJPY Cuo 40Δ/H@20Δ  ∧  USDKRW Cuo 40Δ/H@20Δ]  6W,worst_of,monthly,2023-05-31,-113763.05288751629,-293676.01644726336,-348639.64909657167,,
WO[USDJPY Cuo 40Δ/H@20Δ  ∧  USDKRW Cuo 40Δ/H@20Δ]  6W,worst_of,monthly,2023-06-30,-91864.53042246275,-385540.5468697263,-440504.17951903463,,
WO[USDJPY Cuo 40Δ/H@20Δ  ∧  USDKRW Cuo 40Δ/H@20Δ]  6W,worst_of,monthly,2023-07-31,-82250.35891089392,-467790.9057806202,-522754.5384299285,,
WO[USDJPY Cuo 40Δ/H@20Δ  ∧  USDKRW Cuo 40Δ/H@20Δ]  6W,worst_of,monthly,2023-08-31,-72001.63667496324,-539792.5424555836,-594756.1751048919,,
WO[USDJPY Cuo 40Δ/H@20Δ  ∧  USDKRW Cuo 40Δ/H@20Δ]  6W,worst_of,monthly,2023-09-30,-86520.7832816602,-626313.325737244,-681276.9583865523,,
WO[USDJPY Cuo 40Δ/H@20Δ  ∧  USDKRW Cuo 40Δ/H@20Δ]  6W,worst_of,monthly,2023-10-31,279471.0537309839,-346842.2720062601,-401805.9046555684,,
WO[USDJPY Cuo 40Δ/H@20Δ  ∧  USDKRW Cuo 40Δ/H@20Δ]  6W,worst_of,monthly,2023-11-30,-70860.54168694868,-417702.81369320874,-472666.44634251704,,
WO[USDJPY Cuo 40Δ/H@20Δ  ∧  USDKRW Cuo 40Δ/H@20Δ]  6W,worst_of,monthly,2023-12-31,-86500.67382501074,-504203.48751821957,-559167.1201675278,,
WO[USDJPY Cuo 40Δ/H@20Δ  ∧  USDKRW Cuo 40Δ/H@20Δ]  6W,worst_of,monthly,2024-01-31,86491.60377640718,-417711.88374181243,-472675.51639112073,,
WO[USDJPY Cuo 40Δ/H@20Δ  ∧  USDKRW Cuo 40Δ/H@20Δ]  6W,worst_of,monthly,2024-02-29,-77244.53236974767,-494956.41611156013,-549920.0487608684,,
WO[USDJPY Cuo 40Δ/H@20Δ  ∧  USDKRW Cuo 40Δ/H@20Δ]  6W,worst_of,monthly,2024-03-31,70788.79258660976,-424167.62352495047,-479131.2561742588,,
WO[USDJPY Cuo 40Δ/H@20Δ  ∧  USDKRW Cuo 40Δ/H@20Δ]  6W,worst_of,monthly,2024-04-30,231220.075389953,-192947.54813499757,-247911.18078430588,,
WO[USDJPY Cuo 40Δ/H@20Δ  ∧  USDKRW Cuo 40Δ/H@20Δ]  6W,worst_of,monthly,2024-05-31,-87114.89781219982,-280062.4459471975,-335026.0785965058,,
WO[USDJPY Cuo 40Δ/H@20Δ  ∧  USDKRW Cuo 40Δ/H@20Δ]  6W,worst_of,monthly,2024-06-30,15345.922687809176,-264716.5232593884,-319680.1559086967,,
WO[USDJPY Cuo 40Δ/H@20Δ  ∧  USDKRW Cuo 40Δ/H@20Δ]  6W,worst_of,monthly,2024-07-31,-88504.76347908743,-353221.2867384758,-408184.9193877841,,
WO[USDJPY Cuo 40Δ/H@20Δ  ∧  USDKRW Cuo 40Δ/H@20Δ]  6W,worst_of,monthly,2024-08-31,-85822.72327154862,-439044.01001002424,-494007.64265933255,,
WO[USDJPY Cuo 40Δ/H@20Δ  ∧  USDKRW Cuo 40Δ/H@20Δ]  6W,worst_of,monthly,2024-09-30,-80197.24669109227,-519241.25670111645,-574204.8893504248,,
WO[USDJPY Cuo 40Δ/H@20Δ  ∧  USDKRW Cuo 40Δ/H@20Δ]  6W,worst_of,monthly,2024-10-31,45252.89046392902,-473988.36623718747,-528951.9988864958,,
WO[USDJPY Cuo 40Δ/H@20Δ  ∧  USDKRW Cuo 40Δ/H@20Δ]  6W,worst_of,monthly,2024-11-30,-81280.64446529569,-555269.0107024834,-610232.6433517917,,
WO[USDJPY Cuo 40Δ/H@20Δ  ∧  USDKRW Cuo 40Δ/H@20Δ]  6W,worst_of,monthly,2024-12-31,-101656.57246962293,-656925.5831721065,-711889.2158214148,,
WO[USDJPY Cuo 40Δ/H@20Δ  ∧  USDKRW Cuo 40Δ/H@20Δ]  6W,worst_of,monthly,2025-01-31,-100136.63652155061,-757062.2196936569,-812025.8523429652,,
WO[USDJPY Cuo 40Δ/H@20Δ  ∧  USDKRW Cuo 40Δ/H@20Δ]  6W,worst_of,monthly,2025-02-28,-75979.06733112891,-833041.2870247856,-888004.919674094,,
WO[USDJPY Cuo 40Δ/H@20Δ  ∧  USDKRW Cuo 40Δ/H@20Δ]  6W,worst_of,monthly,2025-03-31,-73150.04374172496,-906191.3307665108,-961154.9634158191,,
WO[USDJPY Cuo 40Δ/H@20Δ  ∧  USDKRW Cuo 40Δ/H@20Δ]  6W,worst_of,monthly,2025-04-30,-87361.82245653258,-993553.1532230432,-1048516.7858723515,,
WO[USDJPY Cuo 40Δ/H@20Δ  ∧  USDKRW Cuo 40Δ/H@20Δ]  6W,worst_of,monthly,2025-05-31,-96894.29804517807,-1090447.451268221,-1145411.0839175293,,
WO[USDJPY Cuo 40Δ/H@20Δ  ∧  USDKRW Cuo 40Δ/H@20Δ]  6W,worst_of,monthly,2025-06-30,-87248.6633551597,-1177696.1146233804,-1232659.7472726887,,
WO[USDJPY Cuo 40Δ/H@20Δ  ∧  USDKRW Cuo 40Δ/H@20Δ]  6W,worst_of,monthly,2025-07-31,-103678.54445610345,-1281374.6590794837,-1336338.291728792,,
WO[USDJPY Cuo 40Δ/H@20Δ  ∧  USDKRW Cuo 40Δ/H@20Δ]  6W,worst_of,monthly,2025-08-31,-95504.20894070099,-1376878.8680201843,-1431842.5006694926,,
WO[USDJPY Cuo 40Δ/H@20Δ  ∧  USDKRW Cuo 40Δ/H@20Δ]  6W,worst_of,monthly,2025-09-30,70693.90611012139,-1306184.961910063,-1361148.5945593712,,
WO[USDJPY Cuo 40Δ/H@20Δ  ∧  USDKRW Cuo 40Δ/H@20Δ]  6W,worst_of,monthly,2025-10-31,-32876.92659807943,-1339061.888508142,-1394025.5211574503,,
WO[USDJPY Cuo 40Δ/H@20Δ  ∧  USDKRW Cuo 40Δ/H@20Δ]  6W,worst_of,monthly,2025-11-30,-59314.130642563345,-1398376.0191507055,-1453339.6518000138,,
WO[USDJPY Cuo 40Δ/H@20Δ  ∧  USDKRW Cuo 40Δ/H@20Δ]  6W,worst_of,monthly,2025-12-31,-94131.76013670812,-1492507.779287414,-1547471.4119367222,,
WO[USDJPY Cuo 40Δ/H@20Δ  ∧  USDKRW Cuo 40Δ/H@20Δ]  6W,worst_of,monthly,2026-01-31,-89193.14433595636,-1581700.923623371,-1636664.5562726792,,
WO[USDJPY Cuo 40Δ/H@20Δ  ∧  USDKRW Cuo 40Δ/H@20Δ]  6W,worst_of,monthly,2026-02-28,-70296.28054634476,-1651997.2041697155,-1706960.8368190238,,
WO[USDJPY Cuo 40Δ/H@20Δ  ∧  USDKRW Cuo 40Δ/H@20Δ]  6W,worst_of,monthly,2026-03-31,-85995.40942913013,-1737992.6135988454,-1792956.2462481537,,
WO[USDJPY Cuo 40Δ/H@20Δ  ∧  USDKRW Cuo 40Δ/H@20Δ]  6W,worst_of,monthly,2026-04-30,-93663.05131498382,-1831655.664913829,-1886619.2975631373,,
WO[USDJPY Cuo 40Δ/H@20Δ  ∧  USDKRW Cuo 40Δ/H@20Δ]  6W,worst_of,monthly,2026-05-31,-30216.7789584422,-1861872.4438722713,-1916836.0765215796,,
WO[USDJPY Cuo 40Δ/H@20Δ  ∧  USDKRW Cuo 40Δ/H@20Δ]  6W,worst_of,annual,2023-12-31,-504203.48751821904,-504203.48751821957,-559167.1201675278,,
WO[USDJPY Cuo 40Δ/H@20Δ  ∧  USDKRW Cuo 40Δ/H@20Δ]  6W,worst_of,annual,2024-12-31,-152722.09565388627,-656925.5831721065,-711889.2158214148,,
WO[USDJPY Cuo 40Δ/H@20Δ  ∧  USDKRW Cuo 40Δ/H@20Δ]  6W,worst_of,annual,2025-12-31,-835582.1961153088,-1492507.779287414,-1547471.4119367222,,
WO[USDJPY Cuo 40Δ/H@20Δ  ∧  USDKRW Cuo 40Δ/H@20Δ]  6W,worst_of,annual,2026-12-31,-369364.6645848573,-1861872.4438722713,-1916836.0765215796,,
WO[USDJPY Cuo 40Δ/H@20Δ  ∧  USDKRW Cuo 40Δ/H@20Δ]  10W,worst_of,monthly,2023-03-31,-91060.1455082825,-91060.14550828251,-84836.78162910439,,
WO[USDJPY Cuo 40Δ/H@20Δ  ∧  USDKRW Cuo 40Δ/H@20Δ]  10W,worst_of,monthly,2023-04-30,5968.96018182674,-85091.18532645576,-78867.82144727763,,
WO[USDJPY Cuo 40Δ/H@20Δ  ∧  USDKRW Cuo 40Δ/H@20Δ]  10W,worst_of,monthly,2023-05-31,135519.19575320932,50428.01042675364,-108417.96687642057,,
WO[USDJPY Cuo 40Δ/H@20Δ  ∧  USDKRW Cuo 40Δ/H@20Δ]  10W,worst_of,monthly,2023-06-30,-125836.66474631717,-75408.65431956353,-234254.63162273774,,
WO[USDJPY Cuo 40Δ/H@20Δ  ∧  USDKRW Cuo 40Δ/H@20Δ]  10W,worst_of,monthly,2023-07-31,-101377.21213669417,-176785.86645625767,-335631.84375943185,,
WO[USDJPY Cuo 40Δ/H@20Δ  ∧  USDKRW Cuo 40Δ/H@20Δ]  10W,worst_of,monthly,2023-08-31,-104228.30578720139,-281014.17224345915,-439860.14954663336,,
WO[USDJPY Cuo 40Δ/H@20Δ  ∧  USDKRW Cuo 40Δ/H@20Δ]  10W,worst_of,monthly,2023-09-30,273484.42995590833,-7529.742287550793,-166375.719590725,,
WO[USDJPY Cuo 40Δ/H@20Δ  ∧  USDKRW Cuo 40Δ/H@20Δ]  10W,worst_of,monthly,2023-10-31,-103641.93569436346,-111171.67798191428,-270017.65528508846,,
WO[USDJPY Cuo 40Δ/H@20Δ  ∧  USDKRW Cuo 40Δ/H@20Δ]  10W,worst_of,monthly,2023-11-30,-102017.8558824118,-213189.5338643261,-372035.5111675003,,
WO[USDJPY Cuo 40Δ/H@20Δ  ∧  USDKRW Cuo 40Δ/H@20Δ]  10W,worst_of,monthly,2023-12-31,-75269.22028297628,-288458.75414730224,-447304.73145047645,,
WO[USDJPY Cuo 40Δ/H@20Δ  ∧  USDKRW Cuo 40Δ/H@20Δ]  10W,worst_of,monthly,2024-01-31,-107623.81559766292,-396082.5697449653,-554928.5470481395,,
WO[USDJPY Cuo 40Δ/H@20Δ  ∧  USDKRW Cuo 40Δ/H@20Δ]  10W,worst_of,monthly,2024-02-29,-99690.55619009682,-495773.12593506195,-654619.1032382362,,
WO[USDJPY Cuo 40Δ/H@20Δ  ∧  USDKRW Cuo 40Δ/H@20Δ]  10W,worst_of,monthly,2024-03-31,-87022.96392178063,-582796.0898568426,-741642.0671600169,,
WO[USDJPY Cuo 40Δ/H@20Δ  ∧  USDKRW Cuo 40Δ/H@20Δ]  10W,worst_of,monthly,2024-04-30,-20985.07217904089,-603781.1620358834,-762627.1393390576,,
WO[USDJPY Cuo 40Δ/H@20Δ  ∧  USDKRW Cuo 40Δ/H@20Δ]  10W,worst_of,monthly,2024-05-31,-94013.80374510202,-697794.9657809857,-856640.9430841599,,
WO[USDJPY Cuo 40Δ/H@20Δ  ∧  USDKRW Cuo 40Δ/H@20Δ]  10W,worst_of,monthly,2024-06-30,-86632.5578514408,-784427.5236324265,-943273.5009356007,,
WO[USDJPY Cuo 40Δ/H@20Δ  ∧  USDKRW Cuo 40Δ/H@20Δ]  10W,worst_of,monthly,2024-07-31,-93341.29736733681,-877768.8209997634,-1036614.7983029376,,
WO[USDJPY Cuo 40Δ/H@20Δ  ∧  USDKRW Cuo 40Δ/H@20Δ]  10W,worst_of,monthly,2024-08-31,-96384.60637446625,-974153.4273742298,-1132999.404677404,,
WO[USDJPY Cuo 40Δ/H@20Δ  ∧  USDKRW Cuo 40Δ/H@20Δ]  10W,worst_of,monthly,2024-09-30,-95013.83075052776,-1069167.2581247578,-1228013.2354279319,,
WO[USDJPY Cuo 40Δ/H@20Δ  ∧  USDKRW Cuo 40Δ/H@20Δ]  10W,worst_of,monthly,2024-10-31,-83329.00018882929,-1152496.2583135876,-1311342.2356167617,,
WO[USDJPY Cuo 40Δ/H@20Δ  ∧  USDKRW Cuo 40Δ/H@20Δ]  10W,worst_of,monthly,2024-11-30,-89132.53074466721,-1241628.789058255,-1400474.7663614294,,
WO[USDJPY Cuo 40Δ/H@20Δ  ∧  USDKRW Cuo 40Δ/H@20Δ]  10W,worst_of,monthly,2024-12-31,-99405.20096831751,-1341033.9900265727,-1499879.967329747,,
WO[USDJPY Cuo 40Δ/H@20Δ  ∧  USDKRW Cuo 40Δ/H@20Δ]  10W,worst_of,monthly,2025-01-31,-120198.23987309026,-1461232.2298996628,-1620078.2072028369,,
WO[USDJPY Cuo 40Δ/H@20Δ  ∧  USDKRW Cuo 40Δ/H@20Δ]  10W,worst_of,monthly,2025-02-28,-103756.28114793597,-1564988.5110475982,-1723834.4883507723,,
WO[USDJPY Cuo 40Δ/H@20Δ  ∧  USDKRW Cuo 40Δ/H@20Δ]  10W,worst_of,monthly,2025-03-31,-94094.69890653959,-1659083.209954138,-1817929.1872573122,,
WO[USDJPY Cuo 40Δ/H@20Δ  ∧  USDKRW Cuo 40Δ/H@20Δ]  10W,worst_of,monthly,2025-04-30,-88937.7330480317,-1748020.94300217,-1906866.9203053443,,
WO[USDJPY Cuo 40Δ/H@20Δ  ∧  USDKRW Cuo 40Δ/H@20Δ]  10W,worst_of,monthly,2025-05-31,-100967.53315156474,-1848988.4761537344,-2007834.4534569085,,
WO[USDJPY Cuo 40Δ/H@20Δ  ∧  USDKRW Cuo 40Δ/H@20Δ]  10W,worst_of,monthly,2025-06-30,-107875.18131586823,-1956863.6574696025,-2115709.6347727766,,
WO[USDJPY Cuo 40Δ/H@20Δ  ∧  USDKRW Cuo 40Δ/H@20Δ]  10W,worst_of,monthly,2025-07-31,-114196.63705149571,-2071060.2945210985,-2229906.271824273,,
WO[USDJPY Cuo 40Δ/H@20Δ  ∧  USDKRW Cuo 40Δ/H@20Δ]  10W,worst_of,monthly,2025-08-31,-107851.82443220331,-2178912.118953301,-2337758.0962564754,,
WO[USDJPY Cuo 40Δ/H@20Δ  ∧  USDKRW Cuo 40Δ/H@20Δ]  10W,worst_of,monthly,2025-09-30,18304.696140284854,-2160607.4228130165,-2319453.400116191,,
WO[USDJPY Cuo 40Δ/H@20Δ  ∧  USDKRW Cuo 40Δ/H@20Δ]  10W,worst_of,monthly,2025-10-31,45481.23185785562,-2115126.1909551607,-2273972.168258335,,
WO[USDJPY Cuo 40Δ/H@20Δ  ∧  USDKRW Cuo 40Δ/H@20Δ]  10W,worst_of,monthly,2025-11-30,-93817.10668415963,-2208943.297639321,-2367789.2749424954,,
WO[USDJPY Cuo 40Δ/H@20Δ  ∧  USDKRW Cuo 40Δ/H@20Δ]  10W,worst_of,monthly,2025-12-31,-82263.29323313604,-2291206.590872457,-2450052.568175631,,
WO[USDJPY Cuo 40Δ/H@20Δ  ∧  USDKRW Cuo 40Δ/H@20Δ]  10W,worst_of,monthly,2026-01-31,-103469.93537303896,-2394676.5262454967,-2553522.503548671,,
WO[USDJPY Cuo 40Δ/H@20Δ  ∧  USDKRW Cuo 40Δ/H@20Δ]  10W,worst_of,monthly,2026-02-28,-93990.69360204901,-2488667.219847548,-2647513.197150722,,
WO[USDJPY Cuo 40Δ/H@20Δ  ∧  USDKRW Cuo 40Δ/H@20Δ]  10W,worst_of,monthly,2026-03-31,-90424.783882778,-2579092.0037303246,-2737937.981033499,,
WO[USDJPY Cuo 40Δ/H@20Δ  ∧  USDKRW Cuo 40Δ/H@20Δ]  10W,worst_of,monthly,2026-04-30,-94548.99784584418,-2673641.001576169,-2832486.9788793433,,
WO[USDJPY Cuo 40Δ/H@20Δ  ∧  USDKRW Cuo 40Δ/H@20Δ]  10W,worst_of,monthly,2026-05-31,-29389.91821177509,-2703030.9197879443,-2861876.8970911186,,
WO[USDJPY Cuo 40Δ/H@20Δ  ∧  USDKRW Cuo 40Δ/H@20Δ]  10W,worst_of,annual,2023-12-31,-288458.75414730236,-288458.75414730224,-447304.73145047645,,
WO[USDJPY Cuo 40Δ/H@20Δ  ∧  USDKRW Cuo 40Δ/H@20Δ]  10W,worst_of,annual,2024-12-31,-1052575.235879269,-1341033.9900265727,-1499879.967329747,,
WO[USDJPY Cuo 40Δ/H@20Δ  ∧  USDKRW Cuo 40Δ/H@20Δ]  10W,worst_of,annual,2025-12-31,-950172.6008458848,-2291206.590872457,-2450052.568175631,,
WO[USDJPY Cuo 40Δ/H@20Δ  ∧  USDKRW Cuo 40Δ/H@20Δ]  10W,worst_of,annual,2026-12-31,-411824.32891548524,-2703030.9197879443,-2861876.8970911186,,
WO[USDJPY Cuo 40Δ/H@20Δ  ∧  USDKRW Cuo 40Δ/H@20Δ]  3M,worst_of,monthly,2023-03-31,-6747.012164189188,-6747.012164189188,0.0,,
WO[USDJPY Cuo 40Δ/H@20Δ  ∧  USDKRW Cuo 40Δ/H@20Δ]  3M,worst_of,monthly,2023-04-30,-124269.76774137051,-131016.77990555968,-124269.7677413705,,
WO[USDJPY Cuo 40Δ/H@20Δ  ∧  USDKRW Cuo 40Δ/H@20Δ]  3M,worst_of,monthly,2023-05-31,524457.797311448,393441.01740588836,-12211.416499581188,,
WO[USDJPY Cuo 40Δ/H@20Δ  ∧  USDKRW Cuo 40Δ/H@20Δ]  3M,worst_of,monthly,2023-06-30,-143184.3440199525,250256.67338593592,-155395.76051953362,,
WO[USDJPY Cuo 40Δ/H@20Δ  ∧  USDKRW Cuo 40Δ/H@20Δ]  3M,worst_of,monthly,2023-07-31,-119562.23013341197,130694.44325252397,-274957.9906529456,,
WO[USDJPY Cuo 40Δ/H@20Δ  ∧  USDKRW Cuo 40Δ/H@20Δ]  3M,worst_of,monthly,2023-08-31,-115207.59382028673,15486.849432237233,-390165.58447323233,,
WO[USDJPY Cuo 40Δ/H@20Δ  ∧  USDKRW Cuo 40Δ/H@20Δ]  3M,worst_of,monthly,2023-09-30,-103854.98215534273,-88368.1327231055,-494020.56662857503,,
WO[USDJPY Cuo 40Δ/H@20Δ  ∧  USDKRW Cuo 40Δ/H@20Δ]  3M,worst_of,monthly,2023-10-31,-119488.91795081487,-207857.05067392046,-613509.48457939,,
WO[USDJPY Cuo 40Δ/H@20Δ  ∧  USDKRW Cuo 40Δ/H@20Δ]  3M,worst_of,monthly,2023-11-30,-112433.7217741685,-320290.77244808886,-725943.2063535585,,
WO[USDJPY Cuo 40Δ/H@20Δ  ∧  USDKRW Cuo 40Δ/H@20Δ]  3M,worst_of,monthly,2023-12-31,-93169.12619622987,-413459.89864431875,-819112.3325497883,,
WO[USDJPY Cuo 40Δ/H@20Δ  ∧  USDKRW Cuo 40Δ/H@20Δ]  3M,worst_of,monthly,2024-01-31,-97524.91299322514,-510984.81163754396,-916637.2455430136,,
WO[USDJPY Cuo 40Δ/H@20Δ  ∧  USDKRW Cuo 40Δ/H@20Δ]  3M,worst_of,monthly,2024-02-29,141840.36818304966,-369144.44345449423,-774796.8773599637,,
WO[USDJPY Cuo 40Δ/H@20Δ  ∧  USDKRW Cuo 40Δ/H@20Δ]  3M,worst_of,monthly,2024-03-31,-99949.1013914486,-469093.5448459428,-874745.9787514124,,
WO[USDJPY Cuo 40Δ/H@20Δ  ∧  USDKRW Cuo 40Δ/H@20Δ]  3M,worst_of,monthly,2024-04-30,-111117.60873975053,-580211.1535856932,-985863.5874911628,,
WO[USDJPY Cuo 40Δ/H@20Δ  ∧  USDKRW Cuo 40Δ/H@20Δ]  3M,worst_of,monthly,2024-05-31,-89978.87057203168,-670190.0241577248,-1075842.4580631943,,
WO[USDJPY Cuo 40Δ/H@20Δ  ∧  USDKRW Cuo 40Δ/H@20Δ]  3M,worst_of,monthly,2024-06-30,-92613.351392938,-762803.3755506627,-1168455.8094561324,,
WO[USDJPY Cuo 40Δ/H@20Δ  ∧  USDKRW Cuo 40Δ/H@20Δ]  3M,worst_of,monthly,2024-07-31,-105079.05382032027,-867882.429370983,-1273534.8632764525,,
WO[USDJPY Cuo 40Δ/H@20Δ  ∧  USDKRW Cuo 40Δ/H@20Δ]  3M,worst_of,monthly,2024-08-31,-93568.03542526746,-961450.4647962506,-1367102.8987017202,,
WO[USDJPY Cuo 40Δ/H@20Δ  ∧  USDKRW Cuo 40Δ/H@20Δ]  3M,worst_of,monthly,2024-09-30,-98373.94977446219,-1059824.4145707125,-1465476.848476182,,
WO[USDJPY Cuo 40Δ/H@20Δ  ∧  USDKRW Cuo 40Δ/H@20Δ]  3M,worst_of,monthly,2024-10-31,-113122.21975667741,-1172946.6343273902,-1578599.0682328597,,
WO[USDJPY Cuo 40Δ/H@20Δ  ∧  USDKRW Cuo 40Δ/H@20Δ]  3M,worst_of,monthly,2024-11-30,-103180.16086199207,-1276126.7951893827,-1681779.2290948522,,
WO[USDJPY Cuo 40Δ/H@20Δ  ∧  USDKRW Cuo 40Δ/H@20Δ]  3M,worst_of,monthly,2024-12-31,-97899.39645719621,-1374026.1916465792,-1779678.6255520487,,
WO[USDJPY Cuo 40Δ/H@20Δ  ∧  USDKRW Cuo 40Δ/H@20Δ]  3M,worst_of,monthly,2025-01-31,-116311.58442738235,-1490337.7760739615,-1895990.209979431,,
WO[USDJPY Cuo 40Δ/H@20Δ  ∧  USDKRW Cuo 40Δ/H@20Δ]  3M,worst_of,monthly,2025-02-28,-121693.52504793991,-1612031.301121901,-2017683.7350273705,,
WO[USDJPY Cuo 40Δ/H@20Δ  ∧  USDKRW Cuo 40Δ/H@20Δ]  3M,worst_of,monthly,2025-03-31,-108440.22430889953,-1720471.5254308006,-2126123.95933627,,
WO[USDJPY Cuo 40Δ/H@20Δ  ∧  USDKRW Cuo 40Δ/H@20Δ]  3M,worst_of,monthly,2025-04-30,-94240.20863875154,-1814711.7340695523,-2220364.167975022,,
WO[USDJPY Cuo 40Δ/H@20Δ  ∧  USDKRW Cuo 40Δ/H@20Δ]  3M,worst_of,monthly,2025-05-31,-105667.70349196251,-1920379.4375615146,-2326031.871466984,,
WO[USDJPY Cuo 40Δ/H@20Δ  ∧  USDKRW Cuo 40Δ/H@20Δ]  3M,worst_of,monthly,2025-06-30,-110902.34253450092,-2031281.7800960154,-2436934.214001485,,
WO[USDJPY Cuo 40Δ/H@20Δ  ∧  USDKRW Cuo 40Δ/H@20Δ]  3M,worst_of,monthly,2025-07-31,-127018.38093531069,-2158300.161031326,-2563952.5949367955,,
WO[USDJPY Cuo 40Δ/H@20Δ  ∧  USDKRW Cuo 40Δ/H@20Δ]  3M,worst_of,monthly,2025-08-31,-115963.32172613166,-2274263.4827574575,-2679915.9166629273,,
WO[USDJPY Cuo 40Δ/H@20Δ  ∧  USDKRW Cuo 40Δ/H@20Δ]  3M,worst_of,monthly,2025-09-30,-72214.84876027546,-2346478.3315177336,-2752130.7654232034,,
WO[USDJPY Cuo 40Δ/H@20Δ  ∧  USDKRW Cuo 40Δ/H@20Δ]  3M,worst_of,monthly,2025-10-31,332519.67298970895,-2013958.6585280243,-2419611.092433494,,
WO[USDJPY Cuo 40Δ/H@20Δ  ∧  USDKRW Cuo 40Δ/H@20Δ]  3M,worst_of,monthly,2025-11-30,-105987.62131114872,-2119946.279839174,-2525598.7137446436,,
WO[USDJPY Cuo 40Δ/H@20Δ  ∧  USDKRW Cuo 40Δ/H@20Δ]  3M,worst_of,monthly,2025-12-31,-110304.23237348185,-2230250.5122126555,-2635902.946118125,,
WO[USDJPY Cuo 40Δ/H@20Δ  ∧  USDKRW Cuo 40Δ/H@20Δ]  3M,worst_of,monthly,2026-01-31,-85667.5102099852,-2315918.0224226415,-2721570.4563281112,,
WO[USDJPY Cuo 40Δ/H@20Δ  ∧  USDKRW Cuo 40Δ/H@20Δ]  3M,worst_of,monthly,2026-02-28,-113613.68617380231,-2429531.708596444,-2835184.142501914,,
WO[USDJPY Cuo 40Δ/H@20Δ  ∧  USDKRW Cuo 40Δ/H@20Δ]  3M,worst_of,monthly,2026-03-31,329147.66469806636,-2100384.043898377,-2506036.477803847,,
WO[USDJPY Cuo 40Δ/H@20Δ  ∧  USDKRW Cuo 40Δ/H@20Δ]  3M,worst_of,monthly,2026-04-30,-114617.34661585998,-2215001.3905142373,-2620653.824419707,,
WO[USDJPY Cuo 40Δ/H@20Δ  ∧  USDKRW Cuo 40Δ/H@20Δ]  3M,worst_of,monthly,2026-05-31,-31855.67404934332,-2246857.0645635803,-2652509.49846905,,
WO[USDJPY Cuo 40Δ/H@20Δ  ∧  USDKRW Cuo 40Δ/H@20Δ]  3M,worst_of,annual,2023-12-31,-413459.8986443188,-413459.89864431875,-819112.3325497883,,
WO[USDJPY Cuo 40Δ/H@20Δ  ∧  USDKRW Cuo 40Δ/H@20Δ]  3M,worst_of,annual,2024-12-31,-960566.2930022599,-1374026.1916465792,-1779678.6255520487,,
WO[USDJPY Cuo 40Δ/H@20Δ  ∧  USDKRW Cuo 40Δ/H@20Δ]  3M,worst_of,annual,2025-12-31,-856224.3205660762,-2230250.5122126555,-2635902.946118125,,
WO[USDJPY Cuo 40Δ/H@20Δ  ∧  USDKRW Cuo 40Δ/H@20Δ]  3M,worst_of,annual,2026-12-31,-16606.552350924416,-2246857.0645635803,-2652509.49846905,,
WO[USDJPY Cuo 40Δ/H@15Δ  ∧  USDKRW Cuo 40Δ/H@15Δ]  2M,worst_of,monthly,2023-03-31,900850.6625862245,900850.6625862246,-144320.50168234762,,
WO[USDJPY Cuo 40Δ/H@15Δ  ∧  USDKRW Cuo 40Δ/H@15Δ]  2M,worst_of,monthly,2023-04-30,-163958.18896769907,736892.4736185258,-308278.69065004645,,
WO[USDJPY Cuo 40Δ/H@15Δ  ∧  USDKRW Cuo 40Δ/H@15Δ]  2M,worst_of,monthly,2023-05-31,181380.6971466812,918273.170765207,-126897.9935033652,,
WO[USDJPY Cuo 40Δ/H@15Δ  ∧  USDKRW Cuo 40Δ/H@15Δ]  2M,worst_of,monthly,2023-06-30,-199881.43137045574,718391.7393947515,-326779.42487382074,,
WO[USDJPY Cuo 40Δ/H@15Δ  ∧  USDKRW Cuo 40Δ/H@15Δ]  2M,worst_of,monthly,2023-07-31,-154035.03035274683,564356.7090420047,-480814.4552265676,,
WO[USDJPY Cuo 40Δ/H@15Δ  ∧  USDKRW Cuo 40Δ/H@15Δ]  2M,worst_of,monthly,2023-08-31,137829.7830561898,702186.4920981944,-342984.6721703778,,
WO[USDJPY Cuo 40Δ/H@15Δ  ∧  USDKRW Cuo 40Δ/H@15Δ]  2M,worst_of,monthly,2023-09-30,268881.0134690087,971067.5055672033,-134846.96808908205,,
WO[USDJPY Cuo 40Δ/H@15Δ  ∧  USDKRW Cuo 40Δ/H@15Δ]  2M,worst_of,monthly,2023-10-31,461263.9847904249,1432331.4903576279,-15785.600632425165,,
WO[USDJPY Cuo 40Δ/H@15Δ  ∧  USDKRW Cuo 40Δ/H@15Δ]  2M,worst_of,monthly,2023-11-30,-156183.9434876785,1276147.5468699487,-171969.54412010428,,
WO[USDJPY Cuo 40Δ/H@15Δ  ∧  USDKRW Cuo 40Δ/H@15Δ]  2M,worst_of,monthly,2023-12-31,-149419.63653277152,1126727.910337177,-321389.1806528759,,
WO[USDJPY Cuo 40Δ/H@15Δ  ∧  USDKRW Cuo 40Δ/H@15Δ]  2M,worst_of,monthly,2024-01-31,-162709.55464116667,964018.3556960104,-484098.7352940426,,
WO[USDJPY Cuo 40Δ/H@15Δ  ∧  USDKRW Cuo 40Δ/H@15Δ]  2M,worst_of,monthly,2024-02-29,153316.20731192728,1117334.5630079373,-330782.52798211575,,
WO[USDJPY Cuo 40Δ/H@15Δ  ∧  USDKRW Cuo 40Δ/H@15Δ]  2M,worst_of,monthly,2024-03-31,-57992.62887316123,1059341.934134776,-388775.156855277,,
WO[USDJPY Cuo 40Δ/H@15Δ  ∧  USDKRW Cuo 40Δ/H@15Δ]  2M,worst_of,monthly,2024-04-30,706545.1660061482,1765887.100140924,-69967.80784187303,,
WO[USDJPY Cuo 40Δ/H@15Δ  ∧  USDKRW Cuo 40Δ/H@15Δ]  2M,worst_of,monthly,2024-05-31,-153816.5388442708,1612070.5612966532,-223784.3466861439,,
WO[USDJPY Cuo 40Δ/H@15Δ  ∧  USDKRW Cuo 40Δ/H@15Δ]  2M,worst_of,monthly,2024-06-30,-2460.5452748020543,1609610.0160218512,-226244.8919609459,,
WO[USDJPY Cuo 40Δ/H@15Δ  ∧  USDKRW Cuo 40Δ/H@15Δ]  2M,worst_of,monthly,2024-07-31,-130606.0782506082,1479003.937771243,-356850.9702115541,,
WO[USDJPY Cuo 40Δ/H@15Δ  ∧  USDKRW Cuo 40Δ/H@15Δ]  2M,worst_of,monthly,2024-08-31,-155138.35591002917,1323865.581861214,-511989.3261215831,,
WO[USDJPY Cuo 40Δ/H@15Δ  ∧  USDKRW Cuo 40Δ/H@15Δ]  2M,worst_of,monthly,2024-09-30,-148227.75715291416,1175637.8247082997,-660217.0832744974,,
WO[USDJPY Cuo 40Δ/H@15Δ  ∧  USDKRW Cuo 40Δ/H@15Δ]  2M,worst_of,monthly,2024-10-31,142844.82290595077,1318482.647614251,-517372.26036854624,,
WO[USDJPY Cuo 40Δ/H@15Δ  ∧  USDKRW Cuo 40Δ/H@15Δ]  2M,worst_of,monthly,2024-11-30,-136815.19655102913,1181667.4510632218,-654187.4569195753,,
WO[USDJPY Cuo 40Δ/H@15Δ  ∧  USDKRW Cuo 40Δ/H@15Δ]  2M,worst_of,monthly,2024-12-31,-164693.358909014,1016974.0921542082,-818880.8158285889,,
WO[USDJPY Cuo 40Δ/H@15Δ  ∧  USDKRW Cuo 40Δ/H@15Δ]  2M,worst_of,monthly,2025-01-31,-180495.90008505402,836478.1920691541,-999376.715913643,,
WO[USDJPY Cuo 40Δ/H@15Δ  ∧  USDKRW Cuo 40Δ/H@15Δ]  2M,worst_of,monthly,2025-02-28,-146462.26065584007,690015.9314133138,-1145838.9765694833,,
WO[USDJPY Cuo 40Δ/H@15Δ  ∧  USDKRW Cuo 40Δ/H@15Δ]  2M,worst_of,monthly,2025-03-31,-130090.63696071794,559925.2944525959,-1275929.6135302014,,
WO[USDJPY Cuo 40Δ/H@15Δ  ∧  USDKRW Cuo 40Δ/H@15Δ]  2M,worst_of,monthly,2025-04-30,-141794.83161581043,418130.4628367855,-1417724.4451460117,,
WO[USDJPY Cuo 40Δ/H@15Δ  ∧  USDKRW Cuo 40Δ/H@15Δ]  2M,worst_of,monthly,2025-05-31,-169533.73675515025,248596.72608163534,-1587258.1819011618,,
WO[USDJPY Cuo 40Δ/H@15Δ  ∧  USDKRW Cuo 40Δ/H@15Δ]  2M,worst_of,monthly,2025-06-30,-175405.01086943963,73191.71521219569,-1762663.1927706015,,
WO[USDJPY Cuo 40Δ/H@15Δ  ∧  USDKRW Cuo 40Δ/H@15Δ]  2M,worst_of,monthly,2025-07-31,-201586.3558712248,-128394.6406590291,-1964249.5486418263,,
WO[USDJPY Cuo 40Δ/H@15Δ  ∧  USDKRW Cuo 40Δ/H@15Δ]  2M,worst_of,monthly,2025-08-31,60994.976216557654,-67399.66444247146,-1903254.5724252686,,
WO[USDJPY Cuo 40Δ/H@15Δ  ∧  USDKRW Cuo 40Δ/H@15Δ]  2M,worst_of,monthly,2025-09-30,189781.3089372705,122381.64449479907,-1713473.2634879982,,
WO[USDJPY Cuo 40Δ/H@15Δ  ∧  USDKRW Cuo 40Δ/H@15Δ]  2M,worst_of,monthly,2025-10-31,163042.42404143463,285424.06853623374,-1550430.8394465633,,
WO[USDJPY Cuo 40Δ/H@15Δ  ∧  USDKRW Cuo 40Δ/H@15Δ]  2M,worst_of,monthly,2025-11-30,-144819.32563154143,140604.7429046923,-1695250.165078105,,
WO[USDJPY Cuo 40Δ/H@15Δ  ∧  USDKRW Cuo 40Δ/H@15Δ]  2M,worst_of,monthly,2025-12-31,-114631.45954936561,25973.283355326686,-1809881.6246274705,,
WO[USDJPY Cuo 40Δ/H@15Δ  ∧  USDKRW Cuo 40Δ/H@15Δ]  2M,worst_of,monthly,2026-01-31,-107297.55780556772,-81324.27445024104,-1917179.1824330383,,
WO[USDJPY Cuo 40Δ/H@15Δ  ∧  USDKRW Cuo 40Δ/H@15Δ]  2M,worst_of,monthly,2026-02-28,-151962.10454632982,-233286.3789965709,-2069141.286979368,,
WO[USDJPY Cuo 40Δ/H@15Δ  ∧  USDKRW Cuo 40Δ/H@15Δ]  2M,worst_of,monthly,2026-03-31,-45044.3838790506,-278330.7628756215,-2114185.6708584186,,
WO[USDJPY Cuo 40Δ/H@15Δ  ∧  USDKRW Cuo 40Δ/H@15Δ]  2M,worst_of,monthly,2026-04-30,-143547.75403915477,-421878.51691477635,-2257733.4248975734,,
WO[USDJPY Cuo 40Δ/H@15Δ  ∧  USDKRW Cuo 40Δ/H@15Δ]  2M,worst_of,monthly,2026-05-31,-51761.268294133784,-473639.7852089102,-2309494.693191707,,
WO[USDJPY Cuo 40Δ/H@15Δ  ∧  USDKRW Cuo 40Δ/H@15Δ]  2M,worst_of,annual,2023-12-31,1126727.9103371776,1126727.910337177,-321389.1806528759,,
WO[USDJPY Cuo 40Δ/H@15Δ  ∧  USDKRW Cuo 40Δ/H@15Δ]  2M,worst_of,annual,2024-12-31,-109753.81818296916,1016974.0921542082,-818880.8158285889,,
WO[USDJPY Cuo 40Δ/H@15Δ  ∧  USDKRW Cuo 40Δ/H@15Δ]  2M,worst_of,annual,2025-12-31,-991000.8087988814,25973.283355326686,-1809881.6246274705,,
WO[USDJPY Cuo 40Δ/H@15Δ  ∧  USDKRW Cuo 40Δ/H@15Δ]  2M,worst_of,annual,2026-12-31,-499613.06856423675,-473639.7852089102,-2309494.693191707,,
WO[USDJPY Cuo 40Δ/H@15Δ  ∧  USDKRW Cuo 40Δ/H@15Δ]  1M,worst_of,monthly,2023-02-28,-42040.00117357378,-42040.00117357377,-77936.56308683286,,
WO[USDJPY Cuo 40Δ/H@15Δ  ∧  USDKRW Cuo 40Δ/H@15Δ]  1M,worst_of,monthly,2023-03-31,-133768.3111220373,-175808.31229561107,-211704.87420887017,,
WO[USDJPY Cuo 40Δ/H@15Δ  ∧  USDKRW Cuo 40Δ/H@15Δ]  1M,worst_of,monthly,2023-04-30,327533.6830299316,151725.37073432055,0.0,,
WO[USDJPY Cuo 40Δ/H@15Δ  ∧  USDKRW Cuo 40Δ/H@15Δ]  1M,worst_of,monthly,2023-05-31,201441.06787465737,353166.43860897794,-61200.35546437203,,
WO[USDJPY Cuo 40Δ/H@15Δ  ∧  USDKRW Cuo 40Δ/H@15Δ]  1M,worst_of,monthly,2023-06-30,-128159.51337187737,225006.92523710057,-189359.8688362494,,
WO[USDJPY Cuo 40Δ/H@15Δ  ∧  USDKRW Cuo 40Δ/H@15Δ]  1M,worst_of,monthly,2023-07-31,-115107.0124167031,109899.9128203974,-304466.88125295256,,
WO[USDJPY Cuo 40Δ/H@15Δ  ∧  USDKRW Cuo 40Δ/H@15Δ]  1M,worst_of,monthly,2023-08-31,-123684.0809950172,-13784.168174619823,-428150.9622479698,,
WO[USDJPY Cuo 40Δ/H@15Δ  ∧  USDKRW Cuo 40Δ/H@15Δ]  1M,worst_of,monthly,2023-09-30,311692.52845468756,297908.3602800678,-116458.4337932822,,
WO[USDJPY Cuo 40Δ/H@15Δ  ∧  USDKRW Cuo 40Δ/H@15Δ]  1M,worst_of,monthly,2023-10-31,187532.1998610649,485440.5601411327,0.0,,
WO[USDJPY Cuo 40Δ/H@15Δ  ∧  USDKRW Cuo 40Δ/H@15Δ]  1M,worst_of,monthly,2023-11-30,-122906.3590106621,362534.20113047055,-122906.35901066213,,
WO[USDJPY Cuo 40Δ/H@15Δ  ∧  USDKRW Cuo 40Δ/H@15Δ]  1M,worst_of,monthly,2023-12-31,-123306.34455745199,239227.85657301862,-246212.70356811406,,
WO[USDJPY Cuo 40Δ/H@15Δ  ∧  USDKRW Cuo 40Δ/H@15Δ]  1M,worst_of,monthly,2024-01-31,-108049.94862974837,131177.90794327023,-354262.65219786245,,
WO[USDJPY Cuo 40Δ/H@15Δ  ∧  USDKRW Cuo 40Δ/H@15Δ]  1M,worst_of,monthly,2024-02-29,-64836.161820958834,66341.7461223114,-419098.8140188213,,
WO[USDJPY Cuo 40Δ/H@15Δ  ∧  USDKRW Cuo 40Δ/H@15Δ]  1M,worst_of,monthly,2024-03-31,85812.58556969729,152154.33169200868,-333286.228449124,,
WO[USDJPY Cuo 40Δ/H@15Δ  ∧  USDKRW Cuo 40Δ/H@15Δ]  1M,worst_of,monthly,2024-04-30,95689.15187302169,247843.4835650304,-237597.0765761023,,
WO[USDJPY Cuo 40Δ/H@15Δ  ∧  USDKRW Cuo 40Δ/H@15Δ]  1M,worst_of,monthly,2024-05-31,-118963.36788299412,128880.11568203627,-356560.4444590964,,
WO[USDJPY Cuo 40Δ/H@15Δ  ∧  USDKRW Cuo 40Δ/H@15Δ]  1M,worst_of,monthly,2024-06-30,713510.2551951562,842390.3708771924,0.0,,
WO[USDJPY Cuo 40Δ/H@15Δ  ∧  USDKRW Cuo 40Δ/H@15Δ]  1M,worst_of,monthly,2024-07-31,-116250.45256109128,726139.9183161011,-116250.45256109128,,
WO[USDJPY Cuo 40Δ/H@15Δ  ∧  USDKRW Cuo 40Δ/H@15Δ]  1M,worst_of,monthly,2024-08-31,-122134.66362347461,604005.2546926264,-238385.11618456594,,
WO[USDJPY Cuo 40Δ/H@15Δ  ∧  USDKRW Cuo 40Δ/H@15Δ]  1M,worst_of,monthly,2024-09-30,-119294.40225580471,484710.85243682173,-357679.5184403706,,
WO[USDJPY Cuo 40Δ/H@15Δ  ∧  USDKRW Cuo 40Δ/H@15Δ]  1M,worst_of,monthly,2024-10-31,-125626.3400631586,359084.5123736632,-483305.85850352916,,
WO[USDJPY Cuo 40Δ/H@15Δ  ∧  USDKRW Cuo 40Δ/H@15Δ]  1M,worst_of,monthly,2024-11-30,-68173.56750413479,290910.9448695284,-551479.426007664,,
WO[USDJPY Cuo 40Δ/H@15Δ  ∧  USDKRW Cuo 40Δ/H@15Δ]  1M,worst_of,monthly,2024-12-31,-132931.82680535264,157979.11806417574,-684411.2528130166,,
WO[USDJPY Cuo 40Δ/H@15Δ  ∧  USDKRW Cuo 40Δ/H@15Δ]  1M,worst_of,monthly,2025-01-31,-123325.82220841057,34653.29585576519,-807737.0750214271,,
WO[USDJPY Cuo 40Δ/H@15Δ  ∧  USDKRW Cuo 40Δ/H@15Δ]  1M,worst_of,monthly,2025-02-28,-110696.71019738245,-76043.41434161727,-918433.7852188096,,
WO[USDJPY Cuo 40Δ/H@15Δ  ∧  USDKRW Cuo 40Δ/H@15Δ]  1M,worst_of,monthly,2025-03-31,-104021.2158281875,-180064.63016980476,-1022455.0010469971,,
WO[USDJPY Cuo 40Δ/H@15Δ  ∧  USDKRW Cuo 40Δ/H@15Δ]  1M,worst_of,monthly,2025-04-30,-129625.94645411227,-309690.57662391703,-1152080.9475011094,,
WO[USDJPY Cuo 40Δ/H@15Δ  ∧  USDKRW Cuo 40Δ/H@15Δ]  1M,worst_of,monthly,2025-05-31,-145340.7395564901,-455031.31618040707,-1297421.6870575994,,
WO[USDJPY Cuo 40Δ/H@15Δ  ∧  USDKRW Cuo 40Δ/H@15Δ]  1M,worst_of,monthly,2025-06-30,-150097.7445624219,-605129.060742829,-1447519.4316200214,,
WO[USDJPY Cuo 40Δ/H@15Δ  ∧  USDKRW Cuo 40Δ/H@15Δ]  1M,worst_of,monthly,2025-07-31,77039.00858617776,-528090.0521566512,-1370480.4230338435,,
WO[USDJPY Cuo 40Δ/H@15Δ  ∧  USDKRW Cuo 40Δ/H@15Δ]  1M,worst_of,monthly,2025-08-31,-107384.91561735889,-635474.96777401,-1477865.3386512024,,
WO[USDJPY Cuo 40Δ/H@15Δ  ∧  USDKRW Cuo 40Δ/H@15Δ]  1M,worst_of,monthly,2025-09-30,308458.1245298874,-327016.84324412246,-1169407.2141213147,,
WO[USDJPY Cuo 40Δ/H@15Δ  ∧  USDKRW Cuo 40Δ/H@15Δ]  1M,worst_of,monthly,2025-10-31,-97962.24783084617,-424979.09107496863,-1267369.461952161,,
WO[USDJPY Cuo 40Δ/H@15Δ  ∧  USDKRW Cuo 40Δ/H@15Δ]  1M,worst_of,monthly,2025-11-30,-85723.7656333712,-510702.8567083398,-1353093.2275855322,,
WO[USDJPY Cuo 40Δ/H@15Δ  ∧  USDKRW Cuo 40Δ/H@15Δ]  1M,worst_of,monthly,2025-12-31,-130485.3883184738,-641188.2450268135,-1483578.6159040057,,
WO[USDJPY Cuo 40Δ/H@15Δ  ∧  USDKRW Cuo 40Δ/H@15Δ]  1M,worst_of,monthly,2026-01-31,-124466.39020602712,-765654.6352328404,-1608045.0061100328,,
WO[USDJPY Cuo 40Δ/H@15Δ  ∧  USDKRW Cuo 40Δ/H@15Δ]  1M,worst_of,monthly,2026-02-28,-130583.48214514763,-896238.1173779881,-1738628.4882551804,,
WO[USDJPY Cuo 40Δ/H@15Δ  ∧  USDKRW Cuo 40Δ/H@15Δ]  1M,worst_of,monthly,2026-03-31,-99318.31843104026,-995556.4358090285,-1837946.8066862207,,
WO[USDJPY Cuo 40Δ/H@15Δ  ∧  USDKRW Cuo 40Δ/H@15Δ]  1M,worst_of,monthly,2026-04-30,-93754.46089635686,-1089310.8967053853,-1931701.2675825777,,
WO[USDJPY Cuo 40Δ/H@15Δ  ∧  USDKRW Cuo 40Δ/H@15Δ]  1M,worst_of,monthly,2026-05-31,-34888.59288258083,-1124199.4895879664,-1966589.8604651587,,
WO[USDJPY Cuo 40Δ/H@15Δ  ∧  USDKRW Cuo 40Δ/H@15Δ]  1M,worst_of,annual,2023-12-31,239227.8565730186,239227.85657301862,-246212.70356811406,,
WO[USDJPY Cuo 40Δ/H@15Δ  ∧  USDKRW Cuo 40Δ/H@15Δ]  1M,worst_of,annual,2024-12-31,-81248.73850884275,157979.11806417574,-684411.2528130166,,
WO[USDJPY Cuo 40Δ/H@15Δ  ∧  USDKRW Cuo 40Δ/H@15Δ]  1M,worst_of,annual,2025-12-31,-799167.3630909896,-641188.2450268135,-1483578.6159040057,,
WO[USDJPY Cuo 40Δ/H@15Δ  ∧  USDKRW Cuo 40Δ/H@15Δ]  1M,worst_of,annual,2026-12-31,-483011.2445611527,-1124199.4895879664,-1966589.8604651587,,
WO[USDJPY Cuo 40Δ/H@15Δ  ∧  USDKRW Cuo 40Δ/H@15Δ]  6W,worst_of,monthly,2023-02-28,-18526.762327884804,-18526.762327884804,-57888.42006165772,,
WO[USDJPY Cuo 40Δ/H@15Δ  ∧  USDKRW Cuo 40Δ/H@15Δ]  6W,worst_of,monthly,2023-03-31,-162346.9775521708,-180873.73988005565,-220235.39761382857,,
WO[USDJPY Cuo 40Δ/H@15Δ  ∧  USDKRW Cuo 40Δ/H@15Δ]  6W,worst_of,monthly,2023-04-30,29406.64143014219,-151467.0984499135,-190828.7561836864,,
WO[USDJPY Cuo 40Δ/H@15Δ  ∧  USDKRW Cuo 40Δ/H@15Δ]  6W,worst_of,monthly,2023-05-31,243777.15181396602,92310.05336405254,-99310.20324888047,,
WO[USDJPY Cuo 40Δ/H@15Δ  ∧  USDKRW Cuo 40Δ/H@15Δ]  6W,worst_of,monthly,2023-06-30,-146064.32493037198,-53754.27156631944,-245374.52817925246,,
WO[USDJPY Cuo 40Δ/H@15Δ  ∧  USDKRW Cuo 40Δ/H@15Δ]  6W,worst_of,monthly,2023-07-31,-130034.5718852987,-183788.84345161813,-375409.1000645511,,
WO[USDJPY Cuo 40Δ/H@15Δ  ∧  USDKRW Cuo 40Δ/H@15Δ]  6W,worst_of,monthly,2023-08-31,-82884.28576736269,-266673.1292189809,-458293.3858319139,,
WO[USDJPY Cuo 40Δ/H@15Δ  ∧  USDKRW Cuo 40Δ/H@15Δ]  6W,worst_of,monthly,2023-09-30,27755.78787347493,-238917.34134550593,-430537.5979584389,,
WO[USDJPY Cuo 40Δ/H@15Δ  ∧  USDKRW Cuo 40Δ/H@15Δ]  6W,worst_of,monthly,2023-10-31,980855.8403344915,741938.4989889855,-13450.659160359646,,
WO[USDJPY Cuo 40Δ/H@15Δ  ∧  USDKRW Cuo 40Δ/H@15Δ]  6W,worst_of,monthly,2023-11-30,33134.00087432406,775072.4998633096,-108818.4686423575,,
WO[USDJPY Cuo 40Δ/H@15Δ  ∧  USDKRW Cuo 40Δ/H@15Δ]  6W,worst_of,monthly,2023-12-31,-140646.70518087404,634425.7946824353,-249465.17382323171,,
WO[USDJPY Cuo 40Δ/H@15Δ  ∧  USDKRW Cuo 40Δ/H@15Δ]  6W,worst_of,monthly,2024-01-31,276468.38209199416,910894.1767744293,-42192.26448561635,,
WO[USDJPY Cuo 40Δ/H@15Δ  ∧  USDKRW Cuo 40Δ/H@15Δ]  6W,worst_of,monthly,2024-02-29,-127337.69206358795,783556.4847108413,-169529.9565492043,,
WO[USDJPY Cuo 40Δ/H@15Δ  ∧  USDKRW Cuo 40Δ/H@15Δ]  6W,worst_of,monthly,2024-03-31,89222.31272580705,872778.797436648,-80307.64382339758,,
WO[USDJPY Cuo 40Δ/H@15Δ  ∧  USDKRW Cuo 40Δ/H@15Δ]  6W,worst_of,monthly,2024-04-30,429365.38758702966,1302144.185023678,-77362.10140531627,,
WO[USDJPY Cuo 40Δ/H@15Δ  ∧  USDKRW Cuo 40Δ/H@15Δ]  6W,worst_of,monthly,2024-05-31,-134640.9840965235,1167503.2009271549,-212003.0855018394,,
WO[USDJPY Cuo 40Δ/H@15Δ  ∧  USDKRW Cuo 40Δ/H@15Δ]  6W,worst_of,monthly,2024-06-30,308676.3895331246,1476179.5904602797,-12899.892365252366,,
WO[USDJPY Cuo 40Δ/H@15Δ  ∧  USDKRW Cuo 40Δ/H@15Δ]  6W,worst_of,monthly,2024-07-31,-137800.9470238681,1338378.6434364116,-150700.83938912046,,
WO[USDJPY Cuo 40Δ/H@15Δ  ∧  USDKRW Cuo 40Δ/H@15Δ]  6W,worst_of,monthly,2024-08-31,-129378.18688020483,1209000.4565562066,-280079.0262693255,,
WO[USDJPY Cuo 40Δ/H@15Δ  ∧  USDKRW Cuo 40Δ/H@15Δ]  6W,worst_of,monthly,2024-09-30,-124129.28143648716,1084871.17511972,-404208.30770581216,,
WO[USDJPY Cuo 40Δ/H@15Δ  ∧  USDKRW Cuo 40Δ/H@15Δ]  6W,worst_of,monthly,2024-10-31,431040.4956835133,1515911.6708032337,-62626.989212839166,,
WO[USDJPY Cuo 40Δ/H@15Δ  ∧  USDKRW Cuo 40Δ/H@15Δ]  6W,worst_of,monthly,2024-11-30,-132486.78550340902,1383424.8852998244,-195113.7747162485,,
WO[USDJPY Cuo 40Δ/H@15Δ  ∧  USDKRW Cuo 40Δ/H@15Δ]  6W,worst_of,monthly,2024-12-31,-165540.1511049078,1217884.7341949171,-360653.9258211558,,
WO[USDJPY Cuo 40Δ/H@15Δ  ∧  USDKRW Cuo 40Δ/H@15Δ]  6W,worst_of,monthly,2025-01-31,-150862.17467201318,1067022.5595229033,-511516.1004931696,,
WO[USDJPY Cuo 40Δ/H@15Δ  ∧  USDKRW Cuo 40Δ/H@15Δ]  6W,worst_of,monthly,2025-02-28,-114004.72475013403,953017.8347727694,-625520.8252433036,,
WO[USDJPY Cuo 40Δ/H@15Δ  ∧  USDKRW Cuo 40Δ/H@15Δ]  6W,worst_of,monthly,2025-03-31,-114931.13050249437,838086.704270275,-740451.955745798,,
WO[USDJPY Cuo 40Δ/H@15Δ  ∧  USDKRW Cuo 40Δ/H@15Δ]  6W,worst_of,monthly,2025-04-30,-136435.3860287366,701651.3182415384,-876887.3417745346,,
WO[USDJPY Cuo 40Δ/H@15Δ  ∧  USDKRW Cuo 40Δ/H@15Δ]  6W,worst_of,monthly,2025-05-31,-151807.14244073868,549844.1758007997,-1028694.4842152732,,
WO[USDJPY Cuo 40Δ/H@15Δ  ∧  USDKRW Cuo 40Δ/H@15Δ]  6W,worst_of,monthly,2025-06-30,-152093.53852269967,397750.6372781001,-1180788.022737973,,
WO[USDJPY Cuo 40Δ/H@15Δ  ∧  USDKRW Cuo 40Δ/H@15Δ]  6W,worst_of,monthly,2025-07-31,215200.1904768238,612950.827754924,-965587.832261149,,
WO[USDJPY Cuo 40Δ/H@15Δ  ∧  USDKRW Cuo 40Δ/H@15Δ]  6W,worst_of,monthly,2025-08-31,-113780.01313215072,499170.8146227733,-1079367.8453932996,,
WO[USDJPY Cuo 40Δ/H@15Δ  ∧  USDKRW Cuo 40Δ/H@15Δ]  6W,worst_of,monthly,2025-09-30,146775.78766724071,645946.6022900138,-932592.0577260591,,
WO[USDJPY Cuo 40Δ/H@15Δ  ∧  USDKRW Cuo 40Δ/H@15Δ]  6W,worst_of,monthly,2025-10-31,-88248.2398134558,557698.3624765583,-1020840.2975395146,,
WO[USDJPY Cuo 40Δ/H@15Δ  ∧  USDKRW Cuo 40Δ/H@15Δ]  6W,worst_of,monthly,2025-11-30,-92765.46745433622,464932.895022222,-1113605.7649938508,,
WO[USDJPY Cuo 40Δ/H@15Δ  ∧  USDKRW Cuo 40Δ/H@15Δ]  6W,worst_of,monthly,2025-12-31,37154.47979270895,502087.374814931,-1076451.2852011418,,
WO[USDJPY Cuo 40Δ/H@15Δ  ∧  USDKRW Cuo 40Δ/H@15Δ]  6W,worst_of,monthly,2026-01-31,-143630.40288730199,358456.971927629,-1220081.6880884438,,
WO[USDJPY Cuo 40Δ/H@15Δ  ∧  USDKRW Cuo 40Δ/H@15Δ]  6W,worst_of,monthly,2026-02-28,-97814.06784004062,260642.90408758848,-1317895.7559284845,,
WO[USDJPY Cuo 40Δ/H@15Δ  ∧  USDKRW Cuo 40Δ/H@15Δ]  6W,worst_of,monthly,2026-03-31,7479.401087312252,268122.3051749008,-1310416.3548411722,,
WO[USDJPY Cuo 40Δ/H@15Δ  ∧  USDKRW Cuo 40Δ/H@15Δ]  6W,worst_of,monthly,2026-04-30,-149197.41795235802,118924.88722254282,-1459613.77279353,,
WO[USDJPY Cuo 40Δ/H@15Δ  ∧  USDKRW Cuo 40Δ/H@15Δ]  6W,worst_of,monthly,2026-05-31,-45348.47561925834,73576.41160328449,-1504962.2484127884,,
WO[USDJPY Cuo 40Δ/H@15Δ  ∧  USDKRW Cuo 40Δ/H@15Δ]  6W,worst_of,annual,2023-12-31,634425.7946824356,634425.7946824353,-249465.17382323171,,
WO[USDJPY Cuo 40Δ/H@15Δ  ∧  USDKRW Cuo 40Δ/H@15Δ]  6W,worst_of,annual,2024-12-31,583458.9395124804,1217884.7341949171,-360653.9258211558,,
WO[USDJPY Cuo 40Δ/H@15Δ  ∧  USDKRW Cuo 40Δ/H@15Δ]  6W,worst_of,annual,2025-12-31,-715797.3593799858,502087.374814931,-1076451.2852011418,,
WO[USDJPY Cuo 40Δ/H@15Δ  ∧  USDKRW Cuo 40Δ/H@15Δ]  6W,worst_of,annual,2026-12-31,-428510.9632116467,73576.41160328449,-1504962.2484127884,,
WO[USDJPY Cuo 40Δ/H@15Δ  ∧  USDKRW Cuo 40Δ/H@15Δ]  10W,worst_of,monthly,2023-03-31,118012.74999336946,118012.74999336954,-126603.95200483184,,
WO[USDJPY Cuo 40Δ/H@15Δ  ∧  USDKRW Cuo 40Δ/H@15Δ]  10W,worst_of,monthly,2023-04-30,18885.862167282758,136898.6121606523,-107718.08983754908,,
WO[USDJPY Cuo 40Δ/H@15Δ  ∧  USDKRW Cuo 40Δ/H@15Δ]  10W,worst_of,monthly,2023-05-31,56998.5620538626,193897.17421451493,-179877.54762086706,,
WO[USDJPY Cuo 40Δ/H@15Δ  ∧  USDKRW Cuo 40Δ/H@15Δ]  10W,worst_of,monthly,2023-06-30,-204914.675248375,-11017.501033860075,-384792.2228692421,,
WO[USDJPY Cuo 40Δ/H@15Δ  ∧  USDKRW Cuo 40Δ/H@15Δ]  10W,worst_of,monthly,2023-07-31,-166090.79405418594,-177108.29508804606,-550883.016923428,,
WO[USDJPY Cuo 40Δ/H@15Δ  ∧  USDKRW Cuo 40Δ/H@15Δ]  10W,worst_of,monthly,2023-08-31,-103683.5833467235,-280791.8784347696,-654566.6002701516,,
WO[USDJPY Cuo 40Δ/H@15Δ  ∧  USDKRW Cuo 40Δ/H@15Δ]  10W,worst_of,monthly,2023-09-30,778954.2830621353,498162.40462736564,-91123.96652972477,,
WO[USDJPY Cuo 40Δ/H@15Δ  ∧  USDKRW Cuo 40Δ/H@15Δ]  10W,worst_of,monthly,2023-10-31,-19626.860899852683,478535.54372751276,-110750.82742957765,,
WO[USDJPY Cuo 40Δ/H@15Δ  ∧  USDKRW Cuo 40Δ/H@15Δ]  10W,worst_of,monthly,2023-11-30,-182879.84436896793,295655.69935854484,-293630.6717985456,,
WO[USDJPY Cuo 40Δ/H@15Δ  ∧  USDKRW Cuo 40Δ/H@15Δ]  10W,worst_of,monthly,2023-12-31,-131130.10099065627,164525.59836788863,-424760.7727892018,,
WO[USDJPY Cuo 40Δ/H@15Δ  ∧  USDKRW Cuo 40Δ/H@15Δ]  10W,worst_of,monthly,2024-01-31,-188319.7125641948,-23794.11419630621,-613080.4853533966,,
WO[USDJPY Cuo 40Δ/H@15Δ  ∧  USDKRW Cuo 40Δ/H@15Δ]  10W,worst_of,monthly,2024-02-29,361760.24996317795,337966.1357668717,-251320.23539021873,,
WO[USDJPY Cuo 40Δ/H@15Δ  ∧  USDKRW Cuo 40Δ/H@15Δ]  10W,worst_of,monthly,2024-03-31,-150748.16329474596,187217.97247212575,-402068.39868496463,,
WO[USDJPY Cuo 40Δ/H@15Δ  ∧  USDKRW Cuo 40Δ/H@15Δ]  10W,worst_of,monthly,2024-04-30,187043.2094293912,374261.181901517,-215025.18925557344,,
WO[USDJPY Cuo 40Δ/H@15Δ  ∧  USDKRW Cuo 40Δ/H@15Δ]  10W,worst_of,monthly,2024-05-31,-155823.6409853336,218437.54091618332,-370848.8302409071,,
WO[USDJPY Cuo 40Δ/H@15Δ  ∧  USDKRW Cuo 40Δ/H@15Δ]  10W,worst_of,monthly,2024-06-30,-138044.06054139233,80393.48037479103,-508892.8907822994,,
WO[USDJPY Cuo 40Δ/H@15Δ  ∧  USDKRW Cuo 40Δ/H@15Δ]  10W,worst_of,monthly,2024-07-31,-152158.64314233937,-71765.16276754832,-661051.5339246388,,
WO[USDJPY Cuo 40Δ/H@15Δ  ∧  USDKRW Cuo 40Δ/H@15Δ]  10W,worst_of,monthly,2024-08-31,-156986.91201490656,-228752.07478245482,-818038.4459395453,,
WO[USDJPY Cuo 40Δ/H@15Δ  ∧  USDKRW Cuo 40Δ/H@15Δ]  10W,worst_of,monthly,2024-09-30,-148859.92316848462,-377611.9979509394,-966898.3691080299,,
WO[USDJPY Cuo 40Δ/H@15Δ  ∧  USDKRW Cuo 40Δ/H@15Δ]  10W,worst_of,monthly,2024-10-31,180161.67096134456,-197450.3269895948,-786736.6981466853,,
WO[USDJPY Cuo 40Δ/H@15Δ  ∧  USDKRW Cuo 40Δ/H@15Δ]  10W,worst_of,monthly,2024-11-30,-150085.4396534805,-347535.7666430753,-936822.1378001657,,
WO[USDJPY Cuo 40Δ/H@15Δ  ∧  USDKRW Cuo 40Δ/H@15Δ]  10W,worst_of,monthly,2024-12-31,-166059.52539710514,-513595.29204018036,-1102881.6631972708,,
WO[USDJPY Cuo 40Δ/H@15Δ  ∧  USDKRW Cuo 40Δ/H@15Δ]  10W,worst_of,monthly,2025-01-31,-198711.33584338694,-712306.627883567,-1301592.9990406574,,
WO[USDJPY Cuo 40Δ/H@15Δ  ∧  USDKRW Cuo 40Δ/H@15Δ]  10W,worst_of,monthly,2025-02-28,-161821.2041610232,-874127.8320445903,-1463414.2032016807,,
WO[USDJPY Cuo 40Δ/H@15Δ  ∧  USDKRW Cuo 40Δ/H@15Δ]  10W,worst_of,monthly,2025-03-31,-145885.6195657918,-1020013.4516103822,-1609299.8227674726,,
WO[USDJPY Cuo 40Δ/H@15Δ  ∧  USDKRW Cuo 40Δ/H@15Δ]  10W,worst_of,monthly,2025-04-30,-144625.470355008,-1164638.9219653902,-1753925.2931224806,,
WO[USDJPY Cuo 40Δ/H@15Δ  ∧  USDKRW Cuo 40Δ/H@15Δ]  10W,worst_of,monthly,2025-05-31,-162688.4157986382,-1327327.3377640282,-1916613.7089211186,,
WO[USDJPY Cuo 40Δ/H@15Δ  ∧  USDKRW Cuo 40Δ/H@15Δ]  10W,worst_of,monthly,2025-06-30,-174534.2757075775,-1501861.613471606,-2091147.9846286965,,
WO[USDJPY Cuo 40Δ/H@15Δ  ∧  USDKRW Cuo 40Δ/H@15Δ]  10W,worst_of,monthly,2025-07-31,-174471.77587204074,-1676333.389343647,-2265619.7605007375,,
WO[USDJPY Cuo 40Δ/H@15Δ  ∧  USDKRW Cuo 40Δ/H@15Δ]  10W,worst_of,monthly,2025-08-31,191972.09168691945,-1484361.2976567275,-2073647.668813818,,
WO[USDJPY Cuo 40Δ/H@15Δ  ∧  USDKRW Cuo 40Δ/H@15Δ]  10W,worst_of,monthly,2025-09-30,73129.86823218185,-1411231.429424546,-2000517.8005816364,,
WO[USDJPY Cuo 40Δ/H@15Δ  ∧  USDKRW Cuo 40Δ/H@15Δ]  10W,worst_of,monthly,2025-10-31,1186862.170283824,-224369.2591407221,-813655.6302978125,,
WO[USDJPY Cuo 40Δ/H@15Δ  ∧  USDKRW Cuo 40Δ/H@15Δ]  10W,worst_of,monthly,2025-11-30,-156005.44718314457,-380374.7063238667,-969661.0774809571,,
WO[USDJPY Cuo 40Δ/H@15Δ  ∧  USDKRW Cuo 40Δ/H@15Δ]  10W,worst_of,monthly,2025-12-31,-134295.45262182056,-514670.1589456872,-1103956.5301027775,,
WO[USDJPY Cuo 40Δ/H@15Δ  ∧  USDKRW Cuo 40Δ/H@15Δ]  10W,worst_of,monthly,2026-01-31,-157584.08971587944,-672254.2486615666,-1261540.6198186572,,
WO[USDJPY Cuo 40Δ/H@15Δ  ∧  USDKRW Cuo 40Δ/H@15Δ]  10W,worst_of,monthly,2026-02-28,-157984.86721868117,-830239.115880248,-1419525.4870373383,,
WO[USDJPY Cuo 40Δ/H@15Δ  ∧  USDKRW Cuo 40Δ/H@15Δ]  10W,worst_of,monthly,2026-03-31,85563.22620962633,-744675.889670622,-1333962.2608277122,,
WO[USDJPY Cuo 40Δ/H@15Δ  ∧  USDKRW Cuo 40Δ/H@15Δ]  10W,worst_of,monthly,2026-04-30,-162246.92368410688,-906922.8133547289,-1496209.1845118194,,
WO[USDJPY Cuo 40Δ/H@15Δ  ∧  USDKRW Cuo 40Δ/H@15Δ]  10W,worst_of,monthly,2026-05-31,-50502.14235341846,-957424.9557081473,-1546711.3268652377,,
WO[USDJPY Cuo 40Δ/H@15Δ  ∧  USDKRW Cuo 40Δ/H@15Δ]  10W,worst_of,annual,2023-12-31,164525.5983678888,164525.59836788863,-424760.7727892018,,
WO[USDJPY Cuo 40Δ/H@15Δ  ∧  USDKRW Cuo 40Δ/H@15Δ]  10W,worst_of,annual,2024-12-31,-678120.8904080691,-513595.29204018036,-1102881.6631972708,,
WO[USDJPY Cuo 40Δ/H@15Δ  ∧  USDKRW Cuo 40Δ/H@15Δ]  10W,worst_of,annual,2025-12-31,-1074.8669055062937,-514670.1589456872,-1103956.5301027775,,
WO[USDJPY Cuo 40Δ/H@15Δ  ∧  USDKRW Cuo 40Δ/H@15Δ]  10W,worst_of,annual,2026-12-31,-442754.7967624596,-957424.9557081473,-1546711.3268652377,,
WO[USDJPY Cuo 40Δ/H@15Δ  ∧  USDKRW Cuo 40Δ/H@15Δ]  3M,worst_of,monthly,2023-03-31,73274.04248581706,73274.04248581706,0.0,,
WO[USDJPY Cuo 40Δ/H@15Δ  ∧  USDKRW Cuo 40Δ/H@15Δ]  3M,worst_of,monthly,2023-04-30,-155514.2453770714,-82240.20289125436,-189038.29641541984,,
WO[USDJPY Cuo 40Δ/H@15Δ  ∧  USDKRW Cuo 40Δ/H@15Δ]  3M,worst_of,monthly,2023-05-31,914923.6237673234,832683.4208760692,-20559.976178517332,,
WO[USDJPY Cuo 40Δ/H@15Δ  ∧  USDKRW Cuo 40Δ/H@15Δ]  3M,worst_of,monthly,2023-06-30,-232433.9247250515,600249.4961510177,-252993.90090356884,,
WO[USDJPY Cuo 40Δ/H@15Δ  ∧  USDKRW Cuo 40Δ/H@15Δ]  3M,worst_of,monthly,2023-07-31,-200937.30827837077,399312.1878726469,-453931.20918193966,,
WO[USDJPY Cuo 40Δ/H@15Δ  ∧  USDKRW Cuo 40Δ/H@15Δ]  3M,worst_of,monthly,2023-08-31,-190699.37855696163,208612.80931568527,-644630.5877389013,,
WO[USDJPY Cuo 40Δ/H@15Δ  ∧  USDKRW Cuo 40Δ/H@15Δ]  3M,worst_of,monthly,2023-09-30,1196588.4205179983,1405201.2298336837,0.0,,
WO[USDJPY Cuo 40Δ/H@15Δ  ∧  USDKRW Cuo 40Δ/H@15Δ]  3M,worst_of,monthly,2023-10-31,192231.0917153064,1597432.3215489902,-183322.11396020465,,
WO[USDJPY Cuo 40Δ/H@15Δ  ∧  USDKRW Cuo 40Δ/H@15Δ]  3M,worst_of,monthly,2023-11-30,-205323.3775984976,1392108.9439504924,-388645.49155870243,,
WO[USDJPY Cuo 40Δ/H@15Δ  ∧  USDKRW Cuo 40Δ/H@15Δ]  3M,worst_of,monthly,2023-12-31,-171887.54133432588,1220221.4026161667,-560533.0328930281,,
WO[USDJPY Cuo 40Δ/H@15Δ  ∧  USDKRW Cuo 40Δ/H@15Δ]  3M,worst_of,monthly,2024-01-31,-173709.9335431219,1046511.4690730452,-734242.9664361497,,
WO[USDJPY Cuo 40Δ/H@15Δ  ∧  USDKRW Cuo 40Δ/H@15Δ]  3M,worst_of,monthly,2024-02-29,640672.2831869518,1687183.7522599972,-93570.68324919767,,
WO[USDJPY Cuo 40Δ/H@15Δ  ∧  USDKRW Cuo 40Δ/H@15Δ]  3M,worst_of,monthly,2024-03-31,257640.50541070715,1944824.257670704,-138917.3908289345,,
WO[USDJPY Cuo 40Δ/H@15Δ  ∧  USDKRW Cuo 40Δ/H@15Δ]  3M,worst_of,monthly,2024-04-30,-199516.8410493761,1745307.4166213279,-338434.2318783107,,
WO[USDJPY Cuo 40Δ/H@15Δ  ∧  USDKRW Cuo 40Δ/H@15Δ]  3M,worst_of,monthly,2024-05-31,-159496.48239132212,1585810.9342300058,-497930.7142696327,,
WO[USDJPY Cuo 40Δ/H@15Δ  ∧  USDKRW Cuo 40Δ/H@15Δ]  3M,worst_of,monthly,2024-06-30,-155629.5631989415,1430181.3710310645,-653560.277468574,,
WO[USDJPY Cuo 40Δ/H@15Δ  ∧  USDKRW Cuo 40Δ/H@15Δ]  3M,worst_of,monthly,2024-07-31,-170861.37491555,1259319.9961155148,-824421.6523841238,,
WO[USDJPY Cuo 40Δ/H@15Δ  ∧  USDKRW Cuo 40Δ/H@15Δ]  3M,worst_of,monthly,2024-08-31,-159712.02229273372,1099607.9738227807,-984133.6746768579,,
WO[USDJPY Cuo 40Δ/H@15Δ  ∧  USDKRW Cuo 40Δ/H@15Δ]  3M,worst_of,monthly,2024-09-30,-164518.9238123603,935089.0500104207,-1148652.598489218,,
WO[USDJPY Cuo 40Δ/H@15Δ  ∧  USDKRW Cuo 40Δ/H@15Δ]  3M,worst_of,monthly,2024-10-31,-180468.16920836308,754620.8808020576,-1329120.767697581,,
WO[USDJPY Cuo 40Δ/H@15Δ  ∧  USDKRW Cuo 40Δ/H@15Δ]  3M,worst_of,monthly,2024-11-30,89512.5399442396,844133.4207462971,-1239608.2277533414,,
WO[USDJPY Cuo 40Δ/H@15Δ  ∧  USDKRW Cuo 40Δ/H@15Δ]  3M,worst_of,monthly,2024-12-31,-166133.78535165405,677999.6353946433,-1405742.0131049952,,
WO[USDJPY Cuo 40Δ/H@15Δ  ∧  USDKRW Cuo 40Δ/H@15Δ]  3M,worst_of,monthly,2025-01-31,-197095.4229602189,480904.21243442467,-1602837.4360652138,,
WO[USDJPY Cuo 40Δ/H@15Δ  ∧  USDKRW Cuo 40Δ/H@15Δ]  3M,worst_of,monthly,2025-02-28,-200436.46405725888,280467.7483771657,-1803273.9001224728,,
WO[USDJPY Cuo 40Δ/H@15Δ  ∧  USDKRW Cuo 40Δ/H@15Δ]  3M,worst_of,monthly,2025-03-31,-170227.35263950226,110240.39573766346,-1973501.2527619752,,
WO[USDJPY Cuo 40Δ/H@15Δ  ∧  USDKRW Cuo 40Δ/H@15Δ]  3M,worst_of,monthly,2025-04-30,-152129.3910811976,-41888.9953435341,-2125630.6438431726,,
WO[USDJPY Cuo 40Δ/H@15Δ  ∧  USDKRW Cuo 40Δ/H@15Δ]  3M,worst_of,monthly,2025-05-31,-172611.985190194,-214500.98053372814,-2298242.6290333667,,
WO[USDJPY Cuo 40Δ/H@15Δ  ∧  USDKRW Cuo 40Δ/H@15Δ]  3M,worst_of,monthly,2025-06-30,-180243.35920050915,-394744.3397342373,-2478485.988233876,,
WO[USDJPY Cuo 40Δ/H@15Δ  ∧  USDKRW Cuo 40Δ/H@15Δ]  3M,worst_of,monthly,2025-07-31,-211326.2539923006,-606070.5937265378,-2689812.2422261764,,
WO[USDJPY Cuo 40Δ/H@15Δ  ∧  USDKRW Cuo 40Δ/H@15Δ]  3M,worst_of,monthly,2025-08-31,-78544.15508156488,-684614.7488081024,-2768356.397307741,,
WO[USDJPY Cuo 40Δ/H@15Δ  ∧  USDKRW Cuo 40Δ/H@15Δ]  3M,worst_of,monthly,2025-09-30,1218644.986204419,534030.2373963168,-1549711.4111033217,,
WO[USDJPY Cuo 40Δ/H@15Δ  ∧  USDKRW Cuo 40Δ/H@15Δ]  3M,worst_of,monthly,2025-10-31,2585694.7921701726,3119725.0295664887,0.0,,
WO[USDJPY Cuo 40Δ/H@15Δ  ∧  USDKRW Cuo 40Δ/H@15Δ]  3M,worst_of,monthly,2025-11-30,-179976.48340943834,2939748.5461570504,-179976.48340943828,,
WO[USDJPY Cuo 40Δ/H@15Δ  ∧  USDKRW Cuo 40Δ/H@15Δ]  3M,worst_of,monthly,2025-12-31,-186174.12257521457,2753574.4235818353,-366150.60598465335,,
WO[USDJPY Cuo 40Δ/H@15Δ  ∧  USDKRW Cuo 40Δ/H@15Δ]  3M,worst_of,monthly,2026-01-31,-142071.75248023772,2611502.671101597,-508222.35846489156,,
WO[USDJPY Cuo 40Δ/H@15Δ  ∧  USDKRW Cuo 40Δ/H@15Δ]  3M,worst_of,monthly,2026-02-28,64882.72988122852,2676385.4009828265,-443339.6285836622,,
WO[USDJPY Cuo 40Δ/H@15Δ  ∧  USDKRW Cuo 40Δ/H@15Δ]  3M,worst_of,monthly,2026-03-31,307275.28824752197,2983660.6892303494,-136064.3403361393,,
WO[USDJPY Cuo 40Δ/H@15Δ  ∧  USDKRW Cuo 40Δ/H@15Δ]  3M,worst_of,monthly,2026-04-30,-197995.1520602738,2785665.5371700763,-334059.4923964124,,
WO[USDJPY Cuo 40Δ/H@15Δ  ∧  USDKRW Cuo 40Δ/H@15Δ]  3M,worst_of,monthly,2026-05-31,-54844.175075042986,2730821.3620950333,-388903.6674714554,,
WO[USDJPY Cuo 40Δ/H@15Δ  ∧  USDKRW Cuo 40Δ/H@15Δ]  3M,worst_of,annual,2023-12-31,1220221.4026161663,1220221.4026161667,-560533.0328930281,,
WO[USDJPY Cuo 40Δ/H@15Δ  ∧  USDKRW Cuo 40Δ/H@15Δ]  3M,worst_of,annual,2024-12-31,-542221.7672215241,677999.6353946433,-1405742.0131049952,,
WO[USDJPY Cuo 40Δ/H@15Δ  ∧  USDKRW Cuo 40Δ/H@15Δ]  3M,worst_of,annual,2025-12-31,2075574.7881871925,2753574.4235818353,-366150.60598465335,,
WO[USDJPY Cuo 40Δ/H@15Δ  ∧  USDKRW Cuo 40Δ/H@15Δ]  3M,worst_of,annual,2026-12-31,-22753.061486804007,2730821.3620950333,-388903.6674714554,,
WO[USDJPY Cuo 40Δ/H@10Δ  ∧  USDKRW Cuo 40Δ/H@10Δ]  2M,worst_of,monthly,2023-03-31,813277.1416585838,813277.1416585839,-210431.81413976126,,
WO[USDJPY Cuo 40Δ/H@10Δ  ∧  USDKRW Cuo 40Δ/H@10Δ]  2M,worst_of,monthly,2023-04-30,-165166.49007188412,648110.6515866998,-375598.3042116454,,
WO[USDJPY Cuo 40Δ/H@10Δ  ∧  USDKRW Cuo 40Δ/H@10Δ]  2M,worst_of,monthly,2023-05-31,163487.76005530776,811598.4116420076,-212110.5441563375,,
WO[USDJPY Cuo 40Δ/H@10Δ  ∧  USDKRW Cuo 40Δ/H@10Δ]  2M,worst_of,monthly,2023-06-30,-293383.3662474036,518215.04539460404,-505493.9104037411,,
WO[USDJPY Cuo 40Δ/H@10Δ  ∧  USDKRW Cuo 40Δ/H@10Δ]  2M,worst_of,monthly,2023-07-31,-227364.58077751342,290850.4646170906,-732858.4911812546,,
WO[USDJPY Cuo 40Δ/H@10Δ  ∧  USDKRW Cuo 40Δ/H@10Δ]  2M,worst_of,monthly,2023-08-31,1302574.001550207,1593424.4661672974,-23307.1065438902,,
WO[USDJPY Cuo 40Δ/H@10Δ  ∧  USDKRW Cuo 40Δ/H@10Δ]  2M,worst_of,monthly,2023-09-30,334749.23807035544,1928173.704237653,-205833.3686920721,,
WO[USDJPY Cuo 40Δ/H@10Δ  ∧  USDKRW Cuo 40Δ/H@10Δ]  2M,worst_of,monthly,2023-10-31,1060723.1907398528,2988896.8949775063,0.0,,
WO[USDJPY Cuo 40Δ/H@10Δ  ∧  USDKRW Cuo 40Δ/H@10Δ]  2M,worst_of,monthly,2023-11-30,-20985.53696163617,2967911.35801587,-203564.2341548088,,
WO[USDJPY Cuo 40Δ/H@10Δ  ∧  USDKRW Cuo 40Δ/H@10Δ]  2M,worst_of,monthly,2023-12-31,-228760.65044249245,2739150.707573377,-432324.88459730195,,
WO[USDJPY Cuo 40Δ/H@10Δ  ∧  USDKRW Cuo 40Δ/H@10Δ]  2M,worst_of,monthly,2024-01-31,-194620.3456030413,2544530.3619703352,-626945.2302003438,,
WO[USDJPY Cuo 40Δ/H@10Δ  ∧  USDKRW Cuo 40Δ/H@10Δ]  2M,worst_of,monthly,2024-02-29,51036.08606053015,2595566.4480308653,-575909.1441398137,,
WO[USDJPY Cuo 40Δ/H@10Δ  ∧  USDKRW Cuo 40Δ/H@10Δ]  2M,worst_of,monthly,2024-03-31,23916.241113720673,2619482.689144586,-551992.9030260928,,
WO[USDJPY Cuo 40Δ/H@10Δ  ∧  USDKRW Cuo 40Δ/H@10Δ]  2M,worst_of,monthly,2024-04-30,691800.7818469359,3311283.470991522,-109709.37621663557,,
WO[USDJPY Cuo 40Δ/H@10Δ  ∧  USDKRW Cuo 40Δ/H@10Δ]  2M,worst_of,monthly,2024-05-31,-239477.69503275532,3071805.7759587667,-349187.07124939095,,
WO[USDJPY Cuo 40Δ/H@10Δ  ∧  USDKRW Cuo 40Δ/H@10Δ]  2M,worst_of,monthly,2024-06-30,-36515.085956912335,3035290.690001854,-385702.15720630344,,
WO[USDJPY Cuo 40Δ/H@10Δ  ∧  USDKRW Cuo 40Δ/H@10Δ]  2M,worst_of,monthly,2024-07-31,-96688.19580515835,2938602.494196696,-482390.35301146144,,
WO[USDJPY Cuo 40Δ/H@10Δ  ∧  USDKRW Cuo 40Δ/H@10Δ]  2M,worst_of,monthly,2024-08-31,-235904.58610657035,2702697.9080901262,-718294.9391180314,,
WO[USDJPY Cuo 40Δ/H@10Δ  ∧  USDKRW Cuo 40Δ/H@10Δ]  2M,worst_of,monthly,2024-09-30,-218491.81000474177,2484206.098085385,-936786.7491227728,,
WO[USDJPY Cuo 40Δ/H@10Δ  ∧  USDKRW Cuo 40Δ/H@10Δ]  2M,worst_of,monthly,2024-10-31,1229129.9742109051,3713336.07229629,0.0,,
WO[USDJPY Cuo 40Δ/H@10Δ  ∧  USDKRW Cuo 40Δ/H@10Δ]  2M,worst_of,monthly,2024-11-30,-220736.3874657741,3492599.6848305166,-220736.38746577362,,
WO[USDJPY Cuo 40Δ/H@10Δ  ∧  USDKRW Cuo 40Δ/H@10Δ]  2M,worst_of,monthly,2024-12-31,274897.058410011,3767496.743240528,-30636.949169693515,,
WO[USDJPY Cuo 40Δ/H@10Δ  ∧  USDKRW Cuo 40Δ/H@10Δ]  2M,worst_of,monthly,2025-01-31,-281067.10122831934,3486429.6420122082,-311704.0503980131,,
WO[USDJPY Cuo 40Δ/H@10Δ  ∧  USDKRW Cuo 40Δ/H@10Δ]  2M,worst_of,monthly,2025-02-28,-32038.496832269564,3454391.145179939,-343742.54723028233,,
WO[USDJPY Cuo 40Δ/H@10Δ  ∧  USDKRW Cuo 40Δ/H@10Δ]  2M,worst_of,monthly,2025-03-31,-188225.7025363252,3266165.4426436136,-531968.2497666078,,
WO[USDJPY Cuo 40Δ/H@10Δ  ∧  USDKRW Cuo 40Δ/H@10Δ]  2M,worst_of,monthly,2025-04-30,-216380.17206693298,3049785.27057668,-748348.4218335412,,
WO[USDJPY Cuo 40Δ/H@10Δ  ∧  USDKRW Cuo 40Δ/H@10Δ]  2M,worst_of,monthly,2025-05-31,-258230.8894277379,2791554.3811489423,-1006579.311261279,,
WO[USDJPY Cuo 40Δ/H@10Δ  ∧  USDKRW Cuo 40Δ/H@10Δ]  2M,worst_of,monthly,2025-06-30,-271960.4624574402,2519593.9186915015,-1278539.7737187198,,
WO[USDJPY Cuo 40Δ/H@10Δ  ∧  USDKRW Cuo 40Δ/H@10Δ]  2M,worst_of,monthly,2025-07-31,-276538.2343771334,2243055.6843143683,-1555078.008095853,,
WO[USDJPY Cuo 40Δ/H@10Δ  ∧  USDKRW Cuo 40Δ/H@10Δ]  2M,worst_of,monthly,2025-08-31,1367347.4957226757,3610403.1800370435,-187730.5123731778,,
WO[USDJPY Cuo 40Δ/H@10Δ  ∧  USDKRW Cuo 40Δ/H@10Δ]  2M,worst_of,monthly,2025-09-30,573194.158454922,4183597.3384919656,-12707.336257462855,,
WO[USDJPY Cuo 40Δ/H@10Δ  ∧  USDKRW Cuo 40Δ/H@10Δ]  2M,worst_of,monthly,2025-10-31,2127803.62383324,6311400.962325204,0.0,,
WO[USDJPY Cuo 40Δ/H@10Δ  ∧  USDKRW Cuo 40Δ/H@10Δ]  2M,worst_of,monthly,2025-11-30,271689.60155124235,6583090.563876447,-183949.03131780494,,
WO[USDJPY Cuo 40Δ/H@10Δ  ∧  USDKRW Cuo 40Δ/H@10Δ]  2M,worst_of,monthly,2025-12-31,1242939.7273386163,7826030.291215063,-21522.68076771777,,
WO[USDJPY Cuo 40Δ/H@10Δ  ∧  USDKRW Cuo 40Δ/H@10Δ]  2M,worst_of,monthly,2026-01-31,-202900.13882184352,7623130.152393219,-224422.81958956178,,
WO[USDJPY Cuo 40Δ/H@10Δ  ∧  USDKRW Cuo 40Δ/H@10Δ]  2M,worst_of,monthly,2026-02-28,-248347.31810965776,7374782.8342835605,-472770.13769922033,,
WO[USDJPY Cuo 40Δ/H@10Δ  ∧  USDKRW Cuo 40Δ/H@10Δ]  2M,worst_of,monthly,2026-03-31,85073.28319560585,7459856.117479166,-387696.8545036148,,
WO[USDJPY Cuo 40Δ/H@10Δ  ∧  USDKRW Cuo 40Δ/H@10Δ]  2M,worst_of,monthly,2026-04-30,-237819.67781753323,7222036.439661632,-625516.5323211486,,
WO[USDJPY Cuo 40Δ/H@10Δ  ∧  USDKRW Cuo 40Δ/H@10Δ]  2M,worst_of,monthly,2026-05-31,-79320.70731638122,7142715.732345251,-704837.2396375295,,
WO[USDJPY Cuo 40Δ/H@10Δ  ∧  USDKRW Cuo 40Δ/H@10Δ]  2M,worst_of,annual,2023-12-31,2739150.707573377,2739150.707573377,-432324.88459730195,,
WO[USDJPY Cuo 40Δ/H@10Δ  ∧  USDKRW Cuo 40Δ/H@10Δ]  2M,worst_of,annual,2024-12-31,1028346.0356671494,3767496.743240528,-30636.949169693515,,
WO[USDJPY Cuo 40Δ/H@10Δ  ∧  USDKRW Cuo 40Δ/H@10Δ]  2M,worst_of,annual,2025-12-31,4058533.547974538,7826030.291215063,-21522.68076771777,,
WO[USDJPY Cuo 40Δ/H@10Δ  ∧  USDKRW Cuo 40Δ/H@10Δ]  2M,worst_of,annual,2026-12-31,-683314.5588698098,7142715.732345251,-704837.2396375295,,
WO[USDJPY Cuo 40Δ/H@10Δ  ∧  USDKRW Cuo 40Δ/H@10Δ]  1M,worst_of,monthly,2023-02-28,740820.5523247283,740820.5523247283,-71263.77985671023,,
WO[USDJPY Cuo 40Δ/H@10Δ  ∧  USDKRW Cuo 40Δ/H@10Δ]  1M,worst_of,monthly,2023-03-31,-194157.60434992518,546662.9479748033,-265421.3842066353,,
WO[USDJPY Cuo 40Δ/H@10Δ  ∧  USDKRW Cuo 40Δ/H@10Δ]  1M,worst_of,monthly,2023-04-30,441935.50278052804,988598.4507553312,0.0,,
WO[USDJPY Cuo 40Δ/H@10Δ  ∧  USDKRW Cuo 40Δ/H@10Δ]  1M,worst_of,monthly,2023-05-31,630128.0802217493,1618726.53097708,-71020.16654380085,,
WO[USDJPY Cuo 40Δ/H@10Δ  ∧  USDKRW Cuo 40Δ/H@10Δ]  1M,worst_of,monthly,2023-06-30,-189630.42683258586,1429096.1041444943,-260650.59337638668,,
WO[USDJPY Cuo 40Δ/H@10Δ  ∧  USDKRW Cuo 40Δ/H@10Δ]  1M,worst_of,monthly,2023-07-31,-173777.1770417463,1255318.9271027485,-434427.7704181324,,
WO[USDJPY Cuo 40Δ/H@10Δ  ∧  USDKRW Cuo 40Δ/H@10Δ]  1M,worst_of,monthly,2023-08-31,-93324.55567366963,1161994.3714290785,-527752.3260918024,,
WO[USDJPY Cuo 40Δ/H@10Δ  ∧  USDKRW Cuo 40Δ/H@10Δ]  1M,worst_of,monthly,2023-09-30,720149.7981685533,1882144.1695976318,0.0,,
WO[USDJPY Cuo 40Δ/H@10Δ  ∧  USDKRW Cuo 40Δ/H@10Δ]  1M,worst_of,monthly,2023-10-31,1010927.8193137387,2893071.98891137,0.0,,
WO[USDJPY Cuo 40Δ/H@10Δ  ∧  USDKRW Cuo 40Δ/H@10Δ]  1M,worst_of,monthly,2023-11-30,-186377.29260464018,2706694.6963067297,-186377.29260464013,,
WO[USDJPY Cuo 40Δ/H@10Δ  ∧  USDKRW Cuo 40Δ/H@10Δ]  1M,worst_of,monthly,2023-12-31,-195297.65077048395,2511397.045536246,-381674.94337512366,,
WO[USDJPY Cuo 40Δ/H@10Δ  ∧  USDKRW Cuo 40Δ/H@10Δ]  1M,worst_of,monthly,2024-01-31,37960.21579111445,2549357.261327361,-343714.7275840086,,
WO[USDJPY Cuo 40Δ/H@10Δ  ∧  USDKRW Cuo 40Δ/H@10Δ]  1M,worst_of,monthly,2024-02-29,-77612.03117890829,2471745.2301484537,-421326.7587629161,,
WO[USDJPY Cuo 40Δ/H@10Δ  ∧  USDKRW Cuo 40Δ/H@10Δ]  1M,worst_of,monthly,2024-03-31,28836.82480220025,2500582.0549506536,-392489.93396071624,,
WO[USDJPY Cuo 40Δ/H@10Δ  ∧  USDKRW Cuo 40Δ/H@10Δ]  1M,worst_of,monthly,2024-04-30,219599.94860089425,2720182.003551548,-172889.98535982193,,
WO[USDJPY Cuo 40Δ/H@10Δ  ∧  USDKRW Cuo 40Δ/H@10Δ]  1M,worst_of,monthly,2024-05-31,-177527.71067684377,2542654.2928747046,-350417.69603666523,,
WO[USDJPY Cuo 40Δ/H@10Δ  ∧  USDKRW Cuo 40Δ/H@10Δ]  1M,worst_of,monthly,2024-06-30,1050357.083060202,3593011.3759349054,0.0,,
WO[USDJPY Cuo 40Δ/H@10Δ  ∧  USDKRW Cuo 40Δ/H@10Δ]  1M,worst_of,monthly,2024-07-31,-173415.4466608165,3419595.9292740887,-173415.44666081667,,
WO[USDJPY Cuo 40Δ/H@10Δ  ∧  USDKRW Cuo 40Δ/H@10Δ]  1M,worst_of,monthly,2024-08-31,-177230.59667667773,3242365.332597411,-350646.0433374946,,
WO[USDJPY Cuo 40Δ/H@10Δ  ∧  USDKRW Cuo 40Δ/H@10Δ]  1M,worst_of,monthly,2024-09-30,-184778.29374149523,3057587.0388559154,-535424.33707899,,
WO[USDJPY Cuo 40Δ/H@10Δ  ∧  USDKRW Cuo 40Δ/H@10Δ]  1M,worst_of,monthly,2024-10-31,-182413.15354626413,2875173.885309651,-717837.4906252543,,
WO[USDJPY Cuo 40Δ/H@10Δ  ∧  USDKRW Cuo 40Δ/H@10Δ]  1M,worst_of,monthly,2024-11-30,1703.4323041709868,2876877.3176138215,-716134.0583210839,,
WO[USDJPY Cuo 40Δ/H@10Δ  ∧  USDKRW Cuo 40Δ/H@10Δ]  1M,worst_of,monthly,2024-12-31,-206480.2989741283,2670397.0186396935,-922614.3572952119,,
WO[USDJPY Cuo 40Δ/H@10Δ  ∧  USDKRW Cuo 40Δ/H@10Δ]  1M,worst_of,monthly,2025-01-31,-169344.11536137862,2501052.903278315,-1091958.4726565904,,
WO[USDJPY Cuo 40Δ/H@10Δ  ∧  USDKRW Cuo 40Δ/H@10Δ]  1M,worst_of,monthly,2025-02-28,-159400.38440005097,2341652.5188782644,-1251358.857056641,,
WO[USDJPY Cuo 40Δ/H@10Δ  ∧  USDKRW Cuo 40Δ/H@10Δ]  1M,worst_of,monthly,2025-03-31,-82195.34292539264,2259457.1759528713,-1333554.199982034,,
WO[USDJPY Cuo 40Δ/H@10Δ  ∧  USDKRW Cuo 40Δ/H@10Δ]  1M,worst_of,monthly,2025-04-30,-194486.7450008645,2064970.4309520072,-1528040.9449828982,,
WO[USDJPY Cuo 40Δ/H@10Δ  ∧  USDKRW Cuo 40Δ/H@10Δ]  1M,worst_of,monthly,2025-05-31,-222547.78939138766,1842422.6415606195,-1750588.734374286,,
WO[USDJPY Cuo 40Δ/H@10Δ  ∧  USDKRW Cuo 40Δ/H@10Δ]  1M,worst_of,monthly,2025-06-30,-251274.3924265005,1591148.249134119,-2001863.1268007865,,
WO[USDJPY Cuo 40Δ/H@10Δ  ∧  USDKRW Cuo 40Δ/H@10Δ]  1M,worst_of,monthly,2025-07-31,808192.9023430499,2399341.1514771692,-1193670.2244577361,,
WO[USDJPY Cuo 40Δ/H@10Δ  ∧  USDKRW Cuo 40Δ/H@10Δ]  1M,worst_of,monthly,2025-08-31,-836.9202776605125,2398504.231199508,-1194507.1447353973,,
WO[USDJPY Cuo 40Δ/H@10Δ  ∧  USDKRW Cuo 40Δ/H@10Δ]  1M,worst_of,monthly,2025-09-30,238748.25715396175,2637252.4883534694,-955758.887581436,,
WO[USDJPY Cuo 40Δ/H@10Δ  ∧  USDKRW Cuo 40Δ/H@10Δ]  1M,worst_of,monthly,2025-10-31,164998.62491158085,2802251.1132650496,-790760.2626698557,,
WO[USDJPY Cuo 40Δ/H@10Δ  ∧  USDKRW Cuo 40Δ/H@10Δ]  1M,worst_of,monthly,2025-11-30,-129967.46615997741,2672283.6471050726,-920727.7288298327,,
WO[USDJPY Cuo 40Δ/H@10Δ  ∧  USDKRW Cuo 40Δ/H@10Δ]  1M,worst_of,monthly,2025-12-31,-96768.83857351597,2575514.808531557,-1017496.5674033482,,
WO[USDJPY Cuo 40Δ/H@10Δ  ∧  USDKRW Cuo 40Δ/H@10Δ]  1M,worst_of,monthly,2026-01-31,-123805.09942663395,2451709.709104923,-1141301.6668299823,,
WO[USDJPY Cuo 40Δ/H@10Δ  ∧  USDKRW Cuo 40Δ/H@10Δ]  1M,worst_of,monthly,2026-02-28,-205389.96675317484,2246319.742351748,-1346691.6335831573,,
WO[USDJPY Cuo 40Δ/H@10Δ  ∧  USDKRW Cuo 40Δ/H@10Δ]  1M,worst_of,monthly,2026-03-31,-160358.2705269559,2085961.471824793,-1507049.9041101125,,
WO[USDJPY Cuo 40Δ/H@10Δ  ∧  USDKRW Cuo 40Δ/H@10Δ]  1M,worst_of,monthly,2026-04-30,-107634.14421784741,1978327.327606946,-1614684.0483279594,,
WO[USDJPY Cuo 40Δ/H@10Δ  ∧  USDKRW Cuo 40Δ/H@10Δ]  1M,worst_of,monthly,2026-05-31,-47462.28847276131,1930865.0391341846,-1662146.3368007208,,
WO[USDJPY Cuo 40Δ/H@10Δ  ∧  USDKRW Cuo 40Δ/H@10Δ]  1M,worst_of,annual,2023-12-31,2511397.0455362466,2511397.045536246,-381674.94337512366,,
WO[USDJPY Cuo 40Δ/H@10Δ  ∧  USDKRW Cuo 40Δ/H@10Δ]  1M,worst_of,annual,2024-12-31,158999.97310344805,2670397.0186396935,-922614.3572952119,,
WO[USDJPY Cuo 40Δ/H@10Δ  ∧  USDKRW Cuo 40Δ/H@10Δ]  1M,worst_of,annual,2025-12-31,-94882.21010813628,2575514.808531557,-1017496.5674033482,,
WO[USDJPY Cuo 40Δ/H@10Δ  ∧  USDKRW Cuo 40Δ/H@10Δ]  1M,worst_of,annual,2026-12-31,-644649.7693973734,1930865.0391341846,-1662146.3368007208,,
WO[USDJPY Cuo 40Δ/H@10Δ  ∧  USDKRW Cuo 40Δ/H@10Δ]  6W,worst_of,monthly,2023-02-28,594545.0395930721,594545.0395930719,-36050.01783206058,,
WO[USDJPY Cuo 40Δ/H@10Δ  ∧  USDKRW Cuo 40Δ/H@10Δ]  6W,worst_of,monthly,2023-03-31,-236232.46527743357,358312.57431563834,-272282.48310949415,,
WO[USDJPY Cuo 40Δ/H@10Δ  ∧  USDKRW Cuo 40Δ/H@10Δ]  6W,worst_of,monthly,2023-04-30,-40763.75136903979,317548.8229465985,-313046.23447853397,,
WO[USDJPY Cuo 40Δ/H@10Δ  ∧  USDKRW Cuo 40Δ/H@10Δ]  6W,worst_of,monthly,2023-05-31,738468.6198561531,1056017.4428027512,-111958.39513836056,,
WO[USDJPY Cuo 40Δ/H@10Δ  ∧  USDKRW Cuo 40Δ/H@10Δ]  6W,worst_of,monthly,2023-06-30,-216884.19346336098,839133.2493393903,-328842.58860172145,,
WO[USDJPY Cuo 40Δ/H@10Δ  ∧  USDKRW Cuo 40Δ/H@10Δ]  6W,worst_of,monthly,2023-07-31,-195738.01550163273,643395.2338377578,-524580.6041033539,,
WO[USDJPY Cuo 40Δ/H@10Δ  ∧  USDKRW Cuo 40Δ/H@10Δ]  6W,worst_of,monthly,2023-08-31,416193.8479409334,1059589.0817786914,-108386.75616242038,,
WO[USDJPY Cuo 40Δ/H@10Δ  ∧  USDKRW Cuo 40Δ/H@10Δ]  6W,worst_of,monthly,2023-09-30,356452.2543990763,1416041.3361777677,-4135.087502730312,,
WO[USDJPY Cuo 40Δ/H@10Δ  ∧  USDKRW Cuo 40Δ/H@10Δ]  6W,worst_of,monthly,2023-10-31,1895331.894503259,3311373.2306810264,0.0,,
WO[USDJPY Cuo 40Δ/H@10Δ  ∧  USDKRW Cuo 40Δ/H@10Δ]  6W,worst_of,monthly,2023-11-30,-28070.32187030228,3283302.908810724,-166527.86131432187,,
WO[USDJPY Cuo 40Δ/H@10Δ  ∧  USDKRW Cuo 40Δ/H@10Δ]  6W,worst_of,monthly,2023-12-31,-221022.26766931143,3062280.6411414123,-387550.1289836336,,
WO[USDJPY Cuo 40Δ/H@10Δ  ∧  USDKRW Cuo 40Δ/H@10Δ]  6W,worst_of,monthly,2024-01-31,584000.662258711,3646281.303400123,-11224.950479723047,,
WO[USDJPY Cuo 40Δ/H@10Δ  ∧  USDKRW Cuo 40Δ/H@10Δ]  6W,worst_of,monthly,2024-02-29,-158083.6463843479,3488197.6570157753,-169308.59686407074,,
WO[USDJPY Cuo 40Δ/H@10Δ  ∧  USDKRW Cuo 40Δ/H@10Δ]  6W,worst_of,monthly,2024-03-31,15605.82006819751,3503803.477083973,-153702.77679587295,,
WO[USDJPY Cuo 40Δ/H@10Δ  ∧  USDKRW Cuo 40Δ/H@10Δ]  6W,worst_of,monthly,2024-04-30,564285.2822316277,4068088.7593155997,-111609.73232845124,,
WO[USDJPY Cuo 40Δ/H@10Δ  ∧  USDKRW Cuo 40Δ/H@10Δ]  6W,worst_of,monthly,2024-05-31,-204750.15258631675,3863338.6067292835,-316359.88491476746,,
WO[USDJPY Cuo 40Δ/H@10Δ  ∧  USDKRW Cuo 40Δ/H@10Δ]  6W,worst_of,monthly,2024-06-30,411062.7991351561,4274401.405864438,-19907.46046743635,,
WO[USDJPY Cuo 40Δ/H@10Δ  ∧  USDKRW Cuo 40Δ/H@10Δ]  6W,worst_of,monthly,2024-07-31,15888.568064941428,4290289.973929378,-132999.89742470253,,
WO[USDJPY Cuo 40Δ/H@10Δ  ∧  USDKRW Cuo 40Δ/H@10Δ]  6W,worst_of,monthly,2024-08-31,-189515.51401230475,4100774.4599170736,-322515.41143700713,,
WO[USDJPY Cuo 40Δ/H@10Δ  ∧  USDKRW Cuo 40Δ/H@10Δ]  6W,worst_of,monthly,2024-09-30,-187515.6266348594,3913258.833282214,-510031.0380718666,,
WO[USDJPY Cuo 40Δ/H@10Δ  ∧  USDKRW Cuo 40Δ/H@10Δ]  6W,worst_of,monthly,2024-10-31,727745.7402002153,4641004.573482429,-78132.25387297105,,
WO[USDJPY Cuo 40Δ/H@10Δ  ∧  USDKRW Cuo 40Δ/H@10Δ]  6W,worst_of,monthly,2024-11-30,-174001.89553555657,4467002.677946872,-252134.14940852765,,
WO[USDJPY Cuo 40Δ/H@10Δ  ∧  USDKRW Cuo 40Δ/H@10Δ]  6W,worst_of,monthly,2024-12-31,-18833.313962608267,4448169.363984264,-270967.4633711353,,
WO[USDJPY Cuo 40Δ/H@10Δ  ∧  USDKRW Cuo 40Δ/H@10Δ]  6W,worst_of,monthly,2025-01-31,-216473.08615341946,4231696.277830847,-487440.5495245531,,
WO[USDJPY Cuo 40Δ/H@10Δ  ∧  USDKRW Cuo 40Δ/H@10Δ]  6W,worst_of,monthly,2025-02-28,-160713.86739836706,4070982.4104324793,-648154.4169229204,,
WO[USDJPY Cuo 40Δ/H@10Δ  ∧  USDKRW Cuo 40Δ/H@10Δ]  6W,worst_of,monthly,2025-03-31,-172802.3113605552,3898180.099071925,-820956.7282834747,,
WO[USDJPY Cuo 40Δ/H@10Δ  ∧  USDKRW Cuo 40Δ/H@10Δ]  6W,worst_of,monthly,2025-04-30,-208356.82380076312,3689823.275271162,-1029313.5520842378,,
WO[USDJPY Cuo 40Δ/H@10Δ  ∧  USDKRW Cuo 40Δ/H@10Δ]  6W,worst_of,monthly,2025-05-31,-229433.82224905997,3460389.453022103,-1258747.374333297,,
WO[USDJPY Cuo 40Δ/H@10Δ  ∧  USDKRW Cuo 40Δ/H@10Δ]  6W,worst_of,monthly,2025-06-30,-249212.0482384293,3211177.4047836745,-1507959.4225717252,,
WO[USDJPY Cuo 40Δ/H@10Δ  ∧  USDKRW Cuo 40Δ/H@10Δ]  6W,worst_of,monthly,2025-07-31,497567.2704930314,3708744.6752767065,-1010392.1520786933,,
WO[USDJPY Cuo 40Δ/H@10Δ  ∧  USDKRW Cuo 40Δ/H@10Δ]  6W,worst_of,monthly,2025-08-31,38486.481794206076,3747231.1570709115,-971905.6702844882,,
WO[USDJPY Cuo 40Δ/H@10Δ  ∧  USDKRW Cuo 40Δ/H@10Δ]  6W,worst_of,monthly,2025-09-30,61497.11439930348,3808728.2714702156,-910408.5558851841,,
WO[USDJPY Cuo 40Δ/H@10Δ  ∧  USDKRW Cuo 40Δ/H@10Δ]  6W,worst_of,monthly,2025-10-31,283826.170999209,4092554.442469425,-626582.3848859747,,
WO[USDJPY Cuo 40Δ/H@10Δ  ∧  USDKRW Cuo 40Δ/H@10Δ]  6W,worst_of,monthly,2025-11-30,38527.74535951625,4131082.1878289403,-588054.6395264594,,
WO[USDJPY Cuo 40Δ/H@10Δ  ∧  USDKRW Cuo 40Δ/H@10Δ]  6W,worst_of,monthly,2025-12-31,708897.728207322,4839979.916036261,-64409.25521715917,,
WO[USDJPY Cuo 40Δ/H@10Δ  ∧  USDKRW Cuo 40Δ/H@10Δ]  6W,worst_of,monthly,2026-01-31,-229976.53166328077,4610003.384372983,-294385.7868804373,,
WO[USDJPY Cuo 40Δ/H@10Δ  ∧  USDKRW Cuo 40Δ/H@10Δ]  6W,worst_of,monthly,2026-02-28,-169293.93027229703,4440709.454100688,-463679.7171527324,,
WO[USDJPY Cuo 40Δ/H@10Δ  ∧  USDKRW Cuo 40Δ/H@10Δ]  6W,worst_of,monthly,2026-03-31,228579.39576282346,4669288.8498635115,-235100.3213899089,,
WO[USDJPY Cuo 40Δ/H@10Δ  ∧  USDKRW Cuo 40Δ/H@10Δ]  6W,worst_of,monthly,2026-04-30,-218527.17600413342,4450761.673859378,-453627.4973940421,,
WO[USDJPY Cuo 40Δ/H@10Δ  ∧  USDKRW Cuo 40Δ/H@10Δ]  6W,worst_of,monthly,2026-05-31,-58928.622379111854,4391833.051480267,-512556.1197731532,,
WO[USDJPY Cuo 40Δ/H@10Δ  ∧  USDKRW Cuo 40Δ/H@10Δ]  6W,worst_of,annual,2023-12-31,3062280.6411414132,3062280.6411414123,-387550.1289836336,,
WO[USDJPY Cuo 40Δ/H@10Δ  ∧  USDKRW Cuo 40Δ/H@10Δ]  6W,worst_of,annual,2024-12-31,1385888.7228428551,4448169.363984264,-270967.4633711353,,
WO[USDJPY Cuo 40Δ/H@10Δ  ∧  USDKRW Cuo 40Δ/H@10Δ]  6W,worst_of,annual,2025-12-31,391810.55205199413,4839979.916036261,-64409.25521715917,,
WO[USDJPY Cuo 40Δ/H@10Δ  ∧  USDKRW Cuo 40Δ/H@10Δ]  6W,worst_of,annual,2026-12-31,-448146.8645559996,4391833.051480267,-512556.1197731532,,
WO[USDJPY Cuo 40Δ/H@10Δ  ∧  USDKRW Cuo 40Δ/H@10Δ]  10W,worst_of,monthly,2023-03-31,51399.87847258227,51399.878472582284,-184122.11773216553,,
WO[USDJPY Cuo 40Δ/H@10Δ  ∧  USDKRW Cuo 40Δ/H@10Δ]  10W,worst_of,monthly,2023-04-30,601905.1271458379,653305.00561842,0.0,,
WO[USDJPY Cuo 40Δ/H@10Δ  ∧  USDKRW Cuo 40Δ/H@10Δ]  10W,worst_of,monthly,2023-05-31,14703.404840025582,668008.4104584453,-214615.27565012255,,
WO[USDJPY Cuo 40Δ/H@10Δ  ∧  USDKRW Cuo 40Δ/H@10Δ]  10W,worst_of,monthly,2023-06-30,-299608.20156229555,368400.2088961498,-514223.47721241805,,
WO[USDJPY Cuo 40Δ/H@10Δ  ∧  USDKRW Cuo 40Δ/H@10Δ]  10W,worst_of,monthly,2023-07-31,-243533.52526579145,124866.6836303584,-757757.0024782094,,
WO[USDJPY Cuo 40Δ/H@10Δ  ∧  USDKRW Cuo 40Δ/H@10Δ]  10W,worst_of,monthly,2023-08-31,395972.8450306116,520839.5286609699,-361784.15744759794,,
WO[USDJPY Cuo 40Δ/H@10Δ  ∧  USDKRW Cuo 40Δ/H@10Δ]  10W,worst_of,monthly,2023-09-30,833113.7892967779,1353953.3179577477,-113130.48232206376,,
WO[USDJPY Cuo 40Δ/H@10Δ  ∧  USDKRW Cuo 40Δ/H@10Δ]  10W,worst_of,monthly,2023-10-31,518924.51726271486,1872877.8352204624,0.0,,
WO[USDJPY Cuo 40Δ/H@10Δ  ∧  USDKRW Cuo 40Δ/H@10Δ]  10W,worst_of,monthly,2023-11-30,-205243.92166586843,1667633.9135545935,-256190.24602706637,,
WO[USDJPY Cuo 40Δ/H@10Δ  ∧  USDKRW Cuo 40Δ/H@10Δ]  10W,worst_of,monthly,2023-12-31,-200796.93813433254,1466836.9754202615,-456987.1841613983,,
WO[USDJPY Cuo 40Δ/H@10Δ  ∧  USDKRW Cuo 40Δ/H@10Δ]  10W,worst_of,monthly,2024-01-31,-295446.6790457734,1171390.2963744886,-752433.8632071712,,
WO[USDJPY Cuo 40Δ/H@10Δ  ∧  USDKRW Cuo 40Δ/H@10Δ]  10W,worst_of,monthly,2024-02-29,577893.9266692982,1749284.2230437868,-174539.936537873,,
WO[USDJPY Cuo 40Δ/H@10Δ  ∧  USDKRW Cuo 40Δ/H@10Δ]  10W,worst_of,monthly,2024-03-31,120595.43821920874,1869879.6612629958,-53944.49831866403,,
WO[USDJPY Cuo 40Δ/H@10Δ  ∧  USDKRW Cuo 40Δ/H@10Δ]  10W,worst_of,monthly,2024-04-30,824969.8565508998,2694849.5178138963,-111532.61604492972,,
WO[USDJPY Cuo 40Δ/H@10Δ  ∧  USDKRW Cuo 40Δ/H@10Δ]  10W,worst_of,monthly,2024-05-31,-243293.05773485353,2451556.460079043,-354825.67377978284,,
WO[USDJPY Cuo 40Δ/H@10Δ  ∧  USDKRW Cuo 40Δ/H@10Δ]  10W,worst_of,monthly,2024-06-30,-179986.09113292143,2271570.368946121,-534811.7649127049,,
WO[USDJPY Cuo 40Δ/H@10Δ  ∧  USDKRW Cuo 40Δ/H@10Δ]  10W,worst_of,monthly,2024-07-31,59505.452711980666,2331075.8216581023,-475306.3122007237,,
WO[USDJPY Cuo 40Δ/H@10Δ  ∧  USDKRW Cuo 40Δ/H@10Δ]  10W,worst_of,monthly,2024-08-31,-241384.97862497388,2089690.8430331293,-716691.2908256967,,
WO[USDJPY Cuo 40Δ/H@10Δ  ∧  USDKRW Cuo 40Δ/H@10Δ]  10W,worst_of,monthly,2024-09-30,-220228.32168590015,1869462.5213472291,-936919.6125115969,,
WO[USDJPY Cuo 40Δ/H@10Δ  ∧  USDKRW Cuo 40Δ/H@10Δ]  10W,worst_of,monthly,2024-10-31,596326.2449037819,2465788.7662510113,-340593.3676078147,,
WO[USDJPY Cuo 40Δ/H@10Δ  ∧  USDKRW Cuo 40Δ/H@10Δ]  10W,worst_of,monthly,2024-11-30,-242899.28090290984,2222889.4853481012,-583492.6485107248,,
WO[USDJPY Cuo 40Δ/H@10Δ  ∧  USDKRW Cuo 40Δ/H@10Δ]  10W,worst_of,monthly,2024-12-31,-264708.06083543506,1958181.4245126662,-848200.7093461598,,
WO[USDJPY Cuo 40Δ/H@10Δ  ∧  USDKRW Cuo 40Δ/H@10Δ]  10W,worst_of,monthly,2025-01-31,-313327.8697518832,1644853.554760783,-1161528.579098043,,
WO[USDJPY Cuo 40Δ/H@10Δ  ∧  USDKRW Cuo 40Δ/H@10Δ]  10W,worst_of,monthly,2025-02-28,-35217.0043450801,1609636.550415703,-1196745.583443123,,
WO[USDJPY Cuo 40Δ/H@10Δ  ∧  USDKRW Cuo 40Δ/H@10Δ]  10W,worst_of,monthly,2025-03-31,-207218.05862362133,1402418.4917920819,-1403963.6420667442,,
WO[USDJPY Cuo 40Δ/H@10Δ  ∧  USDKRW Cuo 40Δ/H@10Δ]  10W,worst_of,monthly,2025-04-30,-219741.15590074103,1182677.3358913404,-1623704.7979674856,,
WO[USDJPY Cuo 40Δ/H@10Δ  ∧  USDKRW Cuo 40Δ/H@10Δ]  10W,worst_of,monthly,2025-05-31,-249892.16974786454,932785.1661434764,-1873596.9677153495,,
WO[USDJPY Cuo 40Δ/H@10Δ  ∧  USDKRW Cuo 40Δ/H@10Δ]  10W,worst_of,monthly,2025-06-30,-265562.8095904248,667222.3565530513,-2139159.777305775,,
WO[USDJPY Cuo 40Δ/H@10Δ  ∧  USDKRW Cuo 40Δ/H@10Δ]  10W,worst_of,monthly,2025-07-31,-309392.13530175464,357830.2212512967,-2448551.912607529,,
WO[USDJPY Cuo 40Δ/H@10Δ  ∧  USDKRW Cuo 40Δ/H@10Δ]  10W,worst_of,monthly,2025-08-31,849012.7507182739,1206842.971969571,-1599539.161889255,,
WO[USDJPY Cuo 40Δ/H@10Δ  ∧  USDKRW Cuo 40Δ/H@10Δ]  10W,worst_of,monthly,2025-09-30,1104658.9606194512,2311501.9325890224,-494880.20126980357,,
WO[USDJPY Cuo 40Δ/H@10Δ  ∧  USDKRW Cuo 40Δ/H@10Δ]  10W,worst_of,monthly,2025-10-31,2667315.0755127766,4978817.008101799,-12384.319394885562,,
WO[USDJPY Cuo 40Δ/H@10Δ  ∧  USDKRW Cuo 40Δ/H@10Δ]  10W,worst_of,monthly,2025-11-30,-22415.257536643985,4956401.750565154,-237430.0080018118,,
WO[USDJPY Cuo 40Δ/H@10Δ  ∧  USDKRW Cuo 40Δ/H@10Δ]  10W,worst_of,monthly,2025-12-31,777189.4924281263,5733591.242993279,-36154.348105841316,,
WO[USDJPY Cuo 40Δ/H@10Δ  ∧  USDKRW Cuo 40Δ/H@10Δ]  10W,worst_of,monthly,2026-01-31,669070.5205603271,6402661.763553605,-90491.22744541895,,
WO[USDJPY Cuo 40Δ/H@10Δ  ∧  USDKRW Cuo 40Δ/H@10Δ]  10W,worst_of,monthly,2026-02-28,-258048.8018950414,6144612.961658566,-348540.0293404581,,
WO[USDJPY Cuo 40Δ/H@10Δ  ∧  USDKRW Cuo 40Δ/H@10Δ]  10W,worst_of,monthly,2026-03-31,610169.6376674799,6754782.599326045,-12769.8953382615,,
WO[USDJPY Cuo 40Δ/H@10Δ  ∧  USDKRW Cuo 40Δ/H@10Δ]  10W,worst_of,monthly,2026-04-30,-269560.0228203207,6485222.576505724,-282329.9181585824,,
WO[USDJPY Cuo 40Δ/H@10Δ  ∧  USDKRW Cuo 40Δ/H@10Δ]  10W,worst_of,monthly,2026-05-31,-84614.35764223884,6400608.218863485,-366944.2758008214,,
WO[USDJPY Cuo 40Δ/H@10Δ  ∧  USDKRW Cuo 40Δ/H@10Δ]  10W,worst_of,annual,2023-12-31,1466836.975420262,1466836.9754202615,-456987.1841613983,,
WO[USDJPY Cuo 40Δ/H@10Δ  ∧  USDKRW Cuo 40Δ/H@10Δ]  10W,worst_of,annual,2024-12-31,491344.44909240195,1958181.4245126662,-848200.7093461598,,
WO[USDJPY Cuo 40Δ/H@10Δ  ∧  USDKRW Cuo 40Δ/H@10Δ]  10W,worst_of,annual,2025-12-31,3775409.8184806146,5733591.242993279,-36154.348105841316,,
WO[USDJPY Cuo 40Δ/H@10Δ  ∧  USDKRW Cuo 40Δ/H@10Δ]  10W,worst_of,annual,2026-12-31,667016.975870206,6400608.218863485,-366944.2758008214,,
WO[USDJPY Cuo 40Δ/H@10Δ  ∧  USDKRW Cuo 40Δ/H@10Δ]  3M,worst_of,monthly,2023-03-31,68547.39163680935,68547.39163680935,0.0,,
WO[USDJPY Cuo 40Δ/H@10Δ  ∧  USDKRW Cuo 40Δ/H@10Δ]  3M,worst_of,monthly,2023-04-30,17168.093693191324,85715.4853300007,-146846.60812486854,,
WO[USDJPY Cuo 40Δ/H@10Δ  ∧  USDKRW Cuo 40Δ/H@10Δ]  3M,worst_of,monthly,2023-05-31,1321141.651333861,1406857.1366638618,-29014.317789050052,,
WO[USDJPY Cuo 40Δ/H@10Δ  ∧  USDKRW Cuo 40Δ/H@10Δ]  3M,worst_of,monthly,2023-06-30,-333540.73360215785,1073316.403061704,-362555.05139120785,,
WO[USDJPY Cuo 40Δ/H@10Δ  ∧  USDKRW Cuo 40Δ/H@10Δ]  3M,worst_of,monthly,2023-07-31,-287751.56143119774,785564.8416305066,-650306.6128224053,,
WO[USDJPY Cuo 40Δ/H@10Δ  ∧  USDKRW Cuo 40Δ/H@10Δ]  3M,worst_of,monthly,2023-08-31,-275760.97164816846,509803.8699823378,-926067.584470574,,
WO[USDJPY Cuo 40Δ/H@10Δ  ∧  USDKRW Cuo 40Δ/H@10Δ]  3M,worst_of,monthly,2023-09-30,1693814.248952059,2203618.1189343967,0.0,,
WO[USDJPY Cuo 40Δ/H@10Δ  ∧  USDKRW Cuo 40Δ/H@10Δ]  3M,worst_of,monthly,2023-10-31,982749.7988664403,3186367.917800837,-234975.19931151997,,
WO[USDJPY Cuo 40Δ/H@10Δ  ∧  USDKRW Cuo 40Δ/H@10Δ]  3M,worst_of,monthly,2023-11-30,-312915.1180017624,2873452.7997990744,-547890.3173132828,,
WO[USDJPY Cuo 40Δ/H@10Δ  ∧  USDKRW Cuo 40Δ/H@10Δ]  3M,worst_of,monthly,2023-12-31,-263445.3257065298,2610007.4740925455,-811335.6430198117,,
WO[USDJPY Cuo 40Δ/H@10Δ  ∧  USDKRW Cuo 40Δ/H@10Δ]  3M,worst_of,monthly,2024-01-31,-262884.8134166729,2347122.6606758726,-1074220.4564364846,,
WO[USDJPY Cuo 40Δ/H@10Δ  ∧  USDKRW Cuo 40Δ/H@10Δ]  3M,worst_of,monthly,2024-02-29,1075530.9006670779,3422653.5613429514,0.0,,
WO[USDJPY Cuo 40Δ/H@10Δ  ∧  USDKRW Cuo 40Δ/H@10Δ]  3M,worst_of,monthly,2024-03-31,539969.5403793612,3962623.101722313,-88079.74261842202,,
WO[USDJPY Cuo 40Δ/H@10Δ  ∧  USDKRW Cuo 40Δ/H@10Δ]  3M,worst_of,monthly,2024-04-30,1620679.465324333,5583302.567046646,-82482.72856021859,,
WO[USDJPY Cuo 40Δ/H@10Δ  ∧  USDKRW Cuo 40Δ/H@10Δ]  3M,worst_of,monthly,2024-05-31,-248387.3576135958,5334915.209433052,-330870.08617381286,,
WO[USDJPY Cuo 40Δ/H@10Δ  ∧  USDKRW Cuo 40Δ/H@10Δ]  3M,worst_of,monthly,2024-06-30,-239534.49346228567,5095380.715970766,-570404.5796360988,,
WO[USDJPY Cuo 40Δ/H@10Δ  ∧  USDKRW Cuo 40Δ/H@10Δ]  3M,worst_of,monthly,2024-07-31,-257124.50315999007,4838256.212810775,-827529.0827960894,,
WO[USDJPY Cuo 40Δ/H@10Δ  ∧  USDKRW Cuo 40Δ/H@10Δ]  3M,worst_of,monthly,2024-08-31,-247150.7617147672,4591105.451096008,-1074679.844510857,,
WO[USDJPY Cuo 40Δ/H@10Δ  ∧  USDKRW Cuo 40Δ/H@10Δ]  3M,worst_of,monthly,2024-09-30,-251179.67091680985,4339925.780179197,-1325859.5154276676,,
WO[USDJPY Cuo 40Δ/H@10Δ  ∧  USDKRW Cuo 40Δ/H@10Δ]  3M,worst_of,monthly,2024-10-31,-267930.6306834273,4071995.1494957698,-1593790.1461110949,,
WO[USDJPY Cuo 40Δ/H@10Δ  ∧  USDKRW Cuo 40Δ/H@10Δ]  3M,worst_of,monthly,2024-11-30,684832.5434263037,4756827.692922074,-908957.6026847903,,
WO[USDJPY Cuo 40Δ/H@10Δ  ∧  USDKRW Cuo 40Δ/H@10Δ]  3M,worst_of,monthly,2024-12-31,-266988.1360884703,4489839.556833606,-1175945.7387732584,,
WO[USDJPY Cuo 40Δ/H@10Δ  ∧  USDKRW Cuo 40Δ/H@10Δ]  3M,worst_of,monthly,2025-01-31,-249460.9447186969,4240378.612114908,-1425406.6834919564,,
WO[USDJPY Cuo 40Δ/H@10Δ  ∧  USDKRW Cuo 40Δ/H@10Δ]  3M,worst_of,monthly,2025-02-28,-309725.1627396939,3930653.449375214,-1735131.8462316506,,
WO[USDJPY Cuo 40Δ/H@10Δ  ∧  USDKRW Cuo 40Δ/H@10Δ]  3M,worst_of,monthly,2025-03-31,-235971.29778486013,3694682.1515903543,-1971103.1440165103,,
WO[USDJPY Cuo 40Δ/H@10Δ  ∧  USDKRW Cuo 40Δ/H@10Δ]  3M,worst_of,monthly,2025-04-30,-219740.32046111088,3474941.831129243,-2190843.4644776215,,
WO[USDJPY Cuo 40Δ/H@10Δ  ∧  USDKRW Cuo 40Δ/H@10Δ]  3M,worst_of,monthly,2025-05-31,-264500.5748505292,3210441.2562787132,-2455344.0393281514,,
WO[USDJPY Cuo 40Δ/H@10Δ  ∧  USDKRW Cuo 40Δ/H@10Δ]  3M,worst_of,monthly,2025-06-30,-274083.98308456055,2936357.2731941524,-2729428.022412712,,
WO[USDJPY Cuo 40Δ/H@10Δ  ∧  USDKRW Cuo 40Δ/H@10Δ]  3M,worst_of,monthly,2025-07-31,-325507.3870735766,2610849.886120577,-3054935.4094862877,,
WO[USDJPY Cuo 40Δ/H@10Δ  ∧  USDKRW Cuo 40Δ/H@10Δ]  3M,worst_of,monthly,2025-08-31,-114658.0806638381,2496191.8054567394,-3169593.490150125,,
WO[USDJPY Cuo 40Δ/H@10Δ  ∧  USDKRW Cuo 40Δ/H@10Δ]  3M,worst_of,monthly,2025-09-30,1733322.64927526,4229514.454731999,-1436270.8408748657,,
WO[USDJPY Cuo 40Δ/H@10Δ  ∧  USDKRW Cuo 40Δ/H@10Δ]  3M,worst_of,monthly,2025-10-31,4280605.833437704,8510120.288169703,0.0,,
WO[USDJPY Cuo 40Δ/H@10Δ  ∧  USDKRW Cuo 40Δ/H@10Δ]  3M,worst_of,monthly,2025-11-30,2058839.1470885996,10568959.435258303,-183672.49041891098,,
WO[USDJPY Cuo 40Δ/H@10Δ  ∧  USDKRW Cuo 40Δ/H@10Δ]  3M,worst_of,monthly,2025-12-31,-299910.3209887815,10269049.114269521,-483582.81140769273,,
WO[USDJPY Cuo 40Δ/H@10Δ  ∧  USDKRW Cuo 40Δ/H@10Δ]  3M,worst_of,monthly,2026-01-31,906481.6564510349,11175530.770720555,-66432.80803051777,,
WO[USDJPY Cuo 40Δ/H@10Δ  ∧  USDKRW Cuo 40Δ/H@10Δ]  3M,worst_of,monthly,2026-02-28,-30573.870662841175,11144956.900057714,-243043.1145545747,,
WO[USDJPY Cuo 40Δ/H@10Δ  ∧  USDKRW Cuo 40Δ/H@10Δ]  3M,worst_of,monthly,2026-03-31,486913.1723008351,11631870.07235855,-31570.832013925537,,
WO[USDJPY Cuo 40Δ/H@10Δ  ∧  USDKRW Cuo 40Δ/H@10Δ]  3M,worst_of,monthly,2026-04-30,-276012.7838663348,11355857.28849221,-307583.61588026583,,
WO[USDJPY Cuo 40Δ/H@10Δ  ∧  USDKRW Cuo 40Δ/H@10Δ]  3M,worst_of,monthly,2026-05-31,-90504.97942019449,11265352.309072016,-398088.59530046023,,
WO[USDJPY Cuo 40Δ/H@10Δ  ∧  USDKRW Cuo 40Δ/H@10Δ]  3M,worst_of,annual,2023-12-31,2610007.474092545,2610007.4740925455,-811335.6430198117,,
WO[USDJPY Cuo 40Δ/H@10Δ  ∧  USDKRW Cuo 40Δ/H@10Δ]  3M,worst_of,annual,2024-12-31,1879832.0827410566,4489839.556833606,-1175945.7387732584,,
WO[USDJPY Cuo 40Δ/H@10Δ  ∧  USDKRW Cuo 40Δ/H@10Δ]  3M,worst_of,annual,2025-12-31,5779209.557435915,10269049.114269521,-483582.81140769273,,
WO[USDJPY Cuo 40Δ/H@10Δ  ∧  USDKRW Cuo 40Δ/H@10Δ]  3M,worst_of,annual,2026-12-31,996303.1948024995,11265352.309072016,-398088.59530046023,,
WO[USDJPY Cuo 40Δ/H@5Δ  ∧  USDKRW Cuo 40Δ/H@5Δ]  2M,worst_of,monthly,2023-03-31,2389541.7710813647,2389541.7710813647,-135653.0887475079,,
WO[USDJPY Cuo 40Δ/H@5Δ  ∧  USDKRW Cuo 40Δ/H@5Δ]  2M,worst_of,monthly,2023-04-30,-142509.36141991563,2247032.4096614486,-278162.45016742405,,
WO[USDJPY Cuo 40Δ/H@5Δ  ∧  USDKRW Cuo 40Δ/H@5Δ]  2M,worst_of,monthly,2023-05-31,701301.9176368226,2948334.327298271,0.0,,
WO[USDJPY Cuo 40Δ/H@5Δ  ∧  USDKRW Cuo 40Δ/H@5Δ]  2M,worst_of,monthly,2023-06-30,-289828.1184738307,2658506.20882444,-347250.4597181468,,
WO[USDJPY Cuo 40Δ/H@5Δ  ∧  USDKRW Cuo 40Δ/H@5Δ]  2M,worst_of,monthly,2023-07-31,-313052.00221774733,2345454.2066066917,-660302.461935895,,
WO[USDJPY Cuo 40Δ/H@5Δ  ∧  USDKRW Cuo 40Δ/H@5Δ]  2M,worst_of,monthly,2023-08-31,2502218.249838846,4847672.456445538,-32858.864527191035,,
WO[USDJPY Cuo 40Δ/H@5Δ  ∧  USDKRW Cuo 40Δ/H@5Δ]  2M,worst_of,monthly,2023-09-30,3093029.8339457205,7940702.290391259,0.0,,
WO[USDJPY Cuo 40Δ/H@5Δ  ∧  USDKRW Cuo 40Δ/H@5Δ]  2M,worst_of,monthly,2023-10-31,2452671.5058154743,10393373.796206731,0.0,,
WO[USDJPY Cuo 40Δ/H@5Δ  ∧  USDKRW Cuo 40Δ/H@5Δ]  2M,worst_of,monthly,2023-11-30,-49811.37687589408,10343562.419330835,-296944.8329558633,,
WO[USDJPY Cuo 40Δ/H@5Δ  ∧  USDKRW Cuo 40Δ/H@5Δ]  2M,worst_of,monthly,2023-12-31,-331116.6652786691,10012445.754052166,-628061.4982345328,,
WO[USDJPY Cuo 40Δ/H@5Δ  ∧  USDKRW Cuo 40Δ/H@5Δ]  2M,worst_of,monthly,2024-01-31,-317545.1814289251,9694900.572623242,-945606.679663457,,
WO[USDJPY Cuo 40Δ/H@5Δ  ∧  USDKRW Cuo 40Δ/H@5Δ]  2M,worst_of,monthly,2024-02-29,1391017.8320102785,11085918.40463352,-59230.93280615285,,
WO[USDJPY Cuo 40Δ/H@5Δ  ∧  USDKRW Cuo 40Δ/H@5Δ]  2M,worst_of,monthly,2024-03-31,99966.35335325071,11185884.757986767,-162256.34546123073,,
WO[USDJPY Cuo 40Δ/H@5Δ  ∧  USDKRW Cuo 40Δ/H@5Δ]  2M,worst_of,monthly,2024-04-30,1829459.7008661658,13015344.458852932,-78420.00461766124,,
WO[USDJPY Cuo 40Δ/H@5Δ  ∧  USDKRW Cuo 40Δ/H@5Δ]  2M,worst_of,monthly,2024-05-31,-355317.83064109174,12660026.628211837,-433737.83525875583,,
WO[USDJPY Cuo 40Δ/H@5Δ  ∧  USDKRW Cuo 40Δ/H@5Δ]  2M,worst_of,monthly,2024-06-30,-110676.27822190503,12549350.349989932,-544414.1134806611,,
WO[USDJPY Cuo 40Δ/H@5Δ  ∧  USDKRW Cuo 40Δ/H@5Δ]  2M,worst_of,monthly,2024-07-31,353210.4363970841,12902560.786387015,-191203.67708357796,,
WO[USDJPY Cuo 40Δ/H@5Δ  ∧  USDKRW Cuo 40Δ/H@5Δ]  2M,worst_of,monthly,2024-08-31,-340147.00913051475,12562413.777256498,-531350.686214095,,
WO[USDJPY Cuo 40Δ/H@5Δ  ∧  USDKRW Cuo 40Δ/H@5Δ]  2M,worst_of,monthly,2024-09-30,-300979.2824688064,12261434.49478769,-832329.9686829038,,
WO[USDJPY Cuo 40Δ/H@5Δ  ∧  USDKRW Cuo 40Δ/H@5Δ]  2M,worst_of,monthly,2024-10-31,2704495.4689139137,14965929.9637016,0.0,,
WO[USDJPY Cuo 40Δ/H@5Δ  ∧  USDKRW Cuo 40Δ/H@5Δ]  2M,worst_of,monthly,2024-11-30,417393.6988057989,15383323.662507396,-237421.89807623066,,
WO[USDJPY Cuo 40Δ/H@5Δ  ∧  USDKRW Cuo 40Δ/H@5Δ]  2M,worst_of,monthly,2024-12-31,3715953.256043617,19099276.91855101,0.0,,
WO[USDJPY Cuo 40Δ/H@5Δ  ∧  USDKRW Cuo 40Δ/H@5Δ]  2M,worst_of,monthly,2025-01-31,975870.8234384076,20075147.74198941,0.0,,
WO[USDJPY Cuo 40Δ/H@5Δ  ∧  USDKRW Cuo 40Δ/H@5Δ]  2M,worst_of,monthly,2025-02-28,121371.71394624018,20196519.45593565,-205434.26047191024,,
WO[USDJPY Cuo 40Δ/H@5Δ  ∧  USDKRW Cuo 40Δ/H@5Δ]  2M,worst_of,monthly,2025-03-31,-256011.98634590194,19940507.46958975,-461446.2468178086,,
WO[USDJPY Cuo 40Δ/H@5Δ  ∧  USDKRW Cuo 40Δ/H@5Δ]  2M,worst_of,monthly,2025-04-30,-314048.1803536064,19626459.289236147,-775494.4271714129,,
WO[USDJPY Cuo 40Δ/H@5Δ  ∧  USDKRW Cuo 40Δ/H@5Δ]  2M,worst_of,monthly,2025-05-31,-376131.24159899045,19250328.04763716,-1151625.668770399,,
WO[USDJPY Cuo 40Δ/H@5Δ  ∧  USDKRW Cuo 40Δ/H@5Δ]  2M,worst_of,monthly,2025-06-30,-397954.70010233956,18852373.347534817,-1549580.368872743,,
WO[USDJPY Cuo 40Δ/H@5Δ  ∧  USDKRW Cuo 40Δ/H@5Δ]  2M,worst_of,monthly,2025-07-31,-460714.38943370705,18391658.958101112,-2010294.7583064474,,
WO[USDJPY Cuo 40Δ/H@5Δ  ∧  USDKRW Cuo 40Δ/H@5Δ]  2M,worst_of,monthly,2025-08-31,1266133.0900954958,19657792.048196606,-744161.6682109535,,
WO[USDJPY Cuo 40Δ/H@5Δ  ∧  USDKRW Cuo 40Δ/H@5Δ]  2M,worst_of,monthly,2025-09-30,586670.675191597,20244462.723388195,-157490.99301936477,,
WO[USDJPY Cuo 40Δ/H@5Δ  ∧  USDKRW Cuo 40Δ/H@5Δ]  2M,worst_of,monthly,2025-10-31,3023491.3929387266,23267954.11632693,0.0,,
WO[USDJPY Cuo 40Δ/H@5Δ  ∧  USDKRW Cuo 40Δ/H@5Δ]  2M,worst_of,monthly,2025-11-30,1452795.7948430441,24720749.911169972,-15899.941934466362,,
WO[USDJPY Cuo 40Δ/H@5Δ  ∧  USDKRW Cuo 40Δ/H@5Δ]  2M,worst_of,monthly,2025-12-31,2031067.044112468,26751816.955282442,-20755.85773818195,,
WO[USDJPY Cuo 40Δ/H@5Δ  ∧  USDKRW Cuo 40Δ/H@5Δ]  2M,worst_of,monthly,2026-01-31,-344348.365627552,26407468.58965489,-365104.22336573526,,
WO[USDJPY Cuo 40Δ/H@5Δ  ∧  USDKRW Cuo 40Δ/H@5Δ]  2M,worst_of,monthly,2026-02-28,-384911.4785383413,26022557.111116555,-750015.7019040696,,
WO[USDJPY Cuo 40Δ/H@5Δ  ∧  USDKRW Cuo 40Δ/H@5Δ]  2M,worst_of,monthly,2026-03-31,1079264.3707730994,27101821.48188965,-22381.809352908283,,
WO[USDJPY Cuo 40Δ/H@5Δ  ∧  USDKRW Cuo 40Δ/H@5Δ]  2M,worst_of,monthly,2026-04-30,122410.39807395199,27224231.879963603,-202007.7295506373,,
WO[USDJPY Cuo 40Δ/H@5Δ  ∧  USDKRW Cuo 40Δ/H@5Δ]  2M,worst_of,monthly,2026-05-31,-117119.2677725523,27107112.61219105,-319126.99732318893,,
WO[USDJPY Cuo 40Δ/H@5Δ  ∧  USDKRW Cuo 40Δ/H@5Δ]  2M,worst_of,annual,2023-12-31,10012445.754052171,10012445.754052166,-628061.4982345328,,
WO[USDJPY Cuo 40Δ/H@5Δ  ∧  USDKRW Cuo 40Δ/H@5Δ]  2M,worst_of,annual,2024-12-31,9086831.164498866,19099276.91855101,0.0,,
WO[USDJPY Cuo 40Δ/H@5Δ  ∧  USDKRW Cuo 40Δ/H@5Δ]  2M,worst_of,annual,2025-12-31,7652540.036731434,26751816.955282442,-20755.85773818195,,
WO[USDJPY Cuo 40Δ/H@5Δ  ∧  USDKRW Cuo 40Δ/H@5Δ]  2M,worst_of,annual,2026-12-31,355295.65690860583,27107112.61219105,-319126.99732318893,,
WO[USDJPY Cuo 40Δ/H@5Δ  ∧  USDKRW Cuo 40Δ/H@5Δ]  1M,worst_of,monthly,2023-02-28,959638.0532807877,959638.0532807879,-98326.26591106004,,
WO[USDJPY Cuo 40Δ/H@5Δ  ∧  USDKRW Cuo 40Δ/H@5Δ]  1M,worst_of,monthly,2023-03-31,-251410.96209681671,708227.0911839713,-349737.22800787666,,
WO[USDJPY Cuo 40Δ/H@5Δ  ∧  USDKRW Cuo 40Δ/H@5Δ]  1M,worst_of,monthly,2023-04-30,518956.3423005285,1227183.4334844996,0.0,,
WO[USDJPY Cuo 40Δ/H@5Δ  ∧  USDKRW Cuo 40Δ/H@5Δ]  1M,worst_of,monthly,2023-05-31,688543.6136363856,1915727.047120885,-101761.34703095793,,
WO[USDJPY Cuo 40Δ/H@5Δ  ∧  USDKRW Cuo 40Δ/H@5Δ]  1M,worst_of,monthly,2023-06-30,-268145.96110270475,1647581.0860181802,-369907.3081336627,,
WO[USDJPY Cuo 40Δ/H@5Δ  ∧  USDKRW Cuo 40Δ/H@5Δ]  1M,worst_of,monthly,2023-07-31,-253418.87480190035,1394162.21121628,-623326.1829355629,,
WO[USDJPY Cuo 40Δ/H@5Δ  ∧  USDKRW Cuo 40Δ/H@5Δ]  1M,worst_of,monthly,2023-08-31,250875.48672491504,1645037.6979411952,-372450.6962106477,,
WO[USDJPY Cuo 40Δ/H@5Δ  ∧  USDKRW Cuo 40Δ/H@5Δ]  1M,worst_of,monthly,2023-09-30,1078078.6066761771,2723116.304617372,0.0,,
WO[USDJPY Cuo 40Δ/H@5Δ  ∧  USDKRW Cuo 40Δ/H@5Δ]  1M,worst_of,monthly,2023-10-31,1079726.0809332067,3802842.3855505786,0.0,,
WO[USDJPY Cuo 40Δ/H@5Δ  ∧  USDKRW Cuo 40Δ/H@5Δ]  1M,worst_of,monthly,2023-11-30,-273605.56208906043,3529236.8234615186,-273605.56208905997,,
WO[USDJPY Cuo 40Δ/H@5Δ  ∧  USDKRW Cuo 40Δ/H@5Δ]  1M,worst_of,monthly,2023-12-31,-288251.37897630734,3240985.444485212,-561856.9410653664,,
WO[USDJPY Cuo 40Δ/H@5Δ  ∧  USDKRW Cuo 40Δ/H@5Δ]  1M,worst_of,monthly,2024-01-31,1585524.2198459678,4826509.66433118,-16257.483516586944,,
WO[USDJPY Cuo 40Δ/H@5Δ  ∧  USDKRW Cuo 40Δ/H@5Δ]  1M,worst_of,monthly,2024-02-29,380357.42625008954,5206867.09058127,-143351.53769929335,,
WO[USDJPY Cuo 40Δ/H@5Δ  ∧  USDKRW Cuo 40Δ/H@5Δ]  1M,worst_of,monthly,2024-03-31,-52773.02801400688,5154094.062567261,-196124.56571330223,,
WO[USDJPY Cuo 40Δ/H@5Δ  ∧  USDKRW Cuo 40Δ/H@5Δ]  1M,worst_of,monthly,2024-04-30,135134.92876405036,5289228.991331314,-200783.3084787503,,
WO[USDJPY Cuo 40Δ/H@5Δ  ∧  USDKRW Cuo 40Δ/H@5Δ]  1M,worst_of,monthly,2024-05-31,-258002.11302068253,5031226.878310632,-458785.42149943206,,
WO[USDJPY Cuo 40Δ/H@5Δ  ∧  USDKRW Cuo 40Δ/H@5Δ]  1M,worst_of,monthly,2024-06-30,1111312.8682995378,6142539.74661017,0.0,,
WO[USDJPY Cuo 40Δ/H@5Δ  ∧  USDKRW Cuo 40Δ/H@5Δ]  1M,worst_of,monthly,2024-07-31,-110160.74131053695,6032379.005299633,-134767.97308993805,,
WO[USDJPY Cuo 40Δ/H@5Δ  ∧  USDKRW Cuo 40Δ/H@5Δ]  1M,worst_of,monthly,2024-08-31,-247710.59467880722,5784668.410620826,-382478.5677687451,,
WO[USDJPY Cuo 40Δ/H@5Δ  ∧  USDKRW Cuo 40Δ/H@5Δ]  1M,worst_of,monthly,2024-09-30,-275248.701712873,5509419.708907952,-657727.2694816198,,
WO[USDJPY Cuo 40Δ/H@5Δ  ∧  USDKRW Cuo 40Δ/H@5Δ]  1M,worst_of,monthly,2024-10-31,78060.98393140396,5587480.692839355,-579666.2855502162,,
WO[USDJPY Cuo 40Δ/H@5Δ  ∧  USDKRW Cuo 40Δ/H@5Δ]  1M,worst_of,monthly,2024-11-30,2179207.0389005053,7766687.731739861,-79474.0344252633,,
WO[USDJPY Cuo 40Δ/H@5Δ  ∧  USDKRW Cuo 40Δ/H@5Δ]  1M,worst_of,monthly,2024-12-31,-212061.53179210826,7554626.199947753,-291535.56621737126,,
WO[USDJPY Cuo 40Δ/H@5Δ  ∧  USDKRW Cuo 40Δ/H@5Δ]  1M,worst_of,monthly,2025-01-31,749057.094096439,8303683.294044193,-72219.88327076752,,
WO[USDJPY Cuo 40Δ/H@5Δ  ∧  USDKRW Cuo 40Δ/H@5Δ]  1M,worst_of,monthly,2025-02-28,-219976.6255139758,8083706.668530218,-292196.5087847421,,
WO[USDJPY Cuo 40Δ/H@5Δ  ∧  USDKRW Cuo 40Δ/H@5Δ]  1M,worst_of,monthly,2025-03-31,-150357.74049017605,7933348.928040042,-442554.2492749188,,
WO[USDJPY Cuo 40Δ/H@5Δ  ∧  USDKRW Cuo 40Δ/H@5Δ]  1M,worst_of,monthly,2025-04-30,-284460.4045588365,7648888.523481205,-727014.6538337553,,
WO[USDJPY Cuo 40Δ/H@5Δ  ∧  USDKRW Cuo 40Δ/H@5Δ]  1M,worst_of,monthly,2025-05-31,-327649.44200564,7321239.081475565,-1054664.0958393952,,
WO[USDJPY Cuo 40Δ/H@5Δ  ∧  USDKRW Cuo 40Δ/H@5Δ]  1M,worst_of,monthly,2025-06-30,-389320.371046578,6931918.710428987,-1443984.4668859737,,
WO[USDJPY Cuo 40Δ/H@5Δ  ∧  USDKRW Cuo 40Δ/H@5Δ]  1M,worst_of,monthly,2025-07-31,890133.5263568141,7822052.236785801,-553850.9405291593,,
WO[USDJPY Cuo 40Δ/H@5Δ  ∧  USDKRW Cuo 40Δ/H@5Δ]  1M,worst_of,monthly,2025-08-31,79842.23434696565,7901894.471132766,-474008.70618219394,,
WO[USDJPY Cuo 40Δ/H@5Δ  ∧  USDKRW Cuo 40Δ/H@5Δ]  1M,worst_of,monthly,2025-09-30,139734.6814431972,8041629.152575963,-334274.0247389972,,
WO[USDJPY Cuo 40Δ/H@5Δ  ∧  USDKRW Cuo 40Δ/H@5Δ]  1M,worst_of,monthly,2025-10-31,1721622.8548875856,9763252.00746355,0.0,,
WO[USDJPY Cuo 40Δ/H@5Δ  ∧  USDKRW Cuo 40Δ/H@5Δ]  1M,worst_of,monthly,2025-11-30,1638939.9726080282,11402191.980071576,0.0,,
WO[USDJPY Cuo 40Δ/H@5Δ  ∧  USDKRW Cuo 40Δ/H@5Δ]  1M,worst_of,monthly,2025-12-31,144546.0652077911,11546738.045279365,-183093.98923555017,,
WO[USDJPY Cuo 40Δ/H@5Δ  ∧  USDKRW Cuo 40Δ/H@5Δ]  1M,worst_of,monthly,2026-01-31,-227474.88484033645,11319263.160439027,-410568.8740758877,,
WO[USDJPY Cuo 40Δ/H@5Δ  ∧  USDKRW Cuo 40Δ/H@5Δ]  1M,worst_of,monthly,2026-02-28,-321361.01667009975,10997902.143768925,-731929.89074599,,
WO[USDJPY Cuo 40Δ/H@5Δ  ∧  USDKRW Cuo 40Δ/H@5Δ]  1M,worst_of,monthly,2026-03-31,86006.6677620752,11083908.811531002,-645923.2229839135,,
WO[USDJPY Cuo 40Δ/H@5Δ  ∧  USDKRW Cuo 40Δ/H@5Δ]  1M,worst_of,monthly,2026-04-30,-64742.802000592295,11019166.00953041,-710666.024984505,,
WO[USDJPY Cuo 40Δ/H@5Δ  ∧  USDKRW Cuo 40Δ/H@5Δ]  1M,worst_of,monthly,2026-05-31,-59501.095933528384,10959664.913596882,-770167.1209180336,,
WO[USDJPY Cuo 40Δ/H@5Δ  ∧  USDKRW Cuo 40Δ/H@5Δ]  1M,worst_of,annual,2023-12-31,3240985.444485211,3240985.444485212,-561856.9410653664,,
WO[USDJPY Cuo 40Δ/H@5Δ  ∧  USDKRW Cuo 40Δ/H@5Δ]  1M,worst_of,annual,2024-12-31,4313640.75546254,7554626.199947753,-291535.56621737126,,
WO[USDJPY Cuo 40Δ/H@5Δ  ∧  USDKRW Cuo 40Δ/H@5Δ]  1M,worst_of,annual,2025-12-31,3992111.845331615,11546738.045279365,-183093.98923555017,,
WO[USDJPY Cuo 40Δ/H@5Δ  ∧  USDKRW Cuo 40Δ/H@5Δ]  1M,worst_of,annual,2026-12-31,-587073.1316824816,10959664.913596882,-770167.1209180336,,
WO[USDJPY Cuo 40Δ/H@5Δ  ∧  USDKRW Cuo 40Δ/H@5Δ]  6W,worst_of,monthly,2023-02-28,955682.7304232722,955682.7304232722,-33413.11279246851,,
WO[USDJPY Cuo 40Δ/H@5Δ  ∧  USDKRW Cuo 40Δ/H@5Δ]  6W,worst_of,monthly,2023-03-31,-270447.51456078095,685235.2158624912,-303860.6273532496,,
WO[USDJPY Cuo 40Δ/H@5Δ  ∧  USDKRW Cuo 40Δ/H@5Δ]  6W,worst_of,monthly,2023-04-30,-127551.31207612477,557683.9037863665,-431411.9394293743,,
WO[USDJPY Cuo 40Δ/H@5Δ  ∧  USDKRW Cuo 40Δ/H@5Δ]  6W,worst_of,monthly,2023-05-31,1227405.1243264645,1785089.0281128308,-32258.187902396545,,
WO[USDJPY Cuo 40Δ/H@5Δ  ∧  USDKRW Cuo 40Δ/H@5Δ]  6W,worst_of,monthly,2023-06-30,-304998.5586095227,1480090.4695033086,-337256.7465119187,,
WO[USDJPY Cuo 40Δ/H@5Δ  ∧  USDKRW Cuo 40Δ/H@5Δ]  6W,worst_of,monthly,2023-07-31,-281386.03632674064,1198704.4331765678,-618642.7828386596,,
WO[USDJPY Cuo 40Δ/H@5Δ  ∧  USDKRW Cuo 40Δ/H@5Δ]  6W,worst_of,monthly,2023-08-31,565333.1682991163,1764037.6014756844,-109052.44746539625,,
WO[USDJPY Cuo 40Δ/H@5Δ  ∧  USDKRW Cuo 40Δ/H@5Δ]  6W,worst_of,monthly,2023-09-30,1069651.4367944528,2833689.0382701363,-19084.34363820171,,
WO[USDJPY Cuo 40Δ/H@5Δ  ∧  USDKRW Cuo 40Δ/H@5Δ]  6W,worst_of,monthly,2023-10-31,1893121.5067620305,4726810.545032167,0.0,,
WO[USDJPY Cuo 40Δ/H@5Δ  ∧  USDKRW Cuo 40Δ/H@5Δ]  6W,worst_of,monthly,2023-11-30,-110916.31089163336,4615894.234140534,-244664.5387690924,,
WO[USDJPY Cuo 40Δ/H@5Δ  ∧  USDKRW Cuo 40Δ/H@5Δ]  6W,worst_of,monthly,2023-12-31,-324162.4302652129,4291731.803875322,-568826.9690343039,,
WO[USDJPY Cuo 40Δ/H@5Δ  ∧  USDKRW Cuo 40Δ/H@5Δ]  6W,worst_of,monthly,2024-01-31,1152991.1255682597,5444722.929443582,0.0,,
WO[USDJPY Cuo 40Δ/H@5Δ  ∧  USDKRW Cuo 40Δ/H@5Δ]  6W,worst_of,monthly,2024-02-29,1041430.5021799798,6486153.431623561,-49579.29292242788,,
WO[USDJPY Cuo 40Δ/H@5Δ  ∧  USDKRW Cuo 40Δ/H@5Δ]  6W,worst_of,monthly,2024-03-31,-90278.50842992016,6395874.923193643,-139857.80135234632,,
WO[USDJPY Cuo 40Δ/H@5Δ  ∧  USDKRW Cuo 40Δ/H@5Δ]  6W,worst_of,monthly,2024-04-30,466209.52216958767,6862084.44536323,-167136.32146843057,,
WO[USDJPY Cuo 40Δ/H@5Δ  ∧  USDKRW Cuo 40Δ/H@5Δ]  6W,worst_of,monthly,2024-05-31,-300378.41689384653,6561706.028469381,-467514.7383622797,,
WO[USDJPY Cuo 40Δ/H@5Δ  ∧  USDKRW Cuo 40Δ/H@5Δ]  6W,worst_of,monthly,2024-06-30,691207.6229037123,7252913.651373094,0.0,,
WO[USDJPY Cuo 40Δ/H@5Δ  ∧  USDKRW Cuo 40Δ/H@5Δ]  6W,worst_of,monthly,2024-07-31,577167.1908418424,7830080.8422149345,-148488.7648860719,,
WO[USDJPY Cuo 40Δ/H@5Δ  ∧  USDKRW Cuo 40Δ/H@5Δ]  6W,worst_of,monthly,2024-08-31,-264879.31259055174,7565201.529624384,-413368.07747662254,,
WO[USDJPY Cuo 40Δ/H@5Δ  ∧  USDKRW Cuo 40Δ/H@5Δ]  6W,worst_of,monthly,2024-09-30,-270077.565884253,7295123.963740131,-683445.6433608755,,
WO[USDJPY Cuo 40Δ/H@5Δ  ∧  USDKRW Cuo 40Δ/H@5Δ]  6W,worst_of,monthly,2024-10-31,1194132.0546243424,8489256.018364476,-67296.53835421056,,
WO[USDJPY Cuo 40Δ/H@5Δ  ∧  USDKRW Cuo 40Δ/H@5Δ]  6W,worst_of,monthly,2024-11-30,1577513.0140836858,10066769.03244816,-18888.604973128065,,
WO[USDJPY Cuo 40Δ/H@5Δ  ∧  USDKRW Cuo 40Δ/H@5Δ]  6W,worst_of,monthly,2024-12-31,366315.3954154449,10433084.427863603,-45920.01254992932,,
WO[USDJPY Cuo 40Δ/H@5Δ  ∧  USDKRW Cuo 40Δ/H@5Δ]  6W,worst_of,monthly,2025-01-31,296608.90290103736,10729693.33076464,-124981.50651839189,,
WO[USDJPY Cuo 40Δ/H@5Δ  ∧  USDKRW Cuo 40Δ/H@5Δ]  6W,worst_of,monthly,2025-02-28,-215327.34040708965,10514365.990357546,-340308.8469254859,,
WO[USDJPY Cuo 40Δ/H@5Δ  ∧  USDKRW Cuo 40Δ/H@5Δ]  6W,worst_of,monthly,2025-03-31,-247975.0514413143,10266390.938916232,-588283.8983667996,,
WO[USDJPY Cuo 40Δ/H@5Δ  ∧  USDKRW Cuo 40Δ/H@5Δ]  6W,worst_of,monthly,2025-04-30,-307065.79013511917,9959325.148781115,-895349.6885019168,,
WO[USDJPY Cuo 40Δ/H@5Δ  ∧  USDKRW Cuo 40Δ/H@5Δ]  6W,worst_of,monthly,2025-05-31,-332909.8866722921,9626415.26210882,-1228259.5751742125,,
WO[USDJPY Cuo 40Δ/H@5Δ  ∧  USDKRW Cuo 40Δ/H@5Δ]  6W,worst_of,monthly,2025-06-30,-380912.3073884788,9245502.954720343,-1609171.8825626895,,
WO[USDJPY Cuo 40Δ/H@5Δ  ∧  USDKRW Cuo 40Δ/H@5Δ]  6W,worst_of,monthly,2025-07-31,327898.4334345579,9573401.388154903,-1281273.4491281286,,
WO[USDJPY Cuo 40Δ/H@5Δ  ∧  USDKRW Cuo 40Δ/H@5Δ]  6W,worst_of,monthly,2025-08-31,925242.2672194778,10498643.655374378,-356031.18190865405,,
WO[USDJPY Cuo 40Δ/H@5Δ  ∧  USDKRW Cuo 40Δ/H@5Δ]  6W,worst_of,monthly,2025-09-30,-60327.722759687065,10438315.932614692,-416358.90466834046,,
WO[USDJPY Cuo 40Δ/H@5Δ  ∧  USDKRW Cuo 40Δ/H@5Δ]  6W,worst_of,monthly,2025-10-31,2849987.231979676,13288303.164594367,0.0,,
WO[USDJPY Cuo 40Δ/H@5Δ  ∧  USDKRW Cuo 40Δ/H@5Δ]  6W,worst_of,monthly,2025-11-30,2193975.4921095655,15482278.656703928,0.0,,
WO[USDJPY Cuo 40Δ/H@5Δ  ∧  USDKRW Cuo 40Δ/H@5Δ]  6W,worst_of,monthly,2025-12-31,1738343.8438447108,17220622.500548642,-97601.0693609789,,
WO[USDJPY Cuo 40Δ/H@5Δ  ∧  USDKRW Cuo 40Δ/H@5Δ]  6W,worst_of,monthly,2026-01-31,-353837.89089297166,16866784.609655675,-451438.9602539465,,
WO[USDJPY Cuo 40Δ/H@5Δ  ∧  USDKRW Cuo 40Δ/H@5Δ]  6W,worst_of,monthly,2026-02-28,-270961.94736723736,16595822.66228844,-722400.9076211806,,
WO[USDJPY Cuo 40Δ/H@5Δ  ∧  USDKRW Cuo 40Δ/H@5Δ]  6W,worst_of,monthly,2026-03-31,1958764.5252966646,18554587.187585108,-37726.111265774816,,
WO[USDJPY Cuo 40Δ/H@5Δ  ∧  USDKRW Cuo 40Δ/H@5Δ]  6W,worst_of,monthly,2026-04-30,-321020.58724236634,18233566.600342743,-358746.6985081397,,
WO[USDJPY Cuo 40Δ/H@5Δ  ∧  USDKRW Cuo 40Δ/H@5Δ]  6W,worst_of,monthly,2026-05-31,-69926.18218258923,18163640.418160155,-428672.8806907274,,
WO[USDJPY Cuo 40Δ/H@5Δ  ∧  USDKRW Cuo 40Δ/H@5Δ]  6W,worst_of,annual,2023-12-31,4291731.803875321,4291731.803875322,-568826.9690343039,,
WO[USDJPY Cuo 40Δ/H@5Δ  ∧  USDKRW Cuo 40Δ/H@5Δ]  6W,worst_of,annual,2024-12-31,6141352.623988284,10433084.427863603,-45920.01254992932,,
WO[USDJPY Cuo 40Δ/H@5Δ  ∧  USDKRW Cuo 40Δ/H@5Δ]  6W,worst_of,annual,2025-12-31,6787538.072685044,17220622.500548642,-97601.0693609789,,
WO[USDJPY Cuo 40Δ/H@5Δ  ∧  USDKRW Cuo 40Δ/H@5Δ]  6W,worst_of,annual,2026-12-31,943017.9176114999,18163640.418160155,-428672.8806907274,,
WO[USDJPY Cuo 40Δ/H@5Δ  ∧  USDKRW Cuo 40Δ/H@5Δ]  10W,worst_of,monthly,2023-03-31,1096747.2613395285,1096747.2613395285,0.0,,
WO[USDJPY Cuo 40Δ/H@5Δ  ∧  USDKRW Cuo 40Δ/H@5Δ]  10W,worst_of,monthly,2023-04-30,607531.7043099408,1704278.9656494695,0.0,,
WO[USDJPY Cuo 40Δ/H@5Δ  ∧  USDKRW Cuo 40Δ/H@5Δ]  10W,worst_of,monthly,2023-05-31,-54562.34092062527,1649716.6247288445,-276426.28217501985,,
WO[USDJPY Cuo 40Δ/H@5Δ  ∧  USDKRW Cuo 40Δ/H@5Δ]  10W,worst_of,monthly,2023-06-30,-178105.5697320108,1471611.0549968332,-454531.85190703114,,
WO[USDJPY Cuo 40Δ/H@5Δ  ∧  USDKRW Cuo 40Δ/H@5Δ]  10W,worst_of,monthly,2023-07-31,-330874.9171883559,1140736.1378084775,-785406.7690953868,,
WO[USDJPY Cuo 40Δ/H@5Δ  ∧  USDKRW Cuo 40Δ/H@5Δ]  10W,worst_of,monthly,2023-08-31,2965930.2581796,4106666.395988078,0.0,,
WO[USDJPY Cuo 40Δ/H@5Δ  ∧  USDKRW Cuo 40Δ/H@5Δ]  10W,worst_of,monthly,2023-09-30,1354811.8406423207,5461478.236630399,0.0,,
WO[USDJPY Cuo 40Δ/H@5Δ  ∧  USDKRW Cuo 40Δ/H@5Δ]  10W,worst_of,monthly,2023-10-31,2908041.1457080506,8369519.382338449,-3769.3766019335017,,
WO[USDJPY Cuo 40Δ/H@5Δ  ∧  USDKRW Cuo 40Δ/H@5Δ]  10W,worst_of,monthly,2023-11-30,-281252.91387605213,8088266.468462397,-372757.8491559448,,
WO[USDJPY Cuo 40Δ/H@5Δ  ∧  USDKRW Cuo 40Δ/H@5Δ]  10W,worst_of,monthly,2023-12-31,-289696.88469995715,7798569.58376244,-662454.7338559022,,
WO[USDJPY Cuo 40Δ/H@5Δ  ∧  USDKRW Cuo 40Δ/H@5Δ]  10W,worst_of,monthly,2024-01-31,-426865.3989726156,7371704.184789823,-1089320.1328285187,,
WO[USDJPY Cuo 40Δ/H@5Δ  ∧  USDKRW Cuo 40Δ/H@5Δ]  10W,worst_of,monthly,2024-02-29,1463631.0574322648,8835335.242222091,0.0,,
WO[USDJPY Cuo 40Δ/H@5Δ  ∧  USDKRW Cuo 40Δ/H@5Δ]  10W,worst_of,monthly,2024-03-31,985429.4157526126,9820764.657974703,-77522.23666880466,,
WO[USDJPY Cuo 40Δ/H@5Δ  ∧  USDKRW Cuo 40Δ/H@5Δ]  10W,worst_of,monthly,2024-04-30,2647179.716410444,12467944.374385146,-54491.197309168056,,
WO[USDJPY Cuo 40Δ/H@5Δ  ∧  USDKRW Cuo 40Δ/H@5Δ]  10W,worst_of,monthly,2024-05-31,-359848.8790543832,12108095.495330764,-414340.0763635505,,
WO[USDJPY Cuo 40Δ/H@5Δ  ∧  USDKRW Cuo 40Δ/H@5Δ]  10W,worst_of,monthly,2024-06-30,-145840.5643892824,11962254.930941483,-560180.6407528315,,
WO[USDJPY Cuo 40Δ/H@5Δ  ∧  USDKRW Cuo 40Δ/H@5Δ]  10W,worst_of,monthly,2024-07-31,107930.7593041523,12070185.690245636,-452249.8814486787,,
WO[USDJPY Cuo 40Δ/H@5Δ  ∧  USDKRW Cuo 40Δ/H@5Δ]  10W,worst_of,monthly,2024-08-31,-350813.2216192743,11719372.468626365,-803063.1030679494,,
WO[USDJPY Cuo 40Δ/H@5Δ  ∧  USDKRW Cuo 40Δ/H@5Δ]  10W,worst_of,monthly,2024-09-30,-304036.96489446436,11415335.503731906,-1107100.067962408,,
WO[USDJPY Cuo 40Δ/H@5Δ  ∧  USDKRW Cuo 40Δ/H@5Δ]  10W,worst_of,monthly,2024-10-31,1119949.4547086314,12535284.958440538,0.0,,
WO[USDJPY Cuo 40Δ/H@5Δ  ∧  USDKRW Cuo 40Δ/H@5Δ]  10W,worst_of,monthly,2024-11-30,2461995.251100761,14997280.2095413,-210590.11891883053,,
WO[USDJPY Cuo 40Δ/H@5Δ  ∧  USDKRW Cuo 40Δ/H@5Δ]  10W,worst_of,monthly,2024-12-31,1032017.5668015516,16029297.77634285,-66285.45620166324,,
WO[USDJPY Cuo 40Δ/H@5Δ  ∧  USDKRW Cuo 40Δ/H@5Δ]  10W,worst_of,monthly,2025-01-31,2565328.7918240693,18594626.568166927,-90105.64559054375,,
WO[USDJPY Cuo 40Δ/H@5Δ  ∧  USDKRW Cuo 40Δ/H@5Δ]  10W,worst_of,monthly,2025-02-28,243866.6591542777,18838493.227321204,-142493.11723985523,,
WO[USDJPY Cuo 40Δ/H@5Δ  ∧  USDKRW Cuo 40Δ/H@5Δ]  10W,worst_of,monthly,2025-03-31,-275599.0492199684,18562894.178101238,-418092.16645982116,,
WO[USDJPY Cuo 40Δ/H@5Δ  ∧  USDKRW Cuo 40Δ/H@5Δ]  10W,worst_of,monthly,2025-04-30,-315338.9850735596,18247555.19302768,-733431.1515333802,,
WO[USDJPY Cuo 40Δ/H@5Δ  ∧  USDKRW Cuo 40Δ/H@5Δ]  10W,worst_of,monthly,2025-05-31,-365177.30257051135,17882377.890457172,-1098608.454103887,,
WO[USDJPY Cuo 40Δ/H@5Δ  ∧  USDKRW Cuo 40Δ/H@5Δ]  10W,worst_of,monthly,2025-06-30,-381673.1168728266,17500704.773584347,-1480281.5709767118,,
WO[USDJPY Cuo 40Δ/H@5Δ  ∧  USDKRW Cuo 40Δ/H@5Δ]  10W,worst_of,monthly,2025-07-31,-488563.8321077274,17012140.94147662,-1968845.4030844383,,
WO[USDJPY Cuo 40Δ/H@5Δ  ∧  USDKRW Cuo 40Δ/H@5Δ]  10W,worst_of,monthly,2025-08-31,667715.4089309431,17679856.350407563,-1301129.9941534959,,
WO[USDJPY Cuo 40Δ/H@5Δ  ∧  USDKRW Cuo 40Δ/H@5Δ]  10W,worst_of,monthly,2025-09-30,925461.9054566298,18605318.255864196,-375668.0886968635,,
WO[USDJPY Cuo 40Δ/H@5Δ  ∧  USDKRW Cuo 40Δ/H@5Δ]  10W,worst_of,monthly,2025-10-31,2791607.1021945365,21396925.358058732,0.0,,
WO[USDJPY Cuo 40Δ/H@5Δ  ∧  USDKRW Cuo 40Δ/H@5Δ]  10W,worst_of,monthly,2025-11-30,1896091.4285947138,23293016.786653448,-246127.71561191976,,
WO[USDJPY Cuo 40Δ/H@5Δ  ∧  USDKRW Cuo 40Δ/H@5Δ]  10W,worst_of,monthly,2025-12-31,1505848.2466398638,24798865.03329331,-35937.972852028906,,
WO[USDJPY Cuo 40Δ/H@5Δ  ∧  USDKRW Cuo 40Δ/H@5Δ]  10W,worst_of,monthly,2026-01-31,657129.7023157021,25455994.735609014,-144096.33587516844,,
WO[USDJPY Cuo 40Δ/H@5Δ  ∧  USDKRW Cuo 40Δ/H@5Δ]  10W,worst_of,monthly,2026-02-28,-399731.20056646015,25056263.535042558,-543827.5364416242,,
WO[USDJPY Cuo 40Δ/H@5Δ  ∧  USDKRW Cuo 40Δ/H@5Δ]  10W,worst_of,monthly,2026-03-31,589876.0956069884,25646139.63064955,-19259.973351702094,,
WO[USDJPY Cuo 40Δ/H@5Δ  ∧  USDKRW Cuo 40Δ/H@5Δ]  10W,worst_of,monthly,2026-04-30,619683.353632559,26265822.984282106,-20166.302558545023,,
WO[USDJPY Cuo 40Δ/H@5Δ  ∧  USDKRW Cuo 40Δ/H@5Δ]  10W,worst_of,monthly,2026-05-31,-64308.66373310717,26201514.320549,-113266.79168155417,,
WO[USDJPY Cuo 40Δ/H@5Δ  ∧  USDKRW Cuo 40Δ/H@5Δ]  10W,worst_of,annual,2023-12-31,7798569.583762439,7798569.58376244,-662454.7338559022,,
WO[USDJPY Cuo 40Δ/H@5Δ  ∧  USDKRW Cuo 40Δ/H@5Δ]  10W,worst_of,annual,2024-12-31,8230728.192580397,16029297.77634285,-66285.45620166324,,
WO[USDJPY Cuo 40Δ/H@5Δ  ∧  USDKRW Cuo 40Δ/H@5Δ]  10W,worst_of,annual,2025-12-31,8769567.25695044,24798865.03329331,-35937.972852028906,,
WO[USDJPY Cuo 40Δ/H@5Δ  ∧  USDKRW Cuo 40Δ/H@5Δ]  10W,worst_of,annual,2026-12-31,1402649.287255682,26201514.320549,-113266.79168155417,,
WO[USDJPY Cuo 40Δ/H@5Δ  ∧  USDKRW Cuo 40Δ/H@5Δ]  3M,worst_of,monthly,2023-03-31,63856.86917933082,63856.86917933082,0.0,,
WO[USDJPY Cuo 40Δ/H@5Δ  ∧  USDKRW Cuo 40Δ/H@5Δ]  3M,worst_of,monthly,2023-04-30,2271927.3328652717,2335784.2020446025,-72691.79738971218,,
WO[USDJPY Cuo 40Δ/H@5Δ  ∧  USDKRW Cuo 40Δ/H@5Δ]  3M,worst_of,monthly,2023-05-31,1763328.7340935573,4099112.93613816,-36876.233828023076,,
WO[USDJPY Cuo 40Δ/H@5Δ  ∧  USDKRW Cuo 40Δ/H@5Δ]  3M,worst_of,monthly,2023-06-30,-334833.90415467636,3764279.0319834827,-371710.1379827005,,
WO[USDJPY Cuo 40Δ/H@5Δ  ∧  USDKRW Cuo 40Δ/H@5Δ]  3M,worst_of,monthly,2023-07-31,-375322.2018534939,3388956.830129988,-747032.3398361951,,
WO[USDJPY Cuo 40Δ/H@5Δ  ∧  USDKRW Cuo 40Δ/H@5Δ]  3M,worst_of,monthly,2023-08-31,-170968.59932387903,3217988.23080611,-918000.9391600732,,
WO[USDJPY Cuo 40Δ/H@5Δ  ∧  USDKRW Cuo 40Δ/H@5Δ]  3M,worst_of,monthly,2023-09-30,4059743.675656715,7277731.906462824,0.0,,
WO[USDJPY Cuo 40Δ/H@5Δ  ∧  USDKRW Cuo 40Δ/H@5Δ]  3M,worst_of,monthly,2023-10-31,4104609.343327879,11382341.249790706,0.0,,
WO[USDJPY Cuo 40Δ/H@5Δ  ∧  USDKRW Cuo 40Δ/H@5Δ]  3M,worst_of,monthly,2023-11-30,403042.49187428114,11785383.741664987,-388162.4120322857,,
WO[USDJPY Cuo 40Δ/H@5Δ  ∧  USDKRW Cuo 40Δ/H@5Δ]  3M,worst_of,monthly,2023-12-31,-376455.04604932416,11408928.695615659,-764617.4580816142,,
WO[USDJPY Cuo 40Δ/H@5Δ  ∧  USDKRW Cuo 40Δ/H@5Δ]  3M,worst_of,monthly,2024-01-31,-368911.7034509039,11040016.99216475,-1133529.161532523,,
WO[USDJPY Cuo 40Δ/H@5Δ  ∧  USDKRW Cuo 40Δ/H@5Δ]  3M,worst_of,monthly,2024-02-29,940630.2466090575,11980647.238773806,-192898.91492346674,,
WO[USDJPY Cuo 40Δ/H@5Δ  ∧  USDKRW Cuo 40Δ/H@5Δ]  3M,worst_of,monthly,2024-03-31,2129776.6678439383,14110423.906617744,0.0,,
WO[USDJPY Cuo 40Δ/H@5Δ  ∧  USDKRW Cuo 40Δ/H@5Δ]  3M,worst_of,monthly,2024-04-30,4114543.984256743,18224967.890874483,-81774.71088926122,,
WO[USDJPY Cuo 40Δ/H@5Δ  ∧  USDKRW Cuo 40Δ/H@5Δ]  3M,worst_of,monthly,2024-05-31,50564.80558799012,18275532.696462475,-199356.05962514132,,
WO[USDJPY Cuo 40Δ/H@5Δ  ∧  USDKRW Cuo 40Δ/H@5Δ]  3M,worst_of,monthly,2024-06-30,-19038.72320579212,18256493.973256685,-218394.78283093125,,
WO[USDJPY Cuo 40Δ/H@5Δ  ∧  USDKRW Cuo 40Δ/H@5Δ]  3M,worst_of,monthly,2024-07-31,-346052.67837899266,17910441.294877693,-564447.461209923,,
WO[USDJPY Cuo 40Δ/H@5Δ  ∧  USDKRW Cuo 40Δ/H@5Δ]  3M,worst_of,monthly,2024-08-31,-358710.1703540931,17551731.124523602,-923157.6315640137,,
WO[USDJPY Cuo 40Δ/H@5Δ  ∧  USDKRW Cuo 40Δ/H@5Δ]  3M,worst_of,monthly,2024-09-30,-358447.98396770924,17193283.140555892,-1281605.615531724,,
WO[USDJPY Cuo 40Δ/H@5Δ  ∧  USDKRW Cuo 40Δ/H@5Δ]  3M,worst_of,monthly,2024-10-31,-367432.2048034677,16825850.935752425,-1649037.8203351907,,
WO[USDJPY Cuo 40Δ/H@5Δ  ∧  USDKRW Cuo 40Δ/H@5Δ]  3M,worst_of,monthly,2024-11-30,4371586.1458222335,21197437.081574652,0.0,,
WO[USDJPY Cuo 40Δ/H@5Δ  ∧  USDKRW Cuo 40Δ/H@5Δ]  3M,worst_of,monthly,2024-12-31,-244589.80265875108,20952847.278915904,-381769.5236623399,,
WO[USDJPY Cuo 40Δ/H@5Δ  ∧  USDKRW Cuo 40Δ/H@5Δ]  3M,worst_of,monthly,2025-01-31,923031.8714863352,21875879.150402248,0.0,,
WO[USDJPY Cuo 40Δ/H@5Δ  ∧  USDKRW Cuo 40Δ/H@5Δ]  3M,worst_of,monthly,2025-02-28,-270248.385031036,21605630.765371215,-373283.186990872,,
WO[USDJPY Cuo 40Δ/H@5Δ  ∧  USDKRW Cuo 40Δ/H@5Δ]  3M,worst_of,monthly,2025-03-31,-303313.9977753654,21302316.767595842,-676597.1847662441,,
WO[USDJPY Cuo 40Δ/H@5Δ  ∧  USDKRW Cuo 40Δ/H@5Δ]  3M,worst_of,monthly,2025-04-30,-294313.04892176675,21008003.718674075,-970910.2336880118,,
WO[USDJPY Cuo 40Δ/H@5Δ  ∧  USDKRW Cuo 40Δ/H@5Δ]  3M,worst_of,monthly,2025-05-31,-382095.0598110515,20625908.65886302,-1353005.2934990674,,
WO[USDJPY Cuo 40Δ/H@5Δ  ∧  USDKRW Cuo 40Δ/H@5Δ]  3M,worst_of,monthly,2025-06-30,-392769.39654197986,20233139.26232103,-1745774.6900410578,,
WO[USDJPY Cuo 40Δ/H@5Δ  ∧  USDKRW Cuo 40Δ/H@5Δ]  3M,worst_of,monthly,2025-07-31,-466940.7540442793,19766198.508276746,-2212715.444085341,,
WO[USDJPY Cuo 40Δ/H@5Δ  ∧  USDKRW Cuo 40Δ/H@5Δ]  3M,worst_of,monthly,2025-08-31,-311316.9733485236,19454881.53492822,-2524032.4174338654,,
WO[USDJPY Cuo 40Δ/H@5Δ  ∧  USDKRW Cuo 40Δ/H@5Δ]  3M,worst_of,monthly,2025-09-30,1533145.7409184559,20988027.27584668,-990886.6765154079,,
WO[USDJPY Cuo 40Δ/H@5Δ  ∧  USDKRW Cuo 40Δ/H@5Δ]  3M,worst_of,monthly,2025-10-31,4082297.604565337,25070324.880412012,0.0,,
WO[USDJPY Cuo 40Δ/H@5Δ  ∧  USDKRW Cuo 40Δ/H@5Δ]  3M,worst_of,monthly,2025-11-30,5963684.941733645,31034009.82214566,0.0,,
WO[USDJPY Cuo 40Δ/H@5Δ  ∧  USDKRW Cuo 40Δ/H@5Δ]  3M,worst_of,monthly,2025-12-31,3347794.2199461404,34381804.042091794,0.0,,
WO[USDJPY Cuo 40Δ/H@5Δ  ∧  USDKRW Cuo 40Δ/H@5Δ]  3M,worst_of,monthly,2026-01-31,1988083.8013737316,36369887.84346552,-99114.09260964394,,
WO[USDJPY Cuo 40Δ/H@5Δ  ∧  USDKRW Cuo 40Δ/H@5Δ]  3M,worst_of,monthly,2026-02-28,-191811.9510737437,36178075.89239178,-370646.81586039066,,
WO[USDJPY Cuo 40Δ/H@5Δ  ∧  USDKRW Cuo 40Δ/H@5Δ]  3M,worst_of,monthly,2026-03-31,722838.1354970882,36900914.027888864,0.0,,
WO[USDJPY Cuo 40Δ/H@5Δ  ∧  USDKRW Cuo 40Δ/H@5Δ]  3M,worst_of,monthly,2026-04-30,927310.6117590119,37828224.63964788,0.0,,
WO[USDJPY Cuo 40Δ/H@5Δ  ∧  USDKRW Cuo 40Δ/H@5Δ]  3M,worst_of,monthly,2026-05-31,-112241.07793036745,37715983.56171751,-117905.46435289085,,
WO[USDJPY Cuo 40Δ/H@5Δ  ∧  USDKRW Cuo 40Δ/H@5Δ]  3M,worst_of,annual,2023-12-31,11408928.695615662,11408928.695615659,-764617.4580816142,,
WO[USDJPY Cuo 40Δ/H@5Δ  ∧  USDKRW Cuo 40Δ/H@5Δ]  3M,worst_of,annual,2024-12-31,9543918.583300253,20952847.278915904,-381769.5236623399,,
WO[USDJPY Cuo 40Δ/H@5Δ  ∧  USDKRW Cuo 40Δ/H@5Δ]  3M,worst_of,annual,2025-12-31,13428956.76317591,34381804.042091794,0.0,,
WO[USDJPY Cuo 40Δ/H@5Δ  ∧  USDKRW Cuo 40Δ/H@5Δ]  3M,worst_of,annual,2026-12-31,3334179.5196257206,37715983.56171751,-117905.46435289085,,
WO[USDJPY Cuo 35Δ/H@20Δ  ∧  USDKRW Cuo 35Δ/H@20Δ]  2M,worst_of,monthly,2023-03-31,-78809.16148943995,-78809.16148943997,-67311.26844419417,,
WO[USDJPY Cuo 35Δ/H@20Δ  ∧  USDKRW Cuo 35Δ/H@20Δ]  2M,worst_of,monthly,2023-04-30,-68412.68715343703,-147221.848642877,-135723.95559763123,,
WO[USDJPY Cuo 35Δ/H@20Δ  ∧  USDKRW Cuo 35Δ/H@20Δ]  2M,worst_of,monthly,2023-05-31,-27916.832078619973,-175138.680721497,-163640.7876762512,,
WO[USDJPY Cuo 35Δ/H@20Δ  ∧  USDKRW Cuo 35Δ/H@20Δ]  2M,worst_of,monthly,2023-06-30,-82703.86950432211,-257842.55022581914,-246344.65718057335,,
WO[USDJPY Cuo 35Δ/H@20Δ  ∧  USDKRW Cuo 35Δ/H@20Δ]  2M,worst_of,monthly,2023-07-31,-65226.85443288562,-323069.4046587047,-311571.5116134589,,
WO[USDJPY Cuo 35Δ/H@20Δ  ∧  USDKRW Cuo 35Δ/H@20Δ]  2M,worst_of,monthly,2023-08-31,-64863.80353774046,-387933.2081964452,-376435.3151511994,,
WO[USDJPY Cuo 35Δ/H@20Δ  ∧  USDKRW Cuo 35Δ/H@20Δ]  2M,worst_of,monthly,2023-09-30,-74052.62639406351,-461985.8345905088,-450487.941545263,,
WO[USDJPY Cuo 35Δ/H@20Δ  ∧  USDKRW Cuo 35Δ/H@20Δ]  2M,worst_of,monthly,2023-10-31,-64810.28899477247,-526796.1235852813,-515298.2305400355,,
WO[USDJPY Cuo 35Δ/H@20Δ  ∧  USDKRW Cuo 35Δ/H@20Δ]  2M,worst_of,monthly,2023-11-30,-63598.11315780239,-590394.2367430836,-578896.3436978378,,
WO[USDJPY Cuo 35Δ/H@20Δ  ∧  USDKRW Cuo 35Δ/H@20Δ]  2M,worst_of,monthly,2023-12-31,-61852.39932401375,-652246.6360670973,-640748.7430218515,,
WO[USDJPY Cuo 35Δ/H@20Δ  ∧  USDKRW Cuo 35Δ/H@20Δ]  2M,worst_of,monthly,2024-01-31,-65137.55789458524,-717384.1939616824,-705886.3009164366,,
WO[USDJPY Cuo 35Δ/H@20Δ  ∧  USDKRW Cuo 35Δ/H@20Δ]  2M,worst_of,monthly,2024-02-29,-41179.08936330525,-758563.2833249874,-747065.3902797416,,
WO[USDJPY Cuo 35Δ/H@20Δ  ∧  USDKRW Cuo 35Δ/H@20Δ]  2M,worst_of,monthly,2024-03-31,-67198.22301744865,-825761.5063424361,-814263.6132971903,,
WO[USDJPY Cuo 35Δ/H@20Δ  ∧  USDKRW Cuo 35Δ/H@20Δ]  2M,worst_of,monthly,2024-04-30,-48164.16617162474,-873925.6725140607,-862427.779468815,,
WO[USDJPY Cuo 35Δ/H@20Δ  ∧  USDKRW Cuo 35Δ/H@20Δ]  2M,worst_of,monthly,2024-05-31,-69728.3520785376,-943654.0245925986,-932156.1315473528,,
WO[USDJPY Cuo 35Δ/H@20Δ  ∧  USDKRW Cuo 35Δ/H@20Δ]  2M,worst_of,monthly,2024-06-30,-60312.27982648595,-1003966.3044190846,-992468.4113738388,,
WO[USDJPY Cuo 35Δ/H@20Δ  ∧  USDKRW Cuo 35Δ/H@20Δ]  2M,worst_of,monthly,2024-07-31,-56648.0433047014,-1060614.347723786,-1049116.4546785401,,
WO[USDJPY Cuo 35Δ/H@20Δ  ∧  USDKRW Cuo 35Δ/H@20Δ]  2M,worst_of,monthly,2024-08-31,-69392.81781815755,-1130007.1655419436,-1118509.2724966977,,
WO[USDJPY Cuo 35Δ/H@20Δ  ∧  USDKRW Cuo 35Δ/H@20Δ]  2M,worst_of,monthly,2024-09-30,-68333.44721591745,-1198340.612757861,-1186842.719712615,,
WO[USDJPY Cuo 35Δ/H@20Δ  ∧  USDKRW Cuo 35Δ/H@20Δ]  2M,worst_of,monthly,2024-10-31,-10459.149886387826,-1208799.7626442488,-1197301.8695990029,,
WO[USDJPY Cuo 35Δ/H@20Δ  ∧  USDKRW Cuo 35Δ/H@20Δ]  2M,worst_of,monthly,2024-11-30,-56778.088318576585,-1265577.8509628256,-1254079.9579175797,,
WO[USDJPY Cuo 35Δ/H@20Δ  ∧  USDKRW Cuo 35Δ/H@20Δ]  2M,worst_of,monthly,2024-12-31,-66816.97382770453,-1332394.8247905304,-1320896.9317452845,,
WO[USDJPY Cuo 35Δ/H@20Δ  ∧  USDKRW Cuo 35Δ/H@20Δ]  2M,worst_of,monthly,2025-01-31,-77011.20183965549,-1409406.0266301862,-1397908.1335849403,,
WO[USDJPY Cuo 35Δ/H@20Δ  ∧  USDKRW Cuo 35Δ/H@20Δ]  2M,worst_of,monthly,2025-02-28,-65606.36487916083,-1475012.3915093471,-1463514.4984641012,,
WO[USDJPY Cuo 35Δ/H@20Δ  ∧  USDKRW Cuo 35Δ/H@20Δ]  2M,worst_of,monthly,2025-03-31,-57153.774595410665,-1532166.166104758,-1520668.273059512,,
WO[USDJPY Cuo 35Δ/H@20Δ  ∧  USDKRW Cuo 35Δ/H@20Δ]  2M,worst_of,monthly,2025-04-30,-62075.497153809745,-1594241.6632585677,-1582743.7702133218,,
WO[USDJPY Cuo 35Δ/H@20Δ  ∧  USDKRW Cuo 35Δ/H@20Δ]  2M,worst_of,monthly,2025-05-31,-74689.4434531326,-1668931.1067117008,-1657433.213666455,,
WO[USDJPY Cuo 35Δ/H@20Δ  ∧  USDKRW Cuo 35Δ/H@20Δ]  2M,worst_of,monthly,2025-06-30,-72837.56592549778,-1741768.6726371986,-1730270.7795919527,,
WO[USDJPY Cuo 35Δ/H@20Δ  ∧  USDKRW Cuo 35Δ/H@20Δ]  2M,worst_of,monthly,2025-07-31,-74823.98776109776,-1816592.6603982963,-1805094.7673530504,,
WO[USDJPY Cuo 35Δ/H@20Δ  ∧  USDKRW Cuo 35Δ/H@20Δ]  2M,worst_of,monthly,2025-08-31,-63698.34400260636,-1880291.004400903,-1868793.111355657,,
WO[USDJPY Cuo 35Δ/H@20Δ  ∧  USDKRW Cuo 35Δ/H@20Δ]  2M,worst_of,monthly,2025-09-30,54523.22432798246,-1825767.7800729207,-1814269.8870276748,,
WO[USDJPY Cuo 35Δ/H@20Δ  ∧  USDKRW Cuo 35Δ/H@20Δ]  2M,worst_of,monthly,2025-10-31,-43775.918054778536,-1869543.6981276993,-1858045.8050824534,,
WO[USDJPY Cuo 35Δ/H@20Δ  ∧  USDKRW Cuo 35Δ/H@20Δ]  2M,worst_of,monthly,2025-11-30,-62947.15013770664,-1932490.8482654053,-1920992.9552201594,,
WO[USDJPY Cuo 35Δ/H@20Δ  ∧  USDKRW Cuo 35Δ/H@20Δ]  2M,worst_of,monthly,2025-12-31,-50568.581644542486,-1983059.4299099478,-1971561.536864702,,
WO[USDJPY Cuo 35Δ/H@20Δ  ∧  USDKRW Cuo 35Δ/H@20Δ]  2M,worst_of,monthly,2026-01-31,-73762.82780745455,-2056822.2577174027,-2045324.3646721567,,
WO[USDJPY Cuo 35Δ/H@20Δ  ∧  USDKRW Cuo 35Δ/H@20Δ]  2M,worst_of,monthly,2026-02-28,-64130.09786786036,-2120952.355585263,-2109454.4625400174,,
WO[USDJPY Cuo 35Δ/H@20Δ  ∧  USDKRW Cuo 35Δ/H@20Δ]  2M,worst_of,monthly,2026-03-31,-45439.57513651419,-2166391.9307217775,-2154894.037676532,,
WO[USDJPY Cuo 35Δ/H@20Δ  ∧  USDKRW Cuo 35Δ/H@20Δ]  2M,worst_of,monthly,2026-04-30,-59186.243347721116,-2225578.1740694987,-2214080.281024253,,
WO[USDJPY Cuo 35Δ/H@20Δ  ∧  USDKRW Cuo 35Δ/H@20Δ]  2M,worst_of,monthly,2026-05-31,-21319.680400477697,-2246897.854469976,-2235399.9614247303,,
WO[USDJPY Cuo 35Δ/H@20Δ  ∧  USDKRW Cuo 35Δ/H@20Δ]  2M,worst_of,annual,2023-12-31,-652246.6360670973,-652246.6360670973,-640748.7430218515,,
WO[USDJPY Cuo 35Δ/H@20Δ  ∧  USDKRW Cuo 35Δ/H@20Δ]  2M,worst_of,annual,2024-12-31,-680148.1887234327,-1332394.8247905304,-1320896.9317452845,,
WO[USDJPY Cuo 35Δ/H@20Δ  ∧  USDKRW Cuo 35Δ/H@20Δ]  2M,worst_of,annual,2025-12-31,-650664.6051194165,-1983059.4299099478,-1971561.536864702,,
WO[USDJPY Cuo 35Δ/H@20Δ  ∧  USDKRW Cuo 35Δ/H@20Δ]  2M,worst_of,annual,2026-12-31,-263838.4245600279,-2246897.854469976,-2235399.9614247303,,
WO[USDJPY Cuo 35Δ/H@20Δ  ∧  USDKRW Cuo 35Δ/H@20Δ]  1M,worst_of,monthly,2023-02-28,-7349.706710398942,-7349.706710398944,-35448.866616000356,,
WO[USDJPY Cuo 35Δ/H@20Δ  ∧  USDKRW Cuo 35Δ/H@20Δ]  1M,worst_of,monthly,2023-03-31,-62618.47814009488,-69968.18485049382,-98067.34475609523,,
WO[USDJPY Cuo 35Δ/H@20Δ  ∧  USDKRW Cuo 35Δ/H@20Δ]  1M,worst_of,monthly,2023-04-30,-23142.495971700308,-93110.68082219413,-121209.84072779554,,
WO[USDJPY Cuo 35Δ/H@20Δ  ∧  USDKRW Cuo 35Δ/H@20Δ]  1M,worst_of,monthly,2023-05-31,-68987.39181370962,-162098.07263590378,-190197.2325415052,,
WO[USDJPY Cuo 35Δ/H@20Δ  ∧  USDKRW Cuo 35Δ/H@20Δ]  1M,worst_of,monthly,2023-06-30,-60409.26200726164,-222507.33464316544,-250606.49454876684,,
WO[USDJPY Cuo 35Δ/H@20Δ  ∧  USDKRW Cuo 35Δ/H@20Δ]  1M,worst_of,monthly,2023-07-31,-55105.26568832582,-277612.60033149127,-305711.7602370927,,
WO[USDJPY Cuo 35Δ/H@20Δ  ∧  USDKRW Cuo 35Δ/H@20Δ]  1M,worst_of,monthly,2023-08-31,-74710.61063068672,-352323.21096217795,-380422.37086777936,,
WO[USDJPY Cuo 35Δ/H@20Δ  ∧  USDKRW Cuo 35Δ/H@20Δ]  1M,worst_of,monthly,2023-09-30,-55351.259652419205,-407674.47061459714,-435773.63052019855,,
WO[USDJPY Cuo 35Δ/H@20Δ  ∧  USDKRW Cuo 35Δ/H@20Δ]  1M,worst_of,monthly,2023-10-31,-38206.99897786651,-445881.4695924636,-473980.629498065,,
WO[USDJPY Cuo 35Δ/H@20Δ  ∧  USDKRW Cuo 35Δ/H@20Δ]  1M,worst_of,monthly,2023-11-30,-58649.37320153851,-504530.8427940021,-532630.0026996036,,
WO[USDJPY Cuo 35Δ/H@20Δ  ∧  USDKRW Cuo 35Δ/H@20Δ]  1M,worst_of,monthly,2023-12-31,-56591.347410544855,-561122.190204547,-589221.3501101484,,
WO[USDJPY Cuo 35Δ/H@20Δ  ∧  USDKRW Cuo 35Δ/H@20Δ]  1M,worst_of,monthly,2024-01-31,-58798.90706852953,-619921.0972730765,-648020.257178678,,
WO[USDJPY Cuo 35Δ/H@20Δ  ∧  USDKRW Cuo 35Δ/H@20Δ]  1M,worst_of,monthly,2024-02-29,-63885.225658557385,-683806.322931634,-711905.4828372354,,
WO[USDJPY Cuo 35Δ/H@20Δ  ∧  USDKRW Cuo 35Δ/H@20Δ]  1M,worst_of,monthly,2024-03-31,-18950.828282793867,-702757.1512144279,-730856.3111200293,,
WO[USDJPY Cuo 35Δ/H@20Δ  ∧  USDKRW Cuo 35Δ/H@20Δ]  1M,worst_of,monthly,2024-04-30,-57640.2511645292,-760397.4023789569,-788496.5622845583,,
WO[USDJPY Cuo 35Δ/H@20Δ  ∧  USDKRW Cuo 35Δ/H@20Δ]  1M,worst_of,monthly,2024-05-31,-59518.258571007784,-819915.6609499648,-848014.8208555662,,
WO[USDJPY Cuo 35Δ/H@20Δ  ∧  USDKRW Cuo 35Δ/H@20Δ]  1M,worst_of,monthly,2024-06-30,31227.768838993114,-788687.8921109717,-816787.0520165731,,
WO[USDJPY Cuo 35Δ/H@20Δ  ∧  USDKRW Cuo 35Δ/H@20Δ]  1M,worst_of,monthly,2024-07-31,-58794.63098408867,-847482.5230950604,-875581.6830006618,,
WO[USDJPY Cuo 35Δ/H@20Δ  ∧  USDKRW Cuo 35Δ/H@20Δ]  1M,worst_of,monthly,2024-08-31,-63508.38520307535,-910990.9082981357,-939090.0682037371,,
WO[USDJPY Cuo 35Δ/H@20Δ  ∧  USDKRW Cuo 35Δ/H@20Δ]  1M,worst_of,monthly,2024-09-30,-57363.87110658575,-968354.7794047213,-996453.9393103227,,
WO[USDJPY Cuo 35Δ/H@20Δ  ∧  USDKRW Cuo 35Δ/H@20Δ]  1M,worst_of,monthly,2024-10-31,-58414.87564102518,-1026769.6550457465,-1054868.814951348,,
WO[USDJPY Cuo 35Δ/H@20Δ  ∧  USDKRW Cuo 35Δ/H@20Δ]  1M,worst_of,monthly,2024-11-30,-56668.670080126314,-1083438.3251258729,-1111537.4850314744,,
WO[USDJPY Cuo 35Δ/H@20Δ  ∧  USDKRW Cuo 35Δ/H@20Δ]  1M,worst_of,monthly,2024-12-31,-62384.00947727749,-1145822.3346031504,-1173921.4945087517,,
WO[USDJPY Cuo 35Δ/H@20Δ  ∧  USDKRW Cuo 35Δ/H@20Δ]  1M,worst_of,monthly,2025-01-31,-62452.156102899295,-1208274.4907060498,-1236373.6506116511,,
WO[USDJPY Cuo 35Δ/H@20Δ  ∧  USDKRW Cuo 35Δ/H@20Δ]  1M,worst_of,monthly,2025-02-28,-53770.14959068005,-1262044.6402967295,-1290143.800202331,,
WO[USDJPY Cuo 35Δ/H@20Δ  ∧  USDKRW Cuo 35Δ/H@20Δ]  1M,worst_of,monthly,2025-03-31,-51583.539853200054,-1313628.1801499296,-1341727.340055531,,
WO[USDJPY Cuo 35Δ/H@20Δ  ∧  USDKRW Cuo 35Δ/H@20Δ]  1M,worst_of,monthly,2025-04-30,-63596.54948334522,-1377224.7296332752,-1405323.8895388767,,
WO[USDJPY Cuo 35Δ/H@20Δ  ∧  USDKRW Cuo 35Δ/H@20Δ]  1M,worst_of,monthly,2025-05-31,-67092.521038361,-1444317.250671636,-1472416.4105772376,,
WO[USDJPY Cuo 35Δ/H@20Δ  ∧  USDKRW Cuo 35Δ/H@20Δ]  1M,worst_of,monthly,2025-06-30,-58912.42223420522,-1503229.6729058414,-1531328.8328114427,,
WO[USDJPY Cuo 35Δ/H@20Δ  ∧  USDKRW Cuo 35Δ/H@20Δ]  1M,worst_of,monthly,2025-07-31,-68234.64575964291,-1571464.3186654844,-1599563.4785710857,,
WO[USDJPY Cuo 35Δ/H@20Δ  ∧  USDKRW Cuo 35Δ/H@20Δ]  1M,worst_of,monthly,2025-08-31,-60000.53587182271,-1631464.8545373073,-1659564.0144429086,,
WO[USDJPY Cuo 35Δ/H@20Δ  ∧  USDKRW Cuo 35Δ/H@20Δ]  1M,worst_of,monthly,2025-09-30,117745.11205558505,-1513719.742481722,-1541818.9023873233,,
WO[USDJPY Cuo 35Δ/H@20Δ  ∧  USDKRW Cuo 35Δ/H@20Δ]  1M,worst_of,monthly,2025-10-31,-63177.45828558516,-1576897.2007673068,-1604996.3606729084,,
WO[USDJPY Cuo 35Δ/H@20Δ  ∧  USDKRW Cuo 35Δ/H@20Δ]  1M,worst_of,monthly,2025-11-30,-42504.253211116054,-1619401.453978423,-1647500.6138840243,,
WO[USDJPY Cuo 35Δ/H@20Δ  ∧  USDKRW Cuo 35Δ/H@20Δ]  1M,worst_of,monthly,2025-12-31,-63043.88211554315,-1682445.3360939662,-1710544.4959995677,,
WO[USDJPY Cuo 35Δ/H@20Δ  ∧  USDKRW Cuo 35Δ/H@20Δ]  1M,worst_of,monthly,2026-01-31,-59583.1594902655,-1742028.4955842313,-1770127.6554898326,,
WO[USDJPY Cuo 35Δ/H@20Δ  ∧  USDKRW Cuo 35Δ/H@20Δ]  1M,worst_of,monthly,2026-02-28,-60850.38512886443,-1802878.8807130954,-1830978.0406186967,,
WO[USDJPY Cuo 35Δ/H@20Δ  ∧  USDKRW Cuo 35Δ/H@20Δ]  1M,worst_of,monthly,2026-03-31,-46311.325541748025,-1849190.2062548436,-1877289.366160445,,
WO[USDJPY Cuo 35Δ/H@20Δ  ∧  USDKRW Cuo 35Δ/H@20Δ]  1M,worst_of,monthly,2026-04-30,-73935.54261889379,-1923125.7488737374,-1951224.908779339,,
WO[USDJPY Cuo 35Δ/H@20Δ  ∧  USDKRW Cuo 35Δ/H@20Δ]  1M,worst_of,monthly,2026-05-31,-15712.441031875976,-1938838.1899056137,-1966937.349811215,,
WO[USDJPY Cuo 35Δ/H@20Δ  ∧  USDKRW Cuo 35Δ/H@20Δ]  1M,worst_of,annual,2023-12-31,-561122.190204547,-561122.190204547,-589221.3501101484,,
WO[USDJPY Cuo 35Δ/H@20Δ  ∧  USDKRW Cuo 35Δ/H@20Δ]  1M,worst_of,annual,2024-12-31,-584700.1443986034,-1145822.3346031504,-1173921.4945087517,,
WO[USDJPY Cuo 35Δ/H@20Δ  ∧  USDKRW Cuo 35Δ/H@20Δ]  1M,worst_of,annual,2025-12-31,-536623.0014908158,-1682445.3360939662,-1710544.4959995677,,
WO[USDJPY Cuo 35Δ/H@20Δ  ∧  USDKRW Cuo 35Δ/H@20Δ]  1M,worst_of,annual,2026-12-31,-256392.8538116477,-1938838.1899056137,-1966937.349811215,,
WO[USDJPY Cuo 35Δ/H@20Δ  ∧  USDKRW Cuo 35Δ/H@20Δ]  6W,worst_of,monthly,2023-02-28,-23595.739159623405,-23595.739159623405,-24604.948167224327,,
WO[USDJPY Cuo 35Δ/H@20Δ  ∧  USDKRW Cuo 35Δ/H@20Δ]  6W,worst_of,monthly,2023-03-31,-71371.93014182846,-94967.66930145184,-95976.87830905276,,
WO[USDJPY Cuo 35Δ/H@20Δ  ∧  USDKRW Cuo 35Δ/H@20Δ]  6W,worst_of,monthly,2023-04-30,-65013.73536970664,-159981.40467115847,-160990.6136787594,,
WO[USDJPY Cuo 35Δ/H@20Δ  ∧  USDKRW Cuo 35Δ/H@20Δ]  6W,worst_of,monthly,2023-05-31,-78137.34182232212,-238118.7464934806,-239127.95550108154,,
WO[USDJPY Cuo 35Δ/H@20Δ  ∧  USDKRW Cuo 35Δ/H@20Δ]  6W,worst_of,monthly,2023-06-30,-64548.78613893438,-302667.5326324149,-303676.7416400158,,
WO[USDJPY Cuo 35Δ/H@20Δ  ∧  USDKRW Cuo 35Δ/H@20Δ]  6W,worst_of,monthly,2023-07-31,-58949.74382744738,-361617.27645986236,-362626.48546746327,,
WO[USDJPY Cuo 35Δ/H@20Δ  ∧  USDKRW Cuo 35Δ/H@20Δ]  6W,worst_of,monthly,2023-08-31,-71681.10014128989,-433298.3766011522,-434307.5856087531,,
WO[USDJPY Cuo 35Δ/H@20Δ  ∧  USDKRW Cuo 35Δ/H@20Δ]  6W,worst_of,monthly,2023-09-30,-61958.6261466352,-495257.0027477874,-496266.2117553883,,
WO[USDJPY Cuo 35Δ/H@20Δ  ∧  USDKRW Cuo 35Δ/H@20Δ]  6W,worst_of,monthly,2023-10-31,137247.5107545067,-358009.4919932808,-359018.70100088173,,
WO[USDJPY Cuo 35Δ/H@20Δ  ∧  USDKRW Cuo 35Δ/H@20Δ]  6W,worst_of,monthly,2023-11-30,-51359.80205625361,-409369.2940495343,-410378.5030571352,,
WO[USDJPY Cuo 35Δ/H@20Δ  ∧  USDKRW Cuo 35Δ/H@20Δ]  6W,worst_of,monthly,2023-12-31,-62971.34403026106,-472340.6380797953,-473349.8470873962,,
WO[USDJPY Cuo 35Δ/H@20Δ  ∧  USDKRW Cuo 35Δ/H@20Δ]  6W,worst_of,monthly,2024-01-31,24052.23384834103,-448288.40423145425,-449297.61323905515,,
WO[USDJPY Cuo 35Δ/H@20Δ  ∧  USDKRW Cuo 35Δ/H@20Δ]  6W,worst_of,monthly,2024-02-29,-55510.83100643952,-503799.23523789376,-504808.44424549467,,
WO[USDJPY Cuo 35Δ/H@20Δ  ∧  USDKRW Cuo 35Δ/H@20Δ]  6W,worst_of,monthly,2024-03-31,-47743.313690308416,-551542.5489282025,-552551.7579358034,,
WO[USDJPY Cuo 35Δ/H@20Δ  ∧  USDKRW Cuo 35Δ/H@20Δ]  6W,worst_of,monthly,2024-04-30,79174.7503718593,-472367.79855634307,-473377.007563944,,
WO[USDJPY Cuo 35Δ/H@20Δ  ∧  USDKRW Cuo 35Δ/H@20Δ]  6W,worst_of,monthly,2024-05-31,-64412.85369513819,-536780.6522514812,-537789.8612590821,,
WO[USDJPY Cuo 35Δ/H@20Δ  ∧  USDKRW Cuo 35Δ/H@20Δ]  6W,worst_of,monthly,2024-06-30,-3603.790404371219,-540384.4426558525,-541393.6516634534,,
WO[USDJPY Cuo 35Δ/H@20Δ  ∧  USDKRW Cuo 35Δ/H@20Δ]  6W,worst_of,monthly,2024-07-31,-65061.59694446303,-605446.0396003156,-606455.2486079165,,
WO[USDJPY Cuo 35Δ/H@20Δ  ∧  USDKRW Cuo 35Δ/H@20Δ]  6W,worst_of,monthly,2024-08-31,-63783.901423609284,-669229.941023925,-670239.1500315259,,
WO[USDJPY Cuo 35Δ/H@20Δ  ∧  USDKRW Cuo 35Δ/H@20Δ]  6W,worst_of,monthly,2024-09-30,-59034.40590746056,-728264.3469313852,-729273.5559389861,,
WO[USDJPY Cuo 35Δ/H@20Δ  ∧  USDKRW Cuo 35Δ/H@20Δ]  6W,worst_of,monthly,2024-10-31,-9462.124833128913,-737726.4717645141,-738735.680772115,,
WO[USDJPY Cuo 35Δ/H@20Δ  ∧  USDKRW Cuo 35Δ/H@20Δ]  6W,worst_of,monthly,2024-11-30,-57498.52844301874,-795225.000207533,-796234.2092151339,,
WO[USDJPY Cuo 35Δ/H@20Δ  ∧  USDKRW Cuo 35Δ/H@20Δ]  6W,worst_of,monthly,2024-12-31,-71352.0719778453,-866577.0721853785,-867586.2811929794,,
WO[USDJPY Cuo 35Δ/H@20Δ  ∧  USDKRW Cuo 35Δ/H@20Δ]  6W,worst_of,monthly,2025-01-31,-71647.5334117334,-938224.605597112,-939233.8146047129,,
WO[USDJPY Cuo 35Δ/H@20Δ  ∧  USDKRW Cuo 35Δ/H@20Δ]  6W,worst_of,monthly,2025-02-28,-53889.92734004213,-992114.532937154,-993123.741944755,,
WO[USDJPY Cuo 35Δ/H@20Δ  ∧  USDKRW Cuo 35Δ/H@20Δ]  6W,worst_of,monthly,2025-03-31,-52558.236814361626,-1044672.7697515155,-1045681.9787591164,,
WO[USDJPY Cuo 35Δ/H@20Δ  ∧  USDKRW Cuo 35Δ/H@20Δ]  6W,worst_of,monthly,2025-04-30,-63503.11985724413,-1108175.8896087592,-1109185.0986163602,,
WO[USDJPY Cuo 35Δ/H@20Δ  ∧  USDKRW Cuo 35Δ/H@20Δ]  6W,worst_of,monthly,2025-05-31,-69072.08005464262,-1177247.9696634023,-1178257.1786710033,,
WO[USDJPY Cuo 35Δ/H@20Δ  ∧  USDKRW Cuo 35Δ/H@20Δ]  6W,worst_of,monthly,2025-06-30,-60357.97176067523,-1237605.941424078,-1238615.150431679,,
WO[USDJPY Cuo 35Δ/H@20Δ  ∧  USDKRW Cuo 35Δ/H@20Δ]  6W,worst_of,monthly,2025-07-31,-71323.18345097102,-1308929.1248750496,-1309938.3338826506,,
WO[USDJPY Cuo 35Δ/H@20Δ  ∧  USDKRW Cuo 35Δ/H@20Δ]  6W,worst_of,monthly,2025-08-31,-67367.90734444163,-1376297.0322194912,-1377306.2412270922,,
WO[USDJPY Cuo 35Δ/H@20Δ  ∧  USDKRW Cuo 35Δ/H@20Δ]  6W,worst_of,monthly,2025-09-30,2709.3410956321586,-1373587.6911238588,-1374596.9001314598,,
WO[USDJPY Cuo 35Δ/H@20Δ  ∧  USDKRW Cuo 35Δ/H@20Δ]  6W,worst_of,monthly,2025-10-31,-45452.70806771979,-1419040.3991915786,-1420049.6081991796,,
WO[USDJPY Cuo 35Δ/H@20Δ  ∧  USDKRW Cuo 35Δ/H@20Δ]  6W,worst_of,monthly,2025-11-30,-43895.52259420856,-1462935.921785787,-1463945.130793388,,
WO[USDJPY Cuo 35Δ/H@20Δ  ∧  USDKRW Cuo 35Δ/H@20Δ]  6W,worst_of,monthly,2025-12-31,-68835.25728894146,-1531771.1790747284,-1532780.3880823294,,
WO[USDJPY Cuo 35Δ/H@20Δ  ∧  USDKRW Cuo 35Δ/H@20Δ]  6W,worst_of,monthly,2026-01-31,-65492.06768368317,-1597263.2467584114,-1598272.4557660124,,
WO[USDJPY Cuo 35Δ/H@20Δ  ∧  USDKRW Cuo 35Δ/H@20Δ]  6W,worst_of,monthly,2026-02-28,-51263.3152347427,-1648526.5619931542,-1649535.7710007553,,
WO[USDJPY Cuo 35Δ/H@20Δ  ∧  USDKRW Cuo 35Δ/H@20Δ]  6W,worst_of,monthly,2026-03-31,-61888.228750956856,-1710414.790744111,-1711423.999751712,,
WO[USDJPY Cuo 35Δ/H@20Δ  ∧  USDKRW Cuo 35Δ/H@20Δ]  6W,worst_of,monthly,2026-04-30,-65491.048559067596,-1775905.8393031785,-1776915.0483107795,,
WO[USDJPY Cuo 35Δ/H@20Δ  ∧  USDKRW Cuo 35Δ/H@20Δ]  6W,worst_of,monthly,2026-05-31,-20641.250663786785,-1796547.0899669656,-1797556.2989745666,,
WO[USDJPY Cuo 35Δ/H@20Δ  ∧  USDKRW Cuo 35Δ/H@20Δ]  6W,worst_of,annual,2023-12-31,-472340.63807979546,-472340.6380797953,-473349.8470873962,,
WO[USDJPY Cuo 35Δ/H@20Δ  ∧  USDKRW Cuo 35Δ/H@20Δ]  6W,worst_of,annual,2024-12-31,-394236.4341055828,-866577.0721853785,-867586.2811929794,,
WO[USDJPY Cuo 35Δ/H@20Δ  ∧  USDKRW Cuo 35Δ/H@20Δ]  6W,worst_of,annual,2025-12-31,-665194.1068893494,-1531771.1790747284,-1532780.3880823294,,
WO[USDJPY Cuo 35Δ/H@20Δ  ∧  USDKRW Cuo 35Δ/H@20Δ]  6W,worst_of,annual,2026-12-31,-264775.9108922371,-1796547.0899669656,-1797556.2989745666,,
WO[USDJPY Cuo 35Δ/H@20Δ  ∧  USDKRW Cuo 35Δ/H@20Δ]  10W,worst_of,monthly,2023-03-31,-59008.63202863632,-59008.632028636326,-55000.23010885322,,
WO[USDJPY Cuo 35Δ/H@20Δ  ∧  USDKRW Cuo 35Δ/H@20Δ]  10W,worst_of,monthly,2023-04-30,-28286.223886710577,-87294.85591534693,-83286.45399556382,,
WO[USDJPY Cuo 35Δ/H@20Δ  ∧  USDKRW Cuo 35Δ/H@20Δ]  10W,worst_of,monthly,2023-05-31,36482.76024035266,-50812.095674994256,-80276.65276713314,,
WO[USDJPY Cuo 35Δ/H@20Δ  ∧  USDKRW Cuo 35Δ/H@20Δ]  10W,worst_of,monthly,2023-06-30,-82712.38852895258,-133524.4842039468,-162989.0412960857,,
WO[USDJPY Cuo 35Δ/H@20Δ  ∧  USDKRW Cuo 35Δ/H@20Δ]  10W,worst_of,monthly,2023-07-31,-67901.41075201811,-201425.89495596493,-230890.45204810382,,
WO[USDJPY Cuo 35Δ/H@20Δ  ∧  USDKRW Cuo 35Δ/H@20Δ]  10W,worst_of,monthly,2023-08-31,-71285.13410757456,-272711.0290635394,-302175.58615567826,,
WO[USDJPY Cuo 35Δ/H@20Δ  ∧  USDKRW Cuo 35Δ/H@20Δ]  10W,worst_of,monthly,2023-09-30,40853.10661349725,-231857.9224500422,-261322.4795421811,,
WO[USDJPY Cuo 35Δ/H@20Δ  ∧  USDKRW Cuo 35Δ/H@20Δ]  10W,worst_of,monthly,2023-10-31,-70971.91888422877,-302829.8413342709,-332294.3984264098,,
WO[USDJPY Cuo 35Δ/H@20Δ  ∧  USDKRW Cuo 35Δ/H@20Δ]  10W,worst_of,monthly,2023-11-30,-71190.47428929464,-374020.3156235655,-403484.8727157044,,
WO[USDJPY Cuo 35Δ/H@20Δ  ∧  USDKRW Cuo 35Δ/H@20Δ]  10W,worst_of,monthly,2023-12-31,-52269.35235896481,-426289.6679825304,-455754.22507466923,,
WO[USDJPY Cuo 35Δ/H@20Δ  ∧  USDKRW Cuo 35Δ/H@20Δ]  10W,worst_of,monthly,2024-01-31,-74822.17699959941,-501111.84498212993,-530576.4020742688,,
WO[USDJPY Cuo 35Δ/H@20Δ  ∧  USDKRW Cuo 35Δ/H@20Δ]  10W,worst_of,monthly,2024-02-29,-69171.86132584982,-570283.7063079798,-599748.2634001187,,
WO[USDJPY Cuo 35Δ/H@20Δ  ∧  USDKRW Cuo 35Δ/H@20Δ]  10W,worst_of,monthly,2024-03-31,-60013.44832521948,-630297.1546331993,-659761.7117253382,,
WO[USDJPY Cuo 35Δ/H@20Δ  ∧  USDKRW Cuo 35Δ/H@20Δ]  10W,worst_of,monthly,2024-04-30,-44711.30637838106,-675008.4610115802,-704473.0181037191,,
WO[USDJPY Cuo 35Δ/H@20Δ  ∧  USDKRW Cuo 35Δ/H@20Δ]  10W,worst_of,monthly,2024-05-31,-67509.01838115523,-742517.4793927352,-771982.0364848741,,
WO[USDJPY Cuo 35Δ/H@20Δ  ∧  USDKRW Cuo 35Δ/H@20Δ]  10W,worst_of,monthly,2024-06-30,-60906.259716618224,-803423.7391093536,-832888.2962014925,,
WO[USDJPY Cuo 35Δ/H@20Δ  ∧  USDKRW Cuo 35Δ/H@20Δ]  10W,worst_of,monthly,2024-07-31,-65133.86071412947,-868557.5998234831,-898022.1569156221,,
WO[USDJPY Cuo 35Δ/H@20Δ  ∧  USDKRW Cuo 35Δ/H@20Δ]  10W,worst_of,monthly,2024-08-31,-67560.56698307299,-936118.1668065558,-965582.7238986947,,
WO[USDJPY Cuo 35Δ/H@20Δ  ∧  USDKRW Cuo 35Δ/H@20Δ]  10W,worst_of,monthly,2024-09-30,-67031.78385499121,-1003149.950661547,-1032614.5077536859,,
WO[USDJPY Cuo 35Δ/H@20Δ  ∧  USDKRW Cuo 35Δ/H@20Δ]  10W,worst_of,monthly,2024-10-31,-71894.20703942176,-1075044.1577009691,-1104508.714793108,,
WO[USDJPY Cuo 35Δ/H@20Δ  ∧  USDKRW Cuo 35Δ/H@20Δ]  10W,worst_of,monthly,2024-11-30,-61185.73154883576,-1136229.8892498051,-1165694.446341944,,
WO[USDJPY Cuo 35Δ/H@20Δ  ∧  USDKRW Cuo 35Δ/H@20Δ]  10W,worst_of,monthly,2024-12-31,-67125.54490346275,-1203355.4341532683,-1232819.9912454071,,
WO[USDJPY Cuo 35Δ/H@20Δ  ∧  USDKRW Cuo 35Δ/H@20Δ]  10W,worst_of,monthly,2025-01-31,-81182.38172773483,-1284537.8158810034,-1314002.3729731422,,
WO[USDJPY Cuo 35Δ/H@20Δ  ∧  USDKRW Cuo 35Δ/H@20Δ]  10W,worst_of,monthly,2025-02-28,-70171.80485284502,-1354709.6207338483,-1384174.177825987,,
WO[USDJPY Cuo 35Δ/H@20Δ  ∧  USDKRW Cuo 35Δ/H@20Δ]  10W,worst_of,monthly,2025-03-31,-63493.65673158441,-1418203.277465433,-1447667.834557572,,
WO[USDJPY Cuo 35Δ/H@20Δ  ∧  USDKRW Cuo 35Δ/H@20Δ]  10W,worst_of,monthly,2025-04-30,-61055.86732662191,-1479259.1447920557,-1508723.7018841945,,
WO[USDJPY Cuo 35Δ/H@20Δ  ∧  USDKRW Cuo 35Δ/H@20Δ]  10W,worst_of,monthly,2025-05-31,-69911.3992078967,-1549170.543999952,-1578635.1010920908,,
WO[USDJPY Cuo 35Δ/H@20Δ  ∧  USDKRW Cuo 35Δ/H@20Δ]  10W,worst_of,monthly,2025-06-30,-73191.2975938609,-1622361.8415938125,-1651826.3986859513,,
WO[USDJPY Cuo 35Δ/H@20Δ  ∧  USDKRW Cuo 35Δ/H@20Δ]  10W,worst_of,monthly,2025-07-31,-75207.20486753044,-1697569.0464613426,-1727033.6035534814,,
WO[USDJPY Cuo 35Δ/H@20Δ  ∧  USDKRW Cuo 35Δ/H@20Δ]  10W,worst_of,monthly,2025-08-31,-71138.17946483938,-1768707.2259261822,-1798171.783018321,,
WO[USDJPY Cuo 35Δ/H@20Δ  ∧  USDKRW Cuo 35Δ/H@20Δ]  10W,worst_of,monthly,2025-09-30,-78082.51820966072,-1846789.7441358434,-1876254.3012279822,,
WO[USDJPY Cuo 35Δ/H@20Δ  ∧  USDKRW Cuo 35Δ/H@20Δ]  10W,worst_of,monthly,2025-10-31,-74885.62616790643,-1921675.3703037496,-1951139.9273958884,,
WO[USDJPY Cuo 35Δ/H@20Δ  ∧  USDKRW Cuo 35Δ/H@20Δ]  10W,worst_of,monthly,2025-11-30,-65497.26198535396,-1987172.6322891035,-2016637.1893812423,,
WO[USDJPY Cuo 35Δ/H@20Δ  ∧  USDKRW Cuo 35Δ/H@20Δ]  10W,worst_of,monthly,2025-12-31,-57907.988707039614,-2045080.6209961427,-2074545.1780882815,,
WO[USDJPY Cuo 35Δ/H@20Δ  ∧  USDKRW Cuo 35Δ/H@20Δ]  10W,worst_of,monthly,2026-01-31,-72192.29899578822,-2117272.9199919305,-2146737.4770840695,,
WO[USDJPY Cuo 35Δ/H@20Δ  ∧  USDKRW Cuo 35Δ/H@20Δ]  10W,worst_of,monthly,2026-02-28,-65658.93559044543,-2182931.855582376,-2212396.412674515,,
WO[USDJPY Cuo 35Δ/H@20Δ  ∧  USDKRW Cuo 35Δ/H@20Δ]  10W,worst_of,monthly,2026-03-31,-62907.92220561635,-2245839.7777879927,-2275304.3348801318,,
WO[USDJPY Cuo 35Δ/H@20Δ  ∧  USDKRW Cuo 35Δ/H@20Δ]  10W,worst_of,monthly,2026-04-30,-64890.963811602254,-2310730.741599596,-2340195.298691735,,
WO[USDJPY Cuo 35Δ/H@20Δ  ∧  USDKRW Cuo 35Δ/H@20Δ]  10W,worst_of,monthly,2026-05-31,-20267.79384931073,-2330998.535448907,-2360463.092541046,,
WO[USDJPY Cuo 35Δ/H@20Δ  ∧  USDKRW Cuo 35Δ/H@20Δ]  10W,worst_of,annual,2023-12-31,-426289.66798253043,-426289.6679825304,-455754.22507466923,,
WO[USDJPY Cuo 35Δ/H@20Δ  ∧  USDKRW Cuo 35Δ/H@20Δ]  10W,worst_of,annual,2024-12-31,-777065.7661707372,-1203355.4341532683,-1232819.9912454071,,
WO[USDJPY Cuo 35Δ/H@20Δ  ∧  USDKRW Cuo 35Δ/H@20Δ]  10W,worst_of,annual,2025-12-31,-841725.1868428743,-2045080.6209961427,-2074545.1780882815,,
WO[USDJPY Cuo 35Δ/H@20Δ  ∧  USDKRW Cuo 35Δ/H@20Δ]  10W,worst_of,annual,2026-12-31,-285917.914452763,-2330998.535448907,-2360463.092541046,,
WO[USDJPY Cuo 35Δ/H@20Δ  ∧  USDKRW Cuo 35Δ/H@20Δ]  3M,worst_of,monthly,2023-03-31,-4256.565410127945,-4256.565410127945,0.0,,
WO[USDJPY Cuo 35Δ/H@20Δ  ∧  USDKRW Cuo 35Δ/H@20Δ]  3M,worst_of,monthly,2023-04-30,-78949.72437360857,-83206.2897837365,-78949.72437360855,,
WO[USDJPY Cuo 35Δ/H@20Δ  ∧  USDKRW Cuo 35Δ/H@20Δ]  3M,worst_of,monthly,2023-05-31,232040.70427286238,148834.4144891259,-7871.289114915708,,
WO[USDJPY Cuo 35Δ/H@20Δ  ∧  USDKRW Cuo 35Δ/H@20Δ]  3M,worst_of,monthly,2023-06-30,-90938.64537744234,57895.76911168355,-98809.93449235805,,
WO[USDJPY Cuo 35Δ/H@20Δ  ∧  USDKRW Cuo 35Δ/H@20Δ]  3M,worst_of,monthly,2023-07-31,-77470.15300724783,-19574.38389556427,-176280.08749960587,,
WO[USDJPY Cuo 35Δ/H@20Δ  ∧  USDKRW Cuo 35Δ/H@20Δ]  3M,worst_of,monthly,2023-08-31,-75350.44707910712,-94924.83097467141,-251630.534578713,,
WO[USDJPY Cuo 35Δ/H@20Δ  ∧  USDKRW Cuo 35Δ/H@20Δ]  3M,worst_of,monthly,2023-09-30,-69934.61680491696,-164859.4477795884,-321565.15138363,,
WO[USDJPY Cuo 35Δ/H@20Δ  ∧  USDKRW Cuo 35Δ/H@20Δ]  3M,worst_of,monthly,2023-10-31,-79400.3703224518,-244259.81810204018,-400965.5217060818,,
WO[USDJPY Cuo 35Δ/H@20Δ  ∧  USDKRW Cuo 35Δ/H@20Δ]  3M,worst_of,monthly,2023-11-30,-75985.24773645138,-320245.0658384915,-476950.7694425331,,
WO[USDJPY Cuo 35Δ/H@20Δ  ∧  USDKRW Cuo 35Δ/H@20Δ]  3M,worst_of,monthly,2023-12-31,-63773.57335235879,-384018.6391908503,-540724.3427948919,,
WO[USDJPY Cuo 35Δ/H@20Δ  ∧  USDKRW Cuo 35Δ/H@20Δ]  3M,worst_of,monthly,2024-01-31,-65755.18107341332,-449773.82026426366,-606479.5238683053,,
WO[USDJPY Cuo 35Δ/H@20Δ  ∧  USDKRW Cuo 35Δ/H@20Δ]  3M,worst_of,monthly,2024-02-29,56489.01320023705,-393284.80706402665,-549990.5106680682,,
WO[USDJPY Cuo 35Δ/H@20Δ  ∧  USDKRW Cuo 35Δ/H@20Δ]  3M,worst_of,monthly,2024-03-31,-67134.08441607284,-460418.89148009947,-617124.595084141,,
WO[USDJPY Cuo 35Δ/H@20Δ  ∧  USDKRW Cuo 35Δ/H@20Δ]  3M,worst_of,monthly,2024-04-30,-75419.40982753607,-535838.3013076355,-692544.0049116771,,
WO[USDJPY Cuo 35Δ/H@20Δ  ∧  USDKRW Cuo 35Δ/H@20Δ]  3M,worst_of,monthly,2024-05-31,-62270.12518316826,-598108.4264908038,-754814.1300948454,,
WO[USDJPY Cuo 35Δ/H@20Δ  ∧  USDKRW Cuo 35Δ/H@20Δ]  3M,worst_of,monthly,2024-06-30,-64537.29483539361,-662645.7213261971,-819351.4249302387,,
WO[USDJPY Cuo 35Δ/H@20Δ  ∧  USDKRW Cuo 35Δ/H@20Δ]  3M,worst_of,monthly,2024-07-31,-71624.86123449157,-734270.5825606885,-890976.2861647301,,
WO[USDJPY Cuo 35Δ/H@20Δ  ∧  USDKRW Cuo 35Δ/H@20Δ]  3M,worst_of,monthly,2024-08-31,-64011.51387941339,-798282.0964401017,-954987.8000441433,,
WO[USDJPY Cuo 35Δ/H@20Δ  ∧  USDKRW Cuo 35Δ/H@20Δ]  3M,worst_of,monthly,2024-09-30,-67330.60048044499,-865612.6969205467,-1022318.4005245883,,
WO[USDJPY Cuo 35Δ/H@20Δ  ∧  USDKRW Cuo 35Δ/H@20Δ]  3M,worst_of,monthly,2024-10-31,-77646.1427378262,-943258.8396583728,-1099964.5432624144,,
WO[USDJPY Cuo 35Δ/H@20Δ  ∧  USDKRW Cuo 35Δ/H@20Δ]  3M,worst_of,monthly,2024-11-30,-75047.45238413791,-1018306.2920425106,-1175011.9956465522,,
WO[USDJPY Cuo 35Δ/H@20Δ  ∧  USDKRW Cuo 35Δ/H@20Δ]  3M,worst_of,monthly,2024-12-31,-65334.41680088287,-1083640.7088433935,-1240346.412447435,,
WO[USDJPY Cuo 35Δ/H@20Δ  ∧  USDKRW Cuo 35Δ/H@20Δ]  3M,worst_of,monthly,2025-01-31,-76176.88958255926,-1159817.5984259527,-1316523.3020299943,,
WO[USDJPY Cuo 35Δ/H@20Δ  ∧  USDKRW Cuo 35Δ/H@20Δ]  3M,worst_of,monthly,2025-02-28,-80808.79978385274,-1240626.3982098056,-1397332.1018138472,,
WO[USDJPY Cuo 35Δ/H@20Δ  ∧  USDKRW Cuo 35Δ/H@20Δ]  3M,worst_of,monthly,2025-03-31,-71284.88656683659,-1311911.2847766422,-1468616.9883806838,,
WO[USDJPY Cuo 35Δ/H@20Δ  ∧  USDKRW Cuo 35Δ/H@20Δ]  3M,worst_of,monthly,2025-04-30,-62445.833095550355,-1374357.1178721928,-1531062.8214762344,,
WO[USDJPY Cuo 35Δ/H@20Δ  ∧  USDKRW Cuo 35Δ/H@20Δ]  3M,worst_of,monthly,2025-05-31,-71077.36470289486,-1445434.4825750878,-1602140.1861791294,,
WO[USDJPY Cuo 35Δ/H@20Δ  ∧  USDKRW Cuo 35Δ/H@20Δ]  3M,worst_of,monthly,2025-06-30,-74578.81311256587,-1520013.2956876543,-1676718.999291696,,
WO[USDJPY Cuo 35Δ/H@20Δ  ∧  USDKRW Cuo 35Δ/H@20Δ]  3M,worst_of,monthly,2025-07-31,-83309.49549613745,-1603322.7911837918,-1760028.4947878334,,
WO[USDJPY Cuo 35Δ/H@20Δ  ∧  USDKRW Cuo 35Δ/H@20Δ]  3M,worst_of,monthly,2025-08-31,-73884.88869180602,-1677207.6798755978,-1833913.3834796394,,
WO[USDJPY Cuo 35Δ/H@20Δ  ∧  USDKRW Cuo 35Δ/H@20Δ]  3M,worst_of,monthly,2025-09-30,-77789.73377484351,-1754997.4136504417,-1911703.1172544833,,
WO[USDJPY Cuo 35Δ/H@20Δ  ∧  USDKRW Cuo 35Δ/H@20Δ]  3M,worst_of,monthly,2025-10-31,100315.69592880805,-1654681.7177216336,-1811387.4213256752,,
WO[USDJPY Cuo 35Δ/H@20Δ  ∧  USDKRW Cuo 35Δ/H@20Δ]  3M,worst_of,monthly,2025-11-30,-71219.79140590325,-1725901.509127537,-1882607.2127315786,,
WO[USDJPY Cuo 35Δ/H@20Δ  ∧  USDKRW Cuo 35Δ/H@20Δ]  3M,worst_of,monthly,2025-12-31,-75390.49510188834,-1801292.0042294257,-1957997.7078334673,,
WO[USDJPY Cuo 35Δ/H@20Δ  ∧  USDKRW Cuo 35Δ/H@20Δ]  3M,worst_of,monthly,2026-01-31,-58454.0062994419,-1859746.0105288683,-2016451.71413291,,
WO[USDJPY Cuo 35Δ/H@20Δ  ∧  USDKRW Cuo 35Δ/H@20Δ]  3M,worst_of,monthly,2026-02-28,-77011.52659147496,-1936757.537120343,-2093463.2407243846,,
WO[USDJPY Cuo 35Δ/H@20Δ  ∧  USDKRW Cuo 35Δ/H@20Δ]  3M,worst_of,monthly,2026-03-31,68254.62040142909,-1868502.9167189144,-2025208.620322956,,
WO[USDJPY Cuo 35Δ/H@20Δ  ∧  USDKRW Cuo 35Δ/H@20Δ]  3M,worst_of,monthly,2026-04-30,-77556.50415318049,-1946059.420872094,-2102765.1244761357,,
WO[USDJPY Cuo 35Δ/H@20Δ  ∧  USDKRW Cuo 35Δ/H@20Δ]  3M,worst_of,monthly,2026-05-31,-21433.817347410673,-1967493.2382195047,-2124198.9418235463,,
WO[USDJPY Cuo 35Δ/H@20Δ  ∧  USDKRW Cuo 35Δ/H@20Δ]  3M,worst_of,annual,2023-12-31,-384018.6391908504,-384018.6391908503,-540724.3427948919,,
WO[USDJPY Cuo 35Δ/H@20Δ  ∧  USDKRW Cuo 35Δ/H@20Δ]  3M,worst_of,annual,2024-12-31,-699622.069652544,-1083640.7088433935,-1240346.412447435,,
WO[USDJPY Cuo 35Δ/H@20Δ  ∧  USDKRW Cuo 35Δ/H@20Δ]  3M,worst_of,annual,2025-12-31,-717651.2953860302,-1801292.0042294257,-1957997.7078334673,,
WO[USDJPY Cuo 35Δ/H@20Δ  ∧  USDKRW Cuo 35Δ/H@20Δ]  3M,worst_of,annual,2026-12-31,-166201.23399007894,-1967493.2382195047,-2124198.9418235463,,
WO[USDJPY Cuo 35Δ/H@15Δ  ∧  USDKRW Cuo 35Δ/H@15Δ]  2M,worst_of,monthly,2023-03-31,653837.0405578942,653837.0405578942,-97464.27730259509,,
WO[USDJPY Cuo 35Δ/H@15Δ  ∧  USDKRW Cuo 35Δ/H@15Δ]  2M,worst_of,monthly,2023-04-30,-111231.314431915,542605.726125979,-208695.59173451026,,
WO[USDJPY Cuo 35Δ/H@15Δ  ∧  USDKRW Cuo 35Δ/H@15Δ]  2M,worst_of,monthly,2023-05-31,-12358.58587283428,530247.1402531447,-221054.17760734458,,
WO[USDJPY Cuo 35Δ/H@15Δ  ∧  USDKRW Cuo 35Δ/H@15Δ]  2M,worst_of,monthly,2023-06-30,-135427.38527329545,394819.7549798493,-356481.5628806399,,
WO[USDJPY Cuo 35Δ/H@15Δ  ∧  USDKRW Cuo 35Δ/H@15Δ]  2M,worst_of,monthly,2023-07-31,-105486.6879820332,289333.06699781615,-461968.2508626731,,
WO[USDJPY Cuo 35Δ/H@15Δ  ∧  USDKRW Cuo 35Δ/H@15Δ]  2M,worst_of,monthly,2023-08-31,-1012.8949801387607,288320.17201767734,-462981.1458428119,,
WO[USDJPY Cuo 35Δ/H@15Δ  ∧  USDKRW Cuo 35Δ/H@15Δ]  2M,worst_of,monthly,2023-09-30,163711.07358229643,452031.245599974,-299270.07226051524,,
WO[USDJPY Cuo 35Δ/H@15Δ  ∧  USDKRW Cuo 35Δ/H@15Δ]  2M,worst_of,monthly,2023-10-31,188171.7189859978,640202.9645859718,-111098.35327451746,,
WO[USDJPY Cuo 35Δ/H@15Δ  ∧  USDKRW Cuo 35Δ/H@15Δ]  2M,worst_of,monthly,2023-11-30,-107672.15881167632,532530.8057742955,-218770.51208619378,,
WO[USDJPY Cuo 35Δ/H@15Δ  ∧  USDKRW Cuo 35Δ/H@15Δ]  2M,worst_of,monthly,2023-12-31,-102891.29752789019,429639.50824640517,-321661.8096140841,,
WO[USDJPY Cuo 35Δ/H@15Δ  ∧  USDKRW Cuo 35Δ/H@15Δ]  2M,worst_of,monthly,2024-01-31,-112053.90412597249,317585.6041204327,-433715.71374005656,,
WO[USDJPY Cuo 35Δ/H@15Δ  ∧  USDKRW Cuo 35Δ/H@15Δ]  2M,worst_of,monthly,2024-02-29,-33979.95994130593,283605.6441791268,-467695.6736813625,,
WO[USDJPY Cuo 35Δ/H@15Δ  ∧  USDKRW Cuo 35Δ/H@15Δ]  2M,worst_of,monthly,2024-03-31,-102537.90626465413,181067.73791447264,-570233.5799460167,,
WO[USDJPY Cuo 35Δ/H@15Δ  ∧  USDKRW Cuo 35Δ/H@15Δ]  2M,worst_of,monthly,2024-04-30,414338.89592518547,595406.6338396581,-155894.68402083113,,
WO[USDJPY Cuo 35Δ/H@15Δ  ∧  USDKRW Cuo 35Δ/H@15Δ]  2M,worst_of,monthly,2024-05-31,-108822.86319511692,486583.77064454113,-264717.5472159481,,
WO[USDJPY Cuo 35Δ/H@15Δ  ∧  USDKRW Cuo 35Δ/H@15Δ]  2M,worst_of,monthly,2024-06-30,-51222.01340128826,435361.7572432528,-315939.5606172364,,
WO[USDJPY Cuo 35Δ/H@15Δ  ∧  USDKRW Cuo 35Δ/H@15Δ]  2M,worst_of,monthly,2024-07-31,-91087.05589063886,344274.70135261404,-407026.6165078752,,
WO[USDJPY Cuo 35Δ/H@15Δ  ∧  USDKRW Cuo 35Δ/H@15Δ]  2M,worst_of,monthly,2024-08-31,-108653.91712189722,235620.78423071682,-515680.5336297724,,
WO[USDJPY Cuo 35Δ/H@15Δ  ∧  USDKRW Cuo 35Δ/H@15Δ]  2M,worst_of,monthly,2024-09-30,-104549.47175654036,131071.31247417652,-620230.0053863127,,
WO[USDJPY Cuo 35Δ/H@15Δ  ∧  USDKRW Cuo 35Δ/H@15Δ]  2M,worst_of,monthly,2024-10-31,89905.84799844344,220977.16047261993,-530324.1573878693,,
WO[USDJPY Cuo 35Δ/H@15Δ  ∧  USDKRW Cuo 35Δ/H@15Δ]  2M,worst_of,monthly,2024-11-30,-94059.71546681941,126917.44500580047,-624383.8728546888,,
WO[USDJPY Cuo 35Δ/H@15Δ  ∧  USDKRW Cuo 35Δ/H@15Δ]  2M,worst_of,monthly,2024-12-31,-111918.07253252843,14999.37247327204,-736301.9453872172,,
WO[USDJPY Cuo 35Δ/H@15Δ  ∧  USDKRW Cuo 35Δ/H@15Δ]  2M,worst_of,monthly,2025-01-31,-124387.70991986583,-109388.33744659377,-860689.655307083,,
WO[USDJPY Cuo 35Δ/H@15Δ  ∧  USDKRW Cuo 35Δ/H@15Δ]  2M,worst_of,monthly,2025-02-28,-100822.02450151584,-210210.3619481096,-961511.6798085988,,
WO[USDJPY Cuo 35Δ/H@15Δ  ∧  USDKRW Cuo 35Δ/H@15Δ]  2M,worst_of,monthly,2025-03-31,-89821.92602029357,-300032.28796840314,-1051333.6058288924,,
WO[USDJPY Cuo 35Δ/H@15Δ  ∧  USDKRW Cuo 35Δ/H@15Δ]  2M,worst_of,monthly,2025-04-30,-98468.76271164033,-398501.0506800435,-1149802.368540533,,
WO[USDJPY Cuo 35Δ/H@15Δ  ∧  USDKRW Cuo 35Δ/H@15Δ]  2M,worst_of,monthly,2025-05-31,-117888.39422731337,-516389.444907357,-1267690.7627678462,,
WO[USDJPY Cuo 35Δ/H@15Δ  ∧  USDKRW Cuo 35Δ/H@15Δ]  2M,worst_of,monthly,2025-06-30,-119765.15217065165,-636154.5970780086,-1387455.9149384978,,
WO[USDJPY Cuo 35Δ/H@15Δ  ∧  USDKRW Cuo 35Δ/H@15Δ]  2M,worst_of,monthly,2025-07-31,-139024.78007992386,-775179.3771579325,-1526480.6950184219,,
WO[USDJPY Cuo 35Δ/H@15Δ  ∧  USDKRW Cuo 35Δ/H@15Δ]  2M,worst_of,monthly,2025-08-31,-54430.99337543976,-829610.370533372,-1580911.6883938613,,
WO[USDJPY Cuo 35Δ/H@15Δ  ∧  USDKRW Cuo 35Δ/H@15Δ]  2M,worst_of,monthly,2025-09-30,3594.527827062162,-826015.84270631,-1577317.1605667993,,
WO[USDJPY Cuo 35Δ/H@15Δ  ∧  USDKRW Cuo 35Δ/H@15Δ]  2M,worst_of,monthly,2025-10-31,78252.63623261452,-747763.2064736956,-1499064.5243341848,,
WO[USDJPY Cuo 35Δ/H@15Δ  ∧  USDKRW Cuo 35Δ/H@15Δ]  2M,worst_of,monthly,2025-11-30,-101223.78255233716,-848986.9890260327,-1600288.306886522,,
WO[USDJPY Cuo 35Δ/H@15Δ  ∧  USDKRW Cuo 35Δ/H@15Δ]  2M,worst_of,monthly,2025-12-31,-80173.39536223226,-929160.3843882651,-1680461.7022487544,,
WO[USDJPY Cuo 35Δ/H@15Δ  ∧  USDKRW Cuo 35Δ/H@15Δ]  2M,worst_of,monthly,2026-01-31,-116347.40589775937,-1045507.7902860245,-1796809.1081465138,,
WO[USDJPY Cuo 35Δ/H@15Δ  ∧  USDKRW Cuo 35Δ/H@15Δ]  2M,worst_of,monthly,2026-02-28,-105641.78910545129,-1151149.5793914755,-1902450.8972519648,,
WO[USDJPY Cuo 35Δ/H@15Δ  ∧  USDKRW Cuo 35Δ/H@15Δ]  2M,worst_of,monthly,2026-03-31,-87977.11904532948,-1239126.6984368048,-1990428.016297294,,
WO[USDJPY Cuo 35Δ/H@15Δ  ∧  USDKRW Cuo 35Δ/H@15Δ]  2M,worst_of,monthly,2026-04-30,-99036.18530493588,-1338162.883741741,-2089464.2016022303,,
WO[USDJPY Cuo 35Δ/H@15Δ  ∧  USDKRW Cuo 35Δ/H@15Δ]  2M,worst_of,monthly,2026-05-31,-35154.716753988614,-1373317.6004957296,-2124618.918356219,,
WO[USDJPY Cuo 35Δ/H@15Δ  ∧  USDKRW Cuo 35Δ/H@15Δ]  2M,worst_of,annual,2023-12-31,429639.5082464053,429639.50824640517,-321661.8096140841,,
WO[USDJPY Cuo 35Δ/H@15Δ  ∧  USDKRW Cuo 35Δ/H@15Δ]  2M,worst_of,annual,2024-12-31,-414640.13577313314,14999.37247327204,-736301.9453872172,,
WO[USDJPY Cuo 35Δ/H@15Δ  ∧  USDKRW Cuo 35Δ/H@15Δ]  2M,worst_of,annual,2025-12-31,-944159.756861537,-929160.3843882651,-1680461.7022487544,,
WO[USDJPY Cuo 35Δ/H@15Δ  ∧  USDKRW Cuo 35Δ/H@15Δ]  2M,worst_of,annual,2026-12-31,-444157.2161074646,-1373317.6004957296,-2124618.918356219,,
WO[USDJPY Cuo 35Δ/H@15Δ  ∧  USDKRW Cuo 35Δ/H@15Δ]  1M,worst_of,monthly,2023-02-28,-43902.80169681673,-43902.80169681672,-54649.773561111615,,
WO[USDJPY Cuo 35Δ/H@15Δ  ∧  USDKRW Cuo 35Δ/H@15Δ]  1M,worst_of,monthly,2023-03-31,-94640.27640137277,-138543.0780981895,-149290.0499624844,,
WO[USDJPY Cuo 35Δ/H@15Δ  ∧  USDKRW Cuo 35Δ/H@15Δ]  1M,worst_of,monthly,2023-04-30,141168.9229902648,2625.8448920752708,-8121.126972219623,,
WO[USDJPY Cuo 35Δ/H@15Δ  ∧  USDKRW Cuo 35Δ/H@15Δ]  1M,worst_of,monthly,2023-05-31,158464.06867766302,161089.91356973827,-43171.469186132366,,
WO[USDJPY Cuo 35Δ/H@15Δ  ∧  USDKRW Cuo 35Δ/H@15Δ]  1M,worst_of,monthly,2023-06-30,-91403.44551143542,69686.46805830287,-134574.91469756776,,
WO[USDJPY Cuo 35Δ/H@15Δ  ∧  USDKRW Cuo 35Δ/H@15Δ]  1M,worst_of,monthly,2023-07-31,-83020.59774024182,-13334.129681938957,-217595.5124378096,,
WO[USDJPY Cuo 35Δ/H@15Δ  ∧  USDKRW Cuo 35Δ/H@15Δ]  1M,worst_of,monthly,2023-08-31,-113380.36772847729,-126714.49741041624,-330975.8801662869,,
WO[USDJPY Cuo 35Δ/H@15Δ  ∧  USDKRW Cuo 35Δ/H@15Δ]  1M,worst_of,monthly,2023-09-30,202190.01462037355,75475.51720995735,-128785.86554591329,,
WO[USDJPY Cuo 35Δ/H@15Δ  ∧  USDKRW Cuo 35Δ/H@15Δ]  1M,worst_of,monthly,2023-10-31,-39919.181932548185,35556.33527740916,-168705.04747846146,,
WO[USDJPY Cuo 35Δ/H@15Δ  ∧  USDKRW Cuo 35Δ/H@15Δ]  1M,worst_of,monthly,2023-11-30,-88382.19249752648,-52825.85722011733,-257087.23997598796,,
WO[USDJPY Cuo 35Δ/H@15Δ  ∧  USDKRW Cuo 35Δ/H@15Δ]  1M,worst_of,monthly,2023-12-31,-88577.5166645376,-141403.37388465495,-345664.7566405256,,
WO[USDJPY Cuo 35Δ/H@15Δ  ∧  USDKRW Cuo 35Δ/H@15Δ]  1M,worst_of,monthly,2024-01-31,-92372.60960199148,-233775.98348664647,-438037.36624251714,,
WO[USDJPY Cuo 35Δ/H@15Δ  ∧  USDKRW Cuo 35Δ/H@15Δ]  1M,worst_of,monthly,2024-02-29,-66506.81134028497,-300282.79482693144,-504544.1775828021,,
WO[USDJPY Cuo 35Δ/H@15Δ  ∧  USDKRW Cuo 35Δ/H@15Δ]  1M,worst_of,monthly,2024-03-31,-44059.09693935161,-344341.891766283,-548603.2745221537,,
WO[USDJPY Cuo 35Δ/H@15Δ  ∧  USDKRW Cuo 35Δ/H@15Δ]  1M,worst_of,monthly,2024-04-30,44732.66687597532,-299609.2248903077,-503870.60764617834,,
WO[USDJPY Cuo 35Δ/H@15Δ  ∧  USDKRW Cuo 35Δ/H@15Δ]  1M,worst_of,monthly,2024-05-31,-86849.38331509988,-386458.6082054076,-590719.9909612783,,
WO[USDJPY Cuo 35Δ/H@15Δ  ∧  USDKRW Cuo 35Δ/H@15Δ]  1M,worst_of,monthly,2024-06-30,494151.7126348791,107693.10442947155,-96568.27832639909,,
WO[USDJPY Cuo 35Δ/H@15Δ  ∧  USDKRW Cuo 35Δ/H@15Δ]  1M,worst_of,monthly,2024-07-31,-85283.76776461046,22409.33666486109,-181852.04609100954,,
WO[USDJPY Cuo 35Δ/H@15Δ  ∧  USDKRW Cuo 35Δ/H@15Δ]  1M,worst_of,monthly,2024-08-31,-90339.3661442257,-67930.0294793646,-272191.4122352352,,
WO[USDJPY Cuo 35Δ/H@15Δ  ∧  USDKRW Cuo 35Δ/H@15Δ]  1M,worst_of,monthly,2024-09-30,-86363.58342852244,-154293.61290788706,-358554.99566375767,,
WO[USDJPY Cuo 35Δ/H@15Δ  ∧  USDKRW Cuo 35Δ/H@15Δ]  1M,worst_of,monthly,2024-10-31,-90173.79328904544,-244467.40619693248,-448728.7889528031,,
WO[USDJPY Cuo 35Δ/H@15Δ  ∧  USDKRW Cuo 35Δ/H@15Δ]  1M,worst_of,monthly,2024-11-30,-89993.34435857148,-334460.750555504,-538722.1333113746,,
WO[USDJPY Cuo 35Δ/H@15Δ  ∧  USDKRW Cuo 35Δ/H@15Δ]  1M,worst_of,monthly,2024-12-31,-95083.5884804007,-429544.3390359047,-633805.7217917753,,
WO[USDJPY Cuo 35Δ/H@15Δ  ∧  USDKRW Cuo 35Δ/H@15Δ]  1M,worst_of,monthly,2025-01-31,-89164.8077311083,-518709.14676701295,-722970.5295228836,,
WO[USDJPY Cuo 35Δ/H@15Δ  ∧  USDKRW Cuo 35Δ/H@15Δ]  1M,worst_of,monthly,2025-02-28,-79478.48305850042,-598187.6298255132,-802449.0125813838,,
WO[USDJPY Cuo 35Δ/H@15Δ  ∧  USDKRW Cuo 35Δ/H@15Δ]  1M,worst_of,monthly,2025-03-31,-75709.1750959271,-673896.8049214403,-878158.187677311,,
WO[USDJPY Cuo 35Δ/H@15Δ  ∧  USDKRW Cuo 35Δ/H@15Δ]  1M,worst_of,monthly,2025-04-30,-93920.51817721744,-767817.3230986577,-972078.7058545284,,
WO[USDJPY Cuo 35Δ/H@15Δ  ∧  USDKRW Cuo 35Δ/H@15Δ]  1M,worst_of,monthly,2025-05-31,-103177.43154610545,-870994.7546447632,-1075256.137400634,,
WO[USDJPY Cuo 35Δ/H@15Δ  ∧  USDKRW Cuo 35Δ/H@15Δ]  1M,worst_of,monthly,2025-06-30,-103097.83309162597,-974092.5877363891,-1178353.9704922598,,
WO[USDJPY Cuo 35Δ/H@15Δ  ∧  USDKRW Cuo 35Δ/H@15Δ]  1M,worst_of,monthly,2025-07-31,-1785.9440007812664,-975878.5317371703,-1180139.9144930409,,
WO[USDJPY Cuo 35Δ/H@15Δ  ∧  USDKRW Cuo 35Δ/H@15Δ]  1M,worst_of,monthly,2025-08-31,-92868.09832742265,-1068746.6300645927,-1273008.0128204634,,
WO[USDJPY Cuo 35Δ/H@15Δ  ∧  USDKRW Cuo 35Δ/H@15Δ]  1M,worst_of,monthly,2025-09-30,118973.51398218045,-949773.1160824123,-1154034.498838283,,
WO[USDJPY Cuo 35Δ/H@15Δ  ∧  USDKRW Cuo 35Δ/H@15Δ]  1M,worst_of,monthly,2025-10-31,-94194.66077517279,-1043967.7768575853,-1248229.1596134559,,
WO[USDJPY Cuo 35Δ/H@15Δ  ∧  USDKRW Cuo 35Δ/H@15Δ]  1M,worst_of,monthly,2025-11-30,-62523.791182052824,-1106491.5680396382,-1310752.950795509,,
WO[USDJPY Cuo 35Δ/H@15Δ  ∧  USDKRW Cuo 35Δ/H@15Δ]  1M,worst_of,monthly,2025-12-31,-94606.20881776456,-1201097.7768574026,-1405359.1596132733,,
WO[USDJPY Cuo 35Δ/H@15Δ  ∧  USDKRW Cuo 35Δ/H@15Δ]  1M,worst_of,monthly,2026-01-31,-90381.04844255674,-1291478.8252999592,-1495740.2080558299,,
WO[USDJPY Cuo 35Δ/H@15Δ  ∧  USDKRW Cuo 35Δ/H@15Δ]  1M,worst_of,monthly,2026-02-28,-93995.42426877456,-1385474.2495687336,-1589735.6323246043,,
WO[USDJPY Cuo 35Δ/H@15Δ  ∧  USDKRW Cuo 35Δ/H@15Δ]  1M,worst_of,monthly,2026-03-31,-71508.48694020009,-1456982.7365089336,-1661244.1192648043,,
WO[USDJPY Cuo 35Δ/H@15Δ  ∧  USDKRW Cuo 35Δ/H@15Δ]  1M,worst_of,monthly,2026-04-30,-84037.93526622617,-1541020.6717751601,-1745282.0545310308,,
WO[USDJPY Cuo 35Δ/H@15Δ  ∧  USDKRW Cuo 35Δ/H@15Δ]  1M,worst_of,monthly,2026-05-31,-24450.835265712416,-1565471.5070408727,-1769732.8897967434,,
WO[USDJPY Cuo 35Δ/H@15Δ  ∧  USDKRW Cuo 35Δ/H@15Δ]  1M,worst_of,annual,2023-12-31,-141403.3738846549,-141403.37388465495,-345664.7566405256,,
WO[USDJPY Cuo 35Δ/H@15Δ  ∧  USDKRW Cuo 35Δ/H@15Δ]  1M,worst_of,annual,2024-12-31,-288140.9651512497,-429544.3390359047,-633805.7217917753,,
WO[USDJPY Cuo 35Δ/H@15Δ  ∧  USDKRW Cuo 35Δ/H@15Δ]  1M,worst_of,annual,2025-12-31,-771553.4378214984,-1201097.7768574026,-1405359.1596132733,,
WO[USDJPY Cuo 35Δ/H@15Δ  ∧  USDKRW Cuo 35Δ/H@15Δ]  1M,worst_of,annual,2026-12-31,-364373.73018347,-1565471.5070408727,-1769732.8897967434,,
WO[USDJPY Cuo 35Δ/H@15Δ  ∧  USDKRW Cuo 35Δ/H@15Δ]  6W,worst_of,monthly,2023-02-28,-49485.35860671149,-49485.35860671148,-43667.54050681177,,
WO[USDJPY Cuo 35Δ/H@15Δ  ∧  USDKRW Cuo 35Δ/H@15Δ]  6W,worst_of,monthly,2023-03-31,-112115.73030393731,-161601.08891064877,-155783.27081074906,,
WO[USDJPY Cuo 35Δ/H@15Δ  ∧  USDKRW Cuo 35Δ/H@15Δ]  6W,worst_of,monthly,2023-04-30,21760.01275094092,-139841.07615970788,-134023.25805980817,,
WO[USDJPY Cuo 35Δ/H@15Δ  ∧  USDKRW Cuo 35Δ/H@15Δ]  6W,worst_of,monthly,2023-05-31,74225.61915477934,-65615.45700492852,-68669.23764949339,,
WO[USDJPY Cuo 35Δ/H@15Δ  ∧  USDKRW Cuo 35Δ/H@15Δ]  6W,worst_of,monthly,2023-06-30,-101767.06001905634,-167382.51702398492,-170436.29766854979,,
WO[USDJPY Cuo 35Δ/H@15Δ  ∧  USDKRW Cuo 35Δ/H@15Δ]  6W,worst_of,monthly,2023-07-31,-91646.88844854989,-259029.4054725348,-262083.18611709966,,
WO[USDJPY Cuo 35Δ/H@15Δ  ∧  USDKRW Cuo 35Δ/H@15Δ]  6W,worst_of,monthly,2023-08-31,-109513.29637852781,-368542.7018510626,-371596.4824956275,,
WO[USDJPY Cuo 35Δ/H@15Δ  ∧  USDKRW Cuo 35Δ/H@15Δ]  6W,worst_of,monthly,2023-09-30,-23729.14149809887,-392271.8433491615,-395325.62399372633,,
WO[USDJPY Cuo 35Δ/H@15Δ  ∧  USDKRW Cuo 35Δ/H@15Δ]  6W,worst_of,monthly,2023-10-31,568279.4981135136,176007.65476435202,-9516.68483779725,,
WO[USDJPY Cuo 35Δ/H@15Δ  ∧  USDKRW Cuo 35Δ/H@15Δ]  6W,worst_of,monthly,2023-11-30,29875.13835703502,205882.79312138705,-76795.6572632,,
WO[USDJPY Cuo 35Δ/H@15Δ  ∧  USDKRW Cuo 35Δ/H@15Δ]  6W,worst_of,monthly,2023-12-31,-99360.37506190805,106522.41805947898,-176156.03232510807,,
WO[USDJPY Cuo 35Δ/H@15Δ  ∧  USDKRW Cuo 35Δ/H@15Δ]  6W,worst_of,monthly,2024-01-31,114784.06248087628,221306.4805403553,-61371.96984423176,,
WO[USDJPY Cuo 35Δ/H@15Δ  ∧  USDKRW Cuo 35Δ/H@15Δ]  6W,worst_of,monthly,2024-02-29,-89362.24801729224,131944.23252306302,-150734.21786152403,,
WO[USDJPY Cuo 35Δ/H@15Δ  ∧  USDKRW Cuo 35Δ/H@15Δ]  6W,worst_of,monthly,2024-03-31,-81126.25475463626,50817.977768426776,-231860.4726161603,,
WO[USDJPY Cuo 35Δ/H@15Δ  ∧  USDKRW Cuo 35Δ/H@15Δ]  6W,worst_of,monthly,2024-04-30,193585.89282980954,244403.87059823627,-56012.118512422836,,
WO[USDJPY Cuo 35Δ/H@15Δ  ∧  USDKRW Cuo 35Δ/H@15Δ]  6W,worst_of,monthly,2024-05-31,-96819.46025504594,147584.41034319028,-152831.57876746883,,
WO[USDJPY Cuo 35Δ/H@15Δ  ∧  USDKRW Cuo 35Δ/H@15Δ]  6W,worst_of,monthly,2024-06-30,150799.64231088158,298384.0526540719,-9192.183350264153,,
WO[USDJPY Cuo 35Δ/H@15Δ  ∧  USDKRW Cuo 35Δ/H@15Δ]  6W,worst_of,monthly,2024-07-31,-98679.23208420957,199704.8205698623,-107871.41543447375,,
WO[USDJPY Cuo 35Δ/H@15Δ  ∧  USDKRW Cuo 35Δ/H@15Δ]  6W,worst_of,monthly,2024-08-31,-93666.9622329146,106037.85833694773,-201538.3776673883,,
WO[USDJPY Cuo 35Δ/H@15Δ  ∧  USDKRW Cuo 35Δ/H@15Δ]  6W,worst_of,monthly,2024-09-30,-89035.83764548866,17002.020691459096,-290574.215312877,,
WO[USDJPY Cuo 35Δ/H@15Δ  ∧  USDKRW Cuo 35Δ/H@15Δ]  6W,worst_of,monthly,2024-10-31,184221.23931966865,201223.26001112774,-106352.9759932083,,
WO[USDJPY Cuo 35Δ/H@15Δ  ∧  USDKRW Cuo 35Δ/H@15Δ]  6W,worst_of,monthly,2024-11-30,-92389.15127654116,108834.1087345865,-198742.12726974953,,
WO[USDJPY Cuo 35Δ/H@15Δ  ∧  USDKRW Cuo 35Δ/H@15Δ]  6W,worst_of,monthly,2024-12-31,-114937.9040634676,-6103.795328881091,-313680.0313332171,,
WO[USDJPY Cuo 35Δ/H@15Δ  ∧  USDKRW Cuo 35Δ/H@15Δ]  6W,worst_of,monthly,2025-01-31,-106902.15655063793,-113005.95187951901,-420582.1878838551,,
WO[USDJPY Cuo 35Δ/H@15Δ  ∧  USDKRW Cuo 35Δ/H@15Δ]  6W,worst_of,monthly,2025-02-28,-80444.94426436568,-193450.89614388472,-501027.1321482208,,
WO[USDJPY Cuo 35Δ/H@15Δ  ∧  USDKRW Cuo 35Δ/H@15Δ]  6W,worst_of,monthly,2025-03-31,-81193.10128422349,-274643.9974281082,-582220.2334324443,,
WO[USDJPY Cuo 35Δ/H@15Δ  ∧  USDKRW Cuo 35Δ/H@15Δ]  6W,worst_of,monthly,2025-04-30,-97066.33825729406,-371710.3356854021,-679286.5716897382,,
WO[USDJPY Cuo 35Δ/H@15Δ  ∧  USDKRW Cuo 35Δ/H@15Δ]  6W,worst_of,monthly,2025-05-31,-106805.34221484726,-478515.67790024925,-786091.9139045853,,
WO[USDJPY Cuo 35Δ/H@15Δ  ∧  USDKRW Cuo 35Δ/H@15Δ]  6W,worst_of,monthly,2025-06-30,-104083.2137540586,-582598.8916543081,-890175.1276586441,,
WO[USDJPY Cuo 35Δ/H@15Δ  ∧  USDKRW Cuo 35Δ/H@15Δ]  6W,worst_of,monthly,2025-07-31,54601.51610998731,-527997.3755443206,-835573.6115486566,,
WO[USDJPY Cuo 35Δ/H@15Δ  ∧  USDKRW Cuo 35Δ/H@15Δ]  6W,worst_of,monthly,2025-08-31,-109669.37528390597,-637666.7508282266,-945242.9868325626,,
WO[USDJPY Cuo 35Δ/H@15Δ  ∧  USDKRW Cuo 35Δ/H@15Δ]  6W,worst_of,monthly,2025-09-30,-22364.130575673727,-660030.8814039002,-967607.1174082363,,
WO[USDJPY Cuo 35Δ/H@15Δ  ∧  USDKRW Cuo 35Δ/H@15Δ]  6W,worst_of,monthly,2025-10-31,-83019.42439027697,-743050.3057941775,-1050626.5417985134,,
WO[USDJPY Cuo 35Δ/H@15Δ  ∧  USDKRW Cuo 35Δ/H@15Δ]  6W,worst_of,monthly,2025-11-30,-66638.52760350442,-809688.8333976818,-1117265.0694020179,,
WO[USDJPY Cuo 35Δ/H@15Δ  ∧  USDKRW Cuo 35Δ/H@15Δ]  6W,worst_of,monthly,2025-12-31,7992.249727066597,-801696.5836706153,-1109272.8196749515,,
WO[USDJPY Cuo 35Δ/H@15Δ  ∧  USDKRW Cuo 35Δ/H@15Δ]  6W,worst_of,monthly,2026-01-31,-102400.76339802718,-904097.3470686426,-1211673.5830729785,,
WO[USDJPY Cuo 35Δ/H@15Δ  ∧  USDKRW Cuo 35Δ/H@15Δ]  6W,worst_of,monthly,2026-02-28,-81505.9388698441,-985603.2859384868,-1293179.5219428227,,
WO[USDJPY Cuo 35Δ/H@15Δ  ∧  USDKRW Cuo 35Δ/H@15Δ]  6W,worst_of,monthly,2026-03-31,-40032.42251903975,-1025635.7084575265,-1333211.9444618626,,
WO[USDJPY Cuo 35Δ/H@15Δ  ∧  USDKRW Cuo 35Δ/H@15Δ]  6W,worst_of,monthly,2026-04-30,-103630.09965100704,-1129265.8081085333,-1436842.0441128693,,
WO[USDJPY Cuo 35Δ/H@15Δ  ∧  USDKRW Cuo 35Δ/H@15Δ]  6W,worst_of,monthly,2026-05-31,-31274.932081204643,-1160540.7401897379,-1468116.976194074,,
WO[USDJPY Cuo 35Δ/H@15Δ  ∧  USDKRW Cuo 35Δ/H@15Δ]  6W,worst_of,annual,2023-12-31,106522.41805947905,106522.41805947898,-176156.03232510807,,
WO[USDJPY Cuo 35Δ/H@15Δ  ∧  USDKRW Cuo 35Δ/H@15Δ]  6W,worst_of,annual,2024-12-31,-112626.21338835999,-6103.795328881091,-313680.0313332171,,
WO[USDJPY Cuo 35Δ/H@15Δ  ∧  USDKRW Cuo 35Δ/H@15Δ]  6W,worst_of,annual,2025-12-31,-795592.7883417342,-801696.5836706153,-1109272.8196749515,,
WO[USDJPY Cuo 35Δ/H@15Δ  ∧  USDKRW Cuo 35Δ/H@15Δ]  6W,worst_of,annual,2026-12-31,-358844.1565191227,-1160540.7401897379,-1468116.976194074,,
WO[USDJPY Cuo 35Δ/H@15Δ  ∧  USDKRW Cuo 35Δ/H@15Δ]  10W,worst_of,monthly,2023-03-31,19192.64593345047,19192.645933450476,-84625.16013708124,,
WO[USDJPY Cuo 35Δ/H@15Δ  ∧  USDKRW Cuo 35Δ/H@15Δ]  10W,worst_of,monthly,2023-04-30,-71436.85516442308,-52244.20923097259,-156062.01530150432,,
WO[USDJPY Cuo 35Δ/H@15Δ  ∧  USDKRW Cuo 35Δ/H@15Δ]  10W,worst_of,monthly,2023-05-31,-18187.21273363738,-70431.42196460997,-174249.22803514168,,
WO[USDJPY Cuo 35Δ/H@15Δ  ∧  USDKRW Cuo 35Δ/H@15Δ]  10W,worst_of,monthly,2023-06-30,-137478.93427475812,-207910.3562393681,-311728.1623098998,,
WO[USDJPY Cuo 35Δ/H@15Δ  ∧  USDKRW Cuo 35Δ/H@15Δ]  10W,worst_of,monthly,2023-07-31,-112428.6045605851,-320338.9607999532,-424156.7668704849,,
WO[USDJPY Cuo 35Δ/H@15Δ  ∧  USDKRW Cuo 35Δ/H@15Δ]  10W,worst_of,monthly,2023-08-31,-104660.2590702582,-424999.21987021144,-528817.0259407432,,
WO[USDJPY Cuo 35Δ/H@15Δ  ∧  USDKRW Cuo 35Δ/H@15Δ]  10W,worst_of,monthly,2023-09-30,356085.2522239415,-68913.96764626988,-172731.7737168016,,
WO[USDJPY Cuo 35Δ/H@15Δ  ∧  USDKRW Cuo 35Δ/H@15Δ]  10W,worst_of,monthly,2023-10-31,-85212.431280012,-154126.39892628192,-257944.20499681364,,
WO[USDJPY Cuo 35Δ/H@15Δ  ∧  USDKRW Cuo 35Δ/H@15Δ]  10W,worst_of,monthly,2023-11-30,-124809.184500543,-278935.5834268249,-382753.3894973566,,
WO[USDJPY Cuo 35Δ/H@15Δ  ∧  USDKRW Cuo 35Δ/H@15Δ]  10W,worst_of,monthly,2023-12-31,-89696.52367024748,-368632.10709707235,-472449.91316760407,,
WO[USDJPY Cuo 35Δ/H@15Δ  ∧  USDKRW Cuo 35Δ/H@15Δ]  10W,worst_of,monthly,2024-01-31,-128576.75072591726,-497208.8578229895,-601026.6638935213,,
WO[USDJPY Cuo 35Δ/H@15Δ  ∧  USDKRW Cuo 35Δ/H@15Δ]  10W,worst_of,monthly,2024-02-29,91880.96860043294,-405327.8892225566,-509145.6952930883,,
WO[USDJPY Cuo 35Δ/H@15Δ  ∧  USDKRW Cuo 35Δ/H@15Δ]  10W,worst_of,monthly,2024-03-31,-102897.65409807391,-508225.5433206305,-612043.3493911622,,
WO[USDJPY Cuo 35Δ/H@15Δ  ∧  USDKRW Cuo 35Δ/H@15Δ]  10W,worst_of,monthly,2024-04-30,-10469.284011255844,-518694.82733188645,-622512.6334024181,,
WO[USDJPY Cuo 35Δ/H@15Δ  ∧  USDKRW Cuo 35Δ/H@15Δ]  10W,worst_of,monthly,2024-05-31,-109123.57163205258,-627818.3989639393,-731636.205034471,,
WO[USDJPY Cuo 35Δ/H@15Δ  ∧  USDKRW Cuo 35Δ/H@15Δ]  10W,worst_of,monthly,2024-06-30,-96147.2704606123,-723965.6694245517,-827783.4754950834,,
WO[USDJPY Cuo 35Δ/H@15Δ  ∧  USDKRW Cuo 35Δ/H@15Δ]  10W,worst_of,monthly,2024-07-31,-105215.45868400033,-829181.1281085518,-932998.9341790836,,
WO[USDJPY Cuo 35Δ/H@15Δ  ∧  USDKRW Cuo 35Δ/H@15Δ]  10W,worst_of,monthly,2024-08-31,-108885.08784009381,-938066.2159486457,-1041884.0220191774,,
WO[USDJPY Cuo 35Δ/H@15Δ  ∧  USDKRW Cuo 35Δ/H@15Δ]  10W,worst_of,monthly,2024-09-30,-104041.79457461127,-1042108.010523257,-1145925.8165937886,,
WO[USDJPY Cuo 35Δ/H@15Δ  ∧  USDKRW Cuo 35Δ/H@15Δ]  10W,worst_of,monthly,2024-10-31,118986.36299968297,-923121.647523574,-1026939.4535941057,,
WO[USDJPY Cuo 35Δ/H@15Δ  ∧  USDKRW Cuo 35Δ/H@15Δ]  10W,worst_of,monthly,2024-11-30,-102614.1090908369,-1025735.7566144108,-1129553.5626849425,,
WO[USDJPY Cuo 35Δ/H@15Δ  ∧  USDKRW Cuo 35Δ/H@15Δ]  10W,worst_of,monthly,2024-12-31,-112717.30862457327,-1138453.0652389838,-1242270.8713095156,,
WO[USDJPY Cuo 35Δ/H@15Δ  ∧  USDKRW Cuo 35Δ/H@15Δ]  10W,worst_of,monthly,2025-01-31,-135014.99525176774,-1273468.0604907516,-1377285.8665612834,,
WO[USDJPY Cuo 35Δ/H@15Δ  ∧  USDKRW Cuo 35Δ/H@15Δ]  10W,worst_of,monthly,2025-02-28,-110652.01653090079,-1384120.0770216524,-1487937.883092184,,
WO[USDJPY Cuo 35Δ/H@15Δ  ∧  USDKRW Cuo 35Δ/H@15Δ]  10W,worst_of,monthly,2025-03-31,-99722.332059545,-1483842.4090811973,-1587660.215151729,,
WO[USDJPY Cuo 35Δ/H@15Δ  ∧  USDKRW Cuo 35Δ/H@15Δ]  10W,worst_of,monthly,2025-04-30,-99238.28503882857,-1583080.694120026,-1686898.5001905577,,
WO[USDJPY Cuo 35Δ/H@15Δ  ∧  USDKRW Cuo 35Δ/H@15Δ]  10W,worst_of,monthly,2025-05-31,-112239.9158708023,-1695320.6099908287,-1799138.4160613604,,
WO[USDJPY Cuo 35Δ/H@15Δ  ∧  USDKRW Cuo 35Δ/H@15Δ]  10W,worst_of,monthly,2025-06-30,-119106.36628383386,-1814426.976274663,-1918244.7823451946,,
WO[USDJPY Cuo 35Δ/H@15Δ  ∧  USDKRW Cuo 35Δ/H@15Δ]  10W,worst_of,monthly,2025-07-31,-137456.81748795914,-1951883.793762622,-2055701.5998331537,,
WO[USDJPY Cuo 35Δ/H@15Δ  ∧  USDKRW Cuo 35Δ/H@15Δ]  10W,worst_of,monthly,2025-08-31,-12032.531873917287,-1963916.325636539,-2067734.1317070706,,
WO[USDJPY Cuo 35Δ/H@15Δ  ∧  USDKRW Cuo 35Δ/H@15Δ]  10W,worst_of,monthly,2025-09-30,-86133.38638856576,-2050049.7120251043,-2153867.518095636,,
WO[USDJPY Cuo 35Δ/H@15Δ  ∧  USDKRW Cuo 35Δ/H@15Δ]  10W,worst_of,monthly,2025-10-31,762387.6779676777,-1287662.0340574265,-1391479.8401279582,,
WO[USDJPY Cuo 35Δ/H@15Δ  ∧  USDKRW Cuo 35Δ/H@15Δ]  10W,worst_of,monthly,2025-11-30,-107723.29631167513,-1395385.3303691011,-1499203.1364396329,,
WO[USDJPY Cuo 35Δ/H@15Δ  ∧  USDKRW Cuo 35Δ/H@15Δ]  10W,worst_of,monthly,2025-12-31,-93314.69073919268,-1488700.021108294,-1592517.8271788256,,
WO[USDJPY Cuo 35Δ/H@15Δ  ∧  USDKRW Cuo 35Δ/H@15Δ]  10W,worst_of,monthly,2026-01-31,-117457.21118392245,-1606157.2322922163,-1709975.038362748,,
WO[USDJPY Cuo 35Δ/H@15Δ  ∧  USDKRW Cuo 35Δ/H@15Δ]  10W,worst_of,monthly,2026-02-28,-109100.98412825426,-1715258.2164204705,-1819076.0224910022,,
WO[USDJPY Cuo 35Δ/H@15Δ  ∧  USDKRW Cuo 35Δ/H@15Δ]  10W,worst_of,monthly,2026-03-31,-56520.515029337555,-1771778.731449808,-1875596.5375203397,,
WO[USDJPY Cuo 35Δ/H@15Δ  ∧  USDKRW Cuo 35Δ/H@15Δ]  10W,worst_of,monthly,2026-04-30,-110818.14667527255,-1882596.8781250806,-1986414.6841956123,,
WO[USDJPY Cuo 35Δ/H@15Δ  ∧  USDKRW Cuo 35Δ/H@15Δ]  10W,worst_of,monthly,2026-05-31,-34563.843765208556,-1917160.721890289,-2020978.5279608208,,
WO[USDJPY Cuo 35Δ/H@15Δ  ∧  USDKRW Cuo 35Δ/H@15Δ]  10W,worst_of,annual,2023-12-31,-368632.10709707235,-368632.10709707235,-472449.91316760407,,
WO[USDJPY Cuo 35Δ/H@15Δ  ∧  USDKRW Cuo 35Δ/H@15Δ]  10W,worst_of,annual,2024-12-31,-769820.9581419115,-1138453.0652389838,-1242270.8713095156,,
WO[USDJPY Cuo 35Δ/H@15Δ  ∧  USDKRW Cuo 35Δ/H@15Δ]  10W,worst_of,annual,2025-12-31,-350246.95586931054,-1488700.021108294,-1592517.8271788256,,
WO[USDJPY Cuo 35Δ/H@15Δ  ∧  USDKRW Cuo 35Δ/H@15Δ]  10W,worst_of,annual,2026-12-31,-428460.7007819954,-1917160.721890289,-2020978.5279608208,,
WO[USDJPY Cuo 35Δ/H@15Δ  ∧  USDKRW Cuo 35Δ/H@15Δ]  3M,worst_of,monthly,2023-03-31,-64.96574570771372,-64.96574570771372,0.0,,
WO[USDJPY Cuo 35Δ/H@15Δ  ∧  USDKRW Cuo 35Δ/H@15Δ]  3M,worst_of,monthly,2023-04-30,-132218.5899781981,-132283.5557239058,-132218.58997819808,,
WO[USDJPY Cuo 35Δ/H@15Δ  ∧  USDKRW Cuo 35Δ/H@15Δ]  3M,worst_of,monthly,2023-05-31,404888.1109121686,272604.55518826266,-13607.143417939194,,
WO[USDJPY Cuo 35Δ/H@15Δ  ∧  USDKRW Cuo 35Δ/H@15Δ]  3M,worst_of,monthly,2023-06-30,-153333.6794860863,119270.87570217634,-166940.8229040255,,
WO[USDJPY Cuo 35Δ/H@15Δ  ∧  USDKRW Cuo 35Δ/H@15Δ]  3M,worst_of,monthly,2023-07-31,-133331.10645363474,-14060.2307514584,-300271.92935766024,,
WO[USDJPY Cuo 35Δ/H@15Δ  ∧  USDKRW Cuo 35Δ/H@15Δ]  3M,worst_of,monthly,2023-08-31,-127441.15908229479,-141501.3898337532,-427713.088439955,,
WO[USDJPY Cuo 35Δ/H@15Δ  ∧  USDKRW Cuo 35Δ/H@15Δ]  3M,worst_of,monthly,2023-09-30,900896.2630908223,759394.8732570691,0.0,,
WO[USDJPY Cuo 35Δ/H@15Δ  ∧  USDKRW Cuo 35Δ/H@15Δ]  3M,worst_of,monthly,2023-10-31,135210.9477052022,894605.8209622712,-123254.27769785398,,
WO[USDJPY Cuo 35Δ/H@15Δ  ∧  USDKRW Cuo 35Δ/H@15Δ]  3M,worst_of,monthly,2023-11-30,-137629.48301148528,756976.3379507862,-260883.76070933894,,
WO[USDJPY Cuo 35Δ/H@15Δ  ∧  USDKRW Cuo 35Δ/H@15Δ]  3M,worst_of,monthly,2023-12-31,-115789.68258639071,641186.6553643957,-376673.44329572946,,
WO[USDJPY Cuo 35Δ/H@15Δ  ∧  USDKRW Cuo 35Δ/H@15Δ]  3M,worst_of,monthly,2024-01-31,-116867.64930841349,524319.0060559824,-493541.09260414273,,
WO[USDJPY Cuo 35Δ/H@15Δ  ∧  USDKRW Cuo 35Δ/H@15Δ]  3M,worst_of,monthly,2024-02-29,304304.86087575095,828623.8669317333,-189236.23172839184,,
WO[USDJPY Cuo 35Δ/H@15Δ  ∧  USDKRW Cuo 35Δ/H@15Δ]  3M,worst_of,monthly,2024-03-31,76369.98402831594,904993.8509600493,-112866.24770007585,,
WO[USDJPY Cuo 35Δ/H@15Δ  ∧  USDKRW Cuo 35Δ/H@15Δ]  3M,worst_of,monthly,2024-04-30,-134494.4063962005,770499.444563849,-247360.65409627615,,
WO[USDJPY Cuo 35Δ/H@15Δ  ∧  USDKRW Cuo 35Δ/H@15Δ]  3M,worst_of,monthly,2024-05-31,-108640.67381021219,661858.7707536368,-356001.3279064883,,
WO[USDJPY Cuo 35Δ/H@15Δ  ∧  USDKRW Cuo 35Δ/H@15Δ]  3M,worst_of,monthly,2024-06-30,-107193.1501729661,554665.6205806708,-463194.4780794544,,
WO[USDJPY Cuo 35Δ/H@15Δ  ∧  USDKRW Cuo 35Δ/H@15Δ]  3M,worst_of,monthly,2024-07-31,-116754.78614507515,437910.8344355957,-579949.2642245295,,
WO[USDJPY Cuo 35Δ/H@15Δ  ∧  USDKRW Cuo 35Δ/H@15Δ]  3M,worst_of,monthly,2024-08-31,-108715.0826742163,329195.7517613794,-688664.3468987457,,
WO[USDJPY Cuo 35Δ/H@15Δ  ∧  USDKRW Cuo 35Δ/H@15Δ]  3M,worst_of,monthly,2024-09-30,-112293.1637401398,216902.58802123956,-800957.5106388857,,
WO[USDJPY Cuo 35Δ/H@15Δ  ∧  USDKRW Cuo 35Δ/H@15Δ]  3M,worst_of,monthly,2024-10-31,-123968.74384188799,92933.84417935158,-924926.2544807736,,
WO[USDJPY Cuo 35Δ/H@15Δ  ∧  USDKRW Cuo 35Δ/H@15Δ]  3M,worst_of,monthly,2024-11-30,24148.730892841486,117082.57507219304,-900777.5235879321,,
WO[USDJPY Cuo 35Δ/H@15Δ  ∧  USDKRW Cuo 35Δ/H@15Δ]  3M,worst_of,monthly,2024-12-31,-111907.1829982148,5175.39207397827,-1012684.7065861468,,
WO[USDJPY Cuo 35Δ/H@15Δ  ∧  USDKRW Cuo 35Δ/H@15Δ]  3M,worst_of,monthly,2025-01-31,-131568.26353096237,-126392.8714569841,-1144252.9701171094,,
WO[USDJPY Cuo 35Δ/H@15Δ  ∧  USDKRW Cuo 35Δ/H@15Δ]  3M,worst_of,monthly,2025-02-28,-135047.66380396427,-261440.5352609484,-1279300.6339210735,,
WO[USDJPY Cuo 35Δ/H@15Δ  ∧  USDKRW Cuo 35Δ/H@15Δ]  3M,worst_of,monthly,2025-03-31,-114525.0833812684,-375965.6186422167,-1393825.717302342,,
WO[USDJPY Cuo 35Δ/H@15Δ  ∧  USDKRW Cuo 35Δ/H@15Δ]  3M,worst_of,monthly,2025-04-30,-102528.9879157414,-478494.6065579582,-1496354.7052180832,,
WO[USDJPY Cuo 35Δ/H@15Δ  ∧  USDKRW Cuo 35Δ/H@15Δ]  3M,worst_of,monthly,2025-05-31,-117130.46444430425,-595625.0710022625,-1613485.1696623876,,
WO[USDJPY Cuo 35Δ/H@15Δ  ∧  USDKRW Cuo 35Δ/H@15Δ]  3M,worst_of,monthly,2025-06-30,-122318.13207004374,-717943.2030723061,-1735803.3017324312,,
WO[USDJPY Cuo 35Δ/H@15Δ  ∧  USDKRW Cuo 35Δ/H@15Δ]  3M,worst_of,monthly,2025-07-31,-141379.50418662565,-859322.7072589316,-1877182.8059190568,,
WO[USDJPY Cuo 35Δ/H@15Δ  ∧  USDKRW Cuo 35Δ/H@15Δ]  3M,worst_of,monthly,2025-08-31,-134816.45022397093,-994139.1574829026,-2011999.256143028,,
WO[USDJPY Cuo 35Δ/H@15Δ  ∧  USDKRW Cuo 35Δ/H@15Δ]  3M,worst_of,monthly,2025-09-30,618810.5154975546,-375328.6419853482,-1393188.7406454734,,
WO[USDJPY Cuo 35Δ/H@15Δ  ∧  USDKRW Cuo 35Δ/H@15Δ]  3M,worst_of,monthly,2025-10-31,1578775.5969622908,1203446.9549769424,0.0,,
WO[USDJPY Cuo 35Δ/H@15Δ  ∧  USDKRW Cuo 35Δ/H@15Δ]  3M,worst_of,monthly,2025-11-30,-121561.98643820068,1081884.968538742,-121561.98643820034,,
WO[USDJPY Cuo 35Δ/H@15Δ  ∧  USDKRW Cuo 35Δ/H@15Δ]  3M,worst_of,monthly,2025-12-31,-126931.10720623049,954953.8613325114,-248493.09364443098,,
WO[USDJPY Cuo 35Δ/H@15Δ  ∧  USDKRW Cuo 35Δ/H@15Δ]  3M,worst_of,monthly,2026-01-31,-96949.86983232084,858003.9915001906,-345442.9634767518,,
WO[USDJPY Cuo 35Δ/H@15Δ  ∧  USDKRW Cuo 35Δ/H@15Δ]  3M,worst_of,monthly,2026-02-28,-84511.94540933761,773492.0460908529,-429954.90888608946,,
WO[USDJPY Cuo 35Δ/H@15Δ  ∧  USDKRW Cuo 35Δ/H@15Δ]  3M,worst_of,monthly,2026-03-31,18658.115594079565,792150.1616849325,-411296.79329200985,,
WO[USDJPY Cuo 35Δ/H@15Δ  ∧  USDKRW Cuo 35Δ/H@15Δ]  3M,worst_of,monthly,2026-04-30,-134180.54514735824,657969.6165375742,-545477.3384393682,,
WO[USDJPY Cuo 35Δ/H@15Δ  ∧  USDKRW Cuo 35Δ/H@15Δ]  3M,worst_of,monthly,2026-05-31,-37072.416017034855,620897.2005205394,-582549.754456403,,
WO[USDJPY Cuo 35Δ/H@15Δ  ∧  USDKRW Cuo 35Δ/H@15Δ]  3M,worst_of,annual,2023-12-31,641186.6553643954,641186.6553643957,-376673.44329572946,,
WO[USDJPY Cuo 35Δ/H@15Δ  ∧  USDKRW Cuo 35Δ/H@15Δ]  3M,worst_of,annual,2024-12-31,-636011.263290418,5175.39207397827,-1012684.7065861468,,
WO[USDJPY Cuo 35Δ/H@15Δ  ∧  USDKRW Cuo 35Δ/H@15Δ]  3M,worst_of,annual,2025-12-31,949778.4692585331,954953.8613325114,-248493.09364443098,,
WO[USDJPY Cuo 35Δ/H@15Δ  ∧  USDKRW Cuo 35Δ/H@15Δ]  3M,worst_of,annual,2026-12-31,-334056.660811972,620897.2005205394,-582549.754456403,,
WO[USDJPY Cuo 35Δ/H@10Δ  ∧  USDKRW Cuo 35Δ/H@10Δ]  2M,worst_of,monthly,2023-03-31,584733.956301856,584733.956301856,-149631.74347616278,,
WO[USDJPY Cuo 35Δ/H@10Δ  ∧  USDKRW Cuo 35Δ/H@10Δ]  2M,worst_of,monthly,2023-04-30,-167440.7292302558,417293.2270716002,-317072.47270641854,,
WO[USDJPY Cuo 35Δ/H@10Δ  ∧  USDKRW Cuo 35Δ/H@10Δ]  2M,worst_of,monthly,2023-05-31,-77039.22223294788,340254.0048386524,-394111.69493936637,,
WO[USDJPY Cuo 35Δ/H@10Δ  ∧  USDKRW Cuo 35Δ/H@10Δ]  2M,worst_of,monthly,2023-06-30,-208769.12941933336,131484.87541931903,-602880.8243586997,,
WO[USDJPY Cuo 35Δ/H@10Δ  ∧  USDKRW Cuo 35Δ/H@10Δ]  2M,worst_of,monthly,2023-07-31,-162899.80361690134,-31414.92819758233,-765780.6279756011,,
WO[USDJPY Cuo 35Δ/H@10Δ  ∧  USDKRW Cuo 35Δ/H@10Δ]  2M,worst_of,monthly,2023-08-31,940543.1799725867,909128.2517750043,-20847.248168703634,,
WO[USDJPY Cuo 35Δ/H@10Δ  ∧  USDKRW Cuo 35Δ/H@10Δ]  2M,worst_of,monthly,2023-09-30,199024.22659702937,1108152.4783720342,-147874.7666820092,,
WO[USDJPY Cuo 35Δ/H@10Δ  ∧  USDKRW Cuo 35Δ/H@10Δ]  2M,worst_of,monthly,2023-10-31,541568.755594059,1649721.233966093,0.0,,
WO[USDJPY Cuo 35Δ/H@10Δ  ∧  USDKRW Cuo 35Δ/H@10Δ]  2M,worst_of,monthly,2023-11-30,-53792.20046806028,1595929.033498033,-146508.73685779353,,
WO[USDJPY Cuo 35Δ/H@10Δ  ∧  USDKRW Cuo 35Δ/H@10Δ]  2M,worst_of,monthly,2023-12-31,-164480.43813702566,1431448.5953610074,-310989.1749948191,,
WO[USDJPY Cuo 35Δ/H@10Δ  ∧  USDKRW Cuo 35Δ/H@10Δ]  2M,worst_of,monthly,2024-01-31,-186853.51677930076,1244595.078581707,-497842.6917741194,,
WO[USDJPY Cuo 35Δ/H@10Δ  ∧  USDKRW Cuo 35Δ/H@10Δ]  2M,worst_of,monthly,2024-02-29,-112819.52566355943,1131775.552918147,-610662.2174376794,,
WO[USDJPY Cuo 35Δ/H@10Δ  ∧  USDKRW Cuo 35Δ/H@10Δ]  2M,worst_of,monthly,2024-03-31,-117975.47448659128,1013800.0784315558,-728637.6919242707,,
WO[USDJPY Cuo 35Δ/H@10Δ  ∧  USDKRW Cuo 35Δ/H@10Δ]  2M,worst_of,monthly,2024-04-30,369004.20746722835,1382804.285898784,-359633.48445704253,,
WO[USDJPY Cuo 35Δ/H@10Δ  ∧  USDKRW Cuo 35Δ/H@10Δ]  2M,worst_of,monthly,2024-05-31,-174815.0398544069,1207989.2460443769,-534448.5243114496,,
WO[USDJPY Cuo 35Δ/H@10Δ  ∧  USDKRW Cuo 35Δ/H@10Δ]  2M,worst_of,monthly,2024-06-30,-104793.54447970931,1103195.7015646675,-639242.068791159,,
WO[USDJPY Cuo 35Δ/H@10Δ  ∧  USDKRW Cuo 35Δ/H@10Δ]  2M,worst_of,monthly,2024-07-31,-100763.41722791445,1002432.2843367531,-740005.4860190734,,
WO[USDJPY Cuo 35Δ/H@10Δ  ∧  USDKRW Cuo 35Δ/H@10Δ]  2M,worst_of,monthly,2024-08-31,-171207.92139593136,831224.3629408217,-911213.4074150048,,
WO[USDJPY Cuo 35Δ/H@10Δ  ∧  USDKRW Cuo 35Δ/H@10Δ]  2M,worst_of,monthly,2024-09-30,-159275.4253376189,671948.9376032028,-1070488.8327526236,,
WO[USDJPY Cuo 35Δ/H@10Δ  ∧  USDKRW Cuo 35Δ/H@10Δ]  2M,worst_of,monthly,2024-10-31,970003.1772954767,1641952.1148986793,-100485.65545714716,,
WO[USDJPY Cuo 35Δ/H@10Δ  ∧  USDKRW Cuo 35Δ/H@10Δ]  2M,worst_of,monthly,2024-11-30,-158688.56580210442,1483263.549096575,-259174.22125925147,,
WO[USDJPY Cuo 35Δ/H@10Δ  ∧  USDKRW Cuo 35Δ/H@10Δ]  2M,worst_of,monthly,2024-12-31,215395.70713695462,1698659.2562335294,-43778.514122297056,,
WO[USDJPY Cuo 35Δ/H@10Δ  ∧  USDKRW Cuo 35Δ/H@10Δ]  2M,worst_of,monthly,2025-01-31,-202139.99187695372,1496519.264356576,-245918.50599925057,,
WO[USDJPY Cuo 35Δ/H@10Δ  ∧  USDKRW Cuo 35Δ/H@10Δ]  2M,worst_of,monthly,2025-02-28,-30667.134651346627,1465852.1297052295,-276585.64065059694,,
WO[USDJPY Cuo 35Δ/H@10Δ  ∧  USDKRW Cuo 35Δ/H@10Δ]  2M,worst_of,monthly,2025-03-31,-135420.43120789895,1330431.6984973305,-412006.07185849594,,
WO[USDJPY Cuo 35Δ/H@10Δ  ∧  USDKRW Cuo 35Δ/H@10Δ]  2M,worst_of,monthly,2025-04-30,-156326.01607955524,1174105.6824177753,-568332.0879380512,,
WO[USDJPY Cuo 35Δ/H@10Δ  ∧  USDKRW Cuo 35Δ/H@10Δ]  2M,worst_of,monthly,2025-05-31,-186614.51163989294,987491.1707778823,-754946.5995779441,,
WO[USDJPY Cuo 35Δ/H@10Δ  ∧  USDKRW Cuo 35Δ/H@10Δ]  2M,worst_of,monthly,2025-06-30,-194679.8309768323,792811.33980105,-949626.4305547765,,
WO[USDJPY Cuo 35Δ/H@10Δ  ∧  USDKRW Cuo 35Δ/H@10Δ]  2M,worst_of,monthly,2025-07-31,-244197.33789478868,548614.0019062613,-1193823.7684495652,,
WO[USDJPY Cuo 35Δ/H@10Δ  ∧  USDKRW Cuo 35Δ/H@10Δ]  2M,worst_of,monthly,2025-08-31,557361.0221864411,1105975.0240927024,-636462.746263124,,
WO[USDJPY Cuo 35Δ/H@10Δ  ∧  USDKRW Cuo 35Δ/H@10Δ]  2M,worst_of,monthly,2025-09-30,239853.38941979728,1345828.413512499,-396609.3568433274,,
WO[USDJPY Cuo 35Δ/H@10Δ  ∧  USDKRW Cuo 35Δ/H@10Δ]  2M,worst_of,monthly,2025-10-31,1508528.4787845286,2854356.892297027,0.0,,
WO[USDJPY Cuo 35Δ/H@10Δ  ∧  USDKRW Cuo 35Δ/H@10Δ]  2M,worst_of,monthly,2025-11-30,236588.50193012823,3090945.3942271546,-133533.53887925623,,
WO[USDJPY Cuo 35Δ/H@10Δ  ∧  USDKRW Cuo 35Δ/H@10Δ]  2M,worst_of,monthly,2025-12-31,954638.1709780277,4045583.5652051815,-40532.14829988917,,
WO[USDJPY Cuo 35Δ/H@10Δ  ∧  USDKRW Cuo 35Δ/H@10Δ]  2M,worst_of,monthly,2026-01-31,-194764.39083008634,3850819.174375095,-235296.53912997572,,
WO[USDJPY Cuo 35Δ/H@10Δ  ∧  USDKRW Cuo 35Δ/H@10Δ]  2M,worst_of,monthly,2026-02-28,-179844.70146793255,3670974.472907162,-415141.24059790885,,
WO[USDJPY Cuo 35Δ/H@10Δ  ∧  USDKRW Cuo 35Δ/H@10Δ]  2M,worst_of,monthly,2026-03-31,-36041.6380865933,3634932.834820568,-451182.87868450256,,
WO[USDJPY Cuo 35Δ/H@10Δ  ∧  USDKRW Cuo 35Δ/H@10Δ]  2M,worst_of,monthly,2026-04-30,-171478.36514564304,3463454.4696749253,-622661.2438301453,,
WO[USDJPY Cuo 35Δ/H@10Δ  ∧  USDKRW Cuo 35Δ/H@10Δ]  2M,worst_of,monthly,2026-05-31,-56552.11253848091,3406902.357136444,-679213.3563686265,,
WO[USDJPY Cuo 35Δ/H@10Δ  ∧  USDKRW Cuo 35Δ/H@10Δ]  2M,worst_of,annual,2023-12-31,1431448.5953610067,1431448.5953610074,-310989.1749948191,,
WO[USDJPY Cuo 35Δ/H@10Δ  ∧  USDKRW Cuo 35Δ/H@10Δ]  2M,worst_of,annual,2024-12-31,267210.66087252274,1698659.2562335294,-43778.514122297056,,
WO[USDJPY Cuo 35Δ/H@10Δ  ∧  USDKRW Cuo 35Δ/H@10Δ]  2M,worst_of,annual,2025-12-31,2346924.3089716546,4045583.5652051815,-40532.14829988917,,
WO[USDJPY Cuo 35Δ/H@10Δ  ∧  USDKRW Cuo 35Δ/H@10Δ]  2M,worst_of,annual,2026-12-31,-638681.2080687361,3406902.357136444,-679213.3563686265,,
WO[USDJPY Cuo 35Δ/H@10Δ  ∧  USDKRW Cuo 35Δ/H@10Δ]  1M,worst_of,monthly,2023-02-28,606237.563552049,606237.563552049,-51904.870759506826,,
WO[USDJPY Cuo 35Δ/H@10Δ  ∧  USDKRW Cuo 35Δ/H@10Δ]  1M,worst_of,monthly,2023-03-31,-141872.4717143096,464365.09183773934,-193777.34247381648,,
WO[USDJPY Cuo 35Δ/H@10Δ  ∧  USDKRW Cuo 35Δ/H@10Δ]  1M,worst_of,monthly,2023-04-30,226029.17109271933,690394.2629304586,0.0,,
WO[USDJPY Cuo 35Δ/H@10Δ  ∧  USDKRW Cuo 35Δ/H@10Δ]  1M,worst_of,monthly,2023-05-31,423472.04691273725,1113866.3098431963,-59719.88507471746,,
WO[USDJPY Cuo 35Δ/H@10Δ  ∧  USDKRW Cuo 35Δ/H@10Δ]  1M,worst_of,monthly,2023-06-30,-139229.01979771882,974637.2900454774,-198948.9048724363,,
WO[USDJPY Cuo 35Δ/H@10Δ  ∧  USDKRW Cuo 35Δ/H@10Δ]  1M,worst_of,monthly,2023-07-31,-128412.82157330724,846224.4684721701,-327361.7264457437,,
WO[USDJPY Cuo 35Δ/H@10Δ  ∧  USDKRW Cuo 35Δ/H@10Δ]  1M,worst_of,monthly,2023-08-31,-99886.18657110269,746338.2819010675,-427247.9130168463,,
WO[USDJPY Cuo 35Δ/H@10Δ  ∧  USDKRW Cuo 35Δ/H@10Δ]  1M,worst_of,monthly,2023-09-30,482403.35517654347,1228741.637077611,0.0,,
WO[USDJPY Cuo 35Δ/H@10Δ  ∧  USDKRW Cuo 35Δ/H@10Δ]  1M,worst_of,monthly,2023-10-31,528300.1953244681,1757041.832402079,-13228.914024176542,,
WO[USDJPY Cuo 35Δ/H@10Δ  ∧  USDKRW Cuo 35Δ/H@10Δ]  1M,worst_of,monthly,2023-11-30,-137438.69441555272,1619603.1379865261,-150667.60843972932,,
WO[USDJPY Cuo 35Δ/H@10Δ  ∧  USDKRW Cuo 35Δ/H@10Δ]  1M,worst_of,monthly,2023-12-31,-143793.89147871628,1475809.24650781,-294461.4999184455,,
WO[USDJPY Cuo 35Δ/H@10Δ  ∧  USDKRW Cuo 35Δ/H@10Δ]  1M,worst_of,monthly,2024-01-31,34499.44040639945,1510308.6869142095,-259962.05951204593,,
WO[USDJPY Cuo 35Δ/H@10Δ  ∧  USDKRW Cuo 35Δ/H@10Δ]  1M,worst_of,monthly,2024-02-29,-126538.98351528087,1383769.7033989285,-386501.04302732693,,
WO[USDJPY Cuo 35Δ/H@10Δ  ∧  USDKRW Cuo 35Δ/H@10Δ]  1M,worst_of,monthly,2024-03-31,-87851.6943904458,1295918.0090084826,-474352.7374177729,,
WO[USDJPY Cuo 35Δ/H@10Δ  ∧  USDKRW Cuo 35Δ/H@10Δ]  1M,worst_of,monthly,2024-04-30,126336.02076593977,1422254.0297744223,-348016.71665183315,,
WO[USDJPY Cuo 35Δ/H@10Δ  ∧  USDKRW Cuo 35Δ/H@10Δ]  1M,worst_of,monthly,2024-05-31,-132075.46917802692,1290178.5605963955,-480092.1858298599,,
WO[USDJPY Cuo 35Δ/H@10Δ  ∧  USDKRW Cuo 35Δ/H@10Δ]  1M,worst_of,monthly,2024-06-30,730281.3440030484,2020459.9045994435,0.0,,
WO[USDJPY Cuo 35Δ/H@10Δ  ∧  USDKRW Cuo 35Δ/H@10Δ]  1M,worst_of,monthly,2024-07-31,-129412.69513856598,1891047.2094608773,-129412.6951385662,,
WO[USDJPY Cuo 35Δ/H@10Δ  ∧  USDKRW Cuo 35Δ/H@10Δ]  1M,worst_of,monthly,2024-08-31,-133060.65625321298,1757986.5532076645,-262473.351391779,,
WO[USDJPY Cuo 35Δ/H@10Δ  ∧  USDKRW Cuo 35Δ/H@10Δ]  1M,worst_of,monthly,2024-09-30,-136811.17776464502,1621175.3754430194,-399284.5291564241,,
WO[USDJPY Cuo 35Δ/H@10Δ  ∧  USDKRW Cuo 35Δ/H@10Δ]  1M,worst_of,monthly,2024-10-31,-147402.00140075004,1473773.3740422693,-546686.5305571742,,
WO[USDJPY Cuo 35Δ/H@10Δ  ∧  USDKRW Cuo 35Δ/H@10Δ]  1M,worst_of,monthly,2024-11-30,-92157.5699387597,1381615.8041035098,-638844.1004959338,,
WO[USDJPY Cuo 35Δ/H@10Δ  ∧  USDKRW Cuo 35Δ/H@10Δ]  1M,worst_of,monthly,2024-12-31,-151678.91376063632,1229936.8903428735,-790523.01425657,,
WO[USDJPY Cuo 35Δ/H@10Δ  ∧  USDKRW Cuo 35Δ/H@10Δ]  1M,worst_of,monthly,2025-01-31,-125344.34275036241,1104592.547592511,-915867.3570069326,,
WO[USDJPY Cuo 35Δ/H@10Δ  ∧  USDKRW Cuo 35Δ/H@10Δ]  1M,worst_of,monthly,2025-02-28,-117496.23117013826,987096.3164223725,-1033363.5881770711,,
WO[USDJPY Cuo 35Δ/H@10Δ  ∧  USDKRW Cuo 35Δ/H@10Δ]  1M,worst_of,monthly,2025-03-31,-106709.83553271726,880386.4808896551,-1140073.4237097884,,
WO[USDJPY Cuo 35Δ/H@10Δ  ∧  USDKRW Cuo 35Δ/H@10Δ]  1M,worst_of,monthly,2025-04-30,-144033.6782305179,736352.8026591374,-1284107.1019403061,,
WO[USDJPY Cuo 35Δ/H@10Δ  ∧  USDKRW Cuo 35Δ/H@10Δ]  1M,worst_of,monthly,2025-05-31,-162912.82397839503,573439.9786807422,-1447019.9259187013,,
WO[USDJPY Cuo 35Δ/H@10Δ  ∧  USDKRW Cuo 35Δ/H@10Δ]  1M,worst_of,monthly,2025-06-30,-180980.45664212882,392459.52203861345,-1628000.38256083,,
WO[USDJPY Cuo 35Δ/H@10Δ  ∧  USDKRW Cuo 35Δ/H@10Δ]  1M,worst_of,monthly,2025-07-31,472643.62649562146,865103.148534235,-1155356.7560652085,,
WO[USDJPY Cuo 35Δ/H@10Δ  ∧  USDKRW Cuo 35Δ/H@10Δ]  1M,worst_of,monthly,2025-08-31,-69190.72456083231,795912.4239734027,-1224547.4806260408,,
WO[USDJPY Cuo 35Δ/H@10Δ  ∧  USDKRW Cuo 35Δ/H@10Δ]  1M,worst_of,monthly,2025-09-30,65334.51110965796,861246.9350830606,-1159212.969516383,,
WO[USDJPY Cuo 35Δ/H@10Δ  ∧  USDKRW Cuo 35Δ/H@10Δ]  1M,worst_of,monthly,2025-10-31,96154.55505670852,957401.4901397693,-1063058.4144596742,,
WO[USDJPY Cuo 35Δ/H@10Δ  ∧  USDKRW Cuo 35Δ/H@10Δ]  1M,worst_of,monthly,2025-11-30,-96628.84096068105,860772.6491790882,-1159687.2554203554,,
WO[USDJPY Cuo 35Δ/H@10Δ  ∧  USDKRW Cuo 35Δ/H@10Δ]  1M,worst_of,monthly,2025-12-31,-121944.22911245405,738828.4200666343,-1281631.4845328094,,
WO[USDJPY Cuo 35Δ/H@10Δ  ∧  USDKRW Cuo 35Δ/H@10Δ]  1M,worst_of,monthly,2026-01-31,-103188.89103918802,635639.5290274465,-1384820.375571997,,
WO[USDJPY Cuo 35Δ/H@10Δ  ∧  USDKRW Cuo 35Δ/H@10Δ]  1M,worst_of,monthly,2026-02-28,-155025.7439596125,480613.785067834,-1539846.1195316096,,
WO[USDJPY Cuo 35Δ/H@10Δ  ∧  USDKRW Cuo 35Δ/H@10Δ]  1M,worst_of,monthly,2026-03-31,-118349.37814765621,362264.4069201778,-1658195.4976792657,,
WO[USDJPY Cuo 35Δ/H@10Δ  ∧  USDKRW Cuo 35Δ/H@10Δ]  1M,worst_of,monthly,2026-04-30,-129234.75244081473,233029.65447936306,-1787430.2501200805,,
WO[USDJPY Cuo 35Δ/H@10Δ  ∧  USDKRW Cuo 35Δ/H@10Δ]  1M,worst_of,monthly,2026-05-31,-34390.981904411645,198638.6725749514,-1821821.2320244922,,
WO[USDJPY Cuo 35Δ/H@10Δ  ∧  USDKRW Cuo 35Δ/H@10Δ]  1M,worst_of,annual,2023-12-31,1475809.2465078097,1475809.24650781,-294461.4999184455,,
WO[USDJPY Cuo 35Δ/H@10Δ  ∧  USDKRW Cuo 35Δ/H@10Δ]  1M,worst_of,annual,2024-12-31,-245872.35616493598,1229936.8903428735,-790523.01425657,,
WO[USDJPY Cuo 35Δ/H@10Δ  ∧  USDKRW Cuo 35Δ/H@10Δ]  1M,worst_of,annual,2025-12-31,-491108.4702762392,738828.4200666343,-1281631.4845328094,,
WO[USDJPY Cuo 35Δ/H@10Δ  ∧  USDKRW Cuo 35Δ/H@10Δ]  1M,worst_of,annual,2026-12-31,-540189.7474916831,198638.6725749514,-1821821.2320244922,,
WO[USDJPY Cuo 35Δ/H@10Δ  ∧  USDKRW Cuo 35Δ/H@10Δ]  6W,worst_of,monthly,2023-02-28,332079.2573828903,332079.2573828903,-25892.493125268316,,
WO[USDJPY Cuo 35Δ/H@10Δ  ∧  USDKRW Cuo 35Δ/H@10Δ]  6W,worst_of,monthly,2023-03-31,-170160.36120195212,161918.89618093823,-196052.8543272204,,
WO[USDJPY Cuo 35Δ/H@10Δ  ∧  USDKRW Cuo 35Δ/H@10Δ]  6W,worst_of,monthly,2023-04-30,-33135.91704891241,128782.97913202584,-229188.7713761328,,
WO[USDJPY Cuo 35Δ/H@10Δ  ∧  USDKRW Cuo 35Δ/H@10Δ]  6W,worst_of,monthly,2023-05-31,271427.1939865988,400210.1731186247,-80730.4962170336,,
WO[USDJPY Cuo 35Δ/H@10Δ  ∧  USDKRW Cuo 35Δ/H@10Δ]  6W,worst_of,monthly,2023-06-30,-156997.37322092004,243212.79989770465,-237727.86943795366,,
WO[USDJPY Cuo 35Δ/H@10Δ  ∧  USDKRW Cuo 35Δ/H@10Δ]  6W,worst_of,monthly,2023-07-31,-142658.94417620244,100553.85572150217,-380386.81361415616,,
WO[USDJPY Cuo 35Δ/H@10Δ  ∧  USDKRW Cuo 35Δ/H@10Δ]  6W,worst_of,monthly,2023-08-31,234083.8625846824,334637.71830618463,-146302.95102947368,,
WO[USDJPY Cuo 35Δ/H@10Δ  ∧  USDKRW Cuo 35Δ/H@10Δ]  6W,worst_of,monthly,2023-09-30,151840.06570997814,486477.7840161628,-38813.99752119003,,
WO[USDJPY Cuo 35Δ/H@10Δ  ∧  USDKRW Cuo 35Δ/H@10Δ]  6W,worst_of,monthly,2023-10-31,1136542.8674604667,1623020.6514766295,0.0,,
WO[USDJPY Cuo 35Δ/H@10Δ  ∧  USDKRW Cuo 35Δ/H@10Δ]  6W,worst_of,monthly,2023-11-30,-17470.50877136789,1605550.1427052615,-121439.92237808928,,
WO[USDJPY Cuo 35Δ/H@10Δ  ∧  USDKRW Cuo 35Δ/H@10Δ]  6W,worst_of,monthly,2023-12-31,-161112.1771217804,1444437.965583481,-282552.09949986986,,
WO[USDJPY Cuo 35Δ/H@10Δ  ∧  USDKRW Cuo 35Δ/H@10Δ]  6W,worst_of,monthly,2024-01-31,324316.8984285884,1768754.8640120695,-8172.663899876177,,
WO[USDJPY Cuo 35Δ/H@10Δ  ∧  USDKRW Cuo 35Δ/H@10Δ]  6W,worst_of,monthly,2024-02-29,-145642.61259534006,1623112.2514167295,-153815.27649521618,,
WO[USDJPY Cuo 35Δ/H@10Δ  ∧  USDKRW Cuo 35Δ/H@10Δ]  6W,worst_of,monthly,2024-03-31,-137719.45452908275,1485392.796887646,-291534.73102429975,,
WO[USDJPY Cuo 35Δ/H@10Δ  ∧  USDKRW Cuo 35Δ/H@10Δ]  6W,worst_of,monthly,2024-04-30,311064.48547472426,1796457.2823623705,-82594.92442618823,,
WO[USDJPY Cuo 35Δ/H@10Δ  ∧  USDKRW Cuo 35Δ/H@10Δ]  6W,worst_of,monthly,2024-05-31,-150915.01381531043,1645542.2685470607,-233509.93824149808,,
WO[USDJPY Cuo 35Δ/H@10Δ  ∧  USDKRW Cuo 35Δ/H@10Δ]  6W,worst_of,monthly,2024-06-30,190523.93460929987,1836066.2031563604,-42986.00363219832,,
WO[USDJPY Cuo 35Δ/H@10Δ  ∧  USDKRW Cuo 35Δ/H@10Δ]  6W,worst_of,monthly,2024-07-31,1033.7279469078867,1837099.9311032682,-97830.71442920528,,
WO[USDJPY Cuo 35Δ/H@10Δ  ∧  USDKRW Cuo 35Δ/H@10Δ]  6W,worst_of,monthly,2024-08-31,-140358.1483053357,1696741.782797933,-238188.86273454037,,
WO[USDJPY Cuo 35Δ/H@10Δ  ∧  USDKRW Cuo 35Δ/H@10Δ]  6W,worst_of,monthly,2024-09-30,-138079.44730332663,1558662.3354946063,-376268.31003786717,,
WO[USDJPY Cuo 35Δ/H@10Δ  ∧  USDKRW Cuo 35Δ/H@10Δ]  6W,worst_of,monthly,2024-10-31,420023.59482862306,1978685.9303232299,-56928.42984426534,,
WO[USDJPY Cuo 35Δ/H@10Δ  ∧  USDKRW Cuo 35Δ/H@10Δ]  6W,worst_of,monthly,2024-11-30,-152960.0094937309,1825725.9208294991,-209888.43933799607,,
WO[USDJPY Cuo 35Δ/H@10Δ  ∧  USDKRW Cuo 35Δ/H@10Δ]  6W,worst_of,monthly,2024-12-31,-108076.75380523152,1717649.1670242676,-317965.1931432276,,
WO[USDJPY Cuo 35Δ/H@10Δ  ∧  USDKRW Cuo 35Δ/H@10Δ]  6W,worst_of,monthly,2025-01-31,-158137.95247097316,1559511.2145532945,-476103.14561420074,,
WO[USDJPY Cuo 35Δ/H@10Δ  ∧  USDKRW Cuo 35Δ/H@10Δ]  6W,worst_of,monthly,2025-02-28,-117134.39766970463,1442376.8168835896,-593237.5432839056,,
WO[USDJPY Cuo 35Δ/H@10Δ  ∧  USDKRW Cuo 35Δ/H@10Δ]  6W,worst_of,monthly,2025-03-31,-126136.69309267167,1316240.123790918,-719374.2363765773,,
WO[USDJPY Cuo 35Δ/H@10Δ  ∧  USDKRW Cuo 35Δ/H@10Δ]  6W,worst_of,monthly,2025-04-30,-152639.52871991426,1163600.5950710038,-872013.7650964914,,
WO[USDJPY Cuo 35Δ/H@10Δ  ∧  USDKRW Cuo 35Δ/H@10Δ]  6W,worst_of,monthly,2025-05-31,-166988.54976027503,996612.0453107288,-1039002.3148567664,,
WO[USDJPY Cuo 35Δ/H@10Δ  ∧  USDKRW Cuo 35Δ/H@10Δ]  6W,worst_of,monthly,2025-06-30,-179003.93582264066,817608.1094880885,-1218006.2506794068,,
WO[USDJPY Cuo 35Δ/H@10Δ  ∧  USDKRW Cuo 35Δ/H@10Δ]  6W,worst_of,monthly,2025-07-31,158710.53807088235,976318.6475589708,-1059295.7126085244,,
WO[USDJPY Cuo 35Δ/H@10Δ  ∧  USDKRW Cuo 35Δ/H@10Δ]  6W,worst_of,monthly,2025-08-31,-72748.91076849322,903569.7367904778,-1132044.6233770174,,
WO[USDJPY Cuo 35Δ/H@10Δ  ∧  USDKRW Cuo 35Δ/H@10Δ]  6W,worst_of,monthly,2025-09-30,-87959.85545684175,815609.8813336361,-1220004.478833859,,
WO[USDJPY Cuo 35Δ/H@10Δ  ∧  USDKRW Cuo 35Δ/H@10Δ]  6W,worst_of,monthly,2025-10-31,143486.59337349594,959096.4747071319,-1076517.8854603632,,
WO[USDJPY Cuo 35Δ/H@10Δ  ∧  USDKRW Cuo 35Δ/H@10Δ]  6W,worst_of,monthly,2025-11-30,37513.98197665182,996610.4566837836,-1039003.9034837116,,
WO[USDJPY Cuo 35Δ/H@10Δ  ∧  USDKRW Cuo 35Δ/H@10Δ]  6W,worst_of,monthly,2025-12-31,401739.780703597,1398350.2373873808,-637264.1227801144,,
WO[USDJPY Cuo 35Δ/H@10Δ  ∧  USDKRW Cuo 35Δ/H@10Δ]  6W,worst_of,monthly,2026-01-31,-168819.89576127147,1229530.3416261096,-806084.0185413857,,
WO[USDJPY Cuo 35Δ/H@10Δ  ∧  USDKRW Cuo 35Δ/H@10Δ]  6W,worst_of,monthly,2026-02-28,-136458.86611677113,1093071.4755093383,-942542.8846581569,,
WO[USDJPY Cuo 35Δ/H@10Δ  ∧  USDKRW Cuo 35Δ/H@10Δ]  6W,worst_of,monthly,2026-03-31,117725.56549645658,1210797.0410057954,-824817.3191616999,,
WO[USDJPY Cuo 35Δ/H@10Δ  ∧  USDKRW Cuo 35Δ/H@10Δ]  6W,worst_of,monthly,2026-04-30,-162535.10708385528,1048261.9339219406,-987352.4262455546,,
WO[USDJPY Cuo 35Δ/H@10Δ  ∧  USDKRW Cuo 35Δ/H@10Δ]  6W,worst_of,monthly,2026-05-31,-42245.9893999678,1006015.9445219729,-1029598.4156455223,,
WO[USDJPY Cuo 35Δ/H@10Δ  ∧  USDKRW Cuo 35Δ/H@10Δ]  6W,worst_of,annual,2023-12-31,1444437.9655834811,1444437.965583481,-282552.09949986986,,
WO[USDJPY Cuo 35Δ/H@10Δ  ∧  USDKRW Cuo 35Δ/H@10Δ]  6W,worst_of,annual,2024-12-31,273211.2014407855,1717649.1670242676,-317965.1931432276,,
WO[USDJPY Cuo 35Δ/H@10Δ  ∧  USDKRW Cuo 35Δ/H@10Δ]  6W,worst_of,annual,2025-12-31,-319298.9296368873,1398350.2373873808,-637264.1227801144,,
WO[USDJPY Cuo 35Δ/H@10Δ  ∧  USDKRW Cuo 35Δ/H@10Δ]  6W,worst_of,annual,2026-12-31,-392334.2928654091,1006015.9445219729,-1029598.4156455223,,
WO[USDJPY Cuo 35Δ/H@10Δ  ∧  USDKRW Cuo 35Δ/H@10Δ]  10W,worst_of,monthly,2023-03-31,-33497.16030608634,-33497.16030608634,-130121.53784101104,,
WO[USDJPY Cuo 35Δ/H@10Δ  ∧  USDKRW Cuo 35Δ/H@10Δ]  10W,worst_of,monthly,2023-04-30,227217.0164774647,193719.85617137837,-6308.325101989525,,
WO[USDJPY Cuo 35Δ/H@10Δ  ∧  USDKRW Cuo 35Δ/H@10Δ]  10W,worst_of,monthly,2023-05-31,-91272.85611233476,102447.00005904358,-202604.34838725766,,
WO[USDJPY Cuo 35Δ/H@10Δ  ∧  USDKRW Cuo 35Δ/H@10Δ]  10W,worst_of,monthly,2023-06-30,-211938.5110470056,-109491.51098796204,-414542.8594342633,,
WO[USDJPY Cuo 35Δ/H@10Δ  ∧  USDKRW Cuo 35Δ/H@10Δ]  10W,worst_of,monthly,2023-07-31,-173240.71145782608,-282732.22244578804,-587783.5708920893,,
WO[USDJPY Cuo 35Δ/H@10Δ  ∧  USDKRW Cuo 35Δ/H@10Δ]  10W,worst_of,monthly,2023-08-31,204609.4156456146,-78122.80680017357,-383174.1552464748,,
WO[USDJPY Cuo 35Δ/H@10Δ  ∧  USDKRW Cuo 35Δ/H@10Δ]  10W,worst_of,monthly,2023-09-30,321068.2672294308,242945.46042925728,-84414.0307890907,,
WO[USDJPY Cuo 35Δ/H@10Δ  ∧  USDKRW Cuo 35Δ/H@10Δ]  10W,worst_of,monthly,2023-10-31,219603.28925094215,462548.74968019937,-46396.81054005859,,
WO[USDJPY Cuo 35Δ/H@10Δ  ∧  USDKRW Cuo 35Δ/H@10Δ]  10W,worst_of,monthly,2023-11-30,-181595.97271996213,280952.77696023724,-227992.78326002072,,
WO[USDJPY Cuo 35Δ/H@10Δ  ∧  USDKRW Cuo 35Δ/H@10Δ]  10W,worst_of,monthly,2023-12-31,-143807.26405471904,137145.51290551823,-371800.0473147397,,
WO[USDJPY Cuo 35Δ/H@10Δ  ∧  USDKRW Cuo 35Δ/H@10Δ]  10W,worst_of,monthly,2024-01-31,-211463.15583348836,-74317.64292797016,-583263.2031482281,,
WO[USDJPY Cuo 35Δ/H@10Δ  ∧  USDKRW Cuo 35Δ/H@10Δ]  10W,worst_of,monthly,2024-02-29,138970.79861738597,64653.155689415806,-444292.40453084215,,
WO[USDJPY Cuo 35Δ/H@10Δ  ∧  USDKRW Cuo 35Δ/H@10Δ]  10W,worst_of,monthly,2024-03-31,-55522.6376577778,9130.518031638003,-499815.04218861996,,
WO[USDJPY Cuo 35Δ/H@10Δ  ∧  USDKRW Cuo 35Δ/H@10Δ]  10W,worst_of,monthly,2024-04-30,488896.1582200408,498026.67625167867,-80228.70762223873,,
WO[USDJPY Cuo 35Δ/H@10Δ  ∧  USDKRW Cuo 35Δ/H@10Δ]  10W,worst_of,monthly,2024-05-31,-176567.53156216993,321459.1446895089,-256796.2391844085,,
WO[USDJPY Cuo 35Δ/H@10Δ  ∧  USDKRW Cuo 35Δ/H@10Δ]  10W,worst_of,monthly,2024-06-30,-151956.1928106932,169502.95187881563,-408752.43199510174,,
WO[USDJPY Cuo 35Δ/H@10Δ  ∧  USDKRW Cuo 35Δ/H@10Δ]  10W,worst_of,monthly,2024-07-31,-97597.26822477815,71905.68365403748,-506349.7002198799,,
WO[USDJPY Cuo 35Δ/H@10Δ  ∧  USDKRW Cuo 35Δ/H@10Δ]  10W,worst_of,monthly,2024-08-31,-174200.8803413703,-102295.19668733283,-680550.5805612502,,
WO[USDJPY Cuo 35Δ/H@10Δ  ∧  USDKRW Cuo 35Δ/H@10Δ]  10W,worst_of,monthly,2024-09-30,-159638.06387614997,-261933.26056348285,-840188.6444374003,,
WO[USDJPY Cuo 35Δ/H@10Δ  ∧  USDKRW Cuo 35Δ/H@10Δ]  10W,worst_of,monthly,2024-10-31,459169.92062674975,197236.66006326693,-381018.72381065047,,
WO[USDJPY Cuo 35Δ/H@10Δ  ∧  USDKRW Cuo 35Δ/H@10Δ]  10W,worst_of,monthly,2024-11-30,-174104.68804871547,23131.972014551513,-555123.4118593659,,
WO[USDJPY Cuo 35Δ/H@10Δ  ∧  USDKRW Cuo 35Δ/H@10Δ]  10W,worst_of,monthly,2024-12-31,-188914.78663794373,-165782.81462339222,-744038.1984973096,,
WO[USDJPY Cuo 35Δ/H@10Δ  ∧  USDKRW Cuo 35Δ/H@10Δ]  10W,worst_of,monthly,2025-01-31,-223613.92567126316,-389396.7402946554,-967652.1241685727,,
WO[USDJPY Cuo 35Δ/H@10Δ  ∧  USDKRW Cuo 35Δ/H@10Δ]  10W,worst_of,monthly,2025-02-28,-36849.9271232304,-426246.6674178858,-1004502.0512918031,,
WO[USDJPY Cuo 35Δ/H@10Δ  ∧  USDKRW Cuo 35Δ/H@10Δ]  10W,worst_of,monthly,2025-03-31,-148058.95031053762,-574305.6177284234,-1152561.001602341,,
WO[USDJPY Cuo 35Δ/H@10Δ  ∧  USDKRW Cuo 35Δ/H@10Δ]  10W,worst_of,monthly,2025-04-30,-157652.94204874084,-731958.5597771642,-1310213.9436510815,,
WO[USDJPY Cuo 35Δ/H@10Δ  ∧  USDKRW Cuo 35Δ/H@10Δ]  10W,worst_of,monthly,2025-05-31,-179798.28556641194,-911756.845343576,-1490012.2292174934,,
WO[USDJPY Cuo 35Δ/H@10Δ  ∧  USDKRW Cuo 35Δ/H@10Δ]  10W,worst_of,monthly,2025-06-30,-189889.14163526296,-1101645.986978839,-1679901.3708527563,,
WO[USDJPY Cuo 35Δ/H@10Δ  ∧  USDKRW Cuo 35Δ/H@10Δ]  10W,worst_of,monthly,2025-07-31,-241793.42399064248,-1343439.410969481,-1921694.7948433985,,
WO[USDJPY Cuo 35Δ/H@10Δ  ∧  USDKRW Cuo 35Δ/H@10Δ]  10W,worst_of,monthly,2025-08-31,290528.633004333,-1052910.777965148,-1631166.1618390654,,
WO[USDJPY Cuo 35Δ/H@10Δ  ∧  USDKRW Cuo 35Δ/H@10Δ]  10W,worst_of,monthly,2025-09-30,477898.2526150594,-575012.5253500885,-1153267.9092240059,,
WO[USDJPY Cuo 35Δ/H@10Δ  ∧  USDKRW Cuo 35Δ/H@10Δ]  10W,worst_of,monthly,2025-10-31,1857053.8700389739,1282041.3446888854,-8917.915215186542,,
WO[USDJPY Cuo 35Δ/H@10Δ  ∧  USDKRW Cuo 35Δ/H@10Δ]  10W,worst_of,monthly,2025-11-30,-1228.1350885035754,1280813.2096003818,-171116.56563494774,,
WO[USDJPY Cuo 35Δ/H@10Δ  ∧  USDKRW Cuo 35Δ/H@10Δ]  10W,worst_of,monthly,2025-12-31,579008.9729113441,1859822.1825117257,-26070.514389526565,,
WO[USDJPY Cuo 35Δ/H@10Δ  ∧  USDKRW Cuo 35Δ/H@10Δ]  10W,worst_of,monthly,2026-01-31,287829.5477486383,2147651.7302603642,-96279.39792776387,,
WO[USDJPY Cuo 35Δ/H@10Δ  ∧  USDKRW Cuo 35Δ/H@10Δ]  10W,worst_of,monthly,2026-02-28,-186146.31229105312,1961505.4179693114,-282425.71021881676,,
WO[USDJPY Cuo 35Δ/H@10Δ  ∧  USDKRW Cuo 35Δ/H@10Δ]  10W,worst_of,monthly,2026-03-31,220158.47073530013,2181663.888704612,-62267.2394835162,,
WO[USDJPY Cuo 35Δ/H@10Δ  ∧  USDKRW Cuo 35Δ/H@10Δ]  10W,worst_of,monthly,2026-04-30,-193377.76162217488,1988286.127082436,-255645.001105692,,
WO[USDJPY Cuo 35Δ/H@10Δ  ∧  USDKRW Cuo 35Δ/H@10Δ]  10W,worst_of,monthly,2026-05-31,-60753.47018654987,1927532.6568958864,-316398.4712922417,,
WO[USDJPY Cuo 35Δ/H@10Δ  ∧  USDKRW Cuo 35Δ/H@10Δ]  10W,worst_of,annual,2023-12-31,137145.5129055183,137145.51290551823,-371800.0473147397,,
WO[USDJPY Cuo 35Δ/H@10Δ  ∧  USDKRW Cuo 35Δ/H@10Δ]  10W,worst_of,annual,2024-12-31,-302928.32752891036,-165782.81462339222,-744038.1984973096,,
WO[USDJPY Cuo 35Δ/H@10Δ  ∧  USDKRW Cuo 35Δ/H@10Δ]  10W,worst_of,annual,2025-12-31,2025604.9971351174,1859822.1825117257,-26070.514389526565,,
WO[USDJPY Cuo 35Δ/H@10Δ  ∧  USDKRW Cuo 35Δ/H@10Δ]  10W,worst_of,annual,2026-12-31,67710.47438416054,1927532.6568958864,-316398.4712922417,,
WO[USDJPY Cuo 35Δ/H@10Δ  ∧  USDKRW Cuo 35Δ/H@10Δ]  3M,worst_of,monthly,2023-03-31,-3822.6216473336763,-3822.6216473336763,0.0,,
WO[USDJPY Cuo 35Δ/H@10Δ  ∧  USDKRW Cuo 35Δ/H@10Δ]  3M,worst_of,monthly,2023-04-30,-116656.47952401076,-120479.10117134445,-116656.47952401076,,
WO[USDJPY Cuo 35Δ/H@10Δ  ∧  USDKRW Cuo 35Δ/H@10Δ]  3M,worst_of,monthly,2023-05-31,572622.8961572648,452143.7949859204,-20339.953306360287,,
WO[USDJPY Cuo 35Δ/H@10Δ  ∧  USDKRW Cuo 35Δ/H@10Δ]  3M,worst_of,monthly,2023-06-30,-233411.5823993761,218732.2125865443,-253751.5357057364,,
WO[USDJPY Cuo 35Δ/H@10Δ  ∧  USDKRW Cuo 35Δ/H@10Δ]  3M,worst_of,monthly,2023-07-31,-202082.02577083392,16650.186815710396,-455833.5614765703,,
WO[USDJPY Cuo 35Δ/H@10Δ  ∧  USDKRW Cuo 35Δ/H@10Δ]  3M,worst_of,monthly,2023-08-31,-194603.23627733425,-177953.0494616238,-650436.7977539045,,
WO[USDJPY Cuo 35Δ/H@10Δ  ∧  USDKRW Cuo 35Δ/H@10Δ]  3M,worst_of,monthly,2023-09-30,1300664.8935996522,1122711.8441380283,0.0,,
WO[USDJPY Cuo 35Δ/H@10Δ  ∧  USDKRW Cuo 35Δ/H@10Δ]  3M,worst_of,monthly,2023-10-31,753819.438028006,1876531.2821660347,-166552.70328986552,,
WO[USDJPY Cuo 35Δ/H@10Δ  ∧  USDKRW Cuo 35Δ/H@10Δ]  3M,worst_of,monthly,2023-11-30,-221432.04477047647,1655099.2373955583,-387984.7480603419,,
WO[USDJPY Cuo 35Δ/H@10Δ  ∧  USDKRW Cuo 35Δ/H@10Δ]  3M,worst_of,monthly,2023-12-31,-187034.22728410317,1468065.0101114549,-575018.9753444453,,
WO[USDJPY Cuo 35Δ/H@10Δ  ∧  USDKRW Cuo 35Δ/H@10Δ]  3M,worst_of,monthly,2024-01-31,-186454.91519814194,1281610.094913313,-761473.8905425873,,
WO[USDJPY Cuo 35Δ/H@10Δ  ∧  USDKRW Cuo 35Δ/H@10Δ]  3M,worst_of,monthly,2024-02-29,594014.2415397954,1875624.3364531081,-167459.64900279208,,
WO[USDJPY Cuo 35Δ/H@10Δ  ∧  USDKRW Cuo 35Δ/H@10Δ]  3M,worst_of,monthly,2024-03-31,248640.56664972316,2124264.9031028314,-62548.769070879556,,
WO[USDJPY Cuo 35Δ/H@10Δ  ∧  USDKRW Cuo 35Δ/H@10Δ]  3M,worst_of,monthly,2024-04-30,1159455.309654924,3283720.2127577555,-58692.15015724674,,
WO[USDJPY Cuo 35Δ/H@10Δ  ∧  USDKRW Cuo 35Δ/H@10Δ]  3M,worst_of,monthly,2024-05-31,-177422.01739237548,3106298.1953653805,-236114.16754962178,,
WO[USDJPY Cuo 35Δ/H@10Δ  ∧  USDKRW Cuo 35Δ/H@10Δ]  3M,worst_of,monthly,2024-06-30,-172179.98191578066,2934118.2134496006,-408294.14946540166,,
WO[USDJPY Cuo 35Δ/H@10Δ  ∧  USDKRW Cuo 35Δ/H@10Δ]  3M,worst_of,monthly,2024-07-31,-183868.9204923908,2750249.29295721,-592163.0699577923,,
WO[USDJPY Cuo 35Δ/H@10Δ  ∧  USDKRW Cuo 35Δ/H@10Δ]  3M,worst_of,monthly,2024-08-31,-176442.2656205685,2573807.027336641,-768605.3355783611,,
WO[USDJPY Cuo 35Δ/H@10Δ  ∧  USDKRW Cuo 35Δ/H@10Δ]  3M,worst_of,monthly,2024-09-30,-179556.78029728538,2394250.2470393567,-948162.1158756455,,
WO[USDJPY Cuo 35Δ/H@10Δ  ∧  USDKRW Cuo 35Δ/H@10Δ]  3M,worst_of,monthly,2024-10-31,-192200.17746864588,2202050.0695707113,-1140362.293344291,,
WO[USDJPY Cuo 35Δ/H@10Δ  ∧  USDKRW Cuo 35Δ/H@10Δ]  3M,worst_of,monthly,2024-11-30,390446.6651274665,2592496.734698178,-749915.6282168245,,
WO[USDJPY Cuo 35Δ/H@10Δ  ∧  USDKRW Cuo 35Δ/H@10Δ]  3M,worst_of,monthly,2024-12-31,-189796.00726722076,2402700.727430957,-939711.6354840454,,
WO[USDJPY Cuo 35Δ/H@10Δ  ∧  USDKRW Cuo 35Δ/H@10Δ]  3M,worst_of,monthly,2025-01-31,-222119.4312726661,2180581.2961582905,-1161831.0667567118,,
WO[USDJPY Cuo 35Δ/H@10Δ  ∧  USDKRW Cuo 35Δ/H@10Δ]  3M,worst_of,monthly,2025-02-28,-219901.31586485624,1960679.980293434,-1381732.3826215682,,
WO[USDJPY Cuo 35Δ/H@10Δ  ∧  USDKRW Cuo 35Δ/H@10Δ]  3M,worst_of,monthly,2025-03-31,-166753.29599398252,1793926.684299452,-1548485.6786155503,,
WO[USDJPY Cuo 35Δ/H@10Δ  ∧  USDKRW Cuo 35Δ/H@10Δ]  3M,worst_of,monthly,2025-04-30,-155766.98794724923,1638159.696352203,-1704252.6665627994,,
WO[USDJPY Cuo 35Δ/H@10Δ  ∧  USDKRW Cuo 35Δ/H@10Δ]  3M,worst_of,monthly,2025-05-31,-188523.45616161666,1449636.240190586,-1892776.1227244162,,
WO[USDJPY Cuo 35Δ/H@10Δ  ∧  USDKRW Cuo 35Δ/H@10Δ]  3M,worst_of,monthly,2025-06-30,-195279.90751298633,1254356.3326775995,-2088056.0302374028,,
WO[USDJPY Cuo 35Δ/H@10Δ  ∧  USDKRW Cuo 35Δ/H@10Δ]  3M,worst_of,monthly,2025-07-31,-230291.0900259743,1024065.242651625,-2318347.120263377,,
WO[USDJPY Cuo 35Δ/H@10Δ  ∧  USDKRW Cuo 35Δ/H@10Δ]  3M,worst_of,monthly,2025-08-31,-250056.2566215351,774008.9860300899,-2568403.376884912,,
WO[USDJPY Cuo 35Δ/H@10Δ  ∧  USDKRW Cuo 35Δ/H@10Δ]  3M,worst_of,monthly,2025-09-30,862377.4872500686,1636386.4732801586,-1706025.8896348437,,
WO[USDJPY Cuo 35Δ/H@10Δ  ∧  USDKRW Cuo 35Δ/H@10Δ]  3M,worst_of,monthly,2025-10-31,2828862.817966294,4465249.291246452,0.0,,
WO[USDJPY Cuo 35Δ/H@10Δ  ∧  USDKRW Cuo 35Δ/H@10Δ]  3M,worst_of,monthly,2025-11-30,1685223.3699574764,6150472.661203928,-130926.57248671912,,
WO[USDJPY Cuo 35Δ/H@10Δ  ∧  USDKRW Cuo 35Δ/H@10Δ]  3M,worst_of,monthly,2025-12-31,-214606.35174989735,5935866.309454032,-345532.9242366152,,
WO[USDJPY Cuo 35Δ/H@10Δ  ∧  USDKRW Cuo 35Δ/H@10Δ]  3M,worst_of,monthly,2026-01-31,645978.02375879,6581844.333212822,-47494.23928978108,,
WO[USDJPY Cuo 35Δ/H@10Δ  ∧  USDKRW Cuo 35Δ/H@10Δ]  3M,worst_of,monthly,2026-02-28,-175347.33979813432,6406496.993414689,-222841.57908791397,,
WO[USDJPY Cuo 35Δ/H@10Δ  ∧  USDKRW Cuo 35Δ/H@10Δ]  3M,worst_of,monthly,2026-03-31,104940.18265221933,6511437.176066907,-117901.3964356957,,
WO[USDJPY Cuo 35Δ/H@10Δ  ∧  USDKRW Cuo 35Δ/H@10Δ]  3M,worst_of,monthly,2026-04-30,-234077.67667042473,6277359.499396483,-351979.0731061194,,
WO[USDJPY Cuo 35Δ/H@10Δ  ∧  USDKRW Cuo 35Δ/H@10Δ]  3M,worst_of,monthly,2026-05-31,-64542.09711575833,6212817.402280726,-416521.1702218773,,
WO[USDJPY Cuo 35Δ/H@10Δ  ∧  USDKRW Cuo 35Δ/H@10Δ]  3M,worst_of,annual,2023-12-31,1468065.0101114546,1468065.0101114549,-575018.9753444453,,
WO[USDJPY Cuo 35Δ/H@10Δ  ∧  USDKRW Cuo 35Δ/H@10Δ]  3M,worst_of,annual,2024-12-31,934635.7173194997,2402700.727430957,-939711.6354840454,,
WO[USDJPY Cuo 35Δ/H@10Δ  ∧  USDKRW Cuo 35Δ/H@10Δ]  3M,worst_of,annual,2025-12-31,3533165.5820230753,5935866.309454032,-345532.9242366152,,
WO[USDJPY Cuo 35Δ/H@10Δ  ∧  USDKRW Cuo 35Δ/H@10Δ]  3M,worst_of,annual,2026-12-31,276951.09282669204,6212817.402280726,-416521.1702218773,,
WO[USDJPY Cuo 35Δ/H@5Δ  ∧  USDKRW Cuo 35Δ/H@5Δ]  2M,worst_of,monthly,2023-03-31,1725745.1833928423,1725745.183392842,-100324.3533042355,,
WO[USDJPY Cuo 35Δ/H@5Δ  ∧  USDKRW Cuo 35Δ/H@5Δ]  2M,worst_of,monthly,2023-04-30,-199990.04108894157,1525755.1423039006,-300314.394393177,,
WO[USDJPY Cuo 35Δ/H@5Δ  ∧  USDKRW Cuo 35Δ/H@5Δ]  2M,worst_of,monthly,2023-05-31,160095.75492778607,1685850.8972316866,-140218.63946539094,,
WO[USDJPY Cuo 35Δ/H@5Δ  ∧  USDKRW Cuo 35Δ/H@5Δ]  2M,worst_of,monthly,2023-06-30,-295364.29424664273,1390486.602985044,-435582.93371203355,,
WO[USDJPY Cuo 35Δ/H@5Δ  ∧  USDKRW Cuo 35Δ/H@5Δ]  2M,worst_of,monthly,2023-07-31,-233739.5925556642,1156747.0104293795,-669322.526267698,,
WO[USDJPY Cuo 35Δ/H@5Δ  ∧  USDKRW Cuo 35Δ/H@5Δ]  2M,worst_of,monthly,2023-08-31,1883276.3562668706,3040023.3666962497,-32785.76582992682,,
WO[USDJPY Cuo 35Δ/H@5Δ  ∧  USDKRW Cuo 35Δ/H@5Δ]  2M,worst_of,monthly,2023-09-30,2564992.8842261513,5605016.2509224005,0.0,,
WO[USDJPY Cuo 35Δ/H@5Δ  ∧  USDKRW Cuo 35Δ/H@5Δ]  2M,worst_of,monthly,2023-10-31,1639730.2658933708,7244746.516815771,0.0,,
WO[USDJPY Cuo 35Δ/H@5Δ  ∧  USDKRW Cuo 35Δ/H@5Δ]  2M,worst_of,monthly,2023-11-30,-115324.94403500944,7129421.572780761,-224039.2817348158,,
WO[USDJPY Cuo 35Δ/H@5Δ  ∧  USDKRW Cuo 35Δ/H@5Δ]  2M,worst_of,monthly,2023-12-31,-249430.40723935727,6879991.165541404,-473469.6889741728,,
WO[USDJPY Cuo 35Δ/H@5Δ  ∧  USDKRW Cuo 35Δ/H@5Δ]  2M,worst_of,monthly,2024-01-31,-289218.0180517901,6590773.147489614,-762687.7070259629,,
WO[USDJPY Cuo 35Δ/H@5Δ  ∧  USDKRW Cuo 35Δ/H@5Δ]  2M,worst_of,monthly,2024-02-29,853796.5417146591,7444569.689204274,-44894.79716146458,,
WO[USDJPY Cuo 35Δ/H@5Δ  ∧  USDKRW Cuo 35Δ/H@5Δ]  2M,worst_of,monthly,2024-03-31,-154040.04608882157,7290529.643115451,-256943.241618325,,
WO[USDJPY Cuo 35Δ/H@5Δ  ∧  USDKRW Cuo 35Δ/H@5Δ]  2M,worst_of,monthly,2024-04-30,1305438.595582655,8595968.238698106,-59778.08318903111,,
WO[USDJPY Cuo 35Δ/H@5Δ  ∧  USDKRW Cuo 35Δ/H@5Δ]  2M,worst_of,monthly,2024-05-31,-271239.5998474423,8324728.638850662,-331017.68303647544,,
WO[USDJPY Cuo 35Δ/H@5Δ  ∧  USDKRW Cuo 35Δ/H@5Δ]  2M,worst_of,monthly,2024-06-30,-179448.67507463883,8145279.963776023,-510466.35811111424,,
WO[USDJPY Cuo 35Δ/H@5Δ  ∧  USDKRW Cuo 35Δ/H@5Δ]  2M,worst_of,monthly,2024-07-31,89353.62843794211,8234633.592213964,-421112.7296731733,,
WO[USDJPY Cuo 35Δ/H@5Δ  ∧  USDKRW Cuo 35Δ/H@5Δ]  2M,worst_of,monthly,2024-08-31,-257722.32605190642,7976911.266162057,-678835.05572508,,
WO[USDJPY Cuo 35Δ/H@5Δ  ∧  USDKRW Cuo 35Δ/H@5Δ]  2M,worst_of,monthly,2024-09-30,-227700.97394128185,7749210.292220775,-906536.0296663623,,
WO[USDJPY Cuo 35Δ/H@5Δ  ∧  USDKRW Cuo 35Δ/H@5Δ]  2M,worst_of,monthly,2024-10-31,2239519.165247933,9988729.45746871,0.0,,
WO[USDJPY Cuo 35Δ/H@5Δ  ∧  USDKRW Cuo 35Δ/H@5Δ]  2M,worst_of,monthly,2024-11-30,354225.9565328346,10342955.414001545,-179994.1673877854,,
WO[USDJPY Cuo 35Δ/H@5Δ  ∧  USDKRW Cuo 35Δ/H@5Δ]  2M,worst_of,monthly,2024-12-31,2847389.1110920985,13190344.525093643,0.0,,
WO[USDJPY Cuo 35Δ/H@5Δ  ∧  USDKRW Cuo 35Δ/H@5Δ]  2M,worst_of,monthly,2025-01-31,682590.5259014901,13872935.050995132,0.0,,
WO[USDJPY Cuo 35Δ/H@5Δ  ∧  USDKRW Cuo 35Δ/H@5Δ]  2M,worst_of,monthly,2025-02-28,6930.558651293044,13879865.609646425,-172804.59681573324,,
WO[USDJPY Cuo 35Δ/H@5Δ  ∧  USDKRW Cuo 35Δ/H@5Δ]  2M,worst_of,monthly,2025-03-31,-191193.53936226445,13688672.070284162,-363998.1361779962,,
WO[USDJPY Cuo 35Δ/H@5Δ  ∧  USDKRW Cuo 35Δ/H@5Δ]  2M,worst_of,monthly,2025-04-30,-237373.50282124855,13451298.567462914,-601371.6389992442,,
WO[USDJPY Cuo 35Δ/H@5Δ  ∧  USDKRW Cuo 35Δ/H@5Δ]  2M,worst_of,monthly,2025-05-31,-284277.64018292184,13167020.927279992,-885649.2791821659,,
WO[USDJPY Cuo 35Δ/H@5Δ  ∧  USDKRW Cuo 35Δ/H@5Δ]  2M,worst_of,monthly,2025-06-30,-299368.04679897823,12867652.880481012,-1185017.3259811457,,
WO[USDJPY Cuo 35Δ/H@5Δ  ∧  USDKRW Cuo 35Δ/H@5Δ]  2M,worst_of,monthly,2025-07-31,-406170.83054511255,12461482.049935898,-1591188.15652626,,
WO[USDJPY Cuo 35Δ/H@5Δ  ∧  USDKRW Cuo 35Δ/H@5Δ]  2M,worst_of,monthly,2025-08-31,428736.9009210733,12890218.95085697,-1162451.2556051873,,
WO[USDJPY Cuo 35Δ/H@5Δ  ∧  USDKRW Cuo 35Δ/H@5Δ]  2M,worst_of,monthly,2025-09-30,223530.8194277121,13113749.770284683,-938920.4361774754,,
WO[USDJPY Cuo 35Δ/H@5Δ  ∧  USDKRW Cuo 35Δ/H@5Δ]  2M,worst_of,monthly,2025-10-31,2249025.580579502,15362775.350864185,0.0,,
WO[USDJPY Cuo 35Δ/H@5Δ  ∧  USDKRW Cuo 35Δ/H@5Δ]  2M,worst_of,monthly,2025-11-30,1246299.6342412704,16609074.985105457,-12142.63569962047,,
WO[USDJPY Cuo 35Δ/H@5Δ  ∧  USDKRW Cuo 35Δ/H@5Δ]  2M,worst_of,monthly,2025-12-31,1576439.0223954383,18185514.007500898,-63488.22054872289,,
WO[USDJPY Cuo 35Δ/H@5Δ  ∧  USDKRW Cuo 35Δ/H@5Δ]  2M,worst_of,monthly,2026-01-31,-312749.42743985594,17872764.580061037,-376237.6479885839,,
WO[USDJPY Cuo 35Δ/H@5Δ  ∧  USDKRW Cuo 35Δ/H@5Δ]  2M,worst_of,monthly,2026-02-28,-294058.2535242116,17578706.32653682,-670295.9015128016,,
WO[USDJPY Cuo 35Δ/H@5Δ  ∧  USDKRW Cuo 35Δ/H@5Δ]  2M,worst_of,monthly,2026-03-31,753172.4408597624,18331878.76739658,-17082.583434842527,,
WO[USDJPY Cuo 35Δ/H@5Δ  ∧  USDKRW Cuo 35Δ/H@5Δ]  2M,worst_of,monthly,2026-04-30,-13441.640715202295,18318437.12668138,-208392.5546207577,,
WO[USDJPY Cuo 35Δ/H@5Δ  ∧  USDKRW Cuo 35Δ/H@5Δ]  2M,worst_of,monthly,2026-05-31,-87780.06487814162,18230657.061803237,-296172.61949890107,,
WO[USDJPY Cuo 35Δ/H@5Δ  ∧  USDKRW Cuo 35Δ/H@5Δ]  2M,worst_of,annual,2023-12-31,6879991.165541406,6879991.165541404,-473469.6889741728,,
WO[USDJPY Cuo 35Δ/H@5Δ  ∧  USDKRW Cuo 35Δ/H@5Δ]  2M,worst_of,annual,2024-12-31,6310353.359552241,13190344.525093643,0.0,,
WO[USDJPY Cuo 35Δ/H@5Δ  ∧  USDKRW Cuo 35Δ/H@5Δ]  2M,worst_of,annual,2025-12-31,4995169.482407253,18185514.007500898,-63488.22054872289,,
WO[USDJPY Cuo 35Δ/H@5Δ  ∧  USDKRW Cuo 35Δ/H@5Δ]  2M,worst_of,annual,2026-12-31,45143.05430235092,18230657.061803237,-296172.61949890107,,
WO[USDJPY Cuo 35Δ/H@5Δ  ∧  USDKRW Cuo 35Δ/H@5Δ]  1M,worst_of,monthly,2023-02-28,797933.6606921959,797933.6606921958,-74342.31527350831,,
WO[USDJPY Cuo 35Δ/H@5Δ  ∧  USDKRW Cuo 35Δ/H@5Δ]  1M,worst_of,monthly,2023-03-31,-203146.62321565088,594787.0374765449,-277488.9384891592,,
WO[USDJPY Cuo 35Δ/H@5Δ  ∧  USDKRW Cuo 35Δ/H@5Δ]  1M,worst_of,monthly,2023-04-30,270680.9772714646,865468.0147480095,-6807.961217694567,,
WO[USDJPY Cuo 35Δ/H@5Δ  ∧  USDKRW Cuo 35Δ/H@5Δ]  1M,worst_of,monthly,2023-05-31,440031.4208568149,1305499.4356048245,-92419.55116226082,,
WO[USDJPY Cuo 35Δ/H@5Δ  ∧  USDKRW Cuo 35Δ/H@5Δ]  1M,worst_of,monthly,2023-06-30,-204389.52624062347,1101109.9093642011,-296809.07740288414,,
WO[USDJPY Cuo 35Δ/H@5Δ  ∧  USDKRW Cuo 35Δ/H@5Δ]  1M,worst_of,monthly,2023-07-31,-194673.38631745445,906436.523046747,-491482.4637203383,,
WO[USDJPY Cuo 35Δ/H@5Δ  ∧  USDKRW Cuo 35Δ/H@5Δ]  1M,worst_of,monthly,2023-08-31,147162.03968813195,1053598.5627348789,-344320.4240322064,,
WO[USDJPY Cuo 35Δ/H@5Δ  ∧  USDKRW Cuo 35Δ/H@5Δ]  1M,worst_of,monthly,2023-09-30,740621.9187986604,1794220.481533539,0.0,,
WO[USDJPY Cuo 35Δ/H@5Δ  ∧  USDKRW Cuo 35Δ/H@5Δ]  1M,worst_of,monthly,2023-10-31,577358.204050043,2371578.6855835817,-26346.92132410314,,
WO[USDJPY Cuo 35Δ/H@5Δ  ∧  USDKRW Cuo 35Δ/H@5Δ]  1M,worst_of,monthly,2023-11-30,-209955.74454857808,2161622.9410350043,-236302.6658726805,,
WO[USDJPY Cuo 35Δ/H@5Δ  ∧  USDKRW Cuo 35Δ/H@5Δ]  1M,worst_of,monthly,2023-12-31,-221680.19200676095,1939942.7490282436,-457982.85787944123,,
WO[USDJPY Cuo 35Δ/H@5Δ  ∧  USDKRW Cuo 35Δ/H@5Δ]  1M,worst_of,monthly,2024-01-31,1356300.6977022607,3296243.4467305033,-12490.01460683113,,
WO[USDJPY Cuo 35Δ/H@5Δ  ∧  USDKRW Cuo 35Δ/H@5Δ]  1M,worst_of,monthly,2024-02-29,134094.5792876917,3430338.026018195,-130182.41216739407,,
WO[USDJPY Cuo 35Δ/H@5Δ  ∧  USDKRW Cuo 35Δ/H@5Δ]  1M,worst_of,monthly,2024-03-31,-155959.89628495503,3274378.1297332393,-286142.3084523496,,
WO[USDJPY Cuo 35Δ/H@5Δ  ∧  USDKRW Cuo 35Δ/H@5Δ]  1M,worst_of,monthly,2024-04-30,55803.86850404487,3330181.9982372834,-230338.4399483055,,
WO[USDJPY Cuo 35Δ/H@5Δ  ∧  USDKRW Cuo 35Δ/H@5Δ]  1M,worst_of,monthly,2024-05-31,-198870.70231613406,3131311.2959211487,-429209.1422644402,,
WO[USDJPY Cuo 35Δ/H@5Δ  ∧  USDKRW Cuo 35Δ/H@5Δ]  1M,worst_of,monthly,2024-06-30,769079.7355940012,3900391.0315151503,0.0,,
WO[USDJPY Cuo 35Δ/H@5Δ  ∧  USDKRW Cuo 35Δ/H@5Δ]  1M,worst_of,monthly,2024-07-31,-139025.38666766763,3761365.6448474815,-139025.38666766882,,
WO[USDJPY Cuo 35Δ/H@5Δ  ∧  USDKRW Cuo 35Δ/H@5Δ]  1M,worst_of,monthly,2024-08-31,-191602.62204652093,3569763.022800961,-330628.0087141893,,
WO[USDJPY Cuo 35Δ/H@5Δ  ∧  USDKRW Cuo 35Δ/H@5Δ]  1M,worst_of,monthly,2024-09-30,-212354.27153228185,3357408.7512686793,-542982.280246471,,
WO[USDJPY Cuo 35Δ/H@5Δ  ∧  USDKRW Cuo 35Δ/H@5Δ]  1M,worst_of,monthly,2024-10-31,12055.041038383948,3369463.7923070635,-530927.2392080869,,
WO[USDJPY Cuo 35Δ/H@5Δ  ∧  USDKRW Cuo 35Δ/H@5Δ]  1M,worst_of,monthly,2024-11-30,1673464.4223925094,5042928.214699574,-74331.09669994283,,
WO[USDJPY Cuo 35Δ/H@5Δ  ∧  USDKRW Cuo 35Δ/H@5Δ]  1M,worst_of,monthly,2024-12-31,-184009.8679133444,4858918.346786231,-258340.96461328585,,
WO[USDJPY Cuo 35Δ/H@5Δ  ∧  USDKRW Cuo 35Δ/H@5Δ]  1M,worst_of,monthly,2025-01-31,520643.16201985755,5379561.508806088,-54633.77512974944,,
WO[USDJPY Cuo 35Δ/H@5Δ  ∧  USDKRW Cuo 35Δ/H@5Δ]  1M,worst_of,monthly,2025-02-28,-167536.74577238207,5212024.763033705,-222170.52090213262,,
WO[USDJPY Cuo 35Δ/H@5Δ  ∧  USDKRW Cuo 35Δ/H@5Δ]  1M,worst_of,monthly,2025-03-31,-163405.37869165442,5048619.384342051,-385575.89959378634,,
WO[USDJPY Cuo 35Δ/H@5Δ  ∧  USDKRW Cuo 35Δ/H@5Δ]  1M,worst_of,monthly,2025-04-30,-218696.02085872256,4829923.363483328,-604271.9204525091,,
WO[USDJPY Cuo 35Δ/H@5Δ  ∧  USDKRW Cuo 35Δ/H@5Δ]  1M,worst_of,monthly,2025-05-31,-250367.0220501568,4579556.341433172,-854638.9425026653,,
WO[USDJPY Cuo 35Δ/H@5Δ  ∧  USDKRW Cuo 35Δ/H@5Δ]  1M,worst_of,monthly,2025-06-30,-297060.4198922699,4282495.921540903,-1151699.3623949345,,
WO[USDJPY Cuo 35Δ/H@5Δ  ∧  USDKRW Cuo 35Δ/H@5Δ]  1M,worst_of,monthly,2025-07-31,536588.317574664,4819084.239115567,-615111.0448202705,,
WO[USDJPY Cuo 35Δ/H@5Δ  ∧  USDKRW Cuo 35Δ/H@5Δ]  1M,worst_of,monthly,2025-08-31,-54197.053620105566,4764887.185495461,-669308.0984403761,,
WO[USDJPY Cuo 35Δ/H@5Δ  ∧  USDKRW Cuo 35Δ/H@5Δ]  1M,worst_of,monthly,2025-09-30,-17152.296659387655,4747734.888836076,-686460.3950997619,,
WO[USDJPY Cuo 35Δ/H@5Δ  ∧  USDKRW Cuo 35Δ/H@5Δ]  1M,worst_of,monthly,2025-10-31,1377388.1627629222,6125123.051598998,0.0,,
WO[USDJPY Cuo 35Δ/H@5Δ  ∧  USDKRW Cuo 35Δ/H@5Δ]  1M,worst_of,monthly,2025-11-30,1338414.1167596595,7463537.168358657,0.0,,
WO[USDJPY Cuo 35Δ/H@5Δ  ∧  USDKRW Cuo 35Δ/H@5Δ]  1M,worst_of,monthly,2025-12-31,-24362.012388026036,7439175.155970632,-155756.18317204434,,
WO[USDJPY Cuo 35Δ/H@5Δ  ∧  USDKRW Cuo 35Δ/H@5Δ]  1M,worst_of,monthly,2026-01-31,-189990.57593378902,7249184.580036843,-345746.75910583325,,
WO[USDJPY Cuo 35Δ/H@5Δ  ∧  USDKRW Cuo 35Δ/H@5Δ]  1M,worst_of,monthly,2026-02-28,-252105.38693271342,6997079.19310413,-597852.1460385462,,
WO[USDJPY Cuo 35Δ/H@5Δ  ∧  USDKRW Cuo 35Δ/H@5Δ]  1M,worst_of,monthly,2026-03-31,41499.84477204076,7038579.03787617,-556352.3012665063,,
WO[USDJPY Cuo 35Δ/H@5Δ  ∧  USDKRW Cuo 35Δ/H@5Δ]  1M,worst_of,monthly,2026-04-30,-109173.22085469094,6929405.81702148,-665525.5221211966,,
WO[USDJPY Cuo 35Δ/H@5Δ  ∧  USDKRW Cuo 35Δ/H@5Δ]  1M,worst_of,monthly,2026-05-31,-44103.53872157171,6885302.278299908,-709629.0608427683,,
WO[USDJPY Cuo 35Δ/H@5Δ  ∧  USDKRW Cuo 35Δ/H@5Δ]  1M,worst_of,annual,2023-12-31,1939942.749028243,1939942.7490282436,-457982.85787944123,,
WO[USDJPY Cuo 35Δ/H@5Δ  ∧  USDKRW Cuo 35Δ/H@5Δ]  1M,worst_of,annual,2024-12-31,2918975.5977579877,4858918.346786231,-258340.96461328585,,
WO[USDJPY Cuo 35Δ/H@5Δ  ∧  USDKRW Cuo 35Δ/H@5Δ]  1M,worst_of,annual,2025-12-31,2580256.8091843985,7439175.155970632,-155756.18317204434,,
WO[USDJPY Cuo 35Δ/H@5Δ  ∧  USDKRW Cuo 35Δ/H@5Δ]  1M,worst_of,annual,2026-12-31,-553872.8776707243,6885302.278299908,-709629.0608427683,,
WO[USDJPY Cuo 35Δ/H@5Δ  ∧  USDKRW Cuo 35Δ/H@5Δ]  6W,worst_of,monthly,2023-02-28,653732.8249629191,653732.8249629191,-25020.79723050515,,
WO[USDJPY Cuo 35Δ/H@5Δ  ∧  USDKRW Cuo 35Δ/H@5Δ]  6W,worst_of,monthly,2023-03-31,-240365.62923531988,413367.19572759914,-265386.4264658251,,
WO[USDJPY Cuo 35Δ/H@5Δ  ∧  USDKRW Cuo 35Δ/H@5Δ]  6W,worst_of,monthly,2023-04-30,-104681.11584786218,308686.07987973705,-370067.5423136872,,
WO[USDJPY Cuo 35Δ/H@5Δ  ∧  USDKRW Cuo 35Δ/H@5Δ]  6W,worst_of,monthly,2023-05-31,518396.244096838,827082.3239765748,-45943.07213555288,,
WO[USDJPY Cuo 35Δ/H@5Δ  ∧  USDKRW Cuo 35Δ/H@5Δ]  6W,worst_of,monthly,2023-06-30,-229960.5385655762,597121.7854109986,-275903.6107011291,,
WO[USDJPY Cuo 35Δ/H@5Δ  ∧  USDKRW Cuo 35Δ/H@5Δ]  6W,worst_of,monthly,2023-07-31,-213747.24490384897,383374.5405071496,-489650.8556049781,,
WO[USDJPY Cuo 35Δ/H@5Δ  ∧  USDKRW Cuo 35Δ/H@5Δ]  6W,worst_of,monthly,2023-08-31,359937.43084572186,743311.9713528715,-129713.42475925619,,
WO[USDJPY Cuo 35Δ/H@5Δ  ∧  USDKRW Cuo 35Δ/H@5Δ]  6W,worst_of,monthly,2023-09-30,663463.3727821867,1406775.3441350583,-58760.719615357695,,
WO[USDJPY Cuo 35Δ/H@5Δ  ∧  USDKRW Cuo 35Δ/H@5Δ]  6W,worst_of,monthly,2023-10-31,1109919.1784722765,2516694.5226073354,0.0,,
WO[USDJPY Cuo 35Δ/H@5Δ  ∧  USDKRW Cuo 35Δ/H@5Δ]  6W,worst_of,monthly,2023-11-30,-86310.1144035139,2430384.4082038216,-186358.89327573404,,
WO[USDJPY Cuo 35Δ/H@5Δ  ∧  USDKRW Cuo 35Δ/H@5Δ]  6W,worst_of,monthly,2023-12-31,-247029.1058075654,2183355.302396257,-433387.9990832987,,
WO[USDJPY Cuo 35Δ/H@5Δ  ∧  USDKRW Cuo 35Δ/H@5Δ]  6W,worst_of,monthly,2024-01-31,793878.9697657214,2977234.2721619788,0.0,,
WO[USDJPY Cuo 35Δ/H@5Δ  ∧  USDKRW Cuo 35Δ/H@5Δ]  6W,worst_of,monthly,2024-02-29,589691.2039442143,3566925.476106194,-50520.736496930476,,
WO[USDJPY Cuo 35Δ/H@5Δ  ∧  USDKRW Cuo 35Δ/H@5Δ]  6W,worst_of,monthly,2024-03-31,-225881.4596264567,3341044.0164797357,-276402.1961233886,,
WO[USDJPY Cuo 35Δ/H@5Δ  ∧  USDKRW Cuo 35Δ/H@5Δ]  6W,worst_of,monthly,2024-04-30,229222.86820084465,3570266.884680581,-128964.99063620204,,
WO[USDJPY Cuo 35Δ/H@5Δ  ∧  USDKRW Cuo 35Δ/H@5Δ]  6W,worst_of,monthly,2024-05-31,-230383.20807113883,3339883.6766094416,-359348.1987073412,,
WO[USDJPY Cuo 35Δ/H@5Δ  ∧  USDKRW Cuo 35Δ/H@5Δ]  6W,worst_of,monthly,2024-06-30,410420.0060579851,3750303.6826674263,0.0,,
WO[USDJPY Cuo 35Δ/H@5Δ  ∧  USDKRW Cuo 35Δ/H@5Δ]  6W,worst_of,monthly,2024-07-31,317685.75858836056,4067989.4412557865,-149610.79849819466,,
WO[USDJPY Cuo 35Δ/H@5Δ  ∧  USDKRW Cuo 35Δ/H@5Δ]  6W,worst_of,monthly,2024-08-31,-202878.8795363629,3865110.5617194236,-352489.6780345575,,
WO[USDJPY Cuo 35Δ/H@5Δ  ∧  USDKRW Cuo 35Δ/H@5Δ]  6W,worst_of,monthly,2024-09-30,-206795.09946352875,3658315.4622558947,-559284.7774980864,,
WO[USDJPY Cuo 35Δ/H@5Δ  ∧  USDKRW Cuo 35Δ/H@5Δ]  6W,worst_of,monthly,2024-10-31,784049.8220574846,4442365.284313379,-51535.788107404485,,
WO[USDJPY Cuo 35Δ/H@5Δ  ∧  USDKRW Cuo 35Δ/H@5Δ]  6W,worst_of,monthly,2024-11-30,1230869.396669395,5673234.680982773,-42670.5847162744,,
WO[USDJPY Cuo 35Δ/H@5Δ  ∧  USDKRW Cuo 35Δ/H@5Δ]  6W,worst_of,monthly,2024-12-31,118972.06455493125,5792206.745537706,-35057.78311428707,,
WO[USDJPY Cuo 35Δ/H@5Δ  ∧  USDKRW Cuo 35Δ/H@5Δ]  6W,worst_of,monthly,2025-01-31,234970.52370779758,6027177.269245504,-93478.04155526962,,
WO[USDJPY Cuo 35Δ/H@5Δ  ∧  USDKRW Cuo 35Δ/H@5Δ]  6W,worst_of,monthly,2025-02-28,-161875.8839584364,5865301.385287067,-255353.9255137071,,
WO[USDJPY Cuo 35Δ/H@5Δ  ∧  USDKRW Cuo 35Δ/H@5Δ]  6W,worst_of,monthly,2025-03-31,-188567.74218775795,5676733.643099309,-443921.6677014651,,
WO[USDJPY Cuo 35Δ/H@5Δ  ∧  USDKRW Cuo 35Δ/H@5Δ]  6W,worst_of,monthly,2025-04-30,-234637.3743431255,5442096.268756184,-678559.0420445902,,
WO[USDJPY Cuo 35Δ/H@5Δ  ∧  USDKRW Cuo 35Δ/H@5Δ]  6W,worst_of,monthly,2025-05-31,-252775.59628070742,5189320.672475475,-931334.6383252991,,
WO[USDJPY Cuo 35Δ/H@5Δ  ∧  USDKRW Cuo 35Δ/H@5Δ]  6W,worst_of,monthly,2025-06-30,-289392.66905318206,4899928.003422291,-1220727.307378483,,
WO[USDJPY Cuo 35Δ/H@5Δ  ∧  USDKRW Cuo 35Δ/H@5Δ]  6W,worst_of,monthly,2025-07-31,16532.38224649416,4916460.385668784,-1204194.9251319896,,
WO[USDJPY Cuo 35Δ/H@5Δ  ∧  USDKRW Cuo 35Δ/H@5Δ]  6W,worst_of,monthly,2025-08-31,453622.30306394416,5370082.688732729,-750572.6220680447,,
WO[USDJPY Cuo 35Δ/H@5Δ  ∧  USDKRW Cuo 35Δ/H@5Δ]  6W,worst_of,monthly,2025-09-30,-189393.07996561198,5180689.608767119,-939965.7020336548,,
WO[USDJPY Cuo 35Δ/H@5Δ  ∧  USDKRW Cuo 35Δ/H@5Δ]  6W,worst_of,monthly,2025-10-31,2249968.3415343366,7430657.950301455,0.0,,
WO[USDJPY Cuo 35Δ/H@5Δ  ∧  USDKRW Cuo 35Δ/H@5Δ]  6W,worst_of,monthly,2025-11-30,1868981.9584656635,9299639.908767119,0.0,,
WO[USDJPY Cuo 35Δ/H@5Δ  ∧  USDKRW Cuo 35Δ/H@5Δ]  6W,worst_of,monthly,2025-12-31,1184319.7399280749,10483959.648695195,-74770.4152892027,,
WO[USDJPY Cuo 35Δ/H@5Δ  ∧  USDKRW Cuo 35Δ/H@5Δ]  6W,worst_of,monthly,2026-01-31,-272428.93740527704,10211530.71128992,-347199.3526944779,,
WO[USDJPY Cuo 35Δ/H@5Δ  ∧  USDKRW Cuo 35Δ/H@5Δ]  6W,worst_of,monthly,2026-02-28,-221549.3691303511,9989981.342159573,-568748.7218248248,,
WO[USDJPY Cuo 35Δ/H@5Δ  ∧  USDKRW Cuo 35Δ/H@5Δ]  6W,worst_of,monthly,2026-03-31,1493384.8252473501,11483366.167406926,-28995.287756929174,,
WO[USDJPY Cuo 35Δ/H@5Δ  ∧  USDKRW Cuo 35Δ/H@5Δ]  6W,worst_of,monthly,2026-04-30,-247288.5106376952,11236077.656769231,-276283.79839462414,,
WO[USDJPY Cuo 35Δ/H@5Δ  ∧  USDKRW Cuo 35Δ/H@5Δ]  6W,worst_of,monthly,2026-05-31,-50824.46884509908,11185253.187924132,-327108.26723972335,,
WO[USDJPY Cuo 35Δ/H@5Δ  ∧  USDKRW Cuo 35Δ/H@5Δ]  6W,worst_of,annual,2023-12-31,2183355.302396256,2183355.302396257,-433387.9990832987,,
WO[USDJPY Cuo 35Δ/H@5Δ  ∧  USDKRW Cuo 35Δ/H@5Δ]  6W,worst_of,annual,2024-12-31,3608851.4431414497,5792206.745537706,-35057.78311428707,,
WO[USDJPY Cuo 35Δ/H@5Δ  ∧  USDKRW Cuo 35Δ/H@5Δ]  6W,worst_of,annual,2025-12-31,4691752.903157489,10483959.648695195,-74770.4152892027,,
WO[USDJPY Cuo 35Δ/H@5Δ  ∧  USDKRW Cuo 35Δ/H@5Δ]  6W,worst_of,annual,2026-12-31,701293.5392289278,11185253.187924132,-327108.26723972335,,
WO[USDJPY Cuo 35Δ/H@5Δ  ∧  USDKRW Cuo 35Δ/H@5Δ]  10W,worst_of,monthly,2023-03-31,496516.4907821463,496516.4907821463,0.0,,
WO[USDJPY Cuo 35Δ/H@5Δ  ∧  USDKRW Cuo 35Δ/H@5Δ]  10W,worst_of,monthly,2023-04-30,170799.76499343337,667316.2557755796,-22168.37610559049,,
WO[USDJPY Cuo 35Δ/H@5Δ  ∧  USDKRW Cuo 35Δ/H@5Δ]  10W,worst_of,monthly,2023-05-31,-175844.730254,491471.52552157966,-284186.9253542074,,
WO[USDJPY Cuo 35Δ/H@5Δ  ∧  USDKRW Cuo 35Δ/H@5Δ]  10W,worst_of,monthly,2023-06-30,-138376.8419948889,353094.68352669047,-422563.7673490966,,
WO[USDJPY Cuo 35Δ/H@5Δ  ∧  USDKRW Cuo 35Δ/H@5Δ]  10W,worst_of,monthly,2023-07-31,-245264.57923635436,107830.1042903361,-667828.3465854509,,
WO[USDJPY Cuo 35Δ/H@5Δ  ∧  USDKRW Cuo 35Δ/H@5Δ]  10W,worst_of,monthly,2023-08-31,2327297.10145697,2435127.2057473063,0.0,,
WO[USDJPY Cuo 35Δ/H@5Δ  ∧  USDKRW Cuo 35Δ/H@5Δ]  10W,worst_of,monthly,2023-09-30,752663.9835017875,3187791.1892490946,0.0,,
WO[USDJPY Cuo 35Δ/H@5Δ  ∧  USDKRW Cuo 35Δ/H@5Δ]  10W,worst_of,monthly,2023-10-31,2181279.8570309975,5369071.046280092,-69962.1235931972,,
WO[USDJPY Cuo 35Δ/H@5Δ  ∧  USDKRW Cuo 35Δ/H@5Δ]  10W,worst_of,monthly,2023-11-30,-288031.45194787113,5081039.594332222,-357993.57554106694,,
WO[USDJPY Cuo 35Δ/H@5Δ  ∧  USDKRW Cuo 35Δ/H@5Δ]  10W,worst_of,monthly,2023-12-31,-217541.5102897622,4863498.084042461,-575535.0858308282,,
WO[USDJPY Cuo 35Δ/H@5Δ  ∧  USDKRW Cuo 35Δ/H@5Δ]  10W,worst_of,monthly,2024-01-31,-320616.43624364055,4542881.647798822,-896151.5220744666,,
WO[USDJPY Cuo 35Δ/H@5Δ  ∧  USDKRW Cuo 35Δ/H@5Δ]  10W,worst_of,monthly,2024-02-29,693346.582338095,5236228.230136917,-202804.93973637186,,
WO[USDJPY Cuo 35Δ/H@5Δ  ∧  USDKRW Cuo 35Δ/H@5Δ]  10W,worst_of,monthly,2024-03-31,563125.6719090624,5799353.902045979,-58468.83079202939,,
WO[USDJPY Cuo 35Δ/H@5Δ  ∧  USDKRW Cuo 35Δ/H@5Δ]  10W,worst_of,monthly,2024-04-30,1975935.3194253135,7775289.221471292,-41287.88256140519,,
WO[USDJPY Cuo 35Δ/H@5Δ  ∧  USDKRW Cuo 35Δ/H@5Δ]  10W,worst_of,monthly,2024-05-31,-273567.7485245455,7501721.472946745,-314855.6310859518,,
WO[USDJPY Cuo 35Δ/H@5Δ  ∧  USDKRW Cuo 35Δ/H@5Δ]  10W,worst_of,monthly,2024-06-30,-181390.74161735282,7320330.731329391,-496246.3727033064,,
WO[USDJPY Cuo 35Δ/H@5Δ  ∧  USDKRW Cuo 35Δ/H@5Δ]  10W,worst_of,monthly,2024-07-31,-108544.68644586351,7211786.044883528,-604791.0591491694,,
WO[USDJPY Cuo 35Δ/H@5Δ  ∧  USDKRW Cuo 35Δ/H@5Δ]  10W,worst_of,monthly,2024-08-31,-265043.54402474593,6946742.500858781,-869834.6031739162,,
WO[USDJPY Cuo 35Δ/H@5Δ  ∧  USDKRW Cuo 35Δ/H@5Δ]  10W,worst_of,monthly,2024-09-30,-229082.40484756333,6717660.096011218,-1098917.0080214795,,
WO[USDJPY Cuo 35Δ/H@5Δ  ∧  USDKRW Cuo 35Δ/H@5Δ]  10W,worst_of,monthly,2024-10-31,904809.6167671506,7622469.71277837,-194107.39125432726,,
WO[USDJPY Cuo 35Δ/H@5Δ  ∧  USDKRW Cuo 35Δ/H@5Δ]  10W,worst_of,monthly,2024-11-30,2150628.106364353,9773097.819142729,-159444.16799874976,,
WO[USDJPY Cuo 35Δ/H@5Δ  ∧  USDKRW Cuo 35Δ/H@5Δ]  10W,worst_of,monthly,2024-12-31,937288.2035889652,10710386.022731693,-49887.833358382806,,
WO[USDJPY Cuo 35Δ/H@5Δ  ∧  USDKRW Cuo 35Δ/H@5Δ]  10W,worst_of,monthly,2025-01-31,1732715.7489663912,12443101.771698086,-142064.36659268476,,
WO[USDJPY Cuo 35Δ/H@5Δ  ∧  USDKRW Cuo 35Δ/H@5Δ]  10W,worst_of,monthly,2025-02-28,-1421.6686648229334,12441680.10303326,-143486.03525751084,,
WO[USDJPY Cuo 35Δ/H@5Δ  ∧  USDKRW Cuo 35Δ/H@5Δ]  10W,worst_of,monthly,2025-03-31,-203919.354475154,12237760.748558104,-347405.3897326663,,
WO[USDJPY Cuo 35Δ/H@5Δ  ∧  USDKRW Cuo 35Δ/H@5Δ]  10W,worst_of,monthly,2025-04-30,-236888.26838557568,12000872.480172526,-584293.6581182443,,
WO[USDJPY Cuo 35Δ/H@5Δ  ∧  USDKRW Cuo 35Δ/H@5Δ]  10W,worst_of,monthly,2025-05-31,-275371.3074811501,11725501.172691377,-859664.9655993935,,
WO[USDJPY Cuo 35Δ/H@5Δ  ∧  USDKRW Cuo 35Δ/H@5Δ]  10W,worst_of,monthly,2025-06-30,-286026.9943421323,11439474.178349247,-1145691.9599415231,,
WO[USDJPY Cuo 35Δ/H@5Δ  ∧  USDKRW Cuo 35Δ/H@5Δ]  10W,worst_of,monthly,2025-07-31,-391998.8389252397,11047475.339424007,-1537690.7988667637,,
WO[USDJPY Cuo 35Δ/H@5Δ  ∧  USDKRW Cuo 35Δ/H@5Δ]  10W,worst_of,monthly,2025-08-31,138866.48669619305,11186341.8261202,-1398824.3121705707,,
WO[USDJPY Cuo 35Δ/H@5Δ  ∧  USDKRW Cuo 35Δ/H@5Δ]  10W,worst_of,monthly,2025-09-30,328884.39549884794,11515226.221619047,-1069939.9166717231,,
WO[USDJPY Cuo 35Δ/H@5Δ  ∧  USDKRW Cuo 35Δ/H@5Δ]  10W,worst_of,monthly,2025-10-31,1959301.128606564,13474527.350225613,0.0,,
WO[USDJPY Cuo 35Δ/H@5Δ  ∧  USDKRW Cuo 35Δ/H@5Δ]  10W,worst_of,monthly,2025-11-30,1623840.1520424457,15098367.50226806,-186993.3772871904,,
WO[USDJPY Cuo 35Δ/H@5Δ  ∧  USDKRW Cuo 35Δ/H@5Δ]  10W,worst_of,monthly,2025-12-31,1144864.2256239746,16243231.727892034,-41314.20103332773,,
WO[USDJPY Cuo 35Δ/H@5Δ  ∧  USDKRW Cuo 35Δ/H@5Δ]  10W,worst_of,monthly,2026-01-31,251479.21167862267,16494710.939570658,-155590.04049366713,,
WO[USDJPY Cuo 35Δ/H@5Δ  ∧  USDKRW Cuo 35Δ/H@5Δ]  10W,worst_of,monthly,2026-02-28,-304609.1888415229,16190101.750729132,-460199.2293351926,,
WO[USDJPY Cuo 35Δ/H@5Δ  ∧  USDKRW Cuo 35Δ/H@5Δ]  10W,worst_of,monthly,2026-03-31,120309.18517588661,16310410.93590502,-339890.04415930435,,
WO[USDJPY Cuo 35Δ/H@5Δ  ∧  USDKRW Cuo 35Δ/H@5Δ]  10W,worst_of,monthly,2026-04-30,264758.5478946694,16575169.483799685,-75131.49626464024,,
WO[USDJPY Cuo 35Δ/H@5Δ  ∧  USDKRW Cuo 35Δ/H@5Δ]  10W,worst_of,monthly,2026-05-31,-87835.37701351156,16487334.106786173,-162966.8732781522,,
WO[USDJPY Cuo 35Δ/H@5Δ  ∧  USDKRW Cuo 35Δ/H@5Δ]  10W,worst_of,annual,2023-12-31,4863498.084042459,4863498.084042461,-575535.0858308282,,
WO[USDJPY Cuo 35Δ/H@5Δ  ∧  USDKRW Cuo 35Δ/H@5Δ]  10W,worst_of,annual,2024-12-31,5846887.938689228,10710386.022731693,-49887.833358382806,,
WO[USDJPY Cuo 35Δ/H@5Δ  ∧  USDKRW Cuo 35Δ/H@5Δ]  10W,worst_of,annual,2025-12-31,5532845.705160342,16243231.727892034,-41314.20103332773,,
WO[USDJPY Cuo 35Δ/H@5Δ  ∧  USDKRW Cuo 35Δ/H@5Δ]  10W,worst_of,annual,2026-12-31,244102.3788941442,16487334.106786173,-162966.8732781522,,
WO[USDJPY Cuo 35Δ/H@5Δ  ∧  USDKRW Cuo 35Δ/H@5Δ]  3M,worst_of,monthly,2023-03-31,-7670.6312846567225,-7670.6312846567225,0.0,,
WO[USDJPY Cuo 35Δ/H@5Δ  ∧  USDKRW Cuo 35Δ/H@5Δ]  3M,worst_of,monthly,2023-04-30,1530381.714437354,1522711.0831526972,-52873.14338389458,,
WO[USDJPY Cuo 35Δ/H@5Δ  ∧  USDKRW Cuo 35Δ/H@5Δ]  3M,worst_of,monthly,2023-05-31,794843.8700627218,2317554.9532154193,-26753.2432036628,,
WO[USDJPY Cuo 35Δ/H@5Δ  ∧  USDKRW Cuo 35Δ/H@5Δ]  3M,worst_of,monthly,2023-06-30,-313718.1182831098,2003836.8349323093,-340471.3614867728,,
WO[USDJPY Cuo 35Δ/H@5Δ  ∧  USDKRW Cuo 35Δ/H@5Δ]  3M,worst_of,monthly,2023-07-31,-273735.3113027845,1730101.5236295252,-614206.6727895569,,
WO[USDJPY Cuo 35Δ/H@5Δ  ∧  USDKRW Cuo 35Δ/H@5Δ]  3M,worst_of,monthly,2023-08-31,-212176.1902729664,1517925.3333565586,-826382.8630625235,,
WO[USDJPY Cuo 35Δ/H@5Δ  ∧  USDKRW Cuo 35Δ/H@5Δ]  3M,worst_of,monthly,2023-09-30,3064220.1755166654,4582145.508873223,0.0,,
WO[USDJPY Cuo 35Δ/H@5Δ  ∧  USDKRW Cuo 35Δ/H@5Δ]  3M,worst_of,monthly,2023-10-31,3396244.634011545,7978390.142884768,0.0,,
WO[USDJPY Cuo 35Δ/H@5Δ  ∧  USDKRW Cuo 35Δ/H@5Δ]  3M,worst_of,monthly,2023-11-30,329575.7403514961,8307965.883236264,-288524.54941589106,,
WO[USDJPY Cuo 35Δ/H@5Δ  ∧  USDKRW Cuo 35Δ/H@5Δ]  3M,worst_of,monthly,2023-12-31,-280677.3588937252,8027288.524342538,-569201.9083096171,,
WO[USDJPY Cuo 35Δ/H@5Δ  ∧  USDKRW Cuo 35Δ/H@5Δ]  3M,worst_of,monthly,2024-01-31,-274253.30211067176,7753035.222231868,-843455.2104202872,,
WO[USDJPY Cuo 35Δ/H@5Δ  ∧  USDKRW Cuo 35Δ/H@5Δ]  3M,worst_of,monthly,2024-02-29,481850.6879305445,8234885.9101624135,-361604.52248974144,,
WO[USDJPY Cuo 35Δ/H@5Δ  ∧  USDKRW Cuo 35Δ/H@5Δ]  3M,worst_of,monthly,2024-03-31,1384200.5950630347,9619086.505225446,0.0,,
WO[USDJPY Cuo 35Δ/H@5Δ  ∧  USDKRW Cuo 35Δ/H@5Δ]  3M,worst_of,monthly,2024-04-30,3130594.103458612,12749680.608684061,-61308.92157960683,,
WO[USDJPY Cuo 35Δ/H@5Δ  ∧  USDKRW Cuo 35Δ/H@5Δ]  3M,worst_of,monthly,2024-05-31,27006.62189659634,12776687.230580656,-149773.684675565,,
WO[USDJPY Cuo 35Δ/H@5Δ  ∧  USDKRW Cuo 35Δ/H@5Δ]  3M,worst_of,monthly,2024-06-30,15741.912569713713,12792429.143150372,-134031.77210584842,,
WO[USDJPY Cuo 35Δ/H@5Δ  ∧  USDKRW Cuo 35Δ/H@5Δ]  3M,worst_of,monthly,2024-07-31,-270051.2884153515,12522377.854735022,-404083.06052119844,,
WO[USDJPY Cuo 35Δ/H@5Δ  ∧  USDKRW Cuo 35Δ/H@5Δ]  3M,worst_of,monthly,2024-08-31,-268955.7249906338,12253422.129744386,-673038.7855118345,,
WO[USDJPY Cuo 35Δ/H@5Δ  ∧  USDKRW Cuo 35Δ/H@5Δ]  3M,worst_of,monthly,2024-09-30,-268437.15677356475,11984984.972970821,-941475.9422853999,,
WO[USDJPY Cuo 35Δ/H@5Δ  ∧  USDKRW Cuo 35Δ/H@5Δ]  3M,worst_of,monthly,2024-10-31,-274558.27497727604,11710426.697993547,-1216034.2172626741,,
WO[USDJPY Cuo 35Δ/H@5Δ  ∧  USDKRW Cuo 35Δ/H@5Δ]  3M,worst_of,monthly,2024-11-30,3436745.361579391,15147172.05957294,0.0,,
WO[USDJPY Cuo 35Δ/H@5Δ  ∧  USDKRW Cuo 35Δ/H@5Δ]  3M,worst_of,monthly,2024-12-31,-219112.80791737768,14928059.251655564,-287142.18905723095,,
WO[USDJPY Cuo 35Δ/H@5Δ  ∧  USDKRW Cuo 35Δ/H@5Δ]  3M,worst_of,monthly,2025-01-31,430766.7267983994,15358825.978453962,0.0,,
WO[USDJPY Cuo 35Δ/H@5Δ  ∧  USDKRW Cuo 35Δ/H@5Δ]  3M,worst_of,monthly,2025-02-28,-326721.4290710473,15032104.549382914,-326721.4290710483,,
WO[USDJPY Cuo 35Δ/H@5Δ  ∧  USDKRW Cuo 35Δ/H@5Δ]  3M,worst_of,monthly,2025-03-31,-221095.78383194667,14811008.765550965,-547817.2129029967,,
WO[USDJPY Cuo 35Δ/H@5Δ  ∧  USDKRW Cuo 35Δ/H@5Δ]  3M,worst_of,monthly,2025-04-30,-216917.3274569698,14594091.438093992,-764734.5403599702,,
WO[USDJPY Cuo 35Δ/H@5Δ  ∧  USDKRW Cuo 35Δ/H@5Δ]  3M,worst_of,monthly,2025-05-31,-285909.4479143371,14308181.990179652,-1050643.9882743098,,
WO[USDJPY Cuo 35Δ/H@5Δ  ∧  USDKRW Cuo 35Δ/H@5Δ]  3M,worst_of,monthly,2025-06-30,-293412.52123247914,14014769.468947174,-1344056.509506788,,
WO[USDJPY Cuo 35Δ/H@5Δ  ∧  USDKRW Cuo 35Δ/H@5Δ]  3M,worst_of,monthly,2025-07-31,-347600.13844673854,13667169.330500435,-1691656.647953527,,
WO[USDJPY Cuo 35Δ/H@5Δ  ∧  USDKRW Cuo 35Δ/H@5Δ]  3M,worst_of,monthly,2025-08-31,-415170.71927711804,13251998.611223316,-2106827.3672306463,,
WO[USDJPY Cuo 35Δ/H@5Δ  ∧  USDKRW Cuo 35Δ/H@5Δ]  3M,worst_of,monthly,2025-09-30,695401.9856077951,13947400.596831111,-1411425.381622851,,
WO[USDJPY Cuo 35Δ/H@5Δ  ∧  USDKRW Cuo 35Δ/H@5Δ]  3M,worst_of,monthly,2025-10-31,2663906.2501312084,16611306.846962322,0.0,,
WO[USDJPY Cuo 35Δ/H@5Δ  ∧  USDKRW Cuo 35Δ/H@5Δ]  3M,worst_of,monthly,2025-11-30,5090650.961340322,21701957.808302645,0.0,,
WO[USDJPY Cuo 35Δ/H@5Δ  ∧  USDKRW Cuo 35Δ/H@5Δ]  3M,worst_of,monthly,2025-12-31,2846113.242710733,24548071.051013377,0.0,,
WO[USDJPY Cuo 35Δ/H@5Δ  ∧  USDKRW Cuo 35Δ/H@5Δ]  3M,worst_of,monthly,2026-01-31,1524552.1071407641,26072623.15815414,-74645.35348952934,,
WO[USDJPY Cuo 35Δ/H@5Δ  ∧  USDKRW Cuo 35Δ/H@5Δ]  3M,worst_of,monthly,2026-02-28,-309773.3380507568,25762849.820103392,-384418.6915402785,,
WO[USDJPY Cuo 35Δ/H@5Δ  ∧  USDKRW Cuo 35Δ/H@5Δ]  3M,worst_of,monthly,2026-03-31,249738.24486810918,26012588.06497149,-134680.4466721788,,
WO[USDJPY Cuo 35Δ/H@5Δ  ∧  USDKRW Cuo 35Δ/H@5Δ]  3M,worst_of,monthly,2026-04-30,390115.4121020862,26402703.47707358,0.0,,
WO[USDJPY Cuo 35Δ/H@5Δ  ∧  USDKRW Cuo 35Δ/H@5Δ]  3M,worst_of,monthly,2026-05-31,-107136.68898445857,26295566.788089123,-107136.6889844574,,
WO[USDJPY Cuo 35Δ/H@5Δ  ∧  USDKRW Cuo 35Δ/H@5Δ]  3M,worst_of,annual,2023-12-31,8027288.52434254,8027288.524342538,-569201.9083096171,,
WO[USDJPY Cuo 35Δ/H@5Δ  ∧  USDKRW Cuo 35Δ/H@5Δ]  3M,worst_of,annual,2024-12-31,6900770.727313017,14928059.251655564,-287142.18905723095,,
WO[USDJPY Cuo 35Δ/H@5Δ  ∧  USDKRW Cuo 35Δ/H@5Δ]  3M,worst_of,annual,2025-12-31,9620011.799357822,24548071.051013377,0.0,,
WO[USDJPY Cuo 35Δ/H@5Δ  ∧  USDKRW Cuo 35Δ/H@5Δ]  3M,worst_of,annual,2026-12-31,1747495.7370757442,26295566.788089123,-107136.6889844574,,
WO[USDJPY Cuo 30Δ/H@20Δ  ∧  USDKRW Cuo 30Δ/H@20Δ]  2M,worst_of,monthly,2023-03-31,-54536.970949942355,-54536.970949942355,-46661.73149659049,,
WO[USDJPY Cuo 30Δ/H@20Δ  ∧  USDKRW Cuo 30Δ/H@20Δ]  2M,worst_of,monthly,2023-04-30,-48312.81356292543,-102849.7845128678,-94974.54505951593,,
WO[USDJPY Cuo 30Δ/H@20Δ  ∧  USDKRW Cuo 30Δ/H@20Δ]  2M,worst_of,monthly,2023-05-31,-51876.44290339557,-154726.22741626337,-146850.9879629115,,
WO[USDJPY Cuo 30Δ/H@20Δ  ∧  USDKRW Cuo 30Δ/H@20Δ]  2M,worst_of,monthly,2023-06-30,-58423.43157635671,-213149.65899262007,-205274.4195392682,,
WO[USDJPY Cuo 30Δ/H@20Δ  ∧  USDKRW Cuo 30Δ/H@20Δ]  2M,worst_of,monthly,2023-07-31,-47203.82953992855,-260353.48853254862,-252478.24907919674,,
WO[USDJPY Cuo 30Δ/H@20Δ  ∧  USDKRW Cuo 30Δ/H@20Δ]  2M,worst_of,monthly,2023-08-31,-51161.65782633674,-311515.14635888534,-303639.90690553345,,
WO[USDJPY Cuo 30Δ/H@20Δ  ∧  USDKRW Cuo 30Δ/H@20Δ]  2M,worst_of,monthly,2023-09-30,-54152.91140456546,-365668.0577634507,-357792.81831009884,,
WO[USDJPY Cuo 30Δ/H@20Δ  ∧  USDKRW Cuo 30Δ/H@20Δ]  2M,worst_of,monthly,2023-10-31,-48324.99701324805,-413993.0547766989,-406117.815323347,,
WO[USDJPY Cuo 30Δ/H@20Δ  ∧  USDKRW Cuo 30Δ/H@20Δ]  2M,worst_of,monthly,2023-11-30,-47915.87141604241,-461908.9261927412,-454033.6867393893,,
WO[USDJPY Cuo 30Δ/H@20Δ  ∧  USDKRW Cuo 30Δ/H@20Δ]  2M,worst_of,monthly,2023-12-31,-45997.95957976902,-507906.8857725102,-500031.6463191583,,
WO[USDJPY Cuo 30Δ/H@20Δ  ∧  USDKRW Cuo 30Δ/H@20Δ]  2M,worst_of,monthly,2024-01-31,-49725.83987566087,-557632.725648171,-549757.4861948192,,
WO[USDJPY Cuo 30Δ/H@20Δ  ∧  USDKRW Cuo 30Δ/H@20Δ]  2M,worst_of,monthly,2024-02-29,-51199.30736061901,-608832.03300879,-600956.7935554382,,
WO[USDJPY Cuo 30Δ/H@20Δ  ∧  USDKRW Cuo 30Δ/H@20Δ]  2M,worst_of,monthly,2024-03-31,-50466.90759231302,-659298.9406011029,-651423.7011477511,,
WO[USDJPY Cuo 30Δ/H@20Δ  ∧  USDKRW Cuo 30Δ/H@20Δ]  2M,worst_of,monthly,2024-04-30,-42465.0652412676,-701764.0058423704,-693888.7663890186,,
WO[USDJPY Cuo 30Δ/H@20Δ  ∧  USDKRW Cuo 30Δ/H@20Δ]  2M,worst_of,monthly,2024-05-31,-54018.96346810428,-755782.9693104747,-747907.7298571229,,
WO[USDJPY Cuo 30Δ/H@20Δ  ∧  USDKRW Cuo 30Δ/H@20Δ]  2M,worst_of,monthly,2024-06-30,-45554.438913412974,-801337.4082238877,-793462.1687705358,,
WO[USDJPY Cuo 30Δ/H@20Δ  ∧  USDKRW Cuo 30Δ/H@20Δ]  2M,worst_of,monthly,2024-07-31,-42947.401392645756,-844284.8096165335,-836409.5701631816,,
WO[USDJPY Cuo 30Δ/H@20Δ  ∧  USDKRW Cuo 30Δ/H@20Δ]  2M,worst_of,monthly,2024-08-31,-52584.23821023278,-896869.0478267662,-888993.8083734143,,
WO[USDJPY Cuo 30Δ/H@20Δ  ∧  USDKRW Cuo 30Δ/H@20Δ]  2M,worst_of,monthly,2024-09-30,-52230.08879141816,-949099.1366181843,-941223.8971648325,,
WO[USDJPY Cuo 30Δ/H@20Δ  ∧  USDKRW Cuo 30Δ/H@20Δ]  2M,worst_of,monthly,2024-10-31,-36586.88184811552,-985686.0184662997,-977810.7790129479,,
WO[USDJPY Cuo 30Δ/H@20Δ  ∧  USDKRW Cuo 30Δ/H@20Δ]  2M,worst_of,monthly,2024-11-30,-41742.608537345164,-1027428.6270036448,-1019553.387550293,,
WO[USDJPY Cuo 30Δ/H@20Δ  ∧  USDKRW Cuo 30Δ/H@20Δ]  2M,worst_of,monthly,2024-12-31,-47800.06592495322,-1075228.6929285983,-1067353.4534752464,,
WO[USDJPY Cuo 30Δ/H@20Δ  ∧  USDKRW Cuo 30Δ/H@20Δ]  2M,worst_of,monthly,2025-01-31,-56540.21060580996,-1131768.903534408,-1123893.6640810561,,
WO[USDJPY Cuo 30Δ/H@20Δ  ∧  USDKRW Cuo 30Δ/H@20Δ]  2M,worst_of,monthly,2025-02-28,-47364.92899239472,-1179133.8325268028,-1171258.593073451,,
WO[USDJPY Cuo 30Δ/H@20Δ  ∧  USDKRW Cuo 30Δ/H@20Δ]  2M,worst_of,monthly,2025-03-31,-41848.067932138765,-1220981.9004589415,-1213106.6610055896,,
WO[USDJPY Cuo 30Δ/H@20Δ  ∧  USDKRW Cuo 30Δ/H@20Δ]  2M,worst_of,monthly,2025-04-30,-46175.19566526418,-1267157.096124206,-1259281.8566708541,,
WO[USDJPY Cuo 30Δ/H@20Δ  ∧  USDKRW Cuo 30Δ/H@20Δ]  2M,worst_of,monthly,2025-05-31,-55732.38243953862,-1322889.4785637446,-1315014.2391103928,,
WO[USDJPY Cuo 30Δ/H@20Δ  ∧  USDKRW Cuo 30Δ/H@20Δ]  2M,worst_of,monthly,2025-06-30,-52474.72129112833,-1375364.199854873,-1367488.960401521,,
WO[USDJPY Cuo 30Δ/H@20Δ  ∧  USDKRW Cuo 30Δ/H@20Δ]  2M,worst_of,monthly,2025-07-31,-51831.80295581312,-1427196.002810686,-1419320.763357334,,
WO[USDJPY Cuo 30Δ/H@20Δ  ∧  USDKRW Cuo 30Δ/H@20Δ]  2M,worst_of,monthly,2025-08-31,-45400.9894374307,-1472596.992248117,-1464721.7527947652,,
WO[USDJPY Cuo 30Δ/H@20Δ  ∧  USDKRW Cuo 30Δ/H@20Δ]  2M,worst_of,monthly,2025-09-30,-25514.704454563955,-1498111.696702681,-1490236.4572493292,,
WO[USDJPY Cuo 30Δ/H@20Δ  ∧  USDKRW Cuo 30Δ/H@20Δ]  2M,worst_of,monthly,2025-10-31,-55800.07050230169,-1553911.767204983,-1546036.527751631,,
WO[USDJPY Cuo 30Δ/H@20Δ  ∧  USDKRW Cuo 30Δ/H@20Δ]  2M,worst_of,monthly,2025-11-30,-47789.778236442144,-1601701.5454414252,-1593826.3059880733,,
WO[USDJPY Cuo 30Δ/H@20Δ  ∧  USDKRW Cuo 30Δ/H@20Δ]  2M,worst_of,monthly,2025-12-31,-38302.07698544441,-1640003.6224268693,-1632128.3829735175,,
WO[USDJPY Cuo 30Δ/H@20Δ  ∧  USDKRW Cuo 30Δ/H@20Δ]  2M,worst_of,monthly,2026-01-31,-55439.52569434748,-1695443.1481212168,-1687567.908667865,,
WO[USDJPY Cuo 30Δ/H@20Δ  ∧  USDKRW Cuo 30Δ/H@20Δ]  2M,worst_of,monthly,2026-02-28,-48214.814807614195,-1743657.962928831,-1735782.7234754793,,
WO[USDJPY Cuo 30Δ/H@20Δ  ∧  USDKRW Cuo 30Δ/H@20Δ]  2M,worst_of,monthly,2026-03-31,-48404.23028738779,-1792062.1932162184,-1784186.9537628666,,
WO[USDJPY Cuo 30Δ/H@20Δ  ∧  USDKRW Cuo 30Δ/H@20Δ]  2M,worst_of,monthly,2026-04-30,-43902.265018717815,-1835964.4582349362,-1828089.2187815844,,
WO[USDJPY Cuo 30Δ/H@20Δ  ∧  USDKRW Cuo 30Δ/H@20Δ]  2M,worst_of,monthly,2026-05-31,-15168.631297667223,-1851133.0895326035,-1843257.8500792517,,
WO[USDJPY Cuo 30Δ/H@20Δ  ∧  USDKRW Cuo 30Δ/H@20Δ]  2M,worst_of,annual,2023-12-31,-507906.8857725103,-507906.8857725102,-500031.6463191583,,
WO[USDJPY Cuo 30Δ/H@20Δ  ∧  USDKRW Cuo 30Δ/H@20Δ]  2M,worst_of,annual,2024-12-31,-567321.8071560884,-1075228.6929285983,-1067353.4534752464,,
WO[USDJPY Cuo 30Δ/H@20Δ  ∧  USDKRW Cuo 30Δ/H@20Δ]  2M,worst_of,annual,2025-12-31,-564774.9294982706,-1640003.6224268693,-1632128.3829735175,,
WO[USDJPY Cuo 30Δ/H@20Δ  ∧  USDKRW Cuo 30Δ/H@20Δ]  2M,worst_of,annual,2026-12-31,-211129.4671057345,-1851133.0895326035,-1843257.8500792517,,
WO[USDJPY Cuo 30Δ/H@20Δ  ∧  USDKRW Cuo 30Δ/H@20Δ]  1M,worst_of,monthly,2023-02-28,-39317.522069855666,-39317.52206985566,-31930.728037321533,,
WO[USDJPY Cuo 30Δ/H@20Δ  ∧  USDKRW Cuo 30Δ/H@20Δ]  1M,worst_of,monthly,2023-03-31,-47698.75010281357,-87016.2721726692,-79629.47814013506,,
WO[USDJPY Cuo 30Δ/H@20Δ  ∧  USDKRW Cuo 30Δ/H@20Δ]  1M,worst_of,monthly,2023-04-30,-48606.64540695664,-135622.91757962585,-128236.12354709173,,
WO[USDJPY Cuo 30Δ/H@20Δ  ∧  USDKRW Cuo 30Δ/H@20Δ]  1M,worst_of,monthly,2023-05-31,-52491.351373892416,-188114.26895351827,-180727.47492098415,,
WO[USDJPY Cuo 30Δ/H@20Δ  ∧  USDKRW Cuo 30Δ/H@20Δ]  1M,worst_of,monthly,2023-06-30,-46929.02313561243,-235043.2920891307,-227656.49805659658,,
WO[USDJPY Cuo 30Δ/H@20Δ  ∧  USDKRW Cuo 30Δ/H@20Δ]  1M,worst_of,monthly,2023-07-31,-43793.178808521814,-278836.47089765256,-271449.67686511844,,
WO[USDJPY Cuo 30Δ/H@20Δ  ∧  USDKRW Cuo 30Δ/H@20Δ]  1M,worst_of,monthly,2023-08-31,-58395.67805191311,-337232.1489495656,-329845.3549170315,,
WO[USDJPY Cuo 30Δ/H@20Δ  ∧  USDKRW Cuo 30Δ/H@20Δ]  1M,worst_of,monthly,2023-09-30,-43856.75875926259,-381088.9077088281,-373702.113676294,,
WO[USDJPY Cuo 30Δ/H@20Δ  ∧  USDKRW Cuo 30Δ/H@20Δ]  1M,worst_of,monthly,2023-10-31,-45841.76912326691,-426930.6768320951,-419543.88279956096,,
WO[USDJPY Cuo 30Δ/H@20Δ  ∧  USDKRW Cuo 30Δ/H@20Δ]  1M,worst_of,monthly,2023-11-30,-46320.399789815325,-473251.0766219103,-465864.2825893762,,
WO[USDJPY Cuo 30Δ/H@20Δ  ∧  USDKRW Cuo 30Δ/H@20Δ]  1M,worst_of,monthly,2023-12-31,-45580.35545380873,-518831.43207571906,-511444.63804318494,,
WO[USDJPY Cuo 30Δ/H@20Δ  ∧  USDKRW Cuo 30Δ/H@20Δ]  1M,worst_of,monthly,2024-01-31,-46382.52643481097,-565213.9585105303,-557827.1644779962,,
WO[USDJPY Cuo 30Δ/H@20Δ  ∧  USDKRW Cuo 30Δ/H@20Δ]  1M,worst_of,monthly,2024-02-29,-50729.35092674052,-615943.3094372709,-608556.5154047367,,
WO[USDJPY Cuo 30Δ/H@20Δ  ∧  USDKRW Cuo 30Δ/H@20Δ]  1M,worst_of,monthly,2024-03-31,-40635.33184446484,-656578.6412817359,-649191.8472492017,,
WO[USDJPY Cuo 30Δ/H@20Δ  ∧  USDKRW Cuo 30Δ/H@20Δ]  1M,worst_of,monthly,2024-04-30,-47310.59717713579,-703889.2384588717,-696502.4444263376,,
WO[USDJPY Cuo 30Δ/H@20Δ  ∧  USDKRW Cuo 30Δ/H@20Δ]  1M,worst_of,monthly,2024-05-31,-47946.740835773366,-751835.9792946451,-744449.185262111,,
WO[USDJPY Cuo 30Δ/H@20Δ  ∧  USDKRW Cuo 30Δ/H@20Δ]  1M,worst_of,monthly,2024-06-30,7549.430877880783,-744286.5484167644,-736899.7543842302,,
WO[USDJPY Cuo 30Δ/H@20Δ  ∧  USDKRW Cuo 30Δ/H@20Δ]  1M,worst_of,monthly,2024-07-31,-47700.608274482256,-791987.1566912465,-784600.3626587124,,
WO[USDJPY Cuo 30Δ/H@20Δ  ∧  USDKRW Cuo 30Δ/H@20Δ]  1M,worst_of,monthly,2024-08-31,-51937.85972051902,-843925.0164117654,-836538.2223792312,,
WO[USDJPY Cuo 30Δ/H@20Δ  ∧  USDKRW Cuo 30Δ/H@20Δ]  1M,worst_of,monthly,2024-09-30,-45901.883453970746,-889826.8998657364,-882440.1058332023,,
WO[USDJPY Cuo 30Δ/H@20Δ  ∧  USDKRW Cuo 30Δ/H@20Δ]  1M,worst_of,monthly,2024-10-31,-46270.82496513964,-936097.7248308759,-928710.9307983418,,
WO[USDJPY Cuo 30Δ/H@20Δ  ∧  USDKRW Cuo 30Δ/H@20Δ]  1M,worst_of,monthly,2024-11-30,-43032.71455574524,-979130.4393866211,-971743.645354087,,
WO[USDJPY Cuo 30Δ/H@20Δ  ∧  USDKRW Cuo 30Δ/H@20Δ]  1M,worst_of,monthly,2024-12-31,-48932.333950736764,-1028062.7733373578,-1020675.9793048237,,
WO[USDJPY Cuo 30Δ/H@20Δ  ∧  USDKRW Cuo 30Δ/H@20Δ]  1M,worst_of,monthly,2025-01-31,-48947.75465092398,-1077010.527988282,-1069623.733955748,,
WO[USDJPY Cuo 30Δ/H@20Δ  ∧  USDKRW Cuo 30Δ/H@20Δ]  1M,worst_of,monthly,2025-02-28,-42036.88566539271,-1119047.4136536745,-1111660.6196211404,,
WO[USDJPY Cuo 30Δ/H@20Δ  ∧  USDKRW Cuo 30Δ/H@20Δ]  1M,worst_of,monthly,2025-03-31,-41301.127068620735,-1160348.5407222952,-1152961.746689761,,
WO[USDJPY Cuo 30Δ/H@20Δ  ∧  USDKRW Cuo 30Δ/H@20Δ]  1M,worst_of,monthly,2025-04-30,-50659.16252510405,-1211007.7032473995,-1203620.9092148654,,
WO[USDJPY Cuo 30Δ/H@20Δ  ∧  USDKRW Cuo 30Δ/H@20Δ]  1M,worst_of,monthly,2025-05-31,-51856.585599248036,-1262864.2888466474,-1255477.4948141132,,
WO[USDJPY Cuo 30Δ/H@20Δ  ∧  USDKRW Cuo 30Δ/H@20Δ]  1M,worst_of,monthly,2025-06-30,-43805.47226406159,-1306669.7611107084,-1299282.9670781742,,
WO[USDJPY Cuo 30Δ/H@20Δ  ∧  USDKRW Cuo 30Δ/H@20Δ]  1M,worst_of,monthly,2025-07-31,-52244.346595740135,-1358914.1077064485,-1351527.3136739144,,
WO[USDJPY Cuo 30Δ/H@20Δ  ∧  USDKRW Cuo 30Δ/H@20Δ]  1M,worst_of,monthly,2025-08-31,-46797.50586280922,-1405711.6135692578,-1398324.8195367237,,
WO[USDJPY Cuo 30Δ/H@20Δ  ∧  USDKRW Cuo 30Δ/H@20Δ]  1M,worst_of,monthly,2025-09-30,-2657.8204547689147,-1408369.4340240266,-1400982.6399914925,,
WO[USDJPY Cuo 30Δ/H@20Δ  ∧  USDKRW Cuo 30Δ/H@20Δ]  1M,worst_of,monthly,2025-10-31,-52228.36177131685,-1460597.7957953436,-1453211.0017628095,,
WO[USDJPY Cuo 30Δ/H@20Δ  ∧  USDKRW Cuo 30Δ/H@20Δ]  1M,worst_of,monthly,2025-11-30,-34249.758440300124,-1494847.5542356435,-1487460.7602031094,,
WO[USDJPY Cuo 30Δ/H@20Δ  ∧  USDKRW Cuo 30Δ/H@20Δ]  1M,worst_of,monthly,2025-12-31,-50481.880236111,-1545329.4344717544,-1537942.6404392202,,
WO[USDJPY Cuo 30Δ/H@20Δ  ∧  USDKRW Cuo 30Δ/H@20Δ]  1M,worst_of,monthly,2026-01-31,-47989.988757250525,-1593319.4232290052,-1585932.629196471,,
WO[USDJPY Cuo 30Δ/H@20Δ  ∧  USDKRW Cuo 30Δ/H@20Δ]  1M,worst_of,monthly,2026-02-28,-48427.98908039442,-1641747.4123093998,-1634360.6182768657,,
WO[USDJPY Cuo 30Δ/H@20Δ  ∧  USDKRW Cuo 30Δ/H@20Δ]  1M,worst_of,monthly,2026-03-31,-36882.3226191267,-1678629.7349285264,-1671242.9408959923,,
WO[USDJPY Cuo 30Δ/H@20Δ  ∧  USDKRW Cuo 30Δ/H@20Δ]  1M,worst_of,monthly,2026-04-30,-55499.865303648054,-1734129.600232175,-1726742.806199641,,
WO[USDJPY Cuo 30Δ/H@20Δ  ∧  USDKRW Cuo 30Δ/H@20Δ]  1M,worst_of,monthly,2026-05-31,-11940.15212585688,-1746069.752358032,-1738682.9583254978,,
WO[USDJPY Cuo 30Δ/H@20Δ  ∧  USDKRW Cuo 30Δ/H@20Δ]  1M,worst_of,annual,2023-12-31,-518831.4320757192,-518831.43207571906,-511444.63804318494,,
WO[USDJPY Cuo 30Δ/H@20Δ  ∧  USDKRW Cuo 30Δ/H@20Δ]  1M,worst_of,annual,2024-12-31,-509231.3412616384,-1028062.7733373578,-1020675.9793048237,,
WO[USDJPY Cuo 30Δ/H@20Δ  ∧  USDKRW Cuo 30Δ/H@20Δ]  1M,worst_of,annual,2025-12-31,-517266.6611343973,-1545329.4344717544,-1537942.6404392202,,
WO[USDJPY Cuo 30Δ/H@20Δ  ∧  USDKRW Cuo 30Δ/H@20Δ]  1M,worst_of,annual,2026-12-31,-200740.31788627658,-1746069.752358032,-1738682.9583254978,,
WO[USDJPY Cuo 30Δ/H@20Δ  ∧  USDKRW Cuo 30Δ/H@20Δ]  6W,worst_of,monthly,2023-02-28,-30270.359728010233,-30270.359728010237,-27728.136167184337,,
WO[USDJPY Cuo 30Δ/H@20Δ  ∧  USDKRW Cuo 30Δ/H@20Δ]  6W,worst_of,monthly,2023-03-31,-51994.88318153198,-82265.24290954224,-79723.01934871633,,
WO[USDJPY Cuo 30Δ/H@20Δ  ∧  USDKRW Cuo 30Δ/H@20Δ]  6W,worst_of,monthly,2023-04-30,-47184.72776523832,-129449.97067478053,-126907.74711395463,,
WO[USDJPY Cuo 30Δ/H@20Δ  ∧  USDKRW Cuo 30Δ/H@20Δ]  6W,worst_of,monthly,2023-05-31,-56922.0150602424,-186371.98573502296,-183829.76217419707,,
WO[USDJPY Cuo 30Δ/H@20Δ  ∧  USDKRW Cuo 30Δ/H@20Δ]  6W,worst_of,monthly,2023-06-30,-48312.61257528007,-234684.59831030303,-232142.37474947714,,
WO[USDJPY Cuo 30Δ/H@20Δ  ∧  USDKRW Cuo 30Δ/H@20Δ]  6W,worst_of,monthly,2023-07-31,-45097.917162381746,-279782.5154726848,-277240.2919118589,,
WO[USDJPY Cuo 30Δ/H@20Δ  ∧  USDKRW Cuo 30Δ/H@20Δ]  6W,worst_of,monthly,2023-08-31,-54716.95649901731,-334499.4719717021,-331957.2484108762,,
WO[USDJPY Cuo 30Δ/H@20Δ  ∧  USDKRW Cuo 30Δ/H@20Δ]  6W,worst_of,monthly,2023-09-30,-47413.94545892407,-381913.4174306261,-379371.1938698002,,
WO[USDJPY Cuo 30Δ/H@20Δ  ∧  USDKRW Cuo 30Δ/H@20Δ]  6W,worst_of,monthly,2023-10-31,-17011.589908341382,-398925.00733896747,-396382.78377814154,,
WO[USDJPY Cuo 30Δ/H@20Δ  ∧  USDKRW Cuo 30Δ/H@20Δ]  6W,worst_of,monthly,2023-11-30,-39836.87300179123,-438761.88034075877,-436219.65677993285,,
WO[USDJPY Cuo 30Δ/H@20Δ  ∧  USDKRW Cuo 30Δ/H@20Δ]  6W,worst_of,monthly,2023-12-31,-49068.607132725716,-487830.4874734845,-485288.26391265856,,
WO[USDJPY Cuo 30Δ/H@20Δ  ∧  USDKRW Cuo 30Δ/H@20Δ]  6W,worst_of,monthly,2024-01-31,-49937.53527406826,-537768.0227475526,-535225.7991867267,,
WO[USDJPY Cuo 30Δ/H@20Δ  ∧  USDKRW Cuo 30Δ/H@20Δ]  6W,worst_of,monthly,2024-02-29,-42606.521066514775,-580374.5438140674,-577832.3202532415,,
WO[USDJPY Cuo 30Δ/H@20Δ  ∧  USDKRW Cuo 30Δ/H@20Δ]  6W,worst_of,monthly,2024-03-31,-44177.41974818984,-624551.9635622574,-622009.7400014314,,
WO[USDJPY Cuo 30Δ/H@20Δ  ∧  USDKRW Cuo 30Δ/H@20Δ]  6W,worst_of,monthly,2024-04-30,-43368.770651817256,-667920.7342140747,-665378.5106532488,,
WO[USDJPY Cuo 30Δ/H@20Δ  ∧  USDKRW Cuo 30Δ/H@20Δ]  6W,worst_of,monthly,2024-05-31,-50923.38560861509,-718844.1198226898,-716301.8962618639,,
WO[USDJPY Cuo 30Δ/H@20Δ  ∧  USDKRW Cuo 30Δ/H@20Δ]  6W,worst_of,monthly,2024-06-30,-32406.538609794334,-751250.6584324843,-748708.4348716583,,
WO[USDJPY Cuo 30Δ/H@20Δ  ∧  USDKRW Cuo 30Δ/H@20Δ]  6W,worst_of,monthly,2024-07-31,-51132.211396372506,-802382.8698288564,-799840.6462680305,,
WO[USDJPY Cuo 30Δ/H@20Δ  ∧  USDKRW Cuo 30Δ/H@20Δ]  6W,worst_of,monthly,2024-08-31,-50702.968293096106,-853085.8381219525,-850543.6145611266,,
WO[USDJPY Cuo 30Δ/H@20Δ  ∧  USDKRW Cuo 30Δ/H@20Δ]  6W,worst_of,monthly,2024-09-30,-46455.29648726707,-899541.1346092196,-896998.9110483937,,
WO[USDJPY Cuo 30Δ/H@20Δ  ∧  USDKRW Cuo 30Δ/H@20Δ]  6W,worst_of,monthly,2024-10-31,-38319.75418712635,-937860.8887963459,-935318.66523552,,
WO[USDJPY Cuo 30Δ/H@20Δ  ∧  USDKRW Cuo 30Δ/H@20Δ]  6W,worst_of,monthly,2024-11-30,-43316.17931143182,-981177.0681077777,-978634.8445469518,,
WO[USDJPY Cuo 30Δ/H@20Δ  ∧  USDKRW Cuo 30Δ/H@20Δ]  6W,worst_of,monthly,2024-12-31,-53302.41471909864,-1034479.4828268765,-1031937.2592660505,,
WO[USDJPY Cuo 30Δ/H@20Δ  ∧  USDKRW Cuo 30Δ/H@20Δ]  6W,worst_of,monthly,2025-01-31,-54711.393186736685,-1089190.8760136128,-1086648.652452787,,
WO[USDJPY Cuo 30Δ/H@20Δ  ∧  USDKRW Cuo 30Δ/H@20Δ]  6W,worst_of,monthly,2025-02-28,-40756.613847255525,-1129947.4898608688,-1127405.2663000429,,
WO[USDJPY Cuo 30Δ/H@20Δ  ∧  USDKRW Cuo 30Δ/H@20Δ]  6W,worst_of,monthly,2025-03-31,-40301.72180692808,-1170249.2116677973,-1167706.9881069714,,
WO[USDJPY Cuo 30Δ/H@20Δ  ∧  USDKRW Cuo 30Δ/H@20Δ]  6W,worst_of,monthly,2025-04-30,-49304.52591084257,-1219553.7375786402,-1217011.5140178143,,
WO[USDJPY Cuo 30Δ/H@20Δ  ∧  USDKRW Cuo 30Δ/H@20Δ]  6W,worst_of,monthly,2025-05-31,-52517.26132828812,-1272070.9989069283,-1269528.7753461024,,
WO[USDJPY Cuo 30Δ/H@20Δ  ∧  USDKRW Cuo 30Δ/H@20Δ]  6W,worst_of,monthly,2025-06-30,-44286.70918940185,-1316357.7080963305,-1313815.4845355046,,
WO[USDJPY Cuo 30Δ/H@20Δ  ∧  USDKRW Cuo 30Δ/H@20Δ]  6W,worst_of,monthly,2025-07-31,-51977.85717959886,-1368335.5652759296,-1365793.3417151037,,
WO[USDJPY Cuo 30Δ/H@20Δ  ∧  USDKRW Cuo 30Δ/H@20Δ]  6W,worst_of,monthly,2025-08-31,-50616.19785474799,-1418951.7631306776,-1416409.5395698517,,
WO[USDJPY Cuo 30Δ/H@20Δ  ∧  USDKRW Cuo 30Δ/H@20Δ]  6W,worst_of,monthly,2025-09-30,-48157.264863603785,-1467109.0279942818,-1464566.804433456,,
WO[USDJPY Cuo 30Δ/H@20Δ  ∧  USDKRW Cuo 30Δ/H@20Δ]  6W,worst_of,monthly,2025-10-31,-53606.54040572953,-1520715.5684000116,-1518173.3448391857,,
WO[USDJPY Cuo 30Δ/H@20Δ  ∧  USDKRW Cuo 30Δ/H@20Δ]  6W,worst_of,monthly,2025-11-30,-34719.15545551303,-1555434.7238555243,-1552892.5002946984,,
WO[USDJPY Cuo 30Δ/H@20Δ  ∧  USDKRW Cuo 30Δ/H@20Δ]  6W,worst_of,monthly,2025-12-31,-53762.85039442293,-1609197.5742499477,-1606655.3506891218,,
WO[USDJPY Cuo 30Δ/H@20Δ  ∧  USDKRW Cuo 30Δ/H@20Δ]  6W,worst_of,monthly,2026-01-31,-51323.156826961545,-1660520.731076909,-1657978.507516083,,
WO[USDJPY Cuo 30Δ/H@20Δ  ∧  USDKRW Cuo 30Δ/H@20Δ]  6W,worst_of,monthly,2026-02-28,-39879.322193930304,-1700400.0532708392,-1697857.8297100132,,
WO[USDJPY Cuo 30Δ/H@20Δ  ∧  USDKRW Cuo 30Δ/H@20Δ]  6W,worst_of,monthly,2026-03-31,-47464.33789416311,-1747864.3911650018,-1745322.1676041759,,
WO[USDJPY Cuo 30Δ/H@20Δ  ∧  USDKRW Cuo 30Δ/H@20Δ]  6W,worst_of,monthly,2026-04-30,-48673.137147416215,-1796537.528312418,-1793995.304751592,,
WO[USDJPY Cuo 30Δ/H@20Δ  ∧  USDKRW Cuo 30Δ/H@20Δ]  6W,worst_of,monthly,2026-05-31,-14933.02978514993,-1811470.5580975676,-1808928.3345367417,,
WO[USDJPY Cuo 30Δ/H@20Δ  ∧  USDKRW Cuo 30Δ/H@20Δ]  6W,worst_of,annual,2023-12-31,-487830.4874734845,-487830.4874734845,-485288.26391265856,,
WO[USDJPY Cuo 30Δ/H@20Δ  ∧  USDKRW Cuo 30Δ/H@20Δ]  6W,worst_of,annual,2024-12-31,-546648.9953533921,-1034479.4828268765,-1031937.2592660505,,
WO[USDJPY Cuo 30Δ/H@20Δ  ∧  USDKRW Cuo 30Δ/H@20Δ]  6W,worst_of,annual,2025-12-31,-574718.091423069,-1609197.5742499477,-1606655.3506891218,,
WO[USDJPY Cuo 30Δ/H@20Δ  ∧  USDKRW Cuo 30Δ/H@20Δ]  6W,worst_of,annual,2026-12-31,-202272.9838476211,-1811470.5580975676,-1808928.3345367417,,
WO[USDJPY Cuo 30Δ/H@20Δ  ∧  USDKRW Cuo 30Δ/H@20Δ]  10W,worst_of,monthly,2023-03-31,-39877.187975193694,-39877.187975193694,-37192.319507340304,,
WO[USDJPY Cuo 30Δ/H@20Δ  ∧  USDKRW Cuo 30Δ/H@20Δ]  10W,worst_of,monthly,2023-04-30,-46969.418754510785,-86846.60672970448,-84161.73826185109,,
WO[USDJPY Cuo 30Δ/H@20Δ  ∧  USDKRW Cuo 30Δ/H@20Δ]  10W,worst_of,monthly,2023-05-31,-11870.44171204021,-98717.04844174467,-96032.17997389128,,
WO[USDJPY Cuo 30Δ/H@20Δ  ∧  USDKRW Cuo 30Δ/H@20Δ]  10W,worst_of,monthly,2023-06-30,-57108.315287637946,-155825.36372938257,-153140.4952615292,,
WO[USDJPY Cuo 30Δ/H@20Δ  ∧  USDKRW Cuo 30Δ/H@20Δ]  10W,worst_of,monthly,2023-07-31,-48083.65904554478,-203909.02277492735,-201224.15430707397,,
WO[USDJPY Cuo 30Δ/H@20Δ  ∧  USDKRW Cuo 30Δ/H@20Δ]  10W,worst_of,monthly,2023-08-31,-51851.82479611649,-255760.84757104385,-253075.97910319048,,
WO[USDJPY Cuo 30Δ/H@20Δ  ∧  USDKRW Cuo 30Δ/H@20Δ]  10W,worst_of,monthly,2023-09-30,-52245.44701160438,-308006.29458264826,-305321.42611479486,,
WO[USDJPY Cuo 30Δ/H@20Δ  ∧  USDKRW Cuo 30Δ/H@20Δ]  10W,worst_of,monthly,2023-10-31,-51730.39486380244,-359736.6894464506,-357051.8209785972,,
WO[USDJPY Cuo 30Δ/H@20Δ  ∧  USDKRW Cuo 30Δ/H@20Δ]  10W,worst_of,monthly,2023-11-30,-53103.76048761693,-412840.44993406755,-410155.58146621415,,
WO[USDJPY Cuo 30Δ/H@20Δ  ∧  USDKRW Cuo 30Δ/H@20Δ]  10W,worst_of,monthly,2023-12-31,-38775.01961239642,-451615.469546464,-448930.6010786106,,
WO[USDJPY Cuo 30Δ/H@20Δ  ∧  USDKRW Cuo 30Δ/H@20Δ]  10W,worst_of,monthly,2024-01-31,-55623.107438048486,-507238.5769845125,-504553.7085166591,,
WO[USDJPY Cuo 30Δ/H@20Δ  ∧  USDKRW Cuo 30Δ/H@20Δ]  10W,worst_of,monthly,2024-02-29,-51146.2677221941,-558384.8447067067,-555699.9762388533,,
WO[USDJPY Cuo 30Δ/H@20Δ  ∧  USDKRW Cuo 30Δ/H@20Δ]  10W,worst_of,monthly,2024-03-31,-44080.7300915225,-602465.574798229,-599780.7063303756,,
WO[USDJPY Cuo 30Δ/H@20Δ  ∧  USDKRW Cuo 30Δ/H@20Δ]  10W,worst_of,monthly,2024-04-30,-48285.46724116119,-650751.0420393901,-648066.1735715367,,
WO[USDJPY Cuo 30Δ/H@20Δ  ∧  USDKRW Cuo 30Δ/H@20Δ]  10W,worst_of,monthly,2024-05-31,-51892.961251220244,-702644.00329061,-699959.1348227566,,
WO[USDJPY Cuo 30Δ/H@20Δ  ∧  USDKRW Cuo 30Δ/H@20Δ]  10W,worst_of,monthly,2024-06-30,-45705.26514112044,-748349.2684317306,-745664.3999638772,,
WO[USDJPY Cuo 30Δ/H@20Δ  ∧  USDKRW Cuo 30Δ/H@20Δ]  10W,worst_of,monthly,2024-07-31,-48472.264137252285,-796821.5325689829,-794136.6641011295,,
WO[USDJPY Cuo 30Δ/H@20Δ  ∧  USDKRW Cuo 30Δ/H@20Δ]  10W,worst_of,monthly,2024-08-31,-50573.631088933056,-847395.1636579161,-844710.2951900627,,
WO[USDJPY Cuo 30Δ/H@20Δ  ∧  USDKRW Cuo 30Δ/H@20Δ]  10W,worst_of,monthly,2024-09-30,-50462.6542375291,-897857.8178954453,-895172.9494275919,,
WO[USDJPY Cuo 30Δ/H@20Δ  ∧  USDKRW Cuo 30Δ/H@20Δ]  10W,worst_of,monthly,2024-10-31,-53445.106205063596,-951302.9241005088,-948618.0556326554,,
WO[USDJPY Cuo 30Δ/H@20Δ  ∧  USDKRW Cuo 30Δ/H@20Δ]  10W,worst_of,monthly,2024-11-30,-44552.34434447698,-995855.2684449857,-993170.3999771323,,
WO[USDJPY Cuo 30Δ/H@20Δ  ∧  USDKRW Cuo 30Δ/H@20Δ]  10W,worst_of,monthly,2024-12-31,-47901.62919344406,-1043756.8976384297,-1041072.0291705763,,
WO[USDJPY Cuo 30Δ/H@20Δ  ∧  USDKRW Cuo 30Δ/H@20Δ]  10W,worst_of,monthly,2025-01-31,-57959.27613208059,-1101716.1737705101,-1099031.3053026567,,
WO[USDJPY Cuo 30Δ/H@20Δ  ∧  USDKRW Cuo 30Δ/H@20Δ]  10W,worst_of,monthly,2025-02-28,-50227.826139048215,-1151943.9999095583,-1149259.131441705,,
WO[USDJPY Cuo 30Δ/H@20Δ  ∧  USDKRW Cuo 30Δ/H@20Δ]  10W,worst_of,monthly,2025-03-31,-45321.914004194994,-1197265.9139137531,-1194581.0454458997,,
WO[USDJPY Cuo 30Δ/H@20Δ  ∧  USDKRW Cuo 30Δ/H@20Δ]  10W,worst_of,monthly,2025-04-30,-44494.61965645143,-1241760.5335702044,-1239075.665102351,,
WO[USDJPY Cuo 30Δ/H@20Δ  ∧  USDKRW Cuo 30Δ/H@20Δ]  10W,worst_of,monthly,2025-05-31,-51465.816108413936,-1293226.3496786181,-1290541.4812107647,,
WO[USDJPY Cuo 30Δ/H@20Δ  ∧  USDKRW Cuo 30Δ/H@20Δ]  10W,worst_of,monthly,2025-06-30,-52582.47329394999,-1345808.8229725685,-1343123.954504715,,
WO[USDJPY Cuo 30Δ/H@20Δ  ∧  USDKRW Cuo 30Δ/H@20Δ]  10W,worst_of,monthly,2025-07-31,-51952.39524312705,-1397761.2182156951,-1395076.3497478417,,
WO[USDJPY Cuo 30Δ/H@20Δ  ∧  USDKRW Cuo 30Δ/H@20Δ]  10W,worst_of,monthly,2025-08-31,-49246.89282149764,-1447008.1110371929,-1444323.2425693395,,
WO[USDJPY Cuo 30Δ/H@20Δ  ∧  USDKRW Cuo 30Δ/H@20Δ]  10W,worst_of,monthly,2025-09-30,-55554.208034591094,-1502562.319071784,-1499877.4506039305,,
WO[USDJPY Cuo 30Δ/H@20Δ  ∧  USDKRW Cuo 30Δ/H@20Δ]  10W,worst_of,monthly,2025-10-31,-54476.601138598424,-1557038.9202103817,-1554354.0517425283,,
WO[USDJPY Cuo 30Δ/H@20Δ  ∧  USDKRW Cuo 30Δ/H@20Δ]  10W,worst_of,monthly,2025-11-30,-48650.88117193768,-1605689.8013823193,-1603004.932914466,,
WO[USDJPY Cuo 30Δ/H@20Δ  ∧  USDKRW Cuo 30Δ/H@20Δ]  10W,worst_of,monthly,2025-12-31,-43432.05499507121,-1649121.856377391,-1646436.9879095375,,
WO[USDJPY Cuo 30Δ/H@20Δ  ∧  USDKRW Cuo 30Δ/H@20Δ]  10W,worst_of,monthly,2026-01-31,-53575.18229104794,-1702697.038668439,-1700012.1702005856,,
WO[USDJPY Cuo 30Δ/H@20Δ  ∧  USDKRW Cuo 30Δ/H@20Δ]  10W,worst_of,monthly,2026-02-28,-48736.82840408998,-1751433.867072529,-1748748.9986046755,,
WO[USDJPY Cuo 30Δ/H@20Δ  ∧  USDKRW Cuo 30Δ/H@20Δ]  10W,worst_of,monthly,2026-03-31,-46476.53716504216,-1797910.4042375714,-1795225.535769718,,
WO[USDJPY Cuo 30Δ/H@20Δ  ∧  USDKRW Cuo 30Δ/H@20Δ]  10W,worst_of,monthly,2026-04-30,-47163.30323121186,-1845073.7074687833,-1842388.8390009298,,
WO[USDJPY Cuo 30Δ/H@20Δ  ∧  USDKRW Cuo 30Δ/H@20Δ]  10W,worst_of,monthly,2026-05-31,-14817.179362327543,-1859890.8868311108,-1857206.0183632574,,
WO[USDJPY Cuo 30Δ/H@20Δ  ∧  USDKRW Cuo 30Δ/H@20Δ]  10W,worst_of,annual,2023-12-31,-451615.4695464641,-451615.469546464,-448930.6010786106,,
WO[USDJPY Cuo 30Δ/H@20Δ  ∧  USDKRW Cuo 30Δ/H@20Δ]  10W,worst_of,annual,2024-12-31,-592141.4280919661,-1043756.8976384297,-1041072.0291705763,,
WO[USDJPY Cuo 30Δ/H@20Δ  ∧  USDKRW Cuo 30Δ/H@20Δ]  10W,worst_of,annual,2025-12-31,-605364.9587389623,-1649121.856377391,-1646436.9879095375,,
WO[USDJPY Cuo 30Δ/H@20Δ  ∧  USDKRW Cuo 30Δ/H@20Δ]  10W,worst_of,annual,2026-12-31,-210769.0304537195,-1859890.8868311108,-1857206.0183632574,,
WO[USDJPY Cuo 30Δ/H@20Δ  ∧  USDKRW Cuo 30Δ/H@20Δ]  3M,worst_of,monthly,2023-03-31,-2769.158625970167,-2769.158625970167,0.0,,
WO[USDJPY Cuo 30Δ/H@20Δ  ∧  USDKRW Cuo 30Δ/H@20Δ]  3M,worst_of,monthly,2023-04-30,-51927.966581023415,-54697.12520699358,-51927.966581023415,,
WO[USDJPY Cuo 30Δ/H@20Δ  ∧  USDKRW Cuo 30Δ/H@20Δ]  3M,worst_of,monthly,2023-05-31,6338.51746168538,-48358.60774530819,-45589.44911933802,,
WO[USDJPY Cuo 30Δ/H@20Δ  ∧  USDKRW Cuo 30Δ/H@20Δ]  3M,worst_of,monthly,2023-06-30,-59910.68312978469,-108269.29087509289,-105500.13224912272,,
WO[USDJPY Cuo 30Δ/H@20Δ  ∧  USDKRW Cuo 30Δ/H@20Δ]  3M,worst_of,monthly,2023-07-31,-52603.429474719815,-160872.7203498127,-158103.56172384255,,
WO[USDJPY Cuo 30Δ/H@20Δ  ∧  USDKRW Cuo 30Δ/H@20Δ]  3M,worst_of,monthly,2023-08-31,-51861.92927167409,-212734.64962148678,-209965.49099551662,,
WO[USDJPY Cuo 30Δ/H@20Δ  ∧  USDKRW Cuo 30Δ/H@20Δ]  3M,worst_of,monthly,2023-09-30,-50018.65789530219,-262753.3075167889,-259984.14889081873,,
WO[USDJPY Cuo 30Δ/H@20Δ  ∧  USDKRW Cuo 30Δ/H@20Δ]  3M,worst_of,monthly,2023-10-31,-55858.72097498825,-318612.02849177714,-315842.86986580695,,
WO[USDJPY Cuo 30Δ/H@20Δ  ∧  USDKRW Cuo 30Δ/H@20Δ]  3M,worst_of,monthly,2023-11-30,-54674.99269752529,-373287.02118930244,-370517.86256333225,,
WO[USDJPY Cuo 30Δ/H@20Δ  ∧  USDKRW Cuo 30Δ/H@20Δ]  3M,worst_of,monthly,2023-12-31,-46597.80843395644,-419884.82962325885,-417115.67099728866,,
WO[USDJPY Cuo 30Δ/H@20Δ  ∧  USDKRW Cuo 30Δ/H@20Δ]  3M,worst_of,monthly,2024-01-31,-47232.063464521445,-467116.89308778034,-464347.73446181015,,
WO[USDJPY Cuo 30Δ/H@20Δ  ∧  USDKRW Cuo 30Δ/H@20Δ]  3M,worst_of,monthly,2024-02-29,-40085.46747753651,-507202.3605653169,-504433.20193934673,,
WO[USDJPY Cuo 30Δ/H@20Δ  ∧  USDKRW Cuo 30Δ/H@20Δ]  3M,worst_of,monthly,2024-03-31,-47788.56860916084,-554990.9291744778,-552221.7705485077,,
WO[USDJPY Cuo 30Δ/H@20Δ  ∧  USDKRW Cuo 30Δ/H@20Δ]  3M,worst_of,monthly,2024-04-30,-54503.798152161886,-609494.7273266396,-606725.5687006694,,
WO[USDJPY Cuo 30Δ/H@20Δ  ∧  USDKRW Cuo 30Δ/H@20Δ]  3M,worst_of,monthly,2024-05-31,-46088.68169983269,-655583.4090264721,-652814.250400502,,
WO[USDJPY Cuo 30Δ/H@20Δ  ∧  USDKRW Cuo 30Δ/H@20Δ]  3M,worst_of,monthly,2024-06-30,-48162.768025045676,-703746.1770515178,-700977.0184255476,,
WO[USDJPY Cuo 30Δ/H@20Δ  ∧  USDKRW Cuo 30Δ/H@20Δ]  3M,worst_of,monthly,2024-07-31,-51934.43067759323,-755680.6077291111,-752911.449103141,,
WO[USDJPY Cuo 30Δ/H@20Δ  ∧  USDKRW Cuo 30Δ/H@20Δ]  3M,worst_of,monthly,2024-08-31,-46691.86017382427,-802372.4679029353,-799603.3092769652,,
WO[USDJPY Cuo 30Δ/H@20Δ  ∧  USDKRW Cuo 30Δ/H@20Δ]  3M,worst_of,monthly,2024-09-30,-49141.71835708267,-851514.1862600181,-848745.027634048,,
WO[USDJPY Cuo 30Δ/H@20Δ  ∧  USDKRW Cuo 30Δ/H@20Δ]  3M,worst_of,monthly,2024-10-31,-56659.414559638215,-908173.6008196562,-905404.442193686,,
WO[USDJPY Cuo 30Δ/H@20Δ  ∧  USDKRW Cuo 30Δ/H@20Δ]  3M,worst_of,monthly,2024-11-30,-53193.76852475798,-961367.3693444143,-958598.2107184442,,
WO[USDJPY Cuo 30Δ/H@20Δ  ∧  USDKRW Cuo 30Δ/H@20Δ]  3M,worst_of,monthly,2024-12-31,-45960.28152765537,-1007327.6508720696,-1004558.4922460995,,
WO[USDJPY Cuo 30Δ/H@20Δ  ∧  USDKRW Cuo 30Δ/H@20Δ]  3M,worst_of,monthly,2025-01-31,-52292.802698190106,-1059620.4535702597,-1056851.2949442896,,
WO[USDJPY Cuo 30Δ/H@20Δ  ∧  USDKRW Cuo 30Δ/H@20Δ]  3M,worst_of,monthly,2025-02-28,-56499.71391996732,-1116120.1674902274,-1113351.0088642573,,
WO[USDJPY Cuo 30Δ/H@20Δ  ∧  USDKRW Cuo 30Δ/H@20Δ]  3M,worst_of,monthly,2025-03-31,-49259.270255979034,-1165379.4377462063,-1162610.2791202362,,
WO[USDJPY Cuo 30Δ/H@20Δ  ∧  USDKRW Cuo 30Δ/H@20Δ]  3M,worst_of,monthly,2025-04-30,-43615.79853423026,-1208995.2362804362,-1206226.077654466,,
WO[USDJPY Cuo 30Δ/H@20Δ  ∧  USDKRW Cuo 30Δ/H@20Δ]  3M,worst_of,monthly,2025-05-31,-50535.242078969175,-1259530.4783594054,-1256761.3197334353,,
WO[USDJPY Cuo 30Δ/H@20Δ  ∧  USDKRW Cuo 30Δ/H@20Δ]  3M,worst_of,monthly,2025-06-30,-53035.97732789762,-1312566.4556873029,-1309797.2970613327,,
WO[USDJPY Cuo 30Δ/H@20Δ  ∧  USDKRW Cuo 30Δ/H@20Δ]  3M,worst_of,monthly,2025-07-31,-57334.53226138199,-1369900.9879486845,-1367131.8293227144,,
WO[USDJPY Cuo 30Δ/H@20Δ  ∧  USDKRW Cuo 30Δ/H@20Δ]  3M,worst_of,monthly,2025-08-31,-48829.09190916149,-1418730.0798578453,-1415960.9212318752,,
WO[USDJPY Cuo 30Δ/H@20Δ  ∧  USDKRW Cuo 30Δ/H@20Δ]  3M,worst_of,monthly,2025-09-30,-52777.83688960011,-1471507.916747445,-1468738.7581214749,,
WO[USDJPY Cuo 30Δ/H@20Δ  ∧  USDKRW Cuo 30Δ/H@20Δ]  3M,worst_of,monthly,2025-10-31,-13505.14960701899,-1485013.0663544638,-1482243.9077284937,,
WO[USDJPY Cuo 30Δ/H@20Δ  ∧  USDKRW Cuo 30Δ/H@20Δ]  3M,worst_of,monthly,2025-11-30,-50578.14697484218,-1535591.2133293063,-1532822.0547033362,,
WO[USDJPY Cuo 30Δ/H@20Δ  ∧  USDKRW Cuo 30Δ/H@20Δ]  3M,worst_of,monthly,2025-12-31,-54642.21074531499,-1590233.4240746216,-1587464.2654486515,,
WO[USDJPY Cuo 30Δ/H@20Δ  ∧  USDKRW Cuo 30Δ/H@20Δ]  3M,worst_of,monthly,2026-01-31,-42291.35538240776,-1632524.7794570292,-1629755.620831059,,
WO[USDJPY Cuo 30Δ/H@20Δ  ∧  USDKRW Cuo 30Δ/H@20Δ]  3M,worst_of,monthly,2026-02-28,-55214.71237691226,-1687739.4918339415,-1684970.3332079714,,
WO[USDJPY Cuo 30Δ/H@20Δ  ∧  USDKRW Cuo 30Δ/H@20Δ]  3M,worst_of,monthly,2026-03-31,-28728.752109814126,-1716468.2439437555,-1713699.0853177854,,
WO[USDJPY Cuo 30Δ/H@20Δ  ∧  USDKRW Cuo 30Δ/H@20Δ]  3M,worst_of,monthly,2026-04-30,-55423.992654328256,-1771892.2365980835,-1769123.0779721134,,
WO[USDJPY Cuo 30Δ/H@20Δ  ∧  USDKRW Cuo 30Δ/H@20Δ]  3M,worst_of,monthly,2026-05-31,-15212.182247821767,-1787104.4188459052,-1784335.260219935,,
WO[USDJPY Cuo 30Δ/H@20Δ  ∧  USDKRW Cuo 30Δ/H@20Δ]  3M,worst_of,annual,2023-12-31,-419884.82962325896,-419884.82962325885,-417115.67099728866,,
WO[USDJPY Cuo 30Δ/H@20Δ  ∧  USDKRW Cuo 30Δ/H@20Δ]  3M,worst_of,annual,2024-12-31,-587442.8212488107,-1007327.6508720696,-1004558.4922460995,,
WO[USDJPY Cuo 30Δ/H@20Δ  ∧  USDKRW Cuo 30Δ/H@20Δ]  3M,worst_of,annual,2025-12-31,-582905.7732025533,-1590233.4240746216,-1587464.2654486515,,
WO[USDJPY Cuo 30Δ/H@20Δ  ∧  USDKRW Cuo 30Δ/H@20Δ]  3M,worst_of,annual,2026-12-31,-196870.99477128417,-1787104.4188459052,-1784335.260219935,,
WO[USDJPY Cuo 30Δ/H@15Δ  ∧  USDKRW Cuo 30Δ/H@15Δ]  2M,worst_of,monthly,2023-03-31,361214.93656074384,361214.9365607438,-64194.32910899987,,
WO[USDJPY Cuo 30Δ/H@15Δ  ∧  USDKRW Cuo 30Δ/H@15Δ]  2M,worst_of,monthly,2023-04-30,-73922.23006736719,287292.7064933766,-138116.55917636707,,
WO[USDJPY Cuo 30Δ/H@15Δ  ∧  USDKRW Cuo 30Δ/H@15Δ]  2M,worst_of,monthly,2023-05-31,-80402.78818227592,206889.91831110066,-218519.347358643,,
WO[USDJPY Cuo 30Δ/H@15Δ  ∧  USDKRW Cuo 30Δ/H@15Δ]  2M,worst_of,monthly,2023-06-30,-89844.1031890636,117045.81512203703,-308363.4505477066,,
WO[USDJPY Cuo 30Δ/H@15Δ  ∧  USDKRW Cuo 30Δ/H@15Δ]  2M,worst_of,monthly,2023-07-31,-71103.8166540499,45941.99846798714,-379467.2672017565,,
WO[USDJPY Cuo 30Δ/H@15Δ  ∧  USDKRW Cuo 30Δ/H@15Δ]  2M,worst_of,monthly,2023-08-31,-50644.04507435569,-4702.046606368543,-430111.3122761122,,
WO[USDJPY Cuo 30Δ/H@15Δ  ∧  USDKRW Cuo 30Δ/H@15Δ]  2M,worst_of,monthly,2023-09-30,74935.82427493673,70233.77766856822,-355175.48800117546,,
WO[USDJPY Cuo 30Δ/H@15Δ  ∧  USDKRW Cuo 30Δ/H@15Δ]  2M,worst_of,monthly,2023-10-31,100823.8678974543,171057.64556602252,-254351.62010372113,,
WO[USDJPY Cuo 30Δ/H@15Δ  ∧  USDKRW Cuo 30Δ/H@15Δ]  2M,worst_of,monthly,2023-11-30,-73236.02629416915,97821.6192718534,-327587.64639789023,,
WO[USDJPY Cuo 30Δ/H@15Δ  ∧  USDKRW Cuo 30Δ/H@15Δ]  2M,worst_of,monthly,2023-12-31,-69869.2763749136,27952.342896939794,-397456.92277280387,,
WO[USDJPY Cuo 30Δ/H@15Δ  ∧  USDKRW Cuo 30Δ/H@15Δ]  2M,worst_of,monthly,2024-01-31,-76177.89291322052,-48225.550016280715,-473634.8156860244,,
WO[USDJPY Cuo 30Δ/H@15Δ  ∧  USDKRW Cuo 30Δ/H@15Δ]  2M,worst_of,monthly,2024-02-29,-78542.10457996243,-126767.65459624314,-552176.9202659868,,
WO[USDJPY Cuo 30Δ/H@15Δ  ∧  USDKRW Cuo 30Δ/H@15Δ]  2M,worst_of,monthly,2024-03-31,-76811.40385026028,-203579.05844650342,-628988.324116247,,
WO[USDJPY Cuo 30Δ/H@15Δ  ∧  USDKRW Cuo 30Δ/H@15Δ]  2M,worst_of,monthly,2024-04-30,150909.8925547336,-52669.165891769764,-478078.4315615134,,
WO[USDJPY Cuo 30Δ/H@15Δ  ∧  USDKRW Cuo 30Δ/H@15Δ]  2M,worst_of,monthly,2024-05-31,-76850.08903561128,-129519.25492738103,-554928.5205971247,,
WO[USDJPY Cuo 30Δ/H@15Δ  ∧  USDKRW Cuo 30Δ/H@15Δ]  2M,worst_of,monthly,2024-06-30,-65505.19595150872,-195024.45087888974,-620433.7165486334,,
WO[USDJPY Cuo 30Δ/H@15Δ  ∧  USDKRW Cuo 30Δ/H@15Δ]  2M,worst_of,monthly,2024-07-31,-63039.6629115286,-258064.11379041834,-683473.379460162,,
WO[USDJPY Cuo 30Δ/H@15Δ  ∧  USDKRW Cuo 30Δ/H@15Δ]  2M,worst_of,monthly,2024-08-31,-75705.30190143535,-333769.4156918536,-759178.6813615973,,
WO[USDJPY Cuo 30Δ/H@15Δ  ∧  USDKRW Cuo 30Δ/H@15Δ]  2M,worst_of,monthly,2024-09-30,-73643.6996658582,-407413.11535771185,-832822.3810274554,,
WO[USDJPY Cuo 30Δ/H@15Δ  ∧  USDKRW Cuo 30Δ/H@15Δ]  2M,worst_of,monthly,2024-10-31,16574.41229931876,-390838.703058393,-816247.9687281366,,
WO[USDJPY Cuo 30Δ/H@15Δ  ∧  USDKRW Cuo 30Δ/H@15Δ]  2M,worst_of,monthly,2024-11-30,-63584.748168322425,-454423.4512267154,-879832.716896459,,
WO[USDJPY Cuo 30Δ/H@15Δ  ∧  USDKRW Cuo 30Δ/H@15Δ]  2M,worst_of,monthly,2024-12-31,-74382.5791479734,-528806.0303746888,-954215.2960444324,,
WO[USDJPY Cuo 30Δ/H@15Δ  ∧  USDKRW Cuo 30Δ/H@15Δ]  2M,worst_of,monthly,2025-01-31,-84542.00251809372,-613348.0328927825,-1038757.2985625261,,
WO[USDJPY Cuo 30Δ/H@15Δ  ∧  USDKRW Cuo 30Δ/H@15Δ]  2M,worst_of,monthly,2025-02-28,-68712.16873685017,-682060.2016296327,-1107469.4672993764,,
WO[USDJPY Cuo 30Δ/H@15Δ  ∧  USDKRW Cuo 30Δ/H@15Δ]  2M,worst_of,monthly,2025-03-31,-61357.24779370457,-743417.4494233374,-1168826.715093081,,
WO[USDJPY Cuo 30Δ/H@15Δ  ∧  USDKRW Cuo 30Δ/H@15Δ]  2M,worst_of,monthly,2025-04-30,-67708.79270622834,-811126.2421295657,-1236535.5077993092,,
WO[USDJPY Cuo 30Δ/H@15Δ  ∧  USDKRW Cuo 30Δ/H@15Δ]  2M,worst_of,monthly,2025-05-31,-81280.32690729179,-892406.5690368572,-1317815.8347066008,,
WO[USDJPY Cuo 30Δ/H@15Δ  ∧  USDKRW Cuo 30Δ/H@15Δ]  2M,worst_of,monthly,2025-06-30,-80227.36679826246,-972633.9358351198,-1398043.2015048633,,
WO[USDJPY Cuo 30Δ/H@15Δ  ∧  USDKRW Cuo 30Δ/H@15Δ]  2M,worst_of,monthly,2025-07-31,-88991.20136122406,-1061625.1371963439,-1487034.4028660874,,
WO[USDJPY Cuo 30Δ/H@15Δ  ∧  USDKRW Cuo 30Δ/H@15Δ]  2M,worst_of,monthly,2025-08-31,-72826.86870117104,-1134452.0058975145,-1559861.271567258,,
WO[USDJPY Cuo 30Δ/H@15Δ  ∧  USDKRW Cuo 30Δ/H@15Δ]  2M,worst_of,monthly,2025-09-30,-55328.78007778114,-1189780.7859752958,-1615190.0516450396,,
WO[USDJPY Cuo 30Δ/H@15Δ  ∧  USDKRW Cuo 30Δ/H@15Δ]  2M,worst_of,monthly,2025-10-31,37874.100133211556,-1151906.6858420845,-1577315.9515118282,,
WO[USDJPY Cuo 30Δ/H@15Δ  ∧  USDKRW Cuo 30Δ/H@15Δ]  2M,worst_of,monthly,2025-11-30,-70140.97897270553,-1222047.6648147898,-1647456.9304845333,,
WO[USDJPY Cuo 30Δ/H@15Δ  ∧  USDKRW Cuo 30Δ/H@15Δ]  2M,worst_of,monthly,2025-12-31,-55681.534063244646,-1277729.1988780347,-1703138.4645477785,,
WO[USDJPY Cuo 30Δ/H@15Δ  ∧  USDKRW Cuo 30Δ/H@15Δ]  2M,worst_of,monthly,2026-01-31,-82111.01086776805,-1359840.209745803,-1785249.4754155464,,
WO[USDJPY Cuo 30Δ/H@15Δ  ∧  USDKRW Cuo 30Δ/H@15Δ]  2M,worst_of,monthly,2026-02-28,-72443.60913060707,-1432283.8188764101,-1857693.084546154,,
WO[USDJPY Cuo 30Δ/H@15Δ  ∧  USDKRW Cuo 30Δ/H@15Δ]  2M,worst_of,monthly,2026-03-31,-73219.97424489228,-1505503.7931213023,-1930913.058791046,,
WO[USDJPY Cuo 30Δ/H@15Δ  ∧  USDKRW Cuo 30Δ/H@15Δ]  2M,worst_of,monthly,2026-04-30,-67158.17545273349,-1572661.9685740361,-1998071.23424378,,
WO[USDJPY Cuo 30Δ/H@15Δ  ∧  USDKRW Cuo 30Δ/H@15Δ]  2M,worst_of,monthly,2026-05-31,-23380.453233863635,-1596042.4218078998,-2021451.6874776436,,
WO[USDJPY Cuo 30Δ/H@15Δ  ∧  USDKRW Cuo 30Δ/H@15Δ]  2M,worst_of,annual,2023-12-31,27952.342896939826,27952.342896939794,-397456.92277280387,,
WO[USDJPY Cuo 30Δ/H@15Δ  ∧  USDKRW Cuo 30Δ/H@15Δ]  2M,worst_of,annual,2024-12-31,-556758.3732716289,-528806.0303746888,-954215.2960444324,,
WO[USDJPY Cuo 30Δ/H@15Δ  ∧  USDKRW Cuo 30Δ/H@15Δ]  2M,worst_of,annual,2025-12-31,-748923.1685033459,-1277729.1988780347,-1703138.4645477785,,
WO[USDJPY Cuo 30Δ/H@15Δ  ∧  USDKRW Cuo 30Δ/H@15Δ]  2M,worst_of,annual,2026-12-31,-318313.2229298645,-1596042.4218078998,-2021451.6874776436,,
WO[USDJPY Cuo 30Δ/H@15Δ  ∧  USDKRW Cuo 30Δ/H@15Δ]  1M,worst_of,monthly,2023-02-28,-61201.155545759495,-61201.155545759495,-50327.01203470476,,
WO[USDJPY Cuo 30Δ/H@15Δ  ∧  USDKRW Cuo 30Δ/H@15Δ]  1M,worst_of,monthly,2023-03-31,-66867.18634617618,-128068.34189193565,-117194.19838088092,,
WO[USDJPY Cuo 30Δ/H@15Δ  ∧  USDKRW Cuo 30Δ/H@15Δ]  1M,worst_of,monthly,2023-04-30,27558.682472597608,-100509.65941933799,-89635.51590828325,,
WO[USDJPY Cuo 30Δ/H@15Δ  ∧  USDKRW Cuo 30Δ/H@15Δ]  1M,worst_of,monthly,2023-05-31,97413.7152600902,-3095.9441592477856,-30373.81292746362,,
WO[USDJPY Cuo 30Δ/H@15Δ  ∧  USDKRW Cuo 30Δ/H@15Δ]  1M,worst_of,monthly,2023-06-30,-65281.325443947906,-68377.26960319569,-95655.13837141152,,
WO[USDJPY Cuo 30Δ/H@15Δ  ∧  USDKRW Cuo 30Δ/H@15Δ]  1M,worst_of,monthly,2023-07-31,-60169.9174014099,-128547.18700460558,-155825.05577282142,,
WO[USDJPY Cuo 30Δ/H@15Δ  ∧  USDKRW Cuo 30Δ/H@15Δ]  1M,worst_of,monthly,2023-08-31,-81205.12702505074,-209752.31402965635,-237030.18279787217,,
WO[USDJPY Cuo 30Δ/H@15Δ  ∧  USDKRW Cuo 30Δ/H@15Δ]  1M,worst_of,monthly,2023-09-30,107551.47516518104,-102200.83886447528,-129478.70763269112,,
WO[USDJPY Cuo 30Δ/H@15Δ  ∧  USDKRW Cuo 30Δ/H@15Δ]  1M,worst_of,monthly,2023-10-31,-63557.87096529491,-165758.7098297702,-193036.57859798602,,
WO[USDJPY Cuo 30Δ/H@15Δ  ∧  USDKRW Cuo 30Δ/H@15Δ]  1M,worst_of,monthly,2023-11-30,-63813.32251571877,-229572.03234548896,-256849.90111370478,,
WO[USDJPY Cuo 30Δ/H@15Δ  ∧  USDKRW Cuo 30Δ/H@15Δ]  1M,worst_of,monthly,2023-12-31,-63839.1966733696,-293411.2290188585,-320689.09778707434,,
WO[USDJPY Cuo 30Δ/H@15Δ  ∧  USDKRW Cuo 30Δ/H@15Δ]  1M,worst_of,monthly,2024-01-31,-65844.85024117945,-359256.0792600379,-386533.94802825374,,
WO[USDJPY Cuo 30Δ/H@15Δ  ∧  USDKRW Cuo 30Δ/H@15Δ]  1M,worst_of,monthly,2024-02-29,-71075.15432582618,-430331.23358586413,-457609.10235407995,,
WO[USDJPY Cuo 30Δ/H@15Δ  ∧  USDKRW Cuo 30Δ/H@15Δ]  1M,worst_of,monthly,2024-03-31,-55139.48753507204,-485470.72112093616,-512748.589889152,,
WO[USDJPY Cuo 30Δ/H@15Δ  ∧  USDKRW Cuo 30Δ/H@15Δ]  1M,worst_of,monthly,2024-04-30,-19355.257505002344,-504825.97862593853,-532103.8473941544,,
WO[USDJPY Cuo 30Δ/H@15Δ  ∧  USDKRW Cuo 30Δ/H@15Δ]  1M,worst_of,monthly,2024-05-31,-64039.869890018104,-568865.8485159565,-596143.7172841724,,
WO[USDJPY Cuo 30Δ/H@15Δ  ∧  USDKRW Cuo 30Δ/H@15Δ]  1M,worst_of,monthly,2024-06-30,308791.5838754737,-260074.26464048272,-287352.13340869854,,
WO[USDJPY Cuo 30Δ/H@15Δ  ∧  USDKRW Cuo 30Δ/H@15Δ]  1M,worst_of,monthly,2024-07-31,-63275.73510886655,-323349.9997493493,-350627.86851756513,,
WO[USDJPY Cuo 30Δ/H@15Δ  ∧  USDKRW Cuo 30Δ/H@15Δ]  1M,worst_of,monthly,2024-08-31,-67769.4969120541,-391119.4966614035,-418397.3654296193,,
WO[USDJPY Cuo 30Δ/H@15Δ  ∧  USDKRW Cuo 30Δ/H@15Δ]  1M,worst_of,monthly,2024-09-30,-62851.843290646095,-453971.33995204954,-481249.20872026536,,
WO[USDJPY Cuo 30Δ/H@15Δ  ∧  USDKRW Cuo 30Δ/H@15Δ]  1M,worst_of,monthly,2024-10-31,-64786.44216923964,-518757.7821212891,-546035.6508895049,,
WO[USDJPY Cuo 30Δ/H@15Δ  ∧  USDKRW Cuo 30Δ/H@15Δ]  1M,worst_of,monthly,2024-11-30,-62597.48755417898,-581355.2696754681,-608633.138443684,,
WO[USDJPY Cuo 30Δ/H@15Δ  ∧  USDKRW Cuo 30Δ/H@15Δ]  1M,worst_of,monthly,2024-12-31,-68145.4163274706,-649500.6860029383,-676778.5547711542,,
WO[USDJPY Cuo 30Δ/H@15Δ  ∧  USDKRW Cuo 30Δ/H@15Δ]  1M,worst_of,monthly,2025-01-31,-65087.172353564536,-714587.8583565028,-741865.7271247187,,
WO[USDJPY Cuo 30Δ/H@15Δ  ∧  USDKRW Cuo 30Δ/H@15Δ]  1M,worst_of,monthly,2025-02-28,-57351.406585491306,-771939.2649419942,-799217.1337102101,,
WO[USDJPY Cuo 30Δ/H@15Δ  ∧  USDKRW Cuo 30Δ/H@15Δ]  1M,worst_of,monthly,2025-03-31,-55551.139203719074,-827490.4041457132,-854768.2729139291,,
WO[USDJPY Cuo 30Δ/H@15Δ  ∧  USDKRW Cuo 30Δ/H@15Δ]  1M,worst_of,monthly,2025-04-30,-68548.49416512906,-896038.8983108421,-923316.767079058,,
WO[USDJPY Cuo 30Δ/H@15Δ  ∧  USDKRW Cuo 30Δ/H@15Δ]  1M,worst_of,monthly,2025-05-31,-73145.38819320993,-969184.2865040522,-996462.1552722681,,
WO[USDJPY Cuo 30Δ/H@15Δ  ∧  USDKRW Cuo 30Δ/H@15Δ]  1M,worst_of,monthly,2025-06-30,-69254.5207363771,-1038438.8072404293,-1065716.6760086452,,
WO[USDJPY Cuo 30Δ/H@15Δ  ∧  USDKRW Cuo 30Δ/H@15Δ]  1M,worst_of,monthly,2025-07-31,-76885.02237798985,-1115323.8296184195,-1142601.6983866354,,
WO[USDJPY Cuo 30Δ/H@15Δ  ∧  USDKRW Cuo 30Δ/H@15Δ]  1M,worst_of,monthly,2025-08-31,-66035.45281073268,-1181359.2824291524,-1208637.1511973683,,
WO[USDJPY Cuo 30Δ/H@15Δ  ∧  USDKRW Cuo 30Δ/H@15Δ]  1M,worst_of,monthly,2025-09-30,-20646.061064692556,-1202005.343493845,-1229283.212262061,,
WO[USDJPY Cuo 30Δ/H@15Δ  ∧  USDKRW Cuo 30Δ/H@15Δ]  1M,worst_of,monthly,2025-10-31,-70328.60021503661,-1272333.9437088817,-1299611.8124770976,,
WO[USDJPY Cuo 30Δ/H@15Δ  ∧  USDKRW Cuo 30Δ/H@15Δ]  1M,worst_of,monthly,2025-11-30,-46008.95429212477,-1318342.8980010066,-1345620.7667692224,,
WO[USDJPY Cuo 30Δ/H@15Δ  ∧  USDKRW Cuo 30Δ/H@15Δ]  1M,worst_of,monthly,2025-12-31,-68970.21558989421,-1387313.1135909006,-1414590.9823591164,,
WO[USDJPY Cuo 30Δ/H@15Δ  ∧  USDKRW Cuo 30Δ/H@15Δ]  1M,worst_of,monthly,2026-01-31,-65928.72023888645,-1453241.833829787,-1480519.702598003,,
WO[USDJPY Cuo 30Δ/H@15Δ  ∧  USDKRW Cuo 30Δ/H@15Δ]  1M,worst_of,monthly,2026-02-28,-67734.25106329935,-1520976.0848930865,-1548253.9536613023,,
WO[USDJPY Cuo 30Δ/H@15Δ  ∧  USDKRW Cuo 30Δ/H@15Δ]  1M,worst_of,monthly,2026-03-31,-51554.45053298291,-1572530.5354260693,-1599808.4041942852,,
WO[USDJPY Cuo 30Δ/H@15Δ  ∧  USDKRW Cuo 30Δ/H@15Δ]  1M,worst_of,monthly,2026-04-30,-78371.1466271551,-1650901.6820532246,-1678179.5508214405,,
WO[USDJPY Cuo 30Δ/H@15Δ  ∧  USDKRW Cuo 30Δ/H@15Δ]  1M,worst_of,monthly,2026-05-31,-17080.64273858268,-1667982.3247918074,-1695260.1935600233,,
WO[USDJPY Cuo 30Δ/H@15Δ  ∧  USDKRW Cuo 30Δ/H@15Δ]  1M,worst_of,annual,2023-12-31,-293411.22901885863,-293411.2290188585,-320689.09778707434,,
WO[USDJPY Cuo 30Δ/H@15Δ  ∧  USDKRW Cuo 30Δ/H@15Δ]  1M,worst_of,annual,2024-12-31,-356089.4569840804,-649500.6860029383,-676778.5547711542,,
WO[USDJPY Cuo 30Δ/H@15Δ  ∧  USDKRW Cuo 30Δ/H@15Δ]  1M,worst_of,annual,2025-12-31,-737812.4275879617,-1387313.1135909006,-1414590.9823591164,,
WO[USDJPY Cuo 30Δ/H@15Δ  ∧  USDKRW Cuo 30Δ/H@15Δ]  1M,worst_of,annual,2026-12-31,-280669.2112009065,-1667982.3247918074,-1695260.1935600233,,
WO[USDJPY Cuo 30Δ/H@15Δ  ∧  USDKRW Cuo 30Δ/H@15Δ]  6W,worst_of,monthly,2023-02-28,-45810.01348302879,-45810.0134830288,-41929.05201198455,,
WO[USDJPY Cuo 30Δ/H@15Δ  ∧  USDKRW Cuo 30Δ/H@15Δ]  6W,worst_of,monthly,2023-03-31,-76467.65685994907,-122277.67034297784,-118396.7088719336,,
WO[USDJPY Cuo 30Δ/H@15Δ  ∧  USDKRW Cuo 30Δ/H@15Δ]  6W,worst_of,monthly,2023-04-30,-2443.089606918322,-124720.75994989621,-120839.79847885197,,
WO[USDJPY Cuo 30Δ/H@15Δ  ∧  USDKRW Cuo 30Δ/H@15Δ]  6W,worst_of,monthly,2023-05-31,-25784.50585217657,-150505.26580207283,-146624.30433102857,,
WO[USDJPY Cuo 30Δ/H@15Δ  ∧  USDKRW Cuo 30Δ/H@15Δ]  6W,worst_of,monthly,2023-06-30,-70341.76835007162,-220847.03415214445,-216966.0726811002,,
WO[USDJPY Cuo 30Δ/H@15Δ  ∧  USDKRW Cuo 30Δ/H@15Δ]  6W,worst_of,monthly,2023-07-31,-64374.47903113301,-285221.5131832775,-281340.5517122333,,
WO[USDJPY Cuo 30Δ/H@15Δ  ∧  USDKRW Cuo 30Δ/H@15Δ]  6W,worst_of,monthly,2023-08-31,-78119.99341329337,-363341.5065965709,-359460.54512552667,,
WO[USDJPY Cuo 30Δ/H@15Δ  ∧  USDKRW Cuo 30Δ/H@15Δ]  6W,worst_of,monthly,2023-09-30,-38464.30387014947,-401805.8104667203,-397924.8489956761,,
WO[USDJPY Cuo 30Δ/H@15Δ  ∧  USDKRW Cuo 30Δ/H@15Δ]  6W,worst_of,monthly,2023-10-31,155091.66008761534,-246714.15037910495,-242833.1889080607,,
WO[USDJPY Cuo 30Δ/H@15Δ  ∧  USDKRW Cuo 30Δ/H@15Δ]  6W,worst_of,monthly,2023-11-30,14687.56718468504,-232026.5831944199,-228145.62172337563,,
WO[USDJPY Cuo 30Δ/H@15Δ  ∧  USDKRW Cuo 30Δ/H@15Δ]  6W,worst_of,monthly,2023-12-31,-70077.41906052221,-302104.0022549421,-298223.04078389786,,
WO[USDJPY Cuo 30Δ/H@15Δ  ∧  USDKRW Cuo 30Δ/H@15Δ]  6W,worst_of,monthly,2024-01-31,11480.722167139133,-290623.280087803,-286742.3186167588,,
WO[USDJPY Cuo 30Δ/H@15Δ  ∧  USDKRW Cuo 30Δ/H@15Δ]  6W,worst_of,monthly,2024-02-29,-62289.83736620695,-352913.1174540099,-349032.15598296566,,
WO[USDJPY Cuo 30Δ/H@15Δ  ∧  USDKRW Cuo 30Δ/H@15Δ]  6W,worst_of,monthly,2024-03-31,-63472.749595889465,-416385.86704989924,-412504.905578855,,
WO[USDJPY Cuo 30Δ/H@15Δ  ∧  USDKRW Cuo 30Δ/H@15Δ]  6W,worst_of,monthly,2024-04-30,2684.2362194574503,-413701.63083044166,-409820.66935939743,,
WO[USDJPY Cuo 30Δ/H@15Δ  ∧  USDKRW Cuo 30Δ/H@15Δ]  6W,worst_of,monthly,2024-05-31,-69949.75959285077,-483651.39042329247,-479770.42895224824,,
WO[USDJPY Cuo 30Δ/H@15Δ  ∧  USDKRW Cuo 30Δ/H@15Δ]  6W,worst_of,monthly,2024-06-30,-4511.325028397539,-488162.71545169,-484281.7539806458,,
WO[USDJPY Cuo 30Δ/H@15Δ  ∧  USDKRW Cuo 30Δ/H@15Δ]  6W,worst_of,monthly,2024-07-31,-70872.88222930953,-559035.5976809994,-555154.6362099552,,
WO[USDJPY Cuo 30Δ/H@15Δ  ∧  USDKRW Cuo 30Δ/H@15Δ]  6W,worst_of,monthly,2024-08-31,-68356.3753454487,-627391.9730264483,-623511.011555404,,
WO[USDJPY Cuo 30Δ/H@15Δ  ∧  USDKRW Cuo 30Δ/H@15Δ]  6W,worst_of,monthly,2024-09-30,-64091.79545930754,-691483.7684857557,-687602.8070147114,,
WO[USDJPY Cuo 30Δ/H@15Δ  ∧  USDKRW Cuo 30Δ/H@15Δ]  6W,worst_of,monthly,2024-10-31,13063.526107056136,-678420.2423786996,-674539.2809076554,,
WO[USDJPY Cuo 30Δ/H@15Δ  ∧  USDKRW Cuo 30Δ/H@15Δ]  6W,worst_of,monthly,2024-11-30,-63796.62510877247,-742216.867487472,-738335.9060164278,,
WO[USDJPY Cuo 30Δ/H@15Δ  ∧  USDKRW Cuo 30Δ/H@15Δ]  6W,worst_of,monthly,2024-12-31,-78933.8694894731,-821150.7369769451,-817269.7755059008,,
WO[USDJPY Cuo 30Δ/H@15Δ  ∧  USDKRW Cuo 30Δ/H@15Δ]  6W,worst_of,monthly,2025-01-31,-75849.24314189292,-896999.9801188374,-893119.0186477932,,
WO[USDJPY Cuo 30Δ/H@15Δ  ∧  USDKRW Cuo 30Δ/H@15Δ]  6W,worst_of,monthly,2025-02-28,-56752.71688584628,-953752.6970046839,-949871.7355336397,,
WO[USDJPY Cuo 30Δ/H@15Δ  ∧  USDKRW Cuo 30Δ/H@15Δ]  6W,worst_of,monthly,2025-03-31,-57210.48942573217,-1010963.1864304161,-1007082.2249593718,,
WO[USDJPY Cuo 30Δ/H@15Δ  ∧  USDKRW Cuo 30Δ/H@15Δ]  6W,worst_of,monthly,2025-04-30,-69079.5395362943,-1080042.7259667108,-1076161.7644956666,,
WO[USDJPY Cuo 30Δ/H@15Δ  ∧  USDKRW Cuo 30Δ/H@15Δ]  6W,worst_of,monthly,2025-05-31,-74861.0396218863,-1154903.7655885974,-1151022.8041175532,,
WO[USDJPY Cuo 30Δ/H@15Δ  ∧  USDKRW Cuo 30Δ/H@15Δ]  6W,worst_of,monthly,2025-06-30,-69651.8492918561,-1224555.6148804536,-1220674.6534094093,,
WO[USDJPY Cuo 30Δ/H@15Δ  ∧  USDKRW Cuo 30Δ/H@15Δ]  6W,worst_of,monthly,2025-07-31,-6005.309908128764,-1230560.9247885821,-1226679.963317538,,
WO[USDJPY Cuo 30Δ/H@15Δ  ∧  USDKRW Cuo 30Δ/H@15Δ]  6W,worst_of,monthly,2025-08-31,-75317.67886710499,-1305878.603655687,-1301997.6421846428,,
WO[USDJPY Cuo 30Δ/H@15Δ  ∧  USDKRW Cuo 30Δ/H@15Δ]  6W,worst_of,monthly,2025-09-30,-70155.65632396466,-1376034.2599796518,-1372153.2985086075,,
WO[USDJPY Cuo 30Δ/H@15Δ  ∧  USDKRW Cuo 30Δ/H@15Δ]  6W,worst_of,monthly,2025-10-31,-75540.67943201514,-1451574.9394116672,-1447693.977940623,,
WO[USDJPY Cuo 30Δ/H@15Δ  ∧  USDKRW Cuo 30Δ/H@15Δ]  6W,worst_of,monthly,2025-11-30,-48032.52925735545,-1499607.4686690227,-1495726.5071979784,,
WO[USDJPY Cuo 30Δ/H@15Δ  ∧  USDKRW Cuo 30Δ/H@15Δ]  6W,worst_of,monthly,2025-12-31,-36875.54170671056,-1536483.0103757333,-1532602.048904689,,
WO[USDJPY Cuo 30Δ/H@15Δ  ∧  USDKRW Cuo 30Δ/H@15Δ]  6W,worst_of,monthly,2026-01-31,-72864.06110890134,-1609347.071484634,-1605466.1100135897,,
WO[USDJPY Cuo 30Δ/H@15Δ  ∧  USDKRW Cuo 30Δ/H@15Δ]  6W,worst_of,monthly,2026-02-28,-57488.696578102055,-1666835.7680627364,-1662954.8065916921,,
WO[USDJPY Cuo 30Δ/H@15Δ  ∧  USDKRW Cuo 30Δ/H@15Δ]  6W,worst_of,monthly,2026-03-31,-69679.09251404258,-1736514.8605767789,-1732633.8991057347,,
WO[USDJPY Cuo 30Δ/H@15Δ  ∧  USDKRW Cuo 30Δ/H@15Δ]  6W,worst_of,monthly,2026-04-30,-71291.17647206229,-1807806.0370488414,-1803925.0755777971,,
WO[USDJPY Cuo 30Δ/H@15Δ  ∧  USDKRW Cuo 30Δ/H@15Δ]  6W,worst_of,monthly,2026-05-31,-21407.514717147216,-1829213.5517659886,-1825332.5902949444,,
WO[USDJPY Cuo 30Δ/H@15Δ  ∧  USDKRW Cuo 30Δ/H@15Δ]  6W,worst_of,annual,2023-12-31,-302104.0022549421,-302104.0022549421,-298223.04078389786,,
WO[USDJPY Cuo 30Δ/H@15Δ  ∧  USDKRW Cuo 30Δ/H@15Δ]  6W,worst_of,annual,2024-12-31,-519046.73472200334,-821150.7369769451,-817269.7755059008,,
WO[USDJPY Cuo 30Δ/H@15Δ  ∧  USDKRW Cuo 30Δ/H@15Δ]  6W,worst_of,annual,2025-12-31,-715332.2733987876,-1536483.0103757333,-1532602.048904689,,
WO[USDJPY Cuo 30Δ/H@15Δ  ∧  USDKRW Cuo 30Δ/H@15Δ]  6W,worst_of,annual,2026-12-31,-292730.5413902555,-1829213.5517659886,-1825332.5902949444,,
WO[USDJPY Cuo 30Δ/H@15Δ  ∧  USDKRW Cuo 30Δ/H@15Δ]  10W,worst_of,monthly,2023-03-31,-55593.12494594363,-55593.12494594363,-54827.844866071595,,
WO[USDJPY Cuo 30Δ/H@15Δ  ∧  USDKRW Cuo 30Δ/H@15Δ]  10W,worst_of,monthly,2023-04-30,-73007.03371013515,-128600.15865607875,-127834.87857620671,,
WO[USDJPY Cuo 30Δ/H@15Δ  ∧  USDKRW Cuo 30Δ/H@15Δ]  10W,worst_of,monthly,2023-05-31,-44700.698539782345,-173300.8571958611,-172535.5771159891,,
WO[USDJPY Cuo 30Δ/H@15Δ  ∧  USDKRW Cuo 30Δ/H@15Δ]  10W,worst_of,monthly,2023-06-30,-89814.55172379839,-263115.4089196595,-262350.12883978745,,
WO[USDJPY Cuo 30Δ/H@15Δ  ∧  USDKRW Cuo 30Δ/H@15Δ]  10W,worst_of,monthly,2023-07-31,-74476.06231617012,-337591.4712358297,-336826.19115595764,,
WO[USDJPY Cuo 30Δ/H@15Δ  ∧  USDKRW Cuo 30Δ/H@15Δ]  10W,worst_of,monthly,2023-08-31,-78821.05471283005,-416412.5259486597,-415647.24586878764,,
WO[USDJPY Cuo 30Δ/H@15Δ  ∧  USDKRW Cuo 30Δ/H@15Δ]  10W,worst_of,monthly,2023-09-30,58402.144616375575,-358010.38133228413,-357245.1012524121,,
WO[USDJPY Cuo 30Δ/H@15Δ  ∧  USDKRW Cuo 30Δ/H@15Δ]  10W,worst_of,monthly,2023-10-31,-80377.90131558498,-438388.2826478692,-437623.00256799714,,
WO[USDJPY Cuo 30Δ/H@15Δ  ∧  USDKRW Cuo 30Δ/H@15Δ]  10W,worst_of,monthly,2023-11-30,-83610.26213481693,-521998.54478268605,-521233.264702814,,
WO[USDJPY Cuo 30Δ/H@15Δ  ∧  USDKRW Cuo 30Δ/H@15Δ]  10W,worst_of,monthly,2023-12-31,-60315.952375439905,-582314.497158126,-581549.217078254,,
WO[USDJPY Cuo 30Δ/H@15Δ  ∧  USDKRW Cuo 30Δ/H@15Δ]  10W,worst_of,monthly,2024-01-31,-86289.97894416787,-668604.4761022938,-667839.1960224218,,
WO[USDJPY Cuo 30Δ/H@15Δ  ∧  USDKRW Cuo 30Δ/H@15Δ]  10W,worst_of,monthly,2024-02-29,-75285.68156458306,-743890.1576668768,-743124.8775870048,,
WO[USDJPY Cuo 30Δ/H@15Δ  ∧  USDKRW Cuo 30Δ/H@15Δ]  10W,worst_of,monthly,2024-03-31,-68885.17118662881,-812775.3288535057,-812010.0487736337,,
WO[USDJPY Cuo 30Δ/H@15Δ  ∧  USDKRW Cuo 30Δ/H@15Δ]  10W,worst_of,monthly,2024-04-30,-61607.4643893923,-874382.7932428982,-873617.5131630262,,
WO[USDJPY Cuo 30Δ/H@15Δ  ∧  USDKRW Cuo 30Δ/H@15Δ]  10W,worst_of,monthly,2024-05-31,-75961.34066484158,-950344.1339077398,-949578.8538278678,,
WO[USDJPY Cuo 30Δ/H@15Δ  ∧  USDKRW Cuo 30Δ/H@15Δ]  10W,worst_of,monthly,2024-06-30,-66487.49808342643,-1016831.6319911662,-1016066.3519112942,,
WO[USDJPY Cuo 30Δ/H@15Δ  ∧  USDKRW Cuo 30Δ/H@15Δ]  10W,worst_of,monthly,2024-07-31,-71966.51191638681,-1088798.143907553,-1088032.863827681,,
WO[USDJPY Cuo 30Δ/H@15Δ  ∧  USDKRW Cuo 30Δ/H@15Δ]  10W,worst_of,monthly,2024-08-31,-74793.35366764286,-1163591.497575196,-1162826.2174953239,,
WO[USDJPY Cuo 30Δ/H@15Δ  ∧  USDKRW Cuo 30Δ/H@15Δ]  10W,worst_of,monthly,2024-09-30,-72356.90269443655,-1235948.4002696327,-1235183.1201897606,,
WO[USDJPY Cuo 30Δ/H@15Δ  ∧  USDKRW Cuo 30Δ/H@15Δ]  10W,worst_of,monthly,2024-10-31,57324.20008168329,-1178624.2001879495,-1177858.9201080773,,
WO[USDJPY Cuo 30Δ/H@15Δ  ∧  USDKRW Cuo 30Δ/H@15Δ]  10W,worst_of,monthly,2024-11-30,-68791.32225755442,-1247415.5224455036,-1246650.2423656315,,
WO[USDJPY Cuo 30Δ/H@15Δ  ∧  USDKRW Cuo 30Δ/H@15Δ]  10W,worst_of,monthly,2024-12-31,-74771.15915682241,-1322186.6816023267,-1321421.4015224546,,
WO[USDJPY Cuo 30Δ/H@15Δ  ∧  USDKRW Cuo 30Δ/H@15Δ]  10W,worst_of,monthly,2025-01-31,-89773.67227030931,-1411960.3538726363,-1411195.0737927642,,
WO[USDJPY Cuo 30Δ/H@15Δ  ∧  USDKRW Cuo 30Δ/H@15Δ]  10W,worst_of,monthly,2025-02-28,-74578.90064577687,-1486539.2545184132,-1485773.974438541,,
WO[USDJPY Cuo 30Δ/H@15Δ  ∧  USDKRW Cuo 30Δ/H@15Δ]  10W,worst_of,monthly,2025-03-31,-67179.85554985022,-1553719.1100682637,-1552953.8299883916,,
WO[USDJPY Cuo 30Δ/H@15Δ  ∧  USDKRW Cuo 30Δ/H@15Δ]  10W,worst_of,monthly,2025-04-30,-67048.22279322863,-1620767.332861492,-1620002.0527816198,,
WO[USDJPY Cuo 30Δ/H@15Δ  ∧  USDKRW Cuo 30Δ/H@15Δ]  10W,worst_of,monthly,2025-05-31,-76471.24105675353,-1697238.5739182457,-1696473.2938383736,,
WO[USDJPY Cuo 30Δ/H@15Δ  ∧  USDKRW Cuo 30Δ/H@15Δ]  10W,worst_of,monthly,2025-06-30,-79831.53356445853,-1777070.1074827043,-1776304.8274028322,,
WO[USDJPY Cuo 30Δ/H@15Δ  ∧  USDKRW Cuo 30Δ/H@15Δ]  10W,worst_of,monthly,2025-07-31,-88128.26340048137,-1865198.3708831856,-1864433.0908033135,,
WO[USDJPY Cuo 30Δ/H@15Δ  ∧  USDKRW Cuo 30Δ/H@15Δ]  10W,worst_of,monthly,2025-08-31,-67648.60449032136,-1932846.975373507,-1932081.695293635,,
WO[USDJPY Cuo 30Δ/H@15Δ  ∧  USDKRW Cuo 30Δ/H@15Δ]  10W,worst_of,monthly,2025-09-30,-88229.82941895066,-2021076.8047924577,-2020311.5247125856,,
WO[USDJPY Cuo 30Δ/H@15Δ  ∧  USDKRW Cuo 30Δ/H@15Δ]  10W,worst_of,monthly,2025-10-31,456562.9040219875,-1564513.9007704707,-1563748.6206905986,,
WO[USDJPY Cuo 30Δ/H@15Δ  ∧  USDKRW Cuo 30Δ/H@15Δ]  10W,worst_of,monthly,2025-11-30,-73321.80728996669,-1637835.708060437,-1637070.427980565,,
WO[USDJPY Cuo 30Δ/H@15Δ  ∧  USDKRW Cuo 30Δ/H@15Δ]  10W,worst_of,monthly,2025-12-31,-64174.831624179,-1702010.5396846156,-1701245.2596047434,,
WO[USDJPY Cuo 30Δ/H@15Δ  ∧  USDKRW Cuo 30Δ/H@15Δ]  10W,worst_of,monthly,2026-01-31,-80146.54979826444,-1782157.0894828804,-1781391.8094030083,,
WO[USDJPY Cuo 30Δ/H@15Δ  ∧  USDKRW Cuo 30Δ/H@15Δ]  10W,worst_of,monthly,2026-02-28,-74122.84095828894,-1856279.9304411695,-1855514.6503612974,,
WO[USDJPY Cuo 30Δ/H@15Δ  ∧  USDKRW Cuo 30Δ/H@15Δ]  10W,worst_of,monthly,2026-03-31,-71360.70734149503,-1927640.6377826647,-1926875.3577027926,,
WO[USDJPY Cuo 30Δ/H@15Δ  ∧  USDKRW Cuo 30Δ/H@15Δ]  10W,worst_of,monthly,2026-04-30,-73987.28319720614,-2001627.9209798705,-2000862.6408999984,,
WO[USDJPY Cuo 30Δ/H@15Δ  ∧  USDKRW Cuo 30Δ/H@15Δ]  10W,worst_of,monthly,2026-05-31,-23151.7076704612,-2024779.6286503316,-2024014.3485704595,,
WO[USDJPY Cuo 30Δ/H@15Δ  ∧  USDKRW Cuo 30Δ/H@15Δ]  10W,worst_of,annual,2023-12-31,-582314.497158126,-582314.497158126,-581549.217078254,,
WO[USDJPY Cuo 30Δ/H@15Δ  ∧  USDKRW Cuo 30Δ/H@15Δ]  10W,worst_of,annual,2024-12-31,-739872.1844441998,-1322186.6816023267,-1321421.4015224546,,
WO[USDJPY Cuo 30Δ/H@15Δ  ∧  USDKRW Cuo 30Δ/H@15Δ]  10W,worst_of,annual,2025-12-31,-379823.85808228864,-1702010.5396846156,-1701245.2596047434,,
WO[USDJPY Cuo 30Δ/H@15Δ  ∧  USDKRW Cuo 30Δ/H@15Δ]  10W,worst_of,annual,2026-12-31,-322769.0889657157,-2024779.6286503316,-2024014.3485704595,,
WO[USDJPY Cuo 30Δ/H@15Δ  ∧  USDKRW Cuo 30Δ/H@15Δ]  3M,worst_of,monthly,2023-03-31,-4540.8258921751,-4540.8258921751,0.0,,
WO[USDJPY Cuo 30Δ/H@15Δ  ∧  USDKRW Cuo 30Δ/H@15Δ]  3M,worst_of,monthly,2023-04-30,-84257.37098278558,-88798.19687496069,-84257.3709827856,,
WO[USDJPY Cuo 30Δ/H@15Δ  ∧  USDKRW Cuo 30Δ/H@15Δ]  3M,worst_of,monthly,2023-05-31,102045.0243647013,13246.827489740597,-25832.20769341764,,
WO[USDJPY Cuo 30Δ/H@15Δ  ∧  USDKRW Cuo 30Δ/H@15Δ]  3M,worst_of,monthly,2023-06-30,-97525.48769310131,-84278.6602033607,-123357.69538651894,,
WO[USDJPY Cuo 30Δ/H@15Δ  ∧  USDKRW Cuo 30Δ/H@15Δ]  3M,worst_of,monthly,2023-07-31,-85654.02248396879,-169932.68268732948,-209011.71787048772,,
WO[USDJPY Cuo 30Δ/H@15Δ  ∧  USDKRW Cuo 30Δ/H@15Δ]  3M,worst_of,monthly,2023-08-31,-82786.06174484677,-252718.74443217626,-291797.77961533447,,
WO[USDJPY Cuo 30Δ/H@15Δ  ∧  USDKRW Cuo 30Δ/H@15Δ]  3M,worst_of,monthly,2023-09-30,567373.8638467062,314655.11941453,0.0,,
WO[USDJPY Cuo 30Δ/H@15Δ  ∧  USDKRW Cuo 30Δ/H@15Δ]  3M,worst_of,monthly,2023-10-31,51599.49335026694,366254.61276479706,-80775.19253970496,,
WO[USDJPY Cuo 30Δ/H@15Δ  ∧  USDKRW Cuo 30Δ/H@15Δ]  3M,worst_of,monthly,2023-11-30,-89798.64744644436,276455.9653183528,-170573.83998614922,,
WO[USDJPY Cuo 30Δ/H@15Δ  ∧  USDKRW Cuo 30Δ/H@15Δ]  3M,worst_of,monthly,2023-12-31,-76089.14652833778,200366.818790015,-246662.986514487,,
WO[USDJPY Cuo 30Δ/H@15Δ  ∧  USDKRW Cuo 30Δ/H@15Δ]  3M,worst_of,monthly,2024-01-31,-76642.18991480197,123724.6288752131,-323305.1764292889,,
WO[USDJPY Cuo 30Δ/H@15Δ  ∧  USDKRW Cuo 30Δ/H@15Δ]  3M,worst_of,monthly,2024-02-29,36781.50863127174,160506.1375064848,-286523.6677980172,,
WO[USDJPY Cuo 30Δ/H@15Δ  ∧  USDKRW Cuo 30Δ/H@15Δ]  3M,worst_of,monthly,2024-03-31,-66270.04999210911,94236.0875143757,-352793.71779012633,,
WO[USDJPY Cuo 30Δ/H@15Δ  ∧  USDKRW Cuo 30Δ/H@15Δ]  3M,worst_of,monthly,2024-04-30,-88397.17181848183,5838.915695893859,-441190.88960860815,,
WO[USDJPY Cuo 30Δ/H@15Δ  ∧  USDKRW Cuo 30Δ/H@15Δ]  3M,worst_of,monthly,2024-05-31,-72621.34401378283,-66782.42831788896,-513812.233622391,,
WO[USDJPY Cuo 30Δ/H@15Δ  ∧  USDKRW Cuo 30Δ/H@15Δ]  3M,worst_of,monthly,2024-06-30,-72898.81002347477,-139681.23834136373,-586711.0436458657,,
WO[USDJPY Cuo 30Δ/H@15Δ  ∧  USDKRW Cuo 30Δ/H@15Δ]  3M,worst_of,monthly,2024-07-31,-78551.2568285368,-218232.49516990045,-665262.3004744025,,
WO[USDJPY Cuo 30Δ/H@15Δ  ∧  USDKRW Cuo 30Δ/H@15Δ]  3M,worst_of,monthly,2024-08-31,-72628.25668111628,-290860.7518510168,-737890.5571555188,,
WO[USDJPY Cuo 30Δ/H@15Δ  ∧  USDKRW Cuo 30Δ/H@15Δ]  3M,worst_of,monthly,2024-09-30,-75373.35293106348,-366234.1047820802,-813263.9100865822,,
WO[USDJPY Cuo 30Δ/H@15Δ  ∧  USDKRW Cuo 30Δ/H@15Δ]  3M,worst_of,monthly,2024-10-31,-84094.18947056809,-450328.29425264837,-897358.0995571504,,
WO[USDJPY Cuo 30Δ/H@15Δ  ∧  USDKRW Cuo 30Δ/H@15Δ]  3M,worst_of,monthly,2024-11-30,-306.3080606761614,-450634.6023133246,-897664.4076178266,,
WO[USDJPY Cuo 30Δ/H@15Δ  ∧  USDKRW Cuo 30Δ/H@15Δ]  3M,worst_of,monthly,2024-12-31,-73334.39925324611,-523969.0015665706,-970998.8068710726,,
WO[USDJPY Cuo 30Δ/H@15Δ  ∧  USDKRW Cuo 30Δ/H@15Δ]  3M,worst_of,monthly,2025-01-31,-85022.36600147407,-608991.3675680449,-1056021.172872547,,
WO[USDJPY Cuo 30Δ/H@15Δ  ∧  USDKRW Cuo 30Δ/H@15Δ]  3M,worst_of,monthly,2025-02-28,-88701.72563285413,-697693.0932008993,-1144722.8985054013,,
WO[USDJPY Cuo 30Δ/H@15Δ  ∧  USDKRW Cuo 30Δ/H@15Δ]  3M,worst_of,monthly,2025-03-31,-75378.84537534535,-773071.9385762446,-1220101.7438807467,,
WO[USDJPY Cuo 30Δ/H@15Δ  ∧  USDKRW Cuo 30Δ/H@15Δ]  3M,worst_of,monthly,2025-04-30,-67535.21420254407,-840607.1527787885,-1287636.9580832906,,
WO[USDJPY Cuo 30Δ/H@15Δ  ∧  USDKRW Cuo 30Δ/H@15Δ]  3M,worst_of,monthly,2025-05-31,-77829.92396551503,-918437.0767443033,-1365466.8820488052,,
WO[USDJPY Cuo 30Δ/H@15Δ  ∧  USDKRW Cuo 30Δ/H@15Δ]  3M,worst_of,monthly,2025-06-30,-81348.13039952994,-999785.2071438332,-1446815.012448335,,
WO[USDJPY Cuo 30Δ/H@15Δ  ∧  USDKRW Cuo 30Δ/H@15Δ]  3M,worst_of,monthly,2025-07-31,-91785.96736474465,-1091571.174508578,-1538600.9798130798,,
WO[USDJPY Cuo 30Δ/H@15Δ  ∧  USDKRW Cuo 30Δ/H@15Δ]  3M,worst_of,monthly,2025-08-31,-88564.92684170417,-1180136.101350282,-1627165.906654784,,
WO[USDJPY Cuo 30Δ/H@15Δ  ∧  USDKRW Cuo 30Δ/H@15Δ]  3M,worst_of,monthly,2025-09-30,290164.47204449284,-889971.6293057894,-1337001.4346102914,,
WO[USDJPY Cuo 30Δ/H@15Δ  ∧  USDKRW Cuo 30Δ/H@15Δ]  3M,worst_of,monthly,2025-10-31,701393.6753745929,-188577.95393119648,-635607.7592356985,,
WO[USDJPY Cuo 30Δ/H@15Δ  ∧  USDKRW Cuo 30Δ/H@15Δ]  3M,worst_of,monthly,2025-11-30,-80056.60440226986,-268634.55833346635,-715664.3636379684,,
WO[USDJPY Cuo 30Δ/H@15Δ  ∧  USDKRW Cuo 30Δ/H@15Δ]  3M,worst_of,monthly,2025-12-31,-84769.2634703958,-353403.82180386205,-800433.6271083641,,
WO[USDJPY Cuo 30Δ/H@15Δ  ∧  USDKRW Cuo 30Δ/H@15Δ]  3M,worst_of,monthly,2026-01-31,-64914.10579449331,-418317.9275983554,-865347.7329028575,,
WO[USDJPY Cuo 30Δ/H@15Δ  ∧  USDKRW Cuo 30Δ/H@15Δ]  3M,worst_of,monthly,2026-02-28,-86587.1883521827,-504905.11595053825,-951934.9212550402,,
WO[USDJPY Cuo 30Δ/H@15Δ  ∧  USDKRW Cuo 30Δ/H@15Δ]  3M,worst_of,monthly,2026-03-31,-57747.195515632295,-562652.3114661704,-1009682.1167706724,,
WO[USDJPY Cuo 30Δ/H@15Δ  ∧  USDKRW Cuo 30Δ/H@15Δ]  3M,worst_of,monthly,2026-04-30,-88525.42175731865,-651177.733223489,-1098207.5385279912,,
WO[USDJPY Cuo 30Δ/H@15Δ  ∧  USDKRW Cuo 30Δ/H@15Δ]  3M,worst_of,monthly,2026-05-31,-24373.9248845865,-675551.6581080755,-1122581.4634125775,,
WO[USDJPY Cuo 30Δ/H@15Δ  ∧  USDKRW Cuo 30Δ/H@15Δ]  3M,worst_of,annual,2023-12-31,200366.81879001483,200366.818790015,-246662.986514487,,
WO[USDJPY Cuo 30Δ/H@15Δ  ∧  USDKRW Cuo 30Δ/H@15Δ]  3M,worst_of,annual,2024-12-31,-724335.8203565857,-523969.0015665706,-970998.8068710726,,
WO[USDJPY Cuo 30Δ/H@15Δ  ∧  USDKRW Cuo 30Δ/H@15Δ]  3M,worst_of,annual,2025-12-31,170565.17976270866,-353403.82180386205,-800433.6271083641,,
WO[USDJPY Cuo 30Δ/H@15Δ  ∧  USDKRW Cuo 30Δ/H@15Δ]  3M,worst_of,annual,2026-12-31,-322147.83630421344,-675551.6581080755,-1122581.4634125775,,
WO[USDJPY Cuo 30Δ/H@10Δ  ∧  USDKRW Cuo 30Δ/H@10Δ]  2M,worst_of,monthly,2023-03-31,310554.05482593016,310554.05482593016,-102435.40351270826,,
WO[USDJPY Cuo 30Δ/H@10Δ  ∧  USDKRW Cuo 30Δ/H@10Δ]  2M,worst_of,monthly,2023-04-30,-115190.20085858995,195363.8539673402,-217625.60437129822,,
WO[USDJPY Cuo 30Δ/H@10Δ  ∧  USDKRW Cuo 30Δ/H@10Δ]  2M,worst_of,monthly,2023-05-31,-129293.46546302731,66070.38850431288,-346919.0698343255,,
WO[USDJPY Cuo 30Δ/H@10Δ  ∧  USDKRW Cuo 30Δ/H@10Δ]  2M,worst_of,monthly,2023-06-30,-143259.65528394774,-77189.26677963484,-490178.7251182733,,
WO[USDJPY Cuo 30Δ/H@10Δ  ∧  USDKRW Cuo 30Δ/H@10Δ]  2M,worst_of,monthly,2023-07-31,-112806.57131203832,-189995.83809167313,-602985.2964303115,,
WO[USDJPY Cuo 30Δ/H@10Δ  ∧  USDKRW Cuo 30Δ/H@10Δ]  2M,worst_of,monthly,2023-08-31,653263.744285521,463267.9061938478,-17488.78692778555,,
WO[USDJPY Cuo 30Δ/H@10Δ  ∧  USDKRW Cuo 30Δ/H@10Δ]  2M,worst_of,monthly,2023-09-30,76257.65601540945,539525.5622092573,-102531.34338757466,,
WO[USDJPY Cuo 30Δ/H@10Δ  ∧  USDKRW Cuo 30Δ/H@10Δ]  2M,worst_of,monthly,2023-10-31,265860.7577168088,805386.3199260661,0.0,,
WO[USDJPY Cuo 30Δ/H@10Δ  ∧  USDKRW Cuo 30Δ/H@10Δ]  2M,worst_of,monthly,2023-11-30,-107046.41949814104,698339.9004279252,-107046.41949814092,,
WO[USDJPY Cuo 30Δ/H@10Δ  ∧  USDKRW Cuo 30Δ/H@10Δ]  2M,worst_of,monthly,2023-12-31,-114157.31894464302,584182.581483282,-221203.73844278406,,
WO[USDJPY Cuo 30Δ/H@10Δ  ∧  USDKRW Cuo 30Δ/H@10Δ]  2M,worst_of,monthly,2024-01-31,-129489.7067331297,454692.8747501523,-350693.4451759138,,
WO[USDJPY Cuo 30Δ/H@10Δ  ∧  USDKRW Cuo 30Δ/H@10Δ]  2M,worst_of,monthly,2024-02-29,-134755.50027253357,319937.3744776186,-485448.9454484475,,
WO[USDJPY Cuo 30Δ/H@10Δ  ∧  USDKRW Cuo 30Δ/H@10Δ]  2M,worst_of,monthly,2024-03-31,-125621.34005129832,194316.03442632034,-611070.2854997457,,
WO[USDJPY Cuo 30Δ/H@10Δ  ∧  USDKRW Cuo 30Δ/H@10Δ]  2M,worst_of,monthly,2024-04-30,109347.60805797087,303663.6424842912,-501722.67744177487,,
WO[USDJPY Cuo 30Δ/H@10Δ  ∧  USDKRW Cuo 30Δ/H@10Δ]  2M,worst_of,monthly,2024-05-31,-123861.34056466377,179802.30191962747,-625584.0180064386,,
WO[USDJPY Cuo 30Δ/H@10Δ  ∧  USDKRW Cuo 30Δ/H@10Δ]  2M,worst_of,monthly,2024-06-30,-103933.04716393608,75869.25475569139,-729517.0651703747,,
WO[USDJPY Cuo 30Δ/H@10Δ  ∧  USDKRW Cuo 30Δ/H@10Δ]  2M,worst_of,monthly,2024-07-31,-102538.70793536786,-26669.453179676464,-832055.7731057425,,
WO[USDJPY Cuo 30Δ/H@10Δ  ∧  USDKRW Cuo 30Δ/H@10Δ]  2M,worst_of,monthly,2024-08-31,-120557.55763359428,-147227.01081327075,-952613.3307393368,,
WO[USDJPY Cuo 30Δ/H@10Δ  ∧  USDKRW Cuo 30Δ/H@10Δ]  2M,worst_of,monthly,2024-09-30,-113121.03945126738,-260348.05026453815,-1065734.3701906041,,
WO[USDJPY Cuo 30Δ/H@10Δ  ∧  USDKRW Cuo 30Δ/H@10Δ]  2M,worst_of,monthly,2024-10-31,657848.8460953895,397500.79583085125,-407885.52409521485,,
WO[USDJPY Cuo 30Δ/H@10Δ  ∧  USDKRW Cuo 30Δ/H@10Δ]  2M,worst_of,monthly,2024-11-30,-109623.082473672,287877.7133571793,-517508.6065688868,,
WO[USDJPY Cuo 30Δ/H@10Δ  ∧  USDKRW Cuo 30Δ/H@10Δ]  2M,worst_of,monthly,2024-12-31,131733.87429318926,419611.5876503685,-385774.7322756976,,
WO[USDJPY Cuo 30Δ/H@10Δ  ∧  USDKRW Cuo 30Δ/H@10Δ]  2M,worst_of,monthly,2025-01-31,-140221.6211609274,279389.9664894412,-525996.3534366249,,
WO[USDJPY Cuo 30Δ/H@10Δ  ∧  USDKRW Cuo 30Δ/H@10Δ]  2M,worst_of,monthly,2025-02-28,-46189.34261608654,233200.62387335475,-572185.6960527113,,
WO[USDJPY Cuo 30Δ/H@10Δ  ∧  USDKRW Cuo 30Δ/H@10Δ]  2M,worst_of,monthly,2025-03-31,-94566.92539850736,138633.69847484745,-666752.6214512186,,
WO[USDJPY Cuo 30Δ/H@10Δ  ∧  USDKRW Cuo 30Δ/H@10Δ]  2M,worst_of,monthly,2025-04-30,-109284.88760844222,29348.81086640522,-776037.5090596608,,
WO[USDJPY Cuo 30Δ/H@10Δ  ∧  USDKRW Cuo 30Δ/H@10Δ]  2M,worst_of,monthly,2025-05-31,-130611.4296169213,-101262.61875051606,-906648.9386765822,,
WO[USDJPY Cuo 30Δ/H@10Δ  ∧  USDKRW Cuo 30Δ/H@10Δ]  2M,worst_of,monthly,2025-06-30,-134063.38735700492,-235326.00610752095,-1040712.3260335871,,
WO[USDJPY Cuo 30Δ/H@10Δ  ∧  USDKRW Cuo 30Δ/H@10Δ]  2M,worst_of,monthly,2025-07-31,-167665.3936658476,-402991.3997733686,-1208377.7196994347,,
WO[USDJPY Cuo 30Δ/H@10Δ  ∧  USDKRW Cuo 30Δ/H@10Δ]  2M,worst_of,monthly,2025-08-31,677.805114486182,-402313.5946588825,-1207699.9145849487,,
WO[USDJPY Cuo 30Δ/H@10Δ  ∧  USDKRW Cuo 30Δ/H@10Δ]  2M,worst_of,monthly,2025-09-30,22480.816461149123,-379832.77819773334,-1185219.0981237995,,
WO[USDJPY Cuo 30Δ/H@10Δ  ∧  USDKRW Cuo 30Δ/H@10Δ]  2M,worst_of,monthly,2025-10-31,967995.6367988104,588162.8586010771,-217223.46132498898,,
WO[USDJPY Cuo 30Δ/H@10Δ  ∧  USDKRW Cuo 30Δ/H@10Δ]  2M,worst_of,monthly,2025-11-30,182510.13850279574,770672.9971038727,-93603.36556613853,,
WO[USDJPY Cuo 30Δ/H@10Δ  ∧  USDKRW Cuo 30Δ/H@10Δ]  2M,worst_of,monthly,2025-12-31,667976.5225462338,1438649.5196501068,-28443.36922335392,,
WO[USDJPY Cuo 30Δ/H@10Δ  ∧  USDKRW Cuo 30Δ/H@10Δ]  2M,worst_of,monthly,2026-01-31,-138035.37675410206,1300614.1428960045,-166478.74597745622,,
WO[USDJPY Cuo 30Δ/H@10Δ  ∧  USDKRW Cuo 30Δ/H@10Δ]  2M,worst_of,monthly,2026-02-28,-125256.40162194456,1175357.7412740595,-291735.1475994012,,
WO[USDJPY Cuo 30Δ/H@10Δ  ∧  USDKRW Cuo 30Δ/H@10Δ]  2M,worst_of,monthly,2026-03-31,-53615.71550760667,1121742.025766453,-345350.8631070077,,
WO[USDJPY Cuo 30Δ/H@10Δ  ∧  USDKRW Cuo 30Δ/H@10Δ]  2M,worst_of,monthly,2026-04-30,-118617.49279454327,1003124.5329719097,-463968.35590155097,,
WO[USDJPY Cuo 30Δ/H@10Δ  ∧  USDKRW Cuo 30Δ/H@10Δ]  2M,worst_of,monthly,2026-05-31,-38790.227084891805,964334.3058870179,-502758.58298644284,,
WO[USDJPY Cuo 30Δ/H@10Δ  ∧  USDKRW Cuo 30Δ/H@10Δ]  2M,worst_of,annual,2023-12-31,584182.581483282,584182.581483282,-221203.73844278406,,
WO[USDJPY Cuo 30Δ/H@10Δ  ∧  USDKRW Cuo 30Δ/H@10Δ]  2M,worst_of,annual,2024-12-31,-164570.99383291337,419611.5876503685,-385774.7322756976,,
WO[USDJPY Cuo 30Δ/H@10Δ  ∧  USDKRW Cuo 30Δ/H@10Δ]  2M,worst_of,annual,2025-12-31,1019037.9319997381,1438649.5196501068,-28443.36922335392,,
WO[USDJPY Cuo 30Δ/H@10Δ  ∧  USDKRW Cuo 30Δ/H@10Δ]  2M,worst_of,annual,2026-12-31,-474315.2137630884,964334.3058870179,-502758.58298644284,,
WO[USDJPY Cuo 30Δ/H@10Δ  ∧  USDKRW Cuo 30Δ/H@10Δ]  1M,worst_of,monthly,2023-02-28,441993.4399321512,441993.4399321511,-36792.852880595194,,
WO[USDJPY Cuo 30Δ/H@10Δ  ∧  USDKRW Cuo 30Δ/H@10Δ]  1M,worst_of,monthly,2023-03-31,-101155.59994769019,340837.8399844609,-137948.4528282854,,
WO[USDJPY Cuo 30Δ/H@10Δ  ∧  USDKRW Cuo 30Δ/H@10Δ]  1M,worst_of,monthly,2023-04-30,79888.47031577659,420726.3103002375,-58059.98251250881,,
WO[USDJPY Cuo 30Δ/H@10Δ  ∧  USDKRW Cuo 30Δ/H@10Δ]  1M,worst_of,monthly,2023-05-31,232145.28916130285,652871.5994615403,-47202.23715014581,,
WO[USDJPY Cuo 30Δ/H@10Δ  ∧  USDKRW Cuo 30Δ/H@10Δ]  1M,worst_of,monthly,2023-06-30,-99770.77722572368,553100.8222358166,-146973.01437586953,,
WO[USDJPY Cuo 30Δ/H@10Δ  ∧  USDKRW Cuo 30Δ/H@10Δ]  1M,worst_of,monthly,2023-07-31,-92687.03005868303,460413.79217713355,-239660.0444345526,,
WO[USDJPY Cuo 30Δ/H@10Δ  ∧  USDKRW Cuo 30Δ/H@10Δ]  1M,worst_of,monthly,2023-08-31,-87188.0372941591,373225.75488297443,-326848.0817287117,,
WO[USDJPY Cuo 30Δ/H@10Δ  ∧  USDKRW Cuo 30Δ/H@10Δ]  1M,worst_of,monthly,2023-09-30,250917.97864456216,624143.7335275365,-75930.10308414965,,
WO[USDJPY Cuo 30Δ/H@10Δ  ∧  USDKRW Cuo 30Δ/H@10Δ]  1M,worst_of,monthly,2023-10-31,262263.9486523641,886407.6821799005,-24104.62787958281,,
WO[USDJPY Cuo 30Δ/H@10Δ  ∧  USDKRW Cuo 30Δ/H@10Δ]  1M,worst_of,monthly,2023-11-30,-98916.9957095599,787490.6864703406,-123021.62358914269,,
WO[USDJPY Cuo 30Δ/H@10Δ  ∧  USDKRW Cuo 30Δ/H@10Δ]  1M,worst_of,monthly,2023-12-31,-102926.58521264572,684564.1012576948,-225948.2088017885,,
WO[USDJPY Cuo 30Δ/H@10Δ  ∧  USDKRW Cuo 30Δ/H@10Δ]  1M,worst_of,monthly,2024-01-31,39101.94301961346,723666.0442773082,-186846.26578217512,,
WO[USDJPY Cuo 30Δ/H@10Δ  ∧  USDKRW Cuo 30Δ/H@10Δ]  1M,worst_of,monthly,2024-02-29,-113787.68163829228,609878.3626390159,-300633.9474204674,,
WO[USDJPY Cuo 30Δ/H@10Δ  ∧  USDKRW Cuo 30Δ/H@10Δ]  1M,worst_of,monthly,2024-03-31,-86249.68195046415,523628.6806885517,-386883.6293709316,,
WO[USDJPY Cuo 30Δ/H@10Δ  ∧  USDKRW Cuo 30Δ/H@10Δ]  1M,worst_of,monthly,2024-04-30,35594.30367294749,559222.9843614991,-351289.3256979842,,
WO[USDJPY Cuo 30Δ/H@10Δ  ∧  USDKRW Cuo 30Δ/H@10Δ]  1M,worst_of,monthly,2024-05-31,-96372.86848328376,462850.11587821523,-447662.19418126805,,
WO[USDJPY Cuo 30Δ/H@10Δ  ∧  USDKRW Cuo 30Δ/H@10Δ]  1M,worst_of,monthly,2024-06-30,460070.96450648946,922921.0803847048,0.0,,
WO[USDJPY Cuo 30Δ/H@10Δ  ∧  USDKRW Cuo 30Δ/H@10Δ]  1M,worst_of,monthly,2024-07-31,-94805.0285617548,828116.0518229499,-94805.02856175485,,
WO[USDJPY Cuo 30Δ/H@10Δ  ∧  USDKRW Cuo 30Δ/H@10Δ]  1M,worst_of,monthly,2024-08-31,-98442.93267282285,729673.1191501272,-193247.96123457758,,
WO[USDJPY Cuo 30Δ/H@10Δ  ∧  USDKRW Cuo 30Δ/H@10Δ]  1M,worst_of,monthly,2024-09-30,-98786.19467768636,630886.9244724406,-292034.15591226413,,
WO[USDJPY Cuo 30Δ/H@10Δ  ∧  USDKRW Cuo 30Δ/H@10Δ]  1M,worst_of,monthly,2024-10-31,-105453.80841795506,525433.1160544857,-397487.9643302191,,
WO[USDJPY Cuo 30Δ/H@10Δ  ∧  USDKRW Cuo 30Δ/H@10Δ]  1M,worst_of,monthly,2024-11-30,-104247.76132138891,421185.3547330967,-501735.725651608,,
WO[USDJPY Cuo 30Δ/H@10Δ  ∧  USDKRW Cuo 30Δ/H@10Δ]  1M,worst_of,monthly,2024-12-31,-108453.49386489535,312731.8608682013,-610189.2195165034,,
WO[USDJPY Cuo 30Δ/H@10Δ  ∧  USDKRW Cuo 30Δ/H@10Δ]  1M,worst_of,monthly,2025-01-31,-91541.40083024089,221190.4600379604,-701730.6203467443,,
WO[USDJPY Cuo 30Δ/H@10Δ  ∧  USDKRW Cuo 30Δ/H@10Δ]  1M,worst_of,monthly,2025-02-28,-84887.1331701583,136303.3268678021,-786617.7535169027,,
WO[USDJPY Cuo 30Δ/H@10Δ  ∧  USDKRW Cuo 30Δ/H@10Δ]  1M,worst_of,monthly,2025-03-31,-83839.65174078585,52463.67512701623,-870457.4052576885,,
WO[USDJPY Cuo 30Δ/H@10Δ  ∧  USDKRW Cuo 30Δ/H@10Δ]  1M,worst_of,monthly,2025-04-30,-104402.84756502982,-51939.1724380136,-974860.2528227184,,
WO[USDJPY Cuo 30Δ/H@10Δ  ∧  USDKRW Cuo 30Δ/H@10Δ]  1M,worst_of,monthly,2025-05-31,-115938.07260891456,-167877.24504692815,-1090798.3254316328,,
WO[USDJPY Cuo 30Δ/H@10Δ  ∧  USDKRW Cuo 30Δ/H@10Δ]  1M,worst_of,monthly,2025-06-30,-124673.40579281971,-292550.65083974786,-1215471.7312244526,,
WO[USDJPY Cuo 30Δ/H@10Δ  ∧  USDKRW Cuo 30Δ/H@10Δ]  1M,worst_of,monthly,2025-07-31,170442.00302967732,-122108.64781007057,-1045029.7281947753,,
WO[USDJPY Cuo 30Δ/H@10Δ  ∧  USDKRW Cuo 30Δ/H@10Δ]  1M,worst_of,monthly,2025-08-31,-100330.07155613115,-222438.71936620172,-1145359.7997509064,,
WO[USDJPY Cuo 30Δ/H@10Δ  ∧  USDKRW Cuo 30Δ/H@10Δ]  1M,worst_of,monthly,2025-09-30,-58815.816835167345,-281254.536201369,-1204175.6165860738,,
WO[USDJPY Cuo 30Δ/H@10Δ  ∧  USDKRW Cuo 30Δ/H@10Δ]  1M,worst_of,monthly,2025-10-31,41750.4394165337,-239504.09678483513,-1162425.17716954,,
WO[USDJPY Cuo 30Δ/H@10Δ  ∧  USDKRW Cuo 30Δ/H@10Δ]  1M,worst_of,monthly,2025-11-30,-70337.21534318513,-309841.31212802033,-1232762.3925127252,,
WO[USDJPY Cuo 30Δ/H@10Δ  ∧  USDKRW Cuo 30Δ/H@10Δ]  1M,worst_of,monthly,2025-12-31,-108271.94886340869,-418113.26099142904,-1341034.3413761337,,
WO[USDJPY Cuo 30Δ/H@10Δ  ∧  USDKRW Cuo 30Δ/H@10Δ]  1M,worst_of,monthly,2026-01-31,-94548.4626786703,-512661.7236700994,-1435582.8040548041,,
WO[USDJPY Cuo 30Δ/H@10Δ  ∧  USDKRW Cuo 30Δ/H@10Δ]  1M,worst_of,monthly,2026-02-28,-111060.74378293112,-623722.4674530306,-1546643.5478377354,,
WO[USDJPY Cuo 30Δ/H@10Δ  ∧  USDKRW Cuo 30Δ/H@10Δ]  1M,worst_of,monthly,2026-03-31,-84772.27991541132,-708494.7473684418,-1631415.8277531466,,
WO[USDJPY Cuo 30Δ/H@10Δ  ∧  USDKRW Cuo 30Δ/H@10Δ]  1M,worst_of,monthly,2026-04-30,-114002.26603305331,-822497.0134014952,-1745418.0937862,,
WO[USDJPY Cuo 30Δ/H@10Δ  ∧  USDKRW Cuo 30Δ/H@10Δ]  1M,worst_of,monthly,2026-05-31,-24420.037174078596,-846917.0505755738,-1769838.1309602787,,
WO[USDJPY Cuo 30Δ/H@10Δ  ∧  USDKRW Cuo 30Δ/H@10Δ]  1M,worst_of,annual,2023-12-31,684564.1012576952,684564.1012576948,-225948.2088017885,,
WO[USDJPY Cuo 30Δ/H@10Δ  ∧  USDKRW Cuo 30Δ/H@10Δ]  1M,worst_of,annual,2024-12-31,-371832.2403894932,312731.8608682013,-610189.2195165034,,
WO[USDJPY Cuo 30Δ/H@10Δ  ∧  USDKRW Cuo 30Δ/H@10Δ]  1M,worst_of,annual,2025-12-31,-730845.1218596305,-418113.26099142904,-1341034.3413761337,,
WO[USDJPY Cuo 30Δ/H@10Δ  ∧  USDKRW Cuo 30Δ/H@10Δ]  1M,worst_of,annual,2026-12-31,-428803.78958414466,-846917.0505755738,-1769838.1309602787,,
WO[USDJPY Cuo 30Δ/H@10Δ  ∧  USDKRW Cuo 30Δ/H@10Δ]  6W,worst_of,monthly,2023-02-28,123527.31330068833,123527.31330068833,-17962.661806080825,,
WO[USDJPY Cuo 30Δ/H@10Δ  ∧  USDKRW Cuo 30Δ/H@10Δ]  6W,worst_of,monthly,2023-03-31,-118809.64717637686,4717.666124311469,-136772.30898245767,,
WO[USDJPY Cuo 30Δ/H@10Δ  ∧  USDKRW Cuo 30Δ/H@10Δ]  6W,worst_of,monthly,2023-04-30,-42319.22692732823,-37601.560803016764,-179091.53590978592,,
WO[USDJPY Cuo 30Δ/H@10Δ  ∧  USDKRW Cuo 30Δ/H@10Δ]  6W,worst_of,monthly,2023-05-31,-21081.43796069033,-58682.998763707095,-200172.97387047624,,
WO[USDJPY Cuo 30Δ/H@10Δ  ∧  USDKRW Cuo 30Δ/H@10Δ]  6W,worst_of,monthly,2023-06-30,-110285.79387320518,-168968.79263691232,-310458.76774368144,,
WO[USDJPY Cuo 30Δ/H@10Δ  ∧  USDKRW Cuo 30Δ/H@10Δ]  6W,worst_of,monthly,2023-07-31,-101071.48716021366,-270040.2797971259,-411530.2549038951,,
WO[USDJPY Cuo 30Δ/H@10Δ  ∧  USDKRW Cuo 30Δ/H@10Δ]  6W,worst_of,monthly,2023-08-31,101653.70279219959,-168386.57700492622,-309876.5521116954,,
WO[USDJPY Cuo 30Δ/H@10Δ  ∧  USDKRW Cuo 30Δ/H@10Δ]  6W,worst_of,monthly,2023-09-30,63239.542363205735,-105147.03464172046,-246637.0097484896,,
WO[USDJPY Cuo 30Δ/H@10Δ  ∧  USDKRW Cuo 30Δ/H@10Δ]  6W,worst_of,monthly,2023-10-31,456786.22104463977,351639.1864029193,0.0,,
WO[USDJPY Cuo 30Δ/H@10Δ  ∧  USDKRW Cuo 30Δ/H@10Δ]  6W,worst_of,monthly,2023-11-30,-19224.334294600376,332414.8521083189,-86009.42755842546,,
WO[USDJPY Cuo 30Δ/H@10Δ  ∧  USDKRW Cuo 30Δ/H@10Δ]  6W,worst_of,monthly,2023-12-31,-113902.96831070157,218511.8837976173,-199912.39586912704,,
WO[USDJPY Cuo 30Δ/H@10Δ  ∧  USDKRW Cuo 30Δ/H@10Δ]  6W,worst_of,monthly,2024-01-31,130398.72710732614,348910.6109049435,-69513.66876180086,,
WO[USDJPY Cuo 30Δ/H@10Δ  ∧  USDKRW Cuo 30Δ/H@10Δ]  6W,worst_of,monthly,2024-02-29,-103212.63554597033,245697.97535897323,-172726.30430777112,,
WO[USDJPY Cuo 30Δ/H@10Δ  ∧  USDKRW Cuo 30Δ/H@10Δ]  6W,worst_of,monthly,2024-03-31,-103705.70716820689,141992.26819076636,-276432.01147597795,,
WO[USDJPY Cuo 30Δ/H@10Δ  ∧  USDKRW Cuo 30Δ/H@10Δ]  6W,worst_of,monthly,2024-04-30,97048.38666520751,239040.65485597384,-179383.6248107705,,
WO[USDJPY Cuo 30Δ/H@10Δ  ∧  USDKRW Cuo 30Δ/H@10Δ]  6W,worst_of,monthly,2024-05-31,-108573.21679428303,130467.43806169083,-287956.8416050535,,
WO[USDJPY Cuo 30Δ/H@10Δ  ∧  USDKRW Cuo 30Δ/H@10Δ]  6W,worst_of,monthly,2024-06-30,-16589.06272634594,113878.3753353449,-304545.9043313995,,
WO[USDJPY Cuo 30Δ/H@10Δ  ∧  USDKRW Cuo 30Δ/H@10Δ]  6W,worst_of,monthly,2024-07-31,-29728.91673460662,84149.45860073826,-334274.8210660061,,
WO[USDJPY Cuo 30Δ/H@10Δ  ∧  USDKRW Cuo 30Δ/H@10Δ]  6W,worst_of,monthly,2024-08-31,-101930.2799765744,-17780.821375836153,-436205.1010425805,,
WO[USDJPY Cuo 30Δ/H@10Δ  ∧  USDKRW Cuo 30Δ/H@10Δ]  6W,worst_of,monthly,2024-09-30,-99207.61321615892,-116988.43459199509,-535412.7142587395,,
WO[USDJPY Cuo 30Δ/H@10Δ  ∧  USDKRW Cuo 30Δ/H@10Δ]  6W,worst_of,monthly,2024-10-31,182612.49391782246,65624.05932582739,-352800.22034091695,,
WO[USDJPY Cuo 30Δ/H@10Δ  ∧  USDKRW Cuo 30Δ/H@10Δ]  6W,worst_of,monthly,2024-11-30,-106963.34643610327,-41339.28711027589,-459763.5667770202,,
WO[USDJPY Cuo 30Δ/H@10Δ  ∧  USDKRW Cuo 30Δ/H@10Δ]  6W,worst_of,monthly,2024-12-31,-105854.76839840866,-147194.05550868454,-565618.3351754289,,
WO[USDJPY Cuo 30Δ/H@10Δ  ∧  USDKRW Cuo 30Δ/H@10Δ]  6W,worst_of,monthly,2025-01-31,-113004.31925121121,-260198.37475989573,-678622.6544266401,,
WO[USDJPY Cuo 30Δ/H@10Δ  ∧  USDKRW Cuo 30Δ/H@10Δ]  6W,worst_of,monthly,2025-02-28,-83535.81926953947,-343734.1940294352,-762158.4736961796,,
WO[USDJPY Cuo 30Δ/H@10Δ  ∧  USDKRW Cuo 30Δ/H@10Δ]  6W,worst_of,monthly,2025-03-31,-89550.23580001688,-433284.4298294522,-851708.7094961966,,
WO[USDJPY Cuo 30Δ/H@10Δ  ∧  USDKRW Cuo 30Δ/H@10Δ]  6W,worst_of,monthly,2025-04-30,-108834.42304697589,-542118.852876428,-960543.1325431725,,
WO[USDJPY Cuo 30Δ/H@10Δ  ∧  USDKRW Cuo 30Δ/H@10Δ]  6W,worst_of,monthly,2025-05-31,-118091.6695994032,-660210.522475831,-1078634.8021425754,,
WO[USDJPY Cuo 30Δ/H@10Δ  ∧  USDKRW Cuo 30Δ/H@10Δ]  6W,worst_of,monthly,2025-06-30,-123109.09189415231,-783319.6143699834,-1201743.8940367277,,
WO[USDJPY Cuo 30Δ/H@10Δ  ∧  USDKRW Cuo 30Δ/H@10Δ]  6W,worst_of,monthly,2025-07-31,7425.358752696886,-775894.2556172864,-1194318.5352840307,,
WO[USDJPY Cuo 30Δ/H@10Δ  ∧  USDKRW Cuo 30Δ/H@10Δ]  6W,worst_of,monthly,2025-08-31,-118365.01649463558,-894259.2721119218,-1312683.5517786662,,
WO[USDJPY Cuo 30Δ/H@10Δ  ∧  USDKRW Cuo 30Δ/H@10Δ]  6W,worst_of,monthly,2025-09-30,-116817.68630144822,-1011076.9584133701,-1429501.2380801144,,
WO[USDJPY Cuo 30Δ/H@10Δ  ∧  USDKRW Cuo 30Δ/H@10Δ]  6W,worst_of,monthly,2025-10-31,32778.69895809925,-978298.2594552712,-1396722.5391220155,,
WO[USDJPY Cuo 30Δ/H@10Δ  ∧  USDKRW Cuo 30Δ/H@10Δ]  6W,worst_of,monthly,2025-11-30,26303.83641119374,-951994.4230440774,-1370418.7027108218,,
WO[USDJPY Cuo 30Δ/H@10Δ  ∧  USDKRW Cuo 30Δ/H@10Δ]  6W,worst_of,monthly,2025-12-31,128417.4896825044,-823576.9333615728,-1242001.213028317,,
WO[USDJPY Cuo 30Δ/H@10Δ  ∧  USDKRW Cuo 30Δ/H@10Δ]  6W,worst_of,monthly,2026-01-31,-120092.43255418917,-943669.3659157619,-1362093.6455825062,,
WO[USDJPY Cuo 30Δ/H@10Δ  ∧  USDKRW Cuo 30Δ/H@10Δ]  6W,worst_of,monthly,2026-02-28,-96527.32490834173,-1040196.6908241037,-1458620.970490848,,
WO[USDJPY Cuo 30Δ/H@10Δ  ∧  USDKRW Cuo 30Δ/H@10Δ]  6W,worst_of,monthly,2026-03-31,19034.35915831601,-1021162.3316657875,-1439586.6113325318,,
WO[USDJPY Cuo 30Δ/H@10Δ  ∧  USDKRW Cuo 30Δ/H@10Δ]  6W,worst_of,monthly,2026-04-30,-113730.12418816346,-1134892.4558539507,-1553316.735520695,,
WO[USDJPY Cuo 30Δ/H@10Δ  ∧  USDKRW Cuo 30Δ/H@10Δ]  6W,worst_of,monthly,2026-05-31,-29690.6173435289,-1164583.0731974794,-1583007.3528642238,,
WO[USDJPY Cuo 30Δ/H@10Δ  ∧  USDKRW Cuo 30Δ/H@10Δ]  6W,worst_of,annual,2023-12-31,218511.88379761725,218511.8837976173,-199912.39586912704,,
WO[USDJPY Cuo 30Δ/H@10Δ  ∧  USDKRW Cuo 30Δ/H@10Δ]  6W,worst_of,annual,2024-12-31,-365705.93930630194,-147194.05550868454,-565618.3351754289,,
WO[USDJPY Cuo 30Δ/H@10Δ  ∧  USDKRW Cuo 30Δ/H@10Δ]  6W,worst_of,annual,2025-12-31,-676382.8778528885,-823576.9333615728,-1242001.213028317,,
WO[USDJPY Cuo 30Δ/H@10Δ  ∧  USDKRW Cuo 30Δ/H@10Δ]  6W,worst_of,annual,2026-12-31,-341006.13983590726,-1164583.0731974794,-1583007.3528642238,,
WO[USDJPY Cuo 30Δ/H@10Δ  ∧  USDKRW Cuo 30Δ/H@10Δ]  10W,worst_of,monthly,2023-03-31,-94327.89849950318,-94327.89849950316,-88272.63538247453,,
WO[USDJPY Cuo 30Δ/H@10Δ  ∧  USDKRW Cuo 30Δ/H@10Δ]  10W,worst_of,monthly,2023-04-30,-58470.788957352685,-152798.6874568558,-146743.42433982718,,
WO[USDJPY Cuo 30Δ/H@10Δ  ∧  USDKRW Cuo 30Δ/H@10Δ]  10W,worst_of,monthly,2023-05-31,-98250.74444246941,-251049.43189932522,-244994.1687822966,,
WO[USDJPY Cuo 30Δ/H@10Δ  ∧  USDKRW Cuo 30Δ/H@10Δ]  10W,worst_of,monthly,2023-06-30,-144199.56012053567,-395248.9920198609,-389193.72890283226,,
WO[USDJPY Cuo 30Δ/H@10Δ  ∧  USDKRW Cuo 30Δ/H@10Δ]  10W,worst_of,monthly,2023-07-31,-118800.85536512079,-514049.84738498164,-507994.584267953,,
WO[USDJPY Cuo 30Δ/H@10Δ  ∧  USDKRW Cuo 30Δ/H@10Δ]  10W,worst_of,monthly,2023-08-31,51201.80219398358,-462848.04519099835,-456792.7820739697,,
WO[USDJPY Cuo 30Δ/H@10Δ  ∧  USDKRW Cuo 30Δ/H@10Δ]  10W,worst_of,monthly,2023-09-30,8962.190215976078,-453885.85497502226,-447830.5918579936,,
WO[USDJPY Cuo 30Δ/H@10Δ  ∧  USDKRW Cuo 30Δ/H@10Δ]  10W,worst_of,monthly,2023-10-31,66605.55772493986,-387280.29725008225,-381225.0341330536,,
WO[USDJPY Cuo 30Δ/H@10Δ  ∧  USDKRW Cuo 30Δ/H@10Δ]  10W,worst_of,monthly,2023-11-30,-138986.65979505336,-526266.9570451356,-520211.6939281069,,
WO[USDJPY Cuo 30Δ/H@10Δ  ∧  USDKRW Cuo 30Δ/H@10Δ]  10W,worst_of,monthly,2023-12-31,-99251.53639729682,-625518.4934424324,-619463.2303254037,,
WO[USDJPY Cuo 30Δ/H@10Δ  ∧  USDKRW Cuo 30Δ/H@10Δ]  10W,worst_of,monthly,2024-01-31,-145647.8061973443,-771166.2996397763,-765111.0365227477,,
WO[USDJPY Cuo 30Δ/H@10Δ  ∧  USDKRW Cuo 30Δ/H@10Δ]  10W,worst_of,monthly,2024-02-29,-107033.17024068552,-878199.4698804619,-872144.2067634333,,
WO[USDJPY Cuo 30Δ/H@10Δ  ∧  USDKRW Cuo 30Δ/H@10Δ]  10W,worst_of,monthly,2024-03-31,-117706.3569915767,-995905.8268720384,-989850.5637550098,,
WO[USDJPY Cuo 30Δ/H@10Δ  ∧  USDKRW Cuo 30Δ/H@10Δ]  10W,worst_of,monthly,2024-04-30,316768.00343788665,-679137.8234341516,-673082.560317123,,
WO[USDJPY Cuo 30Δ/H@10Δ  ∧  USDKRW Cuo 30Δ/H@10Δ]  10W,worst_of,monthly,2024-05-31,-124052.74593031923,-803190.5693644711,-797135.3062474425,,
WO[USDJPY Cuo 30Δ/H@10Δ  ∧  USDKRW Cuo 30Δ/H@10Δ]  10W,worst_of,monthly,2024-06-30,-106499.92918868766,-909690.498553159,-903635.2354361303,,
WO[USDJPY Cuo 30Δ/H@10Δ  ∧  USDKRW Cuo 30Δ/H@10Δ]  10W,worst_of,monthly,2024-07-31,-116993.06991640572,-1026683.5684695649,-1020628.3053525363,,
WO[USDJPY Cuo 30Δ/H@10Δ  ∧  USDKRW Cuo 30Δ/H@10Δ]  10W,worst_of,monthly,2024-08-31,-121580.1548636755,-1148263.7233332403,-1142208.4602162116,,
WO[USDJPY Cuo 30Δ/H@10Δ  ∧  USDKRW Cuo 30Δ/H@10Δ]  10W,worst_of,monthly,2024-09-30,-112473.95393904288,-1260737.677272283,-1254682.4141552544,,
WO[USDJPY Cuo 30Δ/H@10Δ  ∧  USDKRW Cuo 30Δ/H@10Δ]  10W,worst_of,monthly,2024-10-31,315490.94414508756,-945246.7331271954,-939191.4700101668,,
WO[USDJPY Cuo 30Δ/H@10Δ  ∧  USDKRW Cuo 30Δ/H@10Δ]  10W,worst_of,monthly,2024-11-30,-119716.52830185706,-1064963.2614290526,-1058907.998312024,,
WO[USDJPY Cuo 30Δ/H@10Δ  ∧  USDKRW Cuo 30Δ/H@10Δ]  10W,worst_of,monthly,2024-12-31,-129260.6575456082,-1194223.9189746603,-1188168.6558576317,,
WO[USDJPY Cuo 30Δ/H@10Δ  ∧  USDKRW Cuo 30Δ/H@10Δ]  10W,worst_of,monthly,2025-01-31,-153210.12003843184,-1347434.039013092,-1341378.7758960633,,
WO[USDJPY Cuo 30Δ/H@10Δ  ∧  USDKRW Cuo 30Δ/H@10Δ]  10W,worst_of,monthly,2025-02-28,-57842.47503950129,-1405276.5140525938,-1399221.2509355652,,
WO[USDJPY Cuo 30Δ/H@10Δ  ∧  USDKRW Cuo 30Δ/H@10Δ]  10W,worst_of,monthly,2025-03-31,-102596.27795142663,-1507872.7920040202,-1501817.5288869916,,
WO[USDJPY Cuo 30Δ/H@10Δ  ∧  USDKRW Cuo 30Δ/H@10Δ]  10W,worst_of,monthly,2025-04-30,-109148.33133766246,-1617021.1233416826,-1610965.860224654,,
WO[USDJPY Cuo 30Δ/H@10Δ  ∧  USDKRW Cuo 30Δ/H@10Δ]  10W,worst_of,monthly,2025-05-31,-124946.85906765556,-1741967.9824093387,-1735912.71929231,,
WO[USDJPY Cuo 30Δ/H@10Δ  ∧  USDKRW Cuo 30Δ/H@10Δ]  10W,worst_of,monthly,2025-06-30,-130843.31968704787,-1872811.3020963871,-1866756.0389793585,,
WO[USDJPY Cuo 30Δ/H@10Δ  ∧  USDKRW Cuo 30Δ/H@10Δ]  10W,worst_of,monthly,2025-07-31,-162740.0957224664,-2035551.3978188536,-2029496.134701825,,
WO[USDJPY Cuo 30Δ/H@10Δ  ∧  USDKRW Cuo 30Δ/H@10Δ]  10W,worst_of,monthly,2025-08-31,1624.0358650735097,-2033927.3619537794,-2027872.0988367507,,
WO[USDJPY Cuo 30Δ/H@10Δ  ∧  USDKRW Cuo 30Δ/H@10Δ]  10W,worst_of,monthly,2025-09-30,43025.87377603075,-1990901.4881777482,-1984846.2250607195,,
WO[USDJPY Cuo 30Δ/H@10Δ  ∧  USDKRW Cuo 30Δ/H@10Δ]  10W,worst_of,monthly,2025-10-31,1138465.6168129973,-852435.8713647511,-846380.6082477225,,
WO[USDJPY Cuo 30Δ/H@10Δ  ∧  USDKRW Cuo 30Δ/H@10Δ]  10W,worst_of,monthly,2025-11-30,2505.657296752267,-849930.2140679988,-843874.9509509702,,
WO[USDJPY Cuo 30Δ/H@10Δ  ∧  USDKRW Cuo 30Δ/H@10Δ]  10W,worst_of,monthly,2025-12-31,381817.86390482145,-468112.35016317747,-462057.08704614884,,
WO[USDJPY Cuo 30Δ/H@10Δ  ∧  USDKRW Cuo 30Δ/H@10Δ]  10W,worst_of,monthly,2026-01-31,94496.91364530085,-373615.4365178767,-367560.17340084806,,
WO[USDJPY Cuo 30Δ/H@10Δ  ∧  USDKRW Cuo 30Δ/H@10Δ]  10W,worst_of,monthly,2026-02-28,-128969.12197703004,-502584.55849490676,-496529.2953778781,,
WO[USDJPY Cuo 30Δ/H@10Δ  ∧  USDKRW Cuo 30Δ/H@10Δ]  10W,worst_of,monthly,2026-03-31,22372.225977341106,-480212.3325175658,-474157.0694005372,,
WO[USDJPY Cuo 30Δ/H@10Δ  ∧  USDKRW Cuo 30Δ/H@10Δ]  10W,worst_of,monthly,2026-04-30,-132706.27384145602,-612918.6063590222,-606863.3432419936,,
WO[USDJPY Cuo 30Δ/H@10Δ  ∧  USDKRW Cuo 30Δ/H@10Δ]  10W,worst_of,monthly,2026-05-31,-41736.62779333562,-654655.2341523578,-648599.9710353292,,
WO[USDJPY Cuo 30Δ/H@10Δ  ∧  USDKRW Cuo 30Δ/H@10Δ]  10W,worst_of,annual,2023-12-31,-625518.4934424324,-625518.4934424324,-619463.2303254037,,
WO[USDJPY Cuo 30Δ/H@10Δ  ∧  USDKRW Cuo 30Δ/H@10Δ]  10W,worst_of,annual,2024-12-31,-568705.4255322285,-1194223.9189746603,-1188168.6558576317,,
WO[USDJPY Cuo 30Δ/H@10Δ  ∧  USDKRW Cuo 30Δ/H@10Δ]  10W,worst_of,annual,2025-12-31,726111.5688114832,-468112.35016317747,-462057.08704614884,,
WO[USDJPY Cuo 30Δ/H@10Δ  ∧  USDKRW Cuo 30Δ/H@10Δ]  10W,worst_of,annual,2026-12-31,-186542.88398917974,-654655.2341523578,-648599.9710353292,,
WO[USDJPY Cuo 30Δ/H@10Δ  ∧  USDKRW Cuo 30Δ/H@10Δ]  3M,worst_of,monthly,2023-03-31,-7320.23784552021,-7320.23784552021,0.0,,
WO[USDJPY Cuo 30Δ/H@10Δ  ∧  USDKRW Cuo 30Δ/H@10Δ]  3M,worst_of,monthly,2023-04-30,-134551.93537902492,-141872.17322454514,-134551.93537902494,,
WO[USDJPY Cuo 30Δ/H@10Δ  ∧  USDKRW Cuo 30Δ/H@10Δ]  3M,worst_of,monthly,2023-05-31,56846.55503973557,-85025.61818480957,-77705.38033928936,,
WO[USDJPY Cuo 30Δ/H@10Δ  ∧  USDKRW Cuo 30Δ/H@10Δ]  3M,worst_of,monthly,2023-06-30,-156505.3656287109,-241530.98381352052,-234210.74596800032,,
WO[USDJPY Cuo 30Δ/H@10Δ  ∧  USDKRW Cuo 30Δ/H@10Δ]  3M,worst_of,monthly,2023-07-31,-136258.98280862148,-377789.966622142,-370469.7287766218,,
WO[USDJPY Cuo 30Δ/H@10Δ  ∧  USDKRW Cuo 30Δ/H@10Δ]  3M,worst_of,monthly,2023-08-31,-132031.93188408273,-509821.8985062248,-502501.6606607046,,
WO[USDJPY Cuo 30Δ/H@10Δ  ∧  USDKRW Cuo 30Δ/H@10Δ]  3M,worst_of,monthly,2023-09-30,862681.6819833129,352859.78347708826,0.0,,
WO[USDJPY Cuo 30Δ/H@10Δ  ∧  USDKRW Cuo 30Δ/H@10Δ]  3M,worst_of,monthly,2023-10-31,486424.20326570247,839283.9867427909,-113371.99566209677,,
WO[USDJPY Cuo 30Δ/H@10Δ  ∧  USDKRW Cuo 30Δ/H@10Δ]  3M,worst_of,monthly,2023-11-30,-150299.5805504561,688984.4061923346,-263671.5762125531,,
WO[USDJPY Cuo 30Δ/H@10Δ  ∧  USDKRW Cuo 30Δ/H@10Δ]  3M,worst_of,monthly,2023-12-31,-127450.22139201846,561534.1848003162,-391121.79760457145,,
WO[USDJPY Cuo 30Δ/H@10Δ  ∧  USDKRW Cuo 30Δ/H@10Δ]  3M,worst_of,monthly,2024-01-31,-126974.10964881562,434560.07515150064,-518095.90725338703,,
WO[USDJPY Cuo 30Δ/H@10Δ  ∧  USDKRW Cuo 30Δ/H@10Δ]  3M,worst_of,monthly,2024-02-29,170614.58812479678,605174.6632762975,-347481.31912859017,,
WO[USDJPY Cuo 30Δ/H@10Δ  ∧  USDKRW Cuo 30Δ/H@10Δ]  3M,worst_of,monthly,2024-03-31,2887.9046628816714,608062.567939179,-344593.41446570866,,
WO[USDJPY Cuo 30Δ/H@10Δ  ∧  USDKRW Cuo 30Δ/H@10Δ]  3M,worst_of,monthly,2024-04-30,645968.6774394091,1254031.2453785883,-40086.822825038806,,
WO[USDJPY Cuo 30Δ/H@10Δ  ∧  USDKRW Cuo 30Δ/H@10Δ]  3M,worst_of,monthly,2024-05-31,-121885.73691805889,1132145.50846053,-161972.55974309705,,
WO[USDJPY Cuo 30Δ/H@10Δ  ∧  USDKRW Cuo 30Δ/H@10Δ]  3M,worst_of,monthly,2024-06-30,-119469.78831448057,1012675.7201460493,-281442.34805757785,,
WO[USDJPY Cuo 30Δ/H@10Δ  ∧  USDKRW Cuo 30Δ/H@10Δ]  3M,worst_of,monthly,2024-07-31,-126922.89335386264,885752.8267921865,-408365.24141144066,,
WO[USDJPY Cuo 30Δ/H@10Δ  ∧  USDKRW Cuo 30Δ/H@10Δ]  3M,worst_of,monthly,2024-08-31,-121188.9968129665,764563.8299792199,-529554.2382244072,,
WO[USDJPY Cuo 30Δ/H@10Δ  ∧  USDKRW Cuo 30Δ/H@10Δ]  3M,worst_of,monthly,2024-09-30,-123714.12431018281,640849.7056690372,-653268.36253459,,
WO[USDJPY Cuo 30Δ/H@10Δ  ∧  USDKRW Cuo 30Δ/H@10Δ]  3M,worst_of,monthly,2024-10-31,-133401.01553630942,507448.69013272796,-786669.3780708992,,
WO[USDJPY Cuo 30Δ/H@10Δ  ∧  USDKRW Cuo 30Δ/H@10Δ]  3M,worst_of,monthly,2024-11-30,202880.4509939385,710329.1411266663,-583788.9270769608,,
WO[USDJPY Cuo 30Δ/H@10Δ  ∧  USDKRW Cuo 30Δ/H@10Δ]  3M,worst_of,monthly,2024-12-31,-129001.15887926899,581327.9822473968,-712790.0859562303,,
WO[USDJPY Cuo 30Δ/H@10Δ  ∧  USDKRW Cuo 30Δ/H@10Δ]  3M,worst_of,monthly,2025-01-31,-149910.01123035094,431417.971017046,-862700.0971865811,,
WO[USDJPY Cuo 30Δ/H@10Δ  ∧  USDKRW Cuo 30Δ/H@10Δ]  3M,worst_of,monthly,2025-02-28,-149769.73114052947,281648.2398765166,-1012469.8283271105,,
WO[USDJPY Cuo 30Δ/H@10Δ  ∧  USDKRW Cuo 30Δ/H@10Δ]  3M,worst_of,monthly,2025-03-31,-114022.32421556811,167625.9156609485,-1126492.1525426786,,
WO[USDJPY Cuo 30Δ/H@10Δ  ∧  USDKRW Cuo 30Δ/H@10Δ]  3M,worst_of,monthly,2025-04-30,-106479.4148023369,61146.50085861156,-1232971.5673450155,,
WO[USDJPY Cuo 30Δ/H@10Δ  ∧  USDKRW Cuo 30Δ/H@10Δ]  3M,worst_of,monthly,2025-05-31,-129228.87975795516,-68082.37889934362,-1362200.4471029707,,
WO[USDJPY Cuo 30Δ/H@10Δ  ∧  USDKRW Cuo 30Δ/H@10Δ]  3M,worst_of,monthly,2025-06-30,-133922.28827364903,-202004.66717299266,-1496122.7353766197,,
WO[USDJPY Cuo 30Δ/H@10Δ  ∧  USDKRW Cuo 30Δ/H@10Δ]  3M,worst_of,monthly,2025-07-31,-155942.94757606296,-357947.61474905553,-1652065.6829526827,,
WO[USDJPY Cuo 30Δ/H@10Δ  ∧  USDKRW Cuo 30Δ/H@10Δ]  3M,worst_of,monthly,2025-08-31,-170933.2113733671,-528880.8261224226,-1822998.8943260498,,
WO[USDJPY Cuo 30Δ/H@10Δ  ∧  USDKRW Cuo 30Δ/H@10Δ]  3M,worst_of,monthly,2025-09-30,324144.13196119247,-204736.69416123026,-1498854.7623648574,,
WO[USDJPY Cuo 30Δ/H@10Δ  ∧  USDKRW Cuo 30Δ/H@10Δ]  3M,worst_of,monthly,2025-10-31,1486309.7882581237,1281573.094096893,-12544.974106734153,,
WO[USDJPY Cuo 30Δ/H@10Δ  ∧  USDKRW Cuo 30Δ/H@10Δ]  3M,worst_of,monthly,2025-11-30,1266533.9747014814,2548107.068798374,-89394.75480144145,,
WO[USDJPY Cuo 30Δ/H@10Δ  ∧  USDKRW Cuo 30Δ/H@10Δ]  3M,worst_of,monthly,2025-12-31,-147262.28237615788,2400844.786422216,-236657.0371775995,,
WO[USDJPY Cuo 30Δ/H@10Δ  ∧  USDKRW Cuo 30Δ/H@10Δ]  3M,worst_of,monthly,2026-01-31,356883.30901618843,2757728.095438404,-39121.02128493879,,
WO[USDJPY Cuo 30Δ/H@10Δ  ∧  USDKRW Cuo 30Δ/H@10Δ]  3M,worst_of,monthly,2026-02-28,-151438.57699775102,2606289.5184406536,-190559.59828268923,,
WO[USDJPY Cuo 30Δ/H@10Δ  ∧  USDKRW Cuo 30Δ/H@10Δ]  3M,worst_of,monthly,2026-03-31,-72772.0672210364,2533517.451219618,-263331.66550372494,,
WO[USDJPY Cuo 30Δ/H@10Δ  ∧  USDKRW Cuo 30Δ/H@10Δ]  3M,worst_of,monthly,2026-04-30,-159681.63249726142,2373835.8187223566,-423013.2980009862,,
WO[USDJPY Cuo 30Δ/H@10Δ  ∧  USDKRW Cuo 30Δ/H@10Δ]  3M,worst_of,monthly,2026-05-31,-43944.966993332484,2329890.8517290247,-466958.26499431813,,
WO[USDJPY Cuo 30Δ/H@10Δ  ∧  USDKRW Cuo 30Δ/H@10Δ]  3M,worst_of,annual,2023-12-31,561534.1848003161,561534.1848003162,-391121.79760457145,,
WO[USDJPY Cuo 30Δ/H@10Δ  ∧  USDKRW Cuo 30Δ/H@10Δ]  3M,worst_of,annual,2024-12-31,19793.79744708066,581327.9822473968,-712790.0859562303,,
WO[USDJPY Cuo 30Δ/H@10Δ  ∧  USDKRW Cuo 30Δ/H@10Δ]  3M,worst_of,annual,2025-12-31,1819516.80417482,2400844.786422216,-236657.0371775995,,
WO[USDJPY Cuo 30Δ/H@10Δ  ∧  USDKRW Cuo 30Δ/H@10Δ]  3M,worst_of,annual,2026-12-31,-70953.9346931929,2329890.8517290247,-466958.26499431813,,
WO[USDJPY Cuo 30Δ/H@5Δ  ∧  USDKRW Cuo 30Δ/H@5Δ]  2M,worst_of,monthly,2023-03-31,987992.7193786819,987992.7193786819,-71900.15031890129,,
WO[USDJPY Cuo 30Δ/H@5Δ  ∧  USDKRW Cuo 30Δ/H@5Δ]  2M,worst_of,monthly,2023-04-30,-164478.9123578359,823513.8070208459,-236379.0626767372,,
WO[USDJPY Cuo 30Δ/H@5Δ  ∧  USDKRW Cuo 30Δ/H@5Δ]  2M,worst_of,monthly,2023-05-31,-51668.18636255681,771845.6206582891,-288047.2490392941,,
WO[USDJPY Cuo 30Δ/H@5Δ  ∧  USDKRW Cuo 30Δ/H@5Δ]  2M,worst_of,monthly,2023-06-30,-214857.15637812615,556988.4642801628,-502904.4054174203,,
WO[USDJPY Cuo 30Δ/H@5Δ  ∧  USDKRW Cuo 30Δ/H@5Δ]  2M,worst_of,monthly,2023-07-31,-169277.93406439625,387710.53021576646,-672182.3394818166,,
WO[USDJPY Cuo 30Δ/H@5Δ  ∧  USDKRW Cuo 30Δ/H@5Δ]  2M,worst_of,monthly,2023-08-31,1343385.2017971969,1731095.7320129634,-27016.8335911287,,
WO[USDJPY Cuo 30Δ/H@5Δ  ∧  USDKRW Cuo 30Δ/H@5Δ]  2M,worst_of,monthly,2023-09-30,2025436.6110078483,3756532.3430208117,0.0,,
WO[USDJPY Cuo 30Δ/H@5Δ  ∧  USDKRW Cuo 30Δ/H@5Δ]  2M,worst_of,monthly,2023-10-31,1051514.5581919847,4808046.901212797,0.0,,
WO[USDJPY Cuo 30Δ/H@5Δ  ∧  USDKRW Cuo 30Δ/H@5Δ]  2M,worst_of,monthly,2023-11-30,-180277.61180461693,4627769.289408182,-180277.61180461477,,
WO[USDJPY Cuo 30Δ/H@5Δ  ∧  USDKRW Cuo 30Δ/H@5Δ]  2M,worst_of,monthly,2023-12-31,-182004.1115971122,4445765.1778110685,-362281.7234017281,,
WO[USDJPY Cuo 30Δ/H@5Δ  ∧  USDKRW Cuo 30Δ/H@5Δ]  2M,worst_of,monthly,2024-01-31,-211481.40615944247,4234283.771651627,-573763.12956117,,
WO[USDJPY Cuo 30Δ/H@5Δ  ∧  USDKRW Cuo 30Δ/H@5Δ]  2M,worst_of,monthly,2024-02-29,435265.59478139784,4669549.366433024,-138497.53477977216,,
WO[USDJPY Cuo 30Δ/H@5Δ  ∧  USDKRW Cuo 30Δ/H@5Δ]  2M,worst_of,monthly,2024-03-31,-193453.15220770522,4476096.214225317,-331950.6869874792,,
WO[USDJPY Cuo 30Δ/H@5Δ  ∧  USDKRW Cuo 30Δ/H@5Δ]  2M,worst_of,monthly,2024-04-30,831778.7952086587,5307875.009433977,-44225.718347327784,,
WO[USDJPY Cuo 30Δ/H@5Δ  ∧  USDKRW Cuo 30Δ/H@5Δ]  2M,worst_of,monthly,2024-05-31,-200999.87617435146,5106875.133259626,-245225.59452167898,,
WO[USDJPY Cuo 30Δ/H@5Δ  ∧  USDKRW Cuo 30Δ/H@5Δ]  2M,worst_of,monthly,2024-06-30,-163422.51949737754,4943452.613762248,-408648.1140190568,,
WO[USDJPY Cuo 30Δ/H@5Δ  ∧  USDKRW Cuo 30Δ/H@5Δ]  2M,worst_of,monthly,2024-07-31,-123905.35594937093,4819547.257812877,-532553.4699684279,,
WO[USDJPY Cuo 30Δ/H@5Δ  ∧  USDKRW Cuo 30Δ/H@5Δ]  2M,worst_of,monthly,2024-08-31,-189635.54268367199,4629911.715129204,-722189.012652101,,
WO[USDJPY Cuo 30Δ/H@5Δ  ∧  USDKRW Cuo 30Δ/H@5Δ]  2M,worst_of,monthly,2024-09-30,-167813.68684176324,4462098.028287441,-890002.6994938646,,
WO[USDJPY Cuo 30Δ/H@5Δ  ∧  USDKRW Cuo 30Δ/H@5Δ]  2M,worst_of,monthly,2024-10-31,1708323.9316986687,6170421.959986107,0.0,,
WO[USDJPY Cuo 30Δ/H@5Δ  ∧  USDKRW Cuo 30Δ/H@5Δ]  2M,worst_of,monthly,2024-11-30,269562.51238369284,6439984.472369801,-131818.12047376018,,
WO[USDJPY Cuo 30Δ/H@5Δ  ∧  USDKRW Cuo 30Δ/H@5Δ]  2M,worst_of,monthly,2024-12-31,1903582.1439854107,8343566.616355213,0.0,,
WO[USDJPY Cuo 30Δ/H@5Δ  ∧  USDKRW Cuo 30Δ/H@5Δ]  2M,worst_of,monthly,2025-01-31,408343.4844185444,8751910.100773757,0.0,,
WO[USDJPY Cuo 30Δ/H@5Δ  ∧  USDKRW Cuo 30Δ/H@5Δ]  2M,worst_of,monthly,2025-02-28,-57374.588465326124,8694535.512308426,-124399.6024968084,,
WO[USDJPY Cuo 30Δ/H@5Δ  ∧  USDKRW Cuo 30Δ/H@5Δ]  2M,worst_of,monthly,2025-03-31,-138827.84250626067,8555707.669802165,-263227.44500306994,,
WO[USDJPY Cuo 30Δ/H@5Δ  ∧  USDKRW Cuo 30Δ/H@5Δ]  2M,worst_of,monthly,2025-04-30,-173992.29387425075,8381715.375927917,-437219.73887731787,,
WO[USDJPY Cuo 30Δ/H@5Δ  ∧  USDKRW Cuo 30Δ/H@5Δ]  2M,worst_of,monthly,2025-05-31,-208429.53548772415,8173285.840440193,-645649.2743650414,,
WO[USDJPY Cuo 30Δ/H@5Δ  ∧  USDKRW Cuo 30Δ/H@5Δ]  2M,worst_of,monthly,2025-06-30,-217753.3324303839,7955532.508009811,-863402.6067954237,,
WO[USDJPY Cuo 30Δ/H@5Δ  ∧  USDKRW Cuo 30Δ/H@5Δ]  2M,worst_of,monthly,2025-07-31,-298434.5980992679,7657097.909910544,-1161837.2048946908,,
WO[USDJPY Cuo 30Δ/H@5Δ  ∧  USDKRW Cuo 30Δ/H@5Δ]  2M,worst_of,monthly,2025-08-31,-102332.88168256666,7554765.0282279765,-1264170.086577258,,
WO[USDJPY Cuo 30Δ/H@5Δ  ∧  USDKRW Cuo 30Δ/H@5Δ]  2M,worst_of,monthly,2025-09-30,-27205.69267212991,7527559.335555847,-1291375.7792493878,,
WO[USDJPY Cuo 30Δ/H@5Δ  ∧  USDKRW Cuo 30Δ/H@5Δ]  2M,worst_of,monthly,2025-10-31,1542791.5075943046,9070350.84315015,0.0,,
WO[USDJPY Cuo 30Δ/H@5Δ  ∧  USDKRW Cuo 30Δ/H@5Δ]  2M,worst_of,monthly,2025-11-30,1009659.0835817124,10080009.926731864,-8996.837015546858,,
WO[USDJPY Cuo 30Δ/H@5Δ  ∧  USDKRW Cuo 30Δ/H@5Δ]  2M,worst_of,monthly,2025-12-31,1141707.2996945535,11221717.226426419,-46770.97832243331,,
WO[USDJPY Cuo 30Δ/H@5Δ  ∧  USDKRW Cuo 30Δ/H@5Δ]  2M,worst_of,monthly,2026-01-31,-232605.45852085605,10989111.767905561,-279376.4368432909,,
WO[USDJPY Cuo 30Δ/H@5Δ  ∧  USDKRW Cuo 30Δ/H@5Δ]  2M,worst_of,monthly,2026-02-28,-216983.22967720247,10772128.538228361,-496359.66652049124,,
WO[USDJPY Cuo 30Δ/H@5Δ  ∧  USDKRW Cuo 30Δ/H@5Δ]  2M,worst_of,monthly,2026-03-31,596174.5543449771,11368303.09257334,-12562.409886388108,,
WO[USDJPY Cuo 30Δ/H@5Δ  ∧  USDKRW Cuo 30Δ/H@5Δ]  2M,worst_of,monthly,2026-04-30,-95422.30275430044,11272880.78981904,-165090.35695581697,,
WO[USDJPY Cuo 30Δ/H@5Δ  ∧  USDKRW Cuo 30Δ/H@5Δ]  2M,worst_of,monthly,2026-05-31,-63604.98042171614,11209275.809397323,-228695.33737753332,,
WO[USDJPY Cuo 30Δ/H@5Δ  ∧  USDKRW Cuo 30Δ/H@5Δ]  2M,worst_of,annual,2023-12-31,4445765.177811068,4445765.1778110685,-362281.7234017281,,
WO[USDJPY Cuo 30Δ/H@5Δ  ∧  USDKRW Cuo 30Δ/H@5Δ]  2M,worst_of,annual,2024-12-31,3897801.438544146,8343566.616355213,0.0,,
WO[USDJPY Cuo 30Δ/H@5Δ  ∧  USDKRW Cuo 30Δ/H@5Δ]  2M,worst_of,annual,2025-12-31,2878150.6100712046,11221717.226426419,-46770.97832243331,,
WO[USDJPY Cuo 30Δ/H@5Δ  ∧  USDKRW Cuo 30Δ/H@5Δ]  2M,worst_of,annual,2026-12-31,-12441.417029097956,11209275.809397323,-228695.33737753332,,
WO[USDJPY Cuo 30Δ/H@5Δ  ∧  USDKRW Cuo 30Δ/H@5Δ]  1M,worst_of,monthly,2023-02-28,603818.4533008795,603818.4533008793,-54724.483523688745,,
WO[USDJPY Cuo 30Δ/H@5Δ  ∧  USDKRW Cuo 30Δ/H@5Δ]  1M,worst_of,monthly,2023-03-31,-149974.9967025307,453843.4565983486,-204699.48022621946,,
WO[USDJPY Cuo 30Δ/H@5Δ  ∧  USDKRW Cuo 30Δ/H@5Δ]  1M,worst_of,monthly,2023-04-30,88900.93253126665,542744.3891296152,-115798.54769495293,,
WO[USDJPY Cuo 30Δ/H@5Δ  ∧  USDKRW Cuo 30Δ/H@5Δ]  1M,worst_of,monthly,2023-05-31,222627.9078270122,765372.2969566275,-73260.98610751296,,
WO[USDJPY Cuo 30Δ/H@5Δ  ∧  USDKRW Cuo 30Δ/H@5Δ]  1M,worst_of,monthly,2023-06-30,-151828.53058231965,613543.7663743079,-225089.51668983256,,
WO[USDJPY Cuo 30Δ/H@5Δ  ∧  USDKRW Cuo 30Δ/H@5Δ]  1M,worst_of,monthly,2023-07-31,-145695.1157685563,467848.65060575167,-370784.6324583888,,
WO[USDJPY Cuo 30Δ/H@5Δ  ∧  USDKRW Cuo 30Δ/H@5Δ]  1M,worst_of,monthly,2023-08-31,55830.85881465714,523679.5094204088,-314953.77364373166,,
WO[USDJPY Cuo 30Δ/H@5Δ  ∧  USDKRW Cuo 30Δ/H@5Δ]  1M,worst_of,monthly,2023-09-30,402660.1392515434,926339.6486719522,0.0,,
WO[USDJPY Cuo 30Δ/H@5Δ  ∧  USDKRW Cuo 30Δ/H@5Δ]  1M,worst_of,monthly,2023-10-31,289487.37977652194,1215827.0284484741,-37868.44946180866,,
WO[USDJPY Cuo 30Δ/H@5Δ  ∧  USDKRW Cuo 30Δ/H@5Δ]  1M,worst_of,monthly,2023-11-30,-156874.8669407295,1058952.1615077448,-194743.31640253798,,
WO[USDJPY Cuo 30Δ/H@5Δ  ∧  USDKRW Cuo 30Δ/H@5Δ]  1M,worst_of,monthly,2023-12-31,-165609.34063043166,893342.8208773129,-360352.6570329699,,
WO[USDJPY Cuo 30Δ/H@5Δ  ∧  USDKRW Cuo 30Δ/H@5Δ]  1M,worst_of,monthly,2024-01-31,1121261.6630891417,2014604.4839664544,-9301.609728969634,,
WO[USDJPY Cuo 30Δ/H@5Δ  ∧  USDKRW Cuo 30Δ/H@5Δ]  1M,worst_of,monthly,2024-02-29,14541.699192175649,2029146.1831586296,-136799.7602322474,,
WO[USDJPY Cuo 30Δ/H@5Δ  ∧  USDKRW Cuo 30Δ/H@5Δ]  1M,worst_of,monthly,2024-03-31,-140839.9529354052,1888306.2302232243,-277639.7131676527,,
WO[USDJPY Cuo 30Δ/H@5Δ  ∧  USDKRW Cuo 30Δ/H@5Δ]  1M,worst_of,monthly,2024-04-30,-20987.514844179095,1867318.7153790453,-298627.22801183164,,
WO[USDJPY Cuo 30Δ/H@5Δ  ∧  USDKRW Cuo 30Δ/H@5Δ]  1M,worst_of,monthly,2024-05-31,-149668.98763770625,1717649.7277413397,-448296.2156495373,,
WO[USDJPY Cuo 30Δ/H@5Δ  ∧  USDKRW Cuo 30Δ/H@5Δ]  1M,worst_of,monthly,2024-06-30,474619.5346817791,2192269.2624231186,0.0,,
WO[USDJPY Cuo 30Δ/H@5Δ  ∧  USDKRW Cuo 30Δ/H@5Δ]  1M,worst_of,monthly,2024-07-31,-124034.32878830133,2068234.9336348171,-124034.32878830144,,
WO[USDJPY Cuo 30Δ/H@5Δ  ∧  USDKRW Cuo 30Δ/H@5Δ]  1M,worst_of,monthly,2024-08-31,-145234.5606080603,1923000.3730267568,-269268.8893963618,,
WO[USDJPY Cuo 30Δ/H@5Δ  ∧  USDKRW Cuo 30Δ/H@5Δ]  1M,worst_of,monthly,2024-09-30,-159397.35297647578,1763603.0200502807,-428666.24237283785,,
WO[USDJPY Cuo 30Δ/H@5Δ  ∧  USDKRW Cuo 30Δ/H@5Δ]  1M,worst_of,monthly,2024-10-31,16124.856319697832,1779727.8763699788,-412541.3860531398,,
WO[USDJPY Cuo 30Δ/H@5Δ  ∧  USDKRW Cuo 30Δ/H@5Δ]  1M,worst_of,monthly,2024-11-30,1236199.4449504153,3015927.321320394,-84728.09055590536,,
WO[USDJPY Cuo 30Δ/H@5Δ  ∧  USDKRW Cuo 30Δ/H@5Δ]  1M,worst_of,monthly,2024-12-31,-170321.31942483684,2845606.0018955567,-255049.40998074273,,
WO[USDJPY Cuo 30Δ/H@5Δ  ∧  USDKRW Cuo 30Δ/H@5Δ]  1M,worst_of,monthly,2025-01-31,302844.613290424,3148450.61518598,-56519.955437114,,
WO[USDJPY Cuo 30Δ/H@5Δ  ∧  USDKRW Cuo 30Δ/H@5Δ]  1M,worst_of,monthly,2025-02-28,-124707.73997850032,3023742.87520748,-181227.69541561417,,
WO[USDJPY Cuo 30Δ/H@5Δ  ∧  USDKRW Cuo 30Δ/H@5Δ]  1M,worst_of,monthly,2025-03-31,-129194.75163655444,2894548.123570925,-310422.4470521691,,
WO[USDJPY Cuo 30Δ/H@5Δ  ∧  USDKRW Cuo 30Δ/H@5Δ]  1M,worst_of,monthly,2025-04-30,-163961.35716490538,2730586.76640602,-474383.80421707407,,
WO[USDJPY Cuo 30Δ/H@5Δ  ∧  USDKRW Cuo 30Δ/H@5Δ]  1M,worst_of,monthly,2025-05-31,-185907.14488820327,2544679.621517817,-660290.9491052772,,
WO[USDJPY Cuo 30Δ/H@5Δ  ∧  USDKRW Cuo 30Δ/H@5Δ]  1M,worst_of,monthly,2025-06-30,-218461.3070315385,2326218.3144862787,-878752.2561368155,,
WO[USDJPY Cuo 30Δ/H@5Δ  ∧  USDKRW Cuo 30Δ/H@5Δ]  1M,worst_of,monthly,2025-07-31,214002.4055914398,2540220.720077718,-664749.8505453761,,
WO[USDJPY Cuo 30Δ/H@5Δ  ∧  USDKRW Cuo 30Δ/H@5Δ]  1M,worst_of,monthly,2025-08-31,-156017.5463086354,2384203.173769083,-820767.3968540113,,
WO[USDJPY Cuo 30Δ/H@5Δ  ∧  USDKRW Cuo 30Δ/H@5Δ]  1M,worst_of,monthly,2025-09-30,-124829.22549568853,2259373.948273395,-945596.622349699,,
WO[USDJPY Cuo 30Δ/H@5Δ  ∧  USDKRW Cuo 30Δ/H@5Δ]  1M,worst_of,monthly,2025-10-31,1027360.136241537,3286734.084514933,0.0,,
WO[USDJPY Cuo 30Δ/H@5Δ  ∧  USDKRW Cuo 30Δ/H@5Δ]  1M,worst_of,monthly,2025-11-30,1011039.4975374535,4297773.582052387,0.0,,
WO[USDJPY Cuo 30Δ/H@5Δ  ∧  USDKRW Cuo 30Δ/H@5Δ]  1M,worst_of,monthly,2025-12-31,-121550.25539187036,4176223.326660517,-135578.06026381953,,
WO[USDJPY Cuo 30Δ/H@5Δ  ∧  USDKRW Cuo 30Δ/H@5Δ]  1M,worst_of,monthly,2026-01-31,-164354.0751071837,4011869.2515533348,-299932.1353710019,,
WO[USDJPY Cuo 30Δ/H@5Δ  ∧  USDKRW Cuo 30Δ/H@5Δ]  1M,worst_of,monthly,2026-02-28,-189096.83316027702,3822772.418393058,-489028.9685312789,,
WO[USDJPY Cuo 30Δ/H@5Δ  ∧  USDKRW Cuo 30Δ/H@5Δ]  1M,worst_of,monthly,2026-03-31,-15840.451254063819,3806931.967138993,-504869.4197853436,,
WO[USDJPY Cuo 30Δ/H@5Δ  ∧  USDKRW Cuo 30Δ/H@5Δ]  1M,worst_of,monthly,2026-04-30,-119696.48921295146,3687235.4779260415,-624565.9089982952,,
WO[USDJPY Cuo 30Δ/H@5Δ  ∧  USDKRW Cuo 30Δ/H@5Δ]  1M,worst_of,monthly,2026-05-31,-32008.507245619425,3655226.970680422,-656574.4162439145,,
WO[USDJPY Cuo 30Δ/H@5Δ  ∧  USDKRW Cuo 30Δ/H@5Δ]  1M,worst_of,annual,2023-12-31,893342.8208773129,893342.8208773129,-360352.6570329699,,
WO[USDJPY Cuo 30Δ/H@5Δ  ∧  USDKRW Cuo 30Δ/H@5Δ]  1M,worst_of,annual,2024-12-31,1952263.1810182447,2845606.0018955567,-255049.40998074273,,
WO[USDJPY Cuo 30Δ/H@5Δ  ∧  USDKRW Cuo 30Δ/H@5Δ]  1M,worst_of,annual,2025-12-31,1330617.3247649581,4176223.326660517,-135578.06026381953,,
WO[USDJPY Cuo 30Δ/H@5Δ  ∧  USDKRW Cuo 30Δ/H@5Δ]  1M,worst_of,annual,2026-12-31,-520996.3559800954,3655226.970680422,-656574.4162439145,,
WO[USDJPY Cuo 30Δ/H@5Δ  ∧  USDKRW Cuo 30Δ/H@5Δ]  6W,worst_of,monthly,2023-02-28,402543.76532762684,402543.7653276268,-18164.940055966086,,
WO[USDJPY Cuo 30Δ/H@5Δ  ∧  USDKRW Cuo 30Δ/H@5Δ]  6W,worst_of,monthly,2023-03-31,-174796.99339336855,227746.7719342582,-192961.93344933467,,
WO[USDJPY Cuo 30Δ/H@5Δ  ∧  USDKRW Cuo 30Δ/H@5Δ]  6W,worst_of,monthly,2023-04-30,-99149.99272219963,128596.77921205855,-292111.92617153435,,
WO[USDJPY Cuo 30Δ/H@5Δ  ∧  USDKRW Cuo 30Δ/H@5Δ]  6W,worst_of,monthly,2023-05-31,35408.66210672507,164005.44131878365,-256703.26406480922,,
WO[USDJPY Cuo 30Δ/H@5Δ  ∧  USDKRW Cuo 30Δ/H@5Δ]  6W,worst_of,monthly,2023-06-30,-168477.55475021212,-4472.1134314284855,-425180.81881502137,,
WO[USDJPY Cuo 30Δ/H@5Δ  ∧  USDKRW Cuo 30Δ/H@5Δ]  6W,worst_of,monthly,2023-07-31,-157848.21481073764,-162320.3282421661,-583029.033625759,,
WO[USDJPY Cuo 30Δ/H@5Δ  ∧  USDKRW Cuo 30Δ/H@5Δ]  6W,worst_of,monthly,2023-08-31,201572.6509944796,39252.32275231345,-381456.3826312794,,
WO[USDJPY Cuo 30Δ/H@5Δ  ∧  USDKRW Cuo 30Δ/H@5Δ]  6W,worst_of,monthly,2023-09-30,411952.8421577632,451205.16491007677,-57563.952851762064,,
WO[USDJPY Cuo 30Δ/H@5Δ  ∧  USDKRW Cuo 30Δ/H@5Δ]  6W,worst_of,monthly,2023-10-31,403024.5850957403,854229.750005817,0.0,,
WO[USDJPY Cuo 30Δ/H@5Δ  ∧  USDKRW Cuo 30Δ/H@5Δ]  6W,worst_of,monthly,2023-11-30,-74226.91216884281,780002.8378369743,-137873.7168547943,,
WO[USDJPY Cuo 30Δ/H@5Δ  ∧  USDKRW Cuo 30Δ/H@5Δ]  6W,worst_of,monthly,2023-12-31,-182702.59090047918,597300.2469364951,-320576.30775527353,,
WO[USDJPY Cuo 30Δ/H@5Δ  ∧  USDKRW Cuo 30Δ/H@5Δ]  6W,worst_of,monthly,2024-01-31,493147.90268425836,1090448.1496207537,0.0,,
WO[USDJPY Cuo 30Δ/H@5Δ  ∧  USDKRW Cuo 30Δ/H@5Δ]  6W,worst_of,monthly,2024-02-29,217041.23709913218,1307489.3867198857,-84033.54120689863,,
WO[USDJPY Cuo 30Δ/H@5Δ  ∧  USDKRW Cuo 30Δ/H@5Δ]  6W,worst_of,monthly,2024-03-31,-174210.42627994082,1133278.9604399446,-258243.96748683974,,
WO[USDJPY Cuo 30Δ/H@5Δ  ∧  USDKRW Cuo 30Δ/H@5Δ]  6W,worst_of,monthly,2024-04-30,31439.18884940927,1164718.1492893544,-226804.77863742993,,
WO[USDJPY Cuo 30Δ/H@5Δ  ∧  USDKRW Cuo 30Δ/H@5Δ]  6W,worst_of,monthly,2024-05-31,-172052.1675732234,992665.9817161307,-398856.94621065364,,
WO[USDJPY Cuo 30Δ/H@5Δ  ∧  USDKRW Cuo 30Δ/H@5Δ]  6W,worst_of,monthly,2024-06-30,138689.84129953728,1131355.8230156677,-260167.10491111665,,
WO[USDJPY Cuo 30Δ/H@5Δ  ∧  USDKRW Cuo 30Δ/H@5Δ]  6W,worst_of,monthly,2024-07-31,113352.42582814128,1244708.2488438094,-146814.67908297502,,
WO[USDJPY Cuo 30Δ/H@5Δ  ∧  USDKRW Cuo 30Δ/H@5Δ]  6W,worst_of,monthly,2024-08-31,-151857.48207946392,1092850.766764346,-298672.16116243834,,
WO[USDJPY Cuo 30Δ/H@5Δ  ∧  USDKRW Cuo 30Δ/H@5Δ]  6W,worst_of,monthly,2024-09-30,-154215.95477334617,938634.8119909998,-452888.11593578453,,
WO[USDJPY Cuo 30Δ/H@5Δ  ∧  USDKRW Cuo 30Δ/H@5Δ]  6W,worst_of,monthly,2024-10-31,437313.96889718785,1375948.7808881877,-38232.253821538994,,
WO[USDJPY Cuo 30Δ/H@5Δ  ∧  USDKRW Cuo 30Δ/H@5Δ]  6W,worst_of,monthly,2024-11-30,928020.7847464934,2303969.565634681,-31363.98726376798,,
WO[USDJPY Cuo 30Δ/H@5Δ  ∧  USDKRW Cuo 30Δ/H@5Δ]  6W,worst_of,monthly,2024-12-31,-8032.610190003754,2295936.9554446773,-43246.83530334197,,
WO[USDJPY Cuo 30Δ/H@5Δ  ∧  USDKRW Cuo 30Δ/H@5Δ]  6W,worst_of,monthly,2025-01-31,151701.1407487057,2447638.096193384,-68564.69202519068,,
WO[USDJPY Cuo 30Δ/H@5Δ  ∧  USDKRW Cuo 30Δ/H@5Δ]  6W,worst_of,monthly,2025-02-28,-118894.21754519113,2328743.8786481926,-187458.90957038198,,
WO[USDJPY Cuo 30Δ/H@5Δ  ∧  USDKRW Cuo 30Δ/H@5Δ]  6W,worst_of,monthly,2025-03-31,-139444.70187692076,2189299.1767712724,-326903.61144730216,,
WO[USDJPY Cuo 30Δ/H@5Δ  ∧  USDKRW Cuo 30Δ/H@5Δ]  6W,worst_of,monthly,2025-04-30,-174317.55522629668,2014981.6215449758,-501221.1666735988,,
WO[USDJPY Cuo 30Δ/H@5Δ  ∧  USDKRW Cuo 30Δ/H@5Δ]  6W,worst_of,monthly,2025-05-31,-186506.4083815225,1828475.2131634534,-687727.5750551212,,
WO[USDJPY Cuo 30Δ/H@5Δ  ∧  USDKRW Cuo 30Δ/H@5Δ]  6W,worst_of,monthly,2025-06-30,-212037.13725754642,1616438.0759059067,-899764.7123126679,,
WO[USDJPY Cuo 30Δ/H@5Δ  ∧  USDKRW Cuo 30Δ/H@5Δ]  6W,worst_of,monthly,2025-07-31,-107027.10783227716,1509410.9680736298,-1006791.8201449448,,
WO[USDJPY Cuo 30Δ/H@5Δ  ∧  USDKRW Cuo 30Δ/H@5Δ]  6W,worst_of,monthly,2025-08-31,29225.10535889929,1538636.073432529,-977566.7147860455,,
WO[USDJPY Cuo 30Δ/H@5Δ  ∧  USDKRW Cuo 30Δ/H@5Δ]  6W,worst_of,monthly,2025-09-30,-197941.4740637136,1340694.599368816,-1175508.1888497586,,
WO[USDJPY Cuo 30Δ/H@5Δ  ∧  USDKRW Cuo 30Δ/H@5Δ]  6W,worst_of,monthly,2025-10-31,1678777.2170221007,3019471.8163909162,0.0,,
WO[USDJPY Cuo 30Δ/H@5Δ  ∧  USDKRW Cuo 30Δ/H@5Δ]  6W,worst_of,monthly,2025-11-30,1504433.0762031553,4523904.892594071,0.0,,
WO[USDJPY Cuo 30Δ/H@5Δ  ∧  USDKRW Cuo 30Δ/H@5Δ]  6W,worst_of,monthly,2025-12-31,685545.1601605611,5209450.052754632,-63962.2248607222,,
WO[USDJPY Cuo 30Δ/H@5Δ  ∧  USDKRW Cuo 30Δ/H@5Δ]  6W,worst_of,monthly,2026-01-31,-203335.29546037197,5006114.757294262,-267297.52032109257,,
WO[USDJPY Cuo 30Δ/H@5Δ  ∧  USDKRW Cuo 30Δ/H@5Δ]  6W,worst_of,monthly,2026-02-28,-164889.15477062034,4841225.602523642,-432186.67509171274,,
WO[USDJPY Cuo 30Δ/H@5Δ  ∧  USDKRW Cuo 30Δ/H@5Δ]  6W,worst_of,monthly,2026-03-31,1015881.4181122619,5857107.020635908,-21534.07676061429,,
WO[USDJPY Cuo 30Δ/H@5Δ  ∧  USDKRW Cuo 30Δ/H@5Δ]  6W,worst_of,monthly,2026-04-30,-181150.73680389268,5675956.2838320155,-202684.81356450636,,
WO[USDJPY Cuo 30Δ/H@5Δ  ∧  USDKRW Cuo 30Δ/H@5Δ]  6W,worst_of,monthly,2026-05-31,-36196.217804860644,5639760.066027155,-238881.03136936668,,
WO[USDJPY Cuo 30Δ/H@5Δ  ∧  USDKRW Cuo 30Δ/H@5Δ]  6W,worst_of,annual,2023-12-31,597300.246936495,597300.2469364951,-320576.30775527353,,
WO[USDJPY Cuo 30Δ/H@5Δ  ∧  USDKRW Cuo 30Δ/H@5Δ]  6W,worst_of,annual,2024-12-31,1698636.7085081816,2295936.9554446773,-43246.83530334197,,
WO[USDJPY Cuo 30Δ/H@5Δ  ∧  USDKRW Cuo 30Δ/H@5Δ]  6W,worst_of,annual,2025-12-31,2913513.0973099535,5209450.052754632,-63962.2248607222,,
WO[USDJPY Cuo 30Δ/H@5Δ  ∧  USDKRW Cuo 30Δ/H@5Δ]  6W,worst_of,annual,2026-12-31,430310.01327251625,5639760.066027155,-238881.03136936668,,
WO[USDJPY Cuo 30Δ/H@5Δ  ∧  USDKRW Cuo 30Δ/H@5Δ]  10W,worst_of,monthly,2023-03-31,63072.17320459645,63072.17320459645,0.0,,
WO[USDJPY Cuo 30Δ/H@5Δ  ∧  USDKRW Cuo 30Δ/H@5Δ]  10W,worst_of,monthly,2023-04-30,-103957.91068579273,-40885.737481196265,-103957.91068579271,,
WO[USDJPY Cuo 30Δ/H@5Δ  ∧  USDKRW Cuo 30Δ/H@5Δ]  10W,worst_of,monthly,2023-05-31,-165229.06953645244,-206114.80701764868,-269186.98022224515,,
WO[USDJPY Cuo 30Δ/H@5Δ  ∧  USDKRW Cuo 30Δ/H@5Δ]  10W,worst_of,monthly,2023-06-30,-123474.07012880745,-329588.8771464561,-392661.05035105255,,
WO[USDJPY Cuo 30Δ/H@5Δ  ∧  USDKRW Cuo 30Δ/H@5Δ]  10W,worst_of,monthly,2023-07-31,-176115.24926944144,-505704.12641589734,-568776.2996204938,,
WO[USDJPY Cuo 30Δ/H@5Δ  ∧  USDKRW Cuo 30Δ/H@5Δ]  10W,worst_of,monthly,2023-08-31,1698970.8633249071,1193266.73690901,0.0,,
WO[USDJPY Cuo 30Δ/H@5Δ  ∧  USDKRW Cuo 30Δ/H@5Δ]  10W,worst_of,monthly,2023-09-30,343649.76213257667,1536916.4990415866,0.0,,
WO[USDJPY Cuo 30Δ/H@5Δ  ∧  USDKRW Cuo 30Δ/H@5Δ]  10W,worst_of,monthly,2023-10-31,1574012.6401872393,3110929.1392288255,-60898.14260993479,,
WO[USDJPY Cuo 30Δ/H@5Δ  ∧  USDKRW Cuo 30Δ/H@5Δ]  10W,worst_of,monthly,2023-11-30,-223951.2369232678,2886977.9023055583,-284849.3795332019,,
WO[USDJPY Cuo 30Δ/H@5Δ  ∧  USDKRW Cuo 30Δ/H@5Δ]  10W,worst_of,monthly,2023-12-31,-158112.522382906,2728865.3799226526,-442961.9019161076,,
WO[USDJPY Cuo 30Δ/H@5Δ  ∧  USDKRW Cuo 30Δ/H@5Δ]  10W,worst_of,monthly,2024-01-31,-232927.67359470172,2495937.706327952,-675889.5755108083,,
WO[USDJPY Cuo 30Δ/H@5Δ  ∧  USDKRW Cuo 30Δ/H@5Δ]  10W,worst_of,monthly,2024-02-29,136412.6754250842,2632350.381753037,-539476.900085723,,
WO[USDJPY Cuo 30Δ/H@5Δ  ∧  USDKRW Cuo 30Δ/H@5Δ]  10W,worst_of,monthly,2024-03-31,240012.30481437978,2872362.686567418,-299464.59527134243,,
WO[USDJPY Cuo 30Δ/H@5Δ  ∧  USDKRW Cuo 30Δ/H@5Δ]  10W,worst_of,monthly,2024-04-30,1447594.212293281,4319956.898860698,-30271.33880478423,,
WO[USDJPY Cuo 30Δ/H@5Δ  ∧  USDKRW Cuo 30Δ/H@5Δ]  10W,worst_of,monthly,2024-05-31,-201651.48462501948,4118305.414235679,-231922.8234298029,,
WO[USDJPY Cuo 30Δ/H@5Δ  ∧  USDKRW Cuo 30Δ/H@5Δ]  10W,worst_of,monthly,2024-06-30,-167883.4229234657,3950421.991312213,-399806.2463532691,,
WO[USDJPY Cuo 30Δ/H@5Δ  ∧  USDKRW Cuo 30Δ/H@5Δ]  10W,worst_of,monthly,2024-07-31,-162237.4595454987,3788184.531766714,-562043.7058987678,,
WO[USDJPY Cuo 30Δ/H@5Δ  ∧  USDKRW Cuo 30Δ/H@5Δ]  10W,worst_of,monthly,2024-08-31,-194123.39613643003,3594061.135630284,-756167.1020351979,,
WO[USDJPY Cuo 30Δ/H@5Δ  ∧  USDKRW Cuo 30Δ/H@5Δ]  10W,worst_of,monthly,2024-09-30,-167922.20015408163,3426138.9354762025,-924089.3021892793,,
WO[USDJPY Cuo 30Δ/H@5Δ  ∧  USDKRW Cuo 30Δ/H@5Δ]  10W,worst_of,monthly,2024-10-31,677273.6181412536,4103412.553617456,-246815.68404802587,,
WO[USDJPY Cuo 30Δ/H@5Δ  ∧  USDKRW Cuo 30Δ/H@5Δ]  10W,worst_of,monthly,2024-11-30,1792053.4184035102,5895465.972020965,-116482.98231052142,,
WO[USDJPY Cuo 30Δ/H@5Δ  ∧  USDKRW Cuo 30Δ/H@5Δ]  10W,worst_of,monthly,2024-12-31,814583.5248477474,6710049.496868714,-36210.26556446869,,
WO[USDJPY Cuo 30Δ/H@5Δ  ∧  USDKRW Cuo 30Δ/H@5Δ]  10W,worst_of,monthly,2025-01-31,1035856.4988456068,7745905.995714321,-129644.04564736784,,
WO[USDJPY Cuo 30Δ/H@5Δ  ∧  USDKRW Cuo 30Δ/H@5Δ]  10W,worst_of,monthly,2025-02-28,-111017.45736189565,7634888.538352425,-240661.50300926343,,
WO[USDJPY Cuo 30Δ/H@5Δ  ∧  USDKRW Cuo 30Δ/H@5Δ]  10W,worst_of,monthly,2025-03-31,-146658.15045612952,7488230.387896297,-387319.65346539207,,
WO[USDJPY Cuo 30Δ/H@5Δ  ∧  USDKRW Cuo 30Δ/H@5Δ]  10W,worst_of,monthly,2025-04-30,-172367.95123999365,7315862.436656303,-559687.6047053859,,
WO[USDJPY Cuo 30Δ/H@5Δ  ∧  USDKRW Cuo 30Δ/H@5Δ]  10W,worst_of,monthly,2025-05-31,-201161.03460984267,7114701.40204646,-760848.6393152289,,
WO[USDJPY Cuo 30Δ/H@5Δ  ∧  USDKRW Cuo 30Δ/H@5Δ]  10W,worst_of,monthly,2025-06-30,-207468.23538453167,6907233.166661926,-968316.874699763,,
WO[USDJPY Cuo 30Δ/H@5Δ  ∧  USDKRW Cuo 30Δ/H@5Δ]  10W,worst_of,monthly,2025-07-31,-283798.267365389,6623434.899296538,-1252115.1420651507,,
WO[USDJPY Cuo 30Δ/H@5Δ  ∧  USDKRW Cuo 30Δ/H@5Δ]  10W,worst_of,monthly,2025-08-31,-120263.47303716204,6503171.426259377,-1372378.6151023116,,
WO[USDJPY Cuo 30Δ/H@5Δ  ∧  USDKRW Cuo 30Δ/H@5Δ]  10W,worst_of,monthly,2025-09-30,-76001.12558188758,6427170.300677489,-1448379.7406842,,
WO[USDJPY Cuo 30Δ/H@5Δ  ∧  USDKRW Cuo 30Δ/H@5Δ]  10W,worst_of,monthly,2025-10-31,1215743.9685580013,7642914.269235491,-232635.77212619781,,
WO[USDJPY Cuo 30Δ/H@5Δ  ∧  USDKRW Cuo 30Δ/H@5Δ]  10W,worst_of,monthly,2025-11-30,1315622.3448404528,8958536.614075948,-137306.899077693,,
WO[USDJPY Cuo 30Δ/H@5Δ  ∧  USDKRW Cuo 30Δ/H@5Δ]  10W,worst_of,monthly,2025-12-31,802709.2462126522,9761245.8602886,-40720.884295310825,,
WO[USDJPY Cuo 30Δ/H@5Δ  ∧  USDKRW Cuo 30Δ/H@5Δ]  10W,worst_of,monthly,2026-01-31,30842.46903350338,9792088.329322103,-136295.48745242693,,
WO[USDJPY Cuo 30Δ/H@5Δ  ∧  USDKRW Cuo 30Δ/H@5Δ]  10W,worst_of,monthly,2026-02-28,-224119.30497464398,9567969.024347465,-360414.79242706485,,
WO[USDJPY Cuo 30Δ/H@5Δ  ∧  USDKRW Cuo 30Δ/H@5Δ]  10W,worst_of,monthly,2026-03-31,-70746.51057088487,9497222.51377658,-431161.30299795046,,
WO[USDJPY Cuo 30Δ/H@5Δ  ∧  USDKRW Cuo 30Δ/H@5Δ]  10W,worst_of,monthly,2026-04-30,64141.505309268054,9561364.01908585,-367019.79768867977,,
WO[USDJPY Cuo 30Δ/H@5Δ  ∧  USDKRW Cuo 30Δ/H@5Δ]  10W,worst_of,monthly,2026-05-31,-75718.88152571327,9485645.137560137,-442738.6792143937,,
WO[USDJPY Cuo 30Δ/H@5Δ  ∧  USDKRW Cuo 30Δ/H@5Δ]  10W,worst_of,annual,2023-12-31,2728865.3799226517,2728865.3799226526,-442961.9019161076,,
WO[USDJPY Cuo 30Δ/H@5Δ  ∧  USDKRW Cuo 30Δ/H@5Δ]  10W,worst_of,annual,2024-12-31,3981184.116946059,6710049.496868714,-36210.26556446869,,
WO[USDJPY Cuo 30Δ/H@5Δ  ∧  USDKRW Cuo 30Δ/H@5Δ]  10W,worst_of,annual,2025-12-31,3051196.3634198816,9761245.8602886,-40720.884295310825,,
WO[USDJPY Cuo 30Δ/H@5Δ  ∧  USDKRW Cuo 30Δ/H@5Δ]  10W,worst_of,annual,2026-12-31,-275600.7227284707,9485645.137560137,-442738.6792143937,,
WO[USDJPY Cuo 30Δ/H@5Δ  ∧  USDKRW Cuo 30Δ/H@5Δ]  3M,worst_of,monthly,2023-03-31,-10376.249503076926,-10376.249503076926,0.0,,
WO[USDJPY Cuo 30Δ/H@5Δ  ∧  USDKRW Cuo 30Δ/H@5Δ]  3M,worst_of,monthly,2023-04-30,865156.2174618463,854779.9679587695,-37180.690869565355,,
WO[USDJPY Cuo 30Δ/H@5Δ  ∧  USDKRW Cuo 30Δ/H@5Δ]  3M,worst_of,monthly,2023-05-31,111668.66088234307,966448.6288411125,-55204.02594543493,,
WO[USDJPY Cuo 30Δ/H@5Δ  ∧  USDKRW Cuo 30Δ/H@5Δ]  3M,worst_of,monthly,2023-06-30,-224173.73522294327,742274.8936181694,-279377.76116837806,,
WO[USDJPY Cuo 30Δ/H@5Δ  ∧  USDKRW Cuo 30Δ/H@5Δ]  3M,worst_of,monthly,2023-07-31,-192984.48326778453,549290.4103503848,-472362.24443616264,,
WO[USDJPY Cuo 30Δ/H@5Δ  ∧  USDKRW Cuo 30Δ/H@5Δ]  3M,worst_of,monthly,2023-08-31,-189202.9227403102,360087.4876100745,-661565.167176473,,
WO[USDJPY Cuo 30Δ/H@5Δ  ∧  USDKRW Cuo 30Δ/H@5Δ]  3M,worst_of,monthly,2023-09-30,2055365.475638845,2415452.9632489197,0.0,,
WO[USDJPY Cuo 30Δ/H@5Δ  ∧  USDKRW Cuo 30Δ/H@5Δ]  3M,worst_of,monthly,2023-10-31,2619192.0668331534,5034645.030082073,0.0,,
WO[USDJPY Cuo 30Δ/H@5Δ  ∧  USDKRW Cuo 30Δ/H@5Δ]  3M,worst_of,monthly,2023-11-30,262940.13418672193,5297585.164268796,-217727.4915361153,,
WO[USDJPY Cuo 30Δ/H@5Δ  ∧  USDKRW Cuo 30Δ/H@5Δ]  3M,worst_of,monthly,2023-12-31,-202170.67680574994,5095414.487463044,-419898.1683418676,,
WO[USDJPY Cuo 30Δ/H@5Δ  ∧  USDKRW Cuo 30Δ/H@5Δ]  3M,worst_of,monthly,2024-01-31,-197037.07505812703,4898377.412404918,-616935.2433999935,,
WO[USDJPY Cuo 30Δ/H@5Δ  ∧  USDKRW Cuo 30Δ/H@5Δ]  3M,worst_of,monthly,2024-02-29,80795.680613571,4979173.093018489,-536139.5627864227,,
WO[USDJPY Cuo 30Δ/H@5Δ  ∧  USDKRW Cuo 30Δ/H@5Δ]  3M,worst_of,monthly,2024-03-31,743932.806944793,5723105.899963281,0.0,,
WO[USDJPY Cuo 30Δ/H@5Δ  ∧  USDKRW Cuo 30Δ/H@5Δ]  3M,worst_of,monthly,2024-04-30,2061615.3948218452,7784721.294785126,-44384.28504772205,,
WO[USDJPY Cuo 30Δ/H@5Δ  ∧  USDKRW Cuo 30Δ/H@5Δ]  3M,worst_of,monthly,2024-05-31,-19008.537003769183,7765712.757781357,-108899.98002688214,,
WO[USDJPY Cuo 30Δ/H@5Δ  ∧  USDKRW Cuo 30Δ/H@5Δ]  3M,worst_of,monthly,2024-06-30,32713.85464285235,7798426.612424209,-76186.12538402993,,
WO[USDJPY Cuo 30Δ/H@5Δ  ∧  USDKRW Cuo 30Δ/H@5Δ]  3M,worst_of,monthly,2024-07-31,-195574.2097087794,7602852.4027154315,-271760.3350928072,,
WO[USDJPY Cuo 30Δ/H@5Δ  ∧  USDKRW Cuo 30Δ/H@5Δ]  3M,worst_of,monthly,2024-08-31,-195006.5747822661,7407845.827933166,-466766.90987507254,,
WO[USDJPY Cuo 30Δ/H@5Δ  ∧  USDKRW Cuo 30Δ/H@5Δ]  3M,worst_of,monthly,2024-09-30,-194611.27813955056,7213234.549793615,-661378.1880146237,,
WO[USDJPY Cuo 30Δ/H@5Δ  ∧  USDKRW Cuo 30Δ/H@5Δ]  3M,worst_of,monthly,2024-10-31,-199124.69733526243,7014109.852458353,-860502.8853498856,,
WO[USDJPY Cuo 30Δ/H@5Δ  ∧  USDKRW Cuo 30Δ/H@5Δ]  3M,worst_of,monthly,2024-11-30,2583007.2687329073,9597117.121191263,0.0,,
WO[USDJPY Cuo 30Δ/H@5Δ  ∧  USDKRW Cuo 30Δ/H@5Δ]  3M,worst_of,monthly,2024-12-31,-214751.18443735654,9382365.93675391,-214751.18443735316,,
WO[USDJPY Cuo 30Δ/H@5Δ  ∧  USDKRW Cuo 30Δ/H@5Δ]  3M,worst_of,monthly,2025-01-31,101477.26659933805,9483843.203353245,-113273.91783801839,,
WO[USDJPY Cuo 30Δ/H@5Δ  ∧  USDKRW Cuo 30Δ/H@5Δ]  3M,worst_of,monthly,2025-02-28,-245224.40014808503,9238618.803205159,-358498.31798610464,,
WO[USDJPY Cuo 30Δ/H@5Δ  ∧  USDKRW Cuo 30Δ/H@5Δ]  3M,worst_of,monthly,2025-03-31,-156449.15059565072,9082169.652609507,-514947.4685817566,,
WO[USDJPY Cuo 30Δ/H@5Δ  ∧  USDKRW Cuo 30Δ/H@5Δ]  3M,worst_of,monthly,2025-04-30,-154900.3132817827,8927269.33932772,-669847.7818635423,,
WO[USDJPY Cuo 30Δ/H@5Δ  ∧  USDKRW Cuo 30Δ/H@5Δ]  3M,worst_of,monthly,2025-05-31,-206854.78374556592,8720414.555582155,-876702.5656091087,,
WO[USDJPY Cuo 30Δ/H@5Δ  ∧  USDKRW Cuo 30Δ/H@5Δ]  3M,worst_of,monthly,2025-06-30,-212035.85993547091,8508378.69564668,-1088738.4255445823,,
WO[USDJPY Cuo 30Δ/H@5Δ  ∧  USDKRW Cuo 30Δ/H@5Δ]  3M,worst_of,monthly,2025-07-31,-249639.9459043477,8258738.749742331,-1338378.3714489322,,
WO[USDJPY Cuo 30Δ/H@5Δ  ∧  USDKRW Cuo 30Δ/H@5Δ]  3M,worst_of,monthly,2025-08-31,-304199.4135636762,7954539.336178655,-1642577.7850126084,,
WO[USDJPY Cuo 30Δ/H@5Δ  ∧  USDKRW Cuo 30Δ/H@5Δ]  3M,worst_of,monthly,2025-09-30,190334.71591606602,8144874.052094723,-1452243.06909654,,
WO[USDJPY Cuo 30Δ/H@5Δ  ∧  USDKRW Cuo 30Δ/H@5Δ]  3M,worst_of,monthly,2025-10-31,1354465.0666103964,9499339.118705122,-97778.0024861414,,
WO[USDJPY Cuo 30Δ/H@5Δ  ∧  USDKRW Cuo 30Δ/H@5Δ]  3M,worst_of,monthly,2025-11-30,4141404.5463330336,13640743.665038154,0.0,,
WO[USDJPY Cuo 30Δ/H@5Δ  ∧  USDKRW Cuo 30Δ/H@5Δ]  3M,worst_of,monthly,2025-12-31,2280401.339283477,15921145.00432163,0.0,,
WO[USDJPY Cuo 30Δ/H@5Δ  ∧  USDKRW Cuo 30Δ/H@5Δ]  3M,worst_of,monthly,2026-01-31,1019157.1979946808,16940302.202316314,-65162.789041019976,,
WO[USDJPY Cuo 30Δ/H@5Δ  ∧  USDKRW Cuo 30Δ/H@5Δ]  3M,worst_of,monthly,2026-02-28,-259155.30464992143,16681146.897666393,-324318.0936909411,,
WO[USDJPY Cuo 30Δ/H@5Δ  ∧  USDKRW Cuo 30Δ/H@5Δ]  3M,worst_of,monthly,2026-03-31,-25919.66289886502,16655227.23476753,-350237.75658980384,,
WO[USDJPY Cuo 30Δ/H@5Δ  ∧  USDKRW Cuo 30Δ/H@5Δ]  3M,worst_of,monthly,2026-04-30,-18847.702143461665,16636379.532624071,-369085.4587332625,,
WO[USDJPY Cuo 30Δ/H@5Δ  ∧  USDKRW Cuo 30Δ/H@5Δ]  3M,worst_of,monthly,2026-05-31,-78103.96066783581,16558275.571956238,-447189.4194010962,,
WO[USDJPY Cuo 30Δ/H@5Δ  ∧  USDKRW Cuo 30Δ/H@5Δ]  3M,worst_of,annual,2023-12-31,5095414.487463045,5095414.487463044,-419898.1683418676,,
WO[USDJPY Cuo 30Δ/H@5Δ  ∧  USDKRW Cuo 30Δ/H@5Δ]  3M,worst_of,annual,2024-12-31,4286951.449290858,9382365.93675391,-214751.18443735316,,
WO[USDJPY Cuo 30Δ/H@5Δ  ∧  USDKRW Cuo 30Δ/H@5Δ]  3M,worst_of,annual,2025-12-31,6538779.067567732,15921145.00432163,0.0,,
WO[USDJPY Cuo 30Δ/H@5Δ  ∧  USDKRW Cuo 30Δ/H@5Δ]  3M,worst_of,annual,2026-12-31,637130.567634597,16558275.571956238,-447189.4194010962,,
