strategy_name,strategy_type,n_trades,notional_usd,total_premium_paid_usd,total_tx_cost_usd,total_payout_usd,total_pnl_usd,max_drawdown_usd,win_rate_pct,premium_recovery_pct,sharpe_monthly,annual_sharpe_mean,annual_sharpe_min,annual_sharpe_std,annual_sharpe_cv,annual_sharpe_score,n_years,pct_positive_years,min_annual_pnl_usd,calmar,gain_to_pain,ulcer_index,feasibility_pct,ko_rate_pct,leg_a_ko_rate_pct,leg_b_ko_rate_pct,both_survive_rate_pct,structure_vs_min_leg_pct
USDJPY CALL-upout  ATM  1M  H@5Δ,single,2584,10000000.0,197229994.056163,5168000.0,246936913.84932044,49706919.79315745,-10274768.486612134,41.48606811145511,125.20251548504484,0.836041604325336,0.5604037547523427,-3.5957914174825567,1.5354228821828473,2.739851168308805,-0.9750191274305046,11,90.9090909090909,-8473530.18355582,0.48906554762511917,1.8690248305692176,41.09474042392448,100.0,5.76625386996904,,,,
USDJPY CALL-upout  ATM  6W  H@5Δ,single,2577,10000000.0,228885084.97408706,5154000.0,282223784.1773206,53338699.20323356,-16566246.112018017,40.82266201008925,123.30370247116464,0.6698378033801163,0.3404072731485143,-3.7170689297974273,1.6832103199833954,4.944695524319886,-1.342803046834881,11,72.72727272727273,-11419897.765019631,0.3259432614137754,1.6491294201855033,83.91654410829703,100.0,6.635622817229336,,,,
USDJPY CALL-upout  ATM  2M  H@5Δ,single,2564,10000000.0,272603590.26921237,5128000.0,349917799.7727993,77314209.50358695,-27048141.720074553,42.58970358814352,128.36140544856164,0.7968365761464136,0.4832889141986756,-3.94019208147884,1.960279240585814,4.056122917356969,-1.4769903263871385,11,63.63636363636363,-15116460.01984376,0.29130243181135984,1.7696643061539907,139.87575384219383,100.0,7.878315132605304,,,,
USDJPY CALL-upout  ATM  10W  H@5Δ,single,2557,10000000.0,291100904.67725134,5114000.0,393862307.8327781,102761403.15552667,-26901420.178862393,44.07508799374267,135.3009563022348,0.9259777386806691,0.5438082507129273,-4.488593584809086,2.070248192596088,3.806945168415545,-1.5264399418831607,11,63.63636363636363,-16543531.799031766,0.3897283652456313,1.94177047559948,124.56396050887498,100.0,7.430582714118107,,,,
USDJPY CALL-upout  ATM  3M  H@5Δ,single,2543,10000000.0,329063815.2084886,5086000.0,484500109.2372448,155436294.02875617,-26602733.12213752,44.63232402674007,147.23591195533749,1.075335196588134,0.7798467100501321,-3.607931177901699,1.787124407700044,2.2916355030659292,-1.007277697649912,11,63.63636363636363,-17619109.49730369,0.6001428657706628,2.205310223180001,97.80281906126721,100.0,7.4714903657097915,,,,
USDJPY CALL-upout  45Δ  1M  H@5Δ,single,2584,10000000.0,163324900.97785753,5168000.0,205292219.52628845,41967318.548430935,-9352508.09142763,38.66099071207431,125.69560324063542,0.7913986344226159,0.45286509863860086,-3.9289468704596087,1.6094572419831912,3.553944092449446,-1.1565921433445903,11,90.9090909090909,-7680212.982055918,0.4536337850386427,1.8131997085147313,37.98360718923557,100.0,5.76625386996904,,,,
USDJPY CALL-upout  45Δ  6W  H@5Δ,single,2577,10000000.0,189679855.89227217,5154000.0,234099900.25373226,44420044.361460075,-17243050.044428956,37.330228948389596,123.41843004493225,0.6259661364572588,0.2302269140861425,-4.075683275618433,1.754327777128154,7.619994317744053,-1.5241008630420114,11,63.63636363636363,-10189092.095697723,0.2607885952588174,1.6113350101093507,88.417465727661,100.0,6.635622817229336,,,,
USDJPY CALL-upout  45Δ  2M  H@5Δ,single,2564,10000000.0,226304457.0360471,5128000.0,291850408.4512124,65545951.415165365,-26269371.304058127,39.742589703588145,128.96361489014987,0.7575544883128215,0.3578910684622823,-4.215282544736408,2.002231171303355,5.594526792485094,-1.644340102841073,11,63.63636363636363,-13541101.04389366,0.25428363804070636,1.7335480654671913,136.62238980683026,100.0,7.878315132605304,,,,
USDJPY CALL-upout  45Δ  10W  H@5Δ,single,2557,10000000.0,241897344.13963395,5114000.0,330150140.7931075,88252796.65347353,-26345646.23522961,41.298396558466955,136.48357404144548,0.889279920691097,0.3951972556055719,-5.048012018666081,2.173591857649552,5.50001759075704,-1.77839460204398,11,63.63636363636363,-14824518.73144171,0.34176439719819796,1.9232097341098457,122.19997157969438,100.0,7.430582714118107,,,,
USDJPY CALL-upout  45Δ  3M  H@5Δ,single,2543,10000000.0,274106811.40517485,5086000.0,413629487.7932522,139522676.3880774,-25564460.619424246,42.469524184034604,150.90084251202356,1.065030069410338,0.6629068963620628,-4.10122985632693,1.8581382976097642,2.8030154880073788,-1.1952314012477014,11,63.63636363636363,-15518447.124295821,0.5605787576664719,2.226925058338497,95.88382729667326,100.0,7.4714903657097915,,,,
USDJPY CALL-upout  40Δ  1M  H@5Δ,single,2584,10000000.0,132200197.32913588,5168000.0,165958462.14800003,33758264.81886416,-8856587.437339319,34.82972136222911,125.53571439444751,0.7301448743462944,0.31643341020618804,-4.356727754980713,1.711976159729428,5.410225673116831,-1.39554274952324,11,72.72727272727273,-6843643.798786627,0.3853327874807112,1.7360170768204064,36.8711733361057,100.0,5.76625386996904,,,,
USDJPY CALL-upout  40Δ  6W  H@5Δ,single,2577,10000000.0,153382552.94765216,5154000.0,188341979.7627294,34959426.815077245,-17895249.846411347,33.91540551028328,122.79230990959482,0.5660083598248505,0.09565060262837384,-4.452121390720939,1.823766483710413,19.066962816702738,-1.7281158810820392,11,63.63636363636363,-8877101.36010306,0.19776536400498168,1.54841076841086,90.95357282642347,100.0,6.635622817229336,,,,
USDJPY CALL-upout  40Δ  2M  H@5Δ,single,2564,10000000.0,182823629.52779463,5128000.0,235368193.11196417,52544563.584169544,-25006350.62606391,35.9984399375975,128.74057566841006,0.7000498947164816,0.1958405331389307,-4.546745996924264,2.0598872468660323,10.518186474731118,-1.8640467137271015,11,63.63636363636363,-11687702.14871144,0.2141409359771025,1.6832880047288665,130.64748724770368,100.0,7.878315132605304,,,,
USDJPY CALL-upout  40Δ  10W  H@5Δ,single,2557,10000000.0,195359466.32053685,5114000.0,266934936.37116906,71575470.05063221,-25847706.21677229,37.23113023073915,136.63783045618808,0.8259775116128638,0.18360985787661432,-5.843945408646853,2.3408439950843394,12.749010440699674,-2.157234137207725,11,63.63636363636363,-13043286.182810467,0.2825201303066215,1.8737197720037606,121.35019829902696,100.0,7.430582714118107,,,,
USDJPY CALL-upout  40Δ  3M  H@5Δ,single,2543,10000000.0,221256933.5071392,5086000.0,341850204.44489294,120593270.9377537,-25463335.236930087,38.89107353519465,154.50372516071346,1.0433597278608224,0.49666834096852813,-4.991952713983567,2.04474115678533,4.11691462515606,-1.548072815816802,11,72.72727272727273,-13602860.583549935,0.48644781784592755,2.247154782251389,97.60582897819889,100.0,7.4714903657097915,,,,
USDJPY CALL-upout  35Δ  1M  H@5Δ,single,2584,10000000.0,104295062.84363332,5168000.0,129585213.59303331,25290150.7494,-9236101.202453438,30.224458204334365,124.24865574635761,0.6422511044271435,0.13520392172257764,-4.948511955621189,1.8553084698780495,13.722297742848923,-1.720104548155472,11,54.54545454545454,-5985783.160369973,0.2768120541811534,1.6250965353468352,41.05689472154042,100.0,5.76625386996904,,,,
USDJPY CALL-upout  35Δ  6W  H@5Δ,single,2577,10000000.0,120835334.52311209,5154000.0,146735038.20029217,25899703.677180104,-17610883.016847868,29.996119518820336,121.43388254718349,0.4955850270733058,-0.056204220573499004,-4.777785551377733,1.8861994077651272,-33.559746732872476,-1.9424036283386261,11,54.54545454545454,-7520262.320243235,0.14888034235418912,1.4773452821746376,89.42931713894917,100.0,6.635622817229336,,,,
USDJPY CALL-upout  35Δ  2M  H@5Δ,single,2564,10000000.0,143828361.4600003,5128000.0,182805253.84831327,38976892.38831298,-23414944.571515445,31.630265210608428,127.09958730855232,0.614666444767166,-0.033246538369491124,-5.062021413588177,2.1685332332651224,-65.22583521823401,-2.2017797716346137,11,63.63636363636363,-9675828.650625806,0.1696431389062775,1.6012672459199477,124.2247595928611,100.0,7.878315132605304,,,,
USDJPY CALL-upout  35Δ  10W  H@5Δ,single,2557,10000000.0,153619795.05800235,5114000.0,208386629.07495862,54766834.0169563,-24934380.888604894,32.49902229174814,135.65089642013774,0.7422176308481531,-0.08831104519570385,-6.846379400684243,2.5740679129488475,-29.147745984033158,-2.662378958144551,11,63.63636363636363,-10896254.486179678,0.2240919441530103,1.7831066885010762,119.41277475329349,100.0,7.430582714118107,,,,
USDJPY CALL-upout  35Δ  3M  H@5Δ,single,2543,10000000.0,173850519.98735365,5086000.0,274115569.39692533,100265049.40957166,-25343599.83561462,34.604797483287456,157.67313748435444,1.0060101676442095,0.27469066430802497,-6.313634206513027,2.3673374275732733,8.618193972979928,-2.092646763265248,11,72.72727272727273,-11670238.00747402,0.4063588679970437,2.249479359440033,100.23621880793795,100.0,7.4714903657097915,,,,
USDJPY CALL-upout  30Δ  1M  H@5Δ,single,2584,10000000.0,79391914.97058609,5168000.0,96539965.03077492,17148050.060188837,-9344491.15854694,25.30959752321981,121.59923975450397,0.5292227355473919,-0.08677342518063533,-5.611964273406689,2.0108319411152458,-23.173361394105605,-2.097605366295881,11,54.54545454545454,-5056090.603736274,0.18551598998960558,1.492138061780849,44.78624677395759,100.0,5.76625386996904,,,,
USDJPY CALL-upout  30Δ  6W  H@5Δ,single,2577,10000000.0,91784989.03660077,5154000.0,109255202.21845426,17470213.18185348,-16545835.912611803,25.72759022118743,119.03384569222636,0.4111942109128312,-0.27310142571784907,-5.2192308089751585,2.0078349667583115,-7.3519754116284926,-2.2809363924761605,11,54.54545454545454,-6057796.549164422,0.10688904262039445,1.3890453091563042,84.33632258920512,100.0,6.635622817229336,,,,
USDJPY CALL-upout  30Δ  2M  H@5Δ,single,2564,10000000.0,109015901.45604071,5128000.0,135060779.62165722,26044878.165616516,-21529527.9357233,27.02808112324493,123.89089831644309,0.5029990654232077,-0.37622839198417996,-6.012553177632285,2.3928091630614734,-6.359990936468423,-2.7690375550456534,11,63.63636363636363,-7751075.390503121,0.12328494518035547,1.490027291145654,117.32998945439698,100.0,7.878315132605304,,,,
USDJPY CALL-upout  30Δ  10W  H@5Δ,single,2557,10000000.0,116354427.6640142,5114000.0,154995741.1363559,38641313.472341724,-23424051.587690532,28.236214313648805,133.21000691432442,0.636912667753088,-0.48172052995929987,-8.444147280221264,2.981698436118499,-6.189685202684677,-3.4634189660777985,11,63.63636363636363,-8738561.466252152,0.168305017135417,1.663583544249774,115.25069080968174,100.0,7.430582714118107,,,,
USDJPY CALL-upout  30Δ  3M  H@5Δ,single,2543,10000000.0,131519752.693989,5086000.0,210767073.3697175,79247320.67572851,-24820807.946475673,30.161226897365317,160.25507123642154,0.949919859084207,-0.02544021166598833,-8.010299612986799,2.825341948130269,-111.05811481543374,-2.8507821597962573,11,72.72727272727273,-9555764.881533677,0.32794207926207614,2.204059507755546,102.7068526065241,100.0,7.4714903657097915,,,,
USDJPY CALL-upout  25Δ  1M  H@5Δ,single,2584,10000000.0,57390816.79379858,5168000.0,67680626.5185836,10289809.724785026,-8224485.459510922,21.052631578947366,117.9293662290182,0.41041868302214185,-0.35783097706673295,-6.432539281361837,2.217616427783978,-6.1973852738031905,-2.5754474048507108,11,45.45454545454545,-3844214.3685394865,0.12647971255987064,1.366141240746335,41.35610168559943,100.0,5.76625386996904,,,,
USDJPY CALL-upout  25Δ  6W  H@5Δ,single,2577,10000000.0,66115495.58075444,5154000.0,76019285.18113685,9903789.600382414,-14640972.58281259,20.256111757857976,114.97952864663287,0.30452266811743633,-0.6488958133204721,-5.977546376603793,2.326099955764103,-3.5847048293641945,-2.9749957690845754,11,54.54545454545454,-4613477.231171687,0.06847864745333836,1.276508360286805,75.09956809897697,100.0,6.635622817229336,,,,
USDJPY CALL-upout  25Δ  2M  H@5Δ,single,2564,10000000.0,78247904.4159253,5128000.0,92809868.81729366,14561964.401368357,-18825114.49570116,21.76287051482059,118.61003755955495,0.36309987499734553,-0.8421723807106528,-6.943681715080288,2.6392991505541477,-3.1339179614594106,-3.4814715312648006,11,45.45454545454545,-5892038.58305326,0.07883236619791543,1.3425436855321518,104.56826706436044,100.0,7.878315132605304,,,,
USDJPY CALL-upout  25Δ  10W  H@5Δ,single,2557,10000000.0,83415487.85820684,5114000.0,107849154.80320942,24433666.94500258,-20292603.677588355,23.15213140398905,129.29152315998672,0.5209536047743195,-1.0146534040230142,-9.52761634720359,3.434898045388412,-3.385291994063524,-4.449551449411427,11,45.45454545454545,-6543714.226163565,0.12284516675109401,1.5309353127307868,102.33875591215256,100.0,7.430582714118107,,,,
USDJPY CALL-upout  25Δ  3M  H@5Δ,single,2543,10000000.0,94096930.16154093,5086000.0,153411794.40085286,59314864.239311926,-22598783.32246148,25.32441997640582,163.03591853366854,0.8928792113220082,-0.40206926950756644,-8.965658297996207,3.2697635845555872,-8.132338958807331,-3.6718328540631537,11,63.63636363636363,-7279392.757477198,0.26959197162106674,2.109675592249711,97.57615519849011,100.0,7.4714903657097915,,,,
USDJPY CALL-upout  ATM  1M  H@5Δ  [Spot > 50DMA],single,1486,10000000.0,109826903.48180306,2972000.0,139176102.12335855,29349198.64155547,-10468142.077867024,42.799461641991925,126.72314133523601,0.717610084755484,0.1103842781989714,-2.7132838936957095,1.574936231517285,14.267758572270674,-1.4645519533183136,11,54.54545454545454,-5600431.76177904,0.2851684392494295,1.9850017215370523,55.76173332297827,100.0,6.460296096904441,,,,
USDJPY CALL-upout  ATM  6W  H@5Δ  [Spot > 50DMA],single,1479,10000000.0,127200242.85509089,2958000.0,160140897.77377632,32940654.91868543,-15472590.704672603,41.8526031102096,125.89669184532303,0.5990290105119942,-0.14042195561701012,-2.125054806468214,1.5622450752197845,-11.125361901957023,-1.7026670308367946,11,45.45454545454545,-6877589.817254999,0.21696586679893012,1.7568124932613187,77.5177199566204,100.0,7.437457741717377,,,,
USDJPY CALL-upout  ATM  2M  H@5Δ  [Spot > 50DMA],single,1466,10000000.0,151333023.07820505,2932000.0,201670022.91048592,50336999.832280844,-18286238.44383445,44.81582537517053,133.26240288365082,0.7282187831324742,0.1231395338602718,-2.4792534372777477,1.5727140912174427,12.771804812920797,-1.4495745573571708,11,63.63636363636363,-10304379.398706974,0.28330039113078126,1.934462022262766,101.87862016182261,100.0,7.7080491132332885,,,,
USDJPY CALL-upout  ATM  10W  H@5Δ  [Spot > 50DMA],single,1466,10000000.0,162155433.19771853,2932000.0,231749646.74703765,69594213.54931913,-17490031.030462466,46.043656207366986,142.918212592027,0.8475201019819173,0.30959311083781,-2.0482708715820253,1.5290827887507066,4.939007798373667,-1.2194896779128965,11,63.63636363636363,-10330262.598535823,0.4095121359933454,2.186704066620443,90.39937617130492,100.0,6.88949522510232,,,,
USDJPY CALL-upout  ATM  3M  H@5Δ  [Spot > 50DMA],single,1463,10000000.0,184624318.1925487,2926000.0,280904846.035726,96280527.84317727,-20421882.203859016,44.49760765550239,152.14942905991626,0.8931169631145278,0.6645284620882024,-2.4581442382857346,1.4322689249777552,2.155316147749366,-0.7677404628895528,11,72.72727272727273,-8908517.481174845,0.48781844219503,2.298130043058711,98.8300844400206,100.0,7.792207792207792,,,,
USDJPY CALL-upout  45Δ  1M  H@5Δ  [Spot > 50DMA],single,1486,10000000.0,90986254.53939824,2972000.0,115048155.84320346,24061901.303805225,-10479944.713522289,39.50201884253028,126.44564437300372,0.6603268315586767,-0.09056925306577343,-3.008153976254608,1.7080338339508772,-18.858870710907425,-1.7986030870166505,11,54.54545454545454,-5085355.790482161,0.2335316614035446,1.897105959310125,55.83289715180008,100.0,6.460296096904441,,,,
USDJPY CALL-upout  45Δ  6W  H@5Δ  [Spot > 50DMA],single,1479,10000000.0,105466301.58300689,2958000.0,131971029.92766024,26504728.344653357,-15426231.045467936,37.79580797836376,125.13099250360355,0.5407103073975432,-0.3526071824421156,-2.2607953398917697,1.6382018252894175,-4.645968394470656,-1.990809007731533,11,45.45454545454545,-6099532.882158621,0.17509984001769668,1.677880671740185,76.69770117510217,100.0,7.437457741717377,,,,
USDJPY CALL-upout  45Δ  2M  H@5Δ  [Spot > 50DMA],single,1466,10000000.0,125719016.29042472,2932000.0,168134938.9574896,42415922.66706488,-18087218.7462901,41.268758526603,133.73866891312565,0.6856571341668687,-0.03817261324575371,-2.5360637155673316,1.6008082888726145,-41.93604138565722,-1.638980902118368,11,54.54545454545454,-8971611.654949227,0.24134669328243066,1.8715750565297202,97.30370405530903,100.0,7.7080491132332885,,,,
USDJPY CALL-upout  45Δ  10W  H@5Δ  [Spot > 50DMA],single,1466,10000000.0,134855785.3383758,2932000.0,194462407.77381343,59606622.43543762,-17331324.431351647,42.76944065484311,144.2002708937363,0.809322372048041,0.14964129309794372,-2.4963599629533615,1.5999037565647898,10.6915926977296,-1.4502624634668462,11,63.63636363636363,-9210650.550955562,0.35395413215250676,2.1523687012891846,91.03633119388711,100.0,6.88949522510232,,,,
USDJPY CALL-upout  45Δ  3M  H@5Δ  [Spot > 50DMA],single,1463,10000000.0,153962261.15469626,2926000.0,240657862.22909865,86695601.07440239,-19332990.90175169,42.515379357484626,156.30964395053505,0.8842140268708109,0.5525567324517429,-2.6367590218292443,1.4602268503287448,2.6426731674222657,-0.9076701178770019,11,72.72727272727273,-7718697.272857525,0.46399525000810743,2.3218177036544274,95.85102309997623,100.0,7.792207792207792,,,,
USDJPY CALL-upout  40Δ  1M  H@5Δ  [Spot > 50DMA],single,1486,10000000.0,73662166.08975703,2972000.0,92297751.95851293,18635585.868755903,-10276062.092212941,35.1278600269179,125.29872098255774,0.5893789910419432,-0.3462870723624274,-3.4472854823459897,1.8978757312343735,-5.480642746166505,-2.244162803596801,11,45.45454545454545,-4597836.047759106,0.18445530509118316,1.7736506484977785,55.32360643539512,100.0,6.460296096904441,,,,
USDJPY CALL-upout  40Δ  6W  H@5Δ  [Spot > 50DMA],single,1479,10000000.0,85297929.65794869,2958000.0,105286506.04160029,19988576.383651584,-15084519.633336017,33.94185260311021,123.43383533903733,0.46917751465007923,-0.6175796238964765,-3.0436151239121476,1.7929242824218912,-2.903146757190349,-2.4105039063183678,11,36.36363636363637,-5260491.615809006,0.1350431634992334,1.5722657640714974,75.35858573429195,100.0,7.437457741717377,,,,
USDJPY CALL-upout  40Δ  2M  H@5Δ  [Spot > 50DMA],single,1466,10000000.0,101574326.62646519,2932000.0,135417791.2930746,33843464.666609414,-17315307.59909517,36.69849931787176,133.31891609881617,0.6292946234553148,-0.24729043243552667,-2.6309915235496906,1.6651986164085644,-6.733776960185119,-1.912489048844091,11,45.45454545454545,-7331288.629058836,0.2011540731768395,1.7965608102129778,90.89343297247075,100.0,7.7080491132332885,,,,
USDJPY CALL-upout  40Δ  10W  H@5Δ  [Spot > 50DMA],single,1466,10000000.0,108920053.93032311,2932000.0,157556172.10887676,48636118.17855364,-16913149.69861561,37.994542974079124,144.65304268915116,0.755054647098715,-0.08759387630694222,-3.332572620610971,1.7626592644753678,-20.123087809229293,-1.85025314078231,11,63.63636363636363,-7771693.192789445,0.29595019978646503,2.0659535228357613,89.59993215660896,100.0,6.88949522510232,,,,
USDJPY CALL-upout  40Δ  3M  H@5Δ  [Spot > 50DMA],single,1463,10000000.0,124281469.44265899,2926000.0,199724674.12304828,75443204.68038929,-18207162.33415231,38.14080656185919,160.70350231511975,0.8688352865968223,0.38311702028381583,-2.951243096323393,1.6073713796933078,4.195510234712505,-1.224254359409492,11,72.72727272727273,-6568175.417560384,0.42873938727117444,2.345746933527102,91.71216806362524,100.0,7.792207792207792,,,,
USDJPY CALL-upout  35Δ  1M  H@5Δ  [Spot > 50DMA],single,1486,10000000.0,58131173.7151217,2972000.0,71353548.62569648,13222374.910574786,-10002150.521077137,30.148048452220728,122.74575596111738,0.49419077014028145,-0.6385546604584352,-3.8645800655536737,2.122961376107018,-3.3246353171753347,-2.761516036565453,11,45.45454545454545,-4178227.674957724,0.13445931693576949,1.6105863243318688,54.86542180513251,100.0,6.460296096904441,,,,
USDJPY CALL-upout  35Δ  6W  H@5Δ  [Spot > 50DMA],single,1479,10000000.0,67214761.93379232,2958000.0,81398837.6502889,14184075.716496564,-13998888.223755863,29.20892494929006,121.10261988351327,0.3941294664521133,-0.9030117944765156,-4.4416791791699985,2.0507119950677732,-2.2709692249995364,-2.9537237895442887,11,36.36363636363637,-4394614.354165516,0.10325942888226147,1.4680160503187474,70.67458114090473,100.0,7.437457741717377,,,,
USDJPY CALL-upout  35Δ  2M  H@5Δ  [Spot > 50DMA],single,1466,10000000.0,79922583.41343431,2932000.0,104913456.70460957,24990873.291175257,-16230436.551611166,32.33287858117326,131.26885071006663,0.5507915144016179,-0.5337447097278136,-2.7432907366922774,1.7981114945266359,-3.3688605465403,-2.3318562042544495,11,36.36363636363637,-5726039.431846192,0.1584657668298355,1.6831292265038338,84.10508332540216,100.0,7.7080491132332885,,,,
USDJPY CALL-upout  35Δ  10W  H@5Δ  [Spot > 50DMA],single,1466,10000000.0,85660900.00875166,2932000.0,123660805.85385904,37999905.84510736,-16001870.306567501,33.4924965893588,144.36085289931003,0.6937545870851975,-0.3617547204344709,-4.087815037032547,1.9782239570999456,-5.468412284224183,-2.3399786775344165,11,45.45454545454545,-6125397.899140183,0.24439707260981028,1.9628707581724216,84.78989748589157,100.0,6.88949522510232,,,,
USDJPY CALL-upout  35Δ  3M  H@5Δ  [Spot > 50DMA],single,1463,10000000.0,97661126.84279738,2926000.0,161165599.35886598,63504472.5160686,-16952866.935104173,33.90293916609706,165.02533256480865,0.8451469922047983,0.1469658474870194,-3.938519336620273,1.9236401086787132,13.089028108034531,-1.7766742611916937,11,72.72727272727273,-5508641.426826596,0.3875936729364321,2.365341464701761,85.75063006864012,100.0,7.792207792207792,,,,
USDJPY CALL-upout  30Δ  1M  H@5Δ  [Spot > 50DMA],single,1486,10000000.0,44271915.453436896,2972000.0,52571421.38676934,8299505.93333244,-9253441.807897247,24.89905787348587,118.74666105662732,0.379443562902246,-0.8988686842456453,-4.125883300741209,2.2942887632078945,-2.5524181712185503,-3.19315744745354,11,45.45454545454545,-3585706.899533241,0.09122707724731234,1.4357222467092527,51.02941615005744,100.0,6.460296096904441,,,,
USDJPY CALL-upout  30Δ  6W  H@5Δ  [Spot > 50DMA],single,1479,10000000.0,51075740.959398195,2958000.0,60252081.33728455,9176340.377886357,-12172241.26620633,24.27315753887762,117.9661424494672,0.3142651144746292,-1.2680113473424532,-7.124244736909725,2.5784316766531354,-2.0334452700735772,-3.8464430239955885,11,36.36363636363637,-3589161.974964267,0.07682829338596887,1.3527493537162563,62.03044767575652,100.0,7.437457741717377,,,,
USDJPY CALL-upout  30Δ  2M  H@5Δ  [Spot > 50DMA],single,1466,10000000.0,60595124.30513089,2932000.0,77532905.19627395,16937780.89114306,-14615991.277785568,27.76261937244202,127.95238244887774,0.4600499403957184,-0.9011820215052605,-3.547517634582554,2.0201760608326516,-2.2416959200521056,-2.921358082337912,11,36.36363636363637,-4342521.63961826,0.11926484842724142,1.5539109484638192,75.38990045623011,100.0,7.7080491132332885,,,,
USDJPY CALL-upout  30Δ  10W  H@5Δ  [Spot > 50DMA],single,1466,10000000.0,64897157.36836693,2932000.0,93088856.75521344,28191699.386846516,-14292377.231286772,29.263301500682125,143.44057664471467,0.6318173042815036,-0.5967096175143497,-4.433792477222249,2.1437322718889384,-3.5925887717695213,-2.740441889403288,11,45.45454545454545,-4658480.1172916405,0.20300232439708668,1.8564300230107205,75.65550636492928,100.0,6.88949522510232,,,,
USDJPY CALL-upout  30Δ  3M  H@5Δ  [Spot > 50DMA],single,1463,10000000.0,73893743.04530868,2926000.0,125413063.9950341,51519320.949725404,-15261023.3975221,29.665071770334926,169.72081644062317,0.817981622575316,-0.04057921012587948,-4.796289491009755,2.1678629459358456,-53.42299515468603,-2.208442156061725,11,63.63636363636363,-4540222.677330504,0.34930273907916715,2.3460978337804494,76.84272846792399,100.0,7.792207792207792,,,,
USDJPY CALL-upout  25Δ  1M  H@5Δ  [Spot > 50DMA],single,1486,10000000.0,32028558.762717374,2972000.0,36209956.170969464,4181397.408252096,-7639326.069577757,20.390309555854643,113.0552156256229,0.2497008343655492,-1.1287806265187144,-4.345344477839041,2.396781831536852,-2.123337143842374,-3.5255624580555667,11,45.45454545454545,-2791816.8460215246,0.05567256330368944,1.267138611667004,42.130402111309515,100.0,6.460296096904441,,,,
USDJPY CALL-upout  25Δ  6W  H@5Δ  [Spot > 50DMA],single,1479,10000000.0,36816107.47143885,2958000.0,41900549.389257066,5084441.91781822,-9747060.450149255,19.26977687626775,113.81037341267712,0.22771373614140072,-1.6673767737202838,-10.858039405315267,3.3985665960279685,-2.0382715230253687,-5.065943369748252,11,36.36363636363637,-2716743.8417389994,0.05316084244469065,1.243993332358544,50.101774665861896,100.0,7.437457741717377,,,,
USDJPY CALL-upout  25Δ  2M  H@5Δ  [Spot > 50DMA],single,1466,10000000.0,43514689.88941866,2932000.0,53137483.43592185,9622793.546503197,-12077462.913977338,22.373806275579806,122.11389664262124,0.34389646297585164,-1.3346182691861015,-5.342271788870574,2.3549493889723463,-1.7645115785867966,-3.689567658158448,11,36.36363636363637,-3106520.958930984,0.08199921238583817,1.396891920825947,62.337909029582086,100.0,7.7080491132332885,,,,
USDJPY CALL-upout  25Δ  10W  H@5Δ  [Spot > 50DMA],single,1466,10000000.0,46545892.24599514,2932000.0,65217116.799822256,18671224.55382712,-11746015.113128025,24.21555252387449,140.1135817853693,0.5506580398470783,-0.8281819536713549,-4.401466666662923,2.1875407863960032,-2.6413770267494607,-3.0157227400673583,11,45.45454545454545,-3355981.8659752817,0.16359366124854918,1.7243803637080977,61.548280497447244,100.0,6.88949522510232,,,,
USDJPY CALL-upout  25Δ  3M  H@5Δ  [Spot > 50DMA],single,1463,10000000.0,52884408.3829629,2926000.0,92768911.66770992,39884503.28474702,-12361268.634906076,25.837320574162682,175.41826505068008,0.8004912993029104,-0.07252454828290486,-4.442845635249206,2.123611091838879,-29.28127292230852,-2.196135640121784,11,72.72727272727273,-3407151.9564857795,0.33385406025986425,2.3194839765457176,61.88972738042326,100.0,7.792207792207792,,,,
USDJPY CALL-upout  ATM  1M  H@5Δ  [Spot > 200DMA],single,1461,10000000.0,108622005.2688155,2922000.0,128734023.72178385,20112018.45296835,-12976145.49086394,40.5886379192334,118.51560225130771,0.5225820915913976,0.12669638080774742,-1.864970006814341,1.3195248360321885,10.414858164216007,-1.192828455224441,11,54.54545454545454,-5911657.624802284,0.16562584948286527,1.6067384172426826,73.1039942363112,100.0,6.844626967830253,,,,
USDJPY CALL-upout  ATM  6W  H@5Δ  [Spot > 200DMA],single,1454,10000000.0,125744763.86180449,2908000.0,150795851.2253265,25051087.36352203,-19083168.745084357,39.33975240715269,119.92217138445108,0.4614142309759603,0.0959642352544747,-1.920715075706734,1.4096237838344452,14.689053480147606,-1.3136595485799705,11,54.54545454545454,-8959504.641038585,0.140526196914158,1.5433447481541034,112.86094622413314,100.0,6.946354883081156,,,,
USDJPY CALL-upout  ATM  2M  H@5Δ  [Spot > 200DMA],single,1441,10000000.0,149289780.42738354,2882000.0,183277449.94179416,33987669.51441061,-28150690.71373187,39.34767522553782,122.76623987061367,0.49658305224726185,0.18861431724079228,-2.7494080767985696,1.6325619836729421,8.655557051847506,-1.4439476664321498,10,60.0,-16242471.002959048,0.13016048383730325,1.5559778650484255,171.82935817415424,100.0,7.772380291464261,,,,
USDJPY CALL-upout  ATM  10W  H@5Δ  [Spot > 200DMA],single,1434,10000000.0,159161787.11114958,2868000.0,201185497.15835732,42023710.04720776,-30423859.88174732,40.097629009762905,126.40314035796845,0.5192289484391308,0.11050073646789027,-2.7268405903398927,1.7006656275195364,15.39053658718123,-1.5901648910516462,10,60.0,-16291346.882358251,0.14908705956880866,1.609186843738807,168.5865517732936,100.0,7.391910739191074,,,,
USDJPY CALL-upout  ATM  3M  H@5Δ  [Spot > 200DMA],single,1420,10000000.0,179477093.43651634,2840000.0,220626326.4341178,41149232.99760148,-35026176.174370006,37.183098591549296,122.92728961100352,0.42141243388280114,-0.14826260722709303,-2.7653326374679263,1.9320750663897768,-13.031438624510548,-2.08033767361687,10,50.0,-16693954.149697542,0.1277085470846253,1.48093304210883,187.80710063615743,100.0,8.87323943661972,,,,
USDJPY CALL-upout  45Δ  1M  H@5Δ  [Spot > 200DMA],single,1461,10000000.0,89973274.30784813,2922000.0,106580006.79506938,16606732.487221267,-12478774.327600976,37.440109514031484,118.4574059519058,0.49049947012558875,0.018706092058980373,-1.8973345048077483,1.349190657979622,72.12573602896956,-1.3304845659206417,11,54.54545454545454,-5697488.357068328,0.14221009457307945,1.5624626959954249,70.68182227681797,100.0,6.844626967830253,,,,
USDJPY CALL-upout  45Δ  6W  H@5Δ  [Spot > 200DMA],single,1454,10000000.0,104238157.28044489,2908000.0,124745269.84708819,20507112.566643305,-18648554.61395766,36.03851444291609,119.67332606568486,0.42686009216970533,-0.011217086615887939,-2.1790115146819855,1.4672244888684554,-130.80263522172245,-1.4784415754843434,11,45.45454545454545,-8386820.658783771,0.11771736729011407,1.5061502863794636,109.13139708426203,100.0,6.946354883081156,,,,
USDJPY CALL-upout  45Δ  2M  H@5Δ  [Spot > 200DMA],single,1441,10000000.0,123988341.36744118,2882000.0,153856837.45023718,29868496.082796026,-25989381.57137092,37.196391394864676,124.08976179000597,0.4895160116991671,0.08936204586197788,-2.8574860498801047,1.6179310105401605,18.10534880814053,-1.5285689646781826,10,60.0,-14481725.682690471,0.12389798217026088,1.5516696797469771,158.3570255725946,100.0,7.772380291464261,,,,
USDJPY CALL-upout  45Δ  10W  H@5Δ  [Spot > 200DMA],single,1434,10000000.0,132323262.42174864,2868000.0,169476388.53820643,37153126.11645779,-28389004.77309062,37.517433751743376,128.0775469380744,0.5144465497099419,0.004395283486393997,-2.8674713156853096,1.707618575816805,388.5115900038973,-1.703223292330411,10,60.0,-14529559.84055827,0.1412554015949988,1.6130176163355157,155.4796442108117,100.0,7.391910739191074,,,,
USDJPY CALL-upout  45Δ  3M  H@5Δ  [Spot > 200DMA],single,1420,10000000.0,149602630.1108955,2840000.0,187029974.4804119,37427344.36951637,-32494774.919072658,34.92957746478873,125.01783848437205,0.4225193708644739,-0.28032538245920136,-3.1140413345253157,1.9121007456520356,-6.821004679910937,-2.192426128111237,10,50.0,-15418528.920605034,0.12520637076974986,1.4963749797392134,173.11888767633806,100.0,8.87323943661972,,,,
USDJPY CALL-upout  40Δ  1M  H@5Δ  [Spot > 200DMA],single,1461,10000000.0,72839079.80481537,2922000.0,85697742.93229918,12858663.127483822,-11748421.957180798,33.12799452429843,117.65352220530625,0.4425549735614216,-0.10908773120224687,-2.1536000514459386,1.3933103744002249,-12.772383833128313,-1.5023981056024718,11,54.54545454545454,-5363772.709316942,0.11695921606829367,1.4966274291497301,66.84523928222937,100.0,6.844626967830253,,,,
USDJPY CALL-upout  40Δ  6W  H@5Δ  [Spot > 200DMA],single,1454,10000000.0,84302164.61113055,2908000.0,100112216.27807072,15810051.666940171,-17528811.495184246,32.737276478679505,118.75402813186216,0.38190457929233235,-0.13673947547488688,-2.4076164520190475,1.519425043433815,-11.111824424928905,-1.656164518908702,11,45.45454545454545,-7483682.811369247,0.09655216593377515,1.4517284617162123,101.53855854562083,100.0,6.946354883081156,,,,
USDJPY CALL-upout  40Δ  2M  H@5Δ  [Spot > 200DMA],single,1441,10000000.0,100174851.07536675,2882000.0,125572535.95761313,25397684.88224637,-22936056.004771546,33.448993754337266,125.35335426966432,0.4813328187497992,-0.011545176627687326,-2.8409906515204293,1.5983436296649807,-138.44254455422333,-1.609888806292668,10,60.0,-12091938.770713639,0.11937742670110202,1.5506407116202001,138.33128586209324,100.0,7.772380291464261,,,,
USDJPY CALL-upout  40Δ  10W  H@5Δ  [Spot > 200DMA],single,1434,10000000.0,106873865.86649093,2868000.0,138345077.99015823,31471212.12366729,-25803765.83066826,33.82147838214784,129.44706067148522,0.5015534089225199,-0.13443906526206767,-2.9784254242937105,1.7335512538233815,-12.894698802346609,-1.8679903190854492,10,60.0,-12416674.076422961,0.13164071984111453,1.6070002658372255,139.36486678267545,100.0,7.391910739191074,,,,
USDJPY CALL-upout  40Δ  3M  H@5Δ  [Spot > 200DMA],single,1420,10000000.0,120763122.16305238,2840000.0,154278212.51336652,33515090.350314125,-29344406.031761445,31.760563380281692,127.75275245456356,0.428129365705536,-0.43269327654453316,-3.525872699601792,1.9304114018886689,-4.461385250320591,-2.363104678433202,10,50.0,-13459666.065500095,0.12415551578255388,1.5224013839279191,153.09749701858587,100.0,8.87323943661972,,,,
USDJPY CALL-upout  35Δ  1M  H@5Δ  [Spot > 200DMA],single,1461,10000000.0,57478185.516668424,2922000.0,66198305.742985785,8720120.226317354,-10938882.270018209,28.74743326488706,115.17118215881843,0.35868276270847305,-0.2688623097880821,-2.5511467740437697,1.4583937096276514,-5.424314441013173,-1.7272560194157336,11,54.54545454545454,-5098471.7961853,0.08518589500224891,1.3864374572999816,63.196281633199,100.0,6.844626967830253,,,,
USDJPY CALL-upout  35Δ  6W  H@5Δ  [Spot > 200DMA],single,1454,10000000.0,66427117.55306252,2908000.0,77968825.89202306,11541708.33896052,-15625338.880908463,28.74828060522696,117.37499497812911,0.33356793172138566,-0.2668069766801868,-2.703643937480516,1.5598354176953462,-5.846306708707517,-1.826642394375533,11,54.54545454545454,-6421566.147749757,0.07907184137053795,1.3936179633008008,89.62282630127038,100.0,6.946354883081156,,,,
USDJPY CALL-upout  35Δ  2M  H@5Δ  [Spot > 200DMA],single,1441,10000000.0,78819802.25791974,2882000.0,99171112.29710868,20351310.03918892,-19600584.878891684,30.53435114503817,125.82004706456115,0.4600094686329042,-0.13496367783390512,-2.769016277981215,1.5946335971586612,-11.8152796571024,-1.7295972749925663,10,60.0,-9602911.1589482,0.11193609773142625,1.5324322839197635,116.92775647455413,100.0,7.772380291464261,,,,
USDJPY CALL-upout  35Δ  10W  H@5Δ  [Spot > 200DMA],single,1434,10000000.0,84050422.20708984,2868000.0,109849896.37504782,25799474.16795797,-22477110.765473094,30.543933054393307,130.69523446817584,0.48679675554064616,-0.2908624449906133,-3.129563034951803,1.802488524951863,-6.197047972315686,-2.093350969942476,10,60.0,-10234469.836924616,0.12388828441961158,1.5993022765603158,120.2230778349193,100.0,7.391910739191074,,,,
USDJPY CALL-upout  35Δ  3M  H@5Δ  [Spot > 200DMA],single,1420,10000000.0,94896683.4243384,2840000.0,124386782.07002223,29490098.645683803,-25483001.23894201,28.661971830985916,131.07600559001241,0.43640033096127423,-0.5994964200275394,-3.97415182737906,1.998697894941122,-3.333961351844781,-2.5981943149686613,10,50.0,-11169358.44337649,0.12579882861514324,1.5543933036444293,131.04391802266775,100.0,8.87323943661972,,,,
USDJPY CALL-upout  30Δ  1M  H@5Δ  [Spot > 200DMA],single,1461,10000000.0,43770605.62597854,2922000.0,48765652.82689515,4995047.200916614,-9651104.03597978,24.093086926762492,111.41187591416826,0.25473242664765644,-0.4682407228559066,-3.118087133678074,1.5469601458233493,-3.303771052607487,-2.0152008686792557,11,54.54545454545454,-4534460.853730385,0.05530708451745445,1.2610712048691544,56.45858765167753,100.0,6.844626967830253,,,,
USDJPY CALL-upout  30Δ  6W  H@5Δ  [Spot > 200DMA],single,1454,10000000.0,50473658.284927115,2908000.0,57918786.92151819,7445128.636591073,-13316921.78515924,24.415405777166438,114.7505231234931,0.26834275149345627,-0.4210763710308106,-3.1598449640879656,1.6054793480523304,-3.8127984814774987,-2.026555719083141,11,54.54545454545454,-5410210.540132406,0.05984798859750509,1.307552264370867,75.61882750474648,100.0,6.946354883081156,,,,
USDJPY CALL-upout  30Δ  2M  H@5Δ  [Spot > 200DMA],single,1441,10000000.0,59756954.14045628,2882000.0,74716450.04317172,14959495.902715435,-16320372.560246807,26.925746009715475,125.03389959862037,0.42020951583494526,-0.320368298141435,-2.7534775392633466,1.6512372474459687,-5.154184284229604,-1.9716055455874038,10,60.0,-7300115.742367517,0.09881746612340338,1.491381309594461,96.30752358995223,100.0,7.772380291464261,,,,
USDJPY CALL-upout  30Δ  10W  H@5Δ  [Spot > 200DMA],single,1434,10000000.0,63675309.86800425,2868000.0,83524273.07021467,19848963.20221042,-18826252.035329133,27.05718270571827,131.17215015263582,0.4614356169707402,-0.49422882810124796,-3.4100496739618746,1.9353307682027963,-3.9158597357382874,-2.429559596304044,10,50.0,-8236245.41280409,0.1137977901030523,1.5786219311892424,99.86093145092369,100.0,7.391910739191074,,,,
USDJPY CALL-upout  30Δ  3M  H@5Δ  [Spot > 200DMA],single,1420,10000000.0,71801928.2173715,2840000.0,96817949.13827163,25016020.920900114,-21337533.92967101,25.422535211267604,134.84031911394803,0.4434686623666439,-0.8075524041145252,-4.551107104738989,2.136765332384472,-2.6459773031416063,-2.944317736498997,10,50.0,-8944049.029550431,0.12744563160216912,1.584071384869605,108.42903235917777,100.0,8.87323943661972,,,,
USDJPY CALL-upout  25Δ  1M  H@5Δ  [Spot > 200DMA],single,1461,10000000.0,31661154.838231746,2922000.0,33547309.471899793,1886154.6336680446,-7835446.099402689,19.849418206707732,105.9573147072654,0.12629499468654043,-0.7106123864430897,-3.896940504933869,1.650684510191091,-2.32290421850575,-2.3612968966341805,11,54.54545454545454,-3688229.529708526,0.025723599168208988,1.1228896513429167,46.317671897935845,100.0,6.844626967830253,,,,
USDJPY CALL-upout  25Δ  6W  H@5Δ  [Spot > 200DMA],single,1454,10000000.0,36377831.004286796,2908000.0,40244068.78865157,3866237.78436476,-10661624.844473248,19.53232462173315,110.62800523733578,0.18378765255643537,-0.6004507478673751,-3.7537670044179827,1.6542094640199392,-2.7549461298786055,-2.2546602118873142,11,54.54545454545454,-4301964.888000961,0.038819180796366724,1.1994351991742225,60.077712049135634,100.0,6.946354883081156,,,,
USDJPY CALL-upout  25Δ  2M  H@5Δ  [Spot > 200DMA],single,1441,10000000.0,42910189.1298765,2882000.0,52022847.39847189,9112658.268595386,-12932276.43850591,22.553782095766827,121.23658378902513,0.3380288591369569,-0.620248553601377,-3.5172146200548684,1.7714835046302047,-2.8560864742760956,-2.3917320582315815,10,50.0,-5224813.822046178,0.07596559218558693,1.389675223589242,75.26283538428797,100.0,7.772380291464261,,,,
USDJPY CALL-upout  25Δ  10W  H@5Δ  [Spot > 200DMA],single,1434,10000000.0,45667262.75011625,2868000.0,59106132.39279941,13438869.642683161,-14760088.207826342,22.66387726638773,129.42779758055224,0.4107374767164345,-0.7761625464964823,-3.8760404571793106,2.116796438200275,-2.727259190430247,-2.892958984696757,10,40.0,-6160371.46629982,0.09827287432250247,1.5113969342693079,77.17076688350025,100.0,7.391910739191074,,,,
USDJPY CALL-upout  25Δ  3M  H@5Δ  [Spot > 200DMA],single,1420,10000000.0,51386806.47948678,2840000.0,71230300.73786683,19843494.25838005,-16903877.66195066,22.464788732394368,138.6159320219703,0.4460063797619265,-1.0580538739842056,-5.1146008513811685,2.3510950407008417,-2.2220938824670267,-3.4091489146850473,10,40.0,-6728503.697482544,0.1276094262782611,1.602428620174811,84.9277868383757,100.0,8.87323943661972,,,,
USDJPY CALL-upout  ATM  1M  H@5Δ  [20DMA > 50DMA],single,1483,10000000.0,109716561.78354265,2966000.0,136250843.80230972,26534282.018767077,-8020795.251126708,42.54888739042482,124.18439074960803,0.7051144312191301,0.4139919647730897,-0.942766840477798,1.0298510131208074,2.4876111150738685,-0.6158590483477178,11,63.63636363636363,-2929893.26490213,0.33780120545573294,1.943920614859778,38.75527525817973,100.0,7.552258934592043,,,,
USDJPY CALL-upout  ATM  6W  H@5Δ  [20DMA > 50DMA],single,1476,10000000.0,126976784.86546531,2952000.0,153056955.20236018,26080170.33689487,-13245706.275768742,40.78590785907859,120.53932170713522,0.5281197187622838,0.03746441774564934,-2.379764711456092,1.3300609287679106,35.501977844627454,-1.2925965110222613,11,54.54545454545454,-4777871.814296654,0.20150182314792994,1.5991881486049992,66.57663903610013,100.0,8.401084010840108,,,,
USDJPY CALL-upout  ATM  2M  H@5Δ  [20DMA > 50DMA],single,1475,10000000.0,152179281.16576314,2950000.0,198789945.9596262,46610664.79386303,-18438783.07746672,43.66101694915254,130.6287849678379,0.6893565314229173,0.23001326829998991,-2.177057009622598,1.508445186701113,6.5580790093106955,-1.278431918401123,11,63.63636363636363,-8004595.036417986,0.26126228539199686,1.8744458421483858,100.805828189224,100.0,8.271186440677965,,,,
USDJPY CALL-upout  ATM  10W  H@5Δ  [20DMA > 50DMA],single,1475,10000000.0,163009344.7532732,2950000.0,218651683.72733724,55642338.97406404,-21241534.72443344,43.59322033898305,134.13444735839096,0.697462845648424,0.16028781609793896,-2.4033186085906695,1.6758140953211722,10.45503105674119,-1.5155262792232334,11,63.63636363636363,-8543214.282678211,0.27065764103215645,1.8763143603363013,108.39271681508049,100.0,7.932203389830509,,,,
USDJPY CALL-upout  ATM  3M  H@5Δ  [20DMA > 50DMA],single,1465,10000000.0,184409340.75347975,2930000.0,263369977.5222576,78960636.76877782,-23593451.84441697,42.45733788395904,142.81813298944178,0.7431996886355777,0.2857332566812849,-2.968662432450872,1.615938142228596,5.655407987846021,-1.3302048855473112,11,63.63636363636363,-10806168.24838575,0.34736824517028597,2.030354864321144,115.76270844710233,100.0,9.078498293515358,,,,
USDJPY CALL-upout  45Δ  1M  H@5Δ  [20DMA > 50DMA],single,1483,10000000.0,90898889.73221296,2966000.0,112676657.85545164,21777768.1232387,-8347209.718183033,39.177343223196225,123.95823335950058,0.6504449458763639,0.2759833129933204,-1.0155297768510303,1.1283064843679158,4.088314152512634,-0.8523231713745953,11,45.45454545454545,-2769762.274997854,0.2664055871941935,1.8501497490934202,41.06381873562558,100.0,7.552258934592043,,,,
USDJPY CALL-upout  45Δ  6W  H@5Δ  [20DMA > 50DMA],single,1476,10000000.0,105287498.72021869,2952000.0,125632019.99447896,20344521.274260275,-13744448.661405941,36.856368563685635,119.32282704171932,0.4692787777544231,-0.09649568648412953,-2.343883059426317,1.3479262940429493,-13.968772523988834,-1.4444219805270788,11,54.54545454545454,-4552542.131721475,0.15148297585442935,1.5216192325804105,69.64837915400322,100.0,8.401084010840108,,,,
USDJPY CALL-upout  45Δ  2M  H@5Δ  [20DMA > 50DMA],single,1475,10000000.0,126437180.95547563,2950000.0,166021661.27303356,39584480.317557886,-18142997.690693516,40.61016949152542,131.3076264579937,0.6567919030071163,0.0904466066995024,-2.176898167895152,1.5135425803924891,16.734100212527,-1.4230959736929867,11,63.63636363636363,-7252948.911075629,0.22549638390119833,1.837397327125935,97.67050778953707,100.0,8.271186440677965,,,,
USDJPY CALL-upout  45Δ  10W  H@5Δ  [20DMA > 50DMA],single,1475,10000000.0,135583667.68643662,2950000.0,182950163.36241773,47366495.67598108,-20323930.48309119,40.20338983050847,134.9352517779097,0.6668614277878502,0.021801190335210097,-2.4032001050679437,1.6974139898903844,77.85877577285169,-1.6756127995551744,11,54.54545454545454,-7809475.4628356155,0.24080436840391936,1.8498019360193199,105.40659658596049,100.0,7.932203389830509,,,,
USDJPY CALL-upout  45Δ  3M  H@5Δ  [20DMA > 50DMA],single,1465,10000000.0,153807876.0941757,2930000.0,225780506.5909104,71972630.49673466,-21721267.906660743,40.750853242320815,146.79385238546968,0.7465331387881093,0.19165677497426092,-3.0193063351599823,1.5986464853869522,8.341194750885519,-1.4069897104126912,11,63.63636363636363,-9116899.18994383,0.3439166180527152,2.07857124197396,108.19854567031989,100.0,9.078498293515358,,,,
USDJPY CALL-upout  40Δ  1M  H@5Δ  [20DMA > 50DMA],single,1483,10000000.0,73590655.54858926,2966000.0,90459781.26904044,16869125.720451187,-8451792.801880458,34.72690492245448,122.92291812689875,0.5803549163352354,0.08740550635080839,-1.5608531813694722,1.2883841526574913,14.74030877970625,-1.200978646306683,11,45.45454545454545,-2590745.183766487,0.2038050859940134,1.7302010108575943,42.67824487589201,100.0,7.552258934592043,,,,
USDJPY CALL-upout  40Δ  6W  H@5Δ  [20DMA > 50DMA],single,1476,10000000.0,85152883.51142976,2952000.0,99750938.09854808,14598054.587118335,-13698275.7888392,33.265582655826556,117.1433473361579,0.39535257427295334,-0.2550300628691047,-2.292600126150886,1.3883138292671564,-5.443726177410365,-1.643343892136261,11,36.36363636363637,-4133238.943194339,0.10906182338053123,1.4222654856751407,70.54193513879319,100.0,8.401084010840108,,,,
USDJPY CALL-upout  40Δ  2M  H@5Δ  [20DMA > 50DMA],single,1475,10000000.0,102154252.25978087,2950000.0,134019004.94222102,31864752.68244015,-17218934.053969,36.271186440677965,131.19278148246562,0.6103219533842812,-0.08252203342233731,-2.176767752975868,1.5449894064052108,-18.722144163585387,-1.627511439827548,11,54.54545454545454,-6162144.683582987,0.1912616811206357,1.78409324439006,91.8300982661678,100.0,8.271186440677965,,,,
USDJPY CALL-upout  40Δ  10W  H@5Δ  [20DMA > 50DMA],single,1475,10000000.0,109507680.36029977,2950000.0,147614903.84760404,38107223.48730427,-19437184.17821623,35.79661016949153,134.79867655120142,0.6176818587350257,-0.16912579540285247,-2.7512457964086563,1.760092773041237,-10.40700366758808,-1.9292185684440895,11,54.54545454545454,-6862790.0589872375,0.20256982998711912,1.792410354220204,102.56871267693177,100.0,7.932203389830509,,,,
USDJPY CALL-upout  40Δ  3M  H@5Δ  [20DMA > 50DMA],single,1465,10000000.0,124157017.62921128,2930000.0,187327427.10148776,63170409.47227653,-19991224.53011436,36.31399317406143,150.8794514224977,0.7408580800667796,0.05629471178265202,-3.077082008876421,1.6351952793368674,29.047049492857962,-1.5789005675542154,11,54.54545454545454,-7429802.358607817,0.3279784075179202,2.119457283646973,101.0714630743212,100.0,9.078498293515358,,,,
USDJPY CALL-upout  35Δ  1M  H@5Δ  [20DMA > 50DMA],single,1483,10000000.0,58073939.39942647,2966000.0,69649045.15830687,11575105.758880384,-8531029.177908944,29.669588671611596,119.93166965868807,0.4688503528640233,-0.2095993073474534,-3.0788260494571946,1.580393942469515,-7.540072352670952,-1.7899932498169684,11,45.45454545454545,-2491651.349402772,0.13854626580495785,1.553714992074436,44.79077385483546,100.0,7.552258934592043,,,,
USDJPY CALL-upout  35Δ  6W  H@5Δ  [20DMA > 50DMA],single,1476,10000000.0,67100076.35341621,2952000.0,76566192.41524214,9466116.061825927,-12883068.196605489,29.065040650406505,114.10745944902936,0.31144288403513476,-0.41582534296004164,-2.4096383331770412,1.4394819589029895,-3.461746580081136,-1.855307301863031,11,36.36363636363637,-3490343.9183549555,0.07519625221273432,1.3188706958927436,67.2874425063157,100.0,8.401084010840108,,,,
USDJPY CALL-upout  35Δ  2M  H@5Δ  [20DMA > 50DMA],single,1475,10000000.0,80378759.3763618,2950000.0,103931357.2411922,23552597.86483042,-16254082.999584006,32.06779661016949,129.30201715922092,0.5356985966395513,-0.32118643357331744,-2.5474753142895366,1.6313354420812949,-5.079091990069714,-1.9525218756546123,11,36.36363636363637,-5050454.010029282,0.14976144554836057,1.673751848860422,86.31640941387371,100.0,8.271186440677965,,,,
USDJPY CALL-upout  35Δ  10W  H@5Δ  [20DMA > 50DMA],single,1475,10000000.0,86123010.59622782,2950000.0,115255611.37570858,29132600.779480748,-18064750.52567232,31.52542372881356,133.82673292282323,0.5584653603575045,-0.3844050121928033,-3.257364942759798,1.8615589859699497,-4.842702168087914,-2.245963998162753,11,54.54545454545454,-5733973.203790325,0.16662804375057955,1.703981411401888,96.56277247558303,100.0,7.932203389830509,,,,
USDJPY CALL-upout  35Δ  3M  H@5Δ  [20DMA > 50DMA],single,1465,10000000.0,97563961.4285551,2930000.0,150704653.84900865,53140692.42045354,-18650608.659126513,32.76450511945392,154.46754277128016,0.720279510190202,-0.1370577012683956,-3.2286455457436825,1.780430898927419,-12.990374728676207,-1.9174886001958145,11,54.54545454545454,-5947625.56477458,0.29573665557660656,2.126953769398748,95.54954095983851,100.0,9.078498293515358,,,,
USDJPY CALL-upout  30Δ  1M  H@5Δ  [20DMA > 50DMA],single,1483,10000000.0,44227470.96372065,2966000.0,51036738.4970557,6809267.533335049,-8027511.932202126,23.937963587322994,115.39601380083573,0.3345226942655741,-0.6037636017895832,-5.050831018633257,2.011704108075435,-3.3319400210821772,-2.6154677098650185,11,45.45454545454545,-2166578.1896267775,0.08661452388648111,1.3666585514119731,43.41064255603429,100.0,7.552258934592043,,,,
USDJPY CALL-upout  30Δ  6W  H@5Δ  [20DMA > 50DMA],single,1476,10000000.0,50988227.184402056,2952000.0,55951488.20220129,4963261.017799236,-11416662.801548531,24.1869918699187,109.73413137085409,0.208238577572542,-0.6092862992333911,-3.0063004270267077,1.5071626531523885,-2.473652624470159,-2.1164489523857797,11,36.36363636363637,-2886903.968846398,0.044490943722269555,1.201217901898374,60.527849270343914,100.0,8.401084010840108,,,,
USDJPY CALL-upout  30Δ  2M  H@5Δ  [20DMA > 50DMA],single,1475,10000000.0,60941008.74240528,2950000.0,76644001.17606737,15702992.433662102,-14926001.896302175,27.45762711864407,125.76752954654542,0.44159770597103787,-0.6522225283724689,-3.0732218857813387,1.7962864899413895,-2.7541006509293293,-2.4485090183138585,11,36.36363636363637,-4062073.716111278,0.10873330990356701,1.5424992415486094,79.28709108318364,100.0,8.271186440677965,,,,
USDJPY CALL-upout  30Δ  10W  H@5Δ  [20DMA > 50DMA],single,1475,10000000.0,65247433.31621049,2950000.0,86144422.75068846,20896989.43447797,-16212015.112600544,27.525423728813557,132.0272972780466,0.4938015808328745,-0.6033533947029168,-3.708874215533029,1.9653839875672334,-3.2574342082469965,-2.5687373822701502,11,45.45454545454545,-4495740.317518255,0.13318261249062815,1.614779957631961,85.14634549320728,100.0,7.932203389830509,,,,
USDJPY CALL-upout  30Δ  3M  H@5Δ  [20DMA > 50DMA],single,1465,10000000.0,73821302.29455362,2930000.0,116625730.47714972,42804428.18259611,-16910559.96134472,28.327645051194537,157.9838432161527,0.6917996160085476,-0.34660127451572814,-3.9409501949674755,1.961751447500437,-5.659966052465904,-2.3083527220161653,11,63.63636363636363,-4615133.06165413,0.2627251622091971,2.1065509852154967,87.67955397068323,100.0,9.078498293515358,,,,
USDJPY CALL-upout  25Δ  1M  H@5Δ  [20DMA > 50DMA],single,1483,10000000.0,31995453.75481761,2966000.0,35126846.53381905,3131392.7790014446,-6714691.634710854,19.487525286581253,109.78699287404214,0.1970271706918881,-0.9860199386568973,-6.944245024745719,2.447526148489355,-2.482227846044616,-3.433546087146252,11,45.45454545454545,-1716210.0798006565,0.04761927261625124,1.2013338310877792,37.55690962020205,100.0,7.552258934592043,,,,
USDJPY CALL-upout  25Δ  6W  H@5Δ  [20DMA > 50DMA],single,1476,10000000.0,36752662.86937715,2952000.0,37829543.7390121,1076880.8696349561,-9454639.827558808,18.834688346883468,102.93007577018922,0.061249186838872115,-0.8530857645446255,-3.3263010756019584,1.561418067580849,-1.8303178091529038,-2.414503832125474,11,36.36363636363637,-2366821.521383924,0.011656451190107192,1.0544832946104175,51.572239308249195,100.0,8.401084010840108,,,,
USDJPY CALL-upout  25Δ  2M  H@5Δ  [20DMA > 50DMA],single,1475,10000000.0,43763247.72510408,2950000.0,52277683.603640705,8514435.878536627,-12501691.533057174,22.237288135593218,119.4556764434383,0.3164267699158609,-1.0806359281652562,-3.5336484224876092,2.026046736413858,-1.874865237780642,-3.106682664579114,11,36.36363636363637,-3007599.491063926,0.07038996993763848,1.3724779456220475,66.3359941345384,100.0,8.271186440677965,,,,
USDJPY CALL-upout  25Δ  10W  H@5Δ  [20DMA > 50DMA],single,1475,10000000.0,46797504.654751256,2950000.0,59836664.72097063,13039160.066219378,-13277802.060521638,22.508474576271187,127.86293876653431,0.4061930372247606,-0.834602957721479,-3.7743880383464976,1.9903539304885818,-2.384791369446352,-2.824956888210061,11,45.45454545454545,-3270676.5591602675,0.10146686284529974,1.491563140783197,68.40855840537739,100.0,7.932203389830509,,,,
USDJPY CALL-upout  25Δ  3M  H@5Δ  [20DMA > 50DMA],single,1465,10000000.0,52834128.80754166,2930000.0,85359088.13911445,32524959.3315728,-14123385.76865261,23.822525597269625,161.5605103474899,0.6616162875967532,-0.5189072809305779,-4.061637510586801,2.1053441603829097,-4.057264636193404,-2.6242514413134876,11,63.63636363636363,-3455807.7778640403,0.23902806640129023,2.0624889889790072,74.17967185532503,100.0,9.078498293515358,,,,
USDJPY CALL-upout  ATM  1M  H@5Δ  [50DMA > 200DMA (golden cross)],single,1446,10000000.0,110743288.79820213,2892000.0,124547772.27925062,13804483.48104849,-9534265.600791562,38.796680497925315,112.46530027314179,0.33086637273387914,0.16705724534779365,-0.9446436734268289,1.0010341981389506,5.992162722753595,-0.8339769527911569,10,50.0,-3226540.8011834715,0.15576983549780418,1.3474998630484982,54.73034337953468,100.0,6.016597510373444,,,,
USDJPY CALL-upout  ATM  6W  H@5Δ  [50DMA > 200DMA (golden cross)],single,1439,10000000.0,127991620.37123998,2878000.0,148688961.69001007,20697341.318770073,-14262730.931611229,39.9583043780403,116.17085654415295,0.3687529987825241,0.15835439532661574,-1.7922585880629673,1.162004561659094,7.338000055270885,-1.0036501663324782,10,50.0,-8368428.048899032,0.15653632844082208,1.4087001342185859,84.6163429637146,100.0,6.740792216817234,,,,
USDJPY CALL-upout  ATM  2M  H@5Δ  [50DMA > 200DMA (golden cross)],single,1426,10000000.0,151279319.90537983,2852000.0,181819035.34667405,30539715.44129425,-26404127.239902332,38.49929873772791,120.18763401395236,0.43207144028187217,-0.0013541486327591113,-4.389703528405722,1.944841460914208,-1436.209743794184,-1.946195609546967,10,50.0,-16491516.087277813,0.12565671002108728,1.4744805969385448,155.7969389298222,100.0,8.134642356241233,,,,
USDJPY CALL-upout  ATM  10W  H@5Δ  [50DMA > 200DMA (golden cross)],single,1419,10000000.0,161253507.2951327,2838000.0,200021655.59035718,38768148.29522452,-29251659.505354144,39.0415785764623,124.04173958478277,0.47213276693001344,-0.019812174219138612,-3.7709986460314155,1.9199117237414323,-96.90565520500988,-1.9397238979605709,10,50.0,-16270330.745091481,0.14415645083669928,1.5414966717454968,155.6183662694389,100.0,7.6109936575052854,,,,
USDJPY CALL-upout  ATM  3M  H@5Δ  [50DMA > 200DMA (golden cross)],single,1405,10000000.0,181282193.68656185,2810000.0,219880538.27025908,38598344.58369722,-32422727.828639537,36.58362989323843,121.29185652421772,0.38479238172739005,-0.1055521185925556,-3.1918682898472968,1.9019642700256507,-18.019195591587042,-2.0075163886182064,10,50.0,-16956994.843284305,0.13026358328303464,1.4380544246478553,167.66503075886814,100.0,9.03914590747331,,,,
USDJPY CALL-upout  45Δ  1M  H@5Δ  [50DMA > 200DMA (golden cross)],single,1446,10000000.0,91728464.46260047,2892000.0,103141926.20777142,11413461.74517095,-8497794.958241617,36.09958506224066,112.44266086000432,0.31194163678862463,0.09066589507550067,-1.0768498655183814,0.9984422631960622,11.012324561122176,-0.9077763681205615,10,50.0,-3006928.676062354,0.1444979166837379,1.3268223050626078,50.80144775117039,100.0,6.016597510373444,,,,
USDJPY CALL-upout  45Δ  6W  H@5Δ  [50DMA > 200DMA (golden cross)],single,1439,10000000.0,106106536.29112718,2878000.0,123271497.76990315,17164961.478775986,-14212714.158409627,36.69214732453092,116.17710093907887,0.3462243620832235,0.07961866179604235,-2.0103057664321944,1.2080806476297279,15.173335250527643,-1.1284619858336855,10,50.0,-7715223.438393209,0.13027739989371748,1.3868773386785291,81.12907818371382,100.0,6.740792216817234,,,,
USDJPY CALL-upout  45Δ  2M  H@5Δ  [50DMA > 200DMA (golden cross)],single,1426,10000000.0,125658986.58877367,2852000.0,153381879.08349684,27722892.49472314,-24080118.551139757,36.39551192145862,122.06200546996924,0.43868183364061575,-0.08646051138263819,-4.647575083685247,1.9715376508959226,-22.802752601944704,-2.057998162278561,10,50.0,-14672703.596825056,0.1250755541273735,1.4892117121467867,141.4779636307213,100.0,8.134642356241233,,,,
USDJPY CALL-upout  45Δ  10W  H@5Δ  [50DMA > 200DMA (golden cross)],single,1419,10000000.0,134089746.38672744,2838000.0,169575103.82183337,35485357.43510598,-26727723.66666134,36.927413671599716,126.46388586101347,0.48402288306250835,-0.10471097128080989,-3.9664752100384,1.9272805780926372,-18.40571770578013,-2.0319915493734473,10,50.0,-14090918.039287291,0.14440982588987772,1.5724018000241828,139.64125022436718,100.0,7.6109936575052854,,,,
USDJPY CALL-upout  45Δ  3M  H@5Δ  [50DMA > 200DMA (golden cross)],single,1405,10000000.0,151150160.74466622,2810000.0,186354833.9179517,35204673.173285455,-30699428.811496563,34.519572953736656,123.29119135556579,0.38678827343668054,-0.2359930257998693,-3.535099415587303,1.8646776964267544,-7.901410179841794,-2.100670722226624,10,50.0,-15397735.114559477,0.12547982778310646,1.4487715802698569,155.55857066602363,100.0,9.03914590747331,,,,
USDJPY CALL-upout  40Δ  1M  H@5Δ  [50DMA > 200DMA (golden cross)],single,1446,10000000.0,74245037.28144866,2892000.0,83093362.63786846,8848325.35641981,-8011501.484078084,32.572614107883815,111.91773306393196,0.28305563812991436,-0.0011095248714730666,-1.2594863063629411,1.0112632165566366,-911.4380781874927,-1.0123727414281096,10,50.0,-2672055.602750545,0.11882220625057577,1.2945132925965415,46.31292284543932,100.0,6.016597510373444,,,,
USDJPY CALL-upout  40Δ  6W  H@5Δ  [50DMA > 200DMA (golden cross)],single,1439,10000000.0,85799554.20479995,2878000.0,98956699.50648764,13157145.301687693,-13854842.488906052,33.14801945795691,115.3347478592746,0.3084882160721393,-0.03214646668466985,-2.2875554373706413,1.2712700024981483,-39.54618138809007,-1.303416469182818,10,50.0,-6908782.70579702,0.10243853264746929,1.3452003793113105,77.39989656983536,100.0,6.740792216817234,,,,
USDJPY CALL-upout  40Δ  2M  H@5Δ  [50DMA > 200DMA (golden cross)],single,1426,10000000.0,101513713.47618675,2852000.0,125732267.44745757,24218553.971270822,-21231204.68294326,33.02945301542777,123.85742097490306,0.44120152696809684,-0.17645285771752123,-4.7860580663368495,1.9841828733442641,-11.244832750290113,-2.1606357310617854,10,50.0,-12378558.544005027,0.1239270430066407,1.5029380247691777,123.30310400641078,100.0,8.134642356241233,,,,
USDJPY CALL-upout  40Δ  10W  H@5Δ  [50DMA > 200DMA (golden cross)],single,1419,10000000.0,108289980.48639227,2838000.0,139232911.65306032,30942931.166668046,-24149900.12768637,33.54474982381959,128.57414049544164,0.4846158370259263,-0.2202946756598756,-4.154283902576763,1.9428783494084636,-8.819452143310874,-2.163173025068339,10,50.0,-11795199.100712521,0.139365618002485,1.5900033470299124,123.68131755591195,100.0,7.6109936575052854,,,,
USDJPY CALL-upout  40Δ  3M  H@5Δ  [50DMA > 200DMA (golden cross)],single,1405,10000000.0,122003459.62994549,2810000.0,153854510.24858513,31851050.618639663,-27744156.916844085,31.672597864768683,126.10667821654289,0.39657600098707485,-0.3755043524694914,-3.918972843130636,1.8629358502470401,-4.961156476604085,-2.2384402027165313,10,50.0,-13233884.778494094,0.1256192286741485,1.4739577267900341,137.51914830042787,100.0,9.03914590747331,,,,
USDJPY CALL-upout  35Δ  1M  H@5Δ  [50DMA > 200DMA (golden cross)],single,1446,10000000.0,58570409.24358623,2892000.0,64530119.637329176,5959710.39374295,-7528814.872747545,28.769017980636235,110.17529238861441,0.22918977657850448,-0.11180773831519257,-1.408336358509976,1.0318204745082318,-9.228524698348421,-1.1436282128234243,10,50.0,-2442024.764243696,0.08516261409699255,1.2342686771590707,42.64337526115998,100.0,6.016597510373444,,,,
USDJPY CALL-upout  35Δ  6W  H@5Δ  [50DMA > 200DMA (golden cross)],single,1439,10000000.0,67591128.97910084,2878000.0,76615924.04469523,9024795.06559439,-13138955.80317316,29.25642807505212,113.35204072177115,0.2530883342645581,-0.18689252109251123,-2.7626787521116634,1.3727998912076615,-7.34539768195502,-1.5596924123001727,10,50.0,-6068461.046032396,0.07409344157334256,1.2817219126146024,72.60874126427402,100.0,6.740792216817234,,,,
USDJPY CALL-upout  35Δ  2M  H@5Δ  [50DMA > 200DMA (golden cross)],single,1426,10000000.0,79860382.65223905,2852000.0,99723395.92586143,19863013.273622368,-18255266.785254184,29.66339410939691,124.87217392899063,0.42887557969456364,-0.29194428273430795,-4.846512907871033,2.0003618252113706,-6.851861617142391,-2.2923061079456786,10,50.0,-10022401.519305065,0.11820870624407183,1.4978841521563424,105.10067472561136,100.0,8.134642356241233,,,,
USDJPY CALL-upout  35Δ  10W  H@5Δ  [50DMA > 200DMA (golden cross)],single,1419,10000000.0,85151535.32712716,2838000.0,111042314.93517935,25890779.608052194,-21177693.100139838,30.303030303030305,130.4055346842396,0.47749600880210125,-0.37566483300140635,-4.451300602305908,2.014021932531136,-5.361220310242871,-2.3896867655325424,10,50.0,-9737648.056263732,0.13297684058940082,1.595361007241275,107.40973955594677,100.0,7.6109936575052854,,,,
USDJPY CALL-upout  35Δ  3M  H@5Δ  [50DMA > 200DMA (golden cross)],single,1405,10000000.0,95860748.06044298,2810000.0,124084884.5025778,28224136.442134805,-24197431.964927983,28.68327402135231,129.44285018967167,0.4087213272044299,-0.5363119662714191,-4.396509478545289,1.9299325792609192,-3.598526045723564,-2.466244545532338,10,50.0,-10869704.717800947,0.1276307372043035,1.5065629466772716,117.94583621179731,100.0,9.03914590747331,,,,
USDJPY CALL-upout  30Δ  1M  H@5Δ  [50DMA > 200DMA (golden cross)],single,1446,10000000.0,44582263.51878432,2892000.0,47667153.56742832,3084890.0486439904,-6939631.97311407,23.92807745504841,106.91954558867161,0.14767642602588385,-0.25685401897229,-1.6160074170008631,1.059365246781159,-4.124386494008668,-1.3162192657534488,10,40.0,-2166797.5671797413,0.047824858776812924,1.1459876221655476,39.31045986307093,100.0,6.016597510373444,,,,
USDJPY CALL-upout  30Δ  6W  H@5Δ  [50DMA > 200DMA (golden cross)],single,1439,10000000.0,51339434.281936504,2878000.0,56462131.4371714,5122697.1552348975,-11952340.668726653,25.017373175816537,109.97809427954155,0.17911974737315836,-0.3984561839879244,-3.5960435565923703,1.532480724856587,-3.8460457797864933,-1.9309369088445114,10,50.0,-5328535.1060491195,0.04623267153976541,1.1942749901718528,65.9475019518423,100.0,6.740792216817234,,,,
USDJPY CALL-upout  30Δ  2M  H@5Δ  [50DMA > 200DMA (golden cross)],single,1426,10000000.0,60530549.87570793,2852000.0,75694624.72603418,15164074.85032624,-15246043.575236423,26.227208976157083,125.05193638825985,0.40369023567840745,-0.4609472251343932,-4.849751059758746,2.038599282238392,-4.422630555252872,-2.499546507372785,10,50.0,-7718640.574524104,0.1080565949988004,1.4750330239654144,86.98270171274511,100.0,8.134642356241233,,,,
USDJPY CALL-upout  30Δ  10W  H@5Δ  [50DMA > 200DMA (golden cross)],single,1419,10000000.0,64494450.628295675,2838000.0,84593688.29559977,20099237.667304095,-18070026.4659382,26.497533474277663,131.1642900613932,0.4523470314293326,-0.5989995646774005,-4.758206893871154,2.1362742904079197,-3.5664037444809162,-2.73527385508532,10,50.0,-7840597.103511315,0.1209846659746958,1.5737295815688594,91.11236520072883,100.0,7.6109936575052854,,,,
USDJPY CALL-upout  30Δ  3M  H@5Δ  [50DMA > 200DMA (golden cross)],single,1405,10000000.0,72518574.87486106,2810000.0,96369632.8116552,23851057.93679412,-20508707.976059183,25.33807829181495,132.88958446570663,0.4164216014860325,-0.7733546265064725,-5.228927112837692,2.1308805273716644,-2.755373090606099,-2.904235153878137,10,50.0,-8725282.765312884,0.12725452623279823,1.5360048301652043,99.04247314381688,100.0,9.03914590747331,,,,
USDJPY CALL-upout  25Δ  1M  H@5Δ  [50DMA > 200DMA (golden cross)],single,1446,10000000.0,32224389.657624006,2892000.0,32883009.878961205,658620.2213371992,-5949180.352238829,19.70954356846473,102.04385630987854,0.04147642550049273,-0.44700199579196226,-1.7951393985738755,1.0866889881256354,-2.4310607074590957,-1.5336909839175976,10,30.0,-1835888.3140240805,0.01191045551997655,1.0395395267835041,34.209782362036364,100.0,6.016597510373444,,,,
USDJPY CALL-upout  25Δ  6W  H@5Δ  [50DMA > 200DMA (golden cross)],single,1439,10000000.0,36979434.168567136,2878000.0,38729883.88041468,1750449.7118475456,-10177278.232025554,19.59694232105629,104.73357624637597,0.0807410494144831,-0.6804292636603686,-4.512834719560654,1.6957495138498186,-2.492176048877639,-2.3761787775101872,10,40.0,-4361953.47111887,0.018553304046510285,1.083862655670639,56.34167098471511,100.0,6.740792216817234,,,,
USDJPY CALL-upout  25Δ  2M  H@5Δ  [50DMA > 200DMA (golden cross)],single,1426,10000000.0,43447139.57186183,2852000.0,53645843.203048915,10198703.631187081,-12134026.707816053,22.510518934081347,123.4738206742434,0.354494477974709,-0.7370371835649783,-4.850112693751441,2.115327127400856,-2.8700412605633017,-2.852364310965834,10,30.0,-5555626.843279828,0.09131298512400163,1.4191448424206687,68.39235878115375,100.0,8.134642356241233,,,,
USDJPY CALL-upout  25Δ  10W  H@5Δ  [50DMA > 200DMA (golden cross)],single,1419,10000000.0,46236441.37812602,2838000.0,60529506.74264353,14293065.364517506,-14376637.74653564,22.48062015503876,130.9129875450999,0.4184364805185729,-0.8555435121410637,-4.853102667812459,2.262190994651178,-2.6441565654444275,-3.1177345067922415,10,40.0,-5790481.756178475,0.10813781318630687,1.5320310596605462,71.65710378788985,100.0,7.6109936575052854,,,,
USDJPY CALL-upout  25Δ  3M  H@5Δ  [50DMA > 200DMA (golden cross)],single,1405,10000000.0,51883990.457573906,2810000.0,70544764.82776265,18660774.370188735,-16585289.410262972,21.99288256227758,135.9663437712021,0.41498826338164285,-1.0368293740820542,-5.807621559000748,2.3369852792261328,-2.253972869253591,-3.373814653308187,10,40.0,-6573982.981514261,0.12311486686347552,1.5497494462097245,79.51837485878085,100.0,9.03914590747331,,,,
USDJPY CALL-upout  ATM  1M  H@5Δ  [Realized vol (20d) < 252d p75],single,1816,10000000.0,126722362.94575611,3632000.0,154498267.00054425,27775904.054788116,-7993570.999728516,41.464757709251096,121.91870748707365,0.6279211879021647,0.3356521382178206,-2.3549640996244667,1.2061962841731946,3.593590347964465,-0.870544145955374,10,70.0,-5124628.945464129,0.3785158219812839,1.6983991821559703,34.578495333364835,100.0,4.5154185022026425,,,,
USDJPY CALL-upout  ATM  6W  H@5Δ  [Realized vol (20d) < 252d p75],single,1809,10000000.0,147656247.21974617,3618000.0,179761940.73905024,32105693.51930406,-12871212.144202938,40.68546158098397,121.74353887751425,0.560551182142298,0.15063465782353086,-2.8230705583652873,1.3768645794978924,9.140423587717079,-1.2262299216743615,10,60.0,-7561710.781279993,0.27228699257382766,1.5876510118702323,59.63118435084902,100.0,5.306799336650083,,,,
USDJPY CALL-upout  ATM  2M  H@5Δ  [Realized vol (20d) < 252d p75],single,1796,10000000.0,176759657.48723853,3592000.0,220599451.57227114,43839794.08503262,-19130674.599724654,40.81291759465479,124.80192296604653,0.5899893846877576,0.27750267119109184,-2.78988561624434,1.570083252408968,5.657903203849843,-1.2925805812178761,10,60.0,-10120277.44390874,0.25173105496157194,1.6050405505424137,92.5867401034663,100.0,6.291759465478843,,,,
USDJPY CALL-upout  ATM  10W  H@5Δ  [Realized vol (20d) < 252d p75],single,1793,10000000.0,189468193.4961245,3586000.0,246278147.39114973,56809953.89502523,-22239020.8054235,41.21583937534858,129.9839001189333,0.6886306363526946,0.29586188091328325,-3.231321424302799,1.771593754013404,5.9879081027429,-1.4757318731001208,10,60.0,-11604122.769944195,0.2828242764486357,1.7048808546732637,95.6682601705066,100.0,5.6887897378694925,,,,
USDJPY CALL-upout  ATM  3M  H@5Δ  [Realized vol (20d) < 252d p75],single,1792,10000000.0,216539138.15132755,3584000.0,302233806.32987523,85694668.17854771,-29177574.193541344,41.908482142857146,139.5746786978806,0.7866665247725882,0.30031530445587207,-3.659440157648938,2.0501909252264694,6.826794688139917,-1.7498756207705974,10,60.0,-13484135.351321721,0.32507300365596514,1.909123578548123,108.17611222239798,100.0,5.915178571428571,,,,
USDJPY CALL-upout  45Δ  1M  H@5Δ  [Realized vol (20d) < 252d p75],single,1816,10000000.0,105022308.86432916,3632000.0,127255249.7530268,22232940.88869764,-8006705.062323609,38.27092511013216,121.16973158285708,0.5658290005169839,0.19059453773182702,-2.6115815977726364,1.2725761787307657,6.676876440820793,-1.0819816409989387,10,60.0,-4791450.454351022,0.30248215156167885,1.6106470274065878,35.718375698304236,100.0,4.5154185022026425,,,,
USDJPY CALL-upout  45Δ  6W  H@5Δ  [Realized vol (20d) < 252d p75],single,1809,10000000.0,122464819.99190752,3618000.0,148347159.744741,25882339.752833482,-12668421.298884682,37.42399115533444,121.13451010220224,0.5100450079105463,0.008105767676803072,-3.0096696027985868,1.4565588713443518,179.69413008378018,-1.4484531036675488,10,60.0,-6684999.334122551,0.22302077672969417,1.5355661210352995,58.474417308610214,100.0,5.306799336650083,,,,
USDJPY CALL-upout  45Δ  2M  H@5Δ  [Realized vol (20d) < 252d p75],single,1796,10000000.0,146871085.1695451,3592000.0,183840626.65643892,36969541.48689385,-18914745.87525499,37.91759465478842,125.17142257389666,0.5547962465296105,0.1397383999394049,-3.0142390639465324,1.6056441009692906,11.490356993249886,-1.4659057010298857,10,60.0,-8986581.542891268,0.21470498524245563,1.5782312073910627,94.1954220653444,100.0,6.291759465478843,,,,
USDJPY CALL-upout  45Δ  10W  H@5Δ  [Realized vol (20d) < 252d p75],single,1793,10000000.0,157593999.95085126,3586000.0,206699440.3114972,49105440.360645935,-21659283.226523593,38.65030674846626,131.15946062411032,0.6634074680855547,0.16111976648107504,-3.5920437365539843,1.831909485842406,11.36986184781729,-1.670789719361331,10,60.0,-10361342.740134606,0.2510113958010332,1.694407557737759,97.26531691968258,100.0,5.6887897378694925,,,,
USDJPY CALL-upout  45Δ  3M  H@5Δ  [Realized vol (20d) < 252d p75],single,1792,10000000.0,180578003.68203053,3584000.0,257216157.1544922,76638153.47246166,-27463895.049684107,40.066964285714285,142.44046999622913,0.7728091828086495,0.1358648264573263,-4.008851826707276,2.134000632916764,15.706792468373193,-1.9981358064594374,10,60.0,-12026880.892533178,0.3088582356247694,1.9230772797170537,107.0731258136797,100.0,5.915178571428571,,,,
USDJPY CALL-upout  40Δ  1M  H@5Δ  [Realized vol (20d) < 252d p75],single,1816,10000000.0,85059987.86095558,3632000.0,101784373.84191999,16724385.980964404,-8269605.40595029,33.97577092511013,119.66187205234871,0.49213996844923413,0.017000815998210222,-2.8996500655049577,1.361522539458277,80.08571703861818,-1.3445217234600668,10,50.0,-4329421.543550222,0.22030383943184895,1.5125345427926595,38.35049792445739,100.0,4.5154185022026425,,,,
USDJPY CALL-upout  40Δ  6W  H@5Δ  [Realized vol (20d) < 252d p75],single,1809,10000000.0,99075232.44919968,3618000.0,118308308.53360218,19233076.084402516,-12187115.478344703,34.16252072968491,119.41259748672724,0.43910762661368846,-0.18280437477438755,-3.188802547149721,1.565639287372864,-8.564561374995186,-1.7484436621472514,10,60.0,-5714001.6543707065,0.1722709748566206,1.4544878880770196,56.8292071209999,100.0,5.306799336650083,,,,
USDJPY CALL-upout  40Δ  2M  H@5Δ  [Realized vol (20d) < 252d p75],single,1796,10000000.0,118688320.41308092,3592000.0,148278778.8325597,29590458.419478822,-18084393.481966108,34.29844097995546,124.93123023098876,0.509326308414745,-0.03570365522831135,-3.2835055602546017,1.6827460461935129,-47.13091798116998,-1.7184497014218243,10,60.0,-7741402.985032321,0.17974065518916543,1.5429832378292896,91.87846641437045,100.0,6.291759465478843,,,,
USDJPY CALL-upout  40Δ  10W  H@5Δ  [Realized vol (20d) < 252d p75],single,1793,10000000.0,127307306.1125949,3586000.0,167713272.0635128,40405965.9509179,-20719607.73307657,34.96932515337423,131.73892150006026,0.6239310337845884,-0.022153777756916092,-4.096516893930993,1.9426344223661938,-87.68863006941248,-1.9647882001231098,10,60.0,-9027338.747921303,0.21590956060262703,1.6693619562826802,96.87813400202015,100.0,5.6887897378694925,,,,
USDJPY CALL-upout  40Δ  3M  H@5Δ  [Realized vol (20d) < 252d p75],single,1792,10000000.0,145785014.97499132,3584000.0,211748075.63261428,65963060.65762299,-26497292.20889876,36.328125,145.24680445993616,0.7498599205774333,-0.08481796741032384,-4.384483094641349,2.2938090844948404,-27.043905372054972,-2.3786270519051644,10,60.0,-10407631.032928769,0.2755342481361681,1.9300694461076813,109.65572701876006,100.0,5.915178571428571,,,,
USDJPY CALL-upout  35Δ  1M  H@5Δ  [Realized vol (20d) < 252d p75],single,1816,10000000.0,67165545.37756607,3632000.0,78305927.30626132,11140381.92869525,-8754505.231682962,29.019823788546255,116.58645346519623,0.3898803143675052,-0.20417709243676466,-3.27263998237376,1.4792187676756028,-7.244783192971215,-1.6833958601123675,10,50.0,-3805109.8234870075,0.13861976067665718,1.3869609710140611,42.46184209256778,100.0,4.5154185022026425,,,,
USDJPY CALL-upout  35Δ  6W  H@5Δ  [Realized vol (20d) < 252d p75],single,1809,10000000.0,78106007.1726025,3618000.0,90906489.30829227,12800482.13568976,-12276513.229164332,29.629629629629626,116.38860133690179,0.3491386761380486,-0.4195659997101844,-3.3737836917942667,1.706061057092034,-4.066251932402762,-2.1256270568022186,10,60.0,-4741135.337193284,0.113819213341548,1.3551527795475207,59.34393434476913,100.0,5.306799336650083,,,,
USDJPY CALL-upout  35Δ  2M  H@5Δ  [Realized vol (20d) < 252d p75],single,1796,10000000.0,93418139.155578,3592000.0,115299301.18304045,21881162.027462438,-17016450.149022087,30.679287305122493,123.4228194066483,0.4438743784366701,-0.28906074393015146,-3.70393221071583,1.8587707716305482,-6.430381193787078,-2.1478315155606995,10,60.0,-6451223.659205599,0.14125375161482306,1.4796700258717157,88.67197694135488,100.0,6.291759465478843,,,,
USDJPY CALL-upout  35Δ  10W  H@5Δ  [Realized vol (20d) < 252d p75],single,1793,10000000.0,100149140.42540818,3586000.0,131749296.89095111,31600156.46554293,-19631410.887403715,30.730619074177355,131.55309804089526,0.571638386237268,-0.24599397417833635,-4.6891614660071514,2.112588947632058,-8.587970313860252,-2.3585829218103944,10,50.0,-7601494.881833893,0.1782155638878307,1.623853671166346,94.92391392100427,100.0,5.6887897378694925,,,,
USDJPY CALL-upout  35Δ  3M  H@5Δ  [Realized vol (20d) < 252d p75],single,1792,10000000.0,114583059.6736589,3584000.0,169344252.91989595,54761193.246237025,-25033657.672367178,32.254464285714285,147.7917009741239,0.7174295712162293,-0.38188175008383957,-4.783881483388246,2.5582690053737345,-6.699113023369365,-2.940150755457574,10,60.0,-8646454.950613387,0.24211677388996913,1.9233840379849938,109.00430014333219,100.0,5.915178571428571,,,,
USDJPY CALL-upout  30Δ  1M  H@5Δ  [Realized vol (20d) < 252d p75],single,1816,10000000.0,51198777.54202005,3632000.0,57343164.37062237,6144386.828602312,-8547256.029942306,23.953744493392072,112.00104206308339,0.26788659276702514,-0.46323658965993025,-3.7113545264294445,1.6125801607993517,-3.4811156907600367,-2.075816750459282,10,40.0,-3166091.8942621923,0.07830842828421906,1.2506136954042872,43.000465454346205,100.0,4.5154185022026425,,,,
USDJPY CALL-upout  30Δ  6W  H@5Δ  [Realized vol (20d) < 252d p75],single,1809,10000000.0,59393112.55937907,3618000.0,65909096.324876234,6515983.76549717,-11983211.922191339,24.820342730790493,110.97094172153838,0.22139882956606755,-0.7547527543365572,-3.879965674648505,1.9207351177462035,-2.5448534062450268,-2.6754878720827606,10,40.0,-3835200.6080515357,0.059356876836775346,1.214696898385447,60.0971873476215,100.0,5.306799336650083,,,,
USDJPY CALL-upout  30Δ  2M  H@5Δ  [Realized vol (20d) < 252d p75],single,1796,10000000.0,70863114.02922313,3592000.0,85181889.93467817,14318775.905455038,-15519884.994568517,25.83518930957684,120.20624707453607,0.35488277643770416,-0.683777424090693,-4.751595308483699,2.2241744647386534,-3.252775517846944,-2.9079518888293463,10,50.0,-5267354.237864827,0.10134818336387458,1.3887636759370998,83.38196768545757,100.0,6.291759465478843,,,,
USDJPY CALL-upout  30Δ  10W  H@5Δ  [Realized vol (20d) < 252d p75],single,1793,10000000.0,75907347.20907964,3586000.0,98578480.6027855,22671133.39370585,-18023591.525590267,26.93809258226436,129.86684982055868,0.4978300658045008,-0.5622629251495888,-5.4379812891208426,2.38686103552248,-4.245097673632778,-2.949123960672069,10,40.0,-6202151.966959724,0.1392643014434517,1.552092193606233,89.58489213815703,100.0,5.6887897378694925,,,,
USDJPY CALL-upout  30Δ  3M  H@5Δ  [Realized vol (20d) < 252d p75],single,1792,10000000.0,86728235.44218165,3584000.0,129679891.20556809,42951655.763386436,-23402181.556788854,27.734375,149.52442021263147,0.6675938337160447,-0.8251613114020604,-5.693812388007388,2.990084000659107,-3.623635717455719,-3.815245312061167,10,60.0,-6895265.25972115,0.20314205931079465,1.8760482860890157,107.18354933882112,100.0,5.915178571428571,,,,
USDJPY CALL-upout  25Δ  1M  H@5Δ  [Realized vol (20d) < 252d p75],single,1816,10000000.0,37095048.250320174,3632000.0,39366638.03789661,2271589.787576438,-7545194.399697692,19.658590308370044,106.1237008569111,0.13207233660727846,-0.7631434419150169,-4.206156664852701,1.765874950816714,-2.3139489299488214,-2.529018392731731,10,40.0,-2446809.084117556,0.03279564260662597,1.1158949433591745,38.1060394088805,100.0,4.5154185022026425,,,,
USDJPY CALL-upout  25Δ  6W  H@5Δ  [Realized vol (20d) < 252d p75],single,1809,10000000.0,42861074.655893475,3618000.0,44203746.09246037,1342671.4365668986,-10795933.786743624,19.016030956329462,103.13261262659982,0.06065806493962825,-1.2291100198363445,-4.878576798804583,2.2643532483369033,-1.8422705956285355,-3.493463268173248,10,40.0,-3019568.265209862,0.013576062407183634,1.0539908296601568,55.91623722198961,100.0,5.306799336650083,,,,
USDJPY CALL-upout  25Δ  2M  H@5Δ  [Realized vol (20d) < 252d p75],single,1796,10000000.0,50932597.3946731,3592000.0,58321162.188352555,7388564.793679453,-13155509.155926557,20.99109131403118,114.50655409624208,0.23698267124539046,-1.2332800154402528,-6.8365025841902405,2.733362844058759,-2.2163359576397665,-3.9666428594990117,10,50.0,-4068640.817527002,0.061695146520734184,1.2543284446333438,72.59572378133929,100.0,6.291759465478843,,,,
USDJPY CALL-upout  25Δ  10W  H@5Δ  [Realized vol (20d) < 252d p75],single,1793,10000000.0,54484578.19549075,3586000.0,68748654.68114612,14264076.485655371,-15056953.292156337,22.364751812604574,126.18002553764084,0.4023741292773545,-0.9584228862268436,-5.818227213741295,2.657486755118149,-2.772770551817941,-3.6159096413449925,10,40.0,-4684176.48556818,0.104885261369414,1.4446828096488384,76.56848892899195,100.0,5.6887897378694925,,,,
USDJPY CALL-upout  25Δ  3M  H@5Δ  [Realized vol (20d) < 252d p75],single,1792,10000000.0,62108713.867245056,3584000.0,94269293.06751996,32160579.200274892,-20221663.03149341,23.214285714285715,151.78110638229745,0.6222731795062177,-1.5630152392253014,-9.315586807452448,3.9641626323005124,-2.5362277556969466,-5.527177871525813,10,60.0,-5865661.1196681,0.17602861713811804,1.807800366311465,96.19657177378879,100.0,5.915178571428571,,,,
USDJPY CALL-upout  ATM  1M  H@5Δ  [Realized vol (20d) < 252d median],single,1366,10000000.0,93554338.15647063,2732000.0,117231960.11039224,23677621.95392163,-6492531.829421502,42.89897510980966,125.30895137574545,0.6144440902731331,0.17981183375543602,-1.6380423995121982,1.1605020347347363,6.453980310957439,-0.9806902009793004,10,60.0,-2156447.8327882695,0.3972653307398428,1.7945605717173443,22.654189768150186,100.0,4.831625183016105,,,,
USDJPY CALL-upout  ATM  6W  H@5Δ  [Realized vol (20d) < 252d median],single,1359,10000000.0,108734660.14593917,2718000.0,134041174.84264569,25306514.69670651,-9263672.232534137,41.79543782192789,123.27364123154578,0.546428681630652,-0.05324727157756193,-1.6992980702921467,1.3465479891995282,-25.288581918006766,-1.3997952607770903,10,50.0,-3359455.9049729942,0.29820398600111947,1.6455154158328649,36.61334826270937,100.0,5.739514348785872,,,,
USDJPY CALL-upout  ATM  2M  H@5Δ  [Realized vol (20d) < 252d median],single,1348,10000000.0,130214797.63427855,2696000.0,169476421.2143356,39261623.58005704,-11111726.987279823,42.50741839762611,130.15143001667698,0.6382967044647719,0.2990730106260696,-1.5930402784545679,1.4242242927358408,4.7621291194227675,-1.1251512821097713,10,60.0,-5741259.9030556455,0.39155224122676724,1.7588613230318528,55.111338840486056,100.0,6.379821958456973,,,,
USDJPY CALL-upout  ATM  10W  H@5Δ  [Realized vol (20d) < 252d median],single,1348,10000000.0,139839099.152748,2696000.0,192345546.24743497,52506447.094686985,-13838525.198925214,43.99109792284867,137.54775839719443,0.7624657593437786,0.32259561983195456,-1.784466247502184,1.559542385262413,4.83435697631234,-1.2369467654304585,10,60.0,-6796324.044658186,0.4207164111540815,1.9270928175029702,58.15913080210886,100.0,6.231454005934718,,,,
USDJPY CALL-upout  ATM  3M  H@5Δ  [Realized vol (20d) < 252d median],single,1348,10000000.0,160050297.5926714,2696000.0,232548238.3337736,72497940.7411022,-20098318.32388037,43.47181008902077,145.29697340870285,0.7884438634597057,0.1596948931570748,-4.089720812174806,2.0121751545543507,12.600122112703936,-1.852480261397276,10,60.0,-12587539.488578029,0.3997320510960865,2.0796157776983937,76.30522252274069,100.0,6.157270029673591,,,,
USDJPY CALL-upout  45Δ  1M  H@5Δ  [Realized vol (20d) < 252d median],single,1366,10000000.0,77553114.99303052,2732000.0,97074772.5857104,19521657.592679895,-5915246.957408959,39.82430453879942,125.17198386477997,0.570278982674036,0.05837384410696811,-1.7603670479873579,1.239718312766996,21.237565072727673,-1.1813444686600278,10,50.0,-1995236.5525272945,0.3595013134079678,1.7248526144599028,22.281678929534078,100.0,4.831625183016105,,,,
USDJPY CALL-upout  45Δ  6W  H@5Δ  [Realized vol (20d) < 252d median],single,1359,10000000.0,90208042.9629228,2718000.0,110443467.58690372,20235424.623980906,-9268996.18201832,38.26342899190581,122.43195169669964,0.4921419116387446,-0.24140496835577654,-2.4553523742368495,1.49557338663946,-6.19528834400509,-1.7369783549952367,10,50.0,-3496882.2229361394,0.23831090002309402,1.5782517823735855,36.782095865266264,100.0,5.739514348785872,,,,
USDJPY CALL-upout  45Δ  2M  H@5Δ  [Realized vol (20d) < 252d median],single,1348,10000000.0,108234604.0848507,2696000.0,141738526.87435848,33503922.7895078,-11848193.690621752,39.46587537091988,130.95490861983689,0.605831781012846,0.16929926908009232,-1.7788072701836508,1.4977316489114803,8.84665159542379,-1.328432379831388,10,50.0,-5144526.1448826175,0.31336214796627954,1.7278012062103671,58.495775779145205,100.0,6.379821958456973,,,,
USDJPY CALL-upout  45Δ  10W  H@5Δ  [Realized vol (20d) < 252d median],single,1348,10000000.0,116359423.40102407,2696000.0,162294291.84710628,45934868.44608219,-12840734.626902422,41.17210682492581,139.4767068308435,0.7419289102521881,0.19506736971973077,-2.208621483872081,1.6330559060715053,8.371753350741594,-1.4379885363517746,10,60.0,-5963115.094059713,0.3966607566487757,1.9237957291324232,54.1920895070252,100.0,6.231454005934718,,,,
USDJPY CALL-upout  45Δ  3M  H@5Δ  [Realized vol (20d) < 252d median],single,1348,10000000.0,133538697.53191134,2696000.0,198576036.6626714,65037339.13076003,-19308007.201878153,42.13649851632047,148.70299046852563,0.7757504391760364,0.0012749721066379171,-4.370053245844261,2.0598029471696377,1615.5670672680897,-2.058527975063,10,60.0,-10914973.99945284,0.3732745100776192,2.102140341197442,75.22742706876919,100.0,6.157270029673591,,,,
USDJPY CALL-upout  40Δ  1M  H@5Δ  [Realized vol (20d) < 252d median],single,1366,10000000.0,62820133.04276936,2732000.0,77995174.99785474,15175041.955085382,-6221396.652899737,35.43191800878478,124.15633527034058,0.5119399456242189,-0.0979773459130775,-1.864706284630475,1.348947721278922,-13.76795532383238,-1.4469250671919995,10,50.0,-1832966.2785717172,0.26570435971068246,1.6328754930344052,23.92008050631854,100.0,4.831625183016105,,,,
USDJPY CALL-upout  40Δ  6W  H@5Δ  [Realized vol (20d) < 252d median],single,1359,10000000.0,72987074.53954555,2718000.0,87828333.17917827,14841258.639632722,-9073620.313084306,34.87858719646799,120.33409166384862,0.4160908379926885,-0.48516497486067145,-3.410539544999516,1.7064892797035902,-3.5173381594449515,-2.191654254564262,10,50.0,-3577469.955386515,0.17854776549340545,1.4767829035956457,36.70965218574194,100.0,5.739514348785872,,,,
USDJPY CALL-upout  40Δ  2M  H@5Δ  [Realized vol (20d) < 252d median],single,1348,10000000.0,87471729.9643551,2696000.0,114693623.06264995,27221893.09829485,-12074296.547775084,35.83086053412463,131.1207896647155,0.5629309831899184,0.0035437840507446692,-2.1712291877769534,1.6211797193671398,457.4713628575858,-1.6176359353163952,10,40.0,-4689335.336799413,0.24983858279882692,1.686985862933787,59.17152219465972,100.0,6.379821958456973,,,,
USDJPY CALL-upout  40Δ  10W  H@5Δ  [Realized vol (20d) < 252d median],single,1348,10000000.0,94002538.61869194,2696000.0,132063277.77720511,38060739.15851316,-13216848.789324101,37.388724035608305,140.48905457000603,0.7010676110353595,0.013278295240176544,-2.744919828819724,1.7424042177413406,131.22198190542525,-1.729125922501164,10,50.0,-5223819.876016261,0.31931250486917134,1.889319041039876,57.471085943179695,100.0,6.231454005934718,,,,
USDJPY CALL-upout  40Δ  3M  H@5Δ  [Realized vol (20d) < 252d median],single,1348,10000000.0,107812461.50097847,2696000.0,163836309.05559814,56023847.55461968,-18932941.647076502,38.13056379821958,151.96416701246653,0.7518022718396655,-0.21183582671438494,-4.623755829996008,2.1497909968709905,-10.148382500801063,-2.3616268235853752,10,50.0,-9132405.878556695,0.3279124128301378,2.113765022370666,76.47886968016462,100.0,6.157270029673591,,,,
USDJPY CALL-upout  35Δ  1M  H@5Δ  [Realized vol (20d) < 252d median],single,1366,10000000.0,49613912.67772089,2732000.0,60185300.69998693,10571388.02226603,-6603524.976868208,30.30746705710102,121.30730565624812,0.4231218124379936,-0.3087600006896416,-2.5273544920428517,1.4838854256123626,-4.805950972593532,-1.7926454263020042,10,50.0,-1694724.3627728424,0.17438649955916177,1.502211109198866,27.210516148680565,100.0,4.831625183016105,,,,
USDJPY CALL-upout  35Δ  6W  H@5Δ  [Realized vol (20d) < 252d median],single,1359,10000000.0,57548981.65982801,2718000.0,67289133.27431913,9740151.61449111,-9057322.820809532,29.94849153789551,116.92497648709954,0.32351574168607755,-0.7671960444329098,-4.516910815076838,1.9619050223876042,-2.5572407947407894,-2.729101066820514,10,50.0,-3416038.5610849,0.11738974466324888,1.3630754707584083,38.328033397117004,100.0,5.739514348785872,,,,
USDJPY CALL-upout  35Δ  2M  H@5Δ  [Realized vol (20d) < 252d median],single,1348,10000000.0,68855840.73988685,2696000.0,89472790.34764344,20616949.607756577,-12015870.039440982,32.047477744807125,129.94219428042447,0.5001849770689161,-0.23413393920767164,-2.9497980460792883,1.8088208959757377,-7.725581784925907,-2.0429548351834095,10,40.0,-4366038.177766821,0.19013943914339765,1.6137944190497011,59.313947259965936,100.0,6.379821958456973,,,,
USDJPY CALL-upout  35Δ  10W  H@5Δ  [Realized vol (20d) < 252d median],single,1348,10000000.0,73956490.54182881,2696000.0,103866731.92660892,29910241.384780124,-13486258.217842188,32.566765578635014,140.44302422363225,0.6446360063759391,-0.20196280199527372,-3.27178605509278,1.8804941469906278,-9.311091589205791,-2.0824569489859015,10,40.0,-4549625.9080492575,0.24592069468364272,1.823115735364888,61.03397107936552,100.0,6.231454005934718,,,,
USDJPY CALL-upout  35Δ  3M  H@5Δ  [Realized vol (20d) < 252d median],single,1348,10000000.0,84743382.20478761,2696000.0,131070029.81289451,46326647.60810691,-18442685.897003245,34.124629080118694,154.66697977212633,0.714973213245988,-0.4875284339315721,-4.813376875318419,2.297043925952765,-4.711610166875253,-2.7845723598843373,10,50.0,-7339730.695364352,0.2783618574714589,2.1101009935656814,77.97486661868426,100.0,6.157270029673591,,,,
USDJPY CALL-upout  30Δ  1M  H@5Δ  [Realized vol (20d) < 252d median],single,1366,10000000.0,37830841.936300874,2732000.0,44149314.73911299,6318472.802812122,-6349698.260367487,25.109809663250367,116.70190902293716,0.3144224668822122,-0.5484268440338027,-3.1923177909548746,1.6163073781502177,-2.9471704307212856,-2.1647342221840207,10,50.0,-1497862.482759557,0.10839661084580897,1.3526373617016676,27.59764778285564,100.0,4.831625183016105,,,,
USDJPY CALL-upout  30Δ  6W  H@5Δ  [Realized vol (20d) < 252d median],single,1359,10000000.0,43772797.028760314,2718000.0,48708852.69304748,4936055.664287172,-8979419.347755114,24.797645327446652,111.27653702605296,0.2023374764082362,-1.1492042840006964,-6.080619809357239,2.330171345293431,-2.0276389304619222,-3.4793756292941276,10,40.0,-3081061.1067786124,0.06000619411802717,1.2152138892825466,40.17378444371181,100.0,5.739514348785872,,,,
USDJPY CALL-upout  30Δ  2M  H@5Δ  [Realized vol (20d) < 252d median],single,1348,10000000.0,52241193.09719636,2696000.0,66427597.33984457,14186404.24264821,-11416824.25479408,26.780415430267063,127.15559006520769,0.4181652226310673,-0.6090909885579059,-4.204440404694473,2.142840162093208,-3.5180953295116586,-2.7519311506511137,10,40.0,-3921389.9404623136,0.13769876233387082,1.5128364717549156,57.38290534951736,100.0,6.379821958456973,,,,
USDJPY CALL-upout  30Δ  10W  H@5Δ  [Realized vol (20d) < 252d median],single,1348,10000000.0,56064321.823969394,2696000.0,77943420.77692041,21879098.952951018,-13093607.984819254,28.486646884272997,139.02499529316873,0.5730519320918274,-0.47205692544299477,-3.7355658764623203,2.053186053530186,-4.3494458885512675,-2.5252429789731807,10,40.0,-3875213.633633465,0.18528349234815628,1.7367091860775175,61.25782409798721,100.0,6.231454005934718,,,,
USDJPY CALL-upout  30Δ  3M  H@5Δ  [Realized vol (20d) < 252d median],single,1348,10000000.0,64150634.44976856,2696000.0,100269494.3098851,36118859.86011654,-17853351.63453919,29.52522255192878,156.303199757749,0.6596196788494412,-0.8148903876870609,-4.9651386981071814,2.47912070278935,-3.042275059626052,-3.2940110904764106,10,50.0,-5674020.117723421,0.2241905464523075,2.0321680699986624,79.83582693693522,100.0,6.157270029673591,,,,
USDJPY CALL-upout  25Δ  1M  H@5Δ  [Realized vol (20d) < 252d median],single,1366,10000000.0,27423105.736443557,2732000.0,30359353.74686526,2936248.010421705,-5543272.142518678,20.790629575402637,110.70720449624207,0.1944897023140882,-0.7899211489904306,-3.893358143906182,1.753369498504336,-2.2196766104379577,-2.5432906474947665,10,50.0,-1384853.3789979627,0.05770098224628853,1.2050599771159953,24.407531319360743,100.0,4.831625183016105,,,,
USDJPY CALL-upout  25Δ  6W  H@5Δ  [Realized vol (20d) < 252d median],single,1359,10000000.0,31602791.44882179,2718000.0,32791390.108696893,1188598.6598750958,-8168260.486595553,19.05813097866078,103.76105592380955,0.06397427449264857,-1.5262963879386935,-7.355290548625783,2.618934029141893,-1.7158751405281367,-4.145230417080587,10,30.0,-2504272.146692135,0.015884368192213102,1.0631402656715858,38.19689007998115,100.0,5.739514348785872,,,,
USDJPY CALL-upout  25Δ  2M  H@5Δ  [Realized vol (20d) < 252d median],single,1348,10000000.0,37560766.77030873,2696000.0,45968636.87885752,8407870.10854879,-9807038.981888643,21.66172106824926,122.3847137092928,0.31780074957111754,-1.4007425713156254,-8.413401088234382,3.2229743942015507,-2.30090414912886,-4.623716965517176,10,40.0,-3306583.592974076,0.09500601754533965,1.3832932728819347,50.19437486518105,100.0,6.379821958456973,,,,
USDJPY CALL-upout  25Δ  10W  H@5Δ  [Realized vol (20d) < 252d median],single,1348,10000000.0,40253890.245994925,2696000.0,54699710.76432377,14445820.518328846,-11304987.426954426,23.961424332344215,135.88676878197168,0.48717950235276203,-0.8103228754556484,-4.131482088368825,2.205834067286924,-2.7221668474391434,-3.0161569427425725,10,40.0,-3090567.436469698,0.14168985660582792,1.628289601000758,54.36268134908471,100.0,6.231454005934718,,,,
USDJPY CALL-upout  25Δ  3M  H@5Δ  [Realized vol (20d) < 252d median],single,1348,10000000.0,45951145.02326225,2696000.0,72505326.38795017,26554181.36468791,-15739905.30187252,24.851632047477747,157.7878556698536,0.6040278366155512,-1.1781953219923955,-5.205615686983318,2.7563668829141417,-2.339482114266901,-3.934562204906537,10,50.0,-4395485.403260115,0.18695359621821714,1.9326719337390996,73.15233218972028,100.0,6.157270029673591,,,,
USDJPY CALL-upout  ATM  1M  H@5Δ  [Spot > 50DMA  ∧  RV < p75],single,1161,10000000.0,80841342.94765703,2322000.0,95726777.58407786,14885434.636420837,-9531097.63398369,42.204995693367785,118.41314616217946,0.4529574774338399,-0.201429932056676,-2.5893113377334127,1.3220061014101998,-6.5631065249936595,-1.5234360334668757,10,40.0,-4065970.2373151747,0.1701277948542342,1.5907491461194123,41.713337559111864,100.0,3.7037037037037033,,,,
USDJPY CALL-upout  ATM  6W  H@5Δ  [Spot > 50DMA  ∧  RV < p75],single,1154,10000000.0,93822711.012028,2308000.0,110982449.97727923,17159738.965251245,-12185061.389296008,41.421143847487,118.28953648872007,0.42431579899549954,-0.2740785129833084,-2.57295546962906,1.3484481974263027,-4.91993400996168,-1.622526710409611,10,50.0,-5617957.6992429495,0.15372597049776338,1.5254791566313906,56.684783190267744,100.0,4.852686308492201,,,,
USDJPY CALL-upout  ATM  2M  H@5Δ  [Spot > 50DMA  ∧  RV < p75],single,1141,10000000.0,111839985.09726134,2282000.0,148015183.58379364,36175198.486532286,-11788828.236454966,45.311130587204204,132.34549651904246,0.6524087428014202,0.014153446200006848,-4.349176432698465,1.7356387659936325,122.63011717900851,-1.7214853197936257,10,60.0,-7621578.27924357,0.3400504110927716,1.8640057885174446,61.72021670742298,100.0,4.557405784399649,,,,
USDJPY CALL-upout  ATM  10W  H@5Δ  [Spot > 50DMA  ∧  RV < p75],single,1141,10000000.0,120060252.05562809,2282000.0,166485279.72170645,46425027.666078344,-11375037.822070027,45.48641542506573,138.66810778022358,0.7117359094864089,0.057791888971786796,-3.757067920498914,1.7400092808405077,30.108191855261147,-1.6822173918687209,10,60.0,-6576857.355363332,0.4525493564393955,1.9952482707257324,60.6723220198257,100.0,3.943908851884312,,,,
USDJPY CALL-upout  ATM  3M  H@5Δ  [Spot > 50DMA  ∧  RV < p75],single,1141,10000000.0,137495711.51533562,2282000.0,201133138.2556009,63637426.740265295,-14819660.726212109,44.34706397896582,146.28320842804433,0.7444449681711395,0.18374505787115686,-3.2005723149763488,1.8447067514452273,10.039490437553683,-1.6609616935740705,10,60.0,-9510885.913215388,0.4758579950378263,2.0941216439822274,74.23934383865222,100.0,5.258545135845749,,,,
USDJPY CALL-upout  45Δ  1M  H@5Δ  [Spot > 50DMA  ∧  RV < p75],single,1161,10000000.0,67036826.68487915,2322000.0,77859814.66300987,10822987.978130713,-9919306.90662602,38.93195521102498,116.14483935674113,0.37006031407295786,-0.4265486578734903,-2.9868123094680357,1.4272829915617575,-3.3461199917432967,-1.8538316494352478,10,30.0,-3769302.291027044,0.11885638566235555,1.4695635932444517,44.56753555873887,100.0,3.7037037037037033,,,,
USDJPY CALL-upout  45Δ  6W  H@5Δ  [Spot > 50DMA  ∧  RV < p75],single,1154,10000000.0,77877681.60209015,2308000.0,89975998.09606147,12098316.493971342,-12472453.956643388,37.17504332755633,115.5350239569107,0.33741916061410976,-0.5252638410644103,-2.729606513868261,1.4568867951620437,-2.7736285677113526,-1.982150636226454,10,40.0,-4984586.398126878,0.10588570197621155,1.4093593285356911,60.524906257056166,100.0,4.852686308492201,,,,
USDJPY CALL-upout  45Δ  2M  H@5Δ  [Spot > 50DMA  ∧  RV < p75],single,1141,10000000.0,93038482.43464658,2282000.0,122502503.95869109,29464021.52404452,-12568422.44623107,41.717791411042946,131.66863941997448,0.5938156222863222,-0.13543748427035762,-4.198173133551549,1.6959223506532968,-12.5218093040471,-1.8313598349236544,10,50.0,-6887086.410290195,0.25978512188180936,1.7780704084011867,66.14669652427469,100.0,4.557405784399649,,,,
USDJPY CALL-upout  45Δ  10W  H@5Δ  [Spot > 50DMA  ∧  RV < p75],single,1141,10000000.0,99999556.828702,2282000.0,138676985.16892156,38677428.34021954,-12629425.766163833,42.06836108676599,138.67759974824037,0.6593764992596826,-0.09567640477808365,-3.6633364584425707,1.7416957101661392,-18.204025477398634,-1.8373721149442228,10,60.0,-6241577.513472129,0.3395788360504233,1.9314863243935705,67.04952186780292,100.0,3.943908851884312,,,,
USDJPY CALL-upout  45Δ  3M  H@5Δ  [Spot > 50DMA  ∧  RV < p75],single,1141,10000000.0,114872391.34302133,2282000.0,170937750.19653255,56065358.85351121,-14684158.237279728,42.41893076248904,148.8066437879699,0.7188726531619648,0.013942804319427826,-3.607355243468116,1.884834794087183,135.18333549735505,-1.8708919897677552,10,60.0,-8117147.597336056,0.4231054037291417,2.0858920782369395,75.92046825960121,100.0,5.258545135845749,,,,
USDJPY CALL-upout  40Δ  1M  H@5Δ  [Spot > 50DMA  ∧  RV < p75],single,1161,10000000.0,54294441.47295182,2322000.0,61188920.19278411,6894478.7198322825,-10075387.84289176,34.194659776055126,112.69831410507636,0.2723086816217021,-0.6967447716312953,-3.4519576474357296,1.5663423621754624,-2.24808628058761,-2.2630871338067577,10,30.0,-3499511.376935001,0.07454119206690782,1.328418805321143,46.756917927965134,100.0,3.7037037037037033,,,,
USDJPY CALL-upout  40Δ  6W  H@5Δ  [Spot > 50DMA  ∧  RV < p75],single,1154,10000000.0,63003588.758262634,2308000.0,69998345.25711313,6994756.498850511,-12464913.739090743,33.27556325823224,111.10215566559008,0.2257685331575782,-0.8524354206651455,-3.105019988268363,1.6472094223324079,-1.932356847686021,-2.4996448429975535,10,40.0,-4375979.466533533,0.061255855700723914,1.2605260648599284,63.38438855929812,100.0,4.852686308492201,,,,
USDJPY CALL-upout  40Δ  2M  H@5Δ  [Spot > 50DMA  ∧  RV < p75],single,1141,10000000.0,75183972.3713378,2282000.0,97601342.81107503,22417370.43973723,-12634638.869552491,36.98510078878177,129.81668796245108,0.5210676667171541,-0.3537235052632517,-4.113198027068843,1.7172505976661836,-4.8547822582164954,-2.0709741029294353,10,40.0,-5789991.359851617,0.1966187165412287,1.6811663837909065,67.54030688750204,100.0,4.557405784399649,,,,
USDJPY CALL-upout  40Δ  10W  H@5Δ  [Spot > 50DMA  ∧  RV < p75],single,1141,10000000.0,80779147.8801656,2282000.0,111165123.17781669,30385975.29765107,-13152640.69298122,37.51095530236634,137.61611269127044,0.5916390748080738,-0.3203867730397834,-3.5295496929241743,1.8066450145439534,-5.638950064644575,-2.127031787583737,10,50.0,-5535313.043384841,0.2561691658450676,1.82136605350489,71.06024783192173,100.0,3.943908851884312,,,,
USDJPY CALL-upout  40Δ  3M  H@5Δ  [Spot > 50DMA  ∧  RV < p75],single,1141,10000000.0,92734398.51519302,2282000.0,140038280.78413424,47303882.26894124,-14393174.297445837,37.51095530236634,151.01007072493306,0.6830563684258296,-0.2042907889068223,-3.8508680953004317,1.9508153832735635,-9.549208722099246,-2.155106172180386,10,60.0,-6729992.299001662,0.3642027511422288,2.0572312800613246,76.13275526872408,100.0,5.258545135845749,,,,
USDJPY CALL-upout  35Δ  1M  H@5Δ  [Spot > 50DMA  ∧  RV < p75],single,1161,10000000.0,42872428.70462783,2322000.0,46045047.805327035,3172619.1006992096,-9940368.960610546,28.42377260981912,107.40013849590177,0.1490803788337855,-0.9782134862117646,-3.698229743019801,1.688534307600913,-1.7261409001218548,-2.666747793812678,10,30.0,-3228979.025150605,0.03476739095246658,1.1669981294447374,48.38182566906382,100.0,3.7037037037037033,,,,
USDJPY CALL-upout  35Δ  6W  H@5Δ  [Spot > 50DMA  ∧  RV < p75],single,1154,10000000.0,49669350.34140577,2308000.0,52340982.34111882,2671631.9997130428,-11757999.91754497,27.81629116117851,105.37883419321854,0.10271898611176458,-1.1910475698565728,-4.344629815447155,1.895140260454572,-1.5911541305464287,-3.086187830311145,10,40.0,-3754318.369227024,0.024803186098428697,1.112565559903859,62.06382516700891,100.0,4.852686308492201,,,,
USDJPY CALL-upout  35Δ  2M  H@5Δ  [Spot > 50DMA  ∧  RV < p75],single,1141,10000000.0,59175848.475092106,2282000.0,74625187.74377629,15449339.268684197,-12245130.540343966,32.515337423312886,126.10750782084183,0.42719678749483697,-0.6718657185198916,-4.127321650281518,1.8344484669129462,-2.7303796225147545,-2.5063141854328377,10,40.0,-4634272.670292547,0.13981363037861083,1.5435930063168501,67.3298086914016,100.0,4.557405784399649,,,,
USDJPY CALL-upout  35Δ  10W  H@5Δ  [Spot > 50DMA  ∧  RV < p75],single,1141,10000000.0,63545649.44802059,2282000.0,86356908.9861654,22811259.538144812,-12836410.339651264,32.778264680105174,135.8974370964673,0.5223003637899051,-0.558229224386844,-3.502819688978994,1.9250033340374222,-3.4484101690516753,-2.483232558424266,10,40.0,-4499188.900849212,0.19704812371386038,1.7117122700706833,70.68502171955137,100.0,3.943908851884312,,,,
USDJPY CALL-upout  35Δ  3M  H@5Δ  [Spot > 50DMA  ∧  RV < p75],single,1141,10000000.0,72883526.41907986,2282000.0,111325181.86521305,38441655.4461332,-13814953.19619409,33.21647677475899,152.74395646705386,0.6395462925831689,-0.4841362609818982,-3.8300574788901702,2.0894656970573107,-4.315862837498626,-2.573601958039209,10,60.0,-5418103.679438592,0.30835833036203386,2.0194420226820253,73.8847168768831,100.0,5.258545135845749,,,,
USDJPY CALL-upout  30Δ  1M  H@5Δ  [Spot > 50DMA  ∧  RV < p75],single,1161,10000000.0,32681156.618553057,2322000.0,32710928.743580222,29772.125027162954,-9216430.538573535,22.652885443583116,100.09109874957811,0.001739265269338776,-1.2623774020837915,-3.7364539945202933,1.805917882610152,-1.4305689246568773,-3.0682952846939435,10,30.0,-2756062.5817230116,0.00035188742807232943,1.0017807106686898,46.61854259850664,100.0,3.7037037037037033,,,,
USDJPY CALL-upout  30Δ  6W  H@5Δ  [Spot > 50DMA  ∧  RV < p75],single,1154,10000000.0,37770428.36173547,2308000.0,36932347.6248035,-838080.7369319741,-10418191.14634717,22.097053726169843,97.78111932195871,-0.04017032053133992,-1.5340036365400174,-6.140433477344062,2.2337126492116117,-1.456132564489746,-3.767716285751629,10,40.0,-3141186.665713145,-0.008781279999640169,0.9598804552398196,56.613712947461025,100.0,4.852686308492201,,,,
USDJPY CALL-upout  30Δ  2M  H@5Δ  [Spot > 50DMA  ∧  RV < p75],single,1141,10000000.0,44888636.585374266,2282000.0,54133228.26977856,9244591.68440428,-11234677.510870399,27.51971954425942,120.59450316968724,0.3175284045778714,-1.0955293425397692,-4.137653307526039,2.0635993710269065,-1.883655043180183,-3.159128713566676,10,50.0,-3542042.472071909,0.09118641567867125,1.389148130918867,63.34870822761944,100.0,4.557405784399649,,,,
USDJPY CALL-upout  30Δ  10W  H@5Δ  [Spot > 50DMA  ∧  RV < p75],single,1141,10000000.0,48163923.08329733,2282000.0,64010550.570856445,15846627.487559123,-11576474.936727725,28.396143733567047,132.90144671179115,0.44609588729124977,-0.7735010018794564,-3.5325667623286465,2.025531311721971,-2.6186537661881824,-2.799032313601427,10,40.0,-3480923.2906985125,0.1517844016198773,1.588821664423864,65.14583101817647,100.0,3.943908851884312,,,,
USDJPY CALL-upout  30Δ  3M  H@5Δ  [Spot > 50DMA  ∧  RV < p75],single,1141,10000000.0,55163827.88520463,2282000.0,85089958.6376039,29926130.75239928,-12857780.710550563,28.57142857142857,154.24955428161235,0.5928676402003684,-0.7181315673782268,-3.801884832394722,2.2052787550060438,-3.070856170627803,-2.9234103223842705,10,60.0,-4239963.872118746,0.25792151795204926,1.956534768230532,69.07505519214322,100.0,5.258545135845749,,,,
USDJPY CALL-upout  25Δ  1M  H@5Δ  [Spot > 50DMA  ∧  RV < p75],single,1161,10000000.0,23679262.52078723,2322000.0,21643744.38719744,-2035518.1335897967,-7713412.020662757,17.915590008613265,91.40379421950797,-0.15880293351799069,-1.5291443061094108,-3.965988265870829,1.8693479366088261,-1.2224797418662159,-3.3984922427182367,10,30.0,-2059636.5621877231,-0.02874650935749595,0.8508475537504632,40.303042079202555,100.0,3.7037037037037033,,,,
USDJPY CALL-upout  25Δ  6W  H@5Δ  [Spot > 50DMA  ∧  RV < p75],single,1154,10000000.0,27258654.219473563,2308000.0,24186212.540371142,-3072441.67910242,-8506367.412197672,16.55112651646447,88.72856431442068,-0.1963961011885051,-1.792120400275761,-7.7269904315310045,2.531406633299659,-1.412520404828906,-4.32352703357542,10,40.0,-2366682.616370977,-0.03942791383376258,0.8223929680956783,48.53200919007502,100.0,4.852686308492201,,,,
USDJPY CALL-upout  25Δ  2M  H@5Δ  [Spot > 50DMA  ∧  RV < p75],single,1141,10000000.0,32264604.592680976,2282000.0,36053542.959987305,3788938.3673063274,-9587537.605407648,21.998247151621385,111.7433280684488,0.17396794151423312,-1.879297726127826,-8.413401088234382,3.00595842530583,-1.599511553445774,-4.885256151433656,10,50.0,-2541676.4966960475,0.04379388585332198,1.1991634436360272,54.272105659871194,100.0,4.557405784399649,,,,
USDJPY CALL-upout  25Δ  10W  H@5Δ  [Spot > 50DMA  ∧  RV < p75],single,1141,10000000.0,34571807.40151039,2282000.0,43976844.07400781,9405036.672497422,-9393532.624389743,22.87467134092901,127.20435342957084,0.3484556918125249,-1.0068781799745108,-3.687379578070938,2.058214498401289,-2.044154436292773,-3.0650926783758,10,40.0,-2612471.2345447014,0.11101922084368351,1.4429198457050503,53.864097502269495,100.0,3.943908851884312,,,,
USDJPY CALL-upout  25Δ  3M  H@5Δ  [Spot > 50DMA  ∧  RV < p75],single,1141,10000000.0,39503572.30043488,2282000.0,61634244.16905759,22130671.868622705,-10771828.361592233,24.364592462751972,156.02195087652635,0.5516388021871133,-0.8569100415739938,-3.7989358216322415,2.253549819813856,-2.6298557730453007,-3.1104598613878496,10,60.0,-3361388.9097990617,0.22767125198731988,1.8782920294907821,57.95823524339979,100.0,5.258545135845749,,,,
USDJPY CALL-upout  ATM  1M  H@5Δ  [Golden cross  ∧  RV < p75],single,1011,10000000.0,71389406.19934794,2022000.0,78043776.96097624,6654370.761628298,-7119028.689574953,38.87240356083086,109.32123001982484,0.22170980668013987,0.056738602666746275,-1.0,0.8839922564913647,15.580085073358012,-0.8272536538246185,10,40.0,-3012368.756475041,0.10182230469272874,1.2517187590959549,36.57866642196174,100.0,4.648862512363996,,,,
USDJPY CALL-upout  ATM  6W  H@5Δ  [Golden cross  ∧  RV < p75],single,1004,10000000.0,82812376.27181032,2008000.0,89779975.64177577,6967599.369965445,-10026959.527657095,38.84462151394422,108.41371747031639,0.17673910706045298,-0.05597194333973271,-1.2130769308550855,0.8753921568601041,-15.639838544585443,-0.9313641001998367,10,40.0,-4754983.758829706,0.07585394932953399,1.2009705307905703,59.25185040834366,100.0,5.47808764940239,,,,
USDJPY CALL-upout  ATM  2M  H@5Δ  [Golden cross  ∧  RV < p75],single,991,10000000.0,98270150.54864532,1982000.0,104534540.84906924,6264390.300423924,-18893183.650337286,35.11604439959637,106.37466236232432,0.11789340753531331,-0.3170031757353325,-4.392084313589447,1.6757083160872366,-5.286093150960398,-1.992711491822569,10,40.0,-11614610.254413601,0.036422708433013894,1.1268551938763027,122.85756156519622,100.0,6.559031281533804,,,,
USDJPY CALL-upout  ATM  10W  H@5Δ  [Golden cross  ∧  RV < p75],single,988,10000000.0,105257369.67766142,1976000.0,114270705.2179133,9013335.54025187,-21387597.618566178,34.81781376518219,108.56313963369422,0.1490209237846737,-0.3556433071576871,-3.523127508548047,1.593756931588412,-4.481335370334309,-1.9494002387460991,10,40.0,-11078503.77403042,0.0466585720232976,1.159319166895051,127.2924050919245,100.0,6.174089068825911,,,,
USDJPY CALL-upout  ATM  3M  H@5Δ  [Golden cross  ∧  RV < p75],single,987,10000000.0,120177246.21684112,1974000.0,125230716.97017233,5053470.753331216,-24608506.48789782,32.92806484295846,104.2050146033576,0.07282781597249266,-0.2866126137308499,-2.645058256316506,1.6753841091331447,-5.845465373364385,-1.9619967228639945,10,40.0,-11106131.621265253,0.02272902385938828,1.0786830104511933,143.95773712865244,100.0,8.308004052684904,,,,
USDJPY CALL-upout  45Δ  1M  H@5Δ  [Golden cross  ∧  RV < p75],single,1011,10000000.0,59172270.80980699,2022000.0,63727892.215185344,4555621.405378355,-6528762.35791139,35.80613254203759,107.69891258698038,0.17344584439372818,-0.053777125074018405,-1.0205520458981734,0.8892232628399622,-16.53534400762485,-0.9430003879139807,10,40.0,-2723556.4770914246,0.07601047301626392,1.1925292987095732,34.462512468753395,100.0,4.648862512363996,,,,
USDJPY CALL-upout  45Δ  6W  H@5Δ  [Golden cross  ∧  RV < p75],single,1004,10000000.0,68699297.2897031,2008000.0,73554263.18789795,4854965.8981948625,-10062092.951507492,36.05577689243028,107.06698043463471,0.14125714684338458,-0.15802294187380728,-1.4250232092987853,0.9136540338399846,-5.78178094272921,-1.0716769757137918,10,40.0,-4561385.086724141,0.052669857913827965,1.1606478132062354,57.32251248613249,100.0,5.47808764940239,,,,
USDJPY CALL-upout  45Δ  2M  H@5Δ  [Golden cross  ∧  RV < p75],single,991,10000000.0,81685789.44310093,1982000.0,87414516.61208841,5728727.168987479,-17296980.72400008,33.19878910191726,107.0131257934134,0.12098912289515419,-0.3941762603738808,-4.560888053168208,1.6786454221579665,-4.258616235705701,-2.0728216825318473,10,40.0,-10647645.191462195,0.03638198688533389,1.133523488630715,111.79900434166585,100.0,6.559031281533804,,,,
USDJPY CALL-upout  45Δ  10W  H@5Δ  [Golden cross  ∧  RV < p75],single,988,10000000.0,87592597.02216792,1976000.0,96787528.09711197,9194931.074944045,-19639416.255787622,32.89473684210527,110.49738378303475,0.16982285120017188,-0.4238091462194208,-3.6817008519504877,1.5838290417567118,-3.7371280348364833,-2.0076381879761325,10,40.0,-9761330.988255572,0.051835562072526355,1.1874532230360846,113.28332725156447,100.0,6.174089068825911,,,,
USDJPY CALL-upout  45Δ  3M  H@5Δ  [Golden cross  ∧  RV < p75],single,987,10000000.0,100289065.89056452,1974000.0,104951811.6902762,4662745.799711671,-23701418.456896685,31.10435663627153,104.64930624122042,0.07419369282950737,-0.41077489037880427,-2.990343050969803,1.606042357620696,-3.9097870761760825,-2.0168172479995,10,40.0,-10501783.042525077,0.021774274133434933,1.0822937231054959,135.095231282806,100.0,8.308004052684904,,,,
USDJPY CALL-upout  40Δ  1M  H@5Δ  [Golden cross  ∧  RV < p75],single,1011,10000000.0,47920079.4238379,2022000.0,50456880.56037484,2536801.1365369456,-6278423.206209339,31.849653808110784,105.29381663602794,0.11360191111418183,-0.18528441626921666,-1.2018939426765338,0.9170112573195154,-4.949208766629925,-1.1022956735887321,10,30.0,-2340283.471051569,0.044014169152342124,1.1226862241360935,32.04901618375351,100.0,4.648862512363996,,,,
USDJPY CALL-upout  40Δ  6W  H@5Δ  [Golden cross  ∧  RV < p75],single,1004,10000000.0,55573886.628802925,2008000.0,58072581.82988643,2498695.2010835074,-9825420.827001,32.569721115537845,104.49616780948425,0.08580559750964271,-0.3050382551961827,-1.707184019355242,0.9849724245208109,-3.2290127803390902,-1.2900106797169937,10,40.0,-4258734.519357751,0.027760444146478467,1.0968883510673995,54.94077626165875,100.0,5.47808764940239,,,,
USDJPY CALL-upout  40Δ  2M  H@5Δ  [Golden cross  ∧  RV < p75],single,991,10000000.0,66007437.474962935,1982000.0,70933721.75799873,4926284.283035815,-15161727.0444993,30.272452068617557,107.46322607191712,0.12046269815481922,-0.48048147765299865,-4.600757986688612,1.6666202443708116,-3.4686461848888097,-2.14710172202381,10,40.0,-9129962.371617459,0.03569187566275586,1.1369291368173648,97.60201220186183,100.0,6.559031281533804,,,,
USDJPY CALL-upout  40Δ  10W  H@5Δ  [Golden cross  ∧  RV < p75],single,988,10000000.0,70754656.37269329,1976000.0,79376900.24742492,8622243.874731634,-17717033.5550001,29.959514170040485,112.18611511490467,0.18274386156574055,-0.5165686416320927,-3.859867528452068,1.5907517337125412,-3.0794585762824846,-2.107320375344634,10,40.0,-8301368.35183818,0.05388119309833371,1.2080855672282464,98.89676403466497,100.0,6.174089068825911,,,,
USDJPY CALL-upout  40Δ  3M  H@5Δ  [Golden cross  ∧  RV < p75],single,987,10000000.0,80961172.54004602,1974000.0,85514715.50763503,4553542.967589015,-21688557.31236251,28.166160081053697,105.62435402641519,0.08218891722534447,-0.5445633802337836,-3.380726518075342,1.5775259564492425,-2.896863824688328,-2.1220893366830262,10,40.0,-9283808.040953148,0.023237802660784006,1.0940155937075007,120.32960963471244,100.0,8.308004052684904,,,,
USDJPY CALL-upout  35Δ  1M  H@5Δ  [Golden cross  ∧  RV < p75],single,1011,10000000.0,37833558.23914934,2022000.0,38347008.33137162,513450.0922222836,-5840581.564240836,27.794263105835803,101.35712873998455,0.02801959180974171,-0.33621856679722245,-1.3505264443765497,0.949112952169422,-2.822904639712666,-1.2853315189666445,10,20.0,-1890385.0504497671,0.009576323620318381,1.0289292412349675,29.183459717970766,100.0,4.648862512363996,,,,
USDJPY CALL-upout  35Δ  6W  H@5Δ  [Golden cross  ∧  RV < p75],single,1004,10000000.0,43806832.06347014,2008000.0,43853242.24555436,46410.18208422791,-9444501.483482309,27.88844621513944,100.10594279453258,0.001943189922718786,-0.5216718585451133,-2.206098759530194,1.1225758166764754,-2.1518811074210875,-1.6442476752215889,10,40.0,-3943857.8076191396,0.0005364120448492354,1.0021554324548936,52.44477731647363,100.0,5.47808764940239,,,,
USDJPY CALL-upout  35Δ  2M  H@5Δ  [Golden cross  ∧  RV < p75],single,991,10000000.0,51949713.682848796,1982000.0,55652772.9020208,3703059.219171997,-13230743.006068699,27.749747729566092,107.12816097847823,0.10811375904135981,-0.5933725538866176,-4.581750211587665,1.6676706047629992,-2.8104950150452357,-2.261043158649617,10,40.0,-7470804.611353185,0.030745035476234077,1.1264865183878205,83.54593432441722,100.0,6.559031281533804,,,,
USDJPY CALL-upout  35Δ  10W  H@5Δ  [Golden cross  ∧  RV < p75],single,988,10000000.0,55656423.16360659,1976000.0,63262639.29509948,7606216.131492896,-15604692.893826079,27.125506072874494,113.66637613260522,0.18979031438888208,-0.6308443675036035,-4.144683996953962,1.6601509575382145,-2.631633161928376,-2.290995325041818,10,40.0,-6994173.584446901,0.05396613865119934,1.2229814304265472,85.33000749524085,100.0,6.174089068825911,,,,
USDJPY CALL-upout  35Δ  3M  H@5Δ  [Golden cross  ∧  RV < p75],single,987,10000000.0,63628773.47096156,1974000.0,68111976.44859147,4483202.977629911,-19033436.367910612,24.924012158054712,107.04587364028933,0.09384583320028023,-0.6992345855286168,-3.8918472873986136,1.6321377332451732,-2.334177637982949,-2.33137231877379,10,50.0,-7769123.77329495,0.02607038725171046,1.1111440767233263,103.37935745659519,100.0,8.308004052684904,,,,
USDJPY CALL-upout  30Δ  1M  H@5Δ  [Golden cross  ∧  RV < p75],single,1011,10000000.0,28833647.705582496,2022000.0,27538124.87189321,-1295522.8336892873,-5251128.263328036,22.8486646884273,95.50690621277701,-0.09093884704128304,-0.518233198422438,-1.53451135812203,0.9835581186839683,-1.8979064283763243,-1.5017913171064063,10,20.0,-1601129.728317486,-0.026875039832436644,0.912526018697977,26.069931862147286,100.0,4.648862512363996,,,,
USDJPY CALL-upout  30Δ  6W  H@5Δ  [Golden cross  ∧  RV < p75],single,1004,10000000.0,33306029.677311536,2008000.0,30920821.4266795,-2385208.2506320346,-8846745.013339372,23.007968127490038,92.83850920166307,-0.1271818516459186,-0.8394671573906258,-3.0787736059869912,1.3599255215604364,-1.6199865707523182,-2.199392678951062,10,30.0,-3711717.128258802,-0.029431139755099034,0.868175357255372,49.71446936766377,100.0,5.47808764940239,,,,
USDJPY CALL-upout  30Δ  2M  H@5Δ  [Golden cross  ∧  RV < p75],single,991,10000000.0,39402668.935458146,1982000.0,41465002.102391444,2062333.1669332944,-11333530.310678177,24.117053481331986,105.23399359142755,0.07495702541308925,-0.7755721119608046,-4.529519337280056,1.703213690414792,-2.1960739229118493,-2.4787858023755964,10,40.0,-5789825.777028781,0.01998905167800674,1.0891280842245654,69.50884100303921,100.0,6.559031281533804,,,,
USDJPY CALL-upout  30Δ  10W  H@5Δ  [Golden cross  ∧  RV < p75],single,988,10000000.0,42179801.43022828,1976000.0,48117256.72998553,5937455.299757249,-13311829.063128777,24.392712550607285,114.07653686937975,0.1812873100837228,-0.7823914828055171,-4.380055082914511,1.7638487409963817,-2.254432441763723,-2.546240223801899,10,30.0,-5767701.334697974,0.0493822108983609,1.2206205593071027,71.98168887131723,100.0,6.174089068825911,,,,
USDJPY CALL-upout  30Δ  3M  H@5Δ  [Golden cross  ∧  RV < p75],single,987,10000000.0,48156141.728302345,1974000.0,52112598.21924354,3956456.490941195,-16248568.850618474,21.479229989868287,108.21589178232671,0.09899193726194896,-0.9213320486683514,-4.786889511048316,1.8327595758773627,-1.989249780821523,-2.754091624545714,10,50.0,-6384132.194654071,0.026950545737322567,1.1212172055321277,87.09897343073193,100.0,8.308004052684904,,,,
USDJPY CALL-upout  25Δ  1M  H@5Δ  [Golden cross  ∧  RV < p75],single,1011,10000000.0,20883891.972744234,2022000.0,18178964.683607727,-2704927.2891365094,-4691108.678127192,18.496538081107815,87.0477816459368,-0.26171093652555516,-0.7554731651392965,-2.20415061890714,1.0596175443368732,-1.4025879319505645,-1.8150907094761697,10,20.0,-1375966.0381968985,-0.06281115395588603,0.7699672151250728,24.631785983312465,100.0,4.648862512363996,,,,
USDJPY CALL-upout  25Δ  6W  H@5Δ  [Golden cross  ∧  RV < p75],single,1004,10000000.0,24029085.32336432,2008000.0,19982669.00485936,-4046416.318504963,-7629514.923935965,17.03187250996016,83.16033979632806,-0.2918686086091743,-1.2468995382598156,-4.120936123494883,1.7153062784166335,-1.3756571606486683,-2.962205816676449,10,30.0,-3204132.082573266,-0.05789458225097428,0.7290045471582847,44.91735610004784,100.0,5.47808764940239,,,,
USDJPY CALL-upout  25Δ  2M  H@5Δ  [Golden cross  ∧  RV < p75],single,991,10000000.0,28315785.848645605,1982000.0,28316553.607749972,767.7591043720022,-9159627.942281928,20.484359233097884,100.00271141725847,3.70208050538245e-05,-1.1004369453087217,-4.509124784148702,1.8640781402049442,-1.6939436177163127,-2.964515085513666,10,40.0,-4177718.5338905696,9.207584578262987e-06,1.0000434178732533,54.804189481436474,100.0,6.559031281533804,,,,
USDJPY CALL-upout  25Δ  10W  H@5Δ  [Golden cross  ∧  RV < p75],single,988,10000000.0,30270559.5115547,1976000.0,33993839.848654546,3723280.3370998465,-10587947.10458577,20.445344129554655,112.30000501206004,0.14819443641191102,-0.9962250763911825,-4.41131970570898,1.8777066176758115,-1.884821675517132,-2.873931694066994,10,30.0,-4310886.8322708765,0.03893335976368139,1.1846781262055557,56.418625546945194,100.0,6.174089068825911,,,,
USDJPY CALL-upout  25Δ  3M  H@5Δ  [Golden cross  ∧  RV < p75],single,987,10000000.0,34480978.13369354,1974000.0,37699732.33742824,3218754.203734705,-13031210.661306832,18.237082066869302,109.33486918861345,0.10106253685125571,-1.126880797991894,-5.319487388916281,2.0179887136662833,-1.7907738930882016,-3.144869511658177,10,40.0,-4904984.024224003,0.0273387927498979,1.126599918711814,69.43302233570739,100.0,8.308004052684904,,,,
USDJPY CALL-upout  ATM  1M  H@5Δ  [Golden cross  ∧  RV < median (strict)],single,797,10000000.0,55855924.80603366,1594000.0,59901109.20926415,4045184.403230496,-7833548.3631635215,38.26850690087829,107.24217604001345,0.16013292308569196,-0.22154570912209892,-1.6380423995121982,1.0690836953130693,-4.8255671461633804,-1.2906294044351683,10,30.0,-2540892.836583403,0.05625180547144034,1.1887934015593995,33.27869053969026,100.0,5.395232120451694,,,,
USDJPY CALL-upout  ATM  6W  H@5Δ  [Golden cross  ∧  RV < median (strict)],single,790,10000000.0,64585438.79105073,1580000.0,67969561.27274036,3384122.4816896394,-9475618.628998809,38.9873417721519,105.23976076502024,0.10275559382776064,-0.3650114323724242,-1.6992980702921467,1.0552554329216555,-2.891020223840467,-1.4202668652940798,10,30.0,-3232807.5563408146,0.038985471224276175,1.1207048456076274,45.930326276931446,100.0,5.5696202531645564,,,,
USDJPY CALL-upout  ATM  2M  H@5Δ  [Golden cross  ∧  RV < median (strict)],single,779,10000000.0,76684874.91409707,1558000.0,81558048.39946806,4873173.485370975,-16225702.193795038,35.17329910141206,106.35480398296266,0.10598664883827226,-0.4371938587316822,-3.8222047141781736,1.535525852926971,-3.5122310669724324,-1.9727197116586532,10,40.0,-8801071.71849308,0.03328215152319641,1.125852390283445,99.28381686288243,100.0,6.033376123234917,,,,
USDJPY CALL-upout  ATM  10W  H@5Δ  [Golden cross  ∧  RV < median (strict)],single,779,10000000.0,82433937.43823363,1558000.0,92928990.183565,10495052.745331384,-16665306.711527241,36.32862644415918,112.73147088624165,0.1978236922222791,-0.4168962252700531,-2.6512967263722556,1.4608324818016838,-3.5040674231468505,-1.877728707071737,10,40.0,-7712322.928395897,0.06982934115098766,1.2449215099172795,92.76848729128301,100.0,5.905006418485238,,,,
USDJPY CALL-upout  ATM  3M  H@5Δ  [Golden cross  ∧  RV < median (strict)],single,779,10000000.0,94353437.62522173,1558000.0,98136365.12873927,3782927.5035175513,-19008423.616466578,32.86264441591784,104.00931603419008,0.06477028726079946,-0.41970458371403624,-2.0680354533179814,1.574541981971807,-3.751548215267084,-1.9942465656858432,10,40.0,-7828448.343347981,0.022053876493719125,1.0763179238068514,111.65035864552016,100.0,8.472400513478819,,,,
USDJPY CALL-upout  45Δ  1M  H@5Δ  [Golden cross  ∧  RV < median (strict)],single,797,10000000.0,46311134.112511665,1594000.0,49079327.964679465,2768193.8521677977,-7270020.7774800025,35.633626097867,105.97738298838149,0.1257628981407684,-0.3173073351930841,-1.7603670479873579,1.1182794408328556,-3.5242785678193465,-1.4355867760259398,10,30.0,-2297708.9253400466,0.0414779724602668,1.1459453801044432,30.45071618089268,100.0,5.395232120451694,,,,
USDJPY CALL-upout  45Δ  6W  H@5Δ  [Golden cross  ∧  RV < median (strict)],single,790,10000000.0,53599300.81155606,1580000.0,55468676.23604808,1869375.4244920202,-9079994.366360035,35.822784810126585,103.48768621266974,0.0654810229615234,-0.5063468192284413,-2.4553523742368495,1.1773479418881665,-2.3251808783595798,-1.6836947611166078,10,30.0,-3032795.090565592,0.022473734086764716,1.0766884065496762,43.21133533709682,100.0,5.5696202531645564,,,,
USDJPY CALL-upout  45Δ  2M  H@5Δ  [Golden cross  ∧  RV < median (strict)],single,779,10000000.0,63777331.66465407,1558000.0,68113027.38239181,4335695.717737744,-14922246.935401166,33.37612323491656,106.7981767260743,0.1052749424124761,-0.5192062115070125,-3.8929376991660125,1.541277071869518,-2.9685258722077155,-2.0604832833765303,10,30.0,-8179393.408432227,0.03219790351290289,1.1266761126869147,90.40393177995365,100.0,6.033376123234917,,,,
USDJPY CALL-upout  45Δ  10W  H@5Δ  [Golden cross  ∧  RV < median (strict)],single,779,10000000.0,68641215.92814887,1558000.0,78950553.38533714,10309337.45718827,-15070795.523410643,34.403080872913996,115.019164969309,0.21619977382347244,-0.48118014750560034,-2.779410679396574,1.4538259057948781,-3.0213754938382147,-1.9350060533004785,10,40.0,-6945637.473847002,0.07585098204372352,1.2770665043177984,82.52541291425776,100.0,5.905006418485238,,,,
USDJPY CALL-upout  45Δ  3M  H@5Δ  [Golden cross  ∧  RV < median (strict)],single,779,10000000.0,78800309.07122222,1558000.0,82260161.9554311,3459852.884208882,-17895974.65442082,31.322207958921695,104.39065902784944,0.06539967513507422,-0.5557409479933539,-2.379965594246095,1.4903042345731645,-2.6816527375826675,-2.0460451825665187,10,40.0,-7460048.943995356,0.021424233755742768,1.0790103902506727,103.21927573761465,100.0,8.472400513478819,,,,
USDJPY CALL-upout  40Δ  1M  H@5Δ  [Golden cross  ∧  RV < median (strict)],single,797,10000000.0,37506008.77227214,1594000.0,38988803.656212926,1482794.8839407824,-6624285.790015577,31.869510664993726,103.95348620788731,0.07961754903373901,-0.4339249152810378,-1.864706284630475,1.1884466420453277,-2.7388301528517043,-1.6223715573263655,10,30.0,-1960755.7369755688,0.024383648504284584,1.0901826004895498,27.572689721009194,100.0,5.395232120451694,,,,
USDJPY CALL-upout  40Δ  6W  H@5Δ  [Golden cross  ∧  RV < median (strict)],single,790,10000000.0,43360154.14121803,1580000.0,43448097.189879656,87943.04866162501,-8622245.442271618,32.278481012658226,100.2028199631745,0.0036566184950454733,-0.6976869130645639,-3.410539544999516,1.3546342635013688,-1.9416076726323963,-2.0523211765659326,10,30.0,-2810108.943506054,0.0011133851474446925,1.0041924734727858,40.67920314667088,100.0,5.5696202531645564,,,,
USDJPY CALL-upout  40Δ  2M  H@5Δ  [Golden cross  ∧  RV < median (strict)],single,779,10000000.0,51536396.04914047,1558000.0,55212452.052042976,3676056.002902506,-13141042.57635267,30.038510911424904,107.13293183985422,0.10274552111993326,-0.6100912123285184,-3.8718659539212803,1.560996271979296,-2.558627694408979,-2.1710874843078143,10,30.0,-7048552.546531526,0.030999544910822397,1.126348521671298,78.80547348213655,100.0,6.033376123234917,,,,
USDJPY CALL-upout  40Δ  10W  H@5Δ  [Golden cross  ∧  RV < median (strict)],single,779,10000000.0,55445925.73590541,1558000.0,64763000.4832235,9317074.747318083,-13378632.765642066,31.70731707317073,116.80389428737516,0.22331959504321822,-0.5723176257367679,-2.944726715562745,1.4581021857460976,-2.547714975349611,-2.0304198114828655,10,40.0,-6028620.290263485,0.07722083201963773,1.2940300134106124,72.03087804752062,100.0,5.905006418485238,,,,
USDJPY CALL-upout  40Δ  3M  H@5Δ  [Golden cross  ∧  RV < median (strict)],single,779,10000000.0,63612217.94963265,1558000.0,66697670.37021175,3085452.4205791038,-16355871.478206845,28.369704749679077,104.85040849074328,0.06612930780332953,-0.713583343814511,-2.7412244553487555,1.4484750167494658,-2.0298610236703936,-2.162058360563977,10,40.0,-6752309.827889003,0.020904904410277612,1.08211111426198,91.98225815156604,100.0,8.472400513478819,,,,
USDJPY CALL-upout  35Δ  1M  H@5Δ  [Golden cross  ∧  RV < median (strict)],single,797,10000000.0,29613356.253654126,1594000.0,29704787.67822679,91431.42457266385,-5864335.943029696,27.603513174404014,100.30875063194291,0.006028134513887104,-0.5811730146587939,-2.5273544920428517,1.268193496337581,-2.1821272914437295,-1.8493665109963748,10,20.0,-1599495.6313273332,0.001698373936268899,1.0065660966749357,24.56940893180835,100.0,5.395232120451694,,,,
USDJPY CALL-upout  35Δ  6W  H@5Δ  [Golden cross  ∧  RV < median (strict)],single,790,10000000.0,34181125.32101229,1580000.0,32331177.07175242,-1849948.2492598733,-8258084.240830439,27.21518987341772,94.58780765148582,-0.09435963656486875,-0.9669019357721554,-4.516910815076838,1.5973295991173655,-1.6520078614195333,-2.564231534889521,10,30.0,-2729873.201607639,-0.024453698805372254,0.8953665974375911,39.34844136388167,100.0,5.5696202531645564,,,,
USDJPY CALL-upout  35Δ  2M  H@5Δ  [Golden cross  ∧  RV < median (strict)],single,779,10000000.0,40561462.406013876,1558000.0,43192918.573919676,2631456.1679057945,-11428794.958532106,27.342747111681643,106.48757715282879,0.08714860216486588,-0.7358697975785035,-3.804189662805346,1.6103098867193442,-2.188308165409594,-2.3461796842978475,10,30.0,-5825462.694993104,0.025515184952431342,1.1099249912355063,67.8354019059549,100.0,6.033376123234917,,,,
USDJPY CALL-upout  35Δ  10W  H@5Δ  [Golden cross  ∧  RV < median (strict)],single,779,10000000.0,43614799.65283452,1558000.0,51440507.484806076,7825707.831971553,-11885299.83544597,28.498074454428757,117.94278064845581,0.22037782621112662,-0.6829552929114482,-3.1976492024136274,1.5018208426279875,-2.199003153230871,-2.184776135539436,10,30.0,-5208757.684719353,0.07300962490131943,1.2979565939925262,63.012633376551555,100.0,5.905006418485238,,,,
USDJPY CALL-upout  35Δ  3M  H@5Δ  [Golden cross  ∧  RV < median (strict)],single,779,10000000.0,49993293.24602837,1558000.0,52787505.03198597,2794211.7859575897,-14400114.501588061,25.1604621309371,105.58917327611653,0.06951748295143177,-0.896564525911022,-3.215165623212249,1.4919914937636098,-1.664120596615798,-2.388556019674632,10,30.0,-5739921.036606831,0.021502868369445243,1.0896352774378484,79.47300781080422,100.0,8.472400513478819,,,,
USDJPY CALL-upout  30Δ  1M  H@5Δ  [Golden cross  ∧  RV < median (strict)],single,797,10000000.0,22571230.07913126,1594000.0,21314321.1317351,-1256908.9473961547,-5005546.064099435,22.45922208281054,94.43136708549056,-0.10768633998066444,-0.759404002150051,-3.1923177909548746,1.3252609290621196,-1.7451329270190765,-2.0846649312121706,10,20.0,-1302882.3815495486,-0.02735325578166259,0.8910954634170437,21.631698408999817,100.0,5.395232120451694,,,,
USDJPY CALL-upout  30Δ  6W  H@5Δ  [Golden cross  ∧  RV < median (strict)],single,790,10000000.0,25990242.375205807,1580000.0,22387130.405022312,-3603111.970183492,-7754375.765718105,21.772151898734176,86.13667422501304,-0.23549402225845012,-1.3483201532475626,-6.080619809357239,1.9743318112084423,-1.4642900697234766,-3.322651964456005,10,30.0,-2743207.9866152476,-0.0507218638517224,0.7609806167686414,38.37795302807234,100.0,5.5696202531645564,,,,
USDJPY CALL-upout  30Δ  2M  H@5Δ  [Golden cross  ∧  RV < median (strict)],single,779,10000000.0,30766499.396927666,1558000.0,32204928.580085002,1438429.1831573313,-9608756.474773329,23.748395378690628,104.67530987064772,0.058762114290648634,-0.9516819486419174,-3.729622400695065,1.7580141125026005,-1.8472706296587287,-2.709696061144518,10,30.0,-4544947.383059469,0.016589157116903088,1.0754442528657706,56.41408024267767,100.0,6.033376123234917,,,,
USDJPY CALL-upout  30Δ  10W  H@5Δ  [Golden cross  ∧  RV < median (strict)],single,779,10000000.0,33055064.51851477,1558000.0,38885520.63499101,5830456.116476245,-10361496.10841963,25.288831835686775,117.63861665800258,0.20074514372671673,-0.8337473067606034,-3.4148105263001014,1.575076787475691,-1.8891536736657166,-2.4088240942362944,10,30.0,-4417685.0139669655,0.0623945551193327,1.2799275581550185,54.65880548991607,100.0,5.905006418485238,,,,
USDJPY CALL-upout  30Δ  3M  H@5Δ  [Golden cross  ∧  RV < median (strict)],single,779,10000000.0,37836570.07232634,1558000.0,39982875.25393728,2146305.1816109456,-12510205.803921817,21.694480102695763,105.67256804067647,0.06395357343397383,-1.125021560393077,-4.000533368830464,1.6396181555892084,-1.457410429553309,-2.7646397159822858,10,30.0,-4851072.812366731,0.019012097872969824,1.0848797993468242,68.30294527336085,100.0,8.472400513478819,,,,
USDJPY CALL-upout  25Δ  1M  H@5Δ  [Golden cross  ∧  RV < median (strict)],single,797,10000000.0,16351038.562572053,1594000.0,14104031.962833377,-2247006.599738678,-4072046.9020025386,17.94228356336261,86.25771328750864,-0.26450753661726933,-0.96833773703387,-3.893358143906182,1.392175973407781,-1.4376967045322184,-2.360513710441651,10,20.0,-1086211.1816459598,-0.06011021032961569,0.7549415770206016,19.098487559234513,100.0,5.395232120451694,,,,
USDJPY CALL-upout  25Δ  6W  H@5Δ  [Golden cross  ∧  RV < median (strict)],single,790,10000000.0,18754336.729690876,1580000.0,14238503.950218549,-4515832.779472326,-6601000.648729582,16.075949367088608,75.92112776602174,-0.400870781971775,-1.699581086924713,-7.355290548625783,2.2797224945686216,-1.341343765300212,-3.9793035814933346,10,20.0,-2454174.9718943397,-0.07467794599591293,0.6334146930869682,36.41285848491617,100.0,5.5696202531645564,,,,
USDJPY CALL-upout  25Δ  2M  H@5Δ  [Golden cross  ∧  RV < median (strict)],single,779,10000000.0,22111916.697336018,1558000.0,22168736.420100752,56819.722764738835,-7546177.577649744,20.282413350449293,100.25696425842443,0.003040827317696607,-1.6199108335477228,-8.413401088234382,2.8319907352296236,-1.7482386539926753,-4.451901568777346,10,30.0,-3286985.4839307084,0.0008344015671509405,1.0038867529109807,43.87802054158934,100.0,6.033376123234917,,,,
USDJPY CALL-upout  25Δ  10W  H@5Δ  [Golden cross  ∧  RV < median (strict)],single,779,10000000.0,23724043.07894828,1558000.0,27332433.121386252,3608390.042437969,-8371933.583667055,20.92426187419769,115.20984441998378,0.16169703972530008,-1.071742753040666,-3.4409626802339908,1.6930663714496403,-1.5797320454429973,-2.7648091244903066,10,30.0,-3345984.8629527153,0.047791903806533455,1.2299484725255496,43.94197731204271,100.0,5.905006418485238,,,,
USDJPY CALL-upout  25Δ  3M  H@5Δ  [Golden cross  ∧  RV < median (strict)],single,779,10000000.0,27092851.01543271,1558000.0,28471705.589391924,1378854.5739592118,-10191622.065794285,18.10012836970475,105.0893668339806,0.05169640276659255,-1.3294463321399486,-4.35971869925248,1.7674629423611743,-1.3294729539899295,-3.096909274501123,10,30.0,-3810908.728515117,0.01499264215176238,1.0698242870508947,55.70157925608671,100.0,8.472400513478819,,,,
USDJPY CALL-upout  ATM  1M  H@10Δ,single,2584,10000000.0,150484504.37945986,5168000.0,186409701.917354,35925197.53789415,-7162567.982766745,38.31269349845201,123.8730211366518,0.8127285791913675,0.7879133141010289,-2.006482804452598,1.2389479426982106,1.5724419432000467,-0.4510346285971817,11,81.81818181818183,-4629497.143541381,0.5070521993315503,1.8750977157795867,27.20683957279578,100.0,11.609907120743033,,,,
USDJPY CALL-upout  ATM  6W  H@10Δ,single,2577,10000000.0,174455149.48635876,5154000.0,214782741.66723338,40327592.18087463,-10682710.24156253,38.22273961971284,123.11630943518124,0.73043797304728,0.539620437132552,-2.8739954695337766,1.6694515991073104,3.0937516154474842,-1.1298311619747583,11,81.81818181818183,-7429880.481835487,0.38215939398940496,1.685342661062756,49.645203512128255,100.0,12.068296468762126,,,,
USDJPY CALL-upout  ATM  2M  H@10Δ,single,2564,10000000.0,207557804.05179352,5128000.0,271988488.11069655,64430684.05890304,-15558170.885380832,39.35257410296412,131.0422845111741,0.8577168292233104,0.7047436532415158,-2.980232300156819,1.602751529147824,2.274233363827912,-0.8980078759063083,11,72.72727272727273,-9978414.832127666,0.42204273480198773,1.858823961395958,65.27912553104572,100.0,13.182527301092042,,,,
USDJPY CALL-upout  ATM  10W  H@10Δ,single,2557,10000000.0,221560477.8272459,5114000.0,310977155.5217515,89416677.69450568,-16937782.257507335,41.41572154868987,140.3576840830905,1.0207836477514904,0.8147611522548884,-3.1455893069076692,1.748650934083015,2.146212947492089,-0.9338897818281265,11,72.72727272727273,-10785450.016041182,0.5386035132256624,2.07547653627621,71.60956334156525,100.0,13.140398904966757,,,,
USDJPY CALL-upout  ATM  3M  H@10Δ,single,2543,10000000.0,250290170.61248425,5086000.0,322552541.0687406,72262370.45625642,-21626119.953761414,37.98662996460873,128.87143761156238,0.7856679074700914,0.54179840638329,-3.6609680419413495,1.9666629862409222,3.629879606640307,-1.424864579857632,11,72.72727272727273,-11035192.502235938,0.34321168747801456,1.7158276965217443,88.86298410948467,100.0,16.791191506095164,,,,
USDJPY CALL-upout  45Δ  1M  H@10Δ,single,2584,10000000.0,120490554.92286661,5168000.0,149814080.92467007,29323526.001803458,-6245132.371140309,35.3328173374613,124.3367839251593,0.771848302460832,0.6729997346153912,-2.18398833703023,1.197726535706093,1.7796835185835178,-0.5247268010907019,11,81.81818181818183,-4163799.0822447026,0.4746754882042144,1.8362662923815354,24.002836017189995,100.0,11.609907120743033,,,,
USDJPY CALL-upout  45Δ  6W  H@10Δ,single,2577,10000000.0,139759016.20235467,5154000.0,172271311.45078778,32512295.248433135,-9432190.919923319,35.07954986418316,123.26311112648298,0.6853811918460844,0.41441766355925674,-3.253346831354256,1.7825314294361894,4.301292117055983,-1.3681137658769327,11,81.81818181818183,-6537002.885296346,0.3489464167708184,1.6457222973991577,44.796936659237275,100.0,12.068296468762126,,,,
USDJPY CALL-upout  45Δ  2M  H@10Δ,single,2564,10000000.0,166562102.27179116,5128000.0,220154672.54200965,53592570.27021849,-13643807.051962199,36.85647425897036,132.1757287757858,0.8307596155589949,0.6175464416740479,-3.228594550274864,1.6210222283137736,2.624939792251897,-1.0034757866397257,11,72.72727272727273,-8836966.60123159,0.4003052082467006,1.8342715482782026,57.364892578121534,100.0,13.182527301092042,,,,
USDJPY CALL-upout  45Δ  10W  H@10Δ,single,2557,10000000.0,177983394.68763348,5114000.0,253983040.55349272,75999645.86585927,-14485925.024290038,38.09151349237388,142.70041370951546,1.0010778054241765,0.7029473143205183,-3.571814408538609,1.8201691807433515,2.5893394051910708,-1.1172218664228333,11,72.72727272727273,-9551012.603122843,0.5352695441221915,2.0902637820329693,62.816202099881615,100.0,13.140398904966757,,,,
USDJPY CALL-upout  45Δ  3M  H@10Δ,single,2543,10000000.0,201595828.8424399,5086000.0,264342286.17269015,62746457.33025026,-19382027.670009214,35.19465198584349,131.1248787688413,0.7857249298634158,0.427193016292571,-3.757783097884439,1.9532741826191715,4.572345773746067,-1.5260811663266005,11,72.72727272727273,-9484396.805185808,0.3325205373264521,1.732351612648826,76.24483626494487,100.0,16.791191506095164,,,,
USDJPY CALL-upout  40Δ  1M  H@10Δ,single,2584,10000000.0,93439183.86864093,5168000.0,115775762.28487061,22336578.41622966,-5192101.365045705,31.927244582043347,123.90493740573652,0.7074601508328244,0.5206981265133261,-2.4249166297667535,1.19993921369697,2.3044815270067236,-0.6792410871836438,11,81.81818181818183,-3662204.0280589163,0.4349063490311347,1.7547081814035124,20.59223664129784,100.0,11.609907120743033,,,,
USDJPY CALL-upout  40Δ  6W  H@10Δ,single,2577,10000000.0,108197286.74422337,5154000.0,132465409.44154102,24268122.69731765,-7834766.315693097,31.16026387272022,122.42951133764299,0.6154592145543254,0.2520755745658534,-3.695120129183241,1.8866035279459366,7.484277408452645,-1.6345279533800832,11,81.81818181818183,-5570703.569779147,0.31356951212409784,1.5784604116312355,40.763521369934445,100.0,12.068296468762126,,,,
USDJPY CALL-upout  40Δ  2M  H@10Δ,single,2564,10000000.0,128729416.10862267,5128000.0,170447627.73287883,41718211.624256186,-11300954.840648906,33.61934477379095,132.40767563884086,0.7857014008748724,0.507616662764412,-3.5001091728989313,1.6468614719715908,3.2443014439341,-1.1392448092071787,11,72.72727272727273,-7429371.981372245,0.37621210645935416,1.7888601996161735,47.59172315017538,100.0,13.182527301092042,,,,
USDJPY CALL-upout  40Δ  10W  H@10Δ,single,2557,10000000.0,137479354.5909738,5114000.0,198083920.49342132,60604565.90244754,-12096139.879312862,34.415330465389125,144.08266687224216,0.9516463000029644,0.528127164476251,-4.225936438125475,1.9468521131831562,3.686332088435309,-1.4187249487069051,11,72.72727272727273,-8269126.580875455,0.5111704529059484,2.0727560296443985,53.789539614589934,100.0,13.140398904966757,,,,
USDJPY CALL-upout  40Δ  3M  H@10Δ,single,2543,10000000.0,155571356.66710553,5086000.0,206596962.43053237,51025605.76342687,-16647750.803696789,32.04876130554463,132.79884347387446,0.7668664210864543,0.24373998603151953,-4.155056334749383,2.063219810225412,8.464839289678977,-1.8194798241938923,11,63.63636363636363,-8138767.946336484,0.3148191015479016,1.735422304904787,63.50810289521044,100.0,16.791191506095164,,,,
USDJPY CALL-upout  35Δ  1M  H@10Δ,single,2584,10000000.0,69758423.41839674,5168000.0,84894596.49721235,15136173.078815594,-4089695.2995785982,26.93498452012384,121.69798618875305,0.5999641268116186,0.3134935396702877,-2.7959565349756175,1.2615196213517348,4.0240689574608774,-0.9480260816814471,11,72.72727272727273,-3151628.8706904543,0.37415141829132276,1.615239914256271,17.997893762285635,100.0,11.609907120743033,,,,
USDJPY CALL-upout  35Δ  6W  H@10Δ,single,2577,10000000.0,80563723.91796258,5154000.0,97035577.59224948,16471853.674286876,-8365961.427071155,26.77532013969732,120.44574514834996,0.5243395933666524,0.07345287586251002,-4.1178351027964055,1.958898913669853,26.66878445081638,-1.885446037807343,11,72.72727272727273,-4572487.136584848,0.1993197406991514,1.484106172966454,43.53138762298655,100.0,12.068296468762126,,,,
USDJPY CALL-upout  35Δ  2M  H@10Δ,single,2564,10000000.0,95598712.91949198,5128000.0,124919778.84849542,29321065.92900343,-9002753.047519222,28.510140405616223,130.6709839845815,0.7035213527292483,0.3430953024112846,-3.9232700506194105,1.721256238804862,5.016845834693215,-1.3781609363935774,11,72.72727272727273,-5880217.509039965,0.3319148174867064,1.7016243737216394,37.86651485030164,100.0,13.182527301092042,,,,
USDJPY CALL-upout  35Δ  10W  H@10Δ,single,2557,10000000.0,102006533.55958462,5114000.0,147133237.4955755,45126703.935990855,-9986174.61892741,29.72233085647243,144.23903289452647,0.8763153663475342,0.3060413510424244,-5.0001718870484275,2.1140237644906694,6.907640935742754,-1.807982413448245,11,72.72727272727273,-6640457.784254043,0.4610432370124385,2.020872201832453,43.67138475645305,100.0,13.140398904966757,,,,
USDJPY CALL-upout  35Δ  3M  H@10Δ,single,2543,10000000.0,115258050.05120724,5086000.0,153447239.4681521,38189189.41694486,-13624465.21405565,27.919779787652377,133.13364177164024,0.7167275561518366,-0.0029007410267799013,-4.55711346879347,2.263704021864864,-780.3881839040939,-2.2666047628916437,11,63.63636363636363,-6798113.158887628,0.2879051597700988,1.7077300691131836,58.86774875946273,100.0,16.791191506095164,,,,
USDJPY CALL-upout  30Δ  1M  H@10Δ,single,2584,10000000.0,49323068.078818664,5168000.0,57658290.32598162,8335222.247162958,-4809448.938128771,21.63312693498452,116.89923715581361,0.43637176318462034,0.04891439601731185,-3.3263621966814223,1.3526566043473447,27.653548126580375,-1.3037422083300327,11,63.63636363636363,-2589099.450182752,0.17520404514490212,1.419385997616408,23.801780997301474,100.0,11.609907120743033,,,,
USDJPY CALL-upout  30Δ  6W  H@10Δ,single,2577,10000000.0,56712996.52931203,5154000.0,66093858.34896816,9380861.819656137,-8439956.888061946,22.04113310050446,116.54093839814593,0.39917933789462373,-0.1602118617205508,-4.687030009440223,2.0391785376848452,-12.728012244447157,-2.199390399405396,11,36.36363636363637,-3489420.071122831,0.11251908875925631,1.3623246313155286,44.049998972190124,100.0,12.068296468762126,,,,
USDJPY CALL-upout  30Δ  2M  H@10Δ,single,2564,10000000.0,66996731.77264263,5128000.0,84625980.85081723,17629249.07817461,-7008551.83893689,23.790951638065522,126.31359562135135,0.5740802095234422,0.07621665809883732,-4.8270907438739075,1.9273805553785353,25.28817982125534,-1.851163897279698,11,63.63636363636363,-4445257.488419478,0.25634670969354967,1.5609591468917028,34.61894114070193,100.0,13.182527301092042,,,,
USDJPY CALL-upout  30Δ  10W  H@10Δ,single,2557,10000000.0,71379746.28209558,5114000.0,101789784.61193947,30410038.32984391,-8909646.537948813,24.67735627688698,142.60317514951964,0.7680546745139258,-0.0017485324750755088,-6.328233197442438,2.405239516606813,-1375.5761193414178,-2.4069880490818885,11,63.63636363636363,-5031538.413185336,0.34822800148126404,1.8919082477882443,42.15368440172389,100.0,13.140398904966757,,,,
USDJPY CALL-upout  30Δ  3M  H@10Δ,single,2543,10000000.0,80445915.89556974,5086000.0,105559698.47177315,25113782.576203406,-11487511.085112326,22.847031065670468,131.21821946660995,0.6181523422400759,-0.32441847804729407,-5.737201088489711,2.5002294865052805,-7.706803575290784,-2.8246479645525744,11,63.63636363636363,-5310680.410555985,0.22455082698501458,1.6281739920584777,57.9895634678718,100.0,16.791191506095164,,,,
USDJPY CALL-upout  25Δ  1M  H@10Δ,single,2584,10000000.0,32162027.988908194,5168000.0,35092434.20092605,2930406.212017851,-4601674.005658307,16.176470588235293,109.11138505640399,0.22469249537926736,-0.2559722641423256,-3.626354356304821,1.363470311819615,-5.326633009979155,-1.6194425759619406,11,54.54545454545454,-1774812.4672402362,0.06437751970270998,1.1947038456671963,23.74025754655499,100.0,11.609907120743033,,,,
USDJPY CALL-upout  25Δ  6W  H@10Δ,single,2577,10000000.0,36679710.82736637,5154000.0,39946900.04273247,3267189.215366097,-7787308.403674685,16.103996895615055,108.90734725457125,0.20701506803314346,-0.5661948676106171,-5.975178258954237,2.2377312026575664,-3.9522279883972673,-2.8039260702681834,11,36.36363636363637,-2456228.038274258,0.04247277216924582,1.176276759004822,41.596421921277866,100.0,12.068296468762126,,,,
USDJPY CALL-upout  25Δ  2M  H@10Δ,single,2564,10000000.0,42966174.33641508,5128000.0,50458941.38983078,7492767.053415701,-6918650.641825076,18.174726989079563,117.43875774172746,0.36907357842092114,-0.2975628901956615,-5.858121335446924,2.141410647584625,-7.196497675420976,-2.438973537780287,11,54.54545454545454,-3117287.6885164366,0.11036796958723795,1.3367392493746157,34.06287025822443,100.0,13.182527301092042,,,,
USDJPY CALL-upout  25Δ  10W  H@10Δ,single,2557,10000000.0,45645171.964852765,5114000.0,63375728.15891786,17730556.194065094,-8256717.767459377,19.241298396558467,138.84431897357686,0.6390956108867347,-0.3142585637415866,-7.055647518675352,2.5622397883469037,-8.153285491541359,-2.87649835208849,11,54.54545454545454,-3431805.3229022715,0.219089779132754,1.7289517953698534,38.3781742780186,100.0,13.140398904966757,,,,
USDJPY CALL-upout  25Δ  3M  H@10Δ,single,2543,10000000.0,51188278.65896173,5086000.0,64996629.220467456,13808350.56150572,-10624225.034921905,17.65631144317735,126.97561028278147,0.48266736382964454,-0.6815633096977054,-6.507908420657484,2.6338326589522842,-3.864399126943132,-3.3153959686499896,11,63.63636363636363,-3714702.6722305277,0.13349746394952255,1.4889219002378207,54.51941820249112,100.0,16.791191506095164,,,,
USDJPY CALL-upout  ATM  1M  H@10Δ  [Spot > 50DMA],single,1486,10000000.0,83809114.94411358,2972000.0,109644054.92811991,25834939.984006327,-5814756.495107326,40.376850605652756,130.8259310472779,0.7763927475634339,0.2519178560597914,-1.861546703445638,1.388555431906943,5.511937318081084,-1.1366375758471516,11,63.63636363636363,-3085424.4591680113,0.4519087433853867,2.1351992440763814,25.752673682565934,100.0,11.507402422611037,,,,
USDJPY CALL-upout  ATM  6W  H@10Δ  [Spot > 50DMA],single,1479,10000000.0,96959156.04132706,2958000.0,121931482.41785094,24972326.37652386,-9527944.273940776,39.82420554428668,125.7555112854735,0.6530640418831071,0.016221909979324354,-3.8014977560087675,1.8435742309166667,113.64717430107771,-1.8273523209373423,11,63.63636363636363,-4900726.405417535,0.2671049998495544,1.7907089749920038,49.72077370004623,100.0,12.846517917511832,,,,
USDJPY CALL-upout  ATM  2M  H@10Δ  [Spot > 50DMA],single,1466,10000000.0,115221602.25679079,2932000.0,160827918.12605304,45606315.86926228,-12748482.529889796,41.950886766712145,139.58139357203257,0.8213073520627276,0.3742871578928955,-2.5142966871996286,1.556644619012682,4.15895813197557,-1.1823574611197865,11,63.63636363636363,-7948082.85845554,0.3681719713793582,2.148758201659421,47.95080526134803,100.0,12.687585266030013,,,,
USDJPY CALL-upout  ATM  10W  H@10Δ  [Spot > 50DMA],single,1466,10000000.0,123411636.48664394,2932000.0,182500793.2907756,59089156.804131694,-13110996.483409384,43.860845839017735,147.87972875679887,0.8883644852607726,0.45539636259202365,-2.9689250103787783,1.586987641216349,3.4848491810157145,-1.1315912786243254,11,63.63636363636363,-9051993.901726596,0.46382731093069607,2.2838285049619222,50.61075822767196,100.0,12.824010914051842,,,,
USDJPY CALL-upout  ATM  3M  H@10Δ  [Spot > 50DMA],single,1463,10000000.0,140407202.72616106,2926000.0,185540402.82049364,45133200.094332546,-14341404.415416958,38.07245386192755,132.14450485304283,0.6811197035857564,0.11588938862136203,-4.9195918702645605,2.2194872017328073,19.151772462830014,-2.1035978131114454,11,54.54545454545454,-8339572.52827994,0.325626667063973,1.7782619133299773,65.48920590871307,100.0,17.22488038277512,,,,
USDJPY CALL-upout  45Δ  1M  H@10Δ  [Spot > 50DMA],single,1486,10000000.0,67143749.88992003,2972000.0,87967563.47805396,20823813.588133935,-6116759.282215571,37.3485868102288,131.01377808399727,0.7250345264395879,0.15264556012031766,-2.0622407599015795,1.3483224553030364,8.833027663826364,-1.1956768951827188,11,63.63636363636363,-2783019.431842895,0.3462690673120568,2.0667142291452483,27.49134577645866,100.0,11.507402422611037,,,,
USDJPY CALL-upout  45Δ  6W  H@10Δ  [Spot > 50DMA],single,1479,10000000.0,77727430.650738,2958000.0,96953214.18846542,19225783.537727427,-10000262.733648907,36.24070317782285,124.73487593346155,0.5838729457156928,-0.21730129984131377,-4.355582965261702,1.942880225467309,-8.940950776116456,-2.160181525308623,11,45.45454545454545,-4281632.395843881,0.19592725850226325,1.7102805014357063,52.148783804193535,100.0,12.846517917511832,,,,
USDJPY CALL-upout  45Δ  2M  H@10Δ  [Spot > 50DMA],single,1466,10000000.0,92544912.97881728,2932000.0,130582293.38040501,38037380.40158772,-10691786.576218544,39.42701227830832,141.1015356514454,0.7875325351740267,0.24279136351984765,-2.5925820823378016,1.5541212141969456,6.401056411835257,-1.3113298506770978,11,63.63636363636363,-6822687.379259003,0.36613778011179404,2.1221279238953903,45.92111181040691,100.0,12.687585266030013,,,,
USDJPY CALL-upout  45Δ  10W  H@10Δ  [Spot > 50DMA],single,1466,10000000.0,99237494.95696047,2932000.0,149244085.6067723,50006590.64981184,-11278444.828492649,39.76807639836289,150.39082321807885,0.8577249698240068,0.3163636251204048,-3.181122047611134,1.6262559232684188,5.1404643079604435,-1.3098922981480141,11,63.63636363636363,-8028792.795851536,0.45631238050885803,2.295259337524521,50.739843163157865,100.0,12.824010914051842,,,,
USDJPY CALL-upout  45Δ  3M  H@10Δ  [Spot > 50DMA],single,1463,10000000.0,113243765.43667492,2926000.0,152804966.5712044,39561201.13452948,-12318266.754719136,34.99658236500342,134.9345511269243,0.6792044406528117,0.01612284093326576,-4.919226250534066,2.156984430111395,133.78438942859975,-2.140861589178129,11,54.54545454545454,-7340560.591895716,0.33230385810948576,1.8026530814902308,61.411796533182596,100.0,17.22488038277512,,,,
USDJPY CALL-upout  40Δ  1M  H@10Δ  [Spot > 50DMA],single,1486,10000000.0,52088498.708349444,2972000.0,67780974.71984413,15692476.011494696,-6197764.437399966,33.58008075370121,130.12656613383885,0.6569217148825445,-0.018514983153241574,-2.3553405618626884,1.403781090470093,-75.81865340365276,-1.4222960736233345,11,45.45454545454545,-2514176.17402349,0.25753201578462437,1.946262865862751,29.120246860283803,100.0,11.507402422611037,,,,
USDJPY CALL-upout  40Δ  6W  H@10Δ  [Spot > 50DMA],single,1479,10000000.0,60192461.18228567,2958000.0,73640794.95862548,13448333.776339807,-10009124.508511499,31.575388776200136,122.34222278370235,0.4914680714241728,-0.49393251075109945,-4.6160408702945075,1.988333773729409,-4.0255171110438654,-2.4822662844805086,11,45.45454545454545,-3606954.382337242,0.13692873982979858,1.5900915846168449,52.73209208839679,100.0,12.846517917511832,,,,
USDJPY CALL-upout  40Δ  2M  H@10Δ  [Spot > 50DMA],single,1466,10000000.0,71539218.64516099,2932000.0,101415603.12533495,29876384.48017396,-8449059.964075018,35.4024556616644,141.76224600433883,0.7406954569162878,0.08286650633670879,-2.5468497423133583,1.5643690169274793,18.87818234512059,-1.4815025105907704,11,63.63636363636363,-5398054.931987717,0.36391828120609054,2.0540426095022486,43.11779544220979,100.0,12.687585266030013,,,,
USDJPY CALL-upout  40Δ  10W  H@10Δ  [Spot > 50DMA],single,1466,10000000.0,76667363.91502781,2932000.0,116719257.55794726,40051893.64291944,-9897172.035428338,35.4024556616644,152.2411252946037,0.8080313139338148,0.10140249523635254,-3.29670503166247,1.7086059199753925,16.84974236573679,-1.6072034247390399,11,63.63636363636363,-6691465.009276822,0.4164819269493025,2.2786878192567945,50.90057933144403,100.0,12.824010914051842,,,,
USDJPY CALL-upout  40Δ  3M  H@10Δ  [Spot > 50DMA],single,1463,10000000.0,87399376.45645908,2926000.0,120225080.27674578,32825703.820286702,-10500837.128854677,31.715652768284347,137.55828147886146,0.6652890831026324,-0.12004267667130897,-4.9187569073175545,2.1264167292056744,-17.71383967910058,-2.2464594058769833,11,54.54545454545454,-6144554.804858007,0.3234488738151806,1.8133096762714085,56.89008453877529,100.0,17.22488038277512,,,,
USDJPY CALL-upout  35Δ  1M  H@10Δ  [Spot > 50DMA],single,1486,10000000.0,38910114.05196995,2972000.0,49495610.39848711,10585496.346517162,-6258442.366006369,27.994616419919243,127.20499953399964,0.5532749228144817,-0.28447623848282233,-2.9445907102950963,1.5440202224381778,-5.42758942072911,-1.8284964609210002,11,36.36363636363637,-2321423.5110566635,0.17203617931430035,1.7712054053222268,31.41222104580105,100.0,11.507402422611037,,,,
USDJPY CALL-upout  35Δ  6W  H@10Δ  [Spot > 50DMA],single,1479,10000000.0,44841242.28087558,2958000.0,53252732.32469566,8411490.043820081,-9213355.96461351,26.098715348208252,118.75837870666557,0.3857318879665544,-0.8278395988211164,-4.8069782884932595,2.0686421551087526,-2.49884416987856,-2.896481753929869,11,45.45454545454545,-2911574.715058906,0.09304162954054411,1.4473613874559272,49.23379845100332,100.0,12.846517917511832,,,,
USDJPY CALL-upout  35Δ  2M  H@10Δ  [Spot > 50DMA],single,1466,10000000.0,53146108.7543733,2932000.0,74597578.44333288,21451469.688959576,-7753824.109758155,29.6043656207367,140.36319909723278,0.6673969220582691,-0.1541153212429893,-2.6933691032829272,1.6325705391118044,-10.593174811852588,-1.7866858603547937,11,54.54545454545454,-4016846.1108751986,0.28472482336137434,1.9388501425130937,40.740753550455736,100.0,12.687585266030013,,,,
USDJPY CALL-upout  35Δ  10W  H@10Δ  [Spot > 50DMA],single,1466,10000000.0,56903046.030851945,2932000.0,87373651.78166917,30470605.75081722,-10057764.207562149,30.218281036834927,153.54828585854008,0.749519862498399,-0.2079813825837561,-3.408255642148909,1.9110655601275355,-9.188637638553686,-2.1190469427112917,11,63.63636363636363,-5150622.549718491,0.3117912071075194,2.2056103504562103,49.815783920043884,100.0,12.824010914051842,,,,
USDJPY CALL-upout  35Δ  3M  H@10Δ  [Spot > 50DMA],single,1463,10000000.0,64765007.32480949,2926000.0,90346948.73831542,25581941.41350593,-9763028.94277029,26.999316473000682,139.49963486486976,0.6322378932557626,-0.3252996945354315,-4.917859035015295,2.1546026628258583,-6.6234389365255915,-2.47990235736129,11,63.63636363636363,-4685493.33630824,0.2711218020431664,1.810251983249348,51.97646401728904,100.0,17.22488038277512,,,,
USDJPY CALL-upout  30Δ  1M  H@10Δ  [Spot > 50DMA],single,1486,10000000.0,27538637.448200025,2972000.0,33525504.73891907,5986867.290719047,-5858886.766791461,22.476446837146703,121.73988201841976,0.40981930568656877,-0.6342398477591661,-3.44027363218889,1.7699926659171275,-2.790730781376622,-2.4042325136762934,11,36.36363636363637,-1968902.0069406794,0.10393440789353843,1.534266032268367,30.64381249858751,100.0,11.507402422611037,,,,
USDJPY CALL-upout  30Δ  6W  H@10Δ  [Spot > 50DMA],single,1479,10000000.0,31592641.582920346,2958000.0,35810055.25793782,4217413.675017467,-7770942.756701591,21.095334685598377,113.34935435502642,0.25873887408307633,-1.2923631012220569,-5.00821962323385,2.3007715870112104,-1.7802826348381533,-3.5931346882332673,11,36.36363636363637,-2286485.3261289634,0.05530886109747304,1.287236799841233,42.126574086739275,100.0,12.846517917511832,,,,
USDJPY CALL-upout  30Δ  2M  H@10Δ  [Spot > 50DMA],single,1466,10000000.0,37268804.96425663,2932000.0,51120655.39497695,13851850.430720318,-7266301.970601249,25.034106412005457,137.16741238149496,0.575497355208363,-0.514879450543681,-2.828729477087596,1.8382108906395658,-3.570177230220643,-2.353090341183247,11,45.45454545454545,-2870666.114098453,0.19619077220796757,1.781054318506519,37.53877909583712,100.0,12.687585266030013,,,,
USDJPY CALL-upout  30Δ  10W  H@10Δ  [Spot > 50DMA],single,1466,10000000.0,39840659.15744163,2932000.0,61620531.06291779,21779871.90547616,-9213483.359175775,25.7162346521146,154.6674486970882,0.6906552558124189,-0.5642374051609915,-3.6853288868245078,2.222629572438909,-3.9391744540664324,-2.7868669775999004,11,63.63636363636363,-3795296.7457908806,0.2432852004422844,2.111919622784539,44.79853702354219,100.0,12.824010914051842,,,,
USDJPY CALL-upout  30Δ  3M  H@10Δ  [Spot > 50DMA],single,1463,10000000.0,45221778.97459419,2926000.0,63796503.08832246,18574724.113728266,-8796951.927665306,22.07792207792208,141.07473110282464,0.5832931264098101,-0.6265131365496264,-4.916114027030488,2.280201454350741,-3.639511003565566,-2.9067145909003673,11,54.54545454545454,-3181886.681229824,0.218476974253842,1.7859961958327872,45.80119808996671,100.0,17.22488038277512,,,,
USDJPY CALL-upout  25Δ  1M  H@10Δ  [Spot > 50DMA],single,1486,10000000.0,17989907.32571253,2972000.0,20210355.403413296,2220448.077700764,-4736507.972169634,16.28532974427995,112.3427432809903,0.22055951543984248,-0.9935635037651424,-4.104274086783037,1.950174020987144,-1.962807624874398,-2.9437375247522866,11,45.45454545454545,-1435085.0671869921,0.047682297062341436,1.2573884129005084,25.38404134621677,100.0,11.507402422611037,,,,
USDJPY CALL-upout  25Δ  6W  H@10Δ  [Spot > 50DMA],single,1479,10000000.0,20465533.961015433,2958000.0,21474587.511933565,1009053.5509181293,-5878476.579789308,15.010141987829615,104.93050194947399,0.09212496565822319,-2.015218548387107,-8.595225373417689,3.068226889052834,-1.5225281106649744,-5.083445437439941,11,36.36363636363637,-1609502.8702411482,0.017493296063826057,1.0911418563403041,32.58853595907164,100.0,12.846517917511832,,,,
USDJPY CALL-upout  25Δ  2M  H@10Δ  [Spot > 50DMA],single,1466,10000000.0,23930503.527852345,2932000.0,30960048.947607648,7029545.419755307,-5949354.927943856,19.031377899045022,129.37483288462244,0.4411393716677931,-0.9830697495165464,-4.017136226274498,2.1033877894247817,-2.1396119557734177,-3.0864575389413282,11,36.36363636363637,-1892226.1259860203,0.12160224354671324,1.5528098487236488,30.644928331858868,100.0,12.687585266030013,,,,
USDJPY CALL-upout  25Δ  10W  H@10Δ  [Spot > 50DMA],single,1466,10000000.0,25505327.734999545,2932000.0,38977496.80611418,13472169.071114637,-7398204.666076772,19.986357435197817,152.82099964011647,0.6083936025679797,-0.8449669513037456,-4.158766332697509,2.3393984265319903,-2.768627131419051,-3.1843653778357357,11,36.36363636363637,-2613763.10105305,0.1874111424449142,1.9608600291090288,35.49631431290997,100.0,12.824010914051842,,,,
USDJPY CALL-upout  25Δ  3M  H@10Δ  [Spot > 50DMA],single,1463,10000000.0,28798805.742164463,2926000.0,41146512.15777547,12347706.415611008,-6883161.066739262,17.49829118250171,142.87575855110083,0.5344278140071702,-0.8228741424398762,-4.912393776318097,2.3160048649505365,-2.8145310995961412,-3.138879007390413,11,54.54545454545454,-1973742.5013354507,0.18561534716039382,1.7282815368737816,35.415484562072336,100.0,17.22488038277512,,,,
USDJPY CALL-upout  ATM  1M  H@10Δ  [Spot > 200DMA],single,1461,10000000.0,82887307.63141698,2922000.0,100782352.3286601,17895044.697243113,-5957744.4082579035,37.713894592744694,121.58960787677981,0.5659193427497812,0.4771356974677633,-1.82564652533827,1.2965297229819799,2.71731863673767,-0.8193940255142166,11,72.72727272727273,-1932344.7760936832,0.32097343203155193,1.7066301338334113,31.12692880772104,100.0,11.704312114989733,,,,
USDJPY CALL-upout  ATM  6W  H@10Δ  [Spot > 200DMA],single,1454,10000000.0,95848851.30801648,2908000.0,114271534.6964272,18422683.388410717,-11348611.689331254,36.86382393397524,119.22055730142058,0.4779372996942065,0.25236190231716893,-1.7545821139378006,1.4163551629787783,5.612396918765893,-1.1639932606616092,11,63.63636363636363,-5302925.869042592,0.17377662339411315,1.549035319581611,68.65234076365152,100.0,12.310866574965612,,,,
USDJPY CALL-upout  ATM  2M  H@10Δ  [Spot > 200DMA],single,1441,10000000.0,113667863.972036,2882000.0,140546584.60021085,26878720.62817484,-17287167.41035658,35.80846634281748,123.64671921237775,0.48829452140110347,0.255662552096714,-2.901945808408246,1.6544660367108917,6.471288122341153,-1.3988034846141777,10,70.0,-12109423.349674327,0.16762221627696372,1.562613186346126,108.02290062142747,100.0,13.25468424705066,,,,
USDJPY CALL-upout  ATM  10W  H@10Δ  [Spot > 200DMA],single,1434,10000000.0,121136991.9061405,2868000.0,153962490.06849355,32825498.162353046,-18302140.940526795,37.44769874476987,127.0978316745614,0.5111353737603233,0.23491458922959535,-2.742708781892609,1.6777564502454207,7.141984905014367,-1.4428418610158253,10,70.0,-11762798.25224182,0.19358392918324455,1.6057856149812209,107.19623388161612,100.0,13.598326359832635,,,,
USDJPY CALL-upout  ATM  3M  H@10Δ  [Spot > 200DMA],single,1420,10000000.0,136500973.73346764,2840000.0,150943110.52493095,14442136.791463302,-21295940.688999835,32.46478873239437,110.58024451874098,0.24181148841860353,0.027563021113377183,-2.5527599579682527,1.8514885359619588,67.17291723378517,-1.8239255148485816,10,60.0,-10356482.285049666,0.07372004180275299,1.2284757439231346,113.1035178317472,100.0,16.549295774647888,,,,
USDJPY CALL-upout  45Δ  1M  H@10Δ  [Spot > 200DMA],single,1461,10000000.0,66391571.3339091,2922000.0,80956452.82691158,14564881.493002482,-5869155.248562888,35.318275154004105,121.93784723026064,0.543104073538742,0.3655684179547306,-1.8661688887634797,1.2138615961394992,3.320477198032504,-0.8482931781847686,11,72.72727272727273,-2054775.0843936477,0.2651853475883083,1.6809322105712683,31.487332091713164,100.0,11.704312114989733,,,,
USDJPY CALL-upout  45Δ  6W  H@10Δ  [Spot > 200DMA],single,1454,10000000.0,76818057.93007764,2908000.0,91274441.12906262,14456383.198984973,-11145304.460736234,33.76891334250344,118.81899072760164,0.43744144224138337,0.13810143160324367,-1.9746513116552984,1.478715253898406,10.707457820905562,-1.3406138222951625,11,63.63636363636363,-5030472.441294054,0.13885096966662158,1.5018788875730054,69.20282829078037,100.0,12.310866574965612,,,,
USDJPY CALL-upout  45Δ  2M  H@10Δ  [Spot > 200DMA],single,1441,10000000.0,91267682.29669797,2882000.0,114555860.80433528,23288178.50763731,-15639819.569777142,33.587786259541986,125.51634699337586,0.487869967704387,0.1714219615074742,-3.1188690353215898,1.6425321348976472,9.581806907664108,-1.471110173390173,10,70.0,-10704181.045390528,0.1605279301221881,1.5748686397137055,99.7371645427813,100.0,13.25468424705066,,,,
USDJPY CALL-upout  45Δ  10W  H@10Δ  [Spot > 200DMA],single,1434,10000000.0,97370830.63760367,2868000.0,126116738.41071934,28745907.77311568,-16742587.785807371,33.61227336122734,129.52209361354085,0.5137445372007209,0.13567964977475713,-2.9880922319466987,1.6882553406659748,12.4429517873068,-1.5525756908912176,10,70.0,-10366041.692411145,0.18531616892748387,1.6346615902161954,98.75186239563972,100.0,13.598326359832635,,,,
USDJPY CALL-upout  45Δ  3M  H@10Δ  [Spot > 200DMA],single,1420,10000000.0,110034832.30774295,2840000.0,122843159.08695367,12808326.779210716,-18885303.93282771,29.295774647887324,111.64024746581033,0.2453076242837276,-0.08607016883453515,-2.55515474719795,1.7596020035818865,-20.443807969804475,-1.8456721724164216,10,60.0,-9601925.855760427,0.07372577862071225,1.2383851201535472,103.8736314105006,100.0,16.549295774647888,,,,
USDJPY CALL-upout  40Δ  1M  H@10Δ  [Spot > 200DMA],single,1461,10000000.0,51501310.75801334,2922000.0,62510796.22099373,11009485.462980384,-5755968.003698725,31.759069130732374,121.37709759409833,0.5025640271626888,0.2294787293531763,-1.9130385148775788,1.1545309293185924,5.03110215300925,-0.9250521999654161,11,63.63636363636363,-2067000.2905428514,0.20439337619967993,1.6141004789406932,30.868183222194922,100.0,11.704312114989733,,,,
USDJPY CALL-upout  40Δ  6W  H@10Δ  [Spot > 200DMA],single,1454,10000000.0,59485053.38600695,2908000.0,69872018.98834783,10386965.602340877,-10687192.08259677,30.05502063273728,117.46147143037491,0.38009351250162243,-0.008616330287054486,-2.2094132808468143,1.5417482352368423,-178.9332794673883,-1.550364565523897,11,63.63636363636363,-4437258.510226802,0.10404142225646015,1.4344390684070631,65.99131208265176,100.0,12.310866574965612,,,,
USDJPY CALL-upout  40Δ  2M  H@10Δ  [Spot > 200DMA],single,1441,10000000.0,70550172.3800967,2882000.0,89968035.75585335,19417863.375756662,-13400015.614063123,30.950728660652327,127.52348112084093,0.4891585316218284,0.09875574894835343,-3.160424351842118,1.6089858996014839,16.292579588889957,-1.5102301506531304,10,70.0,-8683605.719104996,0.15622227558562915,1.591291933223393,85.10728897916087,100.0,13.25468424705066,,,,
USDJPY CALL-upout  40Δ  10W  H@10Δ  [Spot > 200DMA],single,1434,10000000.0,75223921.61417116,2868000.0,99176784.61316524,23952862.998994093,-15552818.583726747,30.334728033472803,131.84208225921807,0.5079696789043299,0.0034622128049519143,-3.2046474422547995,1.7102555727982438,493.97760020762126,-1.7067933599932918,10,60.0,-8633369.599201094,0.16622953673698312,1.6555053461011853,87.99737429375791,100.0,13.598326359832635,,,,
USDJPY CALL-upout  40Δ  3M  H@10Δ  [Spot > 200DMA],single,1420,10000000.0,84923112.3162123,2840000.0,96234268.96176776,11311156.64555547,-16043841.16172674,26.056338028169012,113.31929122361677,0.2567882176624501,-0.20654483613766722,-2.5560699266239837,1.7032870392318884,-8.246572855961432,-1.9098318753695556,10,60.0,-8187648.751577846,0.07663896135964832,1.2613691018646958,89.28811321291937,100.0,16.549295774647888,,,,
USDJPY CALL-upout  35Δ  1M  H@10Δ  [Spot > 200DMA],single,1461,10000000.0,38467227.287409395,2922000.0,45538277.49077551,7071050.203366108,-5659878.985931942,26.488706365503077,118.38201165510182,0.4124040246031697,0.05055116835771119,-1.9646090058312675,1.1403615312949158,22.558559343781468,-1.0898103629372047,11,54.54545454545454,-2160590.5079619996,0.13350420387186301,1.4772469928110068,30.999102720501032,100.0,11.704312114989733,,,,
USDJPY CALL-upout  35Δ  6W  H@10Δ  [Spot > 200DMA],single,1454,10000000.0,44310447.16439111,2908000.0,51081127.06330001,6770679.898908901,-9484445.67490107,25.79092159559835,115.28009833389805,0.3136702017966334,-0.17153683361155375,-2.252429169651356,1.5933855694789654,-9.28888295260945,-1.764922403090519,11,54.54545454545454,-3696770.4184185253,0.07641903173967055,1.3598643924829164,58.44174095166807,100.0,12.310866574965612,,,,
USDJPY CALL-upout  35Δ  2M  H@10Δ  [Spot > 200DMA],single,1441,10000000.0,52409144.23749497,2882000.0,67404050.74772,14994906.510225035,-11319246.399876237,26.578764746703676,128.61124089772346,0.4766287944931621,0.017488455283091398,-3.1286692255211657,1.5771251992307083,90.18093214645103,-1.5596367439476169,10,60.0,-6578140.1042195195,0.1428147524699673,1.5853066612573563,69.40254264756071,100.0,13.25468424705066,,,,
USDJPY CALL-upout  35Δ  10W  H@10Δ  [Spot > 200DMA],single,1434,10000000.0,55829843.821814924,2868000.0,75032950.9921905,19203107.170375563,-13598336.142330108,26.569037656903767,134.39577447442574,0.5020080633461739,-0.13546631383459334,-3.5453752493430977,1.784505662730158,-13.173058395233738,-1.9199719765647514,10,60.0,-6846326.395443108,0.15242127966239047,1.6782472269285733,74.43421798975817,100.0,13.598326359832635,,,,
USDJPY CALL-upout  35Δ  3M  H@10Δ  [Spot > 200DMA],single,1420,10000000.0,62929877.279655345,2840000.0,72723928.42039953,9794051.140744183,-13612708.62677177,22.676056338028168,115.56343594509202,0.27199425493054147,-0.32548628009792174,-2.8342651998949875,1.702380601450161,-5.230268387773531,-2.027866881548083,10,50.0,-6464030.695976573,0.07821116695586597,1.2911600435561639,73.81199841324087,100.0,16.549295774647888,,,,
USDJPY CALL-upout  30Δ  1M  H@10Δ  [Spot > 200DMA],single,1461,10000000.0,27220174.776110835,2922000.0,30778131.473750323,3557956.6976394886,-5142244.867804255,21.423682409308693,113.07102811390489,0.28238794895089053,-0.17123640919387498,-1.9975453561140044,1.1659127419103208,-6.808789949515157,-1.3371491511041957,11,54.54545454545454,-1976275.7670048766,0.07393772285652253,1.3095578543520408,28.2779604885181,100.0,11.704312114989733,,,,
USDJPY CALL-upout  30Δ  6W  H@10Δ  [Spot > 200DMA],single,1454,10000000.0,31214115.744368665,2908000.0,34579160.315265276,3365044.570896608,-7932490.2947782185,21.11416781292985,110.78052185894036,0.21090808187994722,-0.3941727029027578,-2.6597447894277604,1.6620921696608146,-4.216659746910104,-2.0562648725635726,11,45.45454545454545,-3025804.4641622896,0.04541114722272207,1.239516050432594,48.947554574329075,100.0,12.310866574965612,,,,
USDJPY CALL-upout  30Δ  2M  H@10Δ  [Spot > 200DMA],single,1441,10000000.0,36749253.04790958,2882000.0,47012517.491084225,10263264.443174649,-9303954.32947004,23.317140874392784,127.92781782474476,0.44183122856313023,-0.12085463933559426,-3.2369748564355234,1.5963322004783178,-13.208696076991759,-1.717186839813912,10,60.0,-4681734.375043246,0.11892270310506643,1.547574627994998,54.70733134842934,100.0,13.25468424705066,,,,
USDJPY CALL-upout  30Δ  10W  H@10Δ  [Spot > 200DMA],single,1434,10000000.0,39086808.63285624,2868000.0,53314824.33416529,14228015.701309044,-11253377.098973235,22.733612273361228,136.4010677744333,0.484064478977615,-0.33085517262839936,-4.245305902768711,1.9512481372196822,-5.897589938577839,-2.2821033098480816,10,60.0,-5266970.473808018,0.13646501703815828,1.678935066589274,59.92078795600171,100.0,13.598326359832635,,,,
USDJPY CALL-upout  30Δ  3M  H@10Δ  [Spot > 200DMA],single,1420,10000000.0,43939837.085911945,2840000.0,51916319.672693886,7976482.586781941,-10982587.308387544,19.43661971830986,118.15319108076388,0.283191939315551,-0.47463155998484596,-3.3061590300010337,1.7583516874467406,-3.7046665997155377,-2.2329832474315867,10,50.0,-4840181.534653344,0.07895101254307425,1.3214528777148216,58.29785256488086,100.0,16.549295774647888,,,,
USDJPY CALL-upout  25Δ  1M  H@10Δ  [Spot > 200DMA],single,1461,10000000.0,17775855.254090942,2922000.0,18454975.959752537,679120.7056615986,-4091369.3273193594,15.742642026009582,103.82046712213922,0.08223798827765035,-0.4582051629468241,-2.0222203152524454,1.175565975070719,-2.5655886710450413,-1.633771138017543,11,54.54545454545454,-1541511.9362616634,0.017737665191932903,1.0800836002164964,22.84431099631229,100.0,11.704312114989733,,,,
USDJPY CALL-upout  25Δ  6W  H@10Δ  [Spot > 200DMA],single,1454,10000000.0,20214777.511412367,2908000.0,20751016.770015635,536239.2586032674,-6087544.12082994,15.474552957359009,102.65270917921569,0.050502044723391766,-0.7215281960474591,-3.7351319116200896,1.7673605671238266,-2.449468470955745,-2.4888887631712855,11,45.45454545454545,-2286567.6802611575,0.009429695874970244,1.0524966491199124,38.191282292010364,100.0,12.310866574965612,,,,
USDJPY CALL-upout  25Δ  2M  H@10Δ  [Spot > 200DMA],single,1441,10000000.0,23593460.773896962,2882000.0,28726131.216429673,5132670.442532709,-7069111.594475176,18.667591950034698,121.75463147064598,0.33978796953518353,-0.41624230633056963,-3.4926673436666196,1.6705994979579788,-4.013526430519124,-2.0868418042885484,10,50.0,-3047520.157439945,0.0782754125844755,1.413184445479685,40.42052383287246,100.0,13.25468424705066,,,,
USDJPY CALL-upout  25Δ  10W  H@10Δ  [Spot > 200DMA],single,1434,10000000.0,25019586.103393838,2868000.0,33894696.56375139,8875110.460357554,-8385984.927641807,17.99163179916318,135.47265100102382,0.4323583216448793,-0.663762483630377,-5.343024667190657,2.2139330730002267,-3.335429656842549,-2.877695556630604,10,50.0,-3645950.030078703,0.11422983770663359,1.6301957821130122,43.17436382394748,100.0,13.598326359832635,,,,
USDJPY CALL-upout  25Δ  3M  H@10Δ  [Spot > 200DMA],single,1420,10000000.0,27981453.833111104,2840000.0,33668525.429585665,5687071.596474562,-8186685.9431027,15.704225352112678,120.32443214135256,0.2796515830741219,-0.7171432126582059,-3.7995742781322397,1.9159825965681363,-2.6716875552182118,-2.633125809226342,10,50.0,-3278666.9669977175,0.07551470195489945,1.3276703425281249,42.53939685904469,100.0,16.549295774647888,,,,
USDJPY CALL-upout  ATM  1M  H@10Δ  [20DMA > 50DMA],single,1483,10000000.0,83723368.62689237,2966000.0,104258320.63463587,20534952.007743493,-3811109.7203369993,39.312204989885366,124.52714498296902,0.690863175609525,0.42232935835933655,-1.2086710699890741,0.9858360876481655,2.334282635424489,-0.563506729288829,11,63.63636363636363,-1770764.3319070702,0.5501910539661305,1.9575797934799826,17.236922356787233,100.0,13.01416048550236,,,,
USDJPY CALL-upout  ATM  6W  H@10Δ  [20DMA > 50DMA],single,1476,10000000.0,96787432.93842924,2952000.0,121424226.60531794,24636793.666888688,-6403628.8381126365,39.22764227642276,125.45453776272923,0.6328010254424999,0.2555384530743241,-2.8303389602263147,1.384667970883779,5.418628602565127,-1.129129517809455,11,54.54545454545454,-2842064.778962082,0.3937329050816692,1.7767331429530375,29.390930632359158,100.0,13.008130081300814,,,,
USDJPY CALL-upout  ATM  2M  H@10Δ  [20DMA > 50DMA],single,1475,10000000.0,115863592.91075154,2950000.0,159384826.1996373,43521233.28888579,-10178256.795353774,40.813559322033896,137.5624751447245,0.8155934234304721,0.520170316854485,-2.1770393126909218,1.5048186318552867,2.892934454536075,-0.9846483150008017,11,63.63636363636363,-5714817.236059792,0.4419279496890655,2.0987717576664298,45.77011484149951,100.0,13.016949152542374,,,,
USDJPY CALL-upout  ATM  10W  H@10Δ  [20DMA > 50DMA],single,1475,10000000.0,124058859.42748003,2950000.0,178910100.39535517,54851240.96787514,-11965487.441489553,42.16949152542373,144.21388461977523,0.8305843476439635,0.4570227259069128,-2.4033315453334954,1.742197696962238,3.812059222011406,-1.285174971055325,11,63.63636363636363,-7334741.860712486,0.4736492661772782,2.124825123056174,61.31641007578195,100.0,12.677966101694915,,,,
USDJPY CALL-upout  ATM  3M  H@10Δ  [20DMA > 50DMA],single,1465,10000000.0,140240375.23783368,2930000.0,174282098.2860644,34041723.04823069,-11197140.559114514,36.382252559726965,124.27383910696142,0.5308734631355785,0.2951563287681353,-2.7692359242512024,1.7423473401170295,5.90313393376619,-1.4471910113488942,11,54.54545454545454,-7965678.886190946,0.3155552149930036,1.5685257460814201,52.85083981667833,100.0,17.747440273037544,,,,
USDJPY CALL-upout  45Δ  1M  H@10Δ  [20DMA > 50DMA],single,1483,10000000.0,67078398.85006726,2966000.0,83361339.47798243,16282940.627915176,-4328628.865694931,36.74983142279164,124.27449209738977,0.6437343235894029,0.3480632690691711,-1.4603505008291378,0.9779117347083126,2.809580388426366,-0.6298484656391414,11,54.54545454545454,-1713753.785790381,0.3841083714896672,1.8889888829209611,19.609075867865304,100.0,13.01416048550236,,,,
USDJPY CALL-upout  45Δ  6W  H@10Δ  [20DMA > 50DMA],single,1476,10000000.0,77595329.08111343,2952000.0,96641102.33482954,19045773.25371611,-7444973.854401749,35.90785907859079,124.54499965301625,0.5711335932330682,0.12945425309857866,-2.877796711892081,1.3836344356150199,10.688211491679537,-1.2541801825164411,11,54.54545454545454,-2772170.642466158,0.2618057070036286,1.7004165734806307,34.64746645165087,100.0,13.008130081300814,,,,
USDJPY CALL-upout  45Δ  2M  H@10Δ  [20DMA > 50DMA],single,1475,10000000.0,93073744.41038966,2950000.0,129761284.37736894,36687539.96697927,-8725465.29289769,38.50847457627118,139.41771140657352,0.7947887106059521,0.40292302015353665,-2.1767758216676536,1.4720177625232804,3.6533473862137678,-1.0690947423697437,11,63.63636363636363,-5164954.496057234,0.43456392992413245,2.09095793039291,45.47530546605859,100.0,13.016949152542374,,,,
USDJPY CALL-upout  45Δ  10W  H@10Δ  [20DMA > 50DMA],single,1475,10000000.0,99773427.57585786,2950000.0,146465913.55716744,46692485.98130958,-11364066.788434934,38.64406779661017,146.79851851918107,0.8126249846171437,0.334635426702973,-2.4031408018309803,1.7520662472292803,5.235746449476905,-1.4174308205263073,11,63.63636363636363,-6691556.994593752,0.4245355135989203,2.149604215234225,60.64474387085936,100.0,12.677966101694915,,,,
USDJPY CALL-upout  45Δ  3M  H@10Δ  [20DMA > 50DMA],single,1465,10000000.0,113131184.80353676,2930000.0,143608576.92503202,30477392.121495273,-9543234.787830636,33.720136518771334,126.93986823741146,0.5462230370124601,0.21727308723123784,-2.8085112402697465,1.6377771540722168,7.537873995085158,-1.420504066840979,11,54.54545454545454,-6505152.36195854,0.3314768108034131,1.6140531588621703,48.11650334055111,100.0,17.747440273037544,,,,
USDJPY CALL-upout  40Δ  1M  H@10Δ  [20DMA > 50DMA],single,1483,10000000.0,52036953.56902821,2966000.0,63945920.398974836,11908966.829946626,-4779012.871869529,32.90627107215104,122.88559574139772,0.5751247177248181,0.21990965836918014,-1.8129372429613777,1.0538835590391031,4.792347761597008,-0.8339739006699229,11,63.63636363636363,-1640685.5955934366,0.25445276227140534,1.7658675046430277,22.163874961048705,100.0,13.01416048550236,,,,
USDJPY CALL-upout  40Δ  6W  H@10Δ  [20DMA > 50DMA],single,1476,10000000.0,60089754.95383249,2952000.0,73558589.07996896,13468834.126136478,-7938985.846976041,31.50406504065041,122.41452663017964,0.4905671273135436,-0.03421449579899498,-2.9383290682949585,1.3888847477289945,-40.5934594473782,-1.4230992435279894,11,54.54545454545454,-2513572.1262511658,0.17362355862969328,1.5929011463891836,38.80700320484601,100.0,13.008130081300814,,,,
USDJPY CALL-upout  40Δ  2M  H@10Δ  [20DMA > 50DMA],single,1475,10000000.0,71947896.53149745,2950000.0,101160638.08380996,29212741.55231249,-7913333.895955993,34.91525423728813,140.60263462952486,0.7618170985694114,0.2690186989660849,-2.1764982587158186,1.4617262815717658,5.433548995625933,-1.192707582605681,11,63.63636363636363,-4283976.406730584,0.3815368634660271,2.0647385970428713,43.41367027346077,100.0,13.016949152542374,,,,
USDJPY CALL-upout  40Δ  10W  H@10Δ  [20DMA > 50DMA],single,1475,10000000.0,77081400.54158323,2950000.0,114686257.86678302,37604857.3251998,-11087771.562713863,34.37288135593221,148.7859030336547,0.7749862651418514,0.15549707861512452,-2.717037375152412,1.8004762375131642,11.578842853823492,-1.6449791588980398,11,63.63636363636363,-5840339.560162468,0.3504293571902727,2.1414653613074397,59.47810341506043,100.0,12.677966101694915,,,,
USDJPY CALL-upout  40Δ  3M  H@10Δ  [20DMA > 50DMA],single,1465,10000000.0,87313223.4498455,2930000.0,112875565.49915957,25562342.04931409,-8845571.406376854,30.716723549488055,129.27659870901184,0.5473169641510073,0.10783348020329914,-2.855712327023211,1.5594364869981168,14.461524232159634,-1.4516030067948176,11,54.54545454545454,-5065947.820964221,0.2999478179498005,1.6496267226119001,44.47145392348219,100.0,17.747440273037544,,,,
USDJPY CALL-upout  35Δ  1M  H@10Δ  [20DMA > 50DMA],single,1483,10000000.0,38870708.29897946,2966000.0,46040605.18949756,7169896.8905180935,-5266766.298991619,27.309507754551582,118.44550100649012,0.44014819705969077,-0.008728100471096152,-2.112267564025982,1.1675977371647588,-133.77455278286016,-1.176325837635855,11,45.45454545454545,-1651602.2136135637,0.13900811260123552,1.5428159077451615,26.074298416151965,100.0,13.01416048550236,,,,
USDJPY CALL-upout  35Δ  6W  H@10Δ  [20DMA > 50DMA],single,1476,10000000.0,44764352.27264066,2952000.0,53277884.48137269,8513532.208732026,-7588868.3793445425,26.693766937669377,119.01855332761151,0.39560273928485673,-0.22145642144636124,-3.013945616888088,1.4177626941044443,-6.401994057543458,-1.6392191155508056,11,45.45454545454545,-2037400.5886087443,0.1148091335874089,1.4578474430595263,38.42956009373139,100.0,13.008130081300814,,,,
USDJPY CALL-upout  35Δ  2M  H@10Δ  [20DMA > 50DMA],single,1475,10000000.0,53449765.51409955,2950000.0,74605091.02708313,21155325.512983568,-7619466.496292606,29.491525423728817,139.5798284791408,0.6950794452404615,0.0734876601700048,-2.176020868617462,1.5101994477396743,20.550381441537407,-1.4367117875696696,11,63.63636363636363,-3390260.034318193,0.28695832443757086,1.9741598028982208,41.72362612222138,100.0,13.016949152542374,,,,
USDJPY CALL-upout  35Δ  10W  H@10Δ  [20DMA > 50DMA],single,1475,10000000.0,57210572.47706393,2950000.0,86019013.73404667,28808441.25698273,-10460213.721128711,29.423728813559325,150.3551004817024,0.726637045023901,-0.06383855612869901,-3.174207608120653,1.9143721310447372,-29.987710360888308,-1.9782106871734362,11,54.54545454545454,-4810603.725147408,0.2845640340596463,2.092483591533264,55.9604520660286,100.0,12.677966101694915,,,,
USDJPY CALL-upout  35Δ  3M  H@10Δ  [20DMA > 50DMA],single,1465,10000000.0,64702388.20004603,2930000.0,84275684.74780938,19573296.54776335,-8691968.164920073,26.27986348122867,130.25127370452986,0.517563812157246,-0.06118634271778054,-2.988950658682002,1.5731118249419875,-25.71017902145092,-1.634298167659768,11,54.54545454545454,-3840926.3571713567,0.23373126348471204,1.6381029734555148,44.07797969218603,100.0,17.747440273037544,,,,
USDJPY CALL-upout  30Δ  1M  H@10Δ  [20DMA > 50DMA],single,1483,10000000.0,27509749.10843699,2966000.0,30501256.524611473,2991507.41617448,-5252557.568526641,21.308159136884694,110.8743536859702,0.24497256010622825,-0.3298724821344265,-2.462902615969038,1.314943544504129,-3.9862177529809104,-1.6448160266385556,11,45.45454545454545,-1443021.9339142859,0.05815546696318002,1.2735334672184877,26.997448388532053,100.0,13.01416048550236,,,,
USDJPY CALL-upout  30Δ  6W  H@10Δ  [20DMA > 50DMA],single,1476,10000000.0,31538095.626845818,2952000.0,35736535.14021926,4198439.513373442,-6649113.889691511,21.951219512195124,113.31227973638221,0.26921730386622333,-0.4777703988268198,-3.094766638670519,1.5062500972748205,-3.152665173425279,-1.9840204961016403,11,45.45454545454545,-1610354.3303486553,0.06462012674723573,1.2937218295529158,34.97354560603236,100.0,13.008130081300814,,,,
USDJPY CALL-upout  30Δ  2M  H@10Δ  [20DMA > 50DMA],single,1475,10000000.0,37481952.94054338,2950000.0,51057989.57933253,13576036.638789143,-7331551.00208365,24.949152542372882,136.22019551735858,0.6010337932091233,-0.21484667780736064,-2.6400144329041955,1.6544023862970083,-7.700386169249523,-1.8692490641043689,11,54.54545454545454,-2632819.3738324735,0.19138188187216465,1.8080857313675494,39.361970338008106,100.0,13.016949152542374,,,,
USDJPY CALL-upout  30Δ  10W  H@10Δ  [20DMA > 50DMA],single,1475,10000000.0,40056419.52833527,2950000.0,60818052.124673165,20761632.59633788,-9378590.797043668,24.74576271186441,151.83097451246596,0.6742401619670741,-0.313079020409612,-3.6211590597146888,2.065988503714872,-6.5989362717817,-2.379067524124484,11,54.54545454545454,-3677243.997094829,0.2287308377058808,2.019576005645732,48.44190494570275,100.0,12.677966101694915,,,,
USDJPY CALL-upout  30Δ  3M  H@10Δ  [20DMA > 50DMA],single,1465,10000000.0,45179793.21963285,2930000.0,58701375.930555224,13521582.710922377,-8213050.182466904,21.706484641638223,129.92838556208042,0.4611262016495692,-0.29113707058931476,-3.1965957282642847,1.6683798514220554,-5.730564809369514,-1.9595169220113702,11,45.45454545454545,-2780506.21668271,0.17088109189841452,1.5854487197856932,42.32885988540046,100.0,17.747440273037544,,,,
USDJPY CALL-upout  25Δ  1M  H@10Δ  [20DMA > 50DMA],single,1483,10000000.0,17969883.654869575,2966000.0,17920532.064873856,-49351.589995718095,-4435093.662109853,15.171948752528658,99.72536499988777,-0.005947204356438493,-0.706639096861355,-2.695584397274619,1.4675888958363044,-2.0768577656611753,-2.1742279926976593,11,45.45454545454545,-1119015.565680706,-0.0011362388586576573,0.99432418530158,24.295174747458407,100.0,13.01416048550236,,,,
USDJPY CALL-upout  25Δ  6W  H@10Δ  [20DMA > 50DMA],single,1476,10000000.0,20429804.092850603,2952000.0,20946403.214102805,516599.12125220057,-5342986.509784481,15.447154471544716,102.52865430771791,0.05146996260506086,-0.8703386987511902,-3.1967177633570163,1.6287476714465479,-1.8713952094553128,-2.499086370197738,11,36.36363636363637,-1281433.344842703,0.009894942209325876,1.0492361665153185,30.49112881636489,100.0,13.008130081300814,,,,
USDJPY CALL-upout  25Δ  2M  H@10Δ  [20DMA > 50DMA],single,1475,10000000.0,24067732.340393256,2950000.0,30749184.036574367,6681451.696181111,-6144216.801447176,19.45762711864407,127.76103540493311,0.45382624761039103,-0.6460133286835225,-3.4682574095688543,1.8334143472745357,-2.8380441484245487,-2.4794276759580582,11,45.45454545454545,-1828994.7583945016,0.1123900801354543,1.560026646992423,32.62885581211705,100.0,13.016949152542374,,,,
USDJPY CALL-upout  25Δ  10W  H@10Δ  [20DMA > 50DMA],single,1475,10000000.0,25644134.211791392,2950000.0,38752953.719884,13108819.508092616,-7398302.550528482,19.322033898305087,151.11819880456355,0.5989026650740694,-0.5357232227045244,-3.9387549960607813,2.095240016802161,-3.911049452410579,-2.6309632395066855,11,54.54545454545454,-2565889.5206927974,0.1830763741795649,1.9136324697002225,36.85455701019148,100.0,12.677966101694915,,,,
USDJPY CALL-upout  25Δ  3M  H@10Δ  [20DMA > 50DMA],single,1465,10000000.0,28774413.49859736,2930000.0,36671534.11716563,7897120.618568271,-6796617.081914362,16.450511945392492,127.44494034240947,0.37682621552069645,-0.5412018176043266,-3.4494676626117364,1.7485181092014939,-3.230806054830802,-2.2897199268058204,11,45.45454545454545,-1860493.5476288311,0.1205998941048544,1.478669011993647,35.84374902695359,100.0,17.747440273037544,,,,
USDJPY CALL-upout  ATM  1M  H@10Δ  [50DMA > 200DMA (golden cross)],single,1446,10000000.0,84489695.46686724,2892000.0,96481707.7532841,11992012.286416866,-6967844.550182553,35.892116182572614,114.19346136845712,0.3646759844890994,0.47711296618254756,-0.569672433141282,1.0680269494147854,2.238520067815866,-0.5909139832322379,10,60.0,-1661492.7405240336,0.1851586721497907,1.405559782325366,27.942869211456447,100.0,11.065006915629322,,,,
USDJPY CALL-upout  ATM  6W  H@10Δ  [50DMA > 200DMA (golden cross)],single,1439,10000000.0,97546893.57513508,2878000.0,115792186.12876046,18245292.553625394,-7411184.331708841,37.178596247394026,118.70412463680562,0.45199910851218345,0.4433265702910381,-0.9662034756686882,1.0744969601027474,2.423714327335161,-0.6311703898117094,10,60.0,-4290071.244482167,0.26556234017287184,1.4994688948725456,37.03304783101163,100.0,11.605281445448227,,,,
USDJPY CALL-upout  ATM  2M  H@10Δ  [50DMA > 200DMA (golden cross)],single,1426,10000000.0,115170871.06913683,2852000.0,134879035.77134004,19708164.702203207,-16967204.23749245,34.36185133239832,117.11210874698727,0.3666933662754527,0.1053050906108323,-4.055238475839083,1.7671469638323392,16.781211179647947,-1.6618418732215068,10,60.0,-11832712.698833972,0.12619100844200595,1.3999724647043104,95.23501771370626,100.0,14.025245441795231,,,,
USDJPY CALL-upout  ATM  10W  H@10Δ  [50DMA > 200DMA (golden cross)],single,1419,10000000.0,122717115.3979404,2838000.0,150591837.218247,27874721.820306595,-16550717.857518824,35.58844256518675,122.71461623744653,0.43988297919099567,0.14151737176928927,-3.185749512817339,1.7539900302652092,12.394167644129773,-1.61247265849592,10,60.0,-11256539.03971393,0.18319062295861135,1.497603205153576,97.98327166382575,100.0,14.023960535588442,,,,
USDJPY CALL-upout  ATM  3M  H@10Δ  [50DMA > 200DMA (golden cross)],single,1405,10000000.0,137863062.45739764,2810000.0,149428012.821522,11564950.36412436,-17270147.713525556,31.601423487544483,108.38872295303766,0.18646873337225803,0.0830328757600582,-2.350833188666195,1.8673265742829286,22.48900278582402,-1.7842936985228703,10,40.0,-11239278.414438628,0.07327428903485984,1.179514310741819,98.25616369052807,100.0,16.72597864768683,,,,
USDJPY CALL-upout  45Δ  1M  H@10Δ  [50DMA > 200DMA (golden cross)],single,1446,10000000.0,67668602.15440929,2892000.0,77424626.45071042,9756024.29630113,-5822760.921407892,33.33333333333333,114.41735751248325,0.35117664703671053,0.3895081968365988,-0.6268065011278791,0.9497791576736574,2.438406085898356,-0.5602709608370586,10,60.0,-1574110.8650374443,0.1802579221294132,1.3927400872248445,25.03008804249396,100.0,11.065006915629322,,,,
USDJPY CALL-upout  45Δ  6W  H@10Δ  [50DMA > 200DMA (golden cross)],single,1439,10000000.0,78179386.54801661,2878000.0,93120277.80321553,14940891.255198907,-6620167.309480771,34.81584433634468,119.11103670022077,0.4329389781029131,0.37934795350085077,-1.107782793518386,1.115915676896586,2.941667845043702,-0.7365677233957353,10,60.0,-3979797.5043052635,0.24345057816699692,1.4822093600637907,37.22426996221977,100.0,11.605281445448227,,,,
USDJPY CALL-upout  45Δ  2M  H@10Δ  [50DMA > 200DMA (golden cross)],single,1426,10000000.0,92486427.1973767,2852000.0,110169605.91559966,17683178.718222946,-14523755.344767934,32.25806451612903,119.11975546475051,0.37899597957934755,0.02639048923059688,-4.460439610985881,1.814255857567343,68.74657918292444,-1.7878653683367463,10,60.0,-10402103.505558824,0.13227382952235286,1.4232908790417897,85.66816715034322,100.0,14.025245441795231,,,,
USDJPY CALL-upout  45Δ  10W  H@10Δ  [50DMA > 200DMA (golden cross)],single,1419,10000000.0,98660845.60728711,2838000.0,124149422.22533424,25488576.618047126,-15359030.886641083,32.346723044397464,125.83454100880371,0.4627137926127235,0.06949349112867406,-3.387734368981662,1.7551844190824,25.25681744542813,-1.685690927953726,10,50.0,-9493087.655797953,0.18050585873186245,1.5497690657426668,86.57044712991717,100.0,14.023960535588442,,,,
USDJPY CALL-upout  45Δ  3M  H@10Δ  [50DMA > 200DMA (golden cross)],single,1405,10000000.0,111166570.99846557,2810000.0,121436974.86736746,10270403.868901884,-16524100.713406576,28.75444839857651,109.23875206067449,0.18863496287147244,-0.046831829520008174,-2.6482965596553627,1.7549801800517728,-37.47408969581222,-1.801812009571781,10,40.0,-10149978.374581825,0.06801012622597591,1.1856823503329816,91.25846251454328,100.0,16.72597864768683,,,,
USDJPY CALL-upout  40Δ  1M  H@10Δ  [50DMA > 200DMA (golden cross)],single,1446,10000000.0,52473328.31201442,2892000.0,59838451.623170316,7365123.311155895,-4681547.341100775,30.152143845089903,114.03593701425177,0.3266632027323046,0.28284639303457765,-0.7961511760982999,0.8517209439353147,3.0112490910612135,-0.5688745509007371,10,50.0,-1374896.7636752913,0.16925482144886944,1.3634360069324811,21.941068381273322,100.0,11.065006915629322,,,,
USDJPY CALL-upout  40Δ  6W  H@10Δ  [50DMA > 200DMA (golden cross)],single,1439,10000000.0,60521993.19526414,2878000.0,71713294.42682412,11191301.231559994,-6511340.856582083,31.13273106323836,118.49129653653856,0.39348201270732325,0.2749082769003568,-1.2769003175007025,1.177855360698892,4.28453946159583,-0.9029470837985352,10,60.0,-3526955.997481715,0.18540157790938236,1.4367999624117662,37.50047957640522,100.0,11.605281445448227,,,,
USDJPY CALL-upout  40Δ  2M  H@10Δ  [50DMA > 200DMA (golden cross)],single,1426,10000000.0,71478207.33540305,2852000.0,86565195.15132745,15086987.815924378,-11893138.562659398,29.803646563814866,121.10711555080063,0.3878529315241984,-0.04423629949901029,-4.701993002922391,1.8358665046162463,-41.501358056799496,-1.8801028041152565,10,60.0,-8510414.630173732,0.137815662257311,1.4441441250110936,72.54863631032664,100.0,14.025245441795231,,,,
USDJPY CALL-upout  40Δ  10W  H@10Δ  [50DMA > 200DMA (golden cross)],single,1419,10000000.0,76206724.48167132,2838000.0,98174757.45844203,21968032.97677072,-14149344.000156399,29.668780831571528,128.8268956921962,0.4737530872887537,-0.02925547774303916,-3.5856318618496514,1.762745842342085,-60.25353124720379,-1.7920013200851241,10,40.0,-7629819.67150225,0.16887462564601077,1.5966760618162714,75.548831884045,100.0,14.023960535588442,,,,
USDJPY CALL-upout  40Δ  3M  H@10Δ  [50DMA > 200DMA (golden cross)],single,1405,10000000.0,85784845.82815975,2810000.0,95124347.04470173,9339501.216541957,-14904636.96385391,25.693950177935942,110.88712245896018,0.20293867405488153,-0.16920372577893517,-2.961567042922273,1.6717509285510797,-9.880107077164624,-1.8409546543300148,10,40.0,-8477857.020185465,0.06856558298664239,1.2070904962662858,78.83863263189687,100.0,16.72597864768683,,,,
USDJPY CALL-upout  35Δ  1M  H@10Δ  [50DMA > 200DMA (golden cross)],single,1446,10000000.0,39171645.89034355,2892000.0,43828592.08400891,4656946.1936653685,-3497097.972275888,25.795297372060862,111.88856400545933,0.2672145652125318,0.14773698161141996,-0.9482485123229873,0.8007065778622388,5.419811404894336,-0.6529695962508189,10,50.0,-1285759.6321389196,0.1432662412183186,1.28854703675143,19.89170648724357,100.0,11.065006915629322,,,,
USDJPY CALL-upout  35Δ  6W  H@10Δ  [50DMA > 200DMA (golden cross)],single,1439,10000000.0,45062690.05877021,2878000.0,52390029.11823546,7327339.059465258,-6656293.479918587,26.893676164002777,116.26032322950321,0.32607915600674103,0.11981204393109361,-1.5979325294192697,1.277498188258981,10.662518945037752,-1.1576861443278874,10,50.0,-3053725.1849993058,0.11874548264310555,1.3587380972596075,37.34543688890677,100.0,11.605281445448227,,,,
USDJPY CALL-upout  35Δ  2M  H@10Δ  [50DMA > 200DMA (golden cross)],single,1426,10000000.0,53081901.28548244,2852000.0,64756141.1386409,11674239.853158457,-10149482.13540316,25.596072931276296,121.99288188712877,0.3770765340395474,-0.12630865056478308,-4.835689618893391,1.8484668505391568,-14.634522990102624,-1.9747755011039398,10,50.0,-6572468.315632446,0.12496179181522188,1.4409957073147837,59.78424525082096,100.0,14.025245441795231,,,,
USDJPY CALL-upout  35Δ  10W  H@10Δ  [50DMA > 200DMA (golden cross)],single,1419,10000000.0,56542861.12314914,2838000.0,74518655.18062356,17975794.05747442,-12536117.60809701,26.286116983791402,131.79144758579432,0.47700456716805856,-0.1533074377825812,-4.005168873961844,1.8397639204882634,-12.000487041583689,-1.9930713582708446,10,40.0,-6021834.027695949,0.15596766086744063,1.634488364769966,64.46374796242733,100.0,14.023960535588442,,,,
USDJPY CALL-upout  35Δ  3M  H@10Δ  [50DMA > 200DMA (golden cross)],single,1405,10000000.0,63554398.26035478,2810000.0,71783141.5477082,8228743.2873534225,-12745944.787237542,22.63345195729537,112.94755911879433,0.2195396816564988,-0.298741581497772,-3.3792988162868114,1.6601402916890193,-5.55711154558978,-1.9588818731867914,10,50.0,-6625272.073747188,0.07064238823952267,1.232667358481949,65.2698539301857,100.0,16.72597864768683,,,,
USDJPY CALL-upout  30Δ  1M  H@10Δ  [50DMA > 200DMA (golden cross)],single,1446,10000000.0,27693128.841232445,2892000.0,29665831.35485367,1972702.513621224,-3421438.7541526626,21.092669432918395,107.1234367374338,0.15637111395823172,-0.04608711487822008,-1.113267939050854,0.8205961550868754,-17.805327090992932,-0.8666832699650955,10,50.0,-1159765.5898828036,0.06203021317556589,1.161076615543322,18.478446636025193,100.0,11.065006915629322,,,,
USDJPY CALL-upout  30Δ  6W  H@10Δ  [50DMA > 200DMA (golden cross)],single,1439,10000000.0,31720005.765258335,2878000.0,35429790.75512917,3709784.9898708453,-6331775.756033612,22.098679638637943,111.69541083102203,0.22329653491288814,-0.10706551009014653,-2.3739679435349346,1.4223209074447902,-13.284585355706342,-1.5293864175349368,10,40.0,-2702453.984614628,0.06320136889524612,1.2427747900161203,35.70225310684263,100.0,11.605281445448227,,,,
USDJPY CALL-upout  30Δ  2M  H@10Δ  [50DMA > 200DMA (golden cross)],single,1426,10000000.0,37200969.60874191,2852000.0,45174641.123351626,7973671.514609719,-8404043.868758127,22.019635343618514,121.43404217275015,0.3471564937770127,-0.24728241426207354,-4.8611943906491835,1.8602009376910005,-7.522576739806221,-2.107483351953074,10,50.0,-4711930.005865863,0.1030771839402984,1.4103929972218336,47.54729936981335,100.0,14.025245441795231,,,,
USDJPY CALL-upout  30Δ  10W  H@10Δ  [50DMA > 200DMA (golden cross)],single,1419,10000000.0,39566196.1117689,2838000.0,52871778.30897292,13305582.19720402,-10713228.58897384,22.128259337561662,133.62866159692894,0.45672517623793807,-0.36207063760096636,-4.580666293418526,1.981234958815754,-5.471956996963805,-2.3433055964167204,10,40.0,-4601443.520994339,0.13508995078099117,1.6314692857436774,53.984223442093636,100.0,14.023960535588442,,,,
USDJPY CALL-upout  30Δ  3M  H@10Δ  [50DMA > 200DMA (golden cross)],single,1405,10000000.0,44358816.333241634,2810000.0,50880115.72034093,6521299.387099292,-10528239.251353417,19.430604982206408,114.7012475222707,0.22527416462852304,-0.52964820079776,-4.441629098135169,1.834797792641589,-3.4641820549527087,-2.364445993439349,10,50.0,-5023734.217138105,0.0677769911924312,1.2502133465728769,52.86537738060234,100.0,16.72597864768683,,,,
USDJPY CALL-upout  25Δ  1M  H@10Δ  [50DMA > 200DMA (golden cross)],single,1446,10000000.0,18053938.536138915,2892000.0,17806553.76744706,-247384.76869185548,-3033073.895565888,15.421853388658368,98.62974625621628,-0.03040748199452015,-0.3342014027991432,-1.5745176609106246,0.8921820286284442,-2.6695939070149577,-1.2263834314275874,10,40.0,-990774.3874021751,-0.008774864353349295,0.9717819985579301,16.819820546678173,100.0,11.065006915629322,,,,
USDJPY CALL-upout  25Δ  6W  H@10Δ  [50DMA > 200DMA (golden cross)],single,1439,10000000.0,20513164.907579124,2878000.0,21159794.302160572,646629.3945814483,-5419014.677901158,16.122307157748438,103.15226537443051,0.058552516792056336,-0.48631587322081904,-3.745046830909295,1.6446287027130182,-3.3818116851107796,-2.130944575933837,10,40.0,-2157377.9602853414,0.012871773423267266,1.0591330508555272,31.503136544523176,100.0,11.605281445448227,,,,
USDJPY CALL-upout  25Δ  2M  H@10Δ  [50DMA > 200DMA (golden cross)],single,1426,10000000.0,23858849.839187764,2852000.0,27950326.356238667,4091476.5170509014,-6417349.593201337,17.741935483870968,117.148674578314,0.2718221865574908,-0.4893284909218852,-4.8673847404952095,1.910092973641649,-3.9034983841694393,-2.399421464563534,10,50.0,-3030121.500050889,0.06926548503292602,1.3164622858027086,35.41827520353217,100.0,14.025245441795231,,,,
USDJPY CALL-upout  25Δ  10W  H@10Δ  [50DMA > 200DMA (golden cross)],single,1419,10000000.0,25301999.422087863,2838000.0,34016750.07016096,8714750.648073103,-8240602.277979184,17.618040873854827,134.4429327607422,0.4235814546739865,-0.6454606730159929,-4.799788754701093,2.0978782128570685,-3.250202995411757,-2.7433388858730616,10,40.0,-3069079.8720477684,0.11502852320623756,1.6042445608706362,40.64638378709944,100.0,14.023960535588442,,,,
USDJPY CALL-upout  25Δ  3M  H@10Δ  [50DMA > 200DMA (golden cross)],single,1405,10000000.0,28227009.690772913,2810000.0,32451457.23581096,4224447.54503805,-8196782.282033033,15.373665480427047,114.96597617429867,0.205335457425016,-0.891715104831594,-5.5801173597089715,2.140164765423463,-2.4000544050755384,-3.031879870255057,10,50.0,-3462652.764763874,0.05639367723461939,1.2335235857603264,40.56109795305569,100.0,16.72597864768683,,,,
USDJPY CALL-upout  ATM  1M  H@10Δ  [Realized vol (20d) < 252d p75],single,1816,10000000.0,96736207.4676777,3632000.0,119970221.30906084,23234013.84138314,-7497176.954373371,38.65638766519824,124.0179085469588,0.6845170555246824,0.643742104359631,-1.3108597055754874,0.9155987075836892,1.4223066991936009,-0.27185660322405825,10,90.0,-2677320.763272489,0.33758500942566205,1.7780666269774679,22.600994122927673,100.0,9.636563876651982,,,,
USDJPY CALL-upout  ATM  6W  H@10Δ  [Realized vol (20d) < 252d p75],single,1809,10000000.0,112577852.64553621,3618000.0,146408179.73328304,33830327.08774684,-7284014.631049361,39.13764510779436,130.05060612966687,0.7569380888208094,0.537737855496158,-2.3461491829364265,1.192175857237447,2.2170205148333,-0.654438001741289,10,70.0,-5033099.817571846,0.5069903292053197,1.8596119225382257,30.630626580845178,100.0,9.45273631840796,,,,
USDJPY CALL-upout  ATM  2M  H@10Δ  [Realized vol (20d) < 252d p75],single,1796,10000000.0,134597884.71007928,3592000.0,174113666.9833289,39515782.27324961,-10534917.780145206,37.97327394209354,129.35839768831858,0.7039001371018101,0.5635538603028779,-2.0583001574511854,1.2658321843614293,2.2461600807438655,-0.7022783240585514,10,60.0,-6519633.482807913,0.4120387000399921,1.7318803430195082,48.34244036819072,100.0,11.247216035634743,,,,
USDJPY CALL-upout  ATM  10W  H@10Δ  [Realized vol (20d) < 252d p75],single,1793,10000000.0,144212059.51546443,3586000.0,191762402.74956486,47550343.23410042,-14436794.432387106,38.53876185164529,132.9725151931565,0.7846267602101471,0.5964993985470027,-2.3001884924714404,1.4750925557524996,2.4729154117265484,-0.8785931572054969,10,70.0,-7471003.192913529,0.36466223774937945,1.788348028555234,64.6301087997234,100.0,11.54489682097044,,,,
USDJPY CALL-upout  ATM  3M  H@10Δ  [Realized vol (20d) < 252d p75],single,1792,10000000.0,164686655.22580367,3584000.0,202612268.67433873,37925613.448535055,-20595086.250040222,36.328125,123.02895361894069,0.5559739691893262,0.28534540043736073,-2.845246780580735,1.9136589182640384,6.706464920517009,-1.6283135178266777,10,70.0,-8985216.142725626,0.2038192897656099,1.5237264435387456,92.66696165874765,100.0,14.508928571428573,,,,
USDJPY CALL-upout  45Δ  1M  H@10Δ  [Realized vol (20d) < 252d p75],single,1816,10000000.0,77545176.45033756,3632000.0,95614977.28374627,18069800.833408713,-6244830.758613385,36.013215859030836,123.30228862781838,0.6185445885550646,0.5224351391551707,-1.4994195379375532,0.9053466865775104,1.7329360502847215,-0.3829115474223397,10,90.0,-2553425.941515473,0.31520228988924803,1.6972877948057126,19.842026046277116,100.0,9.636563876651982,,,,
USDJPY CALL-upout  45Δ  6W  H@10Δ  [Realized vol (20d) < 252d p75],single,1809,10000000.0,90291109.30704287,3618000.0,117762856.50913192,27471747.20208904,-6738857.270397654,36.20784964068547,130.4257500134027,0.712654641886533,0.4359381528876294,-2.5502372679692793,1.2425323139368196,2.850249067915613,-0.8065941610491902,10,70.0,-4371065.569841607,0.4450044063644391,1.8169588362025626,28.995073306153984,100.0,9.45273631840796,,,,
USDJPY CALL-upout  45Δ  2M  H@10Δ  [Realized vol (20d) < 252d p75],single,1796,10000000.0,108142519.86893496,3592000.0,141101478.80792952,32958958.93899457,-9563792.88008883,35.57906458797328,130.47733581475603,0.6773146343051408,0.4691705941269661,-2.237424731160253,1.2706214850860449,2.708229162252636,-0.8014508909590787,10,70.0,-5690947.003361179,0.3785662544407652,1.7094848657115183,44.861287445193554,100.0,11.247216035634743,,,,
USDJPY CALL-upout  45Δ  10W  H@10Δ  [Realized vol (20d) < 252d p75],single,1793,10000000.0,115993321.56779699,3586000.0,156589374.52141836,40596052.953621365,-12678651.947691048,35.025097601784715,134.99861233811924,0.7760841053120023,0.5155690629436663,-2.5832897277358917,1.5100833004826584,2.9289641466475222,-0.994514237538992,10,60.0,-6576853.280111249,0.35450195908548365,1.797669915324354,57.813401842367014,100.0,11.54489682097044,,,,
USDJPY CALL-upout  45Δ  3M  H@10Δ  [Realized vol (20d) < 252d p75],single,1792,10000000.0,132836322.76169476,3584000.0,165276472.68112975,32440149.919435002,-17531473.86818153,33.14732142857143,124.4211441908339,0.547835361063238,0.13823602358204354,-3.1728125996780796,1.9070537953429298,13.795635507491918,-1.7688177717608864,10,60.0,-7890589.723949232,0.20480507241837842,1.5253357823042673,81.03606836869909,100.0,14.508928571428573,,,,
USDJPY CALL-upout  40Δ  1M  H@10Δ  [Realized vol (20d) < 252d p75],single,1816,10000000.0,60200452.96225825,3632000.0,73185138.7188288,12984685.756570533,-4985555.804366761,32.158590308370044,121.56908315077142,0.5352255387274719,0.37304638553211567,-1.684067430521335,0.9094885730246866,2.4380039809992704,-0.5364421874925709,10,70.0,-2305329.9819484744,0.28370992771632664,1.5836121630564066,16.754031186406948,100.0,9.636563876651982,,,,
USDJPY CALL-upout  40Δ  6W  H@10Δ  [Realized vol (20d) < 252d p75],single,1809,10000000.0,69959492.315426,3618000.0,90679467.14554027,20719974.83011426,-6385698.200870533,32.78054173576562,129.61710290391218,0.6450937040544512,0.291105913732645,-2.7273043251827263,1.295607590082357,4.450639883847423,-1.0045016763497119,10,70.0,-3619478.91041848,0.3541971988782737,1.7376949217772155,28.732091498714567,100.0,9.45273631840796,,,,
USDJPY CALL-upout  40Δ  2M  H@10Δ  [Realized vol (20d) < 252d p75],single,1796,10000000.0,83628941.96991074,3592000.0,109629193.67282823,26000251.70291749,-8611658.72266519,32.238307349665924,131.0900163154907,0.6421292720572973,0.3530815755784692,-2.445928476231534,1.3038878011861288,3.6928797517964838,-0.9508062256076596,10,70.0,-4759183.965168752,0.3316571135729868,1.6845499924601388,40.83990701945457,100.0,11.247216035634743,,,,
USDJPY CALL-upout  40Δ  10W  H@10Δ  [Realized vol (20d) < 252d p75],single,1793,10000000.0,89642563.00850564,3586000.0,122430838.20448291,32788275.19597728,-11008803.24295783,31.95761293920803,136.57668198628613,0.7535564935313241,0.39823361037580607,-3.0012415923918945,1.583728026530207,3.9768818735205964,-1.185494416154401,10,60.0,-5602434.058859363,0.3297511894720136,1.7937446737372913,50.566978275707164,100.0,11.54489682097044,,,,
USDJPY CALL-upout  40Δ  3M  H@10Δ  [Realized vol (20d) < 252d p75],single,1792,10000000.0,102547671.17600974,3584000.0,128473029.58415812,25925358.408148352,-14648211.292039782,30.301339285714285,125.28127466069006,0.5256864342183115,-0.04830109691756732,-3.5352828454104257,1.9572640573748952,-40.52214509155442,-2.0055651542924626,10,60.0,-6663993.2618764555,0.19589189071763932,1.5184471422153767,69.67943381113074,100.0,14.508928571428573,,,,
USDJPY CALL-upout  35Δ  1M  H@10Δ  [Realized vol (20d) < 252d p75],single,1816,10000000.0,45019599.29852702,3632000.0,52859689.268945985,7840089.970418971,-4097802.547058332,26.81718061674009,117.41483729881956,0.4060612236415113,0.16584065706107304,-1.9165135656004968,0.9555687231369564,5.761968989215084,-0.7897280660758834,10,60.0,-2002647.7618000822,0.208413904387637,1.4160421813634185,19.168814646833038,100.0,9.636563876651982,,,,
USDJPY CALL-upout  35Δ  6W  H@10Δ  [Realized vol (20d) < 252d p75],single,1809,10000000.0,52161867.597964786,3618000.0,66343658.08449316,14181790.486528367,-6306534.523894352,27.805417357656165,127.1880420306916,0.5541842736828556,0.1072761323636087,-2.9093706780361734,1.3630029183941366,12.705556104262651,-1.255726786030528,10,70.0,-2874046.3400633777,0.24547347774596612,1.6250678491213228,29.055749014439073,100.0,9.45273631840796,,,,
USDJPY CALL-upout  35Δ  2M  H@10Δ  [Realized vol (20d) < 252d p75],single,1796,10000000.0,62166750.03476857,3592000.0,80894452.29630594,18727702.26153738,-7581486.543013709,27.672605790645882,130.12494983421746,0.581749107312623,0.17670721174371432,-2.79324626609129,1.4197114141744167,8.03425847855877,-1.2430042024307024,10,70.0,-3794070.555138757,0.271349298223847,1.6312014844365685,36.8156738571961,100.0,11.247216035634743,,,,
USDJPY CALL-upout  35Δ  10W  H@10Δ  [Realized vol (20d) < 252d p75],single,1793,10000000.0,66570329.773397714,3586000.0,91477728.47150028,24907398.69810256,-9285211.3306862,27.5515895147797,137.4151649584525,0.7158781672963069,0.25854678670395004,-3.5271729205155187,1.706040119662104,6.598574058534371,-1.447493332958154,10,60.0,-4549590.317083125,0.29699182085150544,1.7676256992452168,42.83118440426482,100.0,11.54489682097044,,,,
USDJPY CALL-upout  35Δ  3M  H@10Δ  [Realized vol (20d) < 252d p75],single,1792,10000000.0,76024273.92692533,3584000.0,95069350.70047352,19045076.77354818,-11774258.349273961,26.283482142857146,125.05131031156489,0.4821302568978521,-0.28858361662617044,-3.909763105590067,2.0797298256576022,-7.206680164216226,-2.368313442283773,10,60.0,-5310130.618157507,0.17902985157775247,1.4883586493967338,57.17602802658757,100.0,14.508928571428573,,,,
USDJPY CALL-upout  30Δ  1M  H@10Δ  [Realized vol (20d) < 252d p75],single,1816,10000000.0,31921613.025537513,3632000.0,35230791.92020006,3309178.894662547,-4281838.106841084,21.200440528634363,110.36657794208327,0.23140470899041687,-0.09062933014913599,-2.165246345008199,1.037059140822826,-11.442864458076466,-1.127688470971962,10,60.0,-1597761.24260546,0.08418731797821784,1.2199287095608535,21.484415121914637,100.0,9.636563876651982,,,,
USDJPY CALL-upout  30Δ  6W  H@10Δ  [Realized vol (20d) < 252d p75],single,1809,10000000.0,36803662.256298915,3618000.0,44590155.07991441,7786492.823615492,-6016441.972495614,22.664455500276397,121.15684240712442,0.4074146063224939,-0.1751140550948485,-3.2935422387871607,1.4875495389051374,-8.494746684379066,-1.6626635939999859,10,50.0,-2208516.77900971,0.14127536671319404,1.4491944895764537,28.365978371342678,100.0,9.45273631840796,,,,
USDJPY CALL-upout  30Δ  2M  H@10Δ  [Realized vol (20d) < 252d p75],single,1796,10000000.0,43642372.465794615,3592000.0,55270670.96879916,11628298.503004527,-6354019.089051263,23.051224944320715,126.64451505728383,0.4840017584597836,-0.13941745812253697,-3.5149683689408056,1.729685603112163,-12.406520864782268,-1.8691030612347,10,70.0,-2954020.4433113784,0.20103248056262685,1.520878241044416,32.03705519878924,100.0,11.247216035634743,,,,
USDJPY CALL-upout  30Δ  10W  H@10Δ  [Realized vol (20d) < 252d p75],single,1793,10000000.0,46654659.272093415,3586000.0,63611694.92362098,16957035.65152756,-7667499.953418561,23.201338538761853,136.34585680421088,0.6451942600815697,0.03767330548885045,-4.324322587466812,1.9328925240419488,51.306687824724996,-1.8952192185530983,10,60.0,-3544823.04186011,0.24485222807031456,1.6913566494749128,35.73395110304454,100.0,11.54489682097044,,,,
USDJPY CALL-upout  30Δ  3M  H@10Δ  [Realized vol (20d) < 252d p75],single,1792,10000000.0,53126030.1131953,3584000.0,64940890.595029876,11814860.481834581,-9648084.626516188,21.149553571428573,122.23930614928453,0.3903013069621534,-0.6552491954064019,-4.5413621032478515,2.3018983511240645,-3.513012098696847,-2.957147546530466,10,60.0,-3989867.4525298453,0.13553884426966886,1.4033996924073568,48.38898077523638,100.0,14.508928571428573,,,,
USDJPY CALL-upout  25Δ  1M  H@10Δ  [Realized vol (20d) < 252d p75],single,1816,10000000.0,20924355.75850655,3632000.0,20865043.45536932,-59312.303137233015,-3664699.068941244,15.418502202643172,99.7165394059355,-0.006288582749259251,-0.417406594462412,-2.4007227237012105,1.121988149291823,-2.6879981394085504,-1.5393947437542348,10,40.0,-1131799.5634773534,-0.001763043961831474,0.9946863946110592,19.823556872565053,100.0,9.636563876651982,,,,
USDJPY CALL-upout  25Δ  6W  H@10Δ  [Realized vol (20d) < 252d p75],single,1809,10000000.0,23906285.902960606,3618000.0,26400525.193158902,2494239.2901983005,-5174604.766109489,16.03095632946379,110.43340358398962,0.19502537377927165,-0.6705429662751924,-4.174533038731563,1.7537816742935113,-2.6154650223767395,-2.424324640568704,10,30.0,-1631597.566379457,0.05261689545495251,1.1950696341348246,24.9261609565187,100.0,9.45273631840796,,,,
USDJPY CALL-upout  25Δ  2M  H@10Δ  [Realized vol (20d) < 252d p75],single,1796,10000000.0,28082275.28282852,3592000.0,33283354.634519488,5201079.351690966,-5334241.521746266,17.59465478841871,118.52086164425313,0.32477268573177676,-0.7610082153203025,-6.1100205973005455,2.4148997719625407,-3.1732900162531466,-3.175907987282843,10,50.0,-2169720.259519913,0.10710737583985958,1.3323858860231839,26.952842892945636,100.0,11.247216035634743,,,,
USDJPY CALL-upout  25Δ  10W  H@10Δ  [Realized vol (20d) < 252d p75],single,1793,10000000.0,29924232.27912804,3586000.0,39535144.31520991,9610912.03608187,-5896535.848670663,17.902955939765754,132.11748908521014,0.5331852448865352,-0.2495182499464331,-4.641420556442099,2.129926134501267,-8.536153708029463,-2.3794443844477002,10,60.0,-2454387.5446384856,0.18045776249293533,1.5651532959518073,28.173451715191526,100.0,11.54489682097044,,,,
USDJPY CALL-upout  25Δ  3M  H@10Δ  [Realized vol (20d) < 252d p75],single,1792,10000000.0,33886301.54628924,3584000.0,39881976.86974656,5995675.323457311,-8519488.76002798,15.959821428571427,117.6935075528001,0.2770236543109151,-1.2333087691303173,-6.071654939724546,2.7792593575664886,-2.253498415912762,-4.012568126696806,10,60.0,-2843033.022624072,0.07789343524246121,1.2868827003605994,45.69622561926851,100.0,14.508928571428573,,,,
USDJPY CALL-upout  ATM  1M  H@10Δ  [Realized vol (20d) < 252d median],single,1366,10000000.0,71423363.30803281,2732000.0,91659105.33089426,20235742.02286146,-4977268.918481026,39.751098096632504,128.33210463023042,0.6945707448550379,0.43182789676144917,-1.471582493230316,0.885434098437471,2.050432834649873,-0.45360620167602184,10,80.0,-1463538.6999217418,0.44287860378718547,1.8929365925003567,13.59234517505539,100.0,10.102489019033674,,,,
USDJPY CALL-upout  ATM  6W  H@10Δ  [Realized vol (20d) < 252d median],single,1359,10000000.0,82907696.89995033,2718000.0,107552975.98157649,24645279.081626154,-5880584.595349446,40.1766004415011,129.7261653660059,0.7142213628990828,0.37905226952243576,-0.9702858387167971,0.9881363285606679,2.606860340938233,-0.6090840590382322,10,60.0,-1538897.3666564017,0.4574857031490242,1.8725137093709736,18.4474316651423,100.0,10.228108903605593,,,,
USDJPY CALL-upout  ATM  2M  H@10Δ  [Realized vol (20d) < 252d median],single,1348,10000000.0,99155133.69232523,2696000.0,128320360.30476356,29165226.61243832,-6925547.638502445,38.79821958456973,129.41373333521688,0.6321679741925564,0.3930685997453975,-1.5753120831767418,1.0925054084263528,2.7794268204939336,-0.6994368086809553,10,60.0,-2903350.070132826,0.4666746987776342,1.743711484129455,30.437274511971538,100.0,12.314540059347182,,,,
USDJPY CALL-upout  ATM  10W  H@10Δ  [Realized vol (20d) < 252d median],single,1348,10000000.0,106434861.22339839,2696000.0,147284395.80877975,40849534.58538136,-7758583.557251791,40.652818991097924,138.37984483264498,0.8005441630756293,0.5535582391814635,-1.4032108053368217,1.1912828142785288,2.152046035914951,-0.6377245750970653,10,70.0,-3787420.8924990287,0.583809692436327,1.9582296012512614,36.53171529152519,100.0,12.685459940652818,,,,
USDJPY CALL-upout  ATM  3M  H@10Δ  [Realized vol (20d) < 252d median],single,1348,10000000.0,121716225.74901423,2696000.0,159230714.10377693,37514488.35476269,-14701170.894005118,37.388724035608305,130.8212714647591,0.6473680960085255,0.335688966937931,-3.6416062251398698,1.893017578983373,5.639201062373291,-1.557328612045442,10,70.0,-9032279.485870188,0.2827809330740083,1.7444046016429096,59.37255142523726,100.0,15.059347181008903,,,,
USDJPY CALL-upout  45Δ  1M  H@10Δ  [Realized vol (20d) < 252d median],single,1366,10000000.0,57273311.76098089,2732000.0,73666651.64143427,16393339.880453372,-4120069.4283613134,37.335285505124446,128.6229997470162,0.6531914918303368,0.336479836381266,-1.6857009899885467,0.9446604965824869,2.8074802542167494,-0.6081806602012209,10,70.0,-1410638.3249806159,0.4334306107264718,1.8550938621102533,11.606709114157738,100.0,10.102489019033674,,,,
USDJPY CALL-upout  45Δ  6W  H@10Δ  [Realized vol (20d) < 252d median],single,1359,10000000.0,66518789.88779825,2718000.0,86162719.62717111,19643929.739372876,-4891673.5725629795,36.938925680647536,129.53139973307935,0.6633127448930103,0.24215291185879564,-1.1409284864250466,1.065642671097831,4.4007014531348245,-0.8234897592390354,10,60.0,-1427102.035202948,0.4383643135416706,1.8246972904234238,17.831005871914687,100.0,10.228108903605593,,,,
USDJPY CALL-upout  45Δ  2M  H@10Δ  [Realized vol (20d) < 252d median],single,1348,10000000.0,79701769.60754813,2696000.0,103880069.46424186,24178299.85669372,-6077189.62801563,36.275964391691396,130.3359636501771,0.6061337020168525,0.29861427852658984,-1.6870295998891165,1.1253884638182166,3.7687027873250454,-0.8267741852916267,10,60.0,-2540813.825516987,0.4408856798393987,1.7176542266323258,27.975783235180955,100.0,12.314540059347182,,,,
USDJPY CALL-upout  45Δ  10W  H@10Δ  [Realized vol (20d) < 252d median],single,1348,10000000.0,85650262.54579413,2696000.0,120842732.46745649,35192469.92166235,-7025576.731805419,37.24035608308605,141.08857214867987,0.7958942612552293,0.48865876093116906,-1.4378960699262286,1.2371224661706344,2.5316694697404425,-0.7484637052394654,10,70.0,-3200757.419193807,0.5554364755030126,1.9833698419308148,32.550993970898865,100.0,12.685459940652818,,,,
USDJPY CALL-upout  45Δ  3M  H@10Δ  [Realized vol (20d) < 252d median],single,1348,10000000.0,98238136.97556117,2696000.0,130958575.38845628,32720438.412895136,-12537937.439745568,34.49554896142433,133.30726683165318,0.6475332703047129,0.20772857314659246,-3.9545340083050067,1.8621713007046188,8.964444671703871,-1.6544427275580262,10,70.0,-7646131.406928515,0.2891985006995121,1.7642955233550006,51.07012094596286,100.0,15.059347181008903,,,,
USDJPY CALL-upout  40Δ  1M  H@10Δ  [Realized vol (20d) < 252d median],single,1366,10000000.0,44473140.226419166,2732000.0,56867777.32901491,12394637.102595743,-3296093.1155267376,33.52855051244509,127.86993911267086,0.5925129203555954,0.20974786962448225,-1.8948322156742872,1.018873730762147,4.857611820259564,-0.8091258611376647,10,60.0,-1302410.7290111883,0.4096293013893868,1.7639937849258005,9.795585674927016,100.0,10.102489019033674,,,,
USDJPY CALL-upout  40Δ  6W  H@10Δ  [Realized vol (20d) < 252d median],single,1359,10000000.0,51550620.29545584,2718000.0,65907943.75358324,14357323.458127394,-4578303.996502623,33.11258278145696,127.8509227936351,0.5831399810747968,0.048317884764233,-1.4368001705454865,1.1869880164871387,24.566224748435154,-1.1386701317229058,10,60.0,-1685590.4561970702,0.34232068819743433,1.7108527608811317,18.686063163731404,100.0,10.228108903605593,,,,
USDJPY CALL-upout  40Δ  2M  H@10Δ  [Realized vol (20d) < 252d median],single,1348,10000000.0,61643813.36620684,2696000.0,80431934.45627925,18788121.09007241,-5559896.963042242,32.86350148367953,130.47851854728387,0.5683071181648246,0.1765942516833578,-1.8119137748137157,1.1974208780170468,6.780633381906912,-1.020826626333689,10,60.0,-2333703.6902424726,0.37447224031070836,1.6781924843614175,25.583668789971085,100.0,12.314540059347182,,,,
USDJPY CALL-upout  40Δ  10W  H@10Δ  [Realized vol (20d) < 252d median],single,1348,10000000.0,66200793.41410976,2696000.0,94579039.48761982,28378246.073510054,-6226784.41100732,33.90207715133531,142.86692743392652,0.7682700060385167,0.3734674318158643,-1.671336139754225,1.315654967791277,3.5228104399741937,-0.9421875359754127,10,70.0,-2724353.675232864,0.5053454392545833,1.9760016765928086,28.610719030738053,100.0,12.685459940652818,,,,
USDJPY CALL-upout  40Δ  3M  H@10Δ  [Realized vol (20d) < 252d median],single,1348,10000000.0,75844897.04954094,2696000.0,102651746.94142808,26806849.89188714,-10438378.474430544,32.047477744807125,135.34430256313388,0.6328358917548486,0.042167085866495535,-4.249213452627367,1.871868905429425,44.391706634788946,-1.8297018195629295,10,70.0,-6173884.932536011,0.2845874633379073,1.7711466035468983,42.820539017179215,100.0,15.059347181008903,,,,
USDJPY CALL-upout  35Δ  1M  H@10Δ  [Realized vol (20d) < 252d median],single,1366,10000000.0,33270408.499512047,2732000.0,41422260.18122101,8151851.681708961,-2633913.0432944065,28.330893118594435,124.50180821142763,0.4864756540306856,0.01756679606665571,-2.1353873406700212,1.1102663310947831,63.20255138626145,-1.0926995350281274,10,50.0,-1125022.5755348343,0.337140951022986,1.5941463531567965,10.47823738638,100.0,10.102489019033674,,,,
USDJPY CALL-upout  35Δ  6W  H@10Δ  [Realized vol (20d) < 252d median],single,1359,10000000.0,38448748.87838502,2718000.0,47817082.48447989,9368333.60609488,-4649294.7539913375,28.03532008830022,124.36576970482787,0.4776788967190566,-0.1892333528757107,-2.1830276133915807,1.3494017110557475,-7.13088729100541,-1.538635063931458,10,60.0,-1731190.521625832,0.21995789522145967,1.5622623935039108,19.564700664913275,100.0,10.228108903605593,,,,
USDJPY CALL-upout  35Δ  2M  H@10Δ  [Realized vol (20d) < 252d median],single,1348,10000000.0,45834770.24613294,2696000.0,58943943.17983414,13109172.933701206,-5039644.645748902,28.18991097922849,128.60093519244208,0.5008471587312927,-0.007078722210459398,-1.906780066190442,1.3228586626087766,-186.8781714098264,-1.329937384819236,10,50.0,-2267562.1781150843,0.2882560290262788,1.6001215898552568,23.546098477997532,100.0,12.314540059347182,,,,
USDJPY CALL-upout  35Δ  10W  H@10Δ  [Realized vol (20d) < 252d median],single,1348,10000000.0,49172501.01472889,2696000.0,70499932.35410419,21327431.33937531,-5385521.915579658,29.154302670623146,143.37267964667282,0.7201742629214137,0.23017931905664918,-2.1975841303490093,1.4332859228382042,6.226823194682663,-1.203106603781555,10,70.0,-2322730.588554787,0.4391141021811638,1.926020999553102,24.758577376435703,100.0,12.685459940652818,,,,
USDJPY CALL-upout  35Δ  3M  H@10Δ  [Realized vol (20d) < 252d median],single,1348,10000000.0,56237142.773838505,2696000.0,76565212.87511998,20328070.10128148,-8321084.479321721,27.89317507418398,136.14705352836324,0.5950465787842972,-0.17712698323435733,-4.474440615343659,1.9376239572887957,-10.939180027275228,-2.114750940523153,10,60.0,-4703113.628177522,0.2707193135294112,1.7541130842186996,34.72032351153176,100.0,15.059347181008903,,,,
USDJPY CALL-upout  30Δ  1M  H@10Δ  [Realized vol (20d) < 252d median],single,1366,10000000.0,23605189.694902465,2732000.0,27885894.696148153,4280705.001245685,-2866370.0579810035,22.18155197657394,118.13459267463587,0.3425309427496633,-0.21122974568452704,-2.274419961841564,1.1876002609258596,-5.622315441782277,-1.3988300066103867,10,50.0,-887762.9168804697,0.1626820785694222,1.39057980794632,12.271171899060727,100.0,10.102489019033674,,,,
USDJPY CALL-upout  30Δ  6W  H@10Δ  [Realized vol (20d) < 252d median],single,1359,10000000.0,27143336.96026604,2718000.0,31826854.635139562,4683517.674873519,-4424238.85900899,22.36938925680648,117.25476009721842,0.32034096362124376,-0.5577274629875955,-3.395969234506185,1.6297651219558609,-2.922153256046688,-2.187492584943456,10,50.0,-1614942.6343158188,0.11555743293094846,1.3649874703614644,19.083496867648677,100.0,10.228108903605593,,,,
USDJPY CALL-upout  30Δ  2M  H@10Δ  [Realized vol (20d) < 252d median],single,1348,10000000.0,32190660.306429386,2696000.0,39850020.396409325,7659360.089979939,-4879445.287875942,23.293768545994066,123.79373401188094,0.3954117524292857,-0.32415681706445754,-2.9693164752759342,1.5801256067591907,-4.874571576401516,-1.9042824238236482,10,40.0,-2094759.7462038149,0.17395024965227704,1.4600272419499678,24.006300384683907,100.0,12.314540059347182,,,,
USDJPY CALL-upout  30Δ  10W  H@10Δ  [Realized vol (20d) < 252d median],single,1348,10000000.0,34474989.00404111,2696000.0,48935086.779542655,14460097.775501538,-4660038.510788197,24.554896142433236,141.94373426429968,0.6472146728199557,0.027657001715018708,-2.857736652415699,1.6125166539270173,58.30410217790763,-1.5848596522119986,10,70.0,-1936532.6723496437,0.3440712249288103,1.8281454200080218,21.33547362650464,100.0,12.685459940652818,,,,
USDJPY CALL-upout  30Δ  3M  H@10Δ  [Realized vol (20d) < 252d median],single,1348,10000000.0,39310779.873912305,2696000.0,52839582.94782144,13528803.073909137,-7130013.379500823,22.774480712166174,134.41499537099548,0.511784447228929,-0.474983190506856,-4.6748497712704395,2.037824753527535,-4.290309203054041,-2.512807944034391,10,60.0,-3377964.7028072276,0.2102674519922873,1.6660690623546317,31.922175398534783,100.0,15.059347181008903,,,,
USDJPY CALL-upout  25Δ  1M  H@10Δ  [Realized vol (20d) < 252d median],single,1366,10000000.0,15490529.62969585,2732000.0,16802753.97040763,1312224.340711782,-2443384.8070480726,16.471449487554903,108.4711392836834,0.15629814090272715,-0.4587628152907821,-2.296974177456655,1.2456725657856593,-2.71528668904018,-1.7044353810764414,10,50.0,-742992.7809043975,0.05850229337344201,1.1624802962218341,11.289868499958818,100.0,10.102489019033674,,,,
USDJPY CALL-upout  25Δ  6W  H@10Δ  [Realized vol (20d) < 252d median],single,1359,10000000.0,17649950.417222116,2718000.0,18716112.880419746,1066162.4631976322,-3760869.118470392,15.673289183222957,106.0405974974146,0.109163538502467,-1.1916447970642063,-6.415487847343862,2.299519103116415,-1.9297017943447756,-3.4911639001806214,10,30.0,-1274842.6486540358,0.03094563909159743,1.1114956249614953,16.576533421996604,100.0,10.228108903605593,,,,
USDJPY CALL-upout  25Δ  2M  H@10Δ  [Realized vol (20d) < 252d median],single,1348,10000000.0,20730693.120546386,2696000.0,23675749.174631357,2945056.0540849706,-4399441.254603721,17.50741839762611,114.20625946735036,0.2297641729513925,-0.9382722765149397,-5.2009313407210405,2.167554046408499,-2.310154632789031,-3.1058263229234386,10,40.0,-1774311.026052849,0.07418208981498171,1.249519408111075,22.55894339874915,100.0,12.314540059347182,,,,
USDJPY CALL-upout  25Δ  10W  H@10Δ  [Realized vol (20d) < 252d median],single,1348,10000000.0,22129088.212979306,2696000.0,30417791.192840558,8288702.979861252,-3820579.959536638,18.991097922848667,137.45614324497882,0.5444731031675916,-0.22430352665528602,-2.982655780849187,1.735713269599896,-7.738234416025806,-1.960016796255182,10,60.0,-1464055.6116677746,0.24056027619937484,1.6841286568618665,18.103001756419953,100.0,12.685459940652818,,,,
USDJPY CALL-upout  25Δ  3M  H@10Δ  [Realized vol (20d) < 252d median],single,1348,10000000.0,25090016.58921054,2696000.0,32752719.97422873,7662703.385018192,-6587566.305381435,17.136498516320476,130.54084622771188,0.403294371608594,-0.8509483322207713,-5.097695302497603,2.224478104778213,-2.6141165339296903,-3.0754264369989843,10,50.0,-2286852.8637561337,0.12890211311430533,1.5173305037985867,32.469753571150804,100.0,15.059347181008903,,,,
USDJPY CALL-upout  ATM  1M  H@10Δ  [Spot > 50DMA  ∧  RV < p75],single,1161,10000000.0,61707562.3449115,2322000.0,79303357.89450264,17595795.549591143,-3283321.797824029,40.82687338501292,128.51481225468,0.6718076232031724,0.3526111357266336,-1.6862237296693086,1.0317030132257845,2.9258945866803985,-0.6790918774991509,10,70.0,-2369858.679133111,0.5837839199454187,1.9454874507501918,13.079111973838515,100.0,7.665805340223946,,,,
USDJPY CALL-upout  ATM  6W  H@10Δ  [Spot > 50DMA  ∧  RV < p75],single,1154,10000000.0,71526367.56874013,2308000.0,93431367.69384053,21905000.125100423,-5190599.144247185,41.50779896013865,130.62506998422464,0.6877259046473074,0.22483344345635442,-2.0323550774072667,1.259210748864527,5.600638096836204,-1.0343773054081726,10,40.0,-3633788.0875542043,0.46067013403351453,1.9552069074268799,18.965798403765614,100.0,8.31889081455806,,,,
USDJPY CALL-upout  ATM  2M  H@10Δ  [Spot > 50DMA  ∧  RV < p75],single,1141,10000000.0,85149107.2080803,2282000.0,123759738.61305228,38610631.40497197,-7064348.104224255,43.64592462751972,145.34472840756686,0.848169632625613,0.37502027024566303,-4.382648741719457,1.75762359899637,4.6867429268423555,-1.382603328750707,10,70.0,-5501583.997394518,0.6056724700035797,2.266632182911477,22.29450163064912,100.0,8.76424189307625,,,,
USDJPY CALL-upout  ATM  10W  H@10Δ  [Spot > 50DMA  ∧  RV < p75],single,1141,10000000.0,91364579.90153046,2282000.0,133120441.8680608,41755861.96653033,-6880167.053951659,44.08413672217353,145.70246151356832,0.8467847634958129,0.3676719249881345,-3.5943448407909466,1.6484101288615078,4.483372313278218,-1.2807382038733732,10,60.0,-4488156.657767494,0.6729535675006576,2.2140781472127973,26.974440892656936,100.0,9.640666082383873,,,,
USDJPY CALL-upout  ATM  3M  H@10Δ  [Spot > 50DMA  ∧  RV < p75],single,1141,10000000.0,104541459.1773108,2282000.0,141532133.6781077,36990674.50079692,-9673210.783475218,39.70201577563541,135.38373654997272,0.6902896644696925,0.2330195316195398,-2.7813190277087716,1.9678363735821287,8.444941760483378,-1.734816841962589,10,60.0,-6872500.125457033,0.4237645477454063,1.856532888889896,41.705840857898984,100.0,13.234005258545137,,,,
USDJPY CALL-upout  45Δ  1M  H@10Δ  [Spot > 50DMA  ∧  RV < p75],single,1161,10000000.0,49499465.239115745,2322000.0,62811565.54679902,13312100.307683274,-3331857.9179663807,37.89836347975883,126.89342247108502,0.5893057015662929,0.1754665734100039,-2.0841070137568405,1.1064583573728013,6.305807059828973,-0.9309917839627974,10,70.0,-2216800.388514927,0.4352279516433716,1.8189656708680693,14.813125078096629,100.0,7.665805340223946,,,,
USDJPY CALL-upout  45Δ  6W  H@10Δ  [Spot > 50DMA  ∧  RV < p75],single,1154,10000000.0,57420432.74114057,2308000.0,73892127.74879506,16471695.007654479,-6059264.16968479,37.6949740034662,128.68612133578168,0.601425020620616,0.01119999862496091,-2.226930617406014,1.3106970822824133,117.02653957129283,-1.2994970836574524,10,40.0,-3167420.313428333,0.2967445101048114,1.831631221707986,24.743130767854172,100.0,8.31889081455806,,,,
USDJPY CALL-upout  45Δ  2M  H@10Δ  [Spot > 50DMA  ∧  RV < p75],single,1141,10000000.0,68508218.77902992,2282000.0,100208805.04161471,31700586.2625848,-6194776.563364819,40.753724802804555,146.27267622419666,0.7964335635424092,0.2718726858122521,-4.200260964426943,1.6734509078408342,6.155274123405225,-1.401578222028582,10,70.0,-4943761.880737885,0.5670804417311165,2.1965701036216756,22.724328966334774,100.0,8.76424189307625,,,,
USDJPY CALL-upout  45Δ  10W  H@10Δ  [Spot > 50DMA  ∧  RV < p75],single,1141,10000000.0,73605715.90039927,2282000.0,108036933.62507205,34431217.72467278,-6248997.185128481,39.43908851884312,146.7779129697807,0.7996105912548707,0.2524555968499426,-3.6623076952233524,1.639483881611716,6.494147493930233,-1.3870282847617734,10,60.0,-4326184.3154108655,0.6109542402956212,2.1662200889854497,26.288871859465488,100.0,9.640666082383873,,,,
USDJPY CALL-upout  45Δ  3M  H@10Δ  [Spot > 50DMA  ∧  RV < p75],single,1141,10000000.0,84505903.68441929,2282000.0,115949000.45894893,31443096.77452962,-8117224.674751325,36.28396143733567,137.20816582466406,0.6683328808721578,0.05669939171409184,-3.428105591674311,2.0002715195088983,35.278535783863774,-1.9435721277948064,10,70.0,-5691397.248151689,0.4292603418333242,1.8439440240446219,37.09420960784229,100.0,13.234005258545137,,,,
USDJPY CALL-upout  40Δ  1M  H@10Δ  [Spot > 50DMA  ∧  RV < p75],single,1161,10000000.0,38427947.21170777,2322000.0,47594689.54118508,9166742.329477305,-4105252.7943260116,33.93626184323858,123.85436380188554,0.4886851497574486,-0.06993900925332276,-2.750499470438753,1.2564156519037104,-17.964447385191104,-1.3263546611570332,10,50.0,-2094783.4044641994,0.24323820487816375,1.6512838184711125,18.89635027103907,100.0,7.665805340223946,,,,
USDJPY CALL-upout  40Δ  6W  H@10Δ  [Spot > 50DMA  ∧  RV < p75],single,1154,10000000.0,44491064.66329438,2308000.0,55482959.6429286,10991894.979634212,-6632532.315105318,32.92894280762565,124.70584838286112,0.4833061533360661,-0.2796353698150981,-2.4956327321009715,1.3966049895012131,-4.99437889571939,-1.6762403593163113,10,40.0,-2731346.2912620776,0.1809078797397952,1.6454997855488305,30.484767886696694,100.0,8.31889081455806,,,,
USDJPY CALL-upout  40Δ  2M  H@10Δ  [Spot > 50DMA  ∧  RV < p75],single,1141,10000000.0,52978317.181427866,2282000.0,77462759.13119523,24484441.949767366,-4999193.919093434,36.63453111305872,146.21596768715534,0.7330237648298277,0.12200508486885445,-4.090182298565571,1.6327629474925471,13.382745065483416,-1.5107578626236926,10,70.0,-4030409.5326493545,0.5427417719447789,2.1026332663999434,24.933785887189767,100.0,8.76424189307625,,,,
USDJPY CALL-upout  40Δ  10W  H@10Δ  [Spot > 50DMA  ∧  RV < p75],single,1141,10000000.0,56883232.84768207,2282000.0,83534350.7673559,26651117.91967383,-6819012.687988907,35.31989482909728,146.85232639825222,0.7337390383434006,0.08712746367755182,-3.511759133730828,1.6153642351969022,18.540241698933983,-1.5282367715193503,10,60.0,-3800715.0298082842,0.43337171441849703,2.0892059903469726,31.578680854793642,100.0,9.640666082383873,,,,
USDJPY CALL-upout  40Δ  3M  H@10Δ  [Spot > 50DMA  ∧  RV < p75],single,1141,10000000.0,65233916.338227175,2282000.0,90326072.36854076,25092156.0303136,-7695861.32320741,32.86590709903594,138.46489286372886,0.6316270578431138,-0.12698136239526764,-3.8608509769769577,2.0246079464644873,-15.944134700353008,-2.151589308859755,10,60.0,-4534550.744044071,0.3613131497914324,1.813185937529772,35.580703112563384,100.0,13.234005258545137,,,,
USDJPY CALL-upout  35Δ  1M  H@10Δ  [Spot > 50DMA  ∧  RV < p75],single,1161,10000000.0,28738014.451713204,2322000.0,33958033.4074709,5220018.955757693,-4612545.773852097,27.648578811369507,118.16416010413168,0.34990191906780665,-0.3757506640618121,-3.4221990660971535,1.417729758679653,-3.7730598885819457,-1.7934804227414651,10,30.0,-1977480.1024782085,0.12327870460599116,1.4386024389479417,23.211205222158252,100.0,7.665805340223946,,,,
USDJPY CALL-upout  35Δ  6W  H@10Δ  [Spot > 50DMA  ∧  RV < p75],single,1154,10000000.0,33173702.53733427,2308000.0,39452669.52505244,6278966.987718166,-6555808.0272446945,26.776429809358753,118.9275435283466,0.34628437195656675,-0.6389309503089251,-2.829451582145697,1.5561522873911176,-2.4355562782468327,-2.1950832377000427,10,30.0,-2288682.5347845196,0.10455053511767531,1.437641898997177,32.32588584636525,100.0,8.31889081455806,,,,
USDJPY CALL-upout  35Δ  2M  H@10Δ  [Spot > 50DMA  ∧  RV < p75],single,1141,10000000.0,39382550.726415955,2282000.0,56722931.53793625,17340380.811520297,-4928555.98504272,30.499561787905343,144.03061886971477,0.6464660939178326,-0.12642855039342774,-4.116147608518174,1.6773068986524389,-13.266836433961297,-1.8037354490458666,10,60.0,-3065486.942565341,0.3898898758505933,1.9729193021959726,28.244970600743574,100.0,8.76424189307625,,,,
USDJPY CALL-upout  35Δ  10W  H@10Δ  [Spot > 50DMA  ∧  RV < p75],single,1141,10000000.0,42242616.010809906,2282000.0,61849092.08176463,19606476.070954725,-7101507.852715404,29.88606485539001,146.41397224532076,0.6663422142191223,-0.1450209637048725,-3.4783458988575124,1.7088389644367399,-11.783392695654285,-1.8538599281416124,10,60.0,-2952393.555804467,0.3061368447955687,1.9857701271591357,34.84026448876745,100.0,9.640666082383873,,,,
USDJPY CALL-upout  35Δ  3M  H@10Δ  [Spot > 50DMA  ∧  RV < p75],single,1141,10000000.0,48359570.18985954,2282000.0,67093241.44720086,18733671.257341318,-7512833.229322083,27.78264680105171,138.73829147734972,0.5781044574357134,-0.3292139582940671,-3.8409366420767688,1.997513727355128,-6.067524407852928,-2.326727685649195,10,60.0,-3461561.4688902153,0.2763262657309463,1.7650972068352435,36.52149472428449,100.0,13.234005258545137,,,,
USDJPY CALL-upout  30Δ  1M  H@10Δ  [Spot > 50DMA  ∧  RV < p75],single,1161,10000000.0,20377826.790336974,2322000.0,22217235.25348796,1839408.4631509837,-4563764.477508615,21.53316106804479,109.02651927546671,0.16547680299912315,-0.7295897356977389,-3.604645421502816,1.5557281756776482,-2.132332870870006,-2.285317911375387,10,30.0,-1666591.208731075,0.04390476206115972,1.186952495397059,24.413499369265217,100.0,7.665805340223946,,,,
USDJPY CALL-upout  30Δ  6W  H@10Δ  [Spot > 50DMA  ∧  RV < p75],single,1154,10000000.0,23407981.464543626,2308000.0,25765421.935241062,2357440.4706974365,-5882193.045382411,21.143847487001732,110.07109679349448,0.17449279288659433,-1.1437218142085566,-3.3289801978808296,1.8695468157559496,-1.6346167333091013,-3.0132686299645064,10,30.0,-1864932.8932956427,0.043748760149658616,1.207310514770256,30.145780671511467,100.0,8.31889081455806,,,,
USDJPY CALL-upout  30Δ  2M  H@10Δ  [Spot > 50DMA  ∧  RV < p75],single,1141,10000000.0,27648574.463585228,2282000.0,38597838.421396114,10949263.95781089,-4979326.972259916,25.942156003505694,139.60154970098623,0.5417423702890819,-0.50445694126457,-4.13198866573115,1.829315463184994,-3.626306456601183,-2.333772404449564,10,50.0,-2175311.1878482164,0.24367854991441004,1.7866145087714274,28.828359821759193,100.0,8.76424189307625,,,,
USDJPY CALL-upout  30Δ  10W  H@10Δ  [Spot > 50DMA  ∧  RV < p75],single,1141,10000000.0,29605970.093749236,2282000.0,42808320.49499709,13202350.40124785,-6547912.713492211,25.153374233128833,144.59354096299407,0.5906633689279229,-0.4224978058836846,-3.5280147717796133,1.9108832733683534,-4.522824134841608,-2.333381079252038,10,50.0,-2133087.73618939,0.22357076014596575,1.855717628215689,33.60913153310942,100.0,9.640666082383873,,,,
USDJPY CALL-upout  30Δ  3M  H@10Δ  [Spot > 50DMA  ∧  RV < p75],single,1141,10000000.0,33792973.963415116,2282000.0,46664015.11173204,12871041.148316924,-6856773.222717148,22.524101665205958,138.0879207679423,0.5086846982245653,-0.6267440710318359,-3.7974394952603467,2.033862345473541,-3.2451241894081346,-2.660606416505377,10,50.0,-2536161.758282625,0.208016083003743,1.7017631301052003,35.871029285092426,100.0,13.234005258545137,,,,
USDJPY CALL-upout  25Δ  1M  H@10Δ  [Spot > 50DMA  ∧  RV < p75],single,1161,10000000.0,13358678.018505456,2322000.0,12875315.759706639,-483362.25879881764,-3806221.0607677298,14.900947459086995,96.38166098374984,-0.06536231237738407,-1.0847404114319104,-3.7959464513935437,1.6688631294979979,-1.538490787205961,-2.753603540929908,10,30.0,-1145653.6117490814,-0.013833605949211314,0.9357285435475516,21.25208784463101,100.0,7.665805340223946,,,,
USDJPY CALL-upout  25Δ  6W  H@10Δ  [Spot > 50DMA  ∧  RV < p75],single,1154,10000000.0,15207335.806980979,2308000.0,14884831.940208908,-322503.8667720682,-4691713.088626707,14.211438474870016,97.87928753027192,-0.035654662495441934,-1.7416103911526661,-6.652320456887103,2.4451485694663,-1.4039584179605202,-4.186758960618966,10,30.0,-1295668.8308658437,-0.007503567059229072,0.9637702169379601,24.655525345545417,100.0,8.31889081455806,,,,
USDJPY CALL-upout  25Δ  2M  H@10Δ  [Spot > 50DMA  ∧  RV < p75],single,1141,10000000.0,17792837.556701846,2282000.0,23084402.388060693,5291564.83135885,-4401903.198214056,19.456617002629272,129.73985916802647,0.3936585871460658,-1.0403012574843877,-4.122787862588445,2.1045387049627173,-2.023008902297997,-3.1448399624471053,10,40.0,-1394139.811367139,0.13321301420685538,1.522449072484643,25.054940174757153,100.0,8.76424189307625,,,,
USDJPY CALL-upout  25Δ  10W  H@10Δ  [Spot > 50DMA  ∧  RV < p75],single,1141,10000000.0,18991096.50990265,2282000.0,26359083.622699838,7367987.112797188,-5120109.377342308,18.843120070113937,138.79706002734096,0.48333246483610726,-0.6318491813339872,-3.6081444892131955,1.9387925282271548,-3.068441940739549,-2.570641709561142,10,50.0,-1371454.6781437732,0.1595644901018006,1.6669907874064958,27.191443203446145,100.0,9.640666082383873,,,,
USDJPY CALL-upout  25Δ  3M  H@10Δ  [Spot > 50DMA  ∧  RV < p75],single,1141,10000000.0,21554756.225990355,2282000.0,29510558.834706187,7955802.608715832,-5665179.871400685,17.353198948290974,136.90973131546187,0.4343267959413697,-0.8779140137248056,-3.7897373354011763,2.095893756757938,-2.387356533774303,-2.9738077704827433,10,50.0,-1728633.1215806343,0.15562283314776792,1.5991244900722301,29.80029344744031,100.0,13.234005258545137,,,,
USDJPY CALL-upout  ATM  1M  H@10Δ  [Golden cross  ∧  RV < p75],single,1011,10000000.0,54489534.1316891,2022000.0,64474767.55453093,9985233.422841828,-5490281.401826985,36.99307616221563,118.32504825368804,0.40042759242554327,0.39791784695891486,-1.0,0.9207784301785935,2.313991285426472,-0.5228605832196787,10,70.0,-1615591.6878282963,0.19811633639887322,1.5283661027297828,19.042434988050132,100.0,8.506429277942631,,,,
USDJPY CALL-upout  ATM  6W  H@10Δ  [Golden cross  ∧  RV < p75],single,1004,10000000.0,63131471.04298528,2008000.0,76056434.43566996,12924963.39268466,-7038103.6380345,37.54980079681275,120.47309080424287,0.40131001764878654,0.29994875760514406,-1.1116897971144228,0.852144860617537,2.8409681287605473,-0.552196103012393,10,50.0,-1648872.3644868652,0.2004647201441448,1.523854796733986,27.001379518524715,100.0,8.665338645418327,,,,
USDJPY CALL-upout  ATM  2M  H@10Δ  [Golden cross  ∧  RV < p75],single,991,10000000.0,74821807.06560296,1982000.0,84398075.27451825,9576268.208915284,-12922119.98971536,32.89606458123108,112.79876627480931,0.2215003549940986,-0.12622494937339718,-4.0300847375027535,1.6084230933204848,-12.74251327732734,-1.734648042693882,10,50.0,-8119448.042062406,0.08140687932674777,1.2560954246949934,74.09730608617684,100.0,10.898082744702322,,,,
USDJPY CALL-upout  ATM  10W  H@10Δ  [Golden cross  ∧  RV < p75],single,988,10000000.0,80105939.15775338,1976000.0,85678392.4563108,5572453.298557425,-14889642.503001243,31.68016194331984,106.95635474366458,0.12871702001768048,-0.20480413979984116,-2.8280981669280445,1.4440918188800043,-7.051087054643239,-1.6488959586798455,10,40.0,-7316224.8359043,0.041435260727268865,1.1323660806883056,84.77541923907236,100.0,12.246963562753036,,,,
USDJPY CALL-upout  ATM  3M  H@10Δ  [Golden cross  ∧  RV < p75],single,987,10000000.0,91386587.67717268,1974000.0,85696108.95999052,-5690478.717182163,-15887392.718587141,29.584599797365758,93.77317956406903,-0.13196248155531415,-0.2542227453138092,-2.2499932568644887,1.8554152682318115,-7.2983842021747956,-2.1096380135456205,10,40.0,-7878201.873054669,-0.03964354264408667,0.8821679346626391,92.80725005692084,100.0,14.58966565349544,,,,
USDJPY CALL-upout  45Δ  1M  H@10Δ  [Golden cross  ∧  RV < p75],single,1011,10000000.0,43684927.76507653,2022000.0,51309881.79985044,7624954.034773905,-4616977.933963708,34.52027695351138,117.45442747617314,0.3604194368056839,0.315868723307966,-0.9999999999999999,0.8636572107746926,2.7342283266603866,-0.5477884874667266,10,70.0,-1437799.839108344,0.17990204587536154,1.4696687364686591,17.345056591680773,100.0,8.506429277942631,,,,
USDJPY CALL-upout  45Δ  6W  H@10Δ  [Golden cross  ∧  RV < p75],single,1004,10000000.0,50645662.5900621,2008000.0,60981805.63613759,10336143.0460755,-5722442.620779675,35.45816733067729,120.40874285669567,0.37690586905818285,0.2352075579537037,-1.1115272633321427,0.8468056326012667,3.6002483932422993,-0.611598074647563,10,50.0,-1716666.9957233216,0.19717023423515545,1.496559329772841,24.365577768064526,100.0,8.665338645418327,,,,
USDJPY CALL-upout  45Δ  2M  H@10Δ  [Golden cross  ∧  RV < p75],single,991,10000000.0,60142551.23771552,1982000.0,68878297.7408076,8735746.503092058,-11251065.191083932,30.57517658930373,114.52506806464481,0.2320433739562589,-0.1999678102494151,-4.405281806271756,1.6506148012681812,-8.2544025421362,-1.8505826115175963,10,60.0,-7443951.239817302,0.08529134379293259,1.2749391432910706,66.92932279521474,100.0,10.898082744702322,,,,
USDJPY CALL-upout  45Δ  10W  H@10Δ  [Golden cross  ∧  RV < p75],single,988,10000000.0,64467109.4738063,1976000.0,70525046.23568344,6057936.761877138,-13020699.580672322,28.34008097165992,109.39694180695125,0.16146092413646393,-0.25947563958835945,-3.014159608623872,1.4273208432261235,-5.500789382350002,-1.686796482814483,10,30.0,-6311423.54290928,0.0515108036656551,1.1722114955950678,74.16160741506596,100.0,12.246963562753036,,,,
USDJPY CALL-upout  45Δ  3M  H@10Δ  [Golden cross  ∧  RV < p75],single,987,10000000.0,73771998.33491771,1974000.0,68476875.40946864,-5295122.925449075,-14760808.206615632,26.443768996960486,92.82231328286686,-0.14255080617753438,-0.39048408915849586,-2.250010781259357,1.7146006249859405,-4.390961559230115,-2.105084714144436,10,40.0,-6552217.688353613,-0.03970472515334624,0.8714795582580785,87.30183647547389,100.0,14.58966565349544,,,,
USDJPY CALL-upout  40Δ  1M  H@10Δ  [Golden cross  ∧  RV < p75],single,1011,10000000.0,33908084.37639336,2022000.0,39252128.223593734,5344043.847200366,-3749395.938999115,31.05835806132542,115.76038265057772,0.3092919459429372,0.2167512800679507,-1.0,0.811725837899159,3.7449644479362987,-0.5949745578312082,10,60.0,-1171899.682581368,0.15526207261630132,1.3906765591675811,15.723031096510653,100.0,8.506429277942631,,,,
USDJPY CALL-upout  40Δ  6W  H@10Δ  [Golden cross  ∧  RV < p75],single,1004,10000000.0,39236142.49612491,2008000.0,46729969.513860166,7493827.01773525,-4489692.237815218,32.27091633466135,119.09929605968621,0.33308702865989137,0.13196524184977765,-1.1112521350278197,0.8556682195779653,6.484042370429734,-0.7237029777281877,10,50.0,-1683667.9068209066,0.18220126175553616,1.438317499534648,24.234019876980025,100.0,8.665338645418327,,,,
USDJPY CALL-upout  40Δ  2M  H@10Δ  [Golden cross  ∧  RV < p75],single,991,10000000.0,46505319.22995894,1982000.0,54141482.061416954,7636162.831458015,-9173538.340676032,28.254288597376387,116.41997723679478,0.2427198824252022,-0.26183387462808944,-4.55543656076603,1.6514829108466638,-6.307369178997336,-1.9133167854747533,10,60.0,-6228671.8601739,0.09144013848814853,1.2976596449002127,56.87837094470653,100.0,10.898082744702322,,,,
USDJPY CALL-upout  40Δ  10W  H@10Δ  [Golden cross  ∧  RV < p75],single,988,10000000.0,49817185.96253521,1976000.0,55664368.58509235,5847182.622557137,-11096722.237280766,26.01214574898785,111.73728003615958,0.186813442854528,-0.3399601298151578,-3.2230922258710013,1.4266761537789225,-4.196598449808309,-1.7666362835940803,10,30.0,-5176512.571755252,0.05833911705569996,1.2075624697068175,63.44835695535044,100.0,12.246963562753036,,,,
USDJPY CALL-upout  40Δ  3M  H@10Δ  [Golden cross  ∧  RV < p75],single,987,10000000.0,56946039.05291783,1974000.0,52533336.10260097,-4412702.950316863,-12731258.389057655,23.505572441742654,92.2510801037166,-0.1436680338123941,-0.523847436090087,-2.3729105839318763,1.605812669850605,-3.065420500739934,-2.129660105940692,10,40.0,-5705040.884736305,-0.03836274237094448,0.8668792359822769,75.54751760970574,100.0,14.58966565349544,,,,
USDJPY CALL-upout  35Δ  1M  H@10Δ  [Golden cross  ∧  RV < p75],single,1011,10000000.0,25351018.983121,2022000.0,28399891.6716792,3048872.6885581966,-2882848.3840362267,26.013847675568748,112.02662776824937,0.227842490421596,0.09872676879876104,-0.9999999999999999,0.7640230257418557,7.738762597398445,-0.6652962569430946,10,40.0,-934248.8927416168,0.11520575084117583,1.2740050001256233,13.91730223219331,100.0,8.506429277942631,,,,
USDJPY CALL-upout  35Δ  6W  H@10Δ  [Golden cross  ∧  RV < p75],single,1004,10000000.0,29248735.101149626,2008000.0,33786394.3952278,4537659.2940781675,-4497452.7818547385,27.39043824701195,115.51403600321781,0.257462983547456,-0.03398323819293099,-1.3517800136320441,0.9095642613282948,-26.76508507413215,-0.9435474995212259,10,50.0,-1648647.6463253805,0.11013606601329122,1.3362465328306194,24.490108870580503,100.0,8.665338645418327,,,,
USDJPY CALL-upout  35Δ  2M  H@10Δ  [Golden cross  ∧  RV < p75],single,991,10000000.0,34565890.64149915,1982000.0,40669671.79250385,6103781.151004698,-7594653.5842015995,24.72250252270434,117.65839397662332,0.24299804575932754,-0.32968991582723256,-4.597231812434952,1.6425980559319757,-4.982251434080096,-1.9722879717592083,10,50.0,-4883643.517476778,0.08828553631176389,1.3096338565329986,47.03999940488804,100.0,10.898082744702322,,,,
USDJPY CALL-upout  35Δ  10W  H@10Δ  [Golden cross  ∧  RV < p75],single,988,10000000.0,36990316.45963693,1976000.0,42195813.165354505,5205496.705717571,-9186699.778416082,23.279352226720647,114.07259305661171,0.20733473301456826,-0.43689338395870314,-3.686861068089673,1.5183920603780778,-3.4754292835013545,-1.955285444336781,10,30.0,-4207103.849132748,0.06273509517289173,1.236993605353571,53.68975811839938,100.0,12.246963562753036,,,,
USDJPY CALL-upout  35Δ  3M  H@10Δ  [Golden cross  ∧  RV < p75],single,987,10000000.0,42212284.151897535,1974000.0,38758735.006595194,-3453549.1453023446,-10420115.465903785,20.364741641337385,91.81861580180068,-0.14088056062648568,-0.6679821541899755,-2.801653077626124,1.5670534064805395,-2.345951005803167,-2.2350355606705152,10,40.0,-4575972.319986725,-0.036683384155683466,0.8667696578779606,62.18810917939216,100.0,14.58966565349544,,,,
USDJPY CALL-upout  30Δ  1M  H@10Δ  [Golden cross  ∧  RV < p75],single,1011,10000000.0,17968043.90667642,2022000.0,18920469.831305005,952425.9246285865,-2238827.1442047795,21.463897131552915,105.30066561265856,0.10044881782364828,-0.04343266767444674,-1.0618767387993815,0.7255216533013777,-16.704515106914155,-0.7689543209758245,10,40.0,-772707.5689890777,0.04634120426772452,1.1128387252635243,11.881865664401788,100.0,8.506429277942631,,,,
USDJPY CALL-upout  30Δ  6W  H@10Δ  [Golden cross  ∧  RV < p75],single,1004,10000000.0,20630316.529361367,2008000.0,22203665.842014696,1573349.3126533302,-4529701.5153196035,21.91235059760956,107.62639443953329,0.12175187117296617,-0.3179346090605403,-1.8503194028279473,1.0197491342755856,-3.207417831260414,-1.3376837433361257,10,30.0,-1712710.9465664076,0.037915768031928976,1.156460421658893,24.58760419468438,100.0,8.665338645418327,,,,
USDJPY CALL-upout  30Δ  2M  H@10Δ  [Golden cross  ∧  RV < p75],single,991,10000000.0,24260968.774420984,1982000.0,28395997.047892652,4135028.2734716684,-6207134.2898217775,21.594349142280524,117.0439536521367,0.22094476402130275,-0.4463562354972014,-4.542186400906009,1.6210935135539686,-3.631837946093021,-2.06744974905117,10,50.0,-3535458.1551836478,0.07317890674023059,1.2897908009473549,37.47733095979869,100.0,10.898082744702322,,,,
USDJPY CALL-upout  30Δ  10W  H@10Δ  [Golden cross  ∧  RV < p75],single,988,10000000.0,25918552.02112898,1976000.0,29850182.64231462,3931630.621185641,-7353622.3076929655,20.1417004048583,115.16917541527995,0.20763437498770657,-0.5636833632970589,-4.247859081870886,1.6579367507178318,-2.9412554257772294,-2.2216201140148906,10,30.0,-3338633.1491218754,0.05919421939346629,1.2414452756835865,44.47336094875162,100.0,12.246963562753036,,,,
USDJPY CALL-upout  30Δ  3M  H@10Δ  [Golden cross  ∧  RV < p75],single,987,10000000.0,29492675.889284387,1974000.0,26602791.060446598,-2889884.828837796,-8743589.73602392,17.1225937183384,90.20134748136643,-0.15438290912904354,-0.9095820217497661,-3.9348573757333756,1.6789074189959725,-1.845801015026938,-2.5884894407457386,10,40.0,-3600001.4674625527,-0.03658196654332879,0.850204167636074,50.808722118766596,100.0,14.58966565349544,,,,
USDJPY CALL-upout  25Δ  1M  H@10Δ  [Golden cross  ∧  RV < p75],single,1011,10000000.0,11769206.867420401,2022000.0,11000833.509032264,-768373.3583881344,-1942885.8513427672,15.2324431256182,93.47132421883796,-0.13132198570999176,-0.27970512525650504,-1.5171489166751364,0.7206995181522025,-2.5766403725755156,-1.0004046434087075,10,30.0,-677989.8107092425,-0.04308059410422522,0.8736059465913831,10.647094917014618,100.0,8.506429277942631,,,,
USDJPY CALL-upout  25Δ  6W  H@10Δ  [Golden cross  ∧  RV < p75],single,1004,10000000.0,13392861.99377861,2008000.0,12728208.693652697,-664653.3001259142,-3997880.330503375,15.239043824701195,95.03725715657589,-0.07774582895973228,-0.8221067339880553,-3.2145513048666428,1.2852717688068391,-1.5633879588505029,-2.1073785027948944,10,20.0,-1526260.3685474496,-0.01814803730329462,0.9106922560543653,22.27277408747763,100.0,8.665338645418327,,,,
USDJPY CALL-upout  25Δ  2M  H@10Δ  [Golden cross  ∧  RV < p75],single,991,10000000.0,15605186.544938002,1982000.0,17322113.86672283,1716927.3217848241,-4712543.372472963,17.356205852674066,111.00228643112095,0.13992645742791118,-0.7552738719777705,-4.510261052591999,1.6619049278725275,-2.2004003971706854,-2.417178799850298,10,40.0,-2284521.707121657,0.04002166259908421,1.1817454984351703,27.68487937942439,100.0,10.898082744702322,,,,
USDJPY CALL-upout  25Δ  10W  H@10Δ  [Golden cross  ∧  RV < p75],single,988,10000000.0,16617727.184460787,1976000.0,18761900.1878729,2144173.0034121126,-5525496.677068736,15.587044534412955,112.90292577084261,0.16724746606583668,-0.7366926553958052,-4.390058453276152,1.7242492957338467,-2.3405273326736964,-2.460941951129652,10,30.0,-2270517.791651731,0.04296317917315661,1.1974565759072755,33.38993093020261,100.0,12.246963562753036,,,,
USDJPY CALL-upout  25Δ  3M  H@10Δ  [Golden cross  ∧  RV < p75],single,987,10000000.0,18805570.022351217,1974000.0,16361459.193641108,-2444110.828710108,-6723778.856107908,12.76595744680851,87.0032611305843,-0.18196406664846285,-1.2531916379788703,-5.113537333616748,1.9161642974867263,-1.5290273565638284,-3.169355935465597,10,40.0,-2565330.2823894275,-0.04023312428155851,0.8191246683196376,38.86811955310464,100.0,14.58966565349544,,,,
USDJPY CALL-upout  ATM  1M  H@10Δ  [Golden cross  ∧  RV < median (strict)],single,797,10000000.0,42632843.58975293,1594000.0,48561941.928112894,5929098.338359968,-4363605.091765745,36.13550815558344,113.90734898055233,0.279572344390634,0.0340418661568993,-1.471582493230316,0.8875772716140393,26.073108551781115,-0.85353540545714,10,50.0,-1463538.6999217418,0.14801300804757575,1.3648578075744082,18.181123421888703,100.0,9.410288582183187,,,,
USDJPY CALL-upout  ATM  6W  H@10Δ  [Golden cross  ∧  RV < median (strict)],single,790,10000000.0,49234644.59514485,1580000.0,57844577.21581994,8609932.620675087,-5488421.502982485,37.59493670886076,117.48754904493435,0.3146616504099618,0.03915769431933913,-0.9999999999999999,0.8392724542570789,21.43314280490158,-0.8001147599377397,10,30.0,-1352246.2342868391,0.17124448098805758,1.423524756951986,26.43645572548234,100.0,8.60759493670886,,,,
USDJPY CALL-upout  ATM  2M  H@10Δ  [Golden cross  ∧  RV < median (strict)],single,779,10000000.0,58382015.166317895,1558000.0,63972305.22162409,5590290.0553062055,-11399918.318101475,32.22079589216945,109.57536330217562,0.15335848834162596,-0.3548195618977161,-3.5437502705514032,1.477208281480783,-4.163266178392437,-1.832027843378499,10,40.0,-6054995.449683257,0.054342000746419636,1.1916770897516282,63.69710917243187,100.0,10.911424903722722,,,,
USDJPY CALL-upout  ATM  10W  H@10Δ  [Golden cross  ∧  RV < median (strict)],single,779,10000000.0,62729454.77877447,1558000.0,69105104.6069412,6375649.828166716,-10576642.006939428,32.73427471116817,110.1637258775028,0.17060688933273405,-0.2712129531197531,-2.020472173538194,1.315828801022172,-4.851644384555529,-1.587041754141925,10,40.0,-4763505.651912262,0.06684105269986992,1.2023659342921358,57.410435821372495,100.0,12.195121951219512,,,,
USDJPY CALL-upout  ATM  3M  H@10Δ  [Golden cross  ∧  RV < median (strict)],single,779,10000000.0,71738659.93760586,1558000.0,69321193.46352485,-2417466.4740809947,-10532482.390246809,29.910141206675224,96.63017614744466,-0.06701188561541044,-0.1857024229172252,-2.0100663329648536,1.6947104842324563,-9.125947080334297,-1.8804129071496816,10,40.0,-5945167.140684651,-0.025435058440048557,0.933461270755162,61.25022416891492,100.0,14.377406931964057,,,,
USDJPY CALL-upout  45Δ  1M  H@10Δ  [Golden cross  ∧  RV < median (strict)],single,797,10000000.0,34192074.540593974,1594000.0,38701939.11964173,4509864.5790477535,-3754333.934093468,33.87703889585947,113.18979511960727,0.25234507124061933,-0.038412393719182,-1.6857009899885467,0.9244605737401974,-24.06672649714484,-0.9628729674593794,10,50.0,-1410638.3249806159,0.13085408153691092,1.3313761941998103,16.30040328050912,100.0,9.410288582183187,,,,
USDJPY CALL-upout  45Δ  6W  H@10Δ  [Golden cross  ∧  RV < median (strict)],single,790,10000000.0,39515926.05989277,1580000.0,46187584.668168254,6671658.608275477,-4542846.72329746,35.822784810126585,116.88346768885918,0.2885851486813304,-0.055415913665981885,-1.0,0.8775590104653022,-15.835866494140445,-0.932974924131284,10,30.0,-1120677.4229881843,0.16031347173869898,1.3958028495594665,23.44407321273526,100.0,8.60759493670886,,,,
USDJPY CALL-upout  45Δ  2M  H@10Δ  [Golden cross  ∧  RV < median (strict)],single,779,10000000.0,46958150.68361944,1558000.0,51908106.796956554,4949956.113337116,-10266101.743203493,30.038510911424904,110.54120752473293,0.15582105430497328,-0.43403912622444196,-3.804071384289957,1.5008731104064403,-3.457921232728539,-1.9349122366308822,10,40.0,-5662382.12241062,0.05343167710734958,1.1979132018711856,57.72572271538603,100.0,10.911424903722722,,,,
USDJPY CALL-upout  45Δ  10W  H@10Δ  [Golden cross  ∧  RV < median (strict)],single,779,10000000.0,50519677.05984068,1558000.0,57047101.1838722,6527424.12403153,-9250855.891984224,29.781771501925547,112.92055789727196,0.20064810966901472,-0.31911984501408786,-2.1776091148193304,1.3026162636430458,-4.081903034220703,-1.6217361086571338,10,40.0,-4241745.491319206,0.07823958646499427,1.2470755479110458,49.957471054833384,100.0,12.195121951219512,,,,
USDJPY CALL-upout  45Δ  3M  H@10Δ  [Golden cross  ∧  RV < median (strict)],single,779,10000000.0,57964841.64717314,1558000.0,55640238.868581325,-2324602.7785918145,-9591996.180592716,26.82926829268293,95.98963317670828,-0.0749754847323299,-0.30486703670223075,-2.010049440402662,1.5322653971330755,-5.026012040224826,-1.8371324338353063,10,40.0,-4830376.488152592,-0.026856089588894943,0.9248583379034439,56.35942907785715,100.0,14.377406931964057,,,,
USDJPY CALL-upout  40Δ  1M  H@10Δ  [Golden cross  ∧  RV < median (strict)],single,797,10000000.0,26541792.887030028,1594000.0,29628453.647865146,3086660.760835115,-3425626.8702539764,30.865746549560853,111.6294357882035,0.2129215979717735,-0.12423508688959224,-1.8948322156742872,0.967886591826484,-7.790766812008954,-1.0921216787160761,10,40.0,-1302410.7290111883,0.09815343789135832,1.273350676938097,14.38180921923246,100.0,9.410288582183187,,,,
USDJPY CALL-upout  40Δ  6W  H@10Δ  [Golden cross  ∧  RV < median (strict)],single,790,10000000.0,30615866.55028879,1580000.0,35074371.76266277,4458505.212373989,-4216340.041879381,32.0253164556962,114.56272748331513,0.2371474858919904,-0.19400891437736878,-1.4368001705454865,0.9488055078699882,-4.8905253189781615,-1.142814422247357,10,30.0,-932828.8307930541,0.11542979857910074,1.323584949755355,20.84863726487045,100.0,8.60759493670886,,,,
USDJPY CALL-upout  40Δ  2M  H@10Δ  [Golden cross  ∧  RV < median (strict)],single,779,10000000.0,36311500.33699288,1558000.0,40513383.82114409,4201883.484151211,-8705573.191070478,27.856225930680363,111.57177050013128,0.1583174922991415,-0.5033771059244396,-3.87456715186922,1.5005141137216558,-2.980894633588865,-2.0038912196460954,10,40.0,-4769343.989764604,0.05348717442116306,1.205071695799536,49.173346347327175,100.0,10.911424903722722,,,,
USDJPY CALL-upout  40Δ  10W  H@10Δ  [Golden cross  ∧  RV < median (strict)],single,779,10000000.0,39039814.79067722,1558000.0,44980338.08340875,5940523.292731522,-7947291.278678071,27.471116816431323,115.21657652471787,0.21791605316511814,-0.3964838981869292,-2.3784690776160238,1.2976604790439425,-3.2729210063207614,-1.6941443772308717,10,40.0,-3579761.707013955,0.08288428627762749,1.2789223348546335,42.52613161342394,100.0,12.195121951219512,,,,
USDJPY CALL-upout  40Δ  3M  H@10Δ  [Golden cross  ∧  RV < median (strict)],single,779,10000000.0,44743653.85277398,1558000.0,42626586.28578216,-2117067.566991823,-8661004.163500365,24.133504492939668,95.26845175863845,-0.08274292418097644,-0.4362695118987678,-2.010023414734188,1.4009405479639936,-3.211181413678682,-1.8372100598627614,10,40.0,-3943147.5186302005,-0.027087535476109637,0.9161856109084661,49.127694445457955,100.0,14.377406931964057,,,,
USDJPY CALL-upout  35Δ  1M  H@10Δ  [Golden cross  ∧  RV < median (strict)],single,797,10000000.0,19846248.98041273,1594000.0,21398704.362609502,1552455.382196771,-2998644.1512557995,25.972396486825595,107.82241210280574,0.14005001211137963,-0.23558883321423352,-2.1353873406700212,1.0098808727130157,-4.286624535360201,-1.2454697059272493,10,40.0,-1125022.5755348343,0.056396333149280664,1.1708973377613634,12.282738241042315,100.0,9.410288582183187,,,,
USDJPY CALL-upout  35Δ  6W  H@10Δ  [Golden cross  ∧  RV < median (strict)],single,790,10000000.0,22825547.782592542,1580000.0,24898526.725610916,2072978.9430183768,-3892571.4912931044,27.088607594936708,109.08183655771579,0.14260734649534088,-0.4109057857156927,-2.1830276133915807,1.0720273697252154,-2.6089371505393095,-1.4829331554409082,10,30.0,-1092257.715854051,0.05813297929948901,1.1887258061835704,18.50272484071031,100.0,8.60759493670886,,,,
USDJPY CALL-upout  35Δ  2M  H@10Δ  [Golden cross  ∧  RV < median (strict)],single,779,10000000.0,26990946.844329566,1558000.0,30055789.644222148,3064842.7998925857,-7282281.283042713,23.876765083440308,111.35507700996592,0.144570313486624,-0.5867153567764772,-3.8395583445178145,1.4923230462192585,-2.543521366848752,-2.0790384029957356,10,40.0,-3793228.4118725755,0.04663841425106857,1.1915075890467999,41.357368910785375,100.0,10.911424903722722,,,,
USDJPY CALL-upout  35Δ  10W  H@10Δ  [Golden cross  ∧  RV < median (strict)],single,779,10000000.0,28989246.579706177,1558000.0,33858180.56110825,4868933.981402064,-6807672.580496295,24.646983311938385,116.79565547871309,0.22291567876028529,-0.485900268071161,-2.7994141942853092,1.3565969856057594,-2.791924752359024,-1.8424972536769204,10,40.0,-3024861.882516563,0.07930523489351612,1.2907864391294614,36.76426512383864,100.0,12.195121951219512,,,,
USDJPY CALL-upout  35Δ  3M  H@10Δ  [Golden cross  ∧  RV < median (strict)],single,779,10000000.0,33167396.10158921,1558000.0,31362574.71824165,-1804821.3833475579,-7539024.692255987,21.052631578947366,94.55844716353516,-0.08892520527779643,-0.5870795326734973,-2.1921148546396054,1.361110638898784,-2.3184433507678794,-1.9481901715722811,10,40.0,-3233762.6505839773,-0.026529073541738234,0.9086862608286546,41.03228836157021,100.0,14.377406931964057,,,,
USDJPY CALL-upout  30Δ  1M  H@10Δ  [Golden cross  ∧  RV < median (strict)],single,797,10000000.0,14069608.085498583,1594000.0,14122752.816289324,53144.73079074046,-2525136.8130482333,20.95357590966123,100.37772715819654,0.006968903675604825,-0.36960744393749384,-2.274419961841564,1.0141273246232554,-2.743795725052441,-1.3837347685607493,10,40.0,-887762.9168804697,0.0022926194326924228,1.0078132873511034,10.459339093362445,100.0,9.410288582183187,,,,
USDJPY CALL-upout  30Δ  6W  H@10Δ  [Golden cross  ∧  RV < median (strict)],single,790,10000000.0,16103402.185492614,1580000.0,15949913.30664371,-153488.8788489066,-3841689.5051530814,21.139240506329113,99.04685434120758,-0.014717540538541898,-0.789774334162908,-3.395969234506185,1.3164757799805369,-1.666901193207154,-2.106250114143445,10,30.0,-1148725.279072515,-0.00436132991772906,0.9813372774575841,18.41071758673933,100.0,8.60759493670886,,,,
USDJPY CALL-upout  30Δ  2M  H@10Δ  [Golden cross  ∧  RV < median (strict)],single,779,10000000.0,18946878.03343714,1558000.0,20720163.861672334,1773285.828235195,-5944649.657399248,20.79589216944801,109.3592507699988,0.11235463611815327,-0.7243483596246236,-3.7457055104446577,1.4851614944049938,-2.050341489245097,-2.2095098540296174,10,40.0,-2774307.052353096,0.03305639580197032,1.1514638836854247,33.31949726441187,100.0,10.911424903722722,,,,
USDJPY CALL-upout  30Δ  10W  H@10Δ  [Golden cross  ∧  RV < median (strict)],single,779,10000000.0,20314492.2507618,1558000.0,23631579.66886629,3317087.418104495,-5747624.621853611,21.309370988446727,116.32867500284236,0.20254282251446648,-0.599709616546119,-3.3095976017955326,1.452459829693351,-2.421938534283373,-2.05216944623947,10,40.0,-2514541.1625701245,0.06399339486814774,1.265487960388486,31.989980550114517,100.0,12.195121951219512,,,,
USDJPY CALL-upout  30Δ  3M  H@10Δ  [Golden cross  ∧  RV < median (strict)],single,779,10000000.0,23174415.037352756,1558000.0,21360244.267494537,-1814170.7698582187,-6532212.37687355,17.715019255455715,92.17166531740233,-0.11845365935913128,-0.8259066231211302,-3.2539941308972526,1.4637229953823532,-1.7722620867851773,-2.2896296185034832,10,40.0,-2666223.450031851,-0.030776617756234366,0.8759134849309631,34.76918556182575,100.0,14.377406931964057,,,,
USDJPY CALL-upout  25Δ  1M  H@10Δ  [Golden cross  ∧  RV < median (strict)],single,797,10000000.0,9219658.24188083,1594000.0,8119295.657521328,-1100362.5843595013,-2020237.728489552,14.554579673776663,88.06503933778109,-0.23848910632079615,-0.5648728108957226,-2.296974177456655,0.9945930761448897,-1.7607380935325188,-1.5594658870406124,10,30.0,-630206.2788136199,-0.059332139398423515,0.7740544532863203,10.397620824839347,100.0,9.410288582183187,,,,
USDJPY CALL-upout  25Δ  6W  H@10Δ  [Golden cross  ∧  RV < median (strict)],single,790,10000000.0,10458658.894949403,1580000.0,8879872.187881982,-1578786.7070674226,-3307966.6331639974,14.430379746835442,84.9045013999851,-0.23676033630007348,-1.4745477619346627,-6.415487847343862,2.027989408392249,-1.3753297524465737,-3.502537170326912,10,20.0,-1115970.713291531,-0.05209866907217422,0.7432147454471002,17.211707440798982,100.0,8.60759493670886,,,,
USDJPY CALL-upout  25Δ  2M  H@10Δ  [Golden cross  ∧  RV < median (strict)],single,779,10000000.0,12190548.263228726,1558000.0,12474644.028685419,284095.76545669325,-4394700.207040497,16.5596919127086,102.3304592978286,0.027521542154204503,-1.1283317951651302,-3.706761703933954,1.7124629079056262,-1.517694454098946,-2.840794703070756,10,30.0,-1800182.6806666187,0.007163718764815157,1.0364143149020637,24.472848783319627,100.0,10.911424903722722,,,,
USDJPY CALL-upout  25Δ  10W  H@10Δ  [Golden cross  ∧  RV < median (strict)],single,779,10000000.0,13027758.003865503,1558000.0,14602595.028767154,1574837.024901649,-4456803.738255658,15.917843388960208,112.08831960521815,0.1424079324745499,-0.7806783360325996,-3.4242336907588835,1.4905598685052373,-1.9093137335925694,-2.2712382045378368,10,40.0,-1747588.1856881639,0.03918129055285031,1.1877525961552795,25.19776784107656,100.0,12.195121951219512,,,,
USDJPY CALL-upout  25Δ  3M  H@10Δ  [Golden cross  ∧  RV < median (strict)],single,779,10000000.0,14778862.950106092,1558000.0,12889661.022619521,-1889201.9274865699,-5171805.671156175,13.093709884467266,87.21686550674043,-0.17416501863516998,-1.1440769520223038,-4.23995473270661,1.6601124882909195,-1.4510496740245107,-2.8041894403132233,10,30.0,-1975122.531971696,-0.04047987880123902,0.8173193966957756,27.552606524786636,100.0,14.377406931964057,,,,
USDJPY CALL-upout  ATM  1M  H@15Δ,single,2584,10000000.0,113095828.83844402,5168000.0,138278824.07108766,25182995.232643668,-6488049.73052649,34.6749226006192,122.26695315935767,0.8040564228072038,0.9931083095464643,-1.4156525339647605,1.6225298832696429,1.6337894544560045,-0.6294215737231785,11,81.81818181818183,-2636456.2258076626,0.39238778217914794,1.7961420219758792,23.502308004743604,100.0,17.569659442724458,,,,
USDJPY CALL-upout  ATM  6W  H@15Δ,single,2577,10000000.0,130896622.65118623,5154000.0,160166346.449314,29269723.7981278,-7840135.304330801,35.545207605743116,122.36094652810552,0.735728041691989,0.6687025712233207,-1.992401879277288,1.3256860124831953,1.9824748244320234,-0.6569834412598746,11,81.81818181818183,-4749900.633191914,0.37793643508344266,1.675811119114937,31.815318424372823,100.0,17.73379899107489,,,,
USDJPY CALL-upout  ATM  2M  H@15Δ,single,2564,10000000.0,155466159.57431597,5128000.0,208636258.18979567,53170098.615479715,-10910448.976870077,36.54446177847114,134.20043227482142,0.8792681375190394,0.7952511976989961,-2.278143370718947,1.5387596691883885,1.9349353683976613,-0.7435084714893924,11,72.72727272727273,-6319984.195472458,0.49664614268823964,1.9045969749382774,44.189898195999874,100.0,18.720748829953198,,,,
USDJPY CALL-upout  ATM  10W  H@15Δ,single,2557,10000000.0,165852667.05576015,5114000.0,220689441.79890698,54836774.74314684,-10425411.112575289,36.64450527962456,133.06354713289628,0.8602681587423113,0.7685167883132508,-2.54859623120511,1.5932014673623336,2.0730860946565786,-0.8246846790490828,11,72.72727272727273,-6980580.48019215,0.5366435473406441,1.8133680452393597,47.027982540570285,100.0,20.297223308564725,,,,
USDJPY CALL-upout  ATM  3M  H@15Δ,single,2543,10000000.0,187148436.84272626,5086000.0,230580811.67308623,43432374.83035994,-15513173.768015685,33.34644121116791,123.20744728787618,0.6009095551488369,0.39853164594663376,-4.22691611489318,2.0491091216768758,5.141647200461632,-1.650577475730242,11,72.72727272727273,-7138448.604073445,0.28756855280741056,1.5469909041421606,70.55845781698885,100.0,23.55485646873771,,,,
USDJPY CALL-upout  45Δ  1M  H@15Δ,single,2584,10000000.0,87045112.8459673,5168000.0,106719142.24064241,19674029.394675102,-5094734.841169398,31.501547987616096,122.60210682877708,0.762671303082294,0.8636654539849715,-1.5907827727295552,1.504960011086897,1.7425265814940012,-0.6412945571019255,11,81.81818181818183,-2390242.0432974217,0.3903857829577838,1.7630915602923494,20.246169647367616,100.0,17.569659442724458,,,,
USDJPY CALL-upout  45Δ  6W  H@15Δ,single,2577,10000000.0,100752627.36146176,5154000.0,123277785.09173946,22525157.7302777,-6905021.877452412,31.470702367093516,122.35689363163314,0.6929884739303435,0.5545560608691823,-2.5433843085328336,1.4623561561157763,2.636985255960877,-0.907800095246594,11,81.81818181818183,-4178169.579371044,0.3302375682192205,1.6446650703765486,28.390054001231846,100.0,17.73379899107489,,,,
USDJPY CALL-upout  45Δ  2M  H@15Δ,single,2564,10000000.0,119834476.09558782,5128000.0,163221756.59816733,43387280.50257949,-9315800.7424465,32.956318252730114,136.20600841778702,0.8673669560663397,0.7103978765484651,-2.545376524967341,1.524404736291328,2.145846414544187,-0.8140068597428629,11,72.72727272727273,-5566719.93088324,0.4746401389241586,1.9091404520915278,38.275752749543585,100.0,18.720748829953198,,,,
USDJPY CALL-upout  45Δ  10W  H@15Δ,single,2557,10000000.0,127970916.44901668,5114000.0,172707844.32833746,44736927.87932078,-8622458.502455266,33.202972233085646,134.9586680479419,0.8549394195429837,0.6631972325876508,-3.0601939904393642,1.6425518845372884,2.476717036541919,-0.9793546519496376,11,72.72727272727273,-6151675.885105509,0.5293491773561215,1.8234674110350786,41.33240461866018,100.0,20.297223308564725,,,,
USDJPY CALL-upout  45Δ  3M  H@15Δ,single,2543,10000000.0,144803943.92737976,5086000.0,181458535.0342893,36654591.10690954,-12915989.40212395,30.357845064883993,125.31325467577878,0.6112964295945076,0.30183188890309737,-4.553677755293947,2.0572820490962465,6.815986397503325,-1.7554501601931491,11,63.63636363636363,-5667568.26744489,0.2914936990770338,1.5700280637061845,58.832616236281844,100.0,23.55485646873771,,,,
USDJPY CALL-upout  40Δ  1M  H@15Δ,single,2584,10000000.0,64100546.00410305,5168000.0,77950251.26569843,13849705.261595372,-3781097.6018811185,27.78637770897833,121.60622042237965,0.6842647709851275,0.6723188926688543,-1.8227077656058903,1.4230856446100077,2.116682514990603,-0.7507667519411535,11,81.81818181818183,-2112368.184995763,0.37029249181827645,1.6844301150203969,17.047027400004417,100.0,17.569659442724458,,,,
USDJPY CALL-upout  40Δ  6W  H@15Δ,single,2577,10000000.0,73971766.24670264,5154000.0,89447794.19777386,15476027.951071225,-5631970.860485998,27.046953822273963,120.92153362873246,0.6113056956298819,0.359755638235824,-3.360727253504403,1.646434410190409,4.576535390144885,-1.286678771954585,11,81.81818181818183,-3487902.551062979,0.27817801387326047,1.5642379618260382,24.135981282041637,100.0,17.73379899107489,,,,
USDJPY CALL-upout  40Δ  2M  H@15Δ,single,2564,10000000.0,87714641.03902009,5128000.0,120449092.89715332,32734451.858133227,-7420678.973494265,29.83619344773791,137.31925647802765,0.8396487432164353,0.6155310593205298,-2.8140089184488497,1.5196802971991834,2.468892957045454,-0.9041492378786536,11,72.72727272727273,-4557024.992626501,0.44955584920500086,1.8859537650452571,30.626392380559615,100.0,18.720748829953198,,,,
USDJPY CALL-upout  40Δ  10W  H@15Δ,single,2557,10000000.0,93574797.82049406,5114000.0,126668775.51771861,33093977.69722455,-7261103.611632554,29.174814235432144,135.36633630853171,0.8135646606686883,0.473143290591428,-3.99144178088028,1.8087442714633102,3.8228255740504826,-1.3356009808718823,11,72.72727272727273,-5285982.072365614,0.46500062211123355,1.7995311846113022,35.45962672051439,100.0,20.297223308564725,,,,
USDJPY CALL-upout  40Δ  3M  H@15Δ,single,2543,10000000.0,105700307.20953162,5086000.0,133837995.71164529,28137688.502113655,-10285084.686877323,27.1726307510814,126.62025233884684,0.6032545879481626,0.0926108686567228,-5.674457818393481,2.2868663141006795,24.693282195390264,-2.194255445443957,11,63.63636363636363,-4524180.2915033195,0.2810017456017223,1.5752411756615623,47.54854633262308,100.0,23.55485646873771,,,,
USDJPY CALL-upout  35Δ  1M  H@15Δ,single,2584,10000000.0,44678882.423880965,5168000.0,52534338.91657281,7855456.492691835,-2929598.224365905,23.026315789473685,117.58203443444475,0.5264206867982835,0.3738738558498303,-2.1864292351366386,1.431425276335582,3.8286316465800874,-1.0575514204857517,11,63.63636363636363,-1833616.789116102,0.27107260349309514,1.493064999595363,14.840830376824718,100.0,17.569659442724458,,,,
USDJPY CALL-upout  35Δ  6W  H@15Δ,single,2577,10000000.0,51298871.36273822,5154000.0,60218682.95278132,8919811.590043098,-4194961.070406888,22.778424524641057,117.38792950622721,0.48331578495897454,0.06400805780346873,-4.592467252961964,1.9267063135384803,30.10099633790276,-1.8626982557350116,11,72.72727272727273,-2699564.0377172832,0.21525410473205117,1.4256871828928785,20.146546067062953,100.0,17.73379899107489,,,,
USDJPY CALL-upout  35Δ  2M  H@15Δ,single,2564,10000000.0,60515712.73646699,5128000.0,82121188.40590307,21605475.669436067,-5620735.928761872,25.078003120124805,135.70225763269664,0.7646439432560868,0.455662528760864,-3.2520245848840506,1.5824618543512405,3.4728812541479166,-1.1267993255903765,11,72.72727272727273,-3420969.7731879717,0.3917354493234336,1.8019417992116267,23.12120392762357,100.0,18.720748829953198,,,,
USDJPY CALL-upout  35Δ  10W  H@15Δ,single,2557,10000000.0,64445795.75382243,5114000.0,85959585.65291,21513789.89908756,-5552451.946616559,24.28627297614392,133.38276709510802,0.7287380830176982,0.18310501347629168,-5.359366219570294,2.144834429708606,11.713684890372036,-1.9617294162323142,11,63.63636363636363,-4089513.941033288,0.3953113759969018,1.7342724388535304,28.05464296316855,100.0,20.297223308564725,,,,
USDJPY CALL-upout  35Δ  3M  H@15Δ,single,2543,10000000.0,72579311.36656797,5086000.0,91209751.09622103,18630439.72965307,-7592011.637943164,22.807707432166733,125.6690775633823,0.5543368560085934,-0.2353570489614567,-7.463606708252793,2.7485185450517693,-11.678080419430653,-2.983875594013226,11,63.63636363636363,-3704915.125690654,0.25205464932351496,1.5315620444283573,36.20895197506461,100.0,23.55485646873771,,,,
USDJPY CALL-upout  30Δ  1M  H@15Δ,single,2584,10000000.0,28748054.477995545,5168000.0,31078736.10981507,2330681.631819528,-3833619.5403417433,17.18266253869969,108.10726734083343,0.23257271778139918,-0.06331052748723721,-2.600096063931323,1.5208385038491565,-24.02188963211123,-1.5841490313363937,11,45.45454545454545,-1516045.9933378191,0.06146051662207716,1.1936372378841298,19.935663092118254,100.0,17.569659442724458,,,,
USDJPY CALL-upout  30Δ  6W  H@15Δ,single,2577,10000000.0,32697526.236407787,5154000.0,35838792.517347455,3141266.2809396717,-4031809.840049953,17.617384555684907,109.607045677486,0.2606161771865368,-0.4704980764915906,-7.298365859718907,2.5411037136895818,-5.4008801324717,-3.0116017901811722,11,63.63636363636363,-1924728.8847639626,0.07887300870033438,1.2100132681610558,22.638509749178475,100.0,17.73379899107489,,,,
USDJPY CALL-upout  30Δ  2M  H@15Δ,single,2564,10000000.0,38195408.01241171,5128000.0,49452057.93973093,11256649.927319214,-4144661.662771855,19.422776911076443,129.4712126747313,0.6110570102218509,0.10417352591593744,-4.452966429800433,1.8966997683466646,18.207118859327096,-1.7925262424307271,11,72.72727272727273,-2423390.8023745012,0.276784840237794,1.6160290952650374,17.087511540854862,100.0,18.720748829953198,,,,
USDJPY CALL-upout  30Δ  10W  H@15Δ,single,2557,10000000.0,40539149.93348557,5114000.0,51466265.46344354,10927115.529957965,-4322953.872230288,18.498240125146655,126.95447622332135,0.561169973441802,-0.43276592072984693,-9.025968280311197,3.114606837054594,-7.196978061031011,-3.5473727577844407,11,54.54545454545454,-2938322.56579761,0.2578885921589186,1.552005993243157,22.28155496437848,100.0,20.297223308564725,,,,
USDJPY CALL-upout  30Δ  3M  H@15Δ,single,2543,10000000.0,45391000.98780732,5086000.0,54474889.38002544,9083888.39221812,-5280639.090332258,17.223751474636256,120.01253154707511,0.41809014320793025,-0.742033730303417,-9.21795260515295,3.2971267388734598,-4.443365044234939,-4.039160469176877,11,63.63636363636363,-2769894.4397123964,0.17669073434209615,1.3963595353361393,24.981734843749805,100.0,23.55485646873771,,,,
USDJPY CALL-upout  25Δ  1M  H@15Δ,single,2584,10000000.0,16466881.209908824,5168000.0,14775904.150032833,-1690977.0598759912,-3798181.0108336266,10.952012383900929,89.73104233691525,-0.305171982329517,-0.7840631783589926,-3.380417556675181,1.5102529180867514,-1.9261877866113286,-2.294316096445744,11,27.27272727272727,-966860.1617357387,-0.04500744099345839,0.7953985244074084,22.5070620678154,100.0,17.569659442724458,,,,
USDJPY CALL-upout  25Δ  6W  H@15Δ,single,2577,10000000.0,18354409.39652326,5154000.0,16805053.64714314,-1549355.7493801229,-4413853.740127807,11.602638727202173,91.55867281856746,-0.24420617041263754,-2.0764024626532898,-17.03835219250582,4.9984733730421675,-2.40727578730328,-7.074875835695457,11,45.45454545454545,-1224813.881642576,-0.03553504794671404,0.8355238480098419,27.347223715934685,100.0,17.73379899107489,,,,
USDJPY CALL-upout  25Δ  2M  H@15Δ,single,2564,10000000.0,20979556.140633687,5128000.0,23556887.36577047,2577331.225136783,-2979710.083394631,13.962558502340094,112.28496545808686,0.26435240458970233,-0.7387699512398259,-6.621803594601362,2.770979253610505,-3.7508012459902633,-3.509749204850331,11,63.63636363636363,-1569785.2388104335,0.08814921485522591,1.2295131671302604,16.760527958576734,100.0,18.720748829953198,,,,
USDJPY CALL-upout  25Δ  10W  H@15Δ,single,2557,10000000.0,22097485.44872205,5114000.0,24828780.096729845,2731294.6480077934,-3350706.8525852775,13.02307391474384,112.36020566387903,0.2537708823991591,-1.882087466979904,-19.11176819222107,5.858113173284956,-3.1125615977270127,-7.7402006402648595,11,54.54545454545454,-1835164.2066369716,0.08316475603161873,1.2225971246170868,16.230266441709826,100.0,20.297223308564725,,,,
USDJPY CALL-upout  25Δ  3M  H@15Δ,single,2543,10000000.0,24412827.13088629,5086000.0,26023997.867026478,1611170.7361401883,-3631861.95939743,11.718442784113252,106.59968928425249,0.13569536316896214,-1.6680897551356693,-12.072479957335771,4.144371152864595,-2.4845012926342953,-5.812460908000265,11,63.63636363636363,-1773480.8170338166,0.04556597883020536,1.1177599028391694,17.8144517821082,100.0,23.55485646873771,,,,
USDJPY CALL-upout  ATM  1M  H@15Δ  [Spot > 50DMA],single,1486,10000000.0,63002898.3216082,2972000.0,82366834.58783028,19363936.266222067,-3410439.164220966,37.3485868102288,130.7349928052132,0.8347693550637677,0.36459190302775774,-3.579790819166861,1.6544728339854287,4.5378759655544725,-1.2898809309576709,11,63.63636363636363,-1545032.231778027,0.5775082026051144,2.1006821284429864,13.93775764329876,100.0,17.227456258411845,,,,
USDJPY CALL-upout  ATM  6W  H@15Δ  [Spot > 50DMA],single,1479,10000000.0,72763219.46329449,2958000.0,92108898.06557158,19345678.602277104,-6238112.861979891,38.269100743745774,126.58716690241565,0.7099337667828902,0.41678711728024526,-3.054802953933253,1.678629425993412,4.027546333359222,-1.2618423087131667,11,63.63636363636363,-2897439.3071853034,0.31604794012235216,1.8050566107484332,24.6124004604009,100.0,18.32319134550372,,,,
USDJPY CALL-upout  ATM  2M  H@15Δ  [Spot > 50DMA],single,1466,10000000.0,86308709.57400176,2932000.0,121888869.42017975,35580159.84617801,-8827222.953475438,38.67667121418827,141.22429824497758,0.8300570192995541,0.5367971951002776,-2.206500774398741,1.4686569242017464,2.735962366434107,-0.9318597291014689,11,72.72727272727273,-5342951.096833946,0.41482796326547333,2.1077087362530627,26.071753674614058,100.0,18.69031377899045,,,,
USDJPY CALL-upout  ATM  10W  H@15Δ  [Spot > 50DMA],single,1466,10000000.0,92382389.9902796,2932000.0,125122921.6978716,32740531.70759199,-8640507.594355475,38.608458390177354,135.44023023331277,0.7395127600536221,0.5731948364425214,-2.278609284117123,1.3489096731539345,2.353317907617264,-0.7757148367114131,11,63.63636363636363,-5602032.70321352,0.38996954980240894,1.8772429386032667,26.933289596096017,100.0,20.80491132332879,,,,
USDJPY CALL-upout  ATM  3M  H@15Δ  [Spot > 50DMA],single,1463,10000000.0,104974355.06747796,2926000.0,119354459.291591,14380104.224113025,-10851614.59101364,32.057416267942585,113.69868308775932,0.31793155917381033,-0.17353754091008353,-4.91945726785955,2.3495545780336813,-13.539171787913462,-2.5230921189437647,11,54.54545454545454,-7441632.417696273,0.13711443932192913,1.3072386643703884,45.110106792336076,100.0,25.63226247436774,,,,
USDJPY CALL-upout  45Δ  1M  H@15Δ  [Spot > 50DMA],single,1486,10000000.0,48529999.673403166,2972000.0,63531802.21698153,15001802.54357836,-2939201.8000296084,33.64737550471063,130.91243075321944,0.7856998290597125,0.18355662606873044,-4.2039706825770295,1.7951432047013531,9.779778824378612,-1.6115865786326227,11,63.63636363636363,-1182500.0094699254,0.5191452197882588,2.0467221745062303,11.7505637850061,100.0,17.227456258411845,,,,
USDJPY CALL-upout  45Δ  6W  H@15Δ  [Spot > 50DMA],single,1479,10000000.0,56056731.5305299,2958000.0,70213609.22194494,14156877.691415045,-5232925.252569867,33.40094658553077,125.25455427900725,0.6326695777028177,0.2469922514521219,-3.470912870060293,1.726677170413185,6.990815137971613,-1.479684918961063,11,63.63636363636363,-2492807.81804757,0.2757053364984392,1.7228919454510347,25.752697477879956,100.0,18.32319134550372,,,,
USDJPY CALL-upout  45Δ  2M  H@15Δ  [Spot > 50DMA],single,1466,10000000.0,66601839.601617485,2932000.0,95570412.38936128,28968572.787743807,-7184663.717237608,34.99317871759891,143.49515412940676,0.8064969740376278,0.44076503802652345,-2.2600138158398706,1.4314390383204771,3.2476238240891036,-0.9906740002939537,11,72.72727272727273,-4492879.667956374,0.41495870421556563,2.1134199507815308,21.034511624545065,100.0,18.69031377899045,,,,
USDJPY CALL-upout  45Δ  10W  H@15Δ  [Spot > 50DMA],single,1466,10000000.0,71370833.2381053,2932000.0,97599337.80925854,26228504.571153257,-7276829.736689074,34.58390177353343,136.74961238528695,0.7161021668740857,0.48229426400583236,-2.496558670213304,1.3364835207986827,2.7710956163943115,-0.8541892567928504,11,63.63636363636363,-4940595.462476721,0.3709501419984476,1.8671717143886493,21.961116812364853,100.0,20.80491132332879,,,,
USDJPY CALL-upout  45Δ  3M  H@15Δ  [Spot > 50DMA],single,1463,10000000.0,81356972.5028456,2926000.0,93175589.24035838,11818616.73751279,-9180142.836790018,28.776486671223513,114.52686398464422,0.3176427767150295,-0.2678888868488857,-4.918734310291713,2.2628773119730394,-8.447074227642423,-2.530766198821925,11,54.54545454545454,-5885314.143629462,0.13320874291571547,1.3133499333306817,38.37324302632699,100.0,25.63226247436774,,,,
USDJPY CALL-upout  40Δ  1M  H@15Δ  [Spot > 50DMA],single,1486,10000000.0,35761529.66183069,2972000.0,46331016.04263085,10569486.380800154,-2432451.3421841413,29.811574697173622,129.55546499477975,0.7098583132311713,-0.07431480526655178,-4.995683795842068,2.0076450768426564,-27.015411930928842,-2.0819598821092082,11,63.63636363636363,-936838.1014784096,0.4419616043230351,1.9428294267013249,10.005372037197311,100.0,17.227456258411845,,,,
USDJPY CALL-upout  40Δ  6W  H@15Δ  [Spot > 50DMA],single,1479,10000000.0,41179434.80775633,2958000.0,50186755.7354144,9007320.927658068,-5383035.740388077,27.924273157538877,121.87334763021443,0.5148247913487852,0.024996257718963907,-3.587725753620789,1.6750689694240626,67.01279000469091,-1.6500727117050986,11,63.63636363636363,-2039583.8530135767,0.1705259968938799,1.5887180867483828,28.900764833901594,100.0,18.32319134550372,,,,
USDJPY CALL-upout  40Δ  2M  H@15Δ  [Spot > 50DMA],single,1466,10000000.0,48769966.801771544,2932000.0,70673212.33083415,21903245.529062595,-5371402.137741896,31.65075034106412,144.91133983767028,0.7685321387313745,0.3316885472618314,-2.3928259526866813,1.3936753261101544,4.201758962180874,-1.061986778848323,11,72.72727272727273,-3354072.402784679,0.4196672017181765,2.0887052397154053,15.951045453448243,100.0,18.69031377899045,,,,
USDJPY CALL-upout  40Δ  10W  H@15Δ  [Spot > 50DMA],single,1466,10000000.0,52206353.33999336,2932000.0,71358418.60040152,19152065.26040817,-5687852.013768843,29.877216916780352,136.68531516783128,0.6607182878847261,0.3219864214502326,-2.560423878151942,1.3443424292080106,4.175152551940135,-1.022356007757778,11,63.63636363636363,-3979180.790242975,0.3465385467180095,1.8262360954929755,17.43093680562499,100.0,20.80491132332879,,,,
USDJPY CALL-upout  40Δ  3M  H@15Δ  [Spot > 50DMA],single,1463,10000000.0,59401221.86692919,2926000.0,67925089.93681905,8523868.069889866,-7219966.589441692,25.290498974709504,114.34965107112622,0.2982624865941326,-0.4023287932746481,-4.9176661455387665,2.190295947259197,-5.444044731255415,-2.592624740533845,11,54.54545454545454,-4609135.133896246,0.12215663209652883,1.2957244771121053,32.13540413320468,100.0,25.63226247436774,,,,
USDJPY CALL-upout  35Δ  1M  H@15Δ  [Spot > 50DMA],single,1486,10000000.0,24954363.93357537,2972000.0,31142462.62728782,6188098.693712448,-2917106.776041159,24.42799461641992,124.797661483916,0.5695244998998782,-0.3937630405916684,-5.302205878949891,2.1244950189691667,-5.395364216450838,-2.5182580595608353,11,63.63636363636363,-972893.0974678199,0.21576436775771868,1.7148613395540804,13.211611798145034,100.0,17.227456258411845,,,,
USDJPY CALL-upout  35Δ  6W  H@15Δ  [Spot > 50DMA],single,1479,10000000.0,28585350.10628514,2958000.0,33207547.849332914,4622197.743047774,-5270101.393518007,22.988505747126435,116.16981329898589,0.35942182918806664,-0.27381342113000123,-3.58390338390155,1.6142666467357487,-5.895498621191861,-1.88808006786575,11,54.54545454545454,-1574026.4118136666,0.08938235106721285,1.3958270193070021,28.855512432717976,100.0,18.32319134550372,,,,
USDJPY CALL-upout  35Δ  2M  H@15Δ  [Spot > 50DMA],single,1466,10000000.0,33671654.23590909,2932000.0,48287672.83493424,14616018.599025149,-3713589.064057361,25.648021828103683,143.4074860017953,0.691013621248905,0.15023057341394594,-2.600698491309386,1.3921703352351766,9.26689091040866,-1.2419397618212307,11,63.63636363636363,-2269862.8043242227,0.405060102307241,1.9790382636364388,13.050783853170435,100.0,18.69031377899045,,,,
USDJPY CALL-upout  35Δ  10W  H@15Δ  [Spot > 50DMA],single,1466,10000000.0,35978472.37330253,2932000.0,48539208.71860263,12560736.345300093,-4006263.3482567845,24.079126875852662,134.91181119357546,0.5794909042421418,0.039523437119989915,-2.573705414921048,1.5111469470291756,38.234198671574475,-1.4716235099091857,11,63.63636363636363,-2829177.119489739,0.3226709227836765,1.7553667670828275,16.338839621489512,100.0,20.80491132332879,,,,
USDJPY CALL-upout  35Δ  3M  H@15Δ  [Spot > 50DMA],single,1463,10000000.0,40807114.52819583,2926000.0,45663536.5320248,4856422.003828973,-5646537.2273036465,20.30075187969925,111.90091987629609,0.2387955200715107,-0.5802591674582085,-4.915586073788019,2.1462095028270323,-3.69870847922727,-2.7264686702852408,11,54.54545454545454,-3356410.899932142,0.08899174887002097,1.2341731073227884,28.973341886804967,100.0,25.63226247436774,,,,
USDJPY CALL-upout  30Δ  1M  H@15Δ  [Spot > 50DMA],single,1486,10000000.0,16090354.858893404,2972000.0,18447993.052593887,2357638.193700483,-3116419.5581058715,18.0349932705249,114.6524934619287,0.32431720282925675,-0.6658917482947465,-3.956595144685386,1.8352937125281568,-2.7561442490135692,-2.5011854608229034,11,54.54545454545454,-862436.2795573696,0.07694777327915692,1.3581024370996795,15.51594765484013,100.0,17.227456258411845,,,,
USDJPY CALL-upout  30Δ  6W  H@15Δ  [Spot > 50DMA],single,1479,10000000.0,18253823.629010774,2958000.0,19371920.96298719,1118097.333976416,-4551859.106416309,16.970926301555107,106.12527740324731,0.13158692217576726,-0.7283654351586215,-3.576396844062199,1.6557595389854525,-2.2732538627740695,-2.3841249741440738,11,36.36363636363637,-1192170.5071173168,0.025033007222063246,1.131225079890738,25.687836233775943,100.0,18.32319134550372,,,,
USDJPY CALL-upout  30Δ  2M  H@15Δ  [Spot > 50DMA],single,1466,10000000.0,21282806.98813501,2932000.0,29504199.289269086,8221392.301134076,-2484332.671042194,20.05457025920873,138.62926683363446,0.5755560742965293,-0.2113827059436157,-2.822898450173299,1.5793681618573117,-7.471605374749025,-1.7907508678009274,11,63.63636363636363,-1438429.21283645,0.3405805531529873,1.7897540607252578,13.078447369565696,100.0,18.69031377899045,,,,
USDJPY CALL-upout  30Δ  10W  H@15Δ  [Spot > 50DMA],single,1466,10000000.0,22661514.17841088,2932000.0,29699691.171328098,7038176.992917221,-3403716.5149518456,18.69031377899045,131.05784078463003,0.4746452087913991,-0.36650960176130437,-4.184064429854372,1.9432580898259775,-5.302065977227951,-2.309767691587282,11,63.63636363636363,-1888299.214832967,0.21280950790394693,1.6059131067356787,17.19794312600007,100.0,20.80491132332879,,,,
USDJPY CALL-upout  30Δ  3M  H@15Δ  [Spot > 50DMA],single,1463,10000000.0,25545592.28876833,2926000.0,27186675.955022443,1641083.666254112,-5091873.809125928,14.832535885167463,106.42413629601242,0.12443287262747191,-0.9456706842024306,-4.911131264533424,2.185062294769501,-2.3105953597497435,-3.1307329789719316,11,54.54545454545454,-2071655.6928058357,0.03334790918219203,1.1209707350650426,26.126854122610663,100.0,25.63226247436774,,,,
USDJPY CALL-upout  25Δ  1M  H@15Δ  [Spot > 50DMA],single,1486,10000000.0,9257580.125137458,2972000.0,8681904.799097452,-575675.3260400058,-2610722.0517121153,11.372812920592194,93.7815787899383,-0.14357226640050483,-1.2164942380876402,-3.6814602986950535,1.6886944018796435,-1.3881647351937432,-2.9051886399672835,11,27.27272727272727,-590931.0531806771,-0.02242806456151191,0.8775254948625455,14.089754990961504,100.0,17.227456258411845,,,,
USDJPY CALL-upout  25Δ  6W  H@15Δ  [Spot > 50DMA],single,1479,10000000.0,10288137.30222876,2958000.0,8946247.904310629,-1341889.3979181314,-3446034.525496881,10.61528059499662,86.95692564651686,-0.28886079365346484,-1.5946953750376194,-3.80828737676057,1.9074713069996694,-1.1961352223490782,-3.5021666820372888,11,36.36363636363637,-778878.4942796791,-0.039684354536974345,0.76523448037888,21.500830339805596,100.0,18.32319134550372,,,,
USDJPY CALL-upout  25Δ  2M  H@15Δ  [Spot > 50DMA],single,1466,10000000.0,11728194.829945654,2932000.0,14434904.244412407,2706709.4144667545,-2305755.9907883783,14.32469304229195,123.07865322594832,0.35020959787904066,-0.7850041520735774,-4.045515882309151,1.9355435297745263,-2.4656475060186818,-2.7205476818481036,11,45.45454545454545,-801691.3591828604,0.12081267850971374,1.4145662729865842,12.19174173925604,100.0,18.69031377899045,,,,
USDJPY CALL-upout  25Δ  10W  H@15Δ  [Spot > 50DMA],single,1466,10000000.0,12389951.22870884,2932000.0,14559851.145972984,2169899.917264143,-2948743.4205906927,13.028649386084584,117.51338546221433,0.26075767035990705,-0.7672364412738966,-4.381837530603951,2.1144868509288073,-2.7559781277046436,-2.881723292202704,11,54.54545454545454,-1157003.1352435714,0.07573331089478563,1.3000657962438054,15.059156543601594,100.0,20.80491132332879,,,,
USDJPY CALL-upout  25Δ  3M  H@15Δ  [Spot > 50DMA],single,1463,10000000.0,13771487.562925477,2926000.0,13305001.55471017,-466486.0082153054,-3774933.350726227,9.501025290498974,96.61266797734226,-0.0620068069806633,-1.3691127930685616,-4.899541492305507,2.191631745826137,-1.6007678526720082,-3.5607445388946983,11,36.36363636363637,-1101324.4126581678,-0.012786298914353426,0.9426749174262712,20.515777079067202,100.0,25.63226247436774,,,,
USDJPY CALL-upout  ATM  1M  H@15Δ  [Spot > 200DMA],single,1461,10000000.0,62307163.24316474,2922000.0,77413708.52648613,15106545.283321388,-3185889.8664279114,34.70225872689938,124.24527854745276,0.6398542636416851,0.786402270906336,-1.768018484206126,1.777338764400011,2.2600885452067825,-0.990936493493675,11,63.63636363636363,-1312030.61829256,0.5067019370753014,1.8219812962848732,14.648185903884574,100.0,16.906228610540726,,,,
USDJPY CALL-upout  ATM  6W  H@15Δ  [Spot > 200DMA],single,1454,10000000.0,71928555.3630872,2908000.0,87623988.75100262,15695433.387915405,-5483104.551110217,35.419532324621734,121.82086559181764,0.5587752229943875,0.4280039367106216,-1.5652013114568415,1.2428321444464154,2.9037867128000476,-0.8148282077357938,11,63.63636363636363,-1954350.2893963992,0.3064276758176159,1.65060408023093,26.67847603601711,100.0,17.46905089408528,,,,
USDJPY CALL-upout  ATM  2M  H@15Δ  [Spot > 200DMA],single,1441,10000000.0,85146324.79534599,2882000.0,104786079.75057074,19639754.95522475,-12188493.674248343,32.96321998612075,123.0658868746596,0.47677545721234765,0.3501610796345167,-2.3965084123624774,1.6740714931340979,4.780861125061137,-1.3239104134995812,10,70.0,-8080053.63219683,0.1737132123632134,1.5288048794892148,59.515464994272136,100.0,18.945176960444137,,,,
USDJPY CALL-upout  ATM  10W  H@15Δ  [Spot > 200DMA],single,1434,10000000.0,90682712.03570892,2868000.0,104149281.40119283,13466569.365483902,-11553177.659274198,32.84518828451883,114.8502058034844,0.31200440611724595,0.2521636502247219,-2.12088256342464,1.6005116418175696,6.347114821629659,-1.3483479915928476,10,70.0,-6954036.4038031325,0.12581006621603044,1.3112897800425176,58.290265283656474,100.0,20.781032078103205,,,,
USDJPY CALL-upout  ATM  3M  H@15Δ  [Spot > 200DMA],single,1420,10000000.0,102061439.89581686,2840000.0,95299668.39337632,-6761771.502440544,-16488695.612729764,27.253521126760567,93.37480295266961,-0.17308649694749273,-0.1320578022013886,-2.552736023769674,1.9244217425100498,-14.572571331872538,-2.0564795447114386,10,40.0,-5926802.4365045605,-0.0445784677790838,0.8657672568846203,87.83603659873219,100.0,24.15492957746479,,,,
USDJPY CALL-upout  45Δ  1M  H@15Δ  [Spot > 200DMA],single,1461,10000000.0,47981442.74696388,2922000.0,60034837.7981195,12053395.05115562,-2687037.540357738,31.89596167008898,125.12095168692758,0.6215410723807849,0.6640107635419762,-1.818441878856776,1.620889750172262,2.4410594513951662,-0.9568789866302857,11,63.63636363636363,-1043581.19799715,0.4793512046135618,1.8177620601513371,14.409814043162868,100.0,16.906228610540726,,,,
USDJPY CALL-upout  45Δ  6W  H@15Δ  [Spot > 200DMA],single,1454,10000000.0,55396385.998770304,2908000.0,67363740.82067043,11967354.821900114,-5622536.620367073,30.605226960110045,121.60313277867216,0.518310356449593,0.33267895303681383,-1.8540429237380394,1.3172844356566937,3.9596266118792456,-0.9846054826198799,11,63.63636363636363,-2039115.6796677485,0.22784897387077077,1.6005688835616962,30.229718730880958,100.0,17.46905089408528,,,,
USDJPY CALL-upout  45Δ  2M  H@15Δ  [Spot > 200DMA],single,1441,10000000.0,65679490.9829456,2882000.0,82392767.70676793,16713276.723822342,-10406090.373890247,29.285218598195694,125.44672084648482,0.4837538150461843,0.26684516646097844,-2.641997391135108,1.6224092536846277,6.079964929482347,-1.3555640872236494,10,70.0,-7100112.707620006,0.17314933724280007,1.5537064099102258,55.24490218426412,100.0,18.945176960444137,,,,
USDJPY CALL-upout  45Δ  10W  H@15Δ  [Spot > 200DMA],single,1434,10000000.0,70025371.9383649,2868000.0,81280752.18732582,11255380.248960927,-9749457.537801705,28.94002789400279,116.0732887771988,0.3147650623840025,0.16401545008974042,-2.2484563371322737,1.5449982734272778,9.419833757014587,-1.3809828233375374,10,70.0,-6061435.5936313225,0.12460618216992751,1.322363954273532,55.02993068918621,100.0,20.781032078103205,,,,
USDJPY CALL-upout  45Δ  3M  H@15Δ  [Spot > 200DMA],single,1420,10000000.0,79049795.57274127,2840000.0,72728638.0531875,-6321157.519553771,-13735021.692116283,23.80281690140845,92.0035751215358,-0.1996957730138407,-0.22208433175289985,-2.5563319239237643,1.7914449645951909,-8.06650766605375,-2.0135292963480906,10,40.0,-5625716.315882493,-0.05002858394564894,0.846459687246044,78.90055633769384,100.0,24.15492957746479,,,,
USDJPY CALL-upout  40Δ  1M  H@15Δ  [Spot > 200DMA],single,1461,10000000.0,35352878.72160679,2922000.0,44149116.8800406,8796238.158433799,-2771078.1065242654,28.199863107460644,124.88125006085507,0.5796960909617365,0.5015329787509646,-1.881156567841924,1.4620620767459072,2.9151863161363347,-0.9605290979949426,11,72.72727272727273,-802788.5589586857,0.33920822824456914,1.771051617935824,15.126538651357185,100.0,16.906228610540726,,,,
USDJPY CALL-upout  40Δ  6W  H@15Δ  [Spot > 200DMA],single,1454,10000000.0,40690392.36060424,2908000.0,48871263.76763331,8180871.407029074,-5351604.101106677,26.341127922971115,120.10516717196774,0.4527336859322455,0.19271046696899602,-2.1948284446672637,1.3989585688714419,7.259380307020436,-1.2062481019024458,11,54.54545454545454,-1814450.2515993516,0.1636427579967203,1.5114358504222085,31.261326203758383,100.0,17.46905089408528,,,,
USDJPY CALL-upout  40Δ  2M  H@15Δ  [Spot > 200DMA],single,1441,10000000.0,48092293.750089414,2882000.0,61707730.88340297,13615437.133313557,-8111357.129984884,26.648160999306036,128.31105790891547,0.49542405034642545,0.20763057824696082,-2.6483175463003445,1.5544328236332847,7.4865313036136945,-1.346802245386324,10,70.0,-5520797.154464618,0.18096095897849832,1.5912836805463908,45.668380484082284,100.0,18.945176960444137,,,,
USDJPY CALL-upout  40Δ  10W  H@15Δ  [Spot > 200DMA],single,1434,10000000.0,51220253.90160613,2868000.0,59780650.834425755,8560396.932819635,-8298187.8832995035,24.825662482566248,116.71291389781884,0.3031164961522586,0.03981748116124364,-2.3998557869387427,1.5035575704457045,37.76124271540292,-1.4637400892844608,10,70.0,-4852832.382026485,0.11134494607918317,1.3200191422317482,50.012577727195136,100.0,20.781032078103205,,,,
USDJPY CALL-upout  40Δ  3M  H@15Δ  [Spot > 200DMA],single,1420,10000000.0,57716568.99408701,2840000.0,52259397.43698039,-5457171.557106627,-10473099.241860596,20.281690140845072,90.5448787891988,-0.22782287099573284,-0.3345874024975244,-2.558001106795495,1.669104395035479,-4.988545242816871,-2.003691797533003,10,40.0,-4686046.018388288,-0.05664262024120076,0.8259691043614715,63.8897080001498,100.0,24.15492957746479,,,,
USDJPY CALL-upout  35Δ  1M  H@15Δ  [Spot > 200DMA],single,1461,10000000.0,24664029.165701494,2922000.0,29831419.591469385,5167390.425767889,-3119140.4607605147,23.134839151266256,120.95112031798038,0.46223222795624325,0.2596451644274162,-1.9569957007941294,1.3532105102363379,5.211768581250154,-1.0935653458089216,11,63.63636363636363,-1050824.933745876,0.17703311461058763,1.573328387417194,17.243554070709163,100.0,16.906228610540726,,,,
USDJPY CALL-upout  35Δ  6W  H@15Δ  [Spot > 200DMA],single,1454,10000000.0,28241155.529252395,2908000.0,33099051.5871104,4857896.057858007,-4758383.192542205,22.145804676753784,117.20147765492868,0.36893968195477417,0.03319480736879756,-2.259588165318584,1.448464513912827,43.63527396981836,-1.4152697065440294,11,45.45454545454545,-1456507.977835503,0.10928737821628665,1.4065743830162993,28.48432843122148,100.0,17.46905089408528,,,,
USDJPY CALL-upout  35Δ  2M  H@15Δ  [Spot > 200DMA],single,1441,10000000.0,33200937.24351731,2882000.0,43195344.61632888,9994407.372811574,-5785376.003407061,22.137404580152673,130.10278685660612,0.48787688852910094,0.14909660116574414,-2.527983929060709,1.4882793685214648,9.981980520582157,-1.3391827673557206,10,70.0,-3873840.930458245,0.18623970729175815,1.6032961835003643,35.397393420172236,100.0,18.945176960444137,,,,
USDJPY CALL-upout  35Δ  10W  H@15Δ  [Spot > 200DMA],single,1434,10000000.0,35296366.80487019,2868000.0,41286364.1831553,5989997.378285109,-6947036.0020484235,20.432357043235704,116.97057776909381,0.2859015515787826,-0.08201428112557774,-2.4464574284494183,1.5369634267888572,-18.740192631031007,-1.618977707914435,10,60.0,-3610639.5787100648,0.09306512242677864,1.314889087457577,42.17099040023408,100.0,20.781032078103205,,,,
USDJPY CALL-upout  35Δ  3M  H@15Δ  [Spot > 200DMA],single,1420,10000000.0,39649236.21837329,2840000.0,35128336.623990476,-4520899.594382804,-7661856.73118548,16.47887323943662,88.59776372618285,-0.2678219390096063,-0.4487086949739588,-2.5608701317991356,1.6008725630034466,-3.5677324307173377,-2.0495812579774055,10,50.0,-3456219.1134034204,-0.06414189435493939,0.7966856695761713,49.14100999895171,100.0,24.15492957746479,,,,
USDJPY CALL-upout  30Δ  1M  H@15Δ  [Spot > 200DMA],single,1461,10000000.0,15896990.79934285,2922000.0,17879054.35273682,1982063.553393966,-3050653.700996656,17.385352498288842,112.46816821128122,0.2643644818338884,-0.06857198071536205,-2.011014902895181,1.328464438873688,-19.373283737975424,-1.39703641958905,11,54.54545454545454,-1069230.994933557,0.06942930709209573,1.2913894057957422,16.872245410135832,100.0,16.906228610540726,,,,
USDJPY CALL-upout  30Δ  6W  H@15Δ  [Spot > 200DMA],single,1454,10000000.0,18028334.0657896,2908000.0,19790754.198762245,1762420.1329726502,-4054614.858032161,16.98762035763411,109.775834675246,0.20579975598060948,-0.23639737916195386,-2.2704122814145387,1.4803916304000686,-6.262301365811102,-1.7167890095620224,11,45.45454545454545,-1190488.6693104713,0.04653085577199056,1.2154581827258766,24.260449365576267,100.0,17.46905089408528,,,,
USDJPY CALL-upout  30Δ  2M  H@15Δ  [Spot > 200DMA],single,1441,10000000.0,20981760.53773935,2882000.0,27093728.898071986,6111968.360332634,-4120699.829995809,18.45940319222762,129.12991190295588,0.4451473362508732,0.03926858954014727,-2.52703195215208,1.4667916072250933,37.35279581981116,-1.427523017684946,10,70.0,-2463341.0324889943,0.15990312105759252,1.5526515713429783,26.528230243767794,100.0,18.945176960444137,,,,
USDJPY CALL-upout  30Δ  10W  H@15Δ  [Spot > 200DMA],single,1434,10000000.0,22228659.56311188,2868000.0,25552693.24158221,3324033.6784703303,-5413108.585583398,16.457461645746164,114.95381972553358,0.23459105872643837,-0.26730256706983213,-2.976189662591212,1.6852915436066944,-6.304808674607364,-1.9525941106765266,10,50.0,-2609017.2847916624,0.06627939668365945,1.2576246068631027,33.62279742676489,100.0,20.781032078103205,,,,
USDJPY CALL-upout  30Δ  3M  H@15Δ  [Spot > 200DMA],single,1420,10000000.0,24819776.681003746,2840000.0,21081652.36675124,-3738124.314252508,-5508698.071742101,12.464788732394366,84.93892849119167,-0.34506058702507936,-0.6307787014069225,-2.5663228472439403,1.5173207649629312,-2.4054724130326814,-2.1480994663698536,10,50.0,-2356372.4758062176,-0.07376591225968378,0.7422371640280275,36.738115545129496,100.0,24.15492957746479,,,,
USDJPY CALL-upout  25Δ  1M  H@15Δ  [Spot > 200DMA],single,1461,10000000.0,9138915.462090561,2922000.0,8597632.149053108,-541283.3130374514,-2451770.887280457,11.225188227241615,94.07716030110174,-0.13003359772852613,-0.6518764934575129,-2.7844094334606235,1.3089665798602903,-2.0079978232036133,-1.960843073317803,11,36.36363636363637,-854057.7956035136,-0.023591900126138467,0.8802528586963584,14.508540062307274,100.0,16.906228610540726,,,,
USDJPY CALL-upout  25Δ  6W  H@15Δ  [Spot > 200DMA],single,1454,10000000.0,10154085.516500011,2908000.0,9423714.390282813,-730371.1262171976,-3120449.4033618695,11.210453920220083,92.807120591703,-0.15878309990124598,-0.8761311309357771,-2.8710880350183396,1.5661351868272293,-1.7875579710932923,-2.442266317763006,11,45.45454545454545,-890344.9457543464,-0.02505576418046239,0.8568359854560604,19.884011842308944,100.0,17.46905089408528,,,,
USDJPY CALL-upout  25Δ  2M  H@15Δ  [Spot > 200DMA],single,1441,10000000.0,11557906.95989827,2882000.0,13460643.905396026,1902736.945497754,-3099099.3137871563,13.948646773074255,116.46264286517929,0.2590706327990639,-0.27288202591043464,-2.6760504724702394,1.4437284967368635,-5.290669079137972,-1.716610522647298,10,50.0,-1356644.1653026422,0.06618964930354816,1.2931445712240845,18.94763221460361,100.0,18.945176960444137,,,,
USDJPY CALL-upout  25Δ  10W  H@15Δ  [Spot > 200DMA],single,1434,10000000.0,12149204.009644542,2868000.0,12627026.224755386,477822.21511084307,-3895505.9476757934,11.645746164574616,103.9329507902866,0.060277281335532736,-0.6476188752813247,-4.375965996266051,1.9252515914435946,-2.972815748471303,-2.572870466724919,10,40.0,-1615587.2738225835,0.013239218071251217,1.0621021053695652,23.72086239864444,100.0,20.781032078103205,,,,
USDJPY CALL-upout  25Δ  3M  H@15Δ  [Spot > 200DMA],single,1420,10000000.0,13378808.887005158,2840000.0,10175183.8512861,-3203625.0357190566,-3913083.3760911105,8.52112676056338,76.05448240739322,-0.531777568383994,-1.0521629206755345,-2.874910165988357,1.3756281152346297,-1.3074288099331768,-2.427791035910164,10,40.0,-1364561.6916803136,-0.08899662240458484,0.6237197128956362,26.139363478581508,100.0,24.15492957746479,,,,
USDJPY CALL-upout  ATM  1M  H@15Δ  [20DMA > 50DMA],single,1483,10000000.0,62936973.7381069,2966000.0,81665852.98258097,18728879.244474076,-3164378.225085281,36.412677006068776,129.75815030828878,0.8561870272412355,0.6245388050694374,-2.496569502180951,1.311176647693223,2.099431832017938,-0.6866378426237856,11,81.81818181818183,-1135535.6241510205,0.6043585723620772,2.158968739508869,11.126044450617497,100.0,17.86918408631153,,,,
USDJPY CALL-upout  ATM  6W  H@15Δ  [20DMA > 50DMA],single,1476,10000000.0,72633122.14405653,2952000.0,94637089.88996811,22003967.745911583,-3777954.3943551476,38.00813008130081,130.2946742427926,0.7556563090468827,0.5365851372120054,-2.5176917595775192,1.3531461132737443,2.5217733765501498,-0.8165609760617389,11,72.72727272727273,-2436824.8850916647,0.5960572369900281,1.953966461284599,15.220784412527955,100.0,18.021680216802167,,,,
USDJPY CALL-upout  ATM  2M  H@15Δ  [20DMA > 50DMA],single,1475,10000000.0,86787692.39477347,2950000.0,121236013.11707959,34448320.72230612,-6508167.786440996,37.42372881355932,139.6926335656099,0.8238962528926954,0.6730644179234734,-2.1768821769560804,1.471952823181657,2.186941968679462,-0.7988884052581836,11,63.63636363636363,-3162726.282658876,0.5470575226068172,2.0887549279643522,22.090098736547862,100.0,18.847457627118644,,,,
USDJPY CALL-upout  ATM  10W  H@15Δ  [20DMA > 50DMA],single,1475,10000000.0,92864762.60918568,2950000.0,120072652.07324824,27207889.46406258,-7407120.2088442715,36.88135593220339,129.29839984469132,0.6090871625770827,0.4117660871456957,-2.403249233159239,1.6686294281742835,4.052372160468549,-1.2568633410285879,11,54.54545454545454,-3940416.7449419484,0.37953013787258977,1.7050270187432268,29.4160623300145,100.0,20.74576271186441,,,,
USDJPY CALL-upout  ATM  3M  H@15Δ  [20DMA > 50DMA],single,1465,10000000.0,104847337.98782511,2930000.0,118155694.17211334,13308356.184288237,-8793990.305621121,31.262798634812288,112.69307970969523,0.28578965891971303,0.1598207222300119,-2.4929987399554476,1.8332889650173805,11.470909025044543,-1.6734682427873686,11,54.54545454545454,-6054925.059484876,0.15707584005544523,1.2748619567602895,39.10781901080124,100.0,24.77815699658703,,,,
USDJPY CALL-upout  45Δ  1M  H@15Δ  [20DMA > 50DMA],single,1483,10000000.0,48481855.11976696,2966000.0,63136461.629086174,14654606.509319222,-2406807.4874175396,33.715441672285905,130.22699208418754,0.8241948741301894,0.5167631338821449,-2.550338554241444,1.2964323849469341,2.5087555592590003,-0.7796692510647892,11,72.72727272727273,-782898.7640858457,0.6217332477329988,2.127751332332536,9.52986464663999,100.0,17.86918408631153,,,,
USDJPY CALL-upout  45Δ  6W  H@15Δ  [20DMA > 50DMA],single,1476,10000000.0,55961154.63064347,2952000.0,72625635.88640293,16664481.255759457,-3198194.77320133,33.19783197831978,129.7786587245186,0.6921589159023667,0.44449435165272494,-2.5172168499457253,1.3432186159779265,3.0219025528300927,-0.8987242643252016,11,63.63636363636363,-1859969.6773560888,0.5332496347405903,1.874218590040739,14.12172320116868,100.0,18.021680216802167,,,,
USDJPY CALL-upout  45Δ  2M  H@15Δ  [20DMA > 50DMA],single,1475,10000000.0,66982712.984885864,2950000.0,95488736.98554265,28506024.00065679,-5442995.535302492,34.23728813559322,142.55728490288075,0.8166426127814227,0.5779274164400621,-2.176442779271664,1.385162620559557,2.3967761022516134,-0.807235204119495,11,63.63636363636363,-2882585.462599955,0.5412804578672251,2.1168925396261438,17.847362396710203,100.0,18.847457627118644,,,,
USDJPY CALL-upout  45Δ  10W  H@15Δ  [20DMA > 50DMA],single,1475,10000000.0,71756761.76985687,2950000.0,93497613.7175207,21740851.947663818,-6317007.169849669,33.08474576271186,130.29798364841565,0.5943889873007479,0.32037869299164823,-2.4029380396054663,1.6122881166359515,5.032444890703082,-1.2919094236443032,11,54.54545454545454,-3653128.0550645916,0.35560347411098153,1.7054169733090812,24.54484017010555,100.0,20.74576271186441,,,,
USDJPY CALL-upout  45Δ  3M  H@15Δ  [20DMA > 50DMA],single,1465,10000000.0,81277620.30286436,2930000.0,93071833.66835606,11794213.365491703,-7197369.232771529,28.39590443686007,114.51102200278869,0.30842122388935433,0.12557815609802986,-2.500945178352017,1.7289623786799895,13.768018518525727,-1.6033842225819597,11,54.54545454545454,-4823014.0959434295,0.17008505505969956,1.3069820407801493,32.175534008680806,100.0,24.77815699658703,,,,
USDJPY CALL-upout  40Δ  1M  H@15Δ  [20DMA > 50DMA],single,1483,10000000.0,35725114.261367306,2966000.0,46205503.83616345,10480389.57479614,-1776722.8212340034,30.00674308833446,129.3361960947722,0.7669675494890377,0.36882815369421706,-2.745321313275495,1.3473905926375993,3.6531663300157806,-0.9785624389433822,11,72.72727272727273,-606169.290009653,0.6023224216162537,2.0376181887748883,8.021029023387639,100.0,17.86918408631153,,,,
USDJPY CALL-upout  40Δ  6W  H@15Δ  [20DMA > 50DMA],single,1476,10000000.0,41108831.4223927,2952000.0,52487769.062891446,11378937.640498739,-3447144.4514041147,28.252032520325205,127.68003187339554,0.6017204153704842,0.2964773631925637,-2.5166347210323203,1.2935037870771668,4.362909104251002,-0.9970264238846032,11,54.54545454545454,-1360189.1012754443,0.3378204306985975,1.7494803991930554,15.322078456818742,100.0,18.021680216802167,,,,
USDJPY CALL-upout  40Δ  2M  H@15Δ  [20DMA > 50DMA],single,1475,10000000.0,49048923.113719255,2950000.0,71100376.66039652,22051453.54667727,-4155013.2716529234,31.186440677966104,144.9580788869743,0.7981070855113077,0.4809490854049778,-2.1758864822609434,1.3176487258378646,2.739684440252866,-0.8366996404328868,11,63.63636363636363,-2281553.4098567287,0.5485149713910614,2.1335750430955365,13.630933961426498,100.0,18.847457627118644,,,,
USDJPY CALL-upout  40Δ  10W  H@15Δ  [20DMA > 50DMA],single,1475,10000000.0,52488894.532802776,2950000.0,68150143.54232208,15661249.009519309,-5119665.182637439,28.54237288135593,129.83726205117893,0.5495921559848572,0.1644712389235141,-2.4025815436019156,1.5962733594381167,9.705486320197597,-1.4318021205146025,11,54.54545454545454,-3171649.909190533,0.31607172121959587,1.6731845919718873,23.815797370495755,100.0,20.74576271186441,,,,
USDJPY CALL-upout  40Δ  3M  H@15Δ  [20DMA > 50DMA],single,1465,10000000.0,59344584.95654087,2930000.0,68559916.77252352,9215331.815982655,-5488505.655764585,25.597269624573375,115.5285133811808,0.31414836840703475,0.06252302316912418,-2.508254012698187,1.6258924018856424,26.004699060818268,-1.5633693787165182,11,54.54545454545454,-3462323.625331108,0.1742720817926557,1.3233993856609498,26.419445783582933,100.0,24.77815699658703,,,,
USDJPY CALL-upout  35Δ  1M  H@15Δ  [20DMA > 50DMA],single,1483,10000000.0,24927921.478530273,2966000.0,30876831.83914435,5948910.3606140725,-1820811.8902778854,24.409979770734996,123.86444600179645,0.6068328720443061,0.10565502961143043,-2.9847437161715815,1.4017112837593644,13.266867549178354,-1.296056254147934,11,63.63636363636363,-609915.3468679755,0.3336135093415778,1.7540949978821099,8.170793048167546,100.0,17.86918408631153,,,,
USDJPY CALL-upout  35Δ  6W  H@15Δ  [20DMA > 50DMA],single,1476,10000000.0,28535955.63889958,2952000.0,35262082.231645584,6726126.592746003,-3766729.6319549386,23.577235772357724,123.57070734851123,0.48523856655300734,0.07968042371010436,-2.5156063628527003,1.2523485909881509,15.717142714306867,-1.1726681672780466,11,54.54545454545454,-998596.1112167672,0.1827444789640481,1.5831788404462916,17.622038517841002,100.0,18.021680216802167,,,,
USDJPY CALL-upout  35Δ  2M  H@15Δ  [20DMA > 50DMA],single,1475,10000000.0,33864474.17069524,2950000.0,48918304.0862777,15053829.915582467,-3058198.885490109,25.6271186440678,144.45316303954118,0.7333646086186736,0.32486791846944096,-2.174873426367013,1.3015955308402205,4.0065376014118685,-0.9767276123707795,11,63.63636363636363,-1678755.273357859,0.5087506283468913,2.0699849272588358,12.399768338004339,100.0,18.847457627118644,,,,
USDJPY CALL-upout  35Δ  10W  H@15Δ  [20DMA > 50DMA],single,1475,10000000.0,36173662.75752259,2950000.0,46163919.39845377,9990256.640931172,-4659465.85561648,22.915254237288135,127.61748708693766,0.4759942125319434,-0.062314036518154745,-2.594476395426307,1.7075568400610863,-27.40244310065842,-1.769870876579241,11,63.63636363636363,-2526368.824282054,0.22153447375303487,1.602518038966905,25.03860689305301,100.0,20.74576271186441,,,,
USDJPY CALL-upout  35Δ  3M  H@15Δ  [20DMA > 50DMA],single,1465,10000000.0,40770042.58427535,2930000.0,46425770.97967726,5655728.395401905,-4538175.154604791,20.61433447098976,113.87226511650313,0.27044471413570675,-0.07163974972623834,-2.632425304109176,1.5926978103270744,-22.232040402337457,-1.6643375600533128,11,54.54545454545454,-2404966.1178330434,0.12935351934578662,1.283068690768435,22.19721195059241,100.0,24.77815699658703,,,,
USDJPY CALL-upout  30Δ  1M  H@15Δ  [20DMA > 50DMA],single,1483,10000000.0,16072125.926900987,2966000.0,18062700.962397695,1990575.035496707,-2413891.3774219495,17.86918408631153,112.38526281184087,0.3085158077199889,-0.252626417464205,-2.5722074580609817,1.3549625859797292,-5.363503150543295,-1.6075890034439342,11,45.45454545454545,-612534.7783472182,0.08420388203989515,1.3207967279355255,11.221539058250443,100.0,17.86918408631153,,,,
USDJPY CALL-upout  30Δ  6W  H@15Δ  [20DMA > 50DMA],single,1476,10000000.0,18221878.608127516,2952000.0,20953216.563273873,2731337.9551463574,-3537223.0176116643,18.224932249322492,114.98933240576028,0.30272625565782424,-0.25716323951852316,-2.5135898383595645,1.2896789953784586,-5.015020800768706,-1.5468422348969817,11,45.45454545454545,-799690.7964603866,0.07902357516254993,1.3323527253256715,17.438161337169685,100.0,18.021680216802167,,,,
USDJPY CALL-upout  30Δ  2M  H@15Δ  [20DMA > 50DMA],single,1475,10000000.0,21405065.734796926,2950000.0,30002580.023025014,8597514.28822809,-2629929.0487635145,20.271186440677965,140.16579250327467,0.6231156862256244,0.059591141043040974,-2.172834174441698,1.4194669270048952,23.820099802748448,-1.3598757859618542,11,63.63636363636363,-1229647.4580332963,0.33787227308785517,1.9046585894086585,13.853080170525097,100.0,18.847457627118644,,,,
USDJPY CALL-upout  30Δ  10W  H@15Δ  [20DMA > 50DMA],single,1475,10000000.0,22785169.109915067,2950000.0,28041048.500318054,5255879.3904029885,-4163484.1748698503,17.83050847457627,123.06710722684902,0.3708664239153137,-0.3637887352202114,-4.0552120044318,1.952850407308609,-5.368089273370421,-2.31663914252882,11,63.63636363636363,-1800725.745270258,0.13043353926882467,1.451885862403253,23.632785474526543,100.0,20.74576271186441,,,,
USDJPY CALL-upout  30Δ  3M  H@15Δ  [20DMA > 50DMA],single,1465,10000000.0,25524831.41018089,2930000.0,27706063.517937496,2181232.1077566138,-3867808.6358302375,15.90443686006826,108.54552993006881,0.16147007446772318,-0.36215546509772456,-2.896985909556328,1.652825673550173,-4.563856776548083,-2.0149811386478973,11,54.54545454545454,-1631358.8715899456,0.05853395386325212,1.1667478629629433,18.949466492900978,100.0,24.77815699658703,,,,
USDJPY CALL-upout  25Δ  1M  H@15Δ  [20DMA > 50DMA],single,1483,10000000.0,9245706.767155223,2966000.0,8434421.074465439,-811285.6926897846,-2219628.9639869123,10.856372218476062,91.22527121915844,-0.22793912875170166,-0.7596136637346618,-3.3406505848419212,1.257304431377129,-1.6551893303176732,-2.016918095111791,11,36.36363636363637,-551162.9238827636,-0.0373219836487359,0.8181118564146529,11.848706162085081,100.0,17.86918408631153,,,,
USDJPY CALL-upout  25Δ  6W  H@15Δ  [20DMA > 50DMA],single,1476,10000000.0,10269682.572782675,2952000.0,9666675.109094327,-603007.4636883475,-3002615.790030713,11.653116531165312,94.1282755390466,-0.1279734715674997,-1.0787694943787756,-2.8728358842909127,1.524159897019679,-1.412868926088226,-2.6029293913984546,11,36.36363636363637,-597716.1395958182,-0.02055259196383646,0.8875773166806381,17.271842797738213,100.0,18.021680216802167,,,,
USDJPY CALL-upout  25Δ  2M  H@15Δ  [20DMA > 50DMA],single,1475,10000000.0,11796120.09534168,2950000.0,14718225.841763724,2922105.7464220435,-2356195.1675918526,14.779661016949152,124.7717531086852,0.39318983573706534,-0.40248567511266203,-3.2925013073709697,1.6672383199630778,-4.14235443161149,-2.06972399507574,11,63.63636363636363,-760597.6435877372,0.12817648178628593,1.5004122529360688,13.052835283888118,100.0,18.847457627118644,,,,
USDJPY CALL-upout  25Δ  10W  H@15Δ  [20DMA > 50DMA],single,1475,10000000.0,12458536.961907197,2950000.0,13658456.440518651,1199919.4786114572,-3403539.505617143,12.271186440677965,109.63130327646249,0.15176559199464104,-0.6814110578375444,-4.203352472077316,1.9804570242100228,-2.9064057611495127,-2.661868082047567,11,54.54545454545454,-1132340.6197611303,0.036426891650272866,1.1650131882698096,18.681898486821474,100.0,20.74576271186441,,,,
USDJPY CALL-upout  25Δ  3M  H@15Δ  [20DMA > 50DMA],single,1465,10000000.0,13763499.87365457,2930000.0,13121662.48307775,-641837.3905768194,-3500098.521800569,9.897610921501707,95.33667020402716,-0.08650525426001247,-0.8775698955782065,-3.528243761296858,1.6531708479205143,-1.8838053313477507,-2.530740743498721,11,45.45454545454545,-1014700.8173675438,-0.01903337052511458,0.9193307616190691,19.674776013487964,100.0,24.77815699658703,,,,
USDJPY CALL-upout  ATM  1M  H@15Δ  [50DMA > 200DMA (golden cross)],single,1446,10000000.0,63491809.134607986,2892000.0,73004741.45871131,9512932.324103324,-5103906.446609404,32.91839557399723,114.98292843402072,0.3903976800292269,0.6804551052086669,-1.194611835599228,1.677396028808266,2.4651090365379495,-0.9969409235995992,10,60.0,-1931537.1249852504,0.20052205552738522,1.4284246756241958,19.589416270205543,100.0,16.32088520055325,,,,
USDJPY CALL-upout  ATM  6W  H@15Δ  [50DMA > 200DMA (golden cross)],single,1439,10000000.0,73184197.43185073,2878000.0,89299711.02605829,16115513.59420754,-4736098.68233872,35.02432244614315,122.02048278142878,0.5407625877492969,0.6318090280783277,-0.4626385497601638,0.8256130359695611,1.3067446004700123,-0.19380400789123342,10,70.0,-1443448.8603532356,0.3670512258329821,1.6258947120208342,17.386342069163284,100.0,16.74774148714385,,,,
USDJPY CALL-upout  ATM  2M  H@15Δ  [50DMA > 200DMA (golden cross)],single,1426,10000000.0,86256260.75231022,2852000.0,98858584.88220748,12602324.129897274,-11945505.156097667,31.20617110799439,114.61032975459669,0.31819975549632323,0.20576499689154654,-3.4968256368765096,1.7022494057531599,8.272784154101641,-1.4964844088616134,10,70.0,-8097990.187177516,0.11461425632564999,1.3341250279248282,50.95392314576844,100.0,19.705469845722302,,,,
USDJPY CALL-upout  ATM  10W  H@15Δ  [50DMA > 200DMA (golden cross)],single,1419,10000000.0,91849274.33371875,2838000.0,97672495.6416077,5823221.307888965,-11151568.73734416,30.091613812544043,106.33997530207073,0.14013608779808917,0.14016276263226723,-2.400074385072546,1.55564166986354,11.09882283031864,-1.4154789072312728,10,70.0,-7235414.814203549,0.05679849949213715,1.1286737680818608,51.0462444314282,100.0,21.49400986610289,,,,
USDJPY CALL-upout  ATM  3M  H@15Δ  [50DMA > 200DMA (golden cross)],single,1405,10000000.0,103064572.4726341,2810000.0,98834613.34444426,-4229959.128189855,-10843222.539688133,27.18861209964413,95.89581654810337,-0.09819077598732495,-0.036336170171509474,-2.2499499540865155,1.4346654826773844,-39.483123177419486,-1.4710016528488938,10,50.0,-6649627.488017425,-0.04268562967169609,0.9170716795824626,60.59586251021748,100.0,23.629893238434164,,,,
USDJPY CALL-upout  45Δ  1M  H@15Δ  [50DMA > 200DMA (golden cross)],single,1446,10000000.0,48882418.8883702,2892000.0,56388907.04299888,7506488.154628675,-4144816.2773144273,30.013831258644537,115.35621257158077,0.3762361986103528,0.5718000559372636,-1.344241191809765,1.5090807261763937,2.6391755483528074,-0.9372806702391301,10,60.0,-1714339.187218342,0.19484172450911585,1.4181754570777425,16.406677858070054,100.0,16.32088520055325,,,,
USDJPY CALL-upout  45Δ  6W  H@15Δ  [50DMA > 200DMA (golden cross)],single,1439,10000000.0,56358218.818953104,2878000.0,69341222.88290624,12983004.063953128,-3711766.187106877,31.202223766504517,123.03657627232707,0.531758381353844,0.5968411695758506,-0.40953252809300483,0.8480921510964156,1.4209679129526507,-0.2512509815205649,10,70.0,-1060304.289941346,0.3773095978024418,1.622416777194026,13.908671889862115,100.0,16.74774148714385,,,,
USDJPY CALL-upout  45Δ  2M  H@15Δ  [50DMA > 200DMA (golden cross)],single,1426,10000000.0,66541014.839135095,2852000.0,77759122.50338316,11218107.66424806,-10030286.54187562,27.980364656381486,116.85893683973435,0.33689122847324793,0.10930395667682395,-4.088510563593251,1.741874444602363,15.936060299743001,-1.6325704879255392,10,70.0,-7060478.252352894,0.12150629523734224,1.3647977913890716,45.184157392149885,100.0,19.705469845722302,,,,
USDJPY CALL-upout  45Δ  10W  H@15Δ  [50DMA > 200DMA (golden cross)],single,1419,10000000.0,70938296.57335633,2838000.0,76496656.02045469,5558359.447098354,-8998172.529753275,27.061310782241016,107.83548480241632,0.16321271759173392,0.0786158112269109,-2.546751490149317,1.4830484634822905,18.864506265816278,-1.4044326522553796,10,70.0,-5893587.7221249,0.06718956742047459,1.1539081760388128,43.66075336683463,100.0,21.49400986610289,,,,
USDJPY CALL-upout  45Δ  3M  H@15Δ  [50DMA > 200DMA (golden cross)],single,1405,10000000.0,79851155.30132988,2810000.0,75845412.6520851,-4005742.6492447853,-9619082.171964455,23.629893238434164,94.98348817355424,-0.11191212036925018,-0.13561774092687845,-2.249944093245111,1.3533148979974896,-9.97889279638688,-1.488932638924368,10,60.0,-6037607.077137499,-0.045567300611693236,0.9045229850959328,57.07759659598185,100.0,23.629893238434164,,,,
USDJPY CALL-upout  40Δ  1M  H@15Δ  [50DMA > 200DMA (golden cross)],single,1446,10000000.0,35994068.74598749,2892000.0,41357092.485514335,5363023.739526852,-3204107.8604647503,26.486860304287692,114.89974300314327,0.34621242259671214,0.43333773171102485,-1.4467594459824586,1.3246969770013963,3.056961995372197,-0.8913592452903715,10,60.0,-1407153.5968051248,0.18007484016911213,1.386477020137637,13.530550595130634,100.0,16.32088520055325,,,,
USDJPY CALL-upout  40Δ  6W  H@15Δ  [50DMA > 200DMA (golden cross)],single,1439,10000000.0,41375664.50260326,2878000.0,50829641.06379433,9453976.561191069,-2727048.5243062805,27.449617790132034,122.84912321008466,0.4976880983219977,0.5136732444062743,-0.4084553868479275,0.8932205403862715,1.7388885835755266,-0.37954729597999726,10,60.0,-964707.242785424,0.3739598064707833,1.5832556415825088,10.912741523161486,100.0,16.74774148714385,,,,
USDJPY CALL-upout  40Δ  2M  H@15Δ  [50DMA > 200DMA (golden cross)],single,1426,10000000.0,48705531.14505095,2852000.0,58078769.074525386,9373237.92947444,-7755558.185989241,25.455820476858342,119.2447093977064,0.35190343702771054,0.030251102593721813,-4.492775833025123,1.7701028224993498,58.5136629984095,-1.739851719905628,10,70.0,-5576317.462832397,0.13130132124406774,1.3964831614009192,36.502232156392886,100.0,19.705469845722302,,,,
USDJPY CALL-upout  40Δ  10W  H@15Δ  [50DMA > 200DMA (golden cross)],single,1419,10000000.0,51870639.87444574,2838000.0,56298048.16670366,4427408.292257922,-6812047.143953296,23.749119097956306,108.53548038538679,0.16713748951104013,-0.007521941519413522,-2.6624470376241662,1.4171266366565711,-188.3990500323729,-1.4246485781759846,10,70.0,-4468655.771100444,0.07069382199662916,1.1626051497216277,38.322106338981385,100.0,21.49400986610289,,,,
USDJPY CALL-upout  40Δ  3M  H@15Δ  [50DMA > 200DMA (golden cross)],single,1405,10000000.0,58286711.932109624,2810000.0,55087656.990372114,-3199054.941737514,-7576240.475212564,20.640569395017792,94.511519288541,-0.11401138825966313,-0.23757623486929477,-2.2498224051086475,1.2656504095652157,-5.327344337540863,-1.5032266444345104,10,60.0,-4864869.183676864,-0.04620317708416394,0.9007756323064712,46.99192211394625,100.0,23.629893238434164,,,,
USDJPY CALL-upout  35Δ  1M  H@15Δ  [50DMA > 200DMA (golden cross)],single,1446,10000000.0,25084803.41122246,2892000.0,27996311.769454837,2911508.3582323752,-2230889.264407665,22.337482710926697,111.60666205153444,0.25985040057016445,0.24115879407929608,-1.5095611835405227,1.1734844306411951,4.866023796152084,-0.932325636561899,10,50.0,-1036281.268449172,0.1404075539793399,1.2786085887549927,12.104802082547659,100.0,16.32088520055325,,,,
USDJPY CALL-upout  35Δ  6W  H@15Δ  [50DMA > 200DMA (golden cross)],single,1439,10000000.0,28691689.917188514,2878000.0,34509915.82434587,5818225.907157354,-2029198.1602190952,23.1410701876303,120.2784357559636,0.42128964800592994,0.36081303784916124,-0.909258109689074,0.9978571831960787,2.765579617478333,-0.6370441453469176,10,60.0,-862352.153258575,0.30929250126625657,1.4767164434080673,9.65175513619833,100.0,16.74774148714385,,,,
USDJPY CALL-upout  35Δ  2M  H@15Δ  [50DMA > 200DMA (golden cross)],single,1426,10000000.0,33603308.160823755,2852000.0,40343697.448681846,6740389.28785809,-5591069.322755129,21.388499298737727,120.05870748081982,0.33595255634900134,-0.05990774148427112,-4.786265997558636,1.7972092863277294,-29.99961677406233,-1.8571170278120004,10,70.0,-4061853.0986097767,0.130973254179173,1.3906125568310526,28.579581661007026,100.0,19.705469845722302,,,,
USDJPY CALL-upout  35Δ  10W  H@15Δ  [50DMA > 200DMA (golden cross)],single,1419,10000000.0,35723763.5396582,2838000.0,38641347.70279401,2917584.1631358066,-5801911.175461087,19.661733615221987,108.16706828746332,0.15096135281353046,-0.10678837706122679,-3.0911170410426787,1.4574066627130273,-13.64761505718387,-1.5641950397742541,10,50.0,-3316354.518793402,0.05469679132180607,1.1541959141274314,33.39192876162792,100.0,21.49400986610289,,,,
USDJPY CALL-upout  35Δ  3M  H@15Δ  [50DMA > 200DMA (golden cross)],single,1405,10000000.0,40022896.398534514,2810000.0,37518626.564490214,-2504269.8340443047,-5973196.775552702,17.08185053380783,93.7429070372428,-0.12153827402063352,-0.3272916948743798,-2.249599054591125,1.2067622308608779,-3.6871153462175505,-1.5340539257352577,10,60.0,-3531844.444451335,-0.04587522342402011,0.8922271652308208,36.682408054387665,100.0,23.629893238434164,,,,
USDJPY CALL-upout  30Δ  1M  H@15Δ  [50DMA > 200DMA (golden cross)],single,1446,10000000.0,16136514.233561799,2892000.0,16635303.149581023,498788.9160192243,-2260612.2649932206,17.012448132780083,103.09105739194784,0.06795615753809571,-0.049337102865350424,-1.6380020716521682,1.1238433251380937,-22.778867421649352,-1.1731804280034441,10,50.0,-791477.8550733905,0.023737837940337354,1.0656775782604702,12.423308943417931,100.0,16.32088520055325,,,,
USDJPY CALL-upout  30Δ  6W  H@15Δ  [50DMA > 200DMA (golden cross)],single,1439,10000000.0,18285755.146185465,2878000.0,20727293.082613017,2441537.9364275527,-2074287.3813685686,18.13759555246699,113.35213075374071,0.27305029167010847,0.11106321022377039,-1.62811829228194,1.112134880380217,10.013530836534306,-1.0010716701564466,10,50.0,-903743.5149151176,0.12696903596742762,1.2905166236077037,11.158413747901959,100.0,16.74774148714385,,,,
USDJPY CALL-upout  30Δ  2M  H@15Δ  [50DMA > 200DMA (golden cross)],single,1426,10000000.0,21210531.085558414,2852000.0,25076165.840973765,3865634.7554153483,-3637386.1780560897,17.11079943899018,118.22507291223525,0.28353393070084876,-0.19100544376607392,-4.883111494224678,1.7986690853180798,-9.416847236673139,-1.9896745290841538,10,60.0,-2650124.786235352,0.11545797086458967,1.3330320331125889,21.639667137561005,100.0,19.705469845722302,,,,
USDJPY CALL-upout  30Δ  10W  H@15Δ  [50DMA > 200DMA (golden cross)],single,1419,10000000.0,22472449.55152964,2838000.0,23350323.655608658,877874.1040790211,-4787713.436828212,15.503875968992247,103.90644598874744,0.06849010080430773,-0.33014041169026664,-4.031250347311177,1.6457662355407008,-4.98504932224031,-1.9759066472309674,10,30.0,-2379113.3443423244,0.0199440623266166,1.0696105670148308,29.732080617379758,100.0,21.49400986610289,,,,
USDJPY CALL-upout  30Δ  3M  H@15Δ  [50DMA > 200DMA (golden cross)],single,1405,10000000.0,25031548.222294386,2810000.0,22733649.838283736,-2297898.384010649,-4741717.914037559,13.09608540925267,90.81999098256327,-0.16783626440989705,-0.5133986403561945,-2.976862324448681,1.2519620316651427,-2.438576835335082,-1.7653606720213373,10,50.0,-2481644.422000892,-0.05302723690179566,0.848636509741365,29.227772134782292,100.0,23.629893238434164,,,,
USDJPY CALL-upout  25Δ  1M  H@15Δ  [50DMA > 200DMA (golden cross)],single,1446,10000000.0,9238329.77786655,2892000.0,7811280.979518652,-1427048.7983478988,-2185661.289125889,10.857538035961273,84.55295672853266,-0.3624685864544116,-0.6578138373876303,-2.4892949392349086,1.1439752819396543,-1.739056275378323,-1.8017891193272846,10,30.0,-712299.178021162,-0.0702435431648704,0.7063249132357489,13.859152710725166,100.0,16.32088520055325,,,,
USDJPY CALL-upout  25Δ  6W  H@15Δ  [50DMA > 200DMA (golden cross)],single,1439,10000000.0,10262150.66908995,2878000.0,9900981.133578721,-361169.53551122895,-2152984.294065362,12.091730368311328,96.48056682115292,-0.07756739414108449,-0.49999192318021796,-2.690462844183909,1.322342727250052,-2.644728176485812,-1.82233465043027,10,50.0,-784520.3895746784,-0.01809562217145544,0.9293776693644992,12.467186347419181,100.0,16.74774148714385,,,,
USDJPY CALL-upout  25Δ  2M  H@15Δ  [50DMA > 200DMA (golden cross)],single,1426,10000000.0,11652297.285678552,2852000.0,12531660.793610536,879363.5079319836,-2631809.3848705743,12.833099579242639,107.54669646999805,0.11798262368472777,-0.5246600608023473,-4.908597970466006,1.8194299902772972,-3.4678263626449786,-2.3440900510796445,10,50.0,-1455588.6819648494,0.03629999150747478,1.1271302417389004,15.617666426830189,100.0,19.705469845722302,,,,
USDJPY CALL-upout  25Δ  10W  H@15Δ  [50DMA > 200DMA (golden cross)],single,1419,10000000.0,12250839.140401445,2838000.0,11393771.322459131,-857067.8179423129,-3782865.7662684834,10.923185341789992,93.00400725109654,-0.11988692730511563,-0.7041826209299991,-4.541839825358175,1.7512480593651196,-2.4869231465160038,-2.4554306802951187,10,20.0,-1371550.9405015064,-0.02464357952312382,0.8879479139436595,24.211174070065244,100.0,21.49400986610289,,,,
USDJPY CALL-upout  25Δ  3M  H@15Δ  [50DMA > 200DMA (golden cross)],single,1405,10000000.0,13465134.580416836,2810000.0,10948890.70631897,-2516243.8740978655,-3722397.828658101,9.03914590747331,81.31289472771111,-0.3242475522009593,-1.1014217374509305,-4.718128508387995,1.5220107548858406,-1.3818601023875723,-2.623432492336771,10,40.0,-1519973.8543123766,-0.07396629012720549,0.7178985626483705,24.03653819329906,100.0,23.629893238434164,,,,
USDJPY CALL-upout  ATM  1M  H@15Δ  [Realized vol (20d) < 252d p75],single,1816,10000000.0,72763154.19042805,3632000.0,94051657.05271986,21288502.862291794,-5591838.533888867,36.06828193832599,129.25725677941034,0.8580336119533355,0.8992020074389753,-0.7103087985593315,1.0565131752819286,1.1749453032150057,-0.1573111678429533,10,90.0,-1177106.5068190012,0.4147125411845522,2.016544028163844,17.710928574468557,100.0,14.812775330396477,,,,
USDJPY CALL-upout  ATM  6W  H@15Δ  [Realized vol (20d) < 252d p75],single,1809,10000000.0,84519725.66602384,3618000.0,111416058.67436853,26896333.0083447,-4774172.246875064,37.147595356550575,131.82255124043402,0.8296725019497284,0.7490068379417009,-1.5209226436057817,0.8829335695206947,1.1788057528914282,-0.13392673157899382,10,90.0,-2842210.197800927,0.6149775717998734,1.9335762634304903,17.74058206772221,100.0,14.925373134328357,,,,
USDJPY CALL-upout  ATM  2M  H@15Δ  [Realized vol (20d) < 252d p75],single,1796,10000000.0,100851265.00857773,3592000.0,132733211.86669102,31881946.858113278,-7037831.553247281,35.07795100222717,131.61283783143583,0.7248819183812366,0.6043112782619074,-1.5465541641976215,1.264073910930903,2.091759588810877,-0.6597626326689955,10,60.0,-4094539.5981833623,0.49762769258856426,1.7586911341351308,30.70551404801268,100.0,16.70378619153675,,,,
USDJPY CALL-upout  ATM  10W  H@15Δ  [Realized vol (20d) < 252d p75],single,1793,10000000.0,107978679.23820682,3586000.0,136562139.13882616,28583459.900619343,-9751052.103604091,34.24428332403793,126.47139241031343,0.6328378560087956,0.49934347792234846,-1.9651990391044998,1.3034479306624656,2.610323331118307,-0.8041044527401171,10,70.0,-4970147.57786123,0.3245422397884287,1.6010965937809114,37.93698412455313,100.0,18.293363078639153,,,,
USDJPY CALL-upout  ATM  3M  H@15Δ  [Realized vol (20d) < 252d p75],single,1792,10000000.0,123149226.15670101,3584000.0,143295207.97161257,20145981.814911574,-17217709.144704603,32.142857142857146,116.35899992524259,0.3770182449252323,0.26944751167383013,-1.9400576596161367,1.8485061754288084,6.860357195157364,-1.5790586637549782,10,50.0,-5386350.127195747,0.12950584061980408,1.3472715359785854,75.55430476227335,100.0,21.149553571428573,,,,
USDJPY CALL-upout  45Δ  1M  H@15Δ  [Realized vol (20d) < 252d p75],single,1816,10000000.0,56099587.37080397,3632000.0,72421463.36510687,16321875.9943029,-4532278.110504521,32.929515418502206,129.09446710618292,0.7878392963726745,0.7838952731557469,-0.8988577355240323,1.0454460809888897,1.3336552940040205,-0.2615508078331428,10,90.0,-1213314.3816480713,0.39229267043530697,1.9365713952650923,15.686060019297624,100.0,14.812775330396477,,,,
USDJPY CALL-upout  45Δ  6W  H@15Δ  [Realized vol (20d) < 252d p75],single,1809,10000000.0,65162707.44763224,3618000.0,86381845.80276278,21219138.35513053,-3793101.436573935,32.94637921503593,132.56331602271624,0.7933547341958904,0.679561710210471,-1.664774602392238,0.9148782027119505,1.3462768560468164,-0.23531649250147957,10,90.0,-2417193.3161589387,0.6106573315344525,1.9053883712878767,14.738208863722413,100.0,14.925373134328357,,,,
USDJPY CALL-upout  45Δ  2M  H@15Δ  [Realized vol (20d) < 252d p75],single,1796,10000000.0,77864898.25393388,3592000.0,103925154.13756084,26060255.883626956,-5945874.844959837,31.681514476614698,133.46855446807234,0.7104181232943588,0.5314956218836229,-1.7130398477535826,1.2486728536164946,2.3493568003273335,-0.7171772317328717,10,60.0,-3523366.294492199,0.48146141423652483,1.753232359079171,26.532319156408136,100.0,16.70378619153675,,,,
USDJPY CALL-upout  45Δ  10W  H@15Δ  [Realized vol (20d) < 252d p75],single,1793,10000000.0,83456352.07018045,3586000.0,106886504.13239966,23430152.062219217,-8545369.565588485,30.563301728945902,128.07473784921274,0.6315782555568076,0.42718210867425943,-2.3204503613193768,1.3252009762464074,3.102192131498928,-0.898018867572148,10,70.0,-4343622.802387132,0.3035653279626001,1.610198915325258,34.0384442820922,100.0,18.293363078639153,,,,
USDJPY CALL-upout  45Δ  3M  H@15Δ  [Realized vol (20d) < 252d p75],single,1792,10000000.0,95462444.6721212,3584000.0,111775721.18306842,16313276.510947205,-14793690.424048636,28.627232142857146,117.08868504989303,0.37105460532400997,0.14713931303809588,-2.1980859895743383,1.8080969865969534,12.288333751625023,-1.6609576735588576,10,50.0,-4657873.697558336,0.12205089149352669,1.3488989191638692,62.4306356467043,100.0,21.149553571428573,,,,
USDJPY CALL-upout  40Δ  1M  H@15Δ  [Realized vol (20d) < 252d p75],single,1816,10000000.0,41391751.81549702,3632000.0,52841574.833753526,11449823.018256502,-3480248.23711328,28.9647577092511,127.66208849843774,0.693832486617052,0.628390619808631,-1.0707092143859644,1.0260909669449856,1.6328871478977034,-0.3977003471363546,10,90.0,-1128431.542776665,0.3583812028644399,1.8178403768075964,13.154923424327734,100.0,14.812775330396477,,,,
USDJPY CALL-upout  40Δ  6W  H@15Δ  [Realized vol (20d) < 252d p75],single,1809,10000000.0,47915516.61662924,3618000.0,63144125.07351131,15228608.456882069,-3070389.28125872,28.524046434494192,131.78220654224756,0.7245439757048142,0.5561886422880555,-1.7471140011623658,0.9408782348026121,1.6916530890167334,-0.3846895925145566,10,80.0,-1908154.3706817483,0.5414159768353042,1.8248063371599978,12.540298659791732,100.0,14.925373134328357,,,,
USDJPY CALL-upout  40Δ  2M  H@15Δ  [Realized vol (20d) < 252d p75],single,1796,10000000.0,57058948.398363166,3592000.0,77015370.88663088,19956422.48826771,-4758154.351152081,28.396436525612472,134.9750968926728,0.6906333462131299,0.4572179998981931,-1.8990478883373803,1.2409725893378911,2.714181396214089,-0.783754589439698,10,60.0,-2855297.2565547973,0.4607260181441874,1.7398761359226265,21.43715043743857,100.0,16.70378619153675,,,,
USDJPY CALL-upout  40Δ  10W  H@15Δ  [Realized vol (20d) < 252d p75],single,1793,10000000.0,61085875.7043072,3586000.0,78790114.5606617,17704238.8563545,-7207785.694489779,26.770775237032908,128.9825408119772,0.6152091846254496,0.31662110223638895,-2.9051755176171348,1.4067678138607114,4.443063977493263,-1.0901467116243224,10,60.0,-3643617.5568988444,0.2719463935830517,1.6061907475039232,29.491809695281283,100.0,18.293363078639153,,,,
USDJPY CALL-upout  40Δ  3M  H@15Δ  [Realized vol (20d) < 252d p75],single,1792,10000000.0,69736346.733058,3584000.0,81509048.60364835,11772701.870590342,-12363611.03352247,25.390625,116.88173014806003,0.34919508559788187,-0.018400470645052014,-2.4848614155311464,1.818240439025251,-98.81488762431115,-1.836640909670303,10,50.0,-3827744.309308431,0.10539186685964438,1.3302406887705849,51.731681336443046,100.0,21.149553571428573,,,,
USDJPY CALL-upout  35Δ  1M  H@15Δ  [Realized vol (20d) < 252d p75],single,1816,10000000.0,28944488.82489921,3632000.0,35470663.119302325,6526174.294403109,-2492551.332912674,23.733480176211454,122.54720867203237,0.5267037788635697,0.37195671749892506,-1.293264020683088,1.0277243346165008,2.7630213040028533,-0.6557676171175757,10,60.0,-994871.3117261934,0.2852142553715717,1.5816676790050963,10.50323510221507,100.0,14.812775330396477,,,,
USDJPY CALL-upout  35Δ  6W  H@15Δ  [Realized vol (20d) < 252d p75],single,1809,10000000.0,33316937.054216065,3618000.0,42797517.825972125,9480580.771756057,-3352104.415377545,24.488667772249862,128.4557393626205,0.6157975206276646,0.36374284693578646,-1.8033916065549205,1.0139518002872316,2.7875511747622905,-0.6502089533514452,10,70.0,-1414118.0417040295,0.30873203283227457,1.6772300291288749,15.400403021788426,100.0,14.925373134328357,,,,
USDJPY CALL-upout  35Δ  2M  H@15Δ  [Realized vol (20d) < 252d p75],single,1796,10000000.0,39444650.246200174,3592000.0,53016517.83614576,13571867.589945586,-4042818.769968969,23.775055679287306,134.40737211569777,0.6387853425002211,0.3381174555459074,-2.243346271426403,1.295216619490355,3.830670668567417,-0.9570991639444475,10,60.0,-2163739.6869177297,0.3687685838465389,1.6912273264657502,18.62791711748704,100.0,16.70378619153675,,,,
USDJPY CALL-upout  35Δ  10W  H@15Δ  [Realized vol (20d) < 252d p75],single,1793,10000000.0,42145622.48378511,3586000.0,54130723.65458335,11985101.170798246,-5597191.836951669,22.364751812604574,128.4373571072757,0.5756532546379465,0.1715051269920468,-3.827803256125639,1.5993267147256858,9.325241424414392,-1.4278215877336389,10,50.0,-2875513.18856861,0.23707154030324,1.5799233399893033,23.907489411395478,100.0,18.293363078639153,,,,
USDJPY CALL-upout  35Δ  3M  H@15Δ  [Realized vol (20d) < 252d p75],single,1792,10000000.0,47951989.52236322,3584000.0,54894496.81411407,6942507.291750857,-9546503.419090297,21.09375,114.47803805619597,0.2932634422236662,-0.22396344643688454,-2.7409248793508496,1.8990266351673555,-8.479181158263355,-2.12299008160424,10,50.0,-2885151.31367022,0.08049118049388794,1.2735160092105533,40.67371672332239,100.0,21.149553571428573,,,,
USDJPY CALL-upout  30Δ  1M  H@15Δ  [Realized vol (20d) < 252d p75],single,1816,10000000.0,18736434.44065746,3632000.0,20965374.749285452,2228940.308627991,-2432806.323259438,17.51101321585903,111.89628856913811,0.26670093489314417,0.007242922095852977,-1.5112984021554758,1.0858575351844548,149.9198142426764,-1.0786146130886018,10,30.0,-768686.5590341236,0.09980391402189717,1.2586836978411828,10.923749577384173,100.0,14.812775330396477,,,,
USDJPY CALL-upout  30Δ  6W  H@15Δ  [Realized vol (20d) < 252d p75],single,1809,10000000.0,21342456.62768188,3618000.0,25264294.611970227,3921837.9842883456,-3378181.427273326,18.629076838032063,118.375757077569,0.3891701833063127,0.008868909177186824,-2.0465710878350754,1.184122949109324,133.51393338824585,-1.1752540399321372,10,70.0,-1014301.26811268,0.12672752891570188,1.389429806257421,16.407085016632074,100.0,14.925373134328357,,,,
USDJPY CALL-upout  30Δ  2M  H@15Δ  [Realized vol (20d) < 252d p75],single,1796,10000000.0,24993168.376564935,3592000.0,32406557.368620746,7413388.992055815,-3635621.6982786357,18.98663697104677,129.66166146028547,0.5245709102607666,0.07859916249974423,-3.1965184764077854,1.5339856987260638,19.516565443442932,-1.4553865362263196,10,60.0,-1613090.881582184,0.22399415048451393,1.5617454094773917,16.86650539702694,100.0,16.70378619153675,,,,
USDJPY CALL-upout  30Δ  10W  H@15Δ  [Realized vol (20d) < 252d p75],single,1793,10000000.0,26604841.375407204,3586000.0,32929286.302332245,6324444.926925041,-4463665.823798597,17.456776352481874,123.77178212673421,0.46524466554828325,-0.11027324920834572,-5.620574309819411,2.035627498782667,-18.459848724840207,-2.145900747991013,10,50.0,-2172048.47989313,0.15686955004621916,1.4519729251471922,19.360560088972733,100.0,18.293363078639153,,,,
USDJPY CALL-upout  30Δ  3M  H@15Δ  [Realized vol (20d) < 252d p75],single,1792,10000000.0,30074418.273587346,3584000.0,31958420.851418883,1884002.5778315403,-6744961.705758475,15.736607142857142,106.26446889410377,0.12816206542753003,-0.6217288359221931,-3.845941046830515,2.0586690292329175,-3.3112008166379336,-2.6803978651551104,10,40.0,-2000000.396748203,0.03091564338988022,1.11374019998522,30.852289527199478,100.0,21.149553571428573,,,,
USDJPY CALL-upout  25Δ  1M  H@15Δ  [Realized vol (20d) < 252d p75],single,1816,10000000.0,10868557.270480232,3632000.0,9982167.190517172,-886390.0799630602,-2542360.51749591,11.068281938325992,91.84445499155109,-0.19263235415431343,-0.5809708254349861,-2.0108491700872535,1.1239245063736953,-1.9345627304644555,-1.7048953318086815,10,30.0,-496118.13809426053,-0.03797907847482789,0.8484491571076577,12.940536451088901,100.0,14.812775330396477,,,,
USDJPY CALL-upout  25Δ  6W  H@15Δ  [Realized vol (20d) < 252d p75],single,1809,10000000.0,12111208.666878235,3618000.0,11648158.92567997,-463049.7411982636,-3147115.076323398,11.829740187949144,96.17668431009191,-0.08654258364268844,-0.8389707499885685,-3.7335328850701455,1.6047320246803802,-1.912738941974134,-2.4437027746689486,10,40.0,-832304.944423588,-0.01606124882387247,0.9289717069837756,16.755591259037395,100.0,14.925373134328357,,,,
USDJPY CALL-upout  25Δ  2M  H@15Δ  [Realized vol (20d) < 252d p75],single,1796,10000000.0,13849312.603802722,3592000.0,15857030.611260017,2007718.0074572964,-3203666.9967780486,13.307349665924276,114.49687840034761,0.26105701681325216,-0.5825319948109597,-4.748443255629136,2.1685819962237955,-3.722683072416533,-2.7511139910347553,10,50.0,-1090455.5305506503,0.06884207021509542,1.2542370963693106,15.573939515737178,100.0,16.70378619153675,,,,
USDJPY CALL-upout  25Δ  10W  H@15Δ  [Realized vol (20d) < 252d p75],single,1793,10000000.0,14619665.960383,3586000.0,16082843.349788193,1463177.3894051919,-3197367.23135967,12.102621305075292,110.0082819496025,0.19867515461715013,-0.5310544153432373,-7.0969643911757165,2.3642345820564703,-4.451962950968764,-2.8952889973997076,10,50.0,-1408191.338866667,0.05066550440554669,1.1726616816384272,14.56677398511503,100.0,18.293363078639153,,,,
USDJPY CALL-upout  25Δ  3M  H@15Δ  [Realized vol (20d) < 252d p75],single,1792,10000000.0,16284066.680853304,3584000.0,14706118.502076082,-1577948.1787772211,-4314430.378724323,10.044642857142858,90.30986417764697,-0.20363442914251337,-1.4390360450004358,-5.291522953650207,2.3420230024565902,-1.6274943289942962,-3.781059047457026,10,40.0,-1324730.4970811305,-0.040480470906426154,0.8414164878397286,22.437291042806415,100.0,21.149553571428573,,,,
USDJPY CALL-upout  ATM  1M  H@15Δ  [Realized vol (20d) < 252d median],single,1366,10000000.0,53732362.75903386,2732000.0,70381663.53058004,16649300.771546192,-3509607.860601902,36.16398243045388,130.98561075047272,0.8032517545946566,0.5759397793761784,-0.9049214413596869,0.9500347855219845,1.649538405822571,-0.37409500614580615,10,70.0,-732745.2775295941,0.5167661713325509,2.0119893505321707,11.342762482645707,100.0,15.885797950219619,,,,
USDJPY CALL-upout  ATM  6W  H@15Δ  [Realized vol (20d) < 252d median],single,1359,10000000.0,62252469.26090595,2718000.0,81755777.8374365,19503308.576530535,-4155260.335549999,38.11626195732156,131.32937344989534,0.7571928797495859,0.6398207566562536,-0.34133770590316265,0.5993589362667298,0.9367606943529309,0.04046182038952384,10,80.0,-420983.05768938945,0.512358967369438,1.909782378222783,11.679743435205994,100.0,15.673289183222957,,,,
USDJPY CALL-upout  ATM  2M  H@15Δ  [Realized vol (20d) < 252d median],single,1348,10000000.0,74298846.40428078,2696000.0,98467180.59707952,24168334.19279874,-5085281.304601528,35.38575667655786,132.52854568063154,0.6516966277386547,0.48746364741145787,-1.3562321613629713,1.0255233674164992,2.103794555475593,-0.5380597200050413,10,60.0,-1957798.7543667385,0.526665363000475,1.7496660991519521,18.716115967772122,100.0,17.804154302670625,,,,
USDJPY CALL-upout  ATM  10W  H@15Δ  [Realized vol (20d) < 252d median],single,1348,10000000.0,79695244.116376,2696000.0,105683312.91435596,25988068.79797996,-5713177.6976468135,35.83086053412463,132.60930948405223,0.699195811689118,0.5356058294387512,-1.1688550105317925,1.0327567143855312,1.9282029015026454,-0.49715088494677995,10,70.0,-1495354.1644373075,0.5043858627499026,1.7781933216529597,20.130306533290888,100.0,19.658753709198812,,,,
USDJPY CALL-upout  ATM  3M  H@15Δ  [Realized vol (20d) < 252d median],single,1348,10000000.0,91014133.42973068,2696000.0,108561280.70846368,17547147.278733004,-11795875.067664897,32.27002967359051,119.27958506826923,0.3901439790012177,0.1735176798927378,-3.0416642425295386,1.7951460202060738,10.34560870866742,-1.621628340313336,10,60.0,-6188329.469473797,0.16484636637089145,1.417886033824421,53.94644973757499,100.0,22.551928783382788,,,,
USDJPY CALL-upout  45Δ  1M  H@15Δ  [Realized vol (20d) < 252d median],single,1366,10000000.0,41446710.8729099,2732000.0,54627298.099185966,13180587.226276064,-3051021.6050913567,33.52855051244509,131.80128639566203,0.7646588833508392,0.48453418472691323,-1.1786284490458996,1.0057728298038848,2.075752055287379,-0.5212386450769716,10,70.0,-757394.2782762696,0.47059374212363586,1.981959668515619,9.53416938999107,100.0,15.885797950219619,,,,
USDJPY CALL-upout  45Δ  6W  H@15Δ  [Realized vol (20d) < 252d median],single,1359,10000000.0,48019167.21471523,2718000.0,63025738.99406068,15006571.779345445,-3339115.9292502664,33.99558498896248,131.251212067557,0.7132122125180431,0.5529938610213437,-0.36180424695544544,0.6160696574303289,1.1140623808960344,-0.0630757964089852,10,70.0,-366723.82010435755,0.490585017261019,1.8670407485547384,9.955361046684292,100.0,15.673289183222957,,,,
USDJPY CALL-upout  45Δ  2M  H@15Δ  [Realized vol (20d) < 252d median],single,1348,10000000.0,57397959.829370946,2696000.0,77051820.9056819,19653861.076310948,-4626680.705182737,32.49258160237389,134.24139313441927,0.6361700831911744,0.405441476637561,-1.454571968799945,1.0225011754030915,2.5219451741419703,-0.6170596987655305,10,60.0,-1817051.2546223018,0.47074029409430335,1.746687711687348,16.399175275598438,100.0,17.804154302670625,,,,
USDJPY CALL-upout  45Δ  10W  H@15Δ  [Realized vol (20d) < 252d median],single,1348,10000000.0,61635129.13057736,2696000.0,83381213.4491539,21746084.31857653,-4098786.725207541,32.566765578635014,135.2819644013502,0.7081491840996942,0.4887855650810275,-1.1738041195777134,1.0221527559634462,2.0912089656207438,-0.5333671908824187,10,70.0,-1271565.099229145,0.5882912330811992,1.806570290397731,16.995500240198048,100.0,19.658753709198812,,,,
USDJPY CALL-upout  45Δ  3M  H@15Δ  [Realized vol (20d) < 252d median],single,1348,10000000.0,70607540.04087806,2696000.0,85247985.55768812,14640445.516810045,-9195199.391380787,28.931750741839764,120.73496047070044,0.3949811856806157,0.08200913874187417,-3.348841743599196,1.748296553575794,21.318313792790843,-1.6662874148339197,10,50.0,-5091377.007668922,0.1764396401175581,1.4342969220691482,42.28667040146623,100.0,22.551928783382788,,,,
USDJPY CALL-upout  40Δ  1M  H@15Δ  [Realized vol (20d) < 252d median],single,1366,10000000.0,30593194.174665447,2732000.0,40169036.73177573,9575842.557110278,-2619699.684085977,29.64860907759883,131.30056476757218,0.6992011781530244,0.3565745732092066,-1.4764546616617948,1.0687042117038186,2.9971408283136243,-0.712129638494612,10,70.0,-729335.947536274,0.3981824920979966,1.9083867468095366,7.708311844632682,100.0,15.885797950219619,,,,
USDJPY CALL-upout  40Δ  6W  H@15Δ  [Realized vol (20d) < 252d median],single,1359,10000000.0,35322714.17852557,2718000.0,45607114.379282504,10284400.200756935,-2589997.612142792,28.99190581309787,129.11554346808757,0.6265495044330931,0.4016514401777439,-0.4439668754158768,0.6658091620006659,1.6576790107014767,-0.26415772182292196,10,70.0,-484371.99127197376,0.4334548757037545,1.7572537247412428,10.019418349898311,100.0,15.673289183222957,,,,
USDJPY CALL-upout  40Δ  2M  H@15Δ  [Realized vol (20d) < 252d median],single,1348,10000000.0,42072502.296258636,2696000.0,56886406.1793033,14813903.883044656,-3693080.817134512,29.00593471810089,135.21041790842568,0.6099034336408865,0.3145912306948187,-1.565938603489403,1.0404956122578417,3.3074526901457544,-0.7259043815630231,10,60.0,-1632930.0353956094,0.4445122485647933,1.725634643396703,13.110224796320432,100.0,17.804154302670625,,,,
USDJPY CALL-upout  40Δ  10W  H@15Δ  [Realized vol (20d) < 252d median],single,1348,10000000.0,45124963.194935426,2696000.0,61688761.98000318,16563798.785067746,-3370495.168818221,28.635014836795254,136.70650924082477,0.6899924968880659,0.38982811258858724,-1.581442248098895,1.0791549918222136,2.768284166722273,-0.6893268792336265,10,70.0,-1373702.9128071908,0.5449201492662564,1.8039054690122716,14.371778025743199,100.0,19.658753709198812,,,,
USDJPY CALL-upout  40Δ  3M  H@15Δ  [Realized vol (20d) < 252d median],single,1348,10000000.0,51589309.71724647,2696000.0,62524207.416182786,10934897.698936315,-7569542.052623551,26.186943620178045,121.19605352129908,0.3831820874582029,-0.04789636563956621,-3.639163181903195,1.7137486216446167,-35.78034781471862,-1.7616449872841828,10,50.0,-3932462.255262511,0.16008407831807203,1.4272871921871515,33.32326418019823,100.0,22.551928783382788,,,,
USDJPY CALL-upout  35Δ  1M  H@15Δ  [Realized vol (20d) < 252d median],single,1366,10000000.0,21408304.20993157,2732000.0,27149807.04422541,5741502.834293839,-2118505.287413868,24.37774524158126,126.819045441396,0.5603842100425771,0.12523223769107467,-1.8959039780882476,1.1519488526253248,9.19850091209721,-1.0267166149342501,10,60.0,-635104.6570017097,0.2952247085048229,1.6882234977230006,6.181931416810719,100.0,15.885797950219619,,,,
USDJPY CALL-upout  35Δ  6W  H@15Δ  [Realized vol (20d) < 252d median],single,1359,10000000.0,24576686.004247714,2718000.0,30458042.4493996,5881356.445151882,-2227308.7215956375,24.87122884473878,123.93063264972086,0.493633840833885,0.18678305644589832,-1.0013923114402936,0.7839905448912617,4.197332240991273,-0.5972074884453634,10,50.0,-708944.3142675338,0.28824472704371634,1.5653520374398244,12.375760331725314,100.0,15.673289183222957,,,,
USDJPY CALL-upout  35Δ  2M  H@15Δ  [Realized vol (20d) < 252d median],single,1348,10000000.0,29098930.85666492,2696000.0,38804972.37445168,9706041.51778676,-2830565.309023279,24.33234421364985,133.3553200479998,0.544552240188031,0.1756770792195795,-1.6413322164477893,1.0952953003170358,6.2347080517431746,-0.9196182210974563,10,60.0,-1353126.2562555056,0.3799898415312261,1.6529655571167188,11.358844281785242,100.0,17.804154302670625,,,,
USDJPY CALL-upout  35Δ  10W  H@15Δ  [Realized vol (20d) < 252d median],single,1348,10000000.0,31147530.45965237,2696000.0,42354675.278678745,11207144.819026375,-2817683.7076206016,23.961424332344215,135.9808455233515,0.6393007300009208,0.2416764265522592,-2.6213759157488226,1.2662356726743627,5.239384290550806,-1.0245592461221034,10,70.0,-1303195.971584073,0.44103125982850966,1.764331107438194,12.22441368103176,100.0,19.658753709198812,,,,
USDJPY CALL-upout  35Δ  3M  H@15Δ  [Realized vol (20d) < 252d median],single,1348,10000000.0,35486519.68383479,2696000.0,42236372.441520825,6749852.757686041,-5805775.260515573,21.735905044510385,119.02089249051045,0.3360054996531778,-0.23089009277823128,-3.839265117980958,1.7171404863592559,-7.437047062944187,-1.9480305791374872,10,50.0,-2786717.3582665375,0.1288359607208258,1.3722104998062898,25.263578208512413,100.0,22.551928783382788,,,,
USDJPY CALL-upout  30Δ  1M  H@15Δ  [Realized vol (20d) < 252d median],single,1366,10000000.0,13876112.538756825,2732000.0,16178327.295248825,2302214.7564920024,-1827560.074261342,17.86237188872621,116.59120845310078,0.3361828596574671,-0.19698198140326398,-2.261116285818933,1.2168834256241243,-6.177638263943063,-1.4138654070273884,10,30.0,-485808.70436346147,0.13722424271903075,1.358188240349971,5.8061748988176,100.0,15.885797950219619,,,,
USDJPY CALL-upout  30Δ  6W  H@15Δ  [Realized vol (20d) < 252d median],single,1359,10000000.0,15762802.673487384,2718000.0,17579777.726995472,1816975.053508088,-2432115.2854042114,18.61662987490802,111.52697963138365,0.2372393652882539,-0.18926885594370738,-2.0026702538930605,0.9947571385459916,-5.255788827940365,-1.184025994489699,10,50.0,-781774.7973645154,0.0815509632992347,1.239097853852034,13.213773092843736,100.0,15.673289183222957,,,,
USDJPY CALL-upout  30Δ  2M  H@15Δ  [Realized vol (20d) < 252d median],single,1348,10000000.0,18455659.857409764,2696000.0,23316517.07013622,4860857.212726453,-2521673.3447864973,19.287833827893174,126.3380299067165,0.4135760376336566,-0.10743279025640336,-2.0968682178614952,1.2593370590868995,-11.722092073391334,-1.366769849343303,10,60.0,-1049620.3141368495,0.2136126942431294,1.4895039853993697,13.028834956517722,100.0,17.804154302670625,,,,
USDJPY CALL-upout  30Δ  10W  H@15Δ  [Realized vol (20d) < 252d median],single,1348,10000000.0,19679726.962854147,2696000.0,25813551.25604648,6133824.293192338,-2363546.809373768,18.5459940652819,131.16823879096518,0.5286644502434148,0.016180574010327665,-4.069279013532279,1.58798340339917,98.14135162235894,-1.5718028293888424,10,70.0,-1172179.5792737526,0.28776220536391317,1.6122774510272038,10.55030444544338,100.0,19.658753709198812,,,,
USDJPY CALL-upout  30Δ  3M  H@15Δ  [Realized vol (20d) < 252d median],single,1348,10000000.0,22272775.704028502,2696000.0,24654013.089766588,2381237.3857380818,-4084254.034297807,16.394658753709198,110.69124664739196,0.18914004465838535,-0.5669642790363227,-4.028809154585145,1.7481780913014335,-3.0834007642824286,-2.3151423703377563,10,50.0,-1805433.7155653944,0.06460899227735181,1.2001791198437297,17.93221006567016,100.0,22.551928783382788,,,,
USDJPY CALL-upout  25Δ  1M  H@15Δ  [Realized vol (20d) < 252d median],single,1366,10000000.0,8070962.611689023,2732000.0,7872406.790096904,-198555.8215921186,-1699552.9343325798,11.566617862371888,97.53987434776919,-0.05217524510455086,-0.6181468144044341,-2.3319152203980615,1.1579312549099843,-1.8732301581552537,-1.7760780693144183,10,20.0,-408700.17424370657,-0.012726371609249092,0.9540088315531793,6.855799807489406,100.0,15.885797950219619,,,,
USDJPY CALL-upout  25Δ  6W  H@15Δ  [Realized vol (20d) < 252d median],single,1359,10000000.0,8968525.01405896,2718000.0,7841192.283184009,-1127332.730874953,-2271478.8130085426,11.405445180279617,87.43012112796966,-0.29103393785965703,-1.0223637293131271,-3.2633532954653237,1.4540528059104578,-1.4222460795702916,-2.476416535223585,10,40.0,-673477.4029884306,-0.05417609701048231,0.7724006751475571,14.298717811717996,100.0,15.673289183222957,,,,
USDJPY CALL-upout  25Δ  2M  H@15Δ  [Realized vol (20d) < 252d median],single,1348,10000000.0,10249009.87751633,2696000.0,11051425.869648863,802415.992132532,-2581168.0503674345,13.056379821958458,107.82920498391582,0.12686575669878378,-0.8118480783402969,-4.2455495396217895,1.8110805218350923,-2.230812106542862,-2.6229286001753893,10,30.0,-821323.6465234398,0.03444976917832807,1.1337624978604939,13.87814776411684,100.0,17.804154302670625,,,,
USDJPY CALL-upout  25Δ  10W  H@15Δ  [Realized vol (20d) < 252d median],single,1348,10000000.0,10836378.551445147,2696000.0,12745212.024314765,1908833.472869617,-1739415.7753896206,12.908011869436201,117.61504974939301,0.29749492705776553,-0.2350787324607877,-4.354405685665491,1.58772814206599,-6.75402715271502,-1.8228068745267776,10,70.0,-849805.8607277761,0.12168338075985058,1.3086146637378733,7.947701621644961,100.0,19.658753709198812,,,,
USDJPY CALL-upout  25Δ  3M  H@15Δ  [Realized vol (20d) < 252d median],single,1348,10000000.0,12080922.894608945,2696000.0,11235239.602870993,-845683.2917379523,-2980161.7082738862,10.459940652818991,92.99984530059922,-0.129790539154653,-1.2135919481740438,-4.790603396786079,1.845442933176856,-1.5206453338401658,-3.0590348813509,10,30.0,-1086990.914247362,-0.03144640052570002,0.883117632673655,14.003498962547159,100.0,22.551928783382788,,,,
USDJPY CALL-upout  ATM  1M  H@15Δ  [Spot > 50DMA  ∧  RV < p75],single,1161,10000000.0,46411451.69616383,2322000.0,63422816.71238315,17011365.016219314,-2425427.4704965185,39.276485788113696,136.65337841096965,0.8733563513477361,0.6764103474686928,-0.7458412662091453,1.0014063812782859,1.4804717063034512,-0.3249960338095931,10,70.0,-1013435.1772043078,0.7640249524086362,2.3158449973353092,9.071481232541368,100.0,12.4031007751938,,,,
USDJPY CALL-upout  ATM  6W  H@15Δ  [Spot > 50DMA  ∧  RV < p75],single,1154,10000000.0,53693621.81181651,2308000.0,73766031.17334989,20072409.361533366,-4166274.482750806,41.074523396880416,137.38322855530666,0.8351785128030069,0.7075056768296176,-1.3218447208036543,1.09081096055497,1.5417699055687726,-0.38330528372535244,10,70.0,-2046062.5682109022,0.5259154321900316,2.1658277735529543,13.6377125869326,100.0,13.171577123050259,,,,
USDJPY CALL-upout  ATM  2M  H@15Δ  [Spot > 50DMA  ∧  RV < p75],single,1141,10000000.0,63787942.99784572,2282000.0,95911160.90090436,32123217.903058637,-4976359.090597713,40.49079754601227,150.3593883002992,0.9161397145259068,0.5124038235004942,-4.374542462611162,1.833372193543222,3.5779830466886704,-1.3209683700427277,10,80.0,-3803515.420606278,0.7153364483024796,2.3789877979844536,15.278575869105554,100.0,14.548641542506575,,,,
USDJPY CALL-upout  ATM  10W  H@15Δ  [Spot > 50DMA  ∧  RV < p75],single,1141,10000000.0,68393059.24042809,2282000.0,95921533.6258718,27528474.385443717,-4604908.730339302,39.9649430324277,140.25039191282625,0.7876338600362418,0.43787440530213245,-3.0412547886044465,1.5381218044261236,3.5127008699328353,-1.1002473991239912,10,60.0,-2814497.4248595475,0.6628690572030947,2.0528523517163304,16.712459002791228,100.0,16.827344434706397,,,,
USDJPY CALL-upout  ATM  3M  H@15Δ  [Spot > 50DMA  ∧  RV < p75],single,1141,10000000.0,78147208.5655787,2282000.0,95065388.88723126,16918180.321652554,-10243447.584387992,34.53111305872042,121.64911662513877,0.43489744996626717,0.11435048941467776,-2.3724915226019623,2.015889346451722,17.62903995225898,-1.9015388570370442,10,60.0,-5963504.912247445,0.18302504471904746,1.4909065659289553,36.4401042472791,100.0,21.297107800175286,,,,
USDJPY CALL-upout  45Δ  1M  H@15Δ  [Spot > 50DMA  ∧  RV < p75],single,1161,10000000.0,35811508.308924794,2322000.0,48579186.92504363,12767678.616118832,-2195347.962132422,35.228251507321275,135.65244587292887,0.7882474014692512,0.5184212575706086,-1.0499956555773613,1.0593026305743722,2.0433240634043557,-0.5408813730037636,10,60.0,-1005072.0923260656,0.6335271738557579,2.1778284396129783,7.9692026015196715,100.0,12.4031007751938,,,,
USDJPY CALL-upout  45Δ  6W  H@15Δ  [Spot > 50DMA  ∧  RV < p75],single,1154,10000000.0,41442604.19677651,2308000.0,56251478.34875274,14808874.151976233,-3281333.220695436,35.875216637781634,135.73345459098368,0.7494185835894739,0.5688123239116971,-1.4947927627373192,1.086018930334313,1.9092746142801709,-0.517206606422616,10,70.0,-1748178.092089579,0.4926471730375818,2.053394330728735,11.444256546783459,100.0,13.171577123050259,,,,
USDJPY CALL-upout  45Δ  2M  H@15Δ  [Spot > 50DMA  ∧  RV < p75],single,1141,10000000.0,49330153.57194291,2282000.0,75172963.84002051,25842810.268077597,-4326413.00709761,36.72217353198948,152.38745148114842,0.873609584785924,0.44705110672052123,-4.180637521534385,1.7221660340153158,3.8522799924348385,-1.2751149272947946,10,80.0,-3424311.5615309863,0.6619341463782261,2.3381310624624634,13.13853437830892,100.0,14.548641542506575,,,,
USDJPY CALL-upout  45Δ  10W  H@15Δ  [Spot > 50DMA  ∧  RV < p75],single,1141,10000000.0,52961759.17452453,2282000.0,74515145.32788241,21553386.15335787,-4212093.165251618,35.232252410166524,140.69612960236674,0.7471373657380435,0.32206431507618916,-3.576949688206143,1.6041162621730307,4.980732689349805,-1.2820519470968414,10,70.0,-2827897.4984188643,0.5673932580572059,2.001931234694629,14.392636454521043,100.0,16.827344434706397,,,,
USDJPY CALL-upout  45Δ  3M  H@15Δ  [Spot > 50DMA  ∧  RV < p75],single,1141,10000000.0,60732604.4891897,2282000.0,74032443.17206201,13299838.682872301,-8384636.985260283,30.58720420683611,121.89900926320337,0.41505175261898414,-0.0783539814723591,-3.051963211780526,2.027534743317132,-25.876601357295222,-2.1058887247894913,10,60.0,-4721194.674744747,0.1757782475710618,1.4743440445009184,31.822185642883046,100.0,21.297107800175286,,,,
USDJPY CALL-upout  40Δ  1M  H@15Δ  [Spot > 50DMA  ∧  RV < p75],single,1161,10000000.0,26423171.204937704,2322000.0,35100251.298569106,8677080.093631396,-1996111.4994102386,31.266149870801037,132.83890501383084,0.6775911371087922,0.26402517290256916,-1.6755846894093496,1.2239102204974082,4.635581550964676,-0.9598850475948391,10,60.0,-1031946.0191559605,0.47352780004815653,1.9891756262464895,6.9966684679218085,100.0,12.4031007751938,,,,
USDJPY CALL-upout  40Δ  6W  H@15Δ  [Spot > 50DMA  ∧  RV < p75],single,1154,10000000.0,30474751.102229528,2308000.0,40012720.719080225,9537969.616850695,-2805080.896221602,29.809358752166375,131.29794099008373,0.6161027254312408,0.3249244868837756,-1.7918385797759635,1.0862030624152395,3.342939994558707,-0.7612785755314638,10,60.0,-1486165.581914817,0.3711716796244504,1.860835526962073,12.50361555390469,100.0,13.171577123050259,,,,
USDJPY CALL-upout  40Δ  2M  H@15Δ  [Spot > 50DMA  ∧  RV < p75],single,1141,10000000.0,36149175.61932203,2282000.0,55512426.0172728,19363250.397950765,-3359456.635329416,32.95354951796669,153.56484640717767,0.8198159780321556,0.3555956006298405,-4.041034416504362,1.6384705183951118,4.607679384933359,-1.2828749177652714,10,70.0,-2696728.043449247,0.6387225420409032,2.269865098282749,10.540352180753642,100.0,14.548641542506575,,,,
USDJPY CALL-upout  40Δ  10W  H@15Δ  [Spot > 50DMA  ∧  RV < p75],single,1141,10000000.0,38765290.99956918,2282000.0,54106987.94121532,15341696.941646146,-3499769.8874410046,30.23663453111306,139.57585908955681,0.6766986567145636,0.20189526210792738,-3.462919398034799,1.523675111463263,7.546859176164076,-1.3217798493553357,10,60.0,-2485377.046283822,0.48607192696418783,1.9079507050191797,12.8502089465206,100.0,16.827344434706397,,,,
USDJPY CALL-upout  40Δ  3M  H@15Δ  [Spot > 50DMA  ∧  RV < p75],single,1141,10000000.0,44363659.773642935,2282000.0,53574040.72262609,9210380.94898315,-6423623.43050151,27.081507449605606,120.76109364280889,0.37455474402814926,-0.2895710647318958,-3.8618806902488436,2.0569534015090416,-7.10344938439725,-2.3465244662409375,10,60.0,-3365933.3082593246,0.1588914547828434,1.423085669478269,26.907483463630935,100.0,21.297107800175286,,,,
USDJPY CALL-upout  35Δ  1M  H@15Δ  [Spot > 50DMA  ∧  RV < p75],single,1161,10000000.0,18478085.93946135,2322000.0,23265360.748871833,4787274.809410479,-1883646.6296287489,25.581395348837212,125.9078501155084,0.5053366666567548,-0.12309029844845285,-2.7570497796232165,1.4909099849693228,-12.11232732199182,-1.6140002834177756,10,60.0,-1069030.0730675752,0.2768506814418711,1.6799069827504265,7.402317542085254,100.0,12.4031007751938,,,,
USDJPY CALL-upout  35Δ  6W  H@15Δ  [Spot > 50DMA  ∧  RV < p75],single,1154,10000000.0,21191682.238654062,2308000.0,26233624.550620787,5041942.311966727,-3391088.9634312675,24.87001733102253,123.79208151191565,0.44098631034217933,-0.059914318570392575,-2.2394159376825775,1.2087587819971315,-20.174789780459175,-1.268673100567524,10,40.0,-1224085.1749997407,0.1623016656589378,1.580739418281644,16.698896028413653,100.0,13.171577123050259,,,,
USDJPY CALL-upout  35Δ  2M  H@15Δ  [Spot > 50DMA  ∧  RV < p75],single,1141,10000000.0,24991005.455605276,2282000.0,37975017.10861078,12984011.653005505,-2384828.560088684,26.906222611744084,151.954738980273,0.731763839003087,0.17350774987361856,-4.092965374897709,1.624096976810553,9.360371383949884,-1.4505892269369345,10,60.0,-1924705.6615345816,0.6033297685483326,2.1359563454908916,8.562502904069458,100.0,14.548641542506575,,,,
USDJPY CALL-upout  35Δ  10W  H@15Δ  [Spot > 50DMA  ∧  RV < p75],single,1141,10000000.0,26746719.23540748,2282000.0,36671739.12979646,9925019.894388977,-3051134.539819326,24.62751971954426,137.10742916555606,0.5930800197197525,-0.02500713226767177,-3.4253420087522963,1.564862412949526,-62.57664398298553,-1.5898695452171978,10,60.0,-1827095.5991320002,0.3606921225023032,1.8067016881952778,12.120141504712231,100.0,16.827344434706397,,,,
USDJPY CALL-upout  35Δ  3M  H@15Δ  [Spot > 50DMA  ∧  RV < p75],single,1141,10000000.0,30504313.624698922,2282000.0,35704983.30042617,5200669.675727247,-5115499.656617099,21.472392638036812,117.04896474548548,0.29949875132126524,-0.4631261061369788,-3.8581423732725133,1.9897813462903549,-4.296413697961214,-2.4529074524273335,10,40.0,-2257433.168395835,0.11266116344529713,1.3283547903765973,21.555509004741985,100.0,21.297107800175286,,,,
USDJPY CALL-upout  30Δ  1M  H@15Δ  [Spot > 50DMA  ∧  RV < p75],single,1161,10000000.0,11962482.934577413,2322000.0,13429514.318139995,1467031.3835625804,-2340985.9558439525,18.26012058570198,112.26360272851169,0.2319760182654016,-0.5424273698716413,-3.329127256911629,1.5446004081840359,-2.847570926499425,-2.087027778055677,10,50.0,-921393.6465830634,0.0682648700020665,1.2656797321274207,11.063498696509342,100.0,12.4031007751938,,,,
USDJPY CALL-upout  30Δ  6W  H@15Δ  [Spot > 50DMA  ∧  RV < p75],single,1154,10000000.0,13577587.9133331,2308000.0,14927757.214811407,1350169.3014783105,-3286698.4774597934,17.937608318890817,109.94410281190264,0.17804386279300163,-0.5871536869616165,-2.783173696851584,1.4453046494066772,-2.4615440241647666,-2.0324583363682938,10,40.0,-991395.7644217405,0.04484279291553202,1.2065947600125553,17.31604849338565,100.0,13.171577123050259,,,,
USDJPY CALL-upout  30Δ  2M  H@15Δ  [Spot > 50DMA  ∧  RV < p75],single,1141,10000000.0,15836984.268412814,2282000.0,23239968.68419477,7402984.415781952,-2066139.9854802703,21.20946538124452,146.7449123539723,0.6077342653649358,-0.20871280952514087,-4.119605137646452,1.7426251758627525,-8.349392544844457,-1.9513379853878934,10,60.0,-1238812.840394548,0.3970544924119982,1.9303655427383823,9.260666074419014,100.0,14.548641542506575,,,,
USDJPY CALL-upout  30Δ  10W  H@15Δ  [Spot > 50DMA  ∧  RV < p75],single,1141,10000000.0,16886036.867246985,2282000.0,22130597.62132456,5244560.754077574,-3135586.9778287597,19.193689745836984,131.0585651050555,0.4699111121576215,-0.3636908540168354,-3.5179905723265446,1.81947168795228,-5.002797479938982,-2.1831625419691156,10,60.0,-1209120.1063174193,0.18546283679577122,1.6103671088612583,13.944266699540323,100.0,16.827344434706397,,,,
USDJPY CALL-upout  30Δ  3M  H@15Δ  [Spot > 50DMA  ∧  RV < p75],single,1141,10000000.0,19131586.288816564,2282000.0,20958081.702923827,1826495.4141072636,-3919253.2786059952,15.950920245398773,109.5470150071923,0.1664576548260428,-0.8110447376025949,-3.787077584433661,1.933975066357237,-2.3845479499367253,-2.745019803959832,10,40.0,-1369290.2316510205,0.051643810325444774,1.1758756971080044,16.912748530170983,100.0,21.297107800175286,,,,
USDJPY CALL-upout  25Δ  1M  H@15Δ  [Spot > 50DMA  ∧  RV < p75],single,1161,10000000.0,6940701.374949812,2322000.0,6150581.207683717,-790120.1672660954,-2108751.724514899,11.024978466838933,88.61613366456343,-0.22829071579264715,-1.2076655503094749,-3.661923268819526,1.606205735199845,-1.3300087385851496,-2.81387128550932,10,20.0,-577271.269450342,-0.04081542916995274,0.8020406542389339,11.008509444259966,100.0,12.4031007751938,,,,
USDJPY CALL-upout  25Δ  6W  H@15Δ  [Spot > 50DMA  ∧  RV < p75],single,1154,10000000.0,7708038.581790929,2308000.0,6627635.809799055,-1080402.771991873,-2630460.638580691,10.571923743500866,85.98342807281529,-0.25821472118520344,-1.4043774616413671,-3.317006231960663,1.6937273702300408,-1.20603428671555,-3.098104831871408,10,40.0,-629190.5480062041,-0.04483510283823212,0.7648004662378033,15.95867467399997,100.0,13.171577123050259,,,,
USDJPY CALL-upout  25Δ  2M  H@15Δ  [Spot > 50DMA  ∧  RV < p75],single,1141,10000000.0,8778520.45586263,2282000.0,11402945.363176301,2624424.90731367,-2053586.5681277593,14.899211218229624,129.89598213627193,0.38575422745289,-0.7809002806582156,-4.094630051406071,2.0146527874587354,-2.579910441011237,-2.795553068116951,10,40.0,-679253.8524829079,0.14161985888517664,1.5162483428608828,9.998549716737651,100.0,14.548641542506575,,,,
USDJPY CALL-upout  25Δ  10W  H@15Δ  [Spot > 50DMA  ∧  RV < p75],single,1141,10000000.0,9281909.685454221,2282000.0,10561922.523878,1280012.8384237755,-2510783.1440994986,12.971078001752847,113.79040393411385,0.2120809202639603,-0.6758296244188998,-3.501401428457268,1.7986002511842947,-2.6613220051293096,-2.4744298756031946,10,40.0,-658664.7361584948,0.05652905833154118,1.23832881881,12.08723266400669,100.0,16.827344434706397,,,,
USDJPY CALL-upout  25Δ  3M  H@15Δ  [Spot > 50DMA  ∧  RV < p75],single,1141,10000000.0,10359662.340686435,2282000.0,9972267.190454096,-387395.1502323372,-3140105.99773451,9.815950920245399,96.26054269441885,-0.06418721320505927,-1.2912251813239954,-3.765192050521795,1.89328829962852,-1.466272751656827,-3.1845134809525155,10,40.0,-838306.5494351428,-0.013671396932246695,0.9372886616089643,15.623517957265756,100.0,21.297107800175286,,,,
USDJPY CALL-upout  ATM  1M  H@15Δ  [Golden cross  ∧  RV < p75],single,1011,10000000.0,40978588.35312993,2022000.0,51196795.39168383,10218207.038553901,-3931984.6295267288,35.11374876360039,124.93547837836499,0.5257085042638139,0.5113668953946426,-1.194611835599228,1.2027483152433565,2.352026159838029,-0.6913814198487138,10,80.0,-1931537.1249852504,0.2830867599117817,1.7595660316004926,12.923658926321927,100.0,13.254203758654798,,,,
USDJPY CALL-upout  ATM  6W  H@15Δ  [Golden cross  ∧  RV < p75],single,1004,10000000.0,47389440.43592239,2008000.0,60695686.00975668,13306245.573834293,-5257735.570940433,36.45418326693227,128.07850325185063,0.5317023585320503,0.5270454046385918,-1.1114511952757151,0.803291648584987,1.5241412628117383,-0.2762462439463952,10,80.0,-1443448.8603532356,0.27626195581144664,1.7883019350442932,16.49462615233295,100.0,13.147410358565736,,,,
USDJPY CALL-upout  ATM  2M  H@15Δ  [Golden cross  ∧  RV < p75],single,991,10000000.0,56054107.00886215,1982000.0,63810574.51269599,7756467.503833835,-8934331.499670463,30.171543895055496,113.83746511670864,0.23789438538165164,-0.03886858981275219,-3.3140693114548956,1.5621805530486428,-40.19133600098132,-1.6010491428613949,10,60.0,-5318691.131798582,0.09536752015104287,1.2777096227986664,41.912491123433234,100.0,16.044399596367306,,,,
USDJPY CALL-upout  ATM  10W  H@15Δ  [Golden cross  ∧  RV < p75],single,988,10000000.0,59969551.724963084,1976000.0,58403523.316373125,-1566028.4085899554,-8559377.265930548,27.530364372469634,97.38862745585931,-0.05262255984980213,-0.19831223753647484,-1.887490155576354,1.2663185635484742,-6.385478673829016,-1.464630801084949,10,50.0,-4300145.601715684,-0.02025654514670465,0.9511278483934896,46.38431524682384,100.0,18.421052631578945,,,,
USDJPY CALL-upout  ATM  3M  H@15Δ  [Golden cross  ∧  RV < p75],single,987,10000000.0,68324209.43009217,1974000.0,58929102.98299909,-9395106.447093084,-15610905.909653284,26.545086119554206,86.24922772548732,-0.2904825652257907,-0.3311839813117182,-2.2499499540865155,1.5745469363851974,-4.7542967813506545,-1.9057309176969155,10,40.0,-5877988.047778809,-0.06661160278552215,0.752085608339822,68.69632770271775,100.0,20.466058763931105,,,,
USDJPY CALL-upout  45Δ  1M  H@15Δ  [Golden cross  ∧  RV < p75],single,1011,10000000.0,31596949.730083387,2022000.0,39433876.32599388,7836926.595910485,-3210243.0866792975,31.750741839762615,124.80279477246174,0.48565846738404406,0.42251088011630006,-1.344241191809765,1.1621786535068794,2.7506478725162746,-0.7396677733905794,10,70.0,-1714339.187218342,0.26592828378797945,1.702340565282727,10.788171886851151,100.0,13.254203758654798,,,,
USDJPY CALL-upout  45Δ  6W  H@15Δ  [Golden cross  ∧  RV < p75],single,1004,10000000.0,36545001.301483855,2008000.0,47192927.9420252,10647926.640541352,-4113242.4776300276,32.569721115537845,129.13647902951095,0.5191183359406634,0.495040631397669,-1.1111718061360243,0.7860736271980203,1.5878971893249765,-0.2910329958003513,10,80.0,-1011274.7279015059,0.2825823459388676,1.7717680610670374,13.38774579884228,100.0,13.147410358565736,,,,
USDJPY CALL-upout  45Δ  2M  H@15Δ  [Golden cross  ∧  RV < p75],single,991,10000000.0,43299877.574594915,1982000.0,50358272.82336443,7058395.248769516,-7682835.289414467,26.942482341069628,116.30118985119454,0.25603054260925173,-0.12450545116273352,-3.992262781839033,1.6441471029267187,-13.205422634690539,-1.7686525540894522,10,60.0,-4938107.0784882875,0.1009213441831285,1.307981111779895,37.72411197769856,100.0,16.044399596367306,,,,
USDJPY CALL-upout  45Δ  10W  H@15Δ  [Golden cross  ∧  RV < p75],single,988,10000000.0,46379466.28333204,1976000.0,45931801.902006544,-447664.3813255038,-7347435.904080911,24.291497975708502,99.03477892869503,-0.018209556092850465,-0.23330383195886722,-2.026844257101769,1.2007255594185007,-5.14661739302334,-1.4340293913773678,10,40.0,-3611703.1500011003,-0.006745663044542061,0.9825673550475328,37.98019801796637,100.0,18.421052631578945,,,,
USDJPY CALL-upout  45Δ  3M  H@15Δ  [Golden cross  ∧  RV < p75],single,987,10000000.0,53012543.10978681,1974000.0,44338966.88387498,-8673576.225911822,-13050294.225482881,22.391084093211752,83.63863395885537,-0.3316600947280625,-0.44452383752261826,-2.249944093245111,1.4692454078423203,-3.3052117430430537,-1.9137692453649384,10,40.0,-4593264.716734964,-0.07356211057279738,0.7193644363210343,63.34642622663578,100.0,20.466058763931105,,,,
USDJPY CALL-upout  40Δ  1M  H@15Δ  [Golden cross  ∧  RV < p75],single,1011,10000000.0,23306378.41637583,2022000.0,28843477.882949013,5537099.466573184,-2506258.6499295537,27.794263105835803,123.7578716334694,0.43333928214653067,0.3088699073438258,-1.4467594459824586,1.1021276342010833,3.568258376735368,-0.7932577268572575,10,60.0,-1407153.5968051248,0.24066509540103126,1.629226176813775,8.817801738522796,100.0,13.254203758654798,,,,
USDJPY CALL-upout  40Δ  6W  H@15Δ  [Golden cross  ∧  RV < p75],single,1004,10000000.0,26866275.92282637,2008000.0,34628183.700961635,7761907.778135269,-3057808.0587586043,29.183266932270918,128.89089578485468,0.48578011601100013,0.42718482474814923,-1.110689210915906,0.7791728820073615,1.8239713511984657,-0.35198805725921223,10,70.0,-733821.6455483063,0.27709108008887595,1.716875458627867,10.96016995713043,100.0,13.147410358565736,,,,
USDJPY CALL-upout  40Δ  2M  H@15Δ  [Golden cross  ∧  RV < p75],single,991,10000000.0,31725188.073005322,1982000.0,37881480.65773015,6156292.584724835,-6041652.3190061785,24.117053481331986,119.40506253440675,0.2781797438116626,-0.1849246183341491,-4.360849998311987,1.6806972317296078,-9.088553200054067,-1.865621850063757,10,50.0,-4028803.856345085,0.11193401909422636,1.349040440590204,31.00376177664953,100.0,16.044399596367306,,,,
USDJPY CALL-upout  40Δ  10W  H@15Δ  [Golden cross  ∧  RV < p75],single,988,10000000.0,33942289.223293856,1976000.0,34060489.918554395,118200.69526053453,-6113355.078297551,21.356275303643724,100.34824019818736,0.006156667053249891,-0.29031211689244396,-2.1504301732095996,1.1448065168219075,-3.9433645728470927,-1.4351186337143513,10,40.0,-2805991.669221156,0.002140663079552871,1.0060808326177764,31.18740548814789,100.0,18.421052631578945,,,,
USDJPY CALL-upout  40Δ  3M  H@15Δ  [Golden cross  ∧  RV < p75],single,987,10000000.0,38720975.323385246,1974000.0,31347018.02978562,-7373957.293599626,-10070693.186602758,19.45288753799392,80.95616850553301,-0.3747630277360335,-0.5756539147424908,-2.2498224051086475,1.3662038638306637,-2.3733076920736518,-1.9418577785731546,10,40.0,-3346576.44413555,-0.08104337857660517,0.6875805180145167,52.5212054548209,100.0,20.466058763931105,,,,
USDJPY CALL-upout  35Δ  1M  H@15Δ  [Golden cross  ∧  RV < p75],single,1011,10000000.0,16290095.601055302,2022000.0,19512507.798326857,3222412.1972715524,-1812638.383204835,23.34322453016815,119.78141980371682,0.341386720462974,0.15002454767829737,-1.5095611835405227,1.0329326743514433,6.885091075671131,-0.882908126673146,10,40.0,-1036281.268449172,0.1936540534633349,1.4762637733390878,7.2191452915680765,100.0,13.254203758654798,,,,
USDJPY CALL-upout  35Δ  6W  H@15Δ  [Golden cross  ∧  RV < p75],single,1004,10000000.0,18673976.671030268,2008000.0,23434276.312127277,4760299.641097005,-2149354.897128283,24.900398406374503,125.49162251274448,0.411228947104072,0.2962604018194174,-1.109885924084521,0.8215104261054341,2.77293361198564,-0.5252500242860167,10,70.0,-571332.6303651434,0.24176334026269447,1.5825064348910178,9.491155396004611,100.0,13.147410358565736,,,,
USDJPY CALL-upout  35Δ  2M  H@15Δ  [Golden cross  ∧  RV < p75],single,991,10000000.0,21926291.826824673,1982000.0,26754966.352949943,4828674.526125271,-4416558.333575061,20.686175580222,122.02230347138709,0.28883865283491106,-0.24058466418215435,-4.580732531625846,1.7051840050613114,-7.087667083261226,-1.9457686692434657,10,50.0,-3001616.6108486555,0.12009986993069353,1.3787801152391537,24.71809030852122,100.0,16.044399596367306,,,,
USDJPY CALL-upout  35Δ  10W  H@15Δ  [Golden cross  ∧  RV < p75],single,988,10000000.0,23412460.165133864,1976000.0,23694559.937478326,282099.77234446444,-4919549.826933826,17.71255060728745,101.20491298374772,0.020112768521756814,-0.36755578676779405,-2.6349402705877063,1.2156894754698204,-3.307496492329315,-1.5832452622376145,10,40.0,-2178679.8685156386,0.006348706952740452,1.0206548430984863,25.808405493166596,100.0,18.421052631578945,,,,
USDJPY CALL-upout  35Δ  3M  H@15Δ  [Golden cross  ∧  RV < p75],single,987,10000000.0,26619583.755070914,1974000.0,20636716.019872285,-5982867.735198627,-7506768.533483542,16.0081053698075,77.5245631552788,-0.4392428757986718,-0.7119512465508778,-2.5198653441026866,1.3117416151286294,-1.8424598896111197,-2.0236928616795073,10,30.0,-2290865.8902505813,-0.08821301415108729,0.643330187167601,41.040791252846226,100.0,20.466058763931105,,,,
USDJPY CALL-upout  30Δ  1M  H@15Δ  [Golden cross  ∧  RV < p75],single,1011,10000000.0,10536032.951377466,2022000.0,11641477.119326647,1105444.1679491817,-1312496.0309995918,17.903066271018794,110.4920340801009,0.17804638915378115,-0.07572755481766627,-1.6380020716521682,1.026062681748695,-13.54939670532354,-1.1017902365663614,10,40.0,-718495.4043330869,0.09174776324327089,1.2215223690641057,6.845543594025339,100.0,13.254203758654798,,,,
USDJPY CALL-upout  30Δ  6W  H@15Δ  [Golden cross  ∧  RV < p75],single,1004,10000000.0,11954298.856834624,2008000.0,13702162.538720876,1747863.6818862502,-1591797.9913757956,18.92430278884462,114.62121453394103,0.2345182599208649,0.05113968595833276,-1.5949727129585158,0.8847395071274704,17.300448576245312,-0.8335998211691377,10,60.0,-654302.8248206201,0.1198626552287639,1.3047066052983745,8.198480920518463,100.0,13.147410358565736,,,,
USDJPY CALL-upout  30Δ  2M  H@15Δ  [Golden cross  ∧  RV < p75],single,991,10000000.0,13887035.12294111,1982000.0,16963582.6670004,3076547.544059294,-3263423.789339317,17.457114026236127,122.15409925029206,0.2694032059396977,-0.3349277267267297,-4.563524733018332,1.6906104098230899,-5.047687231945633,-2.0255381365498195,10,40.0,-1990157.3994794155,0.1035592104899476,1.3646839935054842,19.03343985243161,100.0,16.044399596367306,,,,
USDJPY CALL-upout  30Δ  10W  H@15Δ  [Golden cross  ∧  RV < p75],single,988,10000000.0,14772745.055094518,1976000.0,14633424.323909268,-139320.73118525092,-3844787.59962039,14.676113360323887,99.05690695489795,-0.01512961261114433,-0.5327175303170737,-3.6866061539053363,1.4456013277160067,-2.713635736476673,-1.9783188580330804,10,40.0,-1672780.198687642,-0.004011911104167845,0.9848415520407735,21.711878261933332,100.0,18.421052631578945,,,,
USDJPY CALL-upout  30Δ  3M  H@15Δ  [Golden cross  ∧  RV < p75],single,987,10000000.0,16688729.551176837,1974000.0,11725709.440907935,-4963020.110268902,-5639664.399167049,11.955420466058763,70.26124669915976,-0.604333174855587,-0.9506829323573858,-2.714596464215784,1.2811904532382459,-1.3476527342941862,-2.2318733855956316,10,20.0,-1688819.832388203,-0.09740226556009633,0.5475563773805083,32.72420746732642,100.0,20.466058763931105,,,,
USDJPY CALL-upout  25Δ  1M  H@15Δ  [Golden cross  ∧  RV < p75],single,1011,10000000.0,6101086.748241944,2022000.0,5463644.780705828,-637441.9675361164,-1351086.6970359467,11.275964391691394,89.55199304911052,-0.19197958907219542,-0.5627849257532743,-2.1626672631901935,1.1577683861144328,-2.0572128590061065,-1.720553311867707,10,40.0,-497251.3690225668,-0.0513941995220284,0.8028568599007029,7.30993314968987,100.0,13.254203758654798,,,,
USDJPY CALL-upout  25Δ  6W  H@15Δ  [Golden cross  ∧  RV < p75],single,1004,10000000.0,6774060.289441271,2008000.0,6231767.400382865,-542292.8890584039,-1687450.6742465456,11.752988047808765,91.99456653930767,-0.13888240869427668,-0.5854965683440742,-2.6655947442588386,1.0459210257833478,-1.7863828454903934,-1.6314175941274218,10,40.0,-568506.5962090123,-0.035080607924805024,0.850956074536235,8.69420739593225,100.0,13.147410358565736,,,,
USDJPY CALL-upout  25Δ  2M  H@15Δ  [Golden cross  ∧  RV < p75],single,991,10000000.0,7687886.521805915,1982000.0,8581185.577126626,893299.055320709,-2463753.935939364,12.916246215943492,111.61956608993846,0.14242712532365998,-0.6372097319511476,-4.5110593914575405,1.7151482352591987,-2.6916541748466147,-2.352357967210346,10,30.0,-1104660.3056277786,0.03982888224706327,1.1833706712628915,13.605139303094642,100.0,16.044399596367306,,,,
USDJPY CALL-upout  25Δ  10W  H@15Δ  [Golden cross  ∧  RV < p75],single,988,10000000.0,8109838.399643143,1976000.0,7107288.039479608,-1002550.3601635345,-2840064.587506298,10.323886639676113,87.63785033980885,-0.2056968944259106,-0.7899089437993025,-4.169689480754986,1.5111508950141417,-1.9130697365519258,-2.301059838813444,10,30.0,-998325.9890763503,-0.039082819752233114,0.8159017057229726,17.112802931679344,100.0,18.421052631578945,,,,
USDJPY CALL-upout  25Δ  3M  H@15Δ  [Golden cross  ∧  RV < p75],single,987,10000000.0,9028472.308247674,1974000.0,5004838.721391125,-4023633.5868565487,-4103014.5310965045,7.497467071935157,55.43394885111531,-0.9686338178076567,-1.6125970982013456,-4.195472685111688,1.3044999512962236,-0.8089435065654239,-2.917097049497569,10,10.0,-1105135.896387801,-0.10854045914667973,0.3783262546537303,25.059088541009892,100.0,20.466058763931105,,,,
USDJPY CALL-upout  ATM  1M  H@15Δ  [Golden cross  ∧  RV < median (strict)],single,797,10000000.0,32062329.700192988,1594000.0,38691839.14859843,6629509.448405438,-3161129.0219991896,34.00250941028858,120.67694241309464,0.3918492690298679,0.08670312482479256,-1.077529682399302,0.9888189826062578,11.404652192229953,-0.9021158577814652,10,50.0,-1563294.774222635,0.2284524621754162,1.5664427933332206,11.623465970650185,100.0,14.052697616060225,,,,
USDJPY CALL-upout  ATM  6W  H@15Δ  [Golden cross  ∧  RV < median (strict)],single,790,10000000.0,36957534.4995782,1580000.0,47427206.18782726,10469671.688249065,-4056581.541289991,36.708860759493675,128.328923533491,0.4781256872785242,0.3719137412648483,-0.9999999999999997,0.7359943492001909,1.9789383062242718,-0.36408060793534264,10,70.0,-920383.8040561007,0.2817326244828904,1.7223416273781242,14.118951511859214,100.0,12.531645569620252,,,,
USDJPY CALL-upout  ATM  2M  H@15Δ  [Golden cross  ∧  RV < median (strict)],single,779,10000000.0,43734700.41729726,1558000.0,49974640.12506273,6239939.707765471,-7233694.118754357,29.52503209242619,114.26770881754469,0.219675722608441,-0.18621524071441597,-2.8696256562743563,1.4017197144853866,-7.527416709328838,-1.5879349551998025,10,40.0,-3855002.4652986745,0.09559238001245851,1.2778930906476167,34.781392584886525,100.0,15.661103979460847,,,,
USDJPY CALL-upout  ATM  10W  H@15Δ  [Golden cross  ∧  RV < median (strict)],single,779,10000000.0,46956275.83655804,1558000.0,48211129.33675957,1254853.500201528,-6791069.112815778,28.11296534017972,102.67238718966838,0.04767769867647362,-0.20993169721639954,-1.4822146614811387,1.1702096407248028,-5.5742398896462975,-1.3801413379412024,10,50.0,-3052775.6131815594,0.020489035072569908,1.0526904469060923,29.822619107927853,100.0,18.35686777920411,,,,
USDJPY CALL-upout  ATM  3M  H@15Δ  [Golden cross  ∧  RV < median (strict)],single,779,10000000.0,53626344.467255406,1558000.0,49158146.32556432,-4468198.141691091,-11258020.479497757,27.214377406931966,91.6679046724518,-0.15646442154148238,-0.25405241402971696,-2.0100500860773804,1.4551050888473822,-5.727578281059656,-1.709157502877099,10,40.0,-4457537.572215599,-0.043981841673636224,0.8456960525491233,49.42046006128186,100.0,20.025673940949936,,,,
USDJPY CALL-upout  45Δ  1M  H@15Δ  [Golden cross  ∧  RV < median (strict)],single,797,10000000.0,24733598.94467725,1594000.0,29874436.884907264,5140837.940230015,-2536527.5668955906,30.99121706398996,120.78483584911666,0.36785996037683316,-0.02190107985887272,-1.242281973421514,1.0457017082717774,-47.74658213248492,-1.0676027881306502,10,50.0,-1386231.2528159688,0.22077556150071942,1.538615713301001,9.850079140533659,100.0,14.052697616060225,,,,
USDJPY CALL-upout  45Δ  6W  H@15Δ  [Golden cross  ∧  RV < median (strict)],single,790,10000000.0,28517005.90095434,1580000.0,36836213.91527512,8319208.014320781,-3158734.6417526603,33.41772151898734,129.17279620173016,0.46587032500437814,0.324586131129034,-0.9999999999999999,0.7270592790395776,2.2399579319997094,-0.40247314791054356,10,70.0,-677410.5342704181,0.2874968748817075,1.712275221098801,11.802076651806939,100.0,12.531645569620252,,,,
USDJPY CALL-upout  45Δ  2M  H@15Δ  [Golden cross  ∧  RV < median (strict)],single,779,10000000.0,33809763.06482813,1558000.0,39305230.32876411,5495467.263935994,-6256900.552960627,26.82926829268293,116.25408392658292,0.2282127666618012,-0.280516368881911,-3.4594641958528234,1.464112559321268,-5.219348037182157,-1.744628928203179,10,50.0,-3694060.3747116197,0.09733037448803838,1.3004916983528272,31.57278620265127,100.0,15.661103979460847,,,,
USDJPY CALL-upout  45Δ  10W  H@15Δ  [Golden cross  ∧  RV < median (strict)],single,779,10000000.0,36346961.58891321,1558000.0,38196847.253426105,1849885.6645128983,-5120392.013304656,25.54557124518614,105.08951940862413,0.08440041681589226,-0.23228231212640896,-1.4821920799568922,1.110583392903041,-4.781179344808042,-1.3428657050294501,10,40.0,-2257124.3901672154,0.040059756501358575,1.0965215722574018,23.232694176655784,100.0,18.35686777920411,,,,
USDJPY CALL-upout  45Δ  3M  H@15Δ  [Golden cross  ∧  RV < median (strict)],single,779,10000000.0,41654469.600552864,1558000.0,37453310.7199347,-4201158.880618159,-8825802.162468297,22.978177150192554,89.91426629385676,-0.18059881909757056,-0.3348795433239323,-2.0100188771087106,1.332144943979263,-3.977982443348789,-1.6670244873031952,10,40.0,-3466432.4677738547,-0.05274945046011089,0.82142936859048,41.502847114271894,100.0,20.025673940949936,,,,
USDJPY CALL-upout  40Δ  1M  H@15Δ  [Golden cross  ∧  RV < median (strict)],single,797,10000000.0,18246561.577394508,1594000.0,21892801.954803493,3646240.377408985,-1946955.9698515362,27.352572145545796,119.98316429066985,0.3313478595100041,-0.15460950818404692,-1.6403675082375802,1.1152944769115507,-7.213621529562761,-1.2699039850955975,10,50.0,-1119485.4643011752,0.20400736059180122,1.4903862255191722,8.072758688799269,100.0,14.052697616060225,,,,
USDJPY CALL-upout  40Δ  6W  H@15Δ  [Golden cross  ∧  RV < median (strict)],single,790,10000000.0,20967439.601715013,1580000.0,26871839.831764072,5904400.230049057,-2339339.7978979563,29.746835443037973,128.15985328779064,0.42607288486136463,0.24220942864145725,-1.0,0.7300271114689485,3.0140325897453315,-0.4878176828274913,10,60.0,-512719.18208951893,0.2755159635400568,1.6500186733229685,10.059594876738084,100.0,12.531645569620252,,,,
USDJPY CALL-upout  40Δ  2M  H@15Δ  [Golden cross  ∧  RV < median (strict)],single,779,10000000.0,24773839.158500586,1558000.0,29446910.833582968,4673071.675082376,-4921186.380101287,24.133504492939668,118.86292893557808,0.2412262231399041,-0.3488058621571133,-3.7534506122757536,1.4895158945072537,-4.270329303801461,-1.838321756664367,10,50.0,-3041530.108612213,0.1052290501939646,1.3288135021959102,26.0576010719336,100.0,15.661103979460847,,,,
USDJPY CALL-upout  40Δ  10W  H@15Δ  [Golden cross  ∧  RV < median (strict)],single,779,10000000.0,26601587.08725878,1558000.0,28420506.22486507,1818919.1376062953,-3821756.291889488,22.721437740693197,106.83763390372107,0.10531451973581919,-0.2793785042504295,-1.4821719315232922,1.0563009435890194,-3.780895550368369,-1.335679447839449,10,40.0,-1722516.4770676144,0.05277363790231208,1.1236936777390856,17.626114995599515,100.0,18.35686777920411,,,,
USDJPY CALL-upout  40Δ  3M  H@15Δ  [Golden cross  ∧  RV < median (strict)],single,779,10000000.0,30425331.997103073,1558000.0,26663787.44989965,-3761544.5472034235,-6482518.043310442,20.282413350449293,87.63680032296253,-0.21205926298566521,-0.45986824477850813,-2.0099662835765044,1.181899439472509,-2.5700827419422305,-1.6417676842510172,10,40.0,-2525663.1938482365,-0.06430215038288581,0.7924629064622586,32.25222204899165,100.0,20.025673940949936,,,,
USDJPY CALL-upout  35Δ  1M  H@15Δ  [Golden cross  ∧  RV < median (strict)],single,797,10000000.0,12756835.648372898,1594000.0,14794835.701702923,2038000.053330026,-1575851.5013711192,23.212045169385195,115.9757490768486,0.2543578108053871,-0.3316805102712897,-2.0781463837104766,1.1928165250632188,-3.5962816268208964,-1.5244970353345084,10,40.0,-825211.5535617131,0.1408787768779955,1.360426161828818,6.65655499852871,100.0,14.052697616060225,,,,
USDJPY CALL-upout  35Δ  6W  H@15Δ  [Golden cross  ∧  RV < median (strict)],single,790,10000000.0,14577661.464050278,1580000.0,17887296.77611182,3309635.312061543,-1653117.6919595012,25.31645569620253,122.70347215994404,0.3323935055631718,0.09562998311184318,-0.9999999999999999,0.7718992610156155,8.071728509173193,-0.6762692779037722,10,40.0,-467581.8225230873,0.21854488973547312,1.4850592092876602,8.888141909647027,100.0,12.531645569620252,,,,
USDJPY CALL-upout  35Δ  2M  H@15Δ  [Golden cross  ∧  RV < median (strict)],single,779,10000000.0,17124729.427682,1558000.0,20583010.63218623,3458281.2045042273,-3891477.4293808094,20.282413350449293,120.1946618725195,0.23565923581374623,-0.4133826327584854,-3.8647588055634134,1.4869553725359153,-3.5970436460127093,-1.9003380052944006,10,40.0,-2315198.5096662515,0.09848017462733431,1.3314044209397253,21.29074637160148,100.0,15.661103979460847,,,,
USDJPY CALL-upout  35Δ  10W  H@15Δ  [Golden cross  ∧  RV < median (strict)],single,779,10000000.0,18351363.38885953,1558000.0,19675047.66116491,1323684.27230538,-2911531.203996107,19.25545571245186,107.21300234896411,0.10505005422360897,-0.3432111773093166,-1.8587531852446988,1.0866391458971982,-3.1660948644393145,-1.429850323206515,10,40.0,-1435824.6516568782,0.05041149644791773,1.1275907295081689,14.453564104996712,100.0,18.35686777920411,,,,
USDJPY CALL-upout  35Δ  3M  H@15Δ  [Golden cross  ∧  RV < median (strict)],single,779,10000000.0,20917860.789997824,1558000.0,17708657.808174968,-3209202.981822851,-4575335.573955998,16.816431322207958,84.65807276355247,-0.25707599669493064,-0.6064850828969578,-2.0098697949197177,1.0894030505540144,-1.7962569587867419,-1.6958881334509721,10,30.0,-1729017.6739651107,-0.07772795758174109,0.7555018472431105,23.27847307106806,100.0,20.025673940949936,,,,
USDJPY CALL-upout  30Δ  1M  H@15Δ  [Golden cross  ∧  RV < median (strict)],single,797,10000000.0,8254888.349720102,1594000.0,8715285.799489802,460397.4497697009,-1317578.4830002687,17.565872020075282,105.57727046405554,0.09080914935096006,-0.5730950511520182,-2.782013395351646,1.291878749804942,-2.254213759494253,-1.8649738009569603,10,30.0,-572349.3384551816,0.03806388272405508,1.1121047606250059,5.281462414436528,100.0,14.052697616060225,,,,
USDJPY CALL-upout  30Δ  6W  H@15Δ  [Golden cross  ∧  RV < median (strict)],single,790,10000000.0,9336767.652047709,1580000.0,10198563.895180149,861796.2431324404,-1467841.8786987513,18.860759493670887,109.23013483090622,0.1370224661589218,-0.1660703501797622,-1.1646460465899013,0.8260666845640791,-4.9741972824764105,-0.9921370347438413,10,30.0,-495528.1990215233,0.06408990239618077,1.1805998428453708,7.507951910187943,100.0,12.531645569620252,,,,
USDJPY CALL-upout  30Δ  2M  H@15Δ  [Golden cross  ∧  RV < median (strict)],single,779,10000000.0,10849616.996868694,1558000.0,12933446.061562207,2083829.0646935115,-3036307.4590207655,16.944801026957638,119.20647581656499,0.20691479445401514,-0.5047420357023891,-3.7748126408862266,1.4228845860495143,-2.8190332593746747,-1.9276266217519034,10,30.0,-1560847.3888685235,0.07605352820959957,1.3004572037164552,16.540809379752712,100.0,15.661103979460847,,,,
USDJPY CALL-upout  30Δ  10W  H@15Δ  [Golden cross  ∧  RV < median (strict)],single,779,10000000.0,11582540.544901049,1558000.0,11963934.541771334,381393.99687028537,-2429300.20869206,15.789473684210526,103.29283541371402,0.04676335105565885,-0.48070501377442226,-2.836564897664525,1.2435559239384368,-2.5869418631069103,-1.724260937712859,10,40.0,-1209694.8106794227,0.01740841756417005,1.0545300784258747,13.184289001398392,100.0,18.35686777920411,,,,
USDJPY CALL-upout  30Δ  3M  H@15Δ  [Golden cross  ∧  RV < median (strict)],single,779,10000000.0,13116294.394063875,1558000.0,10151132.116261391,-2965162.2778024813,-3418604.4258283856,12.836970474967908,77.39329273407857,-0.38776033708842905,-0.8490662504581911,-2.009673498408429,1.036742358307734,-1.221038237885754,-1.8858086087659252,10,10.0,-1166830.0860932416,-0.09611753788187855,0.6594364928395403,18.65020540269948,100.0,20.025673940949936,,,,
USDJPY CALL-upout  25Δ  1M  H@15Δ  [Golden cross  ∧  RV < median (strict)],single,797,10000000.0,4785152.504521552,1594000.0,4007239.965165724,-777912.5393558271,-1183072.4176047647,10.664993726474279,83.74320277941469,-0.29932371720064255,-0.9113378810741803,-2.8993016545076036,1.2387732559823859,-1.3592908642426476,-2.150111137056566,10,30.0,-379610.1409222933,-0.07162689317161554,0.7058544906616491,5.3871197358356335,100.0,14.052697616060225,,,,
USDJPY CALL-upout  25Δ  6W  H@15Δ  [Golden cross  ∧  RV < median (strict)],single,790,10000000.0,5296746.756047324,1580000.0,4493381.775028663,-803364.9810186615,-1230509.8372310535,11.518987341772153,84.83286028161616,-0.2569933522757285,-0.8029759942435355,-2.6762143554209556,1.1479135853844278,-1.4295739768233666,-1.9508895796279633,10,30.0,-469146.5426730005,-0.0712675935915258,0.7339246839711804,6.625425724380469,100.0,12.531645569620252,,,,
USDJPY CALL-upout  25Δ  2M  H@15Δ  [Golden cross  ∧  RV < median (strict)],single,779,10000000.0,6011126.188322991,1558000.0,6515266.502314983,504140.31399199204,-2172902.7847781335,12.45186136071887,108.38678640570411,0.08997540459023332,-0.7763601170476604,-3.7102711693507637,1.3667311926313912,-1.7604345749093757,-2.1430913096790514,10,20.0,-873790.2068992414,0.025710714900782007,1.1254939223186817,11.418660661485823,100.0,15.661103979460847,,,,
USDJPY CALL-upout  25Δ  10W  H@15Δ  [Golden cross  ∧  RV < median (strict)],single,779,10000000.0,6362819.128269979,1558000.0,5662495.382377071,-700323.7458929076,-1970394.9766616796,10.783055198973042,88.99349907996957,-0.1652528959554561,-0.696836151335128,-3.248217757997864,1.2251303661480049,-1.7581326166856768,-1.9219665174831329,10,30.0,-751222.2302496989,-0.03941052228544492,0.833832610946717,11.387317542502581,100.0,18.35686777920411,,,,
USDJPY CALL-upout  25Δ  3M  H@15Δ  [Golden cross  ∧  RV < median (strict)],single,779,10000000.0,7098946.263527661,1558000.0,4332737.416168906,-2766208.847358755,-2753484.8741098293,8.21566110397946,61.03352885525083,-0.7073916949158398,-1.5759960714215486,-3.614054427248783,1.378985222986683,-0.8749928048633003,-2.9549812944082317,10,10.0,-829708.6176430054,-0.11132822697846077,0.4594642279941626,16.052945247550195,100.0,20.025673940949936,,,,
USDJPY CALL-upout  ATM  1M  H@20Δ,single,2584,10000000.0,82668355.75511752,5168000.0,97693602.22052681,15025246.465409296,-5804644.800251229,30.224458204334365,118.17533000162416,0.6393594760382747,0.898387498182186,-1.4391871375739107,1.642138671245334,1.8278734672600276,-0.7437511730631481,11,72.72727272727273,-1739701.321920313,0.26167860643188756,1.5857791607770393,20.744701915339782,100.0,23.877708978328176,,,,
USDJPY CALL-upout  ATM  6W  H@20Δ,single,2577,10000000.0,95436128.87242554,5154000.0,114906442.92391264,19470314.051487096,-5398401.8631144315,31.431897555296857,120.4014080218133,0.6501418807760104,0.708739876941265,-1.5716111328130833,1.2073452768926944,1.7035097306832507,-0.4986053999514295,11,72.72727272727273,-2758344.5494691567,0.36511648483789544,1.5849289893808902,20.881576087953285,100.0,23.748544819557626,,,,
USDJPY CALL-upout  ATM  2M  H@20Δ,single,2564,10000000.0,113040849.18809293,5128000.0,146658673.08899894,33617823.90090603,-7377903.277021786,31.59126365054602,129.73953587783834,0.7432066407158008,0.8192660040563857,-1.3775155096151324,1.407017394770011,1.7174121564956009,-0.5877513907136254,11,63.63636363636363,-3391851.7285286314,0.4643643427922577,1.7468792820373669,30.99032881295222,100.0,25.702028081123245,,,,
USDJPY CALL-upout  ATM  10W  H@20Δ,single,2557,10000000.0,120474586.56165433,5114000.0,155687541.82568198,35212955.26402765,-8238232.84057834,31.599530700039107,129.22853380866925,0.7233686225503675,0.7130155587701544,-1.2260544199510417,1.5153920070264557,2.125328105939625,-0.8023764482563013,11,54.54545454545454,-3224752.5399179226,0.43608948039525336,1.6751943004950742,32.89637036991195,100.0,27.023856081345325,,,,
USDJPY CALL-upout  ATM  3M  H@20Δ,single,2543,10000000.0,135698686.4078944,5086000.0,162086656.94372568,26387970.535831265,-12880702.201112181,29.09948879276445,119.44600293072263,0.465510315313666,0.3247524585463516,-3.296598991461859,1.746070441019646,5.37661962232822,-1.4213179824732944,11,63.63636363636363,-4635012.578085823,0.21042383104123305,1.404883341670909,54.51847691788332,100.0,29.532048761305546,,,,
USDJPY CALL-upout  45Δ  1M  H@20Δ,single,2584,10000000.0,60584761.73845397,5168000.0,71396134.77930866,10811373.040854689,-4473760.195794036,26.509287925696594,117.84503682217597,0.5912450064991824,0.8266289696411729,-1.751723052042383,1.717477545590251,2.077688550324799,-0.890848575949078,11,72.72727272727273,-1613880.6114655233,0.24430390821325937,1.5452202117538134,17.57945861544065,100.0,23.877708978328176,,,,
USDJPY CALL-upout  45Δ  6W  H@20Δ,single,2577,10000000.0,69876353.9565862,5154000.0,83851564.65897012,13975210.70238393,-4749659.312975628,27.16336825766395,119.99991400677065,0.605666463315391,0.6117340924790526,-1.9742913682291816,1.2749065190014626,2.0840860999505577,-0.6631724265224099,11,72.72727272727273,-2397153.9203719315,0.29786508603379974,1.5441177440052345,18.086868930980508,100.0,23.748544819557626,,,,
USDJPY CALL-upout  45Δ  2M  H@20Δ,single,2564,10000000.0,82818423.82168189,5128000.0,109115908.59907384,26297484.77739196,-6070816.357146434,27.886115444617786,131.75318191760522,0.7368459902104286,0.7318996772076648,-1.6115062292589821,1.325034995414185,1.81040521901778,-0.5931353182065201,11,63.63636363636363,-3023697.4968674304,0.4414579481328843,1.7539010949408607,26.11471655026451,100.0,25.702028081123245,,,,
USDJPY CALL-upout  45Δ  10W  H@20Δ,single,2557,10000000.0,88339622.0862526,5114000.0,115824459.2635715,27484837.177318916,-7246483.745790111,28.079780993351584,131.11269499260865,0.7265073737173701,0.6367355363464593,-1.521913564451056,1.457444332926568,2.2889319815402076,-0.8207087965801088,11,54.54545454545454,-2889016.5545796715,0.3869662101028605,1.6881799999695362,27.715745877978957,100.0,27.023856081345325,,,,
USDJPY CALL-upout  45Δ  3M  H@20Δ,single,2543,10000000.0,99769299.34781452,5086000.0,121331256.65422076,21561957.30640624,-9184623.864526924,25.874950845458123,121.611815906652,0.4796267442492262,0.2659734856332719,-3.5104693305674353,1.7164262757869186,6.453373619931244,-1.4504527901536468,11,54.54545454545454,-3484951.101858734,0.24113223893664737,1.4289781637804333,41.89502274969679,100.0,29.532048761305546,,,,
USDJPY CALL-upout  40Δ  1M  H@20Δ,single,2584,10000000.0,41771916.462870166,5168000.0,48138850.57008244,6366934.107212272,-3616562.7335411184,22.910216718266255,115.24214028549935,0.48108230808072733,0.67226073209961,-2.3594867639261947,1.9082702308313328,2.838586488417088,-1.2360094987317227,11,54.54545454545454,-1458229.8336073093,0.17797402215648075,1.4417697886160816,14.304060150237994,100.0,23.877708978328176,,,,
USDJPY CALL-upout  40Δ  6W  H@20Δ,single,2577,10000000.0,47910123.10146627,5154000.0,56208414.265717104,8298291.164250837,-3989602.8113947394,22.894838960031045,117.32053818078558,0.501222481981628,0.42992831190202807,-2.5400792617018233,1.3484669083862912,3.136492459453518,-0.9185385964842632,11,72.72727272727273,-1973143.8469195273,0.21056331216505828,1.4468280012842567,15.037812008071757,100.0,23.748544819557626,,,,
USDJPY CALL-upout  40Δ  2M  H@20Δ,single,2564,10000000.0,56459759.50360045,5128000.0,74846650.34104237,18386890.83744192,-4429002.394817516,23.946957878315132,132.566364077887,0.710041828368296,0.6480832306110297,-1.804783896220985,1.25571737869663,1.9375865928712692,-0.6076341480856003,11,63.63636363636363,-2408592.4349932247,0.4230820560114255,1.7330677063365856,19.53437571350962,100.0,25.702028081123245,,,,
USDJPY CALL-upout  40Δ  10W  H@20Δ,single,2557,10000000.0,60106787.57815772,5114000.0,78624365.44214514,18517577.86398742,-6179724.1231571175,23.621431364880717,130.80779827055096,0.6870067210133507,0.463072844041386,-2.1082256193409674,1.4309312947780837,3.0900781878934747,-0.9678584507366976,11,45.45454545454545,-2531509.783302599,0.3057189010667384,1.6504409579448223,22.995752782122416,100.0,27.023856081345325,,,,
USDJPY CALL-upout  40Δ  3M  H@20Δ,single,2543,10000000.0,67657928.4632794,5086000.0,83016634.22972319,15358705.766443789,-7322378.347706597,22.099882029099486,122.7005261841257,0.4723725204180528,0.08755157221121955,-4.590574180650751,1.9089740369461894,21.803994933874623,-1.82142246473497,11,54.54545454545454,-2628970.77676476,0.2154422756095398,1.4350086600964904,32.493687051149436,100.0,29.532048761305546,,,,
USDJPY CALL-upout  35Δ  1M  H@20Δ,single,2584,10000000.0,26635198.60968387,5168000.0,28438816.49534415,1803617.885660279,-2855372.986837959,18.111455108359134,106.77155786255159,0.2111198852767028,0.20147314453948884,-4.033790907442305,2.2312883688433933,11.074867441730229,-2.0298152243039045,11,45.45454545454545,-1306388.0515154435,0.06385632926591618,1.1807664816089625,11.286247557395429,100.0,23.877708978328176,,,,
USDJPY CALL-upout  35Δ  6W  H@20Δ,single,2577,10000000.0,30232938.34829717,5154000.0,33398787.50245348,3165849.1541563086,-3483025.653293488,18.005432673651534,110.47152320321727,0.2952265801103024,0.13568012102144447,-3.0668055425845777,1.4066516859564957,10.367411787126665,-1.2709715649350513,11,72.72727272727273,-1537436.5868563838,0.09201470548929029,1.2444000339838126,13.270035267490867,100.0,23.748544819557626,,,,
USDJPY CALL-upout  35Δ  2M  H@20Δ,single,2564,10000000.0,35242792.839172,5128000.0,45346479.64547609,10103686.806304086,-2925669.795570901,19.53978159126365,128.6688028738572,0.6079033508169829,0.4996714743645759,-2.092286883801047,1.2430381274826998,2.4877108085136364,-0.743366653118124,11,63.63636363636363,-1682197.1117090306,0.3519466137725068,1.6027378721366936,13.392691970409219,100.0,25.702028081123245,,,,
USDJPY CALL-upout  35Δ  10W  H@20Δ,single,2557,10000000.0,37379123.263413906,5114000.0,47094388.721517645,9715265.458103737,-4641542.165810095,19.163081736409858,125.9911539113409,0.5737006503221643,0.18721440757287475,-2.854345815981665,1.545494429736933,8.255210962518131,-1.3582800221640583,11,45.45454545454545,-1862587.6187913374,0.21354999692665474,1.5350974217894582,17.420193532709174,100.0,27.023856081345325,,,,
USDJPY CALL-upout  35Δ  3M  H@20Δ,single,2543,10000000.0,41803499.03161077,5086000.0,50060667.059538305,8257168.027927533,-5448511.035154729,18.01022414471097,119.75233705122068,0.401017908354836,-0.2792005867553866,-6.821181774293892,2.4583000151055736,-8.80478097726686,-2.73750060186096,11,54.54545454545454,-1853624.7922253062,0.15566169664751775,1.3657585646454857,24.633083247000172,100.0,29.532048761305546,,,,
USDJPY CALL-upout  30Δ  1M  H@20Δ,single,2584,10000000.0,15236244.797662044,5168000.0,13028407.76900454,-2207837.0286575053,-3557821.095511608,11.803405572755418,85.50930982024985,-0.48971721406611685,-1.3145275400725054,-10.611319587265081,3.461293847110418,-2.6331086581263285,-4.775821387182924,11,27.27272727272727,-1123203.4450630269,-0.06273431640542511,0.689276554334322,20.28008738971454,100.0,23.877708978328176,,,,
USDJPY CALL-upout  30Δ  6W  H@20Δ,single,2577,10000000.0,16918068.932806797,5154000.0,15812092.425255528,-1105976.507551273,-2916157.2170472704,12.417539774932091,93.46274972667473,-0.19513968904060908,-0.48059596194092224,-3.7305509697758272,1.5120914628099076,-3.1462841608223564,-1.9926874247508297,11,45.45454545454545,-1049390.449694181,-0.03839358477126539,0.8670939655592396,14.368046347101972,100.0,23.748544819557626,,,,
USDJPY CALL-upout  30Δ  2M  H@20Δ,single,2564,10000000.0,19257329.03170815,5128000.0,22024368.23659929,2767039.204891139,-1961193.8687814106,13.533541341653665,114.36875903369086,0.3190224164971583,0.10109552103531678,-3.267644500046381,1.4498202277835823,14.341092591798414,-1.3487247067482655,11,63.63636363636363,-1118353.9596705013,0.1437861347735842,1.280188018089812,10.116331459241199,100.0,25.702028081123245,,,,
USDJPY CALL-upout  30Δ  10W  H@20Δ,single,2557,10000000.0,20253569.95793816,5114000.0,22323821.482096482,2070251.5241583195,-3153761.2649070183,12.592882283926476,110.22166229685799,0.2392462373830741,-0.49289545208942476,-5.119953012695573,2.0638239628325263,-4.187143448136527,-2.556719414921951,11,54.54545454545454,-1269898.1760331092,0.0669732687898156,1.1991255852644942,13.570428226736086,100.0,27.023856081345325,,,,
USDJPY CALL-upout  30Δ  3M  H@20Δ,single,2543,10000000.0,22317749.569985624,5086000.0,23580233.466830954,1262483.8968453326,-3795707.7435672283,12.229650019661817,105.65686021740832,0.12280521061009032,-0.9353701601908152,-9.77927247957249,3.226240328417907,-3.449158916679312,-4.161610488608722,11,54.54545454545454,-1051030.4842082623,0.034163436806110066,1.100418208377437,18.96768471119662,100.0,29.532048761305546,,,,
USDJPY CALL-upout  25Δ  1M  H@20Δ,single,2584,10000000.0,7864573.466854226,5168000.0,3274476.689312728,-4590096.777541498,-4628649.678258249,5.147058823529411,41.635782323265595,-3.3215989774611487,-6.090149062991372,-19.455723580736596,4.765996235329057,-0.7825746440741608,-10.85614529832043,11,9.090909090909092,-719783.952862469,-0.1002512492394649,0.12410079105325228,28.20322981173372,100.0,23.877708978328176,,,,
USDJPY CALL-upout  25Δ  6W  H@20Δ,single,2577,10000000.0,8305342.858500128,5154000.0,4142197.5075912504,-4163145.350908877,-4169048.257436224,6.169965075669383,49.87388935246552,-2.3162172653416047,-3.8533673300992493,-8.906289934550534,2.9044834723745727,-0.7537520364817551,-6.757850802473822,11,0.0,-660888.1678614736,-0.1010900351466619,0.20405649574456708,26.19913568865068,100.0,23.748544819557626,,,,
USDJPY CALL-upout  25Δ  2M  H@20Δ,single,2564,10000000.0,8913878.797530595,5128000.0,6267926.9988863785,-2645951.7986442167,-3246339.021461003,7.059282371294852,70.31649342845876,-1.003195487355722,-1.8420622529458797,-9.219934544534278,2.834569246073167,-1.5388020907219835,-4.676631499019047,11,27.27272727272727,-735154.6469047833,-0.08306351016279506,0.49647931585332317,22.32356247063771,100.0,25.702028081123245,,,,
USDJPY CALL-upout  25Δ  10W  H@20Δ,single,2557,10000000.0,9170985.03361212,5114000.0,6236902.647519879,-2934082.3860922437,-3280292.7852911497,6.726632772780603,68.0069002910954,-1.0485840512150124,-2.9500553404754757,-11.752974097254855,3.9763683871570725,-1.3478962013357283,-6.926423727632548,11,18.181818181818183,-772411.2127684412,-0.09125714831657458,0.48670705546767523,20.72483034438313,100.0,27.023856081345325,,,,
USDJPY CALL-upout  25Δ  3M  H@20Δ,single,2543,10000000.0,9704578.721372278,5086000.0,6268144.186627802,-3436434.534744475,-4003950.0871099266,6.09516319307904,64.58955475134168,-1.1227474753506532,-3.4081667930570685,-20.078594184957343,5.846484640426712,-1.7154338374333238,-9.25465143348378,11,18.181818181818183,-656216.5448192095,-0.08815519130063035,0.45810159316858934,22.784496093110267,100.0,29.532048761305546,,,,
USDJPY CALL-upout  ATM  1M  H@20Δ  [Spot > 50DMA],single,1486,10000000.0,46072930.52972618,2972000.0,58123032.90183295,12050102.37210678,-2826977.5010773563,32.83983849259758,126.15440831212605,0.7004494403538339,0.5791750749457241,-1.8516483791543474,1.1400318458310794,1.968371732740596,-0.5608567708853553,11,63.63636363636363,-1379497.8232208872,0.4335540064458309,1.8593659189555916,10.55051954936716,100.0,23.620457604306864,,,,
USDJPY CALL-upout  ATM  6W  H@20Δ  [Spot > 50DMA],single,1479,10000000.0,53068957.4057626,2958000.0,68535766.234622,15466808.828859417,-3629801.1345475214,35.496957403651116,129.1447384402165,0.7356229378122928,0.4981925612186654,-2.8240845082549515,1.6377919569274266,3.287467707107275,-1.1395993957087613,11,54.54545454545454,-1954321.7518305902,0.4342502820606609,1.866568083779885,14.824486554524679,100.0,23.66463826910074,,,,
USDJPY CALL-upout  ATM  2M  H@20Δ  [Spot > 50DMA],single,1466,10000000.0,62765749.94059314,2932000.0,83026251.06687051,20260501.126277376,-6256357.62559438,33.356070941336974,132.27954918957175,0.6633472853528803,0.5086948810025501,-2.217029252405726,1.5045180235413969,2.9576040171197526,-0.9958231425388467,11,72.72727272727273,-3754497.1158294627,0.3332827548721225,1.808272493672053,20.45704789478443,100.0,26.330150068212827,,,,
USDJPY CALL-upout  ATM  10W  H@20Δ  [Spot > 50DMA],single,1466,10000000.0,67112357.1920302,2932000.0,85795664.5493544,18683307.35732422,-5491926.052669523,33.28785811732606,127.83884837164223,0.5911820165553288,0.5018725472914543,-1.4048046813182458,1.3700989545214646,2.7299738985838613,-0.8682264072300103,11,63.63636363636363,-3015446.501491423,0.3501170839885881,1.6375640901189923,20.697038046966966,100.0,27.89904502046385,,,,
USDJPY CALL-upout  ATM  3M  H@20Δ  [Spot > 50DMA],single,1463,10000000.0,76109911.48539029,2926000.0,82472243.33730224,6362331.851911959,-9663371.74965137,28.298017771701982,108.35939988332959,0.1709703493243968,-0.29131647624731705,-4.918886508658764,2.2250686065172305,-7.637977210146633,-2.5163850827645478,11,54.54545454545454,-5864909.500990752,0.06812447206797656,1.158813972158544,40.2707076347365,100.0,31.16883116883117,,,,
USDJPY CALL-upout  45Δ  1M  H@20Δ  [Spot > 50DMA],single,1486,10000000.0,33805285.14758095,2972000.0,42445999.38662833,8640714.239047384,-2071053.686312875,28.734858681022878,125.56024657483387,0.6502267451268189,0.4749713627192014,-1.9308917821926506,1.133099665902053,2.385616807327247,-0.6581283031828515,11,63.63636363636363,-1036956.5778837672,0.42435869500177875,1.794512985229638,8.29556380753767,100.0,23.620457604306864,,,,
USDJPY CALL-upout  45Δ  6W  H@20Δ  [Spot > 50DMA],single,1479,10000000.0,38904860.44522059,2958000.0,49659908.079133004,10755047.633912407,-3095815.3040112834,29.682217714672078,127.64448326207439,0.665148265809822,0.3620405561091595,-3.4105933840465195,1.7490993326670865,4.831224853548486,-1.387058776557927,11,54.54545454545454,-1588125.85060871,0.35404585888228024,1.7767149698123423,12.835388463614317,100.0,23.66463826910074,,,,
USDJPY CALL-upout  45Δ  2M  H@20Δ  [Spot > 50DMA],single,1466,10000000.0,46052960.03396406,2932000.0,61586989.797408536,15534029.76344448,-4917378.096438833,29.536152796725784,133.73079548412986,0.6425555366963397,0.41975665848681626,-2.392667438997006,1.4468582019513754,3.4468975600462533,-1.0271015434645592,11,72.72727272727273,-3120610.99222095,0.32511331456132747,1.7989442294655658,15.83991829361824,100.0,26.330150068212827,,,,
USDJPY CALL-upout  45Δ  10W  H@20Δ  [Spot > 50DMA],single,1466,10000000.0,49291083.434616,2932000.0,63164986.427737705,13873902.993121713,-4668426.0567743275,29.195088676671215,128.14688180170612,0.5710244376590597,0.43332948105294994,-1.471519692975894,1.2600871650537435,2.907919308863662,-0.8267576840007935,11,63.63636363636363,-2492407.635652436,0.3058527533242656,1.6150260633925904,16.04455490210153,100.0,27.89904502046385,,,,
USDJPY CALL-upout  45Δ  3M  H@20Δ  [Spot > 50DMA],single,1463,10000000.0,56074076.40446524,2926000.0,60745489.35625454,4671412.951789298,-7198999.434905363,25.01708817498291,108.33078893372073,0.16037783409124892,-0.3973271661683434,-4.917497021302707,2.1717179261879846,-5.4658178727901285,-2.569045092356328,11,45.45454545454545,-4489563.295039948,0.06714159287050887,1.151167960860389,31.40484065318343,100.0,31.16883116883117,,,,
USDJPY CALL-upout  40Δ  1M  H@20Δ  [Spot > 50DMA],single,1486,10000000.0,23336949.852703985,2972000.0,28565700.83195961,5228750.979255626,-1596357.207451248,24.96635262449529,122.40546006336723,0.5527437078634356,0.2822164436134616,-2.0448937540085255,1.1903733267821945,4.217944608545178,-0.908156883168733,11,54.54545454545454,-738840.0757864169,0.3331522118761563,1.6580541581333228,6.615954068493011,100.0,23.620457604306864,,,,
USDJPY CALL-upout  40Δ  6W  H@20Δ  [Spot > 50DMA],single,1479,10000000.0,26703320.598385885,2958000.0,32850423.375405997,6147102.777020109,-2640243.1864645756,24.746450304259636,123.01999391563187,0.5340189005598953,0.20334484647032938,-3.583057315939056,1.7274536388528128,8.495192619031387,-1.5241087923824834,11,54.54545454545454,-1122979.4734460814,0.2372732437331153,1.6105848772954265,10.858706631961418,100.0,23.66463826910074,,,,
USDJPY CALL-upout  40Δ  2M  H@20Δ  [Spot > 50DMA],single,1466,10000000.0,31420905.14507769,2932000.0,41985926.8060644,10565021.6609867,-3455135.731336616,25.2387448840382,133.62417986434673,0.5978286757778123,0.3286833226689101,-2.2871236787544036,1.3638630107640761,4.149474331978581,-1.035179688095166,11,72.72727272727273,-2206545.9525670153,0.3146947547160471,1.7566669842440352,11.319879046422153,100.0,26.330150068212827,,,,
USDJPY CALL-upout  40Δ  10W  H@20Δ  [Spot > 50DMA],single,1466,10000000.0,33562174.13216294,2932000.0,42281554.68715702,8719380.554994078,-3556200.19949197,23.94270122783083,125.97978462497224,0.5046305220491565,0.29095589487841955,-1.4358099046333552,1.1180775019189573,3.842773154282244,-0.8271216070405377,11,63.63636363636363,-1910753.3255736516,0.2523385807066837,1.5384175885829576,11.925741693517896,100.0,27.89904502046385,,,,
USDJPY CALL-upout  40Δ  3M  H@20Δ  [Spot > 50DMA],single,1463,10000000.0,38046050.77088997,2926000.0,40475565.43504687,2429514.6641568975,-4960170.820426481,20.642515379357484,106.38572102736028,0.11794589859829749,-0.5858985016451027,-4.915153558722899,2.1624445926243174,-3.690817755212794,-2.74834309426942,11,45.45454545454545,-3079531.3612495037,0.05068021058631653,1.1111252971455228,23.514592618417343,100.0,31.16883116883117,,,,
USDJPY CALL-upout  35Δ  1M  H@20Δ  [Spot > 50DMA],single,1486,10000000.0,14914853.223045435,2972000.0,16820807.133359883,1905953.910314449,-1270823.4760066078,19.515477792732167,112.77889820175697,0.3231323405932797,-0.15748947917986822,-3.459943886679026,1.4421976435764046,-9.157422140746782,-1.5996871227562728,11,54.54545454545454,-461721.0505280887,0.15254640766468455,1.346197194301319,6.014366459073867,100.0,23.620457604306864,,,,
USDJPY CALL-upout  35Δ  6W  H@20Δ  [Spot > 50DMA],single,1479,10000000.0,16885136.11270117,2958000.0,19209504.308249153,2324368.195547984,-2539132.33027319,18.796484110885732,113.76576522708379,0.31418263729840334,-0.0738102723029856,-3.5747094205218803,1.5997938651134926,-21.674406762062322,-1.6736041374164783,11,54.54545454545454,-697828.8413776035,0.09329144343031226,1.3371736965713843,11.096961810788136,100.0,23.66463826910074,,,,
USDJPY CALL-upout  35Δ  2M  H@20Δ  [Spot > 50DMA],single,1466,10000000.0,19644384.969296444,2932000.0,25097897.62736457,5453512.658068126,-2174314.245865457,19.918144611186904,127.76117789684835,0.4727505439589236,0.15454803389637004,-2.400859742650896,1.2768301664354265,8.261704366239861,-1.1222821325390564,11,72.72727272727273,-1355795.80425636,0.25812985619171164,1.5873754061277794,7.787563353564384,100.0,26.330150068212827,,,,
USDJPY CALL-upout  35Δ  10W  H@20Δ  [Spot > 50DMA],single,1466,10000000.0,20901807.61254071,2932000.0,25025889.08450561,4124081.471964898,-2306916.922121876,18.55388813096862,119.73074074938152,0.3724287731848974,0.013854548125569854,-1.9548791004228019,1.142355662638927,82.45347681391381,-1.1285011145133572,11,36.36363636363637,-1155589.1549602512,0.1839837670510754,1.3970372359308514,8.815079646252768,100.0,27.89904502046385,,,,
USDJPY CALL-upout  35Δ  3M  H@20Δ  [Spot > 50DMA],single,1463,10000000.0,23532828.017912164,2926000.0,23390585.15640938,-142242.86150278617,-3655421.09556337,16.19958988380041,99.39555559835598,-0.011298931813061505,-0.8337012080112115,-4.910120576979954,2.1784171340052896,-2.6129470763295264,-3.012118342016501,11,45.45454545454545,-2117024.58762387,-0.004026322757572839,0.9899226781249666,17.99466561994291,100.0,31.16883116883117,,,,
USDJPY CALL-upout  30Δ  1M  H@20Δ  [Spot > 50DMA],single,1486,10000000.0,8572961.621244032,2972000.0,7768547.429925624,-804414.1913184068,-1891453.2459825736,12.6514131897712,90.61684599957795,-0.2649132136096231,-0.886456115751907,-3.9611485805688615,1.3611567440767596,-1.5355038110625516,-2.2476128598286667,11,18.181818181818183,-383863.49915735546,-0.04325725259755925,0.7903466235349841,10.745196040526762,100.0,23.620457604306864,,,,
USDJPY CALL-upout  30Δ  6W  H@20Δ  [Spot > 50DMA],single,1479,10000000.0,9490544.169356598,2958000.0,8906468.091787498,-584076.077569101,-2516775.64938245,12.643678160919542,93.8457050813273,-0.14985858320336545,-0.6863379128768151,-3.5556409608632498,1.5133350971048605,-2.2049417185212032,-2.1996730099816757,11,45.45454545454545,-541153.695123209,-0.023650870991294783,0.8667729348739385,13.509244369173505,100.0,23.66463826910074,,,,
USDJPY CALL-upout  30Δ  2M  H@20Δ  [Spot > 50DMA],single,1466,10000000.0,10772584.767260961,2932000.0,12134683.677111026,1362098.9098500628,-1870770.7736976687,13.437926330150068,112.64412338614989,0.21374584472553357,-0.2613452652443179,-2.808172568810775,1.2791761662648624,-4.894583282651125,-1.5405214315091804,11,54.54545454545454,-771696.7008164778,0.07493285745936684,1.2415003178306547,10.30771872979583,100.0,26.330150068212827,,,,
USDJPY CALL-upout  30Δ  10W  H@20Δ  [Spot > 50DMA],single,1466,10000000.0,11363202.43637725,2932000.0,12079235.404615402,716032.9682381535,-2496117.495358712,12.278308321964529,106.30133074058334,0.11808353033569069,-0.5432173155290848,-2.9710986334562874,1.4209018968649303,-2.6157153983226675,-1.964119212394015,11,36.36363636363637,-857762.4363461257,0.029522438048772366,1.1191253205667944,11.06483774317741,100.0,27.89904502046385,,,,
USDJPY CALL-upout  30Δ  3M  H@20Δ  [Spot > 50DMA],single,1463,10000000.0,12596075.978294564,2926000.0,10401835.907235997,-2194240.0710585676,-3693904.181515895,10.252904989747096,82.57997113672812,-0.3725156502756294,-1.226255259887944,-4.897040942278798,2.065641263812639,-1.6845116440123558,-3.291896523700583,11,36.36363636363637,-1140208.8455666443,-0.061463039763320744,0.7206682213849842,21.066237703013886,100.0,31.16883116883117,,,,
USDJPY CALL-upout  25Δ  1M  H@20Δ  [Spot > 50DMA],single,1486,10000000.0,4472014.910999995,2972000.0,1948346.0723281587,-2523668.8386718356,-2517065.61283228,5.181695827725438,43.56752182412752,-2.56503022960458,-3.2081408877896433,-5.550139583423725,1.473263475735843,-0.45922655122259837,-4.681404363525486,11,9.090909090909092,-417853.1036726915,-0.10197944596275342,0.11343683404977938,15.708067293954691,100.0,23.620457604306864,,,,
USDJPY CALL-upout  25Δ  6W  H@20Δ  [Spot > 50DMA],single,1479,10000000.0,4707809.672597572,2958000.0,2310122.1100649177,-2397687.5625326554,-2433201.8306684652,5.679513184584178,49.06999795491496,-1.6919345372332584,-2.6177286501662644,-5.409337556494724,1.5969377106599192,-0.6100470767122826,-4.214666360826183,11,0.0,-429433.51353803684,-0.10042380662677625,0.22098235935562924,16.249844111377566,100.0,23.66463826910074,,,,
USDJPY CALL-upout  25Δ  2M  H@20Δ  [Spot > 50DMA],single,1466,10000000.0,5032682.285390515,2932000.0,3377949.324487669,-1654732.960902847,-2051523.1063701345,6.753069577080491,67.12025780553628,-0.8488744412317737,-1.7219522213012424,-4.5688949644789485,1.6881635985992085,-0.9803777234443238,-3.410115819900451,11,18.181818181818183,-425090.07727628114,-0.08301101616363395,0.4823344068123747,14.25328122387901,100.0,26.330150068212827,,,,
USDJPY CALL-upout  25Δ  10W  H@20Δ  [Spot > 50DMA],single,1466,10000000.0,5191142.691720957,2932000.0,3333911.351097787,-1857231.3406231697,-2171999.6971314214,6.480218281036835,64.22307282007183,-0.9467235011638766,-1.8062355476633067,-4.193323337302617,1.777442636469024,-0.984059160372781,-3.5836781841323306,11,18.181818181818183,-586725.4946654376,-0.08800157979730773,0.4563152550720614,14.335116373320664,100.0,27.89904502046385,,,,
USDJPY CALL-upout  25Δ  3M  H@20Δ  [Spot > 50DMA],single,1463,10000000.0,5517612.825885103,2926000.0,2481612.9799640835,-3035999.845921019,-3260334.5696590547,4.169514695830485,44.97620725256303,-1.8424723901925795,-2.5465340733687025,-4.850145196194283,1.753384928985876,-0.6885377844822619,-4.299919002354579,11,9.090909090909092,-575916.9450758719,-0.09635074910157161,0.23379407969454974,20.21210226921239,100.0,31.16883116883117,,,,
USDJPY CALL-upout  ATM  1M  H@20Δ  [Spot > 200DMA],single,1461,10000000.0,45560863.63973375,2922000.0,52982929.15845701,7422065.518723261,-2897255.9661812345,29.97946611909651,116.29044079895459,0.4499157980331236,0.7219047816086517,-1.6774431186253524,1.7841432766530407,2.471438508382445,-1.062238495044389,11,63.63636363636363,-919540.0259905041,0.2737512331251126,1.5145844064680922,10.871795537318402,100.0,23.682409308692677,,,,
USDJPY CALL-upout  ATM  6W  H@20Δ  [Spot > 200DMA],single,1454,10000000.0,52458174.18372236,2908000.0,62196982.89002044,9738808.70629808,-3750859.828789643,31.77441540577717,118.56490214888191,0.4630521699057803,0.4540032164807446,-1.2841307770894412,1.1601512145930655,2.5553810468262848,-0.7061479981123209,11,54.54545454545454,-916372.3169277193,0.2779432956444048,1.534045352304823,14.037414880571006,100.0,23.4525447042641,,,,
USDJPY CALL-upout  ATM  2M  H@20Δ  [Spot > 200DMA],single,1441,10000000.0,61921426.679969,2882000.0,69493997.8780863,7572571.198117308,-8103311.830081098,28.174878556557946,112.22932287599723,0.27311310401846745,0.25242801882397886,-2.2576372128787927,1.7700802134374798,7.012217667769196,-1.5176521946135009,10,50.0,-5330591.39816129,0.10074595930659978,1.2638094558450212,36.144823829029484,100.0,26.023594725884802,,,,
USDJPY CALL-upout  ATM  10W  H@20Δ  [Spot > 200DMA],single,1434,10000000.0,65880059.92907046,2868000.0,70866288.95971584,4986229.030645373,-7607064.004253438,27.963737796373778,107.56864677417381,0.16736240704384084,0.25732723195122403,-1.9845009086855014,1.6227834827941894,6.3063029532054555,-1.3654562508429653,10,50.0,-3032372.1713077454,0.07074813939241689,1.154403299883593,36.168526899295394,100.0,26.98744769874477,,,,
USDJPY CALL-upout  ATM  3M  H@20Δ  [Spot > 200DMA],single,1420,10000000.0,74004927.27845177,2840000.0,69458592.27076262,-4546335.007689146,-14488658.26665351,25.070422535211268,93.85671309346327,-0.13301426717118592,-0.1932529415234101,-2.5526322019226355,1.7997668828497277,-9.313011582965785,-1.9930198243731378,10,30.0,-5017725.181002148,-0.03411019582395545,0.8912353665305196,68.52691933224155,100.0,28.380281690140848,,,,
USDJPY CALL-upout  45Δ  1M  H@20Δ  [Spot > 200DMA],single,1461,10000000.0,33417825.32078412,2922000.0,38778801.12670678,5360975.805922653,-2017138.7100856616,26.21492128678987,116.04226413437024,0.422537240914505,0.6647223175194227,-1.738852002584044,1.8373399897868072,2.7640714646730986,-1.1726176722673847,11,63.63636363636363,-702536.4519976765,0.28400517240615114,1.4836700591240113,8.4358635962714,100.0,23.682409308692677,,,,
USDJPY CALL-upout  45Δ  6W  H@20Δ  [Spot > 200DMA],single,1454,10000000.0,38441624.83071454,2908000.0,45201850.63290818,6760225.802193645,-2699599.4086138997,26.6162310866575,117.58569215521892,0.41282706276230435,0.3446143993345398,-1.6528156924685466,1.2031968204343264,3.491429327264716,-0.8585824210997866,11,54.54545454545454,-809753.1778803515,0.2680668308768372,1.472498247238001,11.522943431250035,100.0,23.4525447042641,,,,
USDJPY CALL-upout  45Δ  2M  H@20Δ  [Spot > 200DMA],single,1441,10000000.0,45411893.235605024,2882000.0,51550965.82299789,6139072.587392863,-6802186.18066922,24.219292158223457,113.51864489670635,0.279508977793637,0.14442122099004262,-2.713164270018672,1.6955102153142718,11.740035181056749,-1.5510889943242292,10,60.0,-4718192.2193512255,0.0972973645028018,1.2768289691207868,32.63469865460755,100.0,26.023594725884802,,,,
USDJPY CALL-upout  45Δ  10W  H@20Δ  [Spot > 200DMA],single,1434,10000000.0,48358774.40814288,2868000.0,52117281.501357615,3758507.093214738,-5761089.5515094325,24.546722454672246,107.77213057860678,0.16295254529773576,0.18325932351916457,-2.153712323644489,1.5023486199301157,8.197938260821998,-1.319089296410951,10,50.0,-2649051.3012262243,0.07041588118225955,1.1517480341356026,26.703047330802203,100.0,26.98744769874477,,,,
USDJPY CALL-upout  45Δ  3M  H@20Δ  [Spot > 200DMA],single,1420,10000000.0,54482328.3869,2840000.0,50056779.358771265,-4425549.028128736,-11370432.166682292,21.47887323943662,91.87709270297478,-0.16613424763425894,-0.2704126057421278,-2.5583535241687145,1.6836054013054809,-6.226061084263982,-1.9540180070476088,10,30.0,-3722915.967140732,-0.04230981554646839,0.8649483854596305,56.05767799801175,100.0,28.380281690140848,,,,
USDJPY CALL-upout  40Δ  1M  H@20Δ  [Spot > 200DMA],single,1461,10000000.0,23064176.08964461,2922000.0,26223120.312778186,3158944.223133573,-1744236.3861784446,23.203285420944557,113.69632373103447,0.34922683363116097,0.5586088293287584,-1.8238596368410958,1.966173139556685,3.519767386991178,-1.4075643102279267,11,54.54545454545454,-515190.82573870494,0.19353289001656082,1.393564339191284,7.976534006179143,100.0,23.682409308692677,,,,
USDJPY CALL-upout  40Δ  6W  H@20Δ  [Spot > 200DMA],single,1454,10000000.0,26380541.305469684,2908000.0,30179121.528386075,3798580.222916384,-2778714.8119477252,22.00825309491059,114.39917467549763,0.3190459106135696,0.15843829900544767,-2.168995781916883,1.2629603388038544,7.971307106499731,-1.1045220397984068,11,54.54545454545454,-705400.2404758792,0.146338476310684,1.352966503510619,13.374467959778844,100.0,23.4525447042641,,,,
USDJPY CALL-upout  40Δ  2M  H@20Δ  [Spot > 200DMA],single,1441,10000000.0,30980635.054191135,2882000.0,35699708.57767436,4719073.523483227,-5055169.192404805,20.471894517696043,115.23233308558282,0.2914863072196195,0.06972102567021876,-2.8247018500472003,1.616899696076283,23.190991247378328,-1.5471786704060642,10,60.0,-3520482.63566771,0.1006393610992459,1.2967676208773156,25.980114672175173,100.0,26.023594725884802,,,,
USDJPY CALL-upout  40Δ  10W  H@20Δ  [Spot > 200DMA],single,1434,10000000.0,32924807.246227153,2868000.0,35136204.76116378,2211397.51493663,-4786637.4876413345,19.525801952580196,106.71650861430642,0.1335572654699088,0.04055887043177227,-2.3806981659819018,1.3390664163195922,33.01537745170089,-1.29850754588782,10,50.0,-1969841.0978899067,0.049865037467109866,1.124658326303909,23.27098799963646,100.0,26.98744769874477,,,,
USDJPY CALL-upout  40Δ  3M  H@20Δ  [Spot > 200DMA],single,1420,10000000.0,36965534.78553134,2840000.0,33080715.862052992,-3884818.9234783575,-8444052.813968651,17.04225352112676,89.49070006421518,-0.20548841689238984,-0.3869549747004605,-2.561519024428537,1.5771370282674055,-4.075763671182307,-1.964092002967866,10,20.0,-2539533.844774722,-0.05001160435821176,0.8326956539171543,43.41721175739894,100.0,28.380281690140848,,,,
USDJPY CALL-upout  35Δ  1M  H@20Δ  [Spot > 200DMA],single,1461,10000000.0,14734270.213610677,2922000.0,15358684.901324295,624414.6877136154,-2247288.8660852714,18.069815195071868,104.23783925950276,0.10899442693951991,0.21095615255554478,-2.2589554573228536,2.0855473994450184,9.886165320046276,-1.8745912468894737,11,36.36363636363637,-488569.3900390729,0.02969151625334362,1.111264819494386,11.798565926161439,100.0,23.682409308692677,,,,
USDJPY CALL-upout  35Δ  6W  H@20Δ  [Spot > 200DMA],single,1454,10000000.0,16675247.994843781,2908000.0,18006845.587177053,1331597.5923332702,-2824713.076676582,17.1939477303989,107.98547399561924,0.17245454402126295,-0.07522751852195039,-2.2727467810932507,1.2851389199272132,-17.08336184919122,-1.3603664384491636,11,36.36363636363637,-552866.5177548659,0.05046378982671979,1.1788217308950086,14.1075795761533,100.0,23.4525447042641,,,,
USDJPY CALL-upout  35Δ  2M  H@20Δ  [Spot > 200DMA],single,1441,10000000.0,19365560.89087716,2882000.0,22204940.170405883,2839379.279528723,-3297597.308914155,16.793893129770993,114.66200383003786,0.26327589391730827,-0.01770069565829213,-2.7370786777999085,1.5509012164614469,-87.61809402303949,-1.568601912119739,10,60.0,-2269981.1705120793,0.0928266359099173,1.2711060583468687,19.36038503241128,100.0,26.023594725884802,,,,
USDJPY CALL-upout  35Δ  10W  H@20Δ  [Spot > 200DMA],single,1434,10000000.0,20501607.294080026,2868000.0,21334157.247208245,832549.9531282155,-4115326.9151537507,15.411436541143656,104.06090089028591,0.07841903919076587,-0.10335757083390255,-2.4564357507380343,1.2675442557714283,-12.263680788400052,-1.3709018266053308,10,50.0,-1278034.834235314,0.021835635212402307,1.0736545850028871,20.77200082289316,100.0,26.98744769874477,,,,
USDJPY CALL-upout  35Δ  3M  H@20Δ  [Spot > 200DMA],single,1420,10000000.0,22863535.273540616,2840000.0,19579981.31462473,-3283553.9589158865,-5974788.219904462,13.098591549295774,85.63846789382629,-0.27535107787103924,-0.5415144751634591,-2.567540563199457,1.5544520234927075,-2.870564121159435,-2.095966498656167,10,20.0,-1658813.0261081767,-0.059741013850948155,0.7756613612059392,31.430815047162028,100.0,28.380281690140848,,,,
USDJPY CALL-upout  30Δ  1M  H@20Δ  [Spot > 200DMA],single,1461,10000000.0,8461747.324264947,2922000.0,7058332.471320059,-1403414.8529448886,-2383207.6882450846,11.567419575633128,83.4145974919335,-0.4684336516623137,-0.5194327634302198,-2.9705524334931126,1.8549150761927382,-3.5710398087777264,-2.374347839622958,11,18.181818181818183,-490405.62832047784,-0.06292777025923682,0.653677812540496,15.187762353590744,100.0,23.682409308692677,,,,
USDJPY CALL-upout  30Δ  6W  H@20Δ  [Spot > 200DMA],single,1454,10000000.0,9365593.696570434,2908000.0,8507755.73397514,-857837.9625952928,-2643639.1380027006,11.966987620357635,90.84053835359714,-0.212031354745656,-0.5615594003075655,-2.5730442038785917,1.310199628610899,-2.3331452165047972,-1.8717590289184645,11,36.36363636363637,-553097.7795189045,-0.034736358700887864,0.8147124366089734,15.039063924893423,100.0,23.4525447042641,,,,
USDJPY CALL-upout  30Δ  2M  H@20Δ  [Spot > 200DMA],single,1441,10000000.0,10615281.864613757,2882000.0,11415574.696903804,800292.8322900475,-2395068.2873934223,12.005551700208189,107.53906342287377,0.13357294433517589,-0.23445939050826975,-2.9677801924008227,1.5773987342314142,-6.7278121418462735,-1.8118581247396839,10,50.0,-1279549.1931839641,0.03602283175974587,1.131255629550488,15.102553144375001,100.0,26.023594725884802,,,,
USDJPY CALL-upout  30Δ  10W  H@20Δ  [Spot > 200DMA],single,1434,10000000.0,11141536.762128066,2868000.0,10569832.268339884,-571704.4937881799,-3266079.5459783473,10.669456066945607,94.86871060972936,-0.10063219643044186,-0.38873660616038974,-2.475393159788816,1.3032275547813148,-3.352469343326039,-1.6919641609417044,10,40.0,-860017.4048823917,-0.018893165038939716,0.9121482754749771,18.793853365634238,100.0,26.98744769874477,,,,
USDJPY CALL-upout  30Δ  3M  H@20Δ  [Spot > 200DMA],single,1420,10000000.0,12236457.27286626,2840000.0,9381651.741169961,-2854805.531696299,-4178138.061870751,9.014084507042254,76.66967269990235,-0.47347252744008295,-0.7754487366814489,-2.580581716737808,1.5914286055987747,-2.0522679711999157,-2.3668773422802234,10,20.0,-1006404.9101701288,-0.07427534712854826,0.6422854414179926,23.11307121858056,100.0,28.380281690140848,,,,
USDJPY CALL-upout  25Δ  1M  H@20Δ  [Spot > 200DMA],single,1461,10000000.0,4405627.656918941,2922000.0,1732993.7809756298,-2672633.8759433106,-2715041.333462058,4.9281314168377826,39.335911155678396,-2.6391069844961024,-3.2448478358344324,-5.770306295854439,1.6207019721986646,-0.49946932928578797,-4.865549808033097,11,9.090909090909092,-542399.7583920098,-0.10519163112725458,0.0835816218143644,17.060447033883634,100.0,23.682409308692677,,,,
USDJPY CALL-upout  25Δ  6W  H@20Δ  [Spot > 200DMA],single,1454,10000000.0,4637745.105442284,2908000.0,2269576.4550487045,-2368168.650393579,-2427608.27688803,5.639614855570839,48.937067550034406,-1.6665428334080843,-2.325743517280772,-4.376809633826901,1.3348443996206552,-0.5739430808696124,-3.6605879169014273,11,0.0,-506566.2092742238,-0.10442758154753355,0.20142320468806016,16.31130820293225,100.0,23.4525447042641,,,,
USDJPY CALL-upout  25Δ  2M  H@20Δ  [Spot > 200DMA],single,1441,10000000.0,4953945.102629298,2882000.0,3544143.8614526414,-1409801.2411766574,-2046597.7209443762,6.870229007633588,71.54184771994328,-0.7254978218226138,-1.1371570775953983,-4.442687119816721,1.6995746427739393,-1.4945821261279173,-2.836731720369338,10,30.0,-628806.92342218,-0.0742629548458285,0.5396763177543294,14.04806547026197,100.0,26.023594725884802,,,,
USDJPY CALL-upout  25Δ  10W  H@20Δ  [Spot > 200DMA],single,1434,10000000.0,5084914.714937271,2868000.0,3035824.0730059766,-2049090.641931293,-2466035.7426290587,6.066945606694561,59.702556349431866,-1.0932245254747532,-1.4977069292109637,-3.7469191696705457,1.5658040313335801,-1.0454675749937887,-3.063510960544544,10,10.0,-634773.043683817,-0.08968538425710644,0.4057012910210455,16.975200498724305,100.0,26.98744769874477,,,,
USDJPY CALL-upout  25Δ  3M  H@20Δ  [Spot > 200DMA],single,1420,10000000.0,5358306.0203002505,2840000.0,2654827.5765945353,-2703478.443705716,-2976352.7576530697,4.366197183098591,49.54602380932645,-1.4412465750732326,-1.6283683818920172,-3.301786272058788,1.5674074955446238,-0.9625632092680636,-3.195775877436641,10,10.0,-532836.9616625084,-0.09873916624814978,0.30533783128231184,17.604047406798315,100.0,28.380281690140848,,,,
USDJPY CALL-upout  ATM  1M  H@20Δ  [20DMA > 50DMA],single,1483,10000000.0,46023266.0427036,2966000.0,59107577.43318443,13084311.390480824,-2638080.1127448995,32.63654753877276,128.4297758840937,0.7741617117769252,0.8373148172431548,-1.6067799857312637,1.2287311562622112,1.467466156048436,-0.39141633901905637,11,90.9090909090909,-1137109.789547183,0.506447201552584,1.983186823642195,8.899433267698653,100.0,23.937963587322994,,,,
USDJPY CALL-upout  ATM  6W  H@20Δ  [20DMA > 50DMA],single,1476,10000000.0,52972937.843269706,2952000.0,69140432.74935082,16167494.906081114,-2549206.0843896065,34.62059620596206,130.52029123609427,0.75104053343089,0.5852356842303587,-2.517302818903756,1.3749454930923413,2.349387657214592,-0.7897098088619826,11,63.63636363636363,-1773065.2496950738,0.6490549450085904,1.9209058625221713,9.370059851642202,100.0,23.848238482384822,,,,
USDJPY CALL-upout  ATM  2M  H@20Δ  [20DMA > 50DMA],single,1475,10000000.0,63112452.54292706,2950000.0,82124373.51153032,19011920.968603276,-4933273.761997713,32.271186440677965,130.12388237594155,0.6480394676534541,0.6046148526429023,-2.1765356691943554,1.475763591431534,2.4408325150807197,-0.8711487387886316,11,72.72727272727273,-1617335.5584319942,0.3983038123900054,1.7634014898049806,19.788440589285983,100.0,26.440677966101696,,,,
USDJPY CALL-upout  ATM  10W  H@20Δ  [20DMA > 50DMA],single,1475,10000000.0,67461036.16955651,2950000.0,84223783.47272289,16762747.303166375,-5890708.965711617,32.0,124.84804304077821,0.5105433653376076,0.3669303762282144,-2.4030409332948386,1.7896883279597913,4.87746025923644,-1.422757951731577,11,54.54545454545454,-4583493.08719118,0.29402105929443956,1.549268792281278,22.799403021559502,100.0,27.1864406779661,,,,
USDJPY CALL-upout  ATM  3M  H@20Δ  [20DMA > 50DMA],single,1465,10000000.0,76016268.26290415,2930000.0,82777084.10765861,6760815.84475446,-11709494.566586837,27.235494880546074,108.8939065271818,0.18023509815196484,0.07347261120353296,-2.1062446032820716,1.684889928490428,22.93221788215701,-1.611417317286895,11,45.45454545454545,-4182415.0760092638,0.059928294030277975,1.1616322182606031,51.170910676739446,100.0,30.10238907849829,,,,
USDJPY CALL-upout  45Δ  1M  H@20Δ  [20DMA > 50DMA],single,1483,10000000.0,33770760.31307694,2966000.0,43495167.58404635,9724407.270969402,-1923394.528324903,28.860418071476733,128.79534597627597,0.7443210907467732,0.72713198004162,-1.492757132069556,1.0984511992070072,1.5106627536092325,-0.3713192191653871,11,90.9090909090909,-782437.613448535,0.516257112025701,1.9708394122305368,6.777154016967664,100.0,23.937963587322994,,,,
USDJPY CALL-upout  45Δ  6W  H@20Δ  [20DMA > 50DMA],single,1476,10000000.0,38838209.76875592,2952000.0,50408811.51262592,11570601.743870001,-2025314.390281038,29.268292682926827,129.7917999124104,0.6858346414290779,0.5101623501422875,-2.516515053284842,1.3959052880482818,2.7361981684045382,-0.8857429379059943,11,54.54545454545454,-1283515.9318796548,0.584665104276832,1.8418032084169775,7.932656406645891,100.0,23.848238482384822,,,,
USDJPY CALL-upout  45Δ  2M  H@20Δ  [20DMA > 50DMA],single,1475,10000000.0,46316688.97122523,2950000.0,61308730.41225181,14992041.441026583,-3581197.0016251043,28.338983050847453,132.3685517553739,0.6481915807897511,0.5312148710821879,-2.175780061668938,1.342958241822067,2.528088566282416,-0.811743370739879,11,72.72727272727273,-1547768.5052860316,0.4326694596756099,1.7819522164853885,14.040536674885924,100.0,26.440677966101696,,,,
USDJPY CALL-upout  45Δ  10W  H@20Δ  [20DMA > 50DMA],single,1475,10000000.0,49558244.3117983,2950000.0,62085436.91357274,12527192.601774452,-4428157.8470588215,28.067796610169495,125.27771670634449,0.4982652776869247,0.2922260273735926,-2.4025145229113107,1.686669346429976,5.771797131107953,-1.3944433190563834,11,54.54545454545454,-3381252.127619787,0.29230178512424987,1.5384934443576583,17.342707574930653,100.0,27.1864406779661,,,,
USDJPY CALL-upout  45Δ  3M  H@20Δ  [20DMA > 50DMA],single,1465,10000000.0,56021338.04924148,2930000.0,61985332.14054182,5963994.091300346,-8155419.602635388,24.7098976109215,110.64593295872034,0.2033677664103776,0.05901940119235267,-2.0499152541161747,1.5858547087879387,26.87005758698587,-1.526835307595586,11,45.45454545454545,-3166016.8055906077,0.07590350862655632,1.1871014036395444,34.12138757734049,100.0,30.10238907849829,,,,
USDJPY CALL-upout  40Δ  1M  H@20Δ  [20DMA > 50DMA],single,1483,10000000.0,23312056.210016504,2966000.0,29622884.91403449,6310828.704017986,-1312980.2115064105,25.623735670937286,127.07109423194684,0.6751957105376185,0.5687419827244029,-1.4297987093961926,1.0390286637883808,1.8268893370790005,-0.47028668106397786,11,72.72727272727273,-517759.78607659455,0.4907942838344336,1.8895716636158513,5.021931623686309,100.0,23.937963587322994,,,,
USDJPY CALL-upout  40Δ  6W  H@20Δ  [20DMA > 50DMA],single,1476,10000000.0,26657176.468624566,2952000.0,33760802.820535466,7103626.351910904,-1891959.4521740265,24.4579945799458,126.64808240389547,0.5767787082955399,0.3976881160737804,-2.5153743619046476,1.3844993680033146,3.4813697267897683,-0.9868112519295342,11,54.54545454545454,-873362.2623762254,0.3842483062101067,1.6955251082185603,7.244370406727161,100.0,23.848238482384822,,,,
USDJPY CALL-upout  40Δ  2M  H@20Δ  [20DMA > 50DMA],single,1475,10000000.0,31601065.91896518,2950000.0,42273853.026369184,10672787.107404003,-2395862.8896581265,24.54237288135593,133.77350351020533,0.6321246023723357,0.46219162130144303,-2.174650754329825,1.2263076742810497,2.6532451428435726,-0.7641160529796067,11,72.72727272727273,-1165589.0557848131,0.4604045058872377,1.777985733472305,9.361053451551594,100.0,26.440677966101696,,,,
USDJPY CALL-upout  40Δ  10W  H@20Δ  [20DMA > 50DMA],single,1475,10000000.0,33744566.99314538,2950000.0,41594602.28869484,7850035.295549469,-3151163.5853344556,23.389830508474578,123.26310868693045,0.444521898778023,0.14082804327758744,-2.401776323495318,1.5404634119617393,10.93861262366131,-1.3996353686841518,11,45.45454545454545,-2227259.059729783,0.25739580630710235,1.4741462398989633,12.949572504329112,100.0,27.1864406779661,,,,
USDJPY CALL-upout  40Δ  3M  H@20Δ  [20DMA > 50DMA],single,1465,10000000.0,38012159.543921866,2930000.0,42259893.003892094,4247733.459970232,-5127127.40809676,21.023890784982935,111.17467018694929,0.2046925988138302,0.011795172572236884,-1.9624453238356032,1.480563010978912,125.52279349128099,-1.4687678384066751,11,54.54545454545454,-2059642.0817021697,0.0859912190114829,1.192385131162514,20.742288022508983,100.0,30.10238907849829,,,,
USDJPY CALL-upout  35Δ  1M  H@20Δ  [20DMA > 50DMA],single,1483,10000000.0,14897743.9600535,2966000.0,17466255.739054143,2568511.779000641,-861937.1247504839,19.95954146999326,117.24094457447916,0.433690975830281,0.16735795182068053,-1.4333389481617467,0.9943713696342387,5.941584243930521,-0.8270134178135582,11,45.45454545454545,-323736.22370457137,0.304282698728601,1.5220123443855849,4.177534550695549,100.0,23.937963587322994,,,,
USDJPY CALL-upout  35Δ  6W  H@20Δ  [20DMA > 50DMA],single,1476,10000000.0,16855546.58828704,2952000.0,20156156.433044568,3300609.8447575266,-1740381.9498042567,18.97018970189702,119.58174318150638,0.4055442823030875,0.1822048061471774,-2.51313263873561,1.3194510597608362,7.241582083707709,-1.1372462536136587,11,54.54545454545454,-543072.2264139988,0.19408559215580856,1.4660535233110423,6.713902881184218,100.0,23.848238482384822,,,,
USDJPY CALL-upout  35Δ  2M  H@20Δ  [20DMA > 50DMA],single,1475,10000000.0,19757410.435620572,2950000.0,25649271.072095823,5891860.636475251,-1553514.18757519,19.864406779661017,129.82101655312493,0.5321316027090995,0.3190991441129396,-2.172372941843136,1.1363724589600943,3.561189304092571,-0.8172733148471547,11,63.63636363636363,-790158.7716162619,0.3919773037762159,1.6514491042426975,6.206972553990273,100.0,26.440677966101696,,,,
USDJPY CALL-upout  35Δ  10W  H@20Δ  [20DMA > 50DMA],single,1475,10000000.0,21016123.412588246,2950000.0,24651625.27839647,3635501.8658082215,-2278847.0628023418,18.169491525423727,117.29863207612603,0.32516495987164856,-0.09418692321115736,-2.400263954785055,1.4840480996740788,-15.756413407273069,-1.5782350228852362,11,45.45454545454545,-1383796.6495672765,0.16483521481010205,1.3462628805832009,10.195896333372774,100.0,27.1864406779661,,,,
USDJPY CALL-upout  35Δ  3M  H@20Δ  [20DMA > 50DMA],single,1465,10000000.0,23514369.729394734,2930000.0,25100678.166450728,1586308.4370559892,-3906846.315668996,16.791808873720136,106.74612356321414,0.12315101429954256,-0.11932096722482809,-1.9960231630651144,1.4351495383254578,-12.027639162707311,-1.5544705055502859,11,45.45454545454545,-1266212.8959931554,0.04214366142434581,1.1142371840913146,17.434423433632045,100.0,30.10238907849829,,,,
USDJPY CALL-upout  30Δ  1M  H@20Δ  [20DMA > 50DMA],single,1483,10000000.0,8561738.465507446,2966000.0,8006937.543457535,-554800.9220499119,-1678416.0538796103,12.946729602157788,93.51999685244967,-0.17759439658450948,-0.7933930875857588,-2.41178337054408,1.1572679678757523,-1.4586312711612348,-1.9506610554615111,11,9.090909090909092,-328910.25520202355,-0.03375272443824909,0.8474752885725185,8.562031691002142,100.0,23.937963587322994,,,,
USDJPY CALL-upout  30Δ  6W  H@20Δ  [20DMA > 50DMA],single,1476,10000000.0,9473459.567399848,2952000.0,9679102.900571067,205643.33317121863,-1793899.53741977,13.211382113821138,102.17073110101067,0.0463258139272936,-0.30246799303771843,-2.5080041009770744,1.2871288435446413,-4.255421641866528,-1.5895968365823596,11,45.45454545454545,-494035.90011072846,0.011731679591608514,1.0460493600057097,8.456975511098726,100.0,23.848238482384822,,,,
USDJPY CALL-upout  30Δ  2M  H@20Δ  [20DMA > 50DMA],single,1475,10000000.0,10835119.400855947,2950000.0,12617810.3641079,1782690.9632519528,-1387916.5261280942,13.627118644067796,116.4528963392053,0.29283195210196605,-0.012638661018097963,-2.166984674630689,1.138057309513056,-90.04571828324313,-1.150695970531154,11,54.54545454545454,-581960.9416559602,0.13275057027391787,1.3305517346506082,7.683554802719792,100.0,26.440677966101696,,,,
USDJPY CALL-upout  30Δ  10W  H@20Δ  [20DMA > 50DMA],single,1475,10000000.0,11426333.994208064,2950000.0,11870320.018237501,443986.0240294405,-2556664.2293810532,12.067796610169491,103.88563842308909,0.07329222462157321,-0.5945349177124664,-2.689843994915982,1.599283794129065,-2.689974543938432,-2.1938187118415313,11,45.45454545454545,-746950.7497902837,0.017943055922866796,1.072153000897904,12.925529156129246,100.0,27.1864406779661,,,,
USDJPY CALL-upout  30Δ  3M  H@20Δ  [20DMA > 50DMA],single,1465,10000000.0,12589432.333830379,2930000.0,11655377.164672583,-934055.1691577948,-3091980.9200498043,11.604095563139932,92.58064109334146,-0.14782582346029716,-0.42766372042012823,-2.2306861679318324,1.4443080721160515,-3.377205040205871,-1.8719717925361796,11,36.36363636363637,-773927.5065453955,-0.031354991015553356,0.8766076021644706,15.53994112330682,100.0,30.10238907849829,,,,
USDJPY CALL-upout  25Δ  1M  H@20Δ  [20DMA > 50DMA],single,1483,10000000.0,4464612.613869628,2966000.0,2013029.7808597437,-2451582.8330098847,-2444882.369147217,5.259608900876602,45.08856545820183,-2.2658312030868997,-4.380157741686697,-20.960475535817967,5.433566083822966,-1.2404955264763198,-9.813723825509662,11,9.090909090909092,-436080.2380988781,-0.10239055270466894,0.1459567686501451,15.050540503059754,100.0,23.937963587322994,,,,
USDJPY CALL-upout  25Δ  6W  H@20Δ  [20DMA > 50DMA],single,1476,10000000.0,4698835.273826536,2952000.0,2546248.581955864,-2152586.6918706717,-2241787.584276925,6.368563685636857,54.18893052367646,-1.3571902858759186,-2.147383029246333,-4.581565951154781,1.310677828266371,-0.6103605227458557,-3.458060857512704,11,9.090909090909092,-446858.0412910771,-0.09826749109276921,0.2817684979263046,14.710834012669,100.0,23.848238482384822,,,,
USDJPY CALL-upout  25Δ  2M  H@20Δ  [20DMA > 50DMA],single,1475,10000000.0,5062601.853279462,2950000.0,3716015.940516725,-1346585.9127627362,-1959312.733150269,7.2542372881355925,73.40130723709899,-0.6852926494896622,-1.1748424599572342,-3.1374448945264066,1.437105681846024,-1.2232326723179008,-2.611948141803258,11,27.27272727272727,-406547.33265719924,-0.07103199057691292,0.543315780921585,12.988220983448466,100.0,26.440677966101696,,,,
USDJPY CALL-upout  25Δ  10W  H@20Δ  [20DMA > 50DMA],single,1475,10000000.0,5221220.002652939,2950000.0,3283776.428960155,-1937443.5736927842,-2203145.2786577516,6.305084745762713,62.89289528676525,-0.9970861333048155,-1.6349071954346248,-4.089238986585414,1.6352880516214616,-1.0002329527864948,-3.2701952470560864,11,27.27272727272727,-547586.5507999875,-0.09086292919586446,0.4281957420656155,15.196673270536918,100.0,27.1864406779661,,,,
USDJPY CALL-upout  25Δ  3M  H@20Δ  [20DMA > 50DMA],single,1465,10000000.0,5518731.627342086,2930000.0,2800345.2980365846,-2718386.3293055017,-3026697.02585875,4.778156996587031,50.74255258513591,-1.5094080200265931,-1.7284837293075213,-3.949925389370877,1.600177947812936,-0.9257697487577808,-3.3286616771204574,11,9.090909090909092,-617218.655145546,-0.0932208771909,0.3016595202175645,18.439037661624027,100.0,30.10238907849829,,,,
USDJPY CALL-upout  ATM  1M  H@20Δ  [50DMA > 200DMA (golden cross)],single,1446,10000000.0,46404009.865603566,2892000.0,51588711.481494054,5184701.615890482,-4069511.309608917,28.769017980636235,111.17296033447658,0.2997934891271948,0.6924798316320322,-0.8288859278368741,1.6540057486458293,2.3885255181334,-0.9615259170137971,10,70.0,-1024006.8871347093,0.1370666989752797,1.3148366997407597,14.47649493148204,100.0,22.475795297372063,,,,
USDJPY CALL-upout  ATM  6W  H@20Δ  [50DMA > 200DMA (golden cross)],single,1439,10000000.0,53351885.78601882,2878000.0,61921178.09309159,8569292.307072781,-4067904.530637807,30.576789437109102,116.06183582983756,0.38591688495613624,0.5407164398118112,-0.44969999553345646,0.8862514514950888,1.6390318219352389,-0.3455350116832776,10,70.0,-1128287.0092038335,0.22723617807354624,1.4306921795000067,14.228693167615315,100.0,23.349548297428772,,,,
USDJPY CALL-upout  ATM  2M  H@20Δ  [50DMA > 200DMA (golden cross)],single,1426,10000000.0,62709396.55456582,2852000.0,64942038.67096603,2232642.116400212,-7853271.7426218735,26.016830294530152,103.56029915621579,0.0848348264281589,0.11980745033320588,-2.635443221579933,1.6465570282074202,13.7433608980748,-1.5267495778742144,10,50.0,-5053384.577634242,0.030885952777930808,1.0767579536352818,33.60876145740646,100.0,26.57784011220196,,,,
USDJPY CALL-upout  ATM  10W  H@20Δ  [50DMA > 200DMA (golden cross)],single,1419,10000000.0,66707807.803817004,2838000.0,67803950.23121974,1096142.4274027278,-8113630.165253885,25.792811839323466,101.64319959460578,0.03618769359608265,0.13787408350261235,-2.143846698187068,1.683570097516041,12.21092503207205,-1.5456960140134286,10,50.0,-4327929.597760295,0.01469471992011861,1.031973238224817,36.90128696169792,100.0,27.061310782241016,,,,
USDJPY CALL-upout  ATM  3M  H@20Δ  [50DMA > 200DMA (golden cross)],single,1405,10000000.0,74713671.38661668,2810000.0,72296779.73054172,-2416891.656074957,-14169615.412476122,25.26690391459075,96.7651279729403,-0.0686981616433441,-0.0605502711185351,-2.2498588256287912,1.3993740905642267,-23.110946734239526,-1.4599243616827617,10,40.0,-4248815.97082846,-0.018663926337757198,0.9402318941648057,56.91278146943832,100.0,27.686832740213525,,,,
USDJPY CALL-upout  45Δ  1M  H@20Δ  [50DMA > 200DMA (golden cross)],single,1446,10000000.0,34019701.30669441,2892000.0,37752546.67331811,3732845.366623703,-3221365.846217352,24.896265560165975,110.97259888607296,0.27783973843594195,0.6589303307237632,-1.0038671471470226,1.7060387732125002,2.5891034205977475,-1.047108442488737,10,70.0,-923461.4780649111,0.1246666805211548,1.2913545846160595,11.30173396207488,100.0,22.475795297372063,,,,
USDJPY CALL-upout  45Δ  6W  H@20Δ  [50DMA > 200DMA (golden cross)],single,1439,10000000.0,39085287.46107613,2878000.0,45490079.98992728,6404792.528851142,-3002021.768287931,26.19874913134121,116.3867095393106,0.3696395578625522,0.49958365536803856,-0.38076280407171276,0.855152445096247,1.7117302295773953,-0.35556878972820843,10,70.0,-736601.6299566109,0.230141267117764,1.4161916928286202,10.585853270233747,100.0,23.349548297428772,,,,
USDJPY CALL-upout  45Δ  2M  H@20Δ  [50DMA > 200DMA (golden cross)],single,1426,10000000.0,45988217.61615135,2852000.0,48144910.744293526,2156693.128142178,-6470847.009643431,22.58064516129032,104.68966452699556,0.10376521898991928,0.009862008067328532,-3.36998410876689,1.6216267138541132,164.43169613968763,-1.6117647057867845,10,50.0,-4412625.842510561,0.036209267403721775,1.0955656705790464,28.641285838158574,100.0,26.57784011220196,,,,
USDJPY CALL-upout  45Δ  10W  H@20Δ  [50DMA > 200DMA (golden cross)],single,1419,10000000.0,48970367.34709119,2838000.0,50347070.055319,1376702.7082278049,-5635614.4228648115,22.903453136011276,102.81129749031703,0.05898098837182065,0.07616399065716481,-2.100868837039099,1.5612228580232845,20.4981756411738,-1.4850588673661198,10,50.0,-3358541.7819256773,0.026571032318778016,1.0531108968205565,24.251409168020324,100.0,27.061310782241016,,,,
USDJPY CALL-upout  45Δ  3M  H@20Δ  [50DMA > 200DMA (golden cross)],single,1405,10000000.0,55018902.514822125,2810000.0,52490874.658608645,-2528027.856213477,-9980838.274369087,21.423487544483987,95.40516487850257,-0.09120400548256274,-0.1359559492483186,-2.249803766921064,1.306458717182092,-9.609426615056709,-1.4424146664304107,10,40.0,-3159040.2194876983,-0.027715245433801473,0.9207529363786487,40.73264158471259,100.0,27.686832740213525,,,,
USDJPY CALL-upout  40Δ  1M  H@20Δ  [50DMA > 200DMA (golden cross)],single,1446,10000000.0,23452247.853215046,2892000.0,25637436.407874756,2185188.554659708,-2407096.975576088,21.853388658367912,109.31760813861659,0.22557478192114677,0.5982092832996982,-1.120320229455084,1.8228117502008847,3.0471137795560925,-1.2246024669011866,10,60.0,-739517.4645924292,0.09766653405148411,1.235394220166009,8.54734736705856,100.0,22.475795297372063,,,,
USDJPY CALL-upout  40Δ  6W  H@20Δ  [50DMA > 200DMA (golden cross)],single,1439,10000000.0,26796392.39549316,2878000.0,30722388.41556073,3925996.020067565,-2109849.5199929173,22.58512856150104,114.65121111126837,0.3111000410633178,0.38104911676289915,-0.7791376167149433,0.8337599466358137,2.188064241478364,-0.4527108298729145,10,70.0,-503016.061789167,0.20072508220890134,1.3511126591669467,7.754655893675656,100.0,23.349548297428772,,,,
USDJPY CALL-upout  40Δ  2M  H@20Δ  [50DMA > 200DMA (golden cross)],single,1426,10000000.0,31352112.459849298,2852000.0,33140721.434278015,1788608.9744287184,-4749645.154310976,19.565217391304348,105.7049073701789,0.1169715374035914,-0.08284775134840006,-3.955211857095387,1.6402866983729938,-19.798807712657016,-1.7231344497213938,10,50.0,-3339781.998781284,0.04091162748501346,1.111220909486457,22.36313422959522,100.0,26.57784011220196,,,,
USDJPY CALL-upout  40Δ  10W  H@20Δ  [50DMA > 200DMA (golden cross)],single,1419,10000000.0,33319676.809699964,2838000.0,34230605.16866765,910928.3589676879,-3943391.9370909734,18.886539816772373,102.73390514611023,0.05521752589508656,-0.04942505503291135,-2.035337586568329,1.3890091726807545,-28.10334094227787,-1.438434227713666,10,50.0,-2320762.077180133,0.025126026379762325,1.0499365274931598,15.848215615508165,100.0,27.061310782241016,,,,
USDJPY CALL-upout  40Δ  3M  H@20Δ  [50DMA > 200DMA (golden cross)],single,1405,10000000.0,37310888.979162976,2810000.0,35306277.76314158,-2004611.2160213923,-6791434.9090150045,17.508896797153024,94.6272756536546,-0.09980375212931614,-0.21347184224371052,-2.2495541925554052,1.2074911699542985,-5.656442354471106,-1.420963012198009,10,30.0,-2134929.3957764492,-0.03229776762539994,0.9116563156366967,29.54837629893911,100.0,27.686832740213525,,,,
USDJPY CALL-upout  35Δ  1M  H@20Δ  [50DMA > 200DMA (golden cross)],single,1446,10000000.0,14949894.545976073,2892000.0,15301045.608911023,351151.0629349528,-1574834.4568945742,17.496542185338864,102.34885310966604,0.0569749975002286,0.35226837987587994,-1.1576973589725612,1.884263138178282,5.348942016431316,-1.531994758302402,10,60.0,-496485.88008497754,0.02398885530555083,1.056528726415417,7.29492194400919,100.0,22.475795297372063,,,,
USDJPY CALL-upout  35Δ  6W  H@20Δ  [50DMA > 200DMA (golden cross)],single,1439,10000000.0,16907279.29638233,2878000.0,18287156.741564583,1379877.4451822496,-1846319.3782314486,17.92911744266852,108.16143993952653,0.16675313680835577,0.15062149033724442,-1.3292557029547998,0.8809149673771364,5.848534398409886,-0.7302934770398919,10,50.0,-552866.5177548659,0.08061891684063263,1.1758781299539254,6.500435550551697,100.0,23.349548297428772,,,,
USDJPY CALL-upout  35Δ  2M  H@20Δ  [50DMA > 200DMA (golden cross)],single,1426,10000000.0,19571641.90639928,2852000.0,20259839.24241002,688197.3360107467,-3149648.2252564565,15.778401122019636,103.51629842453704,0.06770579160633232,-0.2162967078812164,-4.569599097402702,1.7252441012800526,-7.97628460543886,-1.941540809161269,10,50.0,-2252737.35750999,0.023737963143269845,1.0638853300924074,17.741337368509765,100.0,26.57784011220196,,,,
USDJPY CALL-upout  35Δ  10W  H@20Δ  [50DMA > 200DMA (golden cross)],single,1419,10000000.0,20721474.123601943,2838000.0,20812892.160567142,91418.03696519427,-2666577.7107764664,15.433403805496829,100.4411753547064,0.008849117055291445,-0.18393601135805207,-2.0696441102882464,1.3310537947211827,-7.236504613172987,-1.5149898060792348,10,50.0,-1570958.3589869025,0.003728955318520666,1.0079564157180623,10.7639068998191,100.0,27.061310782241016,,,,
USDJPY CALL-upout  35Δ  3M  H@20Δ  [50DMA > 200DMA (golden cross)],single,1405,10000000.0,23054397.081003837,2810000.0,21451554.010145307,-1602843.0708585314,-4736704.628568811,13.807829181494663,93.04756023232017,-0.12326522453418655,-0.30400663554908414,-2.2490448930519276,1.146430101107031,-3.7710693354978804,-1.450436736656115,10,30.0,-1310548.6028250384,-0.037027005662704775,0.8892978442414265,22.431975882924984,100.0,27.686832740213525,,,,
USDJPY CALL-upout  30Δ  1M  H@20Δ  [50DMA > 200DMA (golden cross)],single,1446,10000000.0,8547167.717881989,2892000.0,7138230.56957943,-1408937.1483025588,-1888645.141251807,11.964038727524205,83.51574235106158,-0.43841989304489976,-0.355505987666277,-2.558357556255377,1.7324284428558225,-4.873134357675291,-2.0879344305220995,10,30.0,-490405.62832047784,-0.08025862225807856,0.6651084641295348,11.05789491762636,100.0,22.475795297372063,,,,
USDJPY CALL-upout  30Δ  6W  H@20Δ  [50DMA > 200DMA (golden cross)],single,1439,10000000.0,9458769.403196154,2878000.0,8614974.418295179,-843794.9849009763,-2046646.2876837915,12.300208478109798,91.07923082873914,-0.19127491740431365,-0.301180033078821,-1.7788224990229127,0.9823206014099377,-3.2615727920876387,-1.2835006344887587,10,40.0,-553097.7795189045,-0.04447310159427409,0.8308760934611041,9.767022220910976,100.0,23.349548297428772,,,,
USDJPY CALL-upout  30Δ  2M  H@20Δ  [50DMA > 200DMA (golden cross)],single,1426,10000000.0,10696327.931403786,2852000.0,10131739.679349232,-564588.2520545522,-2422466.7300378075,10.93969144460028,94.72166283910428,-0.09999717067448767,-0.4333234352066486,-4.921130527345347,1.7670542095691715,-4.077910553641016,-2.20037764477582,10,50.0,-1293992.9746771012,-0.025320164997720475,0.9104960992955214,15.159715282395581,100.0,26.57784011220196,,,,
USDJPY CALL-upout  30Δ  10W  H@20Δ  [50DMA > 200DMA (golden cross)],single,1419,10000000.0,11229085.494734192,2838000.0,10011614.913490966,-1217470.5812432265,-2431738.8657443514,10.500352360817477,89.15788305455371,-0.237607130658349,-0.5424644907135148,-3.4048152036077695,1.4828737399085439,-2.7335867421627715,-2.025338230622059,10,50.0,-1060498.9816349132,-0.05445666895285379,0.8088415540938003,13.284365122606621,100.0,27.061310782241016,,,,
USDJPY CALL-upout  30Δ  3M  H@20Δ  [50DMA > 200DMA (golden cross)],single,1405,10000000.0,12310425.18047627,2810000.0,10605036.163096434,-1705389.0173798373,-3144631.1909749494,9.8932384341637,86.14679028239821,-0.25141674032711614,-0.4824498871365389,-2.2478118770520794,1.1311216489224278,-2.3445370785262662,-1.6135715360589669,10,30.0,-807759.7539672746,-0.05934137925680368,0.7852017948069094,15.566267152186407,100.0,27.686832740213525,,,,
USDJPY CALL-upout  25Δ  1M  H@20Δ  [50DMA > 200DMA (golden cross)],single,1446,10000000.0,4406606.343103223,2892000.0,1778385.1540890993,-2628221.189014123,-2677923.809666808,5.255878284923928,40.35725035598992,-2.392800092334877,-2.9637279162209262,-5.770306295854439,1.7009981317161158,-0.5739386947115822,-4.664726047937042,10,0.0,-542399.7583920098,-0.10558789738298568,0.10771190704968524,16.030395204166425,100.0,22.475795297372063,,,,
USDJPY CALL-upout  25Δ  6W  H@20Δ  [50DMA > 200DMA (golden cross)],single,1439,10000000.0,4640819.36153715,2878000.0,2244180.6647770554,-2396638.6967600947,-2392972.378103782,5.9763724808895065,48.357423332972154,-1.5969868812722467,-2.0793724763265757,-4.024186079961012,1.3461106510080911,-0.6473638880640247,-3.425483127334667,10,0.0,-506566.2092742238,-0.10803591449991252,0.21801415324112633,15.260345085260413,100.0,23.349548297428772,,,,
USDJPY CALL-upout  25Δ  2M  H@20Δ  [50DMA > 200DMA (golden cross)],single,1426,10000000.0,4953783.951960012,2852000.0,3161695.8345018714,-1792088.1174581412,-2215716.116234571,5.9607293127629735,63.82385395008831,-0.9275712127194854,-1.1940886911316348,-5.00510437986821,1.6529716698219905,-1.384295557020537,-2.847060360953625,10,10.0,-591261.6476646919,-0.0878694198738729,0.44210520000972836,14.488015640283566,100.0,26.57784011220196,,,,
USDJPY CALL-upout  25Δ  10W  H@20Δ  [50DMA > 200DMA (golden cross)],single,1419,10000000.0,5086506.999705643,2838000.0,2926854.7735445346,-2159652.2261611084,-2437264.955114121,5.849189570119803,57.5415461674173,-1.228120982451909,-1.5752387804060377,-4.219778258884792,1.5944999369645507,-1.0122274519889285,-3.1697387173705884,10,10.0,-634773.043683817,-0.09638081851258602,0.3484778267009344,15.213553275349124,100.0,27.061310782241016,,,,
USDJPY CALL-upout  25Δ  3M  H@20Δ  [50DMA > 200DMA (golden cross)],single,1405,10000000.0,5356269.099102565,2810000.0,3099159.095800492,-2257110.003302073,-2491724.172238386,5.124555160142349,57.860406907482506,-1.0345694479118575,-1.30533338629246,-3.0374619370395277,1.244061304578585,-0.9530602048815237,-2.549394690871045,10,20.0,-532836.9616625084,-0.09911894080352447,0.40594419318876435,13.486281899879751,100.0,27.686832740213525,,,,
USDJPY CALL-upout  ATM  1M  H@20Δ  [Realized vol (20d) < 252d p75],single,1816,10000000.0,53260396.95595603,3632000.0,67203694.47756948,13943297.521613458,-3696183.435575992,31.718061674008812,126.17948479269492,0.7949215797926317,0.7152617820091888,-1.3336567175770202,0.9707451669538567,1.3571886424953512,-0.25548338494466794,10,80.0,-1191568.5097685861,0.4109307579524646,1.9309292813695293,11.807087148790828,100.0,21.200440528634363,,,,
USDJPY CALL-upout  ATM  6W  H@20Δ  [Realized vol (20d) < 252d p75],single,1809,10000000.0,61686836.72512886,3618000.0,80224117.3173585,18537280.592229635,-3468150.7395820655,33.056937534549476,130.05062599469989,0.7736156762091225,0.7396653090524362,-1.4777669809292298,0.9915504099228408,1.3405392922821908,-0.2518851008704046,10,80.0,-1980770.6020562132,0.5834616909921034,1.8481912614395213,13.470164003780551,100.0,21.006080707573243,,,,
USDJPY CALL-upout  ATM  2M  H@20Δ  [Realized vol (20d) < 252d p75],single,1796,10000000.0,73378753.68889242,3592000.0,90079731.87033296,16700978.181440547,-5040359.708312618,30.34521158129176,122.75996435187291,0.5386368617190891,0.47171412401478074,-1.2624545153095088,1.0740604657182382,2.276930901658954,-0.6023463417034575,10,70.0,-2172456.236148568,0.3639811999215819,1.5341903652830338,21.916981689174733,100.0,23.719376391982184,,,,
USDJPY CALL-upout  ATM  10W  H@20Δ  [Realized vol (20d) < 252d p75],single,1793,10000000.0,78477398.94809863,3586000.0,93883265.14034444,15405866.192245811,-8110963.705709573,29.503625209146684,119.63095922997466,0.4506483732624379,0.2851808124762253,-1.8661056877427553,1.365130335953672,4.786894055389785,-1.0799495234774468,10,60.0,-2601105.11169347,0.21029142913720647,1.416980836330545,29.782196504337836,100.0,24.818739542665924,,,,
USDJPY CALL-upout  ATM  3M  H@20Δ  [Realized vol (20d) < 252d p75],single,1792,10000000.0,89320139.47466743,3584000.0,105038433.99263933,15718294.517971903,-15740775.164070977,29.129464285714285,117.59770485180428,0.3541703972477621,0.3437097082721466,-1.4177956342613114,1.5496896613107385,4.50871658266838,-1.205979953038592,10,50.0,-2827160.0937275775,0.11052374472239743,1.3228266647720195,65.20788280748702,100.0,26.11607142857143,,,,
USDJPY CALL-upout  45Δ  1M  H@20Δ  [Realized vol (20d) < 252d p75],single,1816,10000000.0,39138010.23017709,3632000.0,49026665.03634158,9888654.806164496,-2860854.387927305,27.75330396475771,125.26611533904686,0.7148468900597706,0.5721852232525035,-1.869136572340415,1.0903347339482996,1.9055625514941659,-0.5181495106957961,10,80.0,-1227758.8924011288,0.3765287429111377,1.8250954566912225,10.51080094225626,100.0,21.200440528634363,,,,
USDJPY CALL-upout  45Δ  6W  H@20Δ  [Realized vol (20d) < 252d p75],single,1809,10000000.0,45278191.343130685,3618000.0,59210611.63717812,13932420.294047441,-2557201.0920118075,28.302929795467108,130.77070854810367,0.7457257298467579,0.6902273666696948,-1.737539852322835,1.0254250083974976,1.485633659159461,-0.33519764172780286,10,80.0,-1666355.2257243232,0.594738391496544,1.8352691813088557,10.37388036667437,100.0,21.006080707573243,,,,
USDJPY CALL-upout  45Δ  2M  H@20Δ  [Realized vol (20d) < 252d p75],single,1796,10000000.0,53888083.98062007,3592000.0,66616900.47026029,12728816.489640227,-4168658.2962030433,26.614699331848552,123.62083701884434,0.5194945729459135,0.4097591604248022,-1.2200878193640021,1.027282025871217,2.5070385853148993,-0.6175228654464148,10,70.0,-1854397.9426249587,0.335421041199563,1.5192424144961187,18.352421127547725,100.0,23.719376391982184,,,,
USDJPY CALL-upout  45Δ  10W  H@20Δ  [Realized vol (20d) < 252d p75],single,1793,10000000.0,57682057.16069858,3586000.0,69517743.78980514,11835686.629106576,-6763301.548369073,25.71109871723369,120.51883585936108,0.44423477403667483,0.21000449131793336,-2.0256608133916174,1.3359101714247876,6.361340955333689,-1.1259056801068543,10,50.0,-2027411.3553179572,0.1937504035234182,1.4137409378573353,24.676282024840262,100.0,24.818739542665924,,,,
USDJPY CALL-upout  45Δ  3M  H@20Δ  [Realized vol (20d) < 252d p75],single,1792,10000000.0,65836349.77619955,3584000.0,78179221.19657406,12342871.420374505,-11531020.592701847,25.558035714285715,118.74780643570335,0.3510952869897838,0.25739280574678947,-1.5601476140034412,1.4882004226334404,5.781826023907831,-1.230807616886651,10,50.0,-2098445.6550131226,0.11847446107728701,1.3286121206952644,48.1143878618014,100.0,26.11607142857143,,,,
USDJPY CALL-upout  40Δ  1M  H@20Δ  [Realized vol (20d) < 252d p75],single,1816,10000000.0,27081410.421824418,3632000.0,33071252.25830962,5989841.8364852015,-2076465.1973650367,24.284140969162994,122.11790945591996,0.5865982493663351,0.3341117402591617,-2.607202240426095,1.2547014055077235,3.7553346809498063,-0.9205896652485618,10,60.0,-1141933.7182950745,0.3142298003926849,1.6648743224587705,8.824387810812864,100.0,21.200440528634363,,,,
USDJPY CALL-upout  40Δ  6W  H@20Δ  [Realized vol (20d) < 252d p75],single,1809,10000000.0,31135128.18970763,3618000.0,40242252.29963195,9107124.109924328,-1874873.605475606,24.101713653952462,129.25031833636348,0.6714996777640913,0.5940294598273106,-1.917198369104502,1.002271055001012,1.6872413285569723,-0.4082415951737015,10,80.0,-1268748.134248598,0.5302412956715435,1.7589508138907592,7.716121477724105,100.0,21.006080707573243,,,,
USDJPY CALL-upout  40Δ  2M  H@20Δ  [Realized vol (20d) < 252d p75],single,1796,10000000.0,36818439.78817304,3592000.0,45529888.19775237,8711448.40957933,-3118109.1601480437,22.55011135857461,123.66055829551381,0.4888057518619463,0.3488391331971365,-1.1884739885516649,0.9789762616257606,2.806383138994099,-0.6301371284286241,10,70.0,-1445353.3490501535,0.3069005232537302,1.491417789735986,13.849319846255668,100.0,23.719376391982184,,,,
USDJPY CALL-upout  40Δ  10W  H@20Δ  [Realized vol (20d) < 252d p75],single,1793,10000000.0,39324971.62982333,3586000.0,47216711.5783198,7891739.948496478,-5272918.9851885475,21.24930284439487,120.0680118037556,0.4138968163100566,0.0786851813621751,-2.1575250792733836,1.310169491789193,16.65077806402575,-1.231484310427018,10,50.0,-1670436.6645678564,0.16570269661415196,1.3850363698329042,19.272181564349722,100.0,24.818739542665924,,,,
USDJPY CALL-upout  40Δ  3M  H@20Δ  [Realized vol (20d) < 252d p75],single,1792,10000000.0,44716338.3560337,3584000.0,53136081.86154764,8419743.50551394,-7946697.674222167,21.149553571428573,118.82923292706913,0.3318341693472483,0.11745685680311731,-1.8110680790635398,1.497220511240047,12.74698261123833,-1.3797636544369296,10,50.0,-1667625.2648761526,0.11727041319790152,1.3193912249389512,34.36856236096644,100.0,26.11607142857143,,,,
USDJPY CALL-upout  35Δ  1M  H@20Δ  [Realized vol (20d) < 252d p75],single,1816,10000000.0,17382615.09051936,3632000.0,19457894.8779919,2075279.787472539,-1827148.2423470584,18.997797356828194,111.93882379990347,0.30475682946853316,-0.19620696257217946,-4.03689478114082,1.5652938311383948,-7.977769038458886,-1.7615007937105742,10,50.0,-1007420.1312075572,0.12372559269002296,1.314174583341978,7.453290918212607,100.0,21.200440528634363,,,,
USDJPY CALL-upout  35Δ  6W  H@20Δ  [Realized vol (20d) < 252d p75],single,1809,10000000.0,19756031.834023617,3618000.0,24324943.256803893,4568911.422780274,-1379487.2325695422,19.624101713653953,123.12666562377039,0.519212110149788,0.4052530837925348,-2.030599081333042,0.9428321601211301,2.3265267997412784,-0.5375790763285954,10,70.0,-890313.3736006327,0.3615424869803473,1.5676184542175209,5.804707179634583,100.0,21.006080707573243,,,,
USDJPY CALL-upout  35Δ  2M  H@20Δ  [Realized vol (20d) < 252d p75],single,1796,10000000.0,23081804.72603842,3592000.0,27574314.92614502,4492510.200106606,-2086592.37565208,18.262806236080177,119.4634269435554,0.39135791950685317,0.22879069612482023,-1.3454427656374084,0.9605206949174525,4.1982506770879615,-0.7317299987926322,10,70.0,-1022497.5883018554,0.2365102845800815,1.3771535492349332,9.599716341350279,100.0,23.719376391982184,,,,
USDJPY CALL-upout  35Δ  10W  H@20Δ  [Realized vol (20d) < 252d p75],single,1793,10000000.0,24551076.822433375,3586000.0,28574207.998300858,4023131.1758674835,-3919083.457165629,17.233686558839935,116.38678093415184,0.33218244642643796,-0.11453148639236037,-2.3240240706332864,1.39503924895694,-12.180399407179909,-1.5095707353493004,10,40.0,-1280845.5409298171,0.11365474981516648,1.30681687320778,15.098345027846074,100.0,24.818739542665924,,,,
USDJPY CALL-upout  35Δ  3M  H@20Δ  [Realized vol (20d) < 252d p75],single,1792,10000000.0,27716248.232509684,3584000.0,31948643.506760806,4232395.274251126,-5514815.43131683,17.466517857142858,115.27044800128019,0.2645842175831827,-0.0811654450103024,-2.3249732717803617,1.6195190590553072,-19.95330720911763,-1.7006845040656096,10,50.0,-1249360.3689432305,0.08494376830058169,1.2510570911951255,25.24925120341711,100.0,26.11607142857143,,,,
USDJPY CALL-upout  30Δ  1M  H@20Δ  [Realized vol (20d) < 252d p75],single,1816,10000000.0,10080223.815862995,3632000.0,8925285.804310823,-1154938.0115521713,-2430493.9500931283,12.169603524229075,88.54253603243734,-0.31093933039403016,-1.2322339779396159,-5.576391580511354,1.9291822833120904,-1.5655973766750226,-3.1614162612517065,10,10.0,-780251.3586208067,-0.05176316250305026,0.7644259953090659,12.308535965065609,100.0,21.200440528634363,,,,
USDJPY CALL-upout  30Δ  6W  H@20Δ  [Realized vol (20d) < 252d p75],single,1809,10000000.0,11186899.271476055,3618000.0,11478214.68022648,291315.4087504265,-1672009.078957547,13.488114980652293,102.60407644407073,0.06268717076797882,-0.14310835774104577,-2.479172174363266,0.9670326693991042,-6.757345864795314,-1.11014102714015,10,40.0,-612792.6364059672,0.019019062838966403,1.05499974200963,7.80453205773267,100.0,21.006080707573243,,,,
USDJPY CALL-upout  30Δ  2M  H@20Δ  [Realized vol (20d) < 252d p75],single,1796,10000000.0,12734736.358498944,3592000.0,13361486.823993348,626750.4654944025,-1887148.9444023601,12.973273942093542,104.92158178897924,0.10435366968889143,-0.12804178958638335,-2.2953082359412633,1.1110415870577348,-8.677179463413943,-1.239083376644118,10,50.0,-756103.7256581188,0.03648270753524861,1.0868886862200342,9.842679022276835,100.0,23.719376391982184,,,,
USDJPY CALL-upout  30Δ  10W  H@20Δ  [Realized vol (20d) < 252d p75],single,1793,10000000.0,13421593.65020696,3586000.0,13744260.677293263,322667.02708630054,-2887666.449672483,11.377579475738985,102.40408878033145,0.05098412015242812,-0.6629910578158679,-4.026618005495759,1.7948934935640894,-2.7072665195170464,-2.457884551379957,10,50.0,-977789.3650002527,0.012371303736986387,1.042583667784807,12.8694939978167,100.0,24.818739542665924,,,,
USDJPY CALL-upout  30Δ  3M  H@20Δ  [Realized vol (20d) < 252d p75],single,1792,10000000.0,14907276.335354907,3584000.0,14764129.263238583,-143147.07211632596,-4010466.4060238595,11.774553571428571,99.03975032798695,-0.018362106593008166,-0.47414186211947723,-2.9820625224437443,1.7950829256096574,-3.7859616900001147,-2.2692247877291347,10,40.0,-890622.9802311958,-0.003950607387071227,0.9846431794926706,20.187279809330224,100.0,26.11607142857143,,,,
USDJPY CALL-upout  25Δ  1M  H@20Δ  [Realized vol (20d) < 252d p75],single,1816,10000000.0,5358765.36958143,3632000.0,2244217.0776581173,-3114548.2919233134,-3103974.8586430745,5.121145374449339,41.8793681544115,-2.615553358879245,-4.040915451654631,-7.074027181333951,2.4205505178701805,-0.5990104338557837,-6.461465969524811,10,10.0,-506642.8988659155,-0.10930336828943084,0.15370732517192362,18.906045438315207,100.0,21.200440528634363,,,,
USDJPY CALL-upout  25Δ  6W  H@20Δ  [Realized vol (20d) < 252d p75],single,1809,10000000.0,5645213.222416113,3618000.0,2941506.213398082,-2703707.009018031,-2702050.8411943554,6.412382531785517,52.10620214871419,-1.7407032319735045,-2.8438866194835817,-7.01896013520139,1.9632546570663796,-0.6903420985970548,-4.807141276549961,10,10.0,-456037.41311485955,-0.10922709882118332,0.25289113286461895,17.3358474743913,100.0,21.006080707573243,,,,
USDJPY CALL-upout  25Δ  2M  H@20Δ  [Realized vol (20d) < 252d p75],single,1796,10000000.0,6041306.014143862,3592000.0,3749145.1913284734,-2292160.822815388,-2602928.169766376,6.347438752783964,62.0585214943756,-1.2200092115212366,-1.8176900342425952,-5.723389996194022,2.0633209131047288,-1.1351335344502147,-3.881010947347324,10,20.0,-541478.8505229547,-0.09673451906829789,0.4077614476970296,17.360184707523704,100.0,23.719376391982184,,,,
USDJPY CALL-upout  25Δ  10W  H@20Δ  [Realized vol (20d) < 252d p75],single,1793,10000000.0,6221171.488153782,3586000.0,3809870.9585265503,-2411300.529627232,-2598390.208442291,5.967651979921919,61.24041052044977,-1.1734724480704422,-2.248013604913326,-7.228460732793885,2.6150287895133957,-1.1632619944104923,-4.863042394426722,10,20.0,-647793.3942844885,-0.10274362385465093,0.41805099327057554,17.072512716951987,100.0,24.818739542665924,,,,
USDJPY CALL-upout  25Δ  3M  H@20Δ  [Realized vol (20d) < 252d p75],single,1792,10000000.0,6618335.344337137,3584000.0,3756959.099666018,-2861376.2446711203,-3134890.8809556323,5.46875,56.765922308252236,-1.2918325381631994,-1.821337331179696,-5.2796560188318935,2.113656823884357,-1.1604971729840527,-3.934994155064053,10,10.0,-558148.9528896211,-0.1010249917106907,0.38368347056405944,18.09404885034439,100.0,26.11607142857143,,,,
USDJPY CALL-upout  ATM  1M  H@20Δ  [Realized vol (20d) < 252d median],single,1366,10000000.0,39341572.27095747,2732000.0,49126055.595635496,9784483.324678026,-2456348.896994697,31.112737920937043,124.87059555548336,0.6561187714381369,0.4699021664390369,-1.3459280710954358,0.9463920462656464,2.0140193296776965,-0.47648987982660956,10,70.0,-782852.0845865918,0.4339148516843135,1.8010248730224645,8.9243005858496,100.0,22.693997071742313,,,,
USDJPY CALL-upout  ATM  6W  H@20Δ  [Realized vol (20d) < 252d median],single,1359,10000000.0,45445771.55982873,2718000.0,61435822.4468012,15990050.886972472,-2761781.8346431237,34.73142016188373,135.18490354140383,0.788344358718076,0.7140620634538942,-0.7922337488354039,0.759535893231805,1.0636833016418146,-0.04547382977791081,10,80.0,-626233.8051651551,0.6320111861822906,2.00615137003603,8.396266087368975,100.0,21.265636497424577,,,,
USDJPY CALL-upout  ATM  2M  H@20Δ  [Realized vol (20d) < 252d median],single,1348,10000000.0,54066541.74637136,2696000.0,68724768.72391632,14658226.977544969,-4377195.664964514,31.008902077151333,127.1114565571946,0.5476152405256898,0.48606057466634134,-1.5537025634460864,1.072052144602031,2.2055937067883904,-0.5859915699356897,10,80.0,-1556572.4010141746,0.3710979057395189,1.60690672988533,16.1157763231992,100.0,24.480712166172104,,,,
USDJPY CALL-upout  ATM  10W  H@20Δ  [Realized vol (20d) < 252d median],single,1348,10000000.0,57927024.12939302,2696000.0,71934294.12625486,14007269.996861834,-6294563.044787324,30.341246290801188,124.18089002047377,0.49958027008405237,0.32958005486228475,-1.6564274702500545,1.2527097412910848,3.800927036724144,-0.9231296864288001,10,60.0,-2611742.988790767,0.2467485118201967,1.526732316347432,19.853641196932358,100.0,26.706231454005934,,,,
USDJPY CALL-upout  ATM  3M  H@20Δ  [Realized vol (20d) < 252d median],single,1348,10000000.0,66013856.54308449,2696000.0,79945166.14792293,13931309.604838425,-13969433.416700909,29.00593471810089,121.10361420218806,0.3711129641966119,0.19891976152302657,-2.2656425637966406,1.7221183502261714,8.65735177360356,-1.523198588703145,10,50.0,-3874399.4068771563,0.11051371378655019,1.387084228947396,59.21963956750149,100.0,27.522255192878337,,,,
USDJPY CALL-upout  45Δ  1M  H@20Δ  [Realized vol (20d) < 252d median],single,1366,10000000.0,28930156.22371477,2732000.0,36091008.44782698,7160852.224112213,-2172090.9159031603,27.52562225475842,124.75220724263593,0.6108871490852347,0.3383351558493988,-1.7827600381078956,1.0626296991605495,3.140760517460242,-0.7242945433111507,10,70.0,-739863.1860291389,0.359123134747133,1.7489128612894251,7.343121785740294,100.0,22.693997071742313,,,,
USDJPY CALL-upout  45Δ  6W  H@20Δ  [Realized vol (20d) < 252d median],single,1359,10000000.0,33381396.431191273,2718000.0,45342410.40196197,11961013.9707707,-2109739.013732628,29.72774098601913,135.83137690307777,0.7595396769670264,0.6468568174780776,-0.9978484842131434,0.7874703460357774,1.2173796808788606,-0.14061352855769982,10,80.0,-548887.9794842533,0.6188758724996338,1.9921451101432508,6.4470792918613675,100.0,21.265636497424577,,,,
USDJPY CALL-upout  45Δ  2M  H@20Δ  [Realized vol (20d) < 252d median],single,1348,10000000.0,39737259.45110889,2696000.0,51054637.23150189,11317377.780393,-3404625.914741165,27.522255192878337,128.48051913171676,0.5361655009499355,0.4057940337728555,-1.7358074890519488,1.0000707112977718,2.464478597675895,-0.5942766775249163,10,80.0,-1300118.5404876901,0.3683659117746154,1.5994752668207972,12.460516304242011,100.0,24.480712166172104,,,,
USDJPY CALL-upout  45Δ  10W  H@20Δ  [Realized vol (20d) < 252d median],single,1348,10000000.0,42613338.545650676,2696000.0,53836601.12440264,11223262.578751966,-4496282.663339504,26.928783382789316,126.33744025178582,0.5118604784593068,0.2856765857500717,-1.7307144212647614,1.1748431055815614,4.11249351253935,-0.8891665198314896,10,60.0,-1647345.8223264976,0.2767783702544275,1.5492902254502043,15.254528213277528,100.0,26.706231454005934,,,,
USDJPY CALL-upout  45Δ  3M  H@20Δ  [Realized vol (20d) < 252d median],single,1348,10000000.0,48707149.536638886,2696000.0,60109904.18132599,11402754.644687103,-10416233.831230525,25.741839762611274,123.41084369166305,0.38256066515137094,0.1348611791475705,-2.497642646944519,1.642033210176628,12.175729298494783,-1.5071720310290575,10,50.0,-3068712.83411059,0.12131153010017703,1.413060761078901,44.50119209347239,100.0,27.522255192878337,,,,
USDJPY CALL-upout  40Δ  1M  H@20Δ  [Realized vol (20d) < 252d median],single,1366,10000000.0,20033589.02876526,2732000.0,24487894.17785968,4454305.149094416,-1842669.8209068477,24.52415812591508,122.23418451231427,0.5142462176883305,0.11365076120277406,-2.331867319858638,1.224273605416508,10.772242899738934,-1.1106228442137338,10,70.0,-644466.126412212,0.26332319375038205,1.6330303741849388,5.81331799785904,100.0,22.693997071742313,,,,
USDJPY CALL-upout  40Δ  6W  H@20Δ  [Realized vol (20d) < 252d median],single,1359,10000000.0,22970743.77931845,2718000.0,30720952.214645125,7750208.435326681,-1549701.5977281071,25.312729948491537,133.7394753508353,0.6780403127723621,0.5200067249154184,-1.152842258377378,0.7849761932754621,1.5095500801516406,-0.26496946836004365,10,80.0,-430026.87947761075,0.5459207349643356,1.893775949922613,5.016879525595596,100.0,21.265636497424577,,,,
USDJPY CALL-upout  40Δ  2M  H@20Δ  [Realized vol (20d) < 252d median],single,1348,10000000.0,27164869.667302568,2696000.0,34979658.30869767,7814788.641395109,-2410449.211137498,23.590504451038576,128.76799608135616,0.5106049644876363,0.3264028118338989,-2.0100239252021597,0.9847218223826858,3.01689135841083,-0.6583190105487868,10,70.0,-1011807.0954793893,0.35927109114085737,1.5783909530969327,8.909996495496676,100.0,24.480712166172104,,,,
USDJPY CALL-upout  40Δ  10W  H@20Δ  [Realized vol (20d) < 252d median],single,1348,10000000.0,29066274.304155365,2696000.0,36725515.21650544,7659240.912350066,-2886660.3361600135,22.8486646884273,126.35095517300299,0.4860571846712785,0.17394064757806604,-1.8402882340461715,1.1004213110230265,6.326418386646216,-0.9264806634449605,10,50.0,-874726.5874178525,0.2942094884142483,1.5174188016508774,11.108772415036029,100.0,26.706231454005934,,,,
USDJPY CALL-upout  40Δ  3M  H@20Δ  [Realized vol (20d) < 252d median],single,1348,10000000.0,33095334.2003331,2696000.0,41302449.07839924,8207114.878066142,-7377342.428246352,21.735905044510385,124.79840459802196,0.37947709655993944,0.03709350279726662,-2.6829287378085147,1.580930991594469,42.62015912153128,-1.5438374887972024,10,50.0,-2225372.860201341,0.12328027423752216,1.423708685571529,32.68227871213724,100.0,27.522255192878337,,,,
USDJPY CALL-upout  35Δ  1M  H@20Δ  [Realized vol (20d) < 252d median],single,1366,10000000.0,12877213.775841717,2732000.0,14428363.804577222,1551150.0287355045,-1708543.650259817,19.1800878477306,112.0456960312761,0.26949243734724737,-0.3672685419835666,-3.1117823956463635,1.4808534084760943,-4.032072555079751,-1.8481219504596609,10,50.0,-550416.5634129712,0.09889729148597388,1.301578736200957,5.818775449612617,100.0,22.693997071742313,,,,
USDJPY CALL-upout  35Δ  6W  H@20Δ  [Realized vol (20d) < 252d median],single,1359,10000000.0,14595166.850283813,2718000.0,18473095.732032634,3877928.881748823,-1054917.456926023,20.456217807211186,126.56995237895079,0.5220564601858702,0.2900016332372041,-1.5528799837706893,0.8264181008906476,2.849701540179557,-0.5364164676534435,10,70.0,-349776.5860988013,0.40127827603587113,1.6687141335144797,3.9505580407158605,100.0,21.265636497424577,,,,
USDJPY CALL-upout  35Δ  2M  H@20Δ  [Realized vol (20d) < 252d median],single,1348,10000000.0,17048118.132405683,2696000.0,21143103.040254418,4094984.907848735,-1622706.9805838023,19.21364985163205,124.02015797899031,0.41711092211157696,0.18812676241868193,-2.455925681380404,1.0578733810393288,5.623194528192639,-0.8697466186206468,10,70.0,-772713.5175871179,0.2796502569202991,1.4559992936819404,6.232349193738479,100.0,24.480712166172104,,,,
USDJPY CALL-upout  35Δ  10W  H@20Δ  [Realized vol (20d) < 252d median],single,1348,10000000.0,18164407.640632614,2696000.0,22147252.054538846,3982844.413906235,-2097865.783455452,18.397626112759642,121.92664078401802,0.394674029986264,-0.017629968644729054,-2.0173675115490397,1.1211994389082438,-63.59622421923343,-1.1388294075529728,10,40.0,-493059.91762749874,0.21051462442503452,1.4181837362366385,8.20236935899487,100.0,26.706231454005934,,,,
USDJPY CALL-upout  35Δ  3M  H@20Δ  [Realized vol (20d) < 252d median],single,1348,10000000.0,20530129.10453882,2696000.0,25083283.533316348,4553154.428777533,-4895314.146535774,18.323442136498517,122.17791425272095,0.332265113302321,-0.10781089876732115,-2.698393235306377,1.5728311616312645,-14.588795563477943,-1.6806420603985857,10,50.0,-1406981.225810109,0.10307060733058813,1.3766175107794592,22.779704631899875,100.0,27.522255192878337,,,,
USDJPY CALL-upout  30Δ  1M  H@20Δ  [Realized vol (20d) < 252d median],single,1366,10000000.0,7489333.493043229,2732000.0,6585724.215822152,-903609.277221076,-2093455.6396940304,12.298682284040996,87.93471704711202,-0.2954389719762705,-1.361923091886629,-4.72702731868462,1.8586315927610626,-1.3647111234352882,-3.2205546846476913,10,10.0,-475530.0653430706,-0.04701902179851275,0.7607858580668577,10.024176082784866,100.0,22.693997071742313,,,,
USDJPY CALL-upout  30Δ  6W  H@20Δ  [Realized vol (20d) < 252d median],single,1359,10000000.0,8288264.442408953,2718000.0,8663693.414157098,375428.9717481447,-1282194.0729432662,13.90728476821192,104.52964519118343,0.09584742102759855,-0.30008863253838053,-2.3396186566782466,0.982568296780923,-3.2742603025966175,-1.2826569293193035,10,50.0,-315889.9997640321,0.031962320861022527,1.098409842709916,5.961313136227623,100.0,21.265636497424577,,,,
USDJPY CALL-upout  30Δ  2M  H@20Δ  [Realized vol (20d) < 252d median],single,1348,10000000.0,9428284.00815651,2696000.0,10147589.502012346,719305.4938558347,-1146167.7816681324,13.724035608308604,107.62923023143509,0.14132576535594316,-0.12518590880436467,-2.565453555375252,1.0920501498405109,-8.723427103501892,-1.2172360586448756,10,60.0,-624336.1549999672,0.06954536686816505,1.134482291858651,5.643192980929167,100.0,24.480712166172104,,,,
USDJPY CALL-upout  30Δ  10W  H@20Δ  [Realized vol (20d) < 252d median],single,1348,10000000.0,9952472.83242655,2696000.0,10641483.508741328,689010.6763147793,-1710467.8940165367,11.943620178041543,106.92300986815945,0.12797147408146717,-0.5487774140948933,-2.7702148551067536,1.4157687787216917,-2.57985977986492,-1.964546192816585,10,40.0,-484364.8607231998,0.04466606097122463,1.126158933620385,6.8945774615670254,100.0,26.706231454005934,,,,
USDJPY CALL-upout  30Δ  3M  H@20Δ  [Realized vol (20d) < 252d median],single,1348,10000000.0,11063564.490646873,2696000.0,11812550.372101277,748985.8814544035,-3070002.866639833,12.462908011869436,106.76984241459971,0.1094156287108505,-0.40210706572680505,-3.0738303460204826,1.5592581684596576,-3.877718899669947,-1.9613652341864627,10,40.0,-772024.6757797198,0.02703571575809496,1.111797725897823,15.454184550874132,100.0,27.522255192878337,,,,
USDJPY CALL-upout  25Δ  1M  H@20Δ  [Realized vol (20d) < 252d median],single,1366,10000000.0,4005914.022606637,2732000.0,1667771.436928873,-2338142.585677764,-2327569.1523975274,5.051244509516837,41.63273169411805,-2.332007191344401,-3.1825006485597487,-5.856206073858596,1.885950415263496,-0.5926001668269854,-5.068451063823245,10,10.0,-404757.726911927,-0.10942714548289445,0.16290169196472834,14.085273592058597,100.0,22.693997071742313,,,,
USDJPY CALL-upout  25Δ  6W  H@20Δ  [Realized vol (20d) < 252d median],single,1359,10000000.0,4209838.938153454,2718000.0,2250324.778277342,-1959514.159876112,-1999887.4138483126,6.696100073583517,53.45393995677169,-1.4226571738428266,-2.4816321086897757,-4.198630091854952,1.4567319783985544,-0.5870056134821947,-3.9383640870883303,10,10.0,-352862.64423712384,-0.10695649115714177,0.2768455680203873,12.77181115083999,100.0,21.265636497424577,,,,
USDJPY CALL-upout  25Δ  2M  H@20Δ  [Realized vol (20d) < 252d median],single,1348,10000000.0,4499456.042997455,2696000.0,2754197.6825641617,-1745258.3604332926,-1908492.0904988232,6.454005934718101,61.21179218653654,-1.1054033315455287,-1.6087430412116857,-3.998462709590528,1.5554950848939761,-0.9669008940808821,-3.164238126105662,10,20.0,-422773.0917276373,-0.10133801293928156,0.40014248352537946,12.670606583047352,100.0,24.480712166172104,,,,
USDJPY CALL-upout  25Δ  10W  H@20Δ  [Realized vol (20d) < 252d median],single,1348,10000000.0,4640053.479501098,2696000.0,3034822.1765595507,-1605231.3029415484,-1730002.6270766484,6.231454005934718,65.40489651610343,-0.8650877736125638,-1.6333343050494495,-4.352761384495725,1.6915513815736154,-1.0356430868709412,-3.324885686623065,10,20.0,-398787.00518758246,-0.10288628528724876,0.4782657806245269,10.527793605384716,100.0,26.706231454005934,,,,
USDJPY CALL-upout  25Δ  3M  H@20Δ  [Realized vol (20d) < 252d median],single,1348,10000000.0,4938135.570088612,2696000.0,3075117.4213271867,-1863018.1487614247,-2158178.128632623,5.86053412462908,62.27284321544063,-0.9222158235866166,-1.512708945008033,-4.624512661600964,1.672120751891156,-1.1053816779554222,-3.184829696899189,10,20.0,-441286.4250751942,-0.09566053825848725,0.4548366929512493,12.270946618061405,100.0,27.522255192878337,,,,
USDJPY CALL-upout  ATM  1M  H@20Δ  [Spot > 50DMA  ∧  RV < p75],single,1161,10000000.0,33968424.95235002,2322000.0,46608167.59394106,12639742.641591048,-1898163.838835488,35.48664944013781,137.21027000610638,0.8903129599579552,0.8360645300501574,-0.17297839201660262,0.7571996371250742,0.9056712848225341,0.07886489292508314,10,80.0,-141733.65077709188,0.7253727007247689,2.3720137617659716,6.625132534336512,100.0,18.43238587424634,,,,
USDJPY CALL-upout  ATM  6W  H@20Δ  [Spot > 50DMA  ∧  RV < p75],single,1154,10000000.0,39183209.59532824,2308000.0,56650454.08308393,17467244.487755693,-3135209.4983631643,38.64818024263432,144.57839127563014,0.9181124612777766,0.8145605270431236,-0.7155732110825098,1.101665930133339,1.3524666290084244,-0.28710540309021526,10,60.0,-795487.4319479812,0.6081659775188739,2.356115576671033,9.296460683776777,100.0,18.284228769497403,,,,
USDJPY CALL-upout  ATM  2M  H@20Δ  [Spot > 50DMA  ∧  RV < p75],single,1141,10000000.0,46400579.74422542,2282000.0,65076292.56128359,18675712.817058165,-3351094.2044831864,34.96932515337423,140.248878182136,0.8084741238589299,0.49322682974895526,-4.174082077298762,1.8591945996885118,3.769451472530018,-1.3659677699395565,10,80.0,-2420119.612507845,0.6175804959083488,2.0962976900633508,10.828992512174903,100.0,22.611744084136724,,,,
USDJPY CALL-upout  ATM  10W  H@20Δ  [Spot > 50DMA  ∧  RV < p75],single,1141,10000000.0,49692599.94586483,2282000.0,68673241.90652719,18980641.960662365,-3918752.0146934576,35.232252410166524,138.19611366951997,0.7098960496329714,0.40988698032299953,-1.8504393456111101,1.5226178011629754,3.7147259470479415,-1.112730820839976,10,70.0,-2734002.475486604,0.537068579529734,1.9270977317888451,14.185722044866464,100.0,23.400525854513585,,,,
USDJPY CALL-upout  ATM  3M  H@20Δ  [Spot > 50DMA  ∧  RV < p75],single,1141,10000000.0,56655508.14599365,2282000.0,67809164.36451954,11153656.21852589,-8781903.259312807,30.93777388255916,119.68679936606412,0.34815533707638757,0.15243204773847968,-2.2847333362724225,1.765443375573471,11.581838607865173,-1.6130113278349913,10,60.0,-4796884.230074713,0.14074456313058833,1.3799681072790735,32.90730519071606,100.0,26.818580192813325,,,,
USDJPY CALL-upout  45Δ  1M  H@20Δ  [Spot > 50DMA  ∧  RV < p75],single,1161,10000000.0,24985363.3193685,2322000.0,33940269.50412187,8954906.18475337,-1511305.0583866285,30.663221360895783,135.84060824047162,0.8064562643335426,0.7196851116669959,-0.32609508019924865,0.7712752480016012,1.071684317902739,-0.0515901363346053,10,60.0,-173148.6164425392,0.64545441471387,2.220737803005433,5.392008488440359,100.0,18.43238587424634,,,,
USDJPY CALL-upout  45Δ  6W  H@20Δ  [Spot > 50DMA  ∧  RV < p75],single,1154,10000000.0,28798892.24306836,2308000.0,41322668.67475873,12523776.431690369,-2517967.6686683223,32.23570190641248,143.48700750704998,0.8540697257531548,0.738136183838127,-0.6721212489366526,1.0953574571382971,1.4839503619003032,-0.3572212733001702,10,60.0,-625131.6994077506,0.5429370073955941,2.269718392839353,7.713846532292226,100.0,18.284228769497403,,,,
USDJPY CALL-upout  45Δ  2M  H@20Δ  [Spot > 50DMA  ∧  RV < p75],single,1141,10000000.0,34142663.113649234,2282000.0,48176963.22543098,14034300.111781755,-2902256.5778769967,31.025416301489923,141.10487827228465,0.7714795497512775,0.43781551179282185,-4.083591679431365,1.737691973342027,3.9690050410190083,-1.2998764615492053,10,80.0,-2220987.483423574,0.5358681891686157,2.0310492197301127,9.026358382714086,100.0,22.611744084136724,,,,
USDJPY CALL-upout  45Δ  10W  H@20Δ  [Spot > 50DMA  ∧  RV < p75],single,1141,10000000.0,36608075.005778834,2282000.0,50626058.962076455,14017983.956297629,-2866577.8220659574,30.850131463628394,138.29205429153214,0.6760102553872563,0.2273517808854125,-3.162300411015024,1.681544795262068,7.396224426803952,-1.4541930143766555,10,70.0,-1788372.3306601483,0.5422361299267477,1.8765618632399588,10.803704138769348,100.0,23.400525854513585,,,,
USDJPY CALL-upout  45Δ  3M  H@20Δ  [Spot > 50DMA  ∧  RV < p75],single,1141,10000000.0,41886671.27860762,2282000.0,50049764.432574466,8163093.15396685,-6602478.276575568,27.256792287467135,119.48852201615723,0.3236276564347694,-0.04232001602879367,-2.274085601319588,1.778231200140114,-42.01867974081678,-1.8205512161689077,10,50.0,-3687666.90071822,0.13700953524264822,1.357729698227084,24.773349917153364,100.0,26.818580192813325,,,,
USDJPY CALL-upout  40Δ  1M  H@20Δ  [Spot > 50DMA  ∧  RV < p75],single,1161,10000000.0,17289366.102356724,2322000.0,22758134.511938397,5468768.4095816715,-1309540.2230789696,26.873385012919897,131.6308208016731,0.6784157247595289,0.5097692630616053,-0.8007365414581255,0.8642162048470741,1.695308578741504,-0.35444694178546876,10,60.0,-257753.88899896725,0.45491196637205855,1.988086450719938,4.667986034565431,100.0,18.43238587424634,,,,
USDJPY CALL-upout  40Δ  6W  H@20Δ  [Spot > 50DMA  ∧  RV < p75],single,1154,10000000.0,19805058.05481743,2308000.0,27424905.140197217,7619847.085379785,-1931909.6307207837,27.03639514731369,138.47424766082074,0.7294454980825742,0.6099531632666342,-0.7880319808985776,1.0457678515039248,1.714505169385898,-0.43581468823729064,10,60.0,-538318.7061528462,0.4305501417278866,2.0729188619486756,6.228562061405411,100.0,18.284228769497403,,,,
USDJPY CALL-upout  40Δ  2M  H@20Δ  [Spot > 50DMA  ∧  RV < p75],single,1141,10000000.0,23328748.925259482,2282000.0,32721218.978086896,9392470.052827416,-2148313.9246977908,26.205083260297986,140.26135341813207,0.7157313211702033,0.3754907207370965,-3.92031755619977,1.6164802935731102,4.304980667431472,-1.2409895728360136,10,80.0,-1680684.1659470443,0.48449031198337095,1.9452723843485566,6.801654101136991,100.0,22.611744084136724,,,,
USDJPY CALL-upout  40Δ  10W  H@20Δ  [Spot > 50DMA  ∧  RV < p75],single,1141,10000000.0,24958593.213938326,2282000.0,33919009.35176663,8960416.137828298,-2412259.3258963693,24.89044697633655,135.9011265619902,0.6024897201859062,0.10029172198569145,-3.31200522094255,1.6172968878195446,16.125926006637748,-1.5170051658338533,10,50.0,-1482973.0864327166,0.41188010543354037,1.7600355334674276,8.589728091833628,100.0,23.400525854513585,,,,
USDJPY CALL-upout  40Δ  3M  H@20Δ  [Spot > 50DMA  ∧  RV < p75],single,1141,10000000.0,28448466.634015307,2282000.0,33297747.16055412,4849280.526538805,-4552561.111471824,22.261174408413673,117.0458414821578,0.2699722809397897,-0.3346959514247434,-3.809527222835052,1.934207855726483,-5.778999857909518,-2.2689038071512266,10,50.0,-2489673.4324342795,0.11803873475536879,1.2979459092217536,17.831998932772027,100.0,26.818580192813325,,,,
USDJPY CALL-upout  35Δ  1M  H@20Δ  [Spot > 50DMA  ∧  RV < p75],single,1161,10000000.0,11098624.805950496,2322000.0,13304516.176497776,2205891.3705472765,-1048589.0685468304,21.274763135228252,119.87535761515784,0.4279485331581521,-0.006418297619330887,-2.552412024594215,1.2296574249902965,-191.58622705291273,-1.2360757226096275,10,60.0,-415631.3529936862,0.22915823414685194,1.5511106919536415,3.780790371238112,100.0,18.43238587424634,,,,
USDJPY CALL-upout  35Δ  6W  H@20Δ  [Spot > 50DMA  ∧  RV < p75],single,1154,10000000.0,12569253.152933612,2308000.0,16074409.599668069,3505156.446734456,-1414583.898334409,20.88388214904679,127.88675193415425,0.5211520285074338,0.34138821976712563,-1.1614406617959672,0.9796122941115921,2.869496477587376,-0.6382240743444665,10,60.0,-458002.39210023824,0.2704848744697342,1.726205160774412,5.025220844396248,100.0,18.284228769497403,,,,
USDJPY CALL-upout  35Δ  2M  H@20Δ  [Spot > 50DMA  ∧  RV < p75],single,1141,10000000.0,14627004.31105615,2282000.0,19547234.09116312,4920229.780106969,-1399505.1107761648,20.858895705521473,133.63798680491195,0.5806112046841355,0.2139036745533157,-4.036113249586373,1.5585470261576395,7.286209689535606,-1.344643351604324,10,80.0,-1103131.5338083683,0.38959548755320406,1.732681112594947,4.819830121200214,100.0,22.611744084136724,,,,
USDJPY CALL-upout  35Δ  10W  H@20Δ  [Spot > 50DMA  ∧  RV < p75],single,1141,10000000.0,15583840.309476804,2282000.0,20325889.400032647,4742049.090555844,-1811571.906085768,19.71954425942156,130.42927158122973,0.49482841842035424,-0.054878237915655936,-3.285277737178684,1.5443489123568883,-28.141372081414968,-1.5992271502725441,10,50.0,-1016401.9588288788,0.2902532547040109,1.6187266516087542,6.296678032653763,100.0,23.400525854513585,,,,
USDJPY CALL-upout  35Δ  3M  H@20Δ  [Spot > 50DMA  ∧  RV < p75],single,1141,10000000.0,17632892.55911487,2282000.0,19279163.94514167,1646271.3860267992,-3290348.7262746356,17.616126205083262,109.33636600182083,0.14847928853163417,-0.561211894750983,-3.8884200158243547,1.9337577624737368,-3.4456820686806187,-2.4949696572247198,10,50.0,-1544359.5141171862,0.05544501718428794,1.1545474917968814,13.891244762837948,100.0,26.818580192813325,,,,
USDJPY CALL-upout  30Δ  1M  H@20Δ  [Spot > 50DMA  ∧  RV < p75],single,1161,10000000.0,6437647.964632064,2322000.0,5986456.146802843,-451191.8178292223,-1455031.3764361034,13.436692506459949,92.99135615510455,-0.1680221638346972,-0.7923346086860812,-2.8948435241428214,1.2399485977701719,-1.5649305030691054,-2.032283206456253,10,20.0,-432158.24192110996,-0.033778901951950935,0.8476524777012424,7.4031122556327515,100.0,18.43238587424634,,,,
USDJPY CALL-upout  30Δ  6W  H@20Δ  [Spot > 50DMA  ∧  RV < p75],single,1154,10000000.0,7120507.621730311,2308000.0,7338105.394025402,217597.77229509107,-1659344.4618891887,14.038128249566725,103.0559306141465,0.061440924972393736,-0.3151479632119534,-2.0217194314069142,1.106887482993802,-3.512278714139627,-1.4220354462057554,10,40.0,-417622.56769704865,0.014314697755584155,1.067849949428835,7.861110078146942,100.0,18.284228769497403,,,,
USDJPY CALL-upout  30Δ  2M  H@20Δ  [Spot > 50DMA  ∧  RV < p75],single,1141,10000000.0,8072872.0963619305,2282000.0,9430481.489217043,1357609.3928551122,-1061841.3497350377,14.198071866783524,116.8169317765721,0.2935214803319102,-0.13172058051382063,-4.089583100127594,1.4662296788579514,-11.131363626993043,-1.597950259371772,10,60.0,-623183.9710393033,0.14168315599683678,1.3277922073243877,5.168988062981965,100.0,22.611744084136724,,,,
USDJPY CALL-upout  30Δ  10W  H@20Δ  [Spot > 50DMA  ∧  RV < p75],single,1141,10000000.0,8522179.228960581,2282000.0,9852881.902748588,1330702.6737880073,-1678583.2987143388,13.146362839614373,115.61458211610865,0.2547856153930439,-0.5205229320705318,-3.493403758796032,1.5715340587013995,-3.0191447136635543,-2.0920569907719315,10,40.0,-601526.5115352676,0.08790321543859576,1.2962446474784721,6.345485945899797,100.0,23.400525854513585,,,,
USDJPY CALL-upout  30Δ  3M  H@20Δ  [Spot > 50DMA  ∧  RV < p75],single,1141,10000000.0,9484520.704096757,2282000.0,8612605.095939487,-871915.6081572702,-2566010.53999015,11.481156879929886,90.80696183434284,-0.1674771635909863,-0.87188446400288,-3.7606694337068256,1.821618959547229,-2.089289389541424,-2.693503423550109,10,40.0,-824133.2594800045,-0.037654686632475065,0.8536849692084673,12.32555087659056,100.0,26.818580192813325,,,,
USDJPY CALL-upout  25Δ  1M  H@20Δ  [Spot > 50DMA  ∧  RV < p75],single,1161,10000000.0,3424109.431697207,2322000.0,1434351.2051567133,-1989758.226540494,-1982656.2211608225,5.254091300602928,41.88975947669282,-2.27008537965651,-2.8828093543812137,-4.391758293874442,1.348125771732767,-0.4676430543989747,-4.23093512611398,10,10.0,-311581.7679698959,-0.10932250211615761,0.13020681137998677,12.234636707086377,100.0,18.43238587424634,,,,
USDJPY CALL-upout  25Δ  6W  H@20Δ  [Spot > 50DMA  ∧  RV < p75],single,1154,10000000.0,3596925.0488149608,2308000.0,1822959.3754104413,-1773965.6734045194,-1819242.9718183307,5.979202772963605,50.68104980422184,-1.3794105736107318,-2.2154626615363147,-4.789701836929701,1.3899679674415641,-0.627393993847628,-3.605430628977879,10,0.0,-323140.2788423584,-0.10644341367294757,0.25414873417440864,12.234267281052057,100.0,18.284228769497403,,,,
USDJPY CALL-upout  25Δ  2M  H@20Δ  [Spot > 50DMA  ∧  RV < p75],single,1141,10000000.0,3833300.319189695,2282000.0,2600964.9852582673,-1232335.3339314274,-1509862.3996580068,6.923751095530236,67.85184485122926,-0.8269884415875596,-1.5206103393877863,-4.0154501878549445,1.6422529619045172,-1.0799959196421782,-3.1628633012923038,10,20.0,-302254.0442274583,-0.09044708039618546,0.49220347444228113,10.473065771950615,100.0,22.611744084136724,,,,
USDJPY CALL-upout  25Δ  10W  H@20Δ  [Spot > 50DMA  ∧  RV < p75],single,1141,10000000.0,3953813.286063001,2282000.0,2697060.002162298,-1256753.2839007035,-1553334.0427564573,6.8361086765994745,68.21414687611332,-0.7389468428107642,-1.6148133638673365,-3.51081306935657,1.682783245115836,-1.0420914780428356,-3.2975966089831728,10,20.0,-287410.47829097114,-0.08971226015728058,0.5092760583889874,9.930770843213505,100.0,23.400525854513585,,,,
USDJPY CALL-upout  25Δ  3M  H@20Δ  [Spot > 50DMA  ∧  RV < p75],single,1141,10000000.0,4211986.7021343745,2282000.0,2056987.230671402,-2154999.471462973,-2378952.5789856208,4.557405784399649,48.83650818814427,-1.4700966625109388,-2.0022711098573405,-3.6892615390788057,1.481216862002191,-0.7397683833672883,-3.4834879718595317,10,10.0,-441243.5464832203,-0.10038397861010781,0.2907477285104202,14.376947672989125,100.0,26.818580192813325,,,,
USDJPY CALL-upout  ATM  1M  H@20Δ  [Golden cross  ∧  RV < p75],single,1011,10000000.0,29987155.164843347,2022000.0,36419471.74360745,6432316.5787641,-2604554.4960437305,30.86053412462908,121.45023942219531,0.4706886794350011,0.4194416510608322,-0.9999999999999999,0.9200486796026589,2.1935081489301664,-0.5006070285418267,10,70.0,-1024006.8871347093,0.26902375691210123,1.6645712363850143,8.77421248054438,100.0,19.683481701285853,,,,
USDJPY CALL-upout  ATM  6W  H@20Δ  [Golden cross  ∧  RV < p75],single,1004,10000000.0,34579264.671667695,2008000.0,43944249.941943474,9364985.270275779,-4033035.428808704,32.47011952191235,127.0826617026039,0.4849134490451474,0.4808749989974254,-1.111077109178506,0.8763701624004494,1.8224490028127693,-0.395495163403024,10,70.0,-1128287.0092038335,0.2534774616833988,1.7210282753074024,11.71573300983333,100.0,19.322709163346612,,,,
USDJPY CALL-upout  ATM  2M  H@20Δ  [Golden cross  ∧  RV < p75],single,991,10000000.0,40776282.07674594,1982000.0,40517588.252277575,-258693.82446836552,-5685689.370750944,24.924318869828458,99.3655777052418,-0.012590414451699004,-0.16407916104631393,-2.181158809274667,1.291108019150203,-7.8688116816112155,-1.4551871801965168,10,50.0,-3036171.475898344,-0.0049980604833463164,0.9872400561035528,23.506521108325792,100.0,23.107971745711403,,,,
USDJPY CALL-upout  ATM  10W  H@20Δ  [Golden cross  ∧  RV < p75],single,988,10000000.0,43575201.90212036,1976000.0,39355242.71572867,-4219959.186391685,-8648539.720320685,23.178137651821864,90.31568644048818,-0.19199467306501397,-0.32661194756003104,-2.143846698187068,1.4331963092927433,-4.388070675305969,-1.7598082568527744,10,40.0,-3845635.440016527,-0.054022337945305955,0.8261415488730914,35.23401298963317,100.0,23.88663967611336,,,,
USDJPY CALL-upout  ATM  3M  H@20Δ  [Golden cross  ∧  RV < p75],single,987,10000000.0,49542821.38958284,1974000.0,48075405.83529251,-1467415.5542903324,-12771054.412173307,26.24113475177305,97.03808642073244,-0.049124529222915686,-0.2325377434038481,-2.2498588256287912,1.5409072101206454,-6.626482168292797,-1.7734449535244934,10,30.0,-4248815.97082846,-0.012717526394869968,0.9503831593834052,53.10395020747033,100.0,23.2016210739615,,,,
USDJPY CALL-upout  45Δ  1M  H@20Δ  [Golden cross  ∧  RV < p75],single,1011,10000000.0,22036248.15861598,2022000.0,26564161.81211816,4527913.65350218,-2049061.9000733406,26.409495548961427,120.54757062504675,0.4203727691173674,0.32757405863878397,-1.0038671471470226,0.9259227735895114,2.8266059206187837,-0.5983487149507274,10,70.0,-923461.4780649111,0.24071310188041176,1.5790281291424206,7.059009179906246,100.0,19.683481701285853,,,,
USDJPY CALL-upout  45Δ  6W  H@20Δ  [Golden cross  ∧  RV < p75],single,1004,10000000.0,25386693.782394625,2008000.0,32604937.420952395,7218243.63855777,-2993027.949402295,27.78884462151394,128.43317724013176,0.47739236472717633,0.4687704325880858,-1.1105888671470228,0.8390863455303805,1.789972846405387,-0.3703159129422947,10,70.0,-736601.6299566109,0.26326010634100605,1.7287602135310534,8.745650382943529,100.0,19.322709163346612,,,,
USDJPY CALL-upout  45Δ  2M  H@20Δ  [Golden cross  ∧  RV < p75],single,991,10000000.0,29961939.32210599,1982000.0,29983405.08569794,21465.76359195565,-4857124.909262179,21.493440968718467,100.07164343856778,0.0013124362363218598,-0.24396146504494035,-3.0807750757476846,1.3621205240818015,-5.58334294242283,-1.606081989126742,10,60.0,-2953071.379790176,0.0004854736299335774,1.0013521892094364,20.38505054746422,100.0,23.107971745711403,,,,
USDJPY CALL-upout  45Δ  10W  H@20Δ  [Golden cross  ∧  RV < p75],single,988,10000000.0,32050882.606228,1976000.0,29262129.844429813,-2788752.7617981844,-6138491.190890688,20.344129554655872,91.29898294514895,-0.1615337960679092,-0.36838261893477653,-2.100868837039099,1.3484824644872495,-3.6605485578732018,-1.716865083422026,10,40.0,-2801227.996471805,-0.05029864497646755,0.8498017036284777,26.033903811312488,100.0,23.88663967611336,,,,
USDJPY CALL-upout  45Δ  3M  H@20Δ  [Golden cross  ∧  RV < p75],single,987,10000000.0,36556010.308150485,1974000.0,34801895.1280262,-1754115.1801242805,-9705995.714082625,21.98581560283688,95.20156831848475,-0.07463865316323463,-0.30179109493772216,-2.249803766921064,1.4413794456014817,-4.776083422537454,-1.7431705405392037,10,30.0,-3159040.2194876983,-0.02000296138136437,0.9245168182537151,42.25473902808832,100.0,23.2016210739615,,,,
USDJPY CALL-upout  40Δ  1M  H@20Δ  [Golden cross  ∧  RV < p75],single,1011,10000000.0,15240073.872048885,2022000.0,17980636.151585896,2740562.2795370123,-1530671.4345718573,23.24431256181998,117.98260495681289,0.3436666813131367,0.17280673654197612,-1.120320229455084,0.910134498627091,5.266776728961675,-0.7373277620851149,10,50.0,-739517.4645924292,0.19503581507271966,1.4630332131614978,6.225112641490483,100.0,19.683481701285853,,,,
USDJPY CALL-upout  40Δ  6W  H@20Δ  [Golden cross  ∧  RV < p75],single,1004,10000000.0,17449861.962719522,2008000.0,22339538.022335716,4889676.059616194,-2077189.440131253,24.302788844621514,128.0212879051001,0.442826649903685,0.41444109987846806,-1.109707110937215,0.7716769879046625,1.86197022479419,-0.3572358880261945,10,70.0,-503016.061789167,0.256961624981965,1.6868941300157403,6.213255510224735,100.0,19.322709163346612,,,,
USDJPY CALL-upout  40Δ  2M  H@20Δ  [Golden cross  ∧  RV < p75],single,991,10000000.0,20465773.1300665,1982000.0,20715154.19803412,249381.06796761858,-3655791.9841535417,18.163471241170534,101.21852747210048,0.020591580712209772,-0.3067540903635771,-3.7234996263693882,1.438673660329301,-4.689990143649358,-1.7454277506928781,10,60.0,-2352411.2348218416,0.007493428696902329,1.0220702511741493,15.845371843541622,100.0,23.107971745711403,,,,
USDJPY CALL-upout  40Δ  10W  H@20Δ  [Golden cross  ∧  RV < p75],single,988,10000000.0,21844913.987854153,1976000.0,20014563.10383836,-1830350.8840157958,-4011294.767785303,16.39676113360324,91.62115774393308,-0.14667979199095607,-0.4527373334303226,-2.1575250792733836,1.221546622206495,-2.698135391113033,-1.6742839556368176,10,30.0,-1857026.7666858088,-0.05051934199836545,0.8611314817461247,18.441698204155415,100.0,23.88663967611336,,,,
USDJPY CALL-upout  40Δ  3M  H@20Δ  [Golden cross  ∧  RV < p75],single,987,10000000.0,24823104.70097267,1974000.0,23307726.232925206,-1515378.4680474638,-6726869.539513647,17.52786220871327,93.89529035025146,-0.08936463277007362,-0.3853436014297265,-2.2495541925554052,1.348950845357234,-3.5006442052035385,-1.7342944467869605,10,30.0,-2134929.3957764492,-0.024933565768126678,0.9082473457129211,31.132695185579824,100.0,23.2016210739615,,,,
USDJPY CALL-upout  35Δ  1M  H@20Δ  [Golden cross  ∧  RV < p75],single,1011,10000000.0,9772998.118521424,2022000.0,10730108.904993586,957110.7864721621,-1142445.493857733,18.595450049455984,109.7934203492609,0.1820719088414776,-0.15530016764103263,-1.1576973589725612,0.8808220816532613,-5.671739412987825,-1.0361222492942939,10,40.0,-496485.88008497754,0.09126061535838276,1.2301618794740816,5.950734674784278,100.0,19.683481701285853,,,,
USDJPY CALL-upout  35Δ  6W  H@20Δ  [Golden cross  ∧  RV < p75],single,1004,10000000.0,11064184.373020126,2008000.0,13530692.3934169,2466508.0203967746,-1325515.4865097497,20.0199203187251,122.29272341494347,0.34383657127522504,0.2586257197676821,-1.1080990832174422,0.7137917526287266,2.75994109661603,-0.4551660328610445,10,70.0,-375819.6343498004,0.20312436182262544,1.5144153380507417,4.629452683987558,100.0,19.322709163346612,,,,
USDJPY CALL-upout  35Δ  2M  H@20Δ  [Golden cross  ∧  RV < p75],single,991,10000000.0,12823997.733265482,1982000.0,12918094.243481236,94096.51021575276,-2476943.566179879,14.631685166498487,100.733753328509,0.011570382184384833,-0.3988577284644754,-4.36993584163356,1.5511688480953145,-3.8890279350158576,-1.95002657655979,10,50.0,-1645835.7405875418,0.0041730729814382335,1.012516075533999,12.378697537858551,100.0,23.107971745711403,,,,
USDJPY CALL-upout  35Δ  10W  H@20Δ  [Golden cross  ∧  RV < p75],single,988,10000000.0,13631294.719784984,1976000.0,12371991.225957444,-1259303.493827541,-2421878.639733814,13.259109311740891,90.76167363618264,-0.15670855855420457,-0.5506871848340446,-2.3240240706332864,1.2122748409945845,-2.201385603988436,-1.762962025828629,10,30.0,-1109692.2445133305,-0.057568636109542354,0.849505852775854,12.12037076440002,100.0,23.88663967611336,,,,
USDJPY CALL-upout  35Δ  3M  H@20Δ  [Golden cross  ∧  RV < p75],single,987,10000000.0,15379290.700649496,1974000.0,14152859.165061396,-1226431.5355881029,-4342067.010691204,14.184397163120568,92.02543498617719,-0.1121298498814249,-0.49883558913346243,-2.3249732717803617,1.3296273355662462,-2.6654620570997536,-1.8284629246997086,10,30.0,-1310548.6028250384,-0.0312624544716093,0.8833613284959847,20.93550894642594,100.0,23.2016210739615,,,,
USDJPY CALL-upout  30Δ  1M  H@20Δ  [Golden cross  ∧  RV < p75],single,1011,10000000.0,5656755.975854581,2022000.0,5058511.965425148,-598244.010429433,-1155944.8073028408,12.660731948565775,89.42425635853851,-0.2149360881778943,-0.7033405694491663,-1.8742932686995197,0.9265388053280325,-1.3173401984385285,-1.629879374777199,10,20.0,-322342.74552387965,-0.056376476858232945,0.7922020117599512,5.819490040702724,100.0,19.683481701285853,,,,
USDJPY CALL-upout  30Δ  6W  H@20Δ  [Golden cross  ∧  RV < p75],single,1004,10000000.0,6255428.069574295,2008000.0,6321676.020896709,66247.95132241474,-1005543.4652426682,13.745019920318724,101.05904744784193,0.017685831857597433,-0.20905258865945062,-1.1048507795141569,0.7257558107372172,-3.4716423048914398,-0.9348083993966678,10,30.0,-281530.9944512799,0.007191771701350255,1.0213479984448126,4.9098832290365175,100.0,19.322709163346612,,,,
USDJPY CALL-upout  30Δ  2M  H@20Δ  [Golden cross  ∧  RV < p75],single,991,10000000.0,7067968.35171024,1982000.0,6650520.801634718,-417447.5500755219,-1758644.3561149945,10.898082744702322,94.09381127216689,-0.09085348496600963,-0.5731167627104152,-4.592415531544849,1.5428910716339916,-2.692105993091646,-2.1160078343444066,10,40.0,-974038.3070862698,-0.02607488903664866,0.9064976407146936,10.59121967378904,100.0,23.107971745711403,,,,
USDJPY CALL-upout  30Δ  10W  H@20Δ  [Golden cross  ∧  RV < p75],single,988,10000000.0,7443929.597266067,1976000.0,6194020.533378124,-1249909.0638879428,-1850711.5535605932,9.31174089068826,83.20901551316395,-0.29621585044911686,-0.8400614240660692,-2.9670655557573458,1.370041952448988,-1.6308830678329502,-2.210103376515057,10,40.0,-720652.8916409859,-0.07477347946275156,0.7329537928495158,10.820666956135643,100.0,23.88663967611336,,,,
USDJPY CALL-upout  30Δ  3M  H@20Δ  [Golden cross  ∧  RV < p75],single,987,10000000.0,8263908.941255607,1974000.0,6889527.958878754,-1374380.982376855,-2642977.0101595717,9.929078014184398,83.36887552674274,-0.2473051166643514,-0.6861510853654366,-2.83102213515551,1.3323244735698152,-1.941736305583826,-2.018475558935252,10,30.0,-689324.3634378896,-0.05755592478452914,0.7613448602152714,12.9648334853911,100.0,23.2016210739615,,,,
USDJPY CALL-upout  25Δ  1M  H@20Δ  [Golden cross  ∧  RV < p75],single,1011,10000000.0,2995348.880354001,2022000.0,1262389.8727219598,-1732959.0076320411,-1722385.5743518053,5.242334322453017,42.145002907733605,-1.8387635000936025,-2.1486600900768535,-3.8421354566552965,1.192627419728675,-0.5550563466211247,-3.341287509805529,10,10.0,-310540.70657021,-0.10960101636715432,0.15943683237943712,10.034134583635268,100.0,19.683481701285853,,,,
USDJPY CALL-upout  25Δ  6W  H@20Δ  [Golden cross  ∧  RV < p75],single,1004,10000000.0,3145605.8738787756,2008000.0,1585400.1856600065,-1560205.6882187692,-1556383.7698211945,6.175298804780876,50.40047129951106,-1.2111925910619734,-1.8553196877467841,-3.7791067819756017,1.1304856423480727,-0.6093212128423027,-2.985805330094857,10,10.0,-292120.3984045269,-0.10942824941627496,0.24780638722980375,9.59751394437011,100.0,19.322709163346612,,,,
USDJPY CALL-upout  25Δ  2M  H@20Δ  [Golden cross  ∧  RV < p75],single,991,10000000.0,3344500.4544702116,1982000.0,2088791.3432145757,-1255709.1112556357,-1544129.237409842,5.852674066599395,62.454509175584846,-0.8074709923248046,-1.234633401080849,-4.499904336659747,1.382675343728088,-1.1199076118608462,-2.617308744808937,10,20.0,-457166.92326768424,-0.08933136583290101,0.43997289713658705,10.219236004721017,100.0,23.107971745711403,,,,
USDJPY CALL-upout  25Δ  10W  H@20Δ  [Golden cross  ∧  RV < p75],single,988,10000000.0,3440965.709875099,1976000.0,1794914.483804374,-1646051.2260707247,-1811024.2747450513,5.465587044534413,52.16310289443502,-1.1204640394143381,-1.601712991295453,-3.74233864650948,1.4163367992082256,-0.8842637893963159,-3.018049790503679,10,10.0,-377097.87892480055,-0.10062988678046032,0.33465348310560455,11.115636712247259,100.0,23.88663967611336,,,,
USDJPY CALL-upout  25Δ  3M  H@20Δ  [Golden cross  ∧  RV < p75],single,987,10000000.0,3659507.2195373476,1974000.0,1956907.1803645166,-1702600.0391728305,-1937067.0923213663,4.964539007092199,53.47460909263948,-0.9925578366029658,-1.2960088894865103,-3.515509323768835,1.225772555611507,-0.9458056696641708,-2.5217814450980174,10,10.0,-309935.88355762576,-0.09728463651006045,0.37954808424146447,10.544103971928447,100.0,23.2016210739615,,,,
USDJPY CALL-upout  ATM  1M  H@20Δ  [Golden cross  ∧  RV < median (strict)],single,797,10000000.0,23463672.91913554,1594000.0,28308503.178153917,4844830.259018379,-2224498.700637262,29.98745294855709,120.6482176755338,0.384338893190123,0.2057382041752729,-1.0,0.8708712577472464,4.232909785706752,-0.6651330535719735,10,50.0,-937243.1385471657,0.23724828444625448,1.5735003064634314,8.229414926416101,100.0,19.949811794228356,,,,
USDJPY CALL-upout  ATM  6W  H@20Δ  [Golden cross  ∧  RV < median (strict)],single,790,10000000.0,26967977.01964638,1580000.0,35898371.42640625,8930394.406759871,-3058364.0240714513,33.54430379746836,133.11481020713575,0.5048875547527103,0.417849522094753,-0.9999999999999999,0.7840492439653257,1.87639138614961,-0.3661997218705727,10,70.0,-642500.5063953325,0.3187467397320875,1.826614593106786,9.442828222542401,100.0,18.10126582278481,,,,
USDJPY CALL-upout  ATM  2M  H@20Δ  [Golden cross  ∧  RV < median (strict)],single,779,10000000.0,31812565.62935315,1558000.0,32153855.149304133,341289.5199509817,-4569009.455860823,24.646983311938385,101.07281356658663,0.018613352814772895,-0.18561525908881146,-1.7315816450437516,1.3001647068645874,-7.004621889639454,-1.4857799659533988,10,50.0,-2062398.6102093973,0.008277590110912673,1.0205545049099212,20.29637744572142,100.0,22.593068035943517,,,,
USDJPY CALL-upout  ATM  10W  H@20Δ  [Golden cross  ∧  RV < median (strict)],single,779,10000000.0,34116062.40282412,1558000.0,33380262.99905181,-735799.4037723097,-6715734.306489514,23.62002567394095,97.84324640081734,-0.03701923526216542,-0.275101679891435,-1.9027423406037418,1.3535036705373908,-4.92001237895578,-1.6286053504288258,10,40.0,-2712585.9419494313,-0.01214877686402952,0.9595548295498686,27.427485237039203,100.0,23.876765083440308,,,,
USDJPY CALL-upout  ATM  3M  H@20Δ  [Golden cross  ∧  RV < median (strict)],single,779,10000000.0,38878457.414425224,1558000.0,39630257.4446335,751800.030208271,-10049401.798955044,26.31578947368421,101.93371877437023,0.028670478753882303,-0.15251600245441135,-2.010014498979925,1.4761593101388844,-9.678717553458851,-1.6286753125932958,10,40.0,-3206368.8117453214,0.008290202705612707,1.0326784574288612,42.47601246165892,100.0,22.978177150192554,,,,
USDJPY CALL-upout  45Δ  1M  H@20Δ  [Golden cross  ∧  RV < median (strict)],single,797,10000000.0,17252941.879283596,1594000.0,20820026.31575133,3567084.436467733,-1698656.5211320054,25.972396486825595,120.67522432653006,0.3569514293425175,0.09383100891159976,-1.030465213014389,0.9095286077046495,9.693262581899084,-0.8156975987930497,10,50.0,-840586.8710059976,0.22875178419141134,1.5374359076920139,7.179129175187004,100.0,19.949811794228356,,,,
USDJPY CALL-upout  45Δ  6W  H@20Δ  [Golden cross  ∧  RV < median (strict)],single,790,10000000.0,19813657.048517995,1580000.0,26795075.086838335,6981418.038320342,-2252946.861631321,28.860759493670884,135.23538345912036,0.5039853157294331,0.38231195990325545,-0.9999999999999999,0.7896038656874337,2.0653391693193277,-0.40729190578417823,10,70.0,-548887.9794842533,0.33826493709182925,1.8596663077384337,7.010536014981063,100.0,18.10126582278481,,,,
USDJPY CALL-upout  45Δ  2M  H@20Δ  [Golden cross  ∧  RV < median (strict)],single,779,10000000.0,23397927.24629163,1558000.0,23708045.31248261,310118.06619098224,-3913383.391408176,21.309370988446727,101.32540828478787,0.021267458372174423,-0.2990896789043957,-2.570939417404917,1.3094709780327545,-4.378188451134511,-1.6085606569371502,10,50.0,-2135072.392304157,0.00878168169156855,1.0239140165000977,16.528357778937327,100.0,22.593068035943517,,,,
USDJPY CALL-upout  45Δ  10W  H@20Δ  [Golden cross  ∧  RV < median (strict)],single,779,10000000.0,25120287.277529016,1558000.0,25214903.66035304,94616.38282401866,-4940416.04836233,21.309370988446727,100.37665326745152,0.005963797139140981,-0.30165682019625606,-1.8414920989184265,1.2566549840048082,-4.165843103388932,-1.5583118042010642,10,30.0,-1963856.7584917888,0.0021235840119385513,1.006806187333261,20.355687306571927,100.0,23.876765083440308,,,,
USDJPY CALL-upout  45Δ  3M  H@20Δ  [Golden cross  ∧  RV < median (strict)],single,779,10000000.0,28725444.977785107,1558000.0,29074045.641646877,348600.66386176925,-7416269.793795375,22.464698331193837,101.21356053537679,0.01681670410777174,-0.19923175519135286,-2.0099568358509687,1.3445683613660195,-6.748765326464268,-1.5438001165573725,10,30.0,-2384145.6747536287,0.005208896293615936,1.0194958761223327,32.360769622581394,100.0,22.978177150192554,,,,
USDJPY CALL-upout  40Δ  1M  H@20Δ  [Golden cross  ∧  RV < median (strict)],single,797,10000000.0,11935395.805203632,1594000.0,14238611.58391388,2303215.7787102493,-1369416.7020002236,23.212045169385195,119.29735566629543,0.3080748249468859,-0.09036986383096154,-1.2693239973089891,0.9721954100162752,-10.757960328841307,-1.0625652738472366,10,50.0,-658796.5471922188,0.1832127434254302,1.4684439775218705,6.1524192043695525,100.0,19.949811794228356,,,,
USDJPY CALL-upout  40Δ  6W  H@20Δ  [Golden cross  ∧  RV < median (strict)],single,790,10000000.0,13623075.969555985,1580000.0,18416791.87453131,4793715.904975324,-1553848.9450247623,25.696202531645568,135.188205040389,0.4724405975039099,0.31058969317422186,-1.152842258377378,0.7771543404394147,2.5021897297908033,-0.4665646472651928,10,70.0,-430026.87947761075,0.33676564686148847,1.8274834661175758,4.988785444202924,100.0,18.10126582278481,,,,
USDJPY CALL-upout  40Δ  2M  H@20Δ  [Golden cross  ∧  RV < median (strict)],single,779,10000000.0,15984991.570879359,1558000.0,16305103.596371962,320112.025492602,-2942656.6408466534,18.10012836970475,102.00257863179462,0.02975694539469544,-0.38969801472070714,-3.1768654186311185,1.3675083628495492,-3.5091489081093457,-1.7572063775702564,10,50.0,-1725068.4057290298,0.012054950206863441,1.0349037272290251,12.708114083105288,100.0,22.593068035943517,,,,
USDJPY CALL-upout  40Δ  10W  H@20Δ  [Golden cross  ∧  RV < median (strict)],single,779,10000000.0,17123626.238629073,1558000.0,17482745.896299645,359119.65767057205,-3314539.981207637,17.84338896020539,102.09721733391048,0.030635515979177734,-0.3750359800682368,-1.8402882340461715,1.1298558904893639,-3.0126599860733085,-1.5048918705576007,10,30.0,-1289506.8430934427,0.012013859431630271,1.0357075721744122,14.124095686850293,100.0,23.876765083440308,,,,
USDJPY CALL-upout  40Δ  3M  H@20Δ  [Golden cross  ∧  RV < median (strict)],single,779,10000000.0,19507156.802232407,1558000.0,19604429.740672402,97272.93843999365,-4998044.396257006,17.971758664955072,100.49865256852225,0.006439247758510191,-0.27057894200153615,-2.009849191566593,1.2001867146587353,-4.4356249816806566,-1.4707656566602714,10,20.0,-1611347.1870043254,0.0021567258682219947,1.0076532282581103,22.9902380636346,100.0,22.978177150192554,,,,
USDJPY CALL-upout  35Δ  1M  H@20Δ  [Golden cross  ∧  RV < median (strict)],single,797,10000000.0,7657964.477829179,1594000.0,8591944.782750027,933980.3049208494,-1249677.7055332,18.820577164366373,112.19619531567227,0.1879410539678502,-0.45876994659090775,-2.1486710063971923,1.0904419546412099,-2.376881839676333,-1.5492119012321175,10,40.0,-452656.0184352579,0.0814134890860308,1.270190694720676,5.3296130602593985,100.0,19.949811794228356,,,,
USDJPY CALL-upout  35Δ  6W  H@20Δ  [Golden cross  ∧  RV < median (strict)],single,790,10000000.0,8642646.551704934,1580000.0,11077122.76356106,2434476.211856127,-997887.8077315604,21.012658227848103,128.168179703888,0.3685764017603786,0.13614220139930117,-1.5528799837706893,0.8088365645558061,5.941115658792028,-0.672694363156505,10,70.0,-349776.5860988013,0.26631038767803616,1.63297949751099,4.315819068635508,100.0,18.10126582278481,,,,
USDJPY CALL-upout  35Δ  2M  H@20Δ  [Golden cross  ∧  RV < median (strict)],single,779,10000000.0,10020051.626316903,1558000.0,9988856.354487201,-31195.27182970103,-2028088.8549847717,14.634146341463413,99.68867154588536,-0.004349208298168966,-0.5164993434243854,-3.739881266629394,1.4881314570619328,-2.8811875097374497,-2.0046308004863183,10,50.0,-1250617.223023023,-0.0017045306600600137,0.9949023786716226,10.432203106663536,100.0,22.593068035943517,,,,
USDJPY CALL-upout  35Δ  10W  H@20Δ  [Golden cross  ∧  RV < median (strict)],single,779,10000000.0,10688515.230856165,1558000.0,10858759.169607345,170243.93875118042,-2029346.5085932077,14.762516046213095,101.59277444129671,0.02227793429638872,-0.4555402982268132,-2.0173675115490397,1.0888854038915878,-2.3903163081950494,-1.5444257021184011,10,30.0,-759373.5063851486,0.009302123039857451,1.0263213274376073,8.86105858484203,100.0,23.876765083440308,,,,
USDJPY CALL-upout  35Δ  3M  H@20Δ  [Golden cross  ∧  RV < median (strict)],single,779,10000000.0,12087998.60099727,1558000.0,12020088.509141926,-67910.09185534122,-3120611.8233515676,14.890885750962774,99.43820235179595,-0.00687795293497977,-0.37139767777365107,-2.0096295708524483,1.117492629804316,-3.0088842679446524,-1.4888903075779671,10,40.0,-989273.2527242297,-0.002411557324395943,0.991566289562002,14.801202764039234,100.0,22.978177150192554,,,,
USDJPY CALL-upout  30Δ  1M  H@20Δ  [Golden cross  ∧  RV < median (strict)],single,797,10000000.0,4437558.446756527,1594000.0,4046428.8206363,-391129.62612022704,-1099199.56934793,13.048933500627353,91.18592733339413,-0.15151976018425722,-1.0525542873652824,-3.531523922106447,1.3133473795892554,-1.2477716307410436,-2.365901666954538,10,20.0,-295396.08444719866,-0.03876152314638859,0.8342952866623619,4.655338907696215,100.0,19.949811794228356,,,,
USDJPY CALL-upout  30Δ  6W  H@20Δ  [Golden cross  ∧  RV < median (strict)],single,790,10000000.0,4892321.7731473185,1580000.0,5128091.519236955,235769.74608963646,-1003336.2224370844,14.303797468354432,104.81917905285205,0.06820124783248399,-0.35584356058304256,-2.3396186566782466,0.8765666830809623,-2.463348449090171,-1.2324102436640048,10,40.0,-270612.20860036387,0.025651092828140615,1.0963767007270557,4.104440482143938,100.0,18.10126582278481,,,,
USDJPY CALL-upout  30Δ  2M  H@20Δ  [Golden cross  ∧  RV < median (strict)],single,779,10000000.0,5527366.355091649,1558000.0,5035403.598006733,-491962.75708491623,-1543560.947056197,10.526315789473683,91.09950878085485,-0.12293685975856897,-0.6906263785589811,-3.8264686568762025,1.440343777802206,-2.085561488119726,-2.130970156361187,10,40.0,-763057.073276185,-0.03531924946014474,0.8638618524089943,9.188665762768801,100.0,22.593068035943517,,,,
USDJPY CALL-upout  30Δ  10W  H@20Δ  [Golden cross  ∧  RV < median (strict)],single,779,10000000.0,5841260.88293338,1558000.0,5393261.97809203,-447998.9048413499,-1092574.287102774,10.397946084724005,92.33044176899745,-0.11242721714492146,-0.699565879439762,-2.280874127076881,1.167380543244289,-1.668721385009758,-1.8669464226840509,10,30.0,-495190.828200711,-0.04546661337928445,0.875402398394627,5.370839036950409,100.0,23.876765083440308,,,,
USDJPY CALL-upout  30Δ  3M  H@20Δ  [Golden cross  ∧  RV < median (strict)],single,779,10000000.0,6498534.342118181,1558000.0,5914748.923552945,-583785.4185652367,-1814430.3919724561,10.526315789473683,91.01666025242619,-0.11477447552352765,-0.5508211149897473,-2.009097983374123,1.0727473849956042,-1.947542234316075,-1.6235684999853515,10,40.0,-520505.98743415595,-0.03565463156554729,0.8694529189783629,8.761091542657372,100.0,22.978177150192554,,,,
USDJPY CALL-upout  25Δ  1M  H@20Δ  [Golden cross  ∧  RV < median (strict)],single,797,10000000.0,2355452.427848883,1594000.0,999238.753008131,-1356213.6748407516,-1345640.2415605146,5.269761606022585,42.422370377511136,-1.5929757384836354,-2.0527258707579525,-4.042835843237491,1.2710665078928707,-0.6192090848562938,-3.323792378650823,10,10.0,-265254.61237856245,-0.10978824024467446,0.18075910838315612,7.599910581402384,100.0,19.949811794228356,,,,
USDJPY CALL-upout  25Δ  6W  H@20Δ  [Golden cross  ∧  RV < median (strict)],single,790,10000000.0,2467119.0074234237,1580000.0,1307696.0710087852,-1159422.9364146385,-1169893.2497736998,6.70886075949367,53.00498545364049,-0.9722111336266732,-1.717848985339779,-3.0154974754363963,1.0087749406150865,-0.5872314442212495,-2.7266239259548657,10,10.0,-244047.29465900926,-0.10818322913650019,0.28977577969261975,7.165784729448315,100.0,18.10126582278481,,,,
USDJPY CALL-upout  25Δ  2M  H@20Δ  [Golden cross  ∧  RV < median (strict)],single,779,10000000.0,2621321.80214611,1558000.0,1540186.24750466,-1081135.5546414498,-1244199.948386751,5.5198973042362,58.75609191682187,-0.8242309345635591,-1.282877929388197,-3.7141339276780467,1.2071040231920962,-0.9409344377510359,-2.489981952580293,10,20.0,-365476.8701845317,-0.09629261757901962,0.40221738451741956,8.392805573016885,100.0,22.593068035943517,,,,
USDJPY CALL-upout  25Δ  10W  H@20Δ  [Golden cross  ∧  RV < median (strict)],single,779,10000000.0,2705514.1206242377,1558000.0,1526990.5006148992,-1178523.6200093387,-1303294.9441444387,5.905006418485238,56.43993830875219,-0.865297351242125,-1.312723687800457,-2.8202044372176336,1.0706564660737694,-0.8155992582625786,-2.383380153874226,10,20.0,-281517.200961014,-0.10026796721608612,0.38722134652046275,7.609800014318731,100.0,23.876765083440308,,,,
USDJPY CALL-upout  25Δ  3M  H@20Δ  [Golden cross  ∧  RV < median (strict)],single,779,10000000.0,2881845.2875994765,1558000.0,1672585.8435582493,-1209259.4440412272,-1361228.8148301195,5.5198973042362,58.03871050105823,-0.7528805879427454,-1.1345112121995762,-2.562814335508084,0.933016294107334,-0.822394952182459,-2.0675275063069103,10,20.0,-217097.39850415202,-0.09844448143213104,0.44692794360607097,7.159398975184094,100.0,22.978177150192554,,,,
USDJPY CALL-upout  ATM  1M  H@25Δ,single,2584,10000000.0,58036960.495523304,5168000.0,66801443.08736296,8764482.59183966,-5326183.57280907,25.890092879256965,115.1015534187317,0.5295570701622686,0.7396530233986464,-0.9953705616259068,1.1306719829316516,1.5286518775199545,-0.39101895953300525,11,63.63636363636363,-1696846.7038207108,0.16635368092950953,1.4507493164192538,19.796147271031707,100.0,29.721362229102166,,,,
USDJPY CALL-upout  ATM  6W  H@25Δ,single,2577,10000000.0,66724765.164409325,5154000.0,76585175.50467765,9860410.340268325,-3510045.972007816,26.193247962747378,114.77773704556678,0.47812064967872925,0.5609460967239456,-1.0802401598838274,0.959529302187892,1.7105552704471323,-0.39858320546394643,11,72.72727272727273,-1536419.396138415,0.2843844722066337,1.4115558692629766,15.050292052123789,100.0,30.50058207217695,,,,
USDJPY CALL-upout  ATM  2M  H@25Δ,single,2564,10000000.0,78682737.47764033,5128000.0,93394599.26433498,14711861.786694635,-5990051.470186874,25.546021840873635,118.69769946791106,0.5051099070302013,0.9439372498291818,-0.9230359916964275,2.1269473165541872,2.2532719382978974,-1.1830100667250054,11,63.63636363636363,-1853543.117381358,0.2502991101764743,1.4589464675002894,24.680814489025796,100.0,33.151326053042126,,,,
USDJPY CALL-upout  ATM  10W  H@25Δ,single,2557,10000000.0,83722503.0729317,5114000.0,99356006.7978938,15633503.724962112,-6656418.940684319,25.69417285881893,118.67300086733381,0.450321476249265,0.32561603774571585,-2.6641804476963915,1.2376217115798447,3.800862267559265,-0.9120056738341289,11,54.54545454545454,-5221947.228639091,0.23961989400047023,1.390417613830547,28.19487428908613,100.0,34.33711380524051,,,,
USDJPY CALL-upout  ATM  3M  H@25Δ,single,2543,10000000.0,94024701.37761524,5086000.0,107000781.79262511,12976080.415009879,-11054277.6839277,24.02674007078254,113.8007143068674,0.3461379686782358,0.2592017498363232,-2.224198100732299,1.4818332714557203,5.7169107553920675,-1.222631521619397,11,63.63636363636363,-3923302.5290939366,0.12057065790953955,1.280762165689406,42.480105101119136,100.0,35.863153755407,,,,
USDJPY CALL-upout  45Δ  1M  H@25Δ,single,2584,10000000.0,39940388.00397502,5168000.0,45501526.125610724,5561138.121635696,-3994591.4045600677,22.13622291021672,113.92359563728382,0.4620086259877226,0.6450010571807222,-0.7478066449848475,1.0206234881655565,1.5823594036057356,-0.3756224309848343,11,72.72727272727273,-972250.7932066132,0.14073871506314167,1.3838446492075949,16.04515815082657,100.0,29.721362229102166,,,,
USDJPY CALL-upout  45Δ  6W  H@25Δ,single,2577,10000000.0,45775962.19303229,5154000.0,51672977.81363166,5897015.620599378,-2927464.7226050617,22.351571594877765,112.8823411635397,0.4042155313177301,0.4367861604769676,-1.5150002511221417,0.9863414233858723,2.258179202172509,-0.5495552629089047,11,63.63636363636363,-1376225.3124031152,0.2039221041012218,1.335874491065551,12.817193114095348,100.0,30.50058207217695,,,,
USDJPY CALL-upout  45Δ  2M  H@25Δ,single,2564,10000000.0,53907345.24023681,5128000.0,64160864.153545216,10253518.913308416,-4960060.2269333,21.567862714508582,119.02063414106902,0.48021614017795455,0.7150841266944319,-1.226675865779718,1.6627708569726363,2.325280054332919,-0.9476867302782044,11,72.72727272727273,-1570110.3369568358,0.21067267541490362,1.4379367729589625,21.402154869938578,100.0,33.151326053042126,,,,
USDJPY CALL-upout  45Δ  10W  H@25Δ,single,2557,10000000.0,57377314.31452985,5114000.0,68286559.99341932,10909245.678889465,-4579933.939117255,22.135314822057097,119.01316889648645,0.43199836670784847,0.2686764676685563,-2.435714351978283,1.2011519889615596,4.4706259516680875,-0.9324755212930034,11,54.54545454545454,-3550150.1837708987,0.2430203860627925,1.378489742839337,21.285584927574227,100.0,34.33711380524051,,,,
USDJPY CALL-upout  45Δ  3M  H@25Δ,single,2543,10000000.0,64565011.15739393,5086000.0,74704034.13615033,10139022.978756398,-7639740.438156461,20.605583955957528,115.70358743381908,0.3615836101017658,0.22347272614679073,-2.2571817314584726,1.389305745062723,6.216891738950466,-1.1658330189159323,11,54.54545454545454,-2572469.3526918017,0.13631573075634257,1.3017330842289163,30.6639137569456,100.0,35.863153755407,,,,
USDJPY CALL-upout  40Δ  1M  H@25Δ,single,2584,10000000.0,25280021.032431424,5168000.0,27477174.042092696,2197153.0096612712,-3030989.4564053547,17.91795665634675,108.6912625857493,0.2795092666337883,0.4004882699701062,-0.679927116057198,0.9037780867996726,2.2566905314533523,-0.5032898168295664,11,63.63636363636363,-464573.89384913316,0.07328213939756424,1.2176958458950293,13.296072967790186,100.0,29.721362229102166,,,,
USDJPY CALL-upout  40Δ  6W  H@25Δ,single,2577,10000000.0,28652513.956374012,5154000.0,30513735.75013311,1861221.7937590969,-2373052.0665840385,17.345750873108265,106.49584115583355,0.20331600043980935,0.12172699254276723,-2.507345750579376,1.0606238162624149,8.713135797631558,-0.9388968237196477,11,63.63636363636363,-1156346.5819322083,0.07939891319257734,1.157624355810619,10.970624777347268,100.0,30.50058207217695,,,,
USDJPY CALL-upout  40Δ  2M  H@25Δ,single,2564,10000000.0,33350199.194716223,5128000.0,38825461.950956896,5475262.756240675,-3658173.252973994,17.66770670826833,116.41748141974557,0.39516187685605947,0.42004413275065583,-1.4711747424150516,1.178048858844189,2.8045835353769735,-0.7580047260935332,11,63.63636363636363,-1242089.052052887,0.15253268645190268,1.3532873270910764,16.900266348570725,100.0,33.151326053042126,,,,
USDJPY CALL-upout  40Δ  10W  H@25Δ,single,2557,10000000.0,35354020.830414146,5114000.0,40619385.30471673,5265364.474302582,-4014975.2692568353,17.52053187328901,114.89325499795183,0.32748669530383867,0.07771452669158699,-2.128390995062809,1.1662746998051923,15.00716467634934,-1.0885601731136052,11,45.45454545454545,-2062192.996710567,0.13379896757776436,1.2737336546655305,16.315355557468628,100.0,34.33711380524051,,,,
USDJPY CALL-upout  40Δ  3M  H@25Δ,single,2543,10000000.0,39505664.11799087,5086000.0,45696259.08802384,6190594.970032978,-4609628.204900557,16.437278804561544,115.67014530256631,0.3356674232381549,0.05664152236678262,-3.106627953280814,1.458281127147142,25.745796832649223,-1.4016396047803594,11,54.54545454545454,-1352751.9227854593,0.137941506441441,1.2854186943543247,21.09024109828949,100.0,35.863153755407,,,,
USDJPY CALL-upout  35Δ  1M  H@25Δ,single,2584,10000000.0,14449781.644174183,5168000.0,13204460.86646419,-1245320.7777099933,-2477095.840250292,13.119195046439627,91.38173289828171,-0.3028578783158209,-0.41026246643422654,-1.805781174393722,0.868650091785163,-2.1173033432353368,-1.2789125582193894,11,36.36363636363637,-508319.709930043,-0.050823045645252175,0.8067536876919299,12.044104165926775,100.0,29.721362229102166,,,,
USDJPY CALL-upout  35Δ  6W  H@25Δ,single,2577,10000000.0,16000259.304980323,5154000.0,14430095.142317742,-1570164.1626625827,-2486487.11619377,12.107101280558789,90.18663302429201,-0.33018432034997997,-0.6614342300409963,-5.0969948926349025,1.5348327331789131,-2.3204616021819473,-2.1962669632199097,11,36.36363636363637,-932605.5768746098,-0.06392673786923886,0.788128877257864,13.640864576726505,100.0,30.50058207217695,,,,
USDJPY CALL-upout  35Δ  2M  H@25Δ,single,2564,10000000.0,18157100.86978832,5128000.0,18600907.127096176,443806.2573078581,-2573156.588152443,12.948517940717629,102.44425726601712,0.06190222245510023,-0.039853115696142985,-1.8403476583269138,1.019095269711488,-25.57128224256044,-1.058948385407631,11,63.63636363636363,-813965.0045378132,0.01757718926034343,1.0481924082664285,14.00704594621846,100.0,33.151326053042126,,,,
USDJPY CALL-upout  35Δ  10W  H@25Δ,single,2557,10000000.0,19075752.797175243,5114000.0,18989806.826845612,-85945.97032963042,-3003087.946425994,12.788423934298004,99.54944912925083,-0.010692133478747931,-0.4419320151416573,-2.404716484696926,1.2772419064285585,-2.8901321078065596,-1.7191739215702158,11,45.45454545454545,-1171237.1664159098,-0.002919877733498746,0.9921584665161503,13.755724058438267,100.0,34.33711380524051,,,,
USDJPY CALL-upout  35Δ  3M  H@25Δ,single,2543,10000000.0,20979922.874041513,5086000.0,22411252.471415125,1431329.5973736085,-3132256.1845460217,12.347620920173023,106.82237778454655,0.14646201332512518,-0.4858931028958484,-5.845775671161371,2.0616120027564677,-4.24293325109901,-2.5475051056523164,11,45.45454545454545,-847264.2774225173,0.04693651589516576,1.1167912853227995,14.787307475113563,100.0,35.863153755407,,,,
USDJPY CALL-upout  30Δ  1M  H@25Δ,single,2584,10000000.0,7605482.518006986,5168000.0,3534551.9783566473,-4070930.5396503396,-4067651.9052506327,6.695046439628483,46.47373746488968,-2.9883053438808025,-4.32445208547583,-12.635266007110173,3.0819568338006476,-0.7126814618091745,-7.406408919276478,11,0.0,-616253.7030593699,-0.10117475812474729,0.1341474898176348,24.84851245926483,100.0,29.721362229102166,,,,
USDJPY CALL-upout  30Δ  6W  H@25Δ,single,2577,10000000.0,8002796.081317898,5154000.0,3958959.099761369,-4043836.981556528,-4049727.231866726,6.286379511059372,49.469698584515335,-2.5659932070472813,-3.2327266181144383,-10.888062480619766,2.6547144639032427,-0.8211998036046938,-5.887441082017681,11,0.0,-669021.801816012,-0.10108612829968927,0.2134813557480323,24.61803587850544,100.0,30.50058207217695,,,,
USDJPY CALL-upout  30Δ  2M  H@25Δ,single,2564,10000000.0,8550871.249976832,5128000.0,5101077.548089718,-3449793.701887113,-3825421.538470986,6.5522620904836195,59.655646763521794,-1.5245064410582785,-2.015078262645323,-4.496378133767272,1.6440683212771465,-0.8158831107228918,-3.6591465839224697,11,0.0,-588018.5927045777,-0.0919043461929924,0.3551957649315314,22.991727585544393,100.0,33.151326053042126,,,,
USDJPY CALL-upout  30Δ  10W  H@25Δ,single,2557,10000000.0,8782218.428327223,5114000.0,4706382.395850007,-4075836.0324772154,-4495151.6162273465,5.8271411810715685,53.589903670232964,-1.766601026842852,-3.2542250144207276,-6.887943136057894,2.3632163581124392,-0.7261994323195584,-5.617441372533166,11,18.181818181818183,-736985.5179191016,-0.09250805667225306,0.3086840520841931,27.62422388659998,100.0,34.33711380524051,,,,
USDJPY CALL-upout  30Δ  3M  H@25Δ,single,2543,10000000.0,9262605.500031747,5086000.0,6181122.319958106,-3081483.180073642,-3594369.2826644317,6.567046795123869,66.73200450928111,-1.0198339810596768,-3.1865106271408763,-14.554183326415288,4.7707820825384415,-1.4971806595916066,-7.957292709679318,11,27.27272727272727,-697094.3043142747,-0.08805734352080204,0.4964509167546946,21.145890749672127,100.0,35.863153755407,,,,
USDJPY CALL-upout  ATM  1M  H@25Δ  [Spot > 50DMA],single,1486,10000000.0,32369788.882146988,2972000.0,40580530.01913495,8210741.136987966,-2503158.8053586893,28.60026917900404,125.36544543704598,0.6699317615376339,0.6394795128494191,-1.7390595792012093,1.1308222608932605,1.7683479113419855,-0.4913427480438415,11,72.72727272727273,-917881.4179405578,0.33363282796124427,1.77551892248641,9.133117868843328,100.0,29.609690444145357,,,,
USDJPY CALL-upout  ATM  6W  H@25Δ  [Spot > 50DMA],single,1479,10000000.0,37125690.23294975,2958000.0,47898090.33987239,10772400.106922645,-2490132.6962517486,30.425963488843816,129.01602647473996,0.7313599789111387,0.48851621380062704,-2.45211903100749,1.5011332825801482,3.072842292994578,-1.0126170687795213,11,63.63636363636363,-1261734.1849212318,0.4408716862777945,1.8526071100651769,9.126441748405124,100.0,29.88505747126437,,,,
USDJPY CALL-upout  ATM  2M  H@25Δ  [Spot > 50DMA],single,1466,10000000.0,43703367.242039196,2932000.0,53526615.94107555,9823248.699036352,-4486720.369481575,27.694406548431104,122.47709803373492,0.4927791090301732,0.6013287947463563,-2.2200543784661466,2.128321753190033,3.5393644405267017,-1.5269929584436768,11,63.63636363636363,-2422289.080024597,0.22532550924146616,1.5346809737117426,20.714053730171933,100.0,33.69713506139154,,,,
USDJPY CALL-upout  ATM  10W  H@25Δ  [Spot > 50DMA],single,1466,10000000.0,46650551.23774345,2932000.0,54378942.749477066,7728391.511733627,-6394068.02640436,27.62619372442019,116.56655989411082,0.34043101632964246,0.1902660485691676,-3.4878468210226607,1.508666397255687,7.929246487227279,-1.3184003486865195,11,63.63636363636363,-4241574.758393931,0.12439304176412912,1.3308023837334895,26.266797881217084,100.0,35.129604365620736,,,,
USDJPY CALL-upout  ATM  3M  H@25Δ  [Spot > 50DMA],single,1463,10000000.0,52736236.31820743,2926000.0,59992227.51513093,7255991.196923507,-7942201.296975257,25.153793574846205,113.75902359269874,0.2599638289371479,-0.2390676109367982,-4.917595732164876,2.2128037291247735,-9.255974577458623,-2.451871340061572,11,54.54545454545454,-4222786.268106745,0.09453037401621037,1.2531168178422454,33.94620638601729,100.0,35.68010936431989,,,,
USDJPY CALL-upout  45Δ  1M  H@25Δ  [Spot > 50DMA],single,1486,10000000.0,22318045.745260976,2972000.0,27718785.00583939,5400739.260578414,-2061146.8994815599,24.42799461641992,124.19897925751502,0.6106634062979037,0.5444675462161414,-1.8286334169129146,1.0882898832200292,1.99881497213794,-0.5438223370038878,11,63.63636363636363,-649610.7799154448,0.26651342151567364,1.688395713455074,7.298719039950791,100.0,29.609690444145357,,,,
USDJPY CALL-upout  45Δ  6W  H@25Δ  [Spot > 50DMA],single,1479,10000000.0,25518283.67498585,2958000.0,32298841.709374934,6780558.034389092,-1903023.516528526,26.098715348208252,126.57137180834657,0.6478958665036542,0.2981488202414551,-3.2996751507545103,1.6620364635397693,5.574519671732301,-1.3638876432983142,11,63.63636363636363,-1008681.4783678533,0.3631144283463293,1.7291656655409073,7.080143536211208,100.0,29.88505747126437,,,,
USDJPY CALL-upout  45Δ  2M  H@25Δ  [Spot > 50DMA],single,1466,10000000.0,30004909.91569982,2932000.0,36687449.293689154,6682539.37798933,-3232816.785829313,23.05593451568895,122.27148622263569,0.4639842308381495,0.4411888412329358,-2.6380412445518577,1.9540801477505803,4.429124141693508,-1.5128913065176444,11,63.63636363636363,-2006182.8061680917,0.21273779788456135,1.5053782424142783,15.832783020817969,100.0,33.69713506139154,,,,
USDJPY CALL-upout  45Δ  10W  H@25Δ  [Spot > 50DMA],single,1466,10000000.0,32042696.43705827,2932000.0,36652769.663555965,4610073.226497691,-4125942.1724078767,23.669849931787176,114.38728240475422,0.2885765272703312,0.04757357696908187,-3.451444438316939,1.5707327559837188,33.01691518812092,-1.5231591790146368,11,63.63636363636363,-2949828.150406189,0.11499234017642397,1.2789419906679633,17.679550436924313,100.0,35.129604365620736,,,,
USDJPY CALL-upout  45Δ  3M  H@25Δ  [Spot > 50DMA],single,1463,10000000.0,36311633.514672056,2926000.0,41696132.18822765,5384498.673555592,-5690828.850146208,21.599453178400545,114.82857737969827,0.25860924753626463,-0.33245314331149783,-4.914830337969066,2.1716417247413298,-6.532173836920446,-2.5040948680528277,11,54.54545454545454,-3085225.608915003,0.0979005809596334,1.2615752888813223,24.332147148724818,100.0,35.68010936431989,,,,
USDJPY CALL-upout  40Δ  1M  H@25Δ  [Spot > 50DMA],single,1486,10000000.0,14160966.142804693,2972000.0,16795643.63110381,2634677.488299117,-1752244.0576262013,20.053835800807537,118.60520999577291,0.46448136211243557,0.3221978046503678,-1.9780849630023276,1.0966055043358003,3.4035163756803968,-0.7744076996854325,11,63.63636363636363,-445705.74168814265,0.15293528062432546,1.4796893720730022,6.08991569187708,100.0,29.609690444145357,,,,
USDJPY CALL-upout  40Δ  6W  H@25Δ  [Spot > 50DMA],single,1479,10000000.0,16007576.044655608,2958000.0,18970328.933881283,2962752.889225676,-1389122.6975633353,19.878296146044626,118.50844175883108,0.45469954070811563,0.013498962878153583,-3.5734526097737236,1.7021357461439741,126.09381635523069,-1.6886367832658205,11,54.54545454545454,-659699.87054068,0.21735870923756967,1.467916925418477,5.876852071999085,100.0,29.88505747126437,,,,
USDJPY CALL-upout  40Δ  2M  H@25Δ  [Spot > 50DMA],single,1466,10000000.0,18594374.724716898,2932000.0,22057581.848632738,3463207.123915837,-2515712.327940095,19.236016371077763,118.62502598332769,0.3799185117430162,0.17813789222080897,-2.571465211857459,1.6064281211149656,9.017891146504272,-1.4282902288941566,11,63.63636363636363,-1318503.8524466213,0.1416777703191467,1.397165621872758,12.080173035527428,100.0,33.69713506139154,,,,
USDJPY CALL-upout  40Δ  10W  H@25Δ  [Spot > 50DMA],single,1466,10000000.0,19774349.663503468,2932000.0,21120058.168660708,1345708.5051572388,-2717834.209767883,18.417462482946796,106.8053237049861,0.13766974036658222,-0.22912181408582152,-3.3535661978266544,1.6404528215150764,-7.1597408918062095,-1.869574635600898,11,54.54545454545454,-1797834.8135795656,0.05095798676147259,1.1215589505749173,12.406434236530888,100.0,35.129604365620736,,,,
USDJPY CALL-upout  40Δ  3M  H@25Δ  [Spot > 50DMA],single,1463,10000000.0,22244024.80420171,2926000.0,25247112.90546594,3003088.1012642267,-3588281.9999259845,16.95146958304853,113.50065074867643,0.22044365907190822,-0.5498050893742708,-4.909350217289835,2.1793248363018143,-3.9638135012211113,-2.729129925676085,11,45.45454545454545,-1908516.3956551785,0.08659583931922703,1.2251838899760397,16.292001888948704,100.0,35.68010936431989,,,,
USDJPY CALL-upout  35Δ  1M  H@25Δ  [Spot > 50DMA],single,1486,10000000.0,8135473.196687309,2972000.0,8117170.780320786,-18302.416366521327,-1376760.456823718,14.737550471063257,99.77502947985896,-0.006530735706208918,-0.2963145856611769,-1.9321274417976741,1.1562457157751354,-3.9020884280642636,-1.4525603014363122,11,36.36363636363637,-478015.52901867573,-0.0013521499821272458,0.9946977230607644,5.208380951441222,100.0,29.609690444145357,,,,
USDJPY CALL-upout  35Δ  6W  H@25Δ  [Spot > 50DMA],single,1479,10000000.0,8980935.576547388,2958000.0,8940202.252201382,-40733.32434600755,-1464560.0052549732,13.590263691683571,99.54644675937352,-0.012184363375795426,-0.5783379893546138,-3.729800333104463,1.6652332744216565,-2.8793427114825096,-2.2435712637762704,11,54.54545454545454,-477733.2190307166,-0.0028344246019884624,0.9898997201793859,6.941842418665185,100.0,29.88505747126437,,,,
USDJPY CALL-upout  35Δ  2M  H@25Δ  [Spot > 50DMA],single,1466,10000000.0,10162182.478408068,2932000.0,10330053.982466556,167871.50405848713,-1947440.908284769,13.642564802182811,101.65192373208383,0.037161472040764885,-0.3175066590163414,-2.9598782202819085,1.4749211970277218,-4.645323665327632,-1.7924278560440632,11,54.54545454545454,-939803.5410197476,0.008871497166451218,1.0322267429830267,9.703994680320815,100.0,33.69713506139154,,,,
USDJPY CALL-upout  35Δ  10W  H@25Δ  [Spot > 50DMA],single,1466,10000000.0,10707456.933790568,2932000.0,9420817.65723554,-1286639.2765550266,-2142119.0362224584,12.414733969986358,87.98370813433158,-0.27422029526705516,-0.7172932352142252,-3.701093326487499,1.685878345821418,-2.3503335359323687,-2.403171581035643,11,54.54545454545454,-1002273.4373098072,-0.06181550611179536,0.8000299888563864,10.960417469883975,100.0,35.129604365620736,,,,
USDJPY CALL-upout  35Δ  3M  H@25Δ  [Spot > 50DMA],single,1463,10000000.0,11845663.46341741,2926000.0,12132229.984770376,286566.5213529657,-2228622.85708575,12.440191387559809,102.41916818114882,0.039660272965084044,-1.0218970361206035,-4.895126087705552,2.319463393236581,-2.269762325607567,-3.3413604293571844,11,36.36363636363637,-1045709.0202991357,0.013304678686393075,1.037484935652906,11.050396581938275,100.0,35.68010936431989,,,,
USDJPY CALL-upout  30Δ  1M  H@25Δ  [Spot > 50DMA],single,1486,10000000.0,4327899.730718639,2972000.0,2307651.092182372,-2020248.6385362663,-2013895.7994631042,7.469717362045761,53.320345566305235,-2.093101813691226,-2.5229443203678383,-4.514592850018323,1.2515048698378313,-0.49604934192735783,-3.7744491902056696,11,0.0,-409059.8449656193,-0.10203346755521915,0.1825264442456602,12.145848411978232,100.0,29.609690444145357,,,,
USDJPY CALL-upout  30Δ  6W  H@25Δ  [Spot > 50DMA],single,1479,10000000.0,4539834.230439485,2958000.0,2456988.677522922,-2082845.5529165629,-2081242.518153726,6.964164976335361,54.120669451956395,-1.820955850406838,-2.327833197833041,-4.999267608470892,1.4293731977883404,-0.6140359193772694,-3.7572063956213815,11,0.0,-448549.3761800775,-0.10198976740829671,0.25252642086218485,13.552793672558856,100.0,29.88505747126437,,,,
USDJPY CALL-upout  30Δ  2M  H@25Δ  [Spot > 50DMA],single,1466,10000000.0,4831296.789836817,2932000.0,2830578.1219205987,-2000718.6679162192,-2172460.1187669667,6.480218281036835,58.58837171574807,-1.4100526134799711,-2.0150617420628913,-7.166851591882893,2.028095077045282,-1.0064679581326614,-4.043156819108173,11,9.090909090909092,-620841.4182168132,-0.09478037814552523,0.3248714566820077,13.656579434717884,100.0,33.69713506139154,,,,
USDJPY CALL-upout  30Δ  10W  H@25Δ  [Spot > 50DMA],single,1466,10000000.0,4974706.843197796,2932000.0,2359345.9032825637,-2615360.939915232,-2665864.243045341,5.525238744884038,47.426832930037556,-1.7708641559732266,-2.2556073978431086,-4.705541827199199,1.5268688046675147,-0.6769213499333087,-3.7824762025106233,11,0.0,-583497.221934903,-0.10096662259049471,0.2430979898867021,16.592396579648444,100.0,35.129604365620736,,,,
USDJPY CALL-upout  30Δ  3M  H@25Δ  [Spot > 50DMA],single,1463,10000000.0,5269700.446338303,2926000.0,3351181.848088691,-1918518.5982496117,-2273393.0460994714,6.425153793574847,63.5934031206136,-0.8374648739793814,-2.0218879562370886,-4.9756911530132735,2.2657659784388224,-1.1206189598436564,-4.287653934675911,11,27.27272727272727,-476462.54769780184,-0.08731864859101013,0.49103294873026676,11.952402788849575,100.0,35.68010936431989,,,,
USDJPY CALL-upout  ATM  1M  H@25Δ  [Spot > 200DMA],single,1461,10000000.0,32006089.381709024,2922000.0,36866196.466968775,4860107.0852597505,-2842449.8530726186,25.87268993839836,115.18494504997922,0.4247730509428777,0.5926634095820494,-1.525439074757362,1.2230277365711737,2.063612696173806,-0.6303643269891243,11,63.63636363636363,-602109.2234949718,0.18271373399831067,1.4615919260399277,8.997717595014352,100.0,29.29500342231348,,,,
USDJPY CALL-upout  ATM  6W  H@25Δ  [Spot > 200DMA],single,1454,10000000.0,36695665.437923305,2908000.0,42101217.70915384,5405552.271230537,-2469625.534629808,26.753782668500687,114.73076508279954,0.40242078634855616,0.4465080946722827,-0.9709268370118315,0.9765996491816513,2.1871936048515144,-0.5300915545093686,11,63.63636363636363,-506404.00892809726,0.2343096452673009,1.4251050972957318,8.974536176253462,100.0,29.642365887207706,,,,
USDJPY CALL-upout  ATM  2M  H@25Δ  [Spot > 200DMA],single,1441,10000000.0,43115893.13016306,2882000.0,40722673.933774285,-2393219.1963887666,-6501807.476076786,22.276197085357392,94.44933405608958,-0.14278160084484695,0.2555826906114283,-2.076912419292714,2.530150556418727,9.899537994399656,-2.2745678658072985,10,40.0,-3057165.7567082304,-0.039682150065839326,0.8864049834953769,35.75136952141382,100.0,33.37959750173491,,,,
USDJPY CALL-upout  ATM  10W  H@25Δ  [Spot > 200DMA],single,1434,10000000.0,45795761.55740824,2868000.0,43011431.22364857,-2784330.333759676,-9066040.371885384,22.87308228730823,93.9201134797828,-0.14081092759716243,-0.1905841567735438,-2.8379397982829944,1.3609427251366264,-7.140901679218425,-1.5515268819101702,10,40.0,-4045450.8472460355,-0.03314843126104933,0.8865091089274062,42.40747976103807,100.0,33.61227336122734,,,,
USDJPY CALL-upout  ATM  3M  H@25Δ  [Spot > 200DMA],single,1420,10000000.0,51284076.08054322,2840000.0,47910533.90341991,-3373542.1771233054,-11497236.825596737,21.830985915492956,93.4218524833614,-0.14553771961707532,-0.28760026091000557,-2.5520672847337478,1.7720594762207418,-6.1615363999104495,-2.0596597371307475,10,30.0,-4186673.2372258534,-0.031896542861866876,0.8848082939862922,53.679006807971696,100.0,33.028169014084504,,,,
USDJPY CALL-upout  45Δ  1M  H@25Δ  [Spot > 200DMA],single,1461,10000000.0,22056281.617307603,2922000.0,25262558.7011749,3206277.0838672984,-2006500.3883765272,22.10814510609172,114.53679790410061,0.3901765086925364,0.5072009872650508,-1.5942052662705015,1.1354275423557936,2.2386146140572216,-0.6282265550907428,11,63.63636363636363,-442626.1336680758,0.17075757127644284,1.416550846827865,6.222000954585708,100.0,29.29500342231348,,,,
USDJPY CALL-upout  45Δ  6W  H@25Δ  [Spot > 200DMA],single,1454,10000000.0,25208903.888552763,2908000.0,28302808.147037618,3093904.2584848534,-1629444.1346543357,22.833562585969737,112.27306142370506,0.3207112805810072,0.3020057023110742,-1.3048787200989411,0.993552935836522,3.2898482652262477,-0.6915472335254478,11,54.54545454545454,-455354.1709731508,0.2032584442008483,1.3276921509837045,6.6816803410017975,100.0,29.642365887207706,,,,
USDJPY CALL-upout  45Δ  2M  H@25Δ  [Spot > 200DMA],single,1441,10000000.0,29583654.398442447,2882000.0,27233207.68421161,-2350446.714230832,-4895172.928994692,17.90423317140874,92.05491423549562,-0.19700094146523617,-0.02363694671981218,-2.5758179676776796,2.0632693713995582,-87.29001236315149,-2.0869063181193703,10,40.0,-2815054.5399140706,-0.05176416280300423,0.846322609135353,30.668673917361826,100.0,33.37959750173491,,,,
USDJPY CALL-upout  45Δ  10W  H@25Δ  [Spot > 200DMA],single,1434,10000000.0,31433277.513805635,2868000.0,28612770.220835388,-2820507.2929702466,-6039659.458780075,19.316596931659692,91.02700222166946,-0.20185118252804954,-0.2933470949805458,-2.726891747989535,1.2859098434905376,-4.383577903083774,-1.5792569384710835,10,40.0,-2831296.95866651,-0.050405119102926874,0.8391911706227893,28.087468840424958,100.0,33.61227336122734,,,,
USDJPY CALL-upout  45Δ  3M  H@25Δ  [Spot > 200DMA],single,1420,10000000.0,35279416.22197802,2840000.0,31789330.15676123,-3490086.065216793,-8329914.74838411,17.95774647887324,90.10730210710636,-0.20719032846629698,-0.40059382725961507,-2.5619844353895376,1.6723188754819291,-4.174599710938981,-2.072912702741544,10,30.0,-3018547.0134552736,-0.045545610446049024,0.8390630665085262,40.60750523320526,100.0,33.028169014084504,,,,
USDJPY CALL-upout  40Δ  1M  H@25Δ  [Spot > 200DMA],single,1461,10000000.0,13988555.205520656,2922000.0,15433672.157662371,1445116.9521417152,-1385930.4615685055,18.480492813141684,110.33070914694174,0.2745852576531686,0.30050683855674587,-1.7088777147514853,1.0179841222851416,3.387557258843917,-0.7174772837283957,11,54.54545454545454,-434259.9693121404,0.11142425051916341,1.2760780473270992,4.479444676480135,100.0,29.29500342231348,,,,
USDJPY CALL-upout  40Δ  6W  H@25Δ  [Spot > 200DMA],single,1454,10000000.0,15807651.311954955,2908000.0,16663510.867042605,855859.5550876495,-1441704.5506600612,17.125171939477305,105.41421074008879,0.13726584965529381,-0.02019427228834205,-2.11725253095729,1.0339859489630259,-51.2019415307149,-1.054180221251368,11,54.54545454545454,-447673.9371553357,0.06354881204681208,1.130957698014998,7.1376848237474855,100.0,29.642365887207706,,,,
USDJPY CALL-upout  40Δ  2M  H@25Δ  [Spot > 200DMA],single,1441,10000000.0,18329727.256822627,2882000.0,16180961.310394008,-2148765.9464286175,-3614389.351711534,14.018043025676613,88.27715264759975,-0.28378200752178734,-0.34301699044609474,-2.9264169176714128,1.5618220076259104,-4.553191390300392,-1.904838998072005,10,40.0,-2001788.2460303744,-0.06409158346663356,0.7845047397249522,24.37262978441889,100.0,33.37959750173491,,,,
USDJPY CALL-upout  40Δ  10W  H@25Δ  [Spot > 200DMA],single,1434,10000000.0,19394984.845349327,2868000.0,16357223.275789239,-3037761.569560091,-4115210.9259794853,14.435146443514643,84.33738621719777,-0.350635244322872,-0.5401341788669334,-2.6365805591087046,1.1755791195816414,-2.1764575647623574,-1.7157132984485748,10,40.0,-1719534.6414147976,-0.0796748865692036,0.7406962837669673,20.25394099565973,100.0,33.61227336122734,,,,
USDJPY CALL-upout  40Δ  3M  H@25Δ  [Spot > 200DMA],single,1420,10000000.0,21610786.586196568,2840000.0,18415446.983452447,-3195339.60274412,-5984409.852721819,13.380281690140844,85.21414484382964,-0.2994818893542749,-0.5987472673092189,-2.5684385140165586,1.5613973756252837,-2.6077736983121973,-2.160144642934503,10,20.0,-1976681.6734506257,-0.0580425708227577,0.7747150008238206,31.080678290471795,100.0,33.028169014084504,,,,
USDJPY CALL-upout  35Δ  1M  H@25Δ  [Spot > 200DMA],single,1461,10000000.0,8029010.383483054,2922000.0,7396768.152919911,-632242.2305631437,-1517093.2976291052,13.483915126625599,92.12552730204752,-0.23558702157411537,-0.4442489689419088,-1.9043998240491373,0.8646733306778287,-1.9463710467066853,-1.3089222996197374,11,36.36363636363637,-504854.61201511987,-0.04453376137041294,0.8134825146569626,7.215355243716159,100.0,29.29500342231348,,,,
USDJPY CALL-upout  35Δ  6W  H@25Δ  [Spot > 200DMA],single,1454,10000000.0,8861785.000441674,2908000.0,8000905.156775809,-860879.8436658654,-1830019.9853125815,11.898211829436038,90.28548036740952,-0.26012943504011893,-0.5986340483549035,-2.2983685643340213,1.0641911367840233,-1.7776989793823283,-1.6628251851389269,11,36.36363636363637,-449615.25181380304,-0.05035793454748514,0.7938865759080994,10.779824156734614,100.0,29.642365887207706,,,,
USDJPY CALL-upout  35Δ  2M  H@25Δ  [Spot > 200DMA],single,1441,10000000.0,10013149.1609563,2882000.0,7667595.653347405,-2345553.507608895,-3063997.9944223356,10.340041637751561,76.57526648304834,-0.5966924404531252,-0.7414830602010081,-2.9763409713443676,1.2980776952146411,-1.7506505069215557,-2.039560755415649,10,30.0,-1150681.7941769182,-0.08252845045815987,0.6101867818375519,19.753609935222137,100.0,33.37959750173491,,,,
USDJPY CALL-upout  35Δ  10W  H@25Δ  [Spot > 200DMA],single,1434,10000000.0,10497945.053869564,2868000.0,7462193.794900126,-3035751.2589694383,-3381416.47061969,9.902370990237099,71.08242381350193,-0.7122100628537056,-0.9523641912255695,-3.0170515709229826,1.1513519769458804,-1.2089408522009206,-2.10371616817145,10,30.0,-982453.009215104,-0.09690080619202804,0.5500658285726634,18.82046888096739,100.0,33.61227336122734,,,,
USDJPY CALL-upout  35Δ  3M  H@25Δ  [Spot > 200DMA],single,1420,10000000.0,11507098.783288788,2840000.0,8656621.000111317,-2850477.7831774703,-4114469.0796031156,9.084507042253522,75.22852773874608,-0.5163049207191284,-1.0001016831199958,-2.5822801565519122,1.5302159458761893,-1.5300603645645383,-2.530317628996185,10,20.0,-1056828.6626840713,-0.07531037406118418,0.6394255021847833,22.157231758782157,100.0,33.028169014084504,,,,
USDJPY CALL-upout  30Δ  1M  H@25Δ  [Spot > 200DMA],single,1461,10000000.0,4263079.571642054,2922000.0,2086503.4228499997,-2176576.1487920554,-2183524.384151943,6.707734428473648,48.94357207708228,-2.151226103399332,-2.569207142655328,-4.6538929711601815,1.233732171707863,-0.4801995725548138,-3.802939314363191,11,0.0,-488242.30914905743,-0.1065206936453084,0.15611468896595582,13.680309452786853,100.0,29.29500342231348,,,,
USDJPY CALL-upout  30Δ  6W  H@25Δ  [Spot > 200DMA],single,1454,10000000.0,4471684.23167474,2908000.0,2214696.1226438736,-2256988.1090308665,-2277813.6238227505,6.189821182943604,49.527113452159455,-1.897725779902114,-2.3242908764545582,-5.285946523554296,1.4460889151993428,-0.6221634864415883,-3.770379791653901,11,0.0,-505806.4615998783,-0.10606993114455873,0.21715098429996918,14.705801111053264,100.0,29.642365887207706,,,,
USDJPY CALL-upout  30Δ  2M  H@25Δ  [Spot > 200DMA],single,1441,10000000.0,4755294.248192609,2882000.0,2151922.4128153734,-2603371.835377235,-2755674.0556475553,5.135322692574601,45.25319150614655,-1.8872483104935318,-2.0699710220052134,-3.928857920240856,1.329974052543879,-0.6425085367888447,-3.3999450745490924,10,0.0,-588018.5927045777,-0.10184862674371821,0.2262528525597626,17.20498598825114,100.0,33.37959750173491,,,,
USDJPY CALL-upout  30Δ  10W  H@25Δ  [Spot > 200DMA],single,1434,10000000.0,4872498.095761098,2868000.0,1894977.1526972146,-2977520.943063883,-3010820.2528809356,4.602510460251046,38.89128564967071,-2.083437476903493,-2.480280328484875,-4.471905197065544,1.3280992196477757,-0.5354633524264049,-3.808379548132651,10,0.0,-646159.0576112567,-0.10674065571422012,0.1712736999989428,18.085314712420132,100.0,33.61227336122734,,,,
USDJPY CALL-upout  30Δ  3M  H@25Δ  [Spot > 200DMA],single,1420,10000000.0,5117362.925786771,2840000.0,2423021.872860977,-2694341.0529257935,-3083419.7342023086,4.788732394366197,47.34903324232078,-1.4373185546910916,-2.066887232644901,-4.681383221316539,1.7983191677452626,-0.8700615782719968,-3.8652064003901634,10,20.0,-577116.0061719776,-0.09498846464986098,0.2871027854738113,17.713210418927883,100.0,33.028169014084504,,,,
USDJPY CALL-upout  ATM  1M  H@25Δ  [20DMA > 50DMA],single,1483,10000000.0,32333413.95518376,2966000.0,40845535.101878166,8512121.146694405,-1983370.2071769238,28.186109238031023,126.3260822333601,0.7112858358276023,0.7999929141328348,-1.6582109573059636,1.14133669854265,1.426683509790609,-0.3413437844098153,11,90.9090909090909,-810942.6410611067,0.4382332192640055,1.8253934556301417,7.226406922805746,100.0,29.93931220498989,,,,
USDJPY CALL-upout  ATM  6W  H@25Δ  [20DMA > 50DMA],single,1476,10000000.0,37057448.48850149,2952000.0,46005093.30643171,8947644.817930229,-1985464.8066898338,28.997289972899733,124.14533429279835,0.6689896291578193,0.485419422660363,-2.5166050605217496,1.2814223744287758,2.639825096832514,-0.7960029517684128,11,72.72727272727273,-1234963.11691691,0.46120097787451453,1.77034461783388,7.503660889742528,100.0,30.758807588075882,,,,
USDJPY CALL-upout  ATM  2M  H@25Δ  [20DMA > 50DMA],single,1475,10000000.0,43943400.50117539,2950000.0,51155347.80470453,7211947.303529137,-5754421.0259552905,26.033898305084747,116.41190081167304,0.37815667299495037,0.6058656761010425,-2.1758692375480857,2.4358830797286597,4.020500212859753,-1.8300174036276173,11,63.63636363636363,-2364155.0520053115,0.12953125997979983,1.3808412659138747,25.196925784892063,100.0,34.101694915254235,,,,
USDJPY CALL-upout  ATM  10W  H@25Δ  [20DMA > 50DMA],single,1475,10000000.0,46891504.850483805,2950000.0,53435593.45568177,6544088.605197959,-7234994.179091163,26.508474576271183,113.95580846906948,0.28402770196899174,0.07764684880776301,-2.8042372477025026,1.509069873967335,19.43504336799899,-1.4314230251595719,11,45.45454545454545,-3770440.543751002,0.09345699041199769,1.2796506679267514,29.046909001363435,100.0,34.23728813559322,,,,
USDJPY CALL-upout  ATM  3M  H@25Δ  [20DMA > 50DMA],single,1465,10000000.0,52670465.80391844,2930000.0,57555491.44572016,4885025.641801715,-9616665.714594021,23.27645051194539,109.27469610765871,0.1795670184662276,0.0085695287404786,-2.012140617479767,1.577846625995886,184.1229166480122,-1.5692770972554075,11,45.45454545454545,-2989301.698216171,0.05272459903914337,1.1639435825687379,45.68465062999765,100.0,35.2901023890785,,,,
USDJPY CALL-upout  45Δ  1M  H@25Δ  [20DMA > 50DMA],single,1483,10000000.0,22294149.108586766,2966000.0,28167047.556584354,5872898.447997586,-1373879.468506475,23.870532703978423,126.34277908249744,0.6803187419680248,0.7192711551364597,-1.4894853686695229,0.9888059755976224,1.3747332539840649,-0.2695348204611627,11,90.9090909090909,-508367.8102564458,0.43649084810776595,1.7814166611892763,5.212632855139534,100.0,29.93931220498989,,,,
USDJPY CALL-upout  45Δ  6W  H@25Δ  [20DMA > 50DMA],single,1476,10000000.0,25474217.19466707,2952000.0,30957740.984209403,5483523.789542336,-1489289.2140260858,24.661246612466126,121.525779369936,0.5745611443449519,0.35379601280382106,-2.5152057160500148,1.297970190170764,3.6686964894951632,-0.944174177366943,11,63.63636363636363,-833339.7491506726,0.37681168717712815,1.6263174930537683,5.7398255531676785,100.0,30.758807588075882,,,,
USDJPY CALL-upout  45Δ  2M  H@25Δ  [20DMA > 50DMA],single,1475,10000000.0,30177176.905624107,2950000.0,35146836.75498672,4969659.849362607,-3811747.23874206,21.694915254237287,116.46827291003625,0.36262443305313136,0.3723536393601895,-2.1744873831960976,1.8586203302712851,4.991546029911051,-1.4862666909110955,11,54.54545454545454,-1502697.3482682698,0.13474921671072917,1.3631213986657462,17.32577483255364,100.0,34.101694915254235,,,,
USDJPY CALL-upout  45Δ  10W  H@25Δ  [20DMA > 50DMA],single,1475,10000000.0,32217124.30415654,2950000.0,36114112.766183555,3896988.4620270175,-4724467.5821522,22.71186440677966,112.09601584932346,0.24145331802921463,-0.0009598092207649349,-2.8479765776325796,1.46148034744116,-1522.6779612269304,-1.462440156661925,11,54.54545454545454,-2700919.293393781,0.08522697087713421,1.2346369828853154,19.15942585113553,100.0,34.23728813559322,,,,
USDJPY CALL-upout  45Δ  3M  H@25Δ  [20DMA > 50DMA],single,1465,10000000.0,36279858.29068231,2930000.0,40631289.54795788,4351431.257275579,-6213706.963843395,20.341296928327644,111.99406905730154,0.214859416424548,0.008316671961425907,-1.9134445385712073,1.4684272092602977,176.56428149037316,-1.4601105372988719,11,45.45454545454545,-2151658.9289904665,0.07268625888681361,1.2036607182433083,28.1395156332749,100.0,35.2901023890785,,,,
USDJPY CALL-upout  40Δ  1M  H@25Δ  [20DMA > 50DMA],single,1483,10000000.0,14144585.017951518,2966000.0,17375307.508037545,3230722.4900860293,-911945.295433572,20.5664194200944,122.84070183738707,0.5835114758687358,0.5607321572251075,-1.3716170768800733,0.8766346828943129,1.5633750830922748,-0.3159025256692054,11,72.72727272727273,-297080.5285189298,0.3617446794162477,1.6376639450771853,3.721054953494194,100.0,29.93931220498989,,,,
USDJPY CALL-upout  40Δ  6W  H@25Δ  [20DMA > 50DMA],single,1476,10000000.0,15979511.462403256,2952000.0,18218850.96511716,2239339.5027139047,-1109194.2895886393,18.69918699186992,114.01381705556295,0.37276322784688437,0.1291779933099329,-2.512791570437802,1.3133699220716675,10.167133645748299,-1.1841919287617346,11,54.54545454545454,-578479.2384343268,0.2066122146443977,1.3779494095589773,4.3670086058887545,100.0,30.758807588075882,,,,
USDJPY CALL-upout  40Δ  2M  H@25Δ  [20DMA > 50DMA],single,1475,10000000.0,18701516.17481845,2950000.0,21296530.82513229,2595014.650313841,-2571016.3847844447,18.305084745762713,113.87595864450833,0.29940012021359963,0.1421418986031591,-2.1720265694664067,1.4069071449577673,9.89790595724109,-1.2647652463546082,11,54.54545454545454,-853092.7087726019,0.10431785515733082,1.2892792014731653,12.129380593641478,100.0,34.101694915254235,,,,
USDJPY CALL-upout  40Δ  10W  H@25Δ  [20DMA > 50DMA],single,1475,10000000.0,19882721.036685273,2950000.0,20860555.705074962,977834.6683896874,-2737787.2419607607,17.83050847457627,104.91801231121988,0.10139276641399005,-0.19536938788074096,-2.9819219003789024,1.408355554782364,-7.208680797229423,-1.603724942663105,11,45.45454545454545,-1697196.428285564,0.03690341370543298,1.0894602950881505,11.879073603057137,100.0,34.23728813559322,,,,
USDJPY CALL-upout  40Δ  3M  H@25Δ  [20DMA > 50DMA],single,1465,10000000.0,22227097.54092002,2930000.0,25185663.68011954,2958566.139199518,-3556562.991418918,16.518771331058023,113.31062741661526,0.22384960842333249,-0.05052487174249261,-1.7463389360037722,1.336800590995099,-26.45826787662715,-1.3873254627375917,11,36.36363636363637,-1255911.536035022,0.08634192661530252,1.2182257431041557,15.329918395352399,100.0,35.2901023890785,,,,
USDJPY CALL-upout  35Δ  1M  H@25Δ  [20DMA > 50DMA],single,1483,10000000.0,8124669.407032415,2966000.0,8413493.119656766,288823.7126243495,-765745.1427930193,15.104517869184086,103.55489802913524,0.10296878699377131,-0.013089313270990222,-1.3322242480907716,0.8128438436817267,-62.09980820638072,-0.8259331569527169,11,45.45454545454545,-313263.75038648833,0.038514111199630496,1.0873380700985913,3.207544998074976,100.0,29.93931220498989,,,,
USDJPY CALL-upout  35Δ  6W  H@25Δ  [20DMA > 50DMA],single,1476,10000000.0,8964732.046619238,2952000.0,8669511.195815712,-295220.8508035259,-1362429.561859201,13.008130081300814,96.70686363777199,-0.0937789008932654,-0.3752983578008313,-2.507306488166948,1.2432342098179838,-3.3126556084686123,-1.6185325676188151,11,54.54545454545454,-387761.70821504266,-0.022175664671865658,0.9222363983807115,7.133437537951173,100.0,30.758807588075882,,,,
USDJPY CALL-upout  35Δ  2M  H@25Δ  [20DMA > 50DMA],single,1475,10000000.0,10221286.645641815,2950000.0,10054042.858079262,-167243.78756255057,-1987325.3483645178,13.220338983050848,98.36376971549015,-0.038551828262362746,-0.23882829959814222,-2.1662389180369637,1.1883162222056338,-4.975608938325655,-1.427144521803776,11,36.36363636363637,-646553.3996224185,-0.008697705565743417,0.9693043658479562,10.274467516747814,100.0,34.101694915254235,,,,
USDJPY CALL-upout  35Δ  10W  H@25Δ  [20DMA > 50DMA],single,1475,10000000.0,10767120.28108837,2950000.0,9356319.607834218,-1410800.6732541542,-2228755.9659674815,12.271186440677965,86.89714021554937,-0.3161910573754859,-0.6585530846149975,-3.7603030863463793,1.4719012347347662,-2.235053284421661,-2.130454319349764,11,45.45454545454545,-1009589.3503797433,-0.06540394520391098,0.7731106732802528,12.240526268736238,100.0,34.23728813559322,,,,
USDJPY CALL-upout  35Δ  3M  H@25Δ  [20DMA > 50DMA],single,1465,10000000.0,11839899.982865898,2930000.0,12472833.071584024,632933.0887181255,-2182443.20948656,12.42320819112628,105.34576381248213,0.0897662522569894,-0.3139421680114099,-1.8560673501809433,1.3247968774567334,-4.219875545385751,-1.6387390454681432,11,45.45454545454545,-681121.0488132121,0.03010133844267601,1.0838019246833754,9.704066305932415,100.0,35.2901023890785,,,,
USDJPY CALL-upout  30Δ  1M  H@25Δ  [20DMA > 50DMA],single,1483,10000000.0,4320634.984438726,2966000.0,2333184.183522489,-1987450.8009162368,-2008838.5075769636,7.82198246797033,54.00095569113626,-1.956186544301245,-2.127100238208966,-3.3068524807222186,0.8550335874286117,-0.4019714595813107,-2.9821338256375776,11,0.0,-385795.65864594263,-0.10102355477223948,0.18088193941153502,11.894135811388747,100.0,29.93931220498989,,,,
USDJPY CALL-upout  30Δ  6W  H@25Δ  [20DMA > 50DMA],single,1476,10000000.0,4531149.431982766,2952000.0,2482958.3859478934,-2048191.0460348725,-2117547.0868536206,6.910569105691057,54.79753919440672,-1.7965142313686076,-1.9894100341715324,-4.5730583819169315,1.2227716826654036,-0.6146403514922519,-3.2121817168369358,11,0.0,-452050.5822642171,-0.09898766128143598,0.24070436132083156,13.423065093261219,100.0,30.758807588075882,,,,
USDJPY CALL-upout  30Δ  2M  H@25Δ  [20DMA > 50DMA],single,1475,10000000.0,4860082.803145118,2950000.0,2721012.7485626945,-2139070.0545824245,-2272284.38253079,6.508474576271187,55.986962748902926,-1.5407868982897732,-1.634683569941327,-3.2717991530758854,1.0853624089166407,-0.6639587189070465,-2.720045978857968,11,9.090909090909092,-531273.0463040811,-0.09729398770762618,0.3027096652714114,13.98090557917896,100.0,34.101694915254235,,,,
USDJPY CALL-upout  30Δ  10W  H@25Δ  [20DMA > 50DMA],single,1475,10000000.0,5003637.621490259,2950000.0,2335643.6798858596,-2667993.941604399,-2715834.894699864,5.491525423728814,46.67891355390007,-1.8645132501350425,-2.38852219313484,-5.17801355360912,1.4564128065983082,-0.6097547725469632,-3.844934999733148,11,9.090909090909092,-578046.4624268742,-0.10150379537057488,0.1983881036416476,17.341082574876587,100.0,34.23728813559322,,,,
USDJPY CALL-upout  30Δ  3M  H@25Δ  [20DMA > 50DMA],single,1465,10000000.0,5271108.815971276,2930000.0,3739371.1243104734,-1531737.6916608026,-1955333.2832572889,6.89419795221843,70.94088274141313,-0.6558840347962753,-1.0820108043378591,-3.1894588941753166,1.3729225583797158,-1.2688621526472477,-2.4549333627175747,11,18.181818181818183,-418429.8786149106,-0.08130824070728968,0.577272749004385,10.505197630493074,100.0,35.2901023890785,,,,
USDJPY CALL-upout  ATM  1M  H@25Δ  [50DMA > 200DMA (golden cross)],single,1446,10000000.0,32571852.715233624,2892000.0,34770224.13407936,2198371.41884574,-3079469.519513534,24.13554633471646,106.74929804597075,0.19246648291517626,0.44589367620049974,-0.755389963313985,1.1328739083866888,2.5406817114788653,-0.6869802321861891,10,40.0,-733875.0438489926,0.07680254391246336,1.1848017271912235,12.16551146027214,100.0,28.42323651452282,,,,
USDJPY CALL-upout  ATM  6W  H@25Δ  [50DMA > 200DMA (golden cross)],single,1439,10000000.0,37295288.74539207,2878000.0,41343659.78460579,4048371.0392137254,-3314332.6517481734,24.94788047255038,110.85491271257126,0.28262381962257016,0.36507547619351693,-1.4133834849784428,0.9407671609889767,2.5769114123959964,-0.5756916847954598,10,80.0,-810167.7322290274,0.13176118281982047,1.2926313132808265,11.230999402873724,100.0,29.881862404447535,,,,
USDJPY CALL-upout  ATM  2M  H@25Δ  [50DMA > 200DMA (golden cross)],single,1426,10000000.0,43642123.13397163,2852000.0,40370053.68182628,-3272069.4521453567,-6979419.94897656,20.897615708274895,92.5024970895645,-0.19575557250755485,0.22028206810160383,-2.4638285126440045,2.498459652989355,11.34209277460095,-2.278177584887751,10,40.0,-2598239.954798983,-0.05093258262461129,0.8432627622424496,33.34476256366331,100.0,32.959326788218796,,,,
USDJPY CALL-upout  ATM  10W  H@25Δ  [50DMA > 200DMA (golden cross)],single,1419,10000000.0,46348111.84905672,2838000.0,42179084.17781568,-4169027.6712410343,-9678232.046820646,20.507399577167018,91.0049676137435,-0.19300436633316354,-0.24928358984325297,-2.367458986797571,1.2839355295704638,-5.1505016049303105,-1.5332191194137168,10,50.0,-3908346.764063486,-0.04685417333706206,0.841505699336271,38.67843600112744,100.0,33.40380549682875,,,,
USDJPY CALL-upout  ATM  3M  H@25Δ  [50DMA > 200DMA (golden cross)],single,1405,10000000.0,51753524.67836053,2810000.0,47253554.603980064,-4499970.074380462,-12077413.94313554,21.423487544483987,91.30499786759061,-0.19843968814323373,-0.25298543646941474,-2.24968670190762,1.7562453448726085,-6.942080814541014,-2.009230781342023,10,30.0,-3214553.167884991,-0.04076989249546951,0.8416284002592068,49.2810560551243,100.0,33.096085409252666,,,,
USDJPY CALL-upout  45Δ  1M  H@25Δ  [50DMA > 200DMA (golden cross)],single,1446,10000000.0,22423770.34533584,2892000.0,23656801.47183336,1233031.1264975173,-2227816.651531001,20.539419087136928,105.49876808185377,0.14817608105105715,0.3525888564070939,-1.0422593186574074,1.087646962287248,3.08474571025996,-0.7350581058801541,10,60.0,-680372.0400776434,0.059544964449152964,1.1389370419672789,8.971235043741405,100.0,28.42323651452282,,,,
USDJPY CALL-upout  45Δ  6W  H@25Δ  [50DMA > 200DMA (golden cross)],single,1439,10000000.0,25602955.871357158,2878000.0,28200839.054767437,2597883.1834102767,-2257658.0294285067,21.473245309242532,110.1468095967646,0.25257266763150543,0.31125969837610107,-1.3687269886497497,0.8548340243059535,2.7463691212379224,-0.5435743259298524,10,70.0,-472379.0426816421,0.12412656298266048,1.2575023095509505,7.675347619246866,100.0,29.881862404447535,,,,
USDJPY CALL-upout  45Δ  2M  H@25Δ  [50DMA > 200DMA (golden cross)],single,1426,10000000.0,29935775.3419067,2852000.0,27351920.81485347,-2583854.5270532286,-4306875.379789865,17.391304347826086,91.36867344325596,-0.2157176078545266,-0.06122566056936822,-2.4045302599909433,2.0178974142848287,-32.95836084934626,-2.079123074854197,10,40.0,-2344113.359192663,-0.06517758562623259,0.8291876828519453,23.290021055264855,100.0,32.959326788218796,,,,
USDJPY CALL-upout  45Δ  10W  H@25Δ  [50DMA > 200DMA (golden cross)],single,1419,10000000.0,31807806.317231484,2838000.0,28705267.917462572,-3102538.3997689113,-6297231.148227878,17.688513037350244,90.24598436991818,-0.19906454268872756,-0.3258052147823368,-2.3674586655147976,1.188536347011096,-3.6479966958329086,-1.5143415617934326,10,50.0,-2642060.183562626,-0.05358917402486545,0.8348993548919093,24.79204909649893,100.0,33.40380549682875,,,,
USDJPY CALL-upout  45Δ  3M  H@25Δ  [50DMA > 200DMA (golden cross)],single,1405,10000000.0,35607161.98839894,2810000.0,31257193.771761257,-4349968.216637682,-8563357.606099447,17.22419928825623,87.78344587514466,-0.26421607801057573,-0.4066035503585047,-2.2495225189657737,1.636677007921808,-4.025240326796803,-2.043280558280313,10,30.0,-2118893.016844584,-0.05558350068766292,0.7940034747171061,36.77702034152227,100.0,33.096085409252666,,,,
USDJPY CALL-upout  40Δ  1M  H@25Δ  [50DMA > 200DMA (golden cross)],single,1446,10000000.0,14188853.257784095,2892000.0,14391979.859085945,203126.60130185133,-1529356.0410949427,16.666666666666664,101.43159279760974,0.037346913717917464,0.1615003137432477,-1.4066827788691318,1.031146948831685,6.38479842504205,-0.8696466350884372,10,60.0,-546374.9647907865,0.014289224023318961,1.0332403977578601,6.608324964763935,100.0,28.42323651452282,,,,
USDJPY CALL-upout  40Δ  6W  H@25Δ  [50DMA > 200DMA (golden cross)],single,1439,10000000.0,16023412.770043999,2878000.0,16913045.603021707,889632.8329777108,-1420163.9429697483,17.164697706740792,105.55208085658812,0.13393654933488378,0.11216533500255729,-1.4066051487172875,0.710174723063965,6.331499148536163,-0.5980093880614077,10,60.0,-297148.980416243,0.06757337203107336,1.1320662318850867,5.252887374532374,100.0,29.881862404447535,,,,
USDJPY CALL-upout  40Δ  2M  H@25Δ  [50DMA > 200DMA (golden cross)],single,1426,10000000.0,18521293.93904543,2852000.0,16421114.534851901,-2100179.4041935294,-2962353.4315431635,13.884992987377279,88.66073066436215,-0.273891943064948,-0.395779830316157,-2.745750938629812,1.5349376067410514,-3.8782613189634043,-1.9307174370572084,10,50.0,-1685751.064935881,-0.07702151178292978,0.7867857560887761,17.919287978937206,100.0,32.959326788218796,,,,
USDJPY CALL-upout  40Δ  10W  H@25Δ  [50DMA > 200DMA (golden cross)],single,1419,10000000.0,19599565.31899984,2838000.0,16910752.466636717,-2688812.8523631264,-3758115.4238009555,13.530655391120508,86.28126283108642,-0.27205645835323444,-0.5468506009056401,-2.3685442198491424,1.0910711178025134,-1.9951904889481495,-1.6379217187081534,10,40.0,-1510571.443374424,-0.07782157097773339,0.7831588908475329,15.196993560852858,100.0,33.40380549682875,,,,
USDJPY CALL-upout  40Δ  3M  H@25Δ  [50DMA > 200DMA (golden cross)],single,1405,10000000.0,21788327.16105459,2810000.0,18256290.63749447,-3532036.523560114,-5983079.3447767645,12.740213523131672,83.78931756691522,-0.334808345073466,-0.6003373653979877,-2.248971289058401,1.51101714715362,-2.51694669405078,-2.1113545125516078,10,20.0,-1571713.9500451004,-0.06459580514304618,0.7438780517957638,28.516023617567974,100.0,33.096085409252666,,,,
USDJPY CALL-upout  35Δ  1M  H@25Δ  [50DMA > 200DMA (golden cross)],single,1446,10000000.0,8105486.468876004,2892000.0,7011250.765254267,-1094235.7036217386,-1460317.805303496,12.240663900414937,86.50006131250161,-0.3838428166072988,-0.43666468735597086,-2.318004221624772,0.9098481973415197,-2.083631270599648,-1.3465128846974905,10,50.0,-504854.61201511987,-0.08061464515839732,0.7178083200784453,7.7263582207982315,100.0,28.42323651452282,,,,
USDJPY CALL-upout  35Δ  6W  H@25Δ  [50DMA > 200DMA (golden cross)],single,1439,10000000.0,8945448.186117642,2878000.0,8087327.22698609,-858120.9591315521,-1480332.7353646879,12.02223766504517,90.40717758040049,-0.24248258699157185,-0.46679771749745874,-1.4943931757118916,0.7180258899828318,-1.538194946265436,-1.1848236074802905,10,50.0,-449615.25181380304,-0.06253057716825376,0.7950896646022634,8.214371932866744,100.0,29.881862404447535,,,,
USDJPY CALL-upout  35Δ  2M  H@25Δ  [50DMA > 200DMA (golden cross)],single,1426,10000000.0,10085678.58096812,2852000.0,7768239.012004171,-2317439.5689639505,-2641046.816899586,10.308555399719495,77.02247250535025,-0.5845331182039434,-0.8317883518469612,-3.6499777849346984,1.3859413232426927,-1.6662187203815146,-2.217729675089654,10,30.0,-1029415.1319783209,-0.0953289553014257,0.6050918469926959,16.204470154213226,100.0,32.959326788218796,,,,
USDJPY CALL-upout  35Δ  10W  H@25Δ  [50DMA > 200DMA (golden cross)],single,1419,10000000.0,10576509.667668328,2838000.0,7980154.0720552895,-2596355.59561304,-2941957.512548169,10.007047216349543,75.45167851025634,-0.5110795745263912,-0.8934000713847923,-2.425619949265542,1.1408302414272562,-1.276953380649434,-2.0342303128120482,10,30.0,-883138.5524731405,-0.09599250152771993,0.6344423386508186,14.562771121790975,100.0,33.40380549682875,,,,
USDJPY CALL-upout  35Δ  3M  H@25Δ  [50DMA > 200DMA (golden cross)],single,1405,10000000.0,11573199.121239692,2810000.0,8747765.22406642,-2825433.8971732734,-3983876.5874876226,8.896797153024911,75.58640556017131,-0.5074785755364131,-0.9011355845008687,-2.2476427136642365,1.448014877435851,-1.6068779241892817,-2.34915046193672,10,20.0,-889647.8272595563,-0.07760383203846961,0.6342180502204833,20.995750149889748,100.0,33.096085409252666,,,,
USDJPY CALL-upout  30Δ  1M  H@25Δ  [50DMA > 200DMA (golden cross)],single,1446,10000000.0,4261095.851482227,2892000.0,1974091.3195913911,-2287004.5318908375,-2292249.529924488,6.639004149377594,46.32825424250198,-2.156676147411372,-2.4984228197796567,-4.6538929711601815,1.2657854468776184,-0.506633799874295,-3.764208266657275,10,0.0,-488242.30914905743,-0.1073385140620426,0.15024021764620069,13.564709344968605,100.0,28.42323651452282,,,,
USDJPY CALL-upout  30Δ  6W  H@25Δ  [50DMA > 200DMA (golden cross)],single,1439,10000000.0,4471602.813390368,2878000.0,2233403.2798820445,-2238199.533508322,-2244041.9896949255,6.254343293954134,49.946369860803436,-1.7203039736835708,-2.082475095441208,-5.285946523554296,1.3604757602336648,-0.6532974935507811,-3.442950855674873,10,0.0,-505806.4615998783,-0.10758979814224974,0.23900320267095354,13.604909590904976,100.0,29.881862404447535,,,,
USDJPY CALL-upout  30Δ  2M  H@25Δ  [50DMA > 200DMA (golden cross)],single,1426,10000000.0,4752299.138171006,2852000.0,2116022.8688169196,-2636276.269354087,-2688616.2012877306,5.119214586255259,44.526297846463066,-1.9096917523938146,-2.056048287110819,-4.896789327966108,1.3061808020495653,-0.6352870262035647,-3.3622290891603845,10,0.0,-588018.5927045777,-0.10652575587716362,0.21093064253901722,16.145043259933473,100.0,32.959326788218796,,,,
USDJPY CALL-upout  30Δ  10W  H@25Δ  [50DMA > 200DMA (golden cross)],single,1419,10000000.0,4871096.992336152,2838000.0,1930339.7614981078,-2940757.2308380445,-2974039.88300131,4.792107117688513,39.62844025760874,-1.8758208204463935,-2.5343047270645167,-5.334398627784434,1.587492984511529,-0.6264017770074245,-4.121797711576046,10,10.0,-646159.0576112567,-0.1075528487631823,0.19197720610793167,17.09664880287151,100.0,33.40380549682875,,,,
USDJPY CALL-upout  30Δ  3M  H@25Δ  [50DMA > 200DMA (golden cross)],single,1405,10000000.0,5112694.123632465,2810000.0,2506495.4003122747,-2606198.723320191,-2953280.5161705352,4.7686832740213525,49.02494339973268,-1.3643238317578885,-1.833544126442386,-4.311955721984411,1.6362769507846477,-0.8924120926173211,-3.4698210772270337,10,20.0,-530358.346453561,-0.09656210392956545,0.2957516438199706,17.018579257796922,100.0,33.096085409252666,,,,
USDJPY CALL-upout  ATM  1M  H@25Δ  [Realized vol (20d) < 252d p75],single,1816,10000000.0,37477639.82414095,3632000.0,46149740.68417981,8672100.860038871,-2601765.455213261,27.53303964757709,123.13939965465168,0.7597162576485516,0.8122453267996212,-0.15520113092851298,0.7768007652200468,0.9563622462203238,0.03544456157957443,10,80.0,-219415.1755358547,0.36308879638209945,1.8076454404313078,8.574192399516804,100.0,27.037444933920707,,,,
USDJPY CALL-upout  ATM  6W  H@25Δ  [Realized vol (20d) < 252d p75],single,1809,10000000.0,43206200.168972075,3618000.0,52398253.53967551,9192053.370703429,-3209552.616807808,27.08678828081813,121.27484790320575,0.5707890122695477,0.5030956724618195,-1.76238718539957,1.0261149274766586,2.039601975615347,-0.523019255014839,10,80.0,-1532907.536715254,0.31263120563422414,1.568707395845758,12.179683369839799,100.0,28.192371475953564,,,,
USDJPY CALL-upout  ATM  2M  H@25Δ  [Realized vol (20d) < 252d p75],single,1796,10000000.0,51139073.16512065,3592000.0,58328743.90231814,7189670.737197496,-6416945.17503887,25.05567928730512,114.05905561483895,0.3440745896257689,0.3318357111573067,-1.4981524808270297,1.3467630033675277,4.058523414103236,-1.014927292210221,10,70.0,-2028247.570955884,0.12307766484737442,1.3099590933211653,26.130666970741242,100.0,30.56792873051225,,,,
USDJPY CALL-upout  ATM  10W  H@25Δ  [Realized vol (20d) < 252d p75],single,1793,10000000.0,54594189.86493757,3586000.0,59316921.629678205,4722731.7647406235,-9046860.907348888,24.428332403792528,108.65061241209794,0.2010982553876302,-0.07521131433483097,-2.907893672035433,1.293465456931965,-17.197751008227637,-1.368676771266796,10,60.0,-4022862.3810660946,0.05779673104729182,1.1673780141373977,35.5845128829702,100.0,31.455660903513667,,,,
USDJPY CALL-upout  ATM  3M  H@25Δ  [Realized vol (20d) < 252d p75],single,1792,10000000.0,61931714.86975792,3584000.0,71086384.19299318,9154669.323235247,-11740583.618958723,24.441964285714285,114.78187604281176,0.31404056343490944,0.320685200674517,-1.3620067042378718,1.4407906904017236,4.492850581726938,-1.1201054897272065,10,40.0,-2917308.50797845,0.0863036692582117,1.2691101816386856,49.453801254683945,100.0,31.919642857142854,,,,
USDJPY CALL-upout  45Δ  1M  H@25Δ  [Realized vol (20d) < 252d p75],single,1816,10000000.0,25907851.059854105,3632000.0,31368005.713246945,5460154.65339284,-1937852.5761861568,23.292951541850222,121.07528965169058,0.6613130985101432,0.6744670637170762,-0.5248907076618612,0.7962201138801464,1.1805174139891623,-0.12175305016307014,10,90.0,-304343.57723944495,0.3069310890647514,1.6672878460134872,7.56147447483946,100.0,27.037444933920707,,,,
USDJPY CALL-upout  45Δ  6W  H@25Δ  [Realized vol (20d) < 252d p75],single,1809,10000000.0,29761465.8908799,3618000.0,35850388.790012136,6088922.899132239,-2346652.741778348,23.4383637368712,120.45908263207603,0.5257626287130746,0.40019890952260173,-2.328776914284904,1.1189174192456506,2.7959032186779567,-0.7187185097230488,10,80.0,-1292815.417229198,0.283240880290244,1.523792389426908,8.962064193460456,100.0,28.192371475953564,,,,
USDJPY CALL-upout  45Δ  2M  H@25Δ  [Realized vol (20d) < 252d p75],single,1796,10000000.0,35166377.783223376,3592000.0,39812712.7308934,4646334.947670016,-4616776.2901095925,20.657015590200444,113.21243540154032,0.3027944782329131,0.23082692081059966,-1.4928495202154883,1.2122344511944616,5.251703080981338,-0.981407530383862,10,60.0,-1259338.5917471608,0.1105529302670575,1.269762883800146,20.332077151034543,100.0,30.56792873051225,,,,
USDJPY CALL-upout  45Δ  10W  H@25Δ  [Realized vol (20d) < 252d p75],single,1793,10000000.0,37551359.58165856,3586000.0,40312594.64318003,2761235.0615214603,-6745792.209058436,20.580033463469046,107.35322260574061,0.16266495274484374,-0.15534218365081756,-2.740073176166503,1.269324116619038,-8.171148922898237,-1.4246663002698556,10,50.0,-2793745.6168201,0.045318792412630426,1.1349889301758103,27.718527644158964,100.0,31.455660903513667,,,,
USDJPY CALL-upout  45Δ  3M  H@25Δ  [Realized vol (20d) < 252d p75],single,1792,10000000.0,42683885.853242375,3584000.0,49449971.080082305,6766085.226839934,-8128137.318480238,20.982142857142858,115.85161493989415,0.3105214202585235,0.22794652331275014,-1.2396091117162866,1.3491004421413226,5.918495366960752,-1.1211539188285724,10,50.0,-1967759.2819283456,0.09213459191654094,1.2722222301362587,34.19940751063126,100.0,31.919642857142854,,,,
USDJPY CALL-upout  40Δ  1M  H@25Δ  [Realized vol (20d) < 252d p75],single,1816,10000000.0,16514431.073603457,3632000.0,18979532.31677369,2465101.243170228,-1702539.6453472367,19.273127753303964,114.9269522648614,0.4569165706149625,0.3973736551969126,-1.123324800903497,0.8682435821457319,2.1849550688393946,-0.47086992694881935,10,60.0,-405541.1398561744,0.1577226982574957,1.4126692579614901,6.746278095702535,100.0,27.037444933920707,,,,
USDJPY CALL-upout  40Δ  6W  H@25Δ  [Realized vol (20d) < 252d p75],single,1809,10000000.0,18738947.123409018,3618000.0,21605171.21194747,2866224.0885384525,-1616763.0797771115,18.131564400221116,115.2955449933359,0.38598759910820446,0.1836212538292581,-2.9910374139569065,1.1820785050085703,6.437590858124391,-0.9984572511793122,10,80.0,-969551.6206387782,0.19352097635711446,1.370452328481207,6.509649445108145,100.0,28.192371475953564,,,,
USDJPY CALL-upout  40Δ  2M  H@25Δ  [Realized vol (20d) < 252d p75],single,1796,10000000.0,21856968.43460363,3592000.0,24053718.28137856,2196749.8467749273,-3225276.928878932,16.926503340757236,110.0505696997625,0.21977504643126802,0.06032930010579531,-1.5713306668084996,0.9943846104892707,16.482614728589382,-0.9340553103834754,10,50.0,-825164.2014693406,0.07481904659464268,1.1904273495133038,15.049109626191198,100.0,30.56792873051225,,,,
USDJPY CALL-upout  40Δ  10W  H@25Δ  [Realized vol (20d) < 252d p75],single,1793,10000000.0,23235307.962372147,3586000.0,23875995.02684605,640687.0644739091,-4508869.816921488,15.950920245398773,102.75738572310493,0.05940975982296219,-0.3331912135223951,-2.632463852035609,1.2556230102868946,-3.7684757560466076,-1.5888142238092897,10,50.0,-1686982.189938698,0.015732080806114705,1.046689591476172,19.845702148209085,100.0,31.455660903513667,,,,
USDJPY CALL-upout  40Δ  3M  H@25Δ  [Realized vol (20d) < 252d p75],single,1792,10000000.0,26206353.11002361,3584000.0,30168462.633740883,3962109.523717277,-5207577.376106486,16.183035714285715,115.11888932841181,0.2767066593700787,0.039333519009812704,-1.488273039658846,1.3477344822951973,34.264274243018335,-1.3084009632853846,10,50.0,-1130290.395583253,0.08421065194971732,1.2463590730580338,22.690282714513796,100.0,31.919642857142854,,,,
USDJPY CALL-upout  35Δ  1M  H@25Δ  [Realized vol (20d) < 252d p75],single,1816,10000000.0,9576488.007933307,3632000.0,9064982.50578146,-511505.5021518476,-1403728.5203545566,14.041850220264319,94.65873604469499,-0.18293835352462579,-0.4344582089588996,-2.7262301228315757,1.1127370508890186,-2.5612061826510115,-1.5471952598479182,10,60.0,-464758.1387376288,-0.03969390784204764,0.8756563205354007,6.87676086542842,100.0,27.037444933920707,,,,
USDJPY CALL-upout  35Δ  6W  H@25Δ  [Realized vol (20d) < 252d p75],single,1809,10000000.0,10596364.439014193,3618000.0,10586721.810082491,-9642.628931701649,-1528096.8052752328,13.32227750138198,99.90900059178601,-0.0024654584682268473,-0.35595183002281205,-3.9030338014284336,1.2739462027629371,-3.578984838148727,-1.629898032785749,10,50.0,-668247.588156428,-0.0006888249585542867,0.9979939551713308,7.387887887987763,100.0,28.192371475953564,,,,
USDJPY CALL-upout  35Δ  2M  H@25Δ  [Realized vol (20d) < 252d p75],single,1796,10000000.0,12022836.611455409,3592000.0,11627410.639233353,-395425.972222056,-2361926.915314196,12.305122494432071,96.71104261830115,-0.07607345278985224,-0.32432130450679364,-2.0296345975298613,0.9014534341454215,-2.7795073022300896,-1.225774738652215,10,50.0,-558438.4020144667,-0.018390659808554657,0.9422257660632176,11.255899081441367,100.0,30.56792873051225,,,,
USDJPY CALL-upout  35Δ  10W  H@25Δ  [Realized vol (20d) < 252d p75],single,1793,10000000.0,12656474.843844123,3586000.0,11322131.76638607,-1334343.0774580552,-2848465.8048283136,11.489124372559957,89.45722964789793,-0.24650753606520132,-0.7434087265708318,-2.9851196105611315,1.3105867102229336,-1.762942326852093,-2.053995436793765,10,40.0,-915264.3005101315,-0.0518638085807919,0.8297613871759701,13.510846001596734,100.0,31.455660903513667,,,,
USDJPY CALL-upout  35Δ  3M  H@25Δ  [Realized vol (20d) < 252d p75],single,1792,10000000.0,14028338.590115678,3584000.0,14966137.972245028,937799.3821293499,-3363713.88612915,12.276785714285714,106.68503526704238,0.12325836185526913,-0.37402296695137716,-3.2910310643999403,1.6208028031284458,-4.333431223059491,-1.994825770079823,10,40.0,-841726.9736989456,0.030857957667531764,1.103995406462588,15.572982994267905,100.0,31.919642857142854,,,,
USDJPY CALL-upout  30Δ  1M  H@25Δ  [Realized vol (20d) < 252d p75],single,1816,10000000.0,5192855.586680148,3632000.0,2443943.970008827,-2748911.6166713205,-2772079.5494465404,7.10352422907489,47.06358436536588,-2.8052693411095695,-3.1979161287481674,-5.965524015267092,1.4728342209230916,-0.4605606156092769,-4.670750349671259,10,0.0,-442225.64590326534,-0.1080218868188044,0.12577622460530238,16.419760785178262,100.0,27.037444933920707,,,,
USDJPY CALL-upout  30Δ  6W  H@25Δ  [Realized vol (20d) < 252d p75],single,1809,10000000.0,5450597.573211415,3618000.0,2921932.3272414776,-2528665.245969938,-2525018.3961225245,6.965174129353234,53.607559317939455,-1.9109971284098286,-2.3146977434019615,-6.109425937409044,1.496059894538933,-0.6463305625122964,-3.8107576379408945,10,0.0,-472329.100041479,-0.10931784985794679,0.2741070889102467,15.739011024318543,100.0,28.192371475953564,,,,
USDJPY CALL-upout  30Δ  2M  H@25Δ  [Realized vol (20d) < 252d p75],single,1796,10000000.0,5806480.926092923,3592000.0,3266899.5187996845,-2539581.4072932387,-2691831.0933912755,6.570155902004454,56.26298545335828,-1.5675949469900916,-1.9461531117825026,-3.6785948944942595,1.2495168309180233,-0.6420444636925701,-3.195669942700526,10,0.0,-457350.0971663418,-0.10363654077189854,0.3299503792057782,15.783379659765597,100.0,30.56792873051225,,,,
USDJPY CALL-upout  30Δ  10W  H@25Δ  [Realized vol (20d) < 252d p75],single,1793,10000000.0,5968687.957221187,3586000.0,2939725.498677388,-3028962.4585438,-3207664.205032148,5.186837702175126,49.2524574872569,-1.829586309697663,-2.6780859513805675,-4.4973747080584845,1.522038623855131,-0.5683307599110148,-4.200124575235698,10,10.0,-475989.2181075994,-0.1045473193916395,0.26389747824798726,19.840059005649476,100.0,31.455660903513667,,,,
USDJPY CALL-upout  30Δ  3M  H@25Δ  [Realized vol (20d) < 252d p75],single,1792,10000000.0,6328031.556515643,3584000.0,4123177.319365151,-2204854.237150491,-2663503.318613949,6.584821428571429,65.1573444686718,-0.9576021887680033,-2.062480619841039,-9.622509174919902,2.9136600349383674,-1.4126969276263703,-4.976140654779407,10,20.0,-626661.1995737031,-0.09162266631629198,0.4944313176267291,14.361519464977738,100.0,31.919642857142854,,,,
USDJPY CALL-upout  ATM  1M  H@25Δ  [Realized vol (20d) < 252d median],single,1366,10000000.0,27696714.978056982,2732000.0,33484961.50803473,5788246.529977746,-1835258.5945864762,26.57393850658858,120.89867529258815,0.5936822302073861,0.6092926403984269,-0.5432430497609934,0.7395557139604715,1.2137939389467487,-0.13026307356204458,10,80.0,-313082.7552679775,0.34356303033122043,1.6493578722750222,6.98710623577749,100.0,28.62371888726208,,,,
USDJPY CALL-upout  ATM  6W  H@25Δ  [Realized vol (20d) < 252d median],single,1359,10000000.0,31844098.730132356,2718000.0,40780140.54409242,8936041.813960053,-2120376.2636362393,28.550404709345106,128.06184558617878,0.6411289643659294,0.608668270456873,-0.45963900713969286,0.7490110432566806,1.2305734989183266,-0.14034277279980756,10,80.0,-320358.1095815643,0.4600410079879094,1.7292489655927268,7.558175867209292,100.0,28.550404709345106,,,,
USDJPY CALL-upout  ATM  2M  H@25Δ  [Realized vol (20d) < 252d median],single,1348,10000000.0,37690117.55177952,2696000.0,44761781.613917306,7071664.062137784,-6467147.964003548,25.59347181008902,118.76264793396459,0.3834204152836053,0.5774945934472206,-1.122321815870482,1.8897769780102196,3.272371723395075,-1.312282384562999,10,70.0,-1301210.21278185,0.12117466997774627,1.392743914961168,23.208808928915897,100.0,31.528189910979226,,,,
USDJPY CALL-upout  ATM  10W  H@25Δ  [Realized vol (20d) < 252d median],single,1348,10000000.0,40306749.13207403,2696000.0,45585586.94467729,5278837.812603256,-7903939.229135374,24.629080118694365,113.09665980579571,0.26269240620438544,0.025001402876251588,-2.087199398479738,1.1434880399700018,45.73695506727672,-1.1184866370937503,10,60.0,-3139147.0402264562,0.07405618851398893,1.2501517597930136,26.736377228682606,100.0,33.531157270029674,,,,
USDJPY CALL-upout  ATM  3M  H@25Δ  [Realized vol (20d) < 252d median],single,1348,10000000.0,45776760.742002524,2696000.0,52698571.21385852,6921810.471856002,-11201886.866970433,23.664688427299705,115.12079570432535,0.2840516081078414,0.06880474020124816,-2.3172618908290374,1.8045440430101651,26.2270308372944,-1.735739302808917,10,50.0,-3333787.8456155965,0.06847492148314055,1.2741606395164127,48.72540346584277,100.0,33.753709198813056,,,,
USDJPY CALL-upout  45Δ  1M  H@25Δ  [Realized vol (20d) < 252d median],single,1366,10000000.0,19167721.42104546,2732000.0,22970334.554931425,3802613.133885965,-1488372.9077260061,22.986822840409957,119.83862896562572,0.537595657947589,0.5008151014121001,-0.8875643118222513,0.7869279294081346,1.5712943303612645,-0.28611282799603455,10,80.0,-345160.27192338114,0.2783088770155744,1.57270840361162,5.681260415193291,100.0,28.62371888726208,,,,
USDJPY CALL-upout  45Δ  6W  H@25Δ  [Realized vol (20d) < 252d median],single,1359,10000000.0,21959748.558384884,2718000.0,27989460.99818968,6029712.439804799,-1518243.2959691882,24.797645327446652,127.45802131464971,0.6026364847123639,0.5148853454485898,-0.7422196133822013,0.7594902768295775,1.4750667960220885,-0.2446049313809877,10,80.0,-339609.64639002434,0.43353036038343484,1.6855147824815833,5.530361127297597,100.0,28.550404709345106,,,,
USDJPY CALL-upout  45Δ  2M  H@25Δ  [Realized vol (20d) < 252d median],single,1348,10000000.0,25948394.812305152,2696000.0,30834489.593956787,4886094.781651635,-4380760.384149386,21.216617210682493,118.83004639398571,0.3613494923763994,0.39491002149227006,-1.3138078903253367,1.521013433721115,3.851544278298056,-1.126103412228845,10,60.0,-836515.3158082366,0.12359912884779652,1.3690110367659332,16.455879633088873,100.0,31.528189910979226,,,,
USDJPY CALL-upout  45Δ  10W  H@25Δ  [Realized vol (20d) < 252d median],single,1348,10000000.0,27757810.248054333,2696000.0,31553817.598087355,3796007.3500330173,-5331259.185936395,21.439169139465875,113.67545680336617,0.26105728015127955,0.01390948029525636,-1.890631540581827,1.0685660013808465,76.82285597293426,-1.05465652108559,10,60.0,-2095441.940577764,0.07895213482773551,1.2514703263016638,18.148552770098803,100.0,33.531157270029674,,,,
USDJPY CALL-upout  45Δ  3M  H@25Δ  [Realized vol (20d) < 252d median],single,1348,10000000.0,31593666.042985793,2696000.0,37049129.06994589,5455463.026960094,-7887096.944891592,20.77151335311573,117.26758464667408,0.29907861177908746,0.0010643181452364646,-2.4459116584720983,1.7390702865553664,1633.97598203025,-1.7380059684101299,10,50.0,-2413633.898269709,0.07665093544834022,1.2973876579417405,34.0028349455582,100.0,33.753709198813056,,,,
USDJPY CALL-upout  40Δ  1M  H@25Δ  [Realized vol (20d) < 252d median],single,1366,10000000.0,12236672.087458888,2732000.0,14018183.896620668,1781511.8091617818,-1164867.5110677124,19.39970717423133,114.5587934074626,0.38202461600282,0.27550009068473774,-1.343742276141632,0.8793531062407908,3.191843255133656,-0.6038530155560531,10,50.0,-360099.9423628113,0.1665976396420996,1.3811242352397985,4.4838818453494005,100.0,28.62371888726208,,,,
USDJPY CALL-upout  40Δ  6W  H@25Δ  [Realized vol (20d) < 252d median],single,1359,10000000.0,13846629.252696887,2718000.0,16862330.83905068,3015701.586353791,-1057191.3230088414,19.352465047829288,121.77931922143745,0.47050177819827793,0.2826132581685081,-1.2579420091303664,0.7927661662615361,2.8051273015254274,-0.510152908093028,10,70.0,-332028.7026509308,0.3113859855113521,1.5175653573816692,4.116932965330958,100.0,28.550404709345106,,,,
USDJPY CALL-upout  40Δ  2M  H@25Δ  [Realized vol (20d) < 252d median],single,1348,10000000.0,16146231.791915197,2696000.0,18796779.193880785,2650547.401965588,-2800940.776327451,17.729970326409493,116.41588846316937,0.3025935146052245,0.145667671409032,-1.6374053365236572,1.0995636905568182,7.548440089148296,-0.9538960191477862,10,50.0,-536452.4858156246,0.10486599235298998,1.3025343409837973,11.362377559249802,100.0,31.528189910979226,,,,
USDJPY CALL-upout  40Δ  10W  H@25Δ  [Realized vol (20d) < 252d median],single,1348,10000000.0,17193712.337124143,2696000.0,18888454.530890744,1694742.1937666002,-3244047.5082551576,17.28486646884273,109.8567555425908,0.18478118412814432,-0.08670537395506048,-1.8089209860199298,0.9887502916631169,-11.40356412251434,-1.0754556656181773,10,60.0,-1232670.5903425666,0.05792727062578246,1.1681388606941605,11.750057645390099,100.0,33.531157270029674,,,,
USDJPY CALL-upout  40Δ  3M  H@25Δ  [Realized vol (20d) < 252d median],single,1348,10000000.0,19414512.489818037,2696000.0,22853435.074727472,3438922.58490944,-5084942.582438735,16.246290801186944,117.71315445964963,0.28684190109268304,-0.11715267453280691,-2.8200579959103513,1.6992851178141324,-14.50487685911321,-1.8164377923469393,10,50.0,-1464318.0374137445,0.07494443115358136,1.2834829039283795,22.108907984810237,100.0,33.753709198813056,,,,
USDJPY CALL-upout  35Δ  1M  H@25Δ  [Realized vol (20d) < 252d median],single,1366,10000000.0,7117694.76098457,2732000.0,6707149.574706053,-410545.18627851567,-1015531.7911065931,14.202049780380674,94.23204843611857,-0.16466431134964274,-0.37712793829670066,-2.1158325097256863,1.0392608783821102,-2.7557249751263053,-1.4163888166788108,10,40.0,-378763.8090397351,-0.04403764761896541,0.8739471767422268,4.639132915202199,100.0,28.62371888726208,,,,
USDJPY CALL-upout  35Δ  6W  H@25Δ  [Realized vol (20d) < 252d median],single,1359,10000000.0,7853673.223575231,2718000.0,8238244.485739496,384571.26216426515,-1216304.495485075,13.980868285504048,104.89670567155578,0.11502022603431784,-0.32777577972591454,-2.198496024902256,1.0673015765025342,-3.256194150144375,-1.3950773562284486,10,40.0,-269737.9212664792,0.034514278860138956,1.10867483363259,5.651435383801985,100.0,28.550404709345106,,,,
USDJPY CALL-upout  35Δ  2M  H@25Δ  [Realized vol (20d) < 252d median],single,1348,10000000.0,8904109.20764437,2696000.0,9149411.20983396,245302.00218958943,-1807586.874672315,13.056379821958458,102.75493029644103,0.054176915366147695,-0.2682123558051343,-2.4155890532346844,1.0258017817581477,-3.824588090577858,-1.294014137563282,10,40.0,-365113.3448685933,0.015038514379772534,1.0480631671634133,8.013840731722546,100.0,31.528189910979226,,,,
USDJPY CALL-upout  35Δ  10W  H@25Δ  [Realized vol (20d) < 252d median],single,1348,10000000.0,9388034.246102031,2696000.0,8925331.655908233,-462702.59019379783,-1894651.1534235687,12.462908011869436,95.07135809196782,-0.10212756896253244,-0.39130631428698914,-1.9610454733306302,0.9506060555850451,-2.4293143782184363,-1.341912369872034,10,60.0,-672193.5905813015,-0.027079416488063404,0.9201432841406183,7.6895767245970355,100.0,33.531157270029674,,,,
USDJPY CALL-upout  35Δ  3M  H@25Δ  [Realized vol (20d) < 252d median],single,1348,10000000.0,10414154.858523322,2696000.0,11424504.35036536,1010349.4918420371,-3219814.178609659,12.685459940652818,109.70169452603378,0.15985345956135838,-0.38292404620751824,-2.969594884458216,1.7413836354979892,-4.547595411530464,-2.1243076817055075,10,50.0,-805924.5829804966,0.03477313450740192,1.1492149105222007,14.97341528349125,100.0,33.753709198813056,,,,
USDJPY CALL-upout  30Δ  1M  H@25Δ  [Realized vol (20d) < 252d median],single,1366,10000000.0,3883517.886436484,2732000.0,1770590.7799245906,-2112927.1065118928,-2103925.9142191224,7.101024890190337,45.59244560475773,-2.3090496642501273,-2.684500966637586,-4.176990814015302,1.2744595009321789,-0.474747268401425,-3.9589604675697645,10,0.0,-383282.90611848165,-0.10939834273242835,0.1511457532007868,12.66560587241395,100.0,28.62371888726208,,,,
USDJPY CALL-upout  30Δ  6W  H@25Δ  [Realized vol (20d) < 252d median],single,1359,10000000.0,4066624.8067337926,2718000.0,2261396.393772116,-1805228.4129616765,-1834167.1624940834,7.431935246504782,55.608680447420234,-1.6604188318919935,-2.4059503483439904,-5.60941569276127,1.6922805239261933,-0.703373003973663,-4.098230872270184,10,10.0,-287545.9433277922,-0.10743790581371239,0.2905013381836753,11.485961317428158,100.0,28.550404709345106,,,,
USDJPY CALL-upout  30Δ  2M  H@25Δ  [Realized vol (20d) < 252d median],single,1348,10000000.0,4326563.562622936,2696000.0,2587219.031974127,-1739344.5306488094,-1876158.1382537887,7.121661721068249,59.798475037441754,-1.213555405289622,-1.6083280429936555,-3.301007628902975,1.1560763915026082,-0.7188063383827777,-2.7644044344962637,10,0.0,-358195.8343693602,-0.1027351823055582,0.38647902483899876,10.933100545686527,100.0,31.528189910979226,,,,
USDJPY CALL-upout  30Δ  10W  H@25Δ  [Realized vol (20d) < 252d median],single,1348,10000000.0,4453804.126372233,2696000.0,2306135.913994016,-2147668.212378217,-2235045.014994652,5.563798219584569,51.779015164558615,-1.5292973350380814,-1.9775874167710292,-3.7232122998176154,1.0558528225785624,-0.5339095574862328,-3.0334402393495914,10,0.0,-373543.9510722897,-0.1065485501558481,0.28867962913658135,13.534266018714172,100.0,33.531157270029674,,,,
USDJPY CALL-upout  30Δ  3M  H@25Δ  [Realized vol (20d) < 252d median],single,1348,10000000.0,4723653.324519876,2696000.0,3228822.8319151113,-1494830.4926047646,-2039066.7386150379,6.899109792284866,68.35435647139276,-0.7578730645134587,-1.3746266542092185,-5.419797821715338,1.9296495191228848,-1.4037626239925882,-3.304276173332103,10,20.0,-463876.0347950909,-0.08123880556175649,0.5316196805850204,10.788429812084471,100.0,33.753709198813056,,,,
USDJPY CALL-upout  ATM  1M  H@25Δ  [Spot > 50DMA  ∧  RV < p75],single,1161,10000000.0,23899670.873217434,2322000.0,33154827.857594445,9255156.984377017,-2135229.7035306655,31.007751937984494,138.72503949311107,0.9367955536668494,0.9156624764212443,-0.34575911252154895,0.852070003089384,0.9305503119660382,0.06359247333186036,10,80.0,-205396.0521734819,0.4721672475133217,2.3458783555835203,6.338983142247837,100.0,24.54780361757106,,,,
USDJPY CALL-upout  ATM  6W  H@25Δ  [Spot > 50DMA  ∧  RV < p75],single,1154,10000000.0,27440113.73604342,2308000.0,39772562.47095946,12332448.73491604,-2378012.9284284995,32.842287694974004,144.9431400086254,0.917139085734139,0.7352873780676348,-1.122437900721751,1.1319357215240031,1.5394466915762601,-0.39664834345636835,10,80.0,-751492.6828432713,0.5661081345169735,2.326276847705298,6.971283211197353,100.0,24.956672443674176,,,,
USDJPY CALL-upout  ATM  2M  H@25Δ  [Spot > 50DMA  ∧  RV < p75],single,1141,10000000.0,32327616.552476168,2282000.0,42397532.49614587,10069915.9436697,-3566192.369248736,29.18492550394391,131.14957741262367,0.596468914840084,0.5010280963259148,-3.2557103509538243,2.3649080692854567,4.7201106816714375,-1.8638799729595419,10,70.0,-2239384.674136989,0.31291335611777676,1.7635099822511284,13.242475560463753,100.0,30.23663453111306,,,,
USDJPY CALL-upout  ATM  10W  H@25Δ  [Spot > 50DMA  ∧  RV < p75],single,1141,10000000.0,34556555.03535652,2282000.0,43373197.72986037,8816642.694503859,-5086735.6255589705,29.18492550394391,125.51366212715102,0.47280077998233455,0.14928105271313702,-3.4854769540389623,1.558804535947735,10.442078935115637,-1.409523483234598,10,70.0,-3779000.202419312,0.19218996340920833,1.5517177708189707,18.562315026290772,100.0,31.113058720420682,,,,
USDJPY CALL-upout  ATM  3M  H@25Δ  [Spot > 50DMA  ∧  RV < p75],single,1141,10000000.0,39260383.70777797,2282000.0,49304113.82977547,10043730.121997498,-6963278.961727416,27.169149868536373,125.58235343993265,0.42220672233687595,0.2458484081692723,-2.7670650469237494,1.7097912066924046,6.954656405646417,-1.4639427985231324,10,60.0,-3486240.8977640565,0.15983955507741673,1.4840600292849624,29.865699219826713,100.0,31.814198071866784,,,,
USDJPY CALL-upout  45Δ  1M  H@25Δ  [Spot > 50DMA  ∧  RV < p75],single,1161,10000000.0,16540756.898231037,2322000.0,22651772.3809065,6111015.482675461,-1851298.0823003175,26.442721791559,136.94519857993325,0.8545208511341184,0.7871300751263511,-0.606674942602095,0.8912850601871611,1.1323224564174998,-0.10415498506081,10,80.0,-228887.0305408383,0.3595784896905712,2.1657362205915054,5.624721547320303,100.0,24.54780361757106,,,,
USDJPY CALL-upout  45Δ  6W  H@25Δ  [Spot > 50DMA  ∧  RV < p75],single,1154,10000000.0,18932315.13901679,2308000.0,27128938.653664883,8196623.514648097,-1828855.0321829475,28.682842287694974,143.29435388362003,0.857670464749863,0.6099347843785775,-1.2880337447034647,1.1809620537561618,1.936210368718955,-0.5710272693775843,10,80.0,-568510.698700826,0.4892377880739435,2.218111206278895,5.50190302728358,100.0,24.956672443674176,,,,
USDJPY CALL-upout  45Δ  2M  H@25Δ  [Spot > 50DMA  ∧  RV < p75],single,1141,10000000.0,22283569.153609753,2282000.0,29026849.53527411,6743280.38166436,-2542008.4126641294,24.189307624890446,130.261222226925,0.5487525165471542,0.311446653872938,-3.6985529515856226,2.1062387131755815,6.762759165924034,-1.7947920593026434,10,60.0,-1394769.5795409472,0.29396610347489305,1.6894465663561404,10.773817966812478,100.0,30.23663453111306,,,,
USDJPY CALL-upout  45Δ  10W  H@25Δ  [Spot > 50DMA  ∧  RV < p75],single,1141,10000000.0,23834844.95026298,2282000.0,29250912.285847083,5416067.3355841,-3466819.392045923,25.065731814198074,122.72331683669854,0.4105060713996196,-0.06766145089250102,-3.403964484138541,1.6495281061298213,-24.37914180632269,-1.7171895570223223,10,70.0,-2611311.755227431,0.1732285490186858,1.4692667008297369,12.813359807363568,100.0,31.113058720420682,,,,
USDJPY CALL-upout  45Δ  3M  H@25Δ  [Spot > 50DMA  ∧  RV < p75],single,1141,10000000.0,27158059.32097883,2282000.0,34353028.15573704,7194968.834758215,-5030169.660346273,23.488168273444344,126.49294174418534,0.40380992566938617,0.0943393144090936,-2.77538709712089,1.6616045110277535,17.613065363421672,-1.56726519661866,10,60.0,-2566536.493783233,0.15850731349320799,1.4758037205451227,21.206542419933264,100.0,31.814198071866784,,,,
USDJPY CALL-upout  40Δ  1M  H@25Δ  [Spot > 50DMA  ∧  RV < p75],single,1161,10000000.0,10544724.303681927,2322000.0,13750690.470299121,3205966.166617195,-1581714.1521209665,21.705426356589147,130.40350865785805,0.6897440590102067,0.5271045444419327,-1.3179090845127395,1.0404932578125645,1.9739789170555866,-0.5133887133706319,10,80.0,-307067.0956108171,0.2207941719221615,1.84450640427742,5.007587393741118,100.0,24.54780361757106,,,,
USDJPY CALL-upout  40Δ  6W  H@25Δ  [Spot > 50DMA  ∧  RV < p75],single,1154,10000000.0,11922919.240946814,2308000.0,16092865.342318473,4169946.1013716604,-1234765.5776998948,21.837088388214905,134.9742040275744,0.7042008128720841,0.3471213994695257,-2.090961775704791,1.2770915269573548,3.679091893812996,-0.9299701274878291,10,60.0,-353886.76831771975,0.3686465854291401,1.9337055159444654,3.9459089744596767,100.0,24.956672443674176,,,,
USDJPY CALL-upout  40Δ  2M  H@25Δ  [Spot > 50DMA  ∧  RV < p75],single,1141,10000000.0,13851855.813062835,2282000.0,17395454.43248992,3543598.6194270877,-1762377.2741301293,20.157756354075374,125.58212175501664,0.4557519400400848,0.09273204536789548,-3.57467803747449,1.7310347770830967,18.66706131861504,-1.6383027317152012,10,60.0,-929611.2343811918,0.22281717384285432,1.5357219327618787,8.284391162448712,100.0,30.23663453111306,,,,
USDJPY CALL-upout  40Δ  10W  H@25Δ  [Spot > 50DMA  ∧  RV < p75],single,1141,10000000.0,14749859.788159063,2282000.0,16857537.052345484,2107677.264186426,-2387973.5385181904,19.10604732690622,114.28947321843992,0.2569967754588098,-0.35316693314404035,-3.2864377048250715,1.7249453879383807,-4.884221103550642,-2.078112321082421,10,60.0,-1584289.3452009798,0.09786811655581774,1.2654174728147896,9.859446789173868,100.0,31.113058720420682,,,,
USDJPY CALL-upout  40Δ  3M  H@25Δ  [Spot > 50DMA  ∧  RV < p75],single,1141,10000000.0,16673750.646679476,2282000.0,20748472.25956966,4074721.612890185,-3234985.6138875852,18.229623137598598,124.43794260352368,0.3483441680421268,-0.29208625277901484,-3.438656530093529,1.8759336607563095,-6.422533217184974,-2.1680199135353244,10,50.0,-1591662.8212957005,0.13958174093307968,1.4120009303758745,14.02612924553145,100.0,31.814198071866784,,,,
USDJPY CALL-upout  35Δ  1M  H@25Δ  [Spot > 50DMA  ∧  RV < p75],single,1161,10000000.0,6116232.694730734,2322000.0,6661947.931358615,545715.236627881,-1139347.4583467874,16.27906976744186,108.9224080224748,0.23436022091508885,-0.10997220509682551,-2.3508825969862417,1.2447019530560939,-11.31833222731317,-1.3546741581529194,10,50.0,-284325.15676513145,0.05217549319673149,1.2212131022101158,3.976623845705398,100.0,24.54780361757106,,,,
USDJPY CALL-upout  35Δ  6W  H@25Δ  [Spot > 50DMA  ∧  RV < p75],single,1154,10000000.0,6745186.659246789,2308000.0,7710397.045001189,965210.3857544006,-916363.2701083038,15.251299826689774,114.30961713166556,0.32061206222255295,-0.2434626218420898,-3.5138150199632223,1.4451804708288565,-5.935943923935078,-1.6886430926709464,10,50.0,-210795.14703036798,0.11497901952720141,1.343856597939765,3.413061166694685,100.0,24.956672443674176,,,,
USDJPY CALL-upout  35Δ  2M  H@25Δ  [Spot > 50DMA  ∧  RV < p75],single,1141,10000000.0,7622248.913930841,2282000.0,8190339.592685688,568090.6787548481,-1343820.4206703934,14.46099912357581,107.45305860736947,0.14831823862799243,-0.3147112433216743,-3.857949898091143,1.59036493736901,-5.053409978567108,-1.9050761806906844,10,50.0,-547837.8385152493,0.046846748019666234,1.1421715252990805,6.620191316070237,100.0,30.23663453111306,,,,
USDJPY CALL-upout  35Δ  10W  H@25Δ  [Spot > 50DMA  ∧  RV < p75],single,1141,10000000.0,8037105.892673264,2282000.0,7742718.561893346,-294387.3307799186,-1558114.6522891747,13.058720420683612,96.33714754152629,-0.07292688486688217,-0.6988638363941424,-3.1681987794075,1.69113243470704,-2.4198310838812414,-2.3899962711011824,10,50.0,-842853.2478664397,-0.02095011127149971,0.9367647049117276,7.387089379111968,100.0,31.113058720420682,,,,
USDJPY CALL-upout  35Δ  3M  H@25Δ  [Spot > 50DMA  ∧  RV < p75],single,1141,10000000.0,8926003.022161562,2282000.0,9999060.879016276,1073057.856854713,-1969028.6134104545,13.409290096406663,112.02170617902007,0.17134379861294174,-0.779484024133889,-3.9387124018490174,2.048964800715687,-2.628616799417231,-2.828448824849576,10,40.0,-877932.7888201452,0.06039126588454864,1.1868616347679102,9.177763542465513,100.0,31.814198071866784,,,,
USDJPY CALL-upout  30Δ  1M  H@25Δ  [Spot > 50DMA  ∧  RV < p75],single,1161,10000000.0,3318241.4792182446,2322000.0,1844252.336937796,-1473989.1422804487,-1467185.35757663,8.182601205857019,55.57920809826924,-1.8147830639205107,-2.124813855253918,-3.4070187134041263,1.1125302792820004,-0.5235895259865254,-3.2373441345359186,10,0.0,-252758.97909783697,-0.10943745163433083,0.21678540717319697,8.792258378191077,100.0,24.54780361757106,,,,
USDJPY CALL-upout  30Δ  6W  H@25Δ  [Spot > 50DMA  ∧  RV < p75],single,1154,10000000.0,3473224.388065715,2308000.0,2113534.0375883887,-1359690.3504773262,-1356043.5006299124,7.9722703639514725,60.85221688672535,-1.34353661259501,-1.9354696359660282,-5.459185082920389,1.5238383879246895,-0.7873222909870731,-3.459308023890718,10,10.0,-237255.83734567135,-0.1094537591614366,0.3364362859885859,8.825395382994788,100.0,24.956672443674176,,,,
USDJPY CALL-upout  30Δ  2M  H@25Δ  [Spot > 50DMA  ∧  RV < p75],single,1141,10000000.0,3684639.639968819,2282000.0,2274467.848735203,-1410171.7912336155,-1502041.7040765649,7.011393514460999,61.72836616267992,-1.228500112315272,-1.5576056456621374,-4.009396693464951,1.319586027461486,-0.8471887805083876,-2.8771916731236233,10,10.0,-288768.04379032075,-0.10403825360677765,0.3633534166979695,9.062493684740447,100.0,30.23663453111306,,,,
USDJPY CALL-upout  30Δ  10W  H@25Δ  [Spot > 50DMA  ∧  RV < p75],single,1141,10000000.0,3793718.331450945,2282000.0,2011710.2735510604,-1782008.0578998849,-1829661.83714629,5.872042068361086,53.02740208395128,-1.387766683685014,-2.0075223980254933,-3.9275248323031677,1.3834159912087718,-0.689116092836342,-3.390938389234265,10,10.0,-399618.7960705279,-0.10799545127464781,0.2944172422809371,11.404461088112365,100.0,31.113058720420682,,,,
USDJPY CALL-upout  30Δ  3M  H@25Δ  [Spot > 50DMA  ∧  RV < p75],single,1141,10000000.0,4027474.473149338,2282000.0,2796057.7011578493,-1231416.7719914883,-1746933.6439296713,7.011393514460999,69.42459151010918,-0.6179521293720475,-1.6982020302165233,-4.630243447032139,2.0734540157289807,-1.2209701665853103,-3.771656045945504,10,30.0,-402901.6793132536,-0.07811450356685139,0.5665193205986195,8.795825777369595,100.0,31.814198071866784,,,,
USDJPY CALL-upout  ATM  1M  H@25Δ  [Golden cross  ∧  RV < p75],single,1011,10000000.0,21092423.913037054,2022000.0,24871105.64557577,3778681.7325387164,-1892846.4647437935,26.211671612265086,117.91487667855537,0.45143774350628985,0.4626721470245766,-0.9999999999999997,0.9245909765235744,1.9983718113778333,-0.46191882949899776,10,70.0,-733875.0438489926,0.21746110824045442,1.5986755844543437,7.062603291833374,100.0,25.71711177052423,,,,
USDJPY CALL-upout  ATM  6W  H@25Δ  [Golden cross  ∧  RV < p75],single,1004,10000000.0,24211198.36517831,2008000.0,29145387.283295818,4934188.91811751,-2761238.243923891,26.294820717131472,120.37977981797918,0.39969412045806507,0.37416023601982873,-1.110469897869823,0.8118393964623437,2.169763962890274,-0.437679160442515,10,70.0,-810167.7322290274,0.19506357601154148,1.523204270590218,8.770393744331598,100.0,26.294820717131472,,,,
USDJPY CALL-upout  ATM  2M  H@25Δ  [Golden cross  ∧  RV < p75],single,991,10000000.0,28409221.490517363,1982000.0,24399720.135351393,-4009501.355165969,-6381306.946327703,19.97981836528759,85.88662010148964,-0.31652651191985093,-0.32054553433043764,-2.4638285126440045,1.5192722805074959,-4.739645753234355,-1.8398178148379336,10,30.0,-2598239.954798983,-0.06902069125308408,0.7387280852811718,25.36224170242429,100.0,29.465186680121093,,,,
USDJPY CALL-upout  ATM  10W  H@25Δ  [Golden cross  ∧  RV < p75],single,988,10000000.0,30303791.5332243,1976000.0,23021938.73871882,-7281852.794505482,-10276132.306295365,18.218623481781375,75.97048941376907,-0.4974458198226749,-0.6448624871752405,-2.4375136218203863,1.205553037282699,-1.8694730446540793,-1.8504155244579397,10,30.0,-3546238.586149378,-0.07845490793343111,0.6155563362131421,42.7572918735629,100.0,29.959514170040485,,,,
USDJPY CALL-upout  ATM  3M  H@25Δ  [Golden cross  ∧  RV < p75],single,987,10000000.0,34338604.95284822,1974000.0,31741338.187862158,-2597266.7649860606,-10677674.055840164,22.087132725430596,92.43630669168861,-0.1378216035453828,-0.3869100728537914,-2.24968670190762,1.8424305366031473,-4.761908944405744,-2.229340609456939,10,30.0,-2930234.3584504607,-0.02692254945679241,0.8708712196451396,44.31346455657198,100.0,28.57142857142857,,,,
USDJPY CALL-upout  45Δ  1M  H@25Δ  [Golden cross  ∧  RV < p75],single,1011,10000000.0,14578711.540218567,2022000.0,16875585.731203973,2296874.1909854077,-1415058.4132403731,22.255192878338278,115.75498756971064,0.37804073398805355,0.3546594526487087,-1.0422593186574074,0.9693699139456544,2.733241442476985,-0.6147104612969457,10,70.0,-680372.0400776434,0.17681516522006585,1.4722839416091023,5.738214314559037,100.0,25.71711177052423,,,,
USDJPY CALL-upout  45Δ  6W  H@25Δ  [Golden cross  ∧  RV < p75],single,1004,10000000.0,16679243.88226696,2008000.0,20175447.832564134,3496203.950297175,-1909169.4089546986,22.90836653386454,120.96140553478129,0.3892919271989409,0.3475471305051344,-1.10958098160399,0.7618357883250623,2.192035903786026,-0.41428865781992785,10,70.0,-472379.0426816421,0.19990174269206454,1.5176205362358774,6.078954049109306,100.0,26.294820717131472,,,,
USDJPY CALL-upout  45Δ  2M  H@25Δ  [Golden cross  ∧  RV < p75],single,991,10000000.0,19547164.412263706,1982000.0,16335353.097888947,-3211811.314374759,-4276663.547383246,16.145307769929364,83.56891441318363,-0.3522498691804897,-0.4165957655885547,-2.4045302599909433,1.405158959692442,-3.3729554540893454,-1.821754725280997,10,30.0,-1756049.048708087,-0.08249801779522309,0.7160390793617467,18.110391818752902,100.0,29.465186680121093,,,,
USDJPY CALL-upout  45Δ  10W  H@25Δ  [Golden cross  ∧  RV < p75],single,988,10000000.0,20859449.583937075,1976000.0,15468738.41975111,-5390711.1641859645,-7380877.991566364,15.587044534412955,74.15698270228037,-0.5064963047338562,-0.7018230952215192,-2.3674586655147976,1.157597584621979,-1.6494150627183364,-1.8594206798434982,10,30.0,-2464365.540815076,-0.08086227310467335,0.6059738752277379,31.027631100589286,100.0,29.959514170040485,,,,
USDJPY CALL-upout  45Δ  3M  H@25Δ  [Golden cross  ∧  RV < p75],single,987,10000000.0,23694982.76689513,1974000.0,20956111.87174134,-2738870.8951537902,-7754592.463961564,18.034447821681866,88.44113573705428,-0.19965918585343095,-0.5026146378346045,-2.2495225189657737,1.687120250198118,-3.356687456351598,-2.1897348880327225,10,30.0,-2037224.4498427615,-0.03909208792721256,0.8183561700599422,33.47478096907145,100.0,28.57142857142857,,,,
USDJPY CALL-upout  40Δ  1M  H@25Δ  [Golden cross  ∧  RV < p75],single,1011,10000000.0,9283697.937580278,2022000.0,10242580.970112544,958883.0325322645,-974626.0027753026,17.903066271018794,110.32867548017391,0.23760717002910722,0.1512803651003875,-1.3433467175190597,1.0208876078828693,6.74831533626603,-0.8696072427824817,10,60.0,-546374.9647907865,0.10717273428363296,1.2710637617381295,5.43380579821522,100.0,25.71711177052423,,,,
USDJPY CALL-upout  40Δ  6W  H@25Δ  [Golden cross  ∧  RV < p75],single,1004,10000000.0,10493553.78910053,2008000.0,12418852.164707515,1925298.3756069848,-1206898.1259750393,18.426294820717132,118.3474389544442,0.32631915525703875,0.23405747809329167,-1.1078662081400314,0.6510753753779998,2.781690124502201,-0.41701789728470806,10,70.0,-297148.980416243,0.1741372651228336,1.436428045979724,4.057609297445955,100.0,26.294820717131472,,,,
USDJPY CALL-upout  40Δ  2M  H@25Δ  [Golden cross  ∧  RV < p75],single,991,10000000.0,12142855.806872258,1982000.0,9739343.337806713,-2403512.469065546,-2777698.9925888386,12.512613521695256,80.20636572407227,-0.4082609086398756,-0.5795022862332371,-2.3073501528085343,1.2183840495067493,-2.1024663378400827,-1.7978863357399864,10,40.0,-1112921.8436031314,-0.09505167473335933,0.676708181767182,13.055343886087027,100.0,29.465186680121093,,,,
USDJPY CALL-upout  40Δ  10W  H@25Δ  [Golden cross  ∧  RV < p75],single,988,10000000.0,12900103.412564721,1976000.0,8993468.35327385,-3906635.059290869,-5011603.030808157,11.437246963562753,69.71625006133051,-0.5716116305737288,-0.8839580675745143,-2.3888619509460183,1.121853758476799,-1.2691255384489502,-2.005811826051313,10,30.0,-1487096.9514395492,-0.08630462882205506,0.5707754999121355,22.018948595383478,100.0,29.959514170040485,,,,
USDJPY CALL-upout  40Δ  3M  H@25Δ  [Golden cross  ∧  RV < p75],single,987,10000000.0,14541028.846012935,1974000.0,12206746.853634952,-2334281.9923779825,-5177864.806590883,12.968591691995949,83.94692688462668,-0.2660139134423876,-0.6293783605287974,-2.248971289058401,1.500991898376668,-2.3848800538924624,-2.130370258905465,10,20.0,-1237767.1407401424,-0.049897512723121554,0.7633452307729135,24.027301994911483,100.0,28.57142857142857,,,,
USDJPY CALL-upout  35Δ  1M  H@25Δ  [Golden cross  ∧  RV < p75],single,1011,10000000.0,5372842.256135841,2022000.0,5014254.260819772,-358587.9953160684,-1055298.531239488,13.254203758654798,93.32591618697613,-0.16404966033096563,-0.39443483626537335,-2.2431348397107156,1.0212860017340324,-2.589238849701697,-1.4157208379994057,10,40.0,-387801.819709461,-0.03701494290254787,0.8506498291409822,5.86460256756907,100.0,25.71711177052423,,,,
USDJPY CALL-upout  35Δ  6W  H@25Δ  [Golden cross  ∧  RV < p75],single,1004,10000000.0,5924091.570961081,2008000.0,6211881.100254178,287789.52929309657,-741685.1565348282,13.645418326693227,104.85795207325614,0.0910133316643615,-0.20236985854956674,-1.1044479723789993,0.6469884533264758,-3.197059374175567,-0.8493583118760426,10,40.0,-230594.40491317172,0.04235646323410336,1.1064466278168739,3.6974279394800718,100.0,26.294820717131472,,,,
USDJPY CALL-upout  35Δ  2M  H@25Δ  [Golden cross  ∧  RV < p75],single,991,10000000.0,6672042.621849699,1982000.0,4714871.078700752,-1957171.5431489479,-2004175.460196299,9.182643794147326,70.6660815274235,-0.627759475070504,-0.9124889473592427,-3.2617162644222124,1.1860779099507197,-1.2998271522994858,-2.0985668573099625,10,30.0,-729270.9328986598,-0.10727332137630242,0.5548310672712916,10.783586279895111,100.0,29.465186680121093,,,,
USDJPY CALL-upout  35Δ  10W  H@25Δ  [Golden cross  ∧  RV < p75],single,988,10000000.0,7018698.540924947,1976000.0,4228210.578595116,-2790487.9623298314,-3160460.81264073,7.995951417004049,60.242088386345024,-0.7882412408339635,-1.2016806551006702,-2.9851196105611315,1.2406105662394742,-1.032396220221705,-2.4422912213401444,10,20.0,-811116.0283562209,-0.09775470122332099,0.46405991547039366,15.2941460272936,100.0,29.959514170040485,,,,
USDJPY CALL-upout  35Δ  3M  H@25Δ  [Golden cross  ∧  RV < p75],single,987,10000000.0,7775870.7393762525,1974000.0,5902005.508450685,-1873865.230925568,-3157575.907116481,9.219858156028367,75.90153831343291,-0.4033191781284333,-0.8798295150845344,-2.2476427136642365,1.3903520526532323,-1.5802516610500916,-2.2701815677377666,10,20.0,-646873.8406022539,-0.06568418840512892,0.6590877931120984,15.736743369899196,100.0,28.57142857142857,,,,
USDJPY CALL-upout  30Δ  1M  H@25Δ  [Golden cross  ∧  RV < p75],single,1011,10000000.0,2901836.2110940097,2022000.0,1480697.7933314797,-1421138.4177625298,-1444306.3505377453,7.121661721068249,51.02623599742206,-1.7015093710645575,-2.0098657846455454,-3.6701502477202235,1.1491935013063863,-0.5717762400284131,-3.1590592859519315,10,10.0,-304271.9465593698,-0.10718493040087897,0.17684950072672956,8.755420496358457,100.0,25.71711177052423,,,,
USDJPY CALL-upout  30Δ  6W  H@25Δ  [Golden cross  ∧  RV < p75],single,1004,10000000.0,3036406.477905355,2008000.0,1754801.130520944,-1281605.347384411,-1277958.4975369961,7.270916334661355,57.792036187838804,-1.1421611596460024,-1.5452976900418278,-3.996445519743843,1.1003086803296696,-0.7120367081503154,-2.6456063703714974,10,10.0,-289646.40323350497,-0.1094716965588622,0.3452713936889676,7.695269548409004,100.0,26.294820717131472,,,,
USDJPY CALL-upout  30Δ  2M  H@25Δ  [Golden cross  ∧  RV < p75],single,991,10000000.0,3213894.35938563,1982000.0,1381252.0647144876,-1832642.2946711422,-1820875.505940223,5.045408678102927,42.977519179520534,-1.552826134701041,-1.8292129460921558,-4.502399771577605,1.1293303198233566,-0.6173859212160097,-2.9585432659155124,10,0.0,-399585.8247678802,-0.11055948989901167,0.23619768136934025,10.748587011277309,100.0,29.465186680121093,,,,
USDJPY CALL-upout  30Δ  10W  H@25Δ  [Golden cross  ∧  RV < p75],single,988,10000000.0,3300632.583954793,1976000.0,1096074.8202406706,-2204557.7637141226,-2241395.116895468,3.643724696356275,33.20802277626921,-1.7615792880178898,-2.1859060989942085,-3.914224240015105,1.2026319955494056,-0.5501755066710173,-3.3885380945436143,10,10.0,-402476.3939827633,-0.10889576000852658,0.1606821399737926,12.653020419584255,100.0,29.959514170040485,,,,
USDJPY CALL-upout  30Δ  3M  H@25Δ  [Golden cross  ∧  RV < p75],single,987,10000000.0,3498297.2200641166,1974000.0,1657275.4902705962,-1841021.7297935197,-2187970.4655936984,4.86322188449848,47.37377604068251,-1.1790675255346375,-1.7679743099395868,-3.7025509593055026,1.556217985015455,-0.8802265826298303,-3.3241922949550418,10,20.0,-388933.78153500345,-0.09313088799418091,0.2890742448596135,12.250360091436766,100.0,28.57142857142857,,,,
USDJPY CALL-upout  ATM  1M  H@25Δ  [Golden cross  ∧  RV < median (strict)],single,797,10000000.0,16505839.158963494,1594000.0,18953365.715089343,2447526.556125849,-1706656.7691188022,24.968632371392722,114.8282467347122,0.3244050914385922,0.26579691894814816,-1.035545568831079,0.9521382716421688,3.582202063929539,-0.6863413526940206,10,60.0,-642293.4806541976,0.15622045422795916,1.4258862948342927,7.0790491770578345,100.0,26.223337515683813,,,,
USDJPY CALL-upout  ATM  6W  H@25Δ  [Golden cross  ∧  RV < median (strict)],single,790,10000000.0,18883661.524898693,1580000.0,23958575.676869564,5074914.15197087,-2103209.691914009,26.962025316455694,126.87462992957927,0.4532562647481608,0.4044894665405094,-1.0000000000000002,0.6981364149893288,1.7259693335411266,-0.2936469484488194,10,70.0,-452637.21869216143,0.2633967510010246,1.6712814194899004,6.922938380134097,100.0,25.31645569620253,,,,
USDJPY CALL-upout  ATM  2M  H@25Δ  [Golden cross  ∧  RV < median (strict)],single,779,10000000.0,22163157.070068765,1558000.0,19769938.06050686,-2393219.009561904,-5608426.509032217,20.025673940949936,89.2018136134859,-0.20763840921798862,-0.06811842928377372,-2.388280987417647,2.0826623442147616,-30.574139276444914,-2.150780773498535,10,30.0,-2129699.519973922,-0.04728729069480989,0.8110973797325169,23.320518067612696,100.0,28.754813863928113,,,,
USDJPY CALL-upout  ATM  10W  H@25Δ  [Golden cross  ∧  RV < median (strict)],single,779,10000000.0,23723311.224573847,1558000.0,19542187.821496017,-4181123.4030778324,-8067578.514493826,17.84338896020539,82.37546452306874,-0.31681531671628593,-0.5535217818188591,-2.2377625603191897,1.1900293561562287,-2.149923264529575,-1.7435511379750879,10,50.0,-3139147.0402264562,-0.057466720648934426,0.7118970212349114,35.18728296006648,100.0,30.42362002567394,,,,
USDJPY CALL-upout  ATM  3M  H@25Δ  [Golden cross  ∧  RV < median (strict)],single,779,10000000.0,26941593.760520738,1558000.0,25335599.84112971,-1605993.919391029,-9064290.759530716,21.18100128369705,94.03897952858159,-0.09684221857996453,-0.390618089514124,-2.3172618908290374,1.943195399006193,-4.974668227534636,-2.333813488520317,10,40.0,-3333787.8456155965,-0.019634194553019037,0.8982660185985214,38.83158345191439,100.0,28.88318356867779,,,,
USDJPY CALL-upout  45Δ  1M  H@25Δ  [Golden cross  ∧  RV < median (strict)],single,797,10000000.0,11418069.765326466,1594000.0,12973395.594470955,1555325.8291444904,-1261642.4316833313,21.580928481806776,113.62161784882052,0.28243979867408736,0.16118762056287278,-1.499619475109574,1.0285889418412353,6.381314757605869,-0.8674013212783624,10,60.0,-592431.3037002615,0.13428941091552143,1.3633121934370382,6.165070925610367,100.0,26.223337515683813,,,,
USDJPY CALL-upout  45Δ  6W  H@25Δ  [Golden cross  ∧  RV < median (strict)],single,790,10000000.0,13022230.596707333,1580000.0,16758122.837237576,3735892.240530242,-1435838.1107147099,23.67088607594937,128.68857384137291,0.4593075090417531,0.363625738483642,-0.9999999999999999,0.6746297084615326,1.8552859081835358,-0.3110039699778906,10,70.0,-313998.2454344119,0.28402276587379893,1.701492862633627,4.734287235817271,100.0,25.31645569620253,,,,
USDJPY CALL-upout  45Δ  2M  H@25Δ  [Golden cross  ∧  RV < median (strict)],single,779,10000000.0,15268304.251612678,1558000.0,13220777.268573454,-2047526.9830392245,-3715623.2894339245,15.917843388960208,86.58968966496093,-0.2480484678454066,-0.26190635206295376,-2.3882714129548357,1.7132413258002341,-6.541427163967473,-1.975147677863188,10,30.0,-1468413.3906284054,-0.06106621170176074,0.7799496776798234,15.793632082089571,100.0,28.754813863928113,,,,
USDJPY CALL-upout  45Δ  10W  H@25Δ  [Golden cross  ∧  RV < median (strict)],single,779,10000000.0,16351989.674866566,1558000.0,13525140.595107328,-2826849.0797592364,-5418588.430541772,15.661103979460847,82.712506942784,-0.2890787334408696,-0.5724339878078608,-2.2378760171281753,1.1282640916989417,-1.9709942381647103,-1.7006980795068025,10,30.0,-2095441.940577764,-0.05784729921202161,0.7295565081696591,23.14077001170076,100.0,30.42362002567394,,,,
USDJPY CALL-upout  45Δ  3M  H@25Δ  [Golden cross  ∧  RV < median (strict)],single,779,10000000.0,18621584.065029457,1558000.0,16959422.342854872,-1662161.7221745844,-6579329.939062646,18.22849807445443,91.07400467989157,-0.1369611292204327,-0.47117863094465856,-2.2436913739810693,1.7701334731497613,-3.756820358344454,-2.24131210409442,10,30.0,-2413633.898269709,-0.02799591282153896,0.8575632688500564,29.071687322529275,100.0,28.88318356867779,,,,
USDJPY CALL-upout  40Δ  1M  H@25Δ  [Golden cross  ∧  RV < median (strict)],single,797,10000000.0,7275214.664244579,1594000.0,7977333.554547672,702118.8903030929,-979886.6574060991,17.565872020075282,109.6508339988068,0.1895694397118936,-0.024709993389435227,-2.2645593193747686,1.1548910610802061,-46.73781343761834,-1.1796010544696414,10,50.0,-500224.001104954,0.07805333873895769,1.2345149576744574,5.47407616324985,100.0,26.223337515683813,,,,
USDJPY CALL-upout  40Δ  6W  H@25Δ  [Golden cross  ∧  RV < median (strict)],single,790,10000000.0,8197709.575131487,1580000.0,10399834.771711316,2202125.1965798303,-896709.8326236084,19.746835443037973,126.8626886131729,0.4126330227453323,0.22358001180811565,-1.0,0.6706883865019877,2.9997689913246646,-0.44710837469387205,10,60.0,-200964.6983818618,0.26807379480024573,1.6316661173536227,3.2094928815085835,100.0,25.31645569620253,,,,
USDJPY CALL-upout  40Δ  2M  H@25Δ  [Golden cross  ∧  RV < median (strict)],single,779,10000000.0,9488586.080258355,1558000.0,7886377.65715904,-1602208.4230993139,-2232294.262776089,12.70860077021823,83.11436066925906,-0.3039244525523495,-0.5128551209772378,-2.3892794594347517,1.286028610044697,-2.507586562837061,-1.7988837310219348,10,30.0,-901768.2564258063,-0.0795372532772557,0.7346216809639863,10.013513462401487,100.0,28.754813863928113,,,,
USDJPY CALL-upout  40Δ  10W  H@25Δ  [Golden cross  ∧  RV < median (strict)],single,779,10000000.0,10115916.895504223,1558000.0,8141378.7555524055,-1974538.1399518182,-3445466.9085804094,12.323491655969192,80.48087820067644,-0.3065437429262689,-0.691405664971575,-2.238967115645509,1.059769612371169,-1.5327754255741284,-1.751175277342744,10,40.0,-1232670.5903425666,-0.06354539352470444,0.7166647111724579,14.766976888682022,100.0,30.42362002567394,,,,
USDJPY CALL-upout  40Δ  3M  H@25Δ  [Golden cross  ∧  RV < median (strict)],single,779,10000000.0,11429857.863878012,1558000.0,9900512.302111521,-1529345.5617664908,-4354437.80298398,12.836970474967908,86.61973245879365,-0.1959820126993868,-0.5607035997931277,-2.0745295037981384,1.5594111051404298,-2.781168349402031,-2.1201147049335574,10,30.0,-1464318.0374137445,-0.03892033386096313,0.804755852146755,20.378448933168624,100.0,28.88318356867779,,,,
USDJPY CALL-upout  35Δ  1M  H@25Δ  [Golden cross  ∧  RV < median (strict)],single,797,10000000.0,4215468.74397365,1594000.0,3974086.345941697,-241382.39803195384,-954941.1552028318,13.29987452948557,94.27388950808783,-0.11697834787257307,-0.4268249724062191,-2.9735127456737525,1.2211581293996279,-2.8610278412609462,-1.6479831018058468,10,40.0,-422238.16395037604,-0.02753503660104612,0.881961011933602,5.097479128891218,100.0,26.223337515683813,,,,
USDJPY CALL-upout  35Δ  6W  H@25Δ  [Golden cross  ∧  RV < median (strict)],single,790,10000000.0,4633967.052859146,1580000.0,5154796.142169821,520829.08931067534,-758965.0013840212,14.177215189873419,111.2393783419182,0.184816162339516,-0.27347513642313215,-1.9400050894028638,0.959189143790425,-3.50740895986364,-1.232664280213557,10,40.0,-152353.52330936646,0.07490965051893501,1.2450267457179325,3.516734283245253,100.0,25.31645569620253,,,,
USDJPY CALL-upout  35Δ  2M  H@25Δ  [Golden cross  ∧  RV < median (strict)],single,779,10000000.0,5218432.489808988,1558000.0,3716214.5050451,-1502217.9847638882,-1568206.1239330163,9.499358151476251,71.2132333282542,-0.5424220501650581,-0.9103631099335854,-2.7060857112239245,1.1793676317526212,-1.2954914570721794,-2.0897307416862065,10,20.0,-531008.3207997547,-0.1061531371012517,0.575344148310582,8.101138276476572,100.0,28.754813863928113,,,,
USDJPY CALL-upout  35Δ  10W  H@25Δ  [Golden cross  ∧  RV < median (strict)],single,779,10000000.0,5508246.224184601,1558000.0,3954586.057870032,-1553660.1663145681,-2115290.653190042,9.114249037227214,71.793923091291,-0.459428997325825,-0.89796676362272,-2.2414762839400533,1.0651929993602762,-1.1862276450666231,-1.9631597629829962,10,30.0,-672193.5905813015,-0.08144278392545205,0.6109326851312388,9.851596157375495,100.0,30.42362002567394,,,,
USDJPY CALL-upout  35Δ  3M  H@25Δ  [Golden cross  ∧  RV < median (strict)],single,779,10000000.0,6115333.0575195085,1558000.0,4819412.261052634,-1295920.7964668751,-2630416.5399284563,9.370988446726573,78.80866366103494,-0.31267096892216745,-0.7361759545989827,-2.055367203812929,1.3944674770057666,-1.8942040531130566,-2.1306434316047493,10,20.0,-805924.5829804966,-0.054595513386116144,0.7058091440158051,13.108840628609896,100.0,28.88318356867779,,,,
USDJPY CALL-upout  30Δ  1M  H@25Δ  [Golden cross  ∧  RV < median (strict)],single,797,10000000.0,2282303.6314083263,1594000.0,1165925.6219347033,-1116378.0094736232,-1107376.817180853,7.151819322459223,51.08547372442522,-1.4714814373005682,-1.8948511587656256,-3.5866009020121172,1.235594305813409,-0.6520798745049292,-3.1304454645790347,10,10.0,-314939.588981838,-0.10981774380862767,0.2097252475096188,6.931208418986306,100.0,26.223337515683813,,,,
USDJPY CALL-upout  30Δ  6W  H@25Δ  [Golden cross  ∧  RV < median (strict)],single,790,10000000.0,2381973.680652475,1580000.0,1420880.0157837747,-961093.6648687004,-990032.4144011079,7.721518987341772,59.65137345239534,-1.0362500804177293,-1.7926247723365432,-5.60941569276127,1.673073153110535,-0.9333091782112426,-3.465697925447078,10,10.0,-256939.57876533578,-0.10596942762925184,0.349706236644888,6.054237218670404,100.0,25.31645569620253,,,,
USDJPY CALL-upout  30Δ  2M  H@25Δ  [Golden cross  ∧  RV < median (strict)],single,779,10000000.0,2519412.2653323985,1558000.0,1033635.1237740414,-1485777.141558357,-1474010.3528274372,4.878048780487805,41.02683542495452,-1.3961673349789063,-1.6996216317064814,-3.8179111256961296,0.9749190384474067,-0.5736094553400999,-2.6745406701538883,10,0.0,-312092.30026812886,-0.11170076829237005,0.24721724788280722,8.610027596246157,100.0,28.754813863928113,,,,
USDJPY CALL-upout  30Δ  10W  H@25Δ  [Golden cross  ∧  RV < median (strict)],single,779,10000000.0,2595613.288945874,1558000.0,1068855.3386305969,-1526757.9503152776,-1574411.7295616854,4.364569961489089,41.17929828694468,-1.308112793384746,-1.7095139344590244,-2.6074901858203337,0.8771808303817898,-0.5131170987847921,-2.5866947648408143,10,10.0,-339444.2047184506,-0.10752724118757066,0.2277096089062579,8.67396195945804,100.0,30.42362002567394,,,,
USDJPY CALL-upout  30Δ  3M  H@25Δ  [Golden cross  ∧  RV < median (strict)],single,779,10000000.0,2755261.7309499863,1558000.0,1365333.4716600073,-1389928.2592899788,-1744457.530400789,5.006418485237484,49.55367602007284,-1.0065048286243925,-1.4907008221491318,-3.0371498848188225,1.3955388731445084,-0.9361629459173242,-2.88623969529364,10,10.0,-418205.607080796,-0.0882947752907478,0.3220347831825301,9.841382170776416,100.0,28.88318356867779,,,,
