strategy_name,strategy_type,n_trades,notional_usd,total_premium_paid_usd,total_tx_cost_usd,total_payout_usd,total_pnl_usd,max_drawdown_usd,win_rate_pct,premium_recovery_pct,sharpe_monthly,annual_sharpe_mean,annual_sharpe_min,annual_sharpe_std,annual_sharpe_cv,annual_sharpe_score,n_years,pct_positive_years,min_annual_pnl_usd,calmar,gain_to_pain,ulcer_index,feasibility_pct,ko_rate_pct,leg_a_ko_rate_pct,leg_b_ko_rate_pct,both_survive_rate_pct,structure_vs_min_leg_pct
USDKRW CALL-upout  ATM  1M  H@5Δ,single,2429,10000000.0,183604123.86872265,4858000.0,180361618.66569927,-3242505.2030234076,-25113231.793497752,34.49979415397283,98.23396929507868,-0.06721492550320259,-0.35935918909875925,-3.1735200661728182,1.4545400535693933,-4.047593877360559,-1.8138992426681526,11,45.45454545454545,-10285676.575428534,-0.013052699491751602,0.9542355875897891,138.00629041076195,100.0,4.693289419514203,,,,
USDKRW CALL-upout  ATM  6W  H@5Δ,single,2422,10000000.0,212849682.29036,4844000.0,230396778.6550457,17547096.36468568,-30934142.59333597,38.97605284888522,108.2438912644223,0.27434559722197427,-0.030237956456595497,-4.712004872471317,1.8514207468765322,-61.22836870719485,-1.8816587033331278,11,63.63636363636363,-14395525.996222248,0.05742366055274066,1.2124620248845437,153.20897485059837,100.0,4.0875309661436825,,,,
USDKRW CALL-upout  ATM  2M  H@5Δ,single,2410,10000000.0,253516994.75368673,4820000.0,308708353.7870018,55191359.03331501,-38689515.21473985,41.203319502074685,121.77027977431575,0.5679908833275665,0.14562539852998482,-5.669784370114604,2.1745997456735844,14.932832923549569,-2.0289743471435995,11,63.63636363636363,-20734510.204959452,0.14537844656402024,1.5087707948467297,192.14366087866247,100.0,3.112033195020747,,,,
USDKRW CALL-upout  ATM  10W  H@5Δ,single,2405,10000000.0,271191746.0166732,4810000.0,330315220.28857154,59123474.27189836,-37294774.87057987,41.70478170478171,121.801354628346,0.5901374447273414,0.4301094269647585,-3.6853383663219197,1.6848016736394889,3.9171465864605075,-1.2546922466747303,11,72.72727272727273,-20526116.116320014,0.1618762895522748,1.5254753139726078,189.97189390362757,100.0,3.866943866943867,,,,
USDKRW CALL-upout  ATM  3M  H@5Δ,single,2392,10000000.0,307637004.2966433,4784000.0,383798641.4384784,76161637.14183508,-39691789.67473409,41.97324414715719,124.75698179286492,0.6450685963781199,0.6855702249302617,-2.436063728014694,1.3845158307375889,2.0195098625796155,-0.6989456058073272,11,81.81818181818183,-22180465.296055466,0.19708976053723784,1.5541934340462644,158.32854765626843,100.0,3.6371237458193977,,,,
USDKRW CALL-upout  45Δ  1M  H@5Δ,single,2429,10000000.0,152008217.24856058,4858000.0,145793692.41960257,-6214524.828958016,-23369624.85036906,31.412103746397698,95.9117178390454,-0.14684440321452744,-0.45751063956762633,-3.4921691992625576,1.4729517295779746,-3.219491749896785,-1.9304623691456009,11,45.45454545454545,-8898713.078827819,-0.026883044427182687,0.9023781989476879,135.42821049018815,100.0,4.693289419514203,,,,
USDKRW CALL-upout  45Δ  6W  H@5Δ,single,2422,10000000.0,176335168.94981414,4844000.0,187499419.43736553,11164250.487551399,-28137675.776667666,35.177539223782,106.331267071703,0.19820307505535026,-0.18622661566472792,-5.560557656625508,2.0053831821538983,-10.768510048876575,-2.1916097978186264,11,63.63636363636363,-13137834.911160618,0.04016659771644069,1.1495996586009678,147.7188215053436,100.0,4.0875309661436825,,,,
USDKRW CALL-upout  45Δ  2M  H@5Δ,single,2410,10000000.0,210359795.14118275,4820000.0,256907641.12511656,46547845.98393379,-34262986.91564022,37.80082987551867,122.12772928053735,0.5355474144495714,0.029536631450044402,-6.2996865220815215,2.2943174263442847,77.67701710415714,-2.2647807948942402,11,63.63636363636363,-18452968.552338272,0.13845115779672998,1.4810916985931943,174.23925810653674,100.0,3.112033195020747,,,,
USDKRW CALL-upout  45Δ  10W  H@5Δ,single,2405,10000000.0,225228592.32052374,4810000.0,273663292.2826253,48434699.96210159,-33517621.74996989,37.96257796257797,121.50468529021126,0.5412055848957371,0.334023869959652,-3.9038273372067334,1.6823052425257772,5.0364821015006775,-1.3482813725661251,11,72.72727272727273,-18131269.00182851,0.14755526235491573,1.4814689798688103,174.755743471769,100.0,3.866943866943867,,,,
USDKRW CALL-upout  45Δ  3M  H@5Δ,single,2392,10000000.0,256073730.7660042,4784000.0,321046850.7009485,64973119.93494426,-35277069.0072801,38.29431438127091,125.37281732905107,0.6156864085901733,0.6083657644852279,-2.554379486658766,1.351802000671145,2.2220218157985596,-0.7434362361859171,11,81.81818181818183,-19744911.43930186,0.18917759467366974,1.5288092878021766,144.68235217570017,100.0,3.6371237458193977,,,,
USDKRW CALL-upout  40Δ  1M  H@5Δ,single,2429,10000000.0,123044778.55694129,4858000.0,114818812.94643144,-8225965.610509856,-21063071.436838124,27.212844792095513,93.31465690215929,-0.2266635458414345,-0.5573606330821648,-3.8750786808428765,1.5036788839581015,-2.697856279592019,-2.0610395170402662,11,45.45454545454545,-7444315.166585419,-0.03948093706251845,0.852393732427285,127.75463142806849,100.0,4.693289419514203,,,,
USDKRW CALL-upout  40Δ  6W  H@5Δ,single,2422,10000000.0,142595862.19045553,4844000.0,147664102.7117919,5068240.521336358,-25266999.86187312,31.172584640792735,103.55426899734795,0.10457315591787912,-0.3599413088542485,-6.495551040910099,2.1879742807634304,-6.078697351321266,-2.547915589617679,11,63.63636363636363,-11650400.575627146,0.020306133383906695,1.076839245862183,138.51863443063772,100.0,4.0875309661436825,,,,
USDKRW CALL-upout  40Δ  2M  H@5Δ,single,2410,10000000.0,169945576.41883823,4820000.0,207132042.99360335,37186466.57476515,-29238495.02417593,34.232365145228215,121.88139718513034,0.4902663302375372,-0.10492880184397563,-6.942505352930004,2.416816030284774,-23.03291363107786,-2.52174483212875,11,63.63636363636363,-15745151.943717383,0.12961406251036706,1.4398516989463632,151.4652928814599,100.0,3.112033195020747,,,,
USDKRW CALL-upout  40Δ  10W  H@5Δ,single,2405,10000000.0,181899427.84320146,4810000.0,219396046.64383852,37496618.80063706,-29498010.120002374,34.0956340956341,120.61392894152443,0.48073249555861536,0.2240211702630585,-4.063509293064909,1.651538512163111,7.372243034994326,-1.4275173419000524,11,72.72727272727273,-15269985.234520389,0.12979879833888885,1.4228523517510996,153.79029092807409,100.0,3.866943866943867,,,,
USDKRW CALL-upout  40Δ  3M  H@5Δ,single,2392,10000000.0,206699900.35860422,4784000.0,260102639.7777457,53402739.4191415,-30226091.050537948,35.32608695652174,125.83588058169985,0.5823545138687978,0.516053983934851,-2.688988509503253,1.3233137780611415,2.5642933089500235,-0.8072597941262905,11,81.81818181818183,-17072897.878650133,0.18147216555940052,1.5036828499220678,126.37050027662792,100.0,3.6371237458193977,,,,
USDKRW CALL-upout  35Δ  1M  H@5Δ,single,2429,10000000.0,97078763.21771824,4858000.0,88091335.6197756,-8987427.597942654,-18358805.14504618,23.384108686702344,90.74212804113854,-0.29649330037157173,-0.6544232122203278,-4.464456451602925,1.58274254022049,-2.4185305635027206,-2.2371657524408177,11,45.45454545454545,-6580545.447668724,-0.04948952157385862,0.8108010810167888,115.67910882350967,100.0,4.693289419514203,,,,
USDKRW CALL-upout  35Δ  6W  H@5Δ,single,2422,10000000.0,112344092.29990354,4844000.0,112329817.73790917,-14274.561994358897,-22105299.40211004,26.507018992568128,99.98729389173732,-0.00035154026748231875,-0.5475877737238816,-7.552027287147907,2.4108702787405303,-4.402710203599614,-2.9584580524644117,11,63.63636363636363,-10000881.965606187,-6.537174610448158e-05,0.9997513776889491,126.96957913674632,100.0,4.0875309661436825,,,,
USDKRW CALL-upout  35Δ  2M  H@5Δ,single,2410,10000000.0,133702617.91272408,4820000.0,162248447.26054433,28545829.34782026,-23747557.50752134,29.95850622406639,121.35023965383675,0.44257382417465196,-0.2563466493294127,-7.71752163880231,2.572939134568075,-10.036952467678935,-2.829285783897488,11,54.54545454545454,-13009152.032154182,0.12250277896517804,1.3942484492889655,124.73158753897759,100.0,3.112033195020747,,,,
USDKRW CALL-upout  35Δ  10W  H@5Δ,single,2405,10000000.0,143039719.19010556,4810000.0,171175188.20387396,28135469.013768382,-24613405.77694816,30.72765072765073,119.66968977083576,0.4250249736403432,0.1030039322991655,-4.310854463890505,1.6420276005256447,15.941406933441392,-1.539023668226479,11,72.72727272727273,-12527776.193559663,0.11672227188521014,1.3709345423104375,127.92884917575381,100.0,3.866943866943867,,,,
USDKRW CALL-upout  35Δ  3M  H@5Δ,single,2392,10000000.0,162413316.3372947,4784000.0,205362567.30906075,42949250.97176606,-24823315.64549906,32.2324414715719,126.444414744029,0.5546401793756858,0.4261562032069497,-2.79781316873028,1.3095366578313556,3.072902959001208,-0.883380454624406,11,81.81818181818183,-14137582.35852064,0.17771507813841328,1.4872549536450081,104.44283988941216,100.0,3.6371237458193977,,,,
USDKRW CALL-upout  30Δ  1M  H@5Δ,single,2429,10000000.0,73907462.01424357,4858000.0,65235056.90444121,-8672405.109802378,-15018885.255983735,19.88472622478386,88.26585993694249,-0.3553487104235835,-0.7537343037496942,-5.22071579466265,1.714163908919069,-2.274228332704785,-2.4678982126687634,11,45.45454545454545,-5729838.647307104,-0.058374627247817855,0.7762499884691466,98.19913745935835,100.0,4.693289419514203,,,,
USDKRW CALL-upout  30Δ  6W  H@5Δ,single,2422,10000000.0,85344224.73277062,4844000.0,81909938.39778954,-3434286.334981106,-18462241.71814324,21.552436003303054,95.97595930394291,-0.1041582777304603,-0.7465782929413549,-8.775040440274243,2.694430063834315,-3.6090388500566375,-3.4410083567756695,11,63.63636363636363,-8221186.263305492,-0.018831103261060446,0.929289570628251,111.49238092376335,100.0,4.0875309661436825,,,,
USDKRW CALL-upout  30Δ  2M  H@5Δ,single,2410,10000000.0,101349247.40073216,4820000.0,122330423.26570454,20981175.86497238,-18272946.658025816,25.85062240663901,120.70185660285506,0.3978283573614668,-0.3855946309572131,-8.139695277297562,2.6420467475934246,-6.85187638903249,-3.0276413785506375,11,54.54545454545454,-10086091.566743203,0.11701551847193947,1.3565743077255286,95.5646156251086,100.0,3.112033195020747,,,,
USDKRW CALL-upout  30Δ  10W  H@5Δ,single,2405,10000000.0,108347652.46929236,4810000.0,128514739.55590066,20167087.08660831,-19508494.470345333,26.528066528066528,118.61331245023882,0.3719452183987437,-0.05164381180317456,-4.8841039738326435,1.7245772557184764,-33.393686397340375,-1.776221067521651,11,72.72727272727273,-9984298.351993803,0.10555789067456425,1.3282569000314635,101.5540040483556,100.0,3.866943866943867,,,,
USDKRW CALL-upout  30Δ  3M  H@5Δ,single,2392,10000000.0,122870243.62568891,4784000.0,155803966.24455574,32933722.618866824,-19062798.78668028,28.17725752508361,126.80366022484328,0.5242909313896713,0.3343751314816126,-2.8142710910299837,1.284399846340744,3.8411942917213437,-0.9500247148591314,11,72.72727272727273,-10859462.20987055,0.17745270826492332,1.4733203999262339,79.65455601526416,100.0,3.6371237458193977,,,,
USDKRW CALL-upout  25Δ  1M  H@5Δ,single,2429,10000000.0,53437669.31075448,4858000.0,45827079.65025956,-7610589.66049492,-11495119.387429988,16.714697406340058,85.75800599341771,-0.40759015829673395,-0.8640875977926299,-6.135950859548587,1.8882554104605036,-2.1852592437204046,-2.7523430082531335,11,36.36363636363637,-4594576.563293533,-0.0669309645342,0.7474215339203647,79.17492171095277,100.0,4.693289419514203,,,,
USDKRW CALL-upout  25Δ  6W  H@5Δ,single,2422,10000000.0,61488173.64433659,4844000.0,56696380.44791134,-4791793.19642525,-14318928.578537667,17.299752270850536,92.20696775913005,-0.1891111009867236,-1.0680388923185236,-11.506679824965177,3.410510220285072,-3.1932453441666877,-4.478549112603595,11,63.63636363636363,-6334430.509448464,-0.03387749106630209,0.8751563521130307,89.65536284687028,100.0,4.0875309661436825,,,,
USDKRW CALL-upout  25Δ  2M  H@5Δ,single,2410,10000000.0,72756619.8360371,4820000.0,87197074.9531357,14440455.117098602,-13318862.292032288,21.286307053941908,119.84761682117906,0.35529011566435525,-0.5414658756721787,-8.916240686836291,2.8191716809226057,-5.206554665006119,-3.3606375565947846,11,54.54545454545454,-7406542.265610989,0.11049330803310285,1.3263659482306978,69.04768412178176,100.0,3.112033195020747,,,,
USDKRW CALL-upout  25Δ  10W  H@5Δ,single,2405,10000000.0,77685308.67898998,4810000.0,90129238.21952522,12443929.540535234,-14756904.376338273,21.912681912681915,116.01838204950158,0.2969553996897586,-0.2683344846683931,-5.637169152429025,1.8712946467973262,-6.973738947902525,-2.1396291314657194,11,63.63636363636363,-7452420.560438143,0.08610602972875114,1.262437603918253,77.27307890096313,100.0,3.866943866943867,,,,
USDKRW CALL-upout  25Δ  3M  H@5Δ,single,2392,10000000.0,87913870.63694273,4784000.0,110163664.80386245,22249794.166919716,-13885523.094008185,23.118729096989966,125.3086276439864,0.4593944774101593,0.17200648623069992,-2.808746684233431,1.2852744387220214,7.472244023392091,-1.1132679524913214,11,72.72727272727273,-7752329.4325234825,0.16458574774084161,1.4271435369082663,59.195553948842175,100.0,3.6371237458193977,,,,
USDKRW CALL-upout  ATM  1M  H@5Δ  [Spot > 50DMA],single,1422,10000000.0,107848272.18088958,2844000.0,110292213.50714654,2443941.326256944,-15150080.847609758,35.794655414908576,102.266092239436,0.06886869514763766,-0.6332481998919172,-4.556726700664477,1.8359621541955085,-2.8992773362938427,-2.4692103540874255,11,54.54545454545454,-5189794.787232288,0.016344091325997786,1.057295017681663,82.52916365947249,100.0,4.922644163150492,,,,
USDKRW CALL-upout  ATM  6W  H@5Δ  [Spot > 50DMA],single,1415,10000000.0,124569125.69843197,2830000.0,139142404.39053828,14573278.692106323,-14821963.725299817,40.42402826855124,111.6989491660932,0.3115912235226786,-0.32310930331866844,-3.6455430224523493,1.7230561569565626,-5.332734586280818,-2.046165460275231,11,45.45454545454545,-7362983.769106801,0.099839250240409,1.2994241920654508,74.5525050120581,100.0,4.31095406360424,,,,
USDKRW CALL-upout  ATM  2M  H@5Δ  [Spot > 50DMA],single,1405,10000000.0,147748459.64376363,2810000.0,185319911.40720665,37571451.76344305,-15033097.401848251,42.419928825622776,125.42933567905317,0.5394063503793737,0.05404336660281142,-3.072570590340339,1.488745515514357,27.547238617753138,-1.4347021489115455,11,54.54545454545454,-9498219.742112495,0.2562747477402036,1.613552664808072,73.22165668340311,100.0,3.6298932384341636,,,,
USDKRW CALL-upout  ATM  10W  H@5Δ  [Spot > 50DMA],single,1405,10000000.0,158282558.1539405,2810000.0,194612868.75968167,36330310.60574116,-16164751.359804612,42.06405693950178,122.95281996289667,0.4997274415855375,0.18995507995628858,-1.9652237788513522,1.2044658639560426,6.340793119263816,-1.014510783999754,11,63.63636363636363,-9535170.326020079,0.2304604425464884,1.5349770981797057,83.24819804904824,100.0,4.128113879003559,,,,
USDKRW CALL-upout  ATM  3M  H@5Δ  [Spot > 50DMA],single,1402,10000000.0,179949840.77741244,2804000.0,216458914.52900884,36509073.75159638,-22146315.561659142,41.15549215406562,120.2884723842329,0.42832094373762863,-0.016834051492987744,-2.83628599944829,1.623288468985392,-96.42886441576918,-1.6401225204783796,11,63.63636363636363,-15379964.498016851,0.16994891774645712,1.4299606140531824,97.09612861565003,100.0,3.2810271041369474,,,,
USDKRW CALL-upout  45Δ  1M  H@5Δ  [Spot > 50DMA],single,1422,10000000.0,89300488.02517965,2844000.0,89379350.32443932,78862.29925967287,-13392599.54586029,32.559774964838255,100.0883111626864,0.0025352584398714213,-0.716261464329336,-4.833540578468572,1.8542788779674455,-2.5888295968898456,-2.5705403422967814,11,45.45454545454545,-4356401.1609755,0.0005966085972819076,1.0020545288211782,75.61315742858449,100.0,4.922644163150492,,,,
USDKRW CALL-upout  45Δ  6W  H@5Δ  [Spot > 50DMA],single,1415,10000000.0,103219086.95361808,2830000.0,112664090.66958526,9445003.715967182,-13448304.92811327,36.254416961130744,109.15044299918225,0.22858408360422358,-0.4479436032227714,-3.747110237671768,1.750978862494501,-3.908927038798909,-2.1989224657172723,11,45.45454545454545,-6552143.92242633,0.07131557236731653,1.21124759056308,69.33395007415382,100.0,4.31095406360424,,,,
USDKRW CALL-upout  45Δ  2M  H@5Δ  [Spot > 50DMA],single,1405,10000000.0,122635098.91284114,2810000.0,154399284.89130765,31764185.97846652,-13203017.902730547,39.9288256227758,125.90138244275553,0.5101069814364806,-0.03432840625097706,-3.231345082213244,1.5348361464513043,-44.71038169468236,-1.5691645527022813,11,54.54545454545454,-8141018.768177744,0.24669527272960912,1.5824242368473302,64.66135949381469,100.0,3.6298932384341636,,,,
USDKRW CALL-upout  45Δ  10W  H@5Δ  [Spot > 50DMA],single,1405,10000000.0,131506356.10025582,2810000.0,161925808.0417592,30419451.941503394,-14214601.356243419,38.505338078291814,123.13154500175844,0.4681014621579223,0.10922327434263696,-1.9566946219456096,1.2257918640894816,11.2228082472984,-1.1165685897468447,11,63.63636363636363,-7947494.470936082,0.2194385930838547,1.50649764409992,74.17044215099348,100.0,4.128113879003559,,,,
USDKRW CALL-upout  45Δ  3M  H@5Δ  [Spot > 50DMA],single,1402,10000000.0,149874045.02467462,2804000.0,180885265.54801673,31011220.523342125,-19844726.26905846,37.660485021398,120.69152168291485,0.4066766612510469,-0.11594357820512874,-2.98900019076893,1.6249154193579536,-14.01470822716144,-1.7408589975630824,11,54.54545454545454,-13960435.234695239,0.16109899042699954,1.405782731925964,87.0034678830931,100.0,3.2810271041369474,,,,
USDKRW CALL-upout  40Δ  1M  H@5Δ  [Spot > 50DMA],single,1422,10000000.0,72283715.44127622,2844000.0,70597422.35632867,-1686293.084947545,-11329257.11621894,28.48101265822785,97.66711897049963,-0.06363150550107369,-0.8170631100619068,-5.17504844463614,1.9002205929012488,-2.325671749832487,-2.7172837029631554,11,45.45454545454545,-3582762.3269884223,-0.015080529185155074,0.9495060635936132,66.87107243358601,100.0,4.922644163150492,,,,
USDKRW CALL-upout  40Δ  6W  H@5Δ  [Spot > 50DMA],single,1415,10000000.0,83468651.29479957,2830000.0,88280490.31203583,4811839.017236271,-11616504.628852334,31.943462897526505,105.76484577454298,0.13523497208495625,-0.5906014269393359,-3.9092448123079246,1.7647901741385157,-2.9881237898190642,-2.3553916010778515,11,45.45454545454545,-5651632.916529369,0.042061562938705985,1.1204381822868996,62.13854008299249,100.0,4.31095406360424,,,,
USDKRW CALL-upout  40Δ  2M  H@5Δ  [Spot > 50DMA],single,1405,10000000.0,99074193.12081859,2810000.0,124630292.857138,25556099.7363194,-11094719.731526505,36.22775800711744,125.79491079493765,0.47032832723648765,-0.1490765334079174,-3.332866173147875,1.6014466905607778,-10.742446540387057,-1.7505232239686952,11,54.54545454545454,-6718447.716274521,0.23619709289556914,1.5378058053407286,55.52601897926824,100.0,3.6298932384341636,,,,
USDKRW CALL-upout  40Δ  10W  H@5Δ  [Spot > 50DMA],single,1405,10000000.0,106206980.86184937,2810000.0,130603185.55531678,24396204.69346739,-11944337.961330853,35.30249110320285,122.97043423652269,0.4303823635922907,0.01119885422074176,-2.027046071143693,1.2625501845423306,112.73922846534788,-1.2513513303215889,11,63.63636363636363,-6778360.297128967,0.20943848850343477,1.4643546852776514,63.95128866673988,100.0,4.128113879003559,,,,
USDKRW CALL-upout  40Δ  3M  H@5Δ  [Spot > 50DMA],single,1402,10000000.0,120975818.52149892,2804000.0,146799347.2278852,25823528.70638627,-16754337.881760731,35.5206847360913,121.34602519907489,0.3899049436508008,-0.2247272333033793,-3.1352140094870506,1.6426630922742294,-7.309586239851279,-1.8673903255776088,11,54.54545454545454,-11854624.471304594,0.15889396034974534,1.3909350790286965,74.64380806923468,100.0,3.2810271041369474,,,,
USDKRW CALL-upout  35Δ  1M  H@5Δ  [Spot > 50DMA],single,1422,10000000.0,57027923.158155024,2844000.0,54212695.805196285,-2815227.3529587416,-9248262.218233004,24.964838255977497,95.06342297412567,-0.1284570174721086,-0.9454178539677635,-5.40439249222124,1.966438419554253,-2.079967509923188,-2.9118562735220164,11,45.45454545454545,-2927692.3741100826,-0.03084169898446334,0.8992895854504583,57.368430779318594,100.0,4.922644163150492,,,,
USDKRW CALL-upout  35Δ  6W  H@5Δ  [Spot > 50DMA],single,1415,10000000.0,65759757.65566959,2830000.0,66856006.53388786,1096248.8782182802,-9580945.036913132,27.208480565371023,101.66705127466929,0.03684890641355794,-0.7784791018671513,-4.137640594434954,1.8284652939865857,-2.3487660614152444,-2.606944395853737,11,45.45454545454545,-4642598.173678388,0.01161851438420657,1.031550665568385,54.608119066402644,100.0,4.31095406360424,,,,
USDKRW CALL-upout  35Δ  2M  H@5Δ  [Spot > 50DMA],single,1405,10000000.0,77945276.8252228,2810000.0,97595374.18764426,19650097.362421468,-8713742.243996754,31.743772241992886,125.21011941042049,0.42541853647655253,-0.30565182647398476,-3.5107928095408463,1.736242697817738,-5.680459095720525,-2.041894524291723,11,54.54545454545454,-5433313.545742933,0.23123645718810923,1.4836306622003244,46.32616893714015,100.0,3.6298932384341636,,,,
USDKRW CALL-upout  35Δ  10W  H@5Δ  [Spot > 50DMA],single,1405,10000000.0,83517613.03004187,2810000.0,102664188.49622878,19146575.46618691,-9922631.643885246,32.028469750889684,122.92519478412265,0.39772342104310987,-0.09424943376500727,-2.247980977005231,1.3310825279366252,-14.122976391088162,-1.4253319617016325,11,63.63636363636363,-5978885.659348006,0.19786115864702788,1.431160558699105,52.86395842178323,100.0,4.128113879003559,,,,
USDKRW CALL-upout  35Δ  3M  H@5Δ  [Spot > 50DMA],single,1402,10000000.0,95055881.17648895,2804000.0,116215783.27050255,21159902.094013613,-13625019.437270336,32.23965763195435,122.2604870231294,0.3784105377454012,-0.3346684468569454,-3.291675742812936,1.6856951571455119,-5.0369109277459465,-2.0203636040024575,11,54.54545454545454,-9641264.866118554,0.1601015718135267,1.3878866759859008,62.70562827555274,100.0,3.2810271041369474,,,,
USDKRW CALL-upout  30Δ  1M  H@5Δ  [Spot > 50DMA],single,1422,10000000.0,43414012.42865901,2844000.0,40015121.50310992,-3398890.925549103,-7132182.688551376,20.88607594936709,92.17098182036409,-0.19525025036374505,-1.1398382344272684,-5.819255947216461,2.133338090535228,-1.8716147836602102,-3.2731763249624963,11,27.27272727272727,-2380288.0130002345,-0.048283609002079085,0.8476294416707324,46.45335161292824,100.0,4.922644163150492,,,,
USDKRW CALL-upout  30Δ  6W  H@5Δ  [Spot > 50DMA],single,1415,10000000.0,49954440.26322523,2830000.0,48671083.88101612,-1283356.3822091147,-7587328.8951028865,22.190812720848058,97.4309463274001,-0.05339013560637109,-0.9816467446966015,-4.2151436277067225,1.9931624452021324,-2.0304273976053993,-2.9748091898987337,11,45.45454545454545,-3706862.680217829,-0.017175451059265445,0.9558174421975705,47.805589444340605,100.0,4.31095406360424,,,,
USDKRW CALL-upout  30Δ  2M  H@5Δ  [Spot > 50DMA],single,1405,10000000.0,59084041.27393788,2810000.0,73249369.64448881,14165328.370550927,-7795975.5077705765,27.615658362989326,123.97488063633742,0.37467325481857533,-0.47625960453627764,-3.6408040419583596,1.892297478541895,-3.973247910421416,-2.3685570830781724,11,54.54545454545454,-4703692.303845908,0.18631700307177623,1.4246099798393206,37.31665407928203,100.0,3.6298932384341636,,,,
USDKRW CALL-upout  30Δ  10W  H@5Δ  [Spot > 50DMA],single,1405,10000000.0,63261883.154640615,2810000.0,77358746.15737686,14096863.00273623,-8156159.55859183,28.398576512455513,122.28334393441487,0.35774217352440174,-0.22909671140814714,-2.4539107130854525,1.4352695271081537,-6.264906721210633,-1.6643662385163007,11,54.54545454545454,-4961029.768555294,0.1772283015053708,1.3964382428724293,42.93211412326965,100.0,4.128113879003559,,,,
USDKRW CALL-upout  30Δ  3M  H@5Δ  [Spot > 50DMA],single,1402,10000000.0,71912768.99182954,2804000.0,87909688.27691701,15996919.28508746,-10614533.697767163,27.888730385164052,122.24489407007117,0.35156163895838033,-0.49775028276849476,-3.5348858825437306,1.7622674155840345,-3.5404649210489163,-2.260017698352529,11,45.45454545454545,-7572174.8931239005,0.15536547088841676,1.372835207258535,52.622695004252506,100.0,3.2810271041369474,,,,
USDKRW CALL-upout  25Δ  1M  H@5Δ  [Spot > 50DMA],single,1422,10000000.0,31387224.673866183,2844000.0,27768251.661651354,-3618973.0122148274,-5922720.160465382,17.369901547116736,88.46991714043426,-0.2761573109111375,-1.355147412668358,-6.450913084847835,2.3169950697865564,-1.7097734520440613,-3.6721424824549143,11,27.27272727272727,-1861405.2179971472,-0.06190832967450532,0.790568911166847,35.62043015379034,100.0,4.922644163150492,,,,
USDKRW CALL-upout  25Δ  6W  H@5Δ  [Spot > 50DMA],single,1415,10000000.0,35989408.770542905,2830000.0,33463992.355049573,-2525416.415493322,-6877204.932106854,17.73851590106007,92.98288996189244,-0.13724058655119278,-1.0769164759175658,-4.501436651857448,2.013368417998394,-1.8695678476670556,-3.0902848939159595,11,27.27272727272727,-3481072.591315597,-0.03728814853602887,0.8885072999751819,40.030867314014415,100.0,4.31095406360424,,,,
USDKRW CALL-upout  25Δ  2M  H@5Δ  [Spot > 50DMA],single,1405,10000000.0,42415300.30167651,2810000.0,51614921.91988152,9199621.618205015,-6307696.544981031,22.63345195729537,121.68939404595325,0.3173916291260805,-0.6419620986056657,-4.197041863108154,2.0220935842581924,-3.149864436935072,-2.664055682863858,11,45.45454545454545,-3892002.181221871,0.14955312172026214,1.3627993454697436,27.99656164412124,100.0,3.6298932384341636,,,,
USDKRW CALL-upout  25Δ  10W  H@5Δ  [Spot > 50DMA],single,1405,10000000.0,45359155.333185814,2810000.0,54096456.94257675,8737301.60939093,-6670106.088216021,23.345195729537366,119.26248746302934,0.28596328859275294,-0.43981924672758005,-3.2525594160123172,1.6052392354007337,-3.6497703257515783,-2.0450584821283138,11,54.54545454545454,-4026724.0043018116,0.13432006575856026,1.3215467091240427,35.077925437167096,100.0,4.128113879003559,,,,
USDKRW CALL-upout  25Δ  3M  H@5Δ  [Spot > 50DMA],single,1402,10000000.0,51454491.99743152,2804000.0,61988897.949232765,10534405.951801244,-8785869.676642725,22.89586305278174,120.47324838485842,0.29726754125303145,-0.8339291674245503,-3.836758401295868,1.983947947004483,-2.379036523127704,-2.817877114429033,11,36.36363636363637,-5655937.347822767,0.12360736986456287,1.327302744129176,44.79012733207708,100.0,3.2810271041369474,,,,
USDKRW CALL-upout  ATM  1M  H@5Δ  [Spot > 200DMA],single,1406,10000000.0,104449389.69049038,2812000.0,98029243.13512632,-6420146.55536407,-16771214.999412224,33.14366998577525,93.85334220296686,-0.19462263809082048,-0.5376807592888345,-2.4578101279900633,1.1642525893578648,-2.1653231387668916,-1.7019333486466994,11,45.45454545454545,-5898563.026981623,-0.04089512494201026,0.8529784307027307,98.2137503851373,100.0,5.405405405405405,,,,
USDKRW CALL-upout  ATM  6W  H@5Δ  [Spot > 200DMA],single,1399,10000000.0,120513132.4608614,2798000.0,124881714.55957416,4368582.09871275,-17868585.09077305,37.88420300214439,103.62498427308866,0.10122056477502922,-0.2396769297396643,-2.4419494690228642,1.2848303544324824,-5.360675955871337,-1.5245072841721468,11,54.54545454545454,-6328828.346832144,0.026164008016658673,1.0898406944542913,90.17730689844697,100.0,4.8606147248034315,,,,
USDKRW CALL-upout  ATM  2M  H@5Δ  [Spot > 200DMA],single,1387,10000000.0,142603574.59629372,2774000.0,158345347.71294922,15741773.116655488,-21868302.74204464,38.932948810382115,111.03883486877517,0.24322827878976483,-0.15693360393060587,-2.7053218687865384,1.6042544765891111,-10.222504526809267,-1.761188080519717,10,50.0,-9681785.264316203,0.07760422998671562,1.2380410747317134,117.05793389636898,100.0,3.3886085075702956,,,,
USDKRW CALL-upout  ATM  10W  H@5Δ  [Spot > 200DMA],single,1382,10000000.0,152204278.82852027,2764000.0,168248676.8510491,16044398.022528812,-19610716.37454693,40.159189580318376,110.54135806563303,0.23667527972892377,-0.1655162913522616,-2.8290214172201757,1.706164418741682,-10.308135862653675,-1.8716807100939437,10,60.0,-10892686.226009088,0.08835814505710654,1.2327759735454917,110.16853974173648,100.0,3.8350217076700437,,,,
USDKRW CALL-upout  ATM  3M  H@5Δ  [Spot > 200DMA],single,1369,10000000.0,171715763.9729158,2738000.0,186174400.8105272,14458636.837611392,-22226093.178606607,38.568298027757486,108.42009871609221,0.19221469270907438,-0.21183533288714393,-3.0813726855371475,1.9866424312951558,-9.378239239973942,-2.1984777641822997,10,50.0,-15235488.30858676,0.07065250689665242,1.1736608589442716,117.85210153632534,100.0,3.579254930606282,,,,
USDKRW CALL-upout  45Δ  1M  H@5Δ  [Spot > 200DMA],single,1406,10000000.0,86507982.7977892,2812000.0,79193526.99862435,-7314455.799164841,-15218411.378295602,29.658605974395446,91.54476204090639,-0.25270013337421404,-0.6003820004443934,-2.5061066799736964,1.1650686681844458,-1.940545631484755,-1.7654506686288391,11,45.45454545454545,-5335945.98109198,-0.05134566985620529,0.8118171115294882,93.96368770858561,100.0,5.405405405405405,,,,
USDKRW CALL-upout  45Δ  6W  H@5Δ  [Spot > 200DMA],single,1399,10000000.0,99887446.20936228,2798000.0,101223158.63768491,1335712.4283226226,-16327126.761329731,34.02430307362402,101.33721751732745,0.035096331218146655,-0.35601521106731304,-2.603179214886901,1.3084218419796223,-3.6751852204770947,-1.6644370530469352,11,54.54545454545454,-5549147.700623568,0.008755019923163422,1.0303526005867196,86.16651682400244,100.0,4.8606147248034315,,,,
USDKRW CALL-upout  45Δ  2M  H@5Δ  [Spot > 200DMA],single,1387,10000000.0,118406783.16063845,2774000.0,131151439.9462474,12744656.78560895,-19315175.082129713,35.83273251622206,110.76345159070719,0.22174941687816918,-0.25292069624046365,-2.7335665489249426,1.611920192679569,-6.373223767923841,-1.8648408889200327,10,50.0,-8173877.047194996,0.07113385055461081,1.2169175423813043,104.89475450590174,100.0,3.3886085075702956,,,,
USDKRW CALL-upout  45Δ  10W  H@5Δ  [Spot > 200DMA],single,1382,10000000.0,126504468.89471409,2764000.0,138397675.27337354,11893206.378659436,-18048095.720249604,36.03473227206946,109.40141204699873,0.1978830192859885,-0.2675159495735409,-2.8559923244619823,1.7200401152544371,-6.429673139102284,-1.987556064827978,10,60.0,-9094646.351214806,0.07116790652536623,1.1932784766272608,102.77359579078025,100.0,3.8350217076700437,,,,
USDKRW CALL-upout  45Δ  3M  H@5Δ  [Spot > 200DMA],single,1369,10000000.0,143076575.87454665,2738000.0,153895274.32954332,10818698.454996686,-20641651.61170311,34.84295105916728,107.56147425870941,0.16263002546033684,-0.29971343511319654,-3.131825847026843,1.9272836557603732,-6.430421295703583,-2.22699709087357,10,50.0,-13063672.550999893,0.05692380595834387,1.145082680599313,108.03846355209939,100.0,3.579254930606282,,,,
USDKRW CALL-upout  40Δ  1M  H@5Δ  [Spot > 200DMA],single,1406,10000000.0,70033014.25054437,2812000.0,62466440.55378933,-7566573.69675503,-13175771.195776867,26.173541963015644,89.19570465768405,-0.3058896326505462,-0.6642224106393753,-2.4808313811736205,1.1627379770298056,-1.7505250626978444,-1.826960387669181,11,45.45454545454545,-4605820.6192327505,-0.06134996872929149,0.7732009876152353,85.37458515411366,100.0,5.405405405405405,,,,
USDKRW CALL-upout  40Δ  6W  H@5Δ  [Spot > 200DMA],single,1399,10000000.0,80783939.45799437,2798000.0,79515416.57374619,-1268522.8842481785,-14307594.975391185,30.23588277340958,98.42973381496482,-0.038707452900986664,-0.4860683686823874,-2.698198279113895,1.347368697678834,-2.7719736244743127,-1.8334370663612214,11,54.54545454545454,-4705362.115959112,-0.00948823877149101,0.9672651878270084,83.7452599739095,100.0,4.8606147248034315,,,,
USDKRW CALL-upout  40Δ  2M  H@5Δ  [Spot > 200DMA],single,1387,10000000.0,95666745.79831183,2774000.0,105156085.32815671,9489339.529844891,-16519867.415406402,32.804614275414565,109.91916203552137,0.19070783544404749,-0.3728010245208655,-2.7476036067519534,1.6335963997413325,-4.381952549193976,-2.006397424262198,10,50.0,-6710988.389894631,0.06192645958158713,1.1852065674039902,91.38126297793154,100.0,3.3886085075702956,,,,
USDKRW CALL-upout  40Δ  10W  H@5Δ  [Spot > 200DMA],single,1382,10000000.0,102175343.51754001,2764000.0,109699603.09250155,7524259.574961543,-16275035.520493655,32.05499276410998,107.36406584595417,0.14475228970727336,-0.3717102216725237,-2.873716942992747,1.6903495472950794,-4.547492774584701,-2.062059768967603,10,60.0,-7522736.592275257,0.0499296412777403,1.1390551446510255,93.89584805090868,100.0,3.8350217076700437,,,,
USDKRW CALL-upout  40Δ  3M  H@5Δ  [Spot > 200DMA],single,1369,10000000.0,115495783.77133092,2738000.0,122990812.47541218,7495028.704081245,-18482265.01269741,31.70197224251278,106.48943923262217,0.13113282364608014,-0.40094303262342346,-3.153458667169708,1.8576180860839178,-4.633122251630802,-2.258561118707341,10,50.0,-10594487.266854674,0.04404346357410023,1.1168300889821268,95.5598792318471,100.0,3.579254930606282,,,,
USDKRW CALL-upout  35Δ  1M  H@5Δ  [Spot > 200DMA],single,1406,10000000.0,55263474.257568985,2812000.0,48217855.35269266,-7045618.904876317,-10912349.070457492,23.257467994310097,87.25085782330933,-0.3426946925234333,-0.7277937245073642,-2.4148921279239777,1.1702619139100277,-1.6079582366585605,-1.8980556384173919,11,36.36363636363637,-3752840.6616849084,-0.06897504975920501,0.74551685737769,73.62636591439538,100.0,5.405405405405405,,,,
USDKRW CALL-upout  35Δ  6W  H@5Δ  [Spot > 200DMA],single,1399,10000000.0,63655862.85911125,2798000.0,60329748.58515066,-3326114.2739605885,-12096532.225523476,25.804145818441743,94.77485006947084,-0.1210766469283388,-0.631700569547802,-2.721535764550044,1.424495933569073,-2.255017649562652,-2.056196503116875,11,54.54545454545454,-3828829.850916759,-0.02942593122537246,0.9005643472914779,78.23339165864164,100.0,4.8606147248034315,,,,
USDKRW CALL-upout  35Δ  2M  H@5Δ  [Spot > 200DMA],single,1387,10000000.0,75275144.53607813,2774000.0,81895875.81737566,6620731.28129755,-13310412.866237048,28.334534967555875,108.79537504989356,0.15780906833481295,-0.4919881492033233,-2.801688247756275,1.6519464585523056,-3.357695629919752,-2.1439346077556287,10,40.0,-5387301.601321176,0.053624253261859704,1.1536732907658294,75.8133035535017,100.0,3.3886085075702956,,,,
USDKRW CALL-upout  35Δ  10W  H@5Δ  [Spot > 200DMA],single,1382,10000000.0,80357491.8454212,2764000.0,84702789.47170158,4345297.626280388,-13718366.458022805,28.871201157742405,105.40745800608009,0.09947242138611044,-0.47144633834088606,-2.8826670969673995,1.6357576864868686,-3.469658269578309,-2.107204024827755,10,60.0,-6085173.807277133,0.034208477816196625,1.0946309013191877,80.76054799998373,100.0,3.8350217076700437,,,,
USDKRW CALL-upout  35Δ  3M  H@5Δ  [Spot > 200DMA],single,1369,10000000.0,90759297.99930012,2738000.0,95945801.47282887,5186503.473528724,-15566464.351877969,28.634039444850256,105.71456984337706,0.10857695905470073,-0.5041861818615663,-3.1772955795283817,1.8064547939683973,-3.5829121442768797,-2.3106409758299638,10,40.0,-8347245.024250847,0.036186622423926285,1.097675693956387,81.4642253174169,100.0,3.579254930606282,,,,
USDKRW CALL-upout  30Δ  1M  H@5Δ  [Spot > 200DMA],single,1406,10000000.0,42083932.47064713,2812000.0,35937356.69062732,-6146575.780019807,-8491198.676005827,19.559032716927454,85.39448331187457,-0.3717733828024907,-0.8148616104760762,-2.307184485958116,1.1988411946941302,-1.471220608851259,-2.0137028051702064,11,27.27272727272727,-2805785.8464108394,-0.0773313089919847,0.7225687897040676,60.005941997537015,100.0,5.405405405405405,,,,
USDKRW CALL-upout  30Δ  6W  H@5Δ  [Spot > 200DMA],single,1399,10000000.0,48369586.295971334,2798000.0,43900282.71931067,-4469303.576660666,-10221765.310533095,20.65761258041458,90.76009550854293,-0.20053471397773068,-0.7797684863063574,-3.265686827481543,1.5534276418823914,-1.9921651992384786,-2.3331961281887486,11,54.54545454545454,-3113733.2401315714,-0.0467915989389249,0.8396867846761348,69.68281554454194,100.0,4.8606147248034315,,,,
USDKRW CALL-upout  30Δ  2M  H@5Δ  [Spot > 200DMA],single,1387,10000000.0,57073107.82483316,2774000.0,61025884.95286791,3952777.1280347425,-10280235.090694545,24.224945926459984,106.92581371276727,0.11613674247582229,-0.6146727833657679,-3.1002760258848827,1.6564493858378477,-2.69484745488098,-2.2711221692036156,10,40.0,-4254176.409546497,0.041452058707359365,1.112543192074671,60.55239209567659,100.0,3.3886085075702956,,,,
USDKRW CALL-upout  30Δ  10W  H@5Δ  [Spot > 200DMA],single,1382,10000000.0,60880974.59386073,2764000.0,62933456.34868066,2052481.7548199221,-10956617.628710207,25.180897250361795,103.37130239539052,0.05820411740770472,-0.5788338709753361,-2.883350716261434,1.5827081526346158,-2.734304663214939,-2.161542023609952,10,60.0,-4723173.872030261,0.020231096468639572,1.0560740348501099,65.61951812562903,100.0,3.8350217076700437,,,,
USDKRW CALL-upout  30Δ  3M  H@5Δ  [Spot > 200DMA],single,1369,10000000.0,68674399.67876351,2738000.0,71976111.81378911,3301712.135025615,-12145796.33647059,24.54346238130022,104.80777720732901,0.08591292364835183,-0.6289720181848321,-3.2227044387499517,1.7672245439369259,-2.809702964270189,-2.396196562121758,10,30.0,-6351228.811309954,0.029524093275430964,1.0785444752866171,66.78987310121128,100.0,3.579254930606282,,,,
USDKRW CALL-upout  25Δ  1M  H@5Δ  [Spot > 200DMA],single,1406,10000000.0,30441273.335239522,2812000.0,25130484.366421994,-5310788.968817525,-6566971.940811322,16.42958748221906,82.55398547120028,-0.41990086444863306,-0.9477544015242467,-2.538477676915671,1.2347005095894878,-1.3027642051609085,-2.1824549111137346,11,27.27272727272727,-1935475.8433681296,-0.0863942835879624,0.6850196058345454,46.38164636874946,100.0,5.405405405405405,,,,
USDKRW CALL-upout  25Δ  6W  H@5Δ  [Spot > 200DMA],single,1399,10000000.0,34863743.82384082,2798000.0,30280163.71181823,-4583580.112022597,-8313671.204837691,16.440314510364544,86.85287462189241,-0.2675821397094009,-0.8482230387775672,-3.4369434676174757,1.5663950992287299,-1.8466783235293514,-2.414618138006297,11,36.36363636363637,-2553799.019902764,-0.059001889242054684,0.7888780982369367,57.49363174943547,100.0,4.8606147248034315,,,,
USDKRW CALL-upout  25Δ  2M  H@5Δ  [Spot > 200DMA],single,1387,10000000.0,40987836.67747484,2774000.0,42866665.67593602,1878828.9984611794,-7705032.210817971,19.17808219178082,104.58386963246025,0.07236504813938477,-0.7172658084807464,-3.2676422089700554,1.6395398711893228,-2.2858190810211094,-2.356805679670069,10,40.0,-3255048.975227824,0.026288125470060243,1.0708524612323784,45.891069547404435,100.0,3.3886085075702956,,,,
USDKRW CALL-upout  25Δ  10W  H@5Δ  [Spot > 200DMA],single,1382,10000000.0,43667978.77576226,2764000.0,43350953.36634405,-317025.40941820573,-8520903.370376518,20.260492040520983,99.27400942680184,-0.011755610901875787,-0.743204037539276,-3.017113944003139,1.5336702707784684,-2.063592490504223,-2.2768743083177445,10,50.0,-3537488.797051142,-0.004018139896058436,0.9886801140788175,51.41407066717929,100.0,3.8350217076700437,,,,
USDKRW CALL-upout  25Δ  3M  H@5Δ  [Spot > 200DMA],single,1369,10000000.0,49152937.858359,2738000.0,50452584.58736447,1299646.7290054671,-10756722.860591237,19.7954711468225,102.64408758790896,0.04397175571357903,-0.8346461371983551,-3.235856970813593,1.7335397258014713,-2.0769756769262955,-2.5681858629998264,10,30.0,-4541148.419136508,0.01312226173513168,1.041374447875422,53.64631310527733,100.0,3.579254930606282,,,,
USDKRW CALL-upout  ATM  1M  H@5Δ  [20DMA > 50DMA],single,1409,10000000.0,106236229.66233769,2818000.0,106915625.8894557,679396.2271180162,-15541939.428560698,35.84102200141945,100.63951462629784,0.018894972978981444,-0.5132710992853984,-2.8843568478513197,1.4139459515332886,-2.7547741408036703,-1.927217050818687,11,45.45454545454545,-4762286.70612295,0.004445000512033392,1.0162483517673693,78.12282929619239,100.0,5.39389638041164,,,,
USDKRW CALL-upout  ATM  6W  H@5Δ  [20DMA > 50DMA],single,1402,10000000.0,122702928.79167798,2804000.0,133923760.24476323,11220831.453085244,-14172267.059958002,39.443651925820255,109.14471362956274,0.23789397085299277,-0.34030111412731606,-3.3788163291904216,1.5671060952957698,-4.605057198577,-1.9074072094230858,11,45.45454545454545,-7181761.716589751,0.0806203277428219,1.2265006047416431,68.14084210561694,100.0,5.349500713266762,,,,
USDKRW CALL-upout  ATM  2M  H@5Δ  [20DMA > 50DMA],single,1397,10000000.0,146362846.18993804,2794000.0,176193924.80661687,29831078.61667884,-15435751.258603945,41.302791696492484,120.38159231883645,0.44974490334321343,-0.08934659630032432,-2.6217996146288276,1.5626838278855177,-17.490132725737034,-1.6520304241858421,11,54.54545454545454,-8470094.587558797,0.2004773831106205,1.4913333243906206,73.81222779075,100.0,4.366499642090194,,,,
USDKRW CALL-upout  ATM  10W  H@5Δ  [20DMA > 50DMA],single,1397,10000000.0,156783863.0183792,2794000.0,186611136.37245357,29827273.35407435,-17423161.535421394,41.01646385110952,119.02445365220898,0.42089912561262355,0.08903410180670367,-2.8289213836143965,1.3055808861480374,14.663829472694651,-1.2165467843413338,11,54.54545454545454,-11527600.11085403,0.17743566401388652,1.4427857120388001,79.73460940875252,100.0,4.93915533285612,,,,
USDKRW CALL-upout  ATM  3M  H@5Δ  [20DMA > 50DMA],single,1397,10000000.0,178736492.3923487,2794000.0,208171694.26313788,29435201.87078917,-23920120.548783597,40.30064423765211,116.46849027683459,0.35118045315117835,-0.06251516453343187,-3.578018703207717,1.890363135139461,-30.238473324796775,-1.9528782996728928,11,63.63636363636363,-17057045.403315425,0.12776092400450081,1.3514743830755567,125.70689098742021,100.0,4.08017179670723,,,,
USDKRW CALL-upout  45Δ  1M  H@5Δ  [20DMA > 50DMA],single,1409,10000000.0,87961378.41036731,2818000.0,86537475.50928804,-1423902.9010792803,-14060779.62270528,32.150461320085164,98.38121806773385,-0.045096460708851344,-0.5972713633027115,-3.1186977559456874,1.4406618278301522,-2.4120724955969304,-2.0379331911328635,11,36.36363636363637,-4140285.352061817,-0.010297335669106063,0.9622824651552019,74.09532586511634,100.0,5.39389638041164,,,,
USDKRW CALL-upout  45Δ  6W  H@5Δ  [20DMA > 50DMA],single,1402,10000000.0,101663979.95460877,2804000.0,108953967.05688646,7289987.102277704,-12770171.167222394,35.30670470756063,107.1706686139305,0.17482031299041548,-0.451672710090544,-3.523315624241266,1.604606693299649,-3.5525872107216387,-2.056279403390193,11,45.45454545454545,-6434823.362265778,0.05812846965153669,1.1615046312680217,63.28214680069657,100.0,5.349500713266762,,,,
USDKRW CALL-upout  45Δ  2M  H@5Δ  [20DMA > 50DMA],single,1397,10000000.0,121469849.48385093,2794000.0,146648813.67717114,25178964.193320215,-13534947.69834501,38.367931281317105,120.72857116421115,0.4256804280239336,-0.18470873241293928,-2.911527088030668,1.628986436963643,-8.819217238315739,-1.8136951693765824,11,54.54545454545454,-7379827.37265238,0.1929769676650165,1.4663411190136353,66.19203321590271,100.0,4.366499642090194,,,,
USDKRW CALL-upout  45Δ  10W  H@5Δ  [20DMA > 50DMA],single,1397,10000000.0,130241730.76186483,2794000.0,155382749.01995587,25141018.25809104,-15718228.005082712,37.50894774516822,119.30335086229707,0.3978139910801342,0.02403484961797372,-3.1680242645801737,1.3500489819843657,56.17047759578131,-1.326014132366392,11,54.54545454545454,-10763599.899539497,0.16578056065480534,1.4174010694322254,72.30501475121828,100.0,4.93915533285612,,,,
USDKRW CALL-upout  45Δ  3M  H@5Δ  [20DMA > 50DMA],single,1397,10000000.0,148836593.66166723,2794000.0,173509109.99643627,24672516.334769078,-21301599.133343212,36.79312813171081,116.57691548010982,0.3291680392581029,-0.1593319658532109,-3.727453243565011,1.887359354354016,-11.84545326009973,-2.046691320207227,11,54.54545454545454,-15306671.479550922,0.1202529189691523,1.3273092782246196,114.52530182763948,100.0,4.08017179670723,,,,
USDKRW CALL-upout  40Δ  1M  H@5Δ  [20DMA > 50DMA],single,1409,10000000.0,71202823.43129113,2818000.0,68263255.5363415,-2939567.8949496318,-12197630.216536567,28.03406671398155,95.87155711909901,-0.10892302364656471,-0.6928538360166566,-3.4662824448966973,1.4796169074160885,-2.135539749512937,-2.1724707434327453,11,36.36363636363637,-3559013.8432953223,-0.024505407510415127,0.9108264808675308,67.68468896726148,100.0,5.39389638041164,,,,
USDKRW CALL-upout  40Δ  6W  H@5Δ  [20DMA > 50DMA],single,1402,10000000.0,82214114.53775434,2804000.0,85841504.83141157,3627390.2936572237,-11148259.541427387,31.169757489301,104.41212596407819,0.10070452937638247,-0.5757694785389548,-3.5647402148742646,1.6292510783807825,-2.829693374013316,-2.205020556919737,11,45.45454545454545,-5653372.27405388,0.03313187876755826,1.090476711457554,57.9806269656482,100.0,5.349500713266762,,,,
USDKRW CALL-upout  40Δ  2M  H@5Δ  [20DMA > 50DMA],single,1397,10000000.0,98134813.373604,2794000.0,118275407.4118225,20140594.03821852,-11676696.065107252,34.57408732999284,120.52339363151616,0.39047005014441344,-0.31826111618582276,-3.347443817252776,1.7516460514113323,-5.503801634342917,-2.069907167597155,11,54.54545454545454,-6892595.354006408,0.17892725498542186,1.4243599432515373,58.54963293510701,100.0,4.366499642090194,,,,
USDKRW CALL-upout  40Δ  10W  H@5Δ  [20DMA > 50DMA],single,1397,10000000.0,105187734.95446506,2794000.0,125511400.8130107,20323665.858545624,-13820147.976969015,34.28775948460988,119.32132664263908,0.36947812803520524,-0.04779834260425883,-3.468560524244979,1.3909101230577992,-29.09954712391783,-1.438708465662058,11,63.63636363636363,-9550596.791106416,0.15242060380532405,1.3841734846907827,63.61012223247195,100.0,4.93915533285612,,,,
USDKRW CALL-upout  40Δ  3M  H@5Δ  [20DMA > 50DMA],single,1397,10000000.0,120140248.41238259,2794000.0,140342342.24090928,20202093.8285267,-18010843.48249487,34.07301360057266,116.8154253844913,0.3095032703854621,-0.26616374893005496,-3.8392277320640473,1.8834610248355304,-7.076324377030338,-2.149624773765585,11,45.45454545454545,-12875996.556450963,0.11645461962670169,1.3088633079073602,100.35587106190135,100.0,4.08017179670723,,,,
USDKRW CALL-upout  35Δ  1M  H@5Δ  [20DMA > 50DMA],single,1409,10000000.0,56178582.92423119,2818000.0,52424749.401526265,-3753833.5227049217,-10200838.784642633,24.76933995741661,93.31803451189259,-0.1680771201752508,-0.8066543568705957,-3.720122892418542,1.5224403108020108,-1.8873515004720196,-2.3290946676726065,11,36.36363636363637,-3030351.6165771405,-0.03741907271342637,0.8643411945281537,59.63541340473268,100.0,5.39389638041164,,,,
USDKRW CALL-upout  35Δ  6W  H@5Δ  [20DMA > 50DMA],single,1402,10000000.0,64774775.82583783,2804000.0,65441269.47559275,666493.6497549219,-9353204.2009717,26.8188302425107,101.0289401101857,0.021981372170047215,-0.7341312104002952,-3.671492469205952,1.6978911080627659,-2.312789708445943,-2.432022318463061,11,36.36363636363637,-4786716.910243537,0.007255952779734193,1.0191705458344276,51.97827315456167,100.0,5.349500713266762,,,,
USDKRW CALL-upout  35Δ  2M  H@5Δ  [20DMA > 50DMA],single,1397,10000000.0,77208440.92797461,2794000.0,92604424.03500932,15395983.107034724,-10492773.789401736,30.279169649248388,119.94080300287007,0.35102594572211043,-0.50595027836827,-4.178850998302212,1.9750070604451178,-3.9035595885324406,-2.4809573388133876,11,54.54545454545454,-6514360.689489304,0.1522093443799262,1.3748459020529007,50.26555105688696,100.0,4.366499642090194,,,,
USDKRW CALL-upout  35Δ  10W  H@5Δ  [20DMA > 50DMA],single,1397,10000000.0,82718400.87810221,2794000.0,98830003.58718735,16111602.709085146,-11898686.774328198,31.066571224051536,119.47765253927957,0.34568680261874835,-0.11573740078116296,-3.625694170351035,1.4183706988577145,-12.255076485945793,-1.5341080996388774,11,54.54545454545454,-8052915.7342101475,0.14034406029138752,1.3574321340553093,53.804905018016555,100.0,4.93915533285612,,,,
USDKRW CALL-upout  35Δ  3M  H@5Δ  [20DMA > 50DMA],single,1397,10000000.0,94401313.09983817,2794000.0,110864678.53981479,16463365.439976625,-15311038.259738095,30.708661417322837,117.43976317635018,0.2971247562561577,-0.3757035736115451,-3.9200870863649726,1.8866180776964874,-5.021560108041817,-2.2623216513080324,11,45.45454545454545,-10375108.861533022,0.11163705369862975,1.303678418710971,84.82038279292948,100.0,4.08017179670723,,,,
USDKRW CALL-upout  30Δ  1M  H@5Δ  [20DMA > 50DMA],single,1409,10000000.0,42771363.911497,2818000.0,38795962.46983613,-3975401.441660867,-7988744.2342249835,20.93683463449255,90.70546020022456,-0.22408016613552326,-0.9528473846665978,-4.043600044112827,1.5921398622893164,-1.6709285116487018,-2.5449872469559143,11,36.36363636363637,-2516092.503978181,-0.05060068200515648,0.8203154138384919,49.31355392564004,100.0,5.39389638041164,,,,
USDKRW CALL-upout  30Δ  6W  H@5Δ  [20DMA > 50DMA],single,1402,10000000.0,49210102.85595439,2804000.0,47992345.76494693,-1217757.0910074585,-8264915.175568948,22.325249643366618,97.52539210378806,-0.04934693617058934,-0.9174463971015825,-3.8874002829297885,1.8528396289315825,-2.0195617256606115,-2.770286026033165,11,36.36363636363637,-3862599.6575400564,-0.015003103814705267,0.9581198547147604,44.92494645810438,100.0,5.349500713266762,,,,
USDKRW CALL-upout  30Δ  2M  H@5Δ  [20DMA > 50DMA],single,1397,10000000.0,58528024.80990807,2794000.0,69764454.14237103,11236429.33246297,-8849776.07274009,26.48532569792412,119.19837440090883,0.31304536615889955,-0.6845506633943361,-5.332788941514279,2.208024671038037,-3.2255095044237834,-2.8925753344323732,11,63.63636363636363,-5722305.588891782,0.13171045271581483,1.329096835545697,40.60322742998681,100.0,4.366499642090194,,,,
USDKRW CALL-upout  30Δ  10W  H@5Δ  [20DMA > 50DMA],single,1397,10000000.0,62659106.2279308,2794000.0,74852094.722581,12192988.494650187,-9453260.64762795,27.487473156764498,119.45924420035065,0.32157403119406885,-0.2010058239392322,-3.72468951181093,1.4559417537144472,-7.243281439221411,-1.6569475776536795,11,54.54545454545454,-6328572.584833622,0.13368505415872095,1.336291832911313,43.44838893781297,100.0,4.93915533285612,,,,
USDKRW CALL-upout  30Δ  3M  H@5Δ  [20DMA > 50DMA],single,1397,10000000.0,71419786.63298428,2794000.0,84227890.65772405,12808104.024739774,-13085980.935505573,26.2705798138869,117.93355123077968,0.28168423754450445,-0.49340742287546324,-4.033564690113806,1.8973751898855102,-3.8454532743509424,-2.3907826127609733,11,45.45454545454545,-8000503.838641883,0.10161854034926876,1.2961413880306445,69.43225986888974,100.0,4.08017179670723,,,,
USDKRW CALL-upout  25Δ  1M  H@5Δ  [20DMA > 50DMA],single,1409,10000000.0,30927235.541021787,2818000.0,26930744.261678733,-3996491.2793430574,-6620690.511969223,17.7430801987225,87.07776104320052,-0.29926278888948443,-1.1177047979080355,-4.1165232534018195,1.6261837594895203,-1.4549313580233216,-2.7438885573975558,11,36.36363636363637,-1963177.7478459177,-0.061380366780597564,0.7654553367280111,39.30806068780455,100.0,5.39389638041164,,,,
USDKRW CALL-upout  25Δ  6W  H@5Δ  [20DMA > 50DMA],single,1402,10000000.0,35457769.648460224,2804000.0,33101061.57262685,-2356708.0758333663,-7278777.050078945,17.83166904422254,93.35347908456022,-0.12384714327044158,-1.0188292056461412,-4.050498175173722,1.8497972476946924,-1.815610739703473,-2.8686264533408337,11,36.36363636363637,-3370821.5897118375,-0.0329690338839398,0.8968680870024364,37.33096929330146,100.0,5.349500713266762,,,,
USDKRW CALL-upout  25Δ  2M  H@5Δ  [20DMA > 50DMA],single,1397,10000000.0,42019117.00072156,2794000.0,49539742.567080736,7520625.5663591735,-6727174.992234277,21.689334287759486,117.89810472749826,0.2738079365946229,-0.7925551131717526,-5.754199671295808,2.2884196100154464,-2.8873949230575824,-3.080974723187199,11,54.54545454545454,-4428336.987015216,0.11596994234995386,1.2898442554465408,30.33897753190106,100.0,4.366499642090194,,,,
USDKRW CALL-upout  25Δ  10W  H@5Δ  [20DMA > 50DMA],single,1397,10000000.0,44930021.97677508,2794000.0,52870068.50667782,7940046.529902751,-7210690.26924338,22.763063707945598,117.67202903663627,0.27274824104519874,-0.3306898566223202,-3.838526673264259,1.509627712906029,-4.565086236165295,-1.8403175695283491,11,54.54545454545454,-4729198.23055392,0.11413018762406224,1.28713021348992,34.268135524826604,100.0,4.93915533285612,,,,
USDKRW CALL-upout  25Δ  3M  H@5Δ  [20DMA > 50DMA],single,1397,10000000.0,51104360.34968436,2794000.0,60230430.32365654,9126069.973972186,-11117261.747659214,21.25984251968504,117.85771294567931,0.25482255925236774,-0.6493963776202608,-4.155829398132258,1.897078335267178,-2.9212949142388167,-2.5464747128874388,11,36.36363636363637,-5795006.472863141,0.08522761845244103,1.2799847314823984,55.02066079101182,100.0,4.08017179670723,,,,
USDKRW CALL-upout  ATM  1M  H@5Δ  [50DMA > 200DMA (golden cross)],single,1383,10000000.0,102794707.5856895,2766000.0,87574222.03327507,-15220485.552414449,-18250708.328209054,30.224150397686188,85.19331791500386,-0.47224586767840854,-0.8360790299704954,-3.639028883256735,1.4774670046285174,-1.7671379757971637,-2.313546034599013,10,30.0,-9017162.549083417,-0.08990743456715687,0.6770846411539782,115.30747504589466,100.0,5.567606652205351,,,,
USDKRW CALL-upout  ATM  6W  H@5Δ  [50DMA > 200DMA (golden cross)],single,1376,10000000.0,118724754.75003561,2752000.0,111552183.57165188,-7172571.17838374,-22004452.757583488,34.44767441860465,93.95865572139107,-0.17325013932608502,-0.45229841107432367,-3.6553867627451875,1.6172247323736824,-3.575570227037417,-2.069523143448006,10,40.0,-10659743.003018154,-0.03522393076187153,0.8629638055079082,113.71031428465902,100.0,5.0145348837209305,,,,
USDKRW CALL-upout  ATM  2M  H@5Δ  [50DMA > 200DMA (golden cross)],single,1364,10000000.0,140615337.83394855,2728000.0,151955107.0004724,11339769.166523866,-27810246.69253973,38.049853372434015,108.06438994579307,0.18495556628913645,-0.34514842115411665,-3.8533864406701106,1.9709195683753877,-5.7103537132952065,-2.3160679895295044,10,40.0,-13947125.159707768,0.04437799176523272,1.171800794523687,133.7030608445337,100.0,3.44574780058651,,,,
USDKRW CALL-upout  ATM  10W  H@5Δ  [50DMA > 200DMA (golden cross)],single,1359,10000000.0,150149488.77706176,2718000.0,159881217.6016518,9731728.824590057,-24811626.991379797,38.26342899190581,106.4813599459133,0.14980127576057997,-0.3642671166132272,-3.203915837445929,1.855907416074448,-5.094907916283368,-2.2201745326876754,10,50.0,-14667482.34498943,0.042776951596886555,1.1402277642006473,119.09149926252812,100.0,4.415011037527594,,,,
USDKRW CALL-upout  ATM  3M  H@5Δ  [50DMA > 200DMA (golden cross)],single,1346,10000000.0,169470540.95292026,2692000.0,180206228.3862626,10735687.43334233,-20326486.20259728,37.96433878157504,106.33483989192243,0.14619794655778667,-0.36429707343191287,-2.5908366822904676,1.8250539320160668,-5.0097957549394625,-2.1893510054479797,10,50.0,-14946972.48638427,0.05789656275326642,1.133575592510889,105.78836764181742,100.0,4.75482912332838,,,,
USDKRW CALL-upout  45Δ  1M  H@5Δ  [50DMA > 200DMA (golden cross)],single,1383,10000000.0,85143721.80846176,2766000.0,70518215.39254323,-14625506.415918533,-16531971.225611657,26.89804772234273,82.82256623827193,-0.5173106564540937,-0.9061216024299386,-3.6337551395640713,1.476479408232599,-1.6294495178937758,-2.3826010106625377,10,30.0,-7969149.454457277,-0.09537468024278853,0.6529568069020066,109.26092599321363,100.0,5.567606652205351,,,,
USDKRW CALL-upout  45Δ  6W  H@5Δ  [50DMA > 200DMA (golden cross)],single,1376,10000000.0,98414785.94034773,2752000.0,90187961.22273442,-8226824.717613313,-19663920.60541037,30.813953488372093,91.64066187920193,-0.2269755263695802,-0.5417346272300491,-3.6169646611578674,1.5836864665822392,-2.9233620798430566,-2.1254210938122884,10,40.0,-9224189.255679328,-0.045210119661372256,0.8236620988104838,109.45245277008706,100.0,5.0145348837209305,,,,
USDKRW CALL-upout  45Δ  2M  H@5Δ  [50DMA > 200DMA (golden cross)],single,1364,10000000.0,116773614.01293781,2728000.0,125903338.40494053,9129724.392002728,-24122178.577547185,35.19061583577713,107.81831107067663,0.16851624052568198,-0.4315219255507111,-3.9177091886777817,1.9599241266244627,-4.5418877015882675,-2.3914460521751737,10,40.0,-12011248.4706391,0.041191671129558884,1.1570796795332858,118.43643804627779,100.0,3.44574780058651,,,,
USDKRW CALL-upout  45Δ  10W  H@5Δ  [50DMA > 200DMA (golden cross)],single,1359,10000000.0,124817621.99702428,2718000.0,131641140.8148396,6823518.817815309,-22002101.750465974,35.02575423105224,105.46679123399578,0.11918918031281057,-0.4709114037727259,-3.289569532054837,1.8748454711536813,-3.981312527437816,-2.345756874926407,10,50.0,-12394855.066622537,0.03382355889431696,1.1112869902463791,109.07491593263147,100.0,4.415011037527594,,,,
USDKRW CALL-upout  45Δ  3M  H@5Δ  [50DMA > 200DMA (golden cross)],single,1346,10000000.0,141235264.42215008,2692000.0,148415040.86008236,7179776.437932262,-18058166.75185014,33.803863298662705,105.08355789703627,0.11021217702967127,-0.4782771265440823,-2.625158691625249,1.8199118962280016,-3.805140984638458,-2.298189022772084,10,50.0,-12454542.17344118,0.04358353921132544,1.0997244723712516,95.87787594475374,100.0,4.75482912332838,,,,
USDKRW CALL-upout  40Δ  1M  H@5Δ  [50DMA > 200DMA (golden cross)],single,1383,10000000.0,68928162.09846784,2766000.0,55473217.18202241,-13454944.916445432,-14360583.846200647,23.427331887201735,80.47975673974264,-0.5555678434488786,-0.9798180319390297,-3.607585592909613,1.4798657313736208,-1.5103475167169684,-2.4596837633126505,10,30.0,-6748092.2186114425,-0.10100820422520765,0.6308937339297712,98.61473692416938,100.0,5.567606652205351,,,,
USDKRW CALL-upout  40Δ  6W  H@5Δ  [50DMA > 200DMA (golden cross)],single,1376,10000000.0,79591983.04539709,2752000.0,70806713.25356041,-8785269.791836679,-16878193.67160388,27.252906976744185,88.96211721873318,-0.2830308837549629,-0.6426928558621305,-3.613500775196241,1.5586644202198623,-2.4252088785536845,-2.2013572760819926,10,40.0,-7700131.54804996,-0.056247427086184715,0.7830527308970459,101.71433709976158,100.0,5.0145348837209305,,,,
USDKRW CALL-upout  40Δ  2M  H@5Δ  [50DMA > 200DMA (golden cross)],single,1364,10000000.0,94345740.2912603,2728000.0,100946899.87795797,6601159.586697675,-20370539.112599187,32.25806451612903,106.99677544139125,0.1415824663776619,-0.5354411765186102,-3.9724727167586007,1.9413735689150302,-3.625745747717171,-2.47681474543364,10,40.0,-10061946.624551937,0.035268418191301006,1.1307102765951234,102.36398420071129,100.0,3.44574780058651,,,,
USDKRW CALL-upout  40Δ  10W  H@5Δ  [50DMA > 200DMA (golden cross)],single,1359,10000000.0,100811225.7636474,2718000.0,104335490.08564661,3524264.3219992295,-19140868.444222525,31.42016188373804,103.4959046428638,0.07167081552915425,-0.5698456007264965,-3.3232971156489803,1.8418440608978128,-3.2321808899632547,-2.411689661624309,10,50.0,-10157827.329429975,0.020080841675702156,1.0663634078983,98.20255391077029,100.0,4.415011037527594,,,,
USDKRW CALL-upout  40Δ  3M  H@5Δ  [50DMA > 200DMA (golden cross)],single,1346,10000000.0,114007449.30458224,2692000.0,117753155.61725046,3745706.312668208,-16381749.89537436,30.163447251114412,103.2854926020327,0.06642960868405073,-0.6282877649025209,-2.675237057304518,1.829110649214783,-2.911262563737128,-2.457398414117304,10,40.0,-10294710.93291133,0.02506447796094382,1.059939673756514,87.58196468483183,100.0,4.75482912332838,,,,
USDKRW CALL-upout  35Δ  1M  H@5Δ  [50DMA > 200DMA (golden cross)],single,1383,10000000.0,54391220.526217915,2766000.0,42955187.957805604,-11436032.568412311,-12067560.927828763,20.535068691250906,78.9744880556599,-0.5659337803374567,-1.0385028627777462,-3.5917673996868604,1.4937109241299895,-1.4383310606719666,-2.532213786907736,10,30.0,-5424441.678274069,-0.10216513336238679,0.6244063434032325,83.78459183723434,100.0,5.567606652205351,,,,
USDKRW CALL-upout  35Δ  6W  H@5Δ  [50DMA > 200DMA (golden cross)],single,1376,10000000.0,62715613.49365608,2752000.0,53936677.76610192,-8778935.727554154,-14311435.323626118,23.25581395348837,86.00199338169244,-0.3375956532165572,-0.7422798011508063,-3.5895909700092785,1.540457924698061,-2.0753062690238715,-2.2827377258488672,10,40.0,-6223445.550555013,-0.06628758569344004,0.7455056235520436,90.72236599589833,100.0,5.0145348837209305,,,,
USDKRW CALL-upout  35Δ  2M  H@5Δ  [50DMA > 200DMA (golden cross)],single,1364,10000000.0,74234102.94308558,2728000.0,78365827.87530385,4131724.932218263,-16718272.90743346,27.785923753665685,105.56580435192437,0.105864025150666,-0.6635296312936273,-4.05718657812175,1.9139472424100483,-2.8844940031970965,-2.5774768737036755,10,40.0,-8027940.36964299,0.026897273742920846,1.097219741522295,84.44505613446046,100.0,3.44574780058651,,,,
USDKRW CALL-upout  35Δ  10W  H@5Δ  [50DMA > 200DMA (golden cross)],single,1359,10000000.0,79282813.04939671,2718000.0,80526217.61505629,1243404.5656595845,-15726315.525549771,28.550404709345106,101.56831539880513,0.030318434905267373,-0.6711898934447119,-3.345611420851457,1.7969329148817637,-2.6772347623702455,-2.4681228083264757,10,50.0,-8055296.967371568,0.008623042962483224,1.0281408896234199,83.38483226466673,100.0,4.415011037527594,,,,
USDKRW CALL-upout  35Δ  3M  H@5Δ  [50DMA > 200DMA (golden cross)],single,1346,10000000.0,89587575.44179761,2692000.0,91396048.38528723,1808472.943489613,-13940440.216691341,26.448736998514118,102.01866490366685,0.03791371319112018,-0.7865831398793771,-3.1937938475216945,1.8757455509236265,-2.384675510857343,-2.6623286908030037,10,40.0,-8443771.573182423,0.014220692947232706,1.0347398816234454,76.87680275020051,100.0,4.75482912332838,,,,
USDKRW CALL-upout  30Δ  1M  H@5Δ  [50DMA > 200DMA (golden cross)],single,1383,10000000.0,41419266.40882312,2766000.0,32329820.432301875,-9089445.976521242,-9619757.908948563,17.35357917570499,78.05502906110135,-0.5547826738015751,-1.1020741958378164,-3.599316975120934,1.5306254217886208,-1.3888587788093634,-2.6326996176264372,10,30.0,-4125447.357547208,-0.10186385150819594,0.6272942172908237,66.10723633318179,100.0,5.567606652205351,,,,
USDKRW CALL-upout  30Δ  6W  H@5Δ  [50DMA > 200DMA (golden cross)],single,1376,10000000.0,47653989.91605979,2752000.0,39560087.284988865,-8093902.631070929,-11668943.825832753,18.75,83.0152676715466,-0.3812903632642138,-0.8512872875673999,-3.5511054667080737,1.5464990929225035,-1.8166594468263582,-2.3977863804899036,10,40.0,-4849692.455696108,-0.07495488647623998,0.7136167217852436,77.06682128389028,100.0,5.0145348837209305,,,,
USDKRW CALL-upout  30Δ  2M  H@5Δ  [50DMA > 200DMA (golden cross)],single,1364,10000000.0,56281976.68173787,2728000.0,58042369.818283774,1760393.136545904,-13442490.497112677,23.826979472140764,103.12780971873205,0.05605328735456722,-0.810631129662319,-4.109066816495358,1.8644272480938286,-2.29996996151688,-2.6750583777561476,10,30.0,-6124230.626873625,0.01425273469033636,1.051398863437753,66.95954785904841,100.0,3.44574780058651,,,,
USDKRW CALL-upout  30Δ  10W  H@5Δ  [50DMA > 200DMA (golden cross)],single,1359,10000000.0,60064662.56684418,2718000.0,59318781.81302071,-745880.7538234722,-12328626.041286493,24.503311258278146,98.75820370589213,-0.022608170270738373,-0.7934940626671062,-3.326333888914687,1.739515907835246,-2.1922229663425012,-2.533009970502352,10,50.0,-6084410.822884963,-0.0065982656820190964,0.9787402964922441,67.48074065464658,100.0,4.415011037527594,,,,
USDKRW CALL-upout  30Δ  3M  H@5Δ  [50DMA > 200DMA (golden cross)],single,1346,10000000.0,67785338.84051876,2692000.0,68977025.98008455,1191687.139565805,-11115847.630126901,22.511144130757803,101.75803080717726,0.030467625922498763,-0.9624570467017705,-3.8027608035999556,1.953250746901604,-2.0294419928610523,-2.9157077936033744,10,40.0,-7005972.397178255,0.011751813735933517,1.0286258989986299,63.297257246193844,100.0,4.75482912332838,,,,
USDKRW CALL-upout  25Δ  1M  H@5Δ  [50DMA > 200DMA (golden cross)],single,1383,10000000.0,29960007.309098188,2766000.0,23097127.62940436,-6862879.679693824,-7287321.6629831195,14.822848879248014,77.09319757872784,-0.5414938711929912,-1.1754897494123966,-3.6117150558864233,1.5427198406034064,-1.3124060344844186,-2.718209590015803,10,30.0,-2977394.0925643174,-0.10152786838165344,0.6258859903702886,49.04919389688102,100.0,5.567606652205351,,,,
USDKRW CALL-upout  25Δ  6W  H@5Δ  [50DMA > 200DMA (golden cross)],single,1376,10000000.0,34346633.46685991,2752000.0,27612540.25539863,-6734093.211461276,-8840473.81673125,14.898255813953487,80.39373140322817,-0.40687150193287347,-0.9292748864340128,-3.543864019824108,1.542046514404781,-1.6594083590510122,-2.471321400838794,10,40.0,-3540596.7633573757,-0.08231464425212359,0.6926182379761693,60.387002455496564,100.0,5.0145348837209305,,,,
USDKRW CALL-upout  25Δ  2M  H@5Δ  [50DMA > 200DMA (golden cross)],single,1364,10000000.0,40417537.99089735,2728000.0,40376411.520531535,-41126.470365813,-10062425.857908368,18.475073313782993,99.89824597832983,-0.0017241702841069898,-0.9626179938966889,-4.178340511357373,1.818594551616185,-1.88921728364384,-2.781212545512874,10,30.0,-4433343.892074047,-0.0004448227772577255,0.9984053496916332,50.217090797168495,100.0,3.44574780058651,,,,
USDKRW CALL-upout  25Δ  10W  H@5Δ  [50DMA > 200DMA (golden cross)],single,1359,10000000.0,43079969.241592355,2718000.0,40268312.48105842,-2811656.7605339345,-9589127.844411895,19.646799116997794,93.47340118845914,-0.11190612871786566,-0.9914294445179515,-3.277934248864067,1.6714578093964563,-1.6859069686084875,-2.6628872539144077,10,40.0,-4332162.370646298,-0.03197851338114139,0.8960582741676139,52.68061365527072,100.0,4.415011037527594,,,,
USDKRW CALL-upout  25Δ  3M  H@5Δ  [50DMA > 200DMA (golden cross)],single,1346,10000000.0,48513682.0334084,2692000.0,49574120.74607035,1060438.7126619471,-8934934.8245428,17.904903417533433,102.18585493455576,0.034431220058666834,-1.1506007267986824,-4.360846363342555,2.061243567339913,-1.7914499090183205,-3.2118442941385954,10,40.0,-5421156.889816424,0.013010063514784296,1.0334891383821123,48.92277518550216,100.0,4.75482912332838,,,,
USDKRW CALL-upout  ATM  1M  H@5Δ  [Realized vol (20d) < 252d p75],single,1648,10000000.0,115955922.93281566,3296000.0,110271319.7504281,-5684603.182387568,-18310972.26353515,33.07038834951456,95.09761723367833,-0.1755114934617826,-0.6029709147573913,-3.5164379646346875,1.6451475404084033,-2.728402813708415,-2.2481184551657947,10,40.0,-7460184.723919796,-0.034340127614662035,0.8783657117705213,110.10592243152101,100.0,4.854368932038835,,,,
USDKRW CALL-upout  ATM  6W  H@5Δ  [Realized vol (20d) < 252d p75],single,1648,10000000.0,135287361.17272726,3296000.0,136170802.2728912,883441.1001639366,-24852641.394231163,37.19660194174757,100.65301081527936,0.02132769864182893,-0.4595180733947803,-4.046737033547225,1.9122532545556246,-4.1614320856380616,-2.371771327950405,10,50.0,-9985575.104390105,0.003938005552482176,1.0166365159343786,133.35306751126794,100.0,4.12621359223301,,,,
USDKRW CALL-upout  ATM  2M  H@5Δ  [Realized vol (20d) < 252d p75],single,1646,10000000.0,162587609.46958742,3292000.0,178664857.13784337,16077247.668255944,-33442140.982533246,38.03159173754557,109.88835971000807,0.2750171938822132,-0.5254863230242177,-7.446842446965178,2.829780251634052,-5.385069273256114,-3.3552665746582697,10,50.0,-14204442.075912153,0.0533555954466036,1.2221621218553769,169.1459172555844,100.0,3.8882138517618468,,,,
USDKRW CALL-upout  ATM  10W  H@5Δ  [Realized vol (20d) < 252d p75],single,1645,10000000.0,174369455.3472325,3290000.0,198358928.0108246,23989472.663592115,-31412386.042902824,39.69604863221885,113.75784114013572,0.3757445586535589,-0.12480114295188352,-5.707895764253628,2.3834226830220446,-19.0977632628009,-2.508223825973928,10,70.0,-14591259.35797502,0.08532869022361315,1.3313499952101213,161.78061273392805,100.0,3.951367781155015,,,,
USDKRW CALL-upout  ATM  3M  H@5Δ  [Realized vol (20d) < 252d p75],single,1642,10000000.0,198950565.40316945,3284000.0,238898452.08156648,39947886.678397045,-29288076.29395047,41.59561510353228,120.07930291499471,0.5002555486823298,-0.5034767186574353,-11.297830051668686,3.7529911319361857,-7.454150297046237,-4.256467850593621,10,70.0,-16158504.427367844,0.1525376341572643,1.463468302397568,136.63384173064065,100.0,2.496954933008526,,,,
USDKRW CALL-upout  45Δ  1M  H@5Δ  [Realized vol (20d) < 252d p75],single,1648,10000000.0,96067945.20630951,3296000.0,88648748.95569435,-7419196.250615165,-16799156.419607617,30.218446601941746,92.277136525943,-0.25765240968568487,-0.7163110093443623,-3.883615551264349,1.642468333043921,-2.29295419394331,-2.3587793423882832,10,40.0,-6048285.066003998,-0.048852021645673746,0.8266539968367875,108.30111137865775,100.0,4.854368932038835,,,,
USDKRW CALL-upout  45Δ  6W  H@5Δ  [Realized vol (20d) < 252d p75],single,1648,10000000.0,112161673.00574361,3296000.0,108917171.36097056,-3244501.64477304,-22752781.69038901,32.94902912621359,97.10729917107521,-0.08931970137054349,-0.6404386787982531,-4.499329655736398,1.9452781318019612,-3.0374151284119275,-2.585716810600214,10,50.0,-8966505.925108558,-0.015797369495326303,0.9336780591723095,134.20834580171714,100.0,4.12621359223301,,,,
USDKRW CALL-upout  45Δ  2M  H@5Δ  [Realized vol (20d) < 252d p75],single,1646,10000000.0,135026398.9563753,3292000.0,146944461.27004442,11918062.313669126,-29770077.600363687,34.38639125151883,108.82646830974112,0.22968356434109125,-0.6899912785209054,-8.323036875103504,2.999228212980512,-4.346762497360524,-3.6892194915014174,10,50.0,-13021347.670990597,0.044431198421198026,1.1822887339814638,155.85404161688456,100.0,3.8882138517618468,,,,
USDKRW CALL-upout  45Δ  10W  H@5Δ  [Realized vol (20d) < 252d p75],single,1645,10000000.0,144952917.79077825,3290000.0,162100317.90030468,17147400.109526426,-29134068.73333578,35.62310030395137,111.82963431910811,0.3012917240608981,-0.27446752477711045,-6.321316825047213,2.485958848298929,-9.05738793803648,-2.760426373076039,10,70.0,-13309772.541448528,0.06576161119963131,1.258502491149337,155.99502689809947,100.0,3.951367781155015,,,,
USDKRW CALL-upout  45Δ  3M  H@5Δ  [Realized vol (20d) < 252d p75],single,1642,10000000.0,165792327.83755705,3284000.0,196985778.66785204,31193450.83029501,-28063852.02078114,37.393422655298416,118.81477341994879,0.4352176935368136,-0.8993597199987603,-14.292899074197045,4.584635860472551,-5.097666438162108,-5.483995580471311,10,70.0,-14847000.185629508,0.12430545413090495,1.399302752165713,132.67685581166205,100.0,2.496954933008526,,,,
USDKRW CALL-upout  40Δ  1M  H@5Δ  [Realized vol (20d) < 252d p75],single,1648,10000000.0,77800840.435466,3296000.0,69505260.05033709,-8295580.385128906,-14880594.54274983,25.849514563106794,89.33741545888581,-0.33107450604173,-0.8265018828885544,-4.2677843648992155,1.660686513519705,-2.00929549938319,-2.4871883964082597,10,40.0,-5580135.036202219,-0.06166512955469792,0.7811366138871441,102.14590631222431,100.0,4.854368932038835,,,,
USDKRW CALL-upout  40Δ  6W  H@5Δ  [Realized vol (20d) < 252d p75],single,1648,10000000.0,90734220.4951488,3296000.0,84016412.51603335,-6717807.9791154545,-20163621.60144557,28.762135922330096,92.5961694028389,-0.2163942959590858,-0.8364000192812695,-4.940487737830558,1.9902308796140056,-2.379520365535428,-2.8266308988952753,10,50.0,-8019568.479000275,-0.0369088339296297,0.8471266526245445,132.0477179492741,100.0,4.12621359223301,,,,
USDKRW CALL-upout  40Δ  2M  H@5Δ  [Realized vol (20d) < 252d p75],single,1646,10000000.0,109111476.13263968,3292000.0,116898470.82325856,7786994.690618895,-25502733.3211614,30.498177399756987,107.13673296945663,0.174197859003285,-0.9275589096765493,-9.819082293821163,3.3353011123807947,-3.5957835966923692,-4.262860022057344,10,50.0,-11359551.38893447,0.03388796511346631,1.135288923349253,137.17300401407005,100.0,3.8882138517618468,,,,
USDKRW CALL-upout  40Δ  10W  H@5Δ  [Realized vol (20d) < 252d p75],single,1645,10000000.0,117090726.3788082,3290000.0,127931874.37753692,10841147.998728752,-25838795.999545936,31.550151975683892,109.258758856492,0.22025325959921926,-0.43678508008792977,-6.869749757628324,2.5515281625900297,-5.84161016231685,-2.9883132426779593,10,70.0,-11416435.41849535,0.04687899624346024,1.1837133624425022,142.36352109732104,100.0,3.951367781155015,,,,
USDKRW CALL-upout  40Δ  3M  H@5Δ  [Realized vol (20d) < 252d p75],single,1642,10000000.0,133843471.20250554,3284000.0,156533223.38299656,22689752.180491015,-25452787.706679985,33.92204628501827,116.95245347168361,0.3630579049729122,-1.2114079793841193,-16.310775875009764,5.130481741882689,-4.235139465146193,-6.341889721266808,10,70.0,-13141571.292989276,0.09969386687100247,1.3318441523956428,121.86123063212793,100.0,2.496954933008526,,,,
USDKRW CALL-upout  35Δ  1M  H@5Δ  [Realized vol (20d) < 252d p75],single,1648,10000000.0,61426451.72784306,3296000.0,53109361.16914357,-8317090.558699483,-12893224.60745428,21.966019417475728,86.46008303466836,-0.39025859606986785,-0.9273118716649746,-4.69895910170074,1.7101779628205043,-1.8442317143529126,-2.637489834485479,10,40.0,-5090687.852379792,-0.0713547744209606,0.7460794616376832,93.11142847569495,100.0,4.854368932038835,,,,
USDKRW CALL-upout  35Δ  6W  H@5Δ  [Realized vol (20d) < 252d p75],single,1648,10000000.0,71524678.07240859,3296000.0,62439455.66926424,-9085222.403144347,-17938669.610803798,23.847087378640776,87.29777938469455,-0.3519016787172621,-1.04455871265845,-5.4247363436157015,2.0578565893608314,-1.9700726866022609,-3.1024153020192813,10,50.0,-6951402.505564181,-0.05610694334553336,0.7630658429135504,125.64587172391631,100.0,4.12621359223301,,,,
USDKRW CALL-upout  35Δ  2M  H@5Δ  [Realized vol (20d) < 252d p75],single,1646,10000000.0,85875534.59099019,3292000.0,90158134.2604743,4282599.669484109,-20836140.765592407,26.06318347509113,104.98698458167553,0.11413024413950978,-1.1892816046641976,-11.466687283284205,3.7260085103038207,-3.132990954952075,-4.915290114968018,10,50.0,-9522716.25364444,0.022811431446386855,1.0867957652458407,114.8273354591052,100.0,3.8882138517618468,,,,
USDKRW CALL-upout  35Δ  10W  H@5Δ  [Realized vol (20d) < 252d p75],single,1645,10000000.0,92107437.06649166,3290000.0,98051217.21273786,5943780.1462461725,-22144338.29301121,28.328267477203646,106.45309470716835,0.14350694730420638,-0.6043186396979575,-7.431214539630324,2.6235168645365228,-4.341280728735711,-3.22783550423448,10,70.0,-9469637.514133837,0.029989921818306908,1.1169645336770984,122.43593004926396,100.0,3.951367781155015,,,,
USDKRW CALL-upout  35Δ  3M  H@5Δ  [Realized vol (20d) < 252d p75],single,1642,10000000.0,105192885.08522728,3284000.0,121036980.418939,15844095.33371171,-21622706.828550145,30.572472594397077,115.06194579688047,0.29899635036809286,-1.263901481112042,-15.722221299611531,4.912560070543075,-3.886821990445621,-6.176461551655118,10,70.0,-11074561.508016665,0.08194669281653304,1.2733029448832511,104.91238439436162,100.0,2.496954933008526,,,,
USDKRW CALL-upout  30Δ  1M  H@5Δ  [Realized vol (20d) < 252d p75],single,1648,10000000.0,46816426.856646165,3296000.0,39277409.20986323,-7539017.646782939,-10867396.9942949,18.50728155339806,83.89664023299402,-0.4300367248812924,-1.0030968367433553,-5.008940117049414,1.7559768182998907,-1.7505556332934202,-2.759073655043246,10,30.0,-4419631.87680812,-0.07673657001071443,0.7214203324687477,79.21369345834508,100.0,4.854368932038835,,,,
USDKRW CALL-upout  30Δ  6W  H@5Δ  [Realized vol (20d) < 252d p75],single,1648,10000000.0,54382709.745358355,3296000.0,44506640.07380841,-9876069.671549946,-15714926.159067113,18.87135922330097,81.83968816965233,-0.4730606803753914,-1.2629522793729755,-5.956661346775538,2.1636214322034335,-1.7131458310345802,-3.4265737115764088,10,40.0,-5734579.001025629,-0.0696214522023506,0.6954242070929539,112.51569642765513,100.0,4.12621359223301,,,,
USDKRW CALL-upout  30Δ  2M  H@5Δ  [Realized vol (20d) < 252d p75],single,1646,10000000.0,65136966.9815193,3292000.0,67144631.00388794,2007664.022368636,-16163608.221935613,21.87120291616039,103.08221907682355,0.06618997646300548,-1.3718256987760173,-12.39602267299734,3.934076842479406,-2.86776727246727,-5.305902541255423,10,50.0,-7431929.924188636,0.013785263230624128,1.049939842954272,89.81961642928324,100.0,3.8882138517618468,,,,
USDKRW CALL-upout  30Δ  10W  H@5Δ  [Realized vol (20d) < 252d p75],single,1645,10000000.0,69807819.80850022,3290000.0,72308538.01453401,2500718.2060338,-17953139.798338454,23.829787234042556,103.58228950981979,0.07444020607115305,-0.7870637155974769,-8.12506737534778,2.731066672900817,-3.4699435621010757,-3.518130388498294,10,50.0,-7529599.4926921865,0.015563226831298495,1.0603873213464883,100.25814639929587,100.0,3.951367781155015,,,,
USDKRW CALL-upout  30Δ  3M  H@5Δ  [Realized vol (20d) < 252d p75],single,1642,10000000.0,79616602.7721879,3284000.0,89769314.9832462,10152712.211058311,-16747686.452906938,26.187576126674788,112.7520038001482,0.23563782400424496,-1.2864464496366026,-14.744706610043533,4.5788248007178325,-3.5592813070542237,-5.865271250354435,10,60.0,-8568048.940623777,0.06779556719950366,1.2180829905168327,82.48115346966974,100.0,2.496954933008526,,,,
USDKRW CALL-upout  25Δ  1M  H@5Δ  [Realized vol (20d) < 252d p75],single,1648,10000000.0,33911565.921596274,3296000.0,27686288.610392675,-6225277.311203595,-8592859.835554397,15.655339805825244,81.64261324411714,-0.45457048790006666,-1.0775669500062457,-5.376503642090807,1.821689242735624,-1.6905578281934734,-2.89925619274187,10,40.0,-3507910.113532547,-0.0801371937497294,0.7025664771555744,62.00583000336891,100.0,4.854368932038835,,,,
USDKRW CALL-upout  25Δ  6W  H@5Δ  [Realized vol (20d) < 252d p75],single,1648,10000000.0,39239107.976882614,3296000.0,30194202.929357033,-9044905.047525577,-12752457.110560467,14.805825242718445,76.94925926233005,-0.563176363855185,-1.528682543465701,-7.205518098541014,2.4277019710167713,-1.5881008005186537,-3.9563845144824725,10,30.0,-4422279.014165676,-0.07857446233453422,0.6489210528675984,91.36549925652818,100.0,4.12621359223301,,,,
USDKRW CALL-upout  25Δ  2M  H@5Δ  [Realized vol (20d) < 252d p75],single,1646,10000000.0,46812346.99538498,3292000.0,47630799.897254884,818452.9018699024,-11814029.132723054,17.253948967193196,101.74836972380513,0.0350583151990102,-1.4929310819473185,-13.012547496217415,4.072232602100848,-2.7276762144902187,-5.565163684048167,10,50.0,-5454213.999046798,0.007688789969822357,1.02690711283533,65.72344417044822,100.0,3.8882138517618468,,,,
USDKRW CALL-upout  25Δ  10W  H@5Δ  [Realized vol (20d) < 252d p75],single,1645,10000000.0,50102250.40114414,3290000.0,49613006.65978001,-489243.74136412144,-13725650.718411982,19.027355623100302,99.02350944828427,-0.018989965261123246,-1.0003523624170876,-8.603717933020107,2.77634394513034,-2.7753660104545936,-3.776696307547428,10,40.0,-5561313.2074580025,-0.003982608713949882,0.9848773408627121,78.95825059943729,100.0,3.951367781155015,,,,
USDKRW CALL-upout  25Δ  3M  H@5Δ  [Realized vol (20d) < 252d p75],single,1642,10000000.0,57011906.30066955,3284000.0,61722287.95432437,4710381.653654814,-12097219.512928331,20.767356881851402,108.26210165436878,0.1409468567547882,-1.4824659570499827,-14.751836046771443,4.5213993700508865,-3.04991784030454,-6.003865327100869,10,50.0,-6123826.126404862,0.043545630157618656,1.1321466954640123,61.194308609349584,100.0,2.496954933008526,,,,
USDKRW CALL-upout  ATM  1M  H@5Δ  [Realized vol (20d) < 252d median],single,1129,10000000.0,77546219.09583478,2258000.0,68006838.58041078,-9539380.515423974,-14973865.044207338,32.59521700620018,87.69845825283265,-0.4075525823841006,-0.5194473417453924,-3.4362740569307486,1.5289612565295938,-2.9434384078126934,-2.0484085982749862,10,50.0,-6927009.885985259,-0.0721070149530246,0.7187062466948748,103.09132744689376,100.0,4.517271922054915,,,,
USDKRW CALL-upout  ATM  6W  H@5Δ  [Realized vol (20d) < 252d median],single,1129,10000000.0,90674744.9718082,2258000.0,81141916.03290477,-9532828.938903427,-21272102.091470152,35.51815766164748,89.48678715129851,-0.33112664794898516,-1.4998766353274466,-9.796552954146966,3.349523690577027,-2.2331994589980217,-4.849400325904474,10,40.0,-9407117.227852715,-0.050738456651855154,0.7619434739987471,133.30793747582297,100.0,3.8972542072630643,,,,
USDKRW CALL-upout  ATM  2M  H@5Δ  [Realized vol (20d) < 252d median],single,1129,10000000.0,109400167.6779131,2258000.0,110022736.26890828,622568.5909951925,-31063088.425288588,35.783879539415416,100.56907462228767,0.014181860567460331,-2.383257617847126,-16.839493218481692,5.541607365012848,-2.325223812782255,-7.924864982859974,10,50.0,-12446281.0153465,0.0022684741395131566,1.0113927784757824,165.31137864639857,100.0,3.8972542072630643,,,,
USDKRW CALL-upout  ATM  10W  H@5Δ  [Realized vol (20d) < 252d median],single,1129,10000000.0,117519665.23146993,2258000.0,124999201.57454824,7479536.34307833,-28440974.4941547,37.9096545615589,106.36449765947378,0.151738226777991,-0.9364749049000333,-8.218831005973136,3.017736035074598,-3.22244196751512,-3.9542109399746312,10,60.0,-12699231.13258819,0.02977529448424799,1.139322139993613,151.93388443191782,100.0,4.0744021257750225,,,,
USDKRW CALL-upout  ATM  3M  H@5Δ  [Realized vol (20d) < 252d median],single,1129,10000000.0,134554656.8292445,2258000.0,157630883.7994138,23076226.970169302,-26381364.10509271,40.56687333923826,117.15007678957853,0.35090917025439883,-0.5294241767928402,-9.13950023850117,3.1402188387578867,-5.931385411563158,-3.6696430155507267,10,70.0,-15808281.935721885,0.09906678282710348,1.3608537491906902,127.84558917921436,100.0,2.9229406554472983,,,,
USDKRW CALL-upout  45Δ  1M  H@5Δ  [Realized vol (20d) < 252d median],single,1129,10000000.0,64246733.90589129,2258000.0,53907216.04397167,-10339517.861919608,-14149126.825814681,29.317980513728966,83.90654709846427,-0.5092265068595961,-0.6563036448413169,-3.733372402249221,1.504905561144983,-2.2930019861596898,-2.1612092059863,10,40.0,-5998046.736839496,-0.08271074022862043,0.6638754187854854,99.36510530734071,100.0,4.517271922054915,,,,
USDKRW CALL-upout  45Δ  6W  H@5Δ  [Realized vol (20d) < 252d median],single,1129,10000000.0,75170295.50279431,2258000.0,63849288.06443965,-11321007.438354656,-19129780.711685576,31.620903454384415,84.93951984273653,-0.46244791589265866,-1.6992294316543521,-9.796358239905171,3.3235110238765015,-1.9558930430252528,-5.022740455530854,10,40.0,-8555754.967164261,-0.06700403327652987,0.6867103876185782,130.9080801331772,100.0,3.8972542072630643,,,,
USDKRW CALL-upout  45Δ  2M  H@5Δ  [Realized vol (20d) < 252d median],single,1129,10000000.0,90838913.91808638,2258000.0,89769685.32149659,-1069228.5965898037,-27642110.06585141,31.886625332152345,98.8229399158669,-0.027634707593897172,-3.343717654775179,-24.986465425735023,7.780837408863218,-2.3270019218732085,-11.124555063638397,10,50.0,-11448810.222181976,-0.004378149958521289,0.9782679115744911,152.62501716164317,100.0,3.8972542072630643,,,,
USDKRW CALL-upout  45Δ  10W  H@5Δ  [Realized vol (20d) < 252d median],single,1129,10000000.0,97671601.76422104,2258000.0,101493528.0542311,3821926.290010065,-25878748.278827537,33.392382639503985,103.91303738341078,0.08709675309056425,-1.3238340612448785,-10.596825682381683,3.586872195410642,-2.7094575524350057,-4.91070625665552,10,60.0,-11598939.45210459,0.016721102236787824,1.0778802050981864,143.72439259077467,100.0,4.0744021257750225,,,,
USDKRW CALL-upout  45Δ  3M  H@5Δ  [Realized vol (20d) < 252d median],single,1129,10000000.0,112090841.66355532,2258000.0,130394200.23764141,18303358.574086085,-24440342.70494325,36.13817537643932,116.3290401806637,0.3101618947447152,-0.7721032170407897,-10.234118321856956,3.402461948646812,-4.406744944914616,-4.174565165687602,10,70.0,-14227751.83928898,0.08481721383437925,1.3158504452186495,119.1035582517041,100.0,2.9229406554472983,,,,
USDKRW CALL-upout  40Δ  1M  H@5Δ  [Realized vol (20d) < 252d median],single,1129,10000000.0,52040158.13101231,2258000.0,41444149.391123146,-10596008.73988917,-12933778.312088778,24.80070859167405,79.63878450712339,-0.6191687102398354,-0.7958258509901879,-4.0507578542766405,1.4920263651584111,-1.8748151537198645,-2.287852216148599,10,20.0,-5408557.412147682,-0.09272741528411126,0.6084265866764591,92.79738212107047,100.0,4.517271922054915,,,,
USDKRW CALL-upout  40Δ  6W  H@5Δ  [Realized vol (20d) < 252d median],single,1129,10000000.0,60818424.41173342,2258000.0,48235065.330930896,-12583359.080802519,-16661448.255867166,27.280779450841454,79.30995549043708,-0.623296197886658,-1.9245982623667246,-9.796411005300483,3.290039423613087,-1.7094681461300119,-5.214637685979811,10,40.0,-7511159.231192615,-0.08550858164513786,0.6030501443825208,125.23391367564358,100.0,3.8972542072630643,,,,
USDKRW CALL-upout  40Δ  2M  H@5Δ  [Realized vol (20d) < 252d median],single,1129,10000000.0,73412151.89246196,2258000.0,70854451.58448398,-2557700.307977956,-23772220.0071361,28.520814880425156,96.51597148149993,-0.0774232300291683,-4.975587539624337,-39.60039997764023,11.965048019157583,-2.4047507804597803,-16.94063555878192,10,50.0,-10048006.101328818,-0.01217786552632542,0.9405217568334231,135.48982446877582,100.0,3.8972542072630643,,,,
USDKRW CALL-upout  40Δ  10W  H@5Δ  [Realized vol (20d) < 252d median],single,1129,10000000.0,78904636.23592511,2258000.0,79379156.59586483,474520.3599397354,-22685880.20825513,29.317980513728966,100.60138463666561,0.012497342002678052,-1.818799918369363,-12.771531796243885,4.174979166640194,-2.2954581889267143,-5.993779085009557,10,60.0,-10006499.39710063,0.002368236543173467,1.0108756816374156,131.87312146427064,100.0,4.0744021257750225,,,,
USDKRW CALL-upout  40Δ  3M  H@5Δ  [Realized vol (20d) < 252d median],single,1129,10000000.0,90496842.59471023,2258000.0,104086851.20955166,13590008.61484142,-21541381.49142662,33.21523472099203,115.01710802851346,0.2647174949249747,-0.974812883797808,-10.671448625295875,3.481620237427595,-3.571577987216816,-4.456433121225403,10,60.0,-12228569.717045853,0.07145073253177187,1.2698596912668632,105.66567514316623,100.0,2.9229406554472983,,,,
USDKRW CALL-upout  35Δ  1M  H@5Δ  [Realized vol (20d) < 252d median],single,1129,10000000.0,41098574.44371782,2258000.0,30789285.167787764,-10309289.275930054,-12036912.998953981,20.814880425155007,74.91570105418609,-0.7319164960422242,-0.931939978942174,-4.392031485821342,1.4937050916677757,-1.6027910867857067,-2.4256450706099497,10,10.0,-4806129.123146111,-0.09694041255979036,0.558086331025854,84.29292107788896,100.0,4.517271922054915,,,,
USDKRW CALL-upout  35Δ  6W  H@5Δ  [Realized vol (20d) < 252d median],single,1129,10000000.0,47952346.66901025,2258000.0,34705149.35483793,-13247197.31417232,-16690534.66292701,22.143489813994684,72.37424602885291,-0.820389102834163,-2.2121100403556873,-9.796468009075864,3.264296814610598,-1.475648478176849,-5.476406854966285,10,20.0,-6352586.085448013,-0.08986273194707052,0.5126101428919203,116.60285652730667,100.0,3.8972542072630643,,,,
USDKRW CALL-upout  35Δ  2M  H@5Δ  [Realized vol (20d) < 252d median],single,1129,10000000.0,57787167.5836806,2258000.0,54097967.99236731,-3689199.5913132895,-19562242.616889413,23.82639503985828,93.61588438130141,-0.1343564331607742,-5.841613589453213,-46.77413279712501,14.045388757009746,-2.40436799557713,-19.88700234646296,10,50.0,-8491721.966228535,-0.02134542322648554,0.8985569801484864,115.19746251170604,100.0,3.8972542072630643,,,,
USDKRW CALL-upout  35Δ  10W  H@5Δ  [Realized vol (20d) < 252d median],single,1129,10000000.0,62077059.12507198,2258000.0,60405208.266017675,-1671850.8590542935,-19315844.023809124,26.395039858281667,97.30681368831299,-0.052210488434685995,-2.836201514968805,-14.924809789142556,5.4590047434030655,-1.92475912398739,-8.29520625837187,10,60.0,-8361713.1360527305,-0.009799630584203228,0.955255020978199,115.79905047390314,100.0,4.0744021257750225,,,,
USDKRW CALL-upout  35Δ  3M  H@5Δ  [Realized vol (20d) < 252d median],single,1129,10000000.0,71132341.38204417,2258000.0,80972054.46510077,9839713.083056597,-17904539.78590031,30.646589902568643,113.83296668137008,0.2269014737172707,-1.1407413984287644,-10.674171376494034,3.4598922908195577,-3.0330207140594245,-4.600633689248323,10,60.0,-9975941.361810654,0.0622414609711414,1.2331292974946355,88.26427553245684,100.0,2.9229406554472983,,,,
USDKRW CALL-upout  30Δ  1M  H@5Δ  [Realized vol (20d) < 252d median],single,1129,10000000.0,31336179.152292494,2258000.0,21973799.493620828,-9362379.658671668,-10821106.2563057,16.91762621789194,70.12277848817847,-0.8361732350579931,-1.0555377860283108,-4.654613709124646,1.4834168786340285,-1.4053659644110945,-2.5389546646623393,10,10.0,-4064274.5695058065,-0.09792776575722309,0.5123248314318716,71.83765495487744,100.0,4.517271922054915,,,,
USDKRW CALL-upout  30Δ  6W  H@5Δ  [Realized vol (20d) < 252d median],single,1129,10000000.0,36471332.85847688,2258000.0,23582037.259066246,-12889295.599410633,-15718639.741495598,16.82905225863596,64.65910459201979,-1.0200605146886588,-2.554617047111474,-9.796533097060953,3.3035395617272094,-1.2931642985247231,-5.858156608838684,10,20.0,-5139467.560007006,-0.09284105885576936,0.4340329893424454,103.68212843955806,100.0,3.8972542072630643,,,,
USDKRW CALL-upout  30Δ  2M  H@5Δ  [Realized vol (20d) < 252d median],single,1129,10000000.0,43841813.91182862,2258000.0,39893776.07426576,-3948037.8375628535,-15071879.48468752,19.574844995571304,90.99481183533408,-0.17985513253005722,-5.924001953038252,-46.61687183284276,13.981492286457383,-2.36014309199994,-19.905494239495635,10,50.0,-6651495.780094757,-0.029648665655391912,0.865771646557223,91.68174786266007,100.0,3.8972542072630643,,,,
USDKRW CALL-upout  30Δ  10W  H@5Δ  [Realized vol (20d) < 252d median],single,1129,10000000.0,47057355.82973167,2258000.0,44394427.89105088,-2662927.9386807904,-15908823.757060772,22.143489813994684,94.34110163708284,-0.10241956555904835,-3.573977130336371,-19.489034984013763,6.761979578032786,-1.8920041543176775,-10.335956708369157,10,60.0,-6691440.16164926,-0.01895165776339497,0.9114101393224358,96.45836121491936,100.0,4.0744021257750225,,,,
USDKRW CALL-upout  30Δ  3M  H@5Δ  [Realized vol (20d) < 252d median],single,1129,10000000.0,53845975.43024171,2258000.0,60357256.12253132,6511280.692289606,-13755802.3801719,26.12931798051373,112.09241849602121,0.18523051040139393,-1.3263690140180389,-10.607181637866402,3.4355744380628375,-2.590210116304868,-4.761943452080876,10,60.0,-7613921.726251051,0.053609406002216566,1.1965304130377798,68.51811824370778,100.0,2.9229406554472983,,,,
USDKRW CALL-upout  25Δ  1M  H@5Δ  [Realized vol (20d) < 252d median],single,1129,10000000.0,22713381.401928443,2258000.0,14830196.154304022,-7883185.247624421,-9032898.679603629,13.994685562444642,65.29277121655204,-0.9320939884515423,-1.1984056961053846,-4.9662401179010915,1.5008460106084829,-1.252368889338542,-2.6992517067138673,10,10.0,-3161963.3709841673,-0.09877927915306377,0.46862562462519936,56.7074790360429,100.0,4.517271922054915,,,,
USDKRW CALL-upout  25Δ  6W  H@5Δ  [Realized vol (20d) < 252d median],single,1129,10000000.0,26328994.84057834,2258000.0,15080571.742229762,-11248423.09834858,-13409194.853370458,12.66607617360496,57.27743058002173,-1.1901498982332226,-3.087729198166061,-10.968763254886396,3.8116431465192266,-1.2344486520330638,-6.899372344685288,10,10.0,-3959240.411755291,-0.09497620304796783,0.3802580115447836,85.04172833006596,100.0,3.8972542072630643,,,,
USDKRW CALL-upout  25Δ  2M  H@5Δ  [Realized vol (20d) < 252d median],single,1129,10000000.0,31519964.29262109,2258000.0,28152534.55778484,-3367429.734836247,-10843549.480338091,15.323294951284321,89.31651792630815,-0.20130275051440458,-5.954658828300161,-46.359128174387024,13.890098166904053,-2.33264382854142,-19.844756995204214,10,40.0,-4895315.1109318845,-0.03514943400040402,0.8477302068312988,67.61290090433374,100.0,3.8972542072630643,,,,
USDKRW CALL-upout  25Δ  10W  H@5Δ  [Realized vol (20d) < 252d median],single,1129,10000000.0,33785138.832778834,2258000.0,30395476.917883232,-3389661.9148956034,-12281693.602426942,17.71479185119575,89.96700314989707,-0.17047135192191987,-3.9881802348999136,-24.551326104848812,7.7342000428060045,-1.9392804706079438,-11.722380277705918,10,40.0,-4961705.782525778,-0.03124812669141523,0.8528556863317323,76.40176950530122,100.0,4.0744021257750225,,,,
USDKRW CALL-upout  25Δ  3M  H@5Δ  [Realized vol (20d) < 252d median],single,1129,10000000.0,38568319.45575085,2258000.0,41592869.57632811,3024550.120577259,-9932708.060376465,20.726306465899025,107.84205836100091,0.11046095979041964,-1.6435383985370144,-10.597745405886661,3.4677989411857366,-2.1099591857863356,-5.111337339722751,10,50.0,-5442409.110369391,0.03448685732701537,1.1222533415141278,53.17644596980799,100.0,2.9229406554472983,,,,
USDKRW CALL-upout  ATM  1M  H@5Δ  [Spot > 50DMA  ∧  RV < p75],single,982,10000000.0,69290024.03457391,1964000.0,63697620.38432959,-5592403.650244327,-10589444.123600101,32.9938900203666,91.92899161435729,-0.2291267253825497,-1.6707658891375718,-8.03581167303018,3.128390829780096,-1.8724291955678674,-4.7991567189176685,10,40.0,-4580143.513186808,-0.06014736583650795,0.8232700758717485,73.28266922174222,100.0,4.684317718940937,,,,
USDKRW CALL-upout  ATM  6W  H@5Δ  [Spot > 50DMA  ∧  RV < p75],single,982,10000000.0,80789639.54871997,1964000.0,81137386.3312484,347746.782528433,-10193438.096750401,38.59470468431772,100.43043487317296,0.011493305918385878,-0.9188143015162332,-4.3906878357074515,1.9765570491457152,-2.151204052749275,-2.8953713506619483,10,40.0,-5137989.764446616,0.003884170590194255,1.0109253004700502,55.36220516667402,100.0,4.378818737270876,,,,
USDKRW CALL-upout  ATM  2M  H@5Δ  [Spot > 50DMA  ∧  RV < p75],single,982,10000000.0,97069798.34631857,1964000.0,109910952.39641066,12841154.050092079,-10079792.205971692,39.71486761710794,113.22878410056892,0.31899052435729697,-0.6254321242372678,-7.0270990603874806,2.5115574894005137,-4.015715522229417,-3.1369896136377813,10,40.0,-5878712.059264442,0.1451373480498385,1.3099974120527906,48.010750952105525,100.0,4.786150712830957,,,,
USDKRW CALL-upout  ATM  10W  H@5Δ  [Spot > 50DMA  ∧  RV < p75],single,982,10000000.0,104117765.41006468,1964000.0,120727607.9441761,16609842.534111414,-9530899.79801241,40.42769857433808,115.95293797239505,0.36400804189822367,-0.4615466657923806,-7.428347599619321,2.509106835906253,-5.436301509401294,-2.9706535016986337,10,50.0,-6762475.596428616,0.19842092804625308,1.385257847900007,42.97444821273074,100.0,4.684317718940937,,,,
USDKRW CALL-upout  ATM  3M  H@5Δ  [Spot > 50DMA  ∧  RV < p75],single,982,10000000.0,118887692.25618717,1964000.0,145963419.42469037,27075727.168503202,-15361899.072393563,42.4643584521385,122.77420534848858,0.45423744592421,-1.0914141654928338,-13.839425287251736,4.371794856372455,-4.005624074338772,-5.463209021865289,10,70.0,-8936778.947074391,0.20073656416764266,1.5136220994479663,58.88910899277629,100.0,1.9348268839103868,,,,
USDKRW CALL-upout  45Δ  1M  H@5Δ  [Spot > 50DMA  ∧  RV < p75],single,982,10000000.0,57434615.67692276,1964000.0,51004238.6882333,-6430376.988689463,-10732014.354942966,29.938900203665987,88.80400449641523,-0.2982905095108673,-1.6535094890882767,-7.255190632749077,2.9165017014186962,-1.7638251976569042,-4.570011190506973,10,40.0,-3857890.157700759,-0.06824116846835865,0.7766687716185889,68.938701864793,100.0,4.684317718940937,,,,
USDKRW CALL-upout  45Δ  6W  H@5Δ  [Spot > 50DMA  ∧  RV < p75],single,982,10000000.0,67026488.339039914,1964000.0,64285753.591433056,-2740734.7476068675,-9171339.981563296,33.706720977596746,95.91096771511671,-0.10296326125049557,-1.052270668104263,-4.633687046411319,1.9290203396697485,-1.8331978626231304,-2.9812910077740113,10,40.0,-4409700.269082532,-0.03402436885365984,0.9082319876518183,59.158491293558136,100.0,4.378818737270876,,,,
USDKRW CALL-upout  45Δ  2M  H@5Δ  [Spot > 50DMA  ∧  RV < p75],single,982,10000000.0,80699732.9037177,1964000.0,90352992.9828317,9653260.079114016,-9023444.909920817,36.76171079429735,111.96194799136603,0.2711985681944174,-0.7918949041465844,-7.817042457240285,2.6995645143251195,-3.4089934159058743,-3.491459418471704,10,40.0,-5111095.680409934,0.12187884853621861,1.2570188128284168,43.51401251389912,100.0,4.786150712830957,,,,
USDKRW CALL-upout  45Δ  10W  H@5Δ  [Spot > 50DMA  ∧  RV < p75],single,982,10000000.0,86658620.26981862,1964000.0,98958203.04389426,12299582.77407562,-8605323.532229226,36.65987780040733,114.19314401242468,0.30247959235625443,-0.5983529957583519,-7.918520648551587,2.6222711045289304,-4.3824817843611985,-3.2206241002872824,10,50.0,-5736022.824272806,0.16273427803692636,1.312920044241666,40.12589084171067,100.0,4.684317718940937,,,,
USDKRW CALL-upout  45Δ  3M  H@5Δ  [Spot > 50DMA  ∧  RV < p75],single,982,10000000.0,99235216.75786862,1964000.0,120551298.45564991,21316081.697781287,-13796033.517036648,38.187372708757636,121.48035989057391,0.3969502526073464,-1.3359369358158077,-15.132894439857349,4.716705364669807,-3.530634746459411,-6.052642300485616,10,50.0,-8197209.043416834,0.17597233628724396,1.43857742278725,55.04163526187765,100.0,1.9348268839103868,,,,
USDKRW CALL-upout  40Δ  1M  H@5Δ  [Spot > 50DMA  ∧  RV < p75],single,982,10000000.0,46511785.02667751,1964000.0,39730922.59198223,-6780862.4346952755,-10435921.569620322,25.45824847250509,85.4211950136809,-0.3654971595527176,-1.7090875937028553,-7.234544356021628,2.8362628761845143,-1.6595187318863842,-4.54535046988737,10,40.0,-3318255.558910174,-0.07400232966452097,0.7326016739011383,62.79502447714439,100.0,4.684317718940937,,,,
USDKRW CALL-upout  40Δ  6W  H@5Δ  [Spot > 50DMA  ∧  RV < p75],single,982,10000000.0,54219695.70329397,1964000.0,48950087.71167821,-5269607.991615765,-10394656.231968636,29.124236252545828,90.28100780857827,-0.23113097424544155,-1.2101869675594012,-4.818806675494966,1.8858126526339636,-1.5582820697838986,-3.095999620193365,10,40.0,-3659737.2775485916,-0.057719697049834325,0.8073943304538606,62.875640845369595,100.0,4.378818737270876,,,,
USDKRW CALL-upout  40Δ  2M  H@5Δ  [Spot > 50DMA  ∧  RV < p75],single,982,10000000.0,65208946.192172885,1964000.0,71751555.00601064,6542608.813837755,-7699749.980484742,32.68839103869654,110.03329941041598,0.21391982749975666,-1.020406964116384,-9.008359535658785,3.0105111220914833,-2.950304366746869,-4.030918086207867,10,40.0,-4271787.966001737,0.0968057240522562,1.197410114892737,38.32987390683275,100.0,4.786150712830957,,,,
USDKRW CALL-upout  40Δ  10W  H@5Δ  [Spot > 50DMA  ∧  RV < p75],single,982,10000000.0,69998592.03274755,1964000.0,78355941.85840636,8357349.825658821,-7279431.845445906,33.09572301425662,111.93931132464631,0.23777684938582214,-0.7235041975185472,-8.11627212674751,2.6542357510497077,-3.6685837624068043,-3.377739948568255,10,50.0,-4666832.195661926,0.13071546199005532,1.2390335959156535,35.62314595382409,100.0,4.684317718940937,,,,
USDKRW CALL-upout  40Δ  3M  H@5Δ  [Spot > 50DMA  ∧  RV < p75],single,982,10000000.0,80108121.6635784,1964000.0,96223386.50191066,16115264.838332241,-11711312.804548552,35.53971486761711,120.11689264917456,0.3431463255798567,-1.4815625501028555,-15.416300368458963,4.76647850737883,-3.217196943219119,-6.248041057481686,10,50.0,-7041832.5909846,0.15671953370662553,1.3755037625153057,48.97207964010088,100.0,1.9348268839103868,,,,
USDKRW CALL-upout  35Δ  1M  H@5Δ  [Spot > 50DMA  ∧  RV < p75],single,982,10000000.0,36720936.16740814,1964000.0,30077711.069989927,-6643225.097418213,-9801382.718313506,21.9959266802444,81.90888961236656,-0.42809473970667555,-1.800319448332339,-7.235569887889995,2.8087612868157246,-1.560146055977743,-4.609080735148064,10,30.0,-2778690.093038259,-0.07719388264210097,0.6917119288877186,55.769933079113095,100.0,4.684317718940937,,,,
USDKRW CALL-upout  35Δ  6W  H@5Δ  [Spot > 50DMA  ∧  RV < p75],single,982,10000000.0,42738913.3762321,1964000.0,35799705.149844274,-6939208.226387839,-11433327.74230831,23.930753564154784,83.76372331860253,-0.3661384164109901,-1.4065202568978599,-4.815268344275413,1.8693876937613152,-1.3290869325155181,-3.275907950659175,10,30.0,-3630568.95045817,-0.06910240008877347,0.713408330886894,64.63879632122944,100.0,4.378818737270876,,,,
USDKRW CALL-upout  35Δ  2M  H@5Δ  [Spot > 50DMA  ∧  RV < p75],single,982,10000000.0,51320333.671122275,1964000.0,55046248.94592431,3725915.274802044,-6139201.638808123,27.596741344195518,107.26011506214857,0.14562800630729758,-1.3678501681852335,-10.977870331841942,3.561028396035695,-2.6033760706117506,-4.928878564220929,10,40.0,-3906108.260319452,0.06914293073410467,1.1299016512351503,33.6308520471747,100.0,4.786150712830957,,,,
USDKRW CALL-upout  35Δ  10W  H@5Δ  [Spot > 50DMA  ∧  RV < p75],single,982,10000000.0,55061003.399912134,1964000.0,60454150.93597076,5393147.536058623,-6538140.565297931,29.938900203665987,109.7948587984999,0.1827872498972551,-0.8350508169899843,-8.111528006679709,2.6542873239250264,-3.1785937692901656,-3.489338140915011,10,50.0,-3814590.5901534525,0.09391693540960686,1.181662130207528,30.745918911060983,100.0,4.684317718940937,,,,
USDKRW CALL-upout  35Δ  3M  H@5Δ  [Spot > 50DMA  ∧  RV < p75],single,982,10000000.0,62957242.00361641,1964000.0,74951517.62274638,11994275.619129976,-9570674.97148033,32.17922606924644,119.05146292533114,0.30058604081193996,-1.585022901904146,-15.404121481365287,4.738944486526596,-2.9898271380391592,-6.3239673884307415,10,50.0,-5767593.384229214,0.14273245035231227,1.3304912779479359,42.4814811460445,100.0,1.9348268839103868,,,,
USDKRW CALL-upout  30Δ  1M  H@5Δ  [Spot > 50DMA  ∧  RV < p75],single,982,10000000.0,27985231.02761428,1964000.0,22023199.803227533,-5962031.224386754,-8648333.731906466,18.228105906313647,78.69579415476773,-0.47748741558536495,-1.902949619795296,-7.234273550581553,2.792316202512273,-1.467362127439111,-4.695265822307569,10,30.0,-2214165.4473014367,-0.07851507873647955,0.6559103669276652,46.515842749953066,100.0,4.684317718940937,,,,
USDKRW CALL-upout  30Δ  6W  H@5Δ  [Spot > 50DMA  ∧  RV < p75],single,982,10000000.0,32494136.946351234,1964000.0,25173635.277072076,-7320501.669279157,-11038760.19710701,18.635437881873727,77.47131526722646,-0.480249162261255,-1.6407969034886765,-4.809716636120775,1.9827800333411172,-1.2084250214790833,-3.6235769368297936,10,30.0,-3621784.9610399394,-0.07550512137605739,0.6419770829937165,60.54186496732744,100.0,4.378818737270876,,,,
USDKRW CALL-upout  30Δ  2M  H@5Δ  [Spot > 50DMA  ∧  RV < p75],single,982,10000000.0,38925053.05267936,1964000.0,40682265.718979865,1757212.6663005091,-5407944.819005173,23.217922606924642,104.51434880235712,0.08522828246481781,-1.5882035921659696,-11.105423639114392,3.681579167302894,-2.318077597521366,-5.269782759468864,10,40.0,-3596663.545864749,0.037018496852616455,1.074609642789129,28.634338207305415,100.0,4.786150712830957,,,,
USDKRW CALL-upout  30Δ  10W  H@5Δ  [Spot > 50DMA  ∧  RV < p75],single,982,10000000.0,41728757.46010085,1964000.0,44753401.384548694,3024643.924447841,-5520689.810218042,25.967413441955195,107.2483440882223,0.12626118352423224,-0.9578450479843124,-8.103754280224823,2.6616744105154093,-2.778815233337201,-3.6195194584997217,10,40.0,-3247395.085904604,0.06237876519851323,1.1258173604722919,26.041498400146175,100.0,4.684317718940937,,,,
USDKRW CALL-upout  30Δ  3M  H@5Δ  [Spot > 50DMA  ∧  RV < p75],single,982,10000000.0,47647931.16167521,1964000.0,55765933.77698101,8118002.615305801,-8155631.742985613,27.596741344195518,117.03747133901874,0.2490453730035503,-1.7201475510274449,-15.383072768622998,4.709276436388838,-2.7377165601729834,-6.429423987416283,10,40.0,-4630230.824744053,0.1133660054154706,1.2811436973660808,36.95675056206888,100.0,1.9348268839103868,,,,
USDKRW CALL-upout  25Δ  1M  H@5Δ  [Spot > 50DMA  ∧  RV < p75],single,982,10000000.0,20269203.901728824,1964000.0,15177782.544819538,-5091421.356909285,-7204091.387597638,15.173116089613034,74.88099985774468,-0.5365492380821432,-2.051077690298277,-7.231876187719508,2.7910728113182794,-1.3607835649133255,-4.8421505016165565,10,40.0,-1694490.811275622,-0.08049169839392523,0.6154456777749152,37.25794422440728,100.0,4.684317718940937,,,,
USDKRW CALL-upout  25Δ  6W  H@5Δ  [Spot > 50DMA  ∧  RV < p75],single,982,10000000.0,23443888.53895261,1964000.0,16811610.278800704,-6632278.2601519115,-9415747.346089464,14.562118126272914,71.70999064795836,-0.571201435860318,-1.7721785890664834,-4.800392063637179,1.9850630060959888,-1.1201258261119411,-3.7572415951624722,10,20.0,-3065251.591232723,-0.08019804977725838,0.5855334139735119,50.59552397912778,100.0,4.378818737270876,,,,
USDKRW CALL-upout  25Δ  2M  H@5Δ  [Spot > 50DMA  ∧  RV < p75],single,982,10000000.0,27973019.936028935,1964000.0,28583589.840936206,610569.904907276,-4484827.859718422,18.43177189409369,102.18271000522495,0.03873234681726387,-1.8096054112693776,-11.101249571360555,3.8228355433323804,-2.1125243765992,-5.632440954601758,10,50.0,-2984113.6418467523,0.01551016158682329,1.0340276575780332,22.856853245933365,100.0,4.786150712830957,,,,
USDKRW CALL-upout  25Δ  10W  H@5Δ  [Spot > 50DMA  ∧  RV < p75],single,982,10000000.0,29947991.208745066,1964000.0,30618194.450755548,670203.24201048,-4738208.72920315,20.977596741344197,102.23789047264972,0.03643543874017872,-1.1515738323424096,-8.090226422398713,2.6703185330443047,-2.3188426638808086,-3.8218923653867143,10,40.0,-2752824.6053799153,0.016104535417374784,1.0362104530293237,22.627412136003546,100.0,4.684317718940937,,,,
USDKRW CALL-upout  25Δ  3M  H@5Δ  [Spot > 50DMA  ∧  RV < p75],single,982,10000000.0,34118267.5117633,1964000.0,38365082.40722169,4246814.895458391,-7720728.560952072,22.19959266802444,112.44733453711908,0.16644298154917322,-2.005925720297363,-15.34509546662942,4.687455914865407,-2.336804332999194,-6.693381635162771,10,40.0,-3558711.718060706,0.06264642788776187,1.1914663077353933,32.92595782838509,100.0,1.9348268839103868,,,,
USDKRW CALL-upout  ATM  1M  H@5Δ  [Golden cross  ∧  RV < p75],single,961,10000000.0,65274679.80545149,1922000.0,59503622.046277046,-5771057.759174436,-9103655.317511713,31.73777315296566,91.15881107900518,-0.2542310014086196,-0.742892759838307,-2.6394373169532663,1.2799241941550707,-1.7228922710643328,-2.022816953993378,10,30.0,-4225661.83285269,-0.0701217539451922,0.7910281184891151,53.0735595392339,100.0,6.139438085327783,,,,
USDKRW CALL-upout  ATM  6W  H@5Δ  [Golden cross  ∧  RV < p75],single,961,10000000.0,76148510.6343678,1922000.0,71082137.96215406,-5066372.672213727,-10397808.372537876,35.17169614984391,93.34672125559979,-0.1884010284211891,-0.49753580509125167,-2.635849993061641,1.1862217122863863,-2.3841936603312894,-1.683757517377638,10,30.0,-5450938.573085037,-0.05397921949267583,0.8326096067959965,52.396557035640356,100.0,5.515088449531738,,,,
USDKRW CALL-upout  ATM  2M  H@5Δ  [Golden cross  ∧  RV < p75],single,959,10000000.0,91534750.19924384,1918000.0,92651684.48453751,1116934.2852936685,-15235123.705676248,36.91345151199166,101.22022978471283,0.029388784045412408,-0.46889048495471053,-2.9326482310927116,1.641130242761366,-3.500028888237902,-2.1100207277160767,10,30.0,-7275893.277468629,0.008136618982856714,1.0271425820690643,73.96426773085251,100.0,4.37956204379562,,,,
USDKRW CALL-upout  ATM  10W  H@5Δ  [Golden cross  ∧  RV < p75],single,958,10000000.0,98133415.44977391,1916000.0,99985469.19928269,1852053.749508774,-12037088.075002698,37.682672233820455,101.88728145353983,0.04666418977455089,-0.4289987826825968,-2.8113300228007656,1.7021975852141906,-3.967837797977145,-2.1311963678967873,10,50.0,-7448506.6515021315,0.017191249849820286,1.0443695251118401,61.647684287587836,100.0,4.697286012526096,,,,
USDKRW CALL-upout  ATM  3M  H@5Δ  [Golden cross  ∧  RV < p75],single,955,10000000.0,111903822.65634847,1910000.0,120824205.59533302,8920382.938984565,-16498318.867569845,40.41884816753927,107.97147293741578,0.1749926686399194,-0.3305205305662876,-2.2402508066354807,1.4263565751987624,-4.315485554724714,-1.7568771057650499,10,50.0,-7795242.065621065,0.06046692027756252,1.1842020146707628,64.79566897616107,100.0,2.931937172774869,,,,
USDKRW CALL-upout  45Δ  1M  H@5Δ  [Golden cross  ∧  RV < p75],single,961,10000000.0,54099222.30007157,1922000.0,47784370.29088516,-6314852.009186411,-8713802.982018303,28.407908428720084,88.32727765630365,-0.31216980943269496,-0.8248677746402713,-2.645980144349343,1.260895887346743,-1.5286036454710887,-2.0857636619870146,10,30.0,-3531046.673687208,-0.08016200967154097,0.7477301200230233,53.15778345353374,100.0,6.139438085327783,,,,
USDKRW CALL-upout  45Δ  6W  H@5Δ  [Golden cross  ∧  RV < p75],single,961,10000000.0,63157334.48797576,1922000.0,56205273.88680933,-6952060.60116644,-9642110.39003056,31.00936524453694,88.99247307137382,-0.2961070628681821,-0.6389462066810266,-2.6346727461632047,1.1566060799610942,-1.8101775515172478,-1.795552286642121,10,30.0,-4518792.313215952,-0.07987534139141593,0.7490921182309822,55.599461702238315,100.0,5.515088449531738,,,,
USDKRW CALL-upout  45Δ  2M  H@5Δ  [Golden cross  ∧  RV < p75],single,959,10000000.0,76055919.22285567,1918000.0,75530512.15086831,-525407.0719873607,-13498438.213535082,33.472367049009385,99.30918319394992,-0.015791204736853106,-0.5656687775266298,-2.955451400059633,1.6118164562642674,-2.8493997199419203,-2.177485233790897,10,30.0,-6151842.373398842,-0.004319910343319025,0.9857634113551794,67.82242514542025,100.0,4.37956204379562,,,,
USDKRW CALL-upout  45Δ  10W  H@5Δ  [Golden cross  ∧  RV < p75],single,958,10000000.0,81622281.39505719,1916000.0,80724870.54915322,-897410.8459039591,-11489646.232491326,34.34237995824635,98.90053202316113,-0.025882187582384118,-0.5112831890573626,-2.8733365069928345,1.7025075924700968,-3.3298720335572907,-2.213790781527459,10,50.0,-6452687.641347608,-0.008726899228971388,0.9764337913889009,60.93220031427721,100.0,4.697286012526096,,,,
USDKRW CALL-upout  45Δ  3M  H@5Δ  [Golden cross  ∧  RV < p75],single,955,10000000.0,93313921.23820914,1910000.0,97393175.69891208,4079254.460702939,-15388171.883745413,35.602094240837694,104.37153900144173,0.09053561578068711,-0.41970901001757654,-2.441062990287703,1.4038867083005375,-3.3449048621609188,-1.823595718318114,10,50.0,-7135462.102073539,0.02964611661799251,1.0924759930943224,61.57054161924608,100.0,2.931937172774869,,,,
USDKRW CALL-upout  40Δ  1M  H@5Δ  [Golden cross  ∧  RV < p75],single,961,10000000.0,43823790.33706752,1922000.0,37403383.40911339,-6420406.927954134,-8182004.6642342955,24.557752341311133,85.34949423915177,-0.3637589705916169,-0.9154803786700232,-2.6588359130183017,1.2453890573151796,-1.3603667389621565,-2.1608694359852025,10,20.0,-2906095.3827039376,-0.08679925300317848,0.7071375216219903,50.67818303537356,100.0,6.139438085327783,,,,
USDKRW CALL-upout  40Δ  6W  H@5Δ  [Golden cross  ∧  RV < p75],single,961,10000000.0,51102546.222087905,1922000.0,42868193.05055418,-8234353.171533731,-9401546.424363973,27.36732570239334,83.88660882816322,-0.4118577744368311,-0.7933558065242972,-2.6344238857006093,1.1306550519417378,-1.4251550724701358,-1.924010858466035,10,30.0,-3658271.890613407,-0.09702898146314547,0.667844402049029,57.996974782575776,100.0,5.515088449531738,,,,
USDKRW CALL-upout  40Δ  2M  H@5Δ  [Golden cross  ∧  RV < p75],single,959,10000000.0,61468307.31093381,1918000.0,59435226.93452412,-2033080.3764096918,-11643264.226640858,30.23983315954119,96.6924737879547,-0.0717386907781793,-0.6730738128861272,-2.9694440617397038,1.5851260618933607,-2.3550553171818875,-2.258199874779488,10,30.0,-5086173.789825284,-0.01937948079937395,0.9372750626922054,60.585541548075035,100.0,4.37956204379562,,,,
USDKRW CALL-upout  40Δ  10W  H@5Δ  [Golden cross  ∧  RV < p75],single,958,10000000.0,65942054.3119839,1916000.0,62381222.58314824,-3560831.728835649,-10833906.533429263,30.37578288100209,94.60005945221435,-0.12136288330884412,-0.5912219869409376,-2.9010567712792628,1.64274981141094,-2.7785668457811408,-2.2339717983518774,10,50.0,-5374878.5909496965,-0.03672329747046877,0.8948870499249219,59.087468361188364,100.0,4.697286012526096,,,,
USDKRW CALL-upout  40Δ  3M  H@5Δ  [Golden cross  ∧  RV < p75],single,955,10000000.0,75339258.48713122,1910000.0,74972751.17740229,-366507.30972893676,-13902551.020449301,31.099476439790575,99.51352413457647,-0.00946799706883187,-0.53022160035795,-2.6164794221218335,1.365080451580343,-2.574547039688281,-1.8953020519382928,10,40.0,-6362526.82311271,-0.0029482356095729078,0.9905409482865608,56.51600945877781,100.0,2.931937172774869,,,,
USDKRW CALL-upout  35Δ  1M  H@5Δ  [Golden cross  ∧  RV < p75],single,961,10000000.0,34613548.65259317,1922000.0,28656383.486067366,-5957165.166525805,-7310429.315127661,21.12382934443288,82.7894989146699,-0.3979097333366273,-0.9990454931784469,-2.662191242467172,1.2354017225318519,-1.2365820485325862,-2.234447215710299,10,20.0,-2504866.4774263697,-0.09013841451591732,0.6812143853356072,45.86457574154265,100.0,6.139438085327783,,,,
USDKRW CALL-upout  35Δ  6W  H@5Δ  [Golden cross  ∧  RV < p75],single,961,10000000.0,40296246.2953808,1922000.0,31488246.896705322,-8807999.398675468,-9822660.805650212,22.58064516129032,78.14188613472629,-0.5304961062601474,-0.9513821388251342,-2.6340555750032895,1.111952353700521,-1.1687757298803985,-2.063334492525655,10,30.0,-2886719.27278865,-0.09933891367760771,0.5912064294708302,57.16018459744487,100.0,5.515088449531738,,,,
USDKRW CALL-upout  35Δ  2M  H@5Δ  [Golden cross  ∧  RV < p75],single,959,10000000.0,48389766.60622387,1918000.0,45019786.58111921,-3369980.0251046736,-9542175.223976417,25.23461939520334,93.03575887743334,-0.1433723266858153,-0.7977001346937503,-2.9924018602822358,1.554454943411394,-1.9486707796635558,-2.3521550781051443,10,30.0,-4079378.3810591307,-0.03919604807805621,0.878897257866402,52.02525515180216,100.0,4.37956204379562,,,,
USDKRW CALL-upout  35Δ  10W  H@5Δ  [Golden cross  ∧  RV < p75],single,958,10000000.0,51883250.586507544,1916000.0,46727852.12751074,-5155398.458996799,-9385752.981480038,27.45302713987474,90.06346286958072,-0.21561168363807165,-0.6694055346044083,-2.943938413303873,1.5823615299341258,-2.363830963646331,-2.251767064538534,10,50.0,-4350068.08738555,-0.06137173785981648,0.8213428489736418,53.1306808262446,100.0,4.697286012526096,,,,
USDKRW CALL-upout  35Δ  3M  H@5Δ  [Golden cross  ∧  RV < p75],single,955,10000000.0,59221883.934579834,1910000.0,56065086.2608212,-3156797.6737586316,-11972967.121575829,27.015706806282726,94.66954195978326,-0.0976194463338086,-0.6363731574557864,-2.696460553972611,1.3292067975280482,-2.088722288102477,-1.9655799549838346,10,30.0,-5395874.200524378,-0.02948621325409812,0.9049674436169821,49.10822844230315,100.0,2.931937172774869,,,,
USDKRW CALL-upout  30Δ  1M  H@5Δ  [Golden cross  ∧  RV < p75],single,961,10000000.0,26396178.39054785,1922000.0,21251853.261493087,-5144325.129054756,-6039892.244214817,17.585848074921955,80.51109879263099,-0.41883496474816795,-1.0967578063044872,-2.6625318151664312,1.2492140239108345,-1.1390062753417245,-2.345971830215322,10,20.0,-2050527.2191098114,-0.09421333425238343,0.6639013314065607,38.03485005618863,100.0,6.139438085327783,,,,
USDKRW CALL-upout  30Δ  6W  H@5Δ  [Golden cross  ∧  RV < p75],single,961,10000000.0,30653688.222864673,1922000.0,22020471.62550448,-8633216.597360192,-9471137.163476909,17.273673257023933,71.83628757951335,-0.6410532987051814,-1.1295478129724497,-2.6784514186882453,1.1191656847510805,-0.9908085978281449,-2.2487134977235304,10,20.0,-2198147.588523409,-0.1009814931927726,0.5247974655106229,53.024576224444864,100.0,5.515088449531738,,,,
USDKRW CALL-upout  30Δ  2M  H@5Δ  [Golden cross  ∧  RV < p75],single,959,10000000.0,36717811.83545932,1918000.0,32465803.790872283,-4252008.0445870375,-7625292.941880077,20.646506777893638,88.4197673226247,-0.22678963411461223,-0.9171429703213171,-2.993450861780418,1.5150358463040667,-1.6519080397828056,-2.4321788166253837,10,30.0,-3195296.5839089975,-0.06188706505933032,0.8146948525662955,42.71477272066822,100.0,4.37956204379562,,,,
USDKRW CALL-upout  30Δ  10W  H@5Δ  [Golden cross  ∧  RV < p75],single,958,10000000.0,39335695.19456596,1916000.0,33182197.83098509,-6153497.363580869,-7678648.584155551,22.65135699373695,84.35645453030929,-0.3313801851683826,-0.7695601347309075,-2.983376324152132,1.5141868086386934,-1.9676003736448224,-2.283746943369601,10,40.0,-3348788.3553245543,-0.08953905994173791,0.736756855185833,48.07093821266843,100.0,4.697286012526096,,,,
USDKRW CALL-upout  30Δ  3M  H@5Δ  [Golden cross  ∧  RV < p75],single,955,10000000.0,44835378.79557426,1910000.0,40517567.09763308,-4317811.697941179,-10194671.98463953,22.408376963350783,90.36963261171913,-0.16585871141035274,-0.7422952123371529,-2.7442341984637912,1.3030027560028525,-1.7553700122896987,-2.045297968340005,10,30.0,-4192855.2394601298,-0.04736575736764673,0.8423536212583846,41.52986421826295,100.0,2.931937172774869,,,,
USDKRW CALL-upout  25Δ  1M  H@5Δ  [Golden cross  ∧  RV < p75],single,961,10000000.0,19138281.224290922,1922000.0,14952618.275308035,-4185662.9489828823,-4597067.615711555,14.984391259105099,78.12936856800755,-0.43776656951597437,-1.2066202182311474,-2.6630638529692847,1.2610197879568648,-1.0450842517834358,-2.467640006188012,10,30.0,-1501816.115007305,-0.10071554748526809,0.6411444487882622,29.276808190444363,100.0,6.139438085327783,,,,
USDKRW CALL-upout  25Δ  6W  H@5Δ  [Golden cross  ∧  RV < p75],single,961,10000000.0,22135798.56596894,1922000.0,14592058.299995601,-7543740.265973337,-8173532.6110600745,12.79916753381894,65.92063194155142,-0.714887095140661,-1.262711379294628,-2.9137749055054742,1.137777103067918,-0.9010587230975138,-2.400488482362546,10,20.0,-1730498.7050981428,-0.10224644212838627,0.4826295163279643,44.48789418273755,100.0,5.515088449531738,,,,
USDKRW CALL-upout  25Δ  2M  H@5Δ  [Golden cross  ∧  RV < p75],single,959,10000000.0,26405273.405896854,1918000.0,22241567.052528325,-4163706.35336853,-5814182.624532476,15.224191866527633,84.2315347795691,-0.2926724324439282,-1.0051206205299041,-2.9929869651520256,1.4703179280456542,-1.4628273443146513,-2.4754385485755583,10,30.0,-2446270.6908640214,-0.07947925115217297,0.7643639959756495,32.661998670427394,100.0,4.37956204379562,,,,
USDKRW CALL-upout  25Δ  10W  H@5Δ  [Golden cross  ∧  RV < p75],single,958,10000000.0,28248704.234748848,1916000.0,21383714.93901514,-6864989.295733711,-7700545.294863578,17.22338204592902,75.69803825802016,-0.5061559303205195,-0.9152026867995531,-3.0057231494535155,1.408204029251226,-1.5386799553393897,-2.323406716050779,10,20.0,-2552252.3006790006,-0.09960787811357055,0.6296834212984738,44.156781842880946,100.0,4.697286012526096,,,,
USDKRW CALL-upout  25Δ  3M  H@5Δ  [Golden cross  ∧  RV < p75],single,955,10000000.0,32121620.728194945,1910000.0,27545013.81312878,-4576606.915066158,-8213360.48097183,17.277486910994764,85.75225405407699,-0.2287909368593896,-0.8731812760727884,-2.7664747905750535,1.299458289114811,-1.4881884492063802,-2.172639565187599,10,30.0,-3015166.7114612735,-0.06231559877667652,0.7862697555700299,33.666460682942166,100.0,2.931937172774869,,,,
USDKRW CALL-upout  ATM  1M  H@5Δ  [Golden cross  ∧  RV < median (strict)],single,603,10000000.0,38839727.032469675,1206000.0,35587851.12189248,-3251875.910577193,-5251220.402001229,33.83084577114428,91.62744911193981,-0.20242150175583176,-0.26065842514880766,-2.341863781692808,0.9468120836437828,-3.6323862660616317,-1.2074705087925905,10,60.0,-3154336.4580581426,-0.0700914391737041,0.8164077813716056,30.995102333560254,100.0,6.301824212271974,,,,
USDKRW CALL-upout  ATM  6W  H@5Δ  [Golden cross  ∧  RV < median (strict)],single,603,10000000.0,45398367.07016969,1206000.0,41026168.38642378,-4372198.683745896,-6745430.160222256,35.82089552238806,90.36926002869653,-0.2489259804387039,-1.326856233535322,-9.796552954146966,2.975063366903537,-2.2421896899686518,-4.301919600438859,10,30.0,-4146085.41809537,-0.07338648734034545,0.7703438358786573,32.42296986581421,100.0,5.472636815920398,,,,
USDKRW CALL-upout  ATM  2M  H@5Δ  [Golden cross  ∧  RV < median (strict)],single,603,10000000.0,54912791.96132827,1206000.0,55444651.269580856,531859.3082525823,-9960804.925386557,36.81592039800995,100.96855266187728,0.018099446644240524,-0.9011494602369232,-4.27076205507989,1.7679011494653674,-1.9618290055908867,-2.669050609702291,10,30.0,-5749038.486339637,0.006043570445399225,1.0194184967436766,44.09375025336537,100.0,4.1459369817578775,,,,
USDKRW CALL-upout  ATM  10W  H@5Δ  [Golden cross  ∧  RV < median (strict)],single,603,10000000.0,58987059.051612854,1206000.0,58815359.45280683,-171699.59880602406,-8850100.421356954,37.64510779436153,99.70891988587566,-0.005589495678160245,-1.2876800876091512,-7.998831991814692,2.6594873734475333,-2.065332374895562,-3.9471674610566847,10,40.0,-6018663.671035915,-0.002196579586814798,0.9937204310979921,36.97605083306814,100.0,5.306799336650083,,,,
USDKRW CALL-upout  ATM  3M  H@5Δ  [Golden cross  ∧  RV < median (strict)],single,603,10000000.0,67655974.39764372,1206000.0,80158542.4402962,12502568.042652488,-8090988.036680404,43.78109452736319,118.4796215766097,0.2952589254487508,-0.17804964474038334,-1.877412912021787,1.3110544089634795,-7.363420527320603,-1.489104053703863,10,50.0,-3689917.430643355,0.17500810948676593,1.4145388113524806,36.437429450828475,100.0,3.482587064676617,,,,
USDKRW CALL-upout  45Δ  1M  H@5Δ  [Golden cross  ∧  RV < median (strict)],single,603,10000000.0,32198025.653353177,1206000.0,28510859.26988128,-3687166.3834718964,-4902105.792943306,29.850746268656714,88.54847057031301,-0.2640680917464068,-0.3207623737781662,-2.334480756070921,0.9197990804408834,-2.8675404462401217,-1.2405614542190495,10,50.0,-2628464.2501601,-0.08513366207327823,0.7679217947757211,31.848494511476545,100.0,6.301824212271974,,,,
USDKRW CALL-upout  45Δ  6W  H@5Δ  [Golden cross  ∧  RV < median (strict)],single,603,10000000.0,37658662.150300965,1206000.0,32231523.590549126,-5427138.55975183,-6239758.99180458,32.83582089552239,85.58860498524518,-0.36754052488317807,-1.4394130696832361,-9.796358239905171,2.9206042868042137,-2.029024432470198,-4.36001735648745,10,30.0,-3424351.4337424096,-0.09847567257221712,0.6836243859528683,35.80311006971523,100.0,5.472636815920398,,,,
USDKRW CALL-upout  45Δ  2M  H@5Δ  [Golden cross  ∧  RV < median (strict)],single,603,10000000.0,45627996.24281683,1206000.0,45257003.41699636,-370992.8258204656,-8777212.209300857,33.66500829187397,99.18691843523838,-0.014378851707913582,-0.9834942374339221,-4.272119175532116,1.747465982999923,-1.7767933115290164,-2.730960220433845,10,30.0,-4875614.339196443,-0.004784099152951667,0.984833383096862,40.134115675930325,100.0,4.1459369817578775,,,,
USDKRW CALL-upout  45Δ  10W  H@5Δ  [Golden cross  ∧  RV < median (strict)],single,603,10000000.0,49060179.13058035,1206000.0,47268399.76190732,-1791779.368673035,-7642159.195568425,33.66500829187397,96.3477928527249,-0.0663903553396113,-1.3485391894588716,-8.002046627136522,2.6144988705573953,-1.9387637311500865,-3.9630380600162667,10,40.0,-5291657.022273915,-0.026545707997351956,0.9285831910561644,33.12913902505662,100.0,5.306799336650083,,,,
USDKRW CALL-upout  45Δ  3M  H@5Δ  [Golden cross  ∧  RV < median (strict)],single,603,10000000.0,56408299.63394083,1206000.0,65513237.52386592,9104937.889925085,-7799323.1277862545,38.640132669983416,116.14113162249382,0.2416171000210245,-0.30451600182578326,-2.1740710596478356,1.3007883224503969,-4.271658351782089,-1.6053043242761802,10,50.0,-3209131.88658063,0.13221495440362838,1.3319882649834272,33.9862938351757,100.0,3.482587064676617,,,,
USDKRW CALL-upout  40Δ  1M  H@5Δ  [Golden cross  ∧  RV < median (strict)],single,603,10000000.0,26093594.01669652,1206000.0,22232936.4737408,-3860657.5429557227,-4631174.81908564,26.036484245439468,85.20457725951664,-0.3275248758162205,-0.3825204436380208,-2.3344346308953203,0.8883098538374912,-2.322254584327783,-1.270830297475512,10,50.0,-2130621.523138026,-0.09435422754995296,0.7187746516630769,30.688616769717406,100.0,6.301824212271974,,,,
USDKRW CALL-upout  40Δ  6W  H@5Δ  [Golden cross  ∧  RV < median (strict)],single,603,10000000.0,30481188.691364843,1206000.0,24475290.919163346,-6005897.772201497,-5934847.348883852,29.021558872305143,80.29637940628301,-0.502057788186548,-1.5623404101075324,-9.796411005300483,2.865449780698925,-1.8340751875589663,-4.427790190806458,10,20.0,-2772815.410462354,-0.11457615512392237,0.5977228720954149,36.74931732650614,100.0,5.472636815920398,,,,
USDKRW CALL-upout  40Δ  2M  H@5Δ  [Golden cross  ∧  RV < median (strict)],single,603,10000000.0,36885542.15784656,1206000.0,35797503.83954122,-1088038.3183053415,-7528834.270649033,31.17744610281924,97.05023091798614,-0.04935783356818518,-1.0413061876654701,-4.271067506142489,1.7256931884176223,-1.6572389647337986,-2.7669993760830924,10,30.0,-4030657.440085859,-0.016357152867287526,0.9488728096116519,35.45165231305845,100.0,4.1459369817578775,,,,
USDKRW CALL-upout  40Δ  10W  H@5Δ  [Golden cross  ∧  RV < median (strict)],single,603,10000000.0,39644000.73836543,1206000.0,36210864.11210309,-3433136.626262337,-6373557.383210572,29.35323383084577,91.34008535384795,-0.14891600068497374,-1.4240823014420403,-7.999818373862817,2.5491830555340185,-1.7900531822863677,-3.973265356976059,10,40.0,-4450630.986799251,-0.06098668794364936,0.8462604323322066,29.63653020409337,100.0,5.306799336650083,,,,
USDKRW CALL-upout  40Δ  3M  H@5Δ  [Golden cross  ∧  RV < median (strict)],single,603,10000000.0,45550217.56224423,1206000.0,51321497.97201374,5771280.409769506,-7343044.811186638,34.660033167495854,112.67014894469615,0.17762585989717944,-0.5833054922211334,-2.2273069490239017,1.3824774582312964,-2.3700744749840172,-1.9657829504524298,10,30.0,-2853604.145838832,0.0890136281568788,1.2413090899880455,31.05259869722021,100.0,3.482587064676617,,,,
USDKRW CALL-upout  35Δ  1M  H@5Δ  [Golden cross  ∧  RV < median (strict)],single,603,10000000.0,20622303.173012696,1206000.0,16806288.34841395,-3816014.8245987436,-4195406.463878422,22.885572139303484,81.49569040575177,-0.3949054972332675,-0.43678802545550693,-2.3343706091998673,0.8576599605211321,-1.963561065179652,-1.2944479859766391,10,20.0,-1684331.852694502,-0.10295021772209437,0.669259549981692,28.19801576725545,100.0,6.301824212271974,,,,
USDKRW CALL-upout  35Δ  6W  H@5Δ  [Golden cross  ∧  RV < median (strict)],single,603,10000000.0,24047503.12131928,1206000.0,17669757.400985375,-6377745.720333903,-6321844.513159536,23.88059701492537,73.47855331109315,-0.6853141303961007,-1.7290238007998133,-9.796468009075864,2.8004044427857355,-1.6196448200946234,-4.529428243585549,10,10.0,-2188671.379828671,-0.11422186617739866,0.4972260907681498,36.566177652128914,100.0,5.472636815920398,,,,
USDKRW CALL-upout  35Δ  2M  H@5Δ  [Golden cross  ∧  RV < median (strict)],single,603,10000000.0,29048048.33669674,1206000.0,27255008.88177723,-1793039.4549195087,-6100278.117706556,25.70480928689884,93.82733244541478,-0.09798104246505837,-1.0815433309347615,-4.269526836560125,1.693557044837785,-1.5658707297229315,-2.7751003757725465,10,30.0,-3230900.272620715,-0.03326836594014797,0.9003246220077328,30.083275442295566,100.0,4.1459369817578775,,,,
USDKRW CALL-upout  35Δ  10W  H@5Δ  [Golden cross  ∧  RV < median (strict)],single,603,10000000.0,31202133.195264935,1206000.0,27076477.98720374,-4125655.208061199,-5199532.772774384,27.031509121061358,86.77765016179315,-0.21717717349016216,-1.479895300883571,-7.996519229614315,2.498218524025986,-1.68810491021522,-3.978113824909557,10,40.0,-3633023.847858698,-0.08983684090630273,0.7819718263186064,25.844233814909103,100.0,5.306799336650083,,,,
USDKRW CALL-upout  35Δ  3M  H@5Δ  [Golden cross  ∧  RV < median (strict)],single,603,10000000.0,35814832.55571161,1206000.0,39055622.87700297,3240790.321291357,-6546470.652066372,31.343283582089555,109.04873788325035,0.11935778604989696,-0.7800767291079052,-3.858732011339939,1.6016834623284524,-2.053238357924272,-2.3817601914363573,10,30.0,-2542412.8563411045,0.05606659911850139,1.1586658938570495,27.38179799364988,100.0,3.482587064676617,,,,
USDKRW CALL-upout  30Δ  1M  H@5Δ  [Golden cross  ∧  RV < median (strict)],single,603,10000000.0,15741124.976643872,1206000.0,12206052.77483806,-3535072.2018058123,-3725775.1026165164,18.24212271973466,77.54244244263973,-0.4638633805925084,-0.5187862974131086,-2.3342726528734543,0.7999686407546673,-1.5420003279648187,-1.318754938167776,10,20.0,-1286116.1963734198,-0.10739224256768806,0.6205697546491044,23.753828865796454,100.0,6.301824212271974,,,,
USDKRW CALL-upout  30Δ  6W  H@5Δ  [Golden cross  ∧  RV < median (strict)],single,603,10000000.0,18307064.05578875,1206000.0,11808709.728346579,-6498354.327442172,-6455979.769797103,17.5787728026534,64.50356918160578,-0.9163653732313364,-1.9505617089441785,-9.796533097060953,2.7311090294603053,-1.4001654071937206,-4.681670738404484,10,10.0,-1667379.4037059734,-0.11396384374627608,0.3851314141287916,35.5923173937587,100.0,5.472636815920398,,,,
USDKRW CALL-upout  30Δ  2M  H@5Δ  [Golden cross  ∧  RV < median (strict)],single,603,10000000.0,22053988.848020706,1206000.0,19701569.14427825,-2352419.7037424576,-4636946.070552732,20.729684908789388,89.33335951172579,-0.16137490431839338,-1.1177412804149154,-4.267150122411072,1.6484353087136812,-1.4747914724074318,-2.7661765891285963,10,30.0,-2457432.339896309,-0.05742143249512154,0.8410047397384565,24.17519332544131,100.0,4.1459369817578775,,,,
USDKRW CALL-upout  30Δ  10W  H@5Δ  [Golden cross  ∧  RV < median (strict)],single,603,10000000.0,23668300.56825482,1206000.0,19407749.01101981,-4260551.557235016,-4205276.970020633,22.388059701492537,81.99891223728378,-0.2866717773039049,-1.5308092439527345,-7.9913855400032,2.4586707147355993,-1.6061248156478427,-3.989479958688334,10,40.0,-2810397.3020999916,-0.11470889121601692,0.7179877386111695,22.14447982834774,100.0,5.306799336650083,,,,
USDKRW CALL-upout  30Δ  3M  H@5Δ  [Golden cross  ∧  RV < median (strict)],single,603,10000000.0,27125644.31124724,1206000.0,28651279.750585128,1525635.4393378883,-5255126.510161222,26.533996683250415,105.62432885218251,0.07017539808825211,-0.7734398937683938,-3.1171080843605274,1.4398867777412896,-1.861666031636665,-2.2133266715096833,10,30.0,-2202357.5279573877,0.03287971909798973,1.0937616184442593,23.660864933701173,100.0,3.482587064676617,,,,
USDKRW CALL-upout  25Δ  1M  H@5Δ  [Golden cross  ∧  RV < median (strict)],single,603,10000000.0,11430162.936634725,1206000.0,8311836.917627957,-3118326.019006769,-3177594.0845669117,15.58872305140962,72.71844647977636,-0.5468216384498322,-0.6511640884079726,-2.3341039125860163,0.7260908702488587,-1.1150658999394056,-1.3772549586568312,10,20.0,-934374.5965384537,-0.1110744980468631,0.5578838503829554,18.973368129256016,100.0,6.301824212271974,,,,
USDKRW CALL-upout  25Δ  6W  H@5Δ  [Golden cross  ∧  RV < median (strict)],single,603,10000000.0,13236536.208682185,1206000.0,7305183.703762954,-5931352.504919231,-5900934.662525983,12.603648424543948,55.18954195109818,-1.1181643825730807,-2.1112053161951168,-9.79661330069342,2.6690126548221804,-1.2642127387365443,-4.780217971017297,10,10.0,-1206857.1424590903,-0.11380433118503899,0.3094910745450773,31.459809769068265,100.0,5.472636815920398,,,,
USDKRW CALL-upout  25Δ  2M  H@5Δ  [Golden cross  ∧  RV < median (strict)],single,603,10000000.0,15875003.978668623,1206000.0,13626536.142518388,-2248467.8361502364,-3348556.0891604247,16.086235489220563,85.83642662911127,-0.20516663967251478,-1.1527388891715602,-4.263201947819777,1.6183466068988046,-1.4039142967249618,-2.7710854960703646,10,30.0,-1771272.107637017,-0.0760011844737413,0.8014359176173342,18.220073685457614,100.0,4.1459369817578775,,,,
USDKRW CALL-upout  25Δ  10W  H@5Δ  [Golden cross  ∧  RV < median (strict)],single,603,10000000.0,17011967.93880859,1206000.0,12719370.628049761,-4292597.310758828,-4331334.748424496,17.5787728026534,74.76719139020751,-0.40006461059476073,-1.6026985541898298,-7.982791595597503,2.4066382400584296,-1.5016162794724641,-4.009336794248259,10,20.0,-2042766.2593174998,-0.11220811356745147,0.6314090108472795,21.582692219079387,100.0,5.306799336650083,,,,
USDKRW CALL-upout  25Δ  3M  H@5Δ  [Golden cross  ∧  RV < median (strict)],single,603,10000000.0,19447426.66935879,1206000.0,19514360.778800912,66934.10944212344,-4665996.937909191,21.06135986733002,100.3441797754537,0.004028503812797356,-0.8924158992322553,-2.83743747654716,1.3388925557066291,-1.5003011004829445,-2.231308454938884,10,30.0,-1886576.3366464663,0.0016246639564912416,1.0053610109225601,22.92394190647854,100.0,3.482587064676617,,,,
USDKRW CALL-upout  ATM  1M  H@10Δ,single,2429,10000000.0,140089573.91059393,4858000.0,140553934.4259848,464360.5153908655,-18299291.133194156,33.676410045286126,100.33147400083264,0.01266770171839127,-0.3115840911171424,-3.3249042774430304,1.4563865671781706,-4.674136480962473,-1.767970658295313,11,54.54545454545454,-8059334.178743267,0.0025653302419701633,1.0090463436313468,91.46312970799247,100.0,9.551255660765747,,,,
USDKRW CALL-upout  ATM  6W  H@10Δ,single,2422,10000000.0,162234150.34457135,4844000.0,177282450.29925093,15048299.954679603,-21175962.828279197,37.20066061106523,109.27566725175821,0.3273740710262455,0.12941373212710375,-2.8755751639239713,1.5737592400090006,12.160681978194805,-1.4443455078818968,11,54.54545454545454,-8736702.74677447,0.07193959178499859,1.257692728794225,94.65185112094194,100.0,9.248554913294797,,,,
USDKRW CALL-upout  ATM  2M  H@10Δ,single,2410,10000000.0,193026431.12152147,4820000.0,228415204.6375168,35388773.515995316,-33658543.71463172,37.75933609958506,118.33364131035297,0.5269060603883001,0.20196428772185063,-4.582819637021358,2.0190727434768134,9.997177056656284,-1.8171084557549628,11,63.63636363636363,-14390093.97511104,0.10715005870388163,1.4451644543581519,159.98769218186578,100.0,9.709543568464731,,,,
USDKRW CALL-upout  ATM  10W  H@10Δ,single,2405,10000000.0,206408393.4550265,4810000.0,253984685.70671135,47576292.25168485,-27318443.733504128,39.54261954261955,123.04959185782872,0.6304314162832605,0.5313671209151835,-2.7220487797587807,1.6097336206863053,3.0294189409270023,-1.0783664997711218,11,81.81818181818183,-13630007.087371014,0.17783036617170306,1.5627092152340665,126.81765016822102,100.0,9.604989604989605,,,,
USDKRW CALL-upout  ATM  3M  H@10Δ,single,2392,10000000.0,233995591.25967512,4784000.0,284043124.7588054,50047533.49913029,-28425297.8899035,38.46153846153847,121.38823779957049,0.573365547447193,0.6551203962102815,-2.3972840450945987,1.350007708249401,2.0607016909546405,-0.6948873120391196,11,81.81818181818183,-15886699.057462022,0.18084484204233406,1.4786091183846994,106.68232484013873,100.0,10.367892976588628,,,,
USDKRW CALL-upout  45Δ  1M  H@10Δ,single,2429,10000000.0,112141893.29129502,4858000.0,109341085.78870158,-2800807.502593454,-16944867.515292928,29.477151090983945,97.50244318123096,-0.09032151826540256,-0.4442688034146082,-3.3601237391527796,1.446987355724858,-3.2570086951941017,-1.8912561591394663,11,54.54545454545454,-6869162.69162289,-0.01670964974084669,0.9378691559889947,92.70219799365307,100.0,9.551255660765747,,,,
USDKRW CALL-upout  45Δ  6W  H@10Δ,single,2422,10000000.0,129923602.84744138,4844000.0,138744853.89983484,8821251.05239347,-19207018.269352924,33.319570602807595,106.78956776064126,0.2283564298520012,-0.025683853196869378,-3.4150209704931695,1.6146805822189887,-62.8675366520084,-1.640364435415858,11,54.54545454545454,-7954948.712593087,0.046493680678038614,1.174455888743906,93.73352707488397,100.0,9.248554913294797,,,,
USDKRW CALL-upout  45Δ  2M  H@10Δ,single,2410,10000000.0,154818119.72628257,4820000.0,183247392.99916488,28429273.27288231,-29631795.757926837,34.315352697095435,118.36301417634128,0.49071502464350886,0.07989077316488437,-5.189189951928064,2.132812465054314,26.696605634951876,-2.0529216918894297,11,63.63636363636363,-12631181.061427377,0.09777549204516138,1.4166636250993354,144.57829423907978,100.0,9.709543568464731,,,,
USDKRW CALL-upout  45Δ  10W  H@10Δ,single,2405,10000000.0,165706750.0338841,4810000.0,203479181.47294015,37772431.43905605,-24353846.651892938,35.71725571725572,122.79474519374271,0.579792433458107,0.4458436223487325,-2.8645575433068866,1.609048907927131,3.608998373578968,-1.1632052855783985,11,81.81818181818183,-11803657.065707576,0.15837209397289237,1.5227727330947118,115.68828237043778,100.0,9.604989604989605,,,,
USDKRW CALL-upout  45Δ  3M  H@10Δ,single,2392,10000000.0,188313657.05234918,4784000.0,229213292.58173007,40899635.52938092,-24890833.45150152,34.86622073578595,121.7188897340628,0.5441288495856681,0.5870964660380248,-2.579932697320542,1.315137997880037,2.24007139193861,-0.7280415318420123,11,81.81818181818183,-13968656.601763476,0.16877513781893777,1.450527231993992,95.49349113827886,100.0,10.367892976588628,,,,
USDKRW CALL-upout  40Δ  1M  H@10Δ,single,2429,10000000.0,86972512.6258384,4858000.0,81861982.41200444,-5110530.213833967,-14955149.716880925,25.27789213668176,94.12397082763401,-0.2012121105199617,-0.5843776419946775,-3.315369068384337,1.4273597362360355,-2.442529682285545,-2.011737378230713,11,45.45454545454545,-5614842.101460196,-0.03454597529555066,0.8654549768119669,89.18778280594702,100.0,9.551255660765747,,,,
USDKRW CALL-upout  40Δ  6W  H@10Δ,single,2422,10000000.0,100590792.47552554,4844000.0,103505323.2931331,2914530.8176075574,-16600910.043993209,28.736581337737405,102.89741311891612,0.09349472702958721,-0.2125873578995026,-3.9896977776872844,1.6595498034333043,-7.806436938822256,-1.8721371613328068,11,45.45454545454545,-6958551.317389366,0.017772988149052458,1.0676407644416164,90.39754729705075,100.0,9.248554913294797,,,,
USDKRW CALL-upout  40Δ  2M  H@10Δ,single,2410,10000000.0,119659850.56254533,4820000.0,140586016.6813534,20926166.118808065,-24956269.516696043,30.0,117.48804299890887,0.43442466765886933,-0.068331314298314,-5.792581521668915,2.241803593695118,-32.8078512277413,-2.310134907993432,11,63.63636363636363,-10465919.061947618,0.08545396628893417,1.3671908378360884,124.18567833890448,100.0,9.709543568464731,,,,
USDKRW CALL-upout  40Δ  10W  H@10Δ,single,2405,10000000.0,128002083.6685015,4810000.0,155875491.19139695,27873407.522895437,-20546678.727047704,31.143451143451145,121.77574514730689,0.5132705172262028,0.3486301323909511,-2.9033785529966356,1.5672385167003646,4.495418987314831,-1.2186083843094135,11,72.72727272727273,-9534112.47841268,0.1385223078989886,1.4628404916445619,99.44513250121156,100.0,9.604989604989605,,,,
USDKRW CALL-upout  40Δ  3M  H@10Δ,single,2392,10000000.0,145323630.8555007,4784000.0,176915363.06883717,31591732.213336457,-20756807.15107183,30.76923076923077,121.73888171342826,0.5094698070611857,0.506993160590016,-2.804474797171642,1.289575852291086,2.543576427718148,-0.7825826917010701,11,81.81818181818183,-11840113.545797318,0.15632965210036814,1.4195562759278642,80.26835829594124,100.0,10.367892976588628,,,,
USDKRW CALL-upout  35Δ  1M  H@10Δ,single,2429,10000000.0,64940592.29873549,4858000.0,58758029.13948767,-6182563.159247831,-12565723.895558301,20.91395636064224,90.47966311916714,-0.30944376355886055,-0.7157700084929941,-3.2590139333310635,1.4124206969807473,-1.9732884588926891,-2.1281907054737417,11,45.45454545454545,-4351265.285792478,-0.04973971722212527,0.7976054152632804,81.3469592231458,100.0,9.551255660765747,,,,
USDKRW CALL-upout  35Δ  6W  H@10Δ,single,2422,10000000.0,74910398.2187207,4844000.0,72937727.87559335,-1972670.3431273513,-13675005.577852068,23.864574731626757,97.36662681011569,-0.08218840256256188,-0.43672592630176904,-4.622458094611232,1.7096435586994179,-3.914682998503935,-2.1463694850011867,11,45.45454545454545,-5818709.468339905,-0.01460328964149674,0.9442832826641423,85.57870991811721,100.0,9.248554913294797,,,,
USDKRW CALL-upout  35Δ  2M  H@10Δ,single,2410,10000000.0,88873177.68415642,4820000.0,103086227.43825677,14213049.754100345,-19715246.750348434,25.933609958506228,115.99250766593678,0.36905157246891584,-0.24219430137688328,-6.5306756944368045,2.36637688879954,-9.77057212059327,-2.6085711901764235,11,63.63636363636363,-8293565.288043465,0.07346953362288171,1.3108666364500123,100.0070053079045,100.0,9.709543568464731,,,,
USDKRW CALL-upout  35Δ  10W  H@10Δ,single,2405,10000000.0,94982951.45745108,4810000.0,114572206.0686785,19589254.611227438,-16030781.806656223,26.694386694386697,120.6239691551412,0.4500342495472368,0.2446437252376463,-2.9773089630000014,1.5241956538777797,6.230266696589826,-1.2795519286401333,11,63.63636363636363,-7406945.554276973,0.12477698641842982,1.4053675251705893,78.81575427501032,100.0,9.604989604989605,,,,
USDKRW CALL-upout  35Δ  3M  H@10Δ,single,2392,10000000.0,107670068.0853983,4784000.0,131155523.50237843,23485455.416980125,-16324016.735379256,27.424749163879596,121.8124273854389,0.481688530065915,0.42802375433427786,-3.0167774918716304,1.275358808886481,2.9796449285159334,-0.847335054552203,11,81.81818181818183,-9469995.852929777,0.14777481596696077,1.3975098256277647,62.205127041999575,100.0,10.367892976588628,,,,
USDKRW CALL-upout  30Δ  1M  H@10Δ,single,2429,10000000.0,45929349.955969766,4858000.0,39732003.641578645,-6197346.314391114,-9798110.95545894,16.714697406340058,86.50678417976259,-0.41862002874289156,-0.8461833069009947,-3.180866086092907,1.4226825881366585,-1.681293611601718,-2.2688658950376532,11,45.45454545454545,-3085045.760595177,-0.06394192040303927,0.7320537452625308,68.19559671286274,100.0,9.551255660765747,,,,
USDKRW CALL-upout  30Δ  6W  H@10Δ,single,2422,10000000.0,52747015.91348714,4844000.0,47559862.481295735,-5187153.432191404,-10980962.0791451,18.33195706028076,90.16597746363682,-0.29661835533934794,-0.7003603082744089,-5.3522516428141085,1.7996726891693042,-2.569638324598162,-2.500032997443713,11,45.45454545454545,-4578525.166516447,-0.04782031122211765,0.8138584037615076,76.30250202812019,100.0,9.248554913294797,,,,
USDKRW CALL-upout  30Δ  2M  H@10Δ,single,2410,10000000.0,62296722.60272417,4820000.0,70984310.49012679,8687587.88740262,-14324158.678571062,21.16182572614108,113.94549749078247,0.2996162975858559,-0.40419508609557925,-6.798102021566792,2.3843190664955856,-5.898931353984274,-2.7885141525911648,11,54.54545454545454,-5967699.686202418,0.06180908455963528,1.2477911488161504,73.62714971026766,100.0,9.709543568464731,,,,
USDKRW CALL-upout  30Δ  10W  H@10Δ,single,2405,10000000.0,66476622.282612674,4810000.0,79236151.75602919,12759529.473416515,-11738092.091659086,22.61954261954262,119.19400991700783,0.38576753624342885,0.11220180988395834,-3.2801897129771316,1.5301850876118783,13.637793269060726,-1.41798327772792,11,72.72727272727273,-5515451.794557117,0.11099628194503652,1.3457109925756567,57.64199881866594,100.0,9.604989604989605,,,,
USDKRW CALL-upout  30Δ  3M  H@10Δ,single,2392,10000000.0,75156599.45976572,4784000.0,91110209.89416763,15953610.434401928,-11626760.261548469,23.578595317725753,121.22715842531235,0.4492249710829565,0.36428622911338615,-3.106799367550963,1.2488279218862024,3.4281502348459556,-0.8845416927728162,11,81.81818181818183,-6791391.2987063825,0.14093820554368763,1.3722010838840306,42.40703297751198,100.0,10.367892976588628,,,,
USDKRW CALL-upout  25Δ  1M  H@10Δ,single,2429,10000000.0,29965387.386281796,4858000.0,24471040.30320782,-5494347.083073974,-7554265.086667124,12.844792095512556,81.66435490305292,-0.5466672668947633,-1.0090489965016738,-3.9019492488921017,1.4403438741789156,-1.4274270914222413,-2.4493928706805894,11,45.45454545454545,-2187959.2936417856,-0.07352687923000309,0.6620537427173709,51.68383227595727,100.0,9.551255660765747,,,,
USDKRW CALL-upout  25Δ  6W  H@10Δ,single,2422,10000000.0,34132451.50537625,4844000.0,27809299.263368778,-6323152.24200747,-8872010.522042107,13.253509496284064,81.47466131751041,-0.5455462867306906,-1.0877797444350863,-7.177276266530322,2.159687840097965,-1.9854091337392477,-3.247467584533051,11,36.36363636363637,-3276761.779956947,-0.07214982564704776,0.6901598205281504,60.99526845379316,100.0,9.248554913294797,,,,
USDKRW CALL-upout  25Δ  2M  H@10Δ,single,2410,10000000.0,39969760.76931505,4820000.0,44326640.89145845,4356880.122143399,-9655569.07199898,15.726141078838173,110.90044082897836,0.22077527550263085,-0.6286794265073735,-7.382021194058858,2.5238150958402046,-4.014470633882917,-3.152494522347578,11,54.54545454545454,-3936337.5158037264,0.04598539902606191,1.1810445814096207,50.34638494962592,100.0,9.709543568464731,,,,
USDKRW CALL-upout  25Δ  10W  H@10Δ,single,2405,10000000.0,42525683.19390449,4810000.0,48795366.99271724,6269683.79881274,-7949301.3936134875,17.83783783783784,114.74328765095869,0.2753757996583965,-0.09124207364256537,-3.620879234692351,1.5651594509052864,-17.153922400280955,-1.6564015245478518,11,72.72727272727273,-3691618.414507912,0.08053561131010235,1.2448282708521416,39.74754091228146,100.0,9.604989604989605,,,,
USDKRW CALL-upout  25Δ  3M  H@10Δ,single,2392,10000000.0,47832720.517737426,4784000.0,55794721.05858075,7962000.540843319,-7458398.951982705,17.767558528428093,116.64551055148709,0.34510893754902733,0.22506436370311791,-3.2081724005984245,1.2097311040462242,5.37504509439788,-0.9846667403431063,11,81.81818181818183,-4335760.751578285,0.10964909836668504,1.2801752352050921,26.227457402798844,100.0,10.367892976588628,,,,
USDKRW CALL-upout  ATM  1M  H@10Δ  [Spot > 50DMA],single,1422,10000000.0,82285707.71451704,2844000.0,87275711.23814312,4990003.523626076,-13567966.63866871,34.73980309423347,106.06424087757556,0.17692168606850697,-0.4922905196042977,-3.392407614934898,1.6548886850624915,-3.361609901390521,-2.1471792046667892,11,54.54545454545454,-3384654.669883927,0.03726241863996831,1.1631299176252403,72.0131521554482,100.0,9.845288326300984,,,,
USDKRW CALL-upout  ATM  6W  H@10Δ  [Spot > 50DMA],single,1415,10000000.0,94944392.23583002,2830000.0,110265563.88038689,15321171.64455687,-11510517.19412167,39.36395759717314,116.13699480691918,0.43402415088333285,-0.07890742343673365,-2.7815604439635284,1.5586112917828,-19.752403815750775,-1.6375187152195336,11,54.54545454545454,-5009996.130497416,0.1351596090517226,1.444236514942038,53.01220011861782,100.0,9.187279151943462,,,,
USDKRW CALL-upout  ATM  2M  H@10Δ  [Spot > 50DMA],single,1405,10000000.0,112491239.25680302,2810000.0,142021026.52494407,29529787.268141016,-14345856.524745125,39.5729537366548,126.25074402525544,0.5742580402388865,0.1756650270024882,-2.7695093576585967,1.3844400683120062,7.88113656961665,-1.208775041309518,11,45.45454545454545,-6864877.13507263,0.21107176644512646,1.6435168752668918,69.19410313836411,100.0,9.8932384341637,,,,
USDKRW CALL-upout  ATM  10W  H@10Δ  [Spot > 50DMA],single,1405,10000000.0,120466330.89769486,2810000.0,148920715.49877942,28454384.601084568,-11859817.860741425,39.8576512455516,123.62019693722495,0.5183271616948876,0.3611048902828841,-1.5175278014944695,0.9310257935579023,2.5782696900852016,-0.5699209032750181,11,72.72727272727273,-6484847.427235684,0.24601834208702228,1.5447603606862483,54.00204391725239,100.0,9.9644128113879,,,,
USDKRW CALL-upout  ATM  3M  H@10Δ  [Spot > 50DMA],single,1402,10000000.0,136864128.27474266,2804000.0,155995048.4562472,19130920.18150452,-19423265.84458957,37.23252496433666,113.97803823592176,0.3076854745216102,0.12391729975754356,-2.313103663857082,1.3013361929648286,10.50165066145745,-1.177418893207285,11,63.63636363636363,-10318006.294903247,0.10153895222987247,1.2885305229712378,71.96729203027041,100.0,10.342368045649073,,,,
USDKRW CALL-upout  45Δ  1M  H@10Δ  [Spot > 50DMA],single,1422,10000000.0,65879165.100862466,2844000.0,68310682.55978037,2431517.4589179065,-11946715.905728702,30.590717299578056,103.69087473284641,0.10148027443386086,-0.5754933915076633,-3.5357614867025555,1.6396478295440777,-2.8491166948912636,-2.215141221051741,11,54.54545454545454,-3006924.3114574854,0.020621194168577682,1.0903515462983302,65.57034106448263,100.0,9.845288326300984,,,,
USDKRW CALL-upout  45Δ  6W  H@10Δ  [Spot > 50DMA],single,1415,10000000.0,76052078.2821708,2830000.0,86169799.90161312,10117721.619442338,-10187147.17694831,35.053003533568905,113.30367538662551,0.33841544446030747,-0.21324824479641144,-3.2326549385268124,1.6024575138081012,-7.514516779905836,-1.8157057586045127,11,54.54545454545454,-4396991.927675644,0.10085093574923651,1.335849843689923,48.071515257474346,100.0,9.187279151943462,,,,
USDKRW CALL-upout  45Δ  2M  H@10Δ  [Spot > 50DMA],single,1405,10000000.0,90257488.7944986,2810000.0,114682018.77091369,24424529.976415083,-12562057.89929363,35.94306049822064,127.0609456374592,0.5495307294383589,0.09816070340763718,-2.9231448420313826,1.4214677839157974,14.481026872971688,-1.3233070805081601,11,45.45454545454545,-5721041.084323669,0.19937088361046634,1.6203519884740518,59.984444567567444,100.0,9.8932384341637,,,,
USDKRW CALL-upout  45Δ  10W  H@10Δ  [Spot > 50DMA],single,1405,10000000.0,96755205.43815395,2810000.0,119942491.61919819,23187286.18104423,-9703974.611305214,36.01423487544484,123.96489788434748,0.4903699616018914,0.30836394105000753,-1.4518009283424451,0.9174346937740078,2.9751685318654912,-0.6090707527240002,11,72.72727272727273,-5146620.154434966,0.245017204238217,1.5222269030734026,45.279959622057376,100.0,9.9644128113879,,,,
USDKRW CALL-upout  45Δ  3M  H@10Δ  [Spot > 50DMA],single,1402,10000000.0,110219044.83464849,2804000.0,125246513.83762476,15027469.002976283,-16706438.473066865,33.737517831669045,113.63418547631274,0.28118444083389044,0.04701170845689095,-2.474816034245361,1.2650757442203777,26.90980153125968,-1.2180640357634869,11,63.63636363636363,-9277091.493427772,0.09273016605602957,1.2607609731557898,61.107787041761235,100.0,10.342368045649073,,,,
USDKRW CALL-upout  40Δ  1M  H@10Δ  [Spot > 50DMA],single,1422,10000000.0,51091068.690615684,2844000.0,51550937.01962237,459868.3290066989,-9933148.605246844,26.371308016877638,100.90009534110835,0.023485380315988683,-0.6617335279615312,-3.7316923586166353,1.6260309808687348,-2.4572292503868134,-2.287764508830266,11,54.54545454545454,-2509263.3873981484,0.004690633745244464,1.0203868437505597,57.471678244732,100.0,9.845288326300984,,,,
USDKRW CALL-upout  40Δ  6W  H@10Δ  [Spot > 50DMA],single,1415,10000000.0,58880699.55260463,2830000.0,64285476.6710284,5404777.118423767,-8396601.260702677,29.89399293286219,109.17919990674547,0.2225972309151826,-0.36251041707021725,-3.677462649535983,1.6201006859029676,-4.469114843640917,-1.982611102973185,11,54.54545454545454,-3700520.541126152,0.06536180639702618,1.207449552131226,41.716332783126106,100.0,9.187279151943462,,,,
USDKRW CALL-upout  40Δ  2M  H@10Δ  [Spot > 50DMA],single,1405,10000000.0,69760336.88744497,2810000.0,88727661.76684332,18967324.879398342,-10389373.043839835,32.31316725978648,127.18926789301668,0.5118608491795107,0.0025963052278360588,-2.993519158925749,1.4610042345032006,562.7243741757217,-1.4584079292753644,11,45.45454545454545,-4519972.820683935,0.18720310683777933,1.5801552018424343,49.36889232423508,100.0,9.8932384341637,,,,
USDKRW CALL-upout  40Δ  10W  H@10Δ  [Spot > 50DMA],single,1405,10000000.0,74739549.37403777,2810000.0,92616495.87549686,17876946.501459084,-7610480.672100262,31.743772241992886,123.91899155290997,0.4548232899712426,0.2417316455551531,-1.3590509632931786,0.9100524613274132,3.764722071193517,-0.6683208157722601,11,72.72727272727273,-3872439.0518506696,0.24086714369333248,1.4897444345986144,36.033139467061254,100.0,9.9644128113879,,,,
USDKRW CALL-upout  40Δ  3M  H@10Δ  [Spot > 50DMA],single,1402,10000000.0,85056934.51521729,2804000.0,96389690.7920855,11332756.276868213,-13365688.957619708,30.028530670470754,113.32372997152949,0.2586132194589565,-0.02803875242174284,-2.60428517308166,1.2399960221487532,-44.22436503227547,-1.268034774570496,11,63.63636363636363,-7611413.053537848,0.08741043289087816,1.2371652092749592,48.44782696939642,100.0,10.342368045649073,,,,
USDKRW CALL-upout  35Δ  1M  H@10Δ  [Spot > 50DMA],single,1422,10000000.0,38146276.30262303,2844000.0,37262204.47474736,-884071.827875671,-7871466.17485147,22.292545710267227,97.68241644122186,-0.05769632811132259,-0.7602103774125464,-3.723471405309479,1.5955109557363583,-2.0987755536393,-2.355721333148905,11,54.54545454545454,-1987408.2046483464,-0.011379334750413401,0.9509981140926493,48.625689539717584,100.0,9.845288326300984,,,,
USDKRW CALL-upout  35Δ  6W  H@10Δ  [Spot > 50DMA],single,1415,10000000.0,43847416.39866809,2830000.0,45453167.63532759,1605751.2366595017,-6518275.183643533,24.876325088339225,103.66213421119217,0.08550131739261219,-0.5381381505243431,-3.8770629608383835,1.6142050386219322,-2.999610856522822,-2.152343189146275,11,45.45454545454545,-2903303.6006791266,0.02501470356705253,1.074204340295825,37.1387725489959,100.0,9.187279151943462,,,,
USDKRW CALL-upout  35Δ  2M  H@10Δ  [Spot > 50DMA],single,1405,10000000.0,51811967.21970785,2810000.0,65651778.63483038,13839811.415122522,-7940741.967951505,28.11387900355872,126.71161154031272,0.4666689510386226,-0.13080722773584122,-3.1529588669585538,1.552029415289491,-11.865012676698097,-1.682836643025332,11,45.45454545454545,-3464972.5679902295,0.1787168075041379,1.5344363181359388,38.56737215130002,100.0,9.8932384341637,,,,
USDKRW CALL-upout  35Δ  10W  H@10Δ  [Spot > 50DMA],single,1405,10000000.0,55460041.75695804,2810000.0,68826981.1912311,13366939.434273077,-6361342.693419486,28.11387900355872,124.10192818254784,0.42599674688851885,0.16800667574844647,-1.2903539558132067,0.9330521873630828,5.553661384028132,-0.7650455116146364,11,63.63636363636363,-2800696.8069512234,0.2154663712247938,1.4618443843371351,26.62412061164688,100.0,9.9644128113879,,,,
USDKRW CALL-upout  35Δ  3M  H@10Δ  [Spot > 50DMA],single,1402,10000000.0,63018887.06440608,2804000.0,71237007.9983177,8218120.933911614,-10144653.952193975,27.175463623395153,113.04072686258738,0.24086762427132752,-0.09218459667120195,-2.7319513530203294,1.2355922790538625,-13.403457016370023,-1.3277768757250645,11,54.54545454545454,-5855510.488179365,0.08351305344509462,1.2197837575375643,36.62765744877313,100.0,10.342368045649073,,,,
USDKRW CALL-upout  30Δ  1M  H@10Δ  [Spot > 50DMA],single,1422,10000000.0,26976178.429392338,2844000.0,25280094.026604094,-1696084.4027882454,-5782428.476982534,18.143459915611814,93.71265871766236,-0.15107252110671485,-0.8929064607696986,-3.689787687772042,1.5737487598904811,-1.7625012574484973,-2.4666552206601797,11,54.54545454545454,-1438145.084391468,-0.029718175717519568,0.8732353906066426,38.37907837325802,100.0,9.845288326300984,,,,
USDKRW CALL-upout  30Δ  6W  H@10Δ  [Spot > 50DMA],single,1415,10000000.0,30872941.80085056,2830000.0,30010070.219562586,-862871.5812879745,-5326592.202729423,19.575971731448764,97.2050879153207,-0.06287861666343718,-0.7624774882297539,-3.9011368091329723,1.6614312476843573,-2.178990558189078,-2.4239087359141114,11,45.45454545454545,-2183017.955144938,-0.01644926523814678,0.9488264431190582,33.098791314839126,100.0,9.187279151943462,,,,
USDKRW CALL-upout  30Δ  2M  H@10Δ  [Spot > 50DMA],single,1405,10000000.0,36318206.72430313,2810000.0,45496376.99405525,9178170.269752119,-5627892.2440537885,23.558718861209965,125.27154035832486,0.4102017941335924,-0.2956399918086652,-3.1063804985621726,1.6787089276981468,-5.6782200453603995,-1.974348919506812,11,54.54545454545454,-2410645.1651656926,0.16722709531510613,1.4587506597686715,28.461565079520152,100.0,9.8932384341637,,,,
USDKRW CALL-upout  30Δ  10W  H@10Δ  [Spot > 50DMA],single,1405,10000000.0,38815689.523752525,2810000.0,47915554.123210855,9099864.599458335,-4773168.405032194,23.914590747330962,123.44377933538924,0.38729089149278667,0.06838405765072401,-1.39710087038433,0.9961729639133338,14.567327504918637,-0.9277889062626098,11,63.63636363636363,-2184210.3610173324,0.19548997116991051,1.4156428463867339,18.909160161588694,100.0,9.9644128113879,,,,
USDKRW CALL-upout  30Δ  3M  H@10Δ  [Spot > 50DMA],single,1402,10000000.0,43989698.44501904,2804000.0,48683883.58074744,4694185.135728413,-7214612.310841702,22.96718972895863,110.67110096604887,0.19169220137061763,-0.1845192848607811,-2.973289924930722,1.2548426990536463,-6.800604608891797,-1.4393619839144274,11,54.54545454545454,-4271446.877668821,0.06707586587719522,1.1721040182433766,26.59550640772794,100.0,10.342368045649073,,,,
USDKRW CALL-upout  25Δ  1M  H@10Δ  [Spot > 50DMA],single,1422,10000000.0,17596417.10530657,2844000.0,15431763.110665163,-2164653.9946414065,-4300166.437551707,13.642756680731363,87.69832528015826,-0.2896834855082273,-1.168507434170291,-4.202019950957625,1.6898531377257489,-1.4461637883593303,-2.85836057189604,11,36.36363636363637,-974426.9828071079,-0.05100211398240817,0.7624376941663995,28.73511810653947,100.0,9.845288326300984,,,,
USDKRW CALL-upout  25Δ  6W  H@10Δ  [Spot > 50DMA],single,1415,10000000.0,19975885.896907233,2830000.0,17773620.847862814,-2202265.049044417,-5105285.084751403,13.851590106007066,88.9753823164089,-0.23994446380576814,-0.9882765950806022,-4.473592320373638,1.8258888045576416,-1.8475483621148847,-2.814165399638244,11,36.36363636363637,-1738057.0412121925,-0.043802548039522674,0.8209717729061635,28.101122661798556,100.0,9.187279151943462,,,,
USDKRW CALL-upout  25Δ  2M  H@10Δ  [Spot > 50DMA],single,1405,10000000.0,23301888.4362721,2810000.0,28405849.309810705,5103960.873538609,-3693483.520559852,17.508896797153024,121.90363621170587,0.3384196652126193,-0.4839489463361142,-3.452844426976589,1.8232101613823604,-3.7673605350017585,-2.3071591077184745,11,54.54545454545454,-1752772.0938332926,0.1416992267453934,1.3690643492981527,19.2972970836901,100.0,9.8932384341637,,,,
USDKRW CALL-upout  25Δ  10W  H@10Δ  [Spot > 50DMA],single,1405,10000000.0,24831257.484002486,2810000.0,29419952.2266093,4588694.742606815,-3401480.4682936207,19.14590747330961,118.47951013178886,0.2898483666096578,-0.11987610719227014,-1.69228773239317,1.1070798554855876,-9.235200253124123,-1.2269559626778577,11,54.54545454545454,-1694384.3443301597,0.1383303563393178,1.3053264122807173,14.973218537874535,100.0,9.9644128113879,,,,
USDKRW CALL-upout  25Δ  3M  H@10Δ  [Spot > 50DMA],single,1402,10000000.0,27998129.149713833,2804000.0,29006415.70196809,1008286.5522542616,-4730555.053646009,17.04707560627675,103.6012640232591,0.06485887992954772,-0.3890755619229738,-3.3552780120763313,1.3273693006767968,-3.411597721831676,-1.7164448625997706,11,54.54545454545454,-2882145.2137366524,0.02197308046525497,1.0555138557332733,19.686335461002393,100.0,10.342368045649073,,,,
USDKRW CALL-upout  ATM  1M  H@10Δ  [Spot > 200DMA],single,1406,10000000.0,79701299.25926122,2812000.0,76669032.70345826,-3032266.5558029544,-13486336.449705765,32.29018492176387,96.19546157467363,-0.1214844355660734,-0.5113963265151706,-2.955492105599692,1.2985296886270012,-2.5391846231583757,-1.8099260151421719,11,45.45454545454545,-4907535.835333342,-0.02401953025378938,0.9045376512887785,74.68204715376082,100.0,10.099573257467995,,,,
USDKRW CALL-upout  ATM  6W  H@10Δ  [Spot > 200DMA],single,1399,10000000.0,91859945.29029813,2798000.0,95696395.92816028,3836450.6378621543,-13152342.695381327,36.02573266619014,104.17641293573399,0.12220922002884509,-0.1437477907742898,-2.0161320980849453,1.1705167084450585,-8.142850071922028,-1.3142644992193484,11,45.45454545454545,-4578599.566797007,0.031216228765140356,1.1076996752614452,58.16540972351861,100.0,9.93566833452466,,,,
USDKRW CALL-upout  ATM  2M  H@10Δ  [Spot > 200DMA],single,1387,10000000.0,108577088.27628164,2774000.0,121455100.0196384,12878011.743356768,-18127701.593795713,36.84210526315789,111.86070832051401,0.2700263526418782,-0.047817592275072617,-2.6676825051499784,1.5178446498018918,-31.74238972699482,-1.5656622420769644,10,50.0,-7205301.04590162,0.07658661876735486,1.2587799827206672,91.15886231632368,100.0,8.868060562364816,,,,
USDKRW CALL-upout  ATM  10W  H@10Δ  [Spot > 200DMA],single,1382,10000000.0,115841326.38007146,2764000.0,132122788.30023752,16281461.920166068,-14576422.939425895,39.507959479015916,114.05496848917902,0.3089394023698762,-0.02833267062514442,-2.809837433255194,1.62100847255,-57.213401941411135,-1.6493411431751444,10,60.0,-8230747.748957165,0.12063103614469138,1.308389818268844,78.16241313211867,100.0,8.5383502170767,,,,
USDKRW CALL-upout  ATM  3M  H@10Δ  [Spot > 200DMA],single,1369,10000000.0,130598284.09489919,2738000.0,139269006.4936877,8670722.398788493,-20798181.767270345,36.6691015339664,106.6392314867536,0.15148033438417338,-0.07323450169193393,-3.031637244594116,1.8802764486253067,-25.674735339018508,-1.9535109503172408,10,60.0,-11425405.64999353,0.045278629173615755,1.1345813931163733,89.50025623755694,100.0,9.203798392987581,,,,
USDKRW CALL-upout  45Δ  1M  H@10Δ  [Spot > 200DMA],single,1406,10000000.0,63832052.05336507,2812000.0,59640148.97734417,-4191903.076020898,-12210636.086054971,28.165007112375534,93.43291819520955,-0.1987465999941078,-0.6022089735703157,-3.141277105415399,1.3343422317070972,-2.215746178267959,-1.936551205277413,11,45.45454545454545,-4431320.08759912,-0.03667448872663574,0.848295821746304,72.35782180164074,100.0,10.099573257467995,,,,
USDKRW CALL-upout  45Δ  6W  H@10Δ  [Spot > 200DMA],single,1399,10000000.0,73609922.70013179,2798000.0,74426495.57323122,816572.8730994295,-12009155.425326927,32.380271622587564,101.10932445402226,0.03100955798107504,-0.27986660406125774,-2.2842003581158576,1.1839075998151125,-4.230256781748695,-1.4637742038763704,11,45.45454545454545,-3942499.5250259843,0.007276732650620443,1.0266341276258582,58.16734324468695,100.0,9.93566833452466,,,,
USDKRW CALL-upout  45Δ  2M  H@10Δ  [Spot > 200DMA],single,1387,10000000.0,87156807.35276853,2774000.0,97291336.38167004,10134529.0289015,-15900531.504943728,33.23720259552992,111.62792596094285,0.24806751496869114,-0.14869320067034808,-2.713503645032418,1.529713183484121,-10.28771441187473,-1.6784063841544692,10,50.0,-5903838.788571219,0.06871297501521444,1.240854064355082,80.73960590424612,100.0,8.868060562364816,,,,
USDKRW CALL-upout  45Δ  10W  H@10Δ  [Spot > 200DMA],single,1382,10000000.0,93085661.41622213,2764000.0,105197059.84770831,12111398.431486191,-13359669.272158928,35.09406657018813,113.0110247348745,0.2687989053898475,-0.16760184210335932,-2.8459005593640208,1.6887473756240439,-10.075947581665604,-1.8563492177274032,10,60.0,-6653705.296689529,0.09790732967593745,1.2709837605332697,71.45961881732053,100.0,8.5383502170767,,,,
USDKRW CALL-upout  45Δ  3M  H@10Δ  [Spot > 200DMA],single,1369,10000000.0,105228906.5815511,2738000.0,110784548.35286155,5555641.771310452,-17276408.773980565,32.57852447041636,105.2795775911678,0.11421332373684999,-0.17853624610441726,-3.094665953284925,1.852438774967185,-10.375701379336622,-2.030975021071602,10,60.0,-9539548.786708008,0.03492561969163638,1.0994552035070493,77.00518590168448,100.0,9.203798392987581,,,,
USDKRW CALL-upout  40Δ  1M  H@10Δ  [Spot > 200DMA],single,1406,10000000.0,49515559.44632207,2812000.0,44789730.12567093,-4725829.3206511345,-10440643.969118034,23.75533428165007,90.45587008711024,-0.27547793450569225,-0.6860329590217644,-3.2400111609247606,1.354225914480789,-1.9739954132988329,-2.0402588735025535,11,45.45454545454545,-3788866.9591550715,-0.04835505369967129,0.7930345018244219,65.82273033144841,100.0,10.099573257467995,,,,
USDKRW CALL-upout  40Δ  6W  H@10Δ  [Spot > 200DMA],single,1399,10000000.0,57002080.39782722,2798000.0,55232639.49496943,-1769440.902857799,-10397705.380044121,27.734095782701928,96.89583101088843,-0.08355652526135195,-0.44261985770406903,-2.523554895987607,1.193603698919574,-2.696679053468055,-1.636223556623643,11,45.45454545454545,-3244609.581865983,-0.01821178401715551,0.9321876029989749,58.88422232438347,100.0,9.93566833452466,,,,
USDKRW CALL-upout  40Δ  2M  H@10Δ  [Spot > 200DMA],single,1387,10000000.0,67375416.04525587,2774000.0,74527447.91140178,7152031.866145914,-13436812.60864689,29.41600576784427,110.61519510520266,0.21211281868618875,-0.28779894852270754,-2.7378639185542895,1.5634653790364033,-5.432491630222356,-1.8512643275591107,10,50.0,-4654546.269326487,0.05738257107363756,1.2048718928398696,69.10293008916854,100.0,8.868060562364816,,,,
USDKRW CALL-upout  40Δ  10W  H@10Δ  [Spot > 200DMA],single,1382,10000000.0,71916187.61757952,2764000.0,79644838.68759364,7728651.070014119,-11974814.418826962,30.17366136034732,110.74674746541334,0.2081529606094789,-0.2934071438374469,-2.870501275197419,1.7098118279796517,-5.82743762001555,-2.0032189718170987,10,60.0,-5191169.45262068,0.06970300958180471,1.2060592050261003,63.88997635525812,100.0,8.5383502170767,,,,
USDKRW CALL-upout  40Δ  3M  H@10Δ  [Spot > 200DMA],single,1369,10000000.0,81216353.95411697,2738000.0,83940275.67612079,2723921.7220038073,-13633381.482725926,28.56099342585829,103.35390791310661,0.06901445707559323,-0.2643259012186254,-3.1193846339864995,1.7811477675273362,-6.738453399064131,-2.0454736687459616,10,60.0,-7401297.5114470245,0.02169973314958618,1.0587991429872339,63.835985041009685,100.0,9.203798392987581,,,,
USDKRW CALL-upout  35Δ  1M  H@10Δ  [Spot > 200DMA],single,1406,10000000.0,36984054.5081913,2812000.0,32486215.901851133,-4497838.606340168,-8459118.606796032,20.554765291607396,87.838438304962,-0.3367074853471547,-0.7529561824257887,-3.3197121613123617,1.3549097759285977,-1.7994536834314891,-2.1078659583543864,11,45.45454545454545,-3027077.2821923294,-0.056802817425882085,0.7489537502260373,56.046515978680084,100.0,10.099573257467995,,,,
USDKRW CALL-upout  35Δ  6W  H@10Δ  [Spot > 200DMA],single,1399,10000000.0,42462851.832081154,2798000.0,38653964.89568135,-3808886.936399799,-8503276.695088033,23.016440314510366,91.03007270575702,-0.2348750005316063,-0.6417387954662847,-2.6706688448896214,1.208824584934169,-1.8836707293905182,-1.8505633804004535,11,45.45454545454545,-2519788.595726118,-0.04793643208930474,0.8221935748204011,56.934443637856106,100.0,9.93566833452466,,,,
USDKRW CALL-upout  35Δ  2M  H@10Δ  [Spot > 200DMA],single,1387,10000000.0,50054868.66972816,2774000.0,54620769.7666396,4565901.096911427,-10557102.704565715,25.666906993511173,109.12179218177185,0.1708789482324288,-0.4407463633974652,-2.757400101194198,1.6078763229254502,-3.6480762099345263,-2.0486226863229153,10,50.0,-3552893.4960520896,0.04662604475869076,1.1652922510863124,55.68979116199764,100.0,8.868060562364816,,,,
USDKRW CALL-upout  35Δ  10W  H@10Δ  [Spot > 200DMA],single,1382,10000000.0,53378928.54076518,2764000.0,57914243.35943612,4535314.818670942,-9936082.958263917,25.83212735166425,108.49645158240173,0.1549484565307003,-0.39057194735020445,-2.8836814398490502,1.6766320768088665,-4.292761137055044,-2.067204024159071,10,50.0,-3867958.7096039266,0.04929567882838383,1.1512844621990521,52.72867860533631,100.0,8.5383502170767,,,,
USDKRW CALL-upout  35Δ  3M  H@10Δ  [Spot > 200DMA],single,1369,10000000.0,60186761.31091321,2738000.0,61112854.28787647,926092.9769632644,-10275215.73632497,24.98173849525201,101.53869880484056,0.030357670688940682,-0.34286441798146305,-3.1491525090029784,1.7045723834151356,-4.9715639594520225,-2.0474368013965987,10,60.0,-5498078.651379659,0.009788744636775936,1.0255529661837308,50.21324135719121,100.0,9.203798392987581,,,,
USDKRW CALL-upout  30Δ  1M  H@10Δ  [Spot > 200DMA],single,1406,10000000.0,26170982.2394565,2812000.0,22261550.850837436,-3909431.388619066,-6314476.285141005,16.856330014224753,85.06196155402591,-0.3992225251870423,-0.8346487782945179,-3.3027510540055895,1.3256795677714417,-1.5883082827728725,-2.1603283460659597,11,45.45454545454545,-2176757.5248720828,-0.06614048616113487,0.7007699019267589,44.36113631722506,100.0,10.099573257467995,,,,
USDKRW CALL-upout  30Δ  6W  H@10Δ  [Spot > 200DMA],single,1399,10000000.0,29915354.475540616,2798000.0,24981648.569491416,-4933705.906049201,-7545849.379267401,17.8699070764832,83.50778056103898,-0.42322319000760084,-0.9135229484749203,-2.723820748511821,1.3364483339151072,-1.4629608770597817,-2.2499712823900273,11,45.45454545454545,-1837889.5449682174,-0.06997115813156193,0.700803173352451,51.14095690639343,100.0,9.93566833452466,,,,
USDKRW CALL-upout  30Δ  2M  H@10Δ  [Spot > 200DMA],single,1387,10000000.0,35103971.85871744,2774000.0,37300183.327401266,2196211.46868382,-7896213.396997485,20.76423936553713,106.25630477805443,0.11047426384322556,-0.6309539558899936,-2.7620414954854677,1.6692006700220294,-2.6455189866708015,-2.300154625912023,10,40.0,-2596342.1733061657,0.02998486523926326,1.1054135148688822,42.81153948760704,100.0,8.868060562364816,,,,
USDKRW CALL-upout  30Δ  10W  H@10Δ  [Spot > 200DMA],single,1382,10000000.0,37376414.53476995,2764000.0,39603651.40544589,2227236.8706759363,-7658736.655894884,21.924746743849493,105.95893666741098,0.10360549657142303,-0.4903406315034145,-2.8852372238690984,1.642710446253366,-3.3501413929674047,-2.1330510777567806,10,50.0,-2696415.61843572,0.03140695933330086,1.0992867811377516,40.26522360768032,100.0,8.5383502170767,,,,
USDKRW CALL-upout  30Δ  3M  H@10Δ  [Spot > 200DMA],single,1369,10000000.0,42029715.801583186,2738000.0,41611573.573509976,-418142.2280732142,-7390564.754995564,21.0372534696859,99.00512715801551,-0.01920170258464651,-0.4203294923725986,-3.217706272372257,1.6504346352570733,-3.926525892677679,-2.0707641276296718,10,60.0,-3866885.56136801,-0.006144828406440089,0.9840716032960779,36.802814824126735,100.0,9.203798392987581,,,,
USDKRW CALL-upout  25Δ  1M  H@10Δ  [Spot > 200DMA],single,1406,10000000.0,17091364.741287194,2812000.0,13680277.148532975,-3411087.592754221,-4616023.952625439,12.731152204836416,80.04204085286332,-0.5249266780397474,-1.0214157500915448,-3.2409270373185612,1.2617540851082631,-1.2352992256044395,-2.283169835199808,11,36.36363636363637,-1411573.734843078,-0.07894342086827508,0.6157244595008866,33.29291853264599,100.0,10.099573257467995,,,,
USDKRW CALL-upout  25Δ  6W  H@10Δ  [Spot > 200DMA],single,1399,10000000.0,19377409.173714302,2798000.0,14348387.904418424,-5029021.2692958815,-6424509.655571314,12.294496068620443,74.0469883036902,-0.6618352056229214,-1.152165268965684,-3.437721473097369,1.4072752195370846,-1.2214178446816197,-2.5594404885027684,11,45.45454545454545,-1350355.4218140326,-0.08377171808843024,0.5746870734512627,42.12440825916099,100.0,9.93566833452466,,,,
USDKRW CALL-upout  25Δ  2M  H@10Δ  [Spot > 200DMA],single,1387,10000000.0,22544483.312885743,2774000.0,22989312.612227533,444829.29934178945,-5580948.517998834,14.852198990627253,101.9731181822541,0.033420294428408555,-0.8432494701190165,-3.0783595494254867,1.7609710846138504,-2.08831567289963,-2.604220554732867,10,40.0,-1957888.2360447436,0.008592750298483824,1.031022350819127,30.938437239876006,100.0,8.868060562364816,,,,
USDKRW CALL-upout  25Δ  10W  H@10Δ  [Spot > 200DMA],single,1382,10000000.0,23932136.54932044,2764000.0,23773272.168698333,-158864.38062210847,-5555360.639089888,17.14905933429812,99.33618805703071,-0.011311215241912687,-0.6614509585885037,-2.888347607841749,1.622340139303763,-2.452699052346585,-2.2837910978922666,10,50.0,-1808462.4679572072,-0.0030883811836547375,0.9896138883030775,29.60488560801568,100.0,8.5383502170767,,,,
USDKRW CALL-upout  25Δ  3M  H@10Δ  [Spot > 200DMA],single,1369,10000000.0,26772239.83078654,2738000.0,24938006.204521187,-1834233.626265355,-4759234.325995261,15.266617969320674,93.14874796483747,-0.13250634639986084,-0.5459135590615678,-3.241043313721786,1.5699973286876099,-2.8759082873604656,-2.1159108877491777,10,50.0,-2453225.804768015,-0.041858235778032764,0.8949975829095937,25.800105989757277,100.0,9.203798392987581,,,,
USDKRW CALL-upout  ATM  1M  H@10Δ  [20DMA > 50DMA],single,1409,10000000.0,81059693.47176915,2818000.0,85892080.1124027,4832386.640633544,-11214518.851950064,34.918381831085874,105.96151605522235,0.17304345054822334,-0.30507649305499435,-2.476056456924891,1.3666456235663222,-4.479681832844345,-1.6717221166213165,11,54.54545454545454,-3285131.427500636,0.043816221795636046,1.1612392747473412,52.46814091023343,100.0,9.794180269694818,,,,
USDKRW CALL-upout  ATM  6W  H@10Δ  [20DMA > 50DMA],single,1402,10000000.0,93526183.55442119,2804000.0,104596058.06398651,11069874.50956532,-10225755.063018095,37.803138373751786,111.83612341363632,0.31809637863783385,-0.13980892114789936,-3.0732366991479987,1.453590011277357,-10.396976096680202,-1.5933989324252564,11,54.54545454545454,-4726031.261974735,0.11023161231102366,1.3119257067271195,45.88082334605426,100.0,10.413694721825962,,,,
USDKRW CALL-upout  ATM  2M  H@10Δ  [20DMA > 50DMA],single,1397,10000000.0,111439835.10689479,2794000.0,132844071.24735537,21404236.14046059,-16318376.805586688,38.0100214745884,119.20698834481347,0.43919939878254577,-0.030969980395724586,-1.8623940029261659,1.3878039579673145,-44.81126368936614,-1.418773938363039,11,45.45454545454545,-5721429.411816919,0.13606517232676238,1.4739453680423902,72.94589689845826,100.0,10.808876163206872,,,,
USDKRW CALL-upout  ATM  10W  H@10Δ  [20DMA > 50DMA],single,1397,10000000.0,119329733.1555588,2794000.0,139618882.29898128,20289149.1434225,-14607049.830199258,38.08160343593415,117.00259324050732,0.38126155378942983,0.1438081633816411,-2.214962127727339,1.1212739961177918,7.7970121427817105,-0.9774658327361507,11,54.54545454545454,-7418483.540510052,0.143964578040414,1.3968942404707971,63.896658504880286,100.0,11.309949892627058,,,,
USDKRW CALL-upout  ATM  3M  H@10Δ  [20DMA > 50DMA],single,1397,10000000.0,135945667.06426457,2794000.0,144873162.95597908,8927495.891714519,-21552032.08520123,36.077308518253396,106.56695875970381,0.1509754863367522,-0.042089959879497284,-3.3184996267877716,1.7148644274469627,-40.74283825303197,-1.75695438732646,11,63.63636363636363,-12179255.967924416,0.043006670699893994,1.1333954024181618,96.48206847124841,100.0,11.596277738010022,,,,
USDKRW CALL-upout  45Δ  1M  H@10Δ  [20DMA > 50DMA],single,1409,10000000.0,64894793.835247785,2818000.0,67288456.90063943,2393663.0653916523,-10114705.01686816,31.156848828956708,103.68852865372926,0.10059532996372471,-0.38272856102288766,-2.751440226364686,1.390577507743907,-3.6333256761069075,-1.7733060687667948,11,54.54545454545454,-2994670.550126782,0.024063771420177307,1.0902089901661403,48.843915431547664,100.0,9.794180269694818,,,,
USDKRW CALL-upout  45Δ  6W  H@10Δ  [20DMA > 50DMA],single,1402,10000000.0,74909423.36650607,2804000.0,82043289.09294468,7133865.726438611,-9143001.496355668,33.737517831669045,109.52332217474839,0.24254963751181668,-0.26182133003753355,-3.256878268594089,1.5036163571440793,-5.7429100865408005,-1.7654376871816129,11,54.54545454545454,-4185724.789903149,0.07945019873460872,1.2322396181961526,41.75865161160517,100.0,10.413694721825962,,,,
USDKRW CALL-upout  45Δ  2M  H@10Δ  [20DMA > 50DMA],single,1397,10000000.0,89401398.64490348,2794000.0,106888059.70451094,17486661.059607457,-14343030.36507,34.5025053686471,119.55971754878615,0.41648711670629,-0.11803610910977942,-2.1467467757406453,1.437930256760585,-12.18212178972486,-1.5559663658703644,11,45.45454545454545,-4854345.378158792,0.12647077327960332,1.4540410873459015,64.44783168108144,100.0,10.808876163206872,,,,
USDKRW CALL-upout  45Δ  10W  H@10Δ  [20DMA > 50DMA],single,1397,10000000.0,95826122.190707,2794000.0,112243386.91045624,16417264.719749235,-12699923.179966059,34.430923407301364,117.13234799074581,0.3589066621891815,0.08474563073067229,-2.644623855545724,1.16793663836755,13.781673796013587,-1.0831910076368778,11,63.63636363636363,-6971849.966828437,0.13398433710568247,1.379968322925209,55.71074814020497,100.0,11.309949892627058,,,,
USDKRW CALL-upout  45Δ  3M  H@10Δ  [20DMA > 50DMA],single,1397,10000000.0,109456674.5149647,2794000.0,115262040.92398186,5805366.409017151,-18466757.33544231,32.42662848962062,105.30380302045764,0.1150884672359053,-0.13586266165495414,-3.526366174283335,1.7020773641693927,-12.527925946954445,-1.8379400258243468,11,63.63636363636363,-10793956.013856128,0.0326387398591383,1.100466710990328,84.25532246681657,100.0,11.596277738010022,,,,
USDKRW CALL-upout  40Δ  1M  H@10Δ  [20DMA > 50DMA],single,1409,10000000.0,50331351.269093886,2818000.0,50853788.92700602,522437.657912137,-8615296.455138067,26.40170333569908,101.03799648676022,0.0266824959761589,-0.470412695321444,-3.189475597803607,1.4328914921640696,-3.0460306586431334,-1.9033041874855137,11,54.54545454545454,-2542963.045547242,0.006166207628556064,1.0232304660126819,43.870588511538486,100.0,9.794180269694818,,,,
USDKRW CALL-upout  40Δ  6W  H@10Δ  [20DMA > 50DMA],single,1402,10000000.0,57999706.39906363,2804000.0,61464103.88021301,3464397.4811493806,-7851220.241717845,28.88730385164051,105.97312934191909,0.14493806590294228,-0.39935972178045703,-3.3037595239790223,1.533353584567955,-3.839529879808201,-1.9327133063484119,11,45.45454545454545,-3617300.671826707,0.04493134319736469,1.1314580735742978,37.37185058589467,100.0,10.413694721825962,,,,
USDKRW CALL-upout  40Δ  2M  H@10Δ  [20DMA > 50DMA],single,1397,10000000.0,69101069.49488375,2794000.0,82326693.32140204,13225623.826518308,-12059281.06127163,30.708661417322837,119.13953564423127,0.37786095575095113,-0.246051400887871,-2.5763733676654534,1.5384392100034159,-6.252511485209969,-1.7844906108912868,11,45.45454545454545,-4014249.110387402,0.11376769217124633,1.411578301229568,55.26991613854033,100.0,10.808876163206872,,,,
USDKRW CALL-upout  40Δ  10W  H@10Δ  [20DMA > 50DMA],single,1397,10000000.0,74024371.28350282,2794000.0,86499949.55497462,12475578.271471798,-10476982.404514395,30.064423765211167,116.853339049233,0.3286451999857596,0.02189722384142194,-3.0659082679839385,1.2206716197641996,55.745496717036474,-1.1987743959227777,11,63.63636363636363,-6116495.966089351,0.12341808277450919,1.3443623679472638,46.7340662559785,100.0,11.309949892627058,,,,
USDKRW CALL-upout  40Δ  3M  H@10Δ  [20DMA > 50DMA],single,1397,10000000.0,84470785.10134147,2794000.0,87563038.21130547,3092253.1099639903,-14729348.743013859,28.632784538296352,103.66073679350103,0.07512083384872277,-0.23923926092003686,-3.6720739636218203,1.6878460187119901,-7.055054476514766,-1.927085279632027,11,63.63636363636363,-8787252.76493567,0.021796455716932568,1.0644044313337162,69.75460135597122,100.0,11.596277738010022,,,,
USDKRW CALL-upout  35Δ  1M  H@10Δ  [20DMA > 50DMA],single,1409,10000000.0,37583267.38308179,2818000.0,36922125.10811205,-661142.2749697382,-6916118.837653944,22.64017033356991,98.24086003957349,-0.04297442150865462,-0.5677922591663163,-3.5197658439871975,1.4672598638412293,-2.5841491146702005,-2.035052123007546,11,45.45454545454545,-2015991.3435109654,-0.00972045015102372,0.9632310975303399,37.71388291204085,100.0,9.794180269694818,,,,
USDKRW CALL-upout  35Δ  6W  H@10Δ  [20DMA > 50DMA],single,1402,10000000.0,43195563.09620617,2804000.0,43691123.25994857,495560.163742397,-6389829.058992754,24.037089871611983,101.1472478380214,0.026647546401009272,-0.5719377093852844,-3.561011914676844,1.5869370845628081,-2.774667692865434,-2.1588747939480926,11,45.45454545454545,-2971772.29297073,0.007897070145802529,1.0226551832357738,35.44061572073253,100.0,10.413694721825962,,,,
USDKRW CALL-upout  35Δ  2M  H@10Δ  [20DMA > 50DMA],single,1397,10000000.0,51325051.316186115,2794000.0,60611696.850899085,9286645.53471297,-9418008.02216541,26.342161775232643,118.09378714012952,0.33072285719759237,-0.44966663952247515,-3.4073181011211795,1.7638812595355549,-3.922642029679395,-2.21354789905803,11,45.45454545454545,-3703808.6967580607,0.10228784114555486,1.360871633804275,45.479066922541804,100.0,10.808876163206872,,,,
USDKRW CALL-upout  35Δ  10W  H@10Δ  [20DMA > 50DMA],single,1397,10000000.0,54932172.683385976,2794000.0,64103577.32743205,9171404.644046087,-8444593.648638213,26.342161775232643,116.69587091868287,0.3030308776139176,-0.025629106646328205,-3.306147263529431,1.2477359533085266,-48.68433264283465,-1.2733650599548547,11,63.63636363636363,-4990284.329022667,0.11256708596188306,1.3155419773244545,36.92695218832957,100.0,11.309949892627058,,,,
USDKRW CALL-upout  35Δ  3M  H@10Δ  [20DMA > 50DMA],single,1397,10000000.0,62587035.01468451,2794000.0,63763727.92484571,1176692.9101612056,-11312232.006239327,25.268432355046528,101.8800905169659,0.036770758945444335,-0.3512042347559965,-3.7709278096920587,1.6768489389744048,-4.774569247832153,-2.0280531737304015,11,63.63636363636363,-6727055.072301221,0.010799638603244415,1.0311216789658906,54.98037996625559,100.0,11.596277738010022,,,,
USDKRW CALL-upout  30Δ  1M  H@10Δ  [20DMA > 50DMA],single,1409,10000000.0,26582969.599287592,2818000.0,25309022.433106937,-1273947.166180655,-5082014.5118353665,18.594748048261177,95.20765668627631,-0.11243450225630411,-0.6997224068138226,-3.9979440630662504,1.5299393554610605,-2.1864947307141707,-2.2296617622748833,11,36.36363636363637,-1453943.337736874,-0.025489975194339005,0.9037926384289914,29.661925983030766,100.0,9.794180269694818,,,,
USDKRW CALL-upout  30Δ  6W  H@10Δ  [20DMA > 50DMA],single,1402,10000000.0,30418914.519258376,2804000.0,29020922.48340479,-1397992.035853585,-5415768.770737464,19.614835948644792,95.40420143865256,-0.10232672454914063,-0.8235356642324451,-3.8255652422078814,1.7356010843987828,-2.107499601752408,-2.5591367486312278,11,45.45454545454545,-2281740.5444774297,-0.026284724635198466,0.9174447710390005,31.381883913973518,100.0,10.413694721825962,,,,
USDKRW CALL-upout  30Δ  2M  H@10Δ  [20DMA > 50DMA],single,1397,10000000.0,35980096.21553976,2794000.0,41958688.79233992,5978592.576800162,-6864347.129758317,21.832498210450964,116.61638851932257,0.2808003618259173,-0.6730559482679032,-4.7098245945998265,2.0557549451736485,-3.0543596716797397,-2.7288108934415516,11,45.45454545454545,-3273475.9675536,0.09034911865880157,1.2957730599394714,34.70618643807256,100.0,10.808876163206872,,,,
USDKRW CALL-upout  30Δ  10W  H@10Δ  [20DMA > 50DMA],single,1397,10000000.0,38449544.82967076,2794000.0,44662322.961526036,6212778.131855279,-6163642.325833813,22.548317823908377,116.15826184517275,0.2759428186147093,-0.07821469311134877,-3.4476551839165026,1.269319566337557,-16.228658783209898,-1.3475342594489057,11,63.63636363636363,-3659490.9877226697,0.10447268119192557,1.2836722163569867,26.719864814194548,100.0,11.309949892627058,,,,
USDKRW CALL-upout  30Δ  3M  H@10Δ  [20DMA > 50DMA],single,1397,10000000.0,43691074.94597636,2794000.0,43141596.51960854,-549478.4263678221,-8085053.992512867,21.045096635647816,98.74235544205024,-0.023811051822973064,-0.4766884875856729,-3.933232896835092,1.7008243541569625,-3.5679996443196704,-2.1775128417426353,11,54.54545454545454,-4819730.894553113,-0.007056057493289121,0.9801664831514327,41.259707143812996,100.0,11.596277738010022,,,,
USDKRW CALL-upout  25Δ  1M  H@10Δ  [20DMA > 50DMA],single,1409,10000000.0,17345853.290616877,2818000.0,15626225.992674222,-1719627.2979426573,-3682668.7107140953,14.47835344215756,90.08623404607673,-0.22572308725152693,-0.8733604959793769,-4.114046491581244,1.5183515737032782,-1.7385164324390645,-2.3917120696826553,11,36.36363636363637,-980969.1537452603,-0.04748162517647451,0.8112225412060754,22.668151874120326,100.0,9.794180269694818,,,,
USDKRW CALL-upout  25Δ  6W  H@10Δ  [20DMA > 50DMA],single,1402,10000000.0,19688080.776636757,2804000.0,17140012.921377596,-2548067.8552591633,-5119277.609189343,13.69472182596291,87.05781490757151,-0.2777402523577659,-1.073675413356274,-4.015463823931021,1.866452625151274,-1.7383769824036526,-2.940128038507548,11,36.36363636363637,-1700110.1425665014,-0.050682864901447994,0.7927805090892053,26.771703968335213,100.0,10.413694721825962,,,,
USDKRW CALL-upout  25Δ  2M  H@10Δ  [20DMA > 50DMA],single,1397,10000000.0,23088828.629704773,2794000.0,26273449.303286634,3184620.6735818638,-4753311.594932215,16.32068718682892,113.79290705759195,0.22026216064841236,-0.8190420363650595,-5.172938634753593,2.1729524239194533,-2.6530413915787534,-2.9919944602845128,11,45.45454545454545,-2371955.031624473,0.06950013128775491,1.2253081649861548,24.60151546620737,100.0,10.808876163206872,,,,
USDKRW CALL-upout  25Δ  10W  H@10Δ  [20DMA > 50DMA],single,1397,10000000.0,24601029.115986045,2794000.0,27600643.590034828,2999614.474048782,-4158603.0184183638,18.181818181818183,112.1930446889297,0.19947578937017194,-0.18250382755263192,-3.6406507006702027,1.3033933467073409,-7.141731569062341,-1.4858971742599727,11,72.72727272727273,-2487295.5689920518,0.07476051784443301,1.197955027292443,19.216882527096388,100.0,11.309949892627058,,,,
USDKRW CALL-upout  25Δ  3M  H@10Δ  [20DMA > 50DMA],single,1397,10000000.0,27811494.023964684,2794000.0,25670900.80502809,-2140593.2189365993,-5297200.4495346835,15.103793843951324,92.30320666307217,-0.1429213384112499,-0.6617605498048585,-4.137213182363408,1.7163539909605348,-2.593617875025426,-2.3781145407653934,11,54.54545454545454,-3121926.800259903,-0.041954845639033685,0.8856885770103524,29.973309459014658,100.0,11.596277738010022,,,,
USDKRW CALL-upout  ATM  1M  H@10Δ  [50DMA > 200DMA (golden cross)],single,1383,10000000.0,78437582.20081969,2766000.0,65842403.06693801,-12595179.133881671,-14130566.82731786,29.42877801879971,83.94241793221661,-0.5345448113399337,-0.8571776799902693,-3.5770649910247796,1.3387665134173399,-1.5618308136914363,-2.195944193407609,10,30.0,-6576784.791288233,-0.09609296373174692,0.6293545607773599,89.62742118278223,100.0,10.339840925524223,,,,
USDKRW CALL-upout  ATM  6W  H@10Δ  [50DMA > 200DMA (golden cross)],single,1376,10000000.0,90494828.18654098,2752000.0,84157480.90708664,-6337347.279454334,-16070986.18719988,33.13953488372093,92.99700612018304,-0.2108657850325256,-0.486413480482622,-3.634867582657123,1.609505610260242,-3.308924762248123,-2.095919090742864,10,30.0,-7732327.6874254495,-0.042612646088760885,0.8380794563559869,77.13043950863975,100.0,9.738372093023257,,,,
USDKRW CALL-upout  ATM  2M  H@10Δ  [50DMA > 200DMA (golden cross)],single,1364,10000000.0,107060065.33044001,2728000.0,114268033.57466134,7207968.244221337,-23423232.6872594,35.19061583577713,106.7326394972523,0.15896642138542513,-0.26885008947040046,-3.6709423846885163,1.921532154568851,-7.1472252747024125,-2.1903822440392515,10,40.0,-10195971.067952491,0.03349147728282157,1.1436459952415123,110.01277685642282,100.0,9.237536656891496,,,,
USDKRW CALL-upout  ATM  10W  H@10Δ  [50DMA > 200DMA (golden cross)],single,1359,10000000.0,114273854.65009908,2718000.0,129167622.39638323,14893767.746284124,-18667986.193724666,38.042678440029434,113.03339927745337,0.282009392594201,-0.11863429274499286,-3.382706222243511,1.7899781216732824,-15.088201566817458,-1.9086124144182752,10,50.0,-11376201.626462044,0.08701260747751596,1.278513119604485,83.59222579310169,100.0,8.682855040470933,,,,
USDKRW CALL-upout  ATM  3M  H@10Δ  [50DMA > 200DMA (golden cross)],single,1346,10000000.0,128886106.1519236,2692000.0,128971446.14804609,85339.99612250365,-15649357.35019216,35.73551263001486,100.06621349551976,0.001622822572395989,-0.24119512820597197,-2.532623994341012,1.4250040196151155,-5.9080961966952055,-1.6661991478210874,10,50.0,-9872668.619398618,0.0005977799480576443,1.0013656323581637,80.00684721420522,100.0,10.99554234769688,,,,
USDKRW CALL-upout  45Δ  1M  H@10Δ  [50DMA > 200DMA (golden cross)],single,1383,10000000.0,62825218.02224395,2766000.0,50601538.87808068,-12223679.144163262,-12760230.234777534,25.30730296456978,80.54335579092566,-0.6174123247789516,-0.9578265101181112,-3.6286950904521476,1.3443664542888767,-1.4035594547525112,-2.302192964406988,10,30.0,-5735937.930077866,-0.103273823021069,0.5871070727216343,85.8727177921451,100.0,10.339840925524223,,,,
USDKRW CALL-upout  45Δ  6W  H@10Δ  [50DMA > 200DMA (golden cross)],single,1376,10000000.0,72524085.2038619,2752000.0,65017660.00641203,-7506425.197449867,-14236238.201548673,29.433139534883722,89.64974852650724,-0.3022062168285622,-0.6007209863792051,-3.624308324384204,1.5925007315096473,-2.6509823489076196,-2.1932217178888527,10,30.0,-6544365.96932575,-0.056978556088388775,0.7759690461430299,76.03357300551146,100.0,9.738372093023257,,,,
USDKRW CALL-upout  45Δ  2M  H@10Δ  [50DMA > 200DMA (golden cross)],single,1364,10000000.0,85953945.60355508,2728000.0,91320280.4851327,5366334.881577592,-20127475.62928335,32.111436950146626,106.24326765210839,0.1393072232603417,-0.3517790962803288,-3.7625076401243853,1.9349544587891154,-5.500481635347577,-2.286733555069444,10,40.0,-8575484.86975243,0.029017282238798677,1.127123220917816,96.57733907892636,100.0,9.237536656891496,,,,
USDKRW CALL-upout  45Δ  10W  H@10Δ  [50DMA > 200DMA (golden cross)],single,1359,10000000.0,91843742.983419,2718000.0,103439139.69184844,11595396.708429454,-16388317.14240466,33.70125091979397,112.62513518261427,0.25725651392715176,-0.270988997345092,-3.537900178845404,1.8698690795686743,-6.900166050607147,-2.140858076913766,10,50.0,-9382734.221346654,0.07716606046497401,1.2583212016900656,75.36702604300378,100.0,8.682855040470933,,,,
USDKRW CALL-upout  45Δ  3M  H@10Δ  [50DMA > 200DMA (golden cross)],single,1346,10000000.0,103874209.94541797,2692000.0,101286633.20631762,-2587576.7391003547,-13135435.70846772,31.203566121842496,97.5089324477558,-0.058612878006531574,-0.3518695678020059,-2.5920528858842498,1.4374765012966964,-4.085253835039103,-1.7893460690987022,10,50.0,-7802611.630857833,-0.021594044259688517,0.9521007393572625,70.29058045496167,100.0,10.99554234769688,,,,
USDKRW CALL-upout  40Δ  1M  H@10Δ  [50DMA > 200DMA (golden cross)],single,1383,10000000.0,48734098.3754597,2766000.0,37446728.70880105,-11287369.66665865,-11663760.857465178,20.89660159074476,76.83886633195114,-0.7033389734762878,-1.062901232898032,-3.619261028132014,1.3395431280147474,-1.2602705562420347,-2.4024443609127797,10,30.0,-4726588.393120255,-0.10432801992953777,0.5462307503528268,77.56582155795412,100.0,10.339840925524223,,,,
USDKRW CALL-upout  40Δ  6W  H@10Δ  [50DMA > 200DMA (golden cross)],single,1376,10000000.0,56160120.8254191,2752000.0,47979371.8059748,-8180749.019444302,-11971060.973221038,25.1453488372093,85.43317055019307,-0.4171924209472106,-0.738847412203382,-3.636999289430499,1.5711964574309625,-2.1265506672688463,-2.3100438696343444,10,30.0,-5273755.311036983,-0.0738471859316663,0.706988161440293,71.93508403584057,100.0,9.738372093023257,,,,
USDKRW CALL-upout  40Δ  2M  H@10Δ  [50DMA > 200DMA (golden cross)],single,1364,10000000.0,66443789.53956452,2728000.0,69689817.15118456,3246027.6116200425,-16775232.460970912,28.519061583577717,104.88537398922313,0.10332402303260593,-0.46426270610723464,-3.833913712539367,1.9503375452192644,-4.200935202339467,-2.4146002513264992,10,40.0,-6950184.331855591,0.021059688111775415,1.0936560712465546,82.43748228503549,100.0,9.237536656891496,,,,
USDKRW CALL-upout  40Δ  10W  H@10Δ  [50DMA > 200DMA (golden cross)],single,1359,10000000.0,70954668.55164802,2718000.0,78830079.69567814,7875411.144030118,-14073099.846290095,29.80132450331126,111.09921489985904,0.21256132123561727,-0.38317369197632495,-3.6381661488094807,1.8890533281480795,-4.9300183381712905,-2.2722270201244044,10,50.0,-7431533.98499851,0.061032132395215065,1.2116134175581281,66.59361498757471,100.0,8.682855040470933,,,,
USDKRW CALL-upout  40Δ  3M  H@10Δ  [50DMA > 200DMA (golden cross)],single,1346,10000000.0,80168399.974123,2692000.0,75064729.93458644,-5103670.039536563,-10887404.757479258,26.671619613670135,93.63381327158339,-0.14414379756431447,-0.47326287980195964,-2.63974219644573,1.4410516205906272,-3.044928478636748,-1.9143145003925868,10,50.0,-6079747.2029083725,-0.05138583899611814,0.8864719556328594,62.06865353697095,100.0,10.99554234769688,,,,
USDKRW CALL-upout  35Δ  1M  H@10Δ  [50DMA > 200DMA (golden cross)],single,1383,10000000.0,36399901.08475734,2766000.0,26887774.934960514,-9512126.149796834,-9808110.982202405,17.859725234996386,73.86771428953116,-0.7641203227977253,-1.1396452681770899,-3.60309959125782,1.3271828843757305,-1.1645578860680172,-2.4668281525528206,10,30.0,-3622658.5640219883,-0.10455361486132533,0.5182758444392217,65.06051862241891,100.0,10.339840925524223,,,,
USDKRW CALL-upout  35Δ  6W  H@10Δ  [50DMA > 200DMA (golden cross)],single,1376,10000000.0,41834412.872507975,2752000.0,33539248.838234592,-8295164.034273374,-9580563.11567534,20.78488372093023,80.17143431759585,-0.561418162642081,-0.8960985782317941,-3.6165991105141724,1.5350556356603826,-1.7130432666118005,-2.4311542138921767,10,30.0,-4060242.6464070845,-0.0935637169644909,0.6293044563694434,64.88330780933269,100.0,9.738372093023257,,,,
USDKRW CALL-upout  35Δ  2M  H@10Δ  [50DMA > 200DMA (golden cross)],single,1364,10000000.0,49360755.452707574,2728000.0,50559858.495300904,1199103.0425933339,-13160589.151159951,24.633431085043988,102.42926395999388,0.049002336532871095,-0.6242409387090772,-3.9443384048819423,1.9552031717171643,-3.132129039406645,-2.5794441104262416,10,40.0,-5252820.706350212,0.009916295178230287,1.0436374439868292,66.57638464486132,100.0,9.237536656891496,,,,
USDKRW CALL-upout  35Δ  10W  H@10Δ  [50DMA > 200DMA (golden cross)],single,1359,10000000.0,52662946.25440419,2718000.0,57820012.73503084,5157066.480626656,-11226614.59989323,25.82781456953642,109.79259013674225,0.1769514477611444,-0.4594802844554227,-3.736949224096673,1.8676746067414598,-4.064754614999494,-2.3271548911968827,10,40.0,-5626229.858145979,0.05009899260596448,1.1771236237547706,54.221893863764365,100.0,8.682855040470933,,,,
USDKRW CALL-upout  35Δ  3M  H@10Δ  [50DMA > 200DMA (golden cross)],single,1346,10000000.0,59407452.995319545,2692000.0,53319165.01012357,-6088287.985195972,-9039039.263997687,22.436849925705797,89.75164280199718,-0.2241191147887765,-0.5971332782872792,-2.6535944052122162,1.463644689554849,-2.45111894241254,-2.060777967842128,10,50.0,-4873600.191621933,-0.07383429731089047,0.8283965385736165,51.85819006635531,100.0,10.99554234769688,,,,
USDKRW CALL-upout  30Δ  1M  H@10Δ  [50DMA > 200DMA (golden cross)],single,1383,10000000.0,25757102.0014814,2766000.0,18333043.96504181,-7424058.036439589,-7642763.412013551,14.244396240057844,71.1766563023565,-0.8192957136178409,-1.2182398633444582,-3.618457336565272,1.3365484525032716,-1.0971143636968326,-2.5547883158477296,10,30.0,-2556217.139071822,-0.10472196081430861,0.49274056396036214,49.82388484718758,100.0,10.339840925524223,,,,
USDKRW CALL-upout  30Δ  6W  H@10Δ  [50DMA > 200DMA (golden cross)],single,1376,10000000.0,29471189.6570253,2752000.0,21732725.82270939,-7738463.834315913,-8464540.923319368,16.206395348837212,73.74227533949846,-0.7360914039562492,-1.102724011925234,-3.570464785429267,1.5054759308885732,-1.3652336528522482,-2.6081999428138074,10,30.0,-2965181.1712415833,-0.09879270403596878,0.5422098185220939,55.37224182872634,100.0,9.738372093023257,,,,
USDKRW CALL-upout  30Δ  2M  H@10Δ  [50DMA > 200DMA (golden cross)],single,1364,10000000.0,34614870.991139404,2728000.0,33888571.73161459,-726299.2595248185,-10261363.279642709,19.868035190615835,97.90177100555789,-0.04094212684849657,-0.8412653888916143,-4.008955965564813,1.9292482583355692,-2.293269500695133,-2.7705136472271836,10,30.0,-3705835.8485799446,-0.007703335462110343,0.9649326800117445,51.34128545832954,100.0,9.237536656891496,,,,
USDKRW CALL-upout  30Δ  10W  H@10Δ  [50DMA > 200DMA (golden cross)],single,1359,10000000.0,36872368.06077638,2718000.0,39576148.50699483,2703780.446218455,-8407057.17396186,22.001471670345843,107.33280933234836,0.12517432474654092,-0.5497123639162371,-3.8046129438910103,1.8263195234918836,-3.3223184402855646,-2.3760318874081205,10,40.0,-3970571.453963069,0.035075389226013685,1.1254152395869843,41.1981486451524,100.0,8.682855040470933,,,,
USDKRW CALL-upout  30Δ  3M  H@10Δ  [50DMA > 200DMA (golden cross)],single,1346,10000000.0,41482324.437993735,2692000.0,35785410.57100968,-5696913.86698406,-6932752.0366509985,18.202080237741455,86.26664743558524,-0.29159917102926264,-0.7385052612570173,-3.0350168574601617,1.5171674272093916,-2.0543759222879543,-2.255672688466409,10,50.0,-3894124.330736878,-0.09007810020124432,0.7782734368127636,39.58247759830713,100.0,10.99554234769688,,,,
USDKRW CALL-upout  25Δ  1M  H@10Δ  [50DMA > 200DMA (golden cross)],single,1383,10000000.0,16820474.13869199,2766000.0,11341986.538045134,-5478487.600646859,-5639062.092027842,10.99060014461316,67.42964820447756,-0.9297508558668267,-1.3225038713296644,-3.646109517389233,1.2967794391295062,-0.9805486904365017,-2.6192833104591706,10,30.0,-1660283.7037195335,-0.1047371203843951,0.4540727835109623,35.537220678141026,100.0,10.339840925524223,,,,
USDKRW CALL-upout  25Δ  6W  H@10Δ  [50DMA > 200DMA (golden cross)],single,1376,10000000.0,19087998.680084474,2752000.0,12569601.408925125,-6518397.271159351,-6969004.840988482,11.26453488372093,65.8508082465432,-0.9462863315167314,-1.3446117149363597,-3.5647107104901874,1.4770624832466013,-1.098504844810541,-2.821674198182961,10,30.0,-1958398.6868414343,-0.10107496128024891,0.45162396609593564,42.97762499299261,100.0,9.738372093023257,,,,
USDKRW CALL-upout  25Δ  2M  H@10Δ  [50DMA > 200DMA (golden cross)],single,1364,10000000.0,22227577.820521034,2728000.0,20181821.88156844,-2045755.9389525913,-7417219.617999183,13.856304985337243,90.7963163801685,-0.1788327988775005,-1.1365240601443793,-4.116237220782943,1.9128582880307459,-1.683077688463317,-3.049382348175125,10,20.0,-2402180.2798074414,-0.030017944808373238,0.8551228209795726,37.668933943949504,100.0,9.237536656891496,,,,
USDKRW CALL-upout  25Δ  10W  H@10Δ  [50DMA > 200DMA (golden cross)],single,1359,10000000.0,23606097.98793626,2718000.0,23739895.839977037,133797.85204078164,-5918105.459624836,17.071376011773364,100.56679359760837,0.009238138653011773,-0.7154616100015829,-3.87920105384111,1.7674464345168206,-2.4703581712971436,-2.4829080445184033,10,40.0,-2560819.4292247687,0.002465707286374215,1.009147725672504,29.816792943563623,100.0,8.682855040470933,,,,
USDKRW CALL-upout  25Δ  3M  H@10Δ  [50DMA > 200DMA (golden cross)],single,1346,10000000.0,26419668.370933704,2692000.0,21684411.971738674,-4735256.39919503,-5471127.530419401,12.852897473997027,82.07677578419323,-0.36851391264189887,-0.9185346261321078,-3.9031261378988007,1.6425502624999502,-1.7882290071269575,-2.561084888632058,10,50.0,-2806935.53847453,-0.09487502281668025,0.725842188102447,29.03414162003852,100.0,10.99554234769688,,,,
USDKRW CALL-upout  ATM  1M  H@10Δ  [Realized vol (20d) < 252d p75],single,1648,10000000.0,88508443.27970384,3296000.0,85014436.73334554,-3494006.5463583097,-13928442.241629247,32.342233009708735,96.05234662718384,-0.14469781573379825,-0.6716641787393572,-3.872125152911316,1.8115876649715021,-2.6971628416624225,-2.4832518437108595,10,40.0,-6636271.093692355,-0.027748168457908395,0.8943194552069288,75.74176555619016,100.0,9.648058252427184,,,,
USDKRW CALL-upout  ATM  6W  H@10Δ  [Realized vol (20d) < 252d p75],single,1648,10000000.0,103140129.29926237,3296000.0,108991432.99087632,5851303.691613954,-15449029.28494187,37.01456310679612,105.67315915867847,0.18529130859608278,-0.1614603196750623,-3.3224237153758396,1.6567292470449015,-10.260906521051469,-1.818189566719964,10,50.0,-7371391.606162376,0.04195876726602987,1.1545359575218774,69.24087322271734,100.0,8.13106796116505,,,,
USDKRW CALL-upout  ATM  2M  H@10Δ  [Realized vol (20d) < 252d p75],single,1646,10000000.0,123800717.43065596,3292000.0,133517301.0133374,9716583.582681447,-27116514.221729275,35.358444714459296,107.84856807322136,0.21925821155408592,-0.45474404315581396,-5.636856160505734,2.3762212288106217,-5.225403750910555,-2.8309652719664355,10,50.0,-9609418.24611375,0.03976876204718498,1.1804920536997596,130.7509108257004,100.0,9.59902794653706,,,,
USDKRW CALL-upout  ATM  10W  H@10Δ  [Realized vol (20d) < 252d p75],single,1645,10000000.0,132715179.68547088,3290000.0,155642927.440723,22927747.755252086,-21062411.498904344,38.66261398176292,117.27590454203494,0.4716033847843871,0.0029479952618560734,-4.486127117682915,2.135844055524735,724.5072891263727,-2.132896060262879,10,70.0,-9832550.91448729,0.12162661099871694,1.429918142913251,96.70568462689876,100.0,8.814589665653495,,,,
USDKRW CALL-upout  ATM  3M  H@10Δ  [Realized vol (20d) < 252d p75],single,1642,10000000.0,151308227.02095664,3284000.0,185592434.34899133,34284207.328034684,-18282809.683185104,39.646772228989036,122.65852161712674,0.5906640678465563,-0.046143137721384654,-8.38226691131669,2.9604534261749365,-64.15804326204152,-3.0065965638963212,10,70.0,-11000024.562266605,0.20971293506543184,1.5538803910874146,84.33288688460108,100.0,8.160779537149818,,,,
USDKRW CALL-upout  45Δ  1M  H@10Δ  [Realized vol (20d) < 252d p75],single,1648,10000000.0,70921191.2821796,3296000.0,65512405.90250734,-5408785.3796722405,-12619389.312023029,28.033980582524272,92.37352717588755,-0.26287393125196856,-0.8271712885700906,-3.7782655625045645,1.7531235789639044,-2.1194202496975967,-2.580294867533995,10,40.0,-5283452.42329627,-0.04741050333063626,0.8174874055163521,75.09474192956985,100.0,9.648058252427184,,,,
USDKRW CALL-upout  45Δ  6W  H@10Δ  [Realized vol (20d) < 252d p75],single,1648,10000000.0,82682581.28620929,3296000.0,83952045.43610722,1269464.1498979311,-14148116.079685021,32.58495145631068,101.53534653871488,0.04807272461715926,-0.3324639337354852,-3.3018564138930038,1.6224414271304668,-4.880052428247188,-1.954905360865952,10,40.0,-5881185.2746627405,0.009940153793975798,1.037591932047837,73.5745642072996,100.0,8.13106796116505,,,,
USDKRW CALL-upout  45Δ  2M  H@10Δ  [Realized vol (20d) < 252d p75],single,1646,10000000.0,99407554.74988768,3292000.0,105464338.62190093,6056783.87201326,-23974887.702913623,31.95625759416768,106.09288085523512,0.1597507873309743,-0.6294017846161826,-6.568358494798431,2.5483192978589164,-4.048795793314941,-3.1777210824750988,10,50.0,-8809022.360733226,0.02803805203584129,1.1292098119235117,120.99940987186004,100.0,9.59902794653706,,,,
USDKRW CALL-upout  45Δ  10W  H@10Δ  [Realized vol (20d) < 252d p75],single,1645,10000000.0,106674590.77501456,3290000.0,122797405.86203435,16122815.087019794,-19641959.366942953,34.7112462006079,115.1140163462395,0.38647459887521823,-0.14843992566421413,-5.165146532035757,2.2634654385721484,-15.248360092097677,-2.4119053642363624,10,70.0,-8945617.080658095,0.09171309905141913,1.3450264880438025,94.3448306486349,100.0,8.814589665653495,,,,
USDKRW CALL-upout  45Δ  3M  H@10Δ  [Realized vol (20d) < 252d p75],single,1642,10000000.0,121942831.09648237,3284000.0,147864210.5518071,25921379.455324754,-17705367.68172263,35.505481120584655,121.25699331583952,0.5184825123558897,-0.45211836345305356,-11.62029573728433,3.8486011086025966,-8.512375120552303,-4.3007194720556505,10,70.0,-10111819.336356096,0.1637296011158321,1.4731195816823348,83.50743184361492,100.0,8.160779537149818,,,,
USDKRW CALL-upout  40Δ  1M  H@10Δ  [Realized vol (20d) < 252d p75],single,1648,10000000.0,55050790.84954716,3296000.0,48585561.4473442,-6465229.402202969,-11095997.840059146,24.21116504854369,88.25588279036296,-0.3810687054989994,-0.9905246594707707,-3.6732930401920227,1.7149317239433826,-1.7313367290216244,-2.705456383414153,10,40.0,-4077984.12667517,-0.06445115899554056,0.7453308964941493,72.05385159495475,100.0,9.648058252427184,,,,
USDKRW CALL-upout  40Δ  6W  H@10Δ  [Realized vol (20d) < 252d p75],single,1648,10000000.0,64058536.80555458,3296000.0,61402762.03807527,-2655774.7674793173,-12383488.5342791,27.791262135922327,95.85414388164884,-0.1254594354693467,-0.5351822859738116,-3.3272902034353358,1.5858726251874435,-2.963238258721153,-2.121054911161255,10,40.0,-4684657.4245858155,-0.023758527001605974,0.9094086442012592,76.712409511844,100.0,8.13106796116505,,,,
USDKRW CALL-upout  40Δ  2M  H@10Δ  [Realized vol (20d) < 252d p75],single,1646,10000000.0,76869394.33051798,3292000.0,79371487.57587925,2502093.245361265,-20222535.783251815,27.33900364520049,103.25499279284409,0.08068451329462296,-0.8926695452479502,-8.118793367655805,2.874632447007641,-3.220264948334466,-3.7673019922555913,10,50.0,-7545114.2733684275,0.013731886977436276,1.0630543393919414,105.92085742768785,100.0,9.59902794653706,,,,
USDKRW CALL-upout  40Δ  10W  H@10Δ  [Realized vol (20d) < 252d p75],single,1645,10000000.0,82436453.07568178,3290000.0,92372994.01314887,9936540.9374671,-17082991.825919542,29.48328267477204,112.05357650255128,0.2900351922706052,-0.3006438048264381,-5.738004458320246,2.3432398632727374,-7.79407333746821,-2.6438836680991753,10,70.0,-7463762.738752118,0.06499000899433122,1.248689518194676,84.90078574951764,100.0,8.814589665653495,,,,
USDKRW CALL-upout  40Δ  3M  H@10Δ  [Realized vol (20d) < 252d p75],single,1642,10000000.0,94133956.72223045,3284000.0,112047383.87830105,17913427.15607059,-15869345.813964326,30.937880633373933,119.02971869006775,0.43514004085660624,-0.9167907628993083,-15.360397144470749,4.897776868790463,-5.342306082253131,-5.814567631689771,10,70.0,-8851166.28928896,0.12623904549621176,1.3868627665892244,76.3342267450054,100.0,8.160779537149818,,,,
USDKRW CALL-upout  35Δ  1M  H@10Δ  [Realized vol (20d) < 252d p75],single,1648,10000000.0,41160761.53611688,3296000.0,34486867.59509827,-6673893.941018613,-9406328.52145219,19.53883495145631,83.78578604489,-0.49628424128915083,-1.1592898800975848,-3.5293004203708938,1.6954852793288782,-1.462520555416354,-2.854775159426463,10,40.0,-3013318.5488501447,-0.07848240694019276,0.6773916505130662,66.29574666884578,100.0,9.648058252427184,,,,
USDKRW CALL-upout  35Δ  6W  H@10Δ  [Realized vol (20d) < 252d p75],single,1648,10000000.0,47756246.0878837,3296000.0,42264294.10739271,-5491951.980490988,-11367084.561547486,22.5121359223301,88.50003417273544,-0.3392398525294228,-0.7824359666631526,-3.532475744281062,1.557518171684533,-1.9906014524445574,-2.339954138347686,10,30.0,-3979137.7362935822,-0.0535240438649275,0.7748125160548428,77.0274733226103,100.0,8.13106796116505,,,,
USDKRW CALL-upout  35Δ  2M  H@10Δ  [Realized vol (20d) < 252d p75],single,1646,10000000.0,57137496.6434352,3292000.0,56732751.23470554,-404745.40872966126,-16109928.9435856,23.086269744835967,99.29162908334003,-0.01666216374667174,-1.23839905990081,-10.129132725113976,3.335983995522118,-2.6937875710187598,-4.574383055422928,10,50.0,-6121530.105410621,-0.002788371585238474,0.9874389214095823,87.45232204678565,100.0,9.59902794653706,,,,
USDKRW CALL-upout  35Δ  10W  H@10Δ  [Realized vol (20d) < 252d p75],single,1645,10000000.0,61214818.74083219,3290000.0,66378007.45352773,5163188.712695546,-13685210.04357949,24.86322188449848,108.4345405555396,0.1918328006110242,-0.4629471145321064,-6.355983198036106,2.4317851923519114,-5.252835833764035,-2.8947323068840176,10,60.0,-5944499.39181908,0.04215429546486273,1.1586574430193688,70.09370544780978,100.0,8.814589665653495,,,,
USDKRW CALL-upout  35Δ  3M  H@10Δ  [Realized vol (20d) < 252d p75],single,1642,10000000.0,69782896.28077325,3284000.0,81363149.66669515,11580253.385921894,-13077885.48582773,26.979293544457978,116.59468724159636,0.3585305263981164,-1.078496997718499,-16.08539083510271,5.067226994026457,-4.698415484462077,-6.145723991744957,10,70.0,-7246651.948351063,0.09902721748815546,1.3151305489698315,63.575144480211605,100.0,8.160779537149818,,,,
USDKRW CALL-upout  30Δ  1M  H@10Δ  [Realized vol (20d) < 252d p75],single,1648,10000000.0,29176910.698443662,3296000.0,23082707.984974414,-6094202.713469245,-7533773.3170576785,15.473300970873785,79.11292673698206,-0.6024165401523989,-1.3015863587265069,-3.612420654428871,1.6682374859253875,-1.2816955822720961,-2.969823844651894,10,40.0,-2329272.555125354,-0.08947825445306982,0.6179366411217435,55.89049384469824,100.0,9.648058252427184,,,,
USDKRW CALL-upout  30Δ  6W  H@10Δ  [Realized vol (20d) < 252d p75],single,1648,10000000.0,33688984.417104065,3296000.0,26910377.291821495,-6778607.125282569,-10099950.400235925,16.808252427184467,79.87886176277537,-0.5778186701816619,-1.0734798424783978,-3.918469219830891,1.5518551971533774,-1.4456304960235955,-2.625335039631775,10,30.0,-3146085.855016972,-0.07435197348081421,0.6471085156348706,71.13017899789146,100.0,8.13106796116505,,,,
USDKRW CALL-upout  30Δ  2M  H@10Δ  [Realized vol (20d) < 252d p75],single,1646,10000000.0,40107332.320059344,3292000.0,38059550.33337414,-2047781.9866851997,-11822258.12537249,18.226002430133658,94.89424534560477,-0.11438979490319925,-1.5699900740743757,-11.59273066023937,3.682461533652246,-2.3455317294431475,-5.252451607726622,10,50.0,-4468477.27476115,-0.019224082575814275,0.9166489254239308,67.06687451310596,100.0,9.59902794653706,,,,
USDKRW CALL-upout  30Δ  10W  H@10Δ  [Realized vol (20d) < 252d p75],single,1645,10000000.0,42897396.651963644,3290000.0,44748408.974452615,1851012.3224889692,-10324461.451055996,20.972644376899694,104.31497588887888,0.09343782395350954,-0.6613296144460108,-7.369268720039451,2.611651862048554,-3.9490925629216056,-3.272981476494565,10,60.0,-4457508.598762414,0.020031672298469208,1.0748765588756437,53.65384537062937,100.0,8.814589665653495,,,,
USDKRW CALL-upout  30Δ  3M  H@10Δ  [Realized vol (20d) < 252d p75],single,1642,10000000.0,48760957.80129278,3284000.0,55190215.41617109,6429257.6148783155,-9303642.860767515,23.142509135200974,113.18525702689924,0.276325581652795,-1.0289011614943742,-14.755017818987762,4.632817314247363,-4.502684502288507,-5.661718475741738,10,70.0,-5230648.699525714,0.07728262079220785,1.2366194397881562,45.91231488728297,100.0,8.160779537149818,,,,
USDKRW CALL-upout  25Δ  1M  H@10Δ  [Realized vol (20d) < 252d p75],single,1648,10000000.0,19115495.219008442,3296000.0,14119627.29476805,-4995867.924240391,-6128475.146269266,11.71116504854369,73.86482606387041,-0.7217043628002668,-1.4546062992001265,-3.9212624147070945,1.6130774887694896,-1.1089443856090166,-3.0676837879696164,10,20.0,-1749969.7063031076,-0.090171994300915,0.5580422706687195,42.56453408621458,100.0,9.648058252427184,,,,
USDKRW CALL-upout  25Δ  6W  H@10Δ  [Realized vol (20d) < 252d p75],single,1648,10000000.0,21876250.896883164,3296000.0,15391694.209408764,-6484556.687474398,-8864214.519605245,11.771844660194175,70.35800732931669,-0.8339734300047474,-1.4432943854747096,-5.0269813646224675,1.6638085448011368,-1.1527852956026698,-3.1071029302758464,10,20.0,-2249791.8039687295,-0.08104221658949992,0.5351332331101055,57.50171173150333,100.0,8.13106796116505,,,,
USDKRW CALL-upout  25Δ  2M  H@10Δ  [Realized vol (20d) < 252d p75],single,1646,10000000.0,25803094.1162578,3292000.0,23250666.350851834,-2552427.765405966,-7960319.4299952295,12.515188335358445,90.10805543743783,-0.21130138720463626,-1.9182359519565781,-12.98813886977227,4.04894551229969,-2.1107651059140107,-5.967181464256267,10,50.0,-2965740.1256517973,-0.035586502522228496,0.8498493128625634,47.50667676701411,100.0,9.59902794653706,,,,
USDKRW CALL-upout  25Δ  10W  H@10Δ  [Realized vol (20d) < 252d p75],single,1645,10000000.0,27510423.595079422,3290000.0,26513117.75070184,-997305.844377581,-7085682.169130171,15.80547112462006,96.37480738553236,-0.0760107989379809,-0.9313408402885395,-8.361666381690707,2.778382455681951,-2.98320693723812,-3.70972329597049,10,60.0,-2981033.1378496657,-0.015726135021580982,0.9428187160453019,38.85059890829319,100.0,8.814589665653495,,,,
USDKRW CALL-upout  25Δ  3M  H@10Δ  [Realized vol (20d) < 252d p75],single,1642,10000000.0,31098651.775170468,3284000.0,32669295.46828907,1570643.693118602,-5818661.206842035,16.443361753958587,105.05052021056622,0.10564206996264133,-1.2042835021343377,-14.771051159620933,4.570838315661594,-3.795483627867317,-5.775121817795932,10,70.0,-3319391.26130644,0.030187604253576663,1.085291310572998,30.003517507473227,100.0,8.160779537149818,,,,
USDKRW CALL-upout  ATM  1M  H@10Δ  [Realized vol (20d) < 252d median],single,1129,10000000.0,59202169.129067704,2258000.0,56330233.154300004,-2871935.974767698,-10363167.69992851,32.683790965456154,95.14893454578235,-0.15405184523274526,-0.2196709304695098,-3.5937354923141425,1.6321547646818417,-7.429998867821903,-1.8518256951513514,10,50.0,-5663213.296836898,-0.031367036325958934,0.8797817446599561,58.49071600269296,100.0,8.060230292294065,,,,
USDKRW CALL-upout  ATM  6W  H@10Δ  [Realized vol (20d) < 252d median],single,1129,10000000.0,69138841.02745223,2258000.0,69856157.68603942,717316.6585871708,-13743672.314625718,36.49247121346324,101.03750171094472,0.02931314956875701,-1.0797204279253747,-9.796680337548631,3.3195532977913635,-3.0744563240038985,-4.399273725716738,10,40.0,-6189285.247967348,0.00590927207772617,1.0247315648118647,64.51799987665807,100.0,6.554472984942426,,,,
USDKRW CALL-upout  ATM  2M  H@10Δ  [Realized vol (20d) < 252d median],single,1129,10000000.0,83311159.40523565,2258000.0,80496230.00014319,-2814929.405092459,-24841131.04425417,32.94951284322409,96.62118565485292,-0.08272707832967184,-2.0685147545041382,-13.738691440639293,4.504472126775174,-2.177635966563352,-6.572986881279313,10,50.0,-8320271.647494926,-0.012825886756929163,0.9326837396264351,128.71296466429732,100.0,9.565987599645705,,,,
USDKRW CALL-upout  ATM  10W  H@10Δ  [Realized vol (20d) < 252d median],single,1129,10000000.0,89455277.17812416,2258000.0,99187314.54228361,9732037.36415945,-19805071.987901997,37.46678476527901,110.87922107130801,0.25790182289183017,-0.5180517362367689,-5.469794766322587,2.3519500581412425,-4.539990687467388,-2.8700017943780116,10,60.0,-8444971.756330695,0.055635654807744794,1.2457529265795346,95.54473309944225,100.0,8.591674047829938,,,,
USDKRW CALL-upout  ATM  3M  H@10Δ  [Realized vol (20d) < 252d median],single,1129,10000000.0,102342813.06409872,2258000.0,121265236.03436263,18922422.97026392,-18466721.93316168,38.352524357838796,118.48925430495302,0.38636790847212427,-0.21535254026505307,-7.976417184570343,2.8704895896189155,-13.32925809041284,-3.0858421298839684,10,70.0,-11225091.966143286,0.11605061381365094,1.3934183963081497,95.09225687605974,100.0,8.768821966341896,,,,
USDKRW CALL-upout  45Δ  1M  H@10Δ  [Realized vol (20d) < 252d median],single,1129,10000000.0,47441818.7469936,2258000.0,43227537.98660949,-4214280.760384111,-9356663.747352747,28.69796279893711,91.11694940942546,-0.2710552040819033,-0.39001909577275806,-3.554705696652053,1.5766182978413217,-4.04241308933224,-1.9666373936140797,10,50.0,-4524687.126284074,-0.05097928055995628,0.8017483012995936,57.814271115049536,100.0,8.060230292294065,,,,
USDKRW CALL-upout  45Δ  6W  H@10Δ  [Realized vol (20d) < 252d median],single,1129,10000000.0,55423943.966602124,2258000.0,53489412.745356694,-1934531.2212454192,-12241048.792798536,32.24092116917626,96.50957495480445,-0.0964046709248798,-1.2316729446463315,-9.796451593776233,3.2696253472823065,-2.654621392386891,-4.501298291928638,10,40.0,-5224052.7410734575,-0.017892992326188174,0.9231814460188615,64.92921969171384,100.0,6.554472984942426,,,,
USDKRW CALL-upout  45Δ  2M  H@10Δ  [Realized vol (20d) < 252d median],single,1129,10000000.0,66884294.70968932,2258000.0,62631755.58964135,-4252539.120047972,-21935711.86639585,29.583702391496903,93.64194668044857,-0.14754457814050567,-2.997141934206449,-21.202016255044672,6.547770454623002,-2.184671463133977,-9.544912388829452,10,50.0,-7666396.311409076,-0.02194258775016426,0.8828096278279159,119.49385351885319,100.0,9.565987599645705,,,,
USDKRW CALL-upout  45Δ  10W  H@10Δ  [Realized vol (20d) < 252d median],single,1129,10000000.0,71885950.58315486,2258000.0,77741143.43887484,5855192.855719984,-17967867.597145487,33.21523472099203,108.14511432097835,0.1817530304373011,-0.78534120606079,-7.0822898344650085,2.683101003420243,-3.4164780642015047,-3.468442209481033,10,60.0,-7697354.3858415345,0.036895255919625766,1.1697001858012066,90.09617605775114,100.0,8.591674047829938,,,,
USDKRW CALL-upout  45Δ  3M  H@10Δ  [Realized vol (20d) < 252d median],single,1129,10000000.0,82449521.88267821,2258000.0,96869518.67327496,14419996.790596753,-16920945.56662894,34.366696191319754,117.48948503438956,0.3410373115474252,-0.49527510855837226,-9.628159868007419,3.276938096328801,-6.616399733609036,-3.7722132048871733,10,70.0,-10020542.798933549,0.09651638363204601,1.3423227703690033,88.40760362205815,100.0,8.768821966341896,,,,
USDKRW CALL-upout  40Δ  1M  H@10Δ  [Realized vol (20d) < 252d median],single,1129,10000000.0,36837402.902886234,2258000.0,31805507.682376515,-5031895.220509723,-8555269.825234098,24.71213463241807,86.34025521892731,-0.40532778671180125,-0.5649838347426391,-3.5135203520347495,1.5306855306771179,-2.709255445112645,-2.095669365419757,10,40.0,-3498024.621841274,-0.06657162177062102,0.7213842903876564,54.67123924923695,100.0,8.060230292294065,,,,
USDKRW CALL-upout  40Δ  6W  H@10Δ  [Realized vol (20d) < 252d median],single,1129,10000000.0,42950537.67850526,2258000.0,38859034.75595042,-4091502.922554828,-10432451.080642441,27.900797165633307,90.47391920170901,-0.26075021420588224,-1.4109977624086096,-9.796514069271915,3.2059006070504563,-2.2720805747968735,-4.616898369459066,10,40.0,-4495531.323717677,-0.044404028258706645,0.8075749664689144,63.685721076753794,100.0,6.554472984942426,,,,
USDKRW CALL-upout  40Δ  2M  H@10Δ  [Realized vol (20d) < 252d median],single,1129,10000000.0,51729264.9249792,2258000.0,46290092.855353415,-5439172.069625795,-18566671.467525356,25.066430469441986,89.48530956797087,-0.2340250905336272,-4.815729407980915,-37.067559198056465,11.094540986580562,-2.3038132018368858,-15.910270394561476,10,50.0,-6622946.550018242,-0.03315812805996976,0.8215748567366864,105.98428772312819,100.0,9.565987599645705,,,,
USDKRW CALL-upout  40Δ  10W  H@10Δ  [Realized vol (20d) < 252d median],single,1129,10000000.0,55561112.610327825,2258000.0,57888955.80351368,2327843.193185864,-15525433.089295119,27.812223206377322,104.18969866480529,0.08847034592588761,-1.097455845655173,-8.456965751369193,2.9672232839311983,-2.7037290800157776,-4.064679129586372,10,60.0,-6472866.643029048,0.01697601928638535,1.078901791920348,80.92647497123518,100.0,8.591674047829938,,,,
USDKRW CALL-upout  40Δ  3M  H@10Δ  [Realized vol (20d) < 252d median],single,1129,10000000.0,63655022.71893169,2258000.0,73724929.14665665,10069906.427724943,-14526869.162500786,29.67227635075288,115.81950017076979,0.2895648416666465,-0.7193259657184841,-10.526777311671992,3.4700274972669205,-4.823998663527952,-4.189353462985404,10,70.0,-8416638.92692347,0.07850800032338977,1.2856998764773542,76.61898879610182,100.0,8.768821966341896,,,,
USDKRW CALL-upout  35Δ  1M  H@10Δ  [Realized vol (20d) < 252d median],single,1129,10000000.0,27556464.98680675,2258000.0,22229299.17888768,-5327165.807919075,-7522062.9356607,19.75199291408326,80.6681814577103,-0.5631006289748486,-0.74064545914207,-3.4614200978276384,1.509431361573108,-2.03799448567681,-2.250076820715178,10,40.0,-2648308.318788173,-0.08015867149768975,0.6364501273324722,49.9478285532941,100.0,8.060230292294065,,,,
USDKRW CALL-upout  35Δ  6W  H@10Δ  [Realized vol (20d) < 252d median],single,1129,10000000.0,32032372.214771453,2258000.0,26349065.142755307,-5683307.072016148,-8453362.784452869,22.143489813994684,82.25761416010477,-0.48934077355725003,-1.667346609724748,-9.796585247718395,3.1174782542127315,-1.8697241689461177,-4.784824863937479,10,40.0,-3664933.5062859864,-0.07611977148284091,0.6689218507335347,60.72858363371976,100.0,6.554472984942426,,,,
USDKRW CALL-upout  35Δ  2M  H@10Δ  [Realized vol (20d) < 252d median],single,1129,10000000.0,38461479.381657414,2258000.0,32203412.61534968,-6258066.766307735,-14930880.963623967,20.90345438441098,83.72900141409471,-0.3509457051147252,-6.009523327807004,-46.549685858871754,13.847566743692434,-2.304270403547246,-19.85709007149944,10,50.0,-5437797.1128293285,-0.047440146159691936,0.7455017886831458,89.47216784777761,100.0,9.565987599645705,,,,
USDKRW CALL-upout  35Δ  10W  H@10Δ  [Realized vol (20d) < 252d median],single,1129,10000000.0,41268213.237868845,2258000.0,41262195.73621371,-6017.501655142754,-12637273.219831672,23.02922940655447,99.9854185553892,-0.00029217100853425927,-1.6786120369903041,-9.831910854961317,3.4822155906471064,-2.0744612298209204,-5.160827627637411,10,60.0,-5210366.833263046,-5.391240487236347e-05,0.9997498916494795,68.26387253046755,100.0,8.591674047829938,,,,
USDKRW CALL-upout  35Δ  3M  H@10Δ  [Realized vol (20d) < 252d median],single,1129,10000000.0,47197710.80561471,2258000.0,53892318.65696959,6694607.851354875,-11647965.184643323,26.57218777679362,114.18417914149867,0.24680051664957675,-0.8883559264462804,-10.669790778764492,3.4609306062352982,-3.8958828361512414,-4.349286532681578,10,60.0,-6575014.185175268,0.06509319432927436,1.2411203248640474,61.416417269880576,100.0,8.768821966341896,,,,
USDKRW CALL-upout  30Δ  1M  H@10Δ  [Realized vol (20d) < 252d median],single,1129,10000000.0,19549386.190747865,2258000.0,14553547.118070051,-4995839.072677814,-6079841.594260386,15.411868910540303,74.44503359884416,-0.7358471122515048,-0.9067024309987155,-3.405142353454798,1.464133808940686,-1.614789768819711,-2.3708362399394014,10,40.0,-2182357.0445289696,-0.09300524375341342,0.557596990952986,41.627749873241285,100.0,8.060230292294065,,,,
USDKRW CALL-upout  30Δ  6W  H@10Δ  [Realized vol (20d) < 252d median],single,1129,10000000.0,22611316.58247149,2258000.0,16304294.680750988,-6307021.901720501,-7960925.936843787,16.12046058458813,72.10679051475594,-0.7656331861519536,-2.060778504060307,-9.796673336942805,3.0404487758278025,-1.475388436863677,-5.101227279888109,10,30.0,-2798882.527347943,-0.08969879671202304,0.5270904518419426,54.71621417055901,100.0,6.554472984942426,,,,
USDKRW CALL-upout  30Δ  2M  H@10Δ  [Realized vol (20d) < 252d median],single,1129,10000000.0,27010612.636146598,2258000.0,20823936.432201385,-6186676.203945214,-11052442.401927864,16.29760850310009,77.09538733058585,-0.48575262611943565,-6.197567304138336,-46.228357241716516,13.716873226615483,-2.2132673278846426,-19.91444053075382,10,50.0,-3990674.108621478,-0.06335638446102607,0.6664697275517986,69.90870957789141,100.0,9.565987599645705,,,,
USDKRW CALL-upout  30Δ  10W  H@10Δ  [Realized vol (20d) < 252d median],single,1129,10000000.0,28931591.043940745,2258000.0,27735345.788019083,-1196245.2559216637,-9773898.423550695,19.309123117803363,95.8652628052677,-0.07934487420974254,-2.7506738422883834,-13.543461764863219,5.157183562898389,-1.8748800688808474,-7.907857405186773,10,50.0,-3945171.606655922,-0.013857288817788565,0.9338633896455703,53.532156823098745,100.0,8.591674047829938,,,,
USDKRW CALL-upout  30Δ  3M  H@10Δ  [Realized vol (20d) < 252d median],single,1129,10000000.0,32990604.860459037,2258000.0,36751649.84685458,3761044.9863955462,-8302571.208963763,22.940655447298493,111.40035171317322,0.1939214018745466,-1.0468446394848414,-10.592685716312392,3.4145209095343936,-3.2617265072061694,-4.461365549019235,10,60.0,-4648868.984858242,0.05130461402005583,1.186978346897341,44.20620283305232,100.0,8.768821966341896,,,,
USDKRW CALL-upout  25Δ  1M  H@10Δ  [Realized vol (20d) < 252d median],single,1129,10000000.0,12826982.36139815,2258000.0,8643405.784421586,-4183576.5769765656,-4536162.106317535,11.33746678476528,67.3845612389183,-0.9500230539166629,-1.089149128202519,-3.6269815615427983,1.3985423672403334,-1.2840687570015528,-2.4876914954428524,10,30.0,-1578929.5048057649,-0.10438796125603252,0.47356894684976614,31.064454112632962,100.0,8.060230292294065,,,,
USDKRW CALL-upout  25Δ  6W  H@10Δ  [Realized vol (20d) < 252d median],single,1129,10000000.0,14700378.010528088,2258000.0,8970626.539458077,-5729751.471070009,-6909956.636781214,11.160318866253322,61.02310112728744,-1.0645420332641684,-2.5607912712393066,-9.796796290218664,3.07496381958324,-1.2007865905037614,-5.635755090822546,10,20.0,-1994858.9877123567,-0.09388286283111934,0.40381387474022823,43.9590393759433,100.0,6.554472984942426,,,,
USDKRW CALL-upout  25Δ  2M  H@10Δ  [Realized vol (20d) < 252d median],single,1129,10000000.0,17392883.35590583,2258000.0,12144189.436233314,-5248693.919672517,-7453838.134528017,10.363153232949513,69.82274984388773,-0.6404413520236335,-6.364472000518484,-45.635093653400034,13.496018485452575,-2.1205244495306315,-19.86049048597106,10,40.0,-2661022.848960356,-0.07970077585469912,0.585602532695813,49.76845083098939,100.0,9.565987599645705,,,,
USDKRW CALL-upout  25Δ  10W  H@10Δ  [Realized vol (20d) < 252d median],single,1129,10000000.0,18568871.725812484,2258000.0,16429259.771924227,-2139611.9538882542,-6897783.267811651,14.968999114260406,88.47742617062731,-0.21834276280765758,-3.8760484894013074,-21.12080947180433,7.176528524714833,-1.8515063844888369,-11.05257701411614,10,50.0,-2655149.9624541546,-0.03511974328574107,0.8264186785953636,39.18509741363056,100.0,8.591674047829938,,,,
USDKRW CALL-upout  25Δ  3M  H@10Δ  [Realized vol (20d) < 252d median],single,1129,10000000.0,21054296.745763436,2258000.0,21754545.546577517,700248.8008140819,-5322059.988141188,16.386182462356068,103.32591873891484,0.05677971925381944,-1.3788592814955944,-10.56728081172077,3.4203561952808808,-2.4805694396682414,-4.799215476776475,10,60.0,-2950930.479566904,0.01490160728794271,1.0522771900853427,30.03020201361514,100.0,8.768821966341896,,,,
USDKRW CALL-upout  ATM  1M  H@10Δ  [Spot > 50DMA  ∧  RV < p75],single,982,10000000.0,52883626.08178345,1964000.0,51345343.358754046,-1538282.7230294002,-8865752.648100452,32.79022403258656,97.0911928001108,-0.07805266469329358,-1.7192559637415996,-8.44571169914677,3.251658430473559,-1.8913172320176264,-4.970914394215159,10,50.0,-3462366.971603109,-0.01976113188326374,0.9312169849642641,53.03872515502168,100.0,8.859470468431772,,,,
USDKRW CALL-upout  ATM  6W  H@10Δ  [Spot > 50DMA  ∧  RV < p75],single,982,10000000.0,61585013.05960183,1964000.0,67882562.02470675,6297548.96510493,-7108711.672505154,39.307535641547865,110.2257816508217,0.257641160321726,-0.6680693489483887,-4.450878510277632,2.0365088666116553,-3.048349501166809,-2.704578215560044,10,40.0,-3835399.6503433962,0.10086407689266158,1.2723760491471134,31.501248076482632,100.0,7.739307535641547,,,,
USDKRW CALL-upout  ATM  2M  H@10Δ  [Spot > 50DMA  ∧  RV < p75],single,982,10000000.0,73900777.93921158,1964000.0,85152597.70968091,11251819.770469354,-9575733.586335132,37.372708757637476,115.22557689409541,0.33741454385711056,-0.5109156501928691,-6.094833728796187,2.185006636277446,-4.276648475051826,-2.695922286470315,10,40.0,-4300711.752164106,0.13386819848297082,1.354427283278197,44.45219362348849,100.0,10.285132382892057,,,,
USDKRW CALL-upout  ATM  10W  H@10Δ  [Spot > 50DMA  ∧  RV < p75],single,982,10000000.0,79230691.5908652,1964000.0,95999598.33208632,16768906.741221124,-6139598.017820253,39.61303462321793,121.16466031599612,0.453946459122247,-0.362455140038346,-7.215296795071634,2.398783753920747,-6.618153500780724,-2.761238893959093,10,70.0,-5095197.76655252,0.3109715635259093,1.5160962402469285,28.055364178831923,100.0,9.572301425661914,,,,
USDKRW CALL-upout  ATM  3M  H@10Δ  [Spot > 50DMA  ∧  RV < p75],single,982,10000000.0,90395232.34476817,1964000.0,111678151.43698959,21282919.0922214,-10456702.788014699,39.81670061099796,123.54429380860283,0.4983271006588428,-0.8091136886036743,-13.288948372545434,4.242162760948231,-5.242974900435972,-5.051276449551906,10,70.0,-5639439.272555466,0.2318076127970299,1.5589772248208165,32.95715604415992,100.0,8.24847250509165,,,,
USDKRW CALL-upout  45Δ  1M  H@10Δ  [Spot > 50DMA  ∧  RV < p75],single,982,10000000.0,42399767.349433884,1964000.0,39701597.40008692,-2698169.9493469726,-7715223.336426732,28.411405295315685,93.63635671132285,-0.15953109654010617,-1.6901843967357941,-7.341148776290285,2.9474255181818934,-1.7438484959831446,-4.637609914917688,10,50.0,-2834639.9536238317,-0.03983016113882177,0.8639889731437885,49.37006492184382,100.0,8.859470468431772,,,,
USDKRW CALL-upout  45Δ  6W  H@10Δ  [Spot > 50DMA  ∧  RV < p75],single,982,10000000.0,49409975.02689968,1964000.0,52111169.14957951,2701194.122679834,-6347251.779137799,34.623217922606926,105.46690040059575,0.13090999618756125,-0.8035568821571267,-4.5612168265438395,1.9793851667869222,-2.4632794650122545,-2.782942048944049,10,40.0,-3216603.768059095,0.048453587208532434,1.1302582692777319,30.024612807524665,100.0,7.739307535641547,,,,
USDKRW CALL-upout  45Δ  2M  H@10Δ  [Spot > 50DMA  ∧  RV < p75],single,982,10000000.0,59412853.188786305,1964000.0,67619473.36075836,8206620.171972046,-8562497.455470629,33.91038696537678,113.81286999615259,0.2876231937805093,-0.6757043349308754,-6.9273354088092995,2.3866875966617456,-3.5321478245450413,-3.062391931592621,10,40.0,-3664433.659675813,0.10919194060678426,1.2939959826160663,39.799366859441996,100.0,10.285132382892057,,,,
USDKRW CALL-upout  45Δ  10W  H@10Δ  [Spot > 50DMA  ∧  RV < p75],single,982,10000000.0,63775848.42545849,1964000.0,76232576.51496497,12456728.08950647,-5475169.65062869,35.437881873727086,119.53204605982772,0.39257317180390805,-0.49279560301337966,-7.842957643082315,2.5515938895932377,-5.1777935395335914,-3.0443894926066175,10,70.0,-4206892.370558,0.2590372787464288,1.4359384617073851,25.200555310112758,100.0,9.572301425661914,,,,
USDKRW CALL-upout  45Δ  3M  H@10Δ  [Spot > 50DMA  ∧  RV < p75],single,982,10000000.0,72991781.73179778,1964000.0,88987542.2589317,15995760.52713392,-9137062.328443324,35.74338085539715,121.91446783133615,0.43194776895889936,-1.087270639312628,-15.004775245801484,4.70933437037939,-4.331335915919361,-5.796605009692018,10,70.0,-5145445.395643419,0.19938366321530707,1.4687157232945554,29.52190961944855,100.0,8.24847250509165,,,,
USDKRW CALL-upout  40Δ  1M  H@10Δ  [Spot > 50DMA  ∧  RV < p75],single,982,10000000.0,32909885.86409348,1964000.0,29519845.885903195,-3390039.9781902814,-6366168.737405942,24.54175152749491,89.69902237829086,-0.2418799093969473,-1.7506064344057612,-7.232493323276072,2.828516933567982,-1.6157354834172735,-4.579123367973743,10,40.0,-2275856.0881577334,-0.06064820322714854,0.7991946296301629,44.306134824716636,100.0,8.859470468431772,,,,
USDKRW CALL-upout  40Δ  6W  H@10Δ  [Spot > 50DMA  ∧  RV < p75],single,982,10000000.0,38278539.41682718,1964000.0,37915806.292687416,-362733.1241397597,-5320952.463145623,28.920570264765782,99.05238514931345,-0.021683811485100332,-0.965379050523816,-4.813754192616309,1.9139002396725857,-1.9825375728156736,-2.8792792901964015,10,40.0,-2579804.6907951543,-0.007761643698318824,0.9801523597424894,31.644550884166502,100.0,7.739307535641547,,,,
USDKRW CALL-upout  40Δ  2M  H@10Δ  [Spot > 50DMA  ∧  RV < p75],single,982,10000000.0,45940345.15854676,1964000.0,51179710.33874378,5239365.180197025,-7268803.33010524,29.83706720977597,111.40471444460249,0.22404774059393956,-0.9134635587397973,-8.266331693238492,2.7343788668695805,-2.993418665372809,-3.6478424256093778,10,40.0,-2961816.559630554,0.08211877414720016,1.2214110395666973,33.82379537609525,100.0,10.285132382892057,,,,
USDKRW CALL-upout  40Δ  10W  H@10Δ  [Spot > 50DMA  ∧  RV < p75],single,982,10000000.0,49282597.79330966,1964000.0,57803130.55002555,8520532.75671589,-4411565.372389303,30.65173116089613,117.28913072409628,0.3269867284302728,-0.5987365806840836,-8.109889494279876,2.5965769881381453,-4.336760224624055,-3.195313568822229,10,60.0,-3281944.822776634,0.21990236303218674,1.3521238889466474,21.080991082165717,100.0,9.572301425661914,,,,
USDKRW CALL-upout  40Δ  3M  H@10Δ  [Spot > 50DMA  ∧  RV < p75],single,982,10000000.0,56342999.281148456,1964000.0,67640763.20806706,11297763.926918596,-7491069.886476109,31.05906313645621,120.05176165816694,0.36852537899828636,-1.231103038033177,-15.400864796473648,4.7888923832628,-3.889920043503088,-6.019995421295977,10,70.0,-4277525.947817065,0.1717670716075397,1.386520615790665,24.720896758456657,100.0,8.24847250509165,,,,
USDKRW CALL-upout  35Δ  1M  H@10Δ  [Spot > 50DMA  ∧  RV < p75],single,982,10000000.0,24604378.45015292,1964000.0,20997758.809232283,-3606619.6409206362,-5519791.534818277,19.85743380855397,85.34155354410822,-0.323342223838216,-1.8580959013820775,-7.233518288116034,2.77229071259685,-1.4920062578765616,-4.630386613978928,10,30.0,-1852251.3414760004,-0.0744164471966402,0.7381500203892911,38.7699986023515,100.0,8.859470468431772,,,,
USDKRW CALL-upout  35Δ  6W  H@10Δ  [Spot > 50DMA  ∧  RV < p75],single,982,10000000.0,28535134.12012531,1964000.0,25947882.602813534,-2587251.5173117714,-6118744.786514118,23.523421588594704,90.9331019562756,-0.20013410220587127,-1.166332148572303,-4.806910439491279,1.820200416572683,-1.560619261674965,-2.9865325651449863,10,30.0,-1919717.259514585,-0.04814289209974984,0.8329990773719352,35.369187750834406,100.0,7.739307535641547,,,,
USDKRW CALL-upout  35Δ  2M  H@10Δ  [Spot > 50DMA  ∧  RV < p75],single,982,10000000.0,34145991.2216408,1964000.0,36717097.71228266,2571106.4906418533,-5742848.638953022,24.94908350305499,107.52974624152178,0.14037402311520156,-1.3197266236610266,-10.909251534787742,3.457736802143413,-2.620040196318368,-4.77746342580444,10,40.0,-2302519.552459045,0.051005780937229454,1.1342201617723286,27.008927208152265,100.0,10.285132382892057,,,,
USDKRW CALL-upout  35Δ  10W  H@10Δ  [Spot > 50DMA  ∧  RV < p75],single,982,10000000.0,36593928.944464415,1964000.0,42156312.05676964,5562383.11230522,-3583687.3793470594,26.578411405295316,115.2002894270981,0.2722714434429964,-0.6866140056628068,-8.100170148498956,2.57242219475204,-3.7465332392525434,-3.2590362004148465,10,60.0,-2433809.2873215745,0.17672038360732614,1.2834791014621312,16.49997507386174,100.0,9.572301425661914,,,,
USDKRW CALL-upout  35Δ  3M  H@10Δ  [Spot > 50DMA  ∧  RV < p75],single,982,10000000.0,41765723.72320591,1964000.0,49463129.33279581,7697405.609589901,-5806235.168828936,27.90224032586558,118.42995864408562,0.31839226896931383,-1.31273256807573,-15.374171549001257,4.753876216742406,-3.6213592412892437,-6.066608784818136,10,60.0,-3301903.270264624,0.15098750709985037,1.3287055880116243,19.62188518334338,100.0,8.24847250509165,,,,
USDKRW CALL-upout  30Δ  1M  H@10Δ  [Spot > 50DMA  ∧  RV < p75],single,982,10000000.0,17438794.86208358,1964000.0,14138537.286832344,-3300257.575251237,-4915042.532019061,16.08961303462322,81.07519698837191,-0.39421222846641474,-1.9597400448121882,-7.230365281560423,2.722689906293037,-1.3893117679054041,-4.682429951105226,10,30.0,-1410310.4628582946,-0.07647365033067302,0.6826220766382773,31.353551371686393,100.0,8.859470468431772,,,,
USDKRW CALL-upout  30Δ  6W  H@10Δ  [Spot > 50DMA  ∧  RV < p75],single,982,10000000.0,20127778.181760374,1964000.0,16572300.11321025,-3555478.068550128,-6446191.024171571,17.718940936863543,82.33546675423882,-0.3765700646638115,-1.4755236418675015,-4.795221208911779,1.8610738592073186,-1.261297214358317,-3.33659750107482,10,20.0,-1889209.7231601863,-0.06279870643853502,0.708873706761393,35.09114919900882,100.0,7.739307535641547,,,,
USDKRW CALL-upout  30Δ  2M  H@10Δ  [Spot > 50DMA  ∧  RV < p75],single,982,10000000.0,23967028.870094337,1964000.0,24726102.68469789,759073.8146035494,-4159455.598765153,20.162932790224033,103.16715859407466,0.05616401861657954,-1.5504817726318607,-11.098732098577615,3.5626492001362466,-2.2977691598972094,-5.113130972768108,10,40.0,-1616006.026707294,0.02079094473304247,1.051231590254976,20.313212814878238,100.0,10.285132382892057,,,,
USDKRW CALL-upout  30Δ  10W  H@10Δ  [Spot > 50DMA  ∧  RV < p75],single,982,10000000.0,25642344.741922133,1964000.0,28842412.676403448,3200067.9344813135,-2921798.923283595,22.5050916496945,112.47962293108706,0.21271594359640417,-0.7766475973259083,-8.082975359518635,2.552952629312526,-3.287144179809029,-3.3296002266384344,10,60.0,-1701363.3895181017,0.12469950754089751,1.214669680484449,13.033156898955689,100.0,9.572301425661914,,,,
USDKRW CALL-upout  30Δ  3M  H@10Δ  [Spot > 50DMA  ∧  RV < p75],single,982,10000000.0,29182356.712634355,1964000.0,33553220.643704984,4370863.931070633,-4254801.526549906,23.930753564154784,114.97776198855898,0.24845439062837468,-1.4051979277986615,-15.32533751674583,4.7146566621173,-3.355154863844079,-6.1198545899159615,10,60.0,-2480986.0624751355,0.1169982174494481,1.2506470788187096,14.691417211195963,100.0,8.24847250509165,,,,
USDKRW CALL-upout  25Δ  1M  H@10Δ  [Spot > 50DMA  ∧  RV < p75],single,982,10000000.0,11422790.310159322,1964000.0,8586831.728800151,-2835958.5813591704,-4069723.6468922105,11.914460285132384,75.17280362892687,-0.49886985981966764,-2.118597362249214,-7.223207230813833,2.656333223010725,-1.2538169216781345,-4.7749305852599395,10,20.0,-1004954.0978740527,-0.07936448982260974,0.6048137538710052,24.266282914113887,100.0,8.859470468431772,,,,
USDKRW CALL-upout  25Δ  6W  H@10Δ  [Spot > 50DMA  ∧  RV < p75],single,982,10000000.0,13068012.420599893,1964000.0,9564862.810525125,-3503149.610074769,-5605302.200880525,12.118126272912424,73.19294245119829,-0.5532933231756055,-1.761743509892805,-4.77302816442692,1.9534352335516352,-1.108807963578361,-3.71517874344444,10,20.0,-1611158.234058153,-0.07115665405619236,0.6048836657075308,29.576627487115765,100.0,7.739307535641547,,,,
USDKRW CALL-upout  25Δ  2M  H@10Δ  [Spot > 50DMA  ∧  RV < p75],single,982,10000000.0,15417700.36890943,1964000.0,15199477.922126383,-218222.44678304682,-2691572.9335020278,13.849287169042771,98.5845979519546,-0.023997533712563943,-1.841765744660151,-11.086727872311302,3.7084027966737336,-2.0135040557820894,-5.550168541333885,10,40.0,-1260333.573157141,-0.009236766714267177,0.9787022930430695,14.247336555186196,100.0,10.285132382892057,,,,
USDKRW CALL-upout  25Δ  10W  H@10Δ  [Spot > 50DMA  ∧  RV < p75],single,982,10000000.0,16443255.235669736,1964000.0,17295357.574493535,852102.3388238029,-2213570.8336700876,17.515274949083505,105.1820781628164,0.08594183437150864,-0.9485141634624764,-8.04908918027392,2.522664377924304,-2.659595897562052,-3.4711785413867804,10,50.0,-1085787.4442985996,0.043828256888716055,1.0827321893884976,9.891506410421687,100.0,9.572301425661914,,,,
USDKRW CALL-upout  25Δ  3M  H@10Δ  [Spot > 50DMA  ∧  RV < p75],single,982,10000000.0,18610726.33478815,1964000.0,19704918.520906825,1094192.1861186759,-2899870.638008121,17.10794297352342,105.87936315023532,0.0956153483927501,-1.6021378730279618,-15.226453914014552,4.640156147062216,-2.8962277374371963,-6.242294020090178,10,70.0,-1753065.0827060482,0.042974046467393986,1.0924758076920895,10.845356252645786,100.0,8.24847250509165,,,,
USDKRW CALL-upout  ATM  1M  H@10Δ  [Golden cross  ∧  RV < p75],single,961,10000000.0,49835012.51005653,1922000.0,46151778.45262086,-3683234.0574356746,-7768334.459804328,31.42559833506764,92.60914390922967,-0.20498399112358642,-0.7126965882705024,-3.3432034220653617,1.3780765383384765,-1.9336090013881624,-2.090773126608979,10,50.0,-3206701.86733696,-0.052446264136649316,0.8179111741891285,39.26371432970442,100.0,10.61394380853278,,,,
USDKRW CALL-upout  ATM  6W  H@10Δ  [Golden cross  ∧  RV < p75],single,961,10000000.0,58063179.47140618,1922000.0,58044717.355663225,-18462.11574294977,-7387258.490473673,35.58792924037461,99.96820340203372,-0.0008539451200356991,-0.2796918230615731,-2.6358956561204714,1.186907273429488,-4.243625217345718,-1.4665990964910611,10,30.0,-4155601.1816826332,-0.0002768658881909568,0.9991973780427077,30.40857126054066,100.0,8.949011446409989,,,,
USDKRW CALL-upout  ATM  2M  H@10Δ  [Golden cross  ∧  RV < p75],single,959,10000000.0,69703271.86696818,1918000.0,70305123.1785486,601851.3115804028,-13486066.56379086,34.41084462982273,100.86344771982733,0.019984347776877066,-0.44809459908857663,-2.9029568469357816,1.5087604910950505,-3.3670579698212517,-1.9568550901836272,10,30.0,-5432737.495423886,0.004952976354844375,1.0189867056128463,64.49000872934968,100.0,9.69760166840459,,,,
USDKRW CALL-upout  ATM  10W  H@10Δ  [Golden cross  ∧  RV < p75],single,958,10000000.0,74693888.51798353,1916000.0,85000485.52233292,10306597.004349388,-9265715.700320773,39.24843423799583,113.79844751537864,0.2932663950789874,-0.25919940491305116,-2.6395976201283395,1.560354094112897,-6.019898443194036,-1.819553499025948,10,50.0,-5347619.83386825,0.12428297156289268,1.3241062546651758,41.240677717358956,100.0,7.933194154488518,,,,
USDKRW CALL-upout  ATM  3M  H@10Δ  [Golden cross  ∧  RV < p75],single,955,10000000.0,85104614.39576147,1910000.0,98369226.34050834,13264611.944746867,-10761213.768073244,40.6282722513089,115.5862429304509,0.33738735445565043,-0.12013430839555941,-1.9175147295317527,1.3484648805207429,-11.22464430461221,-1.4685991889163024,10,50.0,-5274340.861381603,0.13785017915099224,1.385397436079353,40.67646479483366,100.0,7.43455497382199,,,,
USDKRW CALL-upout  45Δ  1M  H@10Δ  [Golden cross  ∧  RV < p75],single,961,10000000.0,39953336.64939216,1922000.0,35544164.407422744,-4409172.241969419,-7122855.793765965,27.055150884495315,88.96419520436598,-0.2879877466413143,-0.8210320083161691,-3.373042992684035,1.366907584433518,-1.6648651582255232,-2.1879395927496867,10,50.0,-2599095.1254756222,-0.06847248166960411,0.7532918203899047,40.06024623208716,100.0,10.61394380853278,,,,
USDKRW CALL-upout  45Δ  6W  H@10Δ  [Golden cross  ∧  RV < p75],single,961,10000000.0,46572157.9360904,1922000.0,44222700.75494317,-2349457.181147227,-6891498.881230247,31.321540062434966,94.95523229915325,-0.13244717711429324,-0.4189681849161323,-2.634336916643731,1.146629057197143,-2.736792669416346,-1.5655972421132751,10,30.0,-3333614.5004764446,-0.037768098658230005,0.8833251721563391,32.580507142823116,100.0,8.949011446409989,,,,
USDKRW CALL-upout  45Δ  2M  H@10Δ  [Golden cross  ∧  RV < p75],single,959,10000000.0,56005447.41362053,1918000.0,55013038.267677814,-992409.1459427234,-11922109.658858862,31.386861313868614,98.22801318126537,-0.039287394236496236,-0.5566365229101532,-2.936879387428651,1.5003864357147483,-2.6954509342480315,-2.0570229586249016,10,30.0,-4464231.633959171,-0.009238468624748685,0.9632164070130081,59.59855059321634,100.0,9.69760166840459,,,,
USDKRW CALL-upout  45Δ  10W  H@10Δ  [Golden cross  ∧  RV < p75],single,958,10000000.0,60079665.60893234,1916000.0,66960511.26877938,6880845.65984703,-8087088.205738588,34.34237995824635,111.45286943611752,0.2307939049888126,-0.3960471084213607,-2.733385600132097,1.635438169025964,-4.129403129705459,-2.0314852774473247,10,50.0,-4528464.675059702,0.09506593864199044,1.25016558174929,39.664006285832535,100.0,7.933194154488518,,,,
USDKRW CALL-upout  45Δ  3M  H@10Δ  [Golden cross  ∧  RV < p75],single,955,10000000.0,68643728.56043424,1910000.0,76753778.76060025,8110050.2001660075,-10067039.004140163,35.39267015706806,111.81469942010199,0.24347091043775915,-0.2286096143929317,-2.2099800552731588,1.3692616964772455,-5.989519295211152,-1.5978713108701772,10,50.0,-4807063.46762885,0.09009399298916922,1.2647400440342573,39.32413981422455,100.0,7.43455497382199,,,,
USDKRW CALL-upout  40Δ  1M  H@10Δ  [Golden cross  ∧  RV < p75],single,961,10000000.0,31026905.702099364,1922000.0,26322479.51663194,-4704426.185467421,-6473261.360922326,22.684703433922998,84.83759150642885,-0.3737293417979095,-0.9389275351327585,-3.469915522545473,1.3643293552807372,-1.4530720468090539,-2.3032568904134956,10,40.0,-2042109.1952781288,-0.08038900848359515,0.690187078114089,38.668912307042525,100.0,10.61394380853278,,,,
USDKRW CALL-upout  40Δ  6W  H@10Δ  [Golden cross  ∧  RV < p75],single,961,10000000.0,36095640.775356,1922000.0,31996727.383562468,-4098913.391793531,-6058452.442027709,26.742976066597297,88.6442980267245,-0.29552927513465677,-0.5885101031540513,-2.6338907387313206,1.1043138020965517,-1.8764568291659067,-1.6928239052506031,10,30.0,-2585904.305882568,-0.07495115268889398,0.7606814972189863,34.323083159816,100.0,8.949011446409989,,,,
USDKRW CALL-upout  40Δ  2M  H@10Δ  [Golden cross  ∧  RV < p75],single,959,10000000.0,43320133.07461199,1918000.0,40866479.97028117,-2453653.1043308172,-10242388.813898193,27.21584984358707,94.33599822949577,-0.12094618565453892,-0.7017245558082935,-2.9578022775402135,1.4983968710731028,-2.1353063088224817,-2.2001214268813962,10,30.0,-3558735.690097739,-0.026587300651632808,0.8914455556749558,53.44816237794722,100.0,9.69760166840459,,,,
USDKRW CALL-upout  40Δ  10W  H@10Δ  [Golden cross  ∧  RV < p75],single,958,10000000.0,46440692.16085249,1916000.0,49927511.7143267,3486819.5534742144,-7295440.286446634,29.853862212943632,107.50811280201688,0.14405019169038788,-0.49180128631297826,-2.768041631179835,1.6386491603801956,-3.3319334576473083,-2.1304504466931737,10,50.0,-3633073.2598705078,0.053401477075888,1.1476044040641011,37.89372449555597,100.0,7.933194154488518,,,,
USDKRW CALL-upout  40Δ  3M  H@10Δ  [Golden cross  ∧  RV < p75],single,955,10000000.0,53000425.573862374,1910000.0,56302096.39414008,3301670.8202777104,-9074397.685478892,30.261780104712045,106.2295175643004,0.12239024640694837,-0.33953868332720977,-2.5111940894420854,1.3605058457532233,-4.006924431765316,-1.7000445290804331,10,50.0,-4253853.210181806,0.04069021713800526,1.1263189059906806,36.29338308076082,100.0,7.43455497382199,,,,
USDKRW CALL-upout  35Δ  1M  H@10Δ  [Golden cross  ∧  RV < p75],single,961,10000000.0,23214821.967736796,1922000.0,18776821.72526033,-4438000.24247647,-5667928.260577569,18.938605619146724,80.88290210175094,-0.45111417433108325,-1.0410579978057353,-3.5293004203708938,1.3587797369945815,-1.305191199585918,-2.399837734800317,10,40.0,-1583377.1458474325,-0.08661161417499945,0.6337453840257261,35.090230703086526,100.0,10.61394380853278,,,,
USDKRW CALL-upout  35Δ  6W  H@10Δ  [Golden cross  ∧  RV < p75],single,961,10000000.0,26925828.375675887,1922000.0,21768923.607218206,-5156904.768457679,-5680277.990798227,21.644120707596255,80.84773958851979,-0.5015192541338076,-0.7880091370614538,-2.6331825293056106,1.062282423093998,-1.3480585098991749,-1.8502915601554517,10,20.0,-1931328.4475499487,-0.10057517535917529,0.6333382627278321,35.72738758910887,100.0,8.949011446409989,,,,
USDKRW CALL-upout  35Δ  2M  H@10Δ  [Golden cross  ∧  RV < p75],single,959,10000000.0,32215248.750815354,1918000.0,28472348.62493433,-3742900.1258810237,-8323949.772817499,23.044838373305527,88.3815886233494,-0.24043795877636975,-0.9082589109284905,-2.991342342464459,1.502647404096744,-1.6544262720864744,-2.4109063150252346,10,30.0,-2988420.590552614,-0.049904663326918695,0.7944349985628483,45.696348944800114,100.0,9.69760166840459,,,,
USDKRW CALL-upout  35Δ  10W  H@10Δ  [Golden cross  ∧  RV < p75],single,958,10000000.0,34500248.212201,1916000.0,35634072.019415036,1133823.8072140384,-6240569.313214605,25.469728601252612,103.28642217366153,0.06077938310889499,-0.5602285723189416,-2.828124813855371,1.610569017446885,-2.8748426928321282,-2.1707975897658267,10,40.0,-2797578.793693548,0.020300029291625117,1.0597982925023004,32.47728065315412,100.0,7.933194154488518,,,,
USDKRW CALL-upout  35Δ  3M  H@10Δ  [Golden cross  ∧  RV < p75],single,955,10000000.0,39303738.06877539,1910000.0,39437642.728009775,133904.6592343765,-7532939.323748151,24.921465968586386,100.34069191841259,0.006409587685978577,-0.4300726763076085,-2.6555608413101237,1.3289525020665605,-3.0900649478043807,-1.759025178374169,10,50.0,-3515383.1950318078,0.001987949114304294,1.0064502590613835,30.743661150811224,100.0,7.43455497382199,,,,
USDKRW CALL-upout  30Δ  1M  H@10Δ  [Golden cross  ∧  RV < p75],single,961,10000000.0,16475224.82220178,1922000.0,12641817.218376108,-3833407.6038256744,-4500921.067667457,14.984391259105099,76.73228957300886,-0.5336350292081974,-1.1473006073368381,-3.5563883775367877,1.3388818241647922,-1.1669843244244944,-2.4861824315016303,10,30.0,-1221741.395894593,-0.09420994686190386,0.5768882113009277,28.61780764628872,100.0,10.61394380853278,,,,
USDKRW CALL-upout  30Δ  6W  H@10Δ  [Golden cross  ∧  RV < p75],single,961,10000000.0,19013751.620267548,1922000.0,13519524.196138337,-5494227.4241292095,-5912019.241705344,16.337148803329864,71.10392765269593,-0.7764192754319794,-1.0565043822175972,-2.6319648703779883,1.0191694970564895,-0.9646618738270238,-2.0756738792740865,10,20.0,-1366451.5263801443,-0.10295372650295606,0.49301205679789256,34.61780233354993,100.0,8.949011446409989,,,,
USDKRW CALL-upout  30Δ  2M  H@10Δ  [Golden cross  ∧  RV < p75],single,959,10000000.0,22631684.08662364,1918000.0,18056597.202931028,-4575086.883692608,-6498268.09164415,17.51824817518248,79.78459373071271,-0.4120399396780337,-1.1713966360474963,-2.9926999550799023,1.5341562506080797,-1.3096812842015662,-2.705552886655576,10,30.0,-2451071.8569610026,-0.0781383189611705,0.6742470988156404,38.072607187777436,100.0,9.69760166840459,,,,
USDKRW CALL-upout  30Δ  10W  H@10Δ  [Golden cross  ∧  RV < p75],single,958,10000000.0,24194820.627689384,1916000.0,23527549.272847828,-667271.3548415569,-4950211.620810673,21.60751565762004,97.24209009395214,-0.050239868665666126,-0.6542456872572269,-2.8817381829822346,1.5759155300663248,-2.4087518813811135,-2.230161217323552,10,40.0,-1996668.4585337988,-0.015061007340165505,0.952977478271668,25.95298717502406,100.0,7.933194154488518,,,,
USDKRW CALL-upout  30Δ  3M  H@10Δ  [Golden cross  ∧  RV < p75],single,955,10000000.0,27480831.519036353,1910000.0,26052857.60944958,-1427973.9095867707,-5641818.484449832,20.418848167539267,94.80374562684688,-0.09386432282555748,-0.5102525598081817,-2.728492892515116,1.2925025641523147,-2.53306434099655,-1.8027551239604964,10,40.0,-2554079.3265923094,-0.02830578524492527,0.907948476811238,23.079254387249676,100.0,7.43455497382199,,,,
USDKRW CALL-upout  25Δ  1M  H@10Δ  [Golden cross  ∧  RV < p75],single,961,10000000.0,10817138.208036957,1922000.0,7716689.889023618,-3100448.3190133413,-3262012.69467713,11.342351716961499,71.3376286834372,-0.6711545931241206,-1.2803699070416044,-3.5492037779704524,1.2565546664179579,-0.981399718555809,-2.5369245734595625,10,30.0,-804170.4623483581,-0.10513613448713922,0.5098085411283323,21.406027600721824,100.0,10.61394380853278,,,,
USDKRW CALL-upout  25Δ  6W  H@10Δ  [Golden cross  ∧  RV < p75],single,961,10000000.0,12370211.073077828,1922000.0,7410850.30568786,-4959360.767389968,-5246125.662935623,10.718002081165452,59.90884279910647,-1.0895706151906468,-1.3550374708499984,-2.6296035348228255,1.0122122284252364,-0.7469994374327436,-2.3672496992752348,10,20.0,-892089.3128296866,-0.10472691013768738,0.367345260073883,29.51709295305198,100.0,8.949011446409989,,,,
USDKRW CALL-upout  25Δ  2M  H@10Δ  [Golden cross  ∧  RV < p75],single,959,10000000.0,14582805.545029644,1918000.0,10149363.691040266,-4433441.853989378,-4899062.548828923,10.844629822732013,69.59815557918856,-0.6189649915166406,-1.4679844777548858,-3.469806817763595,1.6233298342011824,-1.105822206433599,-3.091314311956068,10,30.0,-1867208.6595734984,-0.1004362236009184,0.552133420805101,31.047141136517762,100.0,9.69760166840459,,,,
USDKRW CALL-upout  25Δ  10W  H@10Δ  [Golden cross  ∧  RV < p75],single,958,10000000.0,15538879.91158401,1916000.0,13289159.7078613,-2249720.20372271,-3717807.1344582005,15.553235908141962,85.5219924697045,-0.2683635266008795,-0.8077732194505369,-2.9036231132453776,1.5054298902293204,-1.8636788816214322,-2.3132031096798573,10,40.0,-1361691.0251947553,-0.06761093720818948,0.7730698747649427,21.519703892410533,100.0,7.933194154488518,,,,
USDKRW CALL-upout  25Δ  3M  H@10Δ  [Golden cross  ∧  RV < p75],single,955,10000000.0,17548474.875329666,1910000.0,15425470.89974697,-2123003.975582696,-4043457.3010099265,14.24083769633508,87.902059918795,-0.20822524247746824,-0.6211035667051206,-2.7645590927341948,1.249341915296722,-2.0114872660035266,-1.8704454820018426,10,40.0,-1638730.3910452884,-0.05871809947170227,0.8052786460975666,16.21054865936669,100.0,7.43455497382199,,,,
USDKRW CALL-upout  ATM  1M  H@10Δ  [Golden cross  ∧  RV < median (strict)],single,603,10000000.0,29665302.030335803,1206000.0,29523723.730142564,-141578.3001932348,-4702401.4003469255,33.001658374792704,99.52274782151734,-0.010417791697863181,-0.1575710947955865,-2.344097482666777,1.0687681580761972,-6.782767864008855,-1.2263392528717838,10,60.0,-2404348.6345219547,-0.0034077541469842345,0.9889155136375268,21.783803587590437,100.0,10.11608623548922,,,,
USDKRW CALL-upout  ATM  6W  H@10Δ  [Golden cross  ∧  RV < median (strict)],single,603,10000000.0,34627409.385715514,1206000.0,36005258.03931127,1377848.6535957572,-4840439.636115749,36.48424543946932,103.97906940784355,0.08259753389802638,-1.114286317724656,-9.796680337548631,3.0672369497148355,-2.752647053926009,-4.181523267439491,10,40.0,-3165313.5919901403,0.03222868377515725,1.0935484863850726,19.054841307525056,100.0,7.960199004975125,,,,
USDKRW CALL-upout  ATM  2M  H@10Δ  [Golden cross  ∧  RV < median (strict)],single,603,10000000.0,41824935.053972095,1206000.0,41251260.604434416,-573674.4495376796,-9873698.246301994,33.499170812603644,98.62839129625092,-0.02538958331946016,-0.8686476895615189,-4.269654295938633,1.7393173538302298,-2.0023277270307513,-2.607965043391749,10,30.0,-4290589.982635195,-0.006576228823958091,0.9739820824798596,46.20925951142732,100.0,10.11608623548922,,,,
USDKRW CALL-upout  ATM  10W  H@10Δ  [Golden cross  ∧  RV < median (strict)],single,603,10000000.0,44906299.10588179,1206000.0,50806217.10991885,5899918.004037069,-6486470.986922033,39.800995024875625,113.1382859899588,0.2243656185605787,-1.2026475088273538,-7.996555475807095,2.7058443849551566,-2.2499064481441455,-3.9084918937825104,10,40.0,-4329779.007234376,0.10298248270526998,1.2886898104318787,25.314681270133498,100.0,8.45771144278607,,,,
USDKRW CALL-upout  ATM  3M  H@10Δ  [Golden cross  ∧  RV < median (strict)],single,603,10000000.0,51460495.60076632,1206000.0,64472009.33972554,13011513.738959225,-5072301.74950791,42.78606965174129,125.28447032438889,0.3984998409742959,0.001336016570303955,-1.6325317853022998,1.2382286379404872,926.8063476628735,-1.2368926213701832,10,50.0,-2285012.5978336195,0.2905248252266908,1.5942863155683824,22.540673174249523,100.0,8.955223880597014,,,,
USDKRW CALL-upout  45Δ  1M  H@10Δ  [Golden cross  ∧  RV < median (strict)],single,603,10000000.0,23793244.19813884,1206000.0,22963567.856086858,-829676.342051982,-4293939.8986604735,29.684908789386398,96.51297513217268,-0.07283684010818273,-0.2266716320747227,-2.3344492840452826,1.0622751679834543,-4.68640543265367,-1.288946800058177,10,60.0,-1942523.185466342,-0.021869759355282594,0.9257159710657654,22.131598258224848,100.0,10.11608623548922,,,,
USDKRW CALL-upout  45Δ  6W  H@10Δ  [Golden cross  ∧  RV < median (strict)],single,603,10000000.0,27782406.447375227,1206000.0,27621528.116200585,-160878.33117463905,-4355944.941546451,33.001658374792704,99.42093449867502,-0.011842748821754992,-1.211388546926567,-9.796451593776233,3.025734233804587,-2.497740499100165,-4.237122780731154,10,40.0,-2526967.3481091647,-0.004181585993855228,0.9871620420182069,18.78552687391331,100.0,7.960199004975125,,,,
USDKRW CALL-upout  45Δ  2M  H@10Δ  [Golden cross  ∧  RV < median (strict)],single,603,10000000.0,33609705.06559193,1206000.0,32240801.32623394,-1368903.7393579856,-8714143.967511628,30.514096185737976,95.92705816166354,-0.0718744834392048,-0.9895079753470292,-4.270875672529916,1.7166949443106982,-1.7348975319866808,-2.7062029196577275,10,30.0,-3540131.093621348,-0.01778031449151067,0.926676808361083,42.82207642758221,100.0,10.11608623548922,,,,
USDKRW CALL-upout  45Δ  10W  H@10Δ  [Golden cross  ∧  RV < median (strict)],single,603,10000000.0,36121286.35402544,1206000.0,39909128.362701625,3787842.008676186,-5474009.615132609,34.32835820895522,110.48645380884687,0.1686428600752248,-1.2719234981599299,-7.999515921557138,2.6733358154369915,-2.101805508982624,-3.9452593135969214,10,40.0,-3744613.396361154,0.07834515820411744,1.214560232337717,22.343930546170654,100.0,8.45771144278607,,,,
USDKRW CALL-upout  45Δ  3M  H@10Δ  [Golden cross  ∧  RV < median (strict)],single,603,10000000.0,41502643.70510281,1206000.0,51101034.432095915,9598390.726993114,-4988921.094198484,37.81094527363184,123.12717906645783,0.3427451592635478,-0.11104827014206506,-1.8298552333208173,1.2743182688417964,-11.475354521160478,-1.3853665389838614,10,50.0,-1868252.0756125702,0.21789752411465405,1.4967412393517783,21.05681625674848,100.0,8.955223880597014,,,,
USDKRW CALL-upout  40Δ  1M  H@10Δ  [Golden cross  ∧  RV < median (strict)],single,603,10000000.0,18490929.77781661,1206000.0,17222275.53939634,-1268654.2384202695,-3685301.942324061,25.04145936981758,93.13904571774286,-0.13915162039802267,-0.2963168820436854,-2.334370031698805,1.056186641798347,-3.5643822738477504,-1.3525035238420324,10,50.0,-1623947.8165885417,-0.0389638136747723,0.863799316422957,21.089260638770575,100.0,10.11608623548922,,,,
USDKRW CALL-upout  40Δ  6W  H@10Δ  [Golden cross  ∧  RV < median (strict)],single,603,10000000.0,21545578.18871683,1206000.0,20299092.47010769,-1246485.7186091384,-3740703.7447635485,29.684908789386398,94.21465644741012,-0.11877741178092759,-1.3141590889273078,-9.796514069271915,2.9806698275510364,-2.26811947858157,-4.294828916478345,10,40.0,-1960894.4646881851,-0.037727658658276216,0.8801524008329498,17.54253469713311,100.0,7.960199004975125,,,,
USDKRW CALL-upout  40Δ  2M  H@10Δ  [Golden cross  ∧  RV < median (strict)],single,603,10000000.0,26008562.609730855,1206000.0,24026188.949263733,-1982373.6604671218,-7485821.158260554,27.031509121061358,92.3779960845455,-0.12842953560450004,-1.1055466359815302,-4.2690076475567995,1.7043433644040193,-1.5416295513312863,-2.8098900003855496,10,30.0,-2952305.2782252883,-0.029973491178185183,0.8719579343376929,38.525157909784255,100.0,10.11608623548922,,,,
USDKRW CALL-upout  40Δ  10W  H@10Δ  [Golden cross  ∧  RV < median (strict)],single,603,10000000.0,27932337.982116528,1206000.0,29548436.80345013,1616098.8213336044,-4396481.778540779,29.187396351575458,105.78576280427474,0.08745018203784266,-1.3518603724738711,-7.995501392115951,2.6109339376229013,-1.9313636162327597,-3.9627943100967724,10,40.0,-3050354.2171336664,0.041618698759224054,1.105246772216337,19.151417281829676,100.0,8.45771144278607,,,,
USDKRW CALL-upout  40Δ  3M  H@10Δ  [Golden cross  ∧  RV < median (strict)],single,603,10000000.0,32054661.765085436,1206000.0,38298223.42989966,6243561.664814221,-4788487.135136025,32.50414593698176,119.47785851109751,0.2722686742826887,-0.2524551810624984,-2.248538598524759,1.264049320697056,-5.007024674150478,-1.5165045017595544,10,50.0,-1440771.2941579914,0.147670785858182,1.3816344995647138,19.07007147961045,100.0,8.955223880597014,,,,
USDKRW CALL-upout  35Δ  1M  H@10Δ  [Golden cross  ∧  RV < median (strict)],single,603,10000000.0,13850848.49879834,1206000.0,12351488.635331534,-1499359.8634668055,-3195077.283208136,21.393034825870647,89.17496019397738,-0.2171759006459835,-0.34811677192088486,-2.3342461017977523,1.0680073227434375,-3.067957102009895,-1.4161240946643223,10,50.0,-1479580.146503669,-0.053114827181434725,0.7966208853930061,19.11654071954244,100.0,10.11608623548922,,,,
USDKRW CALL-upout  35Δ  6W  H@10Δ  [Golden cross  ∧  RV < median (strict)],single,603,10000000.0,16087054.511073269,1206000.0,13943109.779777141,-2143944.7312961286,-3019155.5877154153,23.88059701492537,86.67285717332295,-0.2843588793817112,-1.4712076602356006,-9.796585247718395,2.915701355671148,-1.981842152184162,-4.386909015906749,10,30.0,-1465359.3158481258,-0.08039961196906996,0.739189577013065,16.267841052970216,100.0,7.960199004975125,,,,
USDKRW CALL-upout  35Δ  2M  H@10Δ  [Golden cross  ∧  RV < median (strict)],single,603,10000000.0,19354954.523421362,1206000.0,16774478.349155977,-2580476.174265385,-6078563.853005825,22.885572139303484,86.66761954339513,-0.21605564795543825,-1.2109836120160746,-4.26608114714931,1.6834529828432028,-1.3901533977330625,-2.894436594859277,10,30.0,-2577682.4771831594,-0.0480496390510965,0.7911712147040159,32.83038828886933,100.0,10.11608623548922,,,,
USDKRW CALL-upout  35Δ  10W  H@10Δ  [Golden cross  ∧  RV < median (strict)],single,603,10000000.0,20763787.873864427,1206000.0,21136609.67413291,372821.8002684824,-3679354.7621629704,24.875621890547265,101.79553847560614,0.025665751260841228,-1.4065399532613632,-7.989158942586882,2.5601299796521455,-1.820161577149613,-3.9666699329135087,10,40.0,-2385039.005867182,0.011472432110955706,1.03026909928653,16.21487428801257,100.0,8.45771144278607,,,,
USDKRW CALL-upout  35Δ  3M  H@10Δ  [Golden cross  ∧  RV < median (strict)],single,603,10000000.0,23783074.008890763,1206000.0,27473037.594937854,3689963.5860470897,-4133822.1061282624,27.860696517412936,115.51508263678481,0.2065200774367518,-0.571087175600893,-2.636636217938277,1.3816549250921737,-2.4193415368475195,-1.9527421006930665,10,40.0,-1128668.2801492813,0.10109526212484019,1.2856960820527155,15.965920702561943,100.0,8.955223880597014,,,,
USDKRW CALL-upout  30Δ  1M  H@10Δ  [Golden cross  ∧  RV < median (strict)],single,603,10000000.0,9848060.347366512,1206000.0,8338405.260832919,-1509655.0865335946,-2549269.871636595,17.081260364842453,84.67053375706318,-0.31112588944681413,-0.4065179188934336,-2.3340264993046604,1.0647768325035318,-2.6192617422669064,-1.4712947513969654,10,50.0,-1159855.965047987,-0.06702752456673987,0.7229360700273224,15.415312025596773,100.0,10.11608623548922,,,,
USDKRW CALL-upout  30Δ  6W  H@10Δ  [Golden cross  ∧  RV < median (strict)],single,603,10000000.0,11377587.237030834,1206000.0,8557164.411253076,-2820422.825777759,-2794387.240940221,18.076285240464347,75.21071236792561,-0.5612949976602134,-1.7478235142272283,-9.796673336942805,2.819243321088898,-1.6130022843498477,-4.567066835316126,10,10.0,-1037753.353310618,-0.11427559538325326,0.5494726566492216,16.715611131299323,100.0,7.960199004975125,,,,
USDKRW CALL-upout  30Δ  2M  H@10Δ  [Golden cross  ∧  RV < median (strict)],single,603,10000000.0,13613337.801168932,1206000.0,10585950.780882686,-3027387.0202862453,-4638298.099816972,17.5787728026534,77.76161096930765,-0.35143199676767933,-1.3160952189943984,-4.261137661321871,1.6520841651137819,-1.255292277694091,-2.96817938410818,10,30.0,-2167323.790747066,-0.07387551931624682,0.6796763978536711,27.717712632321835,100.0,10.11608623548922,,,,
USDKRW CALL-upout  30Δ  10W  H@10Δ  [Golden cross  ∧  RV < median (strict)],single,603,10000000.0,14577367.35843103,1206000.0,14231981.391796568,-345385.9666344621,-3010723.942301732,20.8955223880597,97.63066980379895,-0.03254827870670753,-1.4634044865066795,-7.97836263699787,2.5176478952553327,-1.720404658089615,-3.9810523817620123,10,30.0,-1723568.9990021654,-0.012988518374956891,0.9619384195054616,13.311685872513825,100.0,8.45771144278607,,,,
USDKRW CALL-upout  30Δ  3M  H@10Δ  [Golden cross  ∧  RV < median (strict)],single,603,10000000.0,16643731.78890477,1206000.0,18592818.90038902,1949087.1114842517,-3133572.2019055085,23.71475953565506,111.71063759140587,0.14968317565542846,-0.6730854232338811,-3.387793064686932,1.4870520328808015,-2.2093065479507294,-2.1601374561146827,10,40.0,-804445.6975298234,0.07044530428983518,1.2067652195453697,12.053860170848138,100.0,8.955223880597014,,,,
USDKRW CALL-upout  25Δ  1M  H@10Δ  [Golden cross  ∧  RV < median (strict)],single,603,10000000.0,6487852.663273688,1206000.0,5079408.520141181,-1408444.1431325073,-1876756.1990545508,12.769485903814262,78.2910584405623,-0.4647678897909743,-0.4983135383303098,-2.333567586676206,1.039843243784418,-2.0867248505200204,-1.538156782114728,10,40.0,-788301.1706269959,-0.08494210676668254,0.6221107829337359,11.542541502659478,100.0,10.11608623548922,,,,
USDKRW CALL-upout  25Δ  6W  H@10Δ  [Golden cross  ∧  RV < median (strict)],single,603,10000000.0,7423511.746259237,1206000.0,4567932.428230986,-2855579.318028251,-2838879.0912260865,11.774461028192372,61.53330909098111,-0.9080598195084604,-2.0463227962296098,-9.796796290218664,2.7241502529396153,-1.3312417072999998,-4.770473049169225,10,10.0,-678687.0837131459,-0.11388674832568998,0.3691147072009358,15.37203745735799,100.0,7.960199004975125,,,,
USDKRW CALL-upout  25Δ  2M  H@10Δ  [Golden cross  ∧  RV < median (strict)],single,603,10000000.0,8791599.542803276,1206000.0,5989307.290545875,-2802292.2522574016,-3260708.016550008,10.779436152570481,68.12534239515797,-0.5004149423677022,-1.4513907454865342,-4.251823750075057,1.6803846871775274,-1.1577755283359135,-3.1317754326640617,10,30.0,-1654058.9572624932,-0.09727310390332959,0.5742578727198469,21.769921952350103,100.0,10.11608623548922,,,,
USDKRW CALL-upout  25Δ  10W  H@10Δ  [Golden cross  ∧  RV < median (strict)],single,603,10000000.0,9381630.128994215,1206000.0,8371303.345273721,-1010326.7837204959,-2351493.747784932,16.086235489220563,89.23079710211502,-0.14803103891835337,-1.5657113519533792,-7.957848349414341,2.4559027281216848,-1.5685539515682148,-4.021614080075064,10,30.0,-1130623.2051665091,-0.048645637530065906,0.8337908199513611,10.436181632576242,100.0,8.45771144278607,,,,
USDKRW CALL-upout  25Δ  3M  H@10Δ  [Golden cross  ∧  RV < median (strict)],single,603,10000000.0,10646602.581605788,1206000.0,11107630.506174285,461027.924568499,-2189747.7350598797,17.24709784411277,104.3302820879688,0.05315725706296404,-0.6898043265137759,-2.834260708848265,1.3540961670559422,-1.9630148942374022,-2.0439004935697183,10,30.0,-671003.5237874644,0.023844798200403236,1.071745852354751,9.117859077960865,100.0,8.955223880597014,,,,
USDKRW CALL-upout  ATM  1M  H@15Δ,single,2429,10000000.0,105291442.99784534,4858000.0,104310955.8326197,-980487.1652256455,-13414229.837279951,30.876904075751337,99.06878741775272,-0.038062786904763224,-0.5745274965471542,-5.646052326792851,2.0218918614645376,-3.5192255786117825,-2.596419358011692,11,54.54545454545454,-6752925.334860023,-0.007389217206779926,0.9735261331772856,60.74750205933167,100.0,14.903252367229314,,,,
USDKRW CALL-upout  ATM  6W  H@15Δ,single,2422,10000000.0,121736161.32172994,4844000.0,141129345.42315367,19393184.10142374,-13816540.090122104,35.342691990090835,115.93050404322386,0.5240227201188639,0.40363106655369896,-2.4767349412534445,1.4536438713958904,3.6014172145059553,-1.0500128048421913,11,72.72727272727273,-6104247.896907535,0.14209327186125145,1.4581576136355832,54.28449610893336,100.0,13.914120561519406,,,,
USDKRW CALL-upout  ATM  2M  H@15Δ,single,2410,10000000.0,144592867.18647772,4820000.0,161400160.6605264,16807293.47404865,-22822497.946347363,33.44398340248962,111.62387453896514,0.36033505672204647,0.12009637326474198,-3.3839743521108594,1.5757528202016475,13.120736100232085,-1.4556564469369055,11,63.63636363636363,-9307830.687173642,0.07505105997803702,1.2793594805915187,107.85419791999496,100.0,16.431535269709542,,,,
USDKRW CALL-upout  ATM  10W  H@15Δ,single,2405,10000000.0,154521969.296547,4810000.0,186555491.32060158,32033522.02405458,-20842752.125600588,35.800415800415806,120.73072338508592,0.596185169816015,0.4525852658710342,-2.1758750887587044,1.6074024564317573,3.551601383527568,-1.1548171905607232,11,63.63636363636363,-8770309.159753745,0.15693539756011154,1.5183790682054805,97.71169509870556,100.0,16.008316008316008,,,,
USDKRW CALL-upout  ATM  3M  H@15Δ,single,2392,10000000.0,174978191.6540915,4784000.0,206080464.56503373,31102272.910942223,-20958205.626631632,34.48996655518395,117.77494247536129,0.4886621820996777,0.4990624624907289,-2.3207476959263507,1.4002508551586432,2.805762725912602,-0.9011883926679143,11,72.72727272727273,-10869798.908475576,0.1524286148446256,1.4057884088752421,96.16989476488598,100.0,17.140468227424748,,,,
USDKRW CALL-upout  45Δ  1M  H@15Δ,single,2429,10000000.0,81020465.5168595,4858000.0,76948684.1659293,-4071781.350930188,-12481686.410377683,26.636475916014824,94.97437922017014,-0.19762705868199487,-0.8723927111560665,-6.7228643026846635,2.257750460410472,-2.5879978495218907,-3.1301431715665387,11,54.54545454545454,-5695828.740880224,-0.03297869337634052,0.8712114984992078,65.16053054270228,100.0,14.903252367229314,,,,
USDKRW CALL-upout  45Δ  6W  H@15Δ,single,2422,10000000.0,93667847.40714613,4844000.0,106371462.84782587,12703615.440679735,-12548285.219213232,31.131296449215522,113.5624077976949,0.4261178491258472,0.2608451319660112,-2.4525155172988917,1.4493322868450291,5.556294173179666,-1.188487154879018,11,63.63636363636363,-4840355.674730678,0.10248649783133269,1.362542064922259,54.653177771415976,100.0,13.914120561519406,,,,
USDKRW CALL-upout  45Δ  2M  H@15Δ,single,2410,10000000.0,111387599.78058556,4820000.0,123121592.41251904,11733992.631933475,-19918376.933467764,30.24896265560166,110.53437963924837,0.30824866395884687,-0.006767449160104047,-3.9129472737208633,1.6786246684371366,-248.04392744212774,-1.6853921175972406,11,63.63636363636363,-8079663.260526796,0.06003632336735871,1.2369553719540574,97.47547632311947,100.0,16.431535269709542,,,,
USDKRW CALL-upout  45Δ  10W  H@15Δ,single,2405,10000000.0,119143691.53759618,4810000.0,143009945.63274333,23866254.09514716,-18489191.705740795,31.642411642411645,120.03148785063127,0.5422318456443356,0.32701774995916755,-2.3283437835321,1.6849406110146927,5.152443900140221,-1.3579228610555252,11,63.63636363636363,-7459065.759063033,0.13180674011939555,1.4679953553836949,89.67152712798483,100.0,16.008316008316008,,,,
USDKRW CALL-upout  45Δ  3M  H@15Δ,single,2392,10000000.0,135256848.1315749,4784000.0,159089711.6350956,23832863.503520705,-18382597.504118852,30.6438127090301,117.62044867431524,0.4509043203841,0.40392547635837667,-2.627407704421625,1.3822438247629474,3.4220268481816998,-0.9783183484045708,11,63.63636363636363,-9480959.403972046,0.13316736910719587,1.373148991073105,87.09898669495,100.0,17.140468227424748,,,,
USDKRW CALL-upout  40Δ  1M  H@15Δ,single,2429,10000000.0,59674772.82873151,4858000.0,53482785.07573208,-6191987.752999417,-10983047.736562876,21.778509674763278,89.62377658182191,-0.3946454284345848,-1.2061058522353632,-7.492816947261523,2.4391870637252926,-2.0223656648415815,-3.6452929159606557,11,45.45454545454545,-4575486.380925837,-0.05699404494197727,0.7621715084428803,65.04108178352946,100.0,14.903252367229314,,,,
USDKRW CALL-upout  40Δ  6W  H@15Δ,single,2422,10000000.0,68781666.81186654,4844000.0,75099388.53015994,6317721.718293409,-10778700.478799729,26.589595375722542,109.18518263823675,0.2792044394621177,0.0738539427236184,-2.4849531565733893,1.4496091592420168,19.628053774554054,-1.3757552165183984,11,63.63636363636363,-3656778.1083016256,0.05933593417351591,1.2265106246522168,53.88546697338819,100.0,13.914120561519406,,,,
USDKRW CALL-upout  40Δ  2M  H@15Δ,single,2410,10000000.0,81542834.8550343,4820000.0,87821824.99647683,6278990.141442513,-16345752.514046958,25.269709543568464,107.7002352844431,0.21470008390761267,-0.17897583100923511,-4.401032004187108,1.7721589646433527,-9.901666357129022,-1.9511347956525877,11,63.63636363636363,-6465411.336895477,0.03914777699333241,1.161307021347806,82.72965076631755,100.0,16.431535269709542,,,,
USDKRW CALL-upout  40Δ  10W  H@15Δ,single,2405,10000000.0,87129694.88644332,4810000.0,102835019.72049081,15705324.834047496,-15374173.358153865,26.902286902286903,118.02522647934939,0.46126592252378085,0.19037356461392463,-2.676790156493401,1.7209392352099884,9.039801501327315,-1.5305656705960637,11,63.63636363636363,-5726209.1740888795,0.10431011734866331,1.3916110989883863,76.43000756094027,100.0,16.008316008316008,,,,
USDKRW CALL-upout  40Δ  3M  H@15Δ,single,2392,10000000.0,98736727.7791211,4784000.0,115311835.4516628,16575107.6725417,-15241492.179011513,26.08695652173913,116.78717539598944,0.4008119311633034,0.28591383889344135,-3.060842552275148,1.3980009425546025,4.8895882338722,-1.1120871036611613,11,72.72727272727273,-7908055.338750623,0.11170107249959152,1.3276847554917308,73.59342679967159,100.0,17.140468227424748,,,,
USDKRW CALL-upout  35Δ  1M  H@15Δ,single,2429,10000000.0,41607676.94685923,4858000.0,34539301.86825923,-7068375.078600007,-9130758.16511181,17.002881844380404,83.01184878062854,-0.6311616860184671,-1.5465007918480234,-8.33693776598429,2.59053784394685,-1.6750963579211833,-4.137038635794873,11,45.45454545454545,-3451184.3029368026,-0.0782591289425139,0.6496420532468121,60.64301887393966,100.0,14.903252367229314,,,,
USDKRW CALL-upout  35Δ  6W  H@15Δ,single,2422,10000000.0,47714291.4574454,4844000.0,48646303.68989842,932012.2324530166,-8721281.866268493,21.304706853839804,101.95331881493878,0.05861213748639514,-0.17883899954907712,-2.471045575050886,1.443007798650035,-8.068753472611794,-1.621846798199112,11,63.63636363636363,-2779352.563581738,0.010818448582199327,1.0434623257572881,52.14700479156037,100.0,13.914120561519406,,,,
USDKRW CALL-upout  35Δ  2M  H@15Δ,single,2410,10000000.0,56272208.09067655,4820000.0,57963023.1227705,1690815.0320939496,-12304275.298822626,20.91286307053942,103.00470710047378,0.08041044828859462,-0.3968802984528308,-4.98809552966607,1.8512883853245368,-4.664601373616842,-2.248168683777368,11,45.45454545454545,-4865496.437961591,0.014004328332720221,1.0586173623394564,64.95576012113564,100.0,16.431535269709542,,,,
USDKRW CALL-upout  35Δ  10W  H@15Δ,single,2405,10000000.0,60019866.962078616,4810000.0,69244989.87953126,9225122.917452635,-11578906.753954517,21.912681912681915,115.37011557070127,0.37406911168778245,0.08493614509899793,-2.66111291508637,1.6588504924867453,19.530560170269798,-1.5739143473877475,11,63.63636363636363,-4156820.549271448,0.08135343396539634,1.3124053264532483,59.34384632139643,100.0,16.008316008316008,,,,
USDKRW CALL-upout  35Δ  3M  H@15Δ,single,2392,10000000.0,67805668.17859712,4784000.0,78400453.74317932,10594785.564582206,-11560420.754313208,21.73913043478261,115.6252210901838,0.35139739291466077,0.1598723426042021,-3.5973768623524887,1.471132378729366,9.201919198566236,-1.3112600361251638,11,72.72727272727273,-6115798.943134164,0.09413410600423339,1.283738139457226,56.87566617006573,100.0,17.140468227424748,,,,
USDKRW CALL-upout  30Δ  1M  H@15Δ,single,2429,10000000.0,26788994.405475184,4858000.0,19911783.469296142,-6877210.936179039,-7412454.763342608,12.268423219431865,74.32822288105947,-0.9602393441294726,-1.9284547704555777,-9.109457341214696,2.6911001470713156,-1.3954696725583928,-4.6195549175268935,11,27.27272727272727,-2332617.580621921,-0.09379345894169383,0.5300373396622261,50.749577982162535,100.0,14.903252367229314,,,,
USDKRW CALL-upout  30Δ  6W  H@15Δ,single,2422,10000000.0,30431461.81492319,4844000.0,27620034.640922308,-2811427.1740008793,-7035570.079286742,15.64822460776218,90.76144553587567,-0.2789998787117975,-0.5913393516871851,-3.091095845578082,1.5471550854423926,-2.616357394494571,-2.1384944371295775,11,45.45454545454545,-2084021.0428515077,-0.040453047149937284,0.8187992790311825,48.561931101338445,100.0,13.914120561519406,,,,
USDKRW CALL-upout  30Δ  2M  H@15Δ,single,2410,10000000.0,35535954.05048457,4820000.0,33949854.51270512,-1586099.5377794579,-8222148.122029384,15.477178423236515,95.53663443079041,-0.11618485223845645,-0.6828202642051692,-4.953778312394081,1.7910618080550873,-2.6230355218586796,-2.4738820722602566,11,45.45454545454545,-3146151.323146906,-0.019659269028546547,0.919738867151379,47.22923443718194,100.0,16.431535269709542,,,,
USDKRW CALL-upout  30Δ  10W  H@15Δ,single,2405,10000000.0,37772080.48646572,4810000.0,42077000.83789922,4304920.3514335025,-7984608.974145093,17.2972972972973,111.3970962043672,0.2644784868745039,-0.045154161183327574,-2.6975041020425317,1.586506865092038,-35.135341317730635,-1.6316610262753655,11,63.63636363636363,-2856559.3171347263,0.05505322344073114,1.2146567068345642,41.91114988788258,100.0,16.008316008316008,,,,
USDKRW CALL-upout  30Δ  3M  H@15Δ,single,2392,10000000.0,42416656.74913077,4784000.0,47728014.51005748,5311357.760926701,-7719341.224939759,17.934782608695652,112.52186798299597,0.27546976682937296,0.015825443237760542,-4.107696107834448,1.5594303028488508,98.5394392700451,-1.5436048596110903,11,63.63636363636363,-4050151.529336666,0.07067304261129347,1.21679801397047,38.68740524905704,100.0,17.140468227424748,,,,
USDKRW CALL-upout  25Δ  1M  H@15Δ,single,2429,10000000.0,15366071.82077242,4858000.0,9413862.856098874,-5952208.964673544,-6135397.59537165,8.316179497735694,61.26395194491327,-1.5744366856094991,-2.7160805154790144,-10.599067941113733,2.961657435289514,-1.0904159204452704,-5.677737950768528,11,18.181818181818183,-1393549.6780128363,-0.0980748654227346,0.3636921681184514,38.127569964663756,100.0,14.903252367229314,,,,
USDKRW CALL-upout  25Δ  6W  H@15Δ,single,2422,10000000.0,17106152.204398118,4844000.0,12583711.498793237,-4522440.705604879,-5738439.296605035,9.49628406275805,73.56248996520605,-0.8474149557114599,-1.2991818810349285,-4.63971639810182,1.7571757542839777,-1.352524831153134,-3.056357635318906,11,27.27272727272727,-1373042.2431133187,-0.07978160801108425,0.560295698544075,39.672127764296725,100.0,13.914120561519406,,,,
USDKRW CALL-upout  25Δ  2M  H@15Δ,single,2410,10000000.0,19543313.357881404,4820000.0,16063919.894038662,-3479393.4638427407,-4976552.32077471,9.83402489626556,82.19650168767532,-0.4818478450465185,-1.195950993315465,-5.029280775778966,1.882477924573459,-1.5740426949726223,-3.078428917888924,11,36.36363636363637,-1773109.2864078397,-0.07125202187201696,0.7139395336912076,34.33739571412312,100.0,16.431535269709542,,,,
USDKRW CALL-upout  25Δ  10W  H@15Δ,single,2405,10000000.0,20611556.537173115,4810000.0,20497203.215091582,-114353.32208153512,-5022969.314165311,12.474012474012476,99.44519802822607,-0.01286601643774957,-0.36113216803753206,-3.224040311099571,1.5323050591273888,-4.243058898503159,-1.893437227164921,11,54.54545454545454,-1674740.428112355,-0.002324660548200775,0.9907333705232091,28.61263898363707,100.0,16.008316008316008,,,,
USDKRW CALL-upout  25Δ  3M  H@15Δ,single,2392,10000000.0,22828284.636696555,4784000.0,22583931.580417596,-244353.05627896218,-4609353.864411891,11.747491638795987,98.92960395330726,-0.02535823506338467,-0.4303016183349133,-5.441643632528448,1.816916214900036,-4.222424777138277,-2.2472178332349495,11,45.45454545454545,-2260640.7388014346,-0.005445104226030915,0.9824436281968318,25.126572204650913,100.0,17.140468227424748,,,,
USDKRW CALL-upout  ATM  1M  H@15Δ  [Spot > 50DMA],single,1422,10000000.0,61842993.26364722,2844000.0,64786979.80831186,2943986.5446646395,-10893459.886525936,31.645569620253166,104.76042052510932,0.14280028888751384,-0.5122272548950701,-3.2470716298945517,1.6853271457302827,-3.290194205061428,-2.1975544006253527,11,54.54545454545454,-2617666.9342604494,0.027381355116745148,1.1283501078422224,57.25692685940125,100.0,15.471167369901547,,,,
USDKRW CALL-upout  ATM  6W  H@15Δ  [Spot > 50DMA],single,1415,10000000.0,71240901.9071066,2830000.0,85217702.40319395,13976800.496087339,-9872553.11789855,36.74911660777385,119.61906730814857,0.5003362413796577,-0.027590767646365123,-2.6037933212629722,1.5517143501339328,-56.24034713431975,-1.579305117780298,11,54.54545454545454,-3125790.1691278527,0.14375669306346167,1.5511062185044755,47.243909365730886,100.0,14.69964664310954,,,,
USDKRW CALL-upout  ATM  2M  H@15Δ  [Spot > 50DMA],single,1405,10000000.0,84261506.42676032,2810000.0,99972515.59950638,15711009.172746051,-11373766.789195705,34.946619217081846,118.64553559388588,0.4336129687615988,0.09411573013340817,-2.3785847235855395,1.174240006022954,12.476554178121765,-1.080124275889546,11,54.54545454545454,-4756490.649488886,0.14164331179495374,1.4332141418069204,56.000472787954166,100.0,17.22419928825623,,,,
USDKRW CALL-upout  ATM  10W  H@15Δ  [Spot > 50DMA],single,1405,10000000.0,90178788.29027127,2810000.0,109626961.9130215,19448173.622750234,-10582122.94248174,35.729537366548044,121.56623967950159,0.4898112416228276,0.21898716509955243,-2.0537191846433296,1.2288762133401623,5.611635790533707,-1.0098890482406098,11,54.54545454545454,-4708437.349863811,0.18845268506813126,1.501136554777353,51.90526925743282,100.0,16.583629893238435,,,,
USDKRW CALL-upout  ATM  3M  H@15Δ  [Spot > 50DMA],single,1402,10000000.0,102335726.19534719,2804000.0,116038019.09145221,13702292.896105016,-13441788.638031606,33.951497860199716,113.3895496768635,0.3027071350189284,0.19548997471182752,-1.8895039230651063,1.312291292669124,6.712831666194531,-1.1168013179572964,11,63.63636363636363,-6260919.297002715,0.10508851539903787,1.2860168682583137,54.05413554027721,100.0,16.547788873038517,,,,
USDKRW CALL-upout  45Δ  1M  H@15Δ  [Spot > 50DMA],single,1422,10000000.0,47594591.64744767,2844000.0,48215149.149767466,620557.5023197914,-9547286.573266678,27.70745428973277,101.30384037521851,0.03702464349180852,-0.6642997503469309,-3.4903518999347565,1.7286299685360378,-2.6021836793303925,-2.392929718882969,11,45.45454545454545,-2315938.2935846723,0.006585473816640578,1.0316623594862226,52.11178450536481,100.0,15.471167369901547,,,,
USDKRW CALL-upout  45Δ  6W  H@15Δ  [Spot > 50DMA],single,1415,10000000.0,54828874.15747953,2830000.0,63756118.955719836,8927244.798240304,-8640459.112721106,32.08480565371025,116.28201369336797,0.39553876315012504,-0.22057305946857086,-3.2690858592266263,1.6701786104995973,-7.571997298870394,-1.8907516699681681,11,54.54545454545454,-2712647.972895033,0.10491326702944634,1.4239587269809002,42.52745287377824,100.0,14.69964664310954,,,,
USDKRW CALL-upout  45Δ  2M  H@15Δ  [Spot > 50DMA],single,1405,10000000.0,64939053.95285912,2810000.0,76983635.5028868,12044581.550027702,-9578652.544619272,31.316725978647685,118.5475161969116,0.4047420420821141,0.028154958678775956,-2.5059071170107248,1.1987982023934232,42.578581487925,-1.1706432437146472,11,54.54545454545454,-3830453.5689139264,0.12893879463100577,1.4048493693775637,47.81336690571117,100.0,17.22419928825623,,,,
USDKRW CALL-upout  45Δ  10W  H@15Δ  [Spot > 50DMA],single,1405,10000000.0,69568939.73731588,2810000.0,84751779.77530117,15182840.037985303,-8758151.493206192,31.601423487544483,121.82416477139641,0.46421824291182806,0.1730426459160609,-1.849833832522667,1.1853516704803595,6.850055165333909,-1.0123090245642987,11,54.54545454545454,-3562135.056039884,0.17776115885547694,1.4811671539711597,43.12746486705273,100.0,16.583629893238435,,,,
USDKRW CALL-upout  45Δ  3M  H@15Δ  [Spot > 50DMA],single,1402,10000000.0,79167730.54377261,2804000.0,89358781.91779707,10191051.374024453,-11246253.747794196,29.743223965763192,112.87273400920559,0.27080266924760876,0.11035079879469435,-1.803557465334727,1.2289776064837912,11.137006889911886,-1.1186268076890968,11,63.63636363636363,-5604597.222677833,0.09341791821706906,1.2568498109845416,44.652281245891274,100.0,16.547788873038517,,,,
USDKRW CALL-upout  40Δ  1M  H@15Δ  [Spot > 50DMA],single,1422,10000000.0,35052762.17640286,2844000.0,33946843.8167508,-1105918.3596520545,-7815900.367220104,22.573839662447256,96.84498940743521,-0.08572658304369084,-0.830799806299013,-3.78077931162115,1.785686600604292,-2.1493584700736026,-2.616486406903305,11,45.45454545454545,-1924343.1363546168,-0.014336033557699511,0.9310089274031726,45.673481982837906,100.0,15.471167369901547,,,,
USDKRW CALL-upout  40Δ  6W  H@15Δ  [Spot > 50DMA],single,1415,10000000.0,40260227.887727484,2830000.0,44624114.44813333,4363886.560405832,-7058922.715641982,27.349823321554773,110.83919984898067,0.25522739897284125,-0.42210255241829925,-3.684463357882535,1.7335876013726101,-4.107029420790242,-2.1556901537909092,11,54.54545454545454,-2222305.593654564,0.06277472404732178,1.2594849707249376,37.1116112563293,100.0,14.69964664310954,,,,
USDKRW CALL-upout  40Δ  2M  H@15Δ  [Spot > 50DMA],single,1405,10000000.0,47539370.59005786,2810000.0,55650355.054699555,8110984.464641699,-7541878.947792637,27.046263345195733,117.0616151706855,0.3512805250822203,-0.051492794887162345,-2.5071079333500603,1.1920732844591677,-23.150292911297445,-1.2435660793463301,11,54.54545454545454,-2855521.400736194,0.11027836577878625,1.347326009643898,37.97007390621278,100.0,17.22419928825623,,,,
USDKRW CALL-upout  40Δ  10W  H@15Δ  [Spot > 50DMA],single,1405,10000000.0,50875786.465181604,2810000.0,61777536.00012656,10901749.534944953,-6715473.011202092,26.975088967971526,121.42816906114248,0.4269087174519714,0.14125816588100462,-1.6158089796447177,1.0946301731340744,7.749146155955239,-0.9533720072530698,11,54.54545454545454,-2488171.119561332,0.16646230400812584,1.4436889060392148,33.41328729190546,100.0,16.583629893238435,,,,
USDKRW CALL-upout  40Δ  3M  H@15Δ  [Spot > 50DMA],single,1402,10000000.0,57792246.70329984,2804000.0,64893901.267963745,7101654.564663904,-8524065.620589029,25.748930099857347,112.28824793942196,0.24162883338417482,0.028349299535342973,-1.8709052644619708,1.1522055362190615,40.643174791060034,-1.1238562366837186,11,63.63636363636363,-4385992.472078298,0.08588786983457172,1.2281853253865265,33.729276032540916,100.0,16.547788873038517,,,,
USDKRW CALL-upout  35Δ  1M  H@15Δ  [Spot > 50DMA],single,1422,10000000.0,24437214.59148236,2844000.0,22241071.778382152,-2196142.813100212,-6036352.44724029,17.932489451476794,91.01312138141276,-0.23592452457589821,-1.027106504153878,-4.163451093620543,1.866397891296964,-1.8171415366846375,-2.893504395450842,11,45.45454545454545,-1541076.439356667,-0.03686132522966819,0.8228770862297557,38.60217738592846,100.0,15.471167369901547,,,,
USDKRW CALL-upout  35Δ  6W  H@15Δ  [Spot > 50DMA],single,1415,10000000.0,27927123.143339958,2830000.0,28646328.00846815,719204.8651281935,-5319598.933442727,21.554770318021202,102.57529163113858,0.06043341255792811,-0.6378694000372037,-3.9475168474930604,1.7364775007801376,-2.7223088310535943,-2.3743469008173412,11,54.54545454545454,-1639075.6709398376,0.013728513435452797,1.0550165146094095,32.22247863670839,100.0,14.69964664310954,,,,
USDKRW CALL-upout  35Δ  2M  H@15Δ  [Spot > 50DMA],single,1405,10000000.0,32806556.181164604,2810000.0,37370981.17932593,4564424.998161325,-5431467.680147472,22.63345195729537,113.91314886254938,0.27392742187079505,-0.15812065302431796,-2.5861379550620494,1.1892733881455197,-7.52130329212982,-1.3473940411698377,11,36.36363636363637,-2035477.0113805842,0.0861718040237104,1.2658817960591204,28.310667459823716,100.0,17.22419928825623,,,,
USDKRW CALL-upout  35Δ  10W  H@15Δ  [Spot > 50DMA],single,1405,10000000.0,35046422.688286416,2810000.0,42506156.79176836,7459734.1034819465,-4638454.57335727,22.846975088967973,121.28529399371544,0.3972023483494047,0.12802321570191963,-1.364897792370002,0.9700026085424436,7.576771160013121,-0.8419793928405239,11,54.54545454545454,-1624526.729145578,0.16490975612561226,1.4185682063264233,23.455350177778264,100.0,16.583629893238435,,,,
USDKRW CALL-upout  35Δ  3M  H@15Δ  [Spot > 50DMA],single,1402,10000000.0,39688583.773698,2804000.0,44301852.193945214,4613268.420247223,-5961566.26355047,22.18259629101284,111.62366600570029,0.21600259470637995,-0.04480133583718357,-1.8887145819964435,1.1009774237967282,-24.57465616199227,-1.1457787596339117,11,54.54545454545454,-3094762.1966548744,0.07977511174887687,1.2024404218495328,23.534234246826802,100.0,16.547788873038517,,,,
USDKRW CALL-upout  30Δ  1M  H@15Δ  [Spot > 50DMA],single,1422,10000000.0,15730227.840935785,2844000.0,12989803.04100164,-2740424.7999341423,-4213200.082342907,13.502109704641349,82.57860707648139,-0.4587408065944608,-1.2768683026448537,-4.835945081243667,1.9064254480479805,-1.4930478296775693,-3.183293750692834,11,36.36363636363637,-1055919.5820051471,-0.06590081121531265,0.6894957009495195,29.929860236658264,100.0,15.471167369901547,,,,
USDKRW CALL-upout  30Δ  6W  H@15Δ  [Spot > 50DMA],single,1415,10000000.0,17809491.308293663,2830000.0,16222416.926506437,-1587074.3817872226,-3882606.4717185656,15.971731448763252,91.08860351868589,-0.21508525354897584,-0.8773290151481383,-4.118679481848492,1.7074160455367051,-1.946152487899201,-2.5847450606848437,11,45.45454545454545,-1205024.1706272576,-0.0415072245087924,0.8343219337523412,28.74377365443793,100.0,14.69964664310954,,,,
USDKRW CALL-upout  30Δ  2M  H@15Δ  [Spot > 50DMA],single,1405,10000000.0,20717346.580254663,2810000.0,22293171.16282492,1575824.5825702576,-3535579.468272973,17.153024911032027,107.60630506646129,0.14511994094736494,-0.3249329793981583,-2.322964366464121,1.187150846682763,-3.653525255828469,-1.5120838260809213,11,36.36363636363637,-1230122.1960749503,0.04570288095396726,1.1354832996783728,20.36240001617427,100.0,17.22419928825623,,,,
USDKRW CALL-upout  30Δ  10W  H@15Δ  [Spot > 50DMA],single,1405,10000000.0,22056123.671826694,2810000.0,26378918.26892409,4322794.597097398,-2932325.4288694877,18.14946619217082,119.59906763951955,0.3490310977502761,0.08097615779242175,-1.153745425556278,0.8671326384087608,10.708493241079815,-0.786156480616339,11,54.54545454545454,-1040216.7584678712,0.15116412791702857,1.3614913231595742,15.09168063231104,100.0,16.583629893238435,,,,
USDKRW CALL-upout  30Δ  3M  H@15Δ  [Spot > 50DMA],single,1402,10000000.0,24828966.133035276,2804000.0,26578931.81175613,1749965.6787208521,-3746209.548106935,18.045649072753207,107.04808113775024,0.1288824459237019,-0.169448614118956,-1.9779395086619014,1.0773095798073984,-6.3577361515102595,-1.2467581939263543,11,54.54545454545454,-2003375.7425991176,0.048156679853740704,1.1163718539741232,15.730264630906687,100.0,16.547788873038517,,,,
USDKRW CALL-upout  25Δ  1M  H@15Δ  [Spot > 50DMA],single,1422,10000000.0,9018401.529905876,2844000.0,6098747.29784959,-2919654.232056286,-3448702.9458954493,9.0014064697609,67.62559060633488,-0.9296289258145296,-1.8321860784672628,-5.091984224357894,1.9572912025030726,-1.068281887689305,-3.7894772809703356,11,27.27272727272727,-685128.9412940947,-0.08577497290340548,0.47792652980537476,22.382545898643194,100.0,15.471167369901547,,,,
USDKRW CALL-upout  25Δ  6W  H@15Δ  [Spot > 50DMA],single,1415,10000000.0,10008596.636990873,2830000.0,7256942.533474077,-2751654.1035167975,-3870997.303076268,9.39929328621908,72.50709361843064,-0.7218091139626048,-1.3438796165563294,-3.8138437087666888,1.6262612580290126,-1.2101242090391116,-2.9701408745853417,11,27.27272727272727,-722591.7077127199,-0.07218064492031015,0.5580096264993986,24.281039516926253,100.0,14.69964664310954,,,,
USDKRW CALL-upout  25Δ  2M  H@15Δ  [Spot > 50DMA],single,1405,10000000.0,11393675.275615688,2810000.0,10708922.480239337,-684752.7953763495,-2056428.4720066371,11.103202846975089,93.99006221599248,-0.12102774879790072,-0.6043404287814066,-2.2346220045383696,1.2179305934829103,-2.015305505770561,-1.8222710222643168,11,36.36363636363637,-755370.7984150642,-0.034144166468319324,0.9032619253232702,13.418429837373978,100.0,17.22419928825623,,,,
USDKRW CALL-upout  25Δ  10W  H@15Δ  [Spot > 50DMA],single,1405,10000000.0,12036302.865084592,2810000.0,13072892.28170184,1036589.4166172491,-1979466.6090660132,13.594306049822064,108.612191203864,0.1559962739738572,-0.12791614045454228,-1.307098025669054,0.8291848149478929,-6.482253232480551,-0.9571009554024351,11,54.54545454545454,-596051.2529899077,0.05369760300408972,1.1427738199710984,9.910480577234303,100.0,16.583629893238435,,,,
USDKRW CALL-upout  25Δ  3M  H@15Δ  [Spot > 50DMA],single,1402,10000000.0,13364541.324507166,2804000.0,12142285.009619571,-1222256.3148875942,-2710743.0869243466,11.911554921540656,90.85448362790956,-0.1829511671401768,-0.51231240218923,-2.2023066440787806,1.0767493556928969,-2.101743684306092,-1.589061757882127,11,36.36363636363637,-1149322.6344866476,-0.04648287730115466,0.858669413178245,13.06149099822993,100.0,16.547788873038517,,,,
USDKRW CALL-upout  ATM  1M  H@15Δ  [Spot > 200DMA],single,1406,10000000.0,59911708.12902538,2812000.0,55788764.57915086,-4122943.5498745125,-10284144.620130984,29.51635846372688,93.11830078188497,-0.22799535716150657,-0.7096952366484931,-3.042959956142583,1.4072249169191073,-1.9828580554727544,-2.1169201535676003,11,45.45454545454545,-3561685.8485132223,-0.04282825079518038,0.8277868823553184,57.30080325269438,100.0,15.576102418207682,,,,
USDKRW CALL-upout  ATM  6W  H@15Δ  [Spot > 200DMA],single,1399,10000000.0,68936392.62029754,2798000.0,76660665.82918862,7724273.208891068,-8150309.166858027,34.66761972837741,111.2049280725153,0.30675961373871413,0.1337248143783887,-1.4627118567839479,1.0772111394626809,8.05543192914515,-0.9434863250842922,11,63.63636363636363,-3055822.728240021,0.10142323987192017,1.2933027735847167,33.43791861545246,100.0,14.295925661186562,,,,
USDKRW CALL-upout  ATM  2M  H@15Δ  [Spot > 200DMA],single,1387,10000000.0,81336726.8084045,2774000.0,87205997.60093464,5869270.792530149,-11319390.340776708,32.87671232876712,107.21601547398842,0.1719735874073247,-0.019887273190672017,-2.5967770825315415,1.2625223491456923,-63.483934526422125,-1.2824096223363644,10,60.0,-5219250.059668105,0.05589950132702269,1.153172540448709,60.21664552950239,100.0,15.068493150684931,,,,
USDKRW CALL-upout  ATM  10W  H@15Δ  [Spot > 200DMA],single,1382,10000000.0,86722270.74220535,2764000.0,101553321.69280545,14831050.950600095,-10598763.302911393,36.61360347322721,117.10177884373849,0.38837954084099413,0.22787720745749546,-2.780764576838481,1.5531722190043955,6.815829614263196,-1.3252950115469,10,50.0,-6094950.748449413,0.15112397033005975,1.3812935624415683,47.23049318456013,100.0,14.037626628075254,,,,
USDKRW CALL-upout  ATM  3M  H@15Δ  [Spot > 200DMA],single,1369,10000000.0,97653163.54865319,2738000.0,103586039.79983437,5932876.251181206,-15743120.736370709,33.89335281227173,106.07545729762795,0.14161290637215038,0.05333209756537531,-2.960201452531551,1.7854453034063489,33.477875142970376,-1.7321132058409736,10,70.0,-8371000.452890361,0.040929630219590896,1.1250053009995185,63.231244449059986,100.0,15.193571950328707,,,,
USDKRW CALL-upout  45Δ  1M  H@15Δ  [Spot > 200DMA],single,1406,10000000.0,46130655.634944096,2812000.0,40980948.377341785,-5149707.257602311,-9338525.826019406,24.96443812233286,88.83669181215497,-0.3528388868500542,-0.8825731797734335,-3.4471788787970747,1.5318403800815785,-1.7356525387218533,-2.414413559855012,11,45.45454545454545,-3228378.733919854,-0.05891085708816409,0.7490089898001818,56.91585094807527,100.0,15.576102418207682,,,,
USDKRW CALL-upout  45Δ  6W  H@15Δ  [Spot > 200DMA],single,1399,10000000.0,53083388.96156565,2798000.0,57398788.08448492,4315399.122919266,-7441457.284220977,30.378842030021442,108.1294717751419,0.21371161814106526,-0.0012129818539479754,-1.6269290577912336,1.079276370768831,-889.7712420478807,-1.080489352622779,11,72.72727272727273,-2579641.589161761,0.062060734631220776,1.1991767951993997,32.34630230556953,100.0,14.295925661186562,,,,
USDKRW CALL-upout  45Δ  2M  H@15Δ  [Spot > 200DMA],single,1387,10000000.0,62722835.14044277,2774000.0,66563521.8828068,3840686.7423640257,-9772880.002231626,29.704397981254505,106.12326712235556,0.13842868479998957,-0.11281204509573436,-2.6717933526125592,1.257970067483635,-11.151026172924164,-1.3707821125793693,10,50.0,-4126986.7255029506,0.042367529739460605,1.1242921475045728,51.70928096949515,100.0,15.068493150684931,,,,
USDKRW CALL-upout  45Δ  10W  H@15Δ  [Spot > 200DMA],single,1382,10000000.0,66944756.86144909,2764000.0,77804584.01153138,10859827.150082279,-8437907.132495612,32.127351664254704,116.22207273462521,0.34706729803777275,0.07171081217972541,-2.8301558815174577,1.5996682814874246,22.307211881497754,-1.5279574693076992,10,50.0,-4742083.263749502,0.13899679711959173,1.3440495823340606,42.302545603800944,100.0,14.037626628075254,,,,
USDKRW CALL-upout  45Δ  3M  H@15Δ  [Spot > 200DMA],single,1369,10000000.0,75596802.49061689,2738000.0,78762418.6535991,3165616.1629822063,-12592180.43163124,29.5836376917458,104.18750007763242,0.09251453702642504,-0.1943347668574122,-3.039053333947098,1.7713031269458885,-9.114700141357279,-1.9656378938033008,10,60.0,-6775710.149570838,0.027303647849555395,1.0816611116950812,54.95962247493203,100.0,15.193571950328707,,,,
USDKRW CALL-upout  40Δ  1M  H@15Δ  [Spot > 200DMA],single,1406,10000000.0,33989344.34747833,2812000.0,28447842.47849062,-5541501.868987713,-7903282.614469034,20.19914651493599,83.69635550384238,-0.4959527025773645,-1.069973053129377,-3.6246009886529857,1.6692191933084497,-1.5600572261389598,-2.7391922464378267,11,45.45454545454545,-2731605.2511875327,-0.07490504955131615,0.667150575093146,52.31965696648077,100.0,15.576102418207682,,,,
USDKRW CALL-upout  40Δ  6W  H@15Δ  [Spot > 200DMA],single,1399,10000000.0,38993647.696293816,2798000.0,40309546.95423864,1315899.257944819,-6395599.215510881,26.018584703359544,103.37465032303169,0.08628786263190458,-0.169363295303575,-1.9503797864680315,1.0821401274870472,-6.389460747958209,-1.2515034227906223,11,54.54545454545454,-2045450.8983824255,0.022018885736977658,1.0777080301197217,32.499685983935905,100.0,14.295925661186562,,,,
USDKRW CALL-upout  40Δ  2M  H@15Δ  [Spot > 200DMA],single,1387,10000000.0,45931934.624421656,2774000.0,47549740.04317528,1617805.418753624,-8051978.075459244,24.94592645998558,103.52218000827132,0.07591865766739749,-0.254389253252432,-2.7149916516865082,1.2525445042187804,-4.9237319902656145,-1.5069337574712125,10,50.0,-3094138.1688131345,0.02166060212209559,1.067606193502841,43.07418797073833,100.0,15.068493150684931,,,,
USDKRW CALL-upout  40Δ  10W  H@15Δ  [Spot > 200DMA],single,1382,10000000.0,48971438.399585396,2764000.0,55642655.7097973,6671217.310211895,-6826010.959880258,26.845151953690305,113.62266971980219,0.273891336617611,-0.11138724081693932,-2.865454486798821,1.664810814986847,-14.946153641806246,-1.7761980558037864,10,50.0,-3512053.1759121506,0.10554914698248949,1.2698377265358136,37.271688699626836,100.0,14.037626628075254,,,,
USDKRW CALL-upout  40Δ  3M  H@15Δ  [Spot > 200DMA],single,1369,10000000.0,55199660.53819511,2738000.0,55867728.61815888,668068.0799637679,-9348351.703583041,24.83564645726808,101.21027570360057,0.02543162824456045,-0.35817369910383273,-3.064509666330287,1.7377542989686485,-4.8517082725967615,-2.095927998072481,10,60.0,-4973715.999888212,0.007761560303131074,1.0219317121773,45.21650325728898,100.0,15.193571950328707,,,,
USDKRW CALL-upout  35Δ  1M  H@15Δ  [Spot > 200DMA],single,1406,10000000.0,23713199.936266966,2812000.0,18546366.880413678,-5166833.05585329,-6268889.520837115,16.002844950213372,78.21115214420666,-0.6443006980692878,-1.222413141973838,-3.8161126914297716,1.7408083527558582,-1.424075292535684,-2.963221494729696,11,45.45454545454545,-2121134.12202698,-0.08804910322271227,0.5902985908337475,44.45735792410814,100.0,15.576102418207682,,,,
USDKRW CALL-upout  35Δ  6W  H@15Δ  [Spot > 200DMA],single,1399,10000000.0,27066547.473898947,2798000.0,25913378.217043627,-1153169.2568553179,-5086541.9951420175,20.800571837026446,95.73950368820641,-0.10807114441326551,-0.38912884449103957,-2.263502307646418,1.0712124787339432,-2.7528477878195687,-1.460341323224983,11,54.54545454545454,-1569993.6604953187,-0.02426187481768832,0.9111327730409193,33.287212448018316,100.0,14.295925661186562,,,,
USDKRW CALL-upout  35Δ  2M  H@15Δ  [Spot > 200DMA],single,1387,10000000.0,31715504.291636337,2774000.0,31534918.252761714,-180586.03887462337,-5933269.495420162,21.12472963229993,99.43060644026322,-0.011787522468125849,-0.42721773638829763,-2.7562249159249235,1.2375711946000403,-2.8968160476259195,-1.664788930988338,10,30.0,-2217479.837144124,-0.0032812318612850653,0.9897614091833736,33.278208708880356,100.0,15.068493150684931,,,,
USDKRW CALL-upout  35Δ  10W  H@15Δ  [Spot > 200DMA],single,1382,10000000.0,33752682.84207809,2764000.0,37430803.74638878,3678120.904310693,-5315734.737047983,21.852387843704776,110.89726977117604,0.2062297491776569,-0.22705646133486143,-2.885791108648633,1.6345564158918873,-7.198898486668714,-1.8616128772267486,10,60.0,-2430637.879031452,0.07472730524898184,1.1995428733156068,29.559714413592843,100.0,14.037626628075254,,,,
USDKRW CALL-upout  35Δ  3M  H@15Δ  [Spot > 200DMA],single,1369,10000000.0,37925978.26394282,2738000.0,37140498.78636386,-785479.4775789571,-6568463.752753194,20.014609203798393,97.92891439183857,-0.04164906757002845,-0.4687773300678096,-3.0993607904604703,1.6748469171067568,-3.572798447536887,-2.1436242471745666,10,60.0,-3420054.852440214,-0.012987764112350452,0.9652322709579849,34.72951977694423,100.0,15.193571950328707,,,,
USDKRW CALL-upout  30Δ  1M  H@15Δ  [Spot > 200DMA],single,1406,10000000.0,15284921.72620653,2812000.0,10860835.476971606,-4424086.249234924,-4904409.515122764,12.304409672830726,71.05587893427237,-0.8604753730602848,-1.3883327143585666,-4.329290009213654,1.712483668319647,-1.2334821837795875,-3.1008163826782136,11,27.27272727272727,-1546489.8768387947,-0.09636692087397551,0.5028230678671028,34.487244793352254,100.0,15.576102418207682,,,,
USDKRW CALL-upout  30Δ  6W  H@15Δ  [Spot > 200DMA],single,1399,10000000.0,17282464.509297013,2798000.0,14549192.006780487,-2733272.502516527,-4685354.880748146,15.582558970693352,84.18470640546562,-0.4077058982810686,-0.7450592879528217,-2.636747631957723,1.1353415088827647,-1.5238270661685334,-1.8804007968355865,11,45.45454545454545,-1169394.1892761479,-0.06243014987566239,0.7111705377713967,31.567045037271406,100.0,14.295925661186562,,,,
USDKRW CALL-upout  30Δ  2M  H@15Δ  [Spot > 200DMA],single,1387,10000000.0,20050758.811667606,2774000.0,18333594.976499073,-1717163.8351685316,-4091410.9988330193,15.573179524152847,91.4359159606004,-0.17427471618579451,-0.7289902919959858,-2.7667679945829176,1.2550331495787097,-1.7216047502394183,-1.9840234415746956,10,30.0,-1418324.3082049883,-0.04524654766722804,0.8555458342898508,24.388658536280673,100.0,15.068493150684931,,,,
USDKRW CALL-upout  30Δ  10W  H@15Δ  [Spot > 200DMA],single,1382,10000000.0,21264329.074620962,2764000.0,22844907.87487492,1580578.8002539533,-3778528.7742746514,17.14905933429812,107.43300573795382,0.1355190495474248,-0.33259232326394617,-2.8894467480713137,1.582023768576962,-4.756645472305335,-1.9146160918409083,10,50.0,-1515559.120789109,0.045176235652259596,1.1294211148782933,20.964782259098055,100.0,14.037626628075254,,,,
USDKRW CALL-upout  30Δ  3M  H@15Δ  [Spot > 200DMA],single,1369,10000000.0,23748739.130913474,2738000.0,21980555.60196372,-1768183.5289497531,-4848421.731176544,16.216216216216218,92.55462145083683,-0.14851322902904077,-0.5991498080927533,-3.2083342457877446,1.614710312132544,-2.69500263593938,-2.213860120225297,10,50.0,-2159554.5424026917,-0.03960867448525826,0.881836358365279,25.922186244155895,100.0,15.193571950328707,,,,
USDKRW CALL-upout  25Δ  1M  H@15Δ  [Spot > 200DMA],single,1406,10000000.0,8788198.109920677,2812000.0,5028749.730454907,-3759448.3794657704,-3985067.5569112706,8.108108108108109,57.22162458738991,-1.4373224069380413,-1.8965979488663565,-4.91031193925927,1.6754170130717754,-0.8833801671425479,-3.572014961938132,11,18.181818181818183,-1017072.1737511888,-0.10078120844734452,0.32278832753874204,25.72872562945226,100.0,15.576102418207682,,,,
USDKRW CALL-upout  25Δ  6W  H@15Δ  [Spot > 200DMA],single,1399,10000000.0,9739120.126136178,2798000.0,6416247.853320779,-3322872.272815399,-4166734.715640036,9.006433166547534,65.88118608478763,-0.925349085984523,-1.3139782534997246,-3.1636515823532623,1.3023835887326105,-0.9911759081733413,-2.616361842232335,11,36.36363636363637,-829005.4890567099,-0.0853437522270066,0.46725334430484855,26.665227321547807,100.0,14.295925661186562,,,,
USDKRW CALL-upout  25Δ  2M  H@15Δ  [Spot > 200DMA],single,1387,10000000.0,11055032.881535584,2774000.0,8489020.68746676,-2566012.194068827,-2701943.0884331223,9.58904109589041,76.78874209090186,-0.5031198059927614,-1.3105574575175862,-3.522704647421381,1.498283743635877,-1.1432415534637264,-2.808841201153463,10,30.0,-930836.705341571,-0.10238335142359369,0.6430443903173233,18.677156305665466,100.0,15.068493150684931,,,,
USDKRW CALL-upout  25Δ  10W  H@15Δ  [Spot > 200DMA],single,1382,10000000.0,11632345.354893854,2764000.0,11053432.99240265,-578912.3624912037,-2604493.755609426,12.735166425470332,95.02325330937971,-0.09359401677183551,-0.5800421029444862,-2.8981399633008347,1.5261792283472078,-2.6311524984131593,-2.106221331291694,10,40.0,-809155.1003289316,-0.024005244000694217,0.9206960145403019,15.069749230028949,100.0,14.037626628075254,,,,
USDKRW CALL-upout  25Δ  3M  H@15Δ  [Spot > 200DMA],single,1369,10000000.0,12811665.464015413,2738000.0,10015983.64885715,-2795681.815158263,-3375670.2012063474,10.080350620891162,78.17862304467286,-0.47293211114959266,-0.8952479113122986,-3.2547752129850256,1.4623285814749942,-1.633434228661244,-2.3575764927872926,10,30.0,-1148694.2669779342,-0.08994791251961604,0.6765069311274263,20.019715048154815,100.0,15.193571950328707,,,,
USDKRW CALL-upout  ATM  1M  H@15Δ  [20DMA > 50DMA],single,1409,10000000.0,60926054.923103735,2818000.0,63593576.031560555,2667521.1084568226,-8899992.16103236,32.22143364088006,104.37829285323588,0.13185023668667756,-0.3579626139692344,-2.5223504304085083,1.3364069806024785,-3.733370269548143,-1.694369594571713,11,54.54545454545454,-2518042.2634085575,0.030476994539113622,1.1218826326608027,42.01395790836783,100.0,15.54293825408091,,,,
USDKRW CALL-upout  ATM  6W  H@15Δ  [20DMA > 50DMA],single,1402,10000000.0,70181584.67776683,2804000.0,79962969.0040814,9781384.32631457,-8492333.812800193,35.23537803138373,113.93725201735614,0.3534369994194423,-0.09324324660401961,-2.555334546628415,1.3005229926413213,-13.947637389379116,-1.393766239245341,11,54.54545454545454,-2759756.8758258177,0.1172822028288669,1.3765058965089951,40.78905149076235,100.0,15.977175463623395,,,,
USDKRW CALL-upout  ATM  2M  H@15Δ  [20DMA > 50DMA],single,1397,10000000.0,83477997.40727976,2794000.0,93275669.15804695,9797671.750767194,-10394082.148507517,33.571939871152466,111.73683132690098,0.286163841059983,-0.09369172990359426,-1.3906095586817362,1.0505166870558351,-11.21248041995577,-1.1442084169594293,11,36.36363636363637,-3520823.8604077725,0.09778245570671716,1.2790084737211778,50.796367242589056,100.0,17.752326413743734,,,,
USDKRW CALL-upout  ATM  10W  H@15Δ  [20DMA > 50DMA],single,1397,10000000.0,89332510.92443691,2794000.0,102309127.4112935,12976616.486856584,-10190965.909806468,34.001431639226915,114.52619696073812,0.3379489278840574,0.06983057339320455,-2.042912403530206,1.15467817140016,16.535424460835454,-1.0848475980069554,11,45.45454545454545,-4127262.0514322286,0.13197766660219182,1.338611349431095,50.96281461814464,100.0,17.752326413743734,,,,
USDKRW CALL-upout  ATM  3M  H@15Δ  [20DMA > 50DMA],single,1397,10000000.0,101653878.62363337,2794000.0,106963991.8217763,5310113.198142929,-15641588.515418243,33.28561202576951,105.22371922256235,0.12445126956201204,-0.047788818217630986,-2.920912651496776,1.5452770710049704,-32.33553640033021,-1.5930658892226013,11,63.63636363636363,-8269468.23193789,0.035246606665578266,1.1105455919268323,66.42523803308711,100.0,17.609162491052256,,,,
USDKRW CALL-upout  45Δ  1M  H@15Δ  [20DMA > 50DMA],single,1409,10000000.0,46887652.572015405,2818000.0,47361661.894319706,474009.3223043035,-8034953.311860663,27.53726046841732,101.0109470112121,0.02882031344147772,-0.4763961855220095,-2.5010526026553093,1.3826768113750734,-2.902367511318358,-1.859072996897083,11,45.45454545454545,-2303555.8985358044,0.005998703853306623,1.0251263040411929,39.51261411677011,100.0,15.54293825408091,,,,
USDKRW CALL-upout  45Δ  6W  H@15Δ  [20DMA > 50DMA],single,1402,10000000.0,54009106.229597025,2804000.0,60001643.939780414,5992537.710183388,-7468502.809091529,30.741797432239657,111.09542099198721,0.2688007625199037,-0.22922172187438755,-2.783631787684894,1.3563679161004571,-5.917274789706625,-1.5855896379748446,11,54.54545454545454,-2428153.007606697,0.08170263719802133,1.2776720567083342,36.56050292272823,100.0,15.977175463623395,,,,
USDKRW CALL-upout  45Δ  2M  H@15Δ  [20DMA > 50DMA],single,1397,10000000.0,64325397.73529595,2794000.0,71406493.1271725,7081095.391876543,-9040968.763775386,30.13600572655691,111.0082419093867,0.2540124067954548,-0.1622138851009058,-1.521406465299298,1.0530610262062159,-6.491805714111064,-1.2152749113071217,11,36.36363636363637,-2881428.8983180644,0.08124743811058242,1.2471502874969078,44.02738680106927,100.0,17.752326413743734,,,,
USDKRW CALL-upout  45Δ  10W  H@15Δ  [20DMA > 50DMA],single,1397,10000000.0,68903151.69159013,2794000.0,78824374.46781479,9921222.77622466,-8712063.360251568,30.064423765211167,114.39879386161023,0.3137927527878129,-0.033767005525480155,-1.9674275365423028,1.2310868965603792,-36.45827864811455,-1.2648539020858593,11,54.54545454545454,-4002280.95647836,0.11803165623080444,1.3187771246900235,43.65381638759177,100.0,17.752326413743734,,,,
USDKRW CALL-upout  45Δ  3M  H@15Δ  [20DMA > 50DMA],single,1397,10000000.0,78621716.39544928,2794000.0,81221885.0012775,2600168.6058282154,-13071525.211833272,29.062276306370794,103.30718880868737,0.07451069371107732,-0.14950931183943275,-3.2055192149707645,1.532948154825085,-10.25319517537083,-1.6824574666645178,11,63.63636363636363,-7255054.929772873,0.020652357533916924,1.0664027985163642,57.06280677367882,100.0,17.609162491052256,,,,
USDKRW CALL-upout  40Δ  1M  H@15Δ  [20DMA > 50DMA],single,1409,10000000.0,34536537.391949736,2818000.0,33392790.46594884,-1143746.9260008943,-6775678.686700219,22.711142654364796,96.68829879202801,-0.08976768571699847,-0.6027589436312425,-2.7677905560686056,1.4351451781521312,-2.380960404347195,-2.0379041217833738,11,45.45454545454545,-1930701.5259986024,-0.01716449512175248,0.9269099600496016,35.945880837862774,100.0,15.54293825408091,,,,
USDKRW CALL-upout  40Δ  6W  H@15Δ  [20DMA > 50DMA],single,1402,10000000.0,39662707.85951343,2804000.0,42128415.18738323,2465707.3278697887,-6362535.6151749315,26.03423680456491,106.2166893309539,0.1458665478872621,-0.38832754444469103,-2.824552899040918,1.3834305420630866,-3.5625351893113693,-1.7717580865077776,11,54.54545454545454,-2074889.9604280037,0.03946118723959425,1.1441123920940375,33.53797727795085,100.0,15.977175463623395,,,,
USDKRW CALL-upout  40Δ  2M  H@15Δ  [20DMA > 50DMA],single,1397,10000000.0,47093029.65198617,2794000.0,51180070.01346729,4087040.3614811236,-7346186.9959736625,25.769506084466716,108.67865242836157,0.18992620700089966,-0.27611133309842245,-1.7016948522700748,1.0886649212513178,-3.9428476514698256,-1.3647762543497401,11,27.27272727272727,-2277588.9301981037,0.05771266737681005,1.1821083161921648,37.071956996965184,100.0,17.752326413743734,,,,
USDKRW CALL-upout  40Δ  10W  H@15Δ  [20DMA > 50DMA],single,1397,10000000.0,50391894.71357058,2794000.0,57203787.54252447,6811892.82895389,-6972071.018098588,25.626342161775234,113.51783430187128,0.27533725821799293,-0.14133797195551995,-2.3536169903954622,1.3219359105761181,-9.353013151993865,-1.463273882531638,11,54.54545454545454,-3509401.937965286,0.10126522436236668,1.2814201572328008,35.69666808921531,100.0,17.752326413743734,,,,
USDKRW CALL-upout  40Δ  3M  H@15Δ  [20DMA > 50DMA],single,1397,10000000.0,57396255.16852677,2794000.0,57687793.139186755,291537.9706599787,-9944691.094150912,24.695776664280604,100.50793901066189,0.010882350051510935,-0.26280677969066224,-3.3883024083861515,1.5099614302074575,-5.745519320257885,-1.77276820989812,11,63.63636363636363,-5679065.212643866,0.0030436745888174624,1.0095014509483606,45.886896277124954,100.0,17.609162491052256,,,,
USDKRW CALL-upout  35Δ  1M  H@15Δ  [20DMA > 50DMA],single,1409,10000000.0,24082464.99856841,2818000.0,22017305.904901467,-2065159.0936669433,-5315045.541905828,17.885024840312276,91.42463575140789,-0.22454208835623865,-0.7409127239794628,-3.183596699181358,1.4774881637684631,-1.9941460255032917,-2.2184008877479258,11,45.45454545454545,-1485474.6635041195,-0.03950939873475385,0.830253326900848,31.11691127470645,100.0,15.54293825408091,,,,
USDKRW CALL-upout  35Δ  6W  H@15Δ  [20DMA > 50DMA],single,1402,10000000.0,27517803.057081077,2804000.0,27161667.570068136,-356135.48701294,-5117899.307992975,20.542082738944366,98.70579970983077,-0.030041605650094602,-0.5918092354983845,-3.0202890355436938,1.4389630053739086,-2.4314642608814725,-2.030772240872293,11,54.54545454545454,-1652704.0393453408,-0.007085693488592351,0.9733317285371895,32.53219958686408,100.0,15.977175463623395,,,,
USDKRW CALL-upout  35Δ  2M  H@15Δ  [20DMA > 50DMA],single,1397,10000000.0,32501895.74651342,2794000.0,33964580.89968261,1462685.1531691952,-5356832.7419550195,21.188260558339298,104.50030719616133,0.09425855495667086,-0.48748938315009177,-2.4492703065482395,1.231683407902003,-2.526585091849648,-1.7191727910520946,11,27.27272727272727,-1749544.411979445,0.02832480744829684,1.0873527733229813,30.221926214171503,100.0,17.752326413743734,,,,
USDKRW CALL-upout  35Δ  10W  H@15Δ  [20DMA > 50DMA],single,1397,10000000.0,34716559.4974787,2794000.0,39087391.92816295,4370832.430684252,-5195704.890195183,21.47458840372226,112.590050667324,0.23881802541793654,-0.18725979563426035,-2.658557515795994,1.3126716557390938,-7.009895804344947,-1.4999314513733542,11,54.54545454545454,-2759672.5050429944,0.08719147125943622,1.241641030419749,27.194894659282348,100.0,17.752326413743734,,,,
USDKRW CALL-upout  35Δ  3M  H@15Δ  [20DMA > 50DMA],single,1397,10000000.0,39419625.215215415,2794000.0,38212897.5039233,-1206727.711292122,-7087605.226611934,20.47244094488189,96.93876411887764,-0.06315484480007606,-0.38973715780170665,-3.492579011382869,1.4816305824622547,-3.8016148904541702,-1.8713677402639612,11,63.63636363636363,-4066565.910472481,-0.017676820656932334,0.9467893852763016,34.51724784938077,100.0,17.609162491052256,,,,
USDKRW CALL-upout  30Δ  1M  H@15Δ  [20DMA > 50DMA],single,1409,10000000.0,15507973.842459017,2818000.0,13106507.688013904,-2401466.1544451155,-3700742.5486776964,13.83960255500355,84.51463628426957,-0.4064265611321596,-0.9568979443967361,-3.9097162356174175,1.550082100840711,-1.6199032612803241,-2.506980045237447,11,36.36363636363637,-1009845.6694235425,-0.06598443364609649,0.7191898339386815,24.019069721857104,100.0,15.54293825408091,,,,
USDKRW CALL-upout  30Δ  6W  H@15Δ  [20DMA > 50DMA],single,1402,10000000.0,17554622.94461607,2804000.0,15459347.167564454,-2095275.7770516155,-4102767.307226999,15.620542082738945,88.06425074658624,-0.28347395700726663,-0.908453378583437,-3.691518742725726,1.584161439561829,-1.743800482124941,-2.492614818145266,11,36.36363636363637,-1199103.347292494,-0.05200237203514642,0.7843391033187936,29.002182168899257,100.0,15.977175463623395,,,,
USDKRW CALL-upout  30Δ  2M  H@15Δ  [20DMA > 50DMA],single,1397,10000000.0,20528970.12971457,2794000.0,20074737.85043507,-454232.27927950164,-3619077.118390852,15.819613457408732,97.78735963660435,-0.0445993551445425,-0.8327266562419855,-3.7585357306899088,1.5523984730197755,-1.8642353542825194,-2.385125129261761,11,27.27272727272727,-1593926.297955238,-0.01301980127210669,0.960654145051489,22.548686036722906,100.0,17.752326413743734,,,,
USDKRW CALL-upout  30Δ  10W  H@15Δ  [20DMA > 50DMA],single,1397,10000000.0,21852684.73429814,2794000.0,24177576.254272886,2324891.5199747477,-3467692.1030002916,16.893342877594847,110.63892857213004,0.19250536571547974,-0.22743460274055902,-2.785720488820257,1.2525630123393288,-5.507354629621431,-1.4799976150798877,11,54.54545454545454,-1827740.1833156222,0.06948906831381267,1.1927665447648534,18.443167157507347,100.0,17.752326413743734,,,,
USDKRW CALL-upout  30Δ  3M  H@15Δ  [20DMA > 50DMA],single,1397,10000000.0,24664284.81595072,2794000.0,22170247.68273416,-2494037.1332165594,-5465205.0785580585,16.32068718682892,89.88806222508575,-0.2096967509954353,-0.5810157718177652,-3.7182270063836556,1.4785977495125027,-2.54484959140879,-2.059613521330268,11,54.54545454545454,-2633954.580697381,-0.0473795401801121,0.8357939293349504,28.43781259567577,100.0,17.609162491052256,,,,
USDKRW CALL-upout  25Δ  1M  H@15Δ  [20DMA > 50DMA],single,1409,10000000.0,8898330.483016223,2818000.0,6349819.017215297,-2548511.465800925,-3030056.564681092,9.510290986515258,71.35966717953288,-0.804712419263325,-1.3578803645081317,-4.101224577788757,1.506374958055542,-1.1093576410917465,-2.8642553225636735,11,27.27272727272727,-630448.7174611781,-0.08552434416221373,0.5173116892756274,18.485457127204967,100.0,15.54293825408091,,,,
USDKRW CALL-upout  25Δ  6W  H@15Δ  [20DMA > 50DMA],single,1402,10000000.0,9872871.110505562,2804000.0,6793557.623306631,-3079313.487198933,-4009831.8415486687,9.343794579172611,68.81035463004996,-0.8115214067131797,-1.472061825121869,-3.8670068566354705,1.6155675698423164,-1.0974862212112368,-3.0876293949641855,11,18.181818181818183,-761225.3891792218,-0.07819636982446891,0.5133117284258221,24.516430067294426,100.0,15.977175463623395,,,,
USDKRW CALL-upout  25Δ  2M  H@15Δ  [20DMA > 50DMA],single,1397,10000000.0,11295016.0007477,2794000.0,9554768.532732792,-1740247.4680149078,-2476879.5669569504,10.307802433786687,84.59278439357936,-0.32468825565414716,-1.190939960738753,-4.121929708867232,1.7228614613663495,-1.446640064288077,-2.9138014221051023,11,18.181818181818183,-1089696.6809233553,-0.07288368452825748,0.7541000802128256,15.247835131894275,100.0,17.752326413743734,,,,
USDKRW CALL-upout  25Δ  10W  H@15Δ  [20DMA > 50DMA],single,1397,10000000.0,11930412.751422117,2794000.0,12030642.350345522,100229.59892340656,-2045073.247549814,12.741589119541876,100.84011845199117,0.015316807290478584,-0.37736816140521373,-3.0523770034813853,1.1936625402594894,-3.1631246680022587,-1.5710307016647032,11,36.36363636363637,-1088489.2870475017,0.0050797395993956865,1.0137626728291431,12.358085881982841,100.0,17.752326413743734,,,,
USDKRW CALL-upout  25Δ  3M  H@15Δ  [20DMA > 50DMA],single,1397,10000000.0,13280339.738686264,2794000.0,9667686.898633208,-3612652.8400530526,-4108448.6456069993,10.093056549749463,72.79698478248096,-0.6320865270547973,-0.9992983055025433,-4.089830689624836,1.4269233188534163,-1.4279252861695007,-2.42622162435596,11,45.45454545454545,-1451919.344843799,-0.0912941094373706,0.5936830142912561,25.20891374717013,100.0,17.609162491052256,,,,
USDKRW CALL-upout  ATM  1M  H@15Δ  [50DMA > 200DMA (golden cross)],single,1383,10000000.0,58960659.4174479,2766000.0,48452111.856582746,-10508547.560865156,-10770501.97423971,27.54880694143167,82.17701826150977,-0.6149127218441437,-0.9861798601269701,-3.4050255319062828,1.3098775957215114,-1.3282339750406842,-2.2960574558484814,10,30.0,-4623090.392301748,-0.10518494215097836,0.5838369994027154,72.08899503307974,100.0,15.039768618944324,,,,
USDKRW CALL-upout  ATM  6W  H@15Δ  [50DMA > 200DMA (golden cross)],single,1376,10000000.0,67909806.44069724,2752000.0,68099808.22949706,190001.78879981767,-10714668.43693251,32.26744186046512,100.27978549602517,0.007661766146536999,-0.24726118843248596,-3.5242836417694936,1.54318333617962,-6.241106200138572,-1.790444524612106,10,50.0,-5387391.358629968,0.0019162513666288274,1.006530859004277,46.272143868238544,100.0,13.517441860465116,,,,
USDKRW CALL-upout  ATM  2M  H@15Δ  [50DMA > 200DMA (golden cross)],single,1364,10000000.0,80196711.06330004,2728000.0,85447759.38452148,5251048.321221447,-14724263.499993999,32.038123167155426,106.54771031330293,0.152622404901457,-0.18631823156297272,-3.3804242843029564,1.629030058363186,-8.743267068915898,-1.8153482899261588,10,50.0,-7189142.144600646,0.0388133122736458,1.1377582091451717,65.97248725356776,100.0,14.516129032258066,,,,
USDKRW CALL-upout  ATM  10W  H@15Δ  [50DMA > 200DMA (golden cross)],single,1359,10000000.0,85544677.01350784,2718000.0,98977002.68064773,13432325.667139884,-11212381.577594744,35.02575423105224,115.70211746198875,0.3369350374713323,0.09795026730082103,-3.070412464149384,1.6492858304343452,16.837992135020144,-1.5513355631335242,10,60.0,-8064826.332263478,0.1306557179261736,1.3287715618584481,50.68031062504283,100.0,14.201618837380428,,,,
USDKRW CALL-upout  ATM  3M  H@15Δ  [50DMA > 200DMA (golden cross)],single,1346,10000000.0,96367605.56370267,2692000.0,96987983.02612689,620377.4624242028,-12017444.999202069,33.506686478454675,100.64376141629265,0.015819146149596983,-0.12143758333718224,-2.416562898205788,1.2377781120570424,-10.19271034585925,-1.3592156953942247,10,60.0,-6874105.7882655235,0.0056588619689655366,1.0132404627267706,53.812570696392086,100.0,16.344725111441306,,,,
USDKRW CALL-upout  45Δ  1M  H@15Δ  [50DMA > 200DMA (golden cross)],single,1383,10000000.0,45402710.44605723,2766000.0,35060564.61844913,-10342145.827608101,-10540538.09271199,22.704266088214027,77.22130303234745,-0.7553294508139766,-1.168162326195921,-3.589233895343087,1.3836723551059127,-1.1844863715232046,-2.551834681301834,10,20.0,-3991361.510693819,-0.10577784087782147,0.5192718694299745,70.2244802327523,100.0,15.039768618944324,,,,
USDKRW CALL-upout  45Δ  6W  H@15Δ  [50DMA > 200DMA (golden cross)],single,1376,10000000.0,52299376.86879039,2752000.0,50639852.64294114,-1659524.2258492475,-9434609.208027223,28.052325581395348,96.82687571973813,-0.08438336785396185,-0.3700940204695142,-3.594167711491262,1.5434929285802903,-4.170542735659877,-1.9135869490498045,10,40.0,-4449649.720564761,-0.01900785914628881,0.9306790110677481,45.07047853342302,100.0,13.517441860465116,,,,
USDKRW CALL-upout  45Δ  2M  H@15Δ  [50DMA > 200DMA (golden cross)],single,1364,10000000.0,61855753.03865144,2728000.0,65463986.17639352,3608233.1377420686,-12340118.193846814,29.03225806451613,105.83330241810722,0.12871331572486647,-0.25220529479403925,-3.5082049318149098,1.6388209917221708,-6.497964259872087,-1.89102628651621,10,40.0,-5887865.838802825,0.03182317769052389,1.1175828350585149,56.45708071412734,100.0,14.516129032258066,,,,
USDKRW CALL-upout  45Δ  10W  H@15Δ  [50DMA > 200DMA (golden cross)],single,1359,10000000.0,66049994.87420259,2718000.0,76356724.4992202,10306729.625017626,-9712543.222348904,30.757910228108905,115.60443667656234,0.3160153191407102,-0.04039249296917331,-3.2388373401722492,1.7092614187167654,-42.31631407403443,-1.7496539116859386,10,50.0,-6422032.195350867,0.11573454163953678,1.3127079307209375,45.294388742948854,100.0,14.201618837380428,,,,
USDKRW CALL-upout  45Δ  3M  H@15Δ  [50DMA > 200DMA (golden cross)],single,1346,10000000.0,74621893.08961509,2692000.0,72545549.4610227,-2076343.6285923845,-9798871.930217626,29.19762258543834,97.2175141334208,-0.06635560618313951,-0.349504162269857,-2.5168915674078916,1.2475789952628584,-3.569568348372302,-1.5970831575327153,10,40.0,-5116612.114587919,-0.023227816148855412,0.9457722095154895,48.64262865756357,100.0,16.344725111441306,,,,
USDKRW CALL-upout  40Δ  1M  H@15Δ  [50DMA > 200DMA (golden cross)],single,1383,10000000.0,33452494.091783226,2766000.0,23835264.73068932,-9617229.361093901,-9756605.295693949,18.076644974692694,71.2510841950761,-0.9224479534435186,-1.387838365781072,-3.633629004935975,1.4678582421361697,-1.0576579220809066,-2.855696607917242,10,20.0,-3195714.9650592012,-0.10626691200777007,0.45249418545351344,63.8286528354302,100.0,15.039768618944324,,,,
USDKRW CALL-upout  40Δ  6W  H@15Δ  [50DMA > 200DMA (golden cross)],single,1376,10000000.0,38416423.55135134,2752000.0,35361032.616899505,-3055390.934451822,-7747599.386990013,23.691860465116278,92.04665439413517,-0.20923849463550653,-0.5184873318403522,-3.6452021360175357,1.538457242665762,-2.967203146902477,-2.0569445745061143,10,40.0,-3435176.381206563,-0.042616046133769625,0.835928600873446,42.882823025227154,100.0,13.517441860465116,,,,
USDKRW CALL-upout  40Δ  2M  H@15Δ  [50DMA > 200DMA (golden cross)],single,1364,10000000.0,45294854.460607305,2728000.0,47004209.35541712,1709354.8948098095,-9938088.08609518,24.926686217008797,103.77383902689527,0.07943982263666477,-0.3510299786527804,-3.597223836200199,1.6381222170978018,-4.666616291248852,-1.9891521957505822,10,40.0,-4590486.959371584,0.018719647676272457,1.0725222866602289,46.72963702309975,100.0,14.516129032258066,,,,
USDKRW CALL-upout  40Δ  10W  H@15Δ  [50DMA > 200DMA (golden cross)],single,1359,10000000.0,48314437.12296862,2718000.0,55072069.06906723,6757631.946098609,-8213604.901554044,25.97498160412068,113.98677568963342,0.2682280881035434,-0.2261934909382572,-3.3273928468038556,1.8073083168433004,-7.990098695353844,-2.0335018077815574,10,50.0,-4831730.431070787,0.08972961475388148,1.2648567212841784,39.863829703615856,100.0,14.201618837380428,,,,
USDKRW CALL-upout  40Δ  3M  H@15Δ  [50DMA > 200DMA (golden cross)],single,1346,10000000.0,54484894.1606164,2692000.0,49850163.6759482,-4634730.484668203,-7814883.266521451,23.625557206537888,91.4935496231204,-0.19896756248867922,-0.5920622941533628,-2.615327493214905,1.285517165162797,-2.171253224292996,-1.8775794593161597,10,40.0,-3713824.7645145725,-0.06501105609085,0.8464743360293369,42.53051353028601,100.0,16.344725111441306,,,,
USDKRW CALL-upout  35Δ  1M  H@15Δ  [50DMA > 200DMA (golden cross)],single,1383,10000000.0,23338115.404159658,2766000.0,15276305.774777137,-8061809.629382519,-8135781.076071628,13.955169920462762,65.45646685787823,-1.0802514636453275,-1.5693038577613976,-3.632490095712126,1.4830928096679732,-0.9450641456929801,-3.0523966674293708,10,20.0,-2313578.4366501714,-0.10682677256973551,0.39698928339067646,53.23006344005153,100.0,15.039768618944324,,,,
USDKRW CALL-upout  35Δ  6W  H@15Δ  [50DMA > 200DMA (golden cross)],single,1376,10000000.0,26664383.705517553,2752000.0,22745391.532578304,-3918992.172939246,-5963143.021721982,18.75,85.3025210849771,-0.38898197403914214,-0.7023385464634062,-3.6440944752663125,1.5158192627436817,-2.158245863588893,-2.2181578092070877,10,40.0,-2487633.0304295328,-0.07101869614969078,0.7191275860242331,39.27716420763658,100.0,13.517441860465116,,,,
USDKRW CALL-upout  35Δ  2M  H@15Δ  [50DMA > 200DMA (golden cross)],single,1364,10000000.0,31273170.649687603,2728000.0,31164677.42217007,-108493.22751752846,-7310159.31602196,21.187683284457478,99.65307890033652,-0.0070550893960882035,-0.516883260888951,-3.728383850953602,1.6287943767334183,-3.151184222782084,-2.145677637622369,10,40.0,-3233842.8003924172,-0.0016152660292471166,0.993716638788548,35.631372428986204,100.0,14.516129032258066,,,,
USDKRW CALL-upout  35Δ  10W  H@15Δ  [50DMA > 200DMA (golden cross)],single,1359,10000000.0,33296996.07159839,2718000.0,37512037.29195494,4215041.220356552,-6219103.375023531,21.63355408388521,112.65892337943329,0.23232741021532494,-0.294877599425617,-3.4166727548830242,1.8243296965218907,-6.186735445742391,-2.1192072959475077,10,50.0,-3401510.1151207443,0.07391781613243364,1.2274804457169568,31.257954456104674,100.0,14.201618837380428,,,,
USDKRW CALL-upout  35Δ  3M  H@15Δ  [50DMA > 200DMA (golden cross)],single,1346,10000000.0,37431512.66271168,2692000.0,31765591.020650342,-5665921.64206134,-6410093.283648217,18.49925705794948,84.8632309008832,-0.3517314917488755,-0.8637335491266024,-2.652979829635842,1.4013164291088174,-1.6223943489584407,-2.2650499782354196,10,40.0,-2581537.759571183,-0.09689278660475976,0.7476716748773515,38.64507610031115,100.0,16.344725111441306,,,,
USDKRW CALL-upout  30Δ  1M  H@15Δ  [50DMA > 200DMA (golden cross)],single,1383,10000000.0,15042530.269217249,2766000.0,8835649.750887865,-6206880.518329384,-6207248.731023111,10.267534345625453,58.73778940614115,-1.2848248633596877,-1.7372146128879766,-3.655102679405681,1.4248771517187038,-0.8202079012851282,-3.1620917646066804,10,20.0,-1481885.5067894573,-0.10780057067489782,0.34394747797103503,40.003110471039825,100.0,15.039768618944324,,,,
USDKRW CALL-upout  30Δ  6W  H@15Δ  [50DMA > 200DMA (golden cross)],single,1376,10000000.0,17023906.525726955,2752000.0,12868250.373860046,-4155656.15186691,-4845720.376413974,14.098837209302326,75.58929176692331,-0.6635650310228033,-0.9820387357179452,-3.6041034693887606,1.4663498916269546,-1.4931690963849211,-2.4483886273449,10,30.0,-1674226.7568421427,-0.0926733325847337,0.5761789559467202,34.15172791429298,100.0,13.517441860465116,,,,
USDKRW CALL-upout  30Δ  2M  H@15Δ  [50DMA > 200DMA (golden cross)],single,1364,10000000.0,19768205.205084916,2728000.0,17975992.933875855,-1792212.271209063,-5007449.311337018,15.689149560117302,90.93386449292797,-0.18340018381997156,-0.8105139604424775,-3.7841546818870313,1.5816138309255314,-1.9513714853993305,-2.392127791368009,10,30.0,-2047906.7684248341,-0.03895302209990209,0.8455955206869952,26.085935054414335,100.0,14.516129032258066,,,,
USDKRW CALL-upout  30Δ  10W  H@15Δ  [50DMA > 200DMA (golden cross)],single,1359,10000000.0,20973808.96203728,2718000.0,22919798.477418803,1945989.5153815178,-4306443.671341528,17.365710080941867,109.2781884249245,0.1652515570857882,-0.37247430948779103,-3.450023664832371,1.7913466820965196,-4.809316069502604,-2.1638209915843105,10,50.0,-2143427.8738358812,0.049282962029805366,1.1590941173408977,22.330664567962565,100.0,14.201618837380428,,,,
USDKRW CALL-upout  30Δ  3M  H@15Δ  [50DMA > 200DMA (golden cross)],single,1346,10000000.0,23435045.597446963,2692000.0,18108203.16252058,-5326842.434926387,-5306012.235213585,13.967310549777118,77.2697586067138,-0.5392283256627529,-1.1675569999621718,-4.032877861891002,1.5785292677778018,-1.351993322663429,-2.7460862677399733,10,30.0,-1757543.2764991382,-0.11004918625391177,0.6408206600597858,32.1528997571872,100.0,16.344725111441306,,,,
USDKRW CALL-upout  25Δ  1M  H@15Δ  [50DMA > 200DMA (golden cross)],single,1383,10000000.0,8648098.143868502,2766000.0,4133479.0248411894,-4514619.119027314,-4499872.9892918235,6.652205350686913,47.79639356627589,-1.7819053380865721,-2.1309866004846683,-4.057263209507676,1.3466071433813322,-0.6319172270135636,-3.4775937438660005,10,10.0,-897930.405988079,-0.10816025028916146,0.2316140010596021,27.975637486763922,100.0,15.039768618944324,,,,
USDKRW CALL-upout  25Δ  6W  H@15Δ  [50DMA > 200DMA (golden cross)],single,1376,10000000.0,9591271.243319103,2752000.0,5795020.813427344,-3796250.4298917605,-4224472.912160063,8.357558139534884,60.41973651265386,-1.1223572716530072,-1.4712787039810944,-3.6065013392538603,1.4400435147639215,-0.9787700391960718,-2.911322218745016,10,30.0,-972975.4198889727,-0.09710818761805033,0.39768577108362285,26.873555077734846,100.0,13.517441860465116,,,,
USDKRW CALL-upout  25Δ  2M  H@15Δ  [50DMA > 200DMA (golden cross)],single,1364,10000000.0,10895675.737117993,2728000.0,8045168.707090331,-2850507.0300276615,-3394585.379587204,9.67741935483871,73.83818040475526,-0.5818403238093249,-1.4213127494239879,-3.934827740536674,1.644255482356292,-1.1568569148645544,-3.06556823178028,10,30.0,-1136180.5996659554,-0.09139104694221471,0.5962840540516041,21.262806739882002,100.0,14.516129032258066,,,,
USDKRW CALL-upout  25Δ  10W  H@15Δ  [50DMA > 200DMA (golden cross)],single,1359,10000000.0,11469172.670561075,2718000.0,11042836.547528204,-426336.1230328721,-2945114.10847548,12.656364974245768,96.28276480545816,-0.06787151929216789,-0.5954062015976833,-3.4751998420354,1.68928431112608,-2.8371963654277343,-2.2846905127237633,10,40.0,-1165388.570352341,-0.01578792601021004,0.9413272659739537,16.201253165675787,100.0,14.201618837380428,,,,
USDKRW CALL-upout  25Δ  3M  H@15Δ  [50DMA > 200DMA (golden cross)],single,1346,10000000.0,12637373.78248354,2692000.0,8211978.516605087,-4425395.265878454,-4413874.766889183,8.320950965824665,64.98168573590485,-0.8686142173391542,-1.541346280371026,-4.584845254405226,1.5774905806544612,-1.023449824834128,-3.1188368610254873,10,30.0,-1175093.833372087,-0.109904959830137,0.4793739156352925,24.594743087334503,100.0,16.344725111441306,,,,
USDKRW CALL-upout  ATM  1M  H@15Δ  [Realized vol (20d) < 252d p75],single,1648,10000000.0,66567225.276008174,3296000.0,64956684.194383994,-1610541.081624169,-10900423.084946638,30.400485436893206,97.58057951950624,-0.09349378429209182,-0.5528681251265437,-4.7101984594897806,1.9720572755396715,-3.5669578076838766,-2.5249254006662154,10,40.0,-5426314.936949068,-0.016343369821531287,0.9316946358449715,50.68937228140367,100.0,14.259708737864077,,,,
USDKRW CALL-upout  ATM  6W  H@15Δ  [Realized vol (20d) < 252d p75],single,1648,10000000.0,77429622.0469718,3296000.0,89709020.49923836,12279398.452266555,-9364970.952825747,35.98300970873786,115.85878650526978,0.4804123007105488,0.21122586388193287,-3.3239196604124213,1.6087088237557163,7.616059862133752,-1.3974829598737835,10,60.0,-5538098.378806202,0.14525862696437772,1.4713179448163112,31.55154742499096,100.0,12.014563106796118,,,,
USDKRW CALL-upout  ATM  2M  H@15Δ  [Realized vol (20d) < 252d p75],single,1646,10000000.0,92759606.96925782,3292000.0,95941739.58710334,3182132.6178455316,-18259765.821774747,31.95625759416768,103.43051541701782,0.09917446838813863,-0.38924069724084764,-3.8956202849614257,1.9232865761250504,-4.941124064771142,-2.312527273365898,10,50.0,-6852801.266308672,0.019341288991602656,1.0773279490164722,86.10212425443923,100.0,15.370595382746052,,,,
USDKRW CALL-upout  ATM  10W  H@15Δ  [Realized vol (20d) < 252d p75],single,1645,10000000.0,99370200.8940188,3290000.0,123115597.9970389,23745397.103020117,-13589576.143823978,36.77811550151976,123.89589322491688,0.6217293565142169,0.19769088019116182,-3.3395034634216803,1.9572975400382784,9.900798348136362,-1.7596066598471165,10,70.0,-6224756.62573477,0.19523102278429957,1.6196152208217458,60.655553842705274,100.0,13.677811550151976,,,,
USDKRW CALL-upout  ATM  3M  H@15Δ  [Realized vol (20d) < 252d p75],single,1642,10000000.0,113148548.82541534,3284000.0,143184198.06207645,30035649.23666112,-13999592.081690684,37.14981729598051,126.54532430902421,0.6470312518361343,0.18114484427249272,-5.356961244786208,2.1471045384937093,11.852970737957417,-1.9659596942212165,10,70.0,-6861862.609011356,0.2399361504092756,1.6628566307237829,62.77969545144549,100.0,13.885505481120585,,,,
USDKRW CALL-upout  45Δ  1M  H@15Δ  [Realized vol (20d) < 252d p75],single,1648,10000000.0,51297060.24079225,3296000.0,47580066.55928263,-3716993.681509611,-9630148.816163225,26.274271844660195,92.75398304686124,-0.2673060653253145,-0.7792001170959898,-4.732264077213205,1.9184916062647928,-2.462129514834831,-2.6976917233607827,10,40.0,-4201365.21565663,-0.042694504745770474,0.8161366972542471,50.45942803586072,100.0,14.259708737864077,,,,
USDKRW CALL-upout  45Δ  6W  H@15Δ  [Realized vol (20d) < 252d p75],single,1648,10000000.0,59662461.378794245,3296000.0,66673545.18673068,7011083.807936445,-8529273.273589306,31.614077669902912,111.75124801409618,0.3415645315737762,0.05109948516120753,-3.300798653672229,1.5381236478774518,30.100570348703382,-1.4870241627162444,10,60.0,-4246645.862083542,0.09106351436668275,1.3180407959323548,33.375113692511356,100.0,12.014563106796118,,,,
USDKRW CALL-upout  45Δ  2M  H@15Δ  [Realized vol (20d) < 252d p75],single,1646,10000000.0,71566484.7962305,3292000.0,71751719.75750192,185234.96127141453,-16035813.656155827,28.797083839611176,100.25882920168408,0.007102518254110973,-0.5723875957583282,-4.600983689574054,2.051919351471385,-3.584842450600101,-2.624306947229713,10,50.0,-5514715.890480246,0.0012820185237267829,1.0053943173749134,81.30121126027569,100.0,15.370595382746052,,,,
USDKRW CALL-upout  45Δ  10W  H@15Δ  [Realized vol (20d) < 252d p75],single,1645,10000000.0,76742246.39511813,3290000.0,93609506.9821702,16867260.58705204,-12901198.481084146,32.09726443768997,121.97910717938672,0.535682696379886,0.006164053330113628,-3.7076777974375523,2.120287381242212,343.9761578446834,-2.114123327912098,10,70.0,-5530931.387715449,0.14607967762457394,1.526832474219111,61.47170969273491,100.0,13.677811550151976,,,,
USDKRW CALL-upout  45Δ  3M  H@15Δ  [Realized vol (20d) < 252d p75],single,1642,10000000.0,87623386.1496782,3284000.0,109692219.63765085,22068833.48797263,-13466138.429825773,32.70401948842874,125.186008504938,0.5709114470820615,-0.18708652881152976,-7.941321476635072,2.8154993575671323,-15.049182725515504,-3.002585886378662,10,70.0,-6403071.352819429,0.18327800440117578,1.5746734261568032,64.52858313831533,100.0,13.885505481120585,,,,
USDKRW CALL-upout  40Δ  1M  H@15Δ  [Realized vol (20d) < 252d p75],single,1648,10000000.0,37840425.51844965,3296000.0,32881377.05054278,-4959048.467906869,-8250520.761831662,21.35922330097087,86.89483957972668,-0.4639286423865116,-1.0464409180026706,-4.786916727009348,1.8981640031713922,-1.8139237204087886,-2.944604921174063,10,40.0,-3125793.7489296417,-0.06648599109985799,0.7046060779530484,48.4545483149613,100.0,14.259708737864077,,,,
USDKRW CALL-upout  40Δ  6W  H@15Δ  [Realized vol (20d) < 252d p75],single,1648,10000000.0,43865230.993952364,3296000.0,46242681.91592332,2377450.9219709532,-7317698.860224908,26.51699029126214,105.41989832972433,0.15337004506954885,-0.15297497370948077,-3.3451555984330668,1.4539841396143096,-9.504719003094017,-1.6069591133237904,10,50.0,-3140303.343132497,0.035992192641545226,1.1299796026149318,34.31728146326682,100.0,12.014563106796118,,,,
USDKRW CALL-upout  40Δ  2M  H@15Δ  [Realized vol (20d) < 252d p75],single,1646,10000000.0,52439247.54393336,3292000.0,49819767.68614263,-2619479.857790729,-13233852.486278662,23.815309842041312,95.00473408662825,-0.13257259186095413,-0.8488291737533208,-5.91789060708989,2.269647392385927,-2.6738564867534955,-3.1184765661392477,10,50.0,-4653273.897071552,-0.021968030166265497,0.9040236044244275,72.3782853828487,100.0,15.370595382746052,,,,
USDKRW CALL-upout  40Δ  10W  H@15Δ  [Realized vol (20d) < 252d p75],single,1645,10000000.0,56167622.81919426,3290000.0,66780906.34571413,10613283.526519869,-11194388.28893024,27.23404255319149,118.89573208516309,0.4349141921376463,-0.1673996940306662,-4.157795023687232,2.2025008465456355,-13.15713782691954,-2.369900540576302,10,70.0,-4465683.035425259,0.10593139792716484,1.4113934154092422,55.77821940009142,100.0,13.677811550151976,,,,
USDKRW CALL-upout  40Δ  3M  H@15Δ  [Realized vol (20d) < 252d p75],single,1642,10000000.0,64006352.34152651,3284000.0,78528510.91273224,14522158.571205722,-11986816.977308918,27.527405602923267,122.68862080081999,0.4792177827600217,-0.7438798552580581,-12.355124533925133,4.0224807886283305,-5.407433418442147,-4.766360643886388,10,70.0,-5593618.0621200325,0.13548815989893892,1.4637892559792665,59.86825288440878,100.0,13.885505481120585,,,,
USDKRW CALL-upout  35Δ  1M  H@15Δ  [Realized vol (20d) < 252d p75],single,1648,10000000.0,26452442.44292274,3296000.0,21092011.92189864,-5360430.521024099,-6719456.042355814,16.444174757281555,79.73559329127937,-0.6959672365334115,-1.345929887126172,-4.807178734059944,1.8937602111700778,-1.4070273862583083,-3.2396900982962498,10,30.0,-2195818.441289667,-0.08824268412078451,0.594638921672166,43.71364400005256,100.0,14.259708737864077,,,,
USDKRW CALL-upout  35Δ  6W  H@15Δ  [Realized vol (20d) < 252d p75],single,1648,10000000.0,30494467.15701972,3296000.0,29300471.788232956,-1193995.3687867671,-5853408.337755495,20.87378640776699,96.08455080510593,-0.11034787497548224,-0.4148472750674602,-3.423677336639166,1.3673484079353064,-3.2960284184413546,-1.7821956830027665,10,40.0,-2204694.1411323757,-0.022597744701777597,0.9174341316065777,34.748612369122164,100.0,12.014563106796118,,,,
USDKRW CALL-upout  35Δ  2M  H@15Δ  [Realized vol (20d) < 252d p75],single,1646,10000000.0,36246845.22967849,3292000.0,31498717.066160977,-4748128.163517509,-10121646.692532709,19.015795868772784,86.90057539233841,-0.34304707322874534,-1.2540666756339458,-7.861350043766578,2.6317090129938645,-2.0985399453848848,-3.8857756886278105,10,40.0,-3647695.6670065145,-0.052063528921798705,0.7713016313183586,61.7972064987899,100.0,15.370595382746052,,,,
USDKRW CALL-upout  35Δ  10W  H@15Δ  [Realized vol (20d) < 252d p75],single,1645,10000000.0,38748605.78606762,3290000.0,44517794.63797648,5769188.851908861,-8656771.148544522,21.82370820668693,114.8887649887605,0.3255256889454028,-0.3183344924880586,-4.62227546817038,2.233069009724797,-7.0148509269964325,-2.5514035022128554,10,70.0,-3379277.659600074,0.07446190161071872,1.2937706205294177,45.13849792214678,100.0,13.677811550151976,,,,
USDKRW CALL-upout  35Δ  3M  H@15Δ  [Realized vol (20d) < 252d p75],single,1642,10000000.0,44008679.226655506,3284000.0,52674541.292713985,8665862.066058483,-9639251.774697931,22.41169305724726,119.6912568573739,0.39036860016014097,-1.246080553358385,-16.333393135912065,5.136041511081739,-4.12175721484401,-6.382122064440124,10,60.0,-4458279.434998716,0.10054083603906658,1.3669271935305891,49.72876481413475,100.0,13.885505481120585,,,,
USDKRW CALL-upout  30Δ  1M  H@15Δ  [Realized vol (20d) < 252d p75],single,1648,10000000.0,17113463.77252331,3296000.0,12128686.032482313,-4984777.740040997,-4984289.872821103,11.83252427184466,70.87218691493445,-0.9813039753503876,-1.6660966540158781,-4.817548429791084,1.8692031546492633,-1.1219055930181645,-3.5352998086651413,10,20.0,-1428026.6653018424,-0.1106256060057729,0.48939349859081227,35.16004779526787,100.0,14.259708737864077,,,,
USDKRW CALL-upout  30Δ  6W  H@15Δ  [Realized vol (20d) < 252d p75],single,1648,10000000.0,19527587.930746794,3296000.0,16268646.079016678,-3258941.8517301152,-5356514.4041957455,14.86650485436893,83.31108858253401,-0.47905339499950933,-0.7954395338895793,-3.5194823001748525,1.3067082263767038,-1.6427499146127396,-2.1021477602662832,10,30.0,-1430429.3784010347,-0.06740088699864721,0.694782970727456,35.1701157227725,100.0,12.014563106796118,,,,
USDKRW CALL-upout  30Δ  2M  H@15Δ  [Realized vol (20d) < 252d p75],single,1646,10000000.0,22962606.851505063,3292000.0,17395049.919075094,-5567556.932429966,-6899699.677682241,13.365735115431349,75.75381154050005,-0.6441776654840733,-1.749246574366462,-9.617808240392517,2.949950877441177,-1.6864122649544608,-4.699197451807639,10,40.0,-2437413.354368237,-0.08955643998960884,0.6154336534512971,48.98480433972301,100.0,15.370595382746052,,,,
USDKRW CALL-upout  30Δ  10W  H@15Δ  [Realized vol (20d) < 252d p75],single,1645,10000000.0,24456746.938389737,3290000.0,26838375.66200913,2381628.723619392,-6153434.460564857,17.02127659574468,109.73812555536955,0.2064592993585014,-0.511276189668388,-5.68302848895938,2.34370734624514,-4.584033822825313,-2.8549835359135276,10,60.0,-2350975.5633222344,0.04324459002206234,1.1778469532484166,33.26733317038465,100.0,13.677811550151976,,,,
USDKRW CALL-upout  30Δ  3M  H@15Δ  [Realized vol (20d) < 252d p75],single,1642,10000000.0,27598144.072996683,3284000.0,31615810.26709702,4017666.1941003343,-6602637.657309074,18.453105968331304,114.55774048962736,0.28363578477314405,-1.2030107154515182,-14.775713334095485,4.628334504120854,-3.847292833450558,-5.8313452195723725,10,60.0,-2939870.8831806136,0.06805036053384741,1.256265731388853,34.75757211658063,100.0,13.885505481120585,,,,
USDKRW CALL-upout  25Δ  1M  H@15Δ  [Realized vol (20d) < 252d p75],single,1648,10000000.0,9915740.802340759,3296000.0,5808039.176494883,-4107701.625845875,-4100598.126799935,7.70631067961165,58.57393100799698,-1.4699036023643446,-2.1200432767469897,-4.836504032983076,1.769606379872048,-0.8347029512469883,-3.8896496566190377,10,20.0,-854599.9111137887,-0.11080639779117218,0.35511236352697256,26.334749755863164,100.0,14.259708737864077,,,,
USDKRW CALL-upout  25Δ  6W  H@15Δ  [Realized vol (20d) < 252d p75],single,1648,10000000.0,11073540.379572999,3296000.0,7264768.601164529,-3808771.778408471,-4507357.060913485,8.859223300970873,65.60475107460313,-1.047084699795195,-1.3835445041021204,-3.70984615460345,1.2699131802654164,-0.9178694118622174,-2.653457684367537,10,20.0,-897558.5089198118,-0.09361259080954876,0.4689207015820436,30.06132775678192,100.0,12.014563106796118,,,,
USDKRW CALL-upout  25Δ  2M  H@15Δ  [Realized vol (20d) < 252d p75],single,1646,10000000.0,12719434.024139542,3292000.0,7540254.46224713,-5179179.561892411,-5530647.063216053,7.594167679222358,59.281367771057106,-1.1694110100224349,-2.5443378301685824,-12.716525292505775,3.634794899277639,-1.4285818715499763,-6.179132729446222,10,20.0,-1415120.9827619016,-0.10393154074757956,0.4302693341773305,35.85223069482837,100.0,15.370595382746052,,,,
USDKRW CALL-upout  25Δ  10W  H@15Δ  [Realized vol (20d) < 252d p75],single,1645,10000000.0,13435406.878236221,3290000.0,12886418.177392296,-548988.7008439251,-3944713.926753559,12.158054711246201,95.91386620576989,-0.08922185814655384,-0.90145053539688,-7.396172675392087,2.584501751292625,-2.867047774456921,-3.485952286689505,10,60.0,-1372435.5343725418,-0.015549742322590501,0.933484784361728,23.854593975161965,100.0,13.677811550151976,,,,
USDKRW CALL-upout  25Δ  3M  H@15Δ  [Realized vol (20d) < 252d p75],single,1642,10000000.0,14940156.447930312,3284000.0,14642203.98621306,-297952.4617172512,-3931328.616354298,11.571254567600487,98.00569383088002,-0.042845981433571274,-1.542965963385997,-14.80606583324268,4.520490485473456,-2.9297408969108836,-6.063456448859453,10,50.0,-1569278.0241942797,-0.008475819013634617,0.9673016994067153,22.073726094774916,100.0,13.885505481120585,,,,
USDKRW CALL-upout  ATM  1M  H@15Δ  [Realized vol (20d) < 252d median],single,1129,10000000.0,44539196.712996975,2258000.0,45185448.01436548,646251.3013685038,-8364862.997773183,31.44375553587245,101.45097206295128,0.043649164842117616,-0.09699115691985491,-3.8582100288999475,1.657506629803236,-17.089255169652795,-1.7544977867230909,10,50.0,-4411792.5953782415,0.008744477356508625,1.0379862783748495,39.074363863450216,100.0,12.134632418069087,,,,
USDKRW CALL-upout  ATM  6W  H@15Δ  [Realized vol (20d) < 252d median],single,1129,10000000.0,51916275.267722294,2258000.0,59053931.89034814,7137656.622625849,-8282359.199896612,35.69530558015943,113.74839890924055,0.3472094199190361,-0.7048263802022392,-9.796802891505461,3.4049808126367043,-4.830949732130765,-4.109807192838943,10,60.0,-4771576.195708569,0.09757250415036477,1.348259582437773,29.95710552059698,100.0,9.920283436669619,,,,
USDKRW CALL-upout  ATM  2M  H@15Δ  [Realized vol (20d) < 252d median],single,1129,10000000.0,62433658.615662634,2258000.0,62064127.6186434,-369530.99701922387,-15926476.36250943,30.73516386182462,99.40812214883316,-0.014565442296547713,-1.5256778670729312,-10.758841971118953,3.6281190590556616,-2.3780374201903713,-5.153796926128592,10,50.0,-5803849.309760714,-0.002626167555374494,0.9880707112049465,78.17070442420223,100.0,13.906111603188661,,,,
USDKRW CALL-upout  ATM  10W  H@15Δ  [Realized vol (20d) < 252d median],single,1129,10000000.0,66990836.18957606,2258000.0,78634991.25904372,11644155.06946766,-11189401.123864483,35.69530558015943,117.38171327868798,0.3882455896207202,-0.12200448267541686,-3.3621296887280385,1.990277667578368,-16.31315197551669,-2.112282150253785,10,70.0,-5395956.753132672,0.11782216509768248,1.412459104748797,50.128575844802924,100.0,13.197519929140833,,,,
USDKRW CALL-upout  ATM  3M  H@15Δ  [Realized vol (20d) < 252d median],single,1129,10000000.0,76544079.99831048,2258000.0,93746132.38488519,17202052.3865747,-13981621.210497849,35.69530558015943,122.47339361444331,0.443537254397333,0.05090242074078768,-6.293602387757409,2.4907723299503144,48.93229621895918,-2.4398699092095266,10,70.0,-7548662.606222947,0.13934238493382073,1.4849316758782507,68.273045078015,100.0,14.260407440212578,,,,
USDKRW CALL-upout  45Δ  1M  H@15Δ  [Realized vol (20d) < 252d median],single,1129,10000000.0,34328669.19314415,2258000.0,33276321.546350475,-1052347.646793671,-7299280.059041308,27.63507528786537,96.93449332139029,-0.08815302392015457,-0.30009502007863204,-3.848485614364454,1.6163674576993736,-5.386185539752865,-1.9164624777780057,10,50.0,-3408546.683433622,-0.016318132923199984,0.9271829493997361,37.694932595195766,100.0,12.134632418069087,,,,
USDKRW CALL-upout  45Δ  6W  H@15Δ  [Realized vol (20d) < 252d median],single,1129,10000000.0,40005532.400064126,2258000.0,43819105.78732918,3813573.3872650545,-7303389.545173228,31.53232949512843,109.53261501216502,0.2339575669949625,-0.8349143494382245,-9.796535112623781,3.3451825414058645,-4.006617617312104,-4.180096890844089,10,50.0,-3636202.2634320124,0.05911987461540534,1.2239332978658521,29.06283164918268,100.0,9.920283436669619,,,,
USDKRW CALL-upout  45Δ  2M  H@15Δ  [Realized vol (20d) < 252d median],single,1129,10000000.0,48162333.24080122,2258000.0,46099576.81722708,-2062756.4235741422,-13951235.889913758,27.989371124889285,95.71707538905808,-0.10034092065530974,-2.3561613619367385,-17.203803396308523,5.360596915555837,-2.275139980714006,-7.716758277492575,10,50.0,-4708443.800231998,-0.01673503116688637,0.9200795645715616,73.65418753156003,100.0,13.906111603188661,,,,
USDKRW CALL-upout  45Δ  10W  H@15Δ  [Realized vol (20d) < 252d median],single,1129,10000000.0,51724566.739849195,2258000.0,59312707.188250594,7588140.448401403,-10186450.954393363,31.089459698848536,114.67028324580515,0.3080278606659302,-0.3176967978575713,-4.236555218149287,2.154219661507157,-6.780740870019499,-2.4719164593647283,10,60.0,-4644753.283022025,0.0843409179890428,1.318108054884839,48.81755472881621,100.0,13.197519929140833,,,,
USDKRW CALL-upout  45Δ  3M  H@15Δ  [Realized vol (20d) < 252d median],single,1129,10000000.0,59252910.94800098,2258000.0,72083485.99110349,12830575.043102505,-12560690.873045608,31.709477413640393,121.65391512049482,0.39473231628539746,-0.2617934975645768,-8.42500913315849,3.0030799508711032,-11.471178538841787,-3.2648734484356803,10,70.0,-6725484.5249721,0.11568927495192319,1.4200575977933707,64.23348691520648,100.0,14.260407440212578,,,,
USDKRW CALL-upout  40Δ  1M  H@15Δ  [Realized vol (20d) < 252d median],single,1129,10000000.0,25337550.016284764,2258000.0,23103723.001169473,-2233827.0151152913,-6224989.536747932,22.320637732506643,91.18372923317534,-0.2448941004911911,-0.5427873076370392,-3.8494418675427635,1.596359298154789,-2.9410402116887213,-2.139146605791828,10,50.0,-2519793.46344813,-0.040616469655877036,0.8117661425074605,35.83798851052084,100.0,12.134632418069087,,,,
USDKRW CALL-upout  40Δ  6W  H@15Δ  [Realized vol (20d) < 252d median],single,1129,10000000.0,29425938.004207127,2258000.0,30384113.021171432,958175.016964307,-6095306.750727344,27.015057573073513,103.25622590799762,0.0793159814761522,-0.9963027014082508,-9.79661102337293,3.2668040660687794,-3.278927239132472,-4.26310676747703,10,50.0,-2663875.7793294066,0.01779816128289581,1.0703795055492125,27.319578194297186,100.0,9.920283436669619,,,,
USDKRW CALL-upout  40Δ  2M  H@15Δ  [Realized vol (20d) < 252d median],single,1129,10000000.0,35301585.360510536,2258000.0,31802828.97924234,-3498756.3812681986,-11546743.541871708,23.02922940655447,90.08895395054404,-0.2251853879481297,-4.246704730399161,-33.628454527810185,10.054047839378603,-2.367493969479152,-14.300752569777764,10,50.0,-4026425.0209195786,-0.03429615574516812,0.8292195530417988,65.65912023421262,100.0,13.906111603188661,,,,
USDKRW CALL-upout  40Δ  10W  H@15Δ  [Realized vol (20d) < 252d median],single,1129,10000000.0,37867970.43771355,2258000.0,41751089.680320546,3883119.242607001,-8706089.381985677,25.775022143489814,110.25436324609494,0.20364398012812007,-0.5399262675076131,-4.932619094817499,2.210000920398296,-4.093153182933695,-2.749927187905909,10,60.0,-3792760.0609328635,0.05049908010153062,1.2022339219625258,44.39417274179788,100.0,13.197519929140833,,,,
USDKRW CALL-upout  40Δ  3M  H@15Δ  [Realized vol (20d) < 252d median],single,1129,10000000.0,43292406.18862626,2258000.0,51967792.784096286,8675386.595470024,-10524392.135033809,26.483613817537645,120.03904924496713,0.3395348648234327,-0.5372778281415876,-10.084132126262817,3.394915883274256,-6.318734378109498,-3.932193711415844,10,70.0,-5522524.692658494,0.09335816811314428,1.3561307748051756,55.14358602441659,100.0,14.260407440212578,,,,
USDKRW CALL-upout  35Δ  1M  H@15Δ  [Realized vol (20d) < 252d median],single,1129,10000000.0,17728802.169566326,2258000.0,14822155.575839875,-2906646.5937264487,-5129184.419599531,17.183348095659877,83.60494653882445,-0.4439254064364776,-0.8429943063329952,-3.85095952982598,1.6466902743890517,-1.9533824392623889,-2.489684580722047,10,50.0,-1767600.103398194,-0.06414091866375136,0.6866319559838723,32.52454119082726,100.0,12.134632418069087,,,,
USDKRW CALL-upout  35Δ  6W  H@15Δ  [Realized vol (20d) < 252d median],single,1129,10000000.0,20471600.749086656,2258000.0,19113259.511796497,-1358341.2372901598,-4720372.661640337,21.257750221434897,93.36475318203553,-0.16694942970905963,-1.2100506312369985,-9.796704974630105,3.1586838369083066,-2.6103732813884646,-4.3687344681453055,10,40.0,-1850836.8702711551,-0.03258055368249977,0.8702945403288193,25.602706757267896,100.0,9.920283436669619,,,,
USDKRW CALL-upout  35Δ  2M  H@15Δ  [Realized vol (20d) < 252d median],single,1129,10000000.0,24414398.784352303,2258000.0,19837682.060151517,-4576716.724200783,-8925827.986162905,18.511957484499558,81.25402650859418,-0.42260769251808006,-5.804249866442452,-46.12952867416469,13.681640705702732,-2.357176382912767,-19.485890572145184,10,40.0,-3216644.4038471123,-0.05803590735087655,0.7050069017404459,55.21854631366229,100.0,13.906111603188661,,,,
USDKRW CALL-upout  35Δ  10W  H@15Δ  [Realized vol (20d) < 252d median],single,1129,10000000.0,26136855.121618863,2258000.0,27501391.605528608,1364536.4839097466,-6791927.805632005,20.194862710363154,105.22073706863486,0.09786135841408693,-0.8656439756360804,-5.544365614774831,2.2760678188829053,-2.629334787676928,-3.1417117945189856,10,60.0,-2917266.1863275785,0.02274667657342813,1.0930088858330005,37.1186610749676,100.0,13.197519929140833,,,,
USDKRW CALL-upout  35Δ  3M  H@15Δ  [Realized vol (20d) < 252d median],single,1129,10000000.0,29778108.443592563,2258000.0,35278975.14813008,5500866.704537528,-8049261.137505951,21.78919397697077,118.47285469779784,0.2948017270507139,-0.7373595361345988,-10.608289003871835,3.4600284196204583,-4.692457681850417,-4.197387955755057,10,70.0,-4097795.160087763,0.07739904637571217,1.3064024767427833,42.821217637470504,100.0,14.260407440212578,,,,
USDKRW CALL-upout  30Δ  1M  H@15Δ  [Realized vol (20d) < 252d median],single,1129,10000000.0,11489243.438726446,2258000.0,8514424.199319012,-2974819.2394074323,-3881144.7843505987,12.400354295837024,74.10778825192006,-0.6883201144230864,-1.1857217511741043,-3.8534516360252553,1.6931041512873792,-1.4279101733698178,-2.8788259024614833,10,40.0,-1202298.8763372784,-0.08675449709709569,0.5665515343995627,26.120474935068852,100.0,12.134632418069087,,,,
USDKRW CALL-upout  30Δ  6W  H@15Δ  [Realized vol (20d) < 252d median],single,1129,10000000.0,13127336.369697226,2258000.0,10378386.204115586,-2748950.165581638,-3469406.045318163,15.057573073516387,79.05934541353541,-0.5527014167931497,-1.594939185306649,-9.796836878154362,3.0059268815672464,-1.8846655153119933,-4.600866066873896,10,40.0,-1196888.964142287,-0.08970932676172745,0.6370028578477421,24.568907593317267,100.0,9.920283436669619,,,,
USDKRW CALL-upout  30Δ  2M  H@15Δ  [Realized vol (20d) < 252d median],single,1129,10000000.0,15482784.530101918,2258000.0,10703003.407186348,-4779781.122915566,-6128193.704031699,12.843224092116918,69.12841411941999,-0.7156656033543071,-6.080693346705905,-45.44517632101017,13.404238590660716,-2.2043931220314206,-19.48493193736662,10,40.0,-2167109.659265897,-0.088280906625947,0.5522378271048966,42.33974643452127,100.0,13.906111603188661,,,,
USDKRW CALL-upout  30Δ  10W  H@15Δ  [Realized vol (20d) < 252d median],single,1129,10000000.0,16512010.315994607,2258000.0,16490462.74856147,-21547.567433137447,-4884404.073603429,15.589016829052257,99.8695036702329,-0.002358704469037302,-1.371257545288953,-7.468523763679029,2.7624190026808537,-2.0145150793673507,-4.133676547969807,10,60.0,-2062149.9188088083,-0.000499473585093239,0.9978324750667417,28.090207922816013,100.0,13.197519929140833,,,,
USDKRW CALL-upout  30Δ  3M  H@15Δ  [Realized vol (20d) < 252d median],single,1129,10000000.0,18688211.76332657,2258000.0,21466500.48828062,2778288.724954049,-5362696.428787483,18.600531443755536,114.86653062443415,0.23389771949250504,-0.8802873914906411,-10.558151800470378,3.3861933304751783,-3.8466907094297276,-4.266480721965819,10,50.0,-2613772.949666405,0.05867521220357697,1.2360291125370837,28.68149230442345,100.0,14.260407440212578,,,,
USDKRW CALL-upout  25Δ  1M  H@15Δ  [Realized vol (20d) < 252d median],single,1129,10000000.0,6680447.078629993,2258000.0,4084894.5023256717,-2595552.576304321,-2605935.633668044,7.883082373782107,61.147022860083645,-1.0592534939742677,-1.6117545769940385,-4.667652378325461,1.6994044237596786,-1.0543816335419436,-3.311159000753717,10,20.0,-812270.5069719817,-0.11273464594538182,0.4260428111006123,18.781940361138293,100.0,12.134632418069087,,,,
USDKRW CALL-upout  25Δ  6W  H@15Δ  [Realized vol (20d) < 252d median],single,1129,10000000.0,7466033.200667135,2258000.0,4463077.442171013,-3002955.7584961224,-3181039.3028489267,8.503100088573959,59.778430154478954,-1.1573211324994799,-2.2515021316792785,-9.797057057381332,2.8451756365017546,-1.263678855315889,-5.096677768181033,10,10.0,-772205.1702812172,-0.10688229253697676,0.3956848124372096,20.208082316279263,100.0,9.920283436669619,,,,
USDKRW CALL-upout  25Δ  2M  H@15Δ  [Realized vol (20d) < 252d median],single,1129,10000000.0,8596025.370582469,2258000.0,4456406.492608989,-4139618.877973481,-4221258.249003307,6.8201948627103635,51.84264006316004,-1.2411758031383746,-6.475631382176843,-44.00686197164876,12.869256730453138,-1.9873362103151428,-19.34488811262998,10,20.0,-1268854.6365720953,-0.11099660506260689,0.36420802304332156,29.29372207549265,100.0,13.906111603188661,,,,
USDKRW CALL-upout  25Δ  10W  H@15Δ  [Realized vol (20d) < 252d median],single,1129,10000000.0,9089910.02170349,2258000.0,7912273.604832309,-1177636.4168711796,-3149210.2138924026,11.33746678476528,87.0445756442099,-0.24458401975584249,-2.266966432504577,-12.929387934613501,4.111736655305652,-1.813761596268078,-6.378703087810229,10,40.0,-1217270.2491685082,-0.04233849707252075,0.8011024057102732,20.189175110349595,100.0,13.197519929140833,,,,
USDKRW CALL-upout  25Δ  3M  H@15Δ  [Realized vol (20d) < 252d median],single,1129,10000000.0,10134435.550881784,2258000.0,10079039.268551817,-55396.28232996678,-3229428.752547558,11.780336581045173,99.4533856172666,-0.009377997482111938,-1.278732074197425,-10.481631732360894,3.2844563661156463,-2.568525833042141,-4.563188440313072,10,50.0,-1396198.0720565536,-0.0019427432917751848,0.9917995804413745,17.923963809327603,100.0,14.260407440212578,,,,
USDKRW CALL-upout  ATM  1M  H@15Δ  [Spot > 50DMA  ∧  RV < p75],single,982,10000000.0,39768822.91112597,1964000.0,39474910.16839516,-293912.74273081403,-6824017.261093792,30.855397148676172,99.26094683921714,-0.021266423026553526,-1.741308071500717,-9.12675742630065,3.4560170410220024,-1.9847246432640104,-5.197325112522719,10,50.0,-2568246.370560758,-0.00490534506966461,0.9814738358452109,33.17583858632045,100.0,13.441955193482688,,,,
USDKRW CALL-upout  ATM  6W  H@15Δ  [Spot > 50DMA  ∧  RV < p75],single,982,10000000.0,46226275.01163536,1964000.0,54703152.14881863,8476877.137183266,-5395327.082797906,37.67820773930753,118.33778978524572,0.44219343242791403,-0.5142375181270161,-4.682102279400515,2.152934766624466,-4.186654397497098,-2.667172284751482,10,50.0,-2792811.1550598415,0.17888502062688075,1.5229443594984875,23.18826180912578,100.0,12.321792260692463,,,,
USDKRW CALL-upout  ATM  2M  H@15Δ  [Spot > 50DMA  ∧  RV < p75],single,982,10000000.0,55360012.9347877,1964000.0,61669576.439522535,6309563.504734835,-7213545.672818633,33.80855397148676,111.39733025743202,0.25529129250898736,-0.43384720250500697,-5.0245264003947865,1.7748455297184431,-4.09094611990257,-2.20869273222345,10,50.0,-3036565.6840679757,0.09964998473613211,1.255657197993639,32.87498694051727,100.0,16.4969450101833,,,,
USDKRW CALL-upout  ATM  10W  H@15Δ  [Spot > 50DMA  ∧  RV < p75],single,982,10000000.0,59309958.90822393,1964000.0,75101294.26964116,15791335.361417232,-5854611.018198146,37.270875763747455,126.62509914372508,0.5389403555042828,-0.2734798959931573,-6.920711275230962,2.368926929202048,-8.662161145700159,-2.6424068251952053,10,70.0,-3759020.7008841983,0.3070977793471811,1.664319878213073,24.729888723919675,100.0,15.071283095723015,,,,
USDKRW CALL-upout  ATM  3M  H@15Δ  [Spot > 50DMA  ∧  RV < p75],single,982,10000000.0,67576843.75532542,1964000.0,84970918.19019209,17394074.434866663,-6579667.983322473,36.96537678207739,125.73969642300129,0.5162679100667057,-0.701111628873275,-12.498671609356885,4.038880299859633,-5.760680801073484,-4.739991928732908,10,70.0,-3831515.5697570043,0.3010846464983826,1.6381125312159261,25.589139835327288,100.0,14.460285132382891,,,,
USDKRW CALL-upout  45Δ  1M  H@15Δ  [Spot > 50DMA  ∧  RV < p75],single,982,10000000.0,30666333.511856887,1964000.0,29078320.950787663,-1588012.5610692226,-5887496.240503237,27.08757637474542,94.82164191407094,-0.14072487950790027,-1.710698100135292,-7.471380979083506,3.016724192175698,-1.7634462749079558,-4.72742229231099,10,50.0,-2035804.8015716546,-0.030719529177846427,0.882514941346133,30.142115783733168,100.0,13.441955193482688,,,,
USDKRW CALL-upout  45Δ  6W  H@15Δ  [Spot > 50DMA  ∧  RV < p75],single,982,10000000.0,35652667.08797523,1964000.0,40315311.09013155,4662644.002156332,-4824164.169246193,32.9938900203666,113.07796690399334,0.30145840753130737,-0.6721112417449916,-4.451973827431285,2.092777977496808,-3.113737499856961,-2.7648892192417995,10,50.0,-2284535.0609841635,0.110043917893287,1.3411188677444472,21.808683786798536,100.0,12.321792260692463,,,,
USDKRW CALL-upout  45Δ  2M  H@15Δ  [Spot > 50DMA  ∧  RV < p75],single,982,10000000.0,42773310.15813886,1964000.0,46570982.19165696,3797672.0335180964,-6224086.8806706555,30.14256619144603,108.87860214577168,0.1882638740491173,-0.5998706413219141,-5.843019974968555,1.968097617280524,-3.280870043820607,-2.567968258602438,10,50.0,-2533119.558394526,0.06951339771930576,1.184386647299889,29.102166543324017,100.0,16.4969450101833,,,,
USDKRW CALL-upout  45Δ  10W  H@15Δ  [Spot > 50DMA  ∧  RV < p75],single,982,10000000.0,45881271.1937695,1964000.0,57507421.46500597,11626150.271236464,-5120319.774300148,32.17922606924644,125.33964288420863,0.4788356707089874,-0.43591706533840757,-7.7294470830304975,2.5790756195033047,-5.916436461373995,-3.014992684841712,10,60.0,-3010554.2775109424,0.25852033655563317,1.5880965895328987,22.30183926864216,100.0,15.071283095723015,,,,
USDKRW CALL-upout  45Δ  3M  H@15Δ  [Spot > 50DMA  ∧  RV < p75],single,982,10000000.0,52450585.43250948,1964000.0,64980882.743391305,12530297.31088182,-5621868.266280748,32.07739307535641,123.88971868961333,0.44452316429872446,-1.0659014248133594,-14.791124267110987,4.656268767082365,-4.368385911387334,-5.722170191895724,10,70.0,-3128235.800692481,0.25384696516305827,1.5399805926644878,23.53869802212345,100.0,14.460285132382891,,,,
USDKRW CALL-upout  40Δ  1M  H@15Δ  [Spot > 50DMA  ∧  RV < p75],single,982,10000000.0,22619671.693724502,1964000.0,20203178.993817754,-2416492.699906749,-4758918.72066888,21.69042769857434,89.31685334505906,-0.2763760960807234,-1.8427249197249267,-7.228802254561692,2.8723285714899154,-1.5587397450069125,-4.715053491214842,10,40.0,-1517989.869575005,-0.0578320336968829,0.7821166364064497,26.57104569819638,100.0,13.441955193482688,,,,
USDKRW CALL-upout  40Δ  6W  H@15Δ  [Spot > 50DMA  ∧  RV < p75],single,982,10000000.0,26210656.930012424,1964000.0,27574183.781453907,1363526.8514414858,-3994919.6172040678,27.596741344195518,105.20218495508284,0.11612593899020413,-0.8601010906563763,-4.8047074264287355,2.0199704879233855,-2.3485268300053757,-2.880071578579762,10,50.0,-1761960.4169036422,0.038860780108631074,1.1192937272548338,19.843772223881782,100.0,12.321792260692463,,,,
USDKRW CALL-upout  40Δ  2M  H@15Δ  [Spot > 50DMA  ∧  RV < p75],single,982,10000000.0,31339583.032162517,1964000.0,32740409.00583171,1400825.9736691928,-5038228.575549385,25.967413441955195,104.46982964716405,0.09068960614294362,-0.8510686338784532,-7.249477584153397,2.3201770002964004,-2.726192586516777,-3.171245634174854,10,40.0,-1968747.5087521777,0.03167619628859029,1.0849752352311937,24.201574035551232,100.0,16.4969450101833,,,,
USDKRW CALL-upout  40Δ  10W  H@15Δ  [Spot > 50DMA  ∧  RV < p75],single,982,10000000.0,33578476.5394529,1964000.0,41396822.53998014,7818346.0005272385,-4048014.881937857,27.39307535641548,123.28380202520835,0.4131783866342151,-0.5409018487391026,-8.097165508458392,2.649415368406649,-4.898144413044079,-3.1903172171457514,10,60.0,-2231615.895938342,0.21990173238374022,1.4919738346747498,18.09683474986119,100.0,15.071283095723015,,,,
USDKRW CALL-upout  40Δ  3M  H@15Δ  [Spot > 50DMA  ∧  RV < p75],single,982,10000000.0,38311244.19790951,1964000.0,46577503.25893587,8266259.061026363,-4330735.818104068,27.189409368635438,121.57658732857706,0.3733908135831707,-1.2479415750422307,-15.366022070126945,4.772988497268,-3.8246890661579895,-6.020930072310231,10,70.0,-2310867.3056445904,0.21738951046650432,1.436266562224894,19.48105137203745,100.0,14.460285132382891,,,,
USDKRW CALL-upout  35Δ  1M  H@15Δ  [Spot > 50DMA  ∧  RV < p75],single,982,10000000.0,15810152.743570328,1964000.0,13035269.033477154,-2774883.7100931737,-3700237.5496552647,16.700610997963338,82.44872294974088,-0.43519184712179043,-2.0655824475647973,-7.229140561054673,2.8481122751229804,-1.3788422139628174,-4.913694722687778,10,40.0,-1091004.641342831,-0.08540955243658747,0.6832609789776571,23.124613128875737,100.0,13.441955193482688,,,,
USDKRW CALL-upout  35Δ  6W  H@15Δ  [Spot > 50DMA  ∧  RV < p75],single,982,10000000.0,18219219.288332175,1964000.0,17113893.596367627,-1105325.691964551,-3110511.1858052406,21.181262729124235,93.93318849467707,-0.13491136284498526,-1.0702383827749096,-4.791202641191059,1.8800162506722626,-1.756633177178494,-2.950254633447172,10,40.0,-1220403.5796310245,-0.040458927143577454,0.8795053004589111,20.152719114101934,100.0,12.321792260692463,,,,
USDKRW CALL-upout  35Δ  2M  H@15Δ  [Spot > 50DMA  ∧  RV < p75],single,982,10000000.0,21660763.76045116,1964000.0,20985196.18375945,-675567.5766917092,-3742448.957523856,20.977596741344197,96.88114609363323,-0.062079536997983895,-1.3579831627531274,-10.790158010740594,3.276888115538859,-2.4130550403109647,-4.634871278291986,10,40.0,-1453023.3430169004,-0.020565516374612267,0.946368183586269,18.87729758797764,100.0,16.4969450101833,,,,
USDKRW CALL-upout  35Δ  10W  H@15Δ  [Spot > 50DMA  ∧  RV < p75],single,982,10000000.0,23163305.849582657,1964000.0,28156344.17722671,4993038.327644056,-2847006.190400491,22.70875763747454,121.5558105568684,0.36096215996756775,-0.5980565129848561,-8.077122836160518,2.605982070341574,-4.357417758625032,-3.20403858332643,10,60.0,-1535169.6423124757,0.19967898174589838,1.4227608899306847,12.936773060005885,100.0,15.071283095723015,,,,
USDKRW CALL-upout  35Δ  3M  H@15Δ  [Spot > 50DMA  ∧  RV < p75],single,982,10000000.0,26339901.342928603,1964000.0,31455241.593026765,5115340.250098165,-3063181.51861538,22.912423625254583,119.42049889822941,0.3153305846900236,-1.337976238213193,-15.308716880663873,4.71351830650617,-3.522871462052915,-6.051494544719363,10,60.0,-1584727.3981653438,0.19019235587373426,1.3571220095679044,14.759783005542118,100.0,14.460285132382891,,,,
USDKRW CALL-upout  30Δ  1M  H@15Δ  [Spot > 50DMA  ∧  RV < p75],single,982,10000000.0,10225946.560918381,1964000.0,7607299.800657249,-2618646.760261131,-2634246.9511130718,12.423625254582484,74.39213333786527,-0.6235241931702922,-2.270579079421427,-7.220385786308496,2.8075373311052925,-1.236485157707297,-5.07811641052672,10,30.0,-869837.0574308607,-0.11321701418325808,0.5853229314362294,18.26291004942219,100.0,13.441955193482688,,,,
USDKRW CALL-upout  30Δ  6W  H@15Δ  [Spot > 50DMA  ∧  RV < p75],single,982,10000000.0,11664716.223805051,1964000.0,9332266.702451196,-2332449.5213538576,-3219770.710064011,14.969450101832994,80.00423262253172,-0.4576104805525586,-1.3802226951448682,-4.765455108019842,1.7534655819623572,-1.2704222210882523,-3.1336882771072254,10,30.0,-776049.6556209407,-0.08247895944071475,0.6584965798482512,21.454115516471155,100.0,12.321792260692463,,,,
USDKRW CALL-upout  30Δ  2M  H@15Δ  [Spot > 50DMA  ∧  RV < p75],single,982,10000000.0,13720638.119364612,1964000.0,11859376.625404503,-1861261.4939601112,-2810295.51395462,14.663951120162933,86.43458505524448,-0.2715845663720189,-1.6314163400437482,-11.082079372153345,3.328121851867426,-2.0400199324828256,-4.959538191911174,10,30.0,-918577.7627234659,-0.07545397244901031,0.7880520151866822,15.73805620998946,100.0,16.4969450101833,,,,
USDKRW CALL-upout  30Δ  10W  H@15Δ  [Spot > 50DMA  ∧  RV < p75],single,982,10000000.0,14618404.276883565,1964000.0,17389228.22742012,2770823.9505365575,-1748397.2147138468,17.718940936863543,118.95435300635468,0.30461857739641957,-0.6449868131861713,-8.037385738551244,2.548944159081513,-3.951932205388789,-3.193930972267684,10,60.0,-963448.017002423,0.18043662366804342,1.3373243238813566,8.514749037587029,100.0,15.071283095723015,,,,
USDKRW CALL-upout  30Δ  3M  H@15Δ  [Spot > 50DMA  ∧  RV < p75],single,982,10000000.0,16516724.036205554,1964000.0,18780169.526763245,2263445.4905576883,-2192906.9111834303,18.839103869653766,113.70396142477223,0.21898507483982493,-1.4461563599837617,-15.192021331399175,4.636350232419858,-3.2059812899290625,-6.08250659240362,10,60.0,-1004850.5905037522,0.11755500071114675,1.234223749133566,10.565261966424313,100.0,14.460285132382891,,,,
USDKRW CALL-upout  25Δ  1M  H@15Δ  [Spot > 50DMA  ∧  RV < p75],single,982,10000000.0,5922152.990887625,1964000.0,3605014.2744904617,-2317138.7163971625,-2309401.7684409223,8.146639511201629,60.873372910788895,-1.0247271881916287,-2.5902346953763535,-7.194403692772204,2.638966578544528,-1.0188136940853902,-5.229201273920882,10,20.0,-576295.9630503432,-0.11427304614667902,0.42156310990408125,14.0894360997398,100.0,13.441955193482688,,,,
USDKRW CALL-upout  25Δ  6W  H@15Δ  [Spot > 50DMA  ∧  RV < p75],single,982,10000000.0,6612152.921479223,1964000.0,4050987.348439859,-2561165.573039364,-3140078.3007412595,8.45213849287169,61.26578432994864,-0.9333839126435398,-1.9344686962351088,-4.708655436523753,1.7233619055893072,-0.8908709192055366,-3.6578306018244158,10,20.0,-705708.3137887355,-0.09286520947374272,0.4370673155914284,18.976620633814495,100.0,12.321792260692463,,,,
USDKRW CALL-upout  25Δ  2M  H@15Δ  [Spot > 50DMA  ∧  RV < p75],single,982,10000000.0,7598429.189458227,1964000.0,5438855.383589597,-2159573.8058686284,-2567094.9393241806,8.655804480651732,71.57868090861805,-0.6016316679605606,-2.056438607822538,-11.03849872093264,3.3624865943689883,-1.6351018608473609,-5.418925202191526,10,30.0,-522205.3802803169,-0.0958413289704476,0.6059788642798493,13.435094806146477,100.0,16.4969450101833,,,,
USDKRW CALL-upout  25Δ  10W  H@15Δ  [Spot > 50DMA  ∧  RV < p75],single,982,10000000.0,8029212.767388402,1964000.0,8603336.012533784,574123.2451453842,-1195636.0068717103,13.238289205702646,107.15043008297467,0.1193602241882981,-0.783377753911513,-7.9441358303733605,2.4506481874655073,-3.1283096503941854,-3.2340259413770203,10,40.0,-522329.0273270234,0.054671628516716295,1.1137777672518083,5.6706697677073565,100.0,15.071283095723015,,,,
USDKRW CALL-upout  25Δ  3M  H@15Δ  [Spot > 50DMA  ∧  RV < p75],single,982,10000000.0,8940292.914602669,1964000.0,8440447.37370406,-499845.5408986063,-1591657.3236596824,12.118126272912424,94.40906975114675,-0.09979193981503555,-1.7512686660857693,-14.90943877042031,4.442117447047701,-2.536513975880241,-6.19338611313347,10,30.0,-625595.401760597,-0.035766588236466286,0.9117869643667603,8.464035573737254,100.0,14.460285132382891,,,,
USDKRW CALL-upout  ATM  1M  H@15Δ  [Golden cross  ∧  RV < p75],single,961,10000000.0,37494556.359359294,1922000.0,35063456.0074638,-2431100.3518954874,-6177183.264066935,29.76066597294485,93.51612450459454,-0.18808889801705556,-0.585108092982036,-3.023250998696804,1.3846750546952658,-2.366528631723742,-1.9697831476773018,10,50.0,-2392159.3832604573,-0.04353369755533857,0.8322964208120958,27.372449473270315,100.0,15.088449531737774,,,,
USDKRW CALL-upout  ATM  6W  H@15Δ  [Golden cross  ∧  RV < p75],single,961,10000000.0,43601535.861631215,1922000.0,48614247.80709801,5012711.945466798,-5410164.939452222,35.37981269510926,111.49664076369822,0.2703317063046614,-0.0020551713603414123,-2.6358410351452783,1.210419836293874,-588.9629739160996,-1.2124750076542155,10,50.0,-3119646.669852045,0.10264398877874424,1.2974040321532352,20.80951793239713,100.0,12.382934443288242,,,,
USDKRW CALL-upout  ATM  2M  H@15Δ  [Golden cross  ∧  RV < p75],single,959,10000000.0,52235138.964167014,1918000.0,55020275.41601775,2785136.451850728,-7879182.401419572,32.11678832116788,105.3319212068361,0.11669465111630788,-0.26977373578417796,-2.8526433013220394,1.3092709032919256,-4.853218566611529,-1.5790446390761037,10,40.0,-3957675.775320269,0.03923084524236528,1.1164103108924268,34.03341680776182,100.0,14.077163712200209,,,,
USDKRW CALL-upout  ATM  10W  H@15Δ  [Golden cross  ∧  RV < p75],single,958,10000000.0,55934269.396906614,1916000.0,69517678.63207671,13583409.235170111,-6698023.725959061,37.682672233820455,124.28459222160025,0.4702031693718139,-0.009877164379467817,-2.348064586769255,1.4787862624185446,-149.717692811975,-1.4886634267980123,10,60.0,-3665851.5792205045,0.22658826164277865,1.571579065571033,28.17299230127947,100.0,12.421711899791232,,,,
USDKRW CALL-upout  ATM  3M  H@15Δ  [Golden cross  ∧  RV < p75],single,955,10000000.0,63644873.90666981,1910000.0,77038315.29785946,13393441.391189657,-6448935.583069576,38.7434554973822,121.04402219545611,0.4378276149871044,0.01650834903747948,-1.845920209334676,1.2217939815607493,74.01067052719007,-1.2052856325232697,10,60.0,-3255636.549226422,0.2322620136275385,1.5265884743235445,24.339146285395252,100.0,12.879581151832461,,,,
USDKRW CALL-upout  45Δ  1M  H@15Δ  [Golden cross  ∧  RV < p75],single,961,10000000.0,28915519.31372721,1922000.0,25647093.51734385,-3268425.7963833595,-5691623.554098174,25.078043704474506,88.69663808931931,-0.30969802048650763,-0.7372517446062854,-3.1149851588723774,1.4097503524630426,-1.912169571352987,-2.147002097069328,10,50.0,-2163999.7711224034,-0.06352075000272082,0.7397567344499287,29.50937427301461,100.0,15.088449531737774,,,,
USDKRW CALL-upout  45Δ  6W  H@15Δ  [Golden cross  ∧  RV < p75],single,961,10000000.0,33622722.506633796,1922000.0,35769785.135460615,2147062.628826826,-4709908.7875057,30.697190426638915,106.3857488887261,0.14652343264272602,-0.1314481668261408,-2.6337649981937177,1.156988795932653,-8.801863303753318,-1.288436962758794,10,40.0,-2408644.0463496987,0.05050140881765064,1.1523634953881623,20.059763474866656,100.0,12.382934443288242,,,,
USDKRW CALL-upout  45Δ  2M  H@15Δ  [Golden cross  ∧  RV < p75],single,959,10000000.0,40335701.718010575,1918000.0,41324782.825971246,989081.1079606796,-6900663.060835037,29.1970802919708,102.45212322045467,0.05171837006075717,-0.3549159979211569,-2.904879398323686,1.3003205128812108,-3.663741619136795,-1.6552365108023677,10,30.0,-3146114.8099725205,0.015907554739944266,1.051062315082395,31.39130946630506,100.0,14.077163712200209,,,,
USDKRW CALL-upout  45Δ  10W  H@15Δ  [Golden cross  ∧  RV < p75],single,958,10000000.0,43236887.42385176,1916000.0,53105403.85560479,9868516.431753028,-5746304.840445974,32.5678496868476,122.8242989256184,0.41680366466832647,-0.1543926442993019,-2.4787443929931547,1.5317922995236242,-9.921407243690496,-1.6861849438229262,10,50.0,-3025059.9592841277,0.19188388863165187,1.5086404455222289,25.16570360998074,100.0,12.421711899791232,,,,
USDKRW CALL-upout  45Δ  3M  H@15Δ  [Golden cross  ∧  RV < p75],single,955,10000000.0,49338757.81867827,1910000.0,57598075.457232535,8259317.638554259,-5915449.033280474,33.82198952879581,116.74001941619112,0.3351294081374361,-0.21326496372495596,-1.8678024755582643,1.2739181565246043,-5.97340573094582,-1.4871831202495602,10,40.0,-2983452.3849819056,0.15614586789583348,1.3874685678692056,23.737326879571814,100.0,12.879581151832461,,,,
USDKRW CALL-upout  40Δ  1M  H@15Δ  [Golden cross  ∧  RV < p75],single,961,10000000.0,21347331.06133999,1922000.0,17674050.78629647,-3673280.2750435253,-4944700.376726365,20.187304890738815,82.79278911031723,-0.4482385220474113,-0.9338171780899531,-3.323008297140843,1.468205611715686,-1.5722623722973066,-2.402022789805639,10,40.0,-1953514.7601708416,-0.08217264031900595,0.6488498946889176,29.40333928456778,100.0,15.088449531737774,,,,
USDKRW CALL-upout  40Δ  6W  H@15Δ  [Golden cross  ∧  RV < p75],single,961,10000000.0,24737169.224719264,1922000.0,24571464.686263576,-165704.53845568374,-3887316.5653804657,25.59833506763788,99.33013944744292,-0.015299750899624988,-0.2992170149585994,-2.6329518682760997,1.0838742168761126,-3.6223682567853994,-1.3830912318347122,10,40.0,-1774587.9093840967,-0.0047223239021031175,0.9853686524364283,18.78065949439293,100.0,12.382934443288242,,,,
USDKRW CALL-upout  40Δ  2M  H@15Δ  [Golden cross  ∧  RV < p75],single,959,10000000.0,29571273.442844268,1918000.0,28882279.849665176,-688993.5931790886,-5834451.018962637,24.713242961418143,97.67005775212628,-0.04805892845705267,-0.48709965256587584,-2.9380562899392424,1.2876718156267122,-2.6435490332290192,-1.7747714681925881,10,30.0,-2402231.320397897,-0.013106222229290051,0.9542358448238935,28.121446371017434,100.0,14.077163712200209,,,,
USDKRW CALL-upout  40Δ  10W  H@15Δ  [Golden cross  ∧  RV < p75],single,958,10000000.0,31660645.37367911,1916000.0,37792179.76602281,6131534.3923437,-4570929.237914139,27.55741127348643,119.36642263597417,0.3354199262350349,-0.33156951516651295,-2.5080927224541107,1.6145505757083654,-4.869418031080283,-1.9461200908748784,10,50.0,-2313838.6642581197,0.14987871968843072,1.3956564677733463,22.140801187532333,100.0,12.421711899791232,,,,
USDKRW CALL-upout  40Δ  3M  H@15Δ  [Golden cross  ∧  RV < p75],single,955,10000000.0,36055068.40695317,1910000.0,39493890.824256174,3438822.417302997,-5413114.790838411,27.43455497382199,109.5376948907406,0.1861096553190239,-0.44916117964519786,-2.2969280473197826,1.3469981144796688,-2.998919264446878,-1.7961592941248665,10,40.0,-2652924.3175058537,0.07104549697013442,1.195842265709057,23.205335025359023,100.0,12.879581151832461,,,,
USDKRW CALL-upout  35Δ  1M  H@15Δ  [Golden cross  ∧  RV < p75],single,961,10000000.0,14942984.443955861,1922000.0,11422503.446297199,-3520480.9976586606,-4088076.7438849267,15.608740894901144,76.44057643998535,-0.5931401158064771,-1.1542625849283117,-3.456570648334081,1.563479566518923,-1.3545267662089442,-2.7177421514472346,10,30.0,-1705595.6889994047,-0.09525682898129152,0.5650024553524461,27.112810888257744,100.0,15.088449531737774,,,,
USDKRW CALL-upout  35Δ  6W  H@15Δ  [Golden cross  ∧  RV < p75],single,961,10000000.0,17217006.404445063,1922000.0,15408928.31485308,-1808078.0895919856,-3332929.3997933604,20.499479708636837,89.49830157973815,-0.24479708506287562,-0.5150211209198629,-2.6315391375170103,1.0090274218727497,-1.9591961977608956,-1.5240485427926127,10,40.0,-1237863.8565129123,-0.0600983220471877,0.7917667145560331,18.5525693487411,100.0,12.382934443288242,,,,
USDKRW CALL-upout  35Δ  2M  H@15Δ  [Golden cross  ∧  RV < p75],single,959,10000000.0,20459333.07847163,1918000.0,18255970.47086266,-2203362.6076089693,-4552655.014057415,20.5422314911366,89.23052574999397,-0.2220001806363004,-0.7190204140248901,-2.9894193869148897,1.2808904176605818,-1.781438179884892,-1.999910831685472,10,30.0,-1729308.6506938331,-0.05371351521232686,0.8072575898598505,23.765577139499808,100.0,14.077163712200209,,,,
USDKRW CALL-upout  35Δ  10W  H@15Δ  [Golden cross  ∧  RV < p75],single,958,10000000.0,21860852.42037309,1916000.0,25282901.67224213,3422049.251869046,-3315720.434889527,22.65135699373695,115.65377774875734,0.25970158901193374,-0.4052722017123493,-2.5756904483371756,1.613196580526929,-3.9805261098858447,-2.018468782239278,10,50.0,-1669479.1655135257,0.11531442930384492,1.2925792395860831,18.58943654207096,100.0,12.421711899791232,,,,
USDKRW CALL-upout  35Δ  3M  H@15Δ  [Golden cross  ∧  RV < p75],single,955,10000000.0,24808407.345747314,1910000.0,25065544.640504047,257137.29475672916,-4386325.5261728205,21.047120418848166,101.0364925534037,0.019944127654031064,-0.6965451208740642,-2.612074445684919,1.4660080972166247,-2.104685042337236,-2.162553218090689,10,30.0,-2145707.986208672,0.006555989593649506,1.0192578953806761,20.959760593133918,100.0,12.879581151832461,,,,
USDKRW CALL-upout  30Δ  1M  H@15Δ  [Golden cross  ∧  RV < p75],single,961,10000000.0,9691285.860352287,1922000.0,6655279.295826299,-3036006.5645259866,-3026884.581924288,11.342351716961499,68.67282001301295,-0.7792192418077453,-1.3352315520775522,-3.580065199924145,1.6073920823697245,-1.2038302119723763,-2.9426236344472767,10,30.0,-1290564.549830133,-0.11094813358455789,0.4828142526907952,21.95680100756833,100.0,15.088449531737774,,,,
USDKRW CALL-upout  30Δ  6W  H@15Δ  [Golden cross  ∧  RV < p75],single,961,10000000.0,11049330.22471996,1922000.0,8285658.376466198,-2763671.848253761,-3062375.8241249337,14.880332986472425,74.98787897504616,-0.6341910389801781,-0.8345171866293464,-2.6287772686343684,0.8961402302803874,-1.0738427496022454,-1.7306574169097337,10,20.0,-806706.353901358,-0.09997680749876547,0.5606728742899554,19.531912062771585,100.0,12.382934443288242,,,,
USDKRW CALL-upout  30Δ  2M  H@15Δ  [Golden cross  ∧  RV < p75],single,959,10000000.0,12984569.369846165,1918000.0,9710635.09883229,-3273934.2710138736,-3364731.07553325,14.285714285714285,74.78596187705021,-0.5442256552283354,-1.0748153943862038,-2.990927054303995,1.2796550254030066,-1.1905812217490435,-2.3544704197892106,10,30.0,-1290735.4069506214,-0.10798960166208986,0.5907922643665836,21.377337035695096,100.0,14.077163712200209,,,,
USDKRW CALL-upout  30Δ  10W  H@15Δ  [Golden cross  ∧  RV < p75],single,958,10000000.0,13821148.701528711,1916000.0,15064079.751509557,1242931.0499808474,-2470740.581479222,17.954070981210858,108.99296488897028,0.14786807946576305,-0.5015849576909193,-2.6188721931788628,1.5881936869980287,-3.166350311439536,-2.089778644688948,10,40.0,-1070863.541233067,0.05620761955441785,1.1583924466880842,14.34480427088825,100.0,12.421711899791232,,,,
USDKRW CALL-upout  30Δ  3M  H@15Δ  [Golden cross  ∧  RV < p75],single,955,10000000.0,15580174.357958298,1910000.0,14259143.717216006,-1321030.6407422917,-3038596.9684928493,16.230366492146597,91.52107922291952,-0.16364790120458378,-0.9463119191599351,-4.0278010727139435,1.634818102058931,-1.727567907535393,-2.581130021218866,10,30.0,-1429372.5088371548,-0.04861987466830168,0.8511653823530204,15.89994452045622,100.0,12.879581151832461,,,,
USDKRW CALL-upout  25Δ  1M  H@15Δ  [Golden cross  ∧  RV < p75],single,961,10000000.0,5643972.374290673,1922000.0,3210876.5725287613,-2433095.8017619117,-2425992.30271597,7.284079084287201,56.89036656442353,-1.177411844188862,-1.578516837723336,-4.064579079360612,1.5171475188536858,-0.961122163918022,-3.095664356577022,10,30.0,-854599.9111137887,-0.11093866782112484,0.34326235409317907,16.18746161502594,100.0,15.088449531737774,,,,
USDKRW CALL-upout  25Δ  6W  H@15Δ  [Golden cross  ∧  RV < p75],single,961,10000000.0,6295216.696806811,1922000.0,3396363.4621357233,-2898853.2346710884,-3097474.803470256,8.324661810613945,53.95149405831409,-1.287866725405633,-1.3777816058380057,-2.622367646508166,0.7696264066782259,-0.558598259272098,-2.1474080125162316,10,0.0,-621913.0730184847,-0.10367874303159065,0.31468741830633323,17.944358490310357,100.0,12.382934443288242,,,,
USDKRW CALL-upout  25Δ  2M  H@15Δ  [Golden cross  ∧  RV < p75],single,959,10000000.0,7221476.960130865,1918000.0,3830590.6852770383,-3390886.2748538274,-3401438.5555054215,7.6120959332638165,53.04442161105533,-1.1581357719323164,-1.5994551629436178,-3.597523599118368,1.2875920873896187,-0.8050191822945195,-2.8870472503332367,10,20.0,-978483.0015924951,-0.11064019603737453,0.33746783667601293,19.37751403051023,100.0,14.077163712200209,,,,
USDKRW CALL-upout  25Δ  10W  H@15Δ  [Golden cross  ∧  RV < p75],single,958,10000000.0,7621845.388003642,1916000.0,6871572.915339023,-750272.4726646189,-1840789.7018813395,12.421711899791232,90.15628847778119,-0.17316183610664557,-0.7076257136516577,-2.5743290756715362,1.5079268375209656,-2.1309667080064183,-2.2155525511726233,10,40.0,-619534.1494098523,-0.0455396974040586,0.8419451749750251,11.913435206379281,100.0,12.421711899791232,,,,
USDKRW CALL-upout  25Δ  3M  H@15Δ  [Golden cross  ∧  RV < p75],single,955,10000000.0,8462938.325791925,1910000.0,6427346.062340589,-2035592.263451338,-2012991.4329135106,9.528795811518325,75.94697981849163,-0.4765836736115475,-1.2273989037153463,-4.85151673758098,1.6851880928243481,-1.3729750676192314,-2.9125869965396944,10,30.0,-779894.1586512554,-0.11308966282637761,0.6163540289857736,11.27999280387679,100.0,12.879581151832461,,,,
USDKRW CALL-upout  ATM  1M  H@15Δ  [Golden cross  ∧  RV < median (strict)],single,603,10000000.0,22333817.248835422,1206000.0,22402369.541241147,68552.29240572732,-4400584.068284879,31.17744610281924,100.30694391219353,0.006246818278919759,-0.32283346451375045,-2.3471212361224807,1.161996636272781,-3.599368603322993,-1.4848301007865314,10,50.0,-1804884.0236673893,0.0017632054491994401,1.0071921594251283,19.189088717915894,100.0,15.091210613598674,,,,
USDKRW CALL-upout  ATM  6W  H@15Δ  [Golden cross  ∧  RV < median (strict)],single,603,10000000.0,26016367.34608005,1206000.0,30234869.421849973,4218502.075769918,-3715194.2145893527,35.98673300165838,116.21480055095212,0.29052486921567205,-0.9345857477262547,-9.796802891505461,3.1492849511247663,-3.369712151920392,-4.083870698851021,10,50.0,-2381045.4382036827,0.128559035918353,1.3833918747384846,14.179435931253076,100.0,11.608623548922056,,,,
USDKRW CALL-upout  ATM  2M  H@15Δ  [Golden cross  ∧  RV < median (strict)],single,603,10000000.0,31355226.499773987,1206000.0,32485390.1115122,1130163.6117382105,-5826820.089480597,31.01160862354892,103.60438669370275,0.06419879454089784,-0.7044134257096537,-4.267821732487571,1.701378695691299,-2.4153127035835005,-2.4057921214009528,10,30.0,-3123621.064021647,0.021953358542664912,1.0688356168347224,24.97804230933748,100.0,14.427860696517413,,,,
USDKRW CALL-upout  ATM  10W  H@15Δ  [Golden cross  ∧  RV < median (strict)],single,603,10000000.0,33639525.725448795,1206000.0,39974004.294007204,6334478.568558414,-4690943.74588029,37.47927031509121,118.83046336698584,0.31743214037427286,-1.05279904850143,-7.99264123083828,2.7764366094589605,-2.6371952115752593,-3.829235657960391,10,40.0,-2978083.8023560243,0.15288909424737357,1.42511357358278,19.92090968192925,100.0,13.764510779436154,,,,
USDKRW CALL-upout  ATM  3M  H@15Δ  [Golden cross  ∧  RV < median (strict)],single,603,10000000.0,38495017.10583903,1206000.0,50106977.62922588,11611960.52338685,-3549260.69083918,39.63515754560531,130.16484053367395,0.467930798434256,0.12717601808201812,-1.6358493791138444,1.179959978123108,9.278164200440138,-1.05278396004109,10,50.0,-1703885.9496314996,0.3705340788481241,1.7143411085598261,14.798233311712016,100.0,15.091210613598674,,,,
USDKRW CALL-upout  45Δ  1M  H@15Δ  [Golden cross  ∧  RV < median (strict)],single,603,10000000.0,17236378.15546574,1206000.0,16610008.170389703,-626369.9850760372,-4018348.1585650374,26.865671641791046,96.36599998313793,-0.07018097870918187,-0.426775422701553,-2.3343741343076583,1.202009943478873,-2.8164928895623094,-1.628785366180426,10,50.0,-1811325.339895868,-0.017643089433648635,0.9234362660021248,19.73258808807276,100.0,15.091210613598674,,,,
USDKRW CALL-upout  45Δ  6W  H@15Δ  [Golden cross  ∧  RV < median (strict)],single,603,10000000.0,20072867.015287213,1206000.0,22454599.96270907,2381732.9474218534,-2911787.546764023,31.509121061359867,111.86543479617517,0.206960364406269,-1.0276136326736816,-9.796535112623781,3.1140738209747063,-3.0303936440317543,-4.141687453648387,10,50.0,-1826689.9035737615,0.0926102894816745,1.2628898837856166,11.899464633265437,100.0,11.608623548922056,,,,
USDKRW CALL-upout  45Δ  2M  H@15Δ  [Golden cross  ∧  RV < median (strict)],single,603,10000000.0,24219487.34841419,1206000.0,24379609.49683552,160122.14842133177,-5096326.970095411,28.35820895522388,100.6611293877441,0.011337678687847323,-0.8180623284584169,-4.268626320350807,1.6692381626786377,-2.0404779741223438,-2.4873004911370544,10,30.0,-2497195.709124729,0.0035561935022077797,1.012071815274761,22.98298951989322,100.0,14.427860696517413,,,,
USDKRW CALL-upout  45Δ  10W  H@15Δ  [Golden cross  ∧  RV < median (strict)],single,603,10000000.0,26007795.529385038,1206000.0,30236599.111375667,4228803.581990628,-3855163.5083035305,32.172470978441126,116.25975403110462,0.259179852650752,-1.1489018239146234,-7.99473712659042,2.7607474464971227,-2.4029446111335253,-3.9096492704117463,10,40.0,-2536078.180690113,0.12419398794909157,1.3369483329319305,17.02141974234507,100.0,13.764510779436154,,,,
USDKRW CALL-upout  45Δ  3M  H@15Δ  [Golden cross  ∧  RV < median (strict)],single,603,10000000.0,29841879.161306866,1206000.0,38205050.11761387,8363170.9563070005,-2819742.7011385206,35.48922056384743,128.02494746091838,0.410792432326108,0.012169354774399488,-1.6227779873243922,1.219546908528931,100.21459075993707,-1.2073775537545315,10,50.0,-1341791.315763609,0.33590927764660333,1.5937233794238417,13.480626911293077,100.0,15.091210613598674,,,,
USDKRW CALL-upout  40Δ  1M  H@15Δ  [Golden cross  ∧  RV < median (strict)],single,603,10000000.0,12741370.413636021,1206000.0,11674571.366843555,-1066799.0467924704,-3435503.292592011,21.890547263681594,91.6272817431729,-0.1558283617525464,-0.5393663912241694,-2.339919300994837,1.2596413155026323,-2.335409354379118,-1.7990077067268015,10,50.0,-1699830.896345946,-0.03514661540138072,0.8406908284999092,18.907673663977484,100.0,15.091210613598674,,,,
USDKRW CALL-upout  40Δ  6W  H@15Δ  [Golden cross  ∧  RV < median (strict)],single,603,10000000.0,14783841.546233758,1206000.0,15765014.01693276,981172.4706990011,-2468980.7150846776,28.026533996683252,106.63678968440354,0.11505005271608512,-1.111725815818812,-9.79661102337293,3.076579232391269,-2.767390294094499,-4.188305048210081,10,50.0,-1346697.753626801,0.04499388752002715,1.1404749315531864,11.135478220294933,100.0,11.608623548922056,,,,
USDKRW CALL-upout  40Δ  2M  H@15Δ  [Golden cross  ∧  RV < median (strict)],single,603,10000000.0,17770263.913282797,1206000.0,17133275.28027108,-636988.6330117187,-4317995.0411363905,24.543946932006634,96.41542390073572,-0.059566004671767446,-0.9514674472823839,-4.265269313798607,1.6444558540344147,-1.7283364330869855,-2.5959233013167986,10,30.0,-1907018.2864648842,-0.016697090551152063,0.9380389426825884,20.548779852772984,100.0,14.427860696517413,,,,
USDKRW CALL-upout  40Δ  10W  H@15Δ  [Golden cross  ∧  RV < median (strict)],single,603,10000000.0,19058366.930955812,1206000.0,21088747.338099077,2030380.4071432636,-2957383.3797703916,26.368159203980102,110.65348576034282,0.16035314318922875,-1.2519964463726232,-7.9874458618970445,2.683323399619656,-2.1432356356872893,-3.9353198459922796,10,40.0,-1989948.6601111263,0.0777312492712327,1.198512793217988,14.35172002675956,100.0,13.764510779436154,,,,
USDKRW CALL-upout  40Δ  3M  H@15Δ  [Golden cross  ∧  RV < median (strict)],single,603,10000000.0,21820311.701685153,1206000.0,26990321.017668415,5170009.31598326,-2852992.5669905087,29.187396351575458,123.69356307400497,0.3316324611189232,-0.1590961050830093,-2.134950909968009,1.3019445732230108,-8.183384329513999,-1.4610406783060201,10,50.0,-978647.0471867169,0.20523488914885427,1.4563047731910517,12.225594956014746,100.0,15.091210613598674,,,,
USDKRW CALL-upout  35Δ  1M  H@15Δ  [Golden cross  ∧  RV < median (strict)],single,603,10000000.0,8937876.741283994,1206000.0,7638755.280988222,-1299121.4602957717,-2813110.942362957,17.24709784411277,85.46498796190443,-0.2663743429140403,-0.6712055969446236,-3.128548416743911,1.3875082454831618,-2.0671881340072247,-2.0587138424277853,10,50.0,-1539168.849754449,-0.05227019931547935,0.7463680197997985,17.158673077333884,100.0,15.091210613598674,,,,
USDKRW CALL-upout  35Δ  6W  H@15Δ  [Golden cross  ∧  RV < median (strict)],single,603,10000000.0,10307900.530938925,1206000.0,10064854.087938026,-243046.4430008987,-1929142.0868393902,22.885572139303484,97.64213437769018,-0.042732140903778096,-1.2187578443834706,-9.796704974630105,3.0156697271755624,-2.4743797474395666,-4.234427571559033,10,50.0,-940411.8418911442,-0.014264314816004599,0.9540239999189303,9.574680347221653,100.0,11.608623548922056,,,,
USDKRW CALL-upout  35Δ  2M  H@15Δ  [Golden cross  ∧  RV < median (strict)],single,603,10000000.0,12311545.568924174,1206000.0,10885658.226740636,-1425887.342183536,-3377586.264875216,20.8955223880597,88.4182913168705,-0.1905767054532344,-1.1094855357090836,-4.2595579574028495,1.606569766017614,-1.4480312850503623,-2.7160553017266977,10,30.0,-1371569.7910948764,-0.047782627030397526,0.8139250051780776,17.19285871939302,100.0,14.427860696517413,,,,
USDKRW CALL-upout  35Δ  10W  H@15Δ  [Golden cross  ∧  RV < median (strict)],single,603,10000000.0,13175886.645061601,1206000.0,13934976.887218632,759090.2421570318,-2166810.884807319,20.8955223880597,105.76120805078074,0.08147741843434882,-1.3269319652848934,-7.974945607745611,2.607170502828851,-1.964810985821032,-3.9341024681137444,10,40.0,-1478339.5877164735,0.03966416003926211,1.0969859523955159,11.613074280449952,100.0,13.764510779436154,,,,
USDKRW CALL-upout  35Δ  3M  H@15Δ  [Golden cross  ∧  RV < median (strict)],single,603,10000000.0,15029458.390440663,1206000.0,17812704.381926008,2783245.991485343,-2463569.6008752035,22.885572139303484,118.51860472401053,0.2510080134284615,-0.25947973341661135,-2.0924267300842168,1.216640686767513,-4.688769603497774,-1.4761204201841243,10,50.0,-701280.8705473534,0.12795205383540706,1.3289759338235054,9.861322181048253,100.0,15.091210613598674,,,,
USDKRW CALL-upout  30Δ  1M  H@15Δ  [Golden cross  ∧  RV < median (strict)],single,603,10000000.0,5819162.34803857,1206000.0,4507924.96491904,-1311237.3831195303,-2058885.4384562266,13.101160862354892,77.46690494790025,-0.4207391053521799,-0.8422997350398421,-3.851261896803124,1.5188873240708516,-1.803262260315214,-2.361187059110694,10,40.0,-1202298.8763372784,-0.07208425254482496,0.6399830661617748,13.66759701807592,100.0,15.091210613598674,,,,
USDKRW CALL-upout  30Δ  6W  H@15Δ  [Golden cross  ∧  RV < median (strict)],single,603,10000000.0,6637251.125828802,1206000.0,5371987.262910507,-1265263.862918294,-1573577.8343927562,17.081260364842453,80.93692947680508,-0.39183076714187626,-1.4616068955324253,-9.796836878154362,2.898342154251801,-1.9829833610603012,-4.359949049784227,10,20.0,-607168.9708049331,-0.0910371674431568,0.6649395420814115,8.971416783356169,100.0,11.608623548922056,,,,
USDKRW CALL-upout  30Δ  2M  H@15Δ  [Golden cross  ∧  RV < median (strict)],single,603,10000000.0,7834013.906687045,1206000.0,5759041.01813969,-2074972.8885473548,-2431265.798859571,14.427860696517413,73.5132856124218,-0.44955008511123196,-1.2722844477513535,-4.248756733920223,1.5144353671075648,-1.1903276580832147,-2.7867198148589183,10,30.0,-1012485.9044904951,-0.09659869181016033,0.6103780950213917,14.965133575655358,100.0,14.427860696517413,,,,
USDKRW CALL-upout  30Δ  10W  H@15Δ  [Golden cross  ∧  RV < median (strict)],single,603,10000000.0,8350373.956796896,1206000.0,8361177.003148342,10803.046351446188,-1448543.7581713102,16.417910447761194,100.1293720066591,0.0017625173738028826,-1.3940025610243005,-7.9510953235244575,2.546550332332747,-1.8267902825526838,-3.9405528933570473,10,40.0,-979522.7617842014,0.000844384946016376,1.0020682094382773,8.133914391437422,100.0,13.764510779436154,,,,
USDKRW CALL-upout  30Δ  3M  H@15Δ  [Golden cross  ∧  RV < median (strict)],single,603,10000000.0,9457896.863915145,1206000.0,10675780.067248872,1217883.2033337252,-1678313.971460581,18.90547263681592,112.87689240913943,0.1716468463399065,-0.7705449323885116,-3.9970614590889797,1.571142199216298,-2.0390014042998366,-2.3416871316048096,10,30.0,-453498.35598726437,0.08218507135098493,1.2205408319565065,6.795911698618844,100.0,15.091210613598674,,,,
USDKRW CALL-upout  25Δ  1M  H@15Δ  [Golden cross  ∧  RV < median (strict)],single,603,10000000.0,3415861.4522671304,1206000.0,2203746.880459194,-1212114.5718079358,-1329103.9847124065,8.12603648424544,64.51511313483024,-0.7327652512626948,-1.0861521504298992,-4.667652378325461,1.6287124726919084,-1.4995251558883935,-2.714864623121808,10,30.0,-812270.5069719817,-0.10322287984933584,0.469156140946542,10.012307928317808,100.0,15.091210613598674,,,,
USDKRW CALL-upout  25Δ  6W  H@15Δ  [Golden cross  ∧  RV < median (strict)],single,603,10000000.0,3808125.3233603593,1206000.0,2132974.9486326952,-1675150.374727664,-1666993.8351834018,8.7893864013267,56.01115424296276,-1.0641625665385752,-1.9672241370261763,-9.797057057381332,2.7182587321033713,-1.3817737800902152,-4.685482869129547,10,10.0,-469636.3011266427,-0.11377469151291068,0.3241274278499486,9.167784287556884,100.0,11.608623548922056,,,,
USDKRW CALL-upout  25Δ  2M  H@15Δ  [Golden cross  ∧  RV < median (strict)],single,603,10000000.0,4382140.034165742,1206000.0,2312794.789155076,-2069345.2450106656,-2059844.3078055882,7.462686567164178,52.77774719938586,-0.8841370899736566,-1.5092636048838848,-4.225093213925706,1.4062382935156117,-0.931738027051809,-2.9155018983994965,10,20.0,-785313.4526137348,-0.1137076847967563,0.379680278987144,12.567863218264721,100.0,14.427860696517413,,,,
USDKRW CALL-upout  25Δ  10W  H@15Δ  [Golden cross  ∧  RV < median (strict)],single,603,10000000.0,4629862.992226023,1206000.0,3942546.8660505405,-687316.1261754824,-1192010.2160878836,11.774461028192372,85.15471997055741,-0.21276653525173425,-1.534787443419761,-7.898110677823474,2.4310071731593745,-1.5839373612170604,-3.9657946165791356,10,20.0,-562884.6241945674,-0.06528334784484995,0.7750368239372838,6.196423397411943,100.0,13.764510779436154,,,,
USDKRW CALL-upout  25Δ  3M  H@15Δ  [Golden cross  ∧  RV < median (strict)],single,603,10000000.0,5161311.66803212,1206000.0,5080172.475969426,-81139.1920626947,-1052427.292500214,11.940298507462686,98.42793465534642,-0.02133734863499396,-0.7801117392954303,-2.826294210897649,1.3111088669082769,-1.6806680387766304,-2.091220606203707,10,30.0,-338312.3100710841,-0.008731705559210403,0.9746731384960816,4.856161885246463,100.0,15.091210613598674,,,,
USDKRW CALL-upout  ATM  1M  H@20Δ,single,2429,10000000.0,76975699.74086082,4858000.0,79634934.07654206,2659234.3356812373,-6820872.945072008,29.065459036640597,103.45464132789121,0.14239923289411396,-0.29915778339651433,-4.032365824067056,1.846324481793556,-6.17174141628925,-2.1454822651900702,11,72.72727272727273,-4056863.652077054,0.03941294732449824,1.1061965245753196,26.665534528767957,100.0,19.2260189378345,,,,
USDKRW CALL-upout  ATM  6W  H@20Δ,single,2422,10000000.0,88771545.48889841,4844000.0,109355382.36065331,20583836.871754885,-7473703.079086242,32.65895953757225,123.1874265096906,0.6890373557653529,0.390854755023561,-2.9101879960893373,1.6112404799822504,4.12235097379108,-1.2203857249586894,11,63.63636363636363,-4589036.432320789,0.27881374974907763,1.6829269467893202,23.868337016586487,100.0,18.74483897605285,,,,
USDKRW CALL-upout  ATM  2M  H@20Δ,single,2410,10000000.0,105152054.54009536,4820000.0,120040883.60339111,14888829.063295733,-15721419.67769,29.83402489626556,114.15933252889366,0.41979785350607296,0.17912227419043733,-2.469231824561255,1.511228223919874,8.436852595524677,-1.3321059497294367,11,54.54545454545454,-5604721.838161008,0.09651415357672567,1.3422747671420658,73.09929486242903,100.0,21.6597510373444,,,,
USDKRW CALL-upout  ATM  10W  H@20Δ,single,2405,10000000.0,112262029.57007757,4810000.0,133504092.4857646,21242062.915687017,-13191724.623836841,31.434511434511435,118.92185897318647,0.539097072288362,0.47101287107175166,-2.0875458843765022,1.5429539621665982,3.275821228952261,-1.0719410910948466,11,63.63636363636363,-5852791.7990714125,0.16442445022242866,1.4511066185562072,59.13363036228178,100.0,22.32848232848233,,,,
USDKRW CALL-upout  ATM  3M  H@20Δ,single,2392,10000000.0,126893932.80254972,4784000.0,144835707.17827314,17941774.375723444,-15347056.82229204,29.76588628762542,114.13919009322638,0.391054042080055,0.5421940560039232,-1.6410295803735826,1.7497880164596227,3.227235704787884,-1.2075939604556996,11,54.54545454545454,-6138416.648986296,0.12007946994669222,1.3226642888232876,70.45843115852658,100.0,23.745819397993312,,,,
USDKRW CALL-upout  45Δ  1M  H@20Δ,single,2429,10000000.0,56402612.05482106,4858000.0,55492496.993919626,-910115.0609014379,-6411657.42669322,24.78386167146974,98.38639554491404,-0.06510628611869265,-0.6848649539639212,-5.069555811523908,2.1334321457111467,-3.1151136196458613,-2.818297099675068,11,45.45454545454545,-3356290.7153910813,-0.014349879502554754,0.9557286343470811,30.926057214961443,100.0,19.2260189378345,,,,
USDKRW CALL-upout  45Δ  6W  H@20Δ,single,2422,10000000.0,64973970.22111252,4844000.0,78660867.44353265,13686897.222420119,-6979279.48379623,28.034682080924856,121.06520068858704,0.5955704304942127,0.2435817354843082,-3.04333108019798,1.6321983925776007,6.700824219567763,-1.3886166570932925,11,63.63636363636363,-3524891.916379135,0.19852632894718264,1.5739097618401563,24.65361928486611,100.0,18.74483897605285,,,,
USDKRW CALL-upout  45Δ  2M  H@20Δ,single,2410,10000000.0,76990240.00689182,4820000.0,87003232.70013289,10012992.693241071,-13462582.47799447,26.556016597510375,113.00553510723535,0.3644850343690103,0.03240633575995668,-3.0229301609619488,1.6358895625877614,50.48054722092863,-1.6034832268278048,11,54.54545454545454,-4856307.520932267,0.07579799988459424,1.2942079524317907,65.47447208775925,100.0,21.6597510373444,,,,
USDKRW CALL-upout  45Δ  10W  H@20Δ,single,2405,10000000.0,82253306.68512848,4810000.0,96612715.24846488,14359408.56333642,-11778184.808048591,27.442827442827443,117.45754565017702,0.4760323148296027,0.3336172258732289,-2.3470213274284197,1.6785937705729783,5.031496099097793,-1.3449765446997495,11,63.63636363636363,-4775287.400172305,0.12448856837103019,1.3908903429808892,55.181301583609084,100.0,22.32848232848233,,,,
USDKRW CALL-upout  45Δ  3M  H@20Δ,single,2392,10000000.0,93192454.9396781,4784000.0,105512773.60630113,12320318.666623019,-13492528.607965551,25.668896321070235,113.22029629394112,0.33865512087265137,0.37679740234745884,-1.9499418713775232,1.6005857155633614,4.247868232614305,-1.2237883132159024,11,54.54545454545454,-5358614.888796371,0.0937901144455896,1.281358065801045,66.07066366345401,100.0,23.745819397993312,,,,
USDKRW CALL-upout  40Δ  1M  H@20Δ,single,2429,10000000.0,38902651.741046384,4858000.0,35374573.425652765,-3528078.3153936267,-5722475.574493415,19.39069575957184,90.93100815112012,-0.3635172698994891,-1.3093340178448243,-7.973650666440983,2.76060136222633,-2.108401160133535,-4.069935380071154,11,45.45454545454545,-2600469.7461196873,-0.06232704433635306,0.7806795209433093,35.01024604921768,100.0,19.2260189378345,,,,
USDKRW CALL-upout  40Δ  6W  H@20Δ,single,2422,10000000.0,44564314.284219846,4844000.0,51664605.58103494,7100291.296815096,-6040709.337296891,23.32782824112304,115.93268383202586,0.4366362089888653,0.020687483205625613,-3.2976475808611805,1.6626187399259906,80.36834270269615,-1.641931256720365,11,63.63636363636363,-2543510.3105623014,0.11899039961531303,1.401756114316682,25.090359738212612,100.0,18.74483897605285,,,,
USDKRW CALL-upout  40Δ  2M  H@20Δ,single,2410,10000000.0,52501924.67361824,4820000.0,57245755.97073752,4743831.297119267,-11107381.244923357,21.78423236514523,109.03553789048614,0.24533922130910363,-0.19751014674503525,-3.611815552263039,1.80447627615683,-9.136119363458418,-2.001986422901865,11,54.54545454545454,-3740548.9821856553,0.0435251003370934,1.1894987771231045,55.523904149971536,100.0,21.6597510373444,,,,
USDKRW CALL-upout  40Δ  10W  H@20Δ,single,2405,10000000.0,55979392.515540525,4810000.0,63610715.39797591,7631322.882435383,-9654328.525447426,22.12058212058212,113.63237887999023,0.36180342097724083,0.09152140698050261,-3.4192997052869853,1.896277598692478,20.71949788858091,-1.8047561917119754,11,63.63636363636363,-3457400.1975763952,0.0807140315435065,1.2868087796263676,46.81818930427667,100.0,22.32848232848233,,,,
USDKRW CALL-upout  40Δ  3M  H@20Δ,single,2392,10000000.0,63206640.138512105,4784000.0,70080743.53780828,6874103.399296177,-11040697.706068926,21.112040133779264,110.87560323445788,0.25841540641174765,0.15310718349842356,-2.4246725410161125,1.4405919882853462,9.409042445746374,-1.2874848047869225,11,54.54545454545454,-4424147.770569196,0.06395109921330862,1.2144158802309266,58.864294764845056,100.0,23.745819397993312,,,,
USDKRW CALL-upout  35Δ  1M  H@20Δ,single,2429,10000000.0,24823242.74748435,4858000.0,19902390.619517088,-4920852.1279672645,-5186792.126418313,13.874022231370933,80.17643311945635,-0.8095759868705219,-2.1249121102450235,-10.892061020320254,3.3983048074485374,-1.5992684078856698,-5.523216917693561,11,27.27272727272727,-1854316.8508848716,-0.0959099654998773,0.578337101442081,36.565005376797885,100.0,19.2260189378345,,,,
USDKRW CALL-upout  35Δ  6W  H@20Δ,single,2422,10000000.0,28140977.47067011,4844000.0,29646393.622118197,1505416.15144809,-4892621.990414326,17.63005780346821,105.34955174537598,0.148081177037662,-0.36228126929463145,-3.5154141251817803,1.6789077103672523,-4.634265838904997,-2.0411889796618836,11,45.45454545454545,-1707268.5334034096,0.03114860518471173,1.1220805090561174,25.98324920729463,100.0,18.74483897605285,,,,
USDKRW CALL-upout  35Δ  2M  H@20Δ,single,2410,10000000.0,32791935.383914955,4820000.0,33139424.87789387,347489.4939789176,-8118639.682277127,16.431535269709542,101.0596797350039,0.028841341435430372,-0.5110609801634859,-4.504877834419276,1.9973258768651778,-3.90819482290791,-2.508386857028664,11,54.54545454545454,-2658477.1109328745,0.004361949518098112,1.0203382040138673,43.04227621750564,100.0,21.6597510373444,,,,
USDKRW CALL-upout  35Δ  10W  H@20Δ,single,2405,10000000.0,34830190.61808278,4810000.0,37466531.407535,2636340.789452226,-6929101.966479202,16.923076923076923,107.56912535552854,0.199788121284064,-0.21913122267643145,-5.169059151115513,2.1954483639902715,-10.018875161537634,-2.414579586666703,11,63.63636363636363,-2319181.5394142144,0.038850434585634176,1.1487377655600768,35.85859813475163,100.0,22.32848232848233,,,,
USDKRW CALL-upout  35Δ  3M  H@20Δ,single,2392,10000000.0,39065011.89189906,4784000.0,41836910.538377,2771898.646477949,-8142133.83876496,16.346153846153847,107.0956042561778,0.15765296282235813,-0.10612052411912708,-3.104575138959096,1.3988036073901935,-13.18127307607289,-1.5049241315093205,11,54.54545454545454,-3295948.9532675417,0.0349677414035791,1.1281520169810137,46.677045080662104,100.0,23.745819397993312,,,,
USDKRW CALL-upout  30Δ  1M  H@20Δ,single,2429,10000000.0,14221300.48414236,4858000.0,8945280.192711402,-5276020.291430957,-5269460.903243502,8.68670234664471,62.900577923136844,-1.6807920270945247,-3.1029988473959325,-10.338091110794434,3.217142493683576,-1.036784946402231,-6.320141341079509,11,9.090909090909092,-1135797.6404010102,-0.10121911449018701,0.3246371353193347,34.038528179196746,100.0,19.2260189378345,,,,
USDKRW CALL-upout  30Δ  6W  H@20Δ,single,2422,10000000.0,15771525.912997771,4844000.0,13311201.681806771,-2460324.2311909995,-4181811.1931868284,11.601981833195705,84.40021438151794,-0.4843740449381957,-1.1496050088317444,-3.909467933030694,1.7484938588783798,-1.5209518447168566,-2.8980988677101243,11,27.27272727272727,-1062174.8528194465,-0.059559578952559616,0.6976351978505142,28.5254857205101,100.0,18.74483897605285,,,,
USDKRW CALL-upout  30Δ  2M  H@20Δ,single,2410,10000000.0,17943104.20086751,4820000.0,15215529.271942649,-2727574.928924866,-5115360.899330199,11.20331950207469,84.79875667894191,-0.44418873349973653,-1.0796556824441652,-5.122846942697984,2.0562384811342302,-1.9045317081824087,-3.1358941635783957,11,45.45454545454545,-1487766.4465801388,-0.05434037535751585,0.737670471245783,32.78315093064714,100.0,21.6597510373444,,,,
USDKRW CALL-upout  30Δ  10W  H@20Δ,single,2405,10000000.0,18895313.413949396,4810000.0,18181623.142797157,-713690.2711522421,-4381679.404531074,11.891891891891893,96.22292440714236,-0.10459575160378758,-0.8367409906213975,-8.189108186971968,2.858686756264135,-3.4164535839712586,-3.6954277468855325,11,45.45454545454545,-1475835.6272585953,-0.016631846296812584,0.9288709277266706,25.468546027873955,100.0,22.32848232848233,,,,
USDKRW CALL-upout  30Δ  3M  H@20Δ,single,2392,10000000.0,20871403.454064578,4784000.0,20345756.106957782,-525647.3471067976,-5313157.311010954,11.998327759197325,97.48149496384522,-0.05626261524867113,-0.4915647039151766,-3.8472948562268856,1.5192620541769584,-3.09066546494583,-2.010826758092135,11,45.45454545454545,-1934783.9050114208,-0.010161791378567875,0.957704860447877,33.775586905967685,100.0,23.745819397993312,,,,
USDKRW CALL-upout  25Δ  1M  H@20Δ,single,2429,10000000.0,7365613.826011351,4858000.0,2422521.5913453167,-4943092.234666035,-4939870.8722252,4.199258954302182,32.88960904779293,-4.726012069100962,-6.5744017651010696,-13.496632767756342,3.800185985033708,-0.5780276473528366,-10.374587750134777,11,0.0,-630221.8279549889,-0.1011591986981222,0.062475272571162935,29.358294699082798,100.0,19.2260189378345,,,,
USDKRW CALL-upout  25Δ  6W  H@20Δ,single,2422,10000000.0,7771053.238046364,4844000.0,3357672.4091838566,-4413380.828862507,-4533600.108031564,5.161023947151114,43.20743027142061,-2.743018019409344,-4.330975435177269,-12.312634683577683,3.387107386034507,-0.782065711692468,-7.718082821211776,11,9.090909090909092,-696018.2961774034,-0.09854892470109816,0.17328415961551497,27.401070785479583,100.0,18.74483897605285,,,,
USDKRW CALL-upout  25Δ  2M  H@20Δ,single,2410,10000000.0,8336013.387222774,4820000.0,3932570.368433479,-4403443.018789294,-4471948.512405929,5.394190871369295,47.17567241987904,-2.336606578598802,-3.47240009337115,-11.377225411044517,3.0679872446349186,-0.8835350657004474,-6.540387338006068,11,0.0,-731023.3159950444,-0.1003501000503009,0.2288085960983515,28.15587394110795,100.0,21.6597510373444,,,,
USDKRW CALL-upout  25Δ  10W  H@20Δ,single,2405,10000000.0,8584205.087456921,4810000.0,5151707.756315244,-3432497.3311416777,-3672327.6608511503,6.652806652806653,60.01380097317133,-1.5632366052770539,-3.138515356559365,-16.76036328009887,4.857637360235144,-1.5477500691793291,-7.9961527167945095,11,27.27272727272727,-790046.39768183,-0.09544211809122496,0.34991218921107126,24.67935837159118,100.0,22.32848232848233,,,,
USDKRW CALL-upout  25Δ  3M  H@20Δ,single,2392,10000000.0,9095587.28344005,4784000.0,5165240.700099475,-3930346.583340574,-4199684.8414084725,5.811036789297659,56.78842431102399,-1.4409428720223294,-2.803082160672528,-8.440014946444569,2.676505228647956,-0.954843659668469,-5.479587389320484,11,27.27272727272727,-910962.8356655812,-0.09612638724537789,0.3687270619574923,28.615380825720813,100.0,23.745819397993312,,,,
USDKRW CALL-upout  ATM  1M  H@20Δ  [Spot > 50DMA],single,1422,10000000.0,45208202.96760523,2844000.0,49141684.2914633,3933481.3238580697,-6539424.018715121,29.957805907172997,108.7008132720442,0.27672151198596295,-0.23574109897063744,-2.9140019604874725,1.5471910562143059,-6.563094271512729,-1.7829321551849433,11,54.54545454545454,-1697819.424350974,0.06094282049546253,1.2520435937443362,33.91365285827371,100.0,19.971870604781998,,,,
USDKRW CALL-upout  ATM  6W  H@20Δ  [Spot > 50DMA],single,1415,10000000.0,51946593.71852395,2830000.0,67445096.03475717,15498502.316233218,-6495395.368249249,34.62897526501767,129.83545446735712,0.6552203681565468,-0.07796458503538138,-4.546243637934325,1.935690557440837,-24.827818381415028,-2.0136551424762184,11,45.45454545454545,-1590941.890587859,0.24228912863368998,1.8534082929779716,30.174609955747894,100.0,19.363957597173144,,,,
USDKRW CALL-upout  ATM  2M  H@20Δ  [Spot > 50DMA],single,1405,10000000.0,61273556.157072105,2810000.0,71770775.32041174,10497219.163339641,-8984589.445951497,30.533807829181498,117.13172830450786,0.3963778474965464,1.5196649535476059e-05,-2.511042951091029,1.28477576983616,84543.35719441938,-1.2847605731866245,11,54.54545454545454,-3477039.9890639116,0.11980428108905146,1.3919587927677577,45.280412670043255,100.0,23.345195729537366,,,,
USDKRW CALL-upout  ATM  10W  H@20Δ  [Spot > 50DMA],single,1405,10000000.0,65511088.611369304,2810000.0,75172742.23573315,9661653.624363838,-9921971.075054873,30.81850533807829,114.74811948505321,0.3520030588421291,0.07633682949156152,-2.3246458680521958,1.414401343830114,18.528426622518634,-1.3380645143385523,11,63.63636363636363,-4141117.6321206507,0.09985040174538101,1.3307113202156453,46.08600810565611,100.0,23.772241992882563,,,,
USDKRW CALL-upout  ATM  3M  H@20Δ  [Spot > 50DMA],single,1402,10000000.0,74205216.89279589,2804000.0,82511072.76651895,8305855.873723044,-9605702.717285493,29.600570613409417,111.19308887099204,0.253139302464222,0.2232151828293034,-2.6519875350144666,1.627199745569615,7.28982556179417,-1.4039845627403116,11,63.63636363636363,-3987369.509179315,0.08914034720654637,1.238729908428157,43.7639230010526,100.0,23.03851640513552,,,,
USDKRW CALL-upout  45Δ  1M  H@20Δ  [Spot > 50DMA],single,1422,10000000.0,33130517.46140166,2844000.0,34602505.369603366,1471987.908201708,-5725642.948905188,25.17580872011252,104.44299703412914,0.13584481747247146,-0.44505784336207854,-3.2798637745088324,1.6181957779488532,-3.635922390951694,-2.0632536213109316,11,54.54545454545454,-1444098.9524932664,0.02604743338895984,1.1157583894386793,31.02323839563009,100.0,19.971870604781998,,,,
USDKRW CALL-upout  45Δ  6W  H@20Δ  [Spot > 50DMA],single,1415,10000000.0,38031660.509412654,2830000.0,48255589.887728386,10223929.378315732,-5650848.368713368,29.469964664310954,126.88267943437641,0.5552850385263796,-0.3186780830556955,-5.035165803233489,2.080961799840387,-6.529980913298943,-2.3996398828960825,11,45.45454545454545,-1443144.064646957,0.18371895812469188,1.699108697434622,26.820523815819115,100.0,19.363957597173144,,,,
USDKRW CALL-upout  45Δ  2M  H@20Δ  [Spot > 50DMA],single,1405,10000000.0,44886049.228285454,2810000.0,52368755.72044153,7482706.492156081,-7811664.633272294,26.83274021352313,116.67045021962139,0.3622551572177022,-0.09650761928931356,-2.7581526697824614,1.38651980521118,-14.366946521130394,-1.4830274245004935,11,54.54545454545454,-2715060.472467,0.09822260087956858,1.3582287847788004,38.67401102305829,100.0,23.345195729537366,,,,
USDKRW CALL-upout  45Δ  10W  H@20Δ  [Spot > 50DMA],single,1405,10000000.0,48029552.556234226,2810000.0,54644269.74462837,6614717.188394142,-7897624.915773569,26.548042704626333,113.77218157643559,0.31278099935693343,-0.012806262317127427,-2.3897196351980585,1.4591413669723006,-113.93967504638782,-1.471947629289428,11,63.63636363636363,-3065740.2170802215,0.08588376726300269,1.2909006563684624,36.21134091671593,100.0,23.772241992882563,,,,
USDKRW CALL-upout  45Δ  3M  H@20Δ  [Spot > 50DMA],single,1402,10000000.0,54548999.538264476,2804000.0,60099256.14537878,5550256.607114296,-7874002.076533744,25.249643366619118,110.17480916991147,0.21253502284678463,0.08185472710235463,-2.651931466025602,1.469902893097195,17.95745884363118,-1.3880481659948403,11,63.63636363636363,-3603201.413769888,0.07266689604592198,1.2018147549819729,35.63767803302072,100.0,23.03851640513552,,,,
USDKRW CALL-upout  40Δ  1M  H@20Δ  [Spot > 50DMA],single,1422,10000000.0,22848044.433916852,2844000.0,22450613.201133963,-397431.23278288636,-4615901.183830608,19.971870604781998,98.26054595642805,-0.052198407355264556,-0.6536035897246386,-3.6299562483809966,1.6438374057894478,-2.515037297273707,-2.297440995514086,11,54.54545454545454,-1161909.3623977497,-0.008723493593053562,0.9590878597073883,27.227162608775703,100.0,19.971870604781998,,,,
USDKRW CALL-upout  40Δ  6W  H@20Δ  [Spot > 50DMA],single,1415,10000000.0,26083385.016530797,2830000.0,31504325.617563296,5420940.601032499,-4503420.398225093,24.52296819787986,120.78311767279013,0.41192683030146454,-0.6197902303056444,-5.346049126624135,2.189917841477729,-3.5333210082995166,-2.8097080717833736,11,45.45454545454545,-1195469.8595233224,0.12223116321944005,1.503058397416488,22.68724307873495,100.0,19.363957597173144,,,,
USDKRW CALL-upout  40Δ  2M  H@20Δ  [Spot > 50DMA],single,1405,10000000.0,30608994.568422176,2810000.0,34820067.820023865,4211073.251601686,-6213702.72991073,22.206405693950177,113.75763337207438,0.2853859834745331,-0.22861049453444765,-3.1524684205246203,1.4830245069497492,-6.487123480353974,-1.7116350014841968,11,54.54545454545454,-1910894.5852590832,0.06949261160161913,1.272633537356285,30.289594593615046,100.0,23.345195729537366,,,,
USDKRW CALL-upout  40Δ  10W  H@20Δ  [Spot > 50DMA],single,1405,10000000.0,32687866.946333177,2810000.0,36333257.64731924,3645390.700986064,-5829629.500761167,21.352313167259787,111.15212169387208,0.2424683051276577,-0.14678819083860647,-3.48953717050032,1.5633394906228786,-10.650308323111425,-1.710127681461485,11,54.54545454545454,-2067060.5571673838,0.06412087447864968,1.222256139671098,26.639770300466363,100.0,23.772241992882563,,,,
USDKRW CALL-upout  40Δ  3M  H@20Δ  [Spot > 50DMA],single,1402,10000000.0,36997925.82649762,2804000.0,40270012.54956879,3272086.723071163,-5682421.633220926,20.827389443651924,108.84397341195738,0.17076725320729444,-0.07818840252279528,-2.6519075343238887,1.3063476575375539,-16.707690851679665,-1.3845360600603491,11,63.63636363636363,-2702140.6752674864,0.05936225947054335,1.1639937144761496,26.03333812753476,100.0,23.03851640513552,,,,
USDKRW CALL-upout  35Δ  1M  H@20Δ  [Spot > 50DMA],single,1422,10000000.0,14575317.94576572,2844000.0,12939496.25372168,-1635821.6920440383,-3658465.267559326,14.41631504922644,88.77676838247456,-0.3336374855544997,-0.9506394472233732,-3.638716549081303,1.6222215507843707,-1.7064530148865102,-2.572860998007744,11,36.36363636363637,-844757.4495605582,-0.04530248050493955,0.7666664873066874,23.701098112445944,100.0,19.971870604781998,,,,
USDKRW CALL-upout  35Δ  6W  H@20Δ  [Spot > 50DMA],single,1415,10000000.0,16468761.886026882,2830000.0,17995899.526377596,1527137.6403507125,-3256511.3420800976,17.6678445229682,109.27293533611915,0.1844813738580995,-1.1048794207158235,-6.651744652692672,2.477182314056146,-2.2420386040417353,-3.5820617347719694,11,45.45454545454545,-952137.6348383072,0.04761846298853785,1.2049061553302867,18.239423361608083,100.0,19.363957597173144,,,,
USDKRW CALL-upout  35Δ  2M  H@20Δ  [Spot > 50DMA],single,1405,10000000.0,19117861.310468633,2810000.0,20468874.423046395,1351013.1125777587,-4289629.164503724,17.010676156583628,107.06675862240908,0.14644019283835333,-0.41387701767886753,-3.5943320975759145,1.5712148609891423,-3.7963327120721355,-1.9850918786680098,11,54.54545454545454,-1289652.2506914637,0.03229506212523854,1.1308367853695027,21.168956040652223,100.0,23.345195729537366,,,,
USDKRW CALL-upout  35Δ  10W  H@20Δ  [Spot > 50DMA],single,1405,10000000.0,20338732.237085536,2810000.0,21902191.587463208,1563459.3503776737,-3856107.6667899163,16.583629893238435,107.6871032675619,0.1611529689924575,-0.24885545497211012,-4.066307813007901,1.6132894101073518,-6.482837236934016,-1.8621448650794619,11,54.54545454545454,-1344325.6669868683,0.04157514305563984,1.1453644224441253,17.905871729265293,100.0,23.772241992882563,,,,
USDKRW CALL-upout  35Δ  3M  H@20Δ  [Spot > 50DMA],single,1402,10000000.0,22867915.572276562,2804000.0,24491378.131329294,1623462.5590527356,-4016261.8830427327,16.761768901569187,107.0993027498357,0.1274240303185362,-0.23271096247248454,-2.651855460675518,1.2107605921622533,-5.202851551548252,-1.4434715546347379,11,54.54545454545454,-1740964.6500132198,0.04167151846383035,1.1236037695679397,18.15041607787709,100.0,23.03851640513552,,,,
USDKRW CALL-upout  30Δ  1M  H@20Δ  [Spot > 50DMA],single,1422,10000000.0,8345802.468004062,2844000.0,6009081.710045211,-2336720.75795885,-2671934.6868570605,9.634317862165963,72.00124533359956,-0.8852472049816374,-1.5795524585205982,-4.017443454537406,1.6414181028259593,-1.0391665651695445,-3.2209705613465576,11,27.27272727272727,-550289.5436971147,-0.08860657183610893,0.4911930539300894,19.022053534151947,100.0,19.971870604781998,,,,
USDKRW CALL-upout  30Δ  6W  H@20Δ  [Spot > 50DMA],single,1415,10000000.0,9227342.954145983,2830000.0,8184045.428374784,-1043297.525771199,-2220333.25141121,12.014134275618375,88.69341335901653,-0.25076140446837175,-1.7318749078673745,-6.945104205286663,2.643761936622863,-1.5265316938383173,-4.375636844490238,11,45.45454545454545,-696482.0113771171,-0.04771333807395232,0.7868143580539466,15.678729334713806,100.0,19.363957597173144,,,,
USDKRW CALL-upout  30Δ  2M  H@20Δ  [Spot > 50DMA],single,1405,10000000.0,10460871.284363579,2810000.0,9549289.298829954,-911581.9855336255,-2682824.3592595807,11.957295373665481,91.28579292533487,-0.1921494399569389,-0.7762095377386422,-4.159973363815753,1.5265745303196234,-1.9667041644026242,-2.3027840680582656,11,36.36363636363637,-788633.6715558325,-0.03484173736115906,0.85150015646181,15.696628799851137,100.0,23.345195729537366,,,,
USDKRW CALL-upout  30Δ  10W  H@20Δ  [Spot > 50DMA],single,1405,10000000.0,11034358.169918492,2810000.0,10899068.091507137,-135290.07841135794,-2170269.553954081,12.028469750889679,98.77391982090828,-0.026391303697070642,-0.5033846084029444,-4.4875287433541295,1.715359046364954,-3.407650964552059,-2.2187436547678985,11,54.54545454545454,-797758.5409974278,-0.006392173879225307,0.9779039793449582,11.165647342942965,100.0,23.772241992882563,,,,
USDKRW CALL-upout  30Δ  3M  H@20Δ  [Spot > 50DMA],single,1402,10000000.0,12219495.643154293,2804000.0,11866145.916184824,-353349.72696946934,-3256029.993829861,12.410841654778887,97.1083116906922,-0.05181278935895518,-0.5354592825491704,-2.6517231627123548,1.1926324436180737,-2.2273074395877264,-1.7280917261672442,11,45.45454545454545,-999538.1577649271,-0.011187561493911629,0.9531468729907885,15.547671309408726,100.0,23.03851640513552,,,,
USDKRW CALL-upout  25Δ  1M  H@20Δ  [Spot > 50DMA],single,1422,10000000.0,4317469.625427488,2844000.0,1631953.4078951585,-2685516.21753233,-2682722.0174747123,4.852320675105485,37.79883935451132,-2.7128677261445633,-3.3231985000956428,-6.0239692722797695,1.7147568686478942,-0.5159959203756691,-5.037955368743537,11,0.0,-352761.54778851557,-0.101423142198894,0.12036465533752691,16.006498032967343,100.0,19.971870604781998,,,,
USDKRW CALL-upout  25Δ  6W  H@20Δ  [Spot > 50DMA],single,1415,10000000.0,4543608.064701358,2830000.0,2048767.826253206,-2494840.238448152,-2733589.9761760994,5.4416961130742045,45.09120938863082,-1.8048431206165565,-2.969559830990181,-6.612761692207508,2.132309809254372,-0.7180558502313008,-5.101869640244553,11,9.090909090909092,-413633.2732438866,-0.09267426568609592,0.22552739832599505,15.912360589462189,100.0,19.363957597173144,,,,
USDKRW CALL-upout  25Δ  2M  H@20Δ  [Spot > 50DMA],single,1405,10000000.0,4859865.36091904,2810000.0,2474104.123045428,-2385761.237873612,-2632094.4151428137,5.622775800711743,50.90890259925954,-1.5360339086281425,-2.0344892067731633,-4.411183217512439,1.3857694975607253,-0.6811387806567177,-3.4202587043338886,11,18.181818181818183,-403497.9253320218,-0.09294409948715207,0.30237398445546415,15.8771802640304,100.0,23.345195729537366,,,,
USDKRW CALL-upout  25Δ  10W  H@20Δ  [Spot > 50DMA],single,1405,10000000.0,5013738.8577681,2810000.0,3150044.1158010485,-1863694.7419670508,-2017820.2684646158,6.903914590747331,62.828244652600695,-1.06103171512815,-1.494742129010995,-4.630432906363401,1.5956524991296004,-1.067510220097545,-3.0903946281405954,11,18.181818181818183,-425552.83400855045,-0.09470842390267781,0.4187482113396945,12.955211629840509,100.0,23.772241992882563,,,,
USDKRW CALL-upout  25Δ  3M  H@20Δ  [Spot > 50DMA],single,1402,10000000.0,5327424.908915173,2804000.0,2960329.275986733,-2367095.6329284403,-2626553.3865276356,5.848787446504993,55.56773350353139,-1.174233506977461,-2.0605631578277848,-3.7251937791056977,1.450724084393753,-0.7040425229785652,-3.5112872422215378,11,18.181818181818183,-525703.0627857994,-0.09290704430897574,0.3667263468900143,16.639377042206263,100.0,23.03851640513552,,,,
USDKRW CALL-upout  ATM  1M  H@20Δ  [Spot > 200DMA],single,1406,10000000.0,43809556.98266746,2812000.0,42717167.32743446,-1092389.6552330074,-5499734.253037031,28.3072546230441,97.50650376203258,-0.0831192590045395,-0.5820757643880164,-4.032365824067056,1.508194684261449,-2.5910624982765547,-2.0902704486494654,11,36.36363636363637,-1858352.3267146952,-0.021219101864636904,0.9327432117269514,27.160087882206177,100.0,19.701280227596015,,,,
USDKRW CALL-upout  ATM  6W  H@20Δ  [Spot > 200DMA],single,1399,10000000.0,50278662.89624257,2798000.0,60761049.41447027,10482386.5182277,-4730429.9824006995,32.73766976411723,120.84857853093598,0.49587307132351777,0.13830268935262904,-1.6118150510411386,1.2875862652996775,9.309914878204076,-1.1492835759470483,11,54.54545454545454,-2212769.0262366203,0.23714473504709274,1.568464754964337,18.076354793456577,100.0,18.727662616154394,,,,
USDKRW CALL-upout  ATM  2M  H@20Δ  [Spot > 200DMA],single,1387,10000000.0,59157097.40368553,2774000.0,65343140.449679226,6186043.0459937,-7212623.720289407,29.632299927901943,110.45697527006844,0.24321889343358438,0.07530381304813016,-2.453105602074726,1.2786256887110996,16.979561020288184,-1.2033218756629696,10,50.0,-3599690.9069007225,0.0924626816428346,1.227452658586813,37.072734754906584,100.0,20.043258832011535,,,,
USDKRW CALL-upout  ATM  10W  H@20Δ  [Spot > 200DMA],single,1382,10000000.0,63009315.6775355,2764000.0,73929762.68109313,10920447.003557632,-7082434.595893335,32.34442836468885,117.33148009326986,0.411385226598998,0.34891210459261185,-2.7324536303428015,1.5213770032004874,4.360344577259193,-1.1724648986078756,10,60.0,-4352694.264745863,0.16652309124366196,1.4101484000924545,28.98630696914704,100.0,20.188133140376266,,,,
USDKRW CALL-upout  ATM  3M  H@20Δ  [Spot > 200DMA],single,1369,10000000.0,70816604.53330964,2738000.0,75440540.01295103,4623935.479641386,-11630522.213784449,30.094959824689553,106.52945098132523,0.1516815532392079,0.3988902675748481,-2.8977783671461768,2.343492112598289,5.875029558495192,-1.9446018450234408,10,70.0,-5883060.730798365,0.043179330839044607,1.133248010559278,44.17175345812761,100.0,21.0372534696859,,,,
USDKRW CALL-upout  45Δ  1M  H@20Δ  [Spot > 200DMA],single,1406,10000000.0,32128629.832027394,2812000.0,29619547.6736705,-2509082.1583568975,-5185013.540411019,23.257467994310097,92.1905099237823,-0.2509037215685106,-0.8842537459467874,-5.069555811523908,1.7891200642655556,-2.023310698389986,-2.673373810212343,11,45.45454545454545,-1750115.4754506666,-0.05169590126396235,0.8145055868044642,30.309703225352656,100.0,19.701280227596015,,,,
USDKRW CALL-upout  45Δ  6W  H@20Δ  [Spot > 200DMA],single,1399,10000000.0,36838585.78224005,2798000.0,43542260.11629447,6703674.33405442,-4050152.239640398,27.376697641172264,118.19742585581632,0.4121761264220344,0.000944692841619399,-1.8136529294164252,1.294416565841992,1370.1983425883636,-1.2934718730003725,11,54.54545454545454,-1847151.7040209447,0.17713137597582365,1.4535702807561666,15.826163088172825,100.0,18.727662616154394,,,,
USDKRW CALL-upout  45Δ  2M  H@20Δ  [Spot > 200DMA],single,1387,10000000.0,43371888.55331756,2774000.0,47464913.97839014,4093025.425072588,-6214257.186597376,26.09949531362653,109.43704680980397,0.20856210391084526,-0.019666578313865535,-2.5744022930866377,1.2840243452446296,-65.28966680184287,-1.303690923558495,10,50.0,-2718683.8688606676,0.0710071435108088,1.1955024379886405,31.323867252211308,100.0,20.043258832011535,,,,
USDKRW CALL-upout  45Δ  10W  H@20Δ  [Spot > 200DMA],single,1382,10000000.0,46235344.91366753,2764000.0,53677207.04275073,7441862.129083196,-5332858.110384498,28.437047756874094,116.09561287577486,0.3655334447826705,0.24900260678455535,-2.8026245059514294,1.539455242968825,6.182486452042683,-1.2904526361842696,10,60.0,-3226378.6355386223,0.15070866141778475,1.3578975989569548,23.51322321392857,100.0,20.188133140376266,,,,
USDKRW CALL-upout  45Δ  3M  H@20Δ  [Spot > 200DMA],single,1369,10000000.0,52105572.19368586,2738000.0,54181433.26328386,2075861.0695980096,-8972984.234746363,25.712198685171657,103.98395216135745,0.08786588844476131,0.15362317781262122,-2.948237454239813,2.1058336077373823,13.707785750311261,-1.9522104299247611,10,70.0,-4581791.697283905,0.025126079922091767,1.077475196014549,37.44242319781192,100.0,21.0372534696859,,,,
USDKRW CALL-upout  40Δ  1M  H@20Δ  [Spot > 200DMA],single,1406,10000000.0,22174929.244074017,2812000.0,18868890.215850294,-3306039.028223724,-4400189.728103369,18.136557610241823,85.09109548068919,-0.46660691580741537,-1.376612169984988,-7.973650666440983,2.5240106128604474,-1.833494333329896,-3.9006227828454354,11,36.36363636363637,-1483734.4850880567,-0.08026527483775807,0.6872845185538281,29.796414825597157,100.0,19.701280227596015,,,,
USDKRW CALL-upout  40Δ  6W  H@20Δ  [Spot > 200DMA],single,1399,10000000.0,25283658.60744922,2798000.0,28597684.842942037,3314026.235492817,-3496841.0622802004,23.302358827734096,113.10738404969769,0.2871468564509291,-0.18507469085156156,-2.102984576165259,1.2891726853627663,-6.965688714275591,-1.4742473762143278,11,54.54545454545454,-1424898.5639634659,0.10142242382111559,1.3044313931599758,15.141024089896826,100.0,18.727662616154394,,,,
USDKRW CALL-upout  40Δ  2M  H@20Δ  [Spot > 200DMA],single,1387,10000000.0,29595239.26393204,2774000.0,31373429.289163396,1778190.0252313586,-5041189.978289311,21.629416005767844,106.008365093363,0.1280802057832046,-0.16633527543912577,-2.65121790399858,1.2774133547198414,-7.679750139274217,-1.4437486301589673,10,40.0,-1904407.5367774141,0.038026988070905904,1.1173977852822814,25.275347628385152,100.0,20.043258832011535,,,,
USDKRW CALL-upout  40Δ  10W  H@20Δ  [Spot > 200DMA],single,1382,10000000.0,31485438.792309668,2764000.0,35262271.0395565,3776832.247246833,-3863455.4365941724,22.431259044862518,111.99548868338887,0.26116770161632386,0.05263634232369374,-2.8562246304315777,1.5623865123244156,29.682657330487086,-1.5097501700007219,10,50.0,-2231319.0306263813,0.10557677936905842,1.2534358758052964,20.36777521107044,100.0,20.188133140376266,,,,
USDKRW CALL-upout  40Δ  3M  H@20Δ  [Spot > 200DMA],single,1369,10000000.0,35359118.941156045,2738000.0,35162389.530457586,-196729.41069846507,-6181913.9549142765,20.525931336742147,99.44362468129975,-0.01166849055439816,-0.2412071891294049,-2.965434710364738,1.7922171397646889,-7.4301978570099125,-2.033424328894094,10,50.0,-3120045.721401685,-0.003456286160988548,0.9897321246337614,30.351517741784235,100.0,21.0372534696859,,,,
USDKRW CALL-upout  35Δ  1M  H@20Δ  [Spot > 200DMA],single,1406,10000000.0,14167036.144524584,2812000.0,10815220.236081826,-3351815.908442759,-3827974.745754856,12.731152204836416,76.34074005141719,-0.7296949605530807,-1.9409310009971807,-10.892061020320254,3.2838276530768145,-1.6918827363722366,-5.224758654073995,11,36.36363636363637,-1164326.728134494,-0.0935410450857647,0.5551008742757226,26.279147526137027,100.0,19.701280227596015,,,,
USDKRW CALL-upout  35Δ  6W  H@20Δ  [Spot > 200DMA],single,1399,10000000.0,15986028.324671216,2798000.0,16425584.06116005,439555.7364888359,-2745887.4572880375,17.441029306647604,102.7496244067732,0.06042334368956679,-0.4851943093404386,-2.269981443695182,1.2427475343510557,-2.5613398805942644,-1.7279418436914944,11,54.54545454545454,-1048204.9569360026,0.017131096254904117,1.0589273489043625,14.966214535820837,100.0,18.727662616154394,,,,
USDKRW CALL-upout  35Δ  2M  H@20Δ  [Spot > 200DMA],single,1387,10000000.0,18507595.597241998,2774000.0,18391089.435309045,-116506.16193295503,-3503219.465117108,16.943042537851476,99.37049541999762,-0.013390331564585738,-0.3496074462437026,-2.7497231315013226,1.236337596543323,-3.5363594506551297,-1.5859450427870256,10,40.0,-1254956.0601149763,-0.0035853237102549656,0.9885832976065686,18.543757571527635,100.0,20.043258832011535,,,,
USDKRW CALL-upout  35Δ  10W  H@20Δ  [Spot > 200DMA],single,1382,10000000.0,19613494.57737615,2764000.0,20938817.294259813,1325322.7168836608,-2981131.9763320126,17.00434153400868,106.75719827313384,0.1412666395188106,-0.12940814341624565,-2.8903081173662137,1.5720989302776447,-12.148377132812543,-1.7015070736938904,10,50.0,-1394262.477741723,0.0480128029578024,1.1319233108215456,15.605676806811115,100.0,20.188133140376266,,,,
USDKRW CALL-upout  35Δ  3M  H@20Δ  [Spot > 200DMA],single,1369,10000000.0,21878005.809706587,2738000.0,20458208.900212377,-1419796.9094942051,-5048613.851730995,15.70489408327246,93.51039156930709,-0.1292057461824842,-0.6024641950403465,-2.9961896815511975,1.5459779854468412,-2.5660910609688736,-2.1484421804871876,10,50.0,-1920091.7001343213,-0.030543403481116418,0.8898640158721953,26.13848971321353,100.0,21.0372534696859,,,,
USDKRW CALL-upout  30Δ  1M  H@20Δ  [Spot > 200DMA],single,1406,10000000.0,8137186.1592849735,2812000.0,5083159.255695919,-3054026.903589056,-3227582.080034171,8.748221906116644,62.46826797609584,-1.2107444073989917,-2.4367552138669564,-10.338091110794434,3.103031498202089,-1.2734276633711599,-5.539786712069045,11,27.27272727272727,-875024.4614649721,-0.10108499333711662,0.3670144360703055,20.884811273193975,100.0,19.701280227596015,,,,
USDKRW CALL-upout  30Δ  6W  H@20Δ  [Spot > 200DMA],single,1399,10000000.0,8983710.658321187,2798000.0,7413521.288832849,-1570189.369488337,-2412110.5154184788,11.794138670478914,82.52181721776687,-0.43123849877950743,-1.0262913129559652,-3.0620136510570166,1.162714874722045,-1.1329286919258308,-2.18900618767801,11,18.181818181818183,-785550.8393230225,-0.06966405771231296,0.6760719334754646,16.92652078479648,100.0,18.727662616154394,,,,
USDKRW CALL-upout  30Δ  2M  H@20Δ  [Spot > 200DMA],single,1387,10000000.0,10155124.843603797,2774000.0,8399091.19755483,-1756033.6460489668,-2254241.363549423,11.535688536409516,82.70790686384319,-0.40499702047222996,-0.7593016750003054,-2.778399943090198,1.11379137897885,-1.4668627972912112,-1.8730930539791555,10,30.0,-696681.4349565454,-0.08398065185778497,0.7173927328882613,14.35900539212501,100.0,20.043258832011535,,,,
USDKRW CALL-upout  30Δ  10W  H@20Δ  [Spot > 200DMA],single,1382,10000000.0,10669286.10923568,2764000.0,10468326.252558844,-200959.85667683557,-1852625.981413756,12.156295224312592,98.11646388878,-0.040580652114054136,-0.33497507020895256,-2.89994401745082,1.5215475894384747,-4.542271126294131,-1.8565226596474274,10,40.0,-738366.9591521586,-0.011714889144555188,0.9650005064706838,10.491775083938691,100.0,20.188133140376266,,,,
USDKRW CALL-upout  30Δ  3M  H@20Δ  [Spot > 200DMA],single,1369,10000000.0,11719427.99387211,2738000.0,9557561.148193177,-2161866.8456789344,-3938760.1150053046,11.10299488677867,81.5531368356089,-0.37090187359011373,-0.9801556443644996,-3.184931329516041,1.4377417621302284,-1.4668504644100808,-2.417897406494728,10,30.0,-1034685.0049722696,-0.05961187293434631,0.7144798830896725,22.057899644074343,100.0,21.0372534696859,,,,
USDKRW CALL-upout  25Δ  1M  H@20Δ  [Spot > 200DMA],single,1406,10000000.0,4238127.3058630265,2812000.0,1366377.8238272069,-2871749.4820358194,-2887773.4912250573,4.338549075391181,32.2401316717636,-2.8835512714256524,-4.571754473199282,-13.496632767756342,4.158886572656314,-0.9096915849345589,-8.730641045855595,11,0.0,-593039.9627119636,-0.10623669460471587,0.0815805128860845,17.280231191282414,100.0,19.701280227596015,,,,
USDKRW CALL-upout  25Δ  6W  H@20Δ  [Spot > 200DMA],single,1399,10000000.0,4454859.053163677,2798000.0,1828601.8961094476,-2626257.15705423,-2848083.0189896002,5.0750536097212295,41.04735692616002,-2.014502268451392,-2.837710017531907,-7.227862068501505,1.6054417667207441,-0.5657525810607928,-4.443151784252651,11,9.090909090909092,-594607.5132244698,-0.0986821358892085,0.17861752153282268,17.295297116586678,100.0,18.727662616154394,,,,
USDKRW CALL-upout  25Δ  2M  H@20Δ  [Spot > 200DMA],single,1387,10000000.0,4751500.008452109,2774000.0,2033767.9947010486,-2717732.0137510607,-2758300.9681516457,5.263157894736842,42.802651606509976,-2.0563312916535677,-2.4242569089990194,-4.268869649029779,1.0186678655942463,-0.42019798389060026,-3.4429247745932656,10,0.0,-565739.7658078293,-0.10622134623393117,0.18347789517745278,16.16042322065007,100.0,20.043258832011535,,,,
USDKRW CALL-upout  25Δ  10W  H@20Δ  [Spot > 200DMA],single,1382,10000000.0,4882135.129339892,2764000.0,3138784.7118231636,-1743350.4175167296,-1983104.1605158038,7.091172214182344,64.29122973184796,-1.023790726807618,-1.2456086889954485,-2.9276777076462053,1.351324087523687,-1.084870472936003,-2.5969327765191355,10,20.0,-387046.9559499255,-0.09494143372078677,0.4147222533858903,12.617615674962916,100.0,20.188133140376266,,,,
USDKRW CALL-upout  25Δ  3M  H@20Δ  [Spot > 200DMA],single,1369,10000000.0,5144949.458682742,2738000.0,2212636.5341298087,-2932312.924552933,-2928014.391280337,4.6018991964937905,43.00599164090349,-1.6458605786000637,-2.779441485493664,-7.153140639968646,2.1530645252822875,-0.774639270702213,-4.932506010775952,10,10.0,-611984.7921761444,-0.1087678302006637,0.2507101121429476,18.808131952336787,100.0,21.0372534696859,,,,
USDKRW CALL-upout  ATM  1M  H@20Δ  [20DMA > 50DMA],single,1409,10000000.0,44542928.95265149,2818000.0,46371697.95046707,1828768.9978155808,-5380092.634837756,29.524485450674238,104.10563256798748,0.13278012625520877,-0.2289327873491585,-2.721421228316408,1.1424665431034933,-4.990401577389839,-1.3713993304526517,11,54.54545454545454,-1514259.685754383,0.03456392021010229,1.123180304609813,26.72823884045028,100.0,20.794889992902768,,,,
USDKRW CALL-upout  ATM  6W  H@20Δ  [20DMA > 50DMA],single,1402,10000000.0,51179582.55460361,2804000.0,63940950.261810616,12761367.707207013,-5046153.734032883,32.95292439372325,124.93448963479115,0.545929891251814,0.18391515665512273,-1.6715387712214562,1.1483543581158298,6.24393540478679,-0.964439201460707,11,45.45454545454545,-1398860.3991069475,0.25751088603363237,1.704225430633803,22.94577258300092,100.0,20.328102710413695,,,,
USDKRW CALL-upout  ATM  2M  H@20Δ  [20DMA > 50DMA],single,1397,10000000.0,60708240.76342746,2794000.0,68311135.46141368,7602894.697986226,-8950294.85642255,29.63493199713672,112.52366170124046,0.2936834752885016,-0.147142249811914,-2.769866942125166,1.2606661632854184,-8.567669482401397,-1.4078084130973323,11,45.45454545454545,-2418412.7867972986,0.08811824361119432,1.2892333155197264,42.12005776005652,100.0,23.264137437365783,,,,
USDKRW CALL-upout  ATM  10W  H@20Δ  [20DMA > 50DMA],single,1397,10000000.0,64901275.507024065,2794000.0,69855394.83347927,4954119.326455206,-8198612.636661104,29.133858267716533,107.63331581352209,0.18509329240619146,-0.054460879763314284,-2.512283068353469,1.117203912232313,-20.51387926687294,-1.1716647919956273,11,45.45454545454545,-2155199.546784869,0.06262971280342196,1.1718942339889158,40.989136578907456,100.0,24.624194702934858,,,,
USDKRW CALL-upout  ATM  3M  H@20Δ  [20DMA > 50DMA],single,1397,10000000.0,73716083.66083094,2794000.0,80552493.7769597,6836410.116128741,-10832667.589496527,29.849677881173942,109.27397357079249,0.21319924574702082,0.1836806950239052,-2.305248937937732,1.677382347917359,9.1320557541393,-1.493701652893454,11,54.54545454545454,-5085206.106510442,0.06552199028571536,1.1916819706836486,46.08047962890701,100.0,22.90622763063708,,,,
USDKRW CALL-upout  45Δ  1M  H@20Δ  [20DMA > 50DMA],single,1409,10000000.0,32643335.221348345,2818000.0,32387264.402929895,-256070.8184184488,-4954186.998494819,24.698367636621718,99.21554946306165,-0.024561681576668673,-0.42505698782570805,-2.7899635925538853,1.2013816888180169,-2.826401454928288,-1.6264386766437249,11,54.54545454545454,-1431639.5251346445,-0.005255833405157812,0.9789900625052814,26.87131473766934,100.0,20.794889992902768,,,,
USDKRW CALL-upout  45Δ  6W  H@20Δ  [20DMA > 50DMA],single,1402,10000000.0,37467844.454344146,2804000.0,46031000.485998206,8563156.03165406,-4325019.889031863,28.031383737517835,122.85468021008936,0.47162361765987165,0.04029366730089944,-1.949098035863429,1.1961056571334945,29.684705742998847,-1.1558119898325951,11,45.45454545454545,-1115907.7114514702,0.20160653081259305,1.5942113737812138,20.122427525900235,100.0,20.328102710413695,,,,
USDKRW CALL-upout  45Δ  2M  H@20Δ  [20DMA > 50DMA],single,1397,10000000.0,44464817.58711952,2794000.0,49620369.37596787,5155551.788848349,-7519277.314050253,26.342161775232643,111.59467657490583,0.2583074130251018,-0.22470005410682103,-2.728953861901479,1.2502752369642296,-5.564196421465286,-1.4749752910710505,11,45.45454545454545,-1819583.681328674,0.07112515916421233,1.2543305696606495,34.77583733684494,100.0,23.264137437365783,,,,
USDKRW CALL-upout  45Δ  10W  H@20Δ  [20DMA > 50DMA],single,1397,10000000.0,47572851.44230898,2794000.0,50474845.367738456,2901993.925429476,-6557867.828294393,25.196850393700785,106.10010507557801,0.14133531641410618,-0.1508692800021705,-2.511827915309324,1.16024867052964,-7.690423593941377,-1.3111179505318105,11,45.45454545454545,-2247937.4850979387,0.04586571462218242,1.1292334459594913,33.1993250507871,100.0,24.624194702934858,,,,
USDKRW CALL-upout  45Δ  3M  H@20Δ  [20DMA > 50DMA],single,1397,10000000.0,54175102.85450767,2794000.0,58180608.67826617,4005505.823758504,-8837229.413664568,25.483178239083752,107.3936284616121,0.16022755210477851,0.06325607045893564,-2.670154883294781,1.6153059680578739,25.535983445359488,-1.5520498975989383,11,54.54545454545454,-4446036.876202107,0.047058234287694095,1.1441213693028645,38.88800379398035,100.0,22.90622763063708,,,,
USDKRW CALL-upout  40Δ  1M  H@20Δ  [20DMA > 50DMA],single,1409,10000000.0,22517356.759142295,2818000.0,20752336.586297438,-1765020.1728448607,-4173313.1859201426,19.659332860184527,92.1615125979285,-0.2401544770881242,-0.6319560446954139,-2.642254677605525,1.2108975655212098,-1.9161104252192578,-1.8428536102166237,11,45.45454545454545,-1195465.2866491277,-0.04300536049281327,0.8159899636011733,25.988626678713047,100.0,20.794889992902768,,,,
USDKRW CALL-upout  40Δ  6W  H@20Δ  [20DMA > 50DMA],single,1402,10000000.0,25702025.627213016,2804000.0,30304464.551998485,4602438.924785466,-3540885.0077163796,23.39514978601997,117.90691127438788,0.3534256578743677,-0.13961209754301437,-1.9616151066373175,1.1955063617928288,-8.56305709055402,-1.3351184593358432,11,45.45454545454545,-900306.0494973226,0.13235338679458591,1.4302873734404,17.863829166132433,100.0,20.328102710413695,,,,
USDKRW CALL-upout  40Δ  2M  H@20Δ  [20DMA > 50DMA],single,1397,10000000.0,30325225.994897947,2794000.0,32738349.910069354,2413123.915171408,-5890084.511455809,21.689334287759486,107.95748040122568,0.17076736973593773,-0.35139464959696753,-2.678297071510302,1.2409349031012766,-3.5314564536613413,-1.5923295526982442,11,45.45454545454545,-1278031.7899931069,0.04249935090904865,1.1611159504361117,27.324870083326832,100.0,23.264137437365783,,,,
USDKRW CALL-upout  40Δ  10W  H@20Δ  [20DMA > 50DMA],single,1397,10000000.0,32380652.731526017,2794000.0,33246454.049928192,865801.3184021735,-4888957.429033922,20.257695060844664,102.67382293241798,0.05958836706238426,-0.32686818462913786,-2.5109385087855056,1.2937044902627115,-3.9578782858005552,-1.6205726748918494,11,45.45454545454545,-2019141.5826590632,0.018355081282173533,1.0536007588073586,25.94229880402646,100.0,24.624194702934858,,,,
USDKRW CALL-upout  40Δ  3M  H@20Δ  [20DMA > 50DMA],single,1397,10000000.0,36747449.20839961,2794000.0,38310998.32042888,1563549.1120292665,-6367682.807346542,20.901932712956334,104.25485073307313,0.08716760732239266,-0.11285426883894195,-2.8698260407800413,1.4926971154329585,-13.226766969384522,-1.6055513842719005,11,54.54545454545454,-3305814.5738339513,0.02549320832353019,1.078797915585034,30.046953827402408,100.0,22.90622763063708,,,,
USDKRW CALL-upout  35Δ  1M  H@20Δ  [20DMA > 50DMA],single,1409,10000000.0,14370581.360237272,2818000.0,11796775.666790035,-2573805.6934472383,-3253530.1136177187,13.76863023420866,82.08975942637339,-0.547205216003964,-0.9277241474473489,-2.669157104725071,1.1948235199097759,-1.287908181755704,-2.1225476673571246,11,45.45454545454545,-891912.7336594457,-0.08044051142055396,0.6321057661752976,23.756760063252596,100.0,20.794889992902768,,,,
USDKRW CALL-upout  35Δ  6W  H@20Δ  [20DMA > 50DMA],single,1402,10000000.0,16234270.635024972,2804000.0,17564143.553746887,1329872.9187219143,-2820691.4337386806,17.118402282453637,108.19176265210679,0.1600781287071355,-0.39452834727124203,-2.146586624749648,1.19205847680107,-3.021477379371978,-1.586586824072312,11,45.45454545454545,-703113.6527967837,0.04800797753531978,1.1780884649546068,15.904375708154667,100.0,20.328102710413695,,,,
USDKRW CALL-upout  35Δ  2M  H@20Δ  [20DMA > 50DMA],single,1397,10000000.0,18944743.994026087,2794000.0,18994065.79292965,49321.7989035598,-4011989.2659946256,16.463851109520398,100.26034555504741,0.005633363305298845,-0.5504053902718513,-2.633605098611636,1.220431701831359,-2.217332394271383,-1.7708370921032104,11,36.36363636363637,-937931.7399603776,0.0012752735295792047,1.004921512449145,19.827246895114357,100.0,23.264137437365783,,,,
USDKRW CALL-upout  35Δ  10W  H@20Δ  [20DMA > 50DMA],single,1397,10000000.0,20151849.765214115,2794000.0,19688974.81518112,-462874.9500329911,-3440809.521282585,15.318539727988547,97.70306470410473,-0.04933994035835191,-0.5237466623293346,-2.96247681564905,1.4458893748664676,-2.760665563835679,-1.9696360371958024,11,45.45454545454545,-1543790.034818815,-0.013943036739736821,0.9572492092565194,18.943812973932236,100.0,24.624194702934858,,,,
USDKRW CALL-upout  35Δ  3M  H@20Δ  [20DMA > 50DMA],single,1397,10000000.0,22716786.924728006,2794000.0,22640363.68673577,-76423.23799223593,-4127131.483010901,16.463851109520398,99.66358253812275,-0.006577293690040447,-0.31872899465494514,-2.917357404229469,1.345984607846604,-4.222975099280698,-1.6647136025015492,11,45.45454545454545,-2146267.3504382665,-0.0019225228886077348,0.9942128663779752,20.8768001962716,100.0,22.90622763063708,,,,
USDKRW CALL-upout  30Δ  1M  H@20Δ  [20DMA > 50DMA],single,1409,10000000.0,8235949.168584186,2818000.0,5444705.807989273,-2791243.3605949115,-2886715.150367372,9.155429382540808,66.10902637376591,-1.1202565478445872,-1.5527221304334744,-3.7150057334255795,1.1741697519436216,-0.7562008223685379,-2.726891882377096,11,9.090909090909092,-566038.5798855851,-0.09832131267403238,0.3798082514773142,18.988732233451326,100.0,20.794889992902768,,,,
USDKRW CALL-upout  30Δ  6W  H@20Δ  [20DMA > 50DMA],single,1402,10000000.0,9103514.038384272,2804000.0,8216710.036318809,-886804.0020654626,-2120660.16553864,11.626248216833096,90.25866277213039,-0.20679681468696298,-0.8922259108307835,-3.3442781839022766,1.3799683061998291,-1.5466579589858482,-2.272194217030613,11,27.27272727272727,-487692.0261035161,-0.042580956580913085,0.8193149505594512,14.893802653693319,100.0,20.328102710413695,,,,
USDKRW CALL-upout  30Δ  2M  H@20Δ  [20DMA > 50DMA],single,1397,10000000.0,10371136.763628352,2794000.0,8778595.91598394,-1592540.847644415,-2358559.986919008,11.166785969935576,84.64449091801136,-0.35473475387828535,-0.9673596022921868,-2.6875786583658057,1.1638572131334162,-1.2031277824457653,-2.131216815425603,11,18.181818181818183,-519801.71174919396,-0.07004350232689047,0.7406995042349738,14.554451973388732,100.0,23.264137437365783,,,,
USDKRW CALL-upout  30Δ  10W  H@20Δ  [20DMA > 50DMA],single,1397,10000000.0,10938158.318477936,2794000.0,9605279.665580038,-1332878.6528978986,-2240982.9694680893,11.095204008589835,87.81441432744435,-0.27394649351950984,-0.8114025348879509,-3.6160557528325965,1.4850071284587072,-1.8301731441642297,-2.296409663346658,11,27.27272727272727,-902643.1482890804,-0.061646209976099965,0.786099317323537,14.20009303575576,100.0,24.624194702934858,,,,
USDKRW CALL-upout  30Δ  3M  H@20Δ  [20DMA > 50DMA],single,1397,10000000.0,12143246.444236849,2794000.0,10625822.434315313,-1517424.0099215354,-3494419.760587487,11.811023622047244,87.5039676013353,-0.24948376178145185,-0.6466094966266025,-3.1632471216093023,1.2887702493469366,-1.9931198908622936,-1.9353797459735391,11,36.36363636363637,-1193940.117790269,-0.04508439731606988,0.8037495229535315,18.69239041168105,100.0,22.90622763063708,,,,
USDKRW CALL-upout  25Δ  1M  H@20Δ  [20DMA > 50DMA],single,1409,10000000.0,4269003.435509041,2818000.0,1459193.375830257,-2809810.0596787827,-2806430.994289118,4.5422285308729595,34.1811244210503,-2.866110998745671,-2.965351161235655,-4.035344947269469,0.7474303540917835,-0.2520545842470579,-3.7127815153274386,11,0.0,-348776.96725383954,-0.10180673077380159,0.07588841890669554,16.56361257503002,100.0,20.794889992902768,,,,
USDKRW CALL-upout  25Δ  6W  H@20Δ  [20DMA > 50DMA],single,1402,10000000.0,4491392.252154712,2804000.0,2102235.922807816,-2389156.329346895,-2649951.6358692152,5.563480741797433,46.80588567607927,-1.6219794112958654,-2.2192087174018327,-3.8570218763381097,1.395844389359479,-0.6289829245956108,-3.6150531067613114,11,9.090909090909092,-420719.6239788765,-0.09180481674282492,0.25592257451963973,15.522949799877559,100.0,20.328102710413695,,,,
USDKRW CALL-upout  25Δ  2M  H@20Δ  [20DMA > 50DMA],single,1397,10000000.0,4824102.007598357,2794000.0,2242863.1549026915,-2581238.852695666,-2597953.636023332,5.511811023622047,46.49286336337826,-1.7948332495068793,-2.1260111985844508,-3.1103112643348116,0.8250951461034642,-0.388095390397206,-2.951106344687915,11,0.0,-385698.2343591509,-0.10306732315185135,0.2445707704492853,15.58275192730417,100.0,23.264137437365783,,,,
USDKRW CALL-upout  25Δ  10W  H@20Δ  [20DMA > 50DMA],single,1397,10000000.0,4976240.629352318,2794000.0,2692042.3326189616,-2284198.2967333556,-2308530.069049837,6.370794559770938,54.09791312622567,-1.3837602583678081,-1.8875921565089404,-3.9221662892180866,1.169214954303766,-0.6194213883926086,-3.0568071108127066,11,9.090909090909092,-479138.21045034996,-0.10255399724684254,0.3011547752232125,14.513662999703586,100.0,24.624194702934858,,,,
USDKRW CALL-upout  25Δ  3M  H@20Δ  [20DMA > 50DMA],single,1397,10000000.0,5299661.120363599,2794000.0,2492681.3701312095,-2806979.7502323883,-2802543.182594879,5.225483178239084,47.03473134448627,-1.5554074819266634,-2.02482287547487,-3.9199203233221342,1.1965359741708101,-0.5909336508706686,-3.22135884964568,11,0.0,-533727.4473645713,-0.10398755236720937,0.2827697725887007,17.963288527455685,100.0,22.90622763063708,,,,
USDKRW CALL-upout  ATM  1M  H@20Δ  [50DMA > 200DMA (golden cross)],single,1383,10000000.0,43112992.34860596,2766000.0,37459888.019028015,-5653104.329577954,-6250556.771413701,26.68112798264642,86.88770131317331,-0.4486857272928724,-0.8692923370473654,-4.032365824067056,1.4847044883189267,-1.7079461362352135,-2.353996825366292,10,30.0,-3031812.1060767733,-0.09750235814068477,0.6714354140287598,38.57117779321445,100.0,18.655097613882862,,,,
USDKRW CALL-upout  ATM  6W  H@20Δ  [50DMA > 200DMA (golden cross)],single,1376,10000000.0,49527641.28077042,2752000.0,53049007.794579834,3521366.51380941,-6136403.772113043,30.523255813953487,107.10990150701288,0.17532352276069443,-0.19625375726111596,-3.158736945762557,1.485905383519573,-7.571347444536174,-1.682159140780689,10,50.0,-3476664.281252509,0.06201129859598232,1.1692584895609435,24.054725863596005,100.0,17.732558139534884,,,,
USDKRW CALL-upout  ATM  2M  H@20Δ  [50DMA > 200DMA (golden cross)],single,1364,10000000.0,58324066.71317676,2728000.0,65650955.45189363,7326888.73871687,-9099261.886726737,29.252199413489738,112.56237630813482,0.27878562873595314,5.040066708963398e-05,-3.2649873964706746,1.5878870264227485,31505.27796782541,-1.5878366257556589,10,60.0,-4966817.565091634,0.08763583004508052,1.2627041642101031,38.61805996755371,100.0,19.06158357771261,,,,
USDKRW CALL-upout  ATM  10W  H@20Δ  [50DMA > 200DMA (golden cross)],single,1359,10000000.0,62149184.52522522,2718000.0,71485070.58323151,9335886.058006268,-7887957.951626062,30.537159676232523,115.02173540863919,0.32192444943719334,0.08685885425888612,-2.9387771670462257,1.524469968229293,17.551117629131422,-1.4376111139704069,10,70.0,-5666472.413796995,0.12908210316289476,1.321593069606075,33.605465706474035,100.0,20.235467255334804,,,,
USDKRW CALL-upout  ATM  3M  H@20Δ  [50DMA > 200DMA (golden cross)],single,1346,10000000.0,69878532.66188106,2692000.0,73415698.04177243,3537165.3798913704,-8574827.0349938,30.237741456166418,105.06187701022078,0.11786002908319124,0.09142688862293433,-2.1761953711224367,1.257799299539363,13.757433053713758,-1.1663724109164286,10,70.0,-5363713.829299497,0.0452184039300423,1.1025080203171376,36.546307372613406,100.0,21.322436849925705,,,,
USDKRW CALL-upout  45Δ  1M  H@20Δ  [50DMA > 200DMA (golden cross)],single,1383,10000000.0,31621209.752709195,2766000.0,25506277.509698182,-6114932.243011014,-6338459.144686946,21.908893709327547,80.66192820947622,-0.6397287886188151,-1.1858977301210814,-5.069555811523908,1.727337081357476,-1.4565649612813687,-2.9132348114785573,10,20.0,-2610657.085522207,-0.10400513372541553,0.5703386103680853,41.00149349265229,100.0,18.655097613882862,,,,
USDKRW CALL-upout  45Δ  6W  H@20Δ  [50DMA > 200DMA (golden cross)],single,1376,10000000.0,36293233.87863072,2752000.0,37518568.24834515,1225334.3697144333,-5448105.142534462,25.290697674418606,103.37620608241225,0.08041164207422725,-0.32924855594632063,-3.414908291566324,1.5267894894212948,-4.6371941861157815,-1.8560380453676153,10,50.0,-2791105.2397400523,0.024304274368219348,1.0735242633777347,22.768244076126106,100.0,17.732558139534884,,,,
USDKRW CALL-upout  45Δ  2M  H@20Δ  [50DMA > 200DMA (golden cross)],single,1364,10000000.0,42770325.573569804,2728000.0,48169290.941116154,5398965.367546349,-7440170.411183349,25.95307917888563,112.62315704906084,0.263661141488997,-0.06038165188329845,-3.4999332307023954,1.6259575741752326,-26.928007490052984,-1.686339226058531,10,50.0,-3955485.500408949,0.07897614503811108,1.2512863330329367,32.068149272132885,100.0,19.06158357771261,,,,
USDKRW CALL-upout  45Δ  10W  H@20Δ  [50DMA > 200DMA (golden cross)],single,1359,10000000.0,45615077.99561763,2718000.0,52313199.634081915,6698121.6384642795,-5969186.037997098,27.078734363502576,114.68400786053196,0.298856643240729,0.01010681044896069,-3.180906019024615,1.5715310387642396,155.4922838120353,-1.5614242283152788,10,60.0,-4342161.495781649,0.12238071682362518,1.2978565054034175,26.650813986621497,100.0,20.235467255334804,,,,
USDKRW CALL-upout  45Δ  3M  H@20Δ  [50DMA > 200DMA (golden cross)],single,1346,10000000.0,51431017.65665312,2692000.0,51916835.07710484,485817.4204517165,-6772480.200168677,26.2258543833581,100.94460005379433,0.021480805056889565,-0.11118193770424514,-2.3314295029321697,1.1880138424043338,-10.685313342573387,-1.299195780108579,10,70.0,-3808059.6270396486,0.007863403682297664,1.018214050497044,30.938610935539163,100.0,21.322436849925705,,,,
USDKRW CALL-upout  40Δ  1M  H@20Δ  [50DMA > 200DMA (golden cross)],single,1383,10000000.0,21824146.081720985,2766000.0,15782118.90863638,-6042027.173084606,-6202619.1754215425,16.702819956616054,72.31494350129391,-0.8961842763470035,-1.725337293764293,-7.973650666440983,2.3924730894713946,-1.386669782261278,-4.117810383235687,10,20.0,-2030201.905947437,-0.10501573579754442,0.4605442368438371,39.1484052433601,100.0,18.655097613882862,,,,
USDKRW CALL-upout  40Δ  6W  H@20Δ  [50DMA > 200DMA (golden cross)],single,1376,10000000.0,24907808.590033207,2752000.0,24274673.609871764,-633134.980161448,-4376968.933900845,20.930232558139537,97.45808637531125,-0.0599556600432888,-0.49219809309771384,-3.5426721765062705,1.5330861287011257,-3.114774620625702,-2.0252842217988394,10,50.0,-2034778.2084643086,-0.01563134572791429,0.9483158751280502,20.962148911354614,100.0,17.732558139534884,,,,
USDKRW CALL-upout  40Δ  2M  H@20Δ  [50DMA > 200DMA (golden cross)],single,1364,10000000.0,29182218.799990408,2728000.0,32373995.70622769,3191776.906237279,-5793096.438718487,21.920821114369502,110.9374031087668,0.21803543732519,-0.15191517834573248,-3.6548757920739443,1.637986196177678,-10.782241866904878,-1.7899013745234105,10,40.0,-2955307.3291093395,0.05996392360940298,1.2081248219972416,25.72052182557844,100.0,19.06158357771261,,,,
USDKRW CALL-upout  40Δ  10W  H@20Δ  [50DMA > 200DMA (golden cross)],single,1359,10000000.0,31060065.241379693,2718000.0,34758291.27106741,3698226.0296877194,-4454946.326980958,21.118469462840324,111.90669111911838,0.232477623037706,-0.1628576260217015,-3.3281539644893887,1.5897725531904634,-9.761732330413677,-1.752630179212165,10,50.0,-3078832.5389755466,0.09053699004929863,1.231983293714092,21.21310571366042,100.0,20.235467255334804,,,,
USDKRW CALL-upout  40Δ  3M  H@20Δ  [50DMA > 200DMA (golden cross)],single,1346,10000000.0,34897837.45363632,2692000.0,32434114.141409628,-2463723.3122266894,-5375954.878786867,20.579494799405644,92.94018342683876,-0.1601360410737665,-0.42298456031701803,-2.5386488351292336,1.1694043158444658,-2.7646501209595495,-1.592388876161484,10,40.0,-2607638.9705717904,-0.050236751652617984,0.8723804363788381,27.282417671901353,100.0,21.322436849925705,,,,
USDKRW CALL-upout  35Δ  1M  H@20Δ  [50DMA > 200DMA (golden cross)],single,1383,10000000.0,13942290.102143727,2766000.0,8779177.610925883,-5163112.491217846,-5254233.543911702,11.207519884309471,62.967974031583374,-1.1843857185259987,-2.369856246844348,-10.892061020320254,3.1117023238795,-1.313034209574095,-5.481558570723848,10,20.0,-1371404.7279372485,-0.10593733356381324,0.3603516863516533,33.26985904570644,100.0,18.655097613882862,,,,
USDKRW CALL-upout  35Δ  6W  H@20Δ  [50DMA > 200DMA (golden cross)],single,1376,10000000.0,15746575.114878222,2752000.0,13769261.463523569,-1977313.6513546538,-3361628.2531481637,15.69767441860465,87.4428970304382,-0.30432076580703954,-0.7703387207672157,-3.5982085487811615,1.5183929798541222,-1.9710718660771525,-2.288731700621338,10,40.0,-1355292.126319447,-0.06356227075208547,0.760903930122307,19.240829939406503,100.0,17.732558139534884,,,,
USDKRW CALL-upout  35Δ  2M  H@20Δ  [50DMA > 200DMA (golden cross)],single,1364,10000000.0,18246320.442869313,2728000.0,19299374.292876042,1053053.8500067284,-3951070.614817648,17.595307917888565,105.77132169361995,0.11311730230298968,-0.32201059336779875,-3.87768514741988,1.6384573538611429,-5.088209480082868,-1.9604679472289417,10,40.0,-1907540.6951482436,0.029007083232638946,1.103268169627011,18.41043840384594,100.0,19.06158357771261,,,,
USDKRW CALL-upout  35Δ  10W  H@20Δ  [50DMA > 200DMA (golden cross)],single,1359,10000000.0,19344976.272074185,2718000.0,21069029.191325746,1724052.9192515616,-3176569.7315888754,16.850625459896985,108.91214801715911,0.1697213243972403,-0.34759016089269723,-3.5054050603315323,1.6839893225152152,-4.844755438963851,-2.0315794834079126,10,50.0,-1988521.029406305,0.05919258084032986,1.1654650816142604,15.768551597050088,100.0,20.235467255334804,,,,
USDKRW CALL-upout  35Δ  3M  H@20Δ  [50DMA > 200DMA (golden cross)],single,1346,10000000.0,21588400.003588624,2692000.0,17684091.92487067,-3904308.0787179535,-4506767.31789456,15.230312035661218,81.91478720947848,-0.4206444525965897,-0.8107529599779169,-2.648775975230707,1.187015035865675,-1.4640896727629669,-1.9977679958435919,10,30.0,-1686406.4249490127,-0.09496513173133456,0.6988363333887755,27.633194992737444,100.0,21.322436849925705,,,,
USDKRW CALL-upout  30Δ  1M  H@20Δ  [50DMA > 200DMA (golden cross)],single,1383,10000000.0,8007355.641497988,2766000.0,3983340.75029959,-4024014.891198398,-4037229.208456583,7.230657989877079,49.74602014247989,-1.6559790734979103,-2.8987983894761444,-10.338091110794434,2.895589143568273,-0.9988929047568391,-5.794387533044418,10,10.0,-883855.1961041212,-0.10745410111730645,0.23430423326374752,25.06190525311291,100.0,18.655097613882862,,,,
USDKRW CALL-upout  30Δ  6W  H@20Δ  [50DMA > 200DMA (golden cross)],single,1376,10000000.0,8846979.87789978,2752000.0,6123831.2669726275,-2723148.6109271534,-2761284.308502742,10.392441860465116,69.21945513033525,-0.8622697869900172,-1.259830073093139,-3.6466831154004695,1.4348101217067522,-1.1388917857659973,-2.6946401947998915,10,10.0,-825754.1954884138,-0.10656969975188514,0.4770712861493053,18.955845834490674,100.0,17.732558139534884,,,,
USDKRW CALL-upout  30Δ  2M  H@20Δ  [50DMA > 200DMA (golden cross)],single,1364,10000000.0,10008149.565020666,2728000.0,9036842.994842358,-971306.5701783057,-2550213.5195495463,11.950146627565983,90.29484357854618,-0.20401323143288397,-0.6707613843656356,-3.998070050251843,1.5345418196754033,-2.287761125555368,-2.205303204041039,10,40.0,-1048996.3081613947,-0.04145224488254509,0.8423280114416569,13.49681211030964,100.0,19.06158357771261,,,,
USDKRW CALL-upout  30Δ  10W  H@20Δ  [50DMA > 200DMA (golden cross)],single,1359,10000000.0,10518914.923082698,2718000.0,10573905.160060916,54990.23697821703,-2025202.6521481795,12.362030905077264,100.52277480500908,0.010364658873022061,-0.5206432396423871,-3.6510615605565317,1.6996781610655884,-3.2645735729384326,-2.2203214007079755,10,50.0,-1090821.8413280153,0.00296136664785483,1.0093294617544453,11.039617013372398,100.0,20.235467255334804,,,,
USDKRW CALL-upout  30Δ  3M  H@20Δ  [50DMA > 200DMA (golden cross)],single,1346,10000000.0,11559153.281912094,2692000.0,7556762.718738327,-4002390.5631737676,-4011154.2143674996,9.658246656760774,65.3747081160628,-0.9143688795591609,-1.4650028118442642,-4.02633594541041,1.4254758160530567,-0.9730191672864794,-2.8904786278973207,10,20.0,-982768.7162073468,-0.10937935005456328,0.4732298104339318,24.68558940395421,100.0,21.322436849925705,,,,
USDKRW CALL-upout  25Δ  1M  H@20Δ  [50DMA > 200DMA (golden cross)],single,1383,10000000.0,4169676.253482577,2766000.0,1062053.139765739,-3107623.113716838,-3101058.0017377925,3.2537960954446854,25.470877718112916,-3.0485389376696532,-4.727784856528454,-13.496632767756342,4.175999049332298,-0.8832887231672119,-8.903783905860752,10,0.0,-601061.27429372,-0.10803519909411868,0.0600227138105243,18.534884668747424,100.0,18.655097613882862,,,,
USDKRW CALL-upout  25Δ  6W  H@20Δ  [50DMA > 200DMA (golden cross)],single,1376,10000000.0,4384559.316603223,2752000.0,1468182.8836400902,-2916376.432963132,-2918046.768584231,4.651162790697675,33.485300976096994,-2.475621773235144,-2.8339363299771234,-7.616703097763383,1.8013098771320342,-0.6356211528388765,-4.635246207109158,10,0.0,-614891.0921766137,-0.10800027372364614,0.11721602426602241,17.543828617605033,100.0,17.732558139534884,,,,
USDKRW CALL-upout  25Δ  2M  H@20Δ  [50DMA > 200DMA (golden cross)],single,1364,10000000.0,4678453.955360584,2728000.0,2278325.582611992,-2400128.372748592,-2448768.473812561,6.011730205278592,48.69825810728521,-1.6328530237435235,-2.0621935081785505,-4.245803282296331,1.3083374789696811,-0.6344397234211454,-3.3705309871482316,10,0.0,-549654.0849657136,-0.10667312499977265,0.25953919152508365,15.188792363606655,100.0,19.06158357771261,,,,
USDKRW CALL-upout  25Δ  10W  H@20Δ  [50DMA > 200DMA (golden cross)],single,1359,10000000.0,4808179.997538959,2718000.0,3139541.2780177305,-1668638.719521228,-1908385.321113601,7.211184694628403,65.29583500669041,-0.9277623222590039,-1.2480903943803636,-3.9038751856293383,1.437233790920342,-1.1515462320610856,-2.685324185300706,10,30.0,-504212.5453650906,-0.09536111634861781,0.449022231997719,12.432385016019676,100.0,20.235467255334804,,,,
USDKRW CALL-upout  25Δ  3M  H@20Δ  [50DMA > 200DMA (golden cross)],single,1346,10000000.0,5068338.1781916525,2692000.0,1488922.7440690445,-3579415.4341226085,-3575139.376150663,3.789004457652303,29.37694154813248,-2.7917049824708795,-3.068607840066732,-5.664454749791405,1.592652287431839,-0.5190146054626531,-4.66126012749857,10,0.0,-625690.6974270801,-0.10974995754552959,0.08675810430884011,20.50711989807899,100.0,21.322436849925705,,,,
USDKRW CALL-upout  ATM  1M  H@20Δ  [Realized vol (20d) < 252d p75],single,1648,10000000.0,48718565.45345212,3296000.0,49351723.7639202,633158.3104680935,-6387028.891631344,28.580097087378643,101.299624290196,0.04983280566515356,-0.2844051198007257,-4.678608770160417,1.8610522176868687,-6.543666369265269,-2.1454573374875943,10,60.0,-3954561.952199418,0.01096545322140879,1.0375853232041847,31.858588625893713,100.0,18.62864077669903,,,,
USDKRW CALL-upout  ATM  6W  H@20Δ  [Realized vol (20d) < 252d p75],single,1648,10000000.0,56508690.082094364,3296000.0,71723985.18087089,15215295.098776529,-6298870.385244567,34.28398058252427,126.92558450155565,0.7230931458840391,0.13863484429211756,-3.7726542161290992,2.1013517206790744,15.157457213651966,-1.962716876386957,10,60.0,-4219889.6615919145,0.26760177240361177,1.8182823690665741,17.419198208536017,100.0,16.322815533980584,,,,
USDKRW CALL-upout  ATM  2M  H@20Δ  [Realized vol (20d) < 252d p75],single,1646,10000000.0,67491626.67518692,3292000.0,77448015.88528815,9956389.210101224,-10892031.132795205,30.376670716889432,114.75203621631131,0.38378072000756164,-0.027113927803469762,-4.226346137529634,1.786838280241677,-65.90112259622583,-1.8139522080451467,10,60.0,-5088584.516787746,0.1014507667653865,1.3411349094049574,46.540522999404416,100.0,19.015795868772784,,,,
USDKRW CALL-upout  ATM  10W  H@20Δ  [Realized vol (20d) < 252d p75],single,1645,10000000.0,72222831.17336059,3290000.0,89769027.50345907,17546196.330098465,-7077174.325963243,33.00911854103343,124.29452853763283,0.6179072348303621,0.28647158154177205,-3.6366284050281528,1.7658337354961307,6.16407996211186,-1.4793621539543587,10,70.0,-4644547.737377761,0.27701188030178997,1.6038488414085235,29.407723788235227,100.0,19.756838905775076,,,,
USDKRW CALL-upout  ATM  3M  H@20Δ  [Realized vol (20d) < 252d p75],single,1642,10000000.0,82072551.93332118,3284000.0,104140422.23151167,22067870.298190497,-9023324.826727523,33.0694275274056,126.88824677477955,0.6563544011981932,0.5629775501381411,-2.680809122419116,1.81885752651357,3.230781628978396,-1.255879976375429,10,60.0,-3486983.1560315653,0.27350664066599845,1.6689091003008625,39.56624679324609,100.0,20.219244823386116,,,,
USDKRW CALL-upout  45Δ  1M  H@20Δ  [Realized vol (20d) < 252d p75],single,1648,10000000.0,35777650.23938918,3296000.0,34003643.171399325,-1774007.0679898523,-5651554.242467505,24.21116504854369,95.04157747610613,-0.18543941477921366,-0.5343735915105545,-4.706198575580158,1.7950758860767397,-3.3592151906355663,-2.3294494775872945,10,40.0,-2925047.238478404,-0.034721669688133165,0.8723873220288506,33.73800346272701,100.0,18.62864077669903,,,,
USDKRW CALL-upout  45Δ  6W  H@20Δ  [Realized vol (20d) < 252d p75],single,1648,10000000.0,41448474.18365955,3296000.0,50991822.7433037,9543348.559644148,-4892725.913553752,29.126213592233007,123.02460765469256,0.5906493651740053,-0.024261249848165002,-3.810991132996988,2.0444991301264794,-84.27014860823896,-2.0687603799746443,10,60.0,-3099419.954137605,0.21608328623092762,1.6479151408192656,14.34837882763042,100.0,16.322815533980584,,,,
USDKRW CALL-upout  45Δ  2M  H@20Δ  [Realized vol (20d) < 252d p75],single,1646,10000000.0,49522394.8046191,3292000.0,55581769.64175683,6059374.83713772,-9620118.631660769,26.731470230862698,112.23562564178042,0.29967911379502427,-0.19594255492337198,-4.379628487059561,1.8896001906582676,-9.643643727097674,-2.0855427455816393,10,60.0,-3795974.297635411,0.06990524043348198,1.2615701200434117,45.784081446018675,100.0,19.015795868772784,,,,
USDKRW CALL-upout  45Δ  10W  H@20Δ  [Realized vol (20d) < 252d p75],single,1645,10000000.0,53034879.30299314,3290000.0,64418853.44753909,11383974.144545946,-7069468.671299215,28.510638297872344,121.46507033514351,0.517240727303083,0.0786745205822997,-3.989398620289056,1.959040469634454,24.90057079642633,-1.8803659490521545,10,60.0,-3591280.24459683,0.17992123790831743,1.4926188962490983,32.35818898185494,100.0,19.756838905775076,,,,
USDKRW CALL-upout  45Δ  3M  H@20Δ  [Realized vol (20d) < 252d p75],single,1642,10000000.0,60423032.01942848,3284000.0,75480149.72228165,15057117.702853177,-8851629.514901944,28.380024360535934,124.91950039516671,0.5615111095682511,0.2025611238019757,-4.275471619381404,2.0769917679975793,10.253654447672062,-1.8744306441956036,10,60.0,-3462180.938416926,0.19023598056685126,1.569389288166756,41.84997144268719,100.0,20.219244823386116,,,,
USDKRW CALL-upout  40Δ  1M  H@20Δ  [Realized vol (20d) < 252d p75],single,1648,10000000.0,24747464.66774612,3296000.0,21416885.584949356,-3330579.0827967646,-4789370.030492914,18.689320388349515,86.54173618383795,-0.4976103896800975,-0.8838873156034545,-4.786569612239149,1.74135503946154,-1.9701097738603348,-2.6252423550649944,10,40.0,-2049070.6353573839,-0.07692269893112402,0.6935496414942162,32.73954034822751,100.0,18.62864077669903,,,,
USDKRW CALL-upout  40Δ  6W  H@20Δ  [Realized vol (20d) < 252d p75],single,1648,10000000.0,28495478.03141342,3296000.0,32992824.10018211,4497346.0687686885,-4051214.521064973,23.78640776699029,115.78266581038159,0.3947899715663264,-0.2814209188108003,-3.9737705020664724,1.9794401810815543,-7.033735052269995,-2.2608610998923546,10,60.0,-2167288.9358949726,0.12298222453286284,1.4055663512430538,13.950347130306355,100.0,16.322815533980584,,,,
USDKRW CALL-upout  40Δ  2M  H@20Δ  [Realized vol (20d) < 252d p75],single,1646,10000000.0,33831547.33546929,3292000.0,36118853.067022264,2287305.7315529753,-7969401.167996278,21.93195625759417,106.76086644477813,0.16031773199467603,-0.43954995322670454,-4.513298161223544,2.0135270340272973,-4.580883285838482,-2.453076987254002,10,60.0,-2679765.245649725,0.03185377231110848,1.1337389460658043,40.85277380807559,100.0,19.015795868772784,,,,
USDKRW CALL-upout  40Δ  10W  H@20Δ  [Realized vol (20d) < 252d p75],single,1645,10000000.0,36153208.814311616,3290000.0,42100382.97959308,5947174.165281468,-6247361.644530459,22.857142857142858,116.44992065801698,0.3820868025541416,-0.20634671581259725,-4.192963573962147,2.1711149105545613,-10.521683865937337,-2.3774616263671584,10,60.0,-2569415.7941532126,0.1063626904424822,1.3529984611898338,30.420444949311424,100.0,19.756838905775076,,,,
USDKRW CALL-upout  40Δ  3M  H@20Δ  [Realized vol (20d) < 252d p75],single,1642,10000000.0,41036587.3058308,3284000.0,49636410.489155814,8599823.183325022,-7765661.547024325,23.020706455542022,120.95647749466505,0.4345817326111716,-0.3986055422134316,-7.451306116848582,2.803971498356701,-7.034451861322407,-3.202577040570133,10,60.0,-3108733.615225585,0.12384689067755769,1.4342256110441272,38.54616285611372,100.0,20.219244823386116,,,,
USDKRW CALL-upout  35Δ  1M  H@20Δ  [Realized vol (20d) < 252d p75],single,1648,10000000.0,15874676.254250297,3296000.0,11816531.635534266,-4058144.618716031,-4168840.656760857,13.410194174757281,74.43636296123204,-0.9595238656644532,-1.4206687034586314,-4.81981185551246,1.6573554508291708,-1.166602351972929,-3.078024154287802,10,40.0,-1325982.0527636933,-0.10767760314950833,0.4908442583116132,29.951853683662257,100.0,18.62864077669903,,,,
USDKRW CALL-upout  35Δ  6W  H@20Δ  [Realized vol (20d) < 252d p75],single,1648,10000000.0,18074308.06560822,3296000.0,18572195.606320113,497887.54071189836,-3247333.1436052145,17.718446601941746,102.75466999292371,0.07068223620756674,-0.7166379574749197,-4.228507585622488,1.9808994798178823,-2.7641565160706802,-2.697537437292802,10,50.0,-1412381.4920929868,0.016985396558783266,1.0617386793910146,14.715704923641093,100.0,16.322815533980584,,,,
USDKRW CALL-upout  35Δ  2M  H@20Δ  [Realized vol (20d) < 252d p75],single,1646,10000000.0,21205069.280493446,3292000.0,20359479.49972943,-845589.7807640154,-5985313.353081259,16.038882138517618,96.01232248016339,-0.09529176788221794,-0.8256557244878954,-4.780828611063474,2.1834912179019614,-2.6445540836724044,-3.0091469423898567,10,60.0,-1865771.1619829445,-0.015679607095718962,0.9282339604603622,33.54637823680594,100.0,19.015795868772784,,,,
USDKRW CALL-upout  35Δ  10W  H@20Δ  [Realized vol (20d) < 252d p75],single,1645,10000000.0,22567368.55705462,3290000.0,24517485.640611507,1950117.0835568863,-4655651.0328116715,17.325227963525837,108.64131357905826,0.19728784058298485,-0.5108925414054892,-4.709085456911708,2.3883732065709453,-4.674903258521683,-2.8992657479764343,10,60.0,-1718713.1670088586,0.0468010472068885,1.1658983992510519,24.653324416089756,100.0,19.756838905775076,,,,
USDKRW CALL-upout  35Δ  3M  H@20Δ  [Realized vol (20d) < 252d p75],single,1642,10000000.0,25432546.98360905,3284000.0,29305670.001537804,3873123.017928752,-6227582.4036986185,17.661388550548114,115.22900172139634,0.29068671357159287,-1.4402308307756724,-15.054420301561652,4.80183766661278,-3.33407504130892,-6.242068497388452,10,60.0,-2447568.718611333,0.0695529976976192,1.2769149504926387,33.42712880690836,100.0,20.219244823386116,,,,
USDKRW CALL-upout  30Δ  1M  H@20Δ  [Realized vol (20d) < 252d p75],single,1648,10000000.0,9194469.978159193,3296000.0,5166992.396670641,-4027477.5814885516,-4020930.3526345594,8.070388349514564,56.196740094257336,-1.7368233220728715,-2.34235944520512,-5.073784986087092,1.6453273877166021,-0.7024231020924806,-3.987686832921722,10,0.0,-823659.6935538135,-0.11079489153479857,0.2745298175490639,26.1371260169695,100.0,18.62864077669903,,,,
USDKRW CALL-upout  30Δ  6W  H@20Δ  [Realized vol (20d) < 252d p75],single,1648,10000000.0,10226920.705121856,3296000.0,8206816.73554582,-2020103.9695760377,-2620189.00865016,11.407766990291263,80.24719240695465,-0.5910620189528427,-1.5370665953484401,-4.789990906592879,2.091493235318646,-1.3607043713317588,-3.6285598306670863,10,30.0,-829255.9076834088,-0.08541071923053611,0.6281755267298945,17.886134521469266,100.0,16.322815533980584,,,,
USDKRW CALL-upout  30Δ  2M  H@20Δ  [Realized vol (20d) < 252d p75],single,1646,10000000.0,11694729.780840438,3292000.0,8966404.173195034,-2728325.607645405,-3836344.0665954114,10.69258809234508,76.67046901660574,-0.6102134135506682,-1.434925621426005,-5.849164877448121,2.1912995808898796,-1.5271171886332358,-3.6262252023158847,10,20.0,-1102018.0351419786,-0.07892979796653658,0.6275866808749183,27.144731040228546,100.0,19.015795868772784,,,,
USDKRW CALL-upout  30Δ  10W  H@20Δ  [Realized vol (20d) < 252d p75],single,1645,10000000.0,12333427.235641481,3290000.0,11791499.154059311,-541928.08158217,-3054140.181506621,12.036474164133738,95.60602198214548,-0.10708097094164334,-0.9100345566030951,-5.692886547857462,2.523568321088257,-2.773046696718895,-3.433602877691352,10,60.0,-1054275.4268014664,-0.0198256754793626,0.921228862905312,18.464383253788732,100.0,19.756838905775076,,,,
USDKRW CALL-upout  30Δ  3M  H@20Δ  [Realized vol (20d) < 252d p75],single,1642,10000000.0,13676050.096533379,3284000.0,14095669.540387666,419619.44385428773,-4049579.358804941,12.728380024360536,103.06827951705625,0.058213215918943385,-1.7361832232325518,-14.809735293879696,4.616888020255192,-2.6592170448802834,-6.353071243487744,10,60.0,-1432055.9775175196,0.01158830010949797,1.051249144950849,23.923055507359383,100.0,20.219244823386116,,,,
USDKRW CALL-upout  25Δ  1M  H@20Δ  [Realized vol (20d) < 252d p75],single,1648,10000000.0,4875491.224166645,3296000.0,1351348.8093425015,-3524142.414824143,-3520924.3246666216,3.5194174757281553,27.717182683955787,-3.777756175644683,-4.566449881993719,-11.609935721580067,2.624870365959692,-0.5748164183975822,-7.191320247953412,10,0.0,-565267.4923996225,-0.11071587974042926,0.0655086119710983,21.00930804357037,100.0,18.62864077669903,,,,
USDKRW CALL-upout  25Δ  6W  H@20Δ  [Realized vol (20d) < 252d p75],single,1648,10000000.0,5152262.712179281,3296000.0,2091126.0024384889,-3061136.7097407924,-3057653.3790526874,5.097087378640777,40.58655622306171,-2.608721192239523,-3.729295034478824,-7.9649386019410535,2.3807829573619532,-0.6384002701182563,-6.110077991840777,10,0.0,-545286.7817746673,-0.11090873491255412,0.16377777758963996,19.040051816835533,100.0,16.322815533980584,,,,
USDKRW CALL-upout  25Δ  2M  H@20Δ  [Realized vol (20d) < 252d p75],single,1646,10000000.0,5542951.751814791,3292000.0,2049659.7441851576,-3493292.0076296334,-3534009.2627728926,4.860267314702309,36.977766286962314,-2.6540976597325097,-3.6053963881403996,-10.776567458108424,2.79892310777496,-0.7763149474997382,-6.4043194959153595,10,0.0,-564249.2222077629,-0.10970578997916546,0.15273866555986385,22.7266400941757,100.0,19.015795868772784,,,,
USDKRW CALL-upout  25Δ  10W  H@20Δ  [Realized vol (20d) < 252d p75],single,1645,10000000.0,5712811.394337492,3290000.0,3210164.1099801757,-2502647.2843573163,-2669534.094441961,6.565349544072949,56.192369892730454,-1.645971056774901,-2.202946908454812,-6.12557865378758,2.280048095863027,-1.0349991128303202,-4.482995004317839,10,20.0,-574431.6465320254,-0.10474648975304245,0.2997122661559337,18.009385474528834,100.0,19.756838905775076,,,,
USDKRW CALL-upout  25Δ  3M  H@20Δ  [Realized vol (20d) < 252d p75],single,1642,10000000.0,6068653.59212598,3284000.0,3467092.926135092,-2601560.665990888,-2841668.7549392288,5.724725943970768,57.13117207140661,-1.2231960152021288,-3.420791361206345,-14.76872006550617,4.2512730484376045,-1.2427747265294744,-7.67206440964395,10,20.0,-607888.0659584013,-0.10238457922932745,0.3899085266183709,20.55041235154958,100.0,20.219244823386116,,,,
USDKRW CALL-upout  ATM  1M  H@20Δ  [Realized vol (20d) < 252d median],single,1129,10000000.0,32611788.196168378,2258000.0,34182958.428781986,1571170.2326136064,-4927243.507088154,29.67227635075288,104.81779846956753,0.14620905238246865,0.13527218000940372,-3.8628193691871067,1.648344197611669,12.18538946808635,-1.5130720176022654,10,50.0,-3229188.178598012,0.03609196069206035,1.1284450049655803,23.210276701371352,100.0,16.651904340124005,,,,
USDKRW CALL-upout  ATM  6W  H@20Δ  [Realized vol (20d) < 252d median],single,1129,10000000.0,37902744.9455959,2258000.0,48873345.27952583,10970600.333929935,-5070613.703297646,34.720992028343666,128.94407871956687,0.6285230224531686,-0.5699087465886669,-9.79693520236886,3.497776466447899,-6.137432505440083,-4.067685213036566,10,70.0,-3587516.1780154887,0.2449603136904035,1.763711617218647,14.92900239975654,100.0,13.640389725420727,,,,
USDKRW CALL-upout  ATM  2M  H@20Δ  [Realized vol (20d) < 252d median],single,1129,10000000.0,45439744.39561683,2258000.0,51384785.03921275,5945040.643595912,-8914402.322119009,29.760850310008856,113.0833496593554,0.29570546555242755,-0.8363679867148761,-7.911086973991619,2.928739010150291,-3.501734950011566,-3.765106996865167,10,60.0,-4127412.2536584805,0.07548381761378355,1.2819972966586717,38.61438083660589,100.0,17.0947741364039,,,,
USDKRW CALL-upout  ATM  10W  H@20Δ  [Realized vol (20d) < 252d median],single,1129,10000000.0,48702437.22046782,2258000.0,58071672.77005695,9369235.549589124,-5701607.576204743,32.152347209920286,119.23771393036482,0.4547829662790105,0.1958587755327628,-2.984725262648696,1.8160882057767318,9.272437248914287,-1.620229430243969,10,70.0,-3638860.995465797,0.18605129457348116,1.4505595318449513,23.356318478062757,100.0,18.86625332152347,,,,
USDKRW CALL-upout  ATM  3M  H@20Δ  [Realized vol (20d) < 252d median],single,1129,10000000.0,55535106.10111252,2258000.0,66445207.563806504,10910101.462693986,-8753844.158732532,31.000885739592558,119.64541391679346,0.4075589038225416,0.255755510647854,-4.19985839583945,2.092858989074558,8.183045533498532,-1.837103478426704,10,60.0,-4550503.1743652085,0.14115312073952424,1.4389060373931843,40.71335370833527,100.0,20.90345438441098,,,,
USDKRW CALL-upout  45Δ  1M  H@20Δ  [Realized vol (20d) < 252d median],single,1129,10000000.0,23959027.841830995,2258000.0,23695155.43848455,-263872.4033464459,-4254647.207815736,24.977856510186005,98.89865145994888,-0.03280116463482427,-0.08106855163330261,-3.8497156357857527,1.5718337170192078,-19.3889453475015,-1.6529022686525103,10,50.0,-2383036.26776401,-0.00701975051354058,0.9729843516423518,23.62882635504586,100.0,16.651904340124005,,,,
USDKRW CALL-upout  45Δ  6W  H@20Δ  [Realized vol (20d) < 252d median],single,1129,10000000.0,27807021.932249777,2258000.0,34954912.65056348,7147890.718313701,-4464263.047679028,29.583702391496903,125.70534426782247,0.5341143218108114,-0.7151918057708218,-9.796622299228774,3.462153603825723,-4.840874260429021,-4.177345409596545,10,60.0,-2607108.3023181236,0.18128170995082357,1.6356540465805187,14.812978201293287,100.0,13.640389725420727,,,,
USDKRW CALL-upout  45Δ  2M  H@20Δ  [Realized vol (20d) < 252d median],single,1129,10000000.0,33339722.724954702,2258000.0,36771448.19765691,3431725.472702205,-7790231.580262898,26.12931798051373,110.29320339888,0.220563295917514,-1.5107791778295045,-13.045512555676888,4.256672667209855,-2.8175346401883177,-5.76745184503936,10,50.0,-3089334.2637258307,0.049860132632250254,1.2047435124067807,37.50371414472863,100.0,17.0947741364039,,,,
USDKRW CALL-upout  45Δ  10W  H@20Δ  [Realized vol (20d) < 252d median],single,1129,10000000.0,35757365.10553691,2258000.0,41326652.32718611,5569287.221649201,-5205182.604300146,28.166519043401237,115.57521703629894,0.35596688040862795,0.06497415271307996,-3.269785465263468,1.964177693011355,30.230139386118474,-1.899203540298275,10,70.0,-2856485.065565323,0.12114054074687827,1.3373428058678791,23.09672059780403,100.0,18.86625332152347,,,,
USDKRW CALL-upout  45Δ  3M  H@20Δ  [Realized vol (20d) < 252d median],single,1129,10000000.0,40869663.9727613,2258000.0,48156686.03250955,7287022.059748251,-8013254.668176532,26.83790965456156,117.82990450962573,0.3376423684650293,-0.0740377896526637,-6.3424684861015805,2.555209167836185,-34.51222922542036,-2.629246957488849,10,60.0,-4112728.631141486,0.10299156196187831,1.360643488234985,39.93530681120206,100.0,20.90345438441098,,,,
USDKRW CALL-upout  40Δ  1M  H@20Δ  [Realized vol (20d) < 252d median],single,1129,10000000.0,16589483.199629484,2258000.0,15006661.576593254,-1582821.6230362304,-3646070.697313214,19.574844995571304,90.45888528298711,-0.28518380077872063,-0.38496129783597677,-3.8513505637289738,1.4812266774446616,-3.847728812665679,-1.8661879752806385,10,30.0,-1654673.4082725814,-0.04913581323979283,0.7885173700745156,22.421392486803757,100.0,16.651904340124005,,,,
USDKRW CALL-upout  40Δ  6W  H@20Δ  [Realized vol (20d) < 252d median],single,1129,10000000.0,19132659.839317624,2258000.0,22900475.174293637,3767815.3349760156,-3704241.903555543,24.62356067316209,119.69310784083014,0.4010518631654304,-0.9026097676893119,-9.796721528767259,3.422709054973631,-3.7920141987115796,-4.325318822662943,10,60.0,-1792967.772274809,0.11516383817930922,1.4584704981762768,13.983048205582136,100.0,13.640389725420727,,,,
USDKRW CALL-upout  40Δ  2M  H@20Δ  [Realized vol (20d) < 252d median],single,1129,10000000.0,22790064.55259163,2258000.0,23909532.226333126,1119467.6737414906,-6332765.93282119,21.523472099202834,104.91208645398149,0.10284988067524546,-3.3130745494794747,-28.906779723117022,8.748503644720804,-2.6405996949556427,-12.06157819420028,10,50.0,-2179636.3962949985,0.020008262668215065,1.090651657726739,33.513317635673694,100.0,17.0947741364039,,,,
USDKRW CALL-upout  40Δ  10W  H@20Δ  [Realized vol (20d) < 252d median],single,1129,10000000.0,24388489.206885822,2258000.0,26573480.87751385,2184991.670628023,-4467499.820615403,21.87776793622675,108.95911039053259,0.20148044205726318,-0.11080285627343786,-3.391236198356786,1.951596189558715,-17.613229976153242,-2.062399045832153,10,70.0,-2054183.6421793494,0.055374663937621395,1.1782419954006729,21.468677358908767,100.0,18.86625332152347,,,,
USDKRW CALL-upout  40Δ  3M  H@20Δ  [Realized vol (20d) < 252d median],single,1129,10000000.0,27768923.161262445,2258000.0,31756217.558578588,3987294.397316139,-6646908.918088046,21.70062001771479,114.35883694214834,0.24790932275069347,-0.4467344296612067,-8.832348319226876,3.1329644158342256,-7.013035503464989,-3.5796988454954324,10,60.0,-3314951.4854525574,0.06793898908578994,1.260482262608927,34.68753435886542,100.0,20.90345438441098,,,,
USDKRW CALL-upout  35Δ  1M  H@20Δ  [Realized vol (20d) < 252d median],single,1129,10000000.0,10661506.232890647,2258000.0,8263261.528786861,-2398244.7041037874,-3158860.8969616364,14.083259521700619,77.5055733053438,-0.7017858435220242,-0.8916008837941237,-3.8540001774604726,1.42804615499499,-1.6016652528630007,-2.319647038789114,10,30.0,-1068723.1330907438,-0.08593186777320477,0.5587990522879714,20.838634500843128,100.0,16.651904340124005,,,,
USDKRW CALL-upout  35Δ  6W  H@20Δ  [Realized vol (20d) < 252d median],single,1129,10000000.0,12153994.509749627,2258000.0,13061049.661130074,907055.1513804458,-2812973.3043577224,18.86625332152347,107.4630209076763,0.15995521611126862,-1.173546057722216,-9.79686095662237,3.354212737102867,-2.858185850509521,-4.5277587948250835,10,50.0,-1143986.3967502066,0.03650849624072758,1.16086063266508,12.376351069238002,100.0,13.640389725420727,,,,
USDKRW CALL-upout  35Δ  2M  H@20Δ  [Realized vol (20d) < 252d median],single,1129,10000000.0,14300918.725575503,2258000.0,13432889.169303048,-868029.5562724513,-4697818.010521819,15.589016829052257,93.93025320310306,-0.12997368762339045,-5.2371452238222815,-45.303943777528055,13.514420405791965,-2.5804937285906675,-18.751565629614248,10,50.0,-1616782.797801689,-0.02091363786993635,0.8979239220817457,27.609879833990245,100.0,17.0947741364039,,,,
USDKRW CALL-upout  35Δ  10W  H@20Δ  [Realized vol (20d) < 252d median],single,1129,10000000.0,15239376.789764578,2258000.0,15237649.871844074,-1726.917920501437,-3351697.383337021,16.474756421612046,99.98866805418407,-0.00025089954238359036,-0.3841993102346142,-3.5966284366052563,1.8584393993987478,-4.837175262662179,-2.242638709633362,10,60.0,-1371016.3626741958,-5.833547755342968e-05,0.9997998729789835,18.050096084512504,100.0,18.86625332152347,,,,
USDKRW CALL-upout  35Δ  3M  H@20Δ  [Realized vol (20d) < 252d median],single,1129,10000000.0,17224403.023207903,2258000.0,18923936.953373607,1699533.9301657062,-4912531.228990824,16.651904340124005,109.86701209833383,0.15656260833121682,-0.7741273157395252,-10.29471555972886,3.406806803495728,-4.400835281521101,-4.180934119235253,10,50.0,-2311524.741264377,0.03918185750485892,1.1639351409607925,26.879172095378205,100.0,20.90345438441098,,,,
USDKRW CALL-upout  30Δ  1M  H@20Δ  [Realized vol (20d) < 252d median],single,1129,10000000.0,6198538.416567532,2258000.0,3581270.6392298536,-2617267.7773376787,-2680319.2430977244,8.591674047829938,57.77604974840179,-1.4572505251888603,-1.841189186932918,-4.167812186501354,1.4527418915757166,-0.7890236928860728,-3.293931078508635,10,0.0,-676577.4749149808,-0.11052305814015752,0.295086661173421,18.525811119762743,100.0,16.651904340124005,,,,
USDKRW CALL-upout  30Δ  6W  H@20Δ  [Realized vol (20d) < 252d median],single,1129,10000000.0,6899047.596205361,2258000.0,5839755.247698,-1059292.348507362,-2058698.4593616745,12.311780336581045,84.64581764749678,-0.39342687757893724,-1.7853613172750982,-9.79709293902524,3.2073749466361057,-1.7964850675331934,-4.992736263911204,10,40.0,-702298.7297763141,-0.058257112796452355,0.7143672287149936,12.063071371373283,100.0,13.640389725420727,,,,
USDKRW CALL-upout  30Δ  2M  H@20Δ  [Realized vol (20d) < 252d median],single,1129,10000000.0,7907016.460353708,2258000.0,5873060.4338774225,-2033956.0264762857,-2988300.1979867495,10.363153232949513,74.27656769560716,-0.6115950186368243,-5.516684274219682,-43.74344407137549,12.900904207365933,-2.3385250208451933,-18.417588481585614,10,40.0,-968182.8648208197,-0.07703863780138351,0.6115039956917243,21.234910770770913,100.0,17.0947741364039,,,,
USDKRW CALL-upout  30Δ  10W  H@20Δ  [Realized vol (20d) < 252d median],single,1129,10000000.0,8347714.207560865,2258000.0,7310176.128331361,-1037538.0792295039,-2238047.2062801016,11.071744906997342,87.57099184960398,-0.2895819199401625,-0.7452200587083543,-3.812207443129057,1.7877950169819645,-2.399016231635852,-2.5330150756903187,10,50.0,-823697.2304856209,-0.052488077234765625,0.7963068600722386,14.071608491968025,100.0,18.86625332152347,,,,
USDKRW CALL-upout  30Δ  3M  H@20Δ  [Realized vol (20d) < 252d median],single,1129,10000000.0,9280066.130473236,2258000.0,9194577.984950202,-85488.14552303636,-3011516.74275027,12.577502214348982,99.07879809991529,-0.014604675627168003,-1.0465224843309913,-10.465035448808447,3.3438284444310056,-3.195180700363652,-4.390350928761997,10,50.0,-1274300.1498161245,-0.003215001054831813,0.9853421586487515,17.592335175217286,100.0,20.90345438441098,,,,
USDKRW CALL-upout  25Δ  1M  H@20Δ  [Realized vol (20d) < 252d median],single,1129,10000000.0,3313171.0934712687,2258000.0,911725.8025911967,-2401445.290880072,-2398252.8898581965,3.3658104517271923,27.51822278021765,-3.079967501803992,-3.58525168269426,-8.332915986180135,1.9966720802375921,-0.5569126680493249,-5.5819237629318526,10,0.0,-483417.18640616076,-0.11333628678774904,0.060854162344899355,14.507377186495635,100.0,16.651904340124005,,,,
USDKRW CALL-upout  25Δ  6W  H@20Δ  [Realized vol (20d) < 252d median],single,1129,10000000.0,3500949.9992184713,2258000.0,1563776.7351013438,-1937173.264117128,-1933703.2622166884,5.403011514614704,44.66721134121969,-1.9520251178225694,-3.989174602813523,-13.578698645907723,4.260724798352554,-1.068071774884837,-8.249899401166076,10,10.0,-468826.66408366605,-0.11342387964109442,0.20890912896972982,12.47437169602157,100.0,13.640389725420727,,,,
USDKRW CALL-upout  25Δ  2M  H@20Δ  [Realized vol (20d) < 252d median],single,1129,10000000.0,3771240.4509437215,2258000.0,1333253.8205991748,-2437986.6303445464,-2469321.1849783896,4.340124003542958,35.35319049374162,-2.309001296471659,-6.7141995139285715,-40.34907721925188,11.459357639258466,-1.706734751549472,-18.173557153187037,10,10.0,-504955.47754130344,-0.11174934763623626,0.15088934265214796,16.285400828608115,100.0,17.0947741364039,,,,
USDKRW CALL-upout  25Δ  10W  H@20Δ  [Realized vol (20d) < 252d median],single,1129,10000000.0,3889446.6712061074,2258000.0,2074566.5480890248,-1814880.1231170825,-1810934.2083065994,5.9344552701505755,53.338346645737836,-1.550825738403066,-1.9004435543498264,-4.823707677034423,1.6617771686636131,-0.8744154304715117,-3.5622207230134393,10,10.0,-428013.9783585059,-0.11346740774849673,0.2736403707155894,12.346872668117353,100.0,18.86625332152347,,,,
USDKRW CALL-upout  25Δ  3M  H@20Δ  [Realized vol (20d) < 252d median],single,1129,10000000.0,4139588.9716455406,2258000.0,2235901.878476608,-1903687.0931689318,-2104406.569853047,5.66873339238264,54.01265424639027,-1.1052477985652365,-2.263569702424523,-10.180225489960499,2.9829168781684374,-1.3177932515059807,-5.24648658059296,10,20.0,-542168.2352398043,-0.10245341101774524,0.37523347797498224,14.807587982242058,100.0,20.90345438441098,,,,
USDKRW CALL-upout  ATM  1M  H@20Δ  [Spot > 50DMA  ∧  RV < p75],single,982,10000000.0,29100666.66735519,1964000.0,30260274.87944057,1159608.2120853835,-4010579.7488651047,29.429735234215887,103.9848166550295,0.11618823490219317,-1.67567644920793,-10.472881029961998,3.8304785127008416,-2.2859296700812726,-5.506154961908772,10,50.0,-1840479.4814601028,0.0329302774941298,1.1040349803774168,21.757092558663714,100.0,17.718940936863543,,,,
USDKRW CALL-upout  ATM  6W  H@20Δ  [Spot > 50DMA  ∧  RV < p75],single,982,10000000.0,33729463.56671028,1964000.0,44868895.956363514,11139432.389653232,-3367587.3706014636,36.456211812627295,133.02582137904923,0.6713291145846224,-0.37365794102085437,-5.107959798503738,2.3228413564555916,-6.216491345291523,-2.696499297476446,10,40.0,-1943842.9814290805,0.37661711721381075,1.9452169490455429,13.454672027352617,100.0,16.39511201629328,,,,
USDKRW CALL-upout  ATM  2M  H@20Δ  [Spot > 50DMA  ∧  RV < p75],single,982,10000000.0,40269066.10075773,1964000.0,47292831.40693667,7023765.306178937,-5029198.481281906,31.364562118126273,117.44208641095545,0.3642209309174134,-0.23615761166708021,-3.817581420359933,1.516108676354629,-6.419901800548107,-1.7522662880217093,10,60.0,-2006564.3526148887,0.1591101636307265,1.3888741122832724,24.44500193481886,100.0,21.283095723014256,,,,
USDKRW CALL-upout  ATM  10W  H@20Δ  [Spot > 50DMA  ∧  RV < p75],single,982,10000000.0,43093737.96843989,1964000.0,52211932.01118259,9118194.0427427,-5389770.213273443,32.89205702647658,121.1589768551071,0.4502217250903553,-0.3136524792486486,-6.494439898918196,2.308386384146564,-7.359694365165806,-2.6220388633952125,10,60.0,-2670048.643491398,0.19261692491861537,1.4847069746862087,21.124257290396663,100.0,22.19959266802444,,,,
USDKRW CALL-upout  ATM  3M  H@20Δ  [Spot > 50DMA  ∧  RV < p75],single,982,10000000.0,48997447.41315829,1964000.0,62563676.951142706,13566229.537984414,-4559190.749127319,33.29938900203666,127.68762507889583,0.5356475517240014,-0.48442348817326303,-11.328949830070389,3.8037531990877853,-7.852123796539161,-4.288176687261048,10,70.0,-2698264.6849764534,0.3388930503507173,1.6711626532358126,19.724953550047708,100.0,20.773930753564155,,,,
USDKRW CALL-upout  45Δ  1M  H@20Δ  [Spot > 50DMA  ∧  RV < p75],single,982,10000000.0,21386847.131560598,1964000.0,21055645.09195607,-331202.0396045288,-3496408.6079999697,24.54175152749491,98.45137510186916,-0.04337683763740923,-1.5177358332380435,-7.689240312977714,3.100186807712026,-2.042639265555107,-4.61792264095007,10,50.0,-1403888.0654944503,-0.010788525352753372,0.9636491422819061,20.311975518953936,100.0,17.718940936863543,,,,
USDKRW CALL-upout  45Δ  6W  H@20Δ  [Spot > 50DMA  ∧  RV < p75],single,982,10000000.0,24767197.731672548,1964000.0,31740297.31534958,6973099.583677027,-3066016.6025463063,30.95723014256619,128.154576303801,0.5425652443652857,-0.5502973091888491,-4.554388292557733,2.251096478994382,-4.090691416086606,-2.801393788183231,10,40.0,-1546850.969075716,0.2589448215003545,1.734503367467075,13.029321039716296,100.0,16.39511201629328,,,,
USDKRW CALL-upout  45Δ  2M  H@20Δ  [Spot > 50DMA  ∧  RV < p75],single,982,10000000.0,29597811.29922933,1964000.0,34001263.80915383,4403452.509924501,-4510042.031050826,27.189409368635438,114.87762884020805,0.29369941154007123,-0.41539995384834255,-4.5423658830258296,1.6921077472694193,-4.073442309257422,-2.1075077011177616,10,50.0,-1637064.6617220498,0.11123448137232021,1.3092724291498368,21.659430461758404,100.0,21.283095723014256,,,,
USDKRW CALL-upout  45Δ  10W  H@20Δ  [Spot > 50DMA  ∧  RV < p75],single,982,10000000.0,31707510.38254794,1964000.0,37473244.32762627,5765733.94507833,-4724749.73327066,27.698574338085542,118.1841269639758,0.365211323846763,-0.5565569889365569,-7.547636126589793,2.6026429427550672,-4.676327841517319,-3.1591999316916244,10,60.0,-2062684.3189133187,0.13894139474898187,1.3863577920436276,19.20956000562822,100.0,22.19959266802444,,,,
USDKRW CALL-upout  45Δ  3M  H@20Δ  [Spot > 50DMA  ∧  RV < p75],single,982,10000000.0,36169429.48040253,1964000.0,45385121.55868293,9215692.078280412,-4118945.5485425713,28.30957230142566,125.47922986530295,0.4518705321004879,-1.0102386608581584,-14.408799953524632,4.604770641809444,-4.55810178349131,-5.615009302667603,10,60.0,-2140541.050645533,0.25481979928657617,1.5655571650496172,18.264053070900985,100.0,20.773930753564155,,,,
USDKRW CALL-upout  40Δ  1M  H@20Δ  [Spot > 50DMA  ∧  RV < p75],single,982,10000000.0,14791040.720043533,1964000.0,13424411.270245308,-1366629.449798225,-3073046.2359161004,19.144602851323828,90.76042399135385,-0.2520779356745623,-1.6363962579190443,-7.221344146665967,2.8586531157117845,-1.7469198562865496,-4.495049373630829,10,50.0,-984741.3865319496,-0.050649241428235244,0.8050379335785309,18.309297460901686,100.0,17.718940936863543,,,,
USDKRW CALL-upout  40Δ  6W  H@20Δ  [Spot > 50DMA  ∧  RV < p75],single,982,10000000.0,17025084.49006071,1964000.0,20325363.68492163,3300279.1948609157,-2516914.3027066155,25.45824847250509,119.38480362190053,0.3609720742497435,-0.8333322804177602,-4.788152590351038,2.2053829045441273,-2.646462829255265,-3.0387151849618874,10,40.0,-1139290.630495836,0.14929254374106862,1.46072057305698,11.589003325819904,100.0,16.39511201629328,,,,
USDKRW CALL-upout  40Δ  2M  H@20Δ  [Spot > 50DMA  ∧  RV < p75],single,982,10000000.0,20218150.81537182,1964000.0,22086460.642963167,1868309.827591344,-3765205.723202663,22.5050916496945,109.24075522362249,0.17620568596951788,-0.6941451895041115,-5.855629591273872,2.009307190462404,-2.8946497373234368,-2.7034523799665156,10,50.0,-1212097.4605643093,0.05653102951612617,1.1752805841979712,17.943747792899018,100.0,21.283095723014256,,,,
USDKRW CALL-upout  40Δ  10W  H@20Δ  [Spot > 50DMA  ∧  RV < p75],single,982,10000000.0,21612838.440469474,1964000.0,24456227.405486472,2843388.965017,-3702238.4731795653,21.9959266802444,113.15601822892837,0.2515851283159874,-0.7842611630059,-8.07258483296465,2.7465200340008176,-3.502047740670993,-3.5307811970067178,10,60.0,-1431073.8497247056,0.08744354362955727,1.2598262600153436,15.65855891694153,100.0,22.19959266802444,,,,
USDKRW CALL-upout  40Δ  3M  H@20Δ  [Spot > 50DMA  ∧  RV < p75],single,982,10000000.0,24562791.344221067,1964000.0,30070969.615783148,5508178.271562077,-3169366.2420533593,22.912423625254583,122.4248872791813,0.3626834204153043,-1.3792784187385227,-15.29549743126057,4.781676181942227,-3.46679547579343,-6.16095460068075,10,60.0,-1476361.2223169345,0.1979369274938889,1.453978954589938,14.625555011811777,100.0,20.773930753564155,,,,
USDKRW CALL-upout  35Δ  1M  H@20Δ  [Spot > 50DMA  ∧  RV < p75],single,982,10000000.0,9485425.904034015,1964000.0,7545839.422776081,-1939586.4812579344,-2585908.8617232516,13.441955193482688,79.55193049968314,-0.5431149165937817,-1.9487910769448356,-7.21812427382125,2.700853622916882,-1.385912350928388,-4.649644699861717,10,20.0,-630593.6068030949,-0.08542543494308154,0.6244367647710207,16.774504372723104,100.0,17.718940936863543,,,,
USDKRW CALL-upout  35Δ  6W  H@20Δ  [Spot > 50DMA  ∧  RV < p75],single,982,10000000.0,10796474.660374673,1964000.0,11240099.419166677,443624.758792002,-1918055.2787890392,17.922606924643585,104.10897790943,0.07838725353747834,-1.1834285625821976,-4.759687271860703,2.081938719374538,-1.7592432574314616,-3.2653672819567356,10,40.0,-717084.0980899718,0.026333617418541927,1.0865496877157688,9.83642960775211,100.0,16.39511201629328,,,,
USDKRW CALL-upout  35Δ  2M  H@20Δ  [Spot > 50DMA  ∧  RV < p75],single,982,10000000.0,12670728.92179594,1964000.0,12318873.14968603,-351855.7721099118,-2790083.673117614,16.39511201629328,97.2230818425556,-0.05419814971680418,-1.3842709765435375,-10.557190917168992,3.2278464257111565,-2.3318024291536794,-4.612117402254694,10,50.0,-841150.7069764416,-0.01436726686939893,0.9518373318338744,13.981507026722193,100.0,21.283095723014256,,,,
USDKRW CALL-upout  35Δ  10W  H@20Δ  [Spot > 50DMA  ∧  RV < p75],single,982,10000000.0,13489504.163736267,1964000.0,14425732.325575704,936228.161839436,-2508516.8868064415,16.59877800407332,106.94041938440031,0.12810215612463882,-0.9115588834194839,-8.028323276273783,2.7001452676685638,-2.9621183192682494,-3.6117041510880474,10,60.0,-887687.0115406865,0.04249330755819404,1.1260530512613558,10.931103629855272,100.0,22.19959266802444,,,,
USDKRW CALL-upout  35Δ  3M  H@20Δ  [Spot > 50DMA  ∧  RV < p75],single,982,10000000.0,15221539.861173647,1964000.0,18155584.933665078,2934045.0724914307,-2118533.5762076266,17.922606924643585,119.27561271232123,0.2830216895136369,-1.5258388113472816,-15.16498912196699,4.66060349840101,-3.0544533693475797,-6.186442309748292,10,60.0,-909496.974534782,0.157733047554,1.3478754349341828,10.653692711303213,100.0,20.773930753564155,,,,
USDKRW CALL-upout  30Δ  1M  H@20Δ  [Spot > 50DMA  ∧  RV < p75],single,982,10000000.0,5490965.44971475,1964000.0,3480742.2916420773,-2010223.158072673,-2003111.1801999488,8.757637474541752,63.39035136021296,-0.9935794535457871,-2.401970576907179,-7.188334964936117,2.504060665602225,-1.0425026391565957,-4.906031242509403,10,10.0,-432212.0326220898,-0.11429585520980748,0.4151391852680059,13.855074820819826,100.0,17.718940936863543,,,,
USDKRW CALL-upout  30Δ  6W  H@20Δ  [Spot > 50DMA  ∧  RV < p75],single,982,10000000.0,6106311.176674046,1964000.0,4912383.2967307065,-1193927.8799433399,-1358307.3172829153,11.710794297352342,80.44764104875439,-0.43825326668351616,-1.705710648493071,-4.697587116354924,2.008452997010826,-1.17748751746682,-3.714163645503897,10,40.0,-498522.5440399527,-0.10007737800197526,0.652369081885742,9.543170112277952,100.0,16.39511201629328,,,,
USDKRW CALL-upout  30Δ  2M  H@20Δ  [Spot > 50DMA  ∧  RV < p75],single,982,10000000.0,6986228.982602862,1964000.0,5296184.367252933,-1690044.6153499298,-1956896.505687928,10.9979633401222,75.80891465827293,-0.5271675004446333,-1.8546250674008493,-11.028061520535742,3.206984251875161,-1.7291819830568589,-5.061609319276011,10,30.0,-517336.30996072607,-0.09839137244358534,0.624270362730865,13.367493490682001,100.0,21.283095723014256,,,,
USDKRW CALL-upout  30Δ  10W  H@20Δ  [Spot > 50DMA  ∧  RV < p75],single,982,10000000.0,7370699.776307888,1964000.0,7055689.828185015,-315009.9481228728,-1430824.331064921,11.914460285132384,95.72618668941814,-0.08176138709843174,-1.1046456326131326,-7.925152118995458,2.5726895495504722,-2.328972725365833,-3.677335182163605,10,60.0,-510403.0152293962,-0.025066506880979732,0.9271125091934342,7.174403174656271,100.0,22.19959266802444,,,,
USDKRW CALL-upout  30Δ  3M  H@20Δ  [Spot > 50DMA  ∧  RV < p75],single,982,10000000.0,8184143.704218801,1964000.0,8875948.942988943,691805.2387701416,-1637766.2763988883,13.238289205702646,108.45299476368587,0.12090831309392469,-1.7248128734565822,-14.850700162576242,4.472162960358007,-2.5928395069290295,-6.196975833814589,10,50.0,-523061.63740465,0.048108651857263436,1.1404394779502791,8.500686857794783,100.0,20.773930753564155,,,,
USDKRW CALL-upout  25Δ  1M  H@20Δ  [Spot > 50DMA  ∧  RV < p75],single,982,10000000.0,2908444.511824775,1964000.0,954012.8752956779,-1954431.6365290973,-1951062.0326419834,4.1751527494908345,32.801481046551736,-2.369974069867621,-3.4341666921870235,-7.08088411209481,2.0171959172584346,-0.5873902166274283,-5.451362609445458,10,0.0,-297863.1677801009,-0.11408818496075711,0.12945094371616744,11.721718090223632,100.0,17.718940936863543,,,,
USDKRW CALL-upout  25Δ  6W  H@20Δ  [Spot > 50DMA  ∧  RV < p75],single,982,10000000.0,3073395.317654141,1964000.0,1205786.7285171472,-1867608.5891369937,-1864033.1579945444,5.091649694501019,39.233050222693095,-1.9810867347569714,-2.744343810229755,-5.711283952584279,1.6088761593822634,-0.5862516764062332,-4.353219969612018,10,0.0,-361424.0040461781,-0.11407437398231943,0.18747168727609617,11.045771549002078,100.0,16.39511201629328,,,,
USDKRW CALL-upout  25Δ  2M  H@20Δ  [Spot > 50DMA  ∧  RV < p75],single,982,10000000.0,3309342.609913567,1964000.0,1155224.744377214,-2154117.8655363526,-2173078.5250841295,4.684317718940937,34.90798265844666,-2.1751905955872295,-3.1148879251891217,-10.81769089938456,2.6479676064417177,-0.8501004434311855,-5.762855531630839,10,0.0,-294296.93104124756,-0.11293296987035284,0.16357370878020952,12.981062652223066,100.0,21.283095723014256,,,,
USDKRW CALL-upout  25Δ  10W  H@20Δ  [Spot > 50DMA  ∧  RV < p75],single,982,10000000.0,3412462.5616808366,1964000.0,1952624.4905648793,-1459838.0711159573,-1568307.824537279,6.619144602851323,57.220393052549646,-1.174216286771575,-2.048597143297609,-7.63773354740788,2.225584242289101,-1.0863942916109885,-4.27418138558671,10,10.0,-331479.41234270216,-0.105981299705021,0.3566886265629873,9.189635202694273,100.0,22.19959266802444,,,,
USDKRW CALL-upout  25Δ  3M  H@20Δ  [Spot > 50DMA  ∧  RV < p75],single,982,10000000.0,3630685.477986349,1964000.0,2219273.7835031813,-1411411.6944831682,-1648406.2735245328,6.109979633401222,61.12547608321156,-0.8195284736795369,-2.9041205592540504,-13.923182116974898,3.868120089960259,-1.3319419807261104,-6.772240649214309,10,20.0,-335005.83825745236,-0.09751708650946771,0.45174300426423325,10.609429718242799,100.0,20.773930753564155,,,,
USDKRW CALL-upout  ATM  1M  H@20Δ  [Golden cross  ∧  RV < p75],single,961,10000000.0,27457076.847793736,1922000.0,26257761.875483096,-1199314.9723106413,-3766185.388566638,28.303850156087407,95.63203694639836,-0.1270909408314045,-0.37409738241322676,-2.601692849648834,1.1744791606528995,-3.139501145601638,-1.5485765430661262,10,50.0,-1729446.3473801098,-0.03522449025546093,0.8819488077950194,16.739279737545214,100.0,19.35483870967742,,,,
USDKRW CALL-upout  ATM  6W  H@20Δ  [Golden cross  ∧  RV < p75],single,961,10000000.0,31835579.362774197,1922000.0,40622734.06833859,8787154.705564389,-4245003.199919391,34.85952133194589,127.60167988599366,0.5360435598642334,0.011721466850653695,-3.2346495255020735,1.6814712230367115,143.45228668568367,-1.6697497561860577,10,60.0,-2276519.387749937,0.22931978615337334,1.74242110436261,15.136703540892485,100.0,15.920915712799166,,,,
USDKRW CALL-upout  ATM  2M  H@20Δ  [Golden cross  ∧  RV < p75],single,959,10000000.0,38018180.45753263,1918000.0,46188435.116539866,8170254.65900724,-4265832.4586755745,31.178310740354537,121.49038844227076,0.397246565823593,0.027911376457526237,-2.7585479439665366,1.2836122676262585,45.988855819403184,-1.2557008911687322,10,60.0,-2756631.1108888676,0.2125661668746069,1.4722023641905113,15.976153669895794,100.0,17.205422314911367,,,,
USDKRW CALL-upout  ATM  10W  H@20Δ  [Golden cross  ∧  RV < p75],single,958,10000000.0,40664160.58553375,1916000.0,52520834.88616689,11856674.300633134,-4202689.749563895,33.61169102296451,129.15755330961179,0.5401707320212686,0.035354245545120976,-2.3659127293615976,1.37244834223646,38.81990185548913,-1.337094096691339,10,60.0,-2597969.8894299227,0.315217894152956,1.7191442363961214,17.834933911694833,100.0,18.16283924843424,,,,
USDKRW CALL-upout  ATM  3M  H@20Δ  [Golden cross  ∧  RV < p75],single,955,10000000.0,46172452.56585327,1910000.0,59019058.26771033,12846605.701857062,-3998185.252946873,35.287958115183244,127.82309578104962,0.5432461652614967,0.27919831082181545,-1.3837442530418607,1.1204408380993593,4.013064530373987,-0.8412425272775439,10,60.0,-1612491.350051457,0.35933500445452454,1.6911277514147045,14.447284925202448,100.0,18.429319371727747,,,,
USDKRW CALL-upout  45Δ  1M  H@20Δ  [Golden cross  ∧  RV < p75],single,961,10000000.0,20187261.333236657,1922000.0,17988340.536108263,-2198920.797128394,-3347498.8917500945,23.413111342351716,89.10738430126699,-0.30181093858524466,-0.5675430948063787,-2.615769881238502,1.1781259745221955,-2.0758352718996984,-1.7456690693285741,10,40.0,-1297403.4177473548,-0.07266115559903463,0.7450573814990995,18.427936481633868,100.0,19.35483870967742,,,,
USDKRW CALL-upout  45Δ  6W  H@20Δ  [Golden cross  ∧  RV < p75],single,961,10000000.0,23377942.5566971,1922000.0,28813377.85983937,5435435.30314227,-3373867.899722252,28.720083246618106,123.2502723024494,0.43260386408356766,-0.08645398571118341,-3.065592656703949,1.626398260304386,-18.812299362781147,-1.7128522460155695,10,60.0,-1677113.8077207534,0.17847505892523596,1.5650079620828705,13.084296822900237,100.0,15.920915712799166,,,,
USDKRW CALL-upout  45Δ  2M  H@20Δ  [Golden cross  ∧  RV < p75],single,959,10000000.0,27930083.614432193,1918000.0,33618350.430631995,5688266.816199798,-3501334.651390922,27.32012513034411,120.36609304406278,0.35731548735036034,-0.017701534605094903,-2.842439895971396,1.2822672260162196,-72.43819559277951,-1.2999687606213144,10,50.0,-2103057.2697001994,0.18030537765370752,1.4244502421789353,13.975249442815434,100.0,17.205422314911367,,,,
USDKRW CALL-upout  45Δ  10W  H@20Δ  [Golden cross  ∧  RV < p75],single,958,10000000.0,29898483.098776743,1916000.0,38257975.347040385,8359492.24826364,-3276492.922632489,29.749478079331944,127.95958651362372,0.49000605669563396,-0.03870209576687853,-2.6046760377591376,1.403774551064939,-36.271279972034414,-1.4424766468318175,10,60.0,-2101310.450395496,0.28506635930462493,1.6472715537723472,14.706949877156811,100.0,18.16283924843424,,,,
USDKRW CALL-upout  45Δ  3M  H@20Δ  [Golden cross  ∧  RV < p75],single,955,10000000.0,34040342.81773728,1910000.0,41847980.71247689,7807637.894739603,-3134400.4124979293,30.78534031413613,122.93642557169345,0.43372828146240805,0.04807408719088455,-1.7486610844336854,1.1216816317135234,23.33235423191162,-1.073607544522639,10,60.0,-1537337.8978120412,0.27857313499876185,1.5261818581075721,12.380562905020932,100.0,18.429319371727747,,,,
USDKRW CALL-upout  40Δ  1M  H@20Δ  [Golden cross  ∧  RV < p75],single,961,10000000.0,13984184.296750467,1922000.0,11214089.469823468,-2770094.8269269997,-2991177.697858795,18.002081165452655,80.19123054913764,-0.5270348582538292,-0.8444869920465695,-2.9127080167060635,1.2185989033169307,-1.4430049424014462,-2.0630858953635003,10,40.0,-1167196.4948380094,-0.1024390583991304,0.5996106351321537,19.04702119197057,100.0,19.35483870967742,,,,
USDKRW CALL-upout  40Δ  6W  H@20Δ  [Golden cross  ∧  RV < p75],single,961,10000000.0,16092797.1958181,1922000.0,18705353.226546373,2612556.030728272,-2703116.763350676,23.72528616024974,116.23431898717507,0.29499303660004905,-0.2367382686111465,-2.930240596961432,1.5432860118907514,-6.518954543955332,-1.780024280501898,10,50.0,-1157339.0990025878,0.1070710557744408,1.3613976116035578,11.832695558573247,100.0,15.920915712799166,,,,
USDKRW CALL-upout  40Δ  2M  H@20Δ  [Golden cross  ∧  RV < p75],single,959,10000000.0,19100394.951876543,1918000.0,22365982.641532864,3265587.689656321,-2956425.436525825,23.357664233576642,117.09696421400693,0.2905345688951862,-0.09732742239435158,-2.899914690256571,1.273391638261906,-13.083585354828092,-1.3707190606562576,10,40.0,-1521858.2060498826,0.12259048474007325,1.3409037100169703,12.628395834114166,100.0,17.205422314911367,,,,
USDKRW CALL-upout  40Δ  10W  H@20Δ  [Golden cross  ∧  RV < p75],single,958,10000000.0,20400990.784402654,1916000.0,25265375.462846264,4864384.6784436125,-2382376.5817517242,23.173277661795407,123.84386488798684,0.4000630732368097,-0.21184114403885856,-2.6946449644158665,1.3947344752440467,-6.583869632936872,-1.6065756192829053,10,50.0,-1538239.492647959,0.22813546518429353,1.5275370467610587,12.04144166372284,100.0,18.16283924843424,,,,
USDKRW CALL-upout  40Δ  3M  H@20Δ  [Golden cross  ∧  RV < p75],single,955,10000000.0,23137371.290120993,1910000.0,26197540.997190654,3060169.7070696624,-2623804.112063504,24.083769633507853,113.22609067684479,0.24888928610050645,-0.27099918274402107,-1.8608777375817667,1.169781588660476,-4.316550244970377,-1.4407807714044971,10,40.0,-1431703.6060808254,0.13043319949667534,1.2782367958639467,11.813594487826652,100.0,18.429319371727747,,,,
USDKRW CALL-upout  35Δ  1M  H@20Δ  [Golden cross  ∧  RV < p75],single,961,10000000.0,8994694.145371903,1922000.0,6205031.466166161,-2789662.6792057413,-2777968.86046308,12.382934443288242,68.98546371761708,-0.8101115772515864,-1.2544565281580424,-3.2180479954210135,1.3337234447354636,-1.063188253078655,-2.588179972893506,10,20.0,-1074594.335853245,-0.11108041019418889,0.4515683433163438,18.907759751825417,100.0,19.35483870967742,,,,
USDKRW CALL-upout  35Δ  6W  H@20Δ  [Golden cross  ∧  RV < p75],single,961,10000000.0,10232077.16933642,1922000.0,10673107.266761113,441030.0974246932,-1998280.9872557789,18.210197710718003,104.3102694606954,0.0793560436384578,-0.5229278144467704,-3.349477414635508,1.540453906174621,-2.9458251475958277,-2.0633817206213916,10,50.0,-823101.1228803333,0.024450230033634657,1.0868323534877984,9.847137761114654,100.0,15.920915712799166,,,,
USDKRW CALL-upout  35Δ  2M  H@20Δ  [Golden cross  ∧  RV < p75],single,959,10000000.0,11995773.120317377,1918000.0,12974359.042440673,978585.9221232969,-2217302.407245629,18.35245046923879,108.15775617217915,0.1394286486348427,-0.29343993691639,-2.9854402615620472,1.2490158596745013,-4.256461723648695,-1.5424557965908914,10,40.0,-1017731.2521271579,0.048981984613909894,1.1494811545095638,10.344772627668496,100.0,17.205422314911367,,,,
USDKRW CALL-upout  35Δ  10W  H@20Δ  [Golden cross  ∧  RV < p75],single,958,10000000.0,12758473.862948203,1916000.0,15163568.675588105,2405094.8126399014,-1670253.3236611069,18.47599164926931,118.85096006368379,0.3066176767332957,-0.367624139934538,-2.8437592370630784,1.4540424816373663,-3.9552421173872974,-1.8216666215719042,10,50.0,-1047658.6204287764,0.1608885586575805,1.378787273214462,8.870304798623836,100.0,18.16283924843424,,,,
USDKRW CALL-upout  35Δ  3M  H@20Δ  [Golden cross  ∧  RV < p75],single,955,10000000.0,14362651.88898198,1910000.0,14315763.495640215,-46888.393341764924,-2175054.46425842,17.801047120418847,99.67353944310426,-0.00628567080672556,-0.6523021188333373,-2.3987973272024274,1.2650806845333973,-1.9394091296162483,-1.9173828033667346,10,30.0,-1158037.73381963,-0.0024108448348156316,0.9940133641795232,11.481817099315492,100.0,18.429319371727747,,,,
USDKRW CALL-upout  30Δ  1M  H@20Δ  [Golden cross  ∧  RV < p75],single,961,10000000.0,5238419.477123052,1922000.0,2751069.651859596,-2487349.825263456,-2480802.596409467,7.700312174817898,52.517169804249576,-1.2616617063502606,-1.8048752868893607,-5.073784986087092,1.5836793314306605,-0.8774452966000085,-3.388554618320021,10,0.0,-823659.6935538135,-0.11090670874864156,0.27854693916259826,15.952512348017722,100.0,19.35483870967742,,,,
USDKRW CALL-upout  30Δ  6W  H@20Δ  [Golden cross  ∧  RV < p75],single,961,10000000.0,5819158.185048718,1922000.0,4744805.384776398,-1074352.8002723209,-1573839.9586185033,11.966701352757545,81.53765946709136,-0.40382469893768963,-1.1087277296467786,-4.789990906592879,1.732133550845514,-1.5622713354498148,-2.840861280492293,10,30.0,-669027.3754813746,-0.07562364916174001,0.6720731101242625,8.69158171810362,100.0,15.920915712799166,,,,
USDKRW CALL-upout  30Δ  2M  H@20Δ  [Golden cross  ∧  RV < p75],single,959,10000000.0,6645022.100783842,1918000.0,5735356.596963294,-909665.5038205464,-1556386.683133187,12.200208550573514,86.3105721843537,-0.2595450202682558,-0.7264955085451861,-2.9856686288656604,1.2038787955711918,-1.6571042510393081,-1.930374304116378,10,30.0,-571226.6112835894,-0.06486741058965849,0.7818351926986521,9.0916080553771,100.0,17.205422314911367,,,,
USDKRW CALL-upout  30Δ  10W  H@20Δ  [Golden cross  ∧  RV < p75],single,958,10000000.0,7002092.227341534,1916000.0,7491999.167109153,489906.9397676196,-1088560.2080904944,13.465553235908143,106.99657936316017,0.12072829851565937,-0.5204733765268286,-2.9884881859016637,1.4390855221970624,-2.7649551102886867,-1.959558898723891,10,50.0,-611827.0340145777,0.05028476683777867,1.1301305528751804,6.1326951182281375,100.0,18.16283924843424,,,,
USDKRW CALL-upout  30Δ  3M  H@20Δ  [Golden cross  ∧  RV < p75],single,955,10000000.0,7752304.104520914,1910000.0,6204894.813967238,-1547409.2905536757,-1613490.0241655132,11.30890052356021,80.03936288243294,-0.433334432750933,-1.1801376851878487,-4.319586734675444,1.572196268463737,-1.332214273128209,-2.7523339536515854,10,30.0,-689103.7024675314,-0.10725386703339201,0.6706226587427044,10.07504829994786,100.0,18.429319371727747,,,,
USDKRW CALL-upout  25Δ  1M  H@20Δ  [Golden cross  ∧  RV < p75],single,961,10000000.0,2810026.642588293,1922000.0,728412.6151639577,-2081614.0274243355,-2078395.937266815,3.225806451612903,25.921911348606386,-2.3384114917620575,-3.1131535636520917,-11.609935721580067,2.97327786178836,-0.9550694499953799,-6.086431425440452,10,0.0,-565267.4923996225,-0.1107860496239209,0.08348256287994979,12.550637368387992,100.0,19.35483870967742,,,,
USDKRW CALL-upout  25Δ  6W  H@20Δ  [Golden cross  ∧  RV < p75],single,961,10000000.0,2965690.3979654214,1922000.0,1149548.6373052609,-1816141.7606601608,-1812658.4299720551,5.515088449531738,38.76158610804067,-1.8342077395443064,-2.4089940220791948,-6.864857930853981,1.9038947702035436,-0.7903277271565408,-4.312888792282738,10,0.0,-545286.7817746673,-0.11099541699700961,0.1706835352854193,10.732486750824782,100.0,15.920915712799166,,,,
USDKRW CALL-upout  25Δ  2M  H@20Δ  [Golden cross  ∧  RV < p75],single,959,10000000.0,3184206.016504665,1918000.0,1271107.7840535447,-1913098.2324511197,-1953815.4875943772,5.630865484880084,39.919143970742596,-1.7340214996127077,-1.8966942097142923,-4.103095669183188,1.0252886892265596,-0.5405661513465597,-2.921982898940852,10,0.0,-508749.02811276045,-0.10867160089137769,0.18693651073809833,11.637768338793004,100.0,17.205422314911367,,,,
USDKRW CALL-upout  25Δ  10W  H@20Δ  [Golden cross  ∧  RV < p75],single,958,10000000.0,3278509.540759484,1916000.0,2060378.3589865766,-1218131.1817729075,-1385017.9918575478,7.306889352818372,62.844970660334845,-0.9760234584672784,-1.1716080389604497,-3.0308808999597256,1.1193718156885395,-0.9554149326951882,-2.290979854648989,10,20.0,-307480.1955055148,-0.09826841457785386,0.3989880234985095,8.663366653144799,100.0,18.16283924843424,,,,
USDKRW CALL-upout  25Δ  3M  H@20Δ  [Golden cross  ∧  RV < p75],single,955,10000000.0,3475375.4709949545,1910000.0,1295985.4034286386,-2179390.0675663156,-2170943.5261787195,4.397905759162303,37.29051477300135,-2.0140220809729015,-2.309428335059123,-5.074930336683687,1.6846243581562983,-0.7294551351008562,-3.9940526932154214,10,10.0,-550729.8977904221,-0.11226916314284013,0.13529250883935792,12.310644328744427,100.0,18.429319371727747,,,,
USDKRW CALL-upout  ATM  1M  H@20Δ  [Golden cross  ∧  RV < median (strict)],single,603,10000000.0,16371330.058229988,1206000.0,16244205.814474866,-127124.24375512474,-2695961.2730355645,29.187396351575458,99.22349471116297,-0.01666165236489691,-0.23963353654120556,-2.351410500176483,1.02161272533087,-4.2632293462613955,-1.2612462618720754,10,50.0,-1317199.4044776065,-0.005337108013451516,0.9809926606586867,11.857177186259523,100.0,20.066334991708125,,,,
USDKRW CALL-upout  ATM  6W  H@20Δ  [Golden cross  ∧  RV < median (strict)],single,603,10000000.0,19011483.57905568,1206000.0,25583772.262436733,6572288.683381049,-3000609.8955150316,35.98673300165838,134.57009894073454,0.5059345905200927,-0.8256482370175661,-9.79693520236886,3.2206165314231336,-3.9007126607049405,-4.046264768440699,10,60.0,-1742827.8494336433,0.24798930739366257,1.8715706181790102,10.938625278513488,100.0,15.257048092868988,,,,
USDKRW CALL-upout  ATM  2M  H@20Δ  [Golden cross  ∧  RV < median (strict)],single,603,10000000.0,22835498.43760836,1206000.0,27095439.544720236,4259941.107111877,-3668755.5282069854,30.18242122719735,118.65490748428805,0.2894236967516984,-0.4759865680105587,-4.264891704512145,1.7797137657988404,-3.73899997480467,-2.2557003338093993,10,50.0,-2173578.8690119605,0.13142442370129462,1.3672850758819182,15.273745727818127,100.0,17.744610281923716,,,,
USDKRW CALL-upout  ATM  10W  H@20Δ  [Golden cross  ∧  RV < median (strict)],single,603,10000000.0,24470013.270938627,1206000.0,29931695.351009365,5461682.080070735,-3171126.500180261,33.001658374792704,122.31989831634951,0.38503781761807726,-0.9503883030083188,-7.986275137630185,2.782366820626654,-2.9276105480459598,-3.7327551236349725,10,30.0,-1877472.9689551948,0.19500184087760178,1.5273861555332324,14.199263047048387,100.0,19.56882255389718,,,,
USDKRW CALL-upout  ATM  3M  H@20Δ  [Golden cross  ∧  RV < median (strict)],single,603,10000000.0,27940399.949300498,1206000.0,35281159.06809461,7340759.118794111,-2555196.609054041,33.66500829187397,126.27292068873155,0.4375343618964813,0.22503349409659412,-1.6409100798855545,1.1343987437262828,5.041021774471269,-0.9093652496296887,10,60.0,-1231137.5063725077,0.32536973714257766,1.6207156210394054,10.609149853599257,100.0,22.553897180762853,,,,
USDKRW CALL-upout  45Δ  1M  H@20Δ  [Golden cross  ∧  RV < median (strict)],single,603,10000000.0,12052206.001078753,1206000.0,11250518.572870478,-801687.4282082755,-2180558.4248731425,23.71475953565506,93.34821004439753,-0.13669501909040901,-0.3721420723834371,-2.3342212967477485,0.9996503960096087,-2.6862063448166578,-1.3717924683930458,10,50.0,-984570.1546115906,-0.041612959612194245,0.8544015894257864,10.995924396564439,100.0,20.066334991708125,,,,
USDKRW CALL-upout  45Δ  6W  H@20Δ  [Golden cross  ∧  RV < median (strict)],single,603,10000000.0,13974543.772506814,1206000.0,18409587.192343183,4435043.419836369,-2242648.307037199,29.187396351575458,131.73658827103728,0.4395458961339784,-0.9228941572931857,-9.796622299228774,3.1977404747583047,-3.4649048858832945,-4.12063463205149,10,50.0,-1272911.212216957,0.2239043674029642,1.7290468990347099,8.609866792354637,100.0,15.257048092868988,,,,
USDKRW CALL-upout  45Δ  2M  H@20Δ  [Golden cross  ∧  RV < median (strict)],single,603,10000000.0,16786643.7063963,1206000.0,19677928.11251976,2891284.406123461,-2759379.280252158,26.036484245439468,117.22371938484508,0.2561047129889746,-0.551607859143417,-4.264704901849238,1.7559257328807718,-3.183286285310584,-2.307533592024189,10,40.0,-1671982.1718695248,0.11859617279228421,1.3195473610280728,11.794092067674484,100.0,17.744610281923716,,,,
USDKRW CALL-upout  45Δ  10W  H@20Δ  [Golden cross  ∧  RV < median (strict)],single,603,10000000.0,18000075.17820711,1206000.0,21465430.81681607,3465355.6386089576,-2493307.5444532707,29.850746268656714,119.25189536321771,0.3235052518029652,-1.0549897573710776,-7.9862528650459765,2.821937345210783,-2.6748480973339035,-3.8769271025818606,10,40.0,-1579609.5944239828,0.15736125912046509,1.417829242706748,11.670280164240308,100.0,19.56882255389718,,,,
USDKRW CALL-upout  45Δ  3M  H@20Δ  [Golden cross  ∧  RV < median (strict)],single,603,10000000.0,20603092.93515887,1206000.0,25250771.51240427,4647678.577245398,-1942094.9816852584,30.18242122719735,122.55815955338534,0.35962082783722155,0.07928422670135872,-1.6227467485881344,1.1777465016769848,14.854739090957185,-1.098462274975626,10,50.0,-924251.8245050246,0.2710354669694648,1.4906331354693956,8.655489687976566,100.0,22.553897180762853,,,,
USDKRW CALL-upout  40Δ  1M  H@20Δ  [Golden cross  ∧  RV < median (strict)],single,603,10000000.0,8368360.449676589,1206000.0,7151461.460745056,-1216898.9889315323,-1887668.9732926905,19.237147595356554,85.4583344461631,-0.2928078287680352,-0.5389220543561162,-2.333925012814671,0.9913790976463713,-1.839559338188217,-1.5303011520024876,10,40.0,-819996.431936887,-0.07296590138141489,0.7166539038175598,11.916519958444974,100.0,20.066334991708125,,,,
USDKRW CALL-upout  40Δ  6W  H@20Δ  [Golden cross  ∧  RV < median (strict)],single,603,10000000.0,9638644.551530253,1206000.0,12351935.187252257,2713290.635722004,-1704273.8697164438,25.37313432835821,128.15012651640149,0.37365336169707447,-1.008683019905948,-9.796721528767259,3.17598322096091,-3.148643486887532,-4.184666240866858,10,50.0,-879458.8530706837,0.18025312062451565,1.6106939074104907,7.122103085169919,100.0,15.257048092868988,,,,
USDKRW CALL-upout  40Δ  2M  H@20Δ  [Golden cross  ∧  RV < median (strict)],single,603,10000000.0,11497241.284279224,1206000.0,13156066.588377437,1658825.3040982126,-2277169.943710847,22.553897180762853,114.42802897740702,0.20900190884435632,-0.6810471463225121,-4.258392368840156,1.7483100033477181,-2.5670910050620788,-2.4293571496702304,10,30.0,-1210564.0238311684,0.08245110261727577,1.2575192738681304,10.334810832695851,100.0,17.744610281923716,,,,
USDKRW CALL-upout  40Δ  10W  H@20Δ  [Golden cross  ∧  RV < median (strict)],single,603,10000000.0,12299327.90789769,1206000.0,13694731.083495036,1395403.1755973434,-1807907.9859479247,22.056384742951906,111.34536119409681,0.18892852479114147,-1.1764857223630596,-7.97241721111411,2.7645748951129194,-2.349858432246899,-3.941060617475979,10,40.0,-1182624.6370972842,0.08738748596770333,1.2246454167424203,9.290641010538563,100.0,19.56882255389718,,,,
USDKRW CALL-upout  40Δ  3M  H@20Δ  [Golden cross  ∧  RV < median (strict)],single,603,10000000.0,14020119.922744561,1206000.0,16061971.171290293,2041851.2485457319,-1452694.9193061348,23.88059701492537,114.56372170706813,0.22737076954896474,-0.13284714675935858,-1.6227041420364343,1.2074707696494613,-9.089173528406244,-1.34031791640882,10,40.0,-626083.2113856141,0.15918794927461327,1.2830138483398918,7.4947905806071615,100.0,22.553897180762853,,,,
USDKRW CALL-upout  35Δ  1M  H@20Δ  [Golden cross  ∧  RV < median (strict)],single,603,10000000.0,5405450.0029864665,1206000.0,3982352.816147295,-1423097.1868391722,-1659768.7021504566,13.266998341625207,73.67291925643707,-0.5445488744998233,-0.7878114804890027,-2.5376808629853858,1.0832319161575938,-1.3749887415771354,-1.8710433966465967,10,30.0,-831522.8253387857,-0.0970461360565486,0.5426479811725098,11.803046023071484,100.0,20.066334991708125,,,,
USDKRW CALL-upout  35Δ  6W  H@20Δ  [Golden cross  ∧  RV < median (strict)],single,603,10000000.0,6150805.40052599,1206000.0,7306687.144158275,1155881.7436322845,-1312596.3541627494,20.729684908789388,118.79236406232975,0.25366875452873255,-1.138167704540931,-9.79686095662237,3.133650732304373,-2.7532416530552504,-4.2718184368453045,10,50.0,-562898.1546657544,0.09970296468309504,1.3953795634655675,6.1983185579718665,100.0,15.257048092868988,,,,
USDKRW CALL-upout  35Δ  2M  H@20Δ  [Golden cross  ∧  RV < median (strict)],single,603,10000000.0,7241610.139387147,1206000.0,7659763.391508749,418153.2521216031,-1721759.7106966332,17.91044776119403,105.77431322693371,0.08559442222742232,-0.8335840636512633,-4.246449825023519,1.696471517588101,-2.0351534914873732,-2.530055581239364,10,30.0,-808690.7187207333,0.02748869970320037,1.0964389846487408,8.428420590145887,100.0,17.744610281923716,,,,
USDKRW CALL-upout  35Δ  10W  H@20Δ  [Golden cross  ∧  RV < median (strict)],single,603,10000000.0,7712423.88320736,1206000.0,7969129.095846595,256705.21263923467,-1373364.844844211,17.081260364842453,103.32846348342146,0.05443772866926736,-1.2816054763912654,-7.946000593524189,2.638243594400822,-2.0585458185069303,-3.9198490707920874,10,40.0,-825774.8938929596,0.021162872861122107,1.0578017864606917,7.232881471196263,100.0,19.56882255389718,,,,
USDKRW CALL-upout  35Δ  3M  H@20Δ  [Golden cross  ∧  RV < median (strict)],single,603,10000000.0,8722646.0395636,1206000.0,8986559.764907945,263913.7253443446,-1265696.4521451497,17.744610281923716,103.02561543993995,0.04761920416571287,-0.3238091904271489,-2.124902011055645,1.2400055182363496,-3.8294327489612376,-1.5638147086634986,10,30.0,-393093.8441784776,0.023615270254343224,1.0531538242289618,6.196378972333745,100.0,22.553897180762853,,,,
USDKRW CALL-upout  30Δ  1M  H@20Δ  [Golden cross  ∧  RV < median (strict)],single,603,10000000.0,3175032.087375666,1206000.0,1767425.9513823984,-1407606.1359932679,-1453758.37784354,8.955223880597014,55.66639651957882,-1.0205514987601394,-1.3287602403176526,-4.167812186501354,1.3632894609676343,-1.0259860429310612,-2.6920497012852866,10,30.0,-676577.4749149808,-0.10959233494683696,0.3156656173043115,9.925270266627697,100.0,20.066334991708125,,,,
USDKRW CALL-upout  30Δ  6W  H@20Δ  [Golden cross  ∧  RV < median (strict)],single,603,10000000.0,3524809.392222625,1206000.0,3305970.292587366,-218839.0996352597,-1070692.1369720127,14.096185737976782,93.79146287688292,-0.10173820183165289,-1.5060354723777194,-9.79709293902524,3.016453318586882,-2.002909874243881,-4.522488790964601,10,40.0,-505645.7529253038,-0.02314121554770269,0.8854777749246664,5.486650675864785,100.0,15.257048092868988,,,,
USDKRW CALL-upout  30Δ  2M  H@20Δ  [Golden cross  ∧  RV < median (strict)],single,603,10000000.0,4036836.4943519095,1206000.0,3327743.916203984,-709092.5781479256,-1264206.7718313339,11.940298507462686,82.43444887748008,-0.29879925710905864,-1.1488821552397546,-4.2205844159317465,1.5708150779278018,-1.3672551799710007,-2.7196972331675564,10,30.0,-456161.19654385257,-0.06348572545208665,0.7420090945642535,7.008253591781955,100.0,17.744610281923716,,,,
USDKRW CALL-upout  30Δ  10W  H@20Δ  [Golden cross  ∧  RV < median (strict)],single,603,10000000.0,4257879.593593037,1206000.0,3905853.728338089,-352025.8652549478,-922501.0813683411,12.106135986733001,91.7323668385397,-0.14284484280516407,-1.4206583444274394,-7.8879312864301765,2.492650920822333,-1.7545745115986582,-3.9133092652497723,10,40.0,-490725.8277040617,-0.04320495451560857,0.8669355364486729,4.762083334970417,100.0,19.56882255389718,,,,
USDKRW CALL-upout  30Δ  3M  H@20Δ  [Golden cross  ∧  RV < median (strict)],single,603,10000000.0,4732254.898935564,1206000.0,4074414.908936081,-657839.989999483,-838607.3797723204,12.106135986733001,86.09880481823895,-0.24204333165111988,-0.5853195047788059,-2.06140207781535,1.0769272267027352,-1.839896360723037,-1.6622467314815412,10,30.0,-327836.6970084545,-0.08884277114133401,0.7682786014556771,4.877260955854309,100.0,22.553897180762853,,,,
USDKRW CALL-upout  25Δ  1M  H@20Δ  [Golden cross  ∧  RV < median (strict)],single,603,10000000.0,1733208.9368344918,1206000.0,454615.1492531904,-1278593.7875813013,-1275401.386559429,3.150912106135987,26.22967950323941,-1.9884227771317888,-2.360503275978087,-8.332915986180135,2.2890841528257457,-0.9697441118260052,-4.649587428803833,10,0.0,-483417.18640616076,-0.11346893126235522,0.07636725311819295,7.914224524526421,100.0,20.066334991708125,,,,
USDKRW CALL-upout  25Δ  6W  H@20Δ  [Golden cross  ∧  RV < median (strict)],single,603,10000000.0,1826953.1809727275,1206000.0,816204.1321760223,-1010749.0487967054,-1007279.0468962656,5.970149253731343,44.675700542115116,-1.3240548416377051,-2.432464496979031,-9.797528666740034,2.812064365675784,-1.156055666657496,-5.244528862654816,10,0.0,-444361.66206131986,-0.11361074372781489,0.2378574444850251,6.325541191518456,100.0,15.257048092868988,,,,
USDKRW CALL-upout  25Δ  2M  H@20Δ  [Golden cross  ∧  RV < median (strict)],single,603,10000000.0,1964226.6604193717,1206000.0,742308.5280652106,-1221918.1323541612,-1218126.23148977,4.809286898839138,37.791388490100445,-1.5184968285141272,-2.012811662546497,-4.1585706283180786,1.1916684119750476,-0.5920416868349299,-3.2044800745215447,10,10.0,-421377.09802258626,-0.11353795644288078,0.18470623786197066,7.553990308644692,100.0,17.744610281923716,,,,
USDKRW CALL-upout  25Δ  10W  H@20Δ  [Golden cross  ∧  RV < median (strict)],single,603,10000000.0,2023501.6889035567,1206000.0,1123790.27541384,-899711.4134897164,-895765.4986792342,6.301824212271974,55.53690820108833,-1.1109221335262918,-2.007746600562022,-7.74427250772777,2.0528812486346344,-1.0224802512727345,-4.060627849196656,10,10.0,-251603.5857746469,-0.11371945253905938,0.29817207997337014,5.3321250574103,100.0,19.56882255389718,,,,
USDKRW CALL-upout  25Δ  3M  H@20Δ  [Golden cross  ∧  RV < median (strict)],single,603,10000000.0,2150738.9058920904,1206000.0,890783.956240141,-1259954.9496519498,-1251438.9151733622,4.975124378109453,41.41757764272454,-1.4833619262348252,-1.7960248703887949,-3.548447271027427,1.2434814914481778,-0.6923520447570388,-3.0395063618369726,10,20.0,-388614.73997339234,-0.11402651910324377,0.20855694349310214,7.183735251168419,100.0,22.553897180762853,,,,
USDKRW CALL-upout  ATM  1M  H@25Δ,single,2429,10000000.0,54055822.9672458,4858000.0,57529777.16602662,3473954.1987808193,-4173815.312008834,26.26595306710581,106.42660495777821,0.2475842428882022,0.07290486361244998,-2.6372553014897595,1.319295752301378,18.09612811724788,-1.246390888688928,11,45.45454545454545,-2615110.092534149,0.08414205670969788,1.1936036629845101,16.39712350212101,100.0,23.836969946480032,,,,
USDKRW CALL-upout  ATM  6W  H@25Δ,single,2422,10000000.0,62083438.651638865,4844000.0,77944643.92153803,15861205.269899156,-5532191.268340219,28.28241123038811,125.54820675913135,0.7450522437789896,0.35002437196836045,-2.9092919153436743,1.670007711026894,4.771118369945537,-1.3199833390585336,11,63.63636363636363,-3155302.8299078937,0.2902436283240365,1.7699870199505727,17.191335395401936,100.0,24.483897605284888,,,,
USDKRW CALL-upout  ATM  2M  H@25Δ,single,2410,10000000.0,73213592.46064162,4820000.0,83494992.08389875,10281399.623257142,-9872101.235581111,25.435684647302903,114.04302026127763,0.3834228980628912,0.18649226766135624,-2.464639538356555,1.4202404064676755,7.615545804004231,-1.2337481388063192,11,54.54545454545454,-3712103.440310128,0.10613652472228874,1.3155733178436937,43.83019855618544,100.0,27.510373443983404,,,,
USDKRW CALL-upout  ATM  10W  H@25Δ,single,2405,10000000.0,78037884.15461138,4810000.0,86047360.58233048,8009476.427719086,-8269129.515991502,26.320166320166322,110.2635745631576,0.2944914149786044,0.1924777110177966,-2.741638291560265,1.3462427973338469,6.994278923076826,-1.1537650863160502,11,63.63636363636363,-4580518.933304,0.09890440118616478,1.2382863026976767,36.022087384172714,100.0,29.3970893970894,,,,
USDKRW CALL-upout  ATM  3M  H@25Δ,single,2392,10000000.0,87947683.59477043,4784000.0,96187930.00736845,8240246.412598003,-8276781.188696641,25.125418060200673,109.36948658086997,0.2875168052240177,0.6746751346345226,-2.1944168915939075,2.5247585834991226,3.7421841326148866,-1.8500834488646,11,54.54545454545454,-3769655.5172843193,0.10226033170676392,1.2116252778338763,39.086558340602416,100.0,29.974916387959865,,,,
USDKRW CALL-upout  45Δ  1M  H@25Δ,single,2429,10000000.0,37198265.896106005,4858000.0,36961589.33709977,-236676.55900623673,-3492712.9983921717,21.366817620419926,99.36374303128196,-0.024329829312740706,-0.31056576103271794,-3.7694760711084787,1.535618126217188,-4.944582819145384,-1.846183887249906,11,45.45454545454545,-2156893.939040298,-0.0068503791488178645,0.9830622774828994,17.203643823330403,100.0,23.836969946480032,,,,
USDKRW CALL-upout  45Δ  6W  H@25Δ,single,2422,10000000.0,42580358.67151749,4844000.0,52307187.74431613,9726829.072798645,-4120040.023833259,23.98843930635838,122.84346439595642,0.6378391359361474,0.17172714013837576,-3.437188464695423,1.746827004444237,10.172107932599728,-1.5750998643058614,11,63.63636363636363,-2330747.7129600756,0.23899760282934943,1.6431650545486143,13.353337265425774,100.0,24.483897605284888,,,,
USDKRW CALL-upout  45Δ  2M  H@25Δ,single,2410,10000000.0,50128953.21745479,4820000.0,56254408.69556437,6125455.478109569,-8566836.873320572,21.95020746887967,112.21939634673379,0.3140863831331494,-0.02732735551787706,-2.8816472193313913,1.5989398962897408,-58.51059738450518,-1.6262672518076178,11,54.54545454545454,-3020655.2408187394,0.07286854769775086,1.2552731987936603,40.39737811517719,100.0,27.510373443983404,,,,
USDKRW CALL-upout  45Δ  10W  H@25Δ,single,2405,10000000.0,53437285.35038617,4810000.0,56620076.68668927,3182791.3363030963,-7408445.532560294,22.03742203742204,105.95612467106751,0.16819286561746624,0.01866704972235913,-3.2007034534637993,1.4650717321220608,78.48437508404011,-1.4464046823997017,11,54.54545454545454,-3320896.2410777435,0.04386845703313667,1.128004803550422,33.206325858734736,100.0,29.3970893970894,,,,
USDKRW CALL-upout  45Δ  3M  H@25Δ,single,2392,10000000.0,60315630.11374673,4784000.0,64405038.06583412,4089407.9520873837,-7241100.345248434,21.028428093645484,106.78001364551002,0.20107912249055612,0.6139272100156596,-1.982492521872625,2.645125050376975,4.308532033153417,-2.0311978403613153,11,54.54545454545454,-2434462.428709167,0.05800752603354409,1.1426689381274227,35.37959434259407,100.0,29.974916387959865,,,,
USDKRW CALL-upout  40Δ  1M  H@25Δ,single,2429,10000000.0,23562393.010414723,4858000.0,20571315.58289529,-2991077.4275194323,-3630827.5948414905,15.685467270481679,87.30571455031176,-0.49949323281523117,-1.0096895783343596,-5.614370310361889,1.9455817399505846,-1.9269107869372337,-2.955271318284944,11,36.36363636363637,-1648213.8797829635,-0.08328068543501346,0.708034696599859,23.119657947117812,100.0,23.836969946480032,,,,
USDKRW CALL-upout  40Δ  6W  H@25Δ,single,2422,10000000.0,26672142.43128065,4844000.0,30628542.67651841,3956400.245237757,-2977956.5424493426,18.909991742361683,114.83345500059177,0.4079733328065247,-0.14047461591605287,-4.301210781628438,1.866429710872468,-13.286597715190334,-2.0069043267885207,11,63.63636363636363,-1593462.6000279735,0.13449482063470486,1.379969823487463,11.014019301908027,100.0,24.483897605284888,,,,
USDKRW CALL-upout  40Δ  2M  H@25Δ,single,2410,10000000.0,31032926.93383292,4820000.0,32694136.216553632,1661209.282720711,-6875538.109898493,17.136929460580912,105.35305382654583,0.13433595976892632,-0.4566218372290003,-3.890191410236054,1.9017127049014453,-4.164743229193653,-2.3583345421304456,11,54.54545454545454,-2277001.1783214305,0.024622938435975714,1.1026610674804251,35.238103000988026,100.0,27.510373443983404,,,,
USDKRW CALL-upout  40Δ  10W  H@25Δ,single,2405,10000000.0,32944715.04540153,4810000.0,31666021.82222297,-1278693.2231785553,-6071676.805839853,16.590436590436592,96.11866965182008,-0.11350119430725217,-0.33197349020168593,-3.7394267523009317,1.5534161052630375,-4.679337811941794,-1.8853895954647235,11,45.45454545454545,-2192317.905586357,-0.021504482799310155,0.922384767347468,32.46789843863795,100.0,29.3970893970894,,,,
USDKRW CALL-upout  40Δ  3M  H@25Δ,single,2392,10000000.0,36917965.24437637,4784000.0,37266545.92365898,348580.6792826187,-5900587.372434391,16.09531772575251,100.94420338980011,0.02773825941746916,0.5569047614193307,-2.074697881369424,3.1969468673181547,5.74056299890559,-2.640042105898824,11,54.54545454545454,-2078252.1865486163,0.006067873785151227,1.0184923781530955,32.75336169066483,100.0,29.974916387959865,,,,
USDKRW CALL-upout  35Δ  1M  H@25Δ,single,2429,10000000.0,13489707.12393357,4858000.0,8964545.8709678,-4525161.252965771,-4518958.54902079,10.29230135858378,66.45471090371423,-1.5537937689350905,-2.3965995928751695,-9.54917261139736,2.670520330920954,-1.1142955789778657,-5.067119923796124,11,0.0,-1158519.502247853,-0.10123203450039171,0.3636721632886414,27.874533345746187,100.0,23.836969946480032,,,,
USDKRW CALL-upout  35Δ  6W  H@25Δ,single,2422,10000000.0,14918696.63521443,4844000.0,14126901.088978264,-791795.5462361658,-2675966.8633428277,12.716763005780345,94.69259570325201,-0.15644700254887156,-0.8706068571708545,-5.5810373938732285,2.0570640289913,-2.3627932769516495,-2.9276708861621543,11,45.45454545454545,-1010665.8381234497,-0.029954082325436622,0.8864093792073094,15.40989410079702,100.0,24.483897605284888,,,,
USDKRW CALL-upout  35Δ  2M  H@25Δ,single,2410,10000000.0,16920788.29718401,4820000.0,15019167.083808903,-1901621.2133751079,-4886173.539966586,11.410788381742739,88.76162753190656,-0.303070070195327,-1.2678843504858233,-7.109150594713348,2.583992919425304,-2.038035187069845,-3.851877269911127,11,54.54545454545454,-1581599.022619849,-0.039662250172514645,0.8097461364273953,29.20261611193665,100.0,27.510373443983404,,,,
USDKRW CALL-upout  35Δ  10W  H@25Δ,single,2405,10000000.0,17798994.701060303,4810000.0,13876172.788992379,-3922821.91206792,-4816075.581843501,10.852390852390853,77.96042991217794,-0.7214537438408508,-1.1273666745003246,-5.489242393133921,1.8335473298340594,-1.626398377126706,-2.9609140043343842,11,36.36363636363637,-1370527.747396282,-0.08317189239098205,0.6117771576122508,32.70106589075712,100.0,29.3970893970894,,,,
USDKRW CALL-upout  35Δ  3M  H@25Δ,single,2392,10000000.0,19621726.906218164,4784000.0,17637426.72033157,-1984300.1858866,-4362913.235844484,10.744147157190636,89.88722962371996,-0.30205896572294333,-0.35556129510053863,-3.22579601903497,2.319674012630758,-6.523977847405596,-2.6752353077312963,11,36.36363636363637,-1551497.0059485643,-0.046715313642322724,0.818919562780554,29.314597167823916,100.0,29.974916387959865,,,,
USDKRW CALL-upout  30Δ  1M  H@25Δ,single,2429,10000000.0,7124638.836685707,4858000.0,2095084.7943123905,-5029554.042373316,-5026450.165726806,4.5286125977768625,29.406189455169603,-5.770651724163185,-7.655129306695996,-18.41179882429974,4.258881740740309,-0.5563435404043449,-11.914011047436304,11,0.0,-711395.065091039,-0.10115570026245375,0.025950610310238428,29.6341866531092,100.0,23.836969946480032,,,,
USDKRW CALL-upout  30Δ  6W  H@25Δ,single,2422,10000000.0,7489980.666896854,4844000.0,3628221.0262883557,-3861759.640608498,-3886783.623105814,6.358381502890173,48.440993210087285,-2.579273153037206,-4.183134469899668,-11.22630049354165,3.404114900846792,-0.8137713299301227,-7.587249370746461,11,0.0,-633938.3329459485,-0.1005816072029098,0.2050846310100844,23.804854462085608,100.0,24.483897605284888,,,,
USDKRW CALL-upout  30Δ  2M  H@25Δ,single,2410,10000000.0,7998788.440879033,4820000.0,3902380.184163057,-4096408.2567159766,-4090060.505400138,5.643153526970955,48.78714086522586,-2.175866514653246,-5.078092405838317,-16.995558344963968,5.7611079209397165,-1.1345023801292258,-10.839200326778034,11,0.0,-820683.2988997449,-0.1020694380532371,0.25351452572212657,27.191740807364276,100.0,27.510373443983404,,,,
USDKRW CALL-upout  30Δ  10W  H@25Δ,single,2405,10000000.0,8222424.934616919,4810000.0,3436383.216603977,-4786041.718012942,-4791607.058008638,5.3222453222453225,41.79281956271307,-2.986614716234503,-4.53686874723758,-11.650941972752216,3.1638704672398332,-0.6973687456059332,-7.700739214477414,11,0.0,-763655.1186752983,-0.10199210808837127,0.17042978186630328,29.986239883946077,100.0,29.3970893970894,,,,
USDKRW CALL-upout  30Δ  3M  H@25Δ,single,2392,10000000.0,8682839.270781672,4784000.0,5273416.218190976,-3409423.052590695,-3586500.0977888242,6.0200668896321075,60.73377674899927,-1.513341781683487,-2.219763704580037,-5.9222195947351155,2.5208567585621835,-1.1356419394374733,-4.74062046314222,11,27.27272727272727,-828369.5710906788,-0.09764241640473016,0.37982528824947676,25.317787193898948,100.0,29.974916387959865,,,,
USDKRW CALL-upout  ATM  1M  H@25Δ  [Spot > 50DMA],single,1422,10000000.0,31743282.47616721,2844000.0,33754489.927735865,2011207.4515686557,-3600532.8338737693,26.019690576652604,106.33585216991553,0.19738226999182001,-0.20278060422172126,-2.2653596018198248,1.3747663684732494,-6.779575264358486,-1.5775469726949707,11,45.45454545454545,-1210239.1564678133,0.05659460710605434,1.1780839756010322,19.593574686584045,100.0,25.31645569620253,,,,
USDKRW CALL-upout  ATM  6W  H@25Δ  [Spot > 50DMA],single,1415,10000000.0,36326049.55506262,2830000.0,48595649.97190349,12269600.41684087,-3475122.2599205463,30.459363957597173,133.7763136017385,0.7511506702652012,0.2100931055592439,-2.8005525785243828,1.455049469996131,6.925736406832367,-1.244956364436887,11,54.54545454545454,-923098.4081087395,0.3585173005866164,2.011454890870294,16.451120099029843,100.0,25.159010600706715,,,,
USDKRW CALL-upout  ATM  2M  H@25Δ  [Spot > 50DMA],single,1405,10000000.0,42658861.471978165,2810000.0,49325110.81597715,6666249.343998979,-6749823.445798718,25.551601423487547,115.62688059168647,0.3330368367266182,-0.20130430810787672,-3.240224364518599,1.5598747239642603,-7.748839250515895,-1.761179032072137,11,54.54545454545454,-2507227.505942357,0.10127108203331052,1.3312641806689909,35.61700701981136,100.0,29.537366548042705,,,,
USDKRW CALL-upout  ATM  10W  H@25Δ  [Spot > 50DMA],single,1405,10000000.0,45534818.09551328,2810000.0,46252183.85074588,717365.7552326061,-6065626.947018024,25.05338078291815,101.57542246842377,0.04006542914544909,-0.25806831844768463,-3.6278012545941523,1.3590943765044086,-5.266413113703932,-1.6171626949520932,11,54.54545454545454,-2518811.9609995936,0.012127219939041244,1.0337152743579396,34.415286443219124,100.0,31.24555160142349,,,,
USDKRW CALL-upout  ATM  3M  H@25Δ  [Spot > 50DMA],single,1402,10000000.0,51422351.81905006,2804000.0,54541209.94490111,3118858.125851054,-5779632.710506452,24.964336661911553,106.06517985957935,0.15284932115183325,0.3472164043803237,-2.6519822629230103,2.074283082439597,5.9740353746867605,-1.7270666780592732,11,63.63636363636363,-2526919.1748917215,0.05563069061838243,1.1320403359730904,30.842904065996656,100.0,29.315263908701855,,,,
USDKRW CALL-upout  45Δ  1M  H@25Δ  [Spot > 50DMA],single,1422,10000000.0,21846784.964968167,2844000.0,21710115.766325295,-136669.19864287274,-3261612.0929931067,21.09704641350211,99.37441962805042,-0.019168109592461288,-0.477495727496002,-3.1584675083829925,1.470513818433424,-3.0796376464870807,-1.948009545929426,11,45.45454545454545,-1039707.7940969629,-0.004245445741858481,0.9843613404750845,19.571299027586576,100.0,25.31645569620253,,,,
USDKRW CALL-upout  45Δ  6W  H@25Δ  [Spot > 50DMA],single,1415,10000000.0,24922220.99821978,2830000.0,32438412.533370152,7516191.535150372,-3121492.5299838036,25.653710247349824,130.15859435516305,0.6354199711880776,-0.07233117050732735,-3.646987726052695,1.6496873094578697,-22.807418957650516,-1.722018479965197,11,45.45454545454545,-816472.4929115836,0.24450363805319503,1.818804521364455,14.974586617834325,100.0,25.159010600706715,,,,
USDKRW CALL-upout  45Δ  2M  H@25Δ  [Spot > 50DMA],single,1405,10000000.0,29226036.934466206,2810000.0,33501056.604122497,4275019.669656293,-5424259.127731674,22.135231316725978,114.62743539003324,0.2897098582196306,-0.37704226219002024,-3.1726865144861924,1.6231785488122925,-4.305030792527575,-2.000220811002313,11,54.54545454545454,-1912327.9797457105,0.08081537608035855,1.2909822442714873,28.673511744930074,100.0,29.537366548042705,,,,
USDKRW CALL-upout  45Δ  10W  H@25Δ  [Spot > 50DMA],single,1405,10000000.0,31204172.454884015,2810000.0,30291657.20377803,-912515.2511059875,-4690958.068405977,20.71174377224199,97.07566271009004,-0.07381748934083109,-0.39395953529503713,-3.626491854227047,1.325931834339931,-3.3656548847001195,-1.719891369634968,11,45.45454545454545,-1702908.429520124,-0.0199468761091022,0.9420131640008643,26.566395415057933,100.0,31.24555160142349,,,,
USDKRW CALL-upout  45Δ  3M  H@25Δ  [Spot > 50DMA],single,1402,10000000.0,35306919.95682056,2804000.0,36455838.194763884,1148918.2379433247,-4598373.116949641,20.613409415121257,103.25408797864108,0.07907727106787116,0.2095453083150356,-2.651902896305773,1.89105831882396,9.024579619701608,-1.6815130105089244,11,63.63636363636363,-1927068.2299153316,0.02575751659340316,1.0662087392834732,24.30729397086981,100.0,29.315263908701855,,,,
USDKRW CALL-upout  40Δ  1M  H@25Δ  [Spot > 50DMA],single,1422,10000000.0,13834568.61497269,2844000.0,12163653.645700362,-1670914.9692723278,-2815018.1297281776,15.752461322081576,87.9221751268489,-0.3818882862404995,-0.8568979139678814,-3.9793278637914247,1.5274240880321202,-1.7825041503011194,-2.3843220020000016,11,36.36363636363637,-833500.4649815906,-0.06013926404412075,0.7329638392577345,19.456586271300285,100.0,25.31645569620253,,,,
USDKRW CALL-upout  40Δ  6W  H@25Δ  [Spot > 50DMA],single,1415,10000000.0,15609018.18562254,2830000.0,18870282.582550824,3261264.3969282834,-2555337.1401067185,20.0,120.89346272869508,0.43218268891152956,-0.45592019025947883,-4.16146051895192,1.813119549043692,-3.976835393080064,-2.269039739303171,11,45.45454545454545,-642590.7618071035,0.12959480391859393,1.5138834181221827,12.69361633409566,100.0,25.159010600706715,,,,
USDKRW CALL-upout  40Δ  2M  H@25Δ  [Spot > 50DMA],single,1405,10000000.0,18092610.289087493,2810000.0,19740489.02959806,1647878.7405105717,-4106289.0653897147,16.72597864768683,109.10802097751744,0.17101082729972045,-0.6622620947692591,-3.551157327700062,1.6967856599560869,-2.5621059597971847,-2.359047754725346,11,54.54545454545454,-1282039.6126876972,0.041150208663384424,1.1661487982003196,21.445663008992327,100.0,29.537366548042705,,,,
USDKRW CALL-upout  40Δ  10W  H@25Δ  [Spot > 50DMA],single,1405,10000000.0,19238143.642425716,2810000.0,16878300.283996403,-2359843.358429314,-3361790.786110331,15.302491103202847,87.73351835659875,-0.31995322754960964,-0.6601823345922442,-3.6240965055136263,1.2834530936633932,-1.9440888166995665,-1.9436354282556374,11,36.36363636363637,-974180.6118611208,-0.07197949631074639,0.7741456394071613,22.236322407768576,100.0,31.24555160142349,,,,
USDKRW CALL-upout  40Δ  3M  H@25Δ  [Spot > 50DMA],single,1402,10000000.0,21611850.18464578,2804000.0,21400585.967686553,-211264.21695922688,-3040573.6786199086,15.406562054208273,99.02246121847857,-0.023436332946912372,-0.013270475711318392,-2.6518464029080495,1.5720331550120898,-118.46094964563346,-1.5853036307234083,11,45.45454545454545,-1355137.383037361,-0.007162909844428632,0.9813331608297973,16.112116696740742,100.0,29.315263908701855,,,,
USDKRW CALL-upout  35Δ  1M  H@25Δ  [Spot > 50DMA],single,1422,10000000.0,7915968.851141566,2844000.0,5354476.635348298,-2561492.2157932697,-2821854.0271392777,10.056258790436006,67.64145660548077,-1.1960932667216633,-1.5543762208317085,-4.641460566930541,1.4214429652000555,-0.9144780691765063,-2.9758191860317638,11,18.181818181818183,-595109.2801898125,-0.09196942087538494,0.391269338091103,19.010090598457083,100.0,25.31645569620253,,,,
USDKRW CALL-upout  35Δ  6W  H@25Δ  [Spot > 50DMA],single,1415,10000000.0,8728132.803027347,2830000.0,8664528.533735096,-63604.269292252604,-2007873.6738153745,12.932862190812722,99.27127289733501,-0.016384108255462864,-1.2578084255780313,-6.180343666872109,2.2138627634262997,-1.7600953518886706,-3.471671189004331,11,36.36363636363637,-434683.0308069472,-0.00321661934077161,0.9843541443633431,10.920994718721017,100.0,25.159010600706715,,,,
USDKRW CALL-upout  35Δ  2M  H@25Δ  [Spot > 50DMA],single,1405,10000000.0,9864963.572977345,2810000.0,9320864.016013898,-544099.5569634456,-2629731.2634712015,11.601423487544483,94.48452543247222,-0.10856451878626405,-1.0671585275922395,-4.635551389923532,1.8041996056193486,-1.6906575349119375,-2.8713581332115883,11,36.36363636363637,-820025.5390406192,-0.021215990500206828,0.9094389361923123,14.369597737871063,100.0,29.537366548042705,,,,
USDKRW CALL-upout  35Δ  10W  H@25Δ  [Spot > 50DMA],single,1405,10000000.0,10394362.833557127,2810000.0,7531349.894221246,-2863012.939335881,-2881482.454630415,10.0355871886121,72.45609966497476,-0.7878479027135422,-1.1308889616522217,-3.6183854066207637,1.2128879301407727,-1.072508417067535,-2.343776891792994,11,18.181818181818183,-596659.7549463385,-0.10188344954763141,0.5429083525291617,18.592128448362693,100.0,31.24555160142349,,,,
USDKRW CALL-upout  35Δ  3M  H@25Δ  [Spot > 50DMA],single,1402,10000000.0,11488327.818171449,2804000.0,10579857.21960088,-908470.5985705681,-2147945.0246843174,10.841654778887303,92.09222949632748,-0.1927196259608665,-0.3135412488021983,-2.651703362374649,1.3185098111106186,-4.205219619898938,-1.6320510599128168,11,45.45454545454545,-736116.64219406,-0.04360203780341039,0.857023360477027,11.43814396004574,100.0,29.315263908701855,,,,
USDKRW CALL-upout  30Δ  1M  H@25Δ  [Spot > 50DMA],single,1422,10000000.0,4175883.052294916,2844000.0,1281597.0038291416,-2894286.0484657744,-2887949.8656661105,4.9929676511954995,30.69044290224607,-3.5604255828192524,-3.698321918638494,-5.90576640490612,1.2247705484706894,-0.3311692641730816,-4.923092467109184,11,0.0,-383896.4570391622,-0.10153990599998503,0.03854555976286542,17.059921246468246,100.0,25.31645569620253,,,,
USDKRW CALL-upout  30Δ  6W  H@25Δ  [Spot > 50DMA],single,1415,10000000.0,4379072.2603798425,2830000.0,2347368.139410043,-2031704.1209697993,-2070688.7656351887,6.713780918727916,53.6042339526599,-1.7280581994091486,-2.912683741304761,-6.586492378549039,2.2597779925468977,-0.7758404939406883,-5.172461733851659,11,9.090909090909092,-339968.0527296578,-0.09963121372608488,0.25754686589450476,13.159085723257189,100.0,25.159010600706715,,,,
USDKRW CALL-upout  30Δ  2M  H@25Δ  [Spot > 50DMA],single,1405,10000000.0,4663286.225522268,2810000.0,2562816.886265447,-2100469.3392568207,-2105114.5378994728,5.907473309608541,54.95731469878675,-1.3377835689786866,-2.123562199956279,-4.5338303452954145,1.5877179527599872,-0.747667270020476,-3.7112801527162658,11,9.090909090909092,-394000.77598342206,-0.10231443856568104,0.33217345829445316,13.603706129871384,100.0,29.537366548042705,,,,
USDKRW CALL-upout  30Δ  10W  H@25Δ  [Spot > 50DMA],single,1405,10000000.0,4802530.570096769,2810000.0,1910959.4748952356,-2891571.095201534,-2887664.504510511,4.98220640569395,39.79067799784418,-2.3819964488820697,-3.053669096081256,-7.316267424818296,1.932294450976257,-0.6327779435748135,-4.985963547057513,11,0.0,-583931.5606352293,-0.10267943015264548,0.1682219436384342,16.77610332173423,100.0,31.24555160142349,,,,
USDKRW CALL-upout  30Δ  3M  H@25Δ  [Spot > 50DMA],single,1402,10000000.0,5085913.111120222,2804000.0,3206409.214834429,-1879503.896285793,-2030603.55841347,6.419400855920114,63.04490746850738,-1.1405141423355492,-1.3695162033154802,-4.1133517621238544,1.393452716258808,-1.0174780794016014,-2.762968919574288,11,18.181818181818183,-570243.5077261674,-0.09541950510017716,0.4166402433466823,13.017739760143378,100.0,29.315263908701855,,,,
USDKRW CALL-upout  ATM  1M  H@25Δ  [Spot > 200DMA],single,1406,10000000.0,30776678.81221787,2812000.0,29847480.12177924,-929198.6904386287,-3072565.029819943,25.177809388335703,96.98083507935318,-0.09680764469418009,-0.3224318101960407,-1.5929713009126947,0.8530446031633314,-2.645658946133989,-1.1754764133593723,11,36.36363636363637,-913489.129064686,-0.03230714861831375,0.9181503405852742,17.108930183978124,100.0,24.466571834992887,,,,
USDKRW CALL-upout  ATM  6W  H@25Δ  [Spot > 200DMA],single,1399,10000000.0,35174821.64590588,2798000.0,44035700.264694735,8860878.618788853,-3594701.133131129,28.663330950679054,125.19096957473896,0.5638810564922458,0.17488492860348295,-2.310094657395444,1.4196877881551806,8.117839538786344,-1.2448028595516976,11,54.54545454545454,-1319432.6545556036,0.2637958355148491,1.68901624187967,13.997579225086374,100.0,24.231593995711222,,,,
USDKRW CALL-upout  ATM  2M  H@25Δ  [Spot > 200DMA],single,1387,10000000.0,41199031.53634986,2774000.0,45379597.90237636,4180566.366026492,-4829786.148301795,24.87382840663302,110.14724426795803,0.22807809747287044,0.15584752343478186,-2.150234659582462,1.2174079468858612,7.811532195410951,-1.0615604234510794,10,50.0,-2286318.2571908035,0.09331555502605682,1.2075306339784495,23.50810998817362,100.0,25.95529920692141,,,,
USDKRW CALL-upout  ATM  10W  H@25Δ  [Spot > 200DMA],single,1382,10000000.0,43808629.080649525,2764000.0,46248689.70363277,2440060.622983254,-6277210.994983908,26.483357452966715,105.56981734920585,0.13985513257089993,-0.05952200354071071,-2.6434111056955802,1.4976685357940687,-25.161594817112,-1.5571905393347794,10,60.0,-2939457.213701412,0.04198078072980064,1.1289691576599965,26.782965226359494,100.0,27.713458755426917,,,,
USDKRW CALL-upout  ATM  3M  H@25Δ  [Spot > 200DMA],single,1369,10000000.0,49084896.53100038,2738000.0,53802500.46778704,4717603.936786655,-7662213.132686012,26.515704894083274,109.61111109566497,0.2273258199183189,0.5126702887627073,-2.894813566898208,2.4872845257674556,4.851626045602013,-1.9746142370047484,10,60.0,-3869594.76508146,0.06686988961515732,1.2008826558007752,32.13498992531047,100.0,26.223520818115414,,,,
USDKRW CALL-upout  45Δ  1M  H@25Δ  [Spot > 200DMA],single,1406,10000000.0,21205811.42190751,2812000.0,18838596.116535217,-2367215.305372295,-3352036.467458884,19.84352773826458,88.83695012525317,-0.3542965595649093,-0.6327650451627556,-2.240619503626467,0.9531814236829544,-1.5063749664581796,-1.5859464688457101,11,27.27272727272727,-961841.4063866887,-0.07544320833972142,0.7367366958017164,21.1766648055856,100.0,24.466571834992887,,,,
USDKRW CALL-upout  45Δ  6W  H@25Δ  [Spot > 200DMA],single,1399,10000000.0,24160929.078039955,2798000.0,29501275.7709021,5340346.69286215,-2771298.3677771827,24.01715511079342,122.10323400897704,0.47331984099374397,-0.0072175777638034955,-2.3761465361371674,1.4482650844321747,-200.65805064065881,-1.4554826621959782,11,54.54545454545454,-1105270.4256291753,0.20622442553418335,1.5571598480152187,10.85139392783133,100.0,24.231593995711222,,,,
USDKRW CALL-upout  45Δ  2M  H@25Δ  [Spot > 200DMA],single,1387,10000000.0,28261109.765157104,2774000.0,30708315.12206632,2447205.3569092136,-3951654.6218354683,21.701514059120402,108.65926843370588,0.18585168506304098,0.02161551654162084,-2.3221332714195975,1.248071882379013,57.739627918483514,-1.2264563658373921,10,50.0,-1618286.4374308442,0.06676337113721661,1.1688853510105257,19.336351758889045,100.0,25.95529920692141,,,,
USDKRW CALL-upout  45Δ  10W  H@25Δ  [Spot > 200DMA],single,1382,10000000.0,30059403.753805723,2764000.0,30344651.682968274,285247.92916255514,-4542648.163807193,22.575976845151953,100.94894739595905,0.024039022946580477,-0.2234142493201753,-2.747258954640397,1.5679869782862972,-7.018294415228693,-1.7914012276064726,10,60.0,-2041680.7410541454,0.006781566430165494,1.0205379782979098,20.555369094528658,100.0,27.713458755426917,,,,
USDKRW CALL-upout  45Δ  3M  H@25Δ  [Spot > 200DMA],single,1369,10000000.0,33746206.94832643,2738000.0,35907533.77924943,2161326.8309229994,-5587615.379196512,22.20598977355734,106.4046511485943,0.15043631458288043,0.43471081755526686,-2.9098563962375317,2.4494148704068786,5.63458458241719,-2.0147040528516116,10,60.0,-2865241.149860311,0.04201044657400955,1.1281782262080708,23.518938038800005,100.0,26.223520818115414,,,,
USDKRW CALL-upout  40Δ  1M  H@25Δ  [Spot > 200DMA],single,1406,10000000.0,13450071.240414478,2812000.0,10266859.916101417,-3183211.324313062,-3758706.323826884,14.366998577524893,76.33312666219774,-0.7709691931317864,-1.152105390933025,-3.694448254789751,1.2556520347007132,-1.0898760170576336,-2.407757425633738,11,27.27272727272727,-855698.0070210333,-0.09047283521124054,0.5233308798481686,22.838766875768556,100.0,24.466571834992887,,,,
USDKRW CALL-upout  40Δ  6W  H@25Δ  [Spot > 200DMA],single,1399,10000000.0,15154745.265203318,2798000.0,17381354.247759767,2226608.982556451,-1933777.472115933,19.013581129378128,114.69248703024356,0.30910227592457085,-0.272536033728897,-2.485365574024732,1.4865153776418476,-5.454381049371793,-1.7590514113707445,11,54.54545454545454,-837985.6159772055,0.12322289178178861,1.3323892724667863,8.073964665335534,100.0,24.231593995711222,,,,
USDKRW CALL-upout  40Δ  2M  H@25Δ  [Spot > 200DMA],single,1387,10000000.0,17518540.104726993,2774000.0,18020415.205133673,501875.1004066819,-3205096.3182512256,16.870944484498917,102.86482262452485,0.06015328952065946,-0.23818234696095533,-2.43689060681432,1.2819555155529778,-5.38224403239727,-1.5201378625139332,10,40.0,-1099517.920581519,0.01688112505636631,1.0531506761066132,15.41586158266511,100.0,25.95529920692141,,,,
USDKRW CALL-upout  40Δ  10W  H@25Δ  [Spot > 200DMA],single,1382,10000000.0,18555669.590070195,2764000.0,16595946.594527805,-1959722.9955423907,-2970926.3481768547,16.71490593342981,89.43868349223513,-0.2853259837516289,-0.5318558933916062,-2.8358570505677165,1.5377281483392897,-2.8912496175106934,-2.069584041730896,10,50.0,-1348516.6088167394,-0.07123926411285289,0.7896781124644914,16.86028255228182,100.0,27.713458755426917,,,,
USDKRW CALL-upout  40Δ  3M  H@25Δ  [Spot > 200DMA],single,1369,10000000.0,20679936.153301194,2738000.0,20596923.926974297,-83012.2263268953,-3463763.21550533,16.508400292184074,99.59858567400053,-0.009700526147166528,0.3576676166214249,-2.9129754152517506,2.5607524086981956,7.159586973199861,-2.203084792076771,10,60.0,-1747086.752790338,-0.0026028984391864413,0.9922938277057062,15.56999476445981,100.0,26.223520818115414,,,,
USDKRW CALL-upout  35Δ  1M  H@25Δ  [Spot > 200DMA],single,1406,10000000.0,7721163.384414539,2812000.0,4472452.0226612985,-3248711.36175324,-3514555.176007266,8.748221906116644,57.924587267368445,-1.5363716165424697,-1.9444047552526604,-4.752849394240032,1.429681886592997,-0.7352799784771257,-3.3740866418456577,11,9.090909090909092,-650691.6067390895,-0.09874881330729114,0.2798686646440629,21.274912273321636,100.0,24.466571834992887,,,,
USDKRW CALL-upout  35Δ  6W  H@25Δ  [Spot > 200DMA],single,1399,10000000.0,8501038.077760827,2798000.0,8139169.830691351,-361868.2470694772,-1646781.0513814536,12.580414581844174,95.74324636874474,-0.09525922771342075,-0.7905799753164828,-3.026370489802847,1.514477804027063,-1.9156541416582065,-2.305057779343546,11,45.45454545454545,-643104.0388739095,-0.023516276170432303,0.9166846081769617,8.473664269039459,100.0,24.231593995711222,,,,
USDKRW CALL-upout  35Δ  2M  H@25Δ  [Spot > 200DMA],single,1387,10000000.0,9580270.289942114,2774000.0,8569557.468795594,-1010712.8211465188,-2119604.145624064,11.607786589762076,89.45005943926635,-0.23281177524747815,-0.603696264286415,-2.709307476175106,1.217974893462334,-2.0175292866885846,-1.821671157748749,10,40.0,-628197.3909355623,-0.05140671324360997,0.8204597867036685,11.839082849394996,100.0,25.95529920692141,,,,
USDKRW CALL-upout  35Δ  10W  H@25Δ  [Spot > 200DMA],single,1382,10000000.0,10054173.835066654,2764000.0,7115346.304085363,-2938827.5309812925,-3021296.167007609,10.5643994211288,70.77007440699566,-0.8880504709939626,-1.0723090756005784,-3.1200690179266233,1.3318690798429065,-1.242057080508205,-2.4041781554434847,10,30.0,-795238.4609106157,-0.10505033006803699,0.48275699388334775,17.526940700212343,100.0,27.713458755426917,,,,
USDKRW CALL-upout  35Δ  3M  H@25Δ  [Spot > 200DMA],single,1369,10000000.0,11022040.373271415,2738000.0,9743258.15079433,-1278782.2224770868,-2218173.8281061915,11.176040905770636,88.39795374386262,-0.29450904750456797,-0.13959676226795042,-2.9205417764808184,2.120172121054807,-15.187831627392768,-2.2597688833227574,10,30.0,-904315.9335521588,-0.06261297949851656,0.7897048980877038,11.929999444760195,100.0,26.223520818115414,,,,
USDKRW CALL-upout  30Δ  1M  H@25Δ  [Spot > 200DMA],single,1406,10000000.0,4101094.5809041928,2812000.0,1129342.5382169462,-2971752.0426872466,-3008705.4015027066,4.551920341394026,27.537588220361236,-3.3911143647978466,-4.16088278962331,-9.608370745109108,2.5219705952595013,-0.6061143086147396,-6.6828533848828116,11,0.0,-538207.095284238,-0.10551738701298298,0.03137391110854267,17.752215807803815,100.0,24.466571834992887,,,,
USDKRW CALL-upout  30Δ  6W  H@25Δ  [Spot > 200DMA],single,1399,10000000.0,4295780.100483461,2798000.0,2226491.019160196,-2069289.0813232649,-2238501.990030693,6.790564689063617,51.829725150726865,-1.6714978937879617,-2.6977527461217994,-7.337731473078515,2.1489684512588823,-0.796577245393659,-4.846721197380681,11,9.090909090909092,-512213.4755514879,-0.09892763292873319,0.2510875640896694,13.465646895954487,100.0,24.231593995711222,,,,
USDKRW CALL-upout  30Δ  2M  H@25Δ  [Spot > 200DMA],single,1387,10000000.0,4561874.703303372,2774000.0,2314534.4279477857,-2247340.275355587,-2236827.140632479,5.912040374909877,50.7364752098906,-1.52651585119015,-2.189640651020752,-5.677425749716773,1.5402355245626496,-0.7034193139612351,-3.729876175583401,10,10.0,-458357.2596973689,-0.10831366077363455,0.27761429527194026,13.483911755945089,100.0,25.95529920692141,,,,
USDKRW CALL-upout  30Δ  10W  H@25Δ  [Spot > 200DMA],single,1382,10000000.0,4679148.354228251,2764000.0,1771030.1886046692,-2908118.1656235815,-2913614.225618868,5.065123010130246,37.84941306689499,-2.561423180330711,-2.8920130244882953,-6.240497889718301,1.5273278712325067,-0.5281192920985367,-4.4193408957208025,10,0.0,-528615.2328761552,-0.10779450479019052,0.11892591315379326,16.711418281193165,100.0,27.713458755426917,,,,
USDKRW CALL-upout  30Δ  3M  H@25Δ  [Spot > 200DMA],single,1369,10000000.0,4914608.270565281,2738000.0,2920491.1702348003,-1994117.1003304797,-2103089.8220697646,6.135865595325055,59.424698967897285,-1.308491003039505,-1.3564444574549221,-3.321294790509498,1.7335368420377466,-1.2780006085102502,-3.0899812994926688,10,30.0,-492693.21895477304,-0.1029807839081561,0.35372062133985,13.69916035737208,100.0,26.223520818115414,,,,
USDKRW CALL-upout  ATM  1M  H@25Δ  [20DMA > 50DMA],single,1409,10000000.0,31281765.393345952,2818000.0,32623018.92839567,1341253.5350497186,-2736402.2366237976,25.90489709013485,104.28765294472487,0.13313941220551345,-0.053833415210660845,-2.160182189875451,0.864213329375616,-16.053473962106576,-0.9180467445862769,11,45.45454545454545,-876304.1185445852,0.04984078105099326,1.120723484988722,14.067450431915473,100.0,25.762952448545068,,,,
USDKRW CALL-upout  ATM  6W  H@25Δ  [20DMA > 50DMA],single,1402,10000000.0,35795707.6466823,2804000.0,44971007.73808218,9175300.091399873,-2752817.3338779155,28.31669044222539,125.63240314163835,0.5729006240358399,0.30794427110691225,-1.3431079813275364,0.9509513152782865,3.0880630182210296,-0.6430070441713742,11,54.54545454545454,-1085554.5474625498,0.3393921015403117,1.741762641324723,12.77836718253386,100.0,26.24821683309558,,,,
USDKRW CALL-upout  ATM  2M  H@25Δ  [20DMA > 50DMA],single,1397,10000000.0,42270115.689985305,2794000.0,47204862.16475111,4934746.474765808,-6434869.319155854,24.838940586972083,111.67431504318061,0.253158554300868,-0.1772454124173868,-2.6022475547125055,1.3095140442399804,-7.388140693629169,-1.4867594566573672,11,54.54545454545454,-2123745.248007288,0.07955167226414324,1.2492993448302978,30.52587753256369,100.0,29.27702219040802,,,,
USDKRW CALL-upout  ATM  10W  H@25Δ  [20DMA > 50DMA],single,1397,10000000.0,45116325.718173906,2794000.0,44704179.81481547,-412145.9033584327,-5901916.705161517,24.194702934860416,99.08648167421043,-0.023184794466765357,-0.2688377388965774,-2.511737626479474,1.1176493578156275,-4.157338037445665,-1.386487096712205,11,45.45454545454545,-1913247.5963964954,-0.007237894297172444,0.9799573775816437,29.142433942945583,100.0,31.281317108088764,,,,
USDKRW CALL-upout  ATM  3M  H@25Δ  [20DMA > 50DMA],single,1397,10000000.0,51089018.44837846,2794000.0,55959071.51221939,4870053.063840933,-6623915.004759496,25.769506084466716,109.53248508534519,0.22736446675794997,0.4442216145790057,-2.194910882531423,2.2132078749899216,4.9822156382178875,-1.768986260410916,11,54.54545454545454,-2831296.637154945,0.07633317585300443,1.2079821268505604,28.495738735670727,100.0,28.561202576950606,,,,
USDKRW CALL-upout  45Δ  1M  H@25Δ  [20DMA > 50DMA],single,1409,10000000.0,21531232.166789494,2818000.0,20871336.7273059,-659895.4394835946,-2743293.7130688285,21.220723917672107,96.93517103725519,-0.09418951462944176,-0.3674372116680178,-3.022354692789694,1.0789783357697926,-2.9364971796723123,-1.4464155474378104,11,45.45454545454545,-895471.8496145352,-0.024460014794853265,0.923314012844515,16.637064890183737,100.0,25.762952448545068,,,,
USDKRW CALL-upout  45Δ  6W  H@25Δ  [20DMA > 50DMA],single,1402,10000000.0,24558427.959560156,2804000.0,30106797.981102742,5548370.021542589,-2478530.4848147593,24.10841654778887,122.5925292558586,0.4826186625184594,0.11998734320624585,-1.4829066254198664,1.0016162554886938,8.347682586545973,-0.881628912282448,11,54.54545454545454,-851123.5668060116,0.22794496284525612,1.6198751775542393,11.347842294859184,100.0,26.24821683309558,,,,
USDKRW CALL-upout  45Δ  2M  H@25Δ  [20DMA > 50DMA],single,1397,10000000.0,28955348.251845673,2794000.0,31892160.519941807,2936812.2680961345,-5414713.53384953,21.546170365068004,110.14255550495386,0.20705916247906814,-0.30746373695383683,-2.4625361820586167,1.3023181325736253,-4.235680426824311,-1.6097818695274622,11,54.54545454545454,-1576579.4557486037,0.05626326099382033,1.205640089284693,25.060360519688274,100.0,29.27702219040802,,,,
USDKRW CALL-upout  45Δ  10W  H@25Δ  [20DMA > 50DMA],single,1397,10000000.0,30911119.82626444,2794000.0,29310246.13957827,-1600873.6866861677,-4631059.094575844,20.114531138153186,94.82104273257048,-0.13176516351244794,-0.3730084758984162,-2.5108149954458296,1.088161192821343,-2.917255942242152,-1.4611696687197593,11,45.45454545454545,-1403712.0887309692,-0.035828701457008026,0.8942582074688047,23.404028013000133,100.0,31.281317108088764,,,,
USDKRW CALL-upout  45Δ  3M  H@25Δ  [20DMA > 50DMA],single,1397,10000000.0,35067941.266534,2794000.0,37441680.35675036,2373739.090216361,-5243902.457323661,21.617752326413743,106.76897189993204,0.1571473992541614,0.4415135036618878,-2.3653620056005056,2.4639302729264396,5.580645331322242,-2.022416769264552,11,63.63636363636363,-2521528.2279874594,0.04699728464470502,1.1378483552817287,23.63650006273403,100.0,28.561202576950606,,,,
USDKRW CALL-upout  40Δ  1M  H@25Δ  [20DMA > 50DMA],single,1409,10000000.0,13641056.991626382,2818000.0,11563590.180004088,-2077466.8116222937,-2594664.9448765945,15.755855216465578,84.77048506653439,-0.47910445463492096,-0.7698866486365765,-3.2627381200028975,1.1500733833262535,-1.4938217013672923,-1.91996003196283,11,36.36363636363637,-764759.3786018085,-0.08141542733344317,0.6711760122363988,18.719336180225444,100.0,25.762952448545068,,,,
USDKRW CALL-upout  40Δ  6W  H@25Δ  [20DMA > 50DMA],single,1402,10000000.0,15387575.46915868,2804000.0,17575931.27421436,2188355.805055682,-2154909.302370997,18.901569186875893,114.22157642340605,0.29916463383252534,-0.1890085976466014,-1.6353308297544364,1.0859373121641442,-5.745438703241289,-1.2749459098107456,11,36.36363636363637,-599527.2164001937,0.10340648775863519,1.355867059435686,10.424758025714643,100.0,26.24821683309558,,,,
USDKRW CALL-upout  40Δ  2M  H@25Δ  [20DMA > 50DMA],single,1397,10000000.0,17929244.05182614,2794000.0,18589237.326792352,659993.2749662115,-4207803.270685664,16.535433070866144,103.68109928705547,0.07179510267502824,-0.5794020959758369,-2.619582361261858,1.3438442770916348,-2.31936385184854,-1.9232463730674718,11,45.45454545454545,-1090235.1755685634,0.016270776629378855,1.0691455496150133,19.56056209383477,100.0,29.27702219040802,,,,
USDKRW CALL-upout  40Δ  10W  H@25Δ  [20DMA > 50DMA],single,1397,10000000.0,19061833.174079154,2794000.0,16349489.854408234,-2712343.3196709156,-3388078.85081946,14.960629921259844,85.77081598133361,-0.3816399739477647,-0.6051939258002769,-2.508866192653789,1.0623674397286957,-1.7554165606072079,-1.6675613655289725,11,36.36363636363637,-952591.4893759598,-0.08297465895165829,0.7266356183744915,21.290282246378418,100.0,31.281317108088764,,,,
USDKRW CALL-upout  40Δ  3M  H@25Δ  [20DMA > 50DMA],single,1397,10000000.0,21469349.75104551,2794000.0,21783610.85542643,314261.10438091937,-3479691.190903952,16.24910522548318,101.46376629019989,0.03400108392890279,0.5078444303941901,-2.6987238865072274,3.055885980944629,6.017366339082704,-2.548041550550439,11,63.63636363636363,-1763014.728188959,0.009376576865628773,1.0280230343719974,17.252109202984606,100.0,28.561202576950606,,,,
USDKRW CALL-upout  35Δ  1M  H@25Δ  [20DMA > 50DMA],single,1409,10000000.0,7812641.693740668,2818000.0,5021251.911439452,-2791389.7823012155,-3005327.186287212,9.723207948899928,64.2708587987899,-1.2678195602787894,-1.4355159388596446,-3.7133728176185232,1.0877555109175767,-0.7577453384332853,-2.523271449777221,11,0.0,-570516.3152858102,-0.09444579378369665,0.3551999700930253,19.05458517842816,100.0,25.762952448545068,,,,
USDKRW CALL-upout  35Δ  6W  H@25Δ  [20DMA > 50DMA],single,1402,10000000.0,8611899.185102483,2804000.0,8151192.430997733,-460706.75410475023,-2022080.275711338,12.125534950071327,94.65034664012656,-0.12091572024003559,-0.7582711447211317,-2.1448828516944025,1.2514289362854292,-1.6503713018720572,-2.009700081006561,11,36.36363636363637,-416779.92856595415,-0.023199842375890716,0.8874549772282908,10.800704945542144,100.0,26.24821683309558,,,,
USDKRW CALL-upout  35Δ  2M  H@25Δ  [20DMA > 50DMA],single,1397,10000000.0,9780919.620172009,2794000.0,8559038.27891269,-1221881.3412593207,-2768937.768688169,11.238367931281317,87.50750043237926,-0.2550357821956898,-1.0231130292087682,-3.371491898362673,1.4460225758805412,-1.4133556455622827,-2.4691356050893094,11,36.36363636363637,-804478.3042546598,-0.045776231556671654,0.7923708589710092,15.092881974934633,100.0,29.27702219040802,,,,
USDKRW CALL-upout  35Δ  10W  H@25Δ  [20DMA > 50DMA],single,1397,10000000.0,10304338.693977997,2794000.0,7221749.854689228,-3082588.839288769,-3245720.2785631795,9.520400858983537,70.08455437232203,-0.8853815643515236,-1.0508104181066122,-2.50424398406184,0.9866299459062422,-0.9389228817163683,-2.0374403640128547,11,18.181818181818183,-737068.2305724381,-0.0984371061056305,0.4841541487179387,20.39191503836763,100.0,31.281317108088764,,,,
USDKRW CALL-upout  35Δ  3M  H@25Δ  [20DMA > 50DMA],single,1397,10000000.0,11417137.357854791,2794000.0,10486809.149745498,-930328.2081092916,-2072182.9887246497,11.238367931281317,91.85147573380782,-0.19606356115011922,-0.14635187803166294,-2.748183670275468,1.9821544051239495,-13.543757905826903,-2.1285062831556125,11,45.45454545454545,-1000306.6610938754,-0.046612508396922214,0.8541499118535528,11.520032184338284,100.0,28.561202576950606,,,,
USDKRW CALL-upout  30Δ  1M  H@25Δ  [20DMA > 50DMA],single,1409,10000000.0,4129570.1559973373,2818000.0,1221185.5883206306,-2908384.5676767067,-2905138.129872883,4.897090134847409,29.571736093334405,-3.338342102532267,-3.3244490162805715,-5.19097086743383,0.766190034314683,-0.23047128428274244,-4.090639050595255,11,0.0,-361990.5980229394,-0.10179792875243385,0.0294947283921546,17.073945312453176,100.0,25.762952448545068,,,,
USDKRW CALL-upout  30Δ  6W  H@25Δ  [20DMA > 50DMA],single,1402,10000000.0,4329364.987035187,2804000.0,2312004.564706681,-2017360.4223285061,-2077424.971023335,6.205420827389443,53.40285634568258,-1.656469392168374,-2.2697181928773804,-4.099826555922964,1.5306904833839308,-0.6743967106521866,-3.800408676261311,11,18.181818181818183,-352262.18245633517,-0.09888194415765111,0.2510671386765753,13.310798989847163,100.0,26.24821683309558,,,,
USDKRW CALL-upout  30Δ  2M  H@25Δ  [20DMA > 50DMA],single,1397,10000000.0,4629406.152997596,2794000.0,2274306.0963283656,-2355100.0566692296,-2347641.7731193947,5.440229062276306,49.127383106270024,-1.4993832078458957,-2.2422625342605476,-5.924409438956462,1.6576262882138135,-0.7392650338157056,-3.8998888224743613,11,0.0,-411990.9400429918,-0.1040642919972332,0.27151791195760394,14.707079042259265,100.0,29.27702219040802,,,,
USDKRW CALL-upout  30Δ  10W  H@25Δ  [20DMA > 50DMA],single,1397,10000000.0,4767077.770334937,2794000.0,1827552.839342562,-2939524.9309923747,-2955780.8689819234,4.795991410164638,38.33696296534632,-2.4588763791381396,-2.4895512286978816,-3.9287335905509666,0.7042184775453624,-0.2828696471185661,-3.193769706243244,11,0.0,-522293.1314520347,-0.10307639922665371,0.1287825951479711,17.464408311076824,100.0,31.281317108088764,,,,
USDKRW CALL-upout  30Δ  3M  H@25Δ  [20DMA > 50DMA],single,1397,10000000.0,5059829.6097868895,2794000.0,3105322.9749769066,-1954506.6348099832,-2100819.151526238,6.442376521116679,61.372085909187305,-1.1738555643615554,-1.3070791612044026,-3.2723374883743315,1.6395643411683958,-1.2543726423253707,-2.9466435023727984,11,18.181818181818183,-485983.1131289029,-0.09659238079664867,0.40020415346574084,13.359074847666205,100.0,28.561202576950606,,,,
USDKRW CALL-upout  ATM  1M  H@25Δ  [50DMA > 200DMA (golden cross)],single,1383,10000000.0,30286197.003342073,2766000.0,27856169.429586478,-2430027.573755593,-3925136.933951881,24.584237165582067,91.97645193456465,-0.2628033145220078,-0.34141641653603216,-2.1272853766491897,0.8984085980037515,-2.6314159322474637,-1.2398250145397838,10,40.0,-1742498.8774401532,-0.0667426140416555,0.7936336672980911,21.171860670429574,100.0,22.342733188720175,,,,
USDKRW CALL-upout  ATM  6W  H@25Δ  [50DMA > 200DMA (golden cross)],single,1376,10000000.0,34646984.942625865,2752000.0,38583890.94327374,3936906.000647875,-4311303.655462116,26.671511627906973,111.36291081941832,0.26304136158026165,-0.10502943970428673,-2.4249843649563108,1.4572832175901405,-13.874997540624433,-1.5623126572944273,10,50.0,-2070394.7988522078,0.0986779133962554,1.2725769940555345,16.983421912451817,100.0,22.892441860465116,,,,
USDKRW CALL-upout  ATM  2M  H@25Δ  [50DMA > 200DMA (golden cross)],single,1364,10000000.0,40614730.05108684,2728000.0,43028271.59376931,2413541.5426824763,-5913155.774993697,23.900293255131967,105.94252759933805,0.13408847397577295,-0.061702728289047215,-2.99381842011893,1.4893358099711091,-24.13727644253098,-1.5510385382601564,10,60.0,-3170890.102388539,0.044422575154192234,1.1177364188661278,26.17793499344216,100.0,25.65982404692082,,,,
USDKRW CALL-upout  ATM  10W  H@25Δ  [50DMA > 200DMA (golden cross)],single,1359,10000000.0,43205720.773676254,2718000.0,43488917.1515996,283196.37792335474,-5473163.470152394,24.57689477557027,100.65546037157166,0.015153834813083088,-0.2057347222174409,-2.6843347072244184,1.2963527020405081,-6.301088547758087,-1.502087424257949,10,70.0,-3704841.0428384445,0.005643185830322951,1.0135499823486962,28.12488024292916,100.0,27.81456953642384,,,,
USDKRW CALL-upout  ATM  3M  H@25Δ  [50DMA > 200DMA (golden cross)],single,1346,10000000.0,48428456.95019793,2692000.0,56866914.1905233,8438457.240325369,-5389509.142073906,27.86032689450223,117.42458416340453,0.3766567402137223,0.4165429423960035,-1.6963861023953466,1.2303781077156475,2.953784550131541,-0.8138351653196441,10,70.0,-3592479.9779563174,0.17163231999561646,1.3626159172892518,21.3837542580696,100.0,25.557206537890043,,,,
USDKRW CALL-upout  45Δ  1M  H@25Δ  [50DMA > 200DMA (golden cross)],single,1383,10000000.0,20870365.875021026,2766000.0,17451472.15803936,-3418893.7169816606,-3817901.8602473536,19.595083152566882,83.61842941587523,-0.5284578934914552,-0.6891027308977156,-2.9526963561228268,1.0819370270089173,-1.570066375443679,-1.7710397579066328,10,20.0,-1533132.3528268554,-0.0965400817990141,0.6327769291261385,21.48963691080307,100.0,22.342733188720175,,,,
USDKRW CALL-upout  45Δ  6W  H@25Δ  [50DMA > 200DMA (golden cross)],single,1376,10000000.0,23801692.34537927,2752000.0,25383630.95662849,1581938.611249223,-3294123.8434494454,22.093023255813954,106.64632828747713,0.14877587681395407,-0.30052044746132134,-2.983269068216752,1.5088448450245642,-5.020772655473837,-1.8093652924858854,10,50.0,-1612874.7854640055,0.05189472656943054,1.1467683014094179,13.331578858179002,100.0,22.892441860465116,,,,
USDKRW CALL-upout  45Δ  2M  H@25Δ  [50DMA > 200DMA (golden cross)],single,1364,10000000.0,27866611.95245597,2728000.0,29154670.581298966,1288058.628842995,-4758772.166729201,20.674486803519063,104.62222903537966,0.09878664252245456,-0.14851507617638451,-3.4652955741032896,1.5683563317913551,-10.560249990571265,-1.7168714079677396,10,60.0,-2452466.6363725537,0.029458388880272673,1.0852603890969788,20.875197206255837,100.0,25.65982404692082,,,,
USDKRW CALL-upout  45Δ  10W  H@25Δ  [50DMA > 200DMA (golden cross)],single,1359,10000000.0,29653187.95630236,2718000.0,28685533.552947585,-967654.4033547754,-3862241.5075032418,21.118469462840324,96.73676096890244,-0.07513400422552943,-0.30931581912943235,-3.0308105984345457,1.3470998263244771,-4.355095158456112,-1.6564156454539094,10,60.0,-2703412.987502541,-0.027324733025532955,0.9370323900638017,20.449668108061907,100.0,27.81456953642384,,,,
USDKRW CALL-upout  45Δ  3M  H@25Δ  [50DMA > 200DMA (golden cross)],single,1346,10000000.0,33305905.525102213,2692000.0,37999178.70729811,4693273.1821959,-3756601.957507109,23.625557206537888,114.09141444498074,0.3017302208089167,0.3257145778731342,-1.864148018930998,1.1840664597599193,3.635288501643648,-0.8583518818867851,10,70.0,-2317505.621547005,0.13695121368660715,1.2819753744929332,15.272647757964679,100.0,25.557206537890043,,,,
USDKRW CALL-upout  40Δ  1M  H@25Δ  [50DMA > 200DMA (golden cross)],single,1383,10000000.0,13236654.844704708,2766000.0,9346025.668892413,-3890629.175812295,-4066895.160193974,13.665943600867678,70.60715700864006,-0.9742524907069909,-1.2465282689924446,-3.694448254789751,1.3197832104891414,-1.058767172248655,-2.5663114794815858,10,10.0,-1169110.2899513552,-0.10313443298290659,0.43142598444425356,23.01558534536042,100.0,22.342733188720175,,,,
USDKRW CALL-upout  40Δ  6W  H@25Δ  [50DMA > 200DMA (golden cross)],single,1376,10000000.0,14927561.334383678,2752000.0,14608339.027309775,-319222.3070739019,-2337907.517214187,17.00581395348837,97.8615240632868,-0.04789349102125696,-0.5607737983302717,-3.216715032518366,1.4815508559951531,-2.6419758918953327,-2.0423246543254248,10,50.0,-1089613.0321294793,-0.014755007308283654,0.9575242009132479,10.394867567077705,100.0,22.892441860465116,,,,
USDKRW CALL-upout  40Δ  2M  H@25Δ  [50DMA > 200DMA (golden cross)],single,1364,10000000.0,17270937.615203023,2728000.0,17227980.481945515,-42957.13325751084,-3633611.0797448955,16.348973607038122,99.75127503662745,-0.0051414298809091,-0.31912836318022164,-3.7971380734729308,1.5892919925954787,-4.9801026043490735,-1.9084203557757005,10,50.0,-1752552.19595939,-0.0012866639184685778,0.9956939920473701,16.31958039295519,100.0,25.65982404692082,,,,
USDKRW CALL-upout  40Δ  10W  H@25Δ  [50DMA > 200DMA (golden cross)],single,1359,10000000.0,18301290.16174101,2718000.0,15864624.337800683,-2436665.8239403265,-2953487.07091666,15.305371596762326,86.6858248658655,-0.3225005571423419,-0.5575198442705613,-3.28030598191891,1.3133587902923587,-2.355716668723621,-1.87087863456292,10,40.0,-1771623.2509428302,-0.08997792530448612,0.7594577581524207,16.926552541845215,100.0,27.81456953642384,,,,
USDKRW CALL-upout  40Δ  3M  H@25Δ  [50DMA > 200DMA (golden cross)],single,1346,10000000.0,20405813.702665295,2692000.0,21386692.56116972,980878.8585044224,-2464568.3303819294,17.830609212481427,104.80685981356532,0.10633195323226255,0.11736652745627059,-2.253838535685369,1.183056317002054,10.08001465701409,-1.0656897895457835,10,70.0,-1403060.4749607358,0.04362744125174134,1.0907421780352202,10.663207390017305,100.0,25.557206537890043,,,,
USDKRW CALL-upout  35Δ  1M  H@25Δ  [50DMA > 200DMA (golden cross)],single,1383,10000000.0,7597900.188583225,2766000.0,4021285.75967163,-3576614.428911594,-3679319.972752887,8.315256688358641,52.926277785461096,-1.728867438314942,-2.0830889448292753,-4.752849394240032,1.4682753799030461,-0.7048548663981231,-3.5513643247323214,10,0.0,-734942.3413286265,-0.10479761263908334,0.22228943604317358,21.409358738411445,100.0,22.342733188720175,,,,
USDKRW CALL-upout  35Δ  6W  H@25Δ  [50DMA > 200DMA (golden cross)],single,1376,10000000.0,8371418.33775977,2752000.0,6662580.440790034,-1708837.896969737,-1907580.3683775212,11.119186046511627,79.58723566277983,-0.4886568960964826,-1.0646676014924543,-3.2746896258002227,1.466056160983456,-1.3770083347406588,-2.53072376247591,10,30.0,-686488.578358625,-0.09680360855866642,0.6454789921801184,11.278315090424007,100.0,22.892441860465116,,,,
USDKRW CALL-upout  35Δ  2M  H@25Δ  [50DMA > 200DMA (golden cross)],single,1364,10000000.0,9441217.211832352,2728000.0,8167568.611413011,-1273648.6004193402,-2335876.363584415,11.656891495601172,86.50969920675992,-0.2921898202668727,-0.7001348277295996,-4.230520073974297,1.5606735512454486,-2.2291042945348227,-2.260808378975048,10,40.0,-1016848.5567051605,-0.0593428012347021,0.7834321845427619,13.381150474613621,100.0,25.65982404692082,,,,
USDKRW CALL-upout  35Δ  10W  H@25Δ  [50DMA > 200DMA (golden cross)],single,1359,10000000.0,9911993.85709359,2718000.0,7088646.869154459,-2823346.9879391305,-2992036.76155627,10.30169242089772,71.5158521217345,-0.7706618657340286,-1.0514825758155473,-3.64896089104035,1.2725810793161891,-1.210273102556316,-2.324063655131736,10,20.0,-1025971.7200045517,-0.10291351409111284,0.5179770465875942,17.611767847487926,100.0,27.81456953642384,,,,
USDKRW CALL-upout  35Δ  3M  H@25Δ  [50DMA > 200DMA (golden cross)],single,1346,10000000.0,10870736.23232392,2692000.0,9616574.615008466,-1254161.6173154544,-1910188.2627261246,11.738484398216938,88.46295604536675,-0.27656723267416716,-0.2630134402254093,-2.6204233759008475,1.2071217272148038,-4.589581909503444,-1.4701351674402132,10,30.0,-779622.8231857732,-0.07197183324830192,0.8014460732955835,10.665123569515739,100.0,25.557206537890043,,,,
USDKRW CALL-upout  30Δ  1M  H@25Δ  [50DMA > 200DMA (golden cross)],single,1383,10000000.0,4034805.0896801,2766000.0,999775.5247852355,-3035029.5648948643,-3055500.5002753083,4.121475054229935,24.778781194223765,-3.3734877899366906,-4.458670184856351,-11.671431683472694,3.21640812668662,-0.7213828323994423,-7.675078311542971,10,0.0,-575645.4998013081,-0.10708469147961631,0.027004768118932213,17.745831943505983,100.0,22.342733188720175,,,,
USDKRW CALL-upout  30Δ  6W  H@25Δ  [50DMA > 200DMA (golden cross)],single,1376,10000000.0,4227820.687189425,2752000.0,1723850.421553992,-2503970.2656354336,-2500578.0691676624,5.59593023255814,40.77397196095312,-2.109231462219351,-2.9256786158858596,-7.337731473078515,2.1825751050191307,-0.7460064455364909,-5.10825372090499,10,0.0,-551489.3494220179,-0.10820872347160428,0.1660661801730137,14.584227943792419,100.0,22.892441860465116,,,,
USDKRW CALL-upout  30Δ  2M  H@25Δ  [50DMA > 200DMA (golden cross)],single,1364,10000000.0,4491435.529501062,2728000.0,2153170.4956191354,-2338265.033881927,-2335431.950682027,5.718475073313782,47.93947239087552,-1.5700195409738407,-2.32046389106108,-6.3910082679489,1.824346347368548,-0.7861989813314129,-4.144810238429628,10,10.0,-489074.5938642295,-0.10896694880593188,0.2625059238090807,14.135306274086226,100.0,25.65982404692082,,,,
USDKRW CALL-upout  30Δ  10W  H@25Δ  [50DMA > 200DMA (golden cross)],single,1359,10000000.0,4607888.315221034,2718000.0,1794455.7936123302,-2813432.521608703,-2818922.087261784,5.298013245033113,38.94312689143928,-2.2759858090881995,-2.6016703441530002,-5.052473231345509,1.3715738048610462,-0.5271896987039593,-3.9732441490140467,10,0.0,-528615.2328761552,-0.10885001868234476,0.14609728975132324,16.372502047884662,100.0,27.81456953642384,,,,
USDKRW CALL-upout  30Δ  3M  H@25Δ  [50DMA > 200DMA (golden cross)],single,1346,10000000.0,4840948.813731492,2692000.0,2644716.9760186067,-2196231.837712885,-2297989.503745209,5.794947994056463,54.632202854878166,-1.4313099088534988,-1.3784642698910337,-3.321294790509498,1.2918002893011675,-0.937130049372468,-2.6702645591922014,10,20.0,-492693.21895477304,-0.10476479661295868,0.30336990034219835,13.708676281476421,100.0,25.557206537890043,,,,
USDKRW CALL-upout  ATM  1M  H@25Δ  [Realized vol (20d) < 252d p75],single,1648,10000000.0,34274955.26119653,3296000.0,37120004.2406888,2845048.9794922704,-3896992.9274738007,26.820388349514563,108.30066431250229,0.2843021518398992,-0.0318344679849701,-4.624945932299929,1.7790990211301807,-55.885935394621356,-1.8109334891151507,10,60.0,-2763161.5723362444,0.0807557185104829,1.231826777954649,15.886959398441567,100.0,22.63349514563107,,,,
USDKRW CALL-upout  ATM  6W  H@25Δ  [Realized vol (20d) < 252d p75],single,1648,10000000.0,39576266.510639936,3296000.0,52136121.974955566,12559855.464315623,-4808040.491476348,30.097087378640776,131.73582697837088,0.8187036587693651,0.4313514871980261,-3.344765657343035,1.6748893317041806,3.8828875787213124,-1.2435378445061547,10,60.0,-2841783.639756456,0.2893928538801882,1.9580242209236458,14.081302176550667,100.0,22.026699029126213,,,,
USDKRW CALL-upout  ATM  2M  H@25Δ  [Realized vol (20d) < 252d p75],single,1646,10000000.0,47037386.24574007,3292000.0,56176013.16998862,9138626.924248543,-6408711.219067035,26.731470230862698,119.42843268651258,0.5009174223927644,0.16534774697998422,-3.9519227578832123,1.6543377564678363,10.005202893197561,-1.488990009487852,10,60.0,-3413532.3034495697,0.15826051983956962,1.4496159018200983,23.578906700959468,100.0,24.362089914945322,,,,
USDKRW CALL-upout  ATM  10W  H@25Δ  [Realized vol (20d) < 252d p75],single,1645,10000000.0,50246064.26633321,3290000.0,59211363.4480761,8965299.181742892,-4556274.473506606,28.328267477203646,117.84278890824488,0.4786068217348822,0.2617855010129622,-2.8613904121735425,1.363041033274188,5.206709416678877,-1.1012555322612259,10,60.0,-2880996.8623495228,0.21985189462799046,1.4433757476659637,15.843799298728996,100.0,26.74772036474164,,,,
USDKRW CALL-upout  ATM  3M  H@25Δ  [Realized vol (20d) < 252d p75],single,1642,10000000.0,56913546.4910661,3284000.0,71570474.36562067,14656927.874554561,-4455200.964574411,28.380024360535934,125.75296880656575,0.6809453666943883,1.1740991293028125,-0.9784719056663143,2.554339371593392,2.175573857302982,-1.3802402422905797,10,60.0,-1876252.582579359,0.3679168650398865,1.6416680617085508,17.48580220578661,100.0,26.552984165651644,,,,
USDKRW CALL-upout  45Δ  1M  H@25Δ  [Realized vol (20d) < 252d p75],single,1648,10000000.0,23673410.960141063,3296000.0,23741645.148960203,68234.188819136,-3189734.1708924915,21.35922330097087,100.2882313365574,0.009869687535487996,-0.30096189405066076,-4.658996762490068,1.7204748059521684,-5.716586850236136,-2.021436700002829,10,40.0,-1929862.7009581951,0.002366250385382346,1.0071743771577402,17.066955548417848,100.0,22.63349514563107,,,,
USDKRW CALL-upout  45Δ  6W  H@25Δ  [Realized vol (20d) < 252d p75],single,1648,10000000.0,27236785.642559063,3296000.0,34550588.408118874,7313802.765559806,-3421996.5169592374,25.24271844660194,126.85266485385694,0.6663951417254497,0.26944166428124156,-3.308121140918704,1.6415605316396928,6.09245246468728,-1.3721188673584512,10,60.0,-1947717.0143323333,0.236774516615188,1.7519793940506,10.336898154393921,100.0,22.026699029126213,,,,
USDKRW CALL-upout  45Δ  2M  H@25Δ  [Realized vol (20d) < 252d p75],single,1646,10000000.0,32311934.177938394,3292000.0,37706617.274084434,5394683.096146033,-5508583.351301081,22.660996354799515,116.69563656090065,0.4045284959468538,-0.03452355689436703,-4.162444197929467,1.7824439487225459,-51.629788731687,-1.8169675056169128,10,60.0,-2394789.942565383,0.10868969118070033,1.3551577475952985,22.684944587821995,100.0,24.362089914945322,,,,
USDKRW CALL-upout  45Δ  10W  H@25Δ  [Realized vol (20d) < 252d p75],single,1645,10000000.0,34520951.66209266,3290000.0,38653818.120230556,4132866.4581378866,-3802744.7268821923,23.221884498480243,111.97205250478703,0.3154828524841876,0.037754818937585165,-3.249077303032112,1.5563124178880554,41.221556921273866,-1.5185575989504703,10,50.0,-2115341.993045187,0.12143098105637985,1.2696032369680361,15.778795025117834,100.0,26.74772036474164,,,,
USDKRW CALL-upout  45Δ  3M  H@25Δ  [Realized vol (20d) < 252d p75],single,1642,10000000.0,39169251.55104685,3284000.0,47912598.5940342,8743347.042987356,-3983828.271228962,23.934226552984168,122.32196607482453,0.5692019259490694,1.0494313163617885,-1.374879774348956,2.7633548632637823,2.633192682722576,-1.7139235469019938,10,50.0,-1163343.6564840495,0.24544328325891107,1.5110202644167094,17.20402963238029,100.0,26.552984165651644,,,,
USDKRW CALL-upout  40Δ  1M  H@25Δ  [Realized vol (20d) < 252d p75],single,1648,10000000.0,15080228.89301189,3296000.0,13217793.243142443,-1862435.6498694476,-2989034.9468117016,15.71601941747573,87.64981842727538,-0.43571654443451674,-0.7630272568506635,-4.784748273643925,1.6515470574302173,-2.1644666590900714,-2.414574314280881,10,40.0,-1254278.23102636,-0.06892288358363181,0.7289273898382019,19.505765418025174,100.0,22.63349514563107,,,,
USDKRW CALL-upout  40Δ  6W  H@25Δ  [Realized vol (20d) < 252d p75],single,1648,10000000.0,17142532.668513183,3296000.0,19871973.55988217,2729440.891368988,-2265592.468512122,19.599514563106794,115.92203990010374,0.39155184872373633,-0.041424513330260815,-3.436763340673957,1.6044028425632573,-38.73075900185007,-1.6458273558935181,10,60.0,-1247279.6098145572,0.13346370561631177,1.405554981647453,7.74118510656686,100.0,22.026699029126213,,,,
USDKRW CALL-upout  40Δ  2M  H@25Δ  [Realized vol (20d) < 252d p75],single,1646,10000000.0,20078714.736706916,3292000.0,21903088.953145005,1824374.2164380904,-4493629.849227967,17.922235722964764,109.08611054223935,0.21479016223473874,-0.3744814724061848,-4.3778710310384366,1.964735553384236,-5.246549424087843,-2.339217025790421,10,60.0,-1560096.402906706,0.045058732659024325,1.1740700319016488,21.060866924332338,100.0,24.362089914945322,,,,
USDKRW CALL-upout  40Δ  10W  H@25Δ  [Realized vol (20d) < 252d p75],single,1645,10000000.0,21356799.355201114,3290000.0,21547978.85272549,191179.49752438068,-3589887.4596955897,17.4468085106383,100.8951692355429,0.024358305501098774,-0.317905154527767,-3.4312067620460858,1.6691671146435951,-5.2505191906154005,-1.987072269171362,10,50.0,-1389883.5199897906,0.005950257848605558,1.018464051596426,16.780081354675303,100.0,26.74772036474164,,,,
USDKRW CALL-upout  40Δ  3M  H@25Δ  [Realized vol (20d) < 252d p75],single,1642,10000000.0,24045768.85049367,3284000.0,27633146.85317993,3587378.0026862603,-3515678.0895063756,18.087697929354444,114.91895736414605,0.3743726807997342,0.8768729770803452,-2.928784591889468,3.4333515869414657,3.9154491889728726,-2.5564786098611205,10,50.0,-1269921.4470282209,0.11411482868709331,1.3114471281345763,16.904388951600104,100.0,26.552984165651644,,,,
USDKRW CALL-upout  35Δ  1M  H@25Δ  [Realized vol (20d) < 252d p75],single,1648,10000000.0,8733576.430079171,3296000.0,5756005.645238211,-2977570.784840959,-3245477.844533953,10.558252427184465,65.90662704243414,-1.4101346313032685,-1.6934836569191751,-4.8420124579595445,1.5070435218856626,-0.8899073313924454,-3.2005271788048377,10,10.0,-738902.8199285342,-0.10148377214902383,0.3645470633746724,21.062668493077823,100.0,22.63349514563107,,,,
USDKRW CALL-upout  35Δ  6W  H@25Δ  [Realized vol (20d) < 252d p75],single,1648,10000000.0,9686004.280973498,3296000.0,8894632.39878494,-791371.8821885583,-1897134.5188935988,12.864077669902912,91.82973846353678,-0.21828031371307602,-0.8018206803491426,-3.750142713716886,1.5943306994943598,-1.9883881004417707,-2.396151379843502,10,50.0,-732645.512349434,-0.04621189381573217,0.8280413043920012,10.790990712706147,100.0,22.026699029126213,,,,
USDKRW CALL-upout  35Δ  2M  H@25Δ  [Realized vol (20d) < 252d p75],single,1646,10000000.0,11040201.697977584,3292000.0,9939971.262701157,-1100230.4352764264,-3282204.4018977936,11.725394896719319,90.03432667830721,-0.2526399571124211,-1.0897317317355073,-5.369251103832285,2.3601797678025824,-2.165835589685692,-3.4499114995380897,10,40.0,-1005944.6109148668,-0.03720320653510767,0.8318894501777188,18.309926897375796,100.0,24.362089914945322,,,,
USDKRW CALL-upout  35Δ  10W  H@25Δ  [Realized vol (20d) < 252d p75],single,1645,10000000.0,11629635.984986609,3290000.0,9374405.75766409,-2255230.2273225198,-2681931.5681900107,11.246200607902736,80.60790354716235,-0.580310728812533,-1.0347174108013166,-4.0061749161844125,1.8007004066586794,-1.7402823107655667,-2.835417817459996,10,40.0,-846836.9967231775,-0.09395469684967278,0.652555682753713,18.044327884874065,100.0,26.74772036474164,,,,
USDKRW CALL-upout  35Δ  3M  H@25Δ  [Realized vol (20d) < 252d p75],single,1642,10000000.0,12868984.897128202,3284000.0,13080031.495451702,211046.59832349862,-2605173.8780621504,11.936662606577345,101.6399630585517,0.04091648078827807,-0.6015381107489325,-8.84605948944833,3.426359011108868,-5.695996562616708,-4.027897121857801,10,50.0,-1087109.8252481404,0.0090597389895049,1.0302013260989022,14.16798632842975,100.0,26.552984165651644,,,,
USDKRW CALL-upout  30Δ  1M  H@25Δ  [Realized vol (20d) < 252d p75],single,1648,10000000.0,4723709.445177143,3296000.0,1367367.9947487814,-3356341.450428361,-3388146.996613835,4.490291262135923,28.9469115452232,-4.110509590723564,-4.298863793016085,-8.620557508080283,1.6734355058129442,-0.38927390733607337,-5.972299298829029,10,0.0,-511412.89575610217,-0.10957640500735964,0.048525647309423305,20.15729026591524,100.0,22.63349514563107,,,,
USDKRW CALL-upout  30Δ  6W  H@25Δ  [Realized vol (20d) < 252d p75],single,1648,10000000.0,4974024.726342307,3296000.0,2170802.94508003,-2803221.7812622767,-2799881.0425011315,6.189320388349515,43.64278556122799,-2.475222604691967,-3.372638423808726,-8.194346271103555,2.2216614734000317,-0.6587309975823337,-5.594299897208758,10,0.0,-484152.70795577683,-0.11091471214901968,0.16895752800790909,17.799238738685563,100.0,22.026699029126213,,,,
USDKRW CALL-upout  30Δ  2M  H@25Δ  [Realized vol (20d) < 252d p75],single,1646,10000000.0,5327089.529721972,3292000.0,2563459.890650796,-2763629.639071176,-2760025.5680813347,5.6500607533414335,48.121209083275666,-1.9792351533845998,-3.29081202615489,-11.015418798279725,3.141766736377713,-0.9547086589593733,-6.432578762532604,10,0.0,-546958.2866856909,-0.11112942794516563,0.24969737195312666,18.23122352386277,100.0,24.362089914945322,,,,
USDKRW CALL-upout  30Δ  10W  H@25Δ  [Realized vol (20d) < 252d p75],single,1645,10000000.0,5480609.985946643,3290000.0,2373678.7028029733,-3106931.2831436703,-3103195.0186646637,5.714285714285714,43.31048384923485,-2.452414133469455,-3.2224343098453225,-7.980439557589306,2.072017545374482,-0.6429976055815825,-5.294451855219805,10,0.0,-514324.2512683089,-0.11186594159698722,0.1923693662527659,18.813282329668034,100.0,26.74772036474164,,,,
USDKRW CALL-upout  30Δ  3M  H@25Δ  [Realized vol (20d) < 252d p75],single,1642,10000000.0,5802146.197579204,3284000.0,3989087.0904350355,-1813059.107144169,-1926758.3390307017,6.699147381242387,68.75192307459227,-0.9562756639138035,-2.4655348936647283,-14.755788969337749,4.537131168394258,-1.8402218439708817,-7.002666062058987,10,30.0,-578925.9041116928,-0.10523464966076704,0.5055533972709892,14.35695923726657,100.0,26.552984165651644,,,,
USDKRW CALL-upout  ATM  1M  H@25Δ  [Realized vol (20d) < 252d median],single,1129,10000000.0,22960128.11639958,2258000.0,25874556.181932736,2914428.065533158,-3037314.8546442557,27.54650132860939,112.69343119845871,0.35918718125271454,0.32013025938940715,-3.869714681586131,1.7425717423811322,5.443320933499961,-1.4224414829917251,10,70.0,-2271879.3501023194,0.1086062417551957,1.3529016030224872,10.477568311142909,100.0,20.726306465899025,,,,
USDKRW CALL-upout  ATM  6W  H@25Δ  [Realized vol (20d) < 252d median],single,1129,10000000.0,26561192.54679638,2258000.0,34875970.56085057,8314778.014054186,-3928743.7001426397,30.292294065544727,131.30423454972865,0.6596872199180055,-0.4998465960249213,-9.797091068404008,3.490665567673624,-6.983473720604445,-3.9905121636985452,10,70.0,-2483390.723165987,0.23961986709633004,1.8203749903901376,12.351080022926567,100.0,19.75199291408326,,,,
USDKRW CALL-upout  ATM  2M  H@25Δ  [Realized vol (20d) < 252d median],single,1129,10000000.0,31683589.921354607,2258000.0,38080420.55792782,6396830.63657321,-5178499.44328359,26.83790965456156,120.1897280341385,0.4254846511070878,-0.41863097339721983,-5.259214544340544,2.205927604776105,-5.269384601131749,-2.624558578173325,10,60.0,-2769439.200866793,0.13981448834934504,1.4405467577592952,19.54797861725064,100.0,22.054915854738706,,,,
USDKRW CALL-upout  ATM  10W  H@25Δ  [Realized vol (20d) < 252d median],single,1129,10000000.0,33897573.02885121,2258000.0,39001966.84796495,5104393.819113741,-3632770.4623945416,27.900797165633307,115.0582869598636,0.3502684197907325,0.06473677289056627,-2.33834509339443,1.4241366565556028,21.99888244295128,-1.3593998836650365,10,60.0,-2215428.3085720576,0.15908604238876586,1.3347721193596265,14.31293232436221,100.0,25.33215234720992,,,,
USDKRW CALL-upout  ATM  3M  H@25Δ  [Realized vol (20d) < 252d median],single,1129,10000000.0,38526406.0429834,2258000.0,45548066.79047841,7021660.74749501,-4270987.507722611,26.483613817537645,118.22557946272234,0.4314754706739523,0.45125995552572584,-2.0431285058460316,1.5891778326333292,3.5216460338961584,-1.1379178771076033,10,60.0,-2119447.4372122767,0.18619672893561065,1.427137429185052,16.726338899923213,100.0,27.015057573073513,,,,
USDKRW CALL-upout  45Δ  1M  H@25Δ  [Realized vol (20d) < 252d median],single,1129,10000000.0,15871744.891405398,2258000.0,16724026.773476101,852281.8820707058,-2358623.09852187,22.143489813994684,105.3698058272863,0.15161237599661037,0.14087606619984733,-3.8516455393985103,1.7037885577904002,12.094237181306577,-1.5629124915905528,10,50.0,-1583439.4356196001,0.040899308763024195,1.134236492044214,9.987063152174601,100.0,20.726306465899025,,,,
USDKRW CALL-upout  45Δ  6W  H@25Δ  [Realized vol (20d) < 252d median],single,1129,10000000.0,18289538.03057993,2258000.0,23199295.15846008,4909757.127880152,-2786740.4967500474,25.066430469441986,126.8446207863265,0.5402781621080597,-0.6751708625989059,-9.796727589252507,3.4504661849859923,-5.110508133754858,-4.125637047584898,10,60.0,-1684425.4534034212,0.19947539883064597,1.6614918244967924,9.410655875137945,100.0,19.75199291408326,,,,
USDKRW CALL-upout  45Δ  2M  H@25Δ  [Realized vol (20d) < 252d median],single,1129,10000000.0,21768016.91717813,2258000.0,25588253.354301944,3820236.437123813,-4056712.9340943824,22.143489813994684,117.54976786199158,0.3495462531909757,-0.9388891596905072,-8.90321557130703,3.1118417760075983,-3.3143867344611553,-4.050730935698105,10,60.0,-1953379.8687267855,0.10658773291340023,1.3513046337707677,16.32578608592801,100.0,22.054915854738706,,,,
USDKRW CALL-upout  45Δ  10W  H@25Δ  [Realized vol (20d) < 252d median],single,1129,10000000.0,23288832.75477819,2258000.0,25234012.369887322,1945179.6151091298,-2997000.879500197,23.117803365810452,108.35241351763341,0.1946660511531714,-0.13881968149095408,-2.6886120459315266,1.61043268870476,-11.600896007024053,-1.7492523701957141,10,60.0,-1665143.6220491987,0.07348500038807117,1.1732921237509875,12.317317490689705,100.0,25.33215234720992,,,,
USDKRW CALL-upout  45Δ  3M  H@25Δ  [Realized vol (20d) < 252d median],single,1129,10000000.0,26506408.149369985,2258000.0,30490249.43250918,3983841.283139197,-3838234.232088417,22.40921169176262,115.02972888929082,0.3372595279219577,0.17563018238501116,-3.575996491529732,1.9283007682697757,10.979324522038093,-1.7526705858847644,10,60.0,-2070448.3220003205,0.11755228052821076,1.3234515419292008,18.09832136127853,100.0,27.015057573073513,,,,
USDKRW CALL-upout  40Δ  1M  H@25Δ  [Realized vol (20d) < 252d median],single,1129,10000000.0,10130662.33009011,2258000.0,9438536.027672546,-692126.3024175637,-1887905.2434698,16.82905225863596,93.16800540906583,-0.1975726525129421,-0.21730097465026202,-3.854404281364621,1.6139589317741343,-7.427297251527483,-1.8312599064243964,10,40.0,-1016097.7718056544,-0.04149506223476759,0.8482741377308122,11.273291452633798,100.0,20.726306465899025,,,,
USDKRW CALL-upout  40Δ  6W  H@25Δ  [Realized vol (20d) < 252d median],single,1129,10000000.0,11529918.965786885,2258000.0,13503486.268265124,1973567.302478238,-2261178.4818035364,19.75199291408326,117.11692257625114,0.3384269196211189,-0.9959237459364207,-9.796873855886629,3.421580713422377,-3.435585030865213,-4.417504459358797,10,60.0,-1055922.8672495538,0.09881956980328288,1.394695139733818,9.245389038801086,100.0,19.75199291408326,,,,
USDKRW CALL-upout  40Δ  2M  H@25Δ  [Realized vol (20d) < 252d median],single,1129,10000000.0,13543463.72374652,2258000.0,15004191.800200006,1460728.076453485,-3324919.781414894,17.803365810451727,110.78548373037177,0.21160005879950589,-2.566831941063621,-22.603875742412832,6.916819962708643,-2.6946914022904487,-9.483651903772264,10,50.0,-1271933.4190521825,0.049725534985016376,1.1975195656439412,15.556109865706564,100.0,22.054915854738706,,,,
USDKRW CALL-upout  40Δ  10W  H@25Δ  [Realized vol (20d) < 252d median],single,1129,10000000.0,14423928.911102107,2258000.0,13721038.969453162,-702889.941648945,-2660586.4973343113,17.271922054915855,95.12691759657847,-0.11959405354499562,-0.45131605005042497,-2.8208527378501675,1.673307752325695,-3.707618535034902,-2.12462380237612,10,50.0,-1102128.6234706847,-0.029911335732189966,0.9069968510130864,12.73270688481239,100.0,25.33215234720992,,,,
USDKRW CALL-upout  40Δ  3M  H@25Δ  [Realized vol (20d) < 252d median],single,1129,10000000.0,16286957.634860968,2258000.0,17653026.560963757,1366068.9261027882,-3221159.186352887,17.006200177147917,108.38750217645821,0.1796833869798768,-0.2219507097696325,-5.992594869578981,2.4448339287964047,-11.01521113103874,-2.666784638566037,10,60.0,-1681398.1644055408,0.048030922780166393,1.158986820965318,16.354333260440146,100.0,27.015057573073513,,,,
USDKRW CALL-upout  35Δ  1M  H@25Δ  [Realized vol (20d) < 252d median],single,1129,10000000.0,5890595.854776887,2258000.0,4149472.0959165115,-1741123.758860376,-1992914.8997137821,11.33746678476528,70.44231514459715,-0.9955719564086896,-1.0220849216764054,-3.8584074063101124,1.553481630133355,-1.5199144387976706,-2.5755665518097604,10,30.0,-597044.4735358781,-0.09888539368646541,0.43446922479552397,13.223284796864489,100.0,20.726306465899025,,,,
USDKRW CALL-upout  35Δ  6W  H@25Δ  [Realized vol (20d) < 252d median],single,1129,10000000.0,6536788.81460721,2258000.0,6109746.961295307,-427041.85331190214,-1725513.7448903571,13.374667847652791,93.46710035426526,-0.14265108090463446,-1.7602753039971575,-9.797115678296699,3.459183648275288,-1.9651378624811258,-5.219458952272445,10,50.0,-710629.7817700192,-0.028020628980917672,0.8683934626400747,9.416308153231176,100.0,19.75199291408326,,,,
USDKRW CALL-upout  35Δ  2M  H@25Δ  [Realized vol (20d) < 252d median],single,1129,10000000.0,7466902.571990345,2258000.0,6890470.773601644,-576431.7983887019,-2426496.8258179477,11.603188662533215,92.28017517529965,-0.16220486386858426,-5.145011625193534,-43.55322595092604,12.979850854900972,-2.5228030178479384,-18.124862480094507,10,40.0,-880057.9071918471,-0.02688805959072355,0.8753943429391651,13.452710021730164,100.0,22.054915854738706,,,,
USDKRW CALL-upout  35Δ  10W  H@25Δ  [Realized vol (20d) < 252d median],single,1129,10000000.0,7873688.549810968,2258000.0,5747351.228764475,-2126337.3210464935,-2151764.056874202,10.806023029229408,72.99439382705145,-0.7280601549058521,-1.2907067287948337,-4.851987883063973,1.7698889608894253,-1.3712557015504339,-3.060595689684259,10,40.0,-681679.1266126651,-0.11188281239517374,0.5469418702137198,14.946738771891637,100.0,25.33215234720992,,,,
USDKRW CALL-upout  35Δ  3M  H@25Δ  [Realized vol (20d) < 252d median],single,1129,10000000.0,8734571.710056225,2258000.0,8520225.10734035,-214346.60271587595,-2350377.760494564,10.983170947741364,97.54599756197437,-0.050484875052903375,-0.7485691780520058,-8.834397600175663,3.0279573407376477,-4.044993341319865,-3.7765265187896535,10,50.0,-1102959.771507966,-0.010328552016950456,0.9593044986920116,13.01317280624488,100.0,27.015057573073513,,,,
USDKRW CALL-upout  30Δ  1M  H@25Δ  [Realized vol (20d) < 252d median],single,1129,10000000.0,3211766.3018308985,2258000.0,1004879.8337748462,-2206886.4680560525,-2203808.756116016,5.048715677590788,31.287451805008498,-3.0433582429186057,-3.298711219638753,-6.286973946378286,1.6115337298422137,-0.48853434645870436,-4.910244949480966,10,0.0,-431855.3767383178,-0.11334368981730361,0.0542556427400943,13.61235561579796,100.0,20.726306465899025,,,,
USDKRW CALL-upout  30Δ  6W  H@25Δ  [Realized vol (20d) < 252d median],single,1129,10000000.0,3381590.9972751522,2258000.0,1474672.9911182667,-1906918.0061568853,-1904039.3105246087,6.37732506643047,43.60885134561045,-2.0127313600344294,-4.394694622854617,-17.73414258903574,5.167320751736031,-1.1758088320547622,-9.562015374590647,10,0.0,-465236.2392710158,-0.11339188387154611,0.18800484358006106,12.628968657561488,100.0,19.75199291408326,,,,
USDKRW CALL-upout  30Δ  2M  H@25Δ  [Realized vol (20d) < 252d median],single,1129,10000000.0,3626104.8603252037,2258000.0,1830535.108094479,-1795569.7522307243,-1791949.9876276706,5.757307351638618,50.482133821422615,-1.5286831355543955,-6.095788367463891,-40.115340330092316,11.62733187727156,-1.9074369345451911,-17.72312024473545,10,10.0,-490286.3161068103,-0.11341425789393222,0.29439365557915875,12.461635951771852,100.0,22.054915854738706,,,,
USDKRW CALL-upout  30Δ  10W  H@25Δ  [Realized vol (20d) < 252d median],single,1129,10000000.0,3733066.8682609037,2258000.0,1378040.8735720688,-2355025.9946888345,-2351266.9482820164,5.314437555358724,36.91444386620502,-2.3144071110840887,-4.329647309357051,-17.534294179191217,4.846437043905611,-1.1193607002195527,-9.176084353262661,10,0.0,-455724.3157425895,-0.11340171635806783,0.16265360752205346,14.1762648124841,100.0,25.33215234720992,,,,
USDKRW CALL-upout  30Δ  3M  H@25Δ  [Realized vol (20d) < 252d median],single,1129,10000000.0,3959476.987289441,2258000.0,2708482.35282566,-1250994.634463781,-1390468.6840950532,6.731620903454385,68.4050535340987,-0.7793611631340506,-1.7298329456755606,-10.153243389072633,3.2166490339967977,-1.8595142623674468,-4.946481979672358,10,30.0,-516441.66843230714,-0.10189543799028607,0.5272683174807663,10.352198437367315,100.0,27.015057573073513,,,,
USDKRW CALL-upout  ATM  1M  H@25Δ  [Spot > 50DMA  ∧  RV < p75],single,982,10000000.0,20468252.043295093,1964000.0,21317998.594948296,849746.5516532016,-2404394.939440198,26.37474541751528,104.15153453189745,0.11918715574380016,-2.0748227602733778,-14.196249327004125,4.739516277176262,-2.2842993473581257,-6.814339037449639,10,50.0,-1251194.4976888087,0.04025083278498862,1.105754256684217,12.805664324628603,100.0,22.5050916496945,,,,
USDKRW CALL-upout  ATM  6W  H@25Δ  [Spot > 50DMA  ∧  RV < p75],single,982,10000000.0,23616056.407960717,1964000.0,33567098.34898953,9951041.941028817,-1485532.3701671052,32.68839103869654,142.13676394198663,0.8102119557711944,-0.23013010121003247,-6.067718018957663,2.4661741672593953,-10.716434548510437,-2.6963042684694276,10,60.0,-1256204.790067593,0.7626799018973465,2.2294300077071205,6.166731759357324,100.0,21.9959266802444,,,,
USDKRW CALL-upout  ATM  2M  H@25Δ  [Spot > 50DMA  ∧  RV < p75],single,982,10000000.0,28054835.052554198,1964000.0,35148423.55149744,7093588.498943242,-3055937.5292874346,27.494908350305497,125.28472716255526,0.5100197399401735,0.06718121084614989,-2.517083138371777,1.2204825948005211,18.16702288375718,-1.1533013839543713,10,60.0,-1171930.6455396567,0.2644528342784099,1.5601601307470092,13.838443074892178,100.0,26.578411405295316,,,,
USDKRW CALL-upout  ATM  10W  H@25Δ  [Spot > 50DMA  ∧  RV < p75],single,982,10000000.0,29968378.139348827,1964000.0,33748372.25405171,3779994.114702883,-2720225.9975829013,27.698574338085542,112.61327555707696,0.29107255376067054,-0.3284938980819708,-5.85430942628046,2.027079622317093,-6.170828846906816,-2.355573520399064,10,60.0,-1787466.7379494125,0.15821294030257504,1.2855502113341115,12.638611877326692,100.0,29.327902240325866,,,,
USDKRW CALL-upout  ATM  3M  H@25Δ  [Spot > 50DMA  ∧  RV < p75],single,982,10000000.0,33959175.7534418,1964000.0,41772357.34338214,7813181.58994034,-2682502.82436736,28.20773930753564,123.00757134586362,0.5054093479372572,-0.11787349247946191,-9.591450384721242,3.5173909417907057,-29.840389622828646,-3.6352644342701677,10,60.0,-1779418.336831301,0.33172560501993636,1.5642591682428482,12.068067844532342,100.0,27.494908350305497,,,,
USDKRW CALL-upout  45Δ  1M  H@25Δ  [Spot > 50DMA  ∧  RV < p75],single,982,10000000.0,14149177.787570283,1964000.0,13554302.180928085,-594875.6066421984,-2047613.1166090488,20.977596741344197,95.79568780904863,-0.12256582746338687,-1.6310174443997698,-8.103165878481505,3.171217199725401,-1.9443183827457098,-4.802234644125171,10,30.0,-910923.3776902198,-0.03308792422351176,0.9029514390246887,13.037363577946431,100.0,22.5050916496945,,,,
USDKRW CALL-upout  45Δ  6W  H@25Δ  [Spot > 50DMA  ∧  RV < p75],single,982,10000000.0,16273388.718387501,1964000.0,22254842.413956843,5981453.695569344,-1484867.0282282932,27.39307535641548,136.75604263548882,0.6715629920692943,-0.3551752904181983,-5.041534640009418,2.2786763671673924,-6.4156387807394575,-2.633851657585591,10,60.0,-971133.762330971,0.45864329230696443,1.9783364114064428,6.455146096712829,100.0,21.9959266802444,,,,
USDKRW CALL-upout  45Δ  2M  H@25Δ  [Spot > 50DMA  ∧  RV < p75],single,982,10000000.0,19310892.96548674,1964000.0,23812775.08640588,4501882.120919142,-2519702.3189092334,23.421588594704684,123.312656379822,0.4412904572193824,-0.11890348942567006,-3.063897772768499,1.3533479215839463,-11.381902483441939,-1.4722514110096163,10,60.0,-937307.3761650061,0.20355022650920981,1.483200354557274,11.89240802628257,100.0,26.578411405295316,,,,
USDKRW CALL-upout  45Δ  10W  H@25Δ  [Spot > 50DMA  ∧  RV < p75],single,982,10000000.0,20638216.853058472,1964000.0,21916675.441340253,1278458.5882817816,-2481072.7169690826,22.5050916496945,106.19461747778041,0.14112510574104703,-0.6286794091551384,-7.23380536212806,2.3839616064837625,-3.7920147721833137,-3.012641015638901,10,50.0,-1322259.187864459,0.05866823688915209,1.1272246747545422,11.97775142925148,100.0,29.327902240325866,,,,
USDKRW CALL-upout  45Δ  3M  H@25Δ  [Spot > 50DMA  ∧  RV < p75],single,982,10000000.0,23446984.21361114,1964000.0,27783474.690367922,4336490.476756785,-2451344.84016635,23.523421588594704,118.49487523533804,0.39399851649269163,-0.683065865442771,-13.659112043737728,4.558300410022342,-6.673295564356155,-5.241366275465113,10,60.0,-1368516.9414612467,0.2014768963864416,1.4103590516874658,10.702773455927153,100.0,27.494908350305497,,,,
USDKRW CALL-upout  40Δ  1M  H@25Δ  [Spot > 50DMA  ∧  RV < p75],single,982,10000000.0,9010581.199088618,1964000.0,7438665.070328585,-1571916.128760032,-1945100.0926863935,15.580448065173117,82.55477539097006,-0.5422654333392146,-1.8364661890753922,-7.20352492553617,2.794042541437808,-1.5214233499417313,-4.6305087305132,10,30.0,-590928.9061568241,-0.09204043874178072,0.6383289924499834,13.309224198403252,100.0,22.5050916496945,,,,
USDKRW CALL-upout  40Δ  6W  H@25Δ  [Spot > 50DMA  ∧  RV < p75],single,982,10000000.0,10239894.560094245,1964000.0,12755666.130543735,2515771.57044949,-1281689.9190565846,21.384928716904277,124.56833471951624,0.44035240776867346,-0.6531451677703761,-4.7554244060012705,2.180377125668771,-3.3382733782014573,-2.833522293439147,10,40.0,-679245.9472874828,0.22348279878292795,1.5907211716536815,6.219108600424043,100.0,21.9959266802444,,,,
USDKRW CALL-upout  40Δ  2M  H@25Δ  [Spot > 50DMA  ∧  RV < p75],single,982,10000000.0,11998047.952910796,1964000.0,13986950.076981485,1988902.1240706905,-1991557.1938556586,18.126272912423623,116.57688093827103,0.30164899620136815,-0.43445701794458513,-4.0509781773665665,1.5887326996505158,-3.6568236535038734,-2.023189717595101,10,50.0,-652712.8360960914,0.11377512860895306,1.3109757231702412,9.673655809721408,100.0,26.578411405295316,,,,
USDKRW CALL-upout  40Δ  10W  H@25Δ  [Spot > 50DMA  ∧  RV < p75],single,982,10000000.0,12766410.78955587,1964000.0,12043411.94153681,-722998.8480190597,-1908996.4388428328,16.191446028513237,94.33671013774251,-0.1326316839466606,-0.9938615893398035,-8.021541957456272,2.522432147437421,-2.538011504311186,-3.5162937367772247,10,50.0,-839077.7470630524,-0.04312095316008989,0.8934368544155543,10.064867726796189,100.0,29.327902240325866,,,,
USDKRW CALL-upout  40Δ  3M  H@25Δ  [Spot > 50DMA  ∧  RV < p75],single,982,10000000.0,14392485.577977404,1964000.0,16020574.182024257,1628088.604046856,-1830160.6771930235,17.209775967413442,111.31207389596464,0.23980363990384373,-1.0681495376956291,-15.144510159637903,4.87857819008314,-4.567317606678868,-5.94672772777877,10,50.0,-858858.1347077496,0.10131647728967451,1.2310834097672319,7.803310450740929,100.0,27.494908350305497,,,,
USDKRW CALL-upout  35Δ  1M  H@25Δ  [Spot > 50DMA  ∧  RV < p75],single,982,10000000.0,5215457.893747546,1964000.0,3131381.049530605,-2084076.8442169412,-2077364.4766997502,9.979633401221996,60.040385970416956,-1.462051001280578,-2.49989922294577,-7.183668395463205,2.3555691102721417,-0.9422656276105578,-4.855468333217912,10,0.0,-421536.6002551503,-0.1142594928556755,0.29176023375446497,13.667228826518807,100.0,22.5050916496945,,,,
USDKRW CALL-upout  35Δ  6W  H@25Δ  [Spot > 50DMA  ∧  RV < p75],single,982,10000000.0,5783158.474744068,1964000.0,5657087.161216439,-126071.31352762878,-1189185.1080361186,13.340122199592669,97.82002665017393,-0.042921226455818855,-1.2505783458714588,-4.689427336318624,1.9234258445803782,-1.5380290654561504,-3.174004190451837,10,30.0,-377072.8032550469,-0.012070428303927183,0.9550777577355168,6.356799825457262,100.0,21.9959266802444,,,,
USDKRW CALL-upout  35Δ  2M  H@25Δ  [Spot > 50DMA  ∧  RV < p75],single,982,10000000.0,6595253.49229091,1964000.0,6386379.29385454,-208874.19843637024,-1487200.693083523,12.219959266802444,96.83296178561567,-0.06138838107658322,-1.4234706046475243,-10.035600045345028,3.0738409927872694,-2.1593989947888,-4.497311597434794,10,50.0,-427548.66902897385,-0.01600080835872967,0.9475735140184692,7.645735514806667,100.0,26.578411405295316,,,,
USDKRW CALL-upout  35Δ  10W  H@25Δ  [Spot > 50DMA  ∧  RV < p75],single,982,10000000.0,6950216.496664496,1964000.0,5275472.015728628,-1674744.4809358683,-1704818.7129949122,10.590631364562118,75.90370772277957,-0.6096812240421519,-1.4324315263361442,-7.910951314544778,2.3339374298852804,-1.6293535760519018,-3.7663689562214246,10,30.0,-483479.0221836675,-0.1118474833185869,0.6048295410666484,10.227252003290085,100.0,29.327902240325866,,,,
USDKRW CALL-upout  35Δ  3M  H@25Δ  [Spot > 50DMA  ∧  RV < p75],single,982,10000000.0,7701511.191943197,1964000.0,7792730.182136475,91218.99019327865,-1122645.7869361166,11.507128309572302,101.18442975566542,0.02509883143684281,-1.511389047369727,-14.806405481206866,4.633137212704301,-3.065482855501274,-6.144526260074028,10,50.0,-452654.9225591013,0.009254091175080999,1.0219673447369861,5.331603393198683,100.0,27.494908350305497,,,,
USDKRW CALL-upout  30Δ  1M  H@25Δ  [Spot > 50DMA  ∧  RV < p75],single,982,10000000.0,2817707.2428792315,1964000.0,727584.8352025102,-2090122.407676721,-2086884.4869330474,4.582484725050916,25.821874754420506,-3.2828683456991996,-3.9518416823552833,-7.071169125833954,1.7408836043511424,-0.44052463238192835,-5.692725286706426,10,0.0,-321395.19901791785,-0.11406819653366801,0.04041161211741505,12.210883324659331,100.0,22.5050916496945,,,,
USDKRW CALL-upout  30Δ  6W  H@25Δ  [Spot > 50DMA  ∧  RV < p75],single,982,10000000.0,2966902.3929578555,1964000.0,1430464.9978009206,-1536437.3951569349,-1533013.3641645901,6.720977596741344,48.21409026452054,-1.6938406591474853,-2.616855062201072,-4.536484405350676,1.590067241079364,-0.6076252613478474,-4.206922303280436,10,10.0,-279048.9881935511,-0.11411028576990212,0.2231972119537896,9.816265471788936,100.0,21.9959266802444,,,,
USDKRW CALL-upout  30Δ  2M  H@25Δ  [Spot > 50DMA  ∧  RV < p75],single,982,10000000.0,3180381.8684065416,1964000.0,1656325.2328559172,-1524056.6355506247,-1529689.073196607,5.906313645621181,52.079445217243105,-1.3878357182376428,-2.763235904139474,-10.796169762372678,2.991461719698364,-1.0825936776577765,-5.7546976238378384,10,0.0,-328312.02444521076,-0.11350752347327617,0.297817147830985,9.442149881579144,100.0,26.578411405295316,,,,
USDKRW CALL-upout  30Δ  10W  H@25Δ  [Spot > 50DMA  ∧  RV < p75],single,982,10000000.0,3273711.0685678814,1964000.0,1358692.9149562242,-1915018.153611657,-1911265.2909494063,5.39714867617108,41.50314082392734,-1.9841250100668866,-2.7959228509246286,-7.613711561311679,1.962290455932987,-0.7018399864946365,-4.758213306857615,10,0.0,-320236.0026029013,-0.11407954681982571,0.1972099158058707,10.786335063565534,100.0,29.327902240325866,,,,
USDKRW CALL-upout  30Δ  3M  H@25Δ  [Spot > 50DMA  ∧  RV < p75],single,982,10000000.0,3471279.082105195,1964000.0,2418704.3942345018,-1052574.687870694,-1132649.4364904533,6.924643584521386,69.67761269046831,-0.7855484106870482,-2.1751212368300386,-13.842718740442248,4.0623977903198,-1.8676649933500837,-6.237519027149839,10,30.0,-278230.650187804,-0.10583971784112094,0.5214038867585465,7.051935650088129,100.0,27.494908350305497,,,,
USDKRW CALL-upout  ATM  1M  H@25Δ  [Golden cross  ∧  RV < p75],single,961,10000000.0,19335362.797851425,1922000.0,19832066.06780432,496703.2699528954,-2288396.6610157257,26.43080124869927,102.56888518279104,0.0696365236180156,-0.06781551954066692,-2.568110697973822,0.9981992693473156,-14.719333806013617,-1.0660147888879825,10,60.0,-1192985.88365382,0.024009265234297455,1.070551235640699,9.80594415591495,100.0,23.100936524453694,,,,
USDKRW CALL-upout  ATM  6W  H@25Δ  [Golden cross  ∧  RV < p75],single,961,10000000.0,22314005.90013944,1922000.0,29316701.74918752,7002695.849048082,-3424124.1212298046,30.59313215400624,131.3825132089094,0.575808748256829,0.25490761640590176,-2.6348017850354126,1.3466072748408984,5.28272671420155,-1.0916996584349965,10,70.0,-1593846.8513323264,0.22656198563988802,1.8347275595163062,12.00581667937688,100.0,21.852237252861602,,,,
USDKRW CALL-upout  ATM  2M  H@25Δ  [Golden cross  ∧  RV < p75],single,959,10000000.0,26511518.411882304,1918000.0,32407522.387368377,5896003.97548607,-3398578.2447046814,26.485922836287802,122.23940509134896,0.407622979707693,0.09342307956274407,-2.5637593497553506,1.2598578935477807,13.485510212726878,-1.1664348139850367,10,60.0,-1783840.9578745884,0.19254082881517143,1.4863903938655907,12.650509562747821,100.0,23.357664233576642,,,,
USDKRW CALL-upout  ATM  10W  H@25Δ  [Golden cross  ∧  RV < p75],single,958,10000000.0,28304644.185464684,1916000.0,33161918.239851594,4857274.054386909,-2826911.0315545974,27.766179540709814,117.16069639512115,0.34427299182684196,-0.24571503550736953,-1.7691337350666803,1.2598952536290764,-5.12746503699929,-1.505610289136446,10,50.0,-1488530.596846022,0.19197990441416934,1.414778704626544,12.609827456790095,100.0,25.99164926931106,,,,
USDKRW CALL-upout  ATM  3M  H@25Δ  [Golden cross  ∧  RV < p75],single,955,10000000.0,32029794.228807468,1910000.0,45329641.75365555,13299847.524848092,-2670955.880104215,32.146596858638745,141.52336237266942,0.7577070230618331,0.6623636806125306,-1.2866611523613067,1.019073652563508,1.5385409592825268,-0.3567099719509774,10,60.0,-895576.398285097,0.5568702180513159,2.066056355590845,9.3046730420676,100.0,23.455497382198953,,,,
USDKRW CALL-upout  45Δ  1M  H@25Δ  [Golden cross  ∧  RV < p75],single,961,10000000.0,13380245.442471005,1922000.0,12593371.902444065,-786873.5400269405,-1757178.7126822728,20.915712799167537,94.11913971675529,-0.15733272567244608,-0.29158685657612016,-2.5867486250627048,0.9775423202005334,-3.352491026787215,-1.2691291767766537,10,40.0,-849282.7308182513,-0.04953385904424171,0.8604032289879194,9.90505401498166,100.0,23.100936524453694,,,,
USDKRW CALL-upout  45Δ  6W  H@25Δ  [Golden cross  ∧  RV < p75],single,961,10000000.0,15385013.600899527,1922000.0,19327677.434994556,3942663.8340950264,-2472784.67899872,25.078043704474506,125.6266515998693,0.4526337192650847,0.14382036540683507,-2.6309852181960527,1.3239228912485523,9.20539234831921,-1.1801025258417173,10,70.0,-1106548.4292595603,0.17663417138741014,1.6184758709029607,9.210305040631006,100.0,21.852237252861602,,,,
USDKRW CALL-upout  45Δ  2M  H@25Δ  [Golden cross  ∧  RV < p75],single,959,10000000.0,18245561.933979407,1918000.0,22055066.36116692,3809504.4271875154,-2442105.806280813,22.732012513034412,120.87907427007185,0.3630729725019095,0.046486644991588236,-2.700909232114718,1.2581862379188289,27.06554190233556,-1.2116995929272407,10,60.0,-1289122.5025511773,0.1731276159968619,1.4214905201566705,9.282229604826332,100.0,23.357664233576642,,,,
USDKRW CALL-upout  45Δ  10W  H@25Δ  [Golden cross  ∧  RV < p75],single,958,10000000.0,19483070.868947312,1916000.0,21937206.46436846,2454135.5954211475,-2248520.863659236,23.695198329853863,112.59624631008566,0.25263216992284654,-0.2811045185851939,-2.0939149673605857,1.280731703915063,-4.556069430548529,-1.5618362225002569,10,50.0,-1172556.1987399778,0.12194863316009844,1.2814812408964416,9.658064277281873,100.0,25.99164926931106,,,,
USDKRW CALL-upout  45Δ  3M  H@25Δ  [Golden cross  ∧  RV < p75],single,955,10000000.0,22087757.82992252,1910000.0,30330614.281311817,8242856.451389301,-1917152.5339374952,27.53926701570681,137.3186654564938,0.6689409773497497,0.5409003194501455,-1.285151829013383,1.0018760024535884,1.8522377717802971,-0.46097568300344294,10,60.0,-629931.1159131812,0.48083393772022504,1.897457205977466,6.851102217066447,100.0,23.455497382198953,,,,
USDKRW CALL-upout  40Δ  1M  H@25Δ  [Golden cross  ∧  RV < p75],single,961,10000000.0,8547994.056136725,1922000.0,6899713.035596004,-1648281.0205407199,-1949726.3419635429,15.088449531737774,80.71733543898063,-0.5282088663638089,-0.6592716765355405,-2.6480275900993497,0.980188697812854,-1.4867750772545334,-1.6394603743483946,10,30.0,-561875.3614965699,-0.0935127339483973,0.6052730021579574,11.770623412538091,100.0,23.100936524453694,,,,
USDKRW CALL-upout  40Δ  6W  H@25Δ  [Golden cross  ∧  RV < p75],single,961,10000000.0,9708140.268350208,1922000.0,11149227.502651326,1441087.234301119,-1651494.6403423068,19.14672216441207,114.84411220343867,0.26011239113456713,-0.06222276365553966,-2.6276729117676885,1.2498866994500808,-20.08729002088939,-1.3121094631056205,10,60.0,-701577.2328384577,0.09666836649084912,1.3185827297790202,6.823051854010194,100.0,21.852237252861602,,,,
USDKRW CALL-upout  40Δ  2M  H@25Δ  [Golden cross  ∧  RV < p75],single,959,10000000.0,11362163.690436065,1918000.0,13182912.673160013,1820748.9827239474,-1885283.3918560075,18.45672575599583,116.0246677686622,0.27203116474162425,-0.05482593593812947,-2.8123554634448955,1.2674973996581091,-23.118572952196704,-1.3223233355962387,10,50.0,-871500.9001674937,0.10718543543913814,1.3022245117109104,7.648674685830735,100.0,23.357664233576642,,,,
USDKRW CALL-upout  40Δ  10W  H@25Δ  [Golden cross  ∧  RV < p75],single,958,10000000.0,12077691.569678959,1916000.0,12240827.70513812,163136.1354591651,-1600925.5853938994,17.014613778705638,101.35072281419009,0.028780473588548707,-0.3980064356110152,-2.1956830798449833,1.1925589356291288,-2.9963307849490555,-1.590565371240144,10,50.0,-796048.9420800635,0.011385558227448977,1.0280409618193673,6.842016389407986,100.0,25.99164926931106,,,,
USDKRW CALL-upout  40Δ  3M  H@25Δ  [Golden cross  ∧  RV < p75],single,955,10000000.0,13583131.65798761,1910000.0,17041010.39884187,3457878.7408542577,-1211349.980509865,20.732984293193716,125.45715397539301,0.47268772492562444,0.23911348766933668,-1.5935826327794334,1.1218175421479042,4.691569484776342,-0.8827040544785675,10,60.0,-527941.2233135543,0.3192376955394733,1.5626543496414325,5.12950498064855,100.0,23.455497382198953,,,,
USDKRW CALL-upout  35Δ  1M  H@25Δ  [Golden cross  ∧  RV < p75],single,961,10000000.0,4979283.489669614,1922000.0,3010726.9505724274,-1968556.5390971866,-2000794.259367019,9.573361082206034,60.4650640361952,-1.2067679728651177,-1.2963708211890517,-3.494040130422479,1.134374277311285,-0.8750384217000651,-2.4307450985003367,10,10.0,-584049.2680091156,-0.10883250256641427,0.3149675537821667,11.943018421013944,100.0,23.100936524453694,,,,
USDKRW CALL-upout  35Δ  6W  H@25Δ  [Golden cross  ∧  RV < p75],single,961,10000000.0,5515017.904350822,1922000.0,5117505.76917129,-397512.1351795326,-1255513.4956876175,12.79916753381894,92.792187766681,-0.1342489668644152,-0.5141750580471005,-2.6201030461515926,1.170815895483005,-2.2770764103764707,-1.6849909535301055,10,30.0,-559228.3038558409,-0.0350752102802142,0.8666311436753954,6.253125714133228,100.0,21.852237252861602,,,,
USDKRW CALL-upout  35Δ  2M  H@25Δ  [Golden cross  ∧  RV < p75],single,959,10000000.0,6276845.625152903,1918000.0,6260337.377349327,-16508.247803575243,-1406113.635440327,13.034410844629823,99.73699770889024,-0.004806677973529751,-0.3473910564788808,-2.975620209968648,1.2491820629628323,-3.5958958633662315,-1.5965731194417132,10,50.0,-537096.322382444,-0.0013029954584375017,0.9954198806530125,6.646439167515428,100.0,23.357664233576642,,,,
USDKRW CALL-upout  35Δ  10W  H@25Δ  [Golden cross  ∧  RV < p75],single,958,10000000.0,6606320.106378453,1916000.0,5559300.702187741,-1047019.4041907118,-1117050.418118711,11.586638830897703,84.15124627128185,-0.36775690893914575,-0.7163635033383182,-2.4576489533062182,1.001508578443503,-1.398045229518789,-1.7178720817818212,10,30.0,-499087.3729278223,-0.10472666144985697,0.7049800901658855,6.311636070205497,100.0,25.99164926931106,,,,
USDKRW CALL-upout  35Δ  3M  H@25Δ  [Golden cross  ∧  RV < p75],single,955,10000000.0,7298658.7168336,1910000.0,7610057.637260782,311398.9204271821,-1044612.3675685537,13.717277486910994,104.26652255583582,0.08649915257096787,-0.15318420312086803,-1.9047586453863006,1.1308094103833917,-7.382023650905707,-1.2839936135042598,10,50.0,-489746.1282740338,0.03333772681825996,1.0813953423238492,4.248425834822167,100.0,23.455497382198953,,,,
USDKRW CALL-upout  30Δ  1M  H@25Δ  [Golden cross  ∧  RV < p75],single,961,10000000.0,2724693.643504425,1922000.0,740744.0383293778,-1983949.6051750472,-1980848.6720907271,4.578563995837669,27.186323867833213,-2.554347091368903,-2.860574330012547,-8.620557508080283,2.085220398443353,-0.7289516572129091,-4.945794728455899,10,0.0,-511412.89575610217,-0.110787941583106,0.06002170363617345,11.521318117555234,100.0,23.100936524453694,,,,
USDKRW CALL-upout  30Δ  6W  H@25Δ  [Golden cross  ∧  RV < p75],single,961,10000000.0,2865480.1394989183,1922000.0,1304413.8765654373,-1561066.262933481,-1557725.5241723398,6.451612903225806,45.521651278781434,-1.5812485935780158,-2.0616691490700108,-6.001554803783538,1.6594744605447067,-0.8049179284141065,-3.7211436096147175,10,10.0,-484152.70795577683,-0.11102011667279794,0.20341332721625235,9.279545138028505,100.0,21.852237252861602,,,,
USDKRW CALL-upout  30Δ  2M  H@25Δ  [Golden cross  ∧  RV < p75],single,959,10000000.0,3062790.5441016336,1918000.0,1633441.753076247,-1429348.7910253867,-1425744.7200355458,6.360792492179354,53.331813898340286,-1.2249031502950398,-1.6684818072955678,-4.850623192168085,1.4506523692063704,-0.8694445230767749,-3.1191341765019382,10,10.0,-411033.8604488215,-0.11126505553811016,0.3093312892509922,9.186305454539943,100.0,23.357664233576642,,,,
USDKRW CALL-upout  30Δ  10W  H@25Δ  [Golden cross  ∧  RV < p75],single,958,10000000.0,3147941.866863882,1916000.0,1507404.7874594699,-1640537.0794044128,-1636800.814925408,6.367432150313153,47.88540739353653,-1.5874784972371272,-1.834976072975816,-3.990276207614281,0.95014510802915,-0.5177970012918378,-2.785121181004966,10,0.0,-309137.86480666714,-0.11198646149301732,0.22428869817142247,9.33957780703231,100.0,25.99164926931106,,,,
USDKRW CALL-upout  30Δ  3M  H@25Δ  [Golden cross  ∧  RV < p75],single,955,10000000.0,3325583.798730265,1910000.0,2094152.1291627325,-1231431.6695675324,-1303155.461070865,6.701570680628273,62.970962570911524,-0.9970326093137972,-1.0430514622889793,-2.378028942465216,0.9609066063375223,-0.9212456346389757,-2.0039580686265017,10,10.0,-274697.9545794228,-0.10567886354894035,0.39208996529680423,7.09976942004635,100.0,23.455497382198953,,,,
USDKRW CALL-upout  ATM  1M  H@25Δ  [Golden cross  ∧  RV < median (strict)],single,603,10000000.0,11547367.742384203,1206000.0,12324643.297408085,777275.5550238832,-1760697.252956593,27.031509121061358,106.73119253118544,0.14380375539658338,-0.0657507266846878,-2.357703550391731,1.0709224511947972,-16.2876139199264,-1.136673177879485,10,70.0,-922451.9035240378,0.04996680518730936,1.1793601194679832,6.250694811507068,100.0,24.046434494195687,,,,
USDKRW CALL-upout  ATM  6W  H@25Δ  [Golden cross  ∧  RV < median (strict)],single,603,10000000.0,13343463.606866801,1206000.0,18011320.922919802,4667857.316053001,-2454544.5414541326,31.17744610281924,134.98235131132543,0.5062097222063583,-0.7813473776628935,-9.797091068404008,3.223327974371907,-4.1253456100579475,-4.0046753520348,10,60.0,-1226121.2566856241,0.21531412261683133,1.8975085725767782,9.370522106140674,100.0,21.890547263681594,,,,
USDKRW CALL-upout  ATM  2M  H@25Δ  [Golden cross  ∧  RV < median (strict)],single,603,10000000.0,15940812.173201334,1206000.0,19752259.861818038,3811447.6886167075,-2867984.2236753493,26.368159203980102,123.90999685087732,0.3276853333919711,-0.43949869070093595,-4.260084245175608,1.7116537865607158,-3.8945594669028,-2.1511524772616517,10,60.0,-1404199.4675835925,0.15041961221541877,1.4691088700496302,11.96756343196658,100.0,23.217247097844112,,,,
USDKRW CALL-upout  ATM  10W  H@25Δ  [Golden cross  ∧  RV < median (strict)],single,603,10000000.0,17049210.125808217,1206000.0,19871040.4208584,2821830.295050187,-2372188.6539805527,27.860696517412936,116.55109107241657,0.2663427791291859,-1.0134363484680953,-7.975718145974541,2.583554713807546,-2.5493014116898736,-3.596991062275641,10,30.0,-1115108.1431183992,0.13468137107032677,1.3608158067236031,10.148284141680772,100.0,26.533996683250415,,,,
USDKRW CALL-upout  ATM  3M  H@25Δ  [Golden cross  ∧  RV < median (strict)],single,603,10000000.0,19398300.81815839,1206000.0,26093801.34103747,6695500.522879085,-1751605.658601691,30.016583747927033,134.51591242781197,0.5494550372985175,0.458158431579968,-1.6492834613647955,1.1622366805538695,2.5367571574441494,-0.7040782489739015,10,70.0,-849016.8086217649,0.43291956601124104,1.8319645777159512,7.080845688392847,100.0,28.192371475953564,,,,
USDKRW CALL-upout  45Δ  1M  H@25Δ  [Golden cross  ∧  RV < median (strict)],single,603,10000000.0,8009633.100729159,1206000.0,7957012.408381026,-52620.69234813226,-1370657.1562537046,21.22719734660033,99.34303242500158,-0.013737002277499872,-0.20741709357254876,-2.3339014052492115,1.00109677980247,-4.826491214198381,-1.2085138733750187,10,60.0,-654818.3068642067,-0.004345292132714289,0.9848438717560187,5.484266197362737,100.0,24.046434494195687,,,,
USDKRW CALL-upout  45Δ  6W  H@25Δ  [Golden cross  ∧  RV < median (strict)],single,603,10000000.0,9217294.745250795,1206000.0,12049479.882080788,2832185.1368299946,-1779692.8037694618,24.70978441127695,130.72685874875899,0.4211299362536878,-0.9040908156085875,-9.796727589252507,3.186938059970276,-3.52501983755359,-4.091028875578863,10,50.0,-841016.4212887508,0.18017828817483075,1.7270128191450622,7.07699875279664,100.0,21.890547263681594,,,,
USDKRW CALL-upout  45Δ  2M  H@25Δ  [Golden cross  ∧  RV < median (strict)],single,603,10000000.0,10985004.316755993,1206000.0,13512522.480279965,2527518.163523974,-2080578.2508424898,22.056384742951906,123.00880446326833,0.3012597362933753,-0.46496916231665375,-4.257600487389796,1.707870761843245,-3.673083938156202,-2.1728399241598986,10,50.0,-1028093.6826155797,0.13749961753204248,1.4164529902803156,8.826599560382293,100.0,23.217247097844112,,,,
USDKRW CALL-upout  45Δ  10W  H@25Δ  [Golden cross  ∧  RV < median (strict)],single,603,10000000.0,11748160.522471897,1206000.0,12982923.11097604,1234762.588504143,-1780652.8919028249,24.378109452736318,110.51026316964507,0.17105166438142932,-1.1629824987967532,-7.970700820146652,2.5497688394434803,-2.1924395612844787,-3.7127513382402335,10,30.0,-833159.7140525666,0.07851091786837999,1.213169599519566,7.819013500154236,100.0,26.533996683250415,,,,
USDKRW CALL-upout  45Δ  3M  H@25Δ  [Golden cross  ∧  RV < median (strict)],single,603,10000000.0,13386106.35035022,1206000.0,17539680.21386735,4153573.863517126,-1255885.751997273,26.036484245439468,131.02899196231513,0.4787015818816571,0.26545164252725345,-1.6226878533438815,1.2216525073418296,4.602165937686389,-0.9562008648145761,10,60.0,-597794.2015418985,0.3745694128470287,1.701900866885972,5.125362021121395,100.0,28.192371475953564,,,,
USDKRW CALL-upout  40Δ  1M  H@25Δ  [Golden cross  ∧  RV < median (strict)],single,603,10000000.0,5140156.561567833,1206000.0,4515689.65509877,-624466.9064690629,-965024.5539691893,16.25207296849088,87.85120844104036,-0.259056235218764,-0.4222136547444949,-2.3332106694890595,0.9215513850426714,-2.1826659907537898,-1.3437650397871663,10,40.0,-420854.50998753536,-0.0732423589760863,0.7562470688380765,5.058895344039608,100.0,24.046434494195687,,,,
USDKRW CALL-upout  40Δ  6W  H@25Δ  [Golden cross  ∧  RV < median (strict)],single,603,10000000.0,5838953.278977323,1206000.0,7275487.02602503,1436533.7470477074,-1177101.499698724,19.56882255389718,124.60259019745594,0.32280866207541165,-1.037170195191301,-9.796873855886629,3.1453010477902894,-3.032579476707922,-4.18247124298159,10,50.0,-534485.7998510222,0.13817446172951578,1.5341808396916796,4.962138303477987,100.0,21.890547263681594,,,,
USDKRW CALL-upout  40Δ  2M  H@25Δ  [Golden cross  ∧  RV < median (strict)],single,603,10000000.0,6862009.223560087,1206000.0,8245180.322014673,1383171.0984545858,-1354703.8436222929,17.91044776119403,120.1569402399751,0.2599130766390074,-0.5668039627592955,-4.2447813231744425,1.704435072117467,-3.007098016428811,-2.2712390348767624,10,40.0,-696117.1229986366,0.11556406288181538,1.3486927672700844,5.79729896064849,100.0,23.217247097844112,,,,
USDKRW CALL-upout  40Δ  10W  H@25Δ  [Golden cross  ∧  RV < median (strict)],single,603,10000000.0,7303734.853593865,1206000.0,6914025.068787702,-389709.78480616293,-1178092.007789867,17.081260364842453,94.66423969903012,-0.09389350413066877,-1.4297450812953765,-7.942311288105215,2.4476188949323845,-1.7119267811817158,-3.8773639762277607,10,30.0,-586164.9929005085,-0.03745311654297715,0.9021572226761371,5.693690370513041,100.0,26.533996683250415,,,,
USDKRW CALL-upout  40Δ  3M  H@25Δ  [Golden cross  ∧  RV < median (strict)],single,603,10000000.0,8251897.226269862,1206000.0,9926577.915242191,1674680.6889723302,-766855.3541337358,19.900497512437813,120.29449280634512,0.31726642358177437,0.08626991019841004,-1.6225860075295082,1.1714223259043417,13.578573609387286,-1.0851524157059316,10,50.0,-365135.71023200767,0.24733129073083726,1.4055918685487232,3.5471972411769443,100.0,28.192371475953564,,,,
USDKRW CALL-upout  35Δ  1M  H@25Δ  [Golden cross  ∧  RV < median (strict)],single,603,10000000.0,3021152.697423554,1206000.0,2028115.4773695536,-993037.2200540007,-1020745.1035263992,10.281923714759536,67.1305187287996,-0.7884103464126062,-0.8581482665688394,-2.626668650512451,1.0281289703223115,-1.1980784794137163,-1.886277236891151,10,20.0,-448860.9712128776,-0.11011322450385028,0.41473990058152327,6.692187098025862,100.0,24.046434494195687,,,,
USDKRW CALL-upout  35Δ  6W  H@25Δ  [Golden cross  ∧  RV < median (strict)],single,603,10000000.0,3343810.4470915524,1206000.0,3560839.0840445114,217028.63695295888,-783178.4242174153,14.427860696517413,106.49045872626334,0.09032879393393126,-1.2426164739133405,-9.797115678296699,3.05499040720088,-2.4585143295097938,-4.297606881114221,10,50.0,-363123.31165479915,0.031374888406821046,1.1280265089168724,3.7547442758668232,100.0,21.890547263681594,,,,
USDKRW CALL-upout  35Δ  2M  H@25Δ  [Golden cross  ∧  RV < median (strict)],single,603,10000000.0,3816297.8682157374,1206000.0,4050006.5836180765,233708.71540233912,-857085.2118865827,13.432835820895523,106.12396420491169,0.0864588210868255,-0.7236755222168091,-4.217289990303921,1.6924156918324311,-2.3386388510808205,-2.4160912140492403,10,50.0,-428526.88928497845,0.030863286163242427,1.1015729869248607,3.9406317206929793,100.0,23.217247097844112,,,,
USDKRW CALL-upout  35Δ  10W  H@25Δ  [Golden cross  ∧  RV < median (strict)],single,603,10000000.0,4020334.984057639,1206000.0,2953733.179498704,-1066601.8045589349,-1064021.8812166562,10.945273631840797,73.46982754450883,-0.5101650869044079,-1.7465473937824114,-7.880473878792766,2.227857364640543,-1.2755779617384342,-3.9744047584229545,10,30.0,-384952.15390074835,-0.1134952318865884,0.5623897310734691,5.847197663946484,100.0,26.533996683250415,,,,
USDKRW CALL-upout  35Δ  3M  H@25Δ  [Golden cross  ∧  RV < median (strict)],single,603,10000000.0,4458360.4764874205,1206000.0,4486702.492011992,28342.015524571354,-588853.528376881,12.935323383084576,100.63570488914124,0.010493137486994073,-0.2887191540262025,-2.194222645880754,1.2661100355551043,-4.385265119750938,-1.554829189581307,10,40.0,-193291.25085180695,0.005451097569484724,1.011070703239519,2.784647357464121,100.0,28.192371475953564,,,,
USDKRW CALL-upout  30Δ  1M  H@25Δ  [Golden cross  ∧  RV < median (strict)],single,603,10000000.0,1682543.5083494596,1206000.0,533358.0606660161,-1149185.4476834438,-1146107.7357434055,5.804311774461028,31.699510771595392,-2.00653457981447,-2.140145611518175,-6.286973946378286,1.5483187855323413,-0.723464224676748,-3.6884643970505167,10,0.0,-431855.3767383178,-0.11348956546716997,0.06768819397717998,6.831882304223641,100.0,24.046434494195687,,,,
USDKRW CALL-upout  30Δ  6W  H@25Δ  [Golden cross  ∧  RV < median (strict)],single,603,10000000.0,1767325.6177172426,1206000.0,966714.8090561169,-800610.8086611256,-797282.1179530332,7.628524046434494,54.6993038161677,-1.0169101330794157,-2.1510038954788957,-9.797555273290088,2.9092225276004324,-1.3524952389510798,-5.060226423079328,10,10.0,-379566.86695272644,-0.1136934085855439,0.3114036344476781,5.449903650140472,100.0,21.890547263681594,,,,
USDKRW CALL-upout  30Δ  2M  H@25Δ  [Golden cross  ∧  RV < median (strict)],single,603,10000000.0,1891511.164293332,1206000.0,1094252.3829221027,-797258.7813712296,-793639.0167681733,6.799336650082918,57.85069650016658,-0.8857903889536115,-1.4573936507456136,-4.1539652221863435,1.3062477941827093,-0.8962903011924219,-2.763641444928323,10,10.0,-289165.7165360995,-0.11370185766556966,0.3820191861901667,5.343767854666952,100.0,23.217247097844112,,,,
USDKRW CALL-upout  30Δ  10W  H@25Δ  [Golden cross  ∧  RV < median (strict)],single,603,10000000.0,1945149.1113775885,1206000.0,758062.4121554303,-1187086.6992221586,-1183327.6528153413,5.970149253731343,38.97194347319508,-1.5290525153626464,-2.316234956376602,-7.733362670822569,1.8444163779902036,-0.7962993447242991,-4.160651334366806,10,0.0,-214599.5750816568,-0.11358037205393239,0.17834354554653142,6.6738255469761985,100.0,26.533996683250415,,,,
USDKRW CALL-upout  30Δ  3M  H@25Δ  [Golden cross  ∧  RV < median (strict)],single,603,10000000.0,2060319.2177783593,1206000.0,1305975.564452143,-754343.6533262163,-816306.2970473375,6.965174129353234,63.38704959808974,-0.7558963600457451,-0.8932517596409635,-2.196396314013706,1.3014858628065127,-1.4570202059603399,-2.194737622447476,10,20.0,-208011.90967280994,-0.10465900455151617,0.431151485836102,4.434115499903559,100.0,28.192371475953564,,,,
